%age(kyr)	%d18O(permille)	%d18O(sigma)
NaN	2.75609	0.125836
NaN	2.755056	0.123671
NaN	2.754227	0.121684
NaN	2.753939	0.120136
NaN	2.754306	0.119055
NaN	2.755257	0.118539
NaN	2.756503	0.118301
NaN	2.757907	0.118096
NaN	2.759439	0.118137
NaN	2.760906	0.118265
NaN	2.762402	0.118553
NaN	2.763793	0.118759
NaN	2.765133	0.118824
NaN	2.766099	0.11897
NaN	2.766523	0.119144
NaN	2.76615	0.119323
3.190523908	2.764958	0.119311
3.260914567	2.763223	0.119207
3.331305226	2.760445	0.119173
3.401695884	2.756635	0.119201
3.49194311	2.751923	0.119274
3.595392828	2.747033	0.119275
3.698842545	2.741845	0.119151
3.824102114	2.736879	0.119067
3.950343793	2.732384	0.119066
4.075575211	2.72836	0.119193
4.200538863	2.725332	0.119375
4.318628372	2.723222	0.119507
4.432171367	2.722429	0.119587
4.547953932	2.722986	0.11968
4.673089728	2.724822	0.119757
4.798153673	2.727353	0.119822
4.913855229	2.730292	0.119753
5.023773429	2.734074	0.119646
5.133404171	2.738484	0.119533
5.242957722	2.743592	0.119302
5.34685592	2.748114	0.118972
5.435872866	2.752384	0.118639
5.524889811	2.755793	0.118353
5.621661671	2.75848	0.11819
5.73218963	2.760711	0.118207
5.842306263	2.762676	0.118207
5.92102874	2.764183	0.118069
5.999751217	2.764682	0.117987
6.078473694	2.764205	0.118038
6.181674074	2.762387	0.118097
6.294541246	2.760132	0.117909
6.406016763	2.757462	0.117613
6.515554341	2.754849	0.117424
6.623430062	2.752278	0.117312
6.721033096	2.749771	0.117299
6.818636131	2.747576	0.11729
6.914414465	2.745732	0.117183
7.008199261	2.744252	0.117193
7.101984058	2.743207	0.117292
7.183712037	2.743106	0.117504
7.262462169	2.743311	0.117648
7.341212301	2.743978	0.117671
7.42576669	2.745439	0.11785
7.513953173	2.747645	0.11809
7.602139656	2.750236	0.118589
7.686420047	2.753157	0.119081
7.76952882	2.756138	0.119504
7.852637594	2.759048	0.119996
7.932062773	2.762227	0.120554
8.010257187	2.765557	0.12125
8.0884516	2.76894	0.121893
8.163439326	2.772448	0.122425
8.235374076	2.776059	0.123051
8.306933321	2.779005	0.123697
8.378232127	2.781524	0.124475
8.445895479	2.783724	0.125242
8.51355883	2.785512	0.125923
8.581222182	2.786865	0.126702
8.651364636	2.787898	0.127538
8.725325726	2.788965	0.128461
8.799286817	2.790188	0.1294
8.873371963	2.791549	0.130263
8.951067391	2.792933	0.131268
9.028762819	2.794851	0.132341
9.106458246	2.797021	0.133534
9.173700528	2.799531	0.134719
9.238866807	2.80222	0.13584
9.304033086	2.805587	0.13701
9.369146256	2.809491	0.138263
9.431703407	2.813815	0.139666
9.494260557	2.818449	0.14105
9.556817708	2.823618	0.142341
9.618675689	2.829397	0.143721
9.666461176	2.835844	0.145138
9.714246662	2.843083	0.146614
9.762032148	2.850517	0.148099
9.80956698	2.858049	0.149452
9.855790923	2.865872	0.150754
9.938353542	2.87402	0.151985
10.02752339	2.882718	0.153331
10.11451399	2.891899	0.154701
10.18915131	2.901299	0.156016
10.26378862	2.911271	0.15738
10.33842593	2.921855	0.158931
10.42209385	2.933087	0.160635
10.50645413	2.944634	0.162282
10.58936773	2.956632	0.163831
10.65538825	2.969293	0.165472
10.72140877	2.982982	0.167164
10.78742929	2.998017	0.168941
10.8529226	3.01429	0.170671
10.91773752	3.031464	0.172334
10.98255244	3.050579	0.173849
11.04736736	3.070879	0.175259
11.11618515	3.092595	0.1768
11.18649864	3.114944	0.178252
11.25681214	3.13778	0.179422
11.32398553	3.161262	0.180192
11.40818346	3.185039	0.180586
11.51032735	3.208707	0.180762
11.61247124	3.232554	0.180863
11.71496427	3.256468	0.180941
11.81822988	3.280413	0.180984
11.92149549	3.303883	0.181023
12.0247611	3.326271	0.180786
12.13239446	3.347655	0.180462
12.24788792	3.367958	0.180168
12.36338138	3.386047	0.179934
12.47887483	3.40191	0.179689
12.58577307	3.415548	0.179526
12.67776311	3.427622	0.179357
12.76975316	3.438698	0.179157
12.85886682	3.447938	0.17888
12.94583348	3.456344	0.178637
13.03280014	3.464037	0.178457
13.12078126	3.471251	0.178216
13.21522133	3.478145	0.177941
13.3096614	3.484815	0.17776
13.40410147	3.491383	0.177591
13.50190541	3.497892	0.177504
13.59981031	3.504635	0.177392
13.69424988	3.511577	0.177188
13.77444885	3.518904	0.176988
13.85359534	3.526551	0.176799
13.93274184	3.534716	0.176694
14.01564574	3.543162	0.176575
14.10494363	3.551976	0.176373
14.19424152	3.561453	0.176195
14.28427564	3.571645	0.176094
14.37683678	3.582903	0.176041
14.46939792	3.594877	0.175948
14.56211414	3.607729	0.175757
14.65548325	3.621979	0.175638
14.7526546	3.637234	0.175578
14.85265526	3.65369	0.175677
14.96076719	3.671289	0.175867
15.06887912	3.689445	0.176023
15.17699106	3.709241	0.176254
15.28510299	3.731179	0.176416
15.39321492	3.755081	0.176549
15.48746204	3.780324	0.176692
15.61192933	3.806628	0.176802
15.74085034	3.834612	0.176949
15.86077256	3.864042	0.177166
15.96740054	3.895301	0.177394
16.07402851	3.927825	0.177543
16.18065649	3.961133	0.177555
16.28728446	3.995024	0.177341
16.39391243	4.028917	0.176816
16.50054041	4.062529	0.175848
16.60716838	4.095435	0.174538
16.70403957	4.127739	0.173128
16.78477199	4.158963	0.171582
16.8655044	4.189007	0.169997
16.94623682	4.21735	0.168506
17.02696923	4.244155	0.166812
17.10979532	4.269715	0.165148
17.21808016	4.293013	0.163511
17.32636501	4.314005	0.161914
17.43464985	4.332592	0.160496
17.52266201	4.349718	0.159072
17.60756565	4.36568	0.157653
17.68808253	4.379877	0.156385
17.76859941	4.392684	0.15514
17.84834621	4.404009	0.154099
17.92278925	4.414386	0.153015
17.9985908	4.423922	0.151853
18.078538	4.432096	0.150743
18.15848519	4.438901	0.149777
18.25666073	4.444147	0.148993
18.35929448	4.448332	0.148136
18.46192823	4.451993	0.147197
18.56491976	4.454672	0.14627
18.66837444	4.456974	0.145334
18.77182911	4.458894	0.144535
18.8734633	4.460466	0.143709
18.95773219	4.461646	0.142832
19.04200108	4.462333	0.142079
19.12626997	4.46232	0.141391
19.21053886	4.461739	0.140828
19.30230156	4.461121	0.140213
19.39411478	4.460615	0.139482
19.48592799	4.460103	0.138798
19.57754965	4.459566	0.138135
19.66852551	4.458929	0.137583
19.75950138	4.458247	0.136992
19.85047724	4.457636	0.136328
19.96027786	4.457244	0.135743
20.0668745	4.456931	0.135236
20.17347114	4.456622	0.13485
20.28006779	4.45628	0.134467
20.38666443	4.455834	0.133986
20.51550847	4.455162	0.13357
20.64530655	4.45418	0.13321
20.77510464	4.45287	0.132991
20.89446157	4.451207	0.132788
20.98792276	4.44918	0.132519
21.08138395	4.446607	0.132375
21.17484513	4.443315	0.132364
21.26830632	4.439389	0.132466
21.36861239	4.435341	0.1325
21.49841603	4.431042	0.132442
21.62821966	4.426102	0.132433
21.75802329	4.420969	0.132437
21.87959325	4.415106	0.132492
21.99346989	4.408521	0.132596
22.10734654	4.401584	0.132681
22.22122318	4.394275	0.132805
22.33859418	4.386794	0.13286
22.46299289	4.379125	0.132739
22.56242654	4.37127	0.132635
22.65832737	4.363382	0.132561
22.74905569	4.355393	0.132523
22.83463633	4.347222	0.132449
22.92021696	4.33943	0.132221
23.00579759	4.332238	0.131846
23.09109908	4.325364	0.131361
23.17533981	4.31905	0.130936
23.25958054	4.313019	0.130671
23.34382127	4.307654	0.130418
23.428062	4.302635	0.130127
23.51031792	4.297667	0.129733
23.59221584	4.292646	0.129347
23.67411376	4.28805	0.128925
23.75601168	4.283281	0.128572
23.8379096	4.278689	0.12822
23.91980752	4.274465	0.127775
24.00170544	4.270848	0.127289
24.08360337	4.267829	0.126783
24.16550129	4.265256	0.12638
24.2384833	4.262784	0.126002
24.31019613	4.260558	0.12556
24.38190896	4.258794	0.12527
24.45362179	4.25729	0.125116
24.5128399	4.256594	0.125123
24.57423398	4.256222	0.125092
24.64034356	4.255958	0.124976
24.70645315	4.255974	0.124908
24.77280418	4.25587	0.124897
24.84121269	4.255777	0.124969
24.9096212	4.255558	0.125009
24.97802971	4.255372	0.125024
25.04482103	4.255177	0.125143
25.11044246	4.25512	0.125263
25.17606389	4.25477	0.125547
25.24168531	4.254285	0.125777
25.3004042	4.253648	0.125844
25.35840491	4.252719	0.12597
25.41640563	4.251393	0.126164
25.47440634	4.249573	0.12646
25.55117589	4.247579	0.126731
25.63425226	4.245173	0.126909
25.71732862	4.242407	0.127149
25.77856413	4.239248	0.127372
25.83582513	4.236094	0.127608
25.89308614	4.2328	0.127891
25.95034714	4.229441	0.128092
26.03419733	4.225842	0.128268
26.13332686	4.222408	0.128469
26.22345803	4.219421	0.128721
26.3027772	4.216844	0.128792
26.38209637	4.214609	0.12882
26.46287169	4.212906	0.128859
26.54499423	4.211611	0.128882
26.62711678	4.210146	0.128867
26.70867239	4.208535	0.128785
26.79018389	4.206912	0.128714
26.8725192	4.205392	0.128736
26.9566315	4.203917	0.128771
27.0407438	4.202162	0.128977
27.12184081	4.200469	0.129267
27.20211899	4.198871	0.129487
27.28206073	4.197283	0.129722
27.35985179	4.195999	0.129857
27.43764286	4.195254	0.129947
27.51370493	4.194725	0.129916
27.58716644	4.194336	0.129818
27.66162114	4.194021	0.129806
27.74541831	4.193568	0.12993
27.82921548	4.193177	0.130145
27.91301265	4.192916	0.130346
28.02442258	4.192591	0.130426
28.15386032	4.192377	0.130428
28.25652827	4.191854	0.13047
28.34926461	4.191053	0.130588
28.44200095	4.190074	0.13069
28.5347373	4.189055	0.130851
28.62747364	4.187808	0.131127
28.72020998	4.186594	0.131473
28.81294633	4.18543	0.131851
28.90568267	4.183862	0.132164
29.00624749	4.182332	0.132406
29.10792367	4.180734	0.132627
29.20959985	4.179358	0.13293
29.31127603	4.178111	0.133363
29.41120042	4.177098	0.133751
29.51021676	4.176197	0.134019
29.6092331	4.175396	0.134333
29.71263085	4.174527	0.13467
29.81779646	4.173417	0.134946
29.92502567	4.172583	0.135192
30.03463486	4.17168	0.135363
30.14528048	4.170781	0.135577
30.25826098	4.169564	0.135831
30.37137352	4.168741	0.136128
30.48496866	4.167783	0.136408
30.59856381	4.166754	0.136664
30.71215895	4.165988	0.137091
30.82704692	4.165584	0.13753
30.96538326	4.16564	0.138007
31.09828832	4.165794	0.138506
31.22013554	4.165835	0.138913
31.341274	4.165606	0.139359
31.46133031	4.165394	0.139836
31.58060084	4.16436	0.140368
31.69878293	4.163007	0.140887
31.82636189	4.161475	0.141357
31.96738444	4.159715	0.141941
32.09499536	4.157499	0.142587
32.21761471	4.154827	0.143244
32.36195207	4.151877	0.143762
32.51679575	4.148897	0.144251
32.69004267	4.145576	0.14479
32.83380169	4.142189	0.145306
32.97610345	4.138902	0.145774
33.15476775	4.135796	0.146201
33.30443382	4.132716	0.146549
33.44438254	4.130135	0.146913
33.57150906	4.127697	0.147406
33.70178053	4.125148	0.148064
33.84507712	4.122525	0.148744
33.9970458	4.119989	0.1494
34.15613177	4.116951	0.150094
34.29411583	4.113471	0.150807
34.43441818	4.109487	0.151754
34.58543502	4.105511	0.152663
34.72447159	4.101335	0.153513
34.85929644	4.096714	0.15452
34.98161584	4.091635	0.155625
35.10631434	4.086116	0.156878
35.25188607	4.080097	0.158084
35.39381339	4.073368	0.159218
35.53201538	4.065692	0.160422
35.66026336	4.057551	0.161653
35.78603779	4.048873	0.162742
35.9444896	4.039564	0.163649
36.07999856	4.029898	0.164464
36.20375161	4.019516	0.165191
36.32823301	4.008428	0.165788
36.45274008	3.996577	0.16622
36.57337499	3.984441	0.166538
36.7001287	3.972131	0.16671
36.84237214	3.959349	0.166811
36.98461559	3.946244	0.166833
37.11975843	3.933185	0.166618
37.23898352	3.919917	0.166143
37.36128982	3.907024	0.165633
37.47869854	3.895069	0.16508
37.59170611	3.884239	0.164432
37.70546422	3.874512	0.163686
37.81934478	3.865544	0.162994
37.93545389	3.857541	0.16217
38.05521411	3.851308	0.161343
38.17052947	3.846367	0.160588
38.28496558	3.843425	0.159971
38.40464663	3.841453	0.159572
38.54856543	3.840285	0.159279
38.69812034	3.841161	0.159144
38.80258801	3.843456	0.159152
38.90924485	3.84691	0.159295
39.01933385	3.851348	0.159379
39.12942285	3.85646	0.159423
39.23951185	3.862265	0.159539
39.34960084	3.868595	0.159563
39.45845031	3.875637	0.159422
39.56646906	3.883214	0.15927
39.67434419	3.89082	0.159084
39.78159957	3.898332	0.158852
39.88885496	3.906081	0.158517
39.99611034	3.913589	0.158213
40.10336572	3.921367	0.157647
40.2106211	3.928792	0.15699
40.31787649	3.935695	0.156301
40.43677633	3.942368	0.155501
40.58570873	3.948357	0.154624
40.72270431	3.953819	0.153647
40.85683873	3.958949	0.152468
40.99097316	3.963087	0.151144
41.12261009	3.966701	0.14991
41.24103901	3.970193	0.148837
41.36019818	3.973562	0.147811
41.48076482	3.976993	0.14679
41.59930771	3.98082	0.145875
41.71623728	3.984744	0.145062
41.8383158	3.989142	0.14433
41.95848808	3.993436	0.143586
42.07599964	3.997627	0.142701
42.19240539	4.001678	0.141884
42.30493732	4.005018	0.14113
42.42926322	4.00763	0.140489
42.57345636	4.010093	0.139846
42.69156972	4.012866	0.139189
42.80759401	4.016108	0.138612
42.92223607	4.020104	0.13802
43.02839047	4.024954	0.137548
43.11909227	4.0303	0.137057
43.21082423	4.035365	0.136475
43.31378111	4.040157	0.13598
43.41673799	4.045105	0.135538
43.5212252	4.049925	0.135178
43.6257517	4.054568	0.134802
43.74255682	4.059148	0.134289
43.86165706	4.063382	0.133833
43.99012727	4.067094	0.133406
44.10427305	4.069972	0.133137
44.20450296	4.07239	0.132797
44.30286631	4.074627	0.132286
44.39812206	4.076075	0.131773
44.49245598	4.076729	0.131377
44.58276683	4.076863	0.131258
44.67307768	4.076145	0.131203
44.76068206	4.074654	0.131256
44.8478214	4.071987	0.131613
44.93658604	4.068053	0.13212
45.02745817	4.062548	0.132914
45.11665302	4.056479	0.133953
45.19316151	4.050483	0.134907
45.26966999	4.044758	0.135755
45.35011331	4.039214	0.13643
45.4374665	4.033235	0.137038
45.52481969	4.02711	0.137333
45.61351463	4.02078	0.137424
45.70228907	4.01421	0.137471
45.78965338	4.007311	0.137375
45.87595419	4.000575	0.137019
45.96307778	3.993802	0.136525
46.05617317	3.986622	0.13617
46.14926856	3.978904	0.136192
46.25001351	3.97093	0.136382
46.35209924	3.96288	0.136901
46.43639027	3.955005	0.13758
46.51567883	3.94771	0.138154
46.59695057	3.941181	0.138416
46.69348246	3.935484	0.1386
46.7910138	3.93067	0.13893
46.88644276	3.926564	0.139122
46.98144097	3.923195	0.13926
47.07157076	3.920988	0.139232
47.15849198	3.919585	0.139328
47.24622279	3.918676	0.139494
47.34578273	3.917889	0.139789
47.44534268	3.916738	0.140166
47.54224763	3.915752	0.140527
47.63867534	3.914936	0.14098
47.73683494	3.914849	0.141331
47.8363596	3.91508	0.1419
47.93453013	3.915358	0.142609
48.02995774	3.916035	0.143536
48.12538536	3.916942	0.144268
48.22081297	3.918521	0.144768
48.31624058	3.920638	0.145001
48.4116682	3.923264	0.145032
48.50709581	3.926216	0.144803
48.60252342	3.929523	0.144477
48.69795104	3.933037	0.144235
48.79337865	3.936864	0.14398
48.88533675	3.940653	0.143743
48.97662616	3.944348	0.143455
49.06775755	3.947825	0.143261
49.15883944	3.950713	0.14328
49.24863894	3.952973	0.143355
49.33680684	3.955212	0.143276
49.42486814	3.95676	0.143223
49.51049616	3.958067	0.143018
49.59612419	3.958989	0.142775
49.67684435	3.959489	0.142571
49.7657603	3.959673	0.142312
49.86225689	3.959086	0.142125
49.96230804	3.958182	0.141991
50.06309294	3.957023	0.141955
50.16315011	3.955406	0.141931
50.26032895	3.953349	0.14201
50.35750779	3.950876	0.142287
50.45707676	3.947857	0.142698
50.55926385	3.944498	0.143219
50.66145094	3.940921	0.14381
50.77273163	3.937334	0.144375
50.88518005	3.933924	0.144716
50.9943379	3.9303	0.145074
51.10059642	3.926628	0.145489
51.20768389	3.923468	0.145792
51.35779253	3.92044	0.145936
51.5129433	3.917631	0.14606
51.64657085	3.915275	0.146218
51.77920914	3.912775	0.146455
51.90551861	3.910386	0.146687
52.025953	3.908178	0.146907
52.14638739	3.906185	0.147194
52.26062833	3.904194	0.147419
52.37363766	3.901976	0.147687
52.48664699	3.89956	0.147967
52.6060919	3.897252	0.148147
52.72571342	3.895236	0.148338
52.84533495	3.893284	0.148619
52.96495648	3.891478	0.148936
53.08457801	3.889492	0.149252
53.18502645	3.887271	0.149551
53.29107866	3.884929	0.149927
53.39678123	3.882664	0.150382
53.50106097	3.880646	0.150824
53.6053407	3.87875	0.151239
53.70551344	3.876845	0.15155
53.80457027	3.874851	0.151845
53.90305742	3.872926	0.152154
53.99982002	3.870994	0.152529
54.09658261	3.869113	0.152875
54.19406098	3.867234	0.15317
54.2919246	3.865265	0.153473
54.39026786	3.863095	0.153828
54.49404464	3.860897	0.15432
54.59782141	3.858736	0.154901
54.68970033	3.856703	0.155474
54.77642336	3.854872	0.156109
54.86314639	3.852874	0.156722
54.96286476	3.851264	0.157315
55.06778054	3.849764	0.157908
55.17744534	3.848314	0.158401
55.29928265	3.847047	0.158889
55.41527523	3.845847	0.159416
55.50551744	3.844755	0.159962
55.59575966	3.843993	0.160336
55.69176221	3.843041	0.160686
55.79820313	3.841906	0.161012
55.90464405	3.841056	0.161362
55.98938626	3.840343	0.16179
56.07314904	3.839676	0.162248
56.15691181	3.839091	0.162679
56.2361856	3.838588	0.163116
56.31531249	3.838303	0.163586
56.39519198	3.838257	0.164093
56.48314976	3.838174	0.164581
56.57510007	3.838249	0.164989
56.66705037	3.838364	0.16536
56.77698446	3.838433	0.165792
56.88996439	3.838313	0.166294
56.9923838	3.838013	0.166726
57.08666883	3.837945	0.167167
57.18095385	3.838183	0.167762
57.25674395	3.83873	0.168456
57.32848775	3.839183	0.169126
57.40023155	3.839431	0.169723
57.47636907	3.839612	0.170311
57.56866	3.839767	0.170947
57.66095094	3.840082	0.171627
57.75489567	3.84042	0.172277
57.85121882	3.841027	0.172895
57.94799683	3.841828	0.173424
58.02601149	3.842756	0.173929
58.0960784	3.843578	0.174422
58.16614532	3.844283	0.175013
58.23621223	3.845117	0.175615
58.30996243	3.845931	0.176213
58.38397213	3.846876	0.176828
58.45798182	3.847788	0.177496
58.53045455	3.848846	0.178141
58.60002775	3.849827	0.178736
58.66960095	3.850451	0.179296
58.73917415	3.850834	0.179856
58.80874735	3.851144	0.18049
58.87832055	3.851617	0.181116
58.94789375	3.852232	0.181717
59.01746695	3.852956	0.182276
59.09904828	3.853636	0.182893
59.18545415	3.854258	0.18351
59.27186003	3.854829	0.184138
59.3483404	3.855485	0.184786
59.41924615	3.856143	0.185331
59.4901519	3.856685	0.185842
59.56105765	3.857248	0.186347
59.63317036	3.858163	0.186836
59.70883771	3.859022	0.18728
59.78450507	3.859908	0.187698
59.85935775	3.860874	0.188086
59.92893084	3.861839	0.188461
59.99850394	3.863057	0.188932
60.06807703	3.86461	0.189526
60.1390367	3.866489	0.190201
60.24139759	3.868756	0.190962
60.34375848	3.871382	0.19174
60.441008	3.87438	0.192477
60.52381774	3.877489	0.193214
60.60662748	3.880679	0.194014
60.68943722	3.884148	0.194769
60.75980687	3.887927	0.195425
60.82751998	3.891693	0.195986
60.8952331	3.89553	0.196419
60.96294621	3.899569	0.196804
61.03065933	3.904419	0.197132
61.09837244	3.909675	0.197428
61.16608555	3.915218	0.197737
61.23379867	3.92109	0.19793
61.30484247	3.927018	0.198106
61.38110646	3.933081	0.198333
61.45737045	3.939854	0.198529
61.53363444	3.946804	0.198778
61.62387473	3.953808	0.199021
61.71722777	3.960801	0.199071
61.81058082	3.967727	0.198853
61.90393386	3.974169	0.198456
61.99728691	3.979982	0.197997
62.09063995	3.985379	0.197418
62.18399299	3.990691	0.196834
62.27734604	3.995475	0.196309
62.37069908	3.999607	0.195697
62.46443321	4.003321	0.195026
62.55816802	4.006649	0.194354
62.65190282	4.009748	0.193759
62.74563762	4.012263	0.193283
62.83937243	4.014434	0.192868
62.94069958	4.016419	0.192362
63.04465458	4.018426	0.191802
63.14860958	4.02031	0.191191
63.25074835	4.021981	0.19055
63.34623756	4.023482	0.18995
63.44172676	4.024925	0.189472
63.53721597	4.026045	0.189021
63.63270518	4.027062	0.18852
63.72819438	4.02818	0.188002
63.82368359	4.029311	0.187559
63.93680554	4.030287	0.187174
64.05329656	4.03112	0.186756
64.16792741	4.031751	0.186341
64.27621541	4.031762	0.185953
64.38450341	4.031223	0.185553
64.49641741	4.030146	0.185172
64.61342132	4.028911	0.184789
64.72470248	4.027568	0.184369
64.81395727	4.025844	0.183983
64.89848121	4.023318	0.183604
64.98300515	4.020306	0.183252
65.07233954	4.017008	0.182901
65.16811018	4.013656	0.182552
65.26388082	4.010192	0.182336
65.36398102	4.006663	0.182141
65.46962464	4.002987	0.181994
65.57526826	3.999264	0.181818
65.67649948	3.995054	0.181562
65.77608782	3.990613	0.181271
65.87567616	3.986388	0.180954
65.97339949	3.982032	0.180684
66.07080417	3.977595	0.180404
66.16820886	3.973193	0.180142
66.26900693	3.968593	0.17997
66.37012011	3.964052	0.17983
66.47079362	3.959341	0.179668
66.56665864	3.954446	0.179427
66.66252366	3.949495	0.179174
66.76165971	3.944525	0.179013
66.87093297	3.939419	0.178932
66.98020622	3.934238	0.178823
67.07785473	3.929042	0.178658
67.15483852	3.923808	0.178432
67.23182231	3.918345	0.17814
67.3088061	3.912525	0.177885
67.38701503	3.906625	0.17763
67.4665818	3.900659	0.177294
67.54614857	3.894554	0.176844
67.62571534	3.8883	0.176455
67.71000527	3.882021	0.176076
67.79618016	3.875637	0.175699
67.88235506	3.869063	0.175251
67.96496241	3.862471	0.17475
68.0364851	3.855708	0.174276
68.10800779	3.848448	0.173798
68.17953048	3.840691	0.173286
68.25091771	3.833035	0.172727
68.3202229	3.825454	0.172161
68.38952808	3.818082	0.171599
68.45883327	3.810821	0.171022
68.52813845	3.803756	0.170496
68.60553427	3.796616	0.17002
68.68570128	3.789514	0.169492
68.76586829	3.782428	0.168965
68.84585927	3.775755	0.16837
68.91381984	3.769533	0.167915
68.98225832	3.763486	0.167421
69.05069679	3.757434	0.16674
69.11913526	3.751496	0.165988
69.19460686	3.745805	0.165308
69.27573219	3.740275	0.164628
69.35685753	3.734859	0.163921
69.43798286	3.729506	0.163126
69.52769199	3.72419	0.162312
69.61964713	3.718882	0.161466
69.71160226	3.713712	0.160614
69.80525799	3.708654	0.159799
69.90080173	3.703779	0.158984
69.99634548	3.699199	0.158181
70.08675494	3.694682	0.157284
70.16394988	3.690161	0.156466
70.24114481	3.685911	0.15563
70.31833974	3.68165	0.15476
70.39716389	3.677396	0.153969
70.47934828	3.673516	0.153276
70.56153268	3.669799	0.152725
70.64371708	3.665855	0.152181
70.71482469	3.661906	0.151592
70.77894673	3.657915	0.151036
70.84306877	3.653698	0.15055
70.90719081	3.649607	0.150186
70.97131285	3.64542	0.149829
71.05442625	3.641412	0.14945
71.13758659	3.637677	0.14907
71.21958525	3.634053	0.14871
71.29390558	3.630543	0.148429
71.35192968	3.627036	0.148123
71.40995377	3.62353	0.147722
71.46797787	3.620442	0.147358
71.52600197	3.617679	0.147028
71.58354859	3.615248	0.14669
71.6401102	3.613032	0.146409
71.6966718	3.610942	0.146109
71.7532334	3.609173	0.145903
71.80979501	3.607432	0.145756
71.8683302	3.605627	0.145703
71.93458727	3.604189	0.145557
72.00084435	3.602939	0.145364
72.06710142	3.601686	0.145283
72.1333585	3.600217	0.145246
72.2163342	3.59862	0.145231
72.30272736	3.59734	0.145228
72.38912052	3.596116	0.14529
72.47275687	3.594892	0.14545
72.55336217	3.593843	0.145596
72.63396747	3.593357	0.145525
72.71457277	3.593052	0.145476
72.77477118	3.592678	0.145315
72.83222635	3.592413	0.145183
72.88968151	3.59277	0.144952
72.94713667	3.593436	0.144731
73.00459183	3.593767	0.144417
73.06894159	3.594284	0.143988
73.13462167	3.595037	0.143572
73.20304041	3.596158	0.143084
73.27550887	3.597184	0.142745
73.3361869	3.598174	0.142313
73.38101481	3.598983	0.141855
73.42584271	3.599601	0.141421
73.47067062	3.599888	0.141085
73.51549853	3.600164	0.140882
73.56032643	3.600477	0.140685
73.60515434	3.600677	0.140508
73.65697699	3.600532	0.140434
73.72554406	3.600213	0.140407
73.79411113	3.599744	0.140308
73.8626782	3.599324	0.140136
73.93124527	3.599214	0.139907
73.99930219	3.599262	0.139791
74.06706198	3.599349	0.139694
74.13482176	3.599103	0.139572
74.20258155	3.598832	0.139488
74.27034134	3.598315	0.139301
74.33397289	3.597334	0.139093
74.39721437	3.59625	0.138866
74.46045586	3.594926	0.138782
74.52369734	3.593371	0.13878
74.58693882	3.591366	0.138808
74.64326698	3.588812	0.138948
74.69845383	3.585784	0.139131
74.75364068	3.58282	0.139384
74.80882752	3.579763	0.139585
74.86401437	3.576896	0.139771
74.92030905	3.574401	0.140094
74.99251336	3.571519	0.140309
75.06471767	3.568489	0.140566
75.13692198	3.565422	0.140871
75.20912629	3.562244	0.141062
75.27234653	3.559069	0.141294
75.330453	3.555899	0.141694
75.38855946	3.552209	0.142089
75.44666592	3.548098	0.142346
75.5037672	3.543849	0.142551
75.56150896	3.539349	0.142525
75.63777587	3.535074	0.142571
75.71404278	3.530778	0.142701
75.79030969	3.526274	0.142725
75.86533641	3.52163	0.142738
75.93464865	3.516891	0.142763
76.00396089	3.511839	0.142543
76.07327313	3.506975	0.142415
76.14258537	3.502267	0.142279
76.19858514	3.497702	0.142075
76.25175094	3.493267	0.141973
76.30491673	3.488822	0.14173
76.35808253	3.484218	0.141458
76.41124832	3.479733	0.141205
76.47403047	3.475456	0.140857
76.59200527	3.471338	0.14055
76.70998006	3.467123	0.140288
76.81604826	3.462785	0.140173
76.91385682	3.458362	0.140131
77.01166539	3.453768	0.140071
77.11591977	3.448947	0.140208
77.22649072	3.444245	0.140485
77.33706166	3.439534	0.140765
77.41390335	3.434807	0.141005
77.48099895	3.430033	0.141189
77.54809455	3.4251	0.141342
77.61519015	3.420273	0.141415
77.6855085	3.41592	0.141523
77.76672688	3.411556	0.141645
77.84794526	3.407453	0.141677
77.92916365	3.403496	0.141636
78.01378804	3.399358	0.141668
78.11616354	3.395109	0.141756
78.21853904	3.391122	0.14178
78.32091454	3.387165	0.141711
78.42281712	3.38355	0.141655
78.52466404	3.379961	0.141659
78.62651095	3.376551	0.141788
78.71365962	3.37328	0.141858
78.79146765	3.370108	0.141833
78.86927568	3.367238	0.141866
78.9470837	3.364626	0.141959
79.02481719	3.361977	0.142132
79.10238768	3.359297	0.1423
79.17995817	3.356637	0.142431
79.25752866	3.354228	0.142588
79.33515505	3.352364	0.142795
79.43108075	3.350892	0.143155
79.52700646	3.349834	0.143522
79.62293216	3.349247	0.143812
79.7275734	3.349178	0.144152
79.84035281	3.349591	0.14463
79.95313222	3.350533	0.145152
80.06144396	3.352118	0.145772
80.15913577	3.353917	0.146477
80.25427749	3.356149	0.147325
80.34375672	3.359111	0.148249
80.42308127	3.362818	0.14931
80.50240581	3.367025	0.150392
80.58173036	3.37182	0.151578
80.65094227	3.377523	0.152938
80.71107551	3.384214	0.154425
80.77120875	3.392343	0.15566
80.83134199	3.401011	0.156685
80.89147523	3.410033	0.157517
80.95423321	3.420116	0.15813
81.01991308	3.431497	0.158755
81.08559295	3.44429	0.159178
81.15127282	3.457627	0.159645
81.2169527	3.471311	0.160153
81.29438728	3.485744	0.1608
81.37395716	3.500648	0.161524
81.45352704	3.516086	0.162047
81.53318646	3.531498	0.162473
81.61606979	3.547031	0.162647
81.69895312	3.562451	0.162442
81.78183645	3.577115	0.162016
81.86296405	3.591272	0.161271
81.94097661	3.605202	0.160144
82.01898918	3.618757	0.158929
82.09700174	3.631525	0.157667
82.17859289	3.643086	0.156394
82.26430175	3.652938	0.155093
82.35229116	3.662051	0.153951
82.44115526	3.670263	0.152736
82.50331376	3.676882	0.15139
82.56312751	3.681714	0.150118
82.62294127	3.684436	0.149096
82.68275502	3.686227	0.148314
82.74256878	3.687436	0.147575
82.8218312	3.687469	0.146991
82.91149579	3.687098	0.146568
83.00116038	3.686085	0.146154
83.09082497	3.684821	0.145806
83.18048956	3.683277	0.145413
83.27015415	3.681263	0.145031
83.35981873	3.679664	0.144674
83.43457559	3.678254	0.144346
83.50032887	3.676329	0.144004
83.56608215	3.674405	0.143604
83.63183544	3.672425	0.143202
83.69758872	3.669563	0.142823
83.79647975	3.666672	0.142629
83.90208406	3.66385	0.142482
84.00768837	3.660935	0.142338
84.10542862	3.657866	0.14221
84.20175826	3.654839	0.142146
84.2980879	3.651776	0.142101
84.39961081	3.64882	0.141939
84.50494076	3.645691	0.141695
84.61177186	3.642638	0.141513
84.70689346	3.639888	0.141393
84.7921658	3.636707	0.141255
84.87743814	3.63311	0.141097
84.96271048	3.629359	0.140866
85.0494336	3.625454	0.140727
85.13661383	3.620851	0.140722
85.22379406	3.615625	0.140844
85.31137931	3.610048	0.141041
85.41995785	3.604287	0.141207
85.52853638	3.598446	0.141376
85.63704555	3.592296	0.141431
85.74093865	3.586284	0.14158
85.84483175	3.580668	0.141705
85.94872485	3.575274	0.141756
86.0566273	3.569812	0.141782
86.16510147	3.564838	0.141671
86.27357565	3.560304	0.141453
86.38773666	3.555846	0.141141
86.5027611	3.551452	0.140657
86.61785713	3.546782	0.140095
86.73509046	3.542146	0.139588
86.85232378	3.537109	0.13903
86.96608353	3.531858	0.13843
87.07265824	3.526337	0.137716
87.17923295	3.520697	0.136964
87.2805261	3.514935	0.136247
87.37335837	3.509369	0.135685
87.46619065	3.504086	0.13513
87.55989011	3.499197	0.134551
87.66191337	3.4948	0.134062
87.76393663	3.490748	0.133539
87.86677111	3.486949	0.133096
87.97684507	3.483205	0.132522
88.08691904	3.479534	0.131897
88.19668376	3.476195	0.131376
88.30580947	3.473053	0.131022
88.41493518	3.47018	0.130808
88.52406089	3.467201	0.130528
88.6331866	3.464206	0.130104
88.7423123	3.461116	0.129629
88.84185835	3.458038	0.129068
88.93783642	3.455173	0.128619
89.0338145	3.452474	0.128264
89.12800815	3.450009	0.127815
89.22139963	3.447838	0.127465
89.3148657	3.445819	0.127128
89.40430366	3.443871	0.126826
89.48180224	3.441953	0.126512
89.55930082	3.440063	0.126127
89.6367994	3.438152	0.125858
89.71439691	3.436418	0.12561
89.79224965	3.43491	0.125479
89.87010239	3.433538	0.125184
89.94795513	3.432109	0.124741
90.0217113	3.431129	0.124239
90.08693844	3.430496	0.123828
90.15216557	3.429987	0.123538
90.2173927	3.429631	0.123178
90.28261983	3.429594	0.122714
90.35005005	3.429669	0.122296
90.41892418	3.429455	0.121922
90.48779832	3.429443	0.121666
90.55667245	3.429797	0.121449
90.63425216	3.430135	0.12116
90.76826419	3.430287	0.120974
90.90227622	3.430383	0.120864
91.00304728	3.430437	0.12089
91.09730284	3.430214	0.120836
91.1915584	3.429757	0.120657
91.27415892	3.428989	0.120475
91.3479489	3.427972	0.120208
91.42710336	3.426536	0.119895
91.50784316	3.425049	0.119517
91.60625521	3.423591	0.119067
91.73152298	3.422374	0.11883
91.85679075	3.421523	0.118673
91.99014921	3.420822	0.118707
92.12685304	3.42008	0.11874
92.26959927	3.41929	0.118651
92.43116389	3.41861	0.118621
92.59634216	3.418106	0.11873
92.78080118	3.417563	0.118875
92.94136137	3.417012	0.118948
93.05371414	3.416486	0.118918
93.16606691	3.415799	0.118891
93.2744034	3.415184	0.118857
93.37469104	3.414793	0.119001
93.47497868	3.414422	0.119075
93.57526632	3.414014	0.119047
93.67401297	3.413887	0.119094
93.77271781	3.413843	0.119138
93.86429803	3.413992	0.119295
93.95318318	3.414566	0.119467
94.04233202	3.415412	0.119607
94.13148086	3.416741	0.119896
94.21873094	3.41845	0.120358
94.29672495	3.420325	0.120987
94.37471896	3.422285	0.121664
94.45271296	3.424438	0.122312
94.54304756	3.426472	0.122861
94.66285322	3.428422	0.123417
94.78265888	3.430483	0.123975
94.8959456	3.432321	0.124427
95.00731204	3.434083	0.12481
95.11728549	3.435885	0.125091
95.20488222	3.437827	0.125326
95.29247895	3.43987	0.125459
95.38007567	3.442038	0.125503
95.4767536	3.444369	0.125452
95.57927832	3.446816	0.125367
95.68180304	3.449295	0.125322
95.78564392	3.45186	0.125508
95.89016152	3.454584	0.125759
95.99496649	3.457534	0.125913
96.1103338	3.460588	0.126087
96.22743101	3.463468	0.126176
96.3440567	3.466888	0.126368
96.45352279	3.470589	0.126589
96.56298888	3.474362	0.126809
96.67354514	3.478027	0.127112
96.78957349	3.481648	0.127451
96.90560184	3.485101	0.127869
97.02775881	3.488439	0.128279
97.1579008	3.49151	0.128585
97.2880428	3.494548	0.128956
97.38751636	3.498194	0.129226
97.48694721	3.502231	0.129567
97.58637805	3.506392	0.12984
97.70703767	3.510376	0.129912
97.83265444	3.514457	0.12973
97.95797401	3.518276	0.129639
98.08255645	3.521578	0.129461
98.20713889	3.524343	0.129284
98.31735467	3.527042	0.129171
98.42010789	3.529753	0.129199
98.52286112	3.532044	0.12918
98.62199732	3.533885	0.129098
98.7201798	3.535931	0.129062
98.81836227	3.537976	0.129085
98.91689019	3.540133	0.129193
99.01556458	3.54239	0.129338
99.11423897	3.544584	0.129543
99.22131205	3.546558	0.129716
99.33334796	3.548428	0.129892
99.44538387	3.550182	0.130245
99.54821264	3.552398	0.130607
99.65025664	3.555049	0.131184
99.75230065	3.558206	0.131758
99.86742856	3.562075	0.132142
99.98325566	3.566479	0.132328
100.1101728	3.571285	0.132493
100.2595281	3.576487	0.132685
100.4153891	3.582058	0.132809
100.5854024	3.587804	0.132974
100.7438138	3.593412	0.133253
100.8923125	3.598834	0.133643
101.0582805	3.60464	0.134179
101.2414837	3.610605	0.134666
101.4071372	3.616421	0.135094
101.5698011	3.622172	0.135489
101.7212914	3.627825	0.13582
101.8740472	3.633411	0.136109
102.0617812	3.638543	0.13628
102.2218263	3.643354	0.136289
102.3458149	3.64818	0.136188
102.4696743	3.652452	0.136057
102.5818559	3.655951	0.135981
102.697697	3.659179	0.135962
102.8213267	3.662343	0.13589
102.9491081	3.665457	0.135815
103.0768895	3.668572	0.135742
103.2199062	3.671141	0.135768
103.367112	3.673229	0.135782
103.5202938	3.675225	0.135685
103.6779388	3.676805	0.135613
103.8354461	3.678274	0.13557
103.9928195	3.679852	0.135486
104.1586372	3.681399	0.135275
104.3352869	3.682728	0.134919
104.5047257	3.683489	0.134595
104.6692534	3.68364	0.134395
104.8300579	3.683114	0.134328
104.9885399	3.682234	0.134268
105.1409891	3.680801	0.134167
105.2826565	3.678688	0.134179
105.4260684	3.676131	0.134306
105.5832117	3.673036	0.134611
105.740355	3.6699	0.134889
105.9051883	3.666895	0.135101
106.0708263	3.66376	0.135319
106.2055765	3.660448	0.135547
106.3331289	3.657225	0.135844
106.4658757	3.653789	0.13617
106.650235	3.650098	0.136409
106.828923	3.646244	0.136725
106.9862571	3.64207	0.137126
107.1434934	3.637415	0.137553
107.2815403	3.632447	0.137948
107.4195872	3.626962	0.138211
107.5582828	3.620374	0.138533
107.6903845	3.613198	0.138961
107.8192192	3.605196	0.139492
107.9369838	3.596679	0.139942
108.0547484	3.587775	0.140298
108.1874502	3.57859	0.140632
108.3269318	3.568832	0.140929
108.4674287	3.558464	0.14123
108.6087792	3.547943	0.141415
108.7479484	3.537706	0.141503
108.8841907	3.527525	0.14152
109.0198134	3.51718	0.141502
109.1533788	3.506839	0.141482
109.2869442	3.496142	0.141399
109.4161396	3.485352	0.141261
109.5452994	3.474843	0.141142
109.6744592	3.464581	0.141085
109.8205525	3.454132	0.14115
109.974765	3.443741	0.141185
110.1421128	3.433155	0.141142
110.2981307	3.421873	0.141193
110.4309496	3.410073	0.141327
110.5637684	3.397904	0.141681
110.7066349	3.385271	0.142125
110.8525367	3.371998	0.142495
110.9984385	3.357719	0.142873
111.1443403	3.342503	0.143349
111.2877643	3.326166	0.143872
111.4104755	3.309189	0.144268
111.5331868	3.2919	0.14457
111.6595234	3.273808	0.145009
111.79303	3.25537	0.145468
111.9265365	3.236728	0.145939
112.0711555	3.217708	0.146408
112.2124772	3.198242	0.146646
112.35092	3.177933	0.146732
112.4921114	3.156929	0.146685
112.6344963	3.135784	0.146456
112.7801373	3.114931	0.14604
112.9276171	3.094838	0.145458
113.0886868	3.077413	0.144561
113.2438637	3.062135	0.143451
113.3714491	3.048631	0.142131
113.4990344	3.036912	0.140693
113.6380417	3.026507	0.139439
113.7814292	3.017549	0.138453
113.9176405	3.010206	0.137687
114.0477383	3.004656	0.137278
114.1773209	2.99957	0.137023
114.3035791	2.994586	0.136784
114.431149	2.989561	0.136674
114.5675462	2.98437	0.136623
114.7058611	2.978766	0.136738
114.8562358	2.972937	0.136899
115.0382583	2.966884	0.136967
115.2015158	2.960276	0.137089
115.3434381	2.953139	0.137298
115.485307	2.945385	0.137662
115.626871	2.937066	0.138
115.768435	2.928179	0.138205
115.9211345	2.918382	0.138381
116.0762048	2.907575	0.138399
116.2375023	2.895524	0.138312
116.4014399	2.883021	0.138043
116.5775789	2.870288	0.137626
116.7590766	2.857514	0.1371
116.9076149	2.844621	0.13642
117.051714	2.832233	0.135629
117.2196724	2.819905	0.134672
117.4032591	2.808053	0.133573
117.5590239	2.796925	0.132487
117.7085424	2.786634	0.131541
117.8741911	2.777454	0.130759
118.049652	2.769071	0.129968
118.2144936	2.761301	0.129165
118.3758221	2.754681	0.128506
118.5423151	2.749143	0.127947
118.7108443	2.744799	0.127537
118.8459657	2.74125	0.127158
118.9711041	2.737804	0.126757
119.0995492	2.734565	0.126504
119.246609	2.731404	0.126394
119.3933209	2.727973	0.126384
119.5440278	2.724681	0.126432
119.6950654	2.721498	0.126443
119.8415374	2.718508	0.126539
119.9865938	2.715922	0.126732
120.1267784	2.713327	0.127096
120.2623576	2.710274	0.127414
120.3993832	2.706862	0.127675
120.5484125	2.702775	0.127987
120.6974417	2.698106	0.128327
120.8202447	2.693316	0.128771
120.9407121	2.688406	0.129116
121.063531	2.68377	0.129315
121.1952045	2.679428	0.12957
121.3268781	2.675148	0.129852
121.4446699	2.670858	0.130105
121.5582273	2.666593	0.130332
121.6735029	2.662122	0.130483
121.7900522	2.65727	0.130675
121.9068492	2.652061	0.13084
122.0236463	2.646674	0.131076
122.1509971	2.641368	0.131268
122.2785636	2.636315	0.131415
122.4036212	2.6318	0.131733
122.5242963	2.627763	0.132193
122.6328515	2.624367	0.132835
122.7442194	2.621358	0.133504
122.8594422	2.618631	0.134139
122.9763085	2.616375	0.134914
123.0883572	2.614575	0.135844
123.196757	2.612893	0.136976
123.3075551	2.611317	0.138121
123.4309318	2.60972	0.139195
123.5725531	2.608235	0.140388
123.7364411	2.606874	0.141671
123.9012139	2.605792	0.143075
124.0269593	2.604714	0.144479
124.163035	2.603675	0.145811
124.3172972	2.602632	0.147236
124.4392827	2.601561	0.148735
124.5472497	2.600405	0.150338
124.6541228	2.599363	0.151888
124.7633472	2.598278	0.153341
124.8730754	2.597034	0.154844
124.9778887	2.595846	0.156424
125.084171	2.594675	0.158092
125.1916297	2.59344	0.159742
125.2990698	2.592303	0.161336
125.4067761	2.59129	0.163019
125.5147907	2.590371	0.164803
125.6485652	2.589618	0.166701
125.7630236	2.589026	0.168606
125.8682709	2.588692	0.170434
125.9724497	2.588733	0.172343
126.079905	2.588868	0.174321
126.1902317	2.589028	0.176389
126.3001683	2.58911	0.178477
126.4190228	2.58921	0.180525
126.5428072	2.589457	0.182699
126.6533626	2.589857	0.185007
126.7672168	2.590897	0.187475
126.883966	2.592482	0.190006
126.9884541	2.594275	0.192544
127.0932945	2.596707	0.195238
127.1988574	2.599777	0.198085
127.3085105	2.603726	0.20112
127.4190367	2.607973	0.204257
127.516114	2.612647	0.207445
127.6131913	2.618071	0.210804
127.7102686	2.624096	0.214329
127.8068614	2.631067	0.218077
127.9028773	2.638763	0.221929
128.0001549	2.646997	0.225946
128.0981975	2.656222	0.230182
128.1962401	2.666274	0.2346
128.2944842	2.677318	0.239218
128.3991118	2.689394	0.243863
128.5024618	2.702044	0.248655
128.6034141	2.715852	0.253727
128.701607	2.730864	0.258922
128.7979863	2.747271	0.264343
128.8709589	2.764856	0.269927
128.9389143	2.783393	0.275534
129.0076062	2.803513	0.281285
129.0780361	2.82518	0.286969
129.1484659	2.848691	0.292643
129.2330508	2.872899	0.298388
129.3300024	2.89762	0.30413
129.4300195	2.9231	0.309587
129.5273201	2.949553	0.314717
129.616759	2.976514	0.319489
129.6930008	3.003588	0.323976
129.7692426	3.030914	0.328382
129.8556932	3.058582	0.332498
129.9541491	3.086719	0.336117
130.0514131	3.115048	0.339241
130.144004	3.143615	0.342037
130.2365948	3.172224	0.34468
130.3366268	3.200937	0.347032
130.4384734	3.229707	0.348821
130.5341498	3.258408	0.350247
130.6260882	3.287063	0.351178
130.7162832	3.315661	0.351858
130.799777	3.344213	0.352186
130.8832709	3.372861	0.351803
130.9875354	3.401103	0.351073
131.1090872	3.429391	0.349924
131.195819	3.457628	0.348484
131.2688849	3.485463	0.346722
131.3419509	3.512832	0.34467
131.4415095	3.539421	0.342493
131.5536648	3.565478	0.340387
131.683249	3.591062	0.338256
131.8198122	3.615785	0.336137
131.9492532	3.639503	0.334141
132.0781733	3.662318	0.332051
132.2061722	3.684748	0.329927
132.3131512	3.706718	0.327812
132.4075044	3.728139	0.325682
132.5027701	3.749204	0.323542
132.6012433	3.769683	0.321419
132.6998442	3.789736	0.319353
132.8035788	3.80942	0.317294
132.9073135	3.828423	0.315377
132.9894569	3.846662	0.313704
133.0689396	3.864214	0.312155
133.1493364	3.881065	0.310655
133.237508	3.897673	0.309126
133.3256796	3.913747	0.307599
133.4059858	3.929316	0.306101
133.4809285	3.944888	0.30466
133.5558712	3.960414	0.303186
133.6344403	3.975634	0.301669
133.7150428	3.990595	0.300161
133.7956454	4.005355	0.298611
133.8969033	4.019838	0.296991
134.0006017	4.034242	0.295347
134.0920345	4.048524	0.293677
134.1795858	4.062319	0.291927
134.2664237	4.075774	0.290195
134.350889	4.088624	0.288489
134.4353543	4.101003	0.286734
134.5062739	4.113316	0.284966
134.568547	4.125297	0.283256
134.63082	4.137068	0.281534
134.6939175	4.148483	0.279836
134.7710196	4.159672	0.278113
134.8481216	4.170774	0.276343
134.923537	4.181519	0.274654
134.9914977	4.191636	0.273104
135.0594585	4.201251	0.271664
135.1274192	4.210432	0.27024
135.236298	4.219627	0.268782
135.3483883	4.229036	0.267238
135.4336854	4.238694	0.265638
135.5323501	4.248915	0.263862
135.6299534	4.259728	0.261946
135.7249179	4.270525	0.260007
135.8198824	4.281524	0.258021
135.9045496	4.292654	0.25593
135.9796157	4.303691	0.253843
136.0546819	4.314497	0.25178
136.1299941	4.325186	0.249668
136.2225695	4.335713	0.247535
136.3151448	4.345927	0.245381
136.4080763	4.355758	0.243214
136.5027071	4.365257	0.241056
136.597338	4.374431	0.238864
136.687372	4.383179	0.236647
136.7703394	4.391586	0.234403
136.8533069	4.399557	0.23223
136.9338709	4.407126	0.230048
137.006125	4.414498	0.227833
137.0783791	4.421516	0.225639
137.1506332	4.427955	0.223429
137.2319162	4.434223	0.221133
137.319616	4.440511	0.218763
137.4073158	4.446597	0.216382
137.4792796	4.452361	0.214023
137.5401175	4.45796	0.211648
137.6009554	4.463278	0.209293
137.6617933	4.468249	0.206959
137.7368007	4.472986	0.204616
137.8515112	4.477286	0.20238
137.9662217	4.481234	0.200238
138.0697403	4.48497	0.198214
138.1729173	4.488523	0.196188
138.28326	4.492006	0.194171
138.4034391	4.495186	0.192265
138.5282032	4.498107	0.190415
138.6680475	4.500728	0.188714
138.8109297	4.503298	0.187051
138.9593906	4.505864	0.185399
139.1202195	4.508444	0.18383
139.2717405	4.510791	0.182334
139.4357051	4.512751	0.180935
139.6119784	4.514474	0.179559
139.7853281	4.516036	0.178148
139.9575191	4.517393	0.176792
140.1175001	4.518562	0.175512
140.2759294	4.519491	0.174344
140.450509	4.519997	0.173217
140.6221064	4.52028	0.172112
140.7565133	4.520144	0.171138
140.8909202	4.51952	0.170263
141.0305906	4.518783	0.169488
141.1718244	4.517817	0.16872
141.3090974	4.516715	0.167983
141.4430127	4.515479	0.167355
141.5770021	4.514236	0.166736
141.7113083	4.512534	0.166148
141.8456145	4.510784	0.16554
141.9799207	4.508989	0.164875
142.1142269	4.507035	0.164237
142.2718904	4.504892	0.163584
142.4529179	4.502461	0.163059
142.6234466	4.499933	0.162527
142.7906651	4.497249	0.161976
142.93196	4.494234	0.161486
143.0696187	4.491337	0.161034
143.2361225	4.488306	0.160628
143.4171098	4.485261	0.160185
143.5725876	4.482102	0.159665
143.7258728	4.478742	0.159169
143.869588	4.475296	0.158668
144.0128089	4.471695	0.158232
144.1486071	4.468031	0.157807
144.2830174	4.46428	0.157336
144.4115597	4.460383	0.156832
144.5361223	4.456144	0.156416
144.6581716	4.451885	0.156026
144.7680934	4.447287	0.155628
144.8780151	4.442767	0.15518
144.9822798	4.438387	0.154786
145.0788768	4.434228	0.154429
145.1754739	4.430106	0.154124
145.2833565	4.426354	0.153775
145.4177587	4.42279	0.153308
145.5500172	4.419466	0.152887
145.6430183	4.416297	0.152526
145.7360194	4.413398	0.152282
145.8290205	4.410727	0.152073
145.9811926	4.408033	0.151771
146.1477105	4.405545	0.151461
146.3320878	4.403008	0.151224
146.5186743	4.400198	0.15108
146.708994	4.397323	0.150859
146.9058999	4.394339	0.150655
147.0892498	4.391277	0.150575
147.2260182	4.388153	0.150545
147.3678357	4.385188	0.15066
147.4591044	4.382289	0.150755
147.550373	4.379447	0.150769
147.6416417	4.376344	0.150894
147.7620702	4.373092	0.151079
147.915984	4.369791	0.151376
148.067608	4.366187	0.151784
148.2148746	4.362531	0.152121
148.3641432	4.358626	0.1524
148.527083	4.354676	0.152629
148.6829966	4.350508	0.152927
148.7893722	4.34632	0.153186
148.8957479	4.342088	0.153373
149.0038153	4.338126	0.153658
149.140751	4.334242	0.154074
149.2776867	4.330316	0.15447
149.4802874	4.326465	0.154795
149.7018623	4.322461	0.155062
149.8896954	4.318179	0.155406
150.0579289	4.313698	0.155836
150.2096473	4.309257	0.15634
150.3503461	4.304897	0.156763
150.4738819	4.300676	0.157013
150.5974176	4.296361	0.157223
150.7198719	4.291746	0.157375
150.8419626	4.286783	0.157565
150.9630202	4.281536	0.157843
151.0712593	4.276103	0.158131
151.1794985	4.270566	0.15854
151.2876653	4.265081	0.158976
151.3946695	4.25952	0.159478
151.5016738	4.253814	0.160012
151.6092393	4.248086	0.16045
151.7821601	4.242548	0.160912
151.9381951	4.237222	0.161332
152.0349918	4.232022	0.161808
152.1317885	4.22688	0.162178
152.2285852	4.221827	0.162476
152.3268046	4.216709	0.162719
152.4250256	4.211442	0.162935
152.5232467	4.206118	0.163186
152.6214678	4.200692	0.163454
152.7196889	4.195202	0.1637
152.8179099	4.18941	0.16398
152.9284589	4.183805	0.164309
153.0440631	4.178521	0.164647
153.1596672	4.173571	0.164879
153.2752713	4.168684	0.165026
153.3908755	4.163948	0.165122
153.5269979	4.159391	0.165245
153.6987715	4.155121	0.165252
153.8731352	4.151017	0.165074
154.0494765	4.147061	0.16488
154.2042396	4.143737	0.164684
154.3541179	4.140689	0.164497
154.5034886	4.137535	0.164404
154.6526942	4.134428	0.164403
154.8018997	4.13153	0.16431
154.9511053	4.128532	0.16415
155.0786848	4.125569	0.16398
155.1926712	4.122688	0.163866
155.3066575	4.119967	0.163802
155.4276457	4.117268	0.163719
155.5493761	4.114843	0.163607
155.6503613	4.112746	0.163602
155.715517	4.110905	0.163611
155.7806727	4.108883	0.16358
155.8423557	4.106716	0.163567
155.897856	4.104584	0.163612
155.9808936	4.102346	0.163571
156.0803896	4.100215	0.163582
156.1798856	4.098334	0.163548
156.278187	4.096547	0.16347
156.3764659	4.094967	0.163456
156.4782596	4.093557	0.163439
156.5880922	4.092531	0.163363
156.6979248	4.091739	0.163207
156.7994336	4.091216	0.162932
156.9001052	4.090989	0.16267
156.995986	4.091082	0.162571
157.0804189	4.091494	0.162604
157.1648517	4.092099	0.162676
157.2451687	4.093097	0.16264
157.3065773	4.094195	0.162643
157.3679859	4.095259	0.162703
157.4293946	4.096406	0.162846
157.4908032	4.09733	0.162889
157.564814	4.098189	0.162895
157.6403173	4.099213	0.162887
157.7158205	4.100463	0.16293
157.7871985	4.101717	0.163004
157.8526229	4.103116	0.163055
157.9180473	4.104616	0.16306
157.9834717	4.106478	0.16304
158.0724195	4.108299	0.163064
158.1985275	4.110169	0.163218
158.307801	4.112598	0.163299
158.3780209	4.115074	0.163296
158.4482408	4.117667	0.163273
158.5184608	4.120366	0.163262
158.5975867	4.123309	0.163272
158.6838763	4.126242	0.163219
158.770166	4.129131	0.163157
158.8650449	4.131824	0.163206
158.9683428	4.134435	0.163195
159.0716406	4.137029	0.16312
159.1644136	4.139661	0.163046
159.2567235	4.142225	0.162923
159.3490335	4.144619	0.162679
159.4295161	4.146904	0.162382
159.5077468	4.14897	0.162117
159.5880506	4.150675	0.161886
159.6743422	4.152237	0.161633
159.7606338	4.15369	0.161408
159.8149055	4.155255	0.16119
159.8536272	4.156752	0.16098
159.892349	4.158299	0.160731
159.9310707	4.159758	0.160392
159.9697925	4.160937	0.160089
160.0085142	4.16179	0.15987
160.0615337	4.162427	0.159754
160.1158901	4.162843	0.159666
160.1702465	4.163131	0.159544
160.2246029	4.163247	0.159484
160.25907	4.163269	0.159513
160.2889394	4.163254	0.159628
160.3188088	4.162749	0.15971
160.3486782	4.162263	0.159783
160.3785476	4.161839	0.159897
160.408417	4.161407	0.160089
160.4382864	4.160916	0.160348
160.4799064	4.160413	0.160579
160.5436441	4.159877	0.160781
160.6073819	4.159392	0.160982
160.6711196	4.158971	0.161172
160.7598538	4.158544	0.161308
160.8530513	4.158328	0.161353
160.9223274	4.15816	0.161315
160.9630541	4.158141	0.161333
161.0037807	4.157945	0.161394
161.0445074	4.157816	0.161482
161.085234	4.157831	0.161487
161.1259607	4.157903	0.161442
161.1666873	4.15813	0.161408
161.207414	4.158514	0.161377
161.2481406	4.158646	0.161441
161.2888673	4.158624	0.16155
161.3295939	4.158606	0.161624
161.3800906	4.158245	0.161695
161.4401396	4.157786	0.161742
161.5001886	4.157295	0.16183
161.5602376	4.156767	0.161886
161.6372302	4.156088	0.161916
161.7186652	4.155125	0.16199
161.8006451	4.153896	0.162007
161.8921518	4.152889	0.16197
161.9836586	4.151933	0.161953
162.0649582	4.15099	0.161954
162.1399296	4.150323	0.161979
162.214901	4.149962	0.162081
162.290253	4.149927	0.162278
162.3657495	4.150287	0.162449
162.4346364	4.150712	0.162608
162.5133471	4.151199	0.162729
162.5964284	4.151809	0.162817
162.6798147	4.152231	0.162942
162.7641396	4.152691	0.162893
162.8484644	4.153214	0.162813
162.9190939	4.153799	0.162713
162.9870093	4.154334	0.162613
163.0549246	4.154805	0.162483
163.1410442	4.155289	0.162267
163.2305943	4.155739	0.162055
163.3323902	4.156272	0.161969
163.4433715	4.156914	0.16193
163.5576167	4.157504	0.161978
163.6730104	4.158031	0.162016
163.7590761	4.158701	0.162017
163.8444845	4.15958	0.162025
163.9075901	4.160641	0.162037
163.9557002	4.161581	0.162046
164.0038102	4.162437	0.162048
164.0465183	4.163165	0.162064
164.0944881	4.163479	0.162184
164.1553453	4.163772	0.16244
164.2162025	4.164404	0.162525
164.2592742	4.164997	0.162547
164.2891156	4.165565	0.162605
164.3189569	4.166438	0.162704
164.3487982	4.167217	0.162751
164.3786395	4.168015	0.162921
164.4084809	4.168823	0.163078
164.4399909	4.169813	0.163093
164.4717616	4.171041	0.163122
164.5035323	4.172243	0.163141
164.5353029	4.173469	0.163253
164.5670736	4.174617	0.16337
164.6066964	4.175836	0.163445
164.6540757	4.176689	0.163537
164.701455	4.177247	0.163605
164.7488344	4.177586	0.163708
164.8563021	4.177854	0.16378
164.972033	4.177905	0.16379
165.0908808	4.177886	0.163771
165.1504699	4.178246	0.163717
165.2085085	4.178414	0.163763
165.2675021	4.178741	0.163811
165.3497809	4.179065	0.163838
165.4320597	4.179523	0.163762
165.4894463	4.180168	0.163481
165.5460366	4.181092	0.163214
165.6026269	4.182033	0.162935
165.6582503	4.183019	0.162519
165.7138321	4.18387	0.162079
165.7694139	4.18448	0.161669
165.8100781	4.185052	0.161281
165.8489721	4.185372	0.160863
165.887866	4.185526	0.160411
165.92676	4.185359	0.160037
165.9821455	4.18496	0.159807
166.0531199	4.183858	0.159683
166.1205841	4.182541	0.159517
166.1607437	4.181201	0.15934
166.2009032	4.179693	0.159216
166.2410628	4.177779	0.159176
166.2812223	4.175965	0.159175
166.3520086	4.174021	0.159124
166.4267845	4.171823	0.15894
166.5322856	4.169118	0.158849
166.6475251	4.16597	0.158694
166.747371	4.16256	0.158651
166.8465498	4.158998	0.158649
166.9453424	4.155231	0.158576
167.047196	4.151701	0.158588
167.1508087	4.148069	0.158624
167.25769	4.144067	0.158706
167.3607681	4.13988	0.158814
167.4668494	4.135772	0.158953
167.594969	4.131543	0.159127
167.6626472	4.127133	0.159294
167.720686	4.12274	0.159522
167.7787248	4.11806	0.159753
167.8367636	4.113426	0.159849
167.8948024	4.10861	0.159865
167.9521756	4.103499	0.159941
168.0058253	4.097877	0.159876
168.059475	4.092194	0.159792
168.1131247	4.086336	0.159627
168.1667744	4.0802	0.159397
168.220424	4.073887	0.159261
168.2740737	4.067864	0.158937
168.3486432	4.061994	0.158509
168.4237794	4.056027	0.15807
168.4989155	4.049778	0.157706
168.5737098	4.04377	0.157375
168.652412	4.037669	0.157105
168.7342924	4.031413	0.156872
168.8161729	4.02502	0.156614
168.8980534	4.018489	0.156496
168.9745849	4.011876	0.156336
169.0466008	4.00548	0.156176
169.1186167	3.999358	0.155904
169.1906326	3.993296	0.155602
169.2626485	3.987535	0.155262
169.3149627	3.982356	0.154761
169.3666986	3.977159	0.154298
169.4184345	3.971774	0.153684
169.4861753	3.966623	0.152919
169.5581638	3.962151	0.152097
169.6326551	3.958207	0.151222
169.7096092	3.954446	0.150363
169.7913384	3.951276	0.1495
169.8813644	3.94827	0.148687
169.9794033	3.945519	0.147879
170.0843476	3.942801	0.147172
170.1783796	3.940224	0.146505
170.2735012	3.937884	0.145975
170.3739787	3.935465	0.14553
170.4787088	3.93311	0.145141
170.5862081	3.930826	0.144857
170.686096	3.928754	0.144759
170.7785412	3.92707	0.144538
170.8591599	3.925754	0.144231
170.9352308	3.924648	0.143907
171.001684	3.923811	0.14369
171.0681373	3.923626	0.143467
171.1468251	3.923406	0.143273
171.2286098	3.923372	0.143031
171.3242967	3.923842	0.142674
171.4241664	3.924794	0.142319
171.5180572	3.926077	0.142022
171.6036375	3.927468	0.141722
171.6690464	3.929065	0.141482
171.7344553	3.930825	0.141363
171.8194625	3.932689	0.14114
171.9117754	3.934819	0.141126
172.01102	3.936969	0.141049
172.1101565	3.939206	0.140931
172.2067559	3.941718	0.140886
172.3047029	3.94402	0.140975
172.404006	3.946414	0.141049
172.5036345	3.948714	0.141186
172.601797	3.950907	0.141202
172.6894905	3.953053	0.141242
172.7795083	3.955352	0.14136
172.8779398	3.957879	0.141392
172.9575093	3.960575	0.141348
173.014482	3.963414	0.141153
173.0689557	3.966211	0.140727
173.1457693	3.969341	0.140311
173.228339	3.972452	0.139966
173.2925627	3.975828	0.139679
173.3567865	3.979076	0.139364
173.4310332	3.981904	0.13908
173.5096701	3.984384	0.138952
173.5988754	3.986642	0.138913
173.6830985	3.988415	0.138935
173.7368964	3.990198	0.139044
173.7906943	3.992	0.139152
173.8610302	3.993523	0.139097
173.952128	3.994406	0.139098
174.0222751	3.994726	0.139013
174.0877509	3.994981	0.138837
174.1532267	3.995288	0.138653
174.2187025	3.995055	0.138382
174.2851836	3.99475	0.13821
174.3540787	3.994704	0.138115
174.4260609	3.994384	0.138056
174.5163381	3.99368	0.138159
174.6073781	3.992819	0.13832
174.6991693	3.992274	0.138731
174.7933343	3.99221	0.139083
174.8881072	3.992005	0.139381
174.9846808	3.991337	0.139784
175.1142549	3.990971	0.140117
175.1957986	3.990436	0.140485
175.2447068	3.989856	0.140887
175.293615	3.989049	0.141209
175.3617141	3.988201	0.141506
175.4557871	3.98719	0.141789
175.5489407	3.985518	0.142018
175.6451751	3.98328	0.142165
175.7888162	3.98142	0.142294
175.8795265	3.980095	0.1425
175.9710826	3.979283	0.142853
176.0708449	3.978745	0.14324
176.1616231	3.978255	0.143651
176.2474157	3.97785	0.144074
176.3459305	3.977786	0.144477
176.4480047	3.977848	0.144666
176.5518642	3.978472	0.144788
176.659733	3.979358	0.144891
176.7658396	3.980258	0.144937
176.8653737	3.981231	0.144967
176.9504431	3.982394	0.145081
177.030456	3.98375	0.145236
177.1240081	3.985677	0.145392
177.2214257	3.987851	0.145562
177.3207894	3.990448	0.145824
177.4289602	3.993318	0.146147
177.5421085	3.996436	0.146591
177.6548035	3.999995	0.147025
177.7598293	4.003665	0.147385
177.8564985	4.007357	0.147737
177.9425551	4.011204	0.148088
178.0462856	4.015006	0.148514
178.1532047	4.018575	0.148861
178.2392317	4.022262	0.149156
178.3393613	4.026262	0.149493
178.4513108	4.030261	0.149905
178.5398131	4.034599	0.150364
178.631668	4.038638	0.150892
178.7286826	4.042796	0.151383
178.826446	4.04685	0.15183
178.925562	4.050462	0.152252
179.0287226	4.053697	0.152629
179.1326691	4.056906	0.152976
179.242447	4.060041	0.153237
179.3533787	4.062835	0.153459
179.4654905	4.065279	0.153555
179.5773517	4.067681	0.153567
179.6879864	4.06999	0.153557
179.7961353	4.072246	0.153324
179.9024509	4.074363	0.153058
180.0060426	4.076681	0.152903
180.1019384	4.078795	0.152814
180.1979206	4.080827	0.152702
180.2962651	4.082397	0.152655
180.3989565	4.083595	0.152623
180.505506	4.084613	0.152564
180.6175344	4.085545	0.152451
180.7186991	4.08645	0.152307
180.8205324	4.087263	0.152118
180.9253054	4.088003	0.152007
181.0241792	4.088794	0.15192
181.1228215	4.089659	0.151913
181.2214637	4.090361	0.151868
181.3186824	4.091213	0.151762
181.4198097	4.091804	0.151648
181.5277085	4.092401	0.151517
181.6266338	4.092781	0.151455
181.7253976	4.092871	0.151329
181.8241614	4.09279	0.151221
181.9296741	4.092771	0.151162
182.0438175	4.09257	0.151129
182.1600595	4.092016	0.151082
182.258172	4.091352	0.151065
182.3613769	4.090445	0.151017
182.4695344	4.089001	0.151076
182.5732948	4.086894	0.151203
182.6789823	4.083982	0.151408
182.7872161	4.080802	0.151633
182.9056689	4.077491	0.15188
183.0210612	4.073788	0.152262
183.1336261	4.069588	0.152765
183.2479941	4.064728	0.153434
183.3595235	4.059284	0.154129
183.4707637	4.053396	0.15477
183.5858667	4.046925	0.155426
183.6958789	4.039727	0.156034
183.8045581	4.031975	0.156622
183.9132372	4.023894	0.157085
184.0194589	4.015441	0.157515
184.1253054	4.00648	0.157898
184.2317767	3.997148	0.158179
184.3316156	3.98759	0.15848
184.4289926	3.977779	0.158632
184.5407294	3.967765	0.158725
184.6547585	3.957465	0.158883
184.7699898	3.947189	0.158974
184.8806193	3.936644	0.158933
184.9818558	3.925815	0.158798
185.0779405	3.91493	0.158539
185.1788649	3.90382	0.158236
185.2828702	3.892638	0.157879
185.3928878	3.881261	0.157601
185.5029054	3.869968	0.157335
185.6065707	3.858786	0.156972
185.6972106	3.847455	0.156559
185.8010564	3.835732	0.156188
185.9150586	3.823943	0.155846
186.0093554	3.812039	0.155499
186.1047845	3.799979	0.155109
186.2022216	3.787551	0.154754
186.2977061	3.774422	0.154506
186.3921762	3.761487	0.154426
186.4952508	3.748314	0.154454
186.5950883	3.735019	0.154515
186.6900062	3.721631	0.154847
186.7643351	3.708513	0.155399
186.8306508	3.695026	0.156089
186.9116901	3.681318	0.15672
187.0281053	3.667734	0.157339
187.1278281	3.654874	0.157633
187.2260406	3.642822	0.157518
187.3245246	3.631269	0.157217
187.4300405	3.620474	0.156667
187.5394211	3.609703	0.155849
187.6482406	3.598957	0.154907
187.7539336	3.588128	0.153872
187.8596728	3.57718	0.1526
187.9737025	3.566318	0.151237
188.0752869	3.555532	0.149834
188.1747292	3.54467	0.148349
188.2998888	3.53407	0.146801
188.4152325	3.52408	0.145437
188.5480927	3.514576	0.144207
188.7068578	3.505614	0.143107
188.8434716	3.497807	0.142292
188.9562466	3.490762	0.14168
189.0460822	3.484139	0.141249
189.1394139	3.477465	0.14079
189.2498842	3.470929	0.140235
189.4005482	3.464249	0.139608
189.5415662	3.457335	0.13902
189.6673009	3.450552	0.138597
189.7881725	3.443868	0.138212
189.9113549	3.436929	0.137757
190.0422422	3.430096	0.137366
190.1592947	3.423419	0.136927
190.2645981	3.416561	0.136447
190.35766	3.410159	0.135835
190.4761167	3.404137	0.135102
190.605386	3.398713	0.134409
190.7338372	3.393691	0.13381
190.8619007	3.38918	0.133229
190.9899643	3.38455	0.132665
191.1245237	3.379999	0.132086
191.2656109	3.375494	0.131691
191.415736	3.371502	0.131462
191.5649864	3.368332	0.13146
191.6952095	3.365929	0.131512
191.8423364	3.36402	0.131484
191.9936973	3.363176	0.131513
192.1296501	3.363286	0.131583
192.2685812	3.364456	0.131786
192.4093478	3.36624	0.132012
192.5506221	3.368484	0.132131
192.6977491	3.371164	0.132113
192.8532128	3.374089	0.131966
192.9941445	3.377476	0.13181
193.1529389	3.380884	0.131476
193.3019848	3.384283	0.13103
193.4381509	3.387187	0.130646
193.5941852	3.389233	0.130241
193.7174189	3.390016	0.12995
193.8285301	3.389524	0.129779
193.9490989	3.388244	0.129775
194.0810248	3.385624	0.130055
194.1944175	3.381712	0.130628
194.3098914	3.375399	0.131307
194.4353164	3.367736	0.132048
194.5449895	3.359206	0.132896
194.6493056	3.349151	0.133817
194.752467	3.337757	0.134696
194.8574529	3.325206	0.135378
194.9610447	3.312053	0.136042
195.0643085	3.298307	0.136406
195.1670653	3.283612	0.136693
195.2650372	3.268147	0.136881
195.3658364	3.252198	0.137086
195.4683135	3.236133	0.137132
195.5715004	3.219383	0.136851
195.6732614	3.202198	0.13655
195.7720634	3.184693	0.136019
195.8687755	3.167195	0.135384
195.9739714	3.149778	0.134706
196.0765056	3.132875	0.133814
196.1776892	3.116909	0.132692
196.2782932	3.101771	0.131445
196.3797757	3.087926	0.130155
196.480948	3.075003	0.128834
196.5816333	3.062675	0.127519
196.6828961	3.051226	0.126394
196.785575	3.04109	0.125447
196.8888822	3.032303	0.124706
196.9915187	3.02416	0.123993
197.0906891	3.01677	0.123245
197.1918541	3.010296	0.122722
197.2969512	3.004558	0.122345
197.4006653	2.999083	0.12218
197.499966	2.99381	0.12206
197.598772	2.988611	0.12186
197.7121751	2.983445	0.121844
197.8224772	2.977564	0.12192
197.9306021	2.970805	0.122183
198.0368902	2.963649	0.122347
198.1427047	2.955909	0.122339
198.2505411	2.947601	0.122276
198.3598562	2.939456	0.122167
198.4696919	2.932188	0.121955
198.5768669	2.925497	0.121556
198.6860032	2.919465	0.12105
198.7985108	2.914595	0.120603
198.9079026	2.91115	0.120304
199.01733	2.909482	0.120266
199.1266548	2.908681	0.120481
199.2356918	2.908966	0.120786
199.3427478	2.910867	0.121463
199.4508846	2.914569	0.122477
199.5605213	2.920231	0.123852
199.6712341	2.926826	0.125308
199.7806558	2.934234	0.126795
199.8904576	2.943025	0.128275
200.0024062	2.952797	0.129711
200.1111593	2.96319	0.130998
200.2192147	2.974403	0.131945
200.3270992	2.985827	0.132556
200.4359709	2.99809	0.132804
200.5428436	3.010734	0.132742
200.6485128	3.023561	0.132615
200.7530614	3.036913	0.132356
200.8653749	3.05046	0.13202
200.9779074	3.063957	0.131836
201.08974	3.076679	0.131775
201.1999006	3.088702	0.13184
201.3088557	3.100038	0.131736
201.4189382	3.111122	0.131712
201.5296001	3.121462	0.131964
201.6383324	3.131815	0.132491
201.7481031	3.142069	0.133022
201.8596922	3.151911	0.133641
201.971144	3.16118	0.134011
202.0794373	3.169427	0.134146
202.1882752	3.176984	0.134218
202.2942201	3.183708	0.133966
202.3956492	3.189843	0.13359
202.5047184	3.195489	0.132981
202.6136102	3.200794	0.132169
202.7215754	3.205482	0.131203
202.8278427	3.210041	0.130324
202.9322245	3.215144	0.129531
203.0384962	3.220501	0.128749
203.1474713	3.226277	0.128194
203.2564464	3.232072	0.127732
203.3622926	3.237188	0.127496
203.4670119	3.242001	0.127429
203.5716329	3.246449	0.127417
203.6830952	3.250056	0.127538
203.7900771	3.252535	0.127555
203.8930126	3.253387	0.127551
203.9988486	3.252775	0.127402
204.1151637	3.251478	0.12719
204.2334712	3.249072	0.127093
204.3491341	3.246257	0.12707
204.457984	3.243676	0.12721
204.5690226	3.240969	0.127406
204.6819608	3.238128	0.127578
204.7948991	3.234863	0.127738
204.9105561	3.231397	0.127874
205.027324	3.227365	0.12823
205.1440918	3.222923	0.128624
205.2505072	3.218182	0.1289
205.3566813	3.212979	0.129263
205.4628553	3.207339	0.129659
205.5651959	3.201529	0.130063
205.6674254	3.195571	0.130488
205.7696549	3.18953	0.130847
205.8761388	3.183502	0.131297
205.9833709	3.177268	0.131741
206.090603	3.170911	0.132329
206.1947876	3.164591	0.132857
206.2978995	3.158249	0.133286
206.4010113	3.152228	0.1338
206.5040019	3.146559	0.13436
206.6069652	3.141568	0.135035
206.7099285	3.137157	0.13565
206.7955101	3.132891	0.136223
206.8754159	3.12887	0.136818
206.9553217	3.125014	0.137387
207.0352275	3.121062	0.137967
207.1373256	3.117099	0.138438
207.2447155	3.113475	0.13878
207.3521055	3.110237	0.139181
207.4588868	3.107107	0.139754
207.565578	3.104157	0.140279
207.6722693	3.101508	0.140819
207.7712996	3.098991	0.141287
207.8696222	3.096395	0.141755
207.9679449	3.094244	0.142164
208.0639032	3.092369	0.142619
208.1588875	3.090762	0.143047
208.2538719	3.089268	0.143426
208.3523851	3.08784	0.143834
208.4500055	3.086383	0.14443
208.5468153	3.084635	0.145084
208.6290326	3.08233	0.145532
208.6851161	3.080004	0.145884
208.7411997	3.077374	0.146103
208.7972832	3.074442	0.146243
208.8533668	3.071182	0.146438
208.9090633	3.067803	0.146688
208.9621221	3.064221	0.146912
209.0151809	3.060694	0.14727
209.0682398	3.057157	0.147688
209.1212986	3.054083	0.148183
209.1743574	3.051153	0.148724
209.264889	3.048324	0.149096
209.3804603	3.045644	0.149446
209.4939863	3.042905	0.149807
209.5761921	3.039718	0.1502
209.6583978	3.036442	0.150601
209.7406036	3.032902	0.150949
209.8427159	3.028675	0.151329
209.9653016	3.024172	0.151689
210.0846013	3.019717	0.151997
210.1743495	3.015291	0.152167
210.2640977	3.011006	0.152249
210.3538459	3.007144	0.152386
210.4689032	3.003499	0.152571
210.5913477	2.99998	0.152809
210.6974792	2.996452	0.152931
210.7735029	2.992854	0.152956
210.8495266	2.98914	0.153021
210.9255504	2.985242	0.153111
211.0139974	2.981126	0.153327
211.1248437	2.976936	0.153601
211.23569	2.97264	0.153769
211.3386142	2.968158	0.153925
211.4366216	2.963614	0.154137
211.534629	2.959153	0.154468
211.6305354	2.954701	0.154701
211.7244899	2.950585	0.154897
211.8184445	2.947094	0.155113
211.9001734	2.944053	0.1554
211.951398	2.941582	0.155725
212.0026227	2.939335	0.156049
212.0538474	2.937174	0.156307
212.1050721	2.935374	0.156559
212.1562968	2.934066	0.156816
212.2127872	2.933052	0.157054
212.278739	2.932083	0.15729
212.3446908	2.930993	0.157442
212.4106426	2.929987	0.157701
212.4765945	2.928992	0.158024
212.559317	2.927971	0.158464
212.6432311	2.92714	0.158956
212.7271451	2.926483	0.159443
212.8188661	2.926053	0.15999
212.9265326	2.925802	0.160593
213.0341991	2.925818	0.161286
213.1423537	2.926115	0.161943
213.2507597	2.92673	0.162547
213.3592409	2.928054	0.163186
213.4756674	2.929957	0.163849
213.5920939	2.932715	0.164552
213.71006	2.936045	0.165203
213.8293302	2.939479	0.165799
213.948377	2.94333	0.166446
214.0659577	2.947718	0.167109
214.1835383	2.952598	0.167832
214.2840097	2.957697	0.168531
214.3767415	2.962857	0.16925
214.4694732	2.967925	0.169956
214.5836419	2.972993	0.170718
214.7152455	2.977947	0.17154
214.8468492	2.982816	0.172366
214.9784528	2.987779	0.173097
215.1097731	2.992742	0.173818
215.2389703	2.997712	0.174505
215.3681674	3.002741	0.175133
215.4992161	3.008051	0.175594
215.6306176	3.013915	0.175915
215.7589613	3.020649	0.176292
215.8852703	3.028005	0.176732
216.0179546	3.036315	0.177247
216.167824	3.045212	0.177747
216.2992735	3.054302	0.178099
216.3891465	3.063404	0.178426
216.4790195	3.072494	0.178643
216.5685132	3.081561	0.178792
216.6459173	3.090345	0.178885
216.7188816	3.098996	0.179031
216.7918459	3.107492	0.179261
216.8674764	3.115953	0.179501
216.9502577	3.124513	0.179825
217.033039	3.133394	0.18016
217.1158203	3.142787	0.180314
217.2027143	3.153171	0.180492
217.289795	3.16432	0.180648
217.3768757	3.17635	0.180793
217.469143	3.18895	0.180957
217.5626647	3.202	0.181107
217.6561865	3.215989	0.181506
217.7499071	3.230938	0.182075
217.8478722	3.247114	0.182832
217.951267	3.264426	0.183777
218.0474977	3.282663	0.18486
218.1437284	3.302464	0.186291
218.2370116	3.32387	0.187779
218.3208357	3.346834	0.189385
218.4046598	3.370683	0.190915
218.4884839	3.395312	0.192378
218.5551896	3.421257	0.193798
218.6208026	3.448804	0.194884
218.6863813	3.477898	0.195574
218.75196	3.507952	0.195681
218.8156492	3.538354	0.195549
218.8788948	3.569089	0.195006
218.9421404	3.600082	0.194146
219.005386	3.630862	0.193279
219.0864647	3.660997	0.192304
219.1851857	3.690354	0.191282
219.2839068	3.718306	0.19027
219.3776218	3.744823	0.189437
219.4691044	3.769965	0.188803
219.560587	3.794029	0.188357
219.6560308	3.817157	0.187892
219.7543228	3.838754	0.187321
219.8526147	3.858587	0.186853
219.9521537	3.876331	0.186389
220.0523968	3.892916	0.185932
220.1526398	3.908278	0.185437
220.2505955	3.921228	0.184887
220.3478045	3.932028	0.184446
220.4506336	3.940486	0.184088
220.547155	3.947538	0.183829
220.6410447	3.953742	0.183669
220.7349343	3.958769	0.183631
220.8151771	3.962573	0.183694
220.8770779	3.964936	0.183823
220.9389787	3.966308	0.184021
221.0008795	3.967269	0.184244
221.0627802	3.967395	0.184502
221.1313712	3.966723	0.184785
221.2128088	3.965237	0.185103
221.2942463	3.963135	0.185389
221.3756839	3.96069	0.185623
221.4476722	3.957684	0.185837
221.5093396	3.95425	0.186006
221.5729844	3.950374	0.186134
221.6419373	3.946348	0.186212
221.7108902	3.942142	0.186209
221.7780183	3.937725	0.18618
221.8416008	3.933185	0.186131
221.9051833	3.928598	0.186061
221.9687658	3.924039	0.185959
222.0323483	3.919421	0.185795
222.0930718	3.914733	0.185629
222.1534565	3.910018	0.185474
222.2138412	3.905338	0.185355
222.2742259	3.900695	0.185219
222.3411784	3.896161	0.185031
222.4388141	3.89204	0.184872
222.5364498	3.888188	0.184754
222.6308279	3.88459	0.18471
222.715863	3.881172	0.184674
222.8008981	3.877942	0.184607
222.8859333	3.874907	0.184566
222.9753081	3.871819	0.184525
223.0651206	3.868813	0.18451
223.1549331	3.865727	0.18446
223.2302489	3.862723	0.184344
223.3003766	3.859636	0.184234
223.3705043	3.85671	0.184099
223.440632	3.853866	0.183986
223.5057306	3.851318	0.183828
223.5683983	3.848833	0.183645
223.631066	3.846532	0.183496
223.694804	3.844546	0.183368
223.7593931	3.842824	0.183279
223.8095304	3.841319	0.18315
223.8596678	3.840044	0.182982
223.9098051	3.839295	0.182856
223.9599425	3.838843	0.182788
224.0100798	3.8391	0.18278
224.0644105	3.839838	0.1828
224.1674406	3.84086	0.182798
224.2704707	3.842262	0.182843
224.3673127	3.843833	0.182924
224.424735	3.845481	0.183004
224.4821573	3.847032	0.183037
224.5395795	3.84844	0.183012
224.5970018	3.849649	0.182956
224.6544241	3.850966	0.182883
224.7473432	3.852185	0.182779
224.8463249	3.853256	0.182641
224.9453066	3.854153	0.182455
225.0265029	3.854762	0.182309
225.102975	3.855399	0.182182
225.1794471	3.855906	0.182117
225.2559192	3.856152	0.182102
225.3414237	3.85641	0.182067
225.4288542	3.856691	0.182079
225.5162847	3.856618	0.182159
225.5919713	3.856384	0.182269
225.6463619	3.855715	0.182418
225.7007525	3.854649	0.182597
225.7571863	3.853121	0.182863
225.8150859	3.851094	0.183188
225.8729855	3.848318	0.183617
225.9362224	3.845334	0.184069
226.0009693	3.841868	0.184521
226.0657162	3.837686	0.185042
226.1304631	3.832963	0.185643
226.1952099	3.827686	0.186265
226.2624213	3.822146	0.18686
226.330275	3.816414	0.187401
226.3981287	3.809947	0.187887
226.4659824	3.802688	0.188358
226.533988	3.794692	0.188893
226.6061475	3.786212	0.189469
226.678307	3.777425	0.190095
226.7504665	3.767965	0.190818
226.822626	3.757657	0.191494
226.8996499	3.746304	0.19201
226.9804771	3.734575	0.192494
227.0613043	3.722619	0.192936
227.1421314	3.710311	0.193247
227.2437069	3.697761	0.193324
227.3611304	3.684839	0.193204
227.4785539	3.671695	0.192982
227.5944676	3.65854	0.192658
227.7100443	3.645234	0.192168
227.8256589	3.631678	0.191585
227.9454992	3.618052	0.190946
228.0703518	3.60424	0.190316
228.1952044	3.590289	0.189662
228.320057	3.576428	0.189058
228.4449096	3.562703	0.188385
228.5624767	3.54902	0.187661
228.6731034	3.535332	0.187035
228.78373	3.52162	0.186369
228.9036047	3.508101	0.185715
229.0372542	3.494967	0.185115
229.1709036	3.482302	0.184524
229.3050523	3.469984	0.183798
229.4393052	3.457927	0.182958
229.57055	3.446066	0.182053
229.6934081	3.434131	0.181077
229.8162661	3.422581	0.180084
229.9413903	3.411164	0.179059
230.0691404	3.40022	0.177981
230.1968906	3.389578	0.177034
230.3296267	3.379463	0.17623
230.463842	3.369625	0.17554
230.5957394	3.35981	0.174897
230.7181873	3.349894	0.174269
230.8485949	3.340233	0.173735
230.9811566	3.330825	0.173192
231.1130692	3.321595	0.172778
231.242068	3.312852	0.17234
231.3710667	3.304132	0.171827
231.5092687	3.295385	0.171351
231.656475	3.286759	0.170942
231.8025149	3.278368	0.170539
231.9424208	3.270079	0.170119
232.0823267	3.261894	0.169697
232.219771	3.253613	0.169353
232.3561182	3.245351	0.168989
232.4933664	3.237076	0.168757
232.6355784	3.228584	0.168539
232.7779415	3.220005	0.168215
232.9334083	3.211593	0.16794
233.0937792	3.203019	0.167742
233.23685	3.194124	0.167575
233.3668233	3.185233	0.167394
233.4967966	3.17615	0.167111
233.6412348	3.166988	0.16687
233.7871781	3.15793	0.166617
233.9281796	3.149136	0.166529
234.0648654	3.140378	0.166417
234.2015447	3.131772	0.16629
234.3329717	3.123364	0.166228
234.4643987	3.115278	0.166169
234.6055739	3.107501	0.166098
234.7635376	3.100112	0.166059
234.9214915	3.093071	0.165983
235.0809311	3.086581	0.165921
235.2367022	3.080497	0.165906
235.3678275	3.074723	0.166063
235.4989529	3.068995	0.166226
235.6260689	3.063386	0.16631
235.7509427	3.057803	0.166488
235.8761589	3.052115	0.16673
236.0130226	3.045998	0.16704
236.1498863	3.039582	0.167309
236.285223	3.032956	0.167521
236.4197181	3.026046	0.167748
236.5553174	3.01909	0.167967
236.69486	3.012384	0.168221
236.8344025	3.005827	0.168456
236.9620595	2.999362	0.168656
237.0881056	2.992957	0.168894
237.2018854	2.986443	0.169189
237.3211225	2.979678	0.169601
237.4403595	2.972762	0.169969
237.5520866	2.965747	0.170248
237.6627852	2.958637	0.170654
237.7771779	2.951141	0.171123
237.9010298	2.943437	0.171624
238.0248817	2.935778	0.172142
238.1544039	2.928003	0.172599
238.2841739	2.91998	0.173067
238.4049153	2.911942	0.17348
238.5225069	2.904062	0.173929
238.6561988	2.896184	0.174308
238.8283698	2.888314	0.174623
238.967051	2.880625	0.174965
239.0809793	2.873291	0.17534
239.1912589	2.866035	0.175749
239.3089215	2.858545	0.176127
239.4265841	2.850987	0.17645
239.545354	2.843646	0.176752
239.6641711	2.83638	0.177007
239.7894984	2.829084	0.177308
239.9170761	2.821805	0.177629
240.0322857	2.815073	0.177878
240.1416568	2.808982	0.178145
240.2511875	2.803477	0.17845
240.3611457	2.798966	0.178803
240.4711038	2.795389	0.179132
240.5797736	2.79222	0.179473
240.6882634	2.789691	0.179979
240.7946699	2.787908	0.180598
240.88385	2.787203	0.181313
240.9708713	2.787015	0.182055
241.0643632	2.787197	0.182755
241.1584515	2.788331	0.183515
241.2514037	2.790567	0.184336
241.3435024	2.794263	0.185214
241.4358852	2.799085	0.186024
241.5295994	2.804778	0.186792
241.6233137	2.811883	0.18758
241.71583	2.820063	0.188469
241.806691	2.829526	0.189446
241.8977314	2.840001	0.190407
241.9897441	2.851175	0.191356
242.0815775	2.863502	0.192353
242.1714599	2.877275	0.193404
242.2613423	2.893128	0.194623
242.3501318	2.910271	0.195834
242.4384113	2.928499	0.19711
242.5266179	2.94848	0.198444
242.614588	2.970175	0.199734
242.7317762	2.994012	0.201017
242.8761142	3.019425	0.202227
243.0206056	3.045975	0.203309
243.1660825	3.074438	0.204136
243.313483	3.104579	0.204717
243.4608834	3.135976	0.205249
243.5990002	3.167799	0.205745
243.73657	3.20016	0.206275
243.8774214	3.233449	0.206748
244.0236533	3.267465	0.207076
244.1698851	3.301633	0.207256
244.3060752	3.335861	0.207463
244.4481774	3.3701	0.207707
244.5839344	3.404413	0.207921
244.7081208	3.438704	0.207927
244.8323073	3.472574	0.207816
244.9564938	3.506176	0.20759
245.0806803	3.538996	0.207172
245.2048668	3.570837	0.206708
245.3290533	3.601354	0.206003
245.4532398	3.630115	0.205044
245.5774262	3.657765	0.203903
245.6994546	3.684209	0.202604
245.8185576	3.708572	0.201268
245.9376607	3.7309	0.199808
246.055557	3.75082	0.198188
246.1482759	3.769076	0.196553
246.2409948	3.786368	0.194879
246.3381246	3.80177	0.193315
246.4519972	3.8153	0.191841
246.5658699	3.827332	0.19043
246.676032	3.838497	0.189103
246.7844308	3.849027	0.187808
246.8929054	3.858257	0.186647
247.0052035	3.866381	0.185583
247.1175015	3.873255	0.184606
247.2325297	3.879365	0.183693
247.3480151	3.884973	0.182757
247.4586117	3.889597	0.181887
247.5684367	3.893532	0.181061
247.6782616	3.896717	0.18027
247.7887268	3.899527	0.179483
247.8996853	3.902198	0.178657
248.0102256	3.904736	0.177887
248.1181314	3.907189	0.177185
248.2260373	3.909794	0.176558
248.3333656	3.912434	0.175942
248.4339264	3.915421	0.175299
248.5319645	3.918976	0.174753
248.6340405	3.923213	0.174301
248.7361165	3.928113	0.173982
248.8350834	3.933342	0.173678
248.932834	3.938721	0.173334
249.0308825	3.944478	0.173075
249.1300637	3.950443	0.172885
249.2292449	3.956934	0.172767
249.3263775	3.963936	0.172671
249.4249807	3.971335	0.172568
249.5159032	3.979235	0.172549
249.6108845	3.987676	0.172612
249.7058658	3.99622	0.172752
249.8000608	4.004797	0.172922
249.8940293	4.013547	0.17308
249.986038	4.022949	0.173264
250.0742179	4.032918	0.173394
250.1623978	4.043396	0.173532
250.2462742	4.053996	0.173515
250.3286441	4.064095	0.173278
250.411014	4.073291	0.172831
250.5104098	4.081836	0.172257
250.6100366	4.090195	0.171657
250.6961915	4.098368	0.170832
250.7764069	4.106423	0.169957
250.8566223	4.114413	0.169151
250.9456898	4.122234	0.168351
251.0361084	4.129701	0.167638
251.1288067	4.137062	0.166988
251.2252221	4.144416	0.166307
251.321465	4.151526	0.165678
251.414247	4.158427	0.165126
251.5070289	4.165047	0.164608
251.5988241	4.171791	0.164095
251.6900231	4.178485	0.163502
251.7809611	4.185002	0.162965
251.8740692	4.191124	0.162497
251.9677261	4.196815	0.162141
252.0629176	4.202042	0.161788
252.1589524	4.206839	0.161376
252.2559587	4.211016	0.161037
252.3569568	4.214704	0.160728
252.4579549	4.217874	0.160523
252.5625564	4.220385	0.160351
252.6677132	4.222437	0.160161
252.7653187	4.223916	0.159952
252.858178	4.224756	0.159742
252.9516783	4.224789	0.159636
253.0523851	4.224627	0.159565
253.1530918	4.224277	0.159487
253.2502316	4.223472	0.159476
253.3463672	4.221964	0.159514
253.4430519	4.22011	0.159673
253.5407736	4.217985	0.159892
253.6384954	4.21572	0.16011
253.7319174	4.212791	0.160395
253.8258349	4.209315	0.160802
253.9255331	4.205336	0.161277
254.0290322	4.200906	0.161783
254.1323641	4.196174	0.16229
254.2341022	4.190807	0.162831
254.3358403	4.184824	0.163466
254.4315225	4.178063	0.164194
254.5247132	4.170883	0.164892
254.618606	4.163689	0.165578
254.7186004	4.15639	0.166325
254.8185949	4.148832	0.167175
254.9199214	4.141134	0.167928
255.021889	4.133411	0.168629
255.1244731	4.125732	0.169298
255.2285374	4.118005	0.170001
255.3326017	4.110249	0.17078
255.4339614	4.102324	0.171641
255.5352113	4.09413	0.172448
255.6339502	4.085547	0.173222
255.7315783	4.076523	0.173921
255.8306243	4.067554	0.174627
255.9419691	4.058481	0.175175
256.0533139	4.049284	0.175585
256.1474993	4.040213	0.175856
256.2407197	4.031415	0.176123
256.3363884	4.02297	0.176342
256.4362104	4.014632	0.176404
256.5360325	4.006386	0.17641
256.6399119	3.99823	0.176453
256.7439372	3.990284	0.176394
256.8460072	3.982833	0.176106
256.9470559	3.97581	0.175933
257.0482593	3.969026	0.17577
257.1498593	3.96235	0.175524
257.2514295	3.956036	0.17527
257.3476927	3.950272	0.175022
257.4435494	3.945165	0.174648
257.5385509	3.940414	0.174119
257.6324315	3.935764	0.173525
257.726312	3.931457	0.172931
257.8232663	3.927355	0.172308
257.9205774	3.923316	0.171592
258.0159818	3.919555	0.170965
258.1090436	3.915897	0.170268
258.2021055	3.912582	0.169512
258.2985215	3.909531	0.168693
258.3953535	3.906672	0.167957
258.4933869	3.904041	0.167231
258.5930111	3.901565	0.166575
258.6924692	3.899254	0.166101
258.7879226	3.896991	0.165784
258.883376	3.894956	0.165686
258.9861757	3.893204	0.165735
259.0995487	3.891841	0.165773
259.2117333	3.891031	0.165782
259.3179984	3.890456	0.165862
259.4242635	3.890166	0.165969
259.5305286	3.890066	0.166132
259.6367937	3.890162	0.166275
259.7430587	3.890469	0.166438
259.8493238	3.891088	0.166491
259.9555889	3.892237	0.166538
260.061854	3.893603	0.166648
260.1681191	3.895175	0.166908
260.2743841	3.897071	0.167386
260.3806492	3.899181	0.16792
260.4869143	3.901641	0.168567
260.5931794	3.904136	0.169166
260.6994445	3.906453	0.169758
260.8057095	3.908915	0.170371
260.9110721	3.911415	0.17109
261.0165478	3.914141	0.171766
261.1221814	3.916933	0.172374
261.227815	3.919745	0.172828
261.3334486	3.922561	0.172988
261.4390823	3.925374	0.173055
261.5447159	3.928149	0.17291
261.6503495	3.930676	0.172594
261.7559831	3.933319	0.172302
261.8616167	3.93599	0.171975
261.9672503	3.938469	0.171484
262.0728839	3.940577	0.170826
262.1785175	3.942899	0.170131
262.2841511	3.945314	0.169369
262.3897848	3.947732	0.168595
262.4954184	3.950319	0.167859
262.601052	3.952876	0.16721
262.7101099	3.95542	0.166594
262.8343445	3.958135	0.165909
262.9585792	3.96095	0.16527
263.0791857	3.963725	0.164767
263.1987137	3.966529	0.164449
263.31735	3.969237	0.164239
263.4318618	3.971896	0.164067
263.5463735	3.974664	0.163941
263.6589642	3.97785	0.163776
263.7693977	3.981377	0.163461
263.8798311	3.98492	0.163121
264.009482	3.988207	0.162848
264.148841	3.991165	0.162624
264.2810816	3.993618	0.162372
264.404272	3.995638	0.162202
264.5274624	3.997567	0.16205
264.6527214	3.999217	0.161901
264.77815	4.000351	0.161754
264.8977229	4.001043	0.161661
265.0096658	4.001583	0.161622
265.1216087	4.002298	0.161578
265.23948	4.003069	0.161511
265.3584438	4.003837	0.161441
265.4774803	4.004536	0.161433
265.5966306	4.004815	0.16139
265.7157809	4.004784	0.161323
265.8290995	4.004601	0.161183
265.9420372	4.004373	0.161035
266.0558418	4.004393	0.160826
266.1712355	4.004278	0.160728
266.2866291	4.003746	0.160671
266.4044098	4.00328	0.160649
266.5227066	4.002676	0.16071
266.6407131	4.001922	0.160776
266.7581887	4.001294	0.16073
266.8756644	4.000364	0.16064
266.9912183	3.999405	0.160442
267.1065236	3.998268	0.160231
267.2186624	3.996928	0.160073
267.3257377	3.995858	0.159906
267.4328129	3.994999	0.159738
267.5478199	3.993878	0.159547
267.666053	3.992488	0.159408
267.7822045	3.990787	0.159385
267.8932427	3.988874	0.159466
268.004281	3.986803	0.159604
268.1188316	3.984768	0.159729
268.2348107	3.982569	0.159784
268.3503247	3.98015	0.159823
268.4643844	3.977442	0.159754
268.5784441	3.974724	0.159635
268.6925038	3.972277	0.159455
268.8065635	3.970189	0.159352
268.9186432	3.968369	0.159382
269.0259063	3.966792	0.159604
269.1331694	3.965775	0.159782
269.2380402	3.964655	0.159973
269.3419428	3.963901	0.160218
269.445873	3.963523	0.160428
269.5500052	3.9634	0.160684
269.6541375	3.963578	0.160708
269.7612067	3.963831	0.16068
269.8708291	3.963835	0.160571
269.9800911	3.963978	0.160301
270.0851422	3.964165	0.160143
270.1901932	3.964159	0.15995
270.2952985	3.964249	0.159732
270.4004548	3.964542	0.159435
270.5056112	3.964941	0.159142
270.6149845	3.965539	0.158871
270.7245545	3.966085	0.158606
270.8374479	3.966659	0.158334
270.9509925	3.967312	0.158089
271.064537	3.967791	0.157874
271.1782174	3.968117	0.157563
271.2919159	3.968593	0.157185
271.4062765	3.9692	0.156756
271.5224147	3.969733	0.15641
271.6385529	3.970151	0.156123
271.7590878	3.970503	0.155906
271.8813776	3.970925	0.155683
272.00205	3.9713	0.155501
272.1186966	3.971919	0.155341
272.2353432	3.972995	0.155167
272.3519898	3.974157	0.155057
272.4686364	3.97517	0.154982
272.5848988	3.976091	0.154888
272.6995801	3.976979	0.154862
272.8142613	3.977738	0.154821
272.9240979	3.978211	0.154822
273.032616	3.978645	0.15475
273.1411017	3.979002	0.154541
273.2477226	3.979074	0.154281
273.3543435	3.978877	0.153947
273.4617322	3.978352	0.153702
273.5703641	3.977657	0.153487
273.678996	3.976675	0.153239
273.7924974	3.975492	0.15312
273.9072519	3.974061	0.153037
274.0198848	3.972365	0.153107
274.1285222	3.97069	0.153236
274.2371597	3.969087	0.153318
274.3448095	3.967554	0.153457
274.4521482	3.966121	0.153694
274.5592932	3.964867	0.153991
274.6652758	3.963665	0.15423
274.7712583	3.962604	0.154399
274.8824338	3.961917	0.154475
274.9969803	3.961351	0.154662
275.1115268	3.961061	0.154824
275.2260733	3.960549	0.154989
275.3406197	3.960062	0.155147
275.4554627	3.959422	0.155397
275.5707576	3.958521	0.155696
275.6860526	3.957039	0.156009
275.7976694	3.955258	0.156318
275.9087113	3.953255	0.156598
276.0201088	3.950634	0.15685
276.1326539	3.947542	0.157131
276.245199	3.944073	0.157432
276.3574354	3.940344	0.157641
276.4695008	3.936297	0.157822
276.5817464	3.931892	0.157999
276.6984057	3.927176	0.158141
276.815065	3.922461	0.1582
276.9286431	3.917416	0.15809
277.0401398	3.912241	0.157902
277.1459944	3.906757	0.15767
277.2599903	3.900933	0.157388
277.3739862	3.894919	0.157229
277.4815949	3.888971	0.157062
277.5856343	3.882918	0.156867
277.6896738	3.876705	0.156716
277.7937132	3.870564	0.156489
277.8977526	3.864217	0.156314
278.005065	3.857611	0.156081
278.1178127	3.850731	0.155811
278.2305605	3.843541	0.155542
278.3372904	3.836115	0.155137
278.4436794	3.828679	0.154757
278.550426	3.821423	0.154387
278.6577772	3.814205	0.153971
278.7651283	3.806881	0.153619
278.8714397	3.799596	0.153417
278.9772644	3.792423	0.153402
279.0838671	3.785334	0.153404
279.1977152	3.778616	0.153308
279.3115634	3.772353	0.153247
279.4254115	3.766373	0.153266
279.5392596	3.760368	0.153288
279.6529113	3.754322	0.15331
279.7610784	3.748099	0.153317
279.8692454	3.741605	0.153421
279.9777703	3.734681	0.153599
280.0869033	3.727362	0.153911
280.1960362	3.719872	0.154212
280.3053452	3.712143	0.154532
280.4147193	3.704222	0.154966
280.5244409	3.696249	0.155542
280.6374674	3.688135	0.156216
280.7504939	3.680106	0.156864
280.8589141	3.672136	0.157444
280.9642333	3.664034	0.157895
281.0695526	3.655553	0.158202
281.1823834	3.646712	0.158546
281.2975528	3.637716	0.158861
281.4101807	3.628864	0.15914
281.5136734	3.620001	0.159515
281.617166	3.611512	0.16001
281.7200319	3.603485	0.160547
281.8218988	3.595588	0.161059
281.9237658	3.587629	0.16145
282.02682	3.579808	0.161862
282.1310227	3.572168	0.162245
282.2352254	3.564924	0.162333
282.339428	3.557837	0.162385
282.4436307	3.550806	0.162397
282.5478334	3.543987	0.162317
282.653618	3.53705	0.162213
282.7596127	3.529916	0.162142
282.8657744	3.522701	0.162058
282.9703216	3.515478	0.161948
283.073199	3.508265	0.16183
283.1689381	3.501262	0.161677
283.2534597	3.494632	0.161603
283.3379812	3.488194	0.161462
283.4232796	3.482095	0.161262
283.5192837	3.47649	0.161134
283.6152878	3.471299	0.161112
283.7112919	3.466415	0.161171
283.807296	3.461692	0.161111
283.9033001	3.456999	0.160957
283.9971579	3.452635	0.160901
284.0833921	3.448907	0.160936
284.1696262	3.445608	0.161008
284.2558604	3.442313	0.161014
284.3431165	3.439102	0.161016
284.4304104	3.436052	0.161106
284.5177043	3.432882	0.161257
284.6034862	3.429677	0.161518
284.6887604	3.426829	0.16186
284.7740347	3.424213	0.162143
284.8652161	3.42185	0.162444
284.9651797	3.419733	0.162697
285.065998	3.417964	0.162969
285.1482568	3.416321	0.163181
285.2180578	3.414786	0.163346
285.2878587	3.413381	0.163573
285.3576597	3.411849	0.163822
285.4196223	3.410362	0.164107
285.4727379	3.408919	0.164329
285.5258536	3.407501	0.164527
285.5789693	3.405994	0.164827
285.632085	3.404718	0.165241
285.6860939	3.403437	0.165792
285.7593815	3.402118	0.16638
285.832669	3.40087	0.16691
285.9059565	3.399929	0.167432
285.9775772	3.398906	0.167981
286.0359968	3.39816	0.168598
286.0944165	3.397716	0.169174
286.1528362	3.397354	0.169707
286.2112559	3.397365	0.170289
286.2726942	3.397501	0.170827
286.3479576	3.397908	0.171373
286.423221	3.398474	0.171893
286.4984844	3.399085	0.172376
286.570009	3.399706	0.172879
286.6345985	3.400633	0.173387
286.699188	3.401582	0.173961
286.7637775	3.402722	0.174539
286.828367	3.403966	0.17506
286.9072019	3.405231	0.175654
286.9873633	3.406693	0.176287
287.0671687	3.408624	0.176981
287.1396432	3.410917	0.177682
287.1961087	3.413301	0.178389
287.2525742	3.415729	0.179099
287.3090396	3.418261	0.179767
287.3655051	3.420904	0.180552
287.4324619	3.423711	0.181365
287.5289542	3.426605	0.182129
287.6254465	3.429567	0.182908
287.7089815	3.432727	0.183687
287.7630991	3.43607	0.184475
287.8172167	3.439273	0.185229
287.8713343	3.442562	0.185927
287.9254519	3.446338	0.186606
287.9797337	3.450693	0.18726
288.0385947	3.455114	0.18784
288.0974558	3.45939	0.188433
288.1563168	3.463793	0.188976
288.2151778	3.468469	0.189435
288.2766821	3.473222	0.189935
288.3495857	3.478043	0.190532
288.4224893	3.482862	0.191098
288.495393	3.487908	0.191635
288.5649891	3.493183	0.192235
288.6258807	3.498533	0.192947
288.6867724	3.504506	0.19363
288.747664	3.51082	0.194319
288.8085556	3.517301	0.194958
288.8692814	3.524362	0.195675
288.9298922	3.53183	0.196415
288.9921008	3.539436	0.197055
289.0567849	3.547502	0.197699
289.121469	3.555639	0.198322
289.1995933	3.563892	0.19904
289.2794792	3.572499	0.199746
289.359365	3.581329	0.200455
289.439331	3.590453	0.201171
289.5203096	3.599845	0.201887
289.6012883	3.609232	0.202524
289.682267	3.618706	0.203011
289.7692032	3.628841	0.203412
289.8691657	3.63891	0.203692
289.9691282	3.649033	0.20396
290.0674036	3.659519	0.20422
290.1610792	3.670112	0.204259
290.2547548	3.680714	0.204277
290.3481035	3.691371	0.204305
290.4240734	3.701923	0.204312
290.5000434	3.712462	0.204314
290.5760134	3.72288	0.204294
290.6521366	3.733109	0.204282
290.741828	3.743236	0.204187
290.8315193	3.753281	0.204021
290.9212106	3.76297	0.203693
291.0141978	3.772585	0.203221
291.1092314	3.781995	0.202573
291.204413	3.79136	0.201865
291.3030398	3.800605	0.201081
291.4065047	3.809328	0.20014
291.5099696	3.81773	0.199004
291.6123245	3.825427	0.197746
291.7134046	3.832762	0.196382
291.8144847	3.839926	0.195007
291.9141368	3.846688	0.193642
292.0120283	3.852961	0.192334
292.1099199	3.858552	0.191171
292.2091234	3.863918	0.190136
292.3109668	3.869119	0.189126
292.4128102	3.874035	0.188239
292.5173942	3.878485	0.187449
292.6273693	3.882407	0.186713
292.7373445	3.885712	0.186029
292.8418264	3.888543	0.185333
292.9420532	3.890805	0.184779
293.0422801	3.892547	0.184344
293.1503404	3.893633	0.184033
293.2656251	3.894144	0.183721
293.3798476	3.894225	0.183374
293.4815777	3.893843	0.183094
293.5815586	3.892825	0.182852
293.6815395	3.891404	0.182684
293.7694792	3.889811	0.182522
293.8554584	3.888094	0.182323
293.9414377	3.886056	0.182174
294.0423579	3.883774	0.182043
294.1704697	3.880955	0.181975
294.2985254	3.877867	0.18186
294.3996016	3.874502	0.181714
294.5006779	3.870646	0.181629
294.6016641	3.866445	0.181617
294.6982978	3.862107	0.181708
294.7949316	3.857669	0.181796
294.8915653	3.852908	0.181818
295.0060459	3.847943	0.181877
295.1224786	3.842822	0.181948
295.2357018	3.83778	0.182034
295.3418769	3.83269	0.182029
295.4481384	3.827641	0.181923
295.5527682	3.822803	0.181778
295.6551088	3.81791	0.181567
295.7574494	3.812756	0.181299
295.8580254	3.80739	0.180982
295.9569388	3.80206	0.18062
296.0558523	3.796392	0.180202
296.1602857	3.790529	0.179822
296.2713847	3.784263	0.179573
296.3824836	3.777851	0.179379
296.4867454	3.771416	0.179161
296.5884387	3.764433	0.178884
296.690132	3.757429	0.178626
296.796098	3.750735	0.178464
296.903498	3.744169	0.178295
297.0108981	3.737669	0.17807
297.1123422	3.73139	0.177857
297.2133293	3.724984	0.17764
297.3143165	3.718638	0.177412
297.4104802	3.712341	0.177159
297.5062792	3.705941	0.176851
297.6005988	3.699816	0.176673
297.7005883	3.69411	0.176541
297.8037489	3.688849	0.176541
297.9064857	3.683802	0.176555
297.9934144	3.678854	0.17658
298.080343	3.673967	0.176686
298.1672716	3.669	0.176927
298.2646329	3.663859	0.177173
298.3650765	3.658719	0.177352
298.46552	3.653662	0.177463
298.5642202	3.648544	0.177499
298.6628395	3.643083	0.177318
298.7609438	3.637269	0.177026
298.8536597	3.631218	0.176667
298.9463756	3.625234	0.176227
299.0393931	3.619457	0.175874
299.1404483	3.613969	0.175527
299.2415035	3.608838	0.175223
299.3423668	3.603914	0.174945
299.4426122	3.599141	0.174602
299.5428576	3.594491	0.174247
299.6442978	3.58986	0.173879
299.7438431	3.585171	0.173584
299.8433884	3.580768	0.173173
299.9420749	3.576476	0.172667
300.0385578	3.572263	0.172137
300.1350407	3.568425	0.17166
300.2297483	3.564635	0.171285
300.2879135	3.560813	0.170924
300.3460786	3.556748	0.1705
300.4042438	3.55247	0.170058
300.462409	3.548271	0.169639
300.5205741	3.544313	0.169249
300.6090196	3.540328	0.16888
300.7116043	3.536491	0.168474
300.8141889	3.532929	0.168154
300.928645	3.529629	0.167986
301.0497801	3.526589	0.167912
301.1678936	3.523472	0.167827
301.2418373	3.520326	0.167671
301.3157811	3.517156	0.16754
301.3897248	3.513672	0.167417
301.4636686	3.509883	0.167351
301.5214964	3.506185	0.167254
301.5763485	3.50272	0.167124
301.6312005	3.499631	0.166995
301.6860525	3.496837	0.166875
301.7409045	3.494594	0.166844
301.8016936	3.492758	0.166821
301.8848887	3.49111	0.166712
301.9680838	3.489805	0.166594
302.0512789	3.488812	0.166542
302.1453623	3.488223	0.166499
302.2420047	3.487969	0.166391
302.338647	3.487698	0.166221
302.4224538	3.487483	0.166032
302.5052869	3.487461	0.165936
302.5881201	3.487482	0.165958
302.6793338	3.487503	0.166021
302.7768926	3.48768	0.166108
302.8744514	3.488307	0.166269
302.9554977	3.488818	0.166436
303.0299931	3.489319	0.166635
303.1044886	3.489585	0.166877
303.178984	3.48961	0.167104
303.2630367	3.489286	0.16736
303.3472896	3.488685	0.167645
303.4315424	3.487873	0.167893
303.5095004	3.486935	0.168103
303.5844377	3.485776	0.168266
303.6593751	3.484153	0.168443
303.7343124	3.482246	0.168588
303.8518182	3.479983	0.168798
303.9734711	3.477324	0.168908
304.0825502	3.474683	0.168909
304.1808175	3.471689	0.168901
304.2790849	3.468416	0.168876
304.3842998	3.464808	0.16884
304.4954984	3.461023	0.168752
304.6066969	3.45722	0.16863
304.6652923	3.453533	0.168523
304.7171056	3.450092	0.168467
304.7689189	3.446658	0.168548
304.8207321	3.443186	0.168605
304.8725454	3.439638	0.168563
304.9286861	3.435787	0.168522
305.0026529	3.431599	0.168527
305.0766196	3.427206	0.168526
305.1505864	3.422771	0.16857
305.2295707	3.418296	0.168579
305.3275206	3.413475	0.168604
305.4254706	3.408574	0.16863
305.5147176	3.403439	0.168697
305.5689547	3.398241	0.168787
305.6231917	3.392914	0.168815
305.6774288	3.387765	0.168915
305.7316658	3.382714	0.169042
305.7859029	3.37756	0.169315
305.9043883	3.372491	0.169584
306.0526239	3.367541	0.169788
306.1660185	3.362928	0.170061
306.2523148	3.358538	0.170444
306.338611	3.354414	0.170818
306.4249073	3.350507	0.171236
306.5294377	3.346509	0.171646
306.6390305	3.342353	0.1721
306.7486232	3.337969	0.172581
306.835523	3.333693	0.173008
306.916974	3.329422	0.173363
306.998425	3.325168	0.173695
307.0798761	3.320735	0.174014
307.1575184	3.316389	0.174287
307.2342188	3.311885	0.174438
307.3109193	3.307286	0.17449
307.3876197	3.302623	0.174426
307.4562091	3.298182	0.174357
307.5181364	3.293884	0.174229
307.5800638	3.289596	0.174142
307.6419912	3.285321	0.174141
307.7039186	3.281216	0.174107
307.765846	3.277319	0.174036
307.8277733	3.273324	0.173961
307.8897007	3.269774	0.173896
307.9516281	3.266307	0.173758
308.0135555	3.262987	0.173578
308.0758461	3.259442	0.173577
308.1625196	3.25589	0.173666
308.2457591	3.252478	0.173762
308.3278863	3.249208	0.173911
308.4063646	3.246073	0.174051
308.473973	3.242977	0.174165
308.5415813	3.239982	0.174178
308.6091897	3.23704	0.174276
308.676798	3.234047	0.174359
308.7362518	3.230879	0.174381
308.7918645	3.227739	0.174459
308.8474772	3.224699	0.174563
308.9030899	3.221675	0.174665
308.9587027	3.218839	0.174605
309.0141489	3.216147	0.174481
309.0683995	3.213956	0.174417
309.12265	3.21208	0.174433
309.1769006	3.210581	0.174533
309.2311511	3.208785	0.174531
309.2854017	3.207009	0.17447
309.3404266	3.205524	0.174466
309.3964992	3.204039	0.174548
309.4525717	3.202564	0.174683
309.5086442	3.201457	0.174723
309.5647168	3.200212	0.174701
309.6207893	3.198984	0.174637
309.6761115	3.197825	0.174586
309.7313622	3.196894	0.174638
309.7866128	3.196142	0.174772
309.8418635	3.195504	0.174936
309.8971142	3.194814	0.175044
309.9533846	3.194274	0.175182
310.0118322	3.193086	0.17526
310.0702799	3.191854	0.175301
310.1287275	3.190352	0.175274
310.1871751	3.188451	0.175211
310.2454048	3.186298	0.175117
310.2967987	3.184028	0.17507
310.3481926	3.181393	0.174966
310.3974719	3.178891	0.174828
310.444047	3.176067	0.174656
310.4906221	3.172835	0.174525
310.5373469	3.169552	0.174398
310.5926908	3.166118	0.174247
310.6480347	3.162844	0.174036
310.7033786	3.159601	0.173924
310.7587225	3.156572	0.173807
310.8140664	3.153343	0.173786
310.8844569	3.15003	0.173858
310.9555385	3.146863	0.173872
311.02662	3.144014	0.173948
311.0976112	3.141224	0.174074
311.1629119	3.138471	0.174257
311.2282127	3.1361	0.174437
311.2935135	3.133766	0.174555
311.3588143	3.131772	0.174633
311.4097696	3.129843	0.174806
311.4553198	3.128323	0.174978
311.50087	3.126749	0.175066
311.5464202	3.124904	0.175055
311.5919703	3.122889	0.175022
311.6375205	3.120732	0.174945
311.713401	3.118821	0.174886
311.8114995	3.117232	0.17481
311.909598	3.115749	0.174713
311.9778718	3.114334	0.17464
312.0346592	3.113222	0.174631
312.0914465	3.112373	0.1747
312.1482339	3.111749	0.174708
312.2050212	3.111087	0.174671
312.2741946	3.110171	0.174717
312.346668	3.109534	0.174784
312.4230395	3.108712	0.174832
312.5007015	3.107735	0.175002
312.588349	3.106708	0.175193
312.676808	3.105535	0.175468
312.7652671	3.104129	0.17577
312.8479436	3.102504	0.176123
312.9255285	3.100635	0.176255
313.0031133	3.098781	0.176282
313.0806981	3.097338	0.176363
313.138774	3.0956	0.176503
313.1869395	3.093394	0.176671
313.2351051	3.090988	0.176838
313.2832706	3.088505	0.176935
313.3314361	3.085979	0.17704
313.3796016	3.083524	0.17723
313.438417	3.081098	0.177508
313.5112602	3.078637	0.177739
313.5841034	3.07611	0.177923
313.6569465	3.073098	0.178094
313.7284541	3.069754	0.178311
313.7970041	3.066215	0.17863
313.8655541	3.062437	0.17893
313.9341041	3.058831	0.179196
314.0026542	3.05545	0.17948
314.0949514	3.052046	0.179821
314.1889652	3.048715	0.180202
314.282979	3.045373	0.180561
314.355205	3.041828	0.180874
314.4197761	3.038082	0.181213
314.4843471	3.034523	0.181579
314.5494215	3.031057	0.182009
314.6166652	3.027521	0.182456
314.7044545	3.023727	0.182852
314.7922438	3.01967	0.183267
314.880033	3.015248	0.183683
314.9794264	3.010775	0.1842
315.0853186	3.006304	0.184739
315.1912107	3.001877	0.18526
315.3029577	2.997293	0.185754
315.4163536	2.992545	0.186209
315.5299671	2.987507	0.186665
315.6453631	2.982338	0.18717
315.7607591	2.977198	0.187678
315.8660686	2.972038	0.18824
315.96061	2.966915	0.188837
316.0551513	2.961451	0.189466
316.1557643	2.955675	0.190096
316.2720337	2.949654	0.190667
316.3883031	2.943283	0.191189
316.5138798	2.936614	0.191684
316.6439583	2.929549	0.192186
316.7788114	2.922364	0.192605
316.9161921	2.915117	0.192978
317.0543761	2.907824	0.193367
317.2016169	2.900458	0.193732
317.3488577	2.892912	0.194076
317.4960986	2.885493	0.194438
317.6433394	2.8781	0.194772
317.7905802	2.87084	0.195093
317.9378211	2.863817	0.195437
318.0636291	2.857396	0.195874
318.1821072	2.851177	0.196321
318.3006124	2.845016	0.196763
318.4193167	2.838613	0.197236
318.5380209	2.832312	0.197831
318.6603354	2.826208	0.1985
318.7862538	2.820385	0.199162
318.911946	2.814763	0.199829
319.0489691	2.80949	0.200635
319.1859922	2.804288	0.20147
319.3319376	2.799195	0.202387
319.4803464	2.794237	0.203317
319.6158763	2.789416	0.204216
319.7461198	2.784962	0.205157
319.8945303	2.780692	0.206112
320.0774356	2.776593	0.207103
320.2572771	2.772524	0.208037
320.4355515	2.768417	0.208931
320.5715431	2.764443	0.209834
320.7045715	2.760376	0.2107
320.8705551	2.756321	0.211615
321.0577659	2.75216	0.212534
321.2012436	2.747893	0.213454
321.3429041	2.743481	0.214449
321.4885763	2.73893	0.215498
321.6361031	2.734237	0.216642
321.7847827	2.729364	0.217838
321.9346517	2.724451	0.219003
322.0869105	2.719527	0.220249
322.243918	2.714726	0.221591
322.3953646	2.70995	0.223007
322.5321851	2.705311	0.224455
322.6690056	2.700807	0.225898
322.8527427	2.696552	0.227427
323.0363546	2.692454	0.229006
323.2008001	2.688788	0.230605
323.3672649	2.685276	0.232214
323.5391796	2.681908	0.233793
323.6943625	2.678573	0.235418
323.8353727	2.675371	0.237066
323.9868404	2.67212	0.238757
324.1494353	2.668779	0.240473
324.3007417	2.665359	0.242156
324.4472244	2.661634	0.243781
324.6092513	2.657763	0.245431
324.777307	2.65332	0.247157
324.9490737	2.648494	0.248891
325.1129851	2.643525	0.250622
325.2590541	2.638451	0.252363
325.4102976	2.633247	0.254142
325.5815527	2.628151	0.255975
325.7547228	2.623212	0.257809
325.9300797	2.618355	0.259634
326.0982426	2.613464	0.261462
326.2626422	2.608672	0.263278
326.4245613	2.60428	0.265095
326.5855423	2.600146	0.266891
326.7513696	2.596256	0.268658
326.9187815	2.592573	0.270427
327.0932989	2.589099	0.272209
327.2677745	2.585811	0.274033
327.4192806	2.582632	0.275833
327.5707866	2.579577	0.277622
327.7348289	2.576956	0.279476
327.8934705	2.574674	0.28135
328.0385902	2.572707	0.283242
328.1832854	2.571034	0.285119
328.3213769	2.569561	0.286999
328.4594684	2.56845	0.288927
328.6165179	2.567808	0.290885
328.7764005	2.567838	0.292864
328.9575301	2.56821	0.29482
329.1284063	2.568866	0.296779
329.2844267	2.570109	0.298757
329.4395756	2.57195	0.300758
329.5938785	2.574754	0.302806
329.748171	2.578273	0.304822
329.9015698	2.582173	0.306893
330.0338814	2.586857	0.309015
330.1554873	2.592584	0.311238
330.2761137	2.599557	0.31357
330.3936157	2.607362	0.315888
330.5111177	2.615721	0.318262
330.6320882	2.62525	0.320655
330.7543455	2.636216	0.323131
330.8719777	2.648796	0.325709
330.9796779	2.662394	0.328272
331.087378	2.676752	0.330852
331.2038866	2.692787	0.333308
331.3267719	2.710497	0.335793
331.4481221	2.729881	0.338403
331.5625134	2.750486	0.340941
331.6769048	2.771969	0.343433
331.7964102	2.79504	0.34573
331.9170882	2.819631	0.347998
332.0319327	2.845644	0.350296
332.128459	2.872518	0.352479
332.2249853	2.900085	0.354567
332.3227389	2.928785	0.356358
332.4245528	2.958035	0.358008
332.5263667	2.987769	0.359502
332.6281807	3.01792	0.360824
332.7299946	3.048276	0.36202
332.8318085	3.078792	0.363054
332.9336225	3.109115	0.363939
333.0354364	3.139193	0.364556
333.1372503	3.169161	0.365048
333.2390643	3.199039	0.365395
333.3408782	3.228668	0.365621
333.4426921	3.257674	0.365771
333.5445061	3.28602	0.365843
333.64632	3.314078	0.365863
333.7481339	3.341965	0.36583
333.8499479	3.369373	0.365778
333.9578457	3.396138	0.365616
334.0676401	3.422108	0.365417
334.1774346	3.447565	0.365224
334.286264	3.472607	0.36505
334.3950104	3.496988	0.364884
334.5037569	3.520926	0.364629
334.6125033	3.544289	0.364251
334.7212498	3.567248	0.363826
334.8299962	3.589844	0.363382
334.9387426	3.611814	0.362962
335.0474891	3.633385	0.362457
335.1562355	3.654406	0.36185
335.2649916	3.675038	0.361187
335.383502	3.695454	0.360468
335.5020124	3.715597	0.359706
335.6205227	3.735378	0.358847
335.7390331	3.754874	0.357891
335.8575435	3.774031	0.356861
335.9760539	3.793064	0.355763
336.0945642	3.811961	0.354612
336.2130746	3.830393	0.35339
336.3268838	3.848422	0.352106
336.4345392	3.866259	0.350771
336.5421946	3.88404	0.349387
336.64985	3.901725	0.34801
336.7575054	3.918957	0.346569
336.9098985	3.935917	0.345136
337.0744233	3.952786	0.343723
337.2389481	3.969574	0.342305
337.4034729	3.9862	0.340933
337.5679977	4.002794	0.339604
337.7325225	4.019244	0.338279
337.8970473	4.035705	0.336926
338.0615721	4.051999	0.335579
338.2260969	4.067952	0.334233
338.3906217	4.083808	0.332884
338.5551465	4.099487	0.331528
338.7177196	4.114994	0.330084
338.8737813	4.130435	0.328623
339.0241496	4.145578	0.327119
339.1745179	4.160705	0.325535
339.3248862	4.1757	0.32386
339.4517683	4.190335	0.322125
339.5769018	4.204673	0.320365
339.7020353	4.218514	0.318512
339.8271689	4.232051	0.316535
339.9215514	4.245186	0.314489
340.0155411	4.25795	0.312387
340.1095308	4.270479	0.31026
340.2035205	4.282541	0.308135
340.2975102	4.294136	0.305948
340.3914694	4.305275	0.303748
340.4854177	4.316051	0.301521
340.5494525	4.326654	0.299281
340.6131495	4.336831	0.297061
340.6768466	4.346672	0.294848
340.7499721	4.356103	0.29268
340.8331028	4.365244	0.290521
340.9162334	4.374165	0.288338
340.9993641	4.382632	0.28617
341.0878544	4.390593	0.284014
341.1826178	4.398041	0.281889
341.2773813	4.405096	0.279766
341.3721447	4.411833	0.277652
341.4652138	4.417927	0.275567
341.558156	4.423277	0.273539
341.6510981	4.427998	0.271588
341.7454353	4.432313	0.269657
341.8425954	4.436276	0.267749
341.9381271	4.439392	0.265874
342.0300558	4.441835	0.264045
342.1115121	4.44344	0.262268
342.1916395	4.444413	0.260519
342.2717669	4.444875	0.258797
342.3518943	4.444677	0.257125
342.4107305	4.443961	0.255513
342.4681335	4.442516	0.253985
342.5255365	4.440833	0.25249
342.5829395	4.439021	0.251014
342.6403425	4.436997	0.249604
342.7021905	4.434623	0.248241
342.770112	4.432207	0.246914
342.8380336	4.429662	0.245576
342.9059552	4.426994	0.244219
342.9738768	4.4242	0.242908
343.0575915	4.42134	0.241651
343.1462335	4.418209	0.240452
343.2348756	4.414797	0.23926
343.3326276	4.411246	0.238069
343.4554151	4.407214	0.236915
343.5782027	4.402792	0.235769
343.7009902	4.397921	0.234649
343.8151472	4.392888	0.23356
343.9271369	4.387723	0.232455
344.0391266	4.382505	0.231357
344.1509252	4.377067	0.230285
344.2605374	4.371393	0.229208
344.3701496	4.365715	0.228087
344.4797617	4.359801	0.226951
344.5807835	4.353535	0.225887
344.6597921	4.347073	0.224834
344.7388006	4.340382	0.223811
344.8178091	4.333509	0.222807
344.8968177	4.326706	0.221798
344.9757635	4.320143	0.220842
345.0480266	4.3139	0.219919
345.1202898	4.307954	0.219037
345.192553	4.302217	0.218163
345.2648162	4.29638	0.217252
345.3370794	4.290708	0.216393
345.4098778	4.285058	0.215585
345.4844749	4.279276	0.214843
345.5673927	4.273297	0.214129
345.6503106	4.26733	0.213424
345.7332284	4.260788	0.212799
345.8161462	4.253803	0.21224
345.9013917	4.246429	0.211735
345.9878853	4.238711	0.211214
346.0743789	4.230714	0.210649
346.1608725	4.222354	0.210128
346.2473661	4.213753	0.20964
346.3419577	4.204855	0.209209
346.456629	4.195794	0.208749
346.5713004	4.186646	0.208212
346.6859717	4.177617	0.207629
346.796403	4.168568	0.207015
346.8935377	4.15943	0.206405
346.9906724	4.150557	0.205754
347.0878071	4.141834	0.205049
347.1849418	4.133547	0.204293
347.2820765	4.125714	0.20353
347.3792112	4.118439	0.202776
347.4763459	4.111836	0.201946
347.5734806	4.10565	0.201105
347.6706153	4.100347	0.200311
347.7631775	4.096106	0.199543
347.8536832	4.092986	0.198851
347.9402	4.090745	0.198188
348.0177739	4.089126	0.197543
348.0953479	4.088437	0.196926
348.1827757	4.088609	0.196354
348.2778221	4.089758	0.195798
348.3728686	4.091342	0.195294
348.467915	4.093179	0.194775
348.5706501	4.095239	0.194234
348.6859065	4.097322	0.193686
348.8011629	4.09965	0.193163
348.9164193	4.101865	0.192622
349.0526444	4.104212	0.192042
349.1904362	4.106828	0.191452
349.3277692	4.109789	0.190849
349.4553117	4.113072	0.190197
349.5828542	4.116361	0.189542
349.7103968	4.119708	0.188755
349.8223672	4.122859	0.187921
349.9331138	4.125684	0.18709
350.0356587	4.128135	0.186293
350.1248538	4.130097	0.185439
350.2142549	4.131834	0.184526
350.3091336	4.133377	0.183659
350.4085357	4.134599	0.182806
350.550034	4.135389	0.181971
350.6669827	4.135875	0.181085
350.7578332	4.136049	0.180085
350.8405324	4.135949	0.179086
350.9232317	4.135342	0.178087
351.0033248	4.134296	0.177181
351.0824033	4.132985	0.176246
351.1614817	4.131529	0.175256
351.2472595	4.129602	0.174335
351.3378697	4.127549	0.17344
351.42848	4.125398	0.172609
351.5190903	4.123613	0.171754
351.6097006	4.121982	0.17084
351.700179	4.12035	0.169983
351.7894992	4.118601	0.169195
351.8788193	4.11657	0.168476
351.9680435	4.114103	0.167674
352.0570669	4.111405	0.166795
352.1445533	4.108578	0.165927
352.2356636	4.105838	0.164984
352.3321373	4.103315	0.164045
352.428011	4.100887	0.163056
352.5170222	4.098337	0.161984
352.6060334	4.095723	0.160949
352.6930799	4.093123	0.160006
352.7774118	4.090921	0.15918
352.8617437	4.088979	0.158324
352.9460756	4.087301	0.157385
353.0304075	4.08622	0.156525
353.1147394	4.085803	0.155638
353.1973026	4.085599	0.154883
353.2794333	4.085677	0.154066
353.361564	4.086039	0.153164
353.4400916	4.086557	0.152297
353.5183065	4.087095	0.151506
353.5972007	4.087563	0.150775
353.6839658	4.088275	0.149995
353.7713182	4.089026	0.149093
353.8587982	4.089476	0.14827
353.9485289	4.089847	0.147485
354.0382595	4.090115	0.146838
354.1267135	4.090419	0.146201
354.2120456	4.090874	0.145478
354.2973777	4.091764	0.14488
354.3836414	4.09279	0.144409
354.4713972	4.094139	0.144074
354.5591531	4.0954	0.143742
354.6542954	4.096605	0.143363
354.7552712	4.097853	0.143079
354.8547427	4.098917	0.142842
354.9411206	4.100055	0.142645
355.0274985	4.101191	0.142381
355.1187172	4.102072	0.141976
355.2240659	4.102685	0.141577
355.3180088	4.103383	0.141215
355.4213978	4.103745	0.141014
355.5276436	4.103903	0.14086
355.6265863	4.104021	0.140649
355.7167633	4.103736	0.140481
355.8069403	4.102435	0.140404
355.9113711	4.100143	0.140376
356.0211017	4.097228	0.140276
356.1419911	4.09393	0.140096
356.2745357	4.090183	0.139954
356.3892948	4.086232	0.139881
356.4938223	4.082167	0.139845
356.5992103	4.077936	0.139712
356.7164815	4.073593	0.139464
356.8411751	4.069171	0.139244
356.9571236	4.065299	0.138961
357.0730589	4.061856	0.138788
357.1886937	4.058228	0.138618
357.3040732	4.05459	0.138378
357.4194696	4.050874	0.138054
357.5350848	4.046784	0.137522
357.6507001	4.042263	0.137077
357.7806225	4.038354	0.136488
357.9198048	4.034589	0.1357
358.0573001	4.030911	0.13486
358.1934699	4.027445	0.134051
358.3277304	4.024109	0.13339
358.4598171	4.020482	0.132759
358.589964	4.016819	0.132003
358.7164917	4.013501	0.131276
358.8556484	4.0105	0.130532
358.9965437	4.008225	0.129799
359.1374389	4.00643	0.129094
359.2917206	4.004877	0.128356
359.4491128	4.004106	0.127767
359.587977	4.004088	0.127309
359.7225182	4.004921	0.127008
359.8507621	4.005796	0.126765
359.9719161	4.006724	0.126516
360.0930701	4.007566	0.126305
360.2301048	4.007472	0.126069
360.3694838	4.006641	0.125758
360.5113219	4.005831	0.125406
360.6547178	4.005369	0.124864
360.7975728	4.004941	0.124342
360.9396694	4.005234	0.123752
361.078103	4.005642	0.123209
361.1998082	4.006542	0.122551
361.3215134	4.007645	0.121787
361.4323679	4.008417	0.121129
361.5358644	4.009339	0.120577
361.639361	4.009911	0.12014
361.7535525	4.009907	0.119735
361.8771034	4.009722	0.119232
362.0006543	4.009354	0.118929
362.1228919	4.008513	0.118682
362.2450858	4.007852	0.118551
362.3625138	4.007297	0.118397
362.4719588	4.006369	0.118197
362.5814037	4.005192	0.118146
362.6902529	4.003727	0.118269
362.7984506	4.001723	0.11866
362.9066482	3.999375	0.118956
363.0134505	3.996721	0.119114
363.1191024	3.994129	0.119361
363.2247543	3.991169	0.119605
363.327668	3.988127	0.119947
363.4273651	3.984936	0.120308
363.5270622	3.981504	0.120582
363.6263637	3.97746	0.120983
363.7252698	3.9732	0.121467
363.8241759	3.968659	0.122088
363.9369849	3.963626	0.12256
364.068398	3.958594	0.122921
364.1960801	3.953258	0.123391
364.2951431	3.947356	0.123952
364.394206	3.940937	0.124566
364.4927842	3.934566	0.125176
364.5817149	3.92828	0.125703
364.6706456	3.922257	0.12621
364.7595763	3.916516	0.126795
364.8535229	3.910577	0.12753
364.9504043	3.904578	0.128316
365.0472857	3.898373	0.128993
365.1432539	3.892157	0.129879
365.2382879	3.885943	0.130824
365.3333218	3.87991	0.13176
365.4262452	3.874098	0.132609
365.5124849	3.868245	0.133296
365.5951707	3.862094	0.133998
365.6778565	3.855855	0.134742
365.7616031	3.849559	0.135672
365.8455508	3.842749	0.136529
365.9294985	3.835894	0.137211
366.0122233	3.828528	0.137849
366.0933689	3.820702	0.138558
366.1745144	3.812372	0.139344
366.25566	3.803986	0.140098
366.3211638	3.795265	0.140768
366.3852076	3.786286	0.141405
366.4492514	3.777169	0.141963
366.5132952	3.768052	0.142529
366.577339	3.759018	0.143038
366.6413828	3.750256	0.143433
366.7054267	3.741817	0.143829
366.7694705	3.733695	0.144149
366.8335143	3.726039	0.14433
366.8975581	3.71867	0.144477
366.9616019	3.711322	0.144564
367.0256457	3.704603	0.14475
367.0896895	3.698506	0.144916
367.1407736	3.69331	0.145084
367.1802748	3.688263	0.145214
367.219776	3.683611	0.145232
367.2592772	3.679243	0.145303
367.2987784	3.674985	0.145386
367.3382796	3.670922	0.14557
367.3777808	3.66714	0.145761
367.4256775	3.663808	0.145858
367.4937894	3.661004	0.145927
367.5614805	3.658887	0.146053
367.6250849	3.657407	0.146342
367.6873339	3.656594	0.146634
367.7370738	3.656372	0.146783
367.7868137	3.657234	0.147002
367.8365535	3.659329	0.147214
367.8862934	3.662799	0.147408
367.9360333	3.667112	0.147539
368.0080179	3.671938	0.147552
368.0881234	3.677977	0.147487
368.168229	3.684626	0.147427
368.236039	3.69181	0.147443
368.2854947	3.699357	0.147399
368.3349503	3.706919	0.147258
368.384406	3.714135	0.147118
368.4338616	3.720882	0.147052
368.4833173	3.72701	0.146943
368.5327724	3.732578	0.146628
368.5822275	3.737829	0.14622
368.6316826	3.742748	0.145953
368.6811377	3.747531	0.145799
368.7305928	3.751761	0.145707
368.7678438	3.755825	0.145602
368.7972609	3.759547	0.145397
368.8266781	3.762992	0.145236
368.8560952	3.766079	0.145093
368.8855123	3.76938	0.144969
368.9149295	3.772825	0.144775
368.9443466	3.776133	0.144452
368.9741267	3.779118	0.144136
369.0052927	3.782206	0.143816
369.05095	3.785047	0.143572
369.1090849	3.787838	0.143319
369.1672198	3.79066	0.14294
369.2253547	3.793264	0.14258
369.2834896	3.795761	0.142213
369.3255615	3.798109	0.141834
369.3598644	3.800259	0.14136
369.3941673	3.802296	0.140851
369.4284702	3.804244	0.140405
369.4627731	3.806091	0.140014
369.497076	3.807639	0.139695
369.5313789	3.808857	0.139385
369.5656818	3.810261	0.139033
369.5999847	3.812018	0.138681
369.6342876	3.813434	0.138398
369.6685905	3.814784	0.138159
369.7028934	3.816258	0.1379
369.7371963	3.817551	0.137533
369.7714992	3.818378	0.137203
369.8058021	3.819044	0.136922
369.840105	3.819342	0.136752
369.8748489	3.819311	0.13651
369.9114762	3.819266	0.136203
369.9481036	3.819046	0.135881
369.9847309	3.818684	0.135578
370.0213582	3.818001	0.135412
370.0579856	3.816865	0.135171
370.0946129	3.815406	0.134837
370.1312402	3.813607	0.134555
370.1698995	3.81159	0.134319
370.2108439	3.809744	0.134186
370.2517884	3.807981	0.134092
370.2927329	3.806349	0.133969
370.3336773	3.804755	0.133911
370.3746218	3.803023	0.133885
370.4155662	3.801254	0.133964
370.4595377	3.799814	0.133972
370.5058352	3.798086	0.133836
370.5521327	3.796214	0.133751
370.5984302	3.794189	0.133691
370.6447277	3.791666	0.133619
370.6910252	3.78892	0.133511
370.7402061	3.786101	0.133359
370.7927898	3.7832	0.13329
370.8453735	3.780133	0.133206
370.8979572	3.777118	0.133122
370.9505409	3.773788	0.132971
371.0031572	3.770267	0.132732
371.0600057	3.766436	0.132548
371.1190232	3.762612	0.132471
371.1780406	3.758702	0.132462
371.2370581	3.754927	0.13244
371.2960755	3.751149	0.132308
371.3448211	3.747067	0.132142
371.3900611	3.74264	0.131966
371.4353012	3.738258	0.131924
371.4805413	3.733788	0.131906
371.5257813	3.729333	0.131837
371.5710214	3.724821	0.131848
371.6162614	3.720402	0.131986
371.6550593	3.715846	0.132259
371.6920826	3.711035	0.132418
371.7291058	3.706288	0.13252
371.7661291	3.701704	0.132698
371.8031524	3.69721	0.132853
371.8401757	3.69219	0.132741
371.8771989	3.687452	0.132562
371.9142222	3.682781	0.132305
371.9572328	3.678321	0.132167
372.0158335	3.673829	0.13206
372.0744342	3.669567	0.132055
372.1330349	3.66521	0.132024
372.1916356	3.660902	0.131924
372.2502362	3.656329	0.131889
372.3104789	3.651716	0.131821
372.3708977	3.647083	0.131839
372.4313165	3.64249	0.131875
372.4917353	3.637869	0.131861
372.5521541	3.633489	0.131955
372.6001172	3.629363	0.132183
372.6424978	3.625618	0.132518
372.6848785	3.621736	0.132821
372.7272591	3.617802	0.132998
372.7696397	3.613875	0.133165
372.8120204	3.610082	0.133232
372.854401	3.606307	0.133415
372.8972106	3.602605	0.133586
372.9412455	3.59887	0.133657
372.9852805	3.59509	0.133728
373.0293154	3.591143	0.133686
373.0733503	3.587159	0.133719
373.1173852	3.583094	0.133792
373.1614201	3.579128	0.13386
373.2071324	3.575087	0.134091
373.2668077	3.57111	0.13439
373.3280425	3.567133	0.134635
373.393652	3.563216	0.134847
373.4592615	3.559296	0.134929
373.5248711	3.555385	0.134947
373.5828314	3.551528	0.134955
373.6392215	3.547498	0.135068
373.6956116	3.543229	0.135075
373.7520017	3.53899	0.134987
373.8083918	3.534993	0.134941
373.8647819	3.530629	0.134984
373.9199175	3.525997	0.135086
373.9744875	3.521461	0.13515
374.0290576	3.516636	0.13518
374.0836276	3.511665	0.135298
374.1381977	3.506777	0.135338
374.1927677	3.502355	0.135382
374.2541613	3.498106	0.135391
374.3285626	3.494071	0.135294
374.402964	3.490458	0.135148
374.4773653	3.48705	0.135147
374.5517667	3.48372	0.135284
374.6147942	3.480455	0.135376
374.6727155	3.477228	0.135476
374.7306367	3.473842	0.135681
374.788558	3.470524	0.135802
374.8464792	3.467277	0.135936
374.9044005	3.464463	0.136073
374.9901095	3.461722	0.13626
375.0870547	3.459058	0.136351
375.1839999	3.456608	0.136328
375.2759409	3.454499	0.136268
375.337239	3.452431	0.136059
375.3985371	3.450511	0.135748
375.4598352	3.44861	0.135518
375.5211333	3.446633	0.13543
375.5824314	3.4448	0.135307
375.6531942	3.443142	0.135106
375.7337444	3.441629	0.134825
375.8142946	3.440417	0.134669
375.8933346	3.439339	0.134579
375.9720921	3.438638	0.134629
376.0508495	3.438286	0.134738
376.129607	3.437864	0.134874
376.2083644	3.437531	0.134962
376.2871219	3.437806	0.135075
376.3838703	3.43849	0.135126
376.4827452	3.439136	0.135098
376.58162	3.43987	0.13507
376.667724	3.440696	0.13503
376.7394414	3.441578	0.13512
376.8111588	3.442435	0.1351
376.8828762	3.443018	0.134976
376.9545937	3.443943	0.134829
377.0241938	3.445275	0.134806
377.0930867	3.446779	0.134967
377.1619796	3.448195	0.1351
377.2308725	3.44976	0.1353
377.2997654	3.451494	0.135408
377.3797566	3.45304	0.135419
377.4619337	3.454511	0.135501
377.5441108	3.455515	0.135473
377.6262879	3.456239	0.135462
377.7066478	3.456502	0.135455
377.7862857	3.456659	0.135506
377.8659237	3.456361	0.135387
377.9455616	3.45546	0.135351
378.0386012	3.454412	0.135336
378.1470891	3.453344	0.135367
378.255577	3.452366	0.13546
378.3630838	3.451529	0.135511
378.4629059	3.450882	0.135654
378.562728	3.450371	0.135769
378.66255	3.449754	0.135711
378.755979	3.448694	0.135576
378.8476158	3.447174	0.135358
378.9392525	3.445643	0.13531
379.0308892	3.443931	0.135298
379.1054537	3.442398	0.135315
379.1781198	3.440953	0.135459
379.250786	3.43927	0.135536
379.3234522	3.437617	0.135726
379.3962902	3.435716	0.135725
379.4995457	3.433378	0.135669
379.6028013	3.430579	0.135686
379.7060569	3.427994	0.135889
379.8160749	3.425673	0.136173
379.9313796	3.42388	0.136468
380.0466844	3.422178	0.136735
380.1655806	3.420713	0.137051
380.2884179	3.419217	0.137387
380.4112552	3.41763	0.137854
380.5244737	3.415773	0.138279
380.6307693	3.41401	0.138629
380.7370649	3.41224	0.138957
380.846664	3.410654	0.139414
380.9664409	3.409075	0.139883
381.0860765	3.407402	0.14037
381.2059563	3.405808	0.14084
381.3264652	3.404216	0.141413
381.4469741	3.402484	0.141784
381.5703592	3.400622	0.141934
381.6992018	3.398925	0.141997
381.8280445	3.397413	0.141931
381.9573894	3.396119	0.141936
382.0870685	3.394858	0.142007
382.2167476	3.393573	0.142179
382.3348217	3.39212	0.142297
382.4512131	3.390574	0.142256
382.5676044	3.388978	0.142215
382.6867529	3.387531	0.14223
382.8064461	3.386145	0.142328
382.9261394	3.384919	0.142488
383.0573661	3.38378	0.142639
383.1901585	3.383035	0.142887
383.3195191	3.382415	0.143231
383.4365256	3.382364	0.143692
383.5528704	3.38257	0.144083
383.6699787	3.382685	0.144326
383.7903579	3.382724	0.144479
383.9107371	3.382783	0.144635
384.0273859	3.382971	0.144858
384.134183	3.383009	0.144989
384.24098	3.382958	0.145
384.347777	3.383191	0.145074
384.4820985	3.384255	0.145117
384.6168991	3.385535	0.145311
384.7491047	3.387146	0.145529
384.8769845	3.388885	0.145756
385.0048644	3.390538	0.146032
385.1327443	3.391595	0.146319
385.2606241	3.391955	0.146337
385.388504	3.392336	0.146248
385.5191395	3.392644	0.146122
385.650162	3.392505	0.146059
385.7808061	3.391831	0.146037
385.9098748	3.390479	0.146182
386.0385645	3.388422	0.146382
386.1649738	3.385869	0.146533
386.2896708	3.382437	0.146663
386.4143678	3.378294	0.146762
386.5350684	3.373272	0.1469
386.6538504	3.367508	0.147003
386.7726324	3.361281	0.147026
386.9075448	3.354184	0.147082
387.0480605	3.346277	0.147066
387.1846376	3.337425	0.14689
387.3101465	3.327973	0.14673
387.4356554	3.318028	0.146517
387.5655623	3.307333	0.146168
387.7001163	3.296112	0.145706
387.8346703	3.284576	0.145285
387.9674814	3.272811	0.144707
388.1000915	3.261057	0.143948
388.2306643	3.24923	0.143019
388.3557021	3.237265	0.14194
388.4807399	3.225382	0.140781
388.599077	3.213743	0.13957
388.7117614	3.202398	0.138285
388.8244459	3.191488	0.137049
388.9454922	3.180886	0.135704
389.074176	3.170794	0.134479
389.2028597	3.160966	0.133215
389.3209524	3.151191	0.131845
389.4382589	3.14189	0.130667
389.5559506	3.13303	0.12969
389.6776453	3.124923	0.128894
389.79934	3.117075	0.128068
389.9228094	3.109452	0.127147
390.0496156	3.10214	0.126319
390.1764218	3.094854	0.125597
390.3060379	3.087422	0.125089
390.4367625	3.079721	0.124611
390.5677393	3.071838	0.123988
390.6999852	3.063311	0.123317
390.832231	3.054567	0.12263
390.9685	3.044981	0.121932
391.1178551	3.035485	0.121106
391.2649036	3.025856	0.12008
391.4024398	3.016247	0.119115
391.539976	3.006782	0.118192
391.6811012	2.997414	0.117413
391.8253327	2.987943	0.116549
391.9695687	2.978469	0.115471
392.1271406	2.968873	0.114391
392.2847125	2.958928	0.113288
392.4584461	2.948982	0.11231
392.6398093	2.938803	0.111251
392.8211726	2.928483	0.110058
393.0025358	2.917964	0.108998
393.2248792	2.907321	0.108022
393.4608636	2.896512	0.107261
393.6441489	2.885829	0.106427
393.809129	2.875441	0.105395
393.957245	2.865396	0.104465
394.1053609	2.855696	0.103592
394.2587294	2.846619	0.102854
394.4123014	2.837909	0.101948
394.573935	2.829154	0.10082
394.7374739	2.820779	0.099826
394.9063113	2.812542	0.098943
395.0765893	2.804096	0.098296
395.2638728	2.795601	0.097594
395.4520503	2.78725	0.096693
395.6213504	2.779051	0.095908
395.7928875	2.771317	0.095156
395.9768097	2.764891	0.094608
396.1629118	2.758941	0.093948
396.3470593	2.753555	0.09302
396.5330102	2.748843	0.092211
396.7206761	2.744927	0.091453
396.8907958	2.741179	0.090851
397.0535785	2.737875	0.090222
397.2214238	2.734677	0.089395
397.3923535	2.731515	0.088839
397.5911741	2.728164	0.088517
397.8037981	2.724571	0.088446
397.9819841	2.720767	0.088215
398.1605391	2.716855	0.087738
398.3411268	2.713052	0.087228
398.5343564	2.709076	0.086689
398.7621269	2.704906	0.086307
398.9609105	2.700741	0.085891
399.1471714	2.696838	0.085322
399.34562	2.693363	0.085045
399.5477125	2.690561	0.084914
399.7346696	2.689314	0.085066
399.9240014	2.688882	0.085142
400.1464535	2.688758	0.084848
400.338601	2.689075	0.084634
400.4944776	2.689898	0.084517
400.6525925	2.690287	0.084688
400.8233117	2.690301	0.084732
400.9957882	2.690233	0.084564
401.2081927	2.690049	0.084718
401.4187989	2.689767	0.085045
401.6187705	2.689888	0.085657
401.8422915	2.690294	0.086125
402.0931568	2.690832	0.086253
402.2791672	2.69159	0.086587
402.4638754	2.692368	0.087048
402.6664683	2.692828	0.087763
402.8696918	2.692993	0.088384
403.0730387	2.692772	0.088697
403.2661584	2.692276	0.089251
403.436305	2.69172	0.089941
403.6097005	2.691704	0.090877
403.8056256	2.692492	0.091705
403.9947918	2.693915	0.092208
404.190637	2.696282	0.092779
404.3871216	2.699373	0.093385
404.5844713	2.703528	0.094203
404.7728969	2.707962	0.095048
404.9561252	2.712798	0.095788
405.1244049	2.718008	0.096663
405.2863018	2.723446	0.097514
405.455999	2.728428	0.098213
405.6330372	2.733155	0.098718
405.8049753	2.737754	0.099079
405.9721386	2.742519	0.099538
406.1377658	2.747597	0.099986
406.3010862	2.752668	0.100568
406.4622402	2.7582	0.100808
406.6360871	2.763433	0.100752
406.808602	2.768139	0.100651
406.9785736	2.772267	0.100623
407.1398038	2.775994	0.100947
407.2885151	2.779185	0.101195
407.442258	2.782194	0.101222
407.6158331	2.784792	0.101367
407.7826275	2.787253	0.10155
407.9343268	2.789797	0.101893
408.0906078	2.791939	0.102025
408.2739785	2.794346	0.10193
408.4537726	2.797468	0.101833
408.6270213	2.800849	0.101711
408.798973	2.804738	0.101848
408.972412	2.80903	0.101906
409.1433701	2.813399	0.101827
409.3115226	2.817435	0.101922
409.4738103	2.821251	0.101988
409.627955	2.824312	0.101935
409.7846395	2.8275	0.101798
409.9527615	2.830451	0.10148
410.1166575	2.832987	0.101251
410.2524564	2.835424	0.10119
410.3882552	2.837419	0.101412
410.5154113	2.839248	0.101464
410.6366005	2.841134	0.101319
410.7577897	2.843569	0.101141
410.8789789	2.846226	0.100971
411.0001681	2.850007	0.100981
411.1213573	2.853804	0.100871
411.249315	2.85773	0.100585
411.379658	2.861485	0.100403
411.5087063	2.865414	0.100386
411.63297	2.869205	0.10062
411.7572337	2.872926	0.100748
411.8778779	2.876644	0.100662
411.9933159	2.880628	0.100745
412.1087539	2.884469	0.101016
412.2266911	2.88807	0.101466
412.3486482	2.89205	0.101883
412.4706053	2.89625	0.102124
412.5984402	2.900697	0.102488
412.7317354	2.905701	0.102944
412.8650305	2.911651	0.10366
412.9907221	2.917933	0.104243
413.1155421	2.924241	0.104589
413.238522	2.930744	0.104999
413.3445514	2.937405	0.105376
413.4505808	2.943487	0.105882
413.5566102	2.949151	0.106319
413.6760336	2.954744	0.106547
413.7984656	2.960068	0.106738
413.9144167	2.965027	0.107019
414.0429411	2.970204	0.10754
414.1720522	2.975174	0.108011
414.2970855	2.980059	0.10825
414.4159618	2.984658	0.108608
414.5348381	2.988825	0.108952
414.6296358	2.992993	0.109356
414.709757	2.997558	0.109715
414.7898782	3.00221	0.109956
414.8699995	3.007516	0.110501
414.9501207	3.013609	0.111257
415.0302419	3.019789	0.112138
415.1103632	3.02617	0.112998
415.1904844	3.032471	0.113778
415.2754476	3.038816	0.11477
415.368297	3.04513	0.115862
415.4611464	3.051222	0.117112
415.5539958	3.056889	0.118227
415.6415962	3.062405	0.119134
415.7280817	3.067354	0.119856
415.8145672	3.07176	0.120561
415.901082	3.075741	0.121219
415.9914205	3.079447	0.121716
416.081759	3.083054	0.122083
416.1720976	3.086102	0.122344
416.2562322	3.08864	0.122672
416.3294873	3.091124	0.123108
416.4027425	3.093786	0.123492
416.4759977	3.096546	0.123739
416.5492529	3.099384	0.124246
416.6452982	3.102344	0.12492
416.7448459	3.105363	0.125677
416.8443936	3.108325	0.126426
416.9454	3.111495	0.127062
417.0475278	3.114978	0.127626
417.1496557	3.118839	0.128152
417.2524633	3.122891	0.128704
417.3565482	3.126961	0.129138
417.4458388	3.131017	0.129417
417.5306744	3.135077	0.129851
417.61551	3.139218	0.130392
417.7003455	3.143352	0.130882
417.7760689	3.147351	0.131256
417.8507186	3.151297	0.131643
417.9253682	3.155427	0.132241
418.0000179	3.159629	0.132914
418.0922269	3.164014	0.133687
418.2025656	3.168687	0.134409
418.3129043	3.173481	0.135057
418.426157	3.178527	0.135789
418.5421712	3.183793	0.136621
418.6630061	3.189145	0.137509
418.7897505	3.195015	0.138301
418.9181372	3.200963	0.138972
419.0465238	3.206889	0.139566
419.1639716	3.212432	0.14014
419.2809778	3.218089	0.140797
419.397984	3.223551	0.141365
419.5125052	3.22899	0.141839
419.6269688	3.234499	0.142349
419.7414323	3.240466	0.142842
419.8655641	3.246112	0.143301
419.9904557	3.251448	0.143688
420.111747	3.25666	0.143946
420.2092902	3.2615	0.144282
420.3068334	3.266072	0.144709
420.4043766	3.270537	0.145313
420.5170582	3.274655	0.14595
420.6420077	3.27856	0.146565
420.7669573	3.282172	0.147256
420.8848677	3.285296	0.147921
421.000533	3.287976	0.148611
421.1161982	3.290079	0.149243
421.2351498	3.291774	0.14982
421.3564506	3.293399	0.150527
421.4777514	3.294642	0.151263
421.5777073	3.295638	0.152112
421.6765608	3.297004	0.152967
421.7754142	3.298467	0.153789
421.8741853	3.299648	0.15466
421.9728831	3.300938	0.155616
422.0715809	3.3023	0.156608
422.167292	3.303815	0.157568
422.2365193	3.30552	0.15845
422.3057466	3.307456	0.159337
422.3749739	3.309386	0.160215
422.4442012	3.311529	0.1612
422.5137415	3.313795	0.162177
422.5844258	3.316057	0.163083
422.6551102	3.318493	0.163991
422.7257946	3.321264	0.164987
422.7964789	3.324228	0.166074
422.882096	3.327347	0.167168
422.9875924	3.330666	0.168217
423.0930889	3.334236	0.16931
423.1939783	3.338067	0.170404
423.278756	3.342151	0.171492
423.3635337	3.346254	0.172579
423.4483113	3.350543	0.173596
423.5338737	3.35505	0.174678
423.6222249	3.359613	0.175768
423.710754	3.364647	0.176885
423.799283	3.369799	0.177955
423.8830248	3.374966	0.178974
423.9594309	3.380104	0.179999
424.035837	3.385341	0.181084
424.1122431	3.39053	0.182192
424.1886492	3.395758	0.183281
424.2521644	3.400923	0.184354
424.3149844	3.406108	0.185447
424.3778044	3.411494	0.186535
424.4406244	3.416719	0.187642
424.5034444	3.422276	0.188692
424.5690555	3.428168	0.189672
424.6370326	3.434556	0.190738
424.7050097	3.441164	0.191843
424.7729868	3.448254	0.192994
424.8409639	3.455883	0.194113
424.91981	3.46374	0.19518
425.0077723	3.471913	0.196249
425.0957346	3.480637	0.197281
425.1836968	3.489828	0.198315
425.2829525	3.49885	0.199338
425.3874765	3.508006	0.200282
425.4920004	3.517478	0.201235
425.5945875	3.527372	0.202129
425.6946269	3.537783	0.202976
425.7946662	3.548659	0.203848
425.8942531	3.559742	0.204726
425.9817739	3.571315	0.205628
426.0737522	3.583052	0.206603
426.1771589	3.595198	0.207603
426.2812639	3.607569	0.208536
426.3891836	3.620149	0.209388
426.4971034	3.633039	0.210214
426.6093062	3.646563	0.211011
426.7142301	3.660804	0.211746
426.8071372	3.675519	0.212441
426.9000442	3.690704	0.213161
426.9929512	3.706278	0.213982
427.0858582	3.722257	0.214874
427.1994604	3.73873	0.215818
427.3163154	3.755803	0.216817
427.4331704	3.773221	0.217824
427.5500254	3.791556	0.218794
427.6668803	3.810612	0.21972
427.7837353	3.830345	0.220575
427.9005903	3.850397	0.221473
428.007393	3.870839	0.222447
428.1073549	3.892141	0.223461
428.2073167	3.914008	0.22459
428.3072786	3.936794	0.225639
428.4043938	3.960036	0.226553
428.4961346	3.983256	0.227259
428.5878754	4.00685	0.227871
428.6796161	4.031114	0.228332
428.7713569	4.056094	0.228656
428.8737253	4.081337	0.228737
428.9802937	4.106726	0.228557
429.0868621	4.132214	0.22819
429.1843728	4.157621	0.227563
429.2785945	4.182805	0.226874
429.3728163	4.207679	0.225968
429.467038	4.232355	0.22502
429.5612598	4.256368	0.223979
429.6549083	4.279301	0.222939
429.7483616	4.300991	0.221988
429.8418149	4.321796	0.220959
429.9352682	4.342066	0.21998
430.0315549	4.361075	0.219047
430.1289014	4.379303	0.218183
430.2262478	4.396364	0.217332
430.3235943	4.412854	0.216557
430.3935797	4.429101	0.21578
430.4594892	4.444816	0.21506
430.5253987	4.459901	0.214374
430.5913082	4.474177	0.213671
430.6572176	4.488047	0.212942
430.7231271	4.501544	0.212093
430.7890366	4.514831	0.211211
430.8549461	4.527937	0.210248
430.9208556	4.540865	0.209251
430.986765	4.553284	0.208154
431.0526745	4.565263	0.207028
431.1143372	4.576666	0.205984
431.1713179	4.587425	0.204982
431.2282985	4.597406	0.204157
431.2852792	4.60708	0.203367
431.3422598	4.61626	0.202587
431.3992405	4.624396	0.201875
431.4562211	4.631687	0.201257
431.5375237	4.638258	0.200652
431.6214774	4.644387	0.200055
431.7054312	4.650286	0.199419
431.7893849	4.655799	0.198773
431.8647636	4.66079	0.198201
431.9353093	4.665271	0.197735
432.0058549	4.669255	0.19728
432.0764006	4.672969	0.196799
432.1469463	4.67619	0.196355
432.2190653	4.678895	0.195954
432.2922931	4.680878	0.195557
432.3655208	4.682776	0.195165
432.4387485	4.684437	0.194726
432.5119762	4.685705	0.194289
432.5836866	4.686739	0.19385
432.6548033	4.687441	0.193501
432.72592	4.688021	0.193167
432.7970367	4.688476	0.192807
432.8681533	4.688575	0.192438
432.9346051	4.688207	0.192096
432.9991179	4.687294	0.19176
433.0636306	4.685966	0.191346
433.1281434	4.684514	0.190889
433.1926562	4.682724	0.19042
433.2616474	4.680768	0.189933
433.3509109	4.678673	0.189416
433.4401743	4.676373	0.18888
433.5294378	4.673927	0.188309
433.6183976	4.671277	0.187787
433.7060421	4.668512	0.187312
433.7906172	4.665624	0.186871
433.8751229	4.662566	0.186445
433.9588868	4.65939	0.185982
434.0372331	4.656187	0.185597
434.1155794	4.652854	0.185231
434.1939256	4.649443	0.184926
434.2722719	4.645977	0.184593
434.3468998	4.642686	0.184218
434.420177	4.639486	0.183837
434.4934542	4.636417	0.183511
434.5667313	4.633401	0.18327
434.6397701	4.630248	0.183049
434.7075231	4.62704	0.18283
434.775276	4.623653	0.182654
434.843029	4.6204	0.182598
434.910782	4.617518	0.182635
434.978535	4.614805	0.182667
435.046288	4.611989	0.182695
435.1140409	4.609308	0.182819
435.1817939	4.606808	0.182969
435.2495469	4.60473	0.183046
435.3172999	4.603325	0.18305
435.398797	4.601989	0.183023
435.4818625	4.600643	0.182992
435.564928	4.599141	0.182883
435.6479936	4.597099	0.1828
435.7213456	4.594486	0.182671
435.7916289	4.591508	0.182538
435.8619121	4.587973	0.182491
435.9446263	4.584052	0.18248
436.0278139	4.579348	0.182441
436.1424613	4.574179	0.182363
436.2618202	4.569006	0.182194
436.3811791	4.563686	0.182026
436.500538	4.558056	0.181849
436.6198969	4.552188	0.18164
436.7392558	4.5465	0.181428
436.8572533	4.540974	0.181122
436.9510747	4.535961	0.180812
437.0428705	4.531178	0.180557
437.1342095	4.527086	0.180383
437.2255485	4.523172	0.180196
437.3168875	4.519476	0.179994
437.4082265	4.516261	0.179751
437.4995655	4.513327	0.179506
437.5927427	4.510916	0.179351
437.6941682	4.509162	0.179192
437.804727	4.507559	0.179022
437.9152857	4.506392	0.178878
438.0258445	4.505582	0.178898
438.1364032	4.504823	0.179043
438.2469619	4.504208	0.179207
438.3575207	4.503679	0.179354
438.4680794	4.503243	0.179526
438.5629054	4.503268	0.179729
438.6553369	4.504024	0.179994
438.7477684	4.505018	0.180325
438.8401999	4.506293	0.180629
438.9414437	4.507829	0.181072
439.0574153	4.509365	0.181643
439.1733869	4.510482	0.182236
439.2893584	4.510932	0.182771
439.3798873	4.511157	0.183276
439.463771	4.51077	0.183686
439.5476547	4.509795	0.184004
439.6315384	4.508279	0.184047
439.7154221	4.506164	0.18394
439.7987678	4.50388	0.183711
439.8820122	4.501127	0.183386
439.9652566	4.498027	0.182883
440.048501	4.494655	0.182472
440.1317454	4.491547	0.182038
440.2292316	4.488252	0.181573
440.342333	4.484927	0.181125
440.4597622	4.481562	0.180707
440.5771914	4.478221	0.180353
440.6946205	4.474969	0.179976
440.8120497	4.471967	0.179568
440.9294789	4.469024	0.179208
441.0469081	4.466233	0.178941
441.1629387	4.463543	0.178721
441.2777864	4.460921	0.178432
441.3926341	4.45815	0.178086
441.5074818	4.455427	0.177753
441.6194233	4.452796	0.177422
441.7243618	4.450294	0.177085
441.8293003	4.447796	0.17679
441.9342388	4.445061	0.176489
442.0391773	4.442123	0.176277
442.1262832	4.439047	0.176135
442.2035142	4.435657	0.176065
442.2807452	4.432054	0.176013
442.3579762	4.428325	0.175876
442.4352072	4.424204	0.1758
442.5124382	4.419804	0.175753
442.6031388	4.415173	0.175764
442.7217124	4.410433	0.175663
442.840286	4.405744	0.175506
442.9588596	4.40098	0.175414
443.076443	4.39597	0.175399
443.1903198	4.39105	0.175474
443.3041965	4.386163	0.175554
443.4180732	4.381484	0.175574
443.5456355	4.377005	0.175623
443.6635005	4.372767	0.175676
443.7805011	4.36848	0.175779
443.8975017	4.364342	0.175835
444.0145023	4.360381	0.17581
444.128699	4.356788	0.175792
444.2325433	4.353449	0.17575
444.3363875	4.350118	0.175724
444.4402318	4.346807	0.175687
444.5440761	4.343627	0.175636
444.6479203	4.340763	0.175649
444.7362	4.338415	0.175641
444.822809	4.336658	0.175615
444.909418	4.335076	0.175578
444.996027	4.333503	0.175528
445.082636	4.332133	0.175582
445.1692451	4.330838	0.175711
445.2647499	4.329876	0.175835
445.3679459	4.32885	0.175876
445.471142	4.327415	0.175806
445.5743381	4.325711	0.175739
445.6775341	4.323665	0.175655
445.7832558	4.321079	0.175569
445.8995446	4.318434	0.175426
446.0158334	4.315833	0.175237
446.1321222	4.312979	0.175096
446.2484111	4.309966	0.175048
446.3825864	4.307186	0.175048
446.5385266	4.304772	0.175025
446.6944667	4.302656	0.174975
446.8504069	4.300834	0.174931
446.9744917	4.299411	0.174939
447.0851835	4.298191	0.175069
447.1911252	4.296982	0.1752
447.297067	4.295784	0.175306
447.3957668	4.294674	0.175424
447.4817337	4.293713	0.175515
447.5677006	4.293102	0.175626
447.6536675	4.292544	0.175779
447.7396344	4.292162	0.175911
447.8256013	4.29225	0.176095
447.9125554	4.292802	0.176211
447.9998346	4.293463	0.176348
448.0871139	4.294103	0.176459
448.1743931	4.294701	0.176538
448.2616723	4.295448	0.176627
448.3464773	4.295908	0.176702
448.4228299	4.296024	0.176842
448.4991824	4.295793	0.176937
448.5755349	4.295211	0.17699
448.6518874	4.293825	0.177058
448.7282399	4.291858	0.17715
448.8045924	4.289472	0.177312
448.8937657	4.28726	0.177421
448.9842108	4.28524	0.177439
449.0746559	4.283555	0.177508
449.1651011	4.282166	0.177615
449.2555462	4.281031	0.177656
449.3429202	4.280314	0.177678
449.4280454	4.279779	0.177676
449.5131706	4.279521	0.177739
449.5982958	4.279648	0.177812
449.683421	4.280445	0.177861
449.7685462	4.281389	0.177849
449.8381348	4.282546	0.177797
449.9062164	4.283882	0.177743
449.9742981	4.285474	0.177628
450.0423797	4.287141	0.177485
450.1104614	4.288639	0.177328
450.1822497	4.28999	0.177146
450.258735	4.291131	0.177041
450.3352204	4.291887	0.176896
450.4117058	4.29216	0.176818
450.4881912	4.292359	0.176727
450.5646766	4.292455	0.176612
450.641162	4.292235	0.176507
450.7176474	4.291683	0.176441
450.7941328	4.290956	0.176399
450.8706182	4.290125	0.176275
450.9471035	4.28934	0.176052
451.0235889	4.288351	0.175799
451.1000743	4.287389	0.17557
451.1765597	4.286419	0.175279
451.2530451	4.285432	0.174951
451.3295305	4.284564	0.174562
451.4127484	4.283974	0.174087
451.4994439	4.283445	0.173596
451.5861394	4.282987	0.173156
451.6728349	4.282299	0.172675
451.7595304	4.281396	0.172132
451.8462259	4.280642	0.171623
451.9448688	4.279853	0.171157
452.0607308	4.279078	0.170692
452.1765928	4.278437	0.17018
452.2924549	4.277567	0.169671
452.4083169	4.276299	0.169233
452.524179	4.27498	0.168853
452.640041	4.27362	0.168553
452.755903	4.272368	0.168209
452.8717651	4.271234	0.167827
452.9876271	4.270168	0.167448
453.1034892	4.268918	0.167094
453.2193512	4.267622	0.166773
453.3352132	4.266191	0.166395
453.4510753	4.264761	0.165982
453.5545757	4.263327	0.165587
453.6379218	4.261755	0.165234
453.7212679	4.260111	0.164931
453.804614	4.258179	0.16458
453.8879601	4.256008	0.164184
453.9750888	4.253561	0.163781
454.0749653	4.251186	0.163356
454.1882466	4.248081	0.162922
454.3033691	4.24496	0.162416
454.4184916	4.242123	0.1618
454.5336141	4.239788	0.161197
454.6487366	4.237966	0.160593
454.7689985	4.236816	0.160106
454.9056031	4.236059	0.159637
455.0422076	4.235748	0.159116
455.1788122	4.235638	0.158648
455.3154167	4.235631	0.158156
455.4607681	4.236179	0.157787
455.6153633	4.236753	0.157415
455.7699586	4.236947	0.156963
455.9245538	4.236913	0.156576
456.0752335	4.236976	0.156322
456.2161499	4.236566	0.156151
456.3570664	4.236026	0.155976
456.4979828	4.235347	0.155692
456.6388992	4.234471	0.155457
456.7881466	4.233235	0.155229
456.9413393	4.231877	0.155104
457.094532	4.230465	0.154965
457.2477246	4.228973	0.154769
457.3923894	4.227372	0.154621
457.5552901	4.225553	0.15448
457.741719	4.223525	0.154452
457.9281479	4.221195	0.154454
458.1145768	4.21878	0.154444
458.2883419	4.216201	0.154554
458.4532459	4.213107	0.154722
458.6181499	4.20972	0.155008
458.7830539	4.206351	0.155282
458.9479579	4.203118	0.155515
459.1136041	4.200293	0.155853
459.2857063	4.19808	0.156235
459.4578086	4.196265	0.156767
459.6299109	4.194724	0.157315
459.8020132	4.193418	0.157808
459.9741155	4.191902	0.158402
460.1364754	4.189997	0.159088
460.2970795	4.18782	0.159916
460.4576837	4.185397	0.160754
460.6182879	4.182477	0.161536
460.7788921	4.178939	0.162428
460.9344293	4.17476	0.163445
461.0714904	4.169967	0.164616
461.2085515	4.164712	0.165826
461.3456127	4.15915	0.167026
461.4826738	4.15317	0.168297
461.6197349	4.14713	0.169581
461.756796	4.140968	0.170941
461.8961265	4.134736	0.172278
462.0368733	4.128536	0.17356
462.17762	4.122294	0.174854
462.3183668	4.116159	0.17618
462.4188984	4.110257	0.177579
462.5164251	4.104346	0.178964
462.6162907	4.098422	0.180311
462.7261905	4.092551	0.181728
462.8360903	4.086597	0.183192
462.94599	4.080709	0.184752
463.0558898	4.075048	0.186291
463.1657896	4.069368	0.187792
463.2792134	4.063554	0.189326
463.396366	4.057595	0.190868
463.5135186	4.051577	0.192403
463.6306712	4.04569	0.193918
463.7478238	4.040067	0.195388
463.8631094	4.035007	0.196884
463.966516	4.03061	0.19832
464.0699226	4.026641	0.199814
464.1733292	4.022837	0.201297
464.2767359	4.019096	0.202734
464.3801425	4.015398	0.204158
464.4848408	4.011637	0.205507
464.6055713	4.007669	0.206869
464.7263017	4.003562	0.208199
464.8470322	3.999502	0.209452
464.9677626	3.995542	0.210742
465.0884931	3.991429	0.212067
465.1784286	3.987218	0.213364
465.2642856	3.983011	0.214589
465.3501426	3.978685	0.215723
465.4359996	3.974459	0.216837
465.5218566	3.970477	0.217872
465.6077136	3.966647	0.218935
465.6935706	3.962923	0.219958
465.7699425	3.959297	0.220905
465.8556739	3.955889	0.221824
465.9414052	3.952653	0.222692
466.0271366	3.949444	0.223508
466.1007676	3.946342	0.224289
466.1482683	3.943509	0.225003
466.195769	3.940918	0.22569
466.2432696	3.938803	0.226341
466.2907703	3.936997	0.227025
466.338271	3.935238	0.227648
466.3857717	3.933607	0.228188
466.4332724	3.932121	0.228696
466.49281	3.930944	0.229141
466.5598371	3.930048	0.229544
466.6268643	3.929285	0.229908
466.6938914	3.928538	0.230206
466.7609186	3.927886	0.230483
466.8279457	3.927407	0.230692
466.8949729	3.927223	0.230881
466.962	3.927296	0.231025
467.0290272	3.927524	0.231095
467.0886049	3.92806	0.231175
467.1443276	3.928823	0.231262
467.1939024	3.930126	0.231307
467.2408762	3.931648	0.231269
467.28785	3.933321	0.231143
467.3348238	3.935262	0.230967
467.3817976	3.937309	0.230757
467.4287714	3.939477	0.23049
467.4778732	3.941858	0.230177
467.5341191	3.944385	0.229773
467.590365	3.947119	0.229342
467.6466109	3.949848	0.228861
467.7028569	3.952507	0.228386
467.7591028	3.955196	0.227852
467.8305532	3.957868	0.227246
467.9052646	3.960579	0.226588
467.9799761	3.963349	0.225905
468.0546876	3.966149	0.225223
468.1076339	3.96895	0.224503
468.1534582	3.971758	0.223698
468.1992825	3.97442	0.222798
468.2451068	3.976928	0.221822
468.2909311	3.979328	0.220814
468.337811	3.981561	0.219732
468.3878945	3.983686	0.218575
468.4581906	3.985556	0.217378
468.5284867	3.987156	0.216129
468.5987827	3.988789	0.214852
468.6690788	3.990207	0.213518
468.7371442	3.991375	0.212118
468.8039827	3.992114	0.210739
468.8708211	3.992549	0.209326
468.9376596	3.992697	0.207894
469.0044981	3.992722	0.20643
469.0566889	3.992658	0.204914
469.1079627	3.992479	0.203429
469.1592364	3.992167	0.201984
469.2105102	3.991907	0.200492
469.2617839	3.991757	0.198985
469.3130577	3.991578	0.197448
469.3876283	3.991413	0.195968
469.4676983	3.991112	0.194533
469.5477682	3.990592	0.193181
469.6278382	3.99	0.191808
469.7094095	3.989423	0.190377
469.791181	3.988905	0.188958
469.8588753	3.988333	0.187548
469.9245292	3.987663	0.186204
469.9685217	3.987133	0.184858
470.0125142	3.986613	0.183464
470.0565067	3.986181	0.1821
470.1004992	3.985696	0.180785
470.1444918	3.984937	0.179556
470.1935887	3.983926	0.178307
470.2601961	3.982873	0.177014
470.3268034	3.981638	0.175766
470.3934108	3.980371	0.17458
470.4600182	3.978914	0.173502
470.5266256	3.977162	0.172404
470.593233	3.975403	0.171238
470.6598403	3.973757	0.170066
470.7279809	3.972378	0.168878
470.7973814	3.970849	0.167768
470.8667818	3.969434	0.16667
470.9361823	3.967902	0.165585
471.0092701	3.966206	0.164611
471.0835014	3.964321	0.163708
471.1583903	3.96268	0.162867
471.2332792	3.96107	0.162018
471.3081681	3.959444	0.161131
471.383057	3.957576	0.160274
471.457946	3.955489	0.159459
471.530317	3.953076	0.158706
471.6024796	3.95044	0.15794
471.6746423	3.947564	0.157103
471.7468049	3.944314	0.156345
471.8189676	3.940916	0.155707
471.8911302	3.937394	0.155186
471.9632929	3.933604	0.154646
472.0282928	3.92962	0.153998
472.0905057	3.925357	0.153383
472.1527186	3.920634	0.152846
472.2149315	3.915712	0.152438
472.2819592	3.910713	0.152071
472.3509515	3.905785	0.151678
472.4174106	3.900773	0.151286
472.4838698	3.895353	0.150923
472.5496624	3.889713	0.150682
472.6153693	3.883844	0.15038
472.6810763	3.877822	0.150024
472.749595	3.871254	0.149776
472.830225	3.864319	0.149648
472.9108551	3.856733	0.14959
472.9936222	3.848815	0.149489
473.0864583	3.840322	0.149335
473.1792944	3.831249	0.149212
473.2737712	3.821998	0.149129
473.369548	3.812381	0.149032
473.4651417	3.802694	0.148875
473.549354	3.793171	0.148591
473.6305039	3.783971	0.148145
473.7027788	3.774803	0.147691
473.745724	3.765697	0.147303
473.7886693	3.756476	0.14696
473.8316146	3.747302	0.146546
473.8745598	3.738219	0.146217
473.9175051	3.729373	0.145995
474.0089896	3.7207	0.145865
474.1023677	3.712181	0.145727
474.1983705	3.703645	0.145542
474.29662	3.695096	0.145438
474.3944092	3.686639	0.145344
474.490703	3.678137	0.145339
474.5869968	3.669752	0.145309
474.6832907	3.661567	0.145177
474.7795845	3.653713	0.145052
474.8757731	3.646593	0.144875
474.9717234	3.640192	0.144908
475.0676737	3.634019	0.144983
475.1636241	3.62817	0.145034
475.2595744	3.622733	0.145156
475.3489834	3.61748	0.145294
475.4370934	3.612601	0.145453
475.534908	3.608229	0.145569
475.6583158	3.603786	0.145575
475.7609482	3.599624	0.145526
475.8379407	3.595476	0.145494
475.9149332	3.591217	0.145508
476.0074171	3.586883	0.145482
476.1142788	3.582692	0.145478
476.213515	3.578433	0.14565
476.3015762	3.574103	0.145899
476.3906853	3.569582	0.146191
476.4999864	3.565022	0.146517
476.6063736	3.560446	0.146907
476.6960819	3.556002	0.147423
476.7857902	3.551864	0.147893
476.8688468	3.54861	0.148499
476.95057	3.545654	0.149011
477.0328726	3.543132	0.149402
477.1165872	3.541488	0.149774
477.2003018	3.540927	0.150035
477.2943121	3.541294	0.150138
477.3907453	3.542197	0.150005
477.4890352	3.543559	0.14983
477.5876473	3.546041	0.149626
477.6862594	3.549047	0.149425
477.7848715	3.552569	0.14922
477.8834836	3.556596	0.148935
477.9820957	3.56116	0.14861
478.0829433	3.565462	0.148264
478.1931636	3.569164	0.147957
478.3024069	3.572689	0.147687
478.4089439	3.576205	0.147521
478.5128392	3.5794	0.147282
478.6096372	3.582002	0.147095
478.7034229	3.583528	0.146889
478.8006802	3.583514	0.146508
478.8974279	3.582481	0.14607
478.9863536	3.580521	0.145485
479.0752793	3.577153	0.144849
479.1651575	3.572832	0.144258
479.2551948	3.567732	0.143568
479.3444277	3.561912	0.142719
479.4332816	3.555502	0.141725
479.5189718	3.548373	0.140805
479.6011471	3.540972	0.140174
479.6840987	3.5336	0.139747
479.7750629	3.526114	0.139405
479.870385	3.518592	0.139017
479.9688314	3.51135	0.138683
480.0672324	3.504662	0.138287
480.1670066	3.497697	0.137952
480.267206	3.490933	0.137638
480.3778006	3.484136	0.137196
480.4944309	3.477336	0.13684
480.6257036	3.470544	0.1365
480.7597529	3.463675	0.136087
480.8908094	3.456631	0.135544
481.0162352	3.449685	0.134841
481.1377457	3.443168	0.133987
481.2486815	3.437685	0.132997
481.3574922	3.433369	0.132125
481.4667019	3.429807	0.131167
481.5762309	3.427006	0.130052
481.6781364	3.425087	0.128956
481.7797331	3.423738	0.127946
481.8822501	3.423141	0.127183
481.9848663	3.422749	0.126403
482.0849875	3.422548	0.125562
482.1847185	3.422711	0.124797
482.284052	3.422748	0.124096
482.3832652	3.422732	0.12353
482.4817643	3.422949	0.122997
482.5798956	3.42318	0.122343
482.676453	3.423136	0.121844
482.7716085	3.422328	0.121424
482.8694329	3.420932	0.121186
482.969641	3.419398	0.121023
483.0674852	3.417384	0.120749
483.1601348	3.41442	0.120619
483.2532339	3.410952	0.120495
483.3497771	3.407179	0.120413
483.4463202	3.402904	0.120168
483.5428634	3.398518	0.119795
483.6394066	3.394181	0.119502
483.7360194	3.389718	0.119309
483.8326388	3.384725	0.119272
483.9300086	3.379578	0.119158
484.0275507	3.374311	0.118951
484.1313172	3.369173	0.118756
484.2373455	3.364578	0.118531
484.3307226	3.360242	0.118346
484.4210095	3.35584	0.118053
484.5157824	3.351749	0.117529
484.6138111	3.347949	0.117013
484.7121122	3.3441	0.116501
484.8106651	3.340698	0.116121
484.9093866	3.337469	0.115735
485.008299	3.334092	0.115171
485.1095138	3.330742	0.114634
485.213833	3.327147	0.114228
485.3123292	3.323115	0.113985
485.4047305	3.319106	0.113569
485.4961197	3.315217	0.112911
485.5851643	3.31099	0.112221
485.6738265	3.30707	0.111653
485.7509104	3.303079	0.111191
485.827532	3.299005	0.110726
485.9009044	3.294802	0.110093
485.9707336	3.290559	0.109589
486.0405628	3.286203	0.109139
486.1099591	3.28214	0.108675
486.1790192	3.278228	0.108075
486.2480793	3.274342	0.107282
486.3145249	3.270588	0.106583
486.3797626	3.266948	0.105919
486.4450004	3.263541	0.105415
486.5253897	3.260287	0.104898
486.6144367	3.257103	0.104213
486.6998701	3.254186	0.103567
486.7799636	3.251284	0.103038
486.8600572	3.248463	0.102648
486.9567305	3.245777	0.102127
487.0548217	3.243084	0.101424
487.1514475	3.24053	0.100923
487.2490279	3.237995	0.100411
487.3519181	3.235652	0.100044
487.4541725	3.23344	0.09953
487.5572988	3.231653	0.098885
487.6608078	3.230244	0.098428
487.7643168	3.229462	0.09808
487.8678258	3.228774	0.097893
487.9701749	3.228047	0.097612
488.0712191	3.227408	0.097092
488.1780317	3.226638	0.096665
488.2978695	3.225824	0.09631
488.4056445	3.22542	0.096177
488.5004858	3.225242	0.095997
488.5953271	3.224988	0.095592
488.6901684	3.225285	0.095362
488.7850097	3.225992	0.095251
488.869952	3.226905	0.095372
488.9512271	3.227868	0.095442
489.0489054	3.228892	0.095327
489.1670067	3.229745	0.095365
489.2768433	3.230485	0.09552
489.3842853	3.230956	0.095813
489.4748471	3.2313	0.095983
489.5643236	3.231529	0.095927
489.6578929	3.231527	0.096062
489.7529361	3.23139	0.096325
489.8472159	3.231385	0.096842
489.9411026	3.231699	0.097306
490.0379099	3.232284	0.097611
490.1370199	3.233174	0.09801
490.2283415	3.234143	0.098498
490.3171273	3.234701	0.098788
490.4122014	3.235255	0.098862
490.523242	3.235542	0.098763
490.6640223	3.235818	0.098861
490.8310971	3.23629	0.099064
490.9523962	3.237671	0.099494
491.0657367	3.239085	0.099798
491.1733839	3.241159	0.099813
491.3163596	3.243896	0.099738
491.4525781	3.24696	0.099612
491.5486081	3.249984	0.09977
491.6495098	3.253078	0.099682
491.766716	3.255832	0.099494
491.8836448	3.257911	0.099471
492.0005737	3.259182	0.099407
492.0954344	3.259931	0.099481
492.1811635	3.260575	0.099391
492.2678456	3.260832	0.099064
492.3566926	3.260736	0.098865
492.4455397	3.260666	0.098782
492.5402169	3.260486	0.099038
492.6349631	3.260067	0.099177
492.7269841	3.260063	0.09914
492.8183874	3.260765	0.099305
492.9163124	3.262053	0.099505
493.0193066	3.264003	0.099879
493.1241067	3.265991	0.100162
493.2304367	3.267826	0.100113
493.3399993	3.269553	0.100096
493.4502623	3.271493	0.100093
493.5704147	3.273459	0.100205
493.6945945	3.27561	0.100157
493.8252265	3.277826	0.099913
493.9367247	3.279963	0.099866
494.0213284	3.281431	0.099965
494.1059322	3.282296	0.1001
494.2203705	3.283163	0.100166
494.3351807	3.283752	0.100124
494.43783	3.284151	0.100205
494.5410184	3.284868	0.100191
494.6502027	3.285734	0.10037
494.7567252	3.286754	0.100471
494.8488934	3.287987	0.100308
494.9410617	3.288998	0.100228
495.0339839	3.289585	0.100352
495.1269546	3.289749	0.100695
495.2399867	3.289517	0.100948
495.3597253	3.289374	0.10108
495.4714182	3.289365	0.101265
495.6001408	3.289266	0.101463
495.7836913	3.289519	0.101922
495.9103832	3.289658	0.102347
496.0276441	3.289685	0.102563
496.1368316	3.290197	0.102788
496.24229	3.291835	0.10315
496.3466835	3.294233	0.103547
496.4514413	3.297087	0.103811
496.5563659	3.300196	0.103858
496.6616171	3.303219	0.10392
496.766998	3.305596	0.10394
496.8727098	3.30732	0.104153
496.9785297	3.309035	0.104334
497.085993	3.310574	0.104341
497.1938667	3.312056	0.104571
497.3017005	3.313591	0.104923
497.4095289	3.315759	0.105409
497.5108593	3.317825	0.105746
497.6119641	3.319864	0.10592
497.7532325	3.321742	0.106217
497.8999721	3.323621	0.106738
498.0426282	3.324564	0.107463
498.1799668	3.325579	0.108166
498.3239575	3.326681	0.10869
498.4809087	3.32786	0.109257
498.6414374	3.329055	0.109847
498.8123726	3.330631	0.110578
498.9829949	3.332152	0.111136
499.1417811	3.333344	0.11145
499.273809	3.334448	0.111874
499.4055814	3.335757	0.112348
499.5458337	3.33757	0.113029
499.6754826	3.33971	0.113558
499.8016581	3.342425	0.113991
499.92205	3.34608	0.114415
500.0356987	3.350098	0.114857
500.1429419	3.354566	0.115196
500.2519208	3.359305	0.1156
500.3621942	3.364106	0.115951
500.4818868	3.368523	0.116272
500.6057775	3.372921	0.116634
500.7163058	3.377066	0.117305
500.8262538	3.38093	0.118012
500.9359971	3.384599	0.118409
501.0415284	3.38801	0.118642
501.1364051	3.390919	0.118693
501.2340527	3.393132	0.118718
501.3471582	3.394893	0.118686
501.4615626	3.396827	0.118728
501.5782345	3.399064	0.118683
501.7289314	3.401739	0.11823
501.8691749	3.404982	0.117861
501.97167	3.408964	0.117146
502.0903727	3.412867	0.116298
502.2271495	3.416366	0.115599
502.4106951	3.419234	0.11512
502.5510663	3.42182	0.114867
502.6811602	3.423969	0.114663
502.8036722	3.425805	0.114308
502.9388668	3.427704	0.114068
503.0484115	3.429903	0.113934
503.1018255	3.432346	0.114021
503.1552395	3.43482	0.114046
503.2086536	3.437586	0.113844
503.2678314	3.44098	0.113683
503.3310578	3.445014	0.113666
503.3942842	3.449384	0.113923
503.4731073	3.454077	0.114164
503.5738091	3.45898	0.114313
503.6636715	3.463994	0.114628
503.7403204	3.469146	0.114981
503.8189082	3.474156	0.115533
503.917509	3.479283	0.116109
504.0224656	3.484645	0.116511
504.1304482	3.490223	0.11698
504.2393727	3.495937	0.117561
504.3461492	3.502683	0.118219
504.4525136	3.509905	0.118755
504.542961	3.517233	0.119119
504.6310122	3.52483	0.119538
504.7166526	3.532614	0.119939
504.7997794	3.540696	0.120473
504.8829062	3.54903	0.120966
504.9651717	3.557521	0.121302
505.0474097	3.56655	0.121733
505.1168427	3.575956	0.122198
505.1686786	3.585229	0.122598
505.2205144	3.594318	0.122926
505.2710045	3.603226	0.123079
505.3380505	3.611547	0.123154
505.43225	3.619667	0.123352
505.5270383	3.627644	0.123678
505.6239962	3.63543	0.124137
505.7213737	3.643234	0.124664
505.8221673	3.650918	0.125446
505.9231953	3.658272	0.126186
506.026733	3.665555	0.126693
506.1306323	3.672893	0.127071
506.2373118	3.680058	0.127418
506.341385	3.687085	0.127883
506.4352128	3.693727	0.128438
506.5298317	3.69882	0.128784
506.6513486	3.703485	0.129063
506.7691121	3.708063	0.129292
506.8786371	3.712385	0.129509
506.9893596	3.716388	0.129617
507.1014691	3.719906	0.129555
507.2135787	3.722737	0.129472
507.3256883	3.725073	0.129417
507.4326694	3.726422	0.129339
507.5381819	3.726782	0.129134
507.6319193	3.72703	0.129077
507.7230575	3.726777	0.128905
507.8291843	3.726173	0.128672
507.947469	3.725225	0.128424
508.0599716	3.724344	0.128187
508.171077	3.723507	0.127724
508.2629935	3.722836	0.127324
508.3543434	3.721739	0.126896
508.4701028	3.720167	0.126565
508.6027466	3.7184	0.126284
508.7018347	3.716393	0.126159
508.7998673	3.71415	0.125986
508.9166999	3.712231	0.125664
509.0387629	3.710303	0.125266
509.1478022	3.708016	0.124946
509.2577401	3.705303	0.124659
509.3873617	3.702245	0.124362
509.5043025	3.698968	0.123955
509.6009216	3.695351	0.123631
509.6986111	3.691715	0.123336
509.7962425	3.688243	0.123201
509.8887928	3.685218	0.123047
509.9749739	3.682489	0.122829
510.0611551	3.680564	0.122751
510.1440838	3.679255	0.122759
510.2263489	3.678327	0.122911
510.3096582	3.6775	0.123058
510.3941147	3.676846	0.12299
510.4834769	3.676415	0.122977
510.5946624	3.675786	0.122999
510.7073116	3.674809	0.123235
510.8218102	3.673812	0.123384
510.944615	3.67273	0.123422
511.0698496	3.671365	0.123568
511.2006044	3.669618	0.123766
511.3184748	3.667758	0.124147
511.4237534	3.665798	0.124486
511.5683118	3.663647	0.124713
511.7326101	3.661432	0.125038
511.8704635	3.659632	0.125467
511.9876654	3.657915	0.126059
512.0963952	3.656327	0.126597
512.1826996	3.654703	0.127018
512.25871	3.652762	0.127514
512.3347204	3.65046	0.128126
512.4431842	3.647984	0.128811
512.5602464	3.645226	0.12944
512.6876326	3.642192	0.129949
512.8040616	3.63889	0.130632
512.9124259	3.635438	0.131327
513.0227536	3.63168	0.132183
513.1354192	3.627468	0.132995
513.239517	3.622915	0.133714
513.3412299	3.617707	0.134522
513.4885279	3.612081	0.135219
513.6730703	3.606088	0.135908
513.802434	3.5999	0.136497
513.9063735	3.593565	0.136921
513.993036	3.587092	0.137282
514.0782406	3.580415	0.137738
514.1860496	3.573409	0.138295
514.3025122	3.566428	0.138761
514.4092568	3.559603	0.139084
514.5154284	3.552915	0.139336
514.6402433	3.546034	0.139575
514.7637859	3.539585	0.139708
514.8849954	3.533349	0.13981
514.9724215	3.527497	0.139765
515.0420387	3.522142	0.139804
515.1116558	3.517211	0.139735
515.2170033	3.512437	0.139659
515.3377851	3.507756	0.139448
515.4346021	3.503305	0.139096
515.5312809	3.499218	0.138746
515.6537398	3.495565	0.138501
515.7746663	3.492352	0.138419
515.8832877	3.489125	0.138264
516.015481	3.485745	0.137883
516.1727045	3.482213	0.137471
516.2966084	3.478658	0.137058
516.4588737	3.474732	0.136799
516.623236	3.470886	0.136512
516.7678772	3.466766	0.136152
516.9461837	3.462375	0.135937
517.0868897	3.45781	0.135765
517.2298886	3.453045	0.135564
517.365894	3.44846	0.135325
517.5236375	3.444163	0.134988
517.6568901	3.440169	0.134672
517.7568073	3.436228	0.134408
517.8572539	3.43275	0.134332
517.9594745	3.429152	0.134109
518.0630616	3.425642	0.13375
518.1937838	3.422579	0.133409
518.3205682	3.420185	0.133109
518.439768	3.418605	0.13294
518.5598897	3.4177	0.132748
518.6776832	3.41687	0.132421
518.7743479	3.415997	0.132254
518.8642581	3.414931	0.132079
518.958872	3.413344	0.132045
519.0601064	3.411662	0.131954
519.1617569	3.409803	0.131778
519.2639186	3.407763	0.131666
519.3650907	3.405588	0.13165
519.4652724	3.40347	0.131835
519.5668598	3.401059	0.13201
519.6697842	3.398919	0.132056
519.7602979	3.397116	0.132166
519.8417539	3.395433	0.132346
519.9286074	3.394142	0.132575
520.0503791	3.393154	0.132772
520.1685228	3.392278	0.132858
520.2809372	3.391562	0.133053
520.3780384	3.391156	0.133308
520.4667522	3.390945	0.133638
520.5479329	3.390722	0.133921
520.6113979	3.390498	0.134141
520.674863	3.390275	0.134515
520.7393844	3.390005	0.135007
520.8665618	3.389894	0.135475
520.9649544	3.389755	0.135769
521.0161586	3.389716	0.135958
521.0673628	3.389866	0.136181
521.118567	3.390247	0.136479
521.1802526	3.390451	0.136821
521.2651282	3.390688	0.137146
521.3500037	3.391103	0.137387
521.4458379	3.391687	0.137727
521.5434952	3.392615	0.138064
521.6821358	3.393704	0.138451
521.8211134	3.395062	0.138792
521.9390896	3.396374	0.138981
522.0439039	3.397792	0.139202
522.1428128	3.399345	0.139431
522.2514155	3.401011	0.139615
522.3653481	3.402833	0.1397
522.4751008	3.404609	0.13967
522.5842803	3.406634	0.139635
522.6966165	3.409045	0.13947
522.8015679	3.411859	0.13955
522.8796632	3.414879	0.139547
522.9577585	3.418113	0.139464
523.0550865	3.421641	0.139437
523.1709178	3.425069	0.139445
523.3112463	3.428316	0.139555
523.4509746	3.431344	0.139615
523.5727801	3.434385	0.139569
523.69948	3.437179	0.139512
523.8303464	3.439644	0.139433
523.9503347	3.441999	0.139407
524.0690186	3.444297	0.139303
524.1875438	3.446704	0.139089
524.3090935	3.448942	0.138903
524.439196	3.45091	0.138771
524.5769602	3.45268	0.13873
524.7147825	3.4545	0.138655
524.8477391	3.456249	0.138417
524.9789533	3.458009	0.138135
525.108719	3.459812	0.137874
525.2364163	3.461597	0.137635
525.3720169	3.463268	0.137363
525.5229629	3.464823	0.136991
525.6425451	3.466172	0.136561
525.7562719	3.467541	0.136206
525.854035	3.469223	0.136019
525.9496358	3.471198	0.135827
526.0313308	3.473318	0.135572
526.1134188	3.475747	0.135501
526.2131062	3.478341	0.135453
526.3220567	3.480956	0.135395
526.4398176	3.483689	0.135211
526.5625109	3.486127	0.134828
526.6883246	3.488403	0.134437
526.7997283	3.490727	0.134141
526.8480582	3.493329	0.133982
526.8963881	3.495943	0.133816
526.944718	3.498613	0.133525
526.993048	3.501731	0.133321
527.0825984	3.505386	0.133114
527.1860586	3.509109	0.133056
527.2856789	3.512786	0.132979
527.3834298	3.517101	0.132869
527.4729521	3.521598	0.132826
527.5534239	3.526145	0.132713
527.6338958	3.530935	0.13272
527.7123995	3.535931	0.132673
527.790416	3.540483	0.132509
527.8670187	3.544576	0.132442
527.9228646	3.548232	0.132502
527.9787104	3.551615	0.132567
528.0345562	3.555026	0.132657
528.1029532	3.558569	0.132735
528.2134442	3.562472	0.132972
528.3125248	3.566317	0.13334
528.3839141	3.570306	0.133869
528.4553035	3.57413	0.134393
528.5361578	3.578196	0.134829
528.6399033	3.582746	0.135327
528.7423246	3.587977	0.135981
528.8402784	3.593618	0.136814
528.93808	3.599393	0.137628
529.0324719	3.604951	0.138321
529.1268638	3.610318	0.139136
529.2277005	3.615895	0.139995
529.3284306	3.621435	0.140924
529.4230072	3.626978	0.141767
529.5150465	3.632475	0.142587
529.6103599	3.637702	0.143463
529.7097295	3.642644	0.144304
529.8077598	3.647397	0.145227
529.9033247	3.652064	0.146191
529.9982167	3.656778	0.147014
530.0899152	3.661473	0.147853
530.1816137	3.665994	0.148716
530.2773045	3.670229	0.14966
530.3734182	3.674625	0.150666
530.468125	3.679316	0.151557
530.5623339	3.684607	0.15242
530.6558345	3.690427	0.153355
530.746839	3.697312	0.154324
530.8354657	3.704764	0.155184
530.924055	3.712785	0.156008
531.0126817	3.721723	0.156904
531.1020921	3.731657	0.157909
531.1915025	3.743223	0.158975
531.2810315	3.755736	0.160003
531.3705858	3.768733	0.160926
531.4604525	3.78237	0.161825
531.550523	3.796804	0.162694
531.6394231	3.812097	0.163592
531.7265656	3.828037	0.164468
531.8137658	3.844606	0.165257
531.9013889	3.86245	0.165988
531.9890119	3.881283	0.166737
532.0756155	3.900776	0.167567
532.1691339	3.920675	0.168425
532.2914906	3.94082	0.169276
532.4196285	3.961719	0.170203
532.5482471	3.982908	0.171074
532.6779176	4.004293	0.171978
532.8075311	4.025926	0.172772
532.9366297	4.0474	0.173398
533.0657282	4.068239	0.173969
533.1924166	4.088303	0.174529
533.3187632	4.107171	0.175047
533.4456876	4.125057	0.175451
533.5729916	4.142135	0.175691
533.699238	4.157765	0.175897
533.8235054	4.172072	0.17616
533.9478518	4.184448	0.176456
534.0741944	4.195345	0.176669
534.200537	4.205341	0.176875
534.3103446	4.213687	0.177205
534.4182989	4.220713	0.17767
534.5237483	4.226102	0.178184
534.6268718	4.230432	0.178645
534.7310995	4.233984	0.179036
534.8408679	4.236231	0.179498
534.9506364	4.237331	0.179964
535.0567713	4.237802	0.180433
535.1627397	4.23818	0.180858
535.271399	4.2384	0.181207
535.381402	4.238484	0.181588
535.4884152	4.238565	0.182
535.5919424	4.239089	0.182481
535.7195479	4.23987	0.182904
535.8506755	4.241148	0.183296
535.9818031	4.243119	0.183727
536.1176499	4.245774	0.184194
536.2548646	4.249155	0.184752
536.3898162	4.252997	0.185249
536.5228085	4.256808	0.185654
536.6552287	4.260309	0.186044
536.7856853	4.263858	0.186397
536.916142	4.26677	0.186727
537.0508134	4.269245	0.186998
537.1861124	4.271339	0.187146
537.3214115	4.273199	0.1873
537.4567105	4.274499	0.187429
537.5906157	4.27507	0.187558
537.7350518	4.275227	0.187614
537.9003012	4.275122	0.187558
538.0639841	4.274724	0.187571
538.2276413	4.273803	0.187578
538.3924471	4.272611	0.187614
538.557967	4.271115	0.187518
538.723044	4.269487	0.18732
538.8869594	4.267512	0.187162
539.0508748	4.265342	0.187013
539.2147902	4.263129	0.186922
539.3787056	4.260774	0.186779
539.5399328	4.258382	0.186551
539.6989501	4.25578	0.186332
539.8578604	4.252641	0.18603
540.0159253	4.249279	0.185702
540.1739902	4.245962	0.185326
540.3359789	4.242684	0.184848
540.5059214	4.239347	0.184404
540.6762514	4.236161	0.183967
540.8482256	4.23279	0.183555
541.0201999	4.229137	0.183007
541.1863882	4.225336	0.182336
541.3506398	4.221472	0.181658
541.5105066	4.217735	0.180984
541.6520327	4.213996	0.180347
541.7935589	4.210133	0.179706
541.9350851	4.206044	0.178957
542.0766112	4.201906	0.178205
542.2181374	4.197665	0.17746
542.3519448	4.193693	0.176719
542.4637222	4.189886	0.175942
542.5754997	4.18625	0.175042
542.6872771	4.182559	0.174173
542.7990545	4.178802	0.173321
542.9108319	4.175092	0.172561
543.0226094	4.171565	0.17178
543.1317393	4.168252	0.170928
543.2475569	4.165219	0.170125
543.3674003	4.162386	0.169396
543.4872436	4.159323	0.168684
543.607087	4.156418	0.167903
543.7269303	4.153631	0.167032
543.8467737	4.15114	0.166139
543.9666171	4.149188	0.16526
544.0864604	4.147498	0.164493
544.2063038	4.145659	0.163687
544.3261471	4.14383	0.162805
544.4797253	4.142218	0.161999
544.6342366	4.140491	0.161296
544.7732593	4.13907	0.160685
544.8930545	4.137801	0.160047
545.0128497	4.136869	0.159305
545.1271428	4.13593	0.158588
545.2175033	4.134831	0.157866
545.3078637	4.133793	0.157301
545.3982242	4.13302	0.156662
545.4885846	4.13197	0.155898
545.5875007	4.130878	0.155114
545.6877404	4.129992	0.15434
545.7833534	4.12895	0.153633
545.8766748	4.127826	0.15291
545.9245457	4.126641	0.152141
545.971057	4.125496	0.151448
546.0175683	4.124428	0.150798
546.0640796	4.123282	0.150242
546.1105909	4.122102	0.14964
546.1571022	4.120922	0.148925
546.2036135	4.119507	0.148265
546.2639235	4.117976	0.1477
546.3989894	4.116455	0.147216
546.5340554	4.114873	0.146704
546.6576038	4.113166	0.146132
546.7678795	4.111402	0.145688
546.8781553	4.109384	0.145349
546.9865442	4.107404	0.145096
547.0856145	4.105275	0.144757
547.1846849	4.103513	0.144353
547.2837552	4.102085	0.144024
547.3921086	4.101092	0.143676
547.5097687	4.100432	0.143456
547.6274288	4.100113	0.143138
547.7299833	4.099677	0.142708
547.8108028	4.09947	0.142387
547.8916222	4.099669	0.142217
547.9724417	4.099927	0.142185
548.0532612	4.100296	0.142145
548.1157771	4.100584	0.142014
548.1765127	4.100705	0.141918
548.2371549	4.100531	0.141857
548.2977971	4.100421	0.141797
548.3584392	4.100202	0.141661
548.4190814	4.100117	0.141444
548.5294261	4.099369	0.141185
548.6435129	4.098091	0.140933
548.7575996	4.096621	0.140865
548.8308907	4.095191	0.140922
548.8905858	4.09377	0.140899
548.9502809	4.092374	0.140991
549.009976	4.090885	0.141212
549.0696711	4.088838	0.141436
549.1293663	4.086475	0.141584
549.2144915	4.083782	0.141626
549.3119917	4.081194	0.141678
549.4094919	4.078665	0.141713
549.5069921	4.075787	0.141902
549.5736718	4.072678	0.142144
549.6387891	4.069409	0.142367
549.7039064	4.065949	0.142585
549.7690236	4.062367	0.142805
549.8341409	4.05896	0.143098
549.9095038	4.055784	0.143399
550.0015531	4.052832	0.143631
550.0936025	4.049762	0.143952
550.1856518	4.046643	0.144329
550.2762496	4.043701	0.144649
550.3649939	4.040666	0.144921
550.4537381	4.037446	0.145171
550.5424823	4.034294	0.145395
550.6356432	4.031145	0.145503
550.737921	4.027741	0.145769
550.8401989	4.024189	0.14598
550.9424768	4.020482	0.146085
551.0447546	4.016422	0.146256
551.1448995	4.011855	0.14647
551.2448816	4.007035	0.14676
551.3448638	4.001887	0.146881
551.4448459	3.996733	0.146883
551.5547909	3.991709	0.14688
551.6793392	3.986654	0.146921
551.8038876	3.981377	0.146964
551.9284359	3.976129	0.14703
552.035103	3.970779	0.147039
552.1365558	3.96526	0.147162
552.2380086	3.959855	0.147345
552.3394613	3.954297	0.147556
552.4385765	3.948694	0.147724
552.5326373	3.943127	0.147822
552.6266981	3.937829	0.147926
552.7207589	3.932516	0.148046
552.8148197	3.927523	0.148203
552.9150556	3.922504	0.148282
553.0212741	3.917576	0.1483
553.1274927	3.912942	0.148379
553.2337113	3.908652	0.148517
553.3384725	3.904644	0.148694
553.4388606	3.900817	0.148849
553.5392486	3.897026	0.14895
553.6396367	3.893166	0.149033
553.7353405	3.889451	0.14912
553.8427346	3.886281	0.149218
553.954141	3.883461	0.149352
554.0655474	3.880788	0.149415
554.1769539	3.87803	0.149408
554.2592633	3.875378	0.149395
554.3374121	3.872577	0.149445
554.4155608	3.869857	0.149479
554.4937096	3.867169	0.149501
554.5718584	3.864457	0.149671
554.6630944	3.861643	0.149916
554.7777729	3.858603	0.150171
554.8924513	3.855176	0.150312
555.0071298	3.851512	0.150363
555.1026373	3.847252	0.150436
555.1853053	3.842398	0.150557
555.2679733	3.837398	0.150688
555.3506413	3.832376	0.150797
555.4333093	3.827381	0.150895
555.5187782	3.822552	0.151122
555.6087433	3.81785	0.15135
555.6987084	3.812712	0.151635
555.7886735	3.807365	0.151911
555.8786387	3.801856	0.1521
555.9751434	3.796413	0.152322
556.0761594	3.790981	0.152579
556.1771753	3.785659	0.152833
556.2781912	3.780343	0.153012
556.3766844	3.774973	0.153161
556.4699132	3.76945	0.153395
556.5623183	3.763913	0.153674
556.6526953	3.758602	0.154138
556.7430723	3.753399	0.154609
556.8351933	3.748343	0.155006
556.9280629	3.743442	0.155479
557.0209325	3.738291	0.155949
557.1138021	3.732394	0.156403
557.2099112	3.726299	0.156819
557.3190222	3.720082	0.157131
557.4281331	3.713798	0.157341
557.5372441	3.707568	0.157568
557.6402717	3.701599	0.157835
557.7329025	3.695891	0.158073
557.8255333	3.690382	0.158236
557.918164	3.685086	0.158463
558.0107948	3.679975	0.158698
558.1181275	3.675344	0.158915
558.2279066	3.670863	0.159103
558.3376857	3.666337	0.15921
558.4482214	3.661723	0.159393
558.5730361	3.657152	0.15965
558.6978508	3.652817	0.160004
558.8226654	3.648495	0.160387
558.9519117	3.64432	0.160649
559.0830401	3.640397	0.160869
559.2141684	3.636658	0.161077
559.3343602	3.632816	0.161389
559.4373113	3.628891	0.161735
559.5395999	3.625033	0.162086
559.6418885	3.62122	0.162467
559.74051	3.617512	0.162838
559.8376427	3.61379	0.163161
559.9347753	3.609931	0.163388
560.031908	3.606031	0.163565
560.1252412	3.602126	0.163779
560.2169912	3.598283	0.164035
560.3087411	3.594513	0.16441
560.400491	3.590944	0.164776
560.4906164	3.587364	0.1651
560.5788764	3.583593	0.165486
560.6671363	3.579725	0.165843
560.7553963	3.5757	0.166162
560.8430121	3.571685	0.166443
560.9200608	3.567524	0.166673
560.9971095	3.562968	0.16693
561.0741582	3.557928	0.16726
561.1512069	3.55281	0.167638
561.2283077	3.547489	0.167962
561.3118582	3.542009	0.168308
561.3954088	3.536575	0.168708
561.4789593	3.531068	0.169115
561.5625098	3.525364	0.169608
561.6472475	3.519543	0.170115
561.7341753	3.513835	0.170594
561.8211031	3.508375	0.171113
561.9080309	3.503342	0.1716
561.9960072	3.497958	0.172101
562.0955826	3.492534	0.172652
562.1966034	3.487257	0.173151
562.287319	3.482527	0.173637
562.3768403	3.47826	0.174108
562.4543189	3.47475	0.174603
562.5256507	3.471699	0.175183
562.5969825	3.468753	0.175793
562.6683143	3.466223	0.176255
562.7396461	3.464061	0.176662
562.8120968	3.462284	0.176984
562.9039423	3.460759	0.177219
562.9957879	3.459564	0.177443
563.0876334	3.458738	0.177619
563.1794789	3.457976	0.177662
563.2713245	3.457743	0.177652
563.36317	3.457807	0.177546
563.4550156	3.458028	0.177467
563.5468611	3.458573	0.177471
563.6347907	3.459629	0.177399
563.7173796	3.461192	0.177295
563.8000851	3.463052	0.177185
563.8827906	3.464965	0.177095
563.9654961	3.466958	0.177022
564.0482016	3.469105	0.176919
564.1309071	3.471311	0.176789
564.2136126	3.473617	0.176561
564.2963181	3.475879	0.17631
564.3790236	3.477836	0.175989
564.4555849	3.479678	0.175663
564.5230611	3.481463	0.17528
564.5905373	3.48321	0.174802
564.6580136	3.485084	0.174246
564.7254898	3.486659	0.173668
564.7929661	3.488008	0.173134
564.8667664	3.48876	0.172659
564.9545667	3.489383	0.172168
565.042367	3.489952	0.171699
565.1301673	3.490321	0.171314
565.2179675	3.49027	0.170962
565.3015494	3.490232	0.170728
565.3809068	3.490046	0.170507
565.4530315	3.489762	0.170273
565.5251563	3.489452	0.17009
565.597281	3.488873	0.169965
565.6766628	3.488226	0.16992
565.7617478	3.487186	0.169825
565.8468329	3.485955	0.169714
565.9319179	3.484541	0.169676
566.0126089	3.48317	0.169628
566.0809811	3.481784	0.169628
566.1493534	3.480234	0.169578
566.2177256	3.478485	0.169492
566.2860978	3.476509	0.169417
566.35447	3.474542	0.169289
566.4131973	3.472165	0.169212
566.4710345	3.46959	0.169121
566.5288717	3.466899	0.168959
566.586709	3.463861	0.168781
566.6445462	3.460373	0.16862
566.7023834	3.456507	0.168444
566.7664917	3.452636	0.168238
566.8348843	3.448518	0.167976
566.903277	3.444203	0.167766
566.9716696	3.439749	0.167539
567.0400623	3.434899	0.167375
567.1059096	3.429663	0.167254
567.1640516	3.424257	0.167104
567.2221936	3.418807	0.167058
567.2803356	3.413178	0.167046
567.3384776	3.406894	0.16713
567.3966196	3.400048	0.167283
567.4547616	3.393029	0.167342
567.5444447	3.385705	0.167439
567.6354409	3.37783	0.167563
567.7264372	3.369797	0.167742
567.8174334	3.361853	0.167823
567.9072562	3.353775	0.167865
567.9970069	3.345259	0.16797
568.0924336	3.335999	0.168121
568.1885054	3.326489	0.168126
568.2623127	3.316838	0.168061
568.3327487	3.306869	0.168022
568.4031846	3.296425	0.16799
568.4736205	3.285817	0.167939
568.5440565	3.274485	0.16796
568.6332809	3.262941	0.167902
568.7638992	3.251545	0.167741
568.8945174	3.240118	0.167505
569.026963	3.228535	0.167398
569.163365	3.217067	0.167367
569.299767	3.205689	0.167312
569.4272457	3.194324	0.167143
569.543675	3.1828	0.166895
569.6601043	3.171522	0.166576
569.7773612	3.160514	0.166187
569.9034817	3.149484	0.16573
570.0296022	3.138256	0.165332
570.1557228	3.126719	0.164993
570.2770715	3.115045	0.164615
570.3983342	3.102987	0.164187
570.519597	3.090731	0.163819
570.6340978	3.078375	0.16341
570.7464033	3.065821	0.162998
570.8595346	3.053229	0.162518
570.9827603	3.04077	0.162061
571.1263605	3.02846	0.161561
571.2699606	3.01619	0.16096
571.4053113	3.004304	0.160368
571.5310833	2.992886	0.159789
571.6568553	2.982096	0.159306
571.7881051	2.971581	0.158657
571.9351589	2.961407	0.157801
572.0822127	2.951859	0.156922
572.2384892	2.942735	0.156031
572.4034186	2.933893	0.155108
572.5679651	2.925335	0.15416
572.7275476	2.917139	0.153206
572.8871302	2.909694	0.152267
573.0408206	2.902911	0.151335
573.1895993	2.896971	0.150543
573.338378	2.891344	0.149842
573.4954671	2.886211	0.149126
573.6541899	2.881762	0.148535
573.8205665	2.877708	0.148083
574.0024306	2.874087	0.147786
574.1842064	2.871105	0.147505
574.3515442	2.86821	0.147205
574.5188821	2.865726	0.146968
574.6940449	2.863747	0.1468
574.8765001	2.862255	0.146795
575.0582444	2.86115	0.146792
575.2376788	2.86025	0.146779
575.4171132	2.859785	0.146897
575.6169986	2.859944	0.147113
575.8187935	2.860594	0.147441
576.0170125	2.861336	0.14775
576.2146056	2.862249	0.148005
576.4029872	2.863378	0.148351
576.5881924	2.864483	0.148795
576.77111	2.865805	0.149373
576.9457511	2.867247	0.149945
577.1197978	2.868946	0.150442
577.291708	2.871046	0.151035
577.4636182	2.873445	0.151692
577.6091662	2.876313	0.152465
577.7519122	2.879515	0.153202
577.8954339	2.882851	0.15387
578.0447822	2.886244	0.15463
578.1941305	2.889775	0.155471
578.3403826	2.893478	0.15639
578.4829144	2.897425	0.157313
578.6254462	2.901401	0.158206
578.7655498	2.905661	0.159207
578.9044223	2.910417	0.160298
579.0432949	2.915357	0.161456
579.182144	2.920306	0.162622
579.3209873	2.925412	0.163756
579.4598305	2.930754	0.164909
579.6023407	2.936254	0.16608
579.7514667	2.941819	0.167333
579.9010697	2.947424	0.16856
580.0487223	2.953213	0.169721
580.1963749	2.959052	0.17084
580.3415141	2.964822	0.171893
580.4812965	2.970898	0.172959
580.621079	2.977101	0.173911
580.7629284	2.983459	0.17478
580.9089589	2.989913	0.17565
581.0549894	2.996362	0.176541
581.2002482	3.003479	0.177452
581.3446372	3.011268	0.178343
581.4890262	3.019517	0.179238
581.6319449	3.028859	0.180274
581.7737853	3.039511	0.181398
581.9156258	3.051546	0.182614
582.0658136	3.064896	0.183912
582.2208681	3.079191	0.18525
582.3759225	3.095725	0.186666
582.559335	3.114618	0.188107
582.7390703	3.135618	0.189639
582.8986105	3.158066	0.191269
583.0505318	3.181707	0.192895
583.2024531	3.207144	0.194595
583.3543744	3.234324	0.196381
583.5062956	3.263171	0.198127
583.6522848	3.292852	0.199937
583.7913313	3.323209	0.20167
583.9303777	3.354422	0.203223
584.073657	3.386368	0.204683
584.2196676	3.419272	0.206005
584.3656782	3.452538	0.207036
584.5239153	3.486128	0.20788
584.6836492	3.519975	0.208466
584.8468893	3.553602	0.208737
585.0152281	3.586579	0.208717
585.1825335	3.618724	0.208404
585.3305932	3.649841	0.207787
585.478653	3.679391	0.206887
585.6387008	3.706825	0.205845
585.8317061	3.732014	0.204795
586.0077967	3.7555	0.203565
586.163004	3.777444	0.202237
586.3206536	3.796652	0.200972
586.5204936	3.813516	0.199701
586.7045154	3.827961	0.198731
586.8237921	3.840881	0.197828
586.9430687	3.852718	0.196883
587.0660224	3.8629	0.196005
587.2297256	3.871486	0.195129
587.3934289	3.878661	0.194457
587.5201057	3.884771	0.193808
587.6383311	3.889995	0.193159
587.7565565	3.893529	0.192605
587.8806795	3.895573	0.192142
588.0076695	3.895919	0.191826
588.1346596	3.895398	0.191506
588.2675796	3.894369	0.191128
588.4046186	3.892394	0.190784
588.5416576	3.889877	0.190503
588.6838984	3.886762	0.190306
588.8286003	3.883156	0.190089
588.9733023	3.87929	0.189829
589.1199262	3.87494	0.189607
589.2671184	3.870121	0.189443
589.4143106	3.86468	0.189358
589.5437862	3.859138	0.189261
589.6715931	3.853404	0.189136
589.7994	3.847367	0.189098
589.9294749	3.840951	0.189148
590.0609248	3.83415	0.189291
590.1923746	3.826894	0.189466
590.3304642	3.819442	0.189604
590.4776306	3.811819	0.189809
590.624797	3.804063	0.189987
590.7705497	3.795915	0.190207
590.9152099	3.787575	0.190399
591.0598702	3.779231	0.190513
591.1710419	3.77081	0.190607
591.261327	3.762361	0.190699
591.3486341	3.753915	0.190915
591.4359412	3.745785	0.191018
591.5270815	3.737931	0.191034
591.6378499	3.730414	0.190971
591.7486184	3.723317	0.190789
591.8593869	3.716449	0.190612
591.9756395	3.709494	0.190496
592.0952229	3.702656	0.190267
592.2148063	3.696133	0.189908
592.325684	3.689795	0.189568
592.419808	3.683815	0.189233
592.513932	3.6783	0.188878
592.608056	3.672911	0.188546
592.7082332	3.668114	0.188213
592.837047	3.663748	0.187952
592.9658608	3.660051	0.187701
593.095432	3.657214	0.187295
593.2301016	3.654466	0.186919
593.3647713	3.651614	0.186706
593.5004218	3.648798	0.186588
593.6396197	3.646128	0.186526
593.7788175	3.643509	0.186431
593.9044376	3.64085	0.186283
594.0095743	3.637896	0.186205
594.1145293	3.634802	0.186215
594.2193851	3.631512	0.186226
594.3515339	3.628006	0.186293
594.4972658	3.624632	0.186373
594.6429977	3.621601	0.186492
594.7665481	3.618986	0.186684
594.8897208	3.616436	0.186941
595.0128935	3.613551	0.187173
595.1183752	3.61075	0.187424
595.21963	3.608044	0.187728
595.3208849	3.605183	0.188124
595.4221397	3.602588	0.188596
595.5629755	3.599817	0.189111
595.7061799	3.597071	0.189617
595.8518228	3.594406	0.190137
596.0065455	3.591341	0.190669
596.1612682	3.588519	0.19117
596.2992155	3.585688	0.191648
596.4293861	3.58264	0.192139
596.5595566	3.579504	0.192743
596.7374998	3.576201	0.193344
596.9379437	3.572512	0.193929
597.0581798	3.569033	0.194378
597.1486114	3.565633	0.194762
597.2390431	3.562446	0.195105
597.3294747	3.560277	0.195296
597.436942	3.558537	0.195548
597.5684413	3.557158	0.195731
597.6999406	3.556221	0.195813
597.8276936	3.555803	0.195942
597.9508417	3.555983	0.195955
598.0739897	3.55647	0.195999
598.2015902	3.557238	0.195954
598.3405729	3.55816	0.195879
598.4795557	3.559316	0.19587
598.6137461	3.56089	0.195868
598.7426325	3.562805	0.196036
598.8715189	3.564919	0.196321
598.9965015	3.567313	0.196584
599.1166797	3.569658	0.196887
599.2368579	3.572103	0.197109
599.3598024	3.574537	0.197473
599.4936333	3.576974	0.197815
599.6274642	3.579538	0.198157
599.7638491	3.581938	0.1985
599.9007281	3.583582	0.198901
600.0376071	3.585082	0.199343
600.1740598	3.586326	0.199763
600.30955	3.587323	0.200091
600.4450403	3.58844	0.200244
600.5891416	3.589384	0.200279
600.7537897	3.589546	0.19996
600.9184377	3.589416	0.199465
601.0829934	3.589005	0.198856
601.2475284	3.588424	0.198208
601.4105601	3.587775	0.197637
601.5706343	3.587153	0.197153
601.7307085	3.586504	0.196813
601.8506557	3.585794	0.196558
601.9597996	3.585151	0.196367
602.0689436	3.584457	0.196352
602.1796958	3.583648	0.196463
602.3214908	3.582998	0.196609
602.4632858	3.58217	0.196753
602.6100207	3.581216	0.196898
602.7745478	3.580606	0.197192
602.9381789	3.580354	0.197563
603.0828892	3.580431	0.197907
603.222251	3.580615	0.198301
603.3616129	3.580812	0.198639
603.5215267	3.580769	0.198904
603.6820503	3.580926	0.199072
603.8426009	3.581016	0.199154
604.0031752	3.581172	0.19922
604.1586524	3.581403	0.199215
604.2658848	3.581682	0.19909
604.3731172	3.582324	0.198676
604.4803496	3.582892	0.198177
604.6031636	3.583554	0.197645
604.7453599	3.584488	0.196984
604.8875563	3.58579	0.196159
605.0414538	3.587881	0.195102
605.2005303	3.590261	0.193961
605.361554	3.592704	0.192798
605.5321475	3.595303	0.191543
605.7069472	3.598139	0.190315
605.8526561	3.601282	0.189219
605.9949642	3.604448	0.188256
606.1360173	3.607562	0.187413
606.2263926	3.610647	0.186669
606.316768	3.613419	0.186062
606.4071434	3.615524	0.185432
606.4975188	3.617261	0.184872
606.6359349	3.618737	0.184369
606.8217945	3.619354	0.183917
606.9863028	3.619204	0.183531
607.1020995	3.618214	0.183189
607.2178963	3.616888	0.182944
607.333693	3.615399	0.182744
607.4283446	3.613615	0.182571
607.5169004	3.61143	0.182397
607.6054563	3.608665	0.182254
607.6940121	3.605912	0.182031
607.8067036	3.603067	0.181763
608.0439703	3.600081	0.181505
608.2398741	3.597099	0.181365
608.3831823	3.593919	0.181284
608.5292942	3.59036	0.181105
608.6596219	3.586914	0.180844
608.7785555	3.583261	0.180622
608.8974891	3.579521	0.180503
609.0176725	3.575518	0.180379
609.153674	3.571384	0.180274
609.2896755	3.567038	0.180149
609.425677	3.562413	0.1801
609.5640409	3.557486	0.180078
609.7024082	3.55237	0.180095
609.8407754	3.547181	0.180113
609.9628536	3.541923	0.180116
610.0845401	3.53655	0.18016
610.2062267	3.530917	0.180242
610.3504548	3.525016	0.180337
610.5138702	3.519004	0.180377
610.6772855	3.512836	0.180412
610.8613423	3.506361	0.180525
611.0457915	3.499565	0.180567
611.1922006	3.492179	0.180313
611.3233945	3.484428	0.179889
611.4527352	3.476414	0.179387
611.5632207	3.468189	0.178898
611.6625539	3.4601	0.178309
611.7618871	3.451806	0.17753
611.8612203	3.443431	0.176673
611.9659565	3.434984	0.175757
612.0745547	3.426557	0.174781
612.1831529	3.417908	0.173865
612.2917511	3.409293	0.173046
612.3896885	3.400589	0.172275
612.4873615	3.391937	0.171473
612.5850344	3.383659	0.17064
612.6827073	3.375815	0.169858
612.7701147	3.368521	0.169195
612.857149	3.361452	0.168391
612.9441833	3.354449	0.167541
613.0312175	3.347574	0.166821
613.1325551	3.340841	0.166161
613.2504296	3.334363	0.165621
613.3683042	3.328011	0.165051
613.4823886	3.321715	0.164433
613.5732508	3.315597	0.163799
613.664113	3.309764	0.163232
613.7549752	3.304269	0.162725
613.8458374	3.299195	0.162241
613.9591039	3.294371	0.161661
614.0769983	3.289572	0.161078
614.1948927	3.284973	0.160513
614.3129333	3.280608	0.160093
614.4311181	3.276195	0.159655
614.549303	3.271958	0.159166
614.6671882	3.268041	0.158724
614.7785102	3.264331	0.158317
614.8898322	3.26073	0.158089
615.0011542	3.25717	0.157858
615.1125246	3.253581	0.157559
615.223978	3.25003	0.157251
615.3354315	3.246137	0.156981
615.4468849	3.24186	0.156783
615.5588484	3.237431	0.156591
615.6710339	3.232864	0.156301
615.7832194	3.228045	0.156047
615.8960878	3.223198	0.155799
616.0221116	3.217985	0.155619
616.1481354	3.212605	0.155429
616.2741593	3.207124	0.155165
616.4045957	3.201499	0.154894
616.5361181	3.195772	0.154636
616.6676405	3.190266	0.154432
616.7911556	3.184712	0.154186
616.9110967	3.179012	0.153889
617.0310377	3.172946	0.153657
617.1497416	3.166289	0.153421
617.2609714	3.159496	0.153173
617.3680001	3.152884	0.152838
617.4750288	3.146252	0.152354
617.5675729	3.139708	0.151907
617.6549698	3.133386	0.151525
617.7423667	3.127132	0.15123
617.8297637	3.120846	0.150862
617.9074631	3.114746	0.150342
617.9706227	3.10869	0.14972
618.0337824	3.102488	0.149112
618.0969421	3.095962	0.148558
618.1601018	3.089417	0.147983
618.2232614	3.082778	0.147392
618.2897665	3.07596	0.146928
618.3613355	3.068906	0.146463
618.4329045	3.061958	0.146102
618.5044735	3.054924	0.145756
618.5760425	3.048035	0.145341
618.6485899	3.041178	0.144972
618.7298639	3.034479	0.144589
618.811138	3.028188	0.144245
618.892412	3.021695	0.143811
618.9736861	3.015131	0.143276
619.0636148	3.008768	0.142802
619.1647246	3.002988	0.142408
619.2658344	2.997441	0.142141
619.3669442	2.992475	0.141916
619.4527688	2.987657	0.141604
619.5316265	2.983319	0.141322
619.6104842	2.97934	0.141064
619.6893419	2.975354	0.1409
619.7681996	2.971633	0.140722
619.8534766	2.968038	0.140477
619.9396332	2.964506	0.140273
620.0168154	2.96098	0.140193
620.0935768	2.957871	0.140164
620.1691811	2.954923	0.140063
620.2435288	2.952338	0.139897
620.3178765	2.950239	0.139815
620.3922242	2.948562	0.139801
620.4665718	2.947425	0.139871
620.5418844	2.946415	0.139939
620.6172627	2.945701	0.13995
620.6926409	2.945641	0.13998
620.7680191	2.946117	0.14005
620.8438086	2.946809	0.140263
620.92009	2.947573	0.140439
620.9963713	2.94822	0.140523
621.0726527	2.948978	0.140685
621.1484686	2.95009	0.140901
621.2078922	2.951605	0.141168
621.2673158	2.953253	0.141435
621.3267394	2.955122	0.141657
621.386163	2.957219	0.141963
621.4455866	2.959419	0.142348
621.5103174	2.961826	0.142826
621.5851842	2.964572	0.143219
621.660051	2.967419	0.143519
621.7349179	2.970304	0.143871
621.8097847	2.973134	0.144286
621.8749116	2.976173	0.144808
621.938074	2.979383	0.145311
622.0012365	2.982685	0.145736
622.0643989	2.986032	0.146268
622.1275613	2.98946	0.146841
622.197467	2.992617	0.14746
622.2745432	2.995623	0.148044
622.3516194	2.998528	0.148558
622.4282548	3.001467	0.149155
622.5028778	3.004346	0.149828
622.5623437	3.007437	0.150605
622.6218096	3.010691	0.151375
622.6812755	3.01401	0.15206
622.7407413	3.0174	0.152813
622.8002072	3.020794	0.153635
622.8605004	3.024138	0.154572
622.9217052	3.027354	0.155484
622.9829099	3.030618	0.156311
623.0441146	3.03406	0.15716
623.1053193	3.037831	0.158037
623.166467	3.041813	0.159028
623.2213178	3.045933	0.160007
623.2761687	3.050161	0.160937
623.3310196	3.054751	0.161949
623.3858705	3.059648	0.163046
623.4407214	3.065194	0.164222
623.4955722	3.070958	0.165373
623.5562269	3.076887	0.166502
623.6174632	3.082992	0.167747
623.6786996	3.089492	0.169058
623.7399359	3.096142	0.170404
623.8011723	3.102925	0.171688
623.8590039	3.109824	0.1729
623.9125875	3.116843	0.174158
623.9661711	3.123981	0.17545
624.0197547	3.13115	0.176787
624.0733384	3.138523	0.178054
624.126922	3.146032	0.179241
624.1813714	3.153781	0.180446
624.2392723	3.16133	0.181678
624.2971732	3.168988	0.182921
624.3550741	3.176894	0.184104
624.412975	3.184796	0.185217
624.4708758	3.192784	0.186312
624.5300634	3.200626	0.187376
624.5910149	3.208465	0.18851
624.6519663	3.216245	0.189614
624.7129178	3.223903	0.190676
624.7738692	3.231316	0.191812
624.8250894	3.238793	0.192999
624.8704284	3.246325	0.19424
624.9157722	3.253891	0.195479
624.9611161	3.261432	0.196688
625.0064599	3.268932	0.197945
625.0518038	3.276608	0.199222
625.0944599	3.28428	0.200579
625.1338504	3.29197	0.201946
625.1732409	3.299856	0.203283
625.2126313	3.30812	0.204654
625.2520218	3.31674	0.206021
625.2914123	3.325411	0.207443
625.3319793	3.334345	0.208878
625.3796385	3.343543	0.210284
625.4272976	3.353121	0.21174
625.4749568	3.363172	0.213226
625.5226159	3.373765	0.214719
625.5702751	3.384604	0.216196
625.6017606	3.395785	0.217603
625.6319865	3.407472	0.218955
625.6622123	3.419147	0.220287
625.6924382	3.431118	0.221608
625.7226641	3.443319	0.222902
625.75289	3.455598	0.224165
625.7831159	3.468055	0.225438
625.8133417	3.480852	0.226788
625.8513521	3.494002	0.22803
625.89261	3.50716	0.229183
625.933868	3.520233	0.230319
625.9751259	3.533176	0.231432
626.0163838	3.546118	0.232448
626.0593966	3.558932	0.233425
626.1037659	3.571694	0.234314
626.1486466	3.584291	0.235152
626.1935273	3.596553	0.235953
626.2384081	3.608619	0.236738
626.2832888	3.620435	0.237587
626.3281695	3.632278	0.238423
626.3830644	3.644171	0.239156
626.439399	3.656046	0.23982
626.4957335	3.667833	0.240463
626.5520681	3.679757	0.241103
626.60488	3.69138	0.24175
626.6469757	3.702958	0.242366
626.6890715	3.714725	0.243006
626.7311673	3.726442	0.243666
626.773263	3.738383	0.244319
626.8153588	3.750375	0.244914
626.8589298	3.762349	0.245466
626.9276305	3.77446	0.246053
626.9963313	3.787016	0.246702
627.065032	3.799638	0.247362
627.1277378	3.81245	0.248014
627.1735037	3.82545	0.248657
627.2192696	3.83877	0.24934
627.2650354	3.852408	0.250012
627.3107117	3.86651	0.250744
627.3555852	3.88107	0.251474
627.4022336	3.895967	0.252124
627.450243	3.911192	0.25278
627.4982523	3.926728	0.253373
627.5462617	3.942667	0.253963
627.5942711	3.958804	0.254504
627.6448746	3.975065	0.255032
627.7035768	3.991388	0.255557
627.762279	4.008018	0.256001
627.8209812	4.024736	0.25633
627.8796834	4.041505	0.256625
627.945886	4.058401	0.256889
628.0130262	4.075286	0.257025
628.0801664	4.09206	0.257076
628.1472028	4.108696	0.257072
628.2130823	4.125314	0.257006
628.2789617	4.141757	0.256893
628.3448412	4.157895	0.256725
628.4088125	4.173705	0.256545
628.4652893	4.189138	0.256366
628.5217661	4.20424	0.256128
628.5805144	4.219175	0.255813
628.6471889	4.234247	0.255488
628.7212321	4.249112	0.25514
628.7965132	4.26365	0.254807
628.8717944	4.278025	0.254498
628.9470756	4.292142	0.254192
629.0226096	4.305859	0.25393
629.097623	4.319178	0.253759
629.1649329	4.332279	0.253631
629.2322429	4.345104	0.253536
629.3006797	4.357807	0.253434
629.3842886	4.370221	0.253332
629.4678975	4.38242	0.253209
629.5515063	4.394672	0.253037
629.6272821	4.406813	0.252811
629.6982642	4.418913	0.252554
629.7692464	4.431155	0.252221
629.8402286	4.443617	0.251823
629.9117378	4.456209	0.251395
629.9836642	4.468995	0.250839
630.0555906	4.48201	0.250189
630.1275171	4.495186	0.249465
630.1994435	4.508323	0.248687
630.2682893	4.521156	0.247838
630.3347411	4.533951	0.246916
630.4011929	4.546745	0.245939
630.4676448	4.559109	0.244909
630.5340966	4.571058	0.24379
630.6005484	4.582805	0.242591
630.6670002	4.594313	0.241371
630.742703	4.605559	0.240125
630.8265668	4.616233	0.238787
630.9104305	4.626433	0.237401
630.9942943	4.636235	0.23602
631.0781581	4.645885	0.234624
631.1620219	4.655322	0.233221
631.2458857	4.664343	0.231796
631.324157	4.67293	0.230374
631.3975508	4.680885	0.229002
631.4709447	4.688571	0.227594
631.5443385	4.695904	0.226131
631.6177323	4.702779	0.224674
631.6911261	4.70921	0.223221
631.76452	4.715149	0.221812
631.8379138	4.720592	0.220398
631.9113076	4.725656	0.218939
631.9847015	4.7303	0.217499
632.0580953	4.734485	0.216069
632.1314891	4.737908	0.21466
632.2061005	4.740871	0.213278
632.2820751	4.743417	0.211898
632.3726098	4.745293	0.210619
632.4426658	4.746618	0.209425
632.501843	4.74725	0.208315
632.5610201	4.74734	0.20725
632.6201973	4.747046	0.206196
632.690558	4.746346	0.205222
632.7651869	4.74525	0.204293
632.8398157	4.743652	0.203469
632.9304935	4.741892	0.202636
633.0256076	4.740172	0.201765
633.1207216	4.738165	0.200882
633.2352053	4.735725	0.200013
633.3570395	4.733066	0.199193
633.4808284	4.730253	0.198381
633.6094232	4.727265	0.19754
633.7380179	4.723998	0.196713
633.8666127	4.720484	0.195938
633.9913914	4.717058	0.195251
634.1148457	4.713437	0.194553
634.2306628	4.709642	0.193829
634.3562326	4.705626	0.193131
634.487376	4.701513	0.192508
634.6093785	4.696855	0.191965
634.723867	4.691987	0.191352
634.8445454	4.687162	0.19066
634.9355819	4.681968	0.189977
635.0266185	4.676392	0.189292
635.117655	4.670376	0.188675
635.2095141	4.664267	0.188021
635.3017024	4.658108	0.187334
635.3938907	4.652036	0.186703
635.5175157	4.646079	0.186053
635.6713345	4.640312	0.18541
635.8030132	4.634556	0.184681
635.9233299	4.628662	0.183887
636.0318798	4.622583	0.183174
636.1291879	4.616822	0.182516
636.226496	4.611258	0.181908
636.3324463	4.605707	0.181318
636.4398774	4.600176	0.180681
636.5752121	4.595041	0.18007
636.7451431	4.589967	0.179509
636.8978186	4.585	0.179003
637.0390238	4.580016	0.178473
637.1434737	4.575289	0.177922
637.2512654	4.570852	0.177386
637.3706274	4.566602	0.176891
637.4933962	4.562528	0.176474
637.6021819	4.558508	0.176047
637.6983771	4.554504	0.175558
637.7945722	4.550511	0.175091
637.9018438	4.546579	0.1746
638.0138133	4.543137	0.174106
638.1225355	4.539942	0.173517
638.2227394	4.536706	0.172843
638.3229433	4.533733	0.172171
638.4339776	4.531024	0.171524
638.5533521	4.528415	0.170928
638.6729541	4.526176	0.170361
638.7931149	4.524124	0.169821
638.9132757	4.522477	0.169389
639.0368077	4.521083	0.169042
639.160931	4.519709	0.16886
639.2771711	4.518402	0.168707
639.3910259	4.51718	0.168486
639.5048807	4.516391	0.1683
639.6187355	4.515841	0.168176
639.7325903	4.51565	0.168102
639.8551372	4.515639	0.168036
639.9793603	4.515795	0.167894
640.140906	4.516103	0.167744
640.3295486	4.516694	0.1676
640.5181913	4.517569	0.167501
640.7068339	4.518604	0.167401
640.9105803	4.519754	0.167272
641.1173667	4.520597	0.167111
641.3241531	4.521497	0.167008
641.5309395	4.522657	0.166941
641.7377258	4.523914	0.166854
641.9445122	4.525415	0.166715
642.1416922	4.527182	0.166633
642.2907798	4.529178	0.166526
642.4393809	4.531583	0.166444
642.5863697	4.53399	0.166304
642.7404999	4.536389	0.166082
642.8804313	4.538576	0.165854
643.0199632	4.540718	0.165598
643.1563484	4.542331	0.165328
643.2907978	4.543857	0.165066
643.4222391	4.545201	0.164718
643.5396611	4.546131	0.164415
643.6570831	4.546356	0.164103
643.7787862	4.546016	0.163802
643.9074741	4.54541	0.163518
644.036162	4.544663	0.163209
644.1769967	4.543772	0.163031
644.3203515	4.542762	0.162924
644.4862585	4.541604	0.162996
644.6708571	4.540165	0.163088
644.8520617	4.538558	0.163163
645.0334527	4.536366	0.163377
645.1934364	4.533565	0.163716
645.3528255	4.53027	0.164034
645.4824496	4.526709	0.164386
645.6120737	4.522977	0.16467
645.7842937	4.519058	0.164959
645.9893185	4.514876	0.16522
646.1528879	4.51032	0.165473
646.31573	4.505744	0.165757
646.4677486	4.500978	0.165992
646.6197671	4.496059	0.166298
646.7692916	4.491052	0.166667
646.9168254	4.486036	0.167124
647.0603183	4.480644	0.167505
647.2032129	4.475086	0.167777
647.3400464	4.469564	0.16799
647.4743686	4.464143	0.16821
647.60523	4.458683	0.168511
647.7310059	4.453192	0.168885
647.8567818	4.447595	0.169218
648.0105166	4.441926	0.169577
648.1658344	4.436313	0.169974
648.3075982	4.43054	0.170385
648.4487309	4.424797	0.170726
648.6397454	4.419155	0.171057
648.8255452	4.413677	0.171449
648.9807463	4.408231	0.171882
649.1247826	4.402929	0.172415
649.2510073	4.397643	0.172889
649.3752501	4.392326	0.17328
649.4741976	4.38691	0.173679
649.5731451	4.381419	0.174037
649.6708546	4.375664	0.174378
649.759695	4.369958	0.174758
649.8485354	4.364136	0.175063
649.9373758	4.358423	0.175427
650.066911	4.352829	0.175817
650.2043905	4.347452	0.176181
650.3029741	4.342095	0.176473
650.3859277	4.336957	0.176783
650.4688814	4.332013	0.177145
NaN	4.327068	0.177504
NaN	4.322245	0.177872
NaN	4.317658	0.178165
NaN	4.313284	0.178406
NaN	4.308811	0.178656
NaN	4.304158	0.178896
NaN	4.299698	0.179186
NaN	4.295293	0.179507
NaN	4.290838	0.179735
NaN	4.286556	0.179934
NaN	4.282568	0.180201
NaN	4.278783	0.180443
NaN	4.275139	0.180653
NaN	4.271516	0.180796
NaN	4.268051	0.180925
NaN	4.264807	0.181089
NaN	4.261595	0.181255
NaN	4.258433	0.181443
NaN	4.255315	0.181593
NaN	4.252403	0.181761
NaN	4.249492	0.181915
NaN	4.246705	0.182223
NaN	4.24397	0.182531
NaN	4.241381	0.182905
NaN	4.239021	0.183357
NaN	4.236866	0.183844
NaN	4.2348	0.18436
NaN	4.23284	0.184905
NaN	4.230852	0.185417
NaN	4.228929	0.185898
NaN	4.227148	0.186446
NaN	4.225423	0.187075
NaN	4.223681	0.187665
NaN	4.221987	0.188267
NaN	4.220316	0.188859
NaN	4.218713	0.189438
NaN	4.217269	0.190061
NaN	4.215973	0.190694
NaN	4.214779	0.191344
NaN	4.21368	0.192057
NaN	4.212683	0.192813
NaN	4.211765	0.193526
NaN	4.210902	0.194261
NaN	4.209999	0.195
NaN	4.20897	0.195783
NaN	4.207889	0.196566
NaN	4.206849	0.19734
NaN	4.205851	0.198127
NaN	4.204967	0.198925
NaN	4.204213	0.19974
NaN	4.203572	0.200615
NaN	4.203022	0.201515
NaN	4.202461	0.202412
NaN	4.201942	0.203314
NaN	4.201429	0.204235
NaN	4.200889	0.205175
NaN	4.200313	0.206151
NaN	4.199732	0.207096
NaN	4.199115	0.208011
NaN	4.198549	0.208933
NaN	4.198015	0.209871
NaN	4.197495	0.210796
NaN	4.197003	0.211722
NaN	4.196554	0.212672
NaN	4.196112	0.213657
NaN	4.195702	0.214655
NaN	4.195339	0.215702
NaN	4.195018	0.216775
NaN	4.194675	0.217858
NaN	4.194306	0.218971
NaN	4.193979	0.22011
NaN	4.19371	0.221261
NaN	4.193428	0.222423
NaN	4.193142	0.223573
NaN	4.192857	0.224756
NaN	4.19257	0.225929
NaN	4.192274	0.227111
NaN	4.191966	0.228304
NaN	4.191683	0.229502
NaN	4.191412	0.230701
NaN	4.191145	0.231909
NaN	4.190906	0.233133
NaN	4.190676	0.234351
NaN	4.190446	0.235557
NaN	4.190216	0.236751
NaN	4.189986	0.237933
NaN	4.189755	0.239113
NaN	4.189508	0.240323
NaN	4.18926	0.241525
NaN	4.189019	0.242727
NaN	4.188779	0.243919
NaN	4.188532	0.24512
NaN	4.188286	0.246311
NaN	4.188041	0.247506
NaN	4.187797	0.248696
NaN	4.187547	0.249894
NaN	4.187308	0.251107
