population_id,genetic_background,antibiotic,time_h,selection_response
17221_F9,tolC,MEC,0.0,0.0049016189402484
17221_F9,tolC,MEC,5.46694444444445,0.0082848792699496
17221_F9,tolC,MEC,9.75472222222222,0.0120779341262506
17221_F9,tolC,MEC,13.9080555555556,0.0159091588028023
17221_F9,tolC,MEC,18.1630555555556,0.0195652873715624
17221_F9,tolC,MEC,22.3894444444444,0.022821394731142
17221_F9,tolC,MEC,26.6822222222222,0.0254568884877026
17221_F9,tolC,MEC,31.8769444444444,0.0274865492797746
17221_F9,tolC,MEC,36.0827777777778,0.0292747382872477
17221_F9,tolC,MEC,40.3325,0.0313382709330376
17221_F9,tolC,MEC,44.5975,0.0339441942592509
17221_F9,tolC,MEC,48.8013888888889,0.0367865345556409
17221_F9,tolC,MEC,54.1169444444444,0.0390935973628672
17221_F9,tolC,MEC,58.4088888888889,0.0402447127953347
17221_F9,tolC,MEC,62.6777777777778,0.0403471394407336
17221_F9,tolC,MEC,66.9502777777778,0.0401021207454217
17221_F9,tolC,MEC,71.2197222222222,0.0401096795566738
17221_F9,tolC,MEC,76.4788888888889,0.0404025430636764
17221_F9,tolC,MEC,80.7172222222222,0.0406347388692105
17221_F9,tolC,MEC,84.9841666666667,0.0406147223884383
17221_F9,tolC,MEC,89.2286111111111,0.0405869244906548
17221_F9,tolC,MEC,93.4544444444444,0.0410033437492228
17221_F9,tolC,MEC,97.7525,0.0420774235380045
17221_F9,tolC,MEC,102.516388888889,0.043560073979791
17221_F9,tolC,MEC,106.801111111111,0.0448918041234097
17221_F9,tolC,MEC,111.014166666667,0.0455982900245198
17221_F9,tolC,MEC,115.253333333333,0.0456315625675109
17221_F9,tolC,MEC,119.504444444444,0.0453411277071413
17221_F9,tolC,MEC,125.003611111111,0.0451055931486488
17221_F9,tolC,MEC,129.184722222222,0.0450603395315137
17221_F9,tolC,MEC,133.418055555556,0.0451968735775003
17221_F9,tolC,MEC,137.632222222222,0.0455855966070599
17221_F9,tolC,MEC,141.846388888889,0.0463690817040732
17221_F9,tolC,MEC,146.078611111111,0.0475584549203476
17221_F9,tolC,MEC,151.1025,0.0489308067999847
17221_F9,tolC,MEC,155.325277777778,0.0501822634023145
17221_F9,tolC,MEC,159.525,0.0511878399613373
17221_F9,tolC,MEC,163.788888888889,0.0520865207645931
17221_F9,tolC,MEC,167.9575,0.0531072911063882
17221_F9,tolC,MEC,173.1125,0.0543722169184044
17221_F9,tolC,MEC,177.340277777778,0.0560435397227228
17221_F9,tolC,MEC,181.598611111111,0.0587257071608029
17221_F9,tolC,MEC,185.858055555556,0.0635629183148297
17221_F9,tolC,MEC,190.123611111111,0.0712956182688857
17221_F9,tolC,MEC,194.394444444444,0.0809575689461044
17221_F9,tolC,MEC,199.947222222222,0.0902513833171777
17221_F9,tolC,MEC,204.184444444444,0.097335762889389
17221_F9,tolC,MEC,208.379166666667,0.100582963165445
17221_F9,tolC,MEC,212.603888888889,0.0968471623288291
17221_F9,tolC,MEC,216.829444444444,0.0832427555618643
17221_F9,tolC,MEC,222.312222222222,0.0624492699796637
17221_F9,tolC,MEC,226.795833333333,0.0454530728919072
17221_F9,tolC,MEC,231.014166666667,0.0484243913789833
17221_F9,tolC,MEC,235.251944444444,0.0845150320964617
17221_F9,tolC,MEC,239.448888888889,0.151644000434095
17221_F9,tolC,MEC,245.102222222222,0.225528541643761
17221_F9,tolC,MEC,249.192222222222,0.274011964363401
17221_F9,tolC,MEC,253.412222222222,0.285286967630798
17221_F9,tolC,MEC,257.617222222222,0.276393926907876
17221_F9,tolC,MEC,261.864166666667,0.270979370603046
17221_F9,tolC,MEC,266.250833333333,0.277219741659629
17221_F9,tolC,MEC,271.216111111111,0.29086042947648
17221_F9,tolC,MEC,275.436388888889,0.307424746967201
17221_F9,tolC,MEC,279.663611111111,0.320756703979115
17221_F9,tolC,MEC,283.886944444445,0.319898197258257
17221_F9,tolC,MEC,288.278611111111,0.300138003436422
17221_F9,tolC,MEC,293.467777777778,0.271835933970056
17221_F9,tolC,MEC,297.689722222222,0.250600101001893
17221_F9,tolC,MEC,301.943611111111,0.244470133966413
17221_F9,tolC,MEC,306.206111111111,0.254377806619202
17221_F9,tolC,MEC,310.473611111111,0.278225907368153
17221_F9,tolC,MEC,314.811388888889,0.309949459065897
17221_F9,tolC,MEC,320.274722222222,0.343068656567881
17221_F9,tolC,MEC,324.541666666667,0.379114587176289
17221_F9,tolC,MEC,328.747222222222,0.423542848441988
17221_F9,tolC,MEC,332.98,0.473451082358712
17221_F9,tolC,MEC,337.243333333333,0.519801231540543
17221_F9,tolC,MEC,342.400833333333,0.558832733309391
17221_F9,tolC,MEC,346.686388888889,0.593737077308117
17221_F9,tolC,MEC,350.953333333333,0.628501880825764
17221_F9,tolC,MEC,355.2225,0.664718114021752
17221_F9,tolC,MEC,359.488333333333,0.702187179340985
17221_F9,tolC,MEC,365.057777777778,0.740076937510329
17221_F9,tolC,MEC,369.278611111111,0.777645964130123
17221_F9,tolC,MEC,373.496388888889,0.814601086545346
17221_F9,tolC,MEC,377.822222222222,0.851196257357767
17221_F9,tolC,MEC,382.059166666667,0.888268526948571
17221_F9,tolC,MEC,386.286388888889,0.92736041374371
17221_F9,tolC,MEC,391.732222222222,0.970223389400044
17221_F9,tolC,MEC,395.962777777778,1.01746199750126
17221_F9,tolC,MEC,400.160555555556,1.06756894946199
17221_F9,tolC,MEC,404.412222222222,1.11762870757815
17221_F9,tolC,MEC,408.600833333333,1.16533455999446
17221_F9,tolC,MEC,413.790277777778,1.21074007719981
17221_F9,tolC,MEC,418.03,1.25643699219339
17221_F9,tolC,MEC,422.280555555556,1.30604007507889
17221_F9,tolC,MEC,426.530833333333,1.36209036660538
17221_F9,tolC,MEC,430.841666666667,1.42484967153586
17221_F9,tolC,MEC,435.080555555556,1.49245184761108
17221_F9,tolC,MEC,440.2975,1.56193954395237
17221_F9,tolC,MEC,444.536944444444,1.63052520088596
17221_F9,tolC,MEC,448.798333333333,1.69596799520746
17221_F9,tolC,MEC,453.029722222222,1.75544905341685
17221_F9,tolC,MEC,457.346388888889,1.80503018511643
17221_F9,tolC,MEC,462.527777777778,1.84178804161609
17221_F9,tolC,MEC,466.775555555556,1.86624690910751
17221_F9,tolC,MEC,471.008333333333,1.88152885556822
17221_D6,dnaK,MEC,0.0,0.004627737656321
17221_D6,dnaK,MEC,5.46694444444445,0.0075234026210173
17221_D6,dnaK,MEC,9.75472222222222,0.0104049623743838
17221_D6,dnaK,MEC,13.9080555555556,0.0129438308561885
17221_D6,dnaK,MEC,18.1630555555556,0.0152306166057907
17221_D6,dnaK,MEC,22.3894444444444,0.01747096206161
17221_D6,dnaK,MEC,26.6822222222222,0.0196962941850223
17221_D6,dnaK,MEC,31.8769444444444,0.0217470003057144
17221_D6,dnaK,MEC,36.0827777777778,0.0234378101275912
17221_D6,dnaK,MEC,40.3325,0.0247303171851398
17221_D6,dnaK,MEC,44.5975,0.0257784688418566
17221_D6,dnaK,MEC,48.8013888888889,0.0268512343365518
17221_D6,dnaK,MEC,54.1169444444444,0.0282375215726541
17221_D6,dnaK,MEC,58.4088888888889,0.0301669976743006
17221_D6,dnaK,MEC,62.6777777777778,0.0327166664889709
17221_D6,dnaK,MEC,66.9502777777778,0.0357155111650661
17221_D6,dnaK,MEC,71.2197222222222,0.0387387116959848
17221_D6,dnaK,MEC,76.4788888888889,0.041276995610893
17221_D6,dnaK,MEC,80.7172222222222,0.0430250134051488
17221_D6,dnaK,MEC,84.9841666666667,0.0441157678209639
17221_D6,dnaK,MEC,89.2286111111111,0.0451480717137207
17221_D6,dnaK,MEC,93.4544444444444,0.0469536753214095
17221_D6,dnaK,MEC,97.7525,0.0501880655199616
17221_D6,dnaK,MEC,102.516388888889,0.0549273342436716
17221_D6,dnaK,MEC,106.801111111111,0.0605265359219211
17221_D6,dnaK,MEC,111.014166666667,0.0659359072631256
17221_D6,dnaK,MEC,115.253333333333,0.0702489788908051
17221_D6,dnaK,MEC,119.504444444444,0.0729719411198284
17221_D6,dnaK,MEC,125.003611111111,0.0739765314743233
17221_D6,dnaK,MEC,129.184722222222,0.0735254380371469
17221_D6,dnaK,MEC,133.418055555556,0.0723672591077808
17221_D6,dnaK,MEC,137.632222222222,0.0715713342872782
17221_D6,dnaK,MEC,141.846388888889,0.0721120735769141
17221_D6,dnaK,MEC,146.078611111111,0.074524060338804
17221_D6,dnaK,MEC,151.1025,0.0788307315082556
17221_D6,dnaK,MEC,155.325277777778,0.0846602131083675
17221_D6,dnaK,MEC,159.525,0.0913556300552315
17221_D6,dnaK,MEC,163.788888888889,0.0980542905342467
17221_D6,dnaK,MEC,167.9575,0.103844601723689
17221_D6,dnaK,MEC,173.1125,0.108035922052629
17221_D6,dnaK,MEC,177.340277777778,0.110514748463697
17221_D6,dnaK,MEC,181.598611111111,0.112047801729393
17221_D6,dnaK,MEC,185.858055555556,0.114056097297623
17221_D6,dnaK,MEC,190.123611111111,0.117471596413749
17221_D6,dnaK,MEC,194.394444444444,0.121234449007369
17221_D6,dnaK,MEC,199.947222222222,0.122548945789872
17221_D6,dnaK,MEC,204.184444444444,0.119701390560811
17221_D6,dnaK,MEC,208.379166666667,0.113031958311124
17221_D6,dnaK,MEC,212.603888888889,0.101467709323571
17221_D6,dnaK,MEC,216.829444444444,0.0821435106928993
17221_D6,dnaK,MEC,222.312222222222,0.0574388356071488
17221_D6,dnaK,MEC,226.795833333333,0.0391100116470793
17221_D6,dnaK,MEC,231.014166666667,0.0430853103171177
17221_D6,dnaK,MEC,235.251944444444,0.0804194667962277
17221_D6,dnaK,MEC,239.448888888889,0.147151732020086
17221_D6,dnaK,MEC,245.102222222222,0.219057446252267
17221_D6,dnaK,MEC,249.192222222222,0.266095369088368
17221_D6,dnaK,MEC,253.412222222222,0.28016456092027
17221_D6,dnaK,MEC,257.617222222222,0.282604249041862
17221_D6,dnaK,MEC,261.864166666667,0.298337848990177
17221_D6,dnaK,MEC,266.250833333333,0.326922685627576
17221_D6,dnaK,MEC,271.216111111111,0.345721957397742
17221_D6,dnaK,MEC,275.436388888889,0.340024809438442
17221_D6,dnaK,MEC,279.663611111111,0.320303626492584
17221_D6,dnaK,MEC,283.886944444445,0.305448814796081
17221_D6,dnaK,MEC,288.278611111111,0.298816250014532
17221_D6,dnaK,MEC,293.467777777778,0.290610340203991
17221_D6,dnaK,MEC,297.689722222222,0.278204765952888
17221_D6,dnaK,MEC,301.943611111111,0.272648384588267
17221_D6,dnaK,MEC,306.206111111111,0.285350160417571
17221_D6,dnaK,MEC,310.473611111111,0.312822789206021
17221_D6,dnaK,MEC,314.811388888889,0.336674814131808
17221_D6,dnaK,MEC,320.274722222222,0.341605466977891
17221_D6,dnaK,MEC,324.541666666667,0.331425488594905
17221_D6,dnaK,MEC,328.747222222222,0.322985442098032
17221_D6,dnaK,MEC,332.98,0.326446856918993
17221_D6,dnaK,MEC,337.243333333333,0.334965279301114
17221_D6,dnaK,MEC,342.400833333333,0.334196470844492
17221_D6,dnaK,MEC,346.686388888889,0.320102723378678
17221_D6,dnaK,MEC,350.953333333333,0.301319545086173
17221_D6,dnaK,MEC,355.2225,0.286391387998782
17221_D6,dnaK,MEC,359.488333333333,0.277179078000957
17221_D6,dnaK,MEC,365.057777777778,0.272612229100256
17221_D6,dnaK,MEC,369.278611111111,0.272464722262273
17221_D6,dnaK,MEC,373.496388888889,0.278142275841997
17221_D6,dnaK,MEC,377.822222222222,0.292491600243036
17221_D6,dnaK,MEC,382.059166666667,0.315237340610997
17221_D6,dnaK,MEC,386.286388888889,0.337000466048441
17221_D6,dnaK,MEC,391.732222222222,0.345312904794682
17221_D6,dnaK,MEC,395.962777777778,0.340707031870618
17221_D6,dnaK,MEC,400.160555555556,0.338257291686188
17221_D6,dnaK,MEC,404.412222222222,0.348250246779413
17221_D6,dnaK,MEC,408.600833333333,0.362497746221167
17221_D6,dnaK,MEC,413.790277777778,0.364278206079375
17221_D6,dnaK,MEC,418.03,0.349096443228729
17221_D6,dnaK,MEC,422.280555555556,0.327807102556784
17221_D6,dnaK,MEC,426.530833333333,0.312085555295448
17221_D6,dnaK,MEC,430.841666666667,0.305025953329428
17221_D6,dnaK,MEC,435.080555555556,0.303940012417307
17221_D6,dnaK,MEC,440.2975,0.305330687951418
17221_D6,dnaK,MEC,444.536944444444,0.306999751964725
17221_D6,dnaK,MEC,448.798333333333,0.308010406772976
17221_D6,dnaK,MEC,453.029722222222,0.307350007532421
17221_D6,dnaK,MEC,457.346388888889,0.301670560580841
17221_D6,dnaK,MEC,462.527777777778,0.283472396699956
17221_D6,dnaK,MEC,466.775555555556,0.24475353663064
17221_D6,dnaK,MEC,471.008333333333,0.187846267825284
17221_E4,acrB,MEC,0.0,0.0048711992391355
17221_E4,acrB,MEC,5.46694444444445,0.0081511997216249
17221_E4,acrB,MEC,9.75472222222222,0.0116513243316792
17221_E4,acrB,MEC,13.9080555555556,0.0148803142174702
17221_E4,acrB,MEC,18.1630555555556,0.0176303443774151
17221_E4,acrB,MEC,22.3894444444444,0.019876724951693
17221_E4,acrB,MEC,26.6822222222222,0.021615098585196
17221_E4,acrB,MEC,31.8769444444444,0.0228036514232808
17221_E4,acrB,MEC,36.0827777777778,0.0234782685123155
17221_E4,acrB,MEC,40.3325,0.0238917804184148
17221_E4,acrB,MEC,44.5975,0.0243912967075588
17221_E4,acrB,MEC,48.8013888888889,0.0251118790531106
17221_E4,acrB,MEC,54.1169444444444,0.0258908238040445
17221_E4,acrB,MEC,58.4088888888889,0.0264992372837501
17221_E4,acrB,MEC,62.6777777777778,0.0268849959410613
17221_E4,acrB,MEC,66.9502777777778,0.0271709886077616
17221_E4,acrB,MEC,71.2197222222222,0.0274687074888649
17221_E4,acrB,MEC,76.4788888888889,0.0277564362921829
17221_E4,acrB,MEC,80.7172222222222,0.0279521777896338
17221_E4,acrB,MEC,84.9841666666667,0.0280486647609965
17221_E4,acrB,MEC,89.2286111111111,0.0281289399678848
17221_E4,acrB,MEC,93.4544444444444,0.0282709329147248
17221_E4,acrB,MEC,97.7525,0.0284765186173036
17221_E4,acrB,MEC,102.516388888889,0.0286919440046082
17221_E4,acrB,MEC,106.801111111111,0.0288638432533438
17221_E4,acrB,MEC,111.014166666667,0.0289556181074219
17221_E4,acrB,MEC,115.253333333333,0.0289450940107284
17221_E4,acrB,MEC,119.504444444444,0.0288649561529759
17221_E4,acrB,MEC,125.003611111111,0.0288406023701948
17221_E4,acrB,MEC,129.184722222222,0.0290259027646057
17221_E4,acrB,MEC,133.418055555556,0.0294820603722451
17221_E4,acrB,MEC,137.632222222222,0.0301546473091878
17221_E4,acrB,MEC,141.846388888889,0.0309614621841961
17221_E4,acrB,MEC,146.078611111111,0.031846883400373
17221_E4,acrB,MEC,151.1025,0.0327615704883025
17221_E4,acrB,MEC,155.325277777778,0.0336206736719227
17221_E4,acrB,MEC,159.525,0.0342648242161527
17221_E4,acrB,MEC,163.788888888889,0.034426199324976
17221_E4,acrB,MEC,167.9575,0.0339665968401772
17221_E4,acrB,MEC,173.1125,0.0334605370259322
17221_E4,acrB,MEC,177.340277777778,0.0342763748352932
17221_E4,acrB,MEC,181.598611111111,0.0376420735396704
17221_E4,acrB,MEC,185.858055555556,0.0445819439384934
17221_E4,acrB,MEC,190.123611111111,0.057069912902306
17221_E4,acrB,MEC,194.394444444444,0.0762968919964033
17221_E4,acrB,MEC,199.947222222222,0.097937621933004
17221_E4,acrB,MEC,204.184444444444,0.112700671116462
17221_E4,acrB,MEC,208.379166666667,0.11414716744383
17221_E4,acrB,MEC,212.603888888889,0.103153017935424
17221_E4,acrB,MEC,216.829444444444,0.084184216625111
17221_E4,acrB,MEC,222.312222222222,0.0624361045425612
17221_E4,acrB,MEC,226.795833333333,0.046581398431232
17221_E4,acrB,MEC,231.014166666667,0.0505406339706729
17221_E4,acrB,MEC,235.251944444444,0.0877550035563864
17221_E4,acrB,MEC,239.448888888889,0.158308783558464
17221_E4,acrB,MEC,245.102222222222,0.239958122794085
17221_E4,acrB,MEC,249.192222222222,0.300178608130767
17221_E4,acrB,MEC,253.412222222222,0.323156411517887
17221_E4,acrB,MEC,257.617222222222,0.32017762352446
17221_E4,acrB,MEC,261.864166666667,0.312389994359536
17221_E4,acrB,MEC,266.250833333333,0.310322586482379
17221_E4,acrB,MEC,271.216111111111,0.311452824176042
17221_E4,acrB,MEC,275.436388888889,0.311905365875561
17221_E4,acrB,MEC,279.663611111111,0.314088326014576
17221_E4,acrB,MEC,283.886944444445,0.318402207046009
17221_E4,acrB,MEC,288.278611111111,0.315333997601706
17221_E4,acrB,MEC,293.467777777778,0.297482679897377
17221_E4,acrB,MEC,297.689722222222,0.27431962176327
17221_E4,acrB,MEC,301.943611111111,0.265962411543477
17221_E4,acrB,MEC,306.206111111111,0.28609530765566
17221_E4,acrB,MEC,310.473611111111,0.333063364588147
17221_E4,acrB,MEC,314.811388888889,0.392388559264909
17221_E4,acrB,MEC,320.274722222222,0.447706391797178
17221_E4,acrB,MEC,324.541666666667,0.491552013713551
17221_E4,acrB,MEC,328.747222222222,0.526408429527552
17221_E4,acrB,MEC,332.98,0.558451011121096
17221_E4,acrB,MEC,337.243333333333,0.592742068437031
17221_E4,acrB,MEC,342.400833333333,0.632811852012553
17221_E4,acrB,MEC,346.686388888889,0.681026957932989
17221_E4,acrB,MEC,350.953333333333,0.7378264364435
17221_E4,acrB,MEC,355.2225,0.801424810442577
17221_E4,acrB,MEC,359.488333333333,0.869308640848517
17221_E4,acrB,MEC,365.057777777778,0.939556124252439
17221_E4,acrB,MEC,369.278611111111,1.01053565708298
17221_E4,acrB,MEC,373.496388888889,1.08052131086333
17221_E4,acrB,MEC,377.822222222222,1.1489920996515
17221_E4,acrB,MEC,382.059166666667,1.21786338575116
17221_E4,acrB,MEC,386.286388888889,1.29018576784771
17221_E4,acrB,MEC,391.732222222222,1.36748001972401
17221_E4,acrB,MEC,395.962777777778,1.44815565290724
17221_E4,acrB,MEC,400.160555555556,1.52826179299357
17221_E4,acrB,MEC,404.412222222222,1.60540794448954
17221_E4,acrB,MEC,408.600833333333,1.68244972577216
17221_E4,acrB,MEC,413.790277777778,1.76533633296865
17221_E4,acrB,MEC,418.03,1.85808676044776
17221_E4,acrB,MEC,422.280555555556,1.96200226691045
17221_E4,acrB,MEC,426.530833333333,2.07748133917014
17221_E4,acrB,MEC,430.841666666667,2.20307671788042
17221_E4,acrB,MEC,435.080555555556,2.33368614043993
17221_E4,acrB,MEC,440.2975,2.46361337753922
17221_E4,acrB,MEC,444.536944444444,2.59236304927173
17221_E4,acrB,MEC,448.798333333333,2.72308011210269
17221_E4,acrB,MEC,453.029722222222,2.85251090374277
17221_E4,acrB,MEC,457.346388888889,2.96824802555448
17221_E4,acrB,MEC,462.527777777778,3.06088280380849
17221_E4,acrB,MEC,466.775555555556,3.13284606376549
17221_E4,acrB,MEC,471.008333333333,3.19015372150708
17221_H5,recA,MEC,0.0,0.0047137731359586
17221_H5,recA,MEC,5.46694444444445,0.0077721217839216
17221_H5,recA,MEC,9.75472222222222,0.0109826419370371
17221_H5,recA,MEC,13.9080555555556,0.0140658840272766
17221_H5,recA,MEC,18.1630555555556,0.0171457018811546
17221_H5,recA,MEC,22.3894444444444,0.0204843616106901
17221_H5,recA,MEC,26.6822222222222,0.0242143960822197
17221_H5,recA,MEC,31.8769444444444,0.0283238626568611
17221_H5,recA,MEC,36.0827777777778,0.032886743601674
17221_H5,recA,MEC,40.3325,0.0383006044071562
17221_H5,recA,MEC,44.5975,0.0450856678770151
17221_H5,recA,MEC,48.8013888888889,0.0531349995502488
17221_H5,recA,MEC,54.1169444444444,0.0611386626244303
17221_H5,recA,MEC,58.4088888888889,0.0671804826633567
17221_H5,recA,MEC,62.6777777777778,0.0704473729188923
17221_H5,recA,MEC,66.9502777777778,0.0723398697137992
17221_H5,recA,MEC,71.2197222222222,0.0754307388585239
17221_H5,recA,MEC,76.4788888888889,0.0813434295440981
17221_H5,recA,MEC,80.7172222222222,0.090076400468904
17221_H5,recA,MEC,84.9841666666667,0.101097497726996
17221_H5,recA,MEC,89.2286111111111,0.11427791313153
17221_H5,recA,MEC,93.4544444444444,0.129831171585154
17221_H5,recA,MEC,97.7525,0.148159221907041
17221_H5,recA,MEC,102.516388888889,0.169730202036868
17221_H5,recA,MEC,106.801111111111,0.194222195090799
17221_H5,recA,MEC,111.014166666667,0.219691200602722
17221_H5,recA,MEC,115.253333333333,0.243328636103397
17221_H5,recA,MEC,119.504444444444,0.263073121389293
17221_H5,recA,MEC,125.003611111111,0.278204752821708
17221_H5,recA,MEC,129.184722222222,0.289323061722818
17221_H5,recA,MEC,133.418055555556,0.298954905955664
17221_H5,recA,MEC,137.632222222222,0.311609717242762
17221_H5,recA,MEC,141.846388888889,0.331570114169573
17221_H5,recA,MEC,146.078611111111,0.359860092884756
17221_H5,recA,MEC,151.1025,0.393654481569653
17221_H5,recA,MEC,155.325277777778,0.428925644629169
17221_H5,recA,MEC,159.525,0.463625374245248
17221_H5,recA,MEC,163.788888888889,0.497751804920156
17221_H5,recA,MEC,167.9575,0.529380858177396
17221_H5,recA,MEC,173.1125,0.55180490321142
17221_H5,recA,MEC,177.340277777778,0.558863378926106
17221_H5,recA,MEC,181.598611111111,0.554603887019395
17221_H5,recA,MEC,185.858055555556,0.553040405176899
17221_H5,recA,MEC,190.123611111111,0.565362678355338
17221_H5,recA,MEC,194.394444444444,0.59016637520663
17221_H5,recA,MEC,199.947222222222,0.617553187197106
17221_H5,recA,MEC,204.184444444444,0.639777984775204
17221_H5,recA,MEC,208.379166666667,0.656493495551535
17221_H5,recA,MEC,212.603888888889,0.671746059489722
17221_H5,recA,MEC,216.829444444444,0.688048575918306
17221_H5,recA,MEC,222.312222222222,0.704163359075292
17221_H5,recA,MEC,226.795833333333,0.718576170744847
17221_H5,recA,MEC,231.014166666667,0.733962944417906
17221_H5,recA,MEC,235.251944444444,0.756761901853304
17221_H5,recA,MEC,239.448888888889,0.791974935786799
17221_H5,recA,MEC,245.102222222222,0.839114702861061
17221_H5,recA,MEC,249.192222222222,0.894537959991136
17221_H5,recA,MEC,253.412222222222,0.958228831917399
17221_H5,recA,MEC,257.617222222222,1.03518868566508
17221_H5,recA,MEC,261.864166666667,1.12694615609994
17221_H5,recA,MEC,266.250833333333,1.22417977503412
17221_H5,recA,MEC,271.216111111111,1.31214481852726
17221_H5,recA,MEC,275.436388888889,1.38332999952529
17221_H5,recA,MEC,279.663611111111,1.4417832539826
17221_H5,recA,MEC,283.886944444445,1.4941811328559
17221_H5,recA,MEC,288.278611111111,1.5399601770017
17221_H5,recA,MEC,293.467777777778,1.57423861880602
17221_H5,recA,MEC,297.689722222222,1.6000379785329
17221_H5,recA,MEC,301.943611111111,1.63277412142337
17221_H5,recA,MEC,306.206111111111,1.6893029932219
17221_H5,recA,MEC,310.473611111111,1.77293758684972
17221_H5,recA,MEC,314.811388888889,1.86951390173801
17221_H5,recA,MEC,320.274722222222,1.95671642999772
17221_H5,recA,MEC,324.541666666667,2.01793272999164
17221_H5,recA,MEC,328.747222222222,2.05075129725053
17221_H5,recA,MEC,332.98,2.06495778955447
17221_H5,recA,MEC,337.243333333333,2.0722860871725
17221_H5,recA,MEC,342.400833333333,2.07776136522991
17221_H5,recA,MEC,346.686388888889,2.08170322973288
17221_H5,recA,MEC,350.953333333333,2.0887358957221
17221_H5,recA,MEC,355.2225,2.10973881454573
17221_H5,recA,MEC,359.488333333333,2.15398879257444
17221_H5,recA,MEC,365.057777777778,2.22395401437218
17221_H5,recA,MEC,369.278611111111,2.31705921698957
17221_H5,recA,MEC,373.496388888889,2.42781914195206
17221_H5,recA,MEC,377.822222222222,2.5484358712845
17221_H5,recA,MEC,382.059166666667,2.66906522671143
17221_H5,recA,MEC,386.286388888889,2.77762218267869
17221_H5,recA,MEC,391.732222222222,2.86202175957113
17221_H5,recA,MEC,395.962777777778,2.91695714072956
17221_H5,recA,MEC,400.160555555556,2.94893477558815
17221_H5,recA,MEC,404.412222222222,2.97259945454515
17221_H5,recA,MEC,408.600833333333,3.00110014421164
17221_H5,recA,MEC,413.790277777778,3.03824092146725
17221_H5,recA,MEC,418.03,3.07792024393442
17221_H5,recA,MEC,422.280555555556,3.11385497107521
17221_H5,recA,MEC,426.530833333333,3.15310522212081
17221_H5,recA,MEC,430.841666666667,3.21458328023659
17221_H5,recA,MEC,435.080555555556,3.30573833025848
17221_H5,recA,MEC,440.2975,3.40382084569254
17221_H5,recA,MEC,444.536944444444,3.47164139365739
17221_H5,recA,MEC,448.798333333333,3.49325572046566
17221_H5,recA,MEC,453.029722222222,3.48495853502949
17221_H5,recA,MEC,457.346388888889,3.47143330090286
17221_H5,recA,MEC,462.527777777778,3.46260096176589
17221_H5,recA,MEC,466.775555555556,3.45569770887353
17221_H5,recA,MEC,471.008333333333,3.44819344342851
17221_E2,hns,MEC,0.0,0.0046481529412423
17221_E2,hns,MEC,5.46694444444445,0.0076026179895424
17221_E2,hns,MEC,9.75472222222222,0.0106254612895489
17221_E2,hns,MEC,13.9080555555556,0.0133944592006734
17221_E2,hns,MEC,18.1630555555556,0.0159040664541917
17221_E2,hns,MEC,22.3894444444444,0.0181605657682492
17221_E2,hns,MEC,26.6822222222222,0.0200265622469805
17221_E2,hns,MEC,31.8769444444444,0.0213861140719595
17221_E2,hns,MEC,36.0827777777778,0.0223415270072464
17221_E2,hns,MEC,40.3325,0.0232018152998022
17221_E2,hns,MEC,44.5975,0.0242929998427301
17221_E2,hns,MEC,48.8013888888889,0.0257555481696193
17221_E2,hns,MEC,54.1169444444444,0.0274788791648422
17221_E2,hns,MEC,58.4088888888889,0.029223396139524
17221_E2,hns,MEC,62.6777777777778,0.0308371739057183
17221_E2,hns,MEC,66.9502777777778,0.0323764115246678
17221_E2,hns,MEC,71.2197222222222,0.0340195644555827
17221_E2,hns,MEC,76.4788888888889,0.0358779047491669
17221_E2,hns,MEC,80.7172222222222,0.0379230331000716
17221_E2,hns,MEC,84.9841666666667,0.0400855847130669
17221_E2,hns,MEC,89.2286111111111,0.042330380621275
17221_E2,hns,MEC,93.4544444444444,0.0446287313898818
17221_E2,hns,MEC,97.7525,0.0469876814617671
17221_E2,hns,MEC,102.516388888889,0.0495343229221837
17221_E2,hns,MEC,106.801111111111,0.0524182014249256
17221_E2,hns,MEC,111.014166666667,0.0555557059469396
17221_E2,hns,MEC,115.253333333333,0.0586159079433561
17221_E2,hns,MEC,119.504444444444,0.0614115840029671
17221_E2,hns,MEC,125.003611111111,0.0642156542137193
17221_E2,hns,MEC,129.184722222222,0.0675053892316234
17221_E2,hns,MEC,133.418055555556,0.0714927669502267
17221_E2,hns,MEC,137.632222222222,0.0761183284887881
17221_E2,hns,MEC,141.846388888889,0.0813587540390803
17221_E2,hns,MEC,146.078611111111,0.0872510511917845
17221_E2,hns,MEC,151.1025,0.0936741202091136
17221_E2,hns,MEC,155.325277777778,0.100338447630046
17221_E2,hns,MEC,159.525,0.106962866564455
17221_E2,hns,MEC,163.788888888889,0.113379001214337
17221_E2,hns,MEC,167.9575,0.119663224605927
17221_E2,hns,MEC,173.1125,0.126333542548231
17221_E2,hns,MEC,177.340277777778,0.134304557943479
17221_E2,hns,MEC,181.598611111111,0.144492509448015
17221_E2,hns,MEC,185.858055555556,0.157202606370257
17221_E2,hns,MEC,190.123611111111,0.171759219458296
17221_E2,hns,MEC,194.394444444444,0.187146700998435
17221_E2,hns,MEC,199.947222222222,0.203094530507658
17221_E2,hns,MEC,204.184444444444,0.219876142043479
17221_E2,hns,MEC,208.379166666667,0.237177616564038
17221_E2,hns,MEC,212.603888888889,0.254001442191709
17221_E2,hns,MEC,216.829444444444,0.26958072643714
17221_E2,hns,MEC,222.312222222222,0.28393865126665
17221_E2,hns,MEC,226.795833333333,0.298029909591406
17221_E2,hns,MEC,231.014166666667,0.31361794898844
17221_E2,hns,MEC,235.251944444444,0.331969615532252
17221_E2,hns,MEC,239.448888888889,0.351514447808535
17221_E2,hns,MEC,245.102222222222,0.367767260068229
17221_E2,hns,MEC,249.192222222222,0.37795689416249
17221_E2,hns,MEC,253.412222222222,0.385434211911369
17221_E2,hns,MEC,257.617222222222,0.39653828260402
17221_E2,hns,MEC,261.864166666667,0.413584794997336
17221_E2,hns,MEC,266.250833333333,0.433926721115417
17221_E2,hns,MEC,271.216111111111,0.454881001823501
17221_E2,hns,MEC,275.436388888889,0.476680475635796
17221_E2,hns,MEC,279.663611111111,0.500609696670624
17221_E2,hns,MEC,283.886944444445,0.526033046453453
17221_E2,hns,MEC,288.278611111111,0.550548444870727
17221_E2,hns,MEC,293.467777777778,0.573122366802317
17221_E2,hns,MEC,297.689722222222,0.595997779005845
17221_E2,hns,MEC,301.943611111111,0.622756041053615
17221_E2,hns,MEC,306.206111111111,0.65475162048368
17221_E2,hns,MEC,310.473611111111,0.688863995709522
17221_E2,hns,MEC,314.811388888889,0.716807141340243
17221_E2,hns,MEC,320.274722222222,0.727984174241846
17221_E2,hns,MEC,324.541666666667,0.718839394482706
17221_E2,hns,MEC,328.747222222222,0.701024082858589
17221_E2,hns,MEC,332.98,0.695287335427278
17221_E2,hns,MEC,337.243333333333,0.716214834321845
17221_E2,hns,MEC,342.400833333333,0.766146559866471
17221_E2,hns,MEC,346.686388888889,0.840591148378104
17221_E2,hns,MEC,350.953333333333,0.93214374546678
17221_E2,hns,MEC,355.2225,1.02750181057161
17221_E2,hns,MEC,359.488333333333,1.10444196587449
17221_E2,hns,MEC,365.057777777778,1.1390257471875
17221_E2,hns,MEC,369.278611111111,1.12466817929599
17221_E2,hns,MEC,373.496388888889,1.08506592049847
17221_E2,hns,MEC,377.822222222222,1.05901335008171
17221_E2,hns,MEC,382.059166666667,1.0688800143894
17221_E2,hns,MEC,386.286388888889,1.10934672419904
17221_E2,hns,MEC,391.732222222222,1.16443259619532
17221_E2,hns,MEC,395.962777777778,1.22586479021163
17221_E2,hns,MEC,400.160555555556,1.29442865960656
17221_E2,hns,MEC,404.412222222222,1.37103304689499
17221_E2,hns,MEC,408.600833333333,1.45019298434796
17221_E2,hns,MEC,413.790277777778,1.5216527065953
17221_E2,hns,MEC,418.03,1.57968760617853
17221_E2,hns,MEC,422.280555555556,1.63177984154617
17221_E2,hns,MEC,426.530833333333,1.69468124266035
17221_E2,hns,MEC,430.841666666667,1.77981723103091
17221_E2,hns,MEC,435.080555555556,1.88497258091699
17221_E2,hns,MEC,440.2975,2.00069657713653
17221_E2,hns,MEC,444.536944444444,2.12136208490769
17221_E2,hns,MEC,448.798333333333,2.24543036472589
17221_E2,hns,MEC,453.029722222222,2.36321878974104
17221_E2,hns,MEC,457.346388888889,2.45089911607386
17221_E2,hns,MEC,462.527777777778,2.48568452297284
17221_E2,hns,MEC,466.775555555556,2.46732853933452
17221_E2,hns,MEC,471.008333333333,2.42019724860676
17221_H1,fis,MEC,0.0,0.0046977890946172
17221_H1,fis,MEC,5.46694444444445,0.0076977736382346
17221_H1,fis,MEC,9.75472222222222,0.0107298594176143
17221_H1,fis,MEC,13.9080555555556,0.0133867866003182
17221_H1,fis,MEC,18.1630555555556,0.0156223854778303
17221_H1,fis,MEC,22.3894444444444,0.0175112465626595
17221_H1,fis,MEC,26.6822222222222,0.01901696000641
17221_H1,fis,MEC,31.8769444444444,0.0200113241982616
17221_H1,fis,MEC,36.0827777777778,0.0205011408343174
17221_H1,fis,MEC,40.3325,0.0208479386678279
17221_H1,fis,MEC,44.5975,0.0216860069001409
17221_H1,fis,MEC,48.8013888888889,0.0235231607010202
17221_H1,fis,MEC,54.1169444444444,0.0264026592442633
17221_H1,fis,MEC,58.4088888888889,0.0299272124182739
17221_H1,fis,MEC,62.6777777777778,0.0335581313098487
17221_H1,fis,MEC,66.9502777777778,0.0368638997071878
17221_H1,fis,MEC,71.2197222222222,0.0394728540679601
17221_H1,fis,MEC,76.4788888888889,0.0409626460884227
17221_H1,fis,MEC,80.7172222222222,0.0412211511165591
17221_H1,fis,MEC,84.9841666666667,0.0410758159408792
17221_H1,fis,MEC,89.2286111111111,0.0421336265737325
17221_H1,fis,MEC,93.4544444444444,0.0456230490228754
17221_H1,fis,MEC,97.7525,0.0514380167951088
17221_H1,fis,MEC,102.516388888889,0.0582109713934261
17221_H1,fis,MEC,106.801111111111,0.0641158535085197
17221_H1,fis,MEC,111.014166666667,0.0679195088262549
17221_H1,fis,MEC,115.253333333333,0.0697870062909737
17221_H1,fis,MEC,119.504444444444,0.0711634842267496
17221_H1,fis,MEC,125.003611111111,0.0737817951908118
17221_H1,fis,MEC,129.184722222222,0.0788521992990583
17221_H1,fis,MEC,133.418055555556,0.0870591696428744
17221_H1,fis,MEC,137.632222222222,0.0988212633049191
17221_H1,fis,MEC,141.846388888889,0.114212574827043
17221_H1,fis,MEC,146.078611111111,0.132679737759871
17221_H1,fis,MEC,151.1025,0.152885338779081
17221_H1,fis,MEC,155.325277777778,0.172945606970643
17221_H1,fis,MEC,159.525,0.191293219828952
17221_H1,fis,MEC,163.788888888889,0.207612793218823
17221_H1,fis,MEC,167.9575,0.222699962742673
17221_H1,fis,MEC,173.1125,0.237588936165672
17221_H1,fis,MEC,177.340277777778,0.253758796465719
17221_H1,fis,MEC,181.598611111111,0.274278009886083
17221_H1,fis,MEC,185.858055555556,0.303219453522196
17221_H1,fis,MEC,190.123611111111,0.34290360122512
17221_H1,fis,MEC,194.394444444444,0.392110483443539
17221_H1,fis,MEC,199.947222222222,0.446878238075231
17221_H1,fis,MEC,204.184444444444,0.502128171285049
17221_H1,fis,MEC,208.379166666667,0.552721606809336
17221_H1,fis,MEC,212.603888888889,0.594188937755742
17221_H1,fis,MEC,216.829444444444,0.623876720400828
17221_H1,fis,MEC,222.312222222222,0.643140115653862
17221_H1,fis,MEC,226.795833333333,0.659045000586872
17221_H1,fis,MEC,231.014166666667,0.682156050921924
17221_H1,fis,MEC,235.251944444444,0.720733431855067
17221_H1,fis,MEC,239.448888888889,0.776394359552672
17221_H1,fis,MEC,245.102222222222,0.844392462426067
17221_H1,fis,MEC,249.192222222222,0.917264198159948
17221_H1,fis,MEC,253.412222222222,0.989653197394689
17221_H1,fis,MEC,257.617222222222,1.06109003178181
17221_H1,fis,MEC,261.864166666667,1.13350489981912
17221_H1,fis,MEC,266.250833333333,1.20579313642771
17221_H1,fis,MEC,271.216111111111,1.27353883582063
17221_H1,fis,MEC,275.436388888889,1.33744733977965
17221_H1,fis,MEC,279.663611111111,1.40945298125301
17221_H1,fis,MEC,283.886944444445,1.5038046962547
17221_H1,fis,MEC,288.278611111111,1.6228282450881
17221_H1,fis,MEC,293.467777777778,1.75762240221644
17221_H1,fis,MEC,297.689722222222,1.90173485524127
17221_H1,fis,MEC,301.943611111111,2.05807249624788
17221_H1,fis,MEC,306.206111111111,2.23129673900146
17221_H1,fis,MEC,310.473611111111,2.4156938714602
17221_H1,fis,MEC,314.811388888889,2.59115260948148
17221_H1,fis,MEC,320.274722222222,2.73260679926777
17221_H1,fis,MEC,324.541666666667,2.8277428759281
17221_H1,fis,MEC,328.747222222222,2.88816563163211
17221_H1,fis,MEC,332.98,2.94237985648196
17221_H1,fis,MEC,337.243333333333,3.01612222989663
17221_H1,fis,MEC,342.400833333333,3.11774024807706
17221_H1,fis,MEC,346.686388888889,3.23960950575882
17221_H1,fis,MEC,350.953333333333,3.36935419787633
17221_H1,fis,MEC,355.2225,3.49491010090607
17221_H1,fis,MEC,359.488333333333,3.59940151348126
17221_H1,fis,MEC,365.057777777778,3.66250362494202
17221_H1,fis,MEC,369.278611111111,3.67901016609829
17221_H1,fis,MEC,373.496388888889,3.67430646652864
17221_H1,fis,MEC,377.822222222222,3.68980852281935
17221_H1,fis,MEC,382.059166666667,3.7486167361416
17221_H1,fis,MEC,386.286388888889,3.84003390443975
17221_H1,fis,MEC,391.732222222222,3.93831768541948
17221_H1,fis,MEC,395.962777777778,4.03230521208095
17221_H1,fis,MEC,400.160555555556,4.13529094091186
17221_H1,fis,MEC,404.412222222222,4.26633483565352
17221_H1,fis,MEC,408.600833333333,4.42292568348365
17221_H1,fis,MEC,413.790277777778,4.57678086575902
17221_H1,fis,MEC,418.03,4.70054993672356
17221_H1,fis,MEC,422.280555555556,4.79510128516124
17221_H1,fis,MEC,426.530833333333,4.88317008006817
17221_H1,fis,MEC,430.841666666667,4.97647147971128
17221_H1,fis,MEC,435.080555555556,5.05847015881456
17221_H1,fis,MEC,440.2975,5.10491999731957
17221_H1,fis,MEC,444.536944444444,5.11642420673888
17221_H1,fis,MEC,448.798333333333,5.12377623071077
17221_H1,fis,MEC,453.029722222222,5.15910936820515
17221_H1,fis,MEC,457.346388888889,5.22640803297751
17221_H1,fis,MEC,462.527777777778,5.30472344182875
17221_H1,fis,MEC,466.775555555556,5.37287895004092
17221_H1,fis,MEC,471.008333333333,5.42238875990939
17222_F9,tolC,MEC,0.0,0.004767143601206
17222_F9,tolC,MEC,5.87138888888889,0.0079255343711776
17222_F9,tolC,MEC,10.0644444444444,0.0113388414124345
17222_F9,tolC,MEC,14.3494444444444,0.0147191310971951
17222_F9,tolC,MEC,18.5669444444445,0.0180206735397549
17222_F9,tolC,MEC,22.8255555555556,0.0211180244618097
17222_F9,tolC,MEC,27.1216666666667,0.023711811870568
17222_F9,tolC,MEC,32.3183333333333,0.025633953248589
17222_F9,tolC,MEC,36.5908333333333,0.027134259878536
17222_F9,tolC,MEC,40.8405555555556,0.028768542627484
17222_F9,tolC,MEC,45.0738888888889,0.0309733800310532
17222_F9,tolC,MEC,49.3138888888889,0.0337673811832249
17222_F9,tolC,MEC,54.5819444444445,0.0368675497477588
17222_F9,tolC,MEC,58.8477777777778,0.0400148031014635
17222_F9,tolC,MEC,63.1177777777778,0.0431319196793946
17222_F9,tolC,MEC,67.3913888888889,0.0462144576492323
17222_F9,tolC,MEC,71.6613888888889,0.0491433185148902
17222_F9,tolC,MEC,76.8908333333333,0.0516363463068031
17222_F9,tolC,MEC,81.22,0.0534367143428107
17222_F9,tolC,MEC,85.4233333333333,0.0546449895335101
17222_F9,tolC,MEC,89.6375,0.0558374182440547
17222_F9,tolC,MEC,93.8588888888889,0.0576776176853715
17222_F9,tolC,MEC,98.0672222222222,0.0603627007018337
17222_F9,tolC,MEC,102.981111111111,0.063541324960335
17222_F9,tolC,MEC,107.204722222222,0.0667125208454988
17222_F9,tolC,MEC,111.456111111111,0.0695697384181652
17222_F9,tolC,MEC,115.730555555556,0.0720174341058321
17222_F9,tolC,MEC,119.983333333333,0.0739999714857588
17222_F9,tolC,MEC,125.250833333333,0.0753741385985541
17222_F9,tolC,MEC,129.461944444444,0.0760131276233587
17222_F9,tolC,MEC,133.693333333333,0.0760989407160391
17222_F9,tolC,MEC,137.911944444445,0.0762033748870664
17222_F9,tolC,MEC,142.123055555556,0.0769148138423009
17222_F9,tolC,MEC,146.354722222222,0.0784085060447757
17222_F9,tolC,MEC,151.606666666667,0.0804759589065787
17222_F9,tolC,MEC,155.823888888889,0.0828935170145033
17222_F9,tolC,MEC,160.033055555556,0.0856354855468237
17222_F9,tolC,MEC,164.29,0.0887565738672605
17222_F9,tolC,MEC,168.478055555556,0.092174254972803
17222_F9,tolC,MEC,173.526944444444,0.095623423055512
17222_F9,tolC,MEC,177.778888888889,0.0988896246304983
17222_F9,tolC,MEC,182.039722222222,0.102222746891017
17222_F9,tolC,MEC,186.298611111111,0.106648305728558
17222_F9,tolC,MEC,190.564444444444,0.113640758543544
17222_F9,tolC,MEC,194.834722222222,0.123870932859079
17222_F9,tolC,MEC,200.386666666667,0.135851959132114
17222_F9,tolC,MEC,204.624166666667,0.145740723113067
17222_F9,tolC,MEC,208.815833333333,0.147983481373167
17222_F9,tolC,MEC,213.053333333333,0.136809711230588
17222_F9,tolC,MEC,217.277777777778,0.110428748806909
17222_F9,tolC,MEC,222.759166666667,0.0761199366592129
17222_F9,tolC,MEC,227.204722222222,0.0496573422514749
17222_F9,tolC,MEC,231.422222222222,0.0487534099016338
17222_F9,tolC,MEC,235.660277777778,0.0857223914540446
17222_F9,tolC,MEC,239.873611111111,0.15940145553913
17222_F9,tolC,MEC,245.353333333333,0.249876624146951
17222_F9,tolC,MEC,249.600277777778,0.328241578112509
17222_F9,tolC,MEC,253.821388888889,0.377180423273076
17222_F9,tolC,MEC,258.091388888889,0.399140653391155
17222_F9,tolC,MEC,262.368888888889,0.405890052428234
17222_F9,tolC,MEC,266.755,0.406541249057294
17222_F9,tolC,MEC,271.623055555556,0.405084261460166
17222_F9,tolC,MEC,275.941111111111,0.403117365194958
17222_F9,tolC,MEC,280.167777777778,0.401597868959081
17222_F9,tolC,MEC,284.391388888889,0.401024782505746
17222_F9,tolC,MEC,288.719166666667,0.401492281382247
17222_F9,tolC,MEC,293.87,0.402936384712896
17222_F9,tolC,MEC,298.128888888889,0.405294556299539
17222_F9,tolC,MEC,302.383611111111,0.408917094603314
17222_F9,tolC,MEC,306.646388888889,0.415307260299008
17222_F9,tolC,MEC,310.915555555556,0.426874119563656
17222_F9,tolC,MEC,315.253333333333,0.444445998111845
17222_F9,tolC,MEC,320.7475,0.4647269118233
17222_F9,tolC,MEC,324.983333333333,0.481815511763185
17222_F9,tolC,MEC,329.212222222222,0.491243949678975
17222_F9,tolC,MEC,333.446666666667,0.490638715186546
17222_F9,tolC,MEC,337.648888888889,0.477029643389166
17222_F9,tolC,MEC,342.866388888889,0.448488293574438
17222_F9,tolC,MEC,347.126944444445,0.411528791391895
17222_F9,tolC,MEC,351.394166666667,0.380521375651209
17222_F9,tolC,MEC,355.661388888889,0.364532750246185
17222_F9,tolC,MEC,359.928888888889,0.363785568081354
17222_F9,tolC,MEC,365.462777777778,0.381024679463323
17222_F9,tolC,MEC,369.785555555556,0.419401339560186
17222_F9,tolC,MEC,374.024444444445,0.467894005628744
17222_F9,tolC,MEC,378.238888888889,0.504629082784669
17222_F9,tolC,MEC,382.475833333333,0.512782481225059
17222_F9,tolC,MEC,386.702777777778,0.48783362143469
17222_F9,tolC,MEC,392.1725,0.439175436052564
17222_F9,tolC,MEC,396.406666666667,0.388883139846849
17222_F9,tolC,MEC,400.634444444445,0.359456922375881
17222_F9,tolC,MEC,404.853888888889,0.357475561443306
17222_F9,tolC,MEC,409.075833333333,0.371541341954122
17222_F9,tolC,MEC,414.203888888889,0.389475506838021
17222_F9,tolC,MEC,418.534444444444,0.414696704238689
17222_F9,tolC,MEC,422.785277777778,0.456193490515064
17222_F9,tolC,MEC,427.038055555556,0.508362775155241
17222_F9,tolC,MEC,431.258888888889,0.555567713396634
17222_F9,tolC,MEC,435.498333333333,0.59013147220087
17222_F9,tolC,MEC,440.736388888889,0.614843714285183
17222_F9,tolC,MEC,444.980833333333,0.63411783826083
17222_F9,tolC,MEC,449.24,0.650198184923081
17222_F9,tolC,MEC,453.4975,0.664479242729776
17222_F9,tolC,MEC,457.791111111111,0.67802171046914
17222_F9,tolC,MEC,462.943333333333,0.690792457859762
17222_F9,tolC,MEC,467.227777777778,0.701752660583549
17222_F9,tolC,MEC,471.515555555556,0.709926997686913
17222_D6,dnaK,MEC,0.0,0.0047162367677547
17222_D6,dnaK,MEC,5.87138888888889,0.0077246757139306
17222_D6,dnaK,MEC,10.0644444444444,0.0107539783541933
17222_D6,dnaK,MEC,14.3494444444444,0.0134429297759409
17222_D6,dnaK,MEC,18.5669444444445,0.0159217621047719
17222_D6,dnaK,MEC,22.8255555555556,0.0185421370249996
17222_D6,dnaK,MEC,27.1216666666667,0.0214835081917469
17222_D6,dnaK,MEC,32.3183333333333,0.0246301636365216
17222_D6,dnaK,MEC,36.5908333333333,0.027758211598741
17222_D6,dnaK,MEC,40.8405555555556,0.0307834595499044
17222_D6,dnaK,MEC,45.0738888888889,0.0338299351809949
17222_D6,dnaK,MEC,49.3138888888889,0.0371115534469317
17222_D6,dnaK,MEC,54.5819444444445,0.0408062449399097
17222_D6,dnaK,MEC,58.8477777777778,0.0450625622979211
17222_D6,dnaK,MEC,63.1177777777778,0.0500703798285996
17222_D6,dnaK,MEC,67.3913888888889,0.0559845124130316
17222_D6,dnaK,MEC,71.6613888888889,0.0626894960006103
17222_D6,dnaK,MEC,76.8908333333333,0.0697338102871167
17222_D6,dnaK,MEC,81.22,0.0766943832886102
17222_D6,dnaK,MEC,85.4233333333333,0.0836971147904333
17222_D6,dnaK,MEC,89.6375,0.091627074237387
17222_D6,dnaK,MEC,93.8588888888889,0.101880427808611
17222_D6,dnaK,MEC,98.0672222222222,0.115634187925666
17222_D6,dnaK,MEC,102.981111111111,0.132805306546911
17222_D6,dnaK,MEC,107.204722222222,0.151784989682867
17222_D6,dnaK,MEC,111.456111111111,0.170816018701082
17222_D6,dnaK,MEC,115.730555555556,0.189533045602665
17222_D6,dnaK,MEC,119.983333333333,0.208428711567052
17222_D6,dnaK,MEC,125.250833333333,0.227202009586291
17222_D6,dnaK,MEC,129.461944444444,0.244984543288323
17222_D6,dnaK,MEC,133.693333333333,0.262163263730177
17222_D6,dnaK,MEC,137.911944444445,0.280447916624944
17222_D6,dnaK,MEC,142.123055555556,0.300501689932731
17222_D6,dnaK,MEC,146.354722222222,0.320682452735581
17222_D6,dnaK,MEC,151.606666666667,0.339811555215459
17222_D6,dnaK,MEC,155.823888888889,0.361121633959849
17222_D6,dnaK,MEC,160.033055555556,0.390897424607812
17222_D6,dnaK,MEC,164.29,0.431481794448621
17222_D6,dnaK,MEC,168.478055555556,0.477167738537092
17222_D6,dnaK,MEC,173.526944444444,0.518308665625337
17222_D6,dnaK,MEC,177.778888888889,0.54851149966404
17222_D6,dnaK,MEC,182.039722222222,0.56787461946718
17222_D6,dnaK,MEC,186.298611111111,0.581109045855344
17222_D6,dnaK,MEC,190.564444444444,0.593340716767652
17222_D6,dnaK,MEC,194.834722222222,0.606932118703755
17222_D6,dnaK,MEC,200.386666666667,0.621756131040647
17222_D6,dnaK,MEC,204.624166666667,0.638376765234772
17222_D6,dnaK,MEC,208.815833333333,0.659628569217144
17222_D6,dnaK,MEC,213.053333333333,0.687580427106425
17222_D6,dnaK,MEC,217.277777777778,0.720295684733254
17222_D6,dnaK,MEC,222.759166666667,0.754607838307351
17222_D6,dnaK,MEC,227.204722222222,0.791117175849963
17222_D6,dnaK,MEC,231.422222222222,0.832262492636589
17222_D6,dnaK,MEC,235.660277777778,0.876120626595014
17222_D6,dnaK,MEC,239.873611111111,0.916583093652619
17222_D6,dnaK,MEC,245.353333333333,0.94960563992466
17222_D6,dnaK,MEC,249.600277777778,0.975916334529456
17222_D6,dnaK,MEC,253.821388888889,0.997615939168632
17222_D6,dnaK,MEC,258.091388888889,1.0151157822601
17222_D6,dnaK,MEC,262.368888888889,1.02847946883872
17222_D6,dnaK,MEC,266.755,1.03987698814659
17222_D6,dnaK,MEC,271.623055555556,1.05239836110429
17222_D6,dnaK,MEC,275.941111111111,1.06644266961352
17222_D6,dnaK,MEC,280.167777777778,1.07919835559799
17222_D6,dnaK,MEC,284.391388888889,1.08849784983112
17222_D6,dnaK,MEC,288.719166666667,1.0965549634202
17222_D6,dnaK,MEC,293.87,1.10954292185889
17222_D6,dnaK,MEC,298.128888888889,1.13331864157389
17222_D6,dnaK,MEC,302.383611111111,1.17006978015945
17222_D6,dnaK,MEC,306.646388888889,1.22053458786481
17222_D6,dnaK,MEC,310.915555555556,1.28798103297511
17222_D6,dnaK,MEC,315.253333333333,1.37500895293908
17222_D6,dnaK,MEC,320.7475,1.47585715808303
17222_D6,dnaK,MEC,324.983333333333,1.57728312689541
17222_D6,dnaK,MEC,329.212222222222,1.66818482904222
17222_D6,dnaK,MEC,333.446666666667,1.74451610352856
17222_D6,dnaK,MEC,337.648888888889,1.80695795792573
17222_D6,dnaK,MEC,342.866388888889,1.86083482989141
17222_D6,dnaK,MEC,347.126944444445,1.91867078485514
17222_D6,dnaK,MEC,351.394166666667,1.99531299010222
17222_D6,dnaK,MEC,355.661388888889,2.09575761962063
17222_D6,dnaK,MEC,359.928888888889,2.21219004045086
17222_D6,dnaK,MEC,365.462777777778,2.3373789491734
17222_D6,dnaK,MEC,369.785555555556,2.47809297758582
17222_D6,dnaK,MEC,374.024444444445,2.65261276013158
17222_D6,dnaK,MEC,378.238888888889,2.87433201546575
17222_D6,dnaK,MEC,382.475833333333,3.13287593192474
17222_D6,dnaK,MEC,386.702777777778,3.38864644851403
17222_D6,dnaK,MEC,392.1725,3.59303329629782
17222_D6,dnaK,MEC,396.406666666667,3.72157419410979
17222_D6,dnaK,MEC,400.634444444445,3.7888883901817
17222_D6,dnaK,MEC,404.853888888889,3.8335630105997
17222_D6,dnaK,MEC,409.075833333333,3.89236189270078
17222_D6,dnaK,MEC,414.203888888889,3.9858178863472
17222_D6,dnaK,MEC,418.534444444444,4.1180256714833
17222_D6,dnaK,MEC,422.785277777778,4.28258096044476
17222_D6,dnaK,MEC,427.038055555556,4.46914142100453
17222_D6,dnaK,MEC,431.258888888889,4.66700221409124
17222_D6,dnaK,MEC,435.498333333333,4.86252579417416
17222_D6,dnaK,MEC,440.736388888889,5.03492584237419
17222_D6,dnaK,MEC,444.980833333333,5.16203762025342
17222_D6,dnaK,MEC,449.24,5.23559660013773
17222_D6,dnaK,MEC,453.4975,5.26758052842063
17222_D6,dnaK,MEC,457.791111111111,5.27649295701167
17222_D6,dnaK,MEC,462.943333333333,5.26968838602669
17222_D6,dnaK,MEC,467.227777777778,5.24564643470665
17222_D6,dnaK,MEC,471.515555555556,5.20965047601913
17222_E4,acrB,MEC,0.0,0.0049737224844051
17222_E4,acrB,MEC,5.87138888888889,0.0083815838873142
17222_E4,acrB,MEC,10.0644444444444,0.0120366224356821
17222_E4,acrB,MEC,14.3494444444444,0.0153636399861944
17222_E4,acrB,MEC,18.5669444444445,0.018094335927012
17222_E4,acrB,MEC,22.8255555555556,0.0202778699306127
17222_E4,acrB,MEC,27.1216666666667,0.022197079455393
17222_E4,acrB,MEC,32.3183333333333,0.0242829507719694
17222_E4,acrB,MEC,36.5908333333333,0.0270120918756022
17222_E4,acrB,MEC,40.8405555555556,0.0307385071938006
17222_E4,acrB,MEC,45.0738888888889,0.0354591636814786
17222_E4,acrB,MEC,49.3138888888889,0.0407193248758217
17222_E4,acrB,MEC,54.5819444444445,0.0458802474116134
17222_E4,acrB,MEC,58.8477777777778,0.0505546737830537
17222_E4,acrB,MEC,63.1177777777778,0.0547887662561119
17222_E4,acrB,MEC,67.3913888888889,0.0588486753714943
17222_E4,acrB,MEC,71.6613888888889,0.0628480310109229
17222_E4,acrB,MEC,76.8908333333333,0.0666112313816552
17222_E4,acrB,MEC,81.22,0.0699097741668395
17222_E4,acrB,MEC,85.4233333333333,0.0727447666352675
17222_E4,acrB,MEC,89.6375,0.0753585054341578
17222_E4,acrB,MEC,93.8588888888889,0.0779995852697129
17222_E4,acrB,MEC,98.0672222222222,0.0806693692543856
17222_E4,acrB,MEC,102.981111111111,0.0831303604302868
17222_E4,acrB,MEC,107.204722222222,0.0852265984525494
17222_E4,acrB,MEC,111.456111111111,0.0871580913667607
17222_E4,acrB,MEC,115.730555555556,0.0893569168814932
17222_E4,acrB,MEC,119.983333333333,0.0921016254943715
17222_E4,acrB,MEC,125.250833333333,0.095296909464612
17222_E4,acrB,MEC,129.461944444444,0.0985953202848509
17222_E4,acrB,MEC,133.693333333333,0.101645242761719
17222_E4,acrB,MEC,137.911944444445,0.104167496862136
17222_E4,acrB,MEC,142.123055555556,0.105805482336803
17222_E4,acrB,MEC,146.354722222222,0.106128957435344
17222_E4,acrB,MEC,151.606666666667,0.105198174147271
17222_E4,acrB,MEC,155.823888888889,0.104113258434685
17222_E4,acrB,MEC,160.033055555556,0.104401127305678
17222_E4,acrB,MEC,164.29,0.106660992466863
17222_E4,acrB,MEC,168.478055555556,0.110235803253896
17222_E4,acrB,MEC,173.526944444444,0.114179561648161
17222_E4,acrB,MEC,177.778888888889,0.118117623769406
17222_E4,acrB,MEC,182.039722222222,0.122307690884805
17222_E4,acrB,MEC,186.298611111111,0.127362695895945
17222_E4,acrB,MEC,190.564444444444,0.133965697128348
17222_E4,acrB,MEC,194.834722222222,0.142479609470724
17222_E4,acrB,MEC,200.386666666667,0.152576308885207
17222_E4,acrB,MEC,204.624166666667,0.163320379055187
17222_E4,acrB,MEC,208.815833333333,0.173710765292932
17222_E4,acrB,MEC,213.053333333333,0.183092447084895
17222_E4,acrB,MEC,217.277777777778,0.191238017782636
17222_E4,acrB,MEC,222.759166666667,0.198694697046223
17222_E4,acrB,MEC,227.204722222222,0.207674193373532
17222_E4,acrB,MEC,231.422222222222,0.222752449745435
17222_E4,acrB,MEC,235.660277777778,0.249451732550887
17222_E4,acrB,MEC,239.873611111111,0.289560814307353
17222_E4,acrB,MEC,245.353333333333,0.337167319279639
17222_E4,acrB,MEC,249.600277777778,0.381883687741122
17222_E4,acrB,MEC,253.821388888889,0.416974425006906
17222_E4,acrB,MEC,258.091388888889,0.442745739179576
17222_E4,acrB,MEC,262.368888888889,0.463091050359496
17222_E4,acrB,MEC,266.755,0.481396642529149
17222_E4,acrB,MEC,271.623055555556,0.499237795056325
17222_E4,acrB,MEC,275.941111111111,0.516924618399204
17222_E4,acrB,MEC,280.167777777778,0.534716625290322
17222_E4,acrB,MEC,284.391388888889,0.553606932704072
17222_E4,acrB,MEC,288.719166666667,0.574784880766633
17222_E4,acrB,MEC,293.87,0.598535295011566
17222_E4,acrB,MEC,298.128888888889,0.623890985192169
17222_E4,acrB,MEC,302.383611111111,0.649573048402992
17222_E4,acrB,MEC,306.646388888889,0.675856896144934
17222_E4,acrB,MEC,310.915555555556,0.705350620209552
17222_E4,acrB,MEC,315.253333333333,0.740676791737902
17222_E4,acrB,MEC,320.7475,0.781558192805956
17222_E4,acrB,MEC,324.983333333333,0.82556319903376
17222_E4,acrB,MEC,329.212222222222,0.871134415584917
17222_E4,acrB,MEC,333.446666666667,0.918840406802379
17222_E4,acrB,MEC,337.648888888889,0.970755542266846
17222_E4,acrB,MEC,342.866388888889,1.02928611098374
17222_E4,acrB,MEC,347.126944444445,1.09559918562871
17222_E4,acrB,MEC,351.394166666667,1.16878148158046
17222_E4,acrB,MEC,355.661388888889,1.24704157073461
17222_E4,acrB,MEC,359.928888888889,1.3300871845715
17222_E4,acrB,MEC,365.462777777778,1.42023287137793
17222_E4,acrB,MEC,369.785555555556,1.52041388381344
17222_E4,acrB,MEC,374.024444444445,1.63021540405345
17222_E4,acrB,MEC,378.238888888889,1.74419445249498
17222_E4,acrB,MEC,382.475833333333,1.85472728442532
17222_E4,acrB,MEC,386.702777777778,1.956565567528
17222_E4,acrB,MEC,392.1725,2.04997130670155
17222_E4,acrB,MEC,396.406666666667,2.14187932985785
17222_E4,acrB,MEC,400.634444444445,2.24433692840887
17222_E4,acrB,MEC,404.853888888889,2.37029271342755
17222_E4,acrB,MEC,409.075833333333,2.53019353593787
17222_E4,acrB,MEC,414.203888888889,2.73076929088583
17222_E4,acrB,MEC,418.534444444444,2.97186485254678
17222_E4,acrB,MEC,422.785277777778,3.24168137874217
17222_E4,acrB,MEC,427.038055555556,3.51955371378511
17222_E4,acrB,MEC,431.258888888889,3.78838999395764
17222_E4,acrB,MEC,435.498333333333,4.04435565958749
17222_E4,acrB,MEC,440.736388888889,4.29555538530037
17222_E4,acrB,MEC,444.980833333333,4.5557289389691
17222_E4,acrB,MEC,449.24,4.8379869257284
17222_E4,acrB,MEC,453.4975,5.14620813827059
17222_E4,acrB,MEC,457.791111111111,5.46725335609058
17222_E4,acrB,MEC,462.943333333333,5.77231410388121
17222_E4,acrB,MEC,467.227777777778,6.02858760308474
17222_E4,acrB,MEC,471.515555555556,6.2139856261086
17222_H5,recA,MEC,0.0,0.0047087510646386
17222_H5,recA,MEC,5.87138888888889,0.007749233440808
17222_H5,recA,MEC,10.0644444444444,0.0109285777515675
17222_H5,recA,MEC,14.3494444444444,0.0140078793456626
17222_H5,recA,MEC,18.5669444444445,0.0172198358689313
17222_H5,recA,MEC,22.8255555555556,0.0210143198436389
17222_H5,recA,MEC,27.1216666666667,0.0258056562083456
17222_H5,recA,MEC,32.3183333333333,0.0318958721734213
17222_H5,recA,MEC,36.5908333333333,0.0393928934645174
17222_H5,recA,MEC,40.8405555555556,0.0480577471502559
17222_H5,recA,MEC,45.0738888888889,0.0572190202412128
17222_H5,recA,MEC,49.3138888888889,0.0657813569215084
17222_H5,recA,MEC,54.5819444444445,0.0723089061427646
17222_H5,recA,MEC,58.8477777777778,0.0756159808959281
17222_H5,recA,MEC,63.1177777777778,0.076065588131831
17222_H5,recA,MEC,67.3913888888889,0.0761149596308899
17222_H5,recA,MEC,71.6613888888889,0.0784958529593926
17222_H5,recA,MEC,76.8908333333333,0.0835451865943196
17222_H5,recA,MEC,81.22,0.0890755929855383
17222_H5,recA,MEC,85.4233333333333,0.0930494240983113
17222_H5,recA,MEC,89.6375,0.0955712811315131
17222_H5,recA,MEC,93.8588888888889,0.0980756349155345
17222_H5,recA,MEC,98.0672222222222,0.101592393254163
17222_H5,recA,MEC,102.981111111111,0.106511665250313
17222_H5,recA,MEC,107.204722222222,0.113522510721126
17222_H5,recA,MEC,111.456111111111,0.123961573674443
17222_H5,recA,MEC,115.730555555556,0.138964702724921
17222_H5,recA,MEC,119.983333333333,0.158376490437839
17222_H5,recA,MEC,125.250833333333,0.180582202126187
17222_H5,recA,MEC,129.461944444444,0.203358955871757
17222_H5,recA,MEC,133.693333333333,0.224921126049067
17222_H5,recA,MEC,137.911944444445,0.244238664701814
17222_H5,recA,MEC,142.123055555556,0.260265555638149
17222_H5,recA,MEC,146.354722222222,0.271155511877303
17222_H5,recA,MEC,151.606666666667,0.275495051547881
17222_H5,recA,MEC,155.823888888889,0.275346739084914
17222_H5,recA,MEC,160.033055555556,0.277241045642738
17222_H5,recA,MEC,164.29,0.288391965796232
17222_H5,recA,MEC,168.478055555556,0.311479801965344
17222_H5,recA,MEC,173.526944444444,0.343561439794833
17222_H5,recA,MEC,177.778888888889,0.379647150702849
17222_H5,recA,MEC,182.039722222222,0.416777423941855
17222_H5,recA,MEC,186.298611111111,0.455502861447852
17222_H5,recA,MEC,190.564444444444,0.498933939965457
17222_H5,recA,MEC,194.834722222222,0.550473264802835
17222_H5,recA,MEC,200.386666666667,0.611088482194072
17222_H5,recA,MEC,204.624166666667,0.677853971512459
17222_H5,recA,MEC,208.815833333333,0.744741775922096
17222_H5,recA,MEC,213.053333333333,0.803839181203849
17222_H5,recA,MEC,217.277777777778,0.845357126597597
17222_H5,recA,MEC,222.759166666667,0.858201659723506
17222_H5,recA,MEC,227.204722222222,0.835081829796103
17222_H5,recA,MEC,231.422222222222,0.782241319411906
17222_H5,recA,MEC,235.660277777778,0.723769638369475
17222_H5,recA,MEC,239.873611111111,0.690026708614453
17222_H5,recA,MEC,245.353333333333,0.698658770871548
17222_H5,recA,MEC,249.600277777778,0.747689626159149
17222_H5,recA,MEC,253.821388888889,0.824031315778596
17222_H5,recA,MEC,258.091388888889,0.914664151216425
17222_H5,recA,MEC,262.368888888889,1.01211569778851
17222_H5,recA,MEC,266.755,1.11469276610245
17222_H5,recA,MEC,271.623055555556,1.22266818583948
17222_H5,recA,MEC,275.941111111111,1.33322928870671
17222_H5,recA,MEC,280.167777777778,1.44017887156351
17222_H5,recA,MEC,284.391388888889,1.53858141428674
17222_H5,recA,MEC,288.719166666667,1.62729038867096
17222_H5,recA,MEC,293.87,1.70663055296671
17222_H5,recA,MEC,298.128888888889,1.77624523370711
17222_H5,recA,MEC,302.383611111111,1.83708642738777
17222_H5,recA,MEC,306.646388888889,1.89455674371029
17222_H5,recA,MEC,310.915555555556,1.95650840278819
17222_H5,recA,MEC,315.253333333333,2.02597073675116
17222_H5,recA,MEC,320.7475,2.09772606437702
17222_H5,recA,MEC,324.983333333333,2.16520557236112
17222_H5,recA,MEC,329.212222222222,2.22935473679956
17222_H5,recA,MEC,333.446666666667,2.29661165651681
17222_H5,recA,MEC,337.648888888889,2.36928739375546
17222_H5,recA,MEC,342.866388888889,2.44255386179462
17222_H5,recA,MEC,347.126944444445,2.51080315169706
17222_H5,recA,MEC,351.394166666667,2.57239612303521
17222_H5,recA,MEC,355.661388888889,2.62285609053103
17222_H5,recA,MEC,359.928888888889,2.64023671688006
17222_H5,recA,MEC,365.462777777778,2.58632921602959
17222_H5,recA,MEC,369.785555555556,2.44153188062195
17222_H5,recA,MEC,374.024444444445,2.24236374296909
17222_H5,recA,MEC,378.238888888889,2.06684505906196
17222_H5,recA,MEC,382.475833333333,1.97474003601966
17222_H5,recA,MEC,386.702777777778,1.97102200265178
17222_H5,recA,MEC,392.1725,2.02385655261126
17222_H5,recA,MEC,396.406666666667,2.10192085414344
17222_H5,recA,MEC,400.634444444445,2.19338076414338
17222_H5,recA,MEC,404.853888888889,2.30240976274954
17222_H5,recA,MEC,409.075833333333,2.43719992677118
17222_H5,recA,MEC,414.203888888889,2.60223252157242
17222_H5,recA,MEC,418.534444444444,2.79788267068361
17222_H5,recA,MEC,422.785277777778,3.02160224852183
17222_H5,recA,MEC,427.038055555556,3.26530988874699
17222_H5,recA,MEC,431.258888888889,3.50986002148547
17222_H5,recA,MEC,435.498333333333,3.72222842615172
17222_H5,recA,MEC,440.736388888889,3.86259281861429
17222_H5,recA,MEC,444.980833333333,3.90654228063806
17222_H5,recA,MEC,449.24,3.87128871848042
17222_H5,recA,MEC,453.4975,3.81399367136311
17222_H5,recA,MEC,457.791111111111,3.79141787932573
17222_H5,recA,MEC,462.943333333333,3.82071481444289
17222_H5,recA,MEC,467.227777777778,3.88053812395733
17222_H5,recA,MEC,471.515555555556,3.94007278266501
17222_E2,hns,MEC,0.0,0.0045096906528322
17222_E2,hns,MEC,5.87138888888889,0.0071825341562216
17222_E2,hns,MEC,10.0644444444444,0.0096140049659237
17222_E2,hns,MEC,14.3494444444444,0.0114258273716741
17222_E2,hns,MEC,18.5669444444445,0.0127419161165459
17222_E2,hns,MEC,22.8255555555556,0.0138775143873357
17222_E2,hns,MEC,27.1216666666667,0.0150293053125506
17222_E2,hns,MEC,32.3183333333333,0.016249683638868
17222_E2,hns,MEC,36.5908333333333,0.0175476028695631
17222_E2,hns,MEC,40.8405555555556,0.0189265564139505
17222_E2,hns,MEC,45.0738888888889,0.020361030751152
17222_E2,hns,MEC,49.3138888888889,0.0218088586153027
17222_E2,hns,MEC,54.5819444444445,0.0232852273696042
17222_E2,hns,MEC,58.8477777777778,0.0249030790634863
17222_E2,hns,MEC,63.1177777777778,0.026784633517589
17222_E2,hns,MEC,67.3913888888889,0.0288932328388012
17222_E2,hns,MEC,71.6613888888889,0.0309934174003419
17222_E2,hns,MEC,76.8908333333333,0.0328825653229439
17222_E2,hns,MEC,81.22,0.0346914620580982
17222_E2,hns,MEC,85.4233333333333,0.0368472786119534
17222_E2,hns,MEC,89.6375,0.0396783546609122
17222_E2,hns,MEC,93.8588888888889,0.0431219642378664
17222_E2,hns,MEC,98.0672222222222,0.0468051898583796
17222_E2,hns,MEC,102.981111111111,0.0503280844481356
17222_E2,hns,MEC,107.204722222222,0.0535533206290866
17222_E2,hns,MEC,111.456111111111,0.0567238045473992
17222_E2,hns,MEC,115.730555555556,0.0601593106007215
17222_E2,hns,MEC,119.983333333333,0.0637006255304691
17222_E2,hns,MEC,125.250833333333,0.0666514914266917
17222_E2,hns,MEC,129.461944444444,0.0685275803376671
17222_E2,hns,MEC,133.693333333333,0.0697391646907735
17222_E2,hns,MEC,137.911944444445,0.071337268359077
17222_E2,hns,MEC,142.123055555556,0.0742768393820608
17222_E2,hns,MEC,146.354722222222,0.0791110555984184
17222_E2,hns,MEC,151.606666666667,0.0861366202122382
17222_E2,hns,MEC,155.823888888889,0.095426304646642
17222_E2,hns,MEC,160.033055555556,0.106611851769156
17222_E2,hns,MEC,164.29,0.118778037151627
17222_E2,hns,MEC,168.478055555556,0.130715986133017
17222_E2,hns,MEC,173.526944444444,0.141446511889018
17222_E2,hns,MEC,177.778888888889,0.150761297762014
17222_E2,hns,MEC,182.039722222222,0.159394729793245
17222_E2,hns,MEC,186.298611111111,0.16861029605365
17222_E2,hns,MEC,190.564444444444,0.179520777994847
17222_E2,hns,MEC,194.834722222222,0.192590341994338
17222_E2,hns,MEC,200.386666666667,0.207622448061837
17222_E2,hns,MEC,204.624166666667,0.224137145560136
17222_E2,hns,MEC,208.815833333333,0.241330685313351
17222_E2,hns,MEC,213.053333333333,0.257578937038648
17222_E2,hns,MEC,217.277777777778,0.271125787515226
17222_E2,hns,MEC,222.759166666667,0.282054307313244
17222_E2,hns,MEC,227.204722222222,0.292874839182112
17222_E2,hns,MEC,231.422222222222,0.306533806788074
17222_E2,hns,MEC,235.660277777778,0.323699013294915
17222_E2,hns,MEC,239.873611111111,0.341496815469182
17222_E2,hns,MEC,245.353333333333,0.355535814962038
17222_E2,hns,MEC,249.600277777778,0.365061997947878
17222_E2,hns,MEC,253.821388888889,0.375132667600709
17222_E2,hns,MEC,258.091388888889,0.390634023355474
17222_E2,hns,MEC,262.368888888889,0.409988687256784
17222_E2,hns,MEC,266.755,0.428480517002002
17222_E2,hns,MEC,271.623055555556,0.445534076844111
17222_E2,hns,MEC,275.941111111111,0.465449064133263
17222_E2,hns,MEC,280.167777777778,0.492240304549441
17222_E2,hns,MEC,284.391388888889,0.5246319571623
17222_E2,hns,MEC,288.719166666667,0.554472337074226
17222_E2,hns,MEC,293.87,0.571428453823586
17222_E2,hns,MEC,298.128888888889,0.573387065119128
17222_E2,hns,MEC,302.383611111111,0.571726442395222
17222_E2,hns,MEC,306.646388888889,0.582358523883664
17222_E2,hns,MEC,310.915555555556,0.612137466090018
17222_E2,hns,MEC,315.253333333333,0.655857893774531
17222_E2,hns,MEC,320.7475,0.703570956994232
17222_E2,hns,MEC,324.983333333333,0.74872607662551
17222_E2,hns,MEC,329.212222222222,0.790423542801612
17222_E2,hns,MEC,333.446666666667,0.829026974499484
17222_E2,hns,MEC,337.648888888889,0.862254813987492
17222_E2,hns,MEC,342.866388888889,0.887907163446921
17222_E2,hns,MEC,347.126944444445,0.908790898143384
17222_E2,hns,MEC,351.394166666667,0.932042694330305
17222_E2,hns,MEC,355.661388888889,0.963037779140694
17222_E2,hns,MEC,359.928888888889,1.00146268875136
17222_E2,hns,MEC,365.462777777778,1.04506246421854
17222_E2,hns,MEC,369.785555555556,1.09640917870435
17222_E2,hns,MEC,374.024444444445,1.16264046646791
17222_E2,hns,MEC,378.238888888889,1.24813012186299
17222_E2,hns,MEC,382.475833333333,1.35029472409124
17222_E2,hns,MEC,386.702777777778,1.46105802154168
17222_E2,hns,MEC,392.1725,1.56930205760874
17222_E2,hns,MEC,396.406666666667,1.66577179769856
17222_E2,hns,MEC,400.634444444445,1.74884267540481
17222_E2,hns,MEC,404.853888888889,1.82267120326243
17222_E2,hns,MEC,409.075833333333,1.88996328958395
17222_E2,hns,MEC,414.203888888889,1.95081075716016
17222_E2,hns,MEC,418.534444444444,2.00940270570983
17222_E2,hns,MEC,422.785277777778,2.07766034061991
17222_E2,hns,MEC,427.038055555556,2.16798169363394
17222_E2,hns,MEC,431.258888888889,2.28263747475126
17222_E2,hns,MEC,435.498333333333,2.41239662914482
17222_E2,hns,MEC,440.736388888889,2.54636411322003
17222_E2,hns,MEC,444.980833333333,2.68373746450537
17222_E2,hns,MEC,449.24,2.83179643015302
17222_E2,hns,MEC,453.4975,2.98430104829025
17222_E2,hns,MEC,457.791111111111,3.10531400984622
17222_E2,hns,MEC,462.943333333333,3.14891993746902
17222_E2,hns,MEC,467.227777777778,3.10166885909138
17222_E2,hns,MEC,471.515555555556,2.99991278556203
17222_H1,fis,MEC,0.0,0.0047177973835253
17222_H1,fis,MEC,5.87138888888889,0.0077607466358301
17222_H1,fis,MEC,10.0644444444444,0.0108916522087388
17222_H1,fis,MEC,14.3494444444444,0.0137284572067467
17222_H1,fis,MEC,18.5669444444445,0.0162189546109456
17222_H1,fis,MEC,22.8255555555556,0.018384892875188
17222_H1,fis,MEC,27.1216666666667,0.0201205700066108
17222_H1,fis,MEC,32.3183333333333,0.0212561308319285
17222_H1,fis,MEC,36.5908333333333,0.0217736432255317
17222_H1,fis,MEC,40.8405555555556,0.0219864976610639
17222_H1,fis,MEC,45.0738888888889,0.0224907326872229
17222_H1,fis,MEC,49.3138888888889,0.0238672594086977
17222_H1,fis,MEC,54.5819444444445,0.0263655514882259
17222_H1,fis,MEC,58.8477777777778,0.0298079516587312
17222_H1,fis,MEC,63.1177777777778,0.0337593390323679
17222_H1,fis,MEC,67.3913888888889,0.0377788172592365
17222_H1,fis,MEC,71.6613888888889,0.0415523874340988
17222_H1,fis,MEC,76.8908333333333,0.0449678625728055
17222_H1,fis,MEC,81.22,0.048229574904247
17222_H1,fis,MEC,85.4233333333333,0.0518291886950112
17222_H1,fis,MEC,89.6375,0.056238476711412
17222_H1,fis,MEC,93.8588888888889,0.0616253087874067
17222_H1,fis,MEC,98.0672222222222,0.0679646327803422
17222_H1,fis,MEC,102.981111111111,0.0753882961513194
17222_H1,fis,MEC,107.204722222222,0.0842117367808002
17222_H1,fis,MEC,111.456111111111,0.0943587876719992
17222_H1,fis,MEC,115.730555555556,0.104858484872998
17222_H1,fis,MEC,119.983333333333,0.114528852778544
17222_H1,fis,MEC,125.250833333333,0.123431383723228
17222_H1,fis,MEC,129.461944444444,0.133011005316798
17222_H1,fis,MEC,133.693333333333,0.144541847523433
17222_H1,fis,MEC,137.911944444445,0.157989773556517
17222_H1,fis,MEC,142.123055555556,0.172284518255835
17222_H1,fis,MEC,146.354722222222,0.186167520857042
17222_H1,fis,MEC,151.606666666667,0.199250111866336
17222_H1,fis,MEC,155.823888888889,0.212977537461612
17222_H1,fis,MEC,160.033055555556,0.230268912613967
17222_H1,fis,MEC,164.29,0.253648052740623
17222_H1,fis,MEC,168.478055555556,0.283800320373879
17222_H1,fis,MEC,173.526944444444,0.319861257755576
17222_H1,fis,MEC,177.778888888889,0.360462992369635
17222_H1,fis,MEC,182.039722222222,0.404385738619602
17222_H1,fis,MEC,186.298611111111,0.450775912209838
17222_H1,fis,MEC,190.564444444444,0.499002732492205
17222_H1,fis,MEC,194.834722222222,0.548080716373123
17222_H1,fis,MEC,200.386666666667,0.596219901834356
17222_H1,fis,MEC,204.624166666667,0.641612246465888
17222_H1,fis,MEC,208.815833333333,0.684446601939014
17222_H1,fis,MEC,213.053333333333,0.728026744191122
17222_H1,fis,MEC,217.277777777778,0.777508017510905
17222_H1,fis,MEC,222.759166666667,0.837875731354381
17222_H1,fis,MEC,227.204722222222,0.912908486112035
17222_H1,fis,MEC,231.422222222222,1.00430132471237
17222_H1,fis,MEC,235.660277777778,1.10952551510041
17222_H1,fis,MEC,239.873611111111,1.21904433140763
17222_H1,fis,MEC,245.353333333333,1.31764862959403
17222_H1,fis,MEC,249.600277777778,1.39464861146068
17222_H1,fis,MEC,253.821388888889,1.45522662716701
17222_H1,fis,MEC,258.091388888889,1.51645429123205
17222_H1,fis,MEC,262.368888888889,1.58979053853685
17222_H1,fis,MEC,266.755,1.67317052364166
17222_H1,fis,MEC,271.623055555556,1.76232965911116
17222_H1,fis,MEC,275.941111111111,1.86421469716932
17222_H1,fis,MEC,280.167777777778,1.99421410840337
17222_H1,fis,MEC,284.391388888889,2.15796657114131
17222_H1,fis,MEC,288.719166666667,2.33563545255935
17222_H1,fis,MEC,293.87,2.49037585038112
17222_H1,fis,MEC,298.128888888889,2.60097829283095
17222_H1,fis,MEC,302.383611111111,2.68467391713512
17222_H1,fis,MEC,306.646388888889,2.78133029930362
17222_H1,fis,MEC,310.915555555556,2.91861333671758
17222_H1,fis,MEC,315.253333333333,3.09706146720248
17222_H1,fis,MEC,320.7475,3.30150956035964
17222_H1,fis,MEC,324.983333333333,3.51968419400951
17222_H1,fis,MEC,329.212222222222,3.74794550132361
17222_H1,fis,MEC,333.446666666667,3.97359644529768
17222_H1,fis,MEC,337.648888888889,4.152686258133
17222_H1,fis,MEC,342.866388888889,4.22491998241159
17222_H1,fis,MEC,347.126944444445,4.1713301462737
17222_H1,fis,MEC,351.394166666667,4.05528086860961
17222_H1,fis,MEC,355.661388888889,3.98479454816957
17222_H1,fis,MEC,359.928888888889,4.023860219205
17222_H1,fis,MEC,365.462777777778,4.15319544776392
17222_H1,fis,MEC,369.785555555556,4.32118996311013
17222_H1,fis,MEC,374.024444444445,4.51116708084541
17222_H1,fis,MEC,378.238888888889,4.74249523999346
17222_H1,fis,MEC,382.475833333333,5.01888747775916
17222_H1,fis,MEC,386.702777777778,5.29946422033044
17222_H1,fis,MEC,392.1725,5.530389327187
17222_H1,fis,MEC,396.406666666667,5.7024314170182
17222_H1,fis,MEC,400.634444444445,5.86856707624395
17222_H1,fis,MEC,404.853888888889,6.09424617192411
17222_H1,fis,MEC,409.075833333333,6.39394107442929
17222_H1,fis,MEC,414.203888888889,6.72978269151994
17222_H1,fis,MEC,418.534444444444,7.06867270641132
17222_H1,fis,MEC,422.785277777778,7.42412471622607
17222_H1,fis,MEC,427.038055555556,7.83623304679755
17222_H1,fis,MEC,431.258888888889,8.31552659257732
17222_H1,fis,MEC,435.498333333333,8.80785568935924
17222_H1,fis,MEC,440.736388888889,9.21682361142069
17222_H1,fis,MEC,444.980833333333,9.47974481602068
17222_H1,fis,MEC,449.24,9.63650199300929
17222_H1,fis,MEC,453.4975,9.80738705600555
17222_H1,fis,MEC,457.791111111111,10.0870748965154
17222_H1,fis,MEC,462.943333333333,10.4685907634102
17222_H1,fis,MEC,467.227777777778,10.8669937856142
17222_H1,fis,MEC,471.515555555556,11.1933894178166
17223_F9,tolC,MEC,0.0,0.004776352949559
17223_F9,tolC,MEC,6.28444444444444,0.0079336929883808
17223_F9,tolC,MEC,10.5605555555556,0.0113052501294298
17223_F9,tolC,MEC,14.7880555555556,0.0145606510184294
17223_F9,tolC,MEC,19.0008333333333,0.0176828353808313
17223_F9,tolC,MEC,23.2927777777778,0.0206954625566522
17223_F9,tolC,MEC,27.5408333333333,0.0234371319289888
17223_F9,tolC,MEC,32.7905555555556,0.0256694736697031
17223_F9,tolC,MEC,37.0338888888889,0.0274233688453812
17223_F9,tolC,MEC,41.2827777777778,0.0291588171051054
17223_F9,tolC,MEC,45.4830555555556,0.0313897792882872
17223_F9,tolC,MEC,49.7411111111111,0.0341039381144383
17223_F9,tolC,MEC,55.0202777777778,0.0367060531763226
17223_F9,tolC,MEC,59.2894444444444,0.0386048415371271
17223_F9,tolC,MEC,63.5561111111111,0.03976490255715
17223_F9,tolC,MEC,67.8308333333333,0.0405927189889762
17223_F9,tolC,MEC,72.0836111111111,0.0413563881187018
17223_F9,tolC,MEC,77.2988888888889,0.0419035428874141
17223_F9,tolC,MEC,81.5216666666667,0.0419904695642116
17223_F9,tolC,MEC,85.6952777777778,0.0417239128118771
17223_F9,tolC,MEC,89.8983333333333,0.0415556115706826
17223_F9,tolC,MEC,94.1311111111111,0.0419067062944158
17223_F9,tolC,MEC,98.3919444444444,0.0428843225486707
17223_F9,tolC,MEC,103.419444444444,0.0442980917769505
17223_F9,tolC,MEC,107.650277777778,0.0458292500000304
17223_F9,tolC,MEC,111.927222222222,0.0471810896631764
17223_F9,tolC,MEC,116.14,0.0481628136630279
17223_F9,tolC,MEC,120.391111111111,0.0487047557858522
17223_F9,tolC,MEC,125.7025,0.0488371779698162
17223_F9,tolC,MEC,129.896388888889,0.0486878457286757
17223_F9,tolC,MEC,134.114444444444,0.0484747331525148
17223_F9,tolC,MEC,138.329444444444,0.0484226990031188
17223_F9,tolC,MEC,142.556111111111,0.0486513325376385
17223_F9,tolC,MEC,146.788055555556,0.0491426850667541
17223_F9,tolC,MEC,152.019166666667,0.0497934320855052
17223_F9,tolC,MEC,156.238055555556,0.0504987106607274
17223_F9,tolC,MEC,160.478333333333,0.0512359712612535
17223_F9,tolC,MEC,164.71,0.0520821022427504
17223_F9,tolC,MEC,168.928611111111,0.0531145083392431
17223_F9,tolC,MEC,173.934444444444,0.0543047779097982
17223_F9,tolC,MEC,178.216944444444,0.0557086693782659
17223_F9,tolC,MEC,182.478333333333,0.0581089287486065
17223_F9,tolC,MEC,186.7375,0.0636659572401682
17223_F9,tolC,MEC,191.004722222222,0.0752272592957836
17223_F9,tolC,MEC,195.275,0.0934659073796208
17223_F9,tolC,MEC,200.825555555556,0.114182905213514
17223_F9,tolC,MEC,205.062222222222,0.1296146202475
17223_F9,tolC,MEC,209.286666666667,0.132710386382193
17223_F9,tolC,MEC,213.511666666667,0.120095060038339
17223_F9,tolC,MEC,217.749444444444,0.0937174441495073
17223_F9,tolC,MEC,223.171666666667,0.0624442359619282
17223_F9,tolC,MEC,227.636944444445,0.0406577280128351
17223_F9,tolC,MEC,231.855,0.0433122813609558
17223_F9,tolC,MEC,236.0925,0.0798690865241877
17223_F9,tolC,MEC,240.299166666667,0.146196083193929
17223_F9,tolC,MEC,245.921666666667,0.221166499184564
17223_F9,tolC,MEC,250.033333333333,0.281176929965666
17223_F9,tolC,MEC,254.253888888889,0.320358491060939
17223_F9,tolC,MEC,258.531666666667,0.348106037286554
17223_F9,tolC,MEC,262.7725,0.370856141730888
17223_F9,tolC,MEC,267.056388888889,0.387133437672219
17223_F9,tolC,MEC,272.026111111111,0.395501687585504
17223_F9,tolC,MEC,276.2525,0.397476621098046
17223_F9,tolC,MEC,280.48,0.393654424069941
17223_F9,tolC,MEC,284.704166666667,0.381458136069665
17223_F9,tolC,MEC,289.158055555556,0.359376227904131
17223_F9,tolC,MEC,294.291388888889,0.334935097630533
17223_F9,tolC,MEC,298.5675,0.324018842386598
17223_F9,tolC,MEC,302.822222222222,0.335419347086627
17223_F9,tolC,MEC,307.085277777778,0.35961710135709
17223_F9,tolC,MEC,311.356666666667,0.378418646922523
17223_F9,tolC,MEC,315.693888888889,0.38246260385506
17223_F9,tolC,MEC,321.185277777778,0.37882270473099
17223_F9,tolC,MEC,325.423888888889,0.383775800972064
17223_F9,tolC,MEC,329.651388888889,0.403558374459443
17223_F9,tolC,MEC,333.886944444445,0.423127462674364
17223_F9,tolC,MEC,338.088333333333,0.422200402973704
17223_F9,tolC,MEC,343.305,0.399993951458035
17223_F9,tolC,MEC,347.567222222222,0.373655500267527
17223_F9,tolC,MEC,351.838333333333,0.353893768046973
17223_F9,tolC,MEC,356.101111111111,0.33554927890222
17223_F9,tolC,MEC,360.369166666667,0.314088702132663
17223_F9,tolC,MEC,365.866111111111,0.295781315836989
17223_F9,tolC,MEC,370.0975,0.290024613798472
17223_F9,tolC,MEC,374.32,0.303939645328072
17223_F9,tolC,MEC,378.509722222222,0.342319333983557
17223_F9,tolC,MEC,382.747777777778,0.401871398886342
17223_F9,tolC,MEC,386.975,0.467302650984547
17223_F9,tolC,MEC,392.611666666667,0.521306200734909
17223_F9,tolC,MEC,396.845277777778,0.557118608028638
17223_F9,tolC,MEC,401.056666666667,0.578442662166381
17223_F9,tolC,MEC,405.295277777778,0.591893965136076
17223_F9,tolC,MEC,409.5175,0.602492282731326
17223_F9,tolC,MEC,414.612222222222,0.613250534905846
17223_F9,tolC,MEC,418.847222222222,0.625624839403246
17223_F9,tolC,MEC,423.099444444444,0.640353027000039
17223_F9,tolC,MEC,427.339722222222,0.658393831847113
17223_F9,tolC,MEC,431.531111111111,0.681058086196637
17223_F9,tolC,MEC,435.770833333333,0.708616693177984
17223_F9,tolC,MEC,441.175,0.738941211235274
17223_F9,tolC,MEC,445.422777777778,0.768353567680082
17223_F9,tolC,MEC,449.680555555556,0.794074207089448
17223_F9,tolC,MEC,454.007222222222,0.815235566318551
17223_F9,tolC,MEC,458.298055555556,0.83170773634325
17223_F9,tolC,MEC,463.351944444444,0.843201956184569
17223_F9,tolC,MEC,467.600833333333,0.849939974784763
17223_F9,tolC,MEC,471.828333333333,0.853210648127175
17223_D6,dnaK,MEC,0.0,0.0046746096248234
17223_D6,dnaK,MEC,6.28444444444444,0.0076052936513831
17223_D6,dnaK,MEC,10.5605555555556,0.0104641209940773
17223_D6,dnaK,MEC,14.7880555555556,0.0128236781804096
17223_D6,dnaK,MEC,19.0008333333333,0.014738182359358
17223_D6,dnaK,MEC,23.2927777777778,0.016517929970188
17223_D6,dnaK,MEC,27.5408333333333,0.018386812618464
17223_D6,dnaK,MEC,32.7905555555556,0.0203585546503011
17223_D6,dnaK,MEC,37.0338888888889,0.0223547127616062
17223_D6,dnaK,MEC,41.2827777777778,0.0243524415913823
17223_D6,dnaK,MEC,45.4830555555556,0.0263950226191896
17223_D6,dnaK,MEC,49.7411111111111,0.0285236246149438
17223_D6,dnaK,MEC,55.0202777777778,0.0307629905278461
17223_D6,dnaK,MEC,59.2894444444444,0.0331595946832175
17223_D6,dnaK,MEC,63.5561111111111,0.0357530587401494
17223_D6,dnaK,MEC,67.8308333333333,0.0384306330906522
17223_D6,dnaK,MEC,72.0836111111111,0.0408386230159204
17223_D6,dnaK,MEC,77.2988888888889,0.0425468312232135
17223_D6,dnaK,MEC,81.5216666666667,0.0433594138130902
17223_D6,dnaK,MEC,85.6952777777778,0.0434924352171474
17223_D6,dnaK,MEC,89.8983333333333,0.0434960921864866
17223_D6,dnaK,MEC,94.1311111111111,0.0439930311500109
17223_D6,dnaK,MEC,98.3919444444444,0.0454085627498369
17223_D6,dnaK,MEC,103.419444444444,0.0478450801935453
17223_D6,dnaK,MEC,107.650277777778,0.0510987311247838
17223_D6,dnaK,MEC,111.927222222222,0.0547236354540946
17223_D6,dnaK,MEC,116.14,0.0581537785088611
17223_D6,dnaK,MEC,120.391111111111,0.0609751296876173
17223_D6,dnaK,MEC,125.7025,0.0632285466073922
17223_D6,dnaK,MEC,129.896388888889,0.065408965203483
17223_D6,dnaK,MEC,134.114444444444,0.0681105551088265
17223_D6,dnaK,MEC,138.329444444444,0.0716631278644803
17223_D6,dnaK,MEC,142.556111111111,0.0760099471929063
17223_D6,dnaK,MEC,146.788055555556,0.0808314967738701
17223_D6,dnaK,MEC,152.019166666667,0.0857860458697467
17223_D6,dnaK,MEC,156.238055555556,0.0906106305749944
17223_D6,dnaK,MEC,160.478333333333,0.0949697907420528
17223_D6,dnaK,MEC,164.71,0.0983728520701172
17223_D6,dnaK,MEC,168.928611111111,0.100459240308464
17223_D6,dnaK,MEC,173.934444444444,0.101361831421327
17223_D6,dnaK,MEC,178.216944444444,0.101725149544545
17223_D6,dnaK,MEC,182.478333333333,0.102534625311371
17223_D6,dnaK,MEC,186.7375,0.104929065397788
17223_D6,dnaK,MEC,191.004722222222,0.109482100141472
17223_D6,dnaK,MEC,195.275,0.114808379834241
17223_D6,dnaK,MEC,200.825555555556,0.117680356485193
17223_D6,dnaK,MEC,205.062222222222,0.116074882599529
17223_D6,dnaK,MEC,209.286666666667,0.110456938067578
17223_D6,dnaK,MEC,213.511666666667,0.100004488429736
17223_D6,dnaK,MEC,217.749444444444,0.0817405294492403
17223_D6,dnaK,MEC,223.171666666667,0.0577059418850773
17223_D6,dnaK,MEC,227.636944444445,0.0395565089260975
17223_D6,dnaK,MEC,231.855,0.0434457855787564
17223_D6,dnaK,MEC,236.0925,0.0807190110076681
17223_D6,dnaK,MEC,240.299166666667,0.147553917241181
17223_D6,dnaK,MEC,245.921666666667,0.219630775557215
17223_D6,dnaK,MEC,250.033333333333,0.26640537905415
17223_D6,dnaK,MEC,254.253888888889,0.278417401252336
17223_D6,dnaK,MEC,258.531666666667,0.274332825056735
17223_D6,dnaK,MEC,262.7725,0.276410956880153
17223_D6,dnaK,MEC,267.056388888889,0.286182841049066
17223_D6,dnaK,MEC,272.026111111111,0.291257498647942
17223_D6,dnaK,MEC,276.2525,0.288627232113508
17223_D6,dnaK,MEC,280.48,0.286544991870406
17223_D6,dnaK,MEC,284.704166666667,0.285944238749834
17223_D6,dnaK,MEC,289.158055555556,0.278655137550227
17223_D6,dnaK,MEC,294.291388888889,0.26616466688105
17223_D6,dnaK,MEC,298.5675,0.261494860133045
17223_D6,dnaK,MEC,302.822222222222,0.269519846228931
17223_D6,dnaK,MEC,307.085277777778,0.283116347316633
17223_D6,dnaK,MEC,311.356666666667,0.298455812830663
17223_D6,dnaK,MEC,315.693888888889,0.316927269881054
17223_D6,dnaK,MEC,321.185277777778,0.3362799166332
17223_D6,dnaK,MEC,325.423888888889,0.352520215210692
17223_D6,dnaK,MEC,329.651388888889,0.363584270119208
17223_D6,dnaK,MEC,333.886944444445,0.36841844257144
17223_D6,dnaK,MEC,338.088333333333,0.36876959804772
17223_D6,dnaK,MEC,343.305,0.367221618274534
17223_D6,dnaK,MEC,347.567222222222,0.363779832694996
17223_D6,dnaK,MEC,351.838333333333,0.359441291991041
17223_D6,dnaK,MEC,356.101111111111,0.356795234318909
17223_D6,dnaK,MEC,360.369166666667,0.358533814016219
17223_D6,dnaK,MEC,365.866111111111,0.370080002759482
17223_D6,dnaK,MEC,370.0975,0.39131301004437
17223_D6,dnaK,MEC,374.32,0.407264241945604
17223_D6,dnaK,MEC,378.509722222222,0.405214417512357
17223_D6,dnaK,MEC,382.747777777778,0.392492098915139
17223_D6,dnaK,MEC,386.975,0.381300349883651
17223_D6,dnaK,MEC,392.611666666667,0.370795655374001
17223_D6,dnaK,MEC,396.845277777778,0.358045604974731
17223_D6,dnaK,MEC,401.056666666667,0.350816605283107
17223_D6,dnaK,MEC,405.295277777778,0.35674820234737
17223_D6,dnaK,MEC,409.5175,0.368688499076473
17223_D6,dnaK,MEC,414.612222222222,0.371305000607838
17223_D6,dnaK,MEC,418.847222222222,0.361536727322135
17223_D6,dnaK,MEC,423.099444444444,0.35281690209022
17223_D6,dnaK,MEC,427.339722222222,0.356072663643467
17223_D6,dnaK,MEC,431.531111111111,0.36434890698811
17223_D6,dnaK,MEC,435.770833333333,0.361913837179265
17223_D6,dnaK,MEC,441.175,0.345318755902831
17223_D6,dnaK,MEC,445.422777777778,0.325899516833776
17223_D6,dnaK,MEC,449.680555555556,0.314434718159181
17223_D6,dnaK,MEC,454.007222222222,0.313595224338376
17223_D6,dnaK,MEC,458.298055555556,0.323956342492329
17223_D6,dnaK,MEC,463.351944444444,0.350052149533289
17223_D6,dnaK,MEC,467.600833333333,0.397161168653511
17223_D6,dnaK,MEC,471.828333333333,0.460819937940621
17223_E4,acrB,MEC,0.0,0.0049823437503641
17223_E4,acrB,MEC,6.28444444444444,0.0084189803739502
17223_E4,acrB,MEC,10.5605555555556,0.0121278551084526
17223_E4,acrB,MEC,14.7880555555556,0.015483200790195
17223_E4,acrB,MEC,19.0008333333333,0.0181180193705773
17223_E4,acrB,MEC,23.2927777777778,0.0200966074671071
17223_E4,acrB,MEC,27.5408333333333,0.022001184123857
17223_E4,acrB,MEC,32.7905555555556,0.0246541113682552
17223_E4,acrB,MEC,37.0338888888889,0.0284756936402083
17223_E4,acrB,MEC,41.2827777777778,0.0331043472268154
17223_E4,acrB,MEC,45.4830555555556,0.0377847966592747
17223_E4,acrB,MEC,49.7411111111111,0.0422070474921958
17223_E4,acrB,MEC,55.0202777777778,0.0469771454329656
17223_E4,acrB,MEC,59.2894444444444,0.0532038702677129
17223_E4,acrB,MEC,63.5561111111111,0.0615506960372531
17223_E4,acrB,MEC,67.8308333333333,0.0716072611921649
17223_E4,acrB,MEC,72.0836111111111,0.0818694441549537
17223_E4,acrB,MEC,77.2988888888889,0.090067522049922
17223_E4,acrB,MEC,81.5216666666667,0.094141340321259
17223_E4,acrB,MEC,85.6952777777778,0.0940522545664069
17223_E4,acrB,MEC,89.8983333333333,0.0927442935401248
17223_E4,acrB,MEC,94.1311111111111,0.0943179765224034
17223_E4,acrB,MEC,98.3919444444444,0.100787786243481
17223_E4,acrB,MEC,103.419444444444,0.110943044680972
17223_E4,acrB,MEC,107.650277777778,0.122090160492333
17223_E4,acrB,MEC,111.927222222222,0.132130579988669
17223_E4,acrB,MEC,116.14,0.140133520832161
17223_E4,acrB,MEC,120.391111111111,0.145913564455102
17223_E4,acrB,MEC,125.7025,0.149710660684515
17223_E4,acrB,MEC,129.896388888889,0.152246205032581
17223_E4,acrB,MEC,134.114444444444,0.154588471292269
17223_E4,acrB,MEC,138.329444444444,0.1574966816398
17223_E4,acrB,MEC,142.556111111111,0.160999360945076
17223_E4,acrB,MEC,146.788055555556,0.164854696585465
17223_E4,acrB,MEC,152.019166666667,0.169221033822048
17223_E4,acrB,MEC,156.238055555556,0.174668131717879
17223_E4,acrB,MEC,160.478333333333,0.18165912448096
17223_E4,acrB,MEC,164.71,0.190086122253075
17223_E4,acrB,MEC,168.928611111111,0.199239635327958
17223_E4,acrB,MEC,173.934444444444,0.208358059026704
17223_E4,acrB,MEC,178.216944444444,0.2173050973914
17223_E4,acrB,MEC,182.478333333333,0.226566896004935
17223_E4,acrB,MEC,186.7375,0.236577909323852
17223_E4,acrB,MEC,191.004722222222,0.247112442859887
17223_E4,acrB,MEC,195.275,0.25713790255346
17223_E4,acrB,MEC,200.825555555556,0.265195327175586
17223_E4,acrB,MEC,205.062222222222,0.270300911149239
17223_E4,acrB,MEC,209.286666666667,0.272734704388774
17223_E4,acrB,MEC,213.511666666667,0.273882320118347
17223_E4,acrB,MEC,217.749444444444,0.275468388349951
17223_E4,acrB,MEC,223.171666666667,0.279254665780396
17223_E4,acrB,MEC,227.636944444445,0.287242287472874
17223_E4,acrB,MEC,231.855,0.301329149573477
17223_E4,acrB,MEC,236.0925,0.321937243303006
17223_E4,acrB,MEC,240.299166666667,0.346618315154538
17223_E4,acrB,MEC,245.921666666667,0.370508834976485
17223_E4,acrB,MEC,250.033333333333,0.389351269824409
17223_E4,acrB,MEC,254.253888888889,0.402654303605788
17223_E4,acrB,MEC,258.531666666667,0.413534040672645
17223_E4,acrB,MEC,262.7725,0.42539869844902
17223_E4,acrB,MEC,267.056388888889,0.439108981980773
17223_E4,acrB,MEC,272.026111111111,0.453522887365598
17223_E4,acrB,MEC,276.2525,0.468304376014343
17223_E4,acrB,MEC,280.48,0.484983823920614
17223_E4,acrB,MEC,284.704166666667,0.505167182876877
17223_E4,acrB,MEC,289.158055555556,0.529167654556516
17223_E4,acrB,MEC,294.291388888889,0.556683085099358
17223_E4,acrB,MEC,298.5675,0.587645516102823
17223_E4,acrB,MEC,302.822222222222,0.622319053623724
17223_E4,acrB,MEC,307.085277777778,0.661472486049505
17223_E4,acrB,MEC,311.356666666667,0.706269943791968
17223_E4,acrB,MEC,315.693888888889,0.756652090521698
17223_E4,acrB,MEC,321.185277777778,0.809562849950614
17223_E4,acrB,MEC,325.423888888889,0.860521093860797
17223_E4,acrB,MEC,329.651388888889,0.908146265084056
17223_E4,acrB,MEC,333.886944444445,0.956753909201205
17223_E4,acrB,MEC,338.088333333333,1.01395556099683
17223_E4,acrB,MEC,343.305,1.08506210510055
17223_E4,acrB,MEC,347.567222222222,1.16897714724019
17223_E4,acrB,MEC,351.838333333333,1.25937280336595
17223_E4,acrB,MEC,356.101111111111,1.35029257742213
17223_E4,acrB,MEC,360.369166666667,1.44141239213026
17223_E4,acrB,MEC,365.866111111111,1.53843915901036
17223_E4,acrB,MEC,370.0975,1.64778219183319
17223_E4,acrB,MEC,374.32,1.77064905869029
17223_E4,acrB,MEC,378.509722222222,1.90373667786056
17223_E4,acrB,MEC,382.747777777778,2.04421170065872
17223_E4,acrB,MEC,386.975,2.18959955754859
17223_E4,acrB,MEC,392.611666666667,2.33356420466317
17223_E4,acrB,MEC,396.845277777778,2.46823402509806
17223_E4,acrB,MEC,401.056666666667,2.59290879078458
17223_E4,acrB,MEC,405.295277777778,2.717112789886
17223_E4,acrB,MEC,409.5175,2.85461504836094
17223_E4,acrB,MEC,414.612222222222,3.01704348782687
17223_E4,acrB,MEC,418.847222222222,3.21271046306408
17223_E4,acrB,MEC,423.099444444444,3.44954546989257
17223_E4,acrB,MEC,427.339722222222,3.73735637758838
17223_E4,acrB,MEC,431.531111111111,4.08175725650773
17223_E4,acrB,MEC,435.770833333333,4.47065321892477
17223_E4,acrB,MEC,441.175,4.8709563821739
17223_E4,acrB,MEC,445.422777777778,5.24798492598711
17223_E4,acrB,MEC,449.680555555556,5.5904446911114
17223_E4,acrB,MEC,454.007222222222,5.91188536395232
17223_E4,acrB,MEC,458.298055555556,6.22917138724616
17223_E4,acrB,MEC,463.351944444444,6.54416124695904
17223_E4,acrB,MEC,467.600833333333,6.84026655735917
17223_E4,acrB,MEC,471.828333333333,7.08835362373295
17223_H5,recA,MEC,0.0,0.0046546370174849
17223_H5,recA,MEC,6.28444444444444,0.0075789885978311
17223_H5,recA,MEC,10.5605555555556,0.0104848430416406
17223_H5,recA,MEC,14.7880555555556,0.0130346845994315
17223_H5,recA,MEC,19.0008333333333,0.0153971465640778
17223_H5,recA,MEC,23.2927777777778,0.0180263784976642
17223_H5,recA,MEC,27.5408333333333,0.0213500205341466
17223_H5,recA,MEC,32.7905555555556,0.0255740349212386
17223_H5,recA,MEC,37.0338888888889,0.0305813505955486
17223_H5,recA,MEC,41.2827777777778,0.0359797590300077
17223_H5,recA,MEC,45.4830555555556,0.0414114861373369
17223_H5,recA,MEC,49.7411111111111,0.0469397854939704
17223_H5,recA,MEC,55.0202777777778,0.0530161997336835
17223_H5,recA,MEC,59.2894444444444,0.0599082856008267
17223_H5,recA,MEC,63.5561111111111,0.0671855756847771
17223_H5,recA,MEC,67.8308333333333,0.0737656871775155
17223_H5,recA,MEC,72.0836111111111,0.0782860301782762
17223_H5,recA,MEC,77.2988888888889,0.079602115413725
17223_H5,recA,MEC,81.5216666666667,0.0776796079112105
17223_H5,recA,MEC,85.6952777777778,0.07440038731226
17223_H5,recA,MEC,89.8983333333333,0.0728767631271128
17223_H5,recA,MEC,94.1311111111111,0.0753577720022093
17223_H5,recA,MEC,98.3919444444444,0.081876328159657
17223_H5,recA,MEC,103.419444444444,0.0907670815885716
17223_H5,recA,MEC,107.650277777778,0.0999573070250647
17223_H5,recA,MEC,111.927222222222,0.107946910534959
17223_H5,recA,MEC,116.14,0.114336366403364
17223_H5,recA,MEC,120.391111111111,0.119764083004781
17223_H5,recA,MEC,125.7025,0.125365535344756
17223_H5,recA,MEC,129.896388888889,0.132223508151225
17223_H5,recA,MEC,134.114444444444,0.140596409867101
17223_H5,recA,MEC,138.329444444444,0.148872398072374
17223_H5,recA,MEC,142.556111111111,0.15395454548998
17223_H5,recA,MEC,146.788055555556,0.15411418725791
17223_H5,recA,MEC,152.019166666667,0.151479155040979
17223_H5,recA,MEC,156.238055555556,0.15069328730718
17223_H5,recA,MEC,160.478333333333,0.155188151005651
17223_H5,recA,MEC,164.71,0.165460014483094
17223_H5,recA,MEC,168.928611111111,0.18032243043726
17223_H5,recA,MEC,173.934444444444,0.198398161579516
17223_H5,recA,MEC,178.216944444444,0.218200171363361
17223_H5,recA,MEC,182.478333333333,0.237868948488706
17223_H5,recA,MEC,186.7375,0.255707988752258
17223_H5,recA,MEC,191.004722222222,0.27089077686741
17223_H5,recA,MEC,195.275,0.283373906271569
17223_H5,recA,MEC,200.825555555556,0.293301873231847
17223_H5,recA,MEC,205.062222222222,0.300821979377391
17223_H5,recA,MEC,209.286666666667,0.306481942169471
17223_H5,recA,MEC,213.511666666667,0.311448984413907
17223_H5,recA,MEC,217.749444444444,0.317055811261156
17223_H5,recA,MEC,223.171666666667,0.32418355661098
17223_H5,recA,MEC,227.636944444445,0.333138696121374
17223_H5,recA,MEC,231.855,0.344017653156876
17223_H5,recA,MEC,236.0925,0.356837147730839
17223_H5,recA,MEC,240.299166666667,0.370975775021985
17223_H5,recA,MEC,245.921666666667,0.385124602609218
17223_H5,recA,MEC,250.033333333333,0.39894626565443
17223_H5,recA,MEC,254.253888888889,0.414713590656273
17223_H5,recA,MEC,258.531666666667,0.436243069147668
17223_H5,recA,MEC,262.7725,0.465908522665468
17223_H5,recA,MEC,267.056388888889,0.503159534643087
17223_H5,recA,MEC,272.026111111111,0.545948988246786
17223_H5,recA,MEC,276.2525,0.592784003285157
17223_H5,recA,MEC,280.48,0.642891160138591
17223_H5,recA,MEC,284.704166666667,0.695169560027524
17223_H5,recA,MEC,289.158055555556,0.747976813590354
17223_H5,recA,MEC,294.291388888889,0.799921443736292
17223_H5,recA,MEC,298.5675,0.850663428372432
17223_H5,recA,MEC,302.822222222222,0.901036248527627
17223_H5,recA,MEC,307.085277777778,0.951748397913188
17223_H5,recA,MEC,311.356666666667,1.00092480397323
17223_H5,recA,MEC,315.693888888889,1.04294844645899
17223_H5,recA,MEC,321.185277777778,1.07146512902237
17223_H5,recA,MEC,325.423888888889,1.08575201914417
17223_H5,recA,MEC,329.651388888889,1.09382748027809
17223_H5,recA,MEC,333.886944444445,1.10686562416885
17223_H5,recA,MEC,338.088333333333,1.13009947524634
17223_H5,recA,MEC,343.305,1.16024303641051
17223_H5,recA,MEC,347.567222222222,1.19061669529967
17223_H5,recA,MEC,351.838333333333,1.216848592116
17223_H5,recA,MEC,356.101111111111,1.2380337911048
17223_H5,recA,MEC,360.369166666667,1.25450661317246
17223_H5,recA,MEC,365.866111111111,1.26662110882922
17223_H5,recA,MEC,370.0975,1.27638830707321
17223_H5,recA,MEC,374.32,1.28896678229533
17223_H5,recA,MEC,378.509722222222,1.31039250148351
17223_H5,recA,MEC,382.747777777778,1.34299863123462
17223_H5,recA,MEC,386.975,1.38383532012639
17223_H5,recA,MEC,392.611666666667,1.42774729165981
17223_H5,recA,MEC,396.845277777778,1.47169291604103
17223_H5,recA,MEC,401.056666666667,1.51726624714741
17223_H5,recA,MEC,405.295277777778,1.56991457768702
17223_H5,recA,MEC,409.5175,1.63443721394645
17223_H5,recA,MEC,414.612222222222,1.70996210003678
17223_H5,recA,MEC,418.847222222222,1.78951648731856
17223_H5,recA,MEC,423.099444444444,1.86609661681995
17223_H5,recA,MEC,427.339722222222,1.94040680554625
17223_H5,recA,MEC,431.531111111111,2.01912977228846
17223_H5,recA,MEC,435.770833333333,2.09936467269842
17223_H5,recA,MEC,441.175,2.1543845759967
17223_H5,recA,MEC,445.422777777778,2.14402884127393
17223_H5,recA,MEC,449.680555555556,2.05127912327719
17223_H5,recA,MEC,454.007222222222,1.90987819979259
17223_H5,recA,MEC,458.298055555556,1.78423743628517
17223_H5,recA,MEC,463.351944444444,1.71761673523491
17223_H5,recA,MEC,467.600833333333,1.70690830737963
17223_H5,recA,MEC,471.828333333333,1.72307225543759
17223_E2,hns,MEC,0.0,0.0045465874383323
17223_E2,hns,MEC,6.28444444444444,0.0072794252818358
17223_E2,hns,MEC,10.5605555555556,0.0098121928076856
17223_E2,hns,MEC,14.7880555555556,0.011753402878978
17223_E2,hns,MEC,19.0008333333333,0.0132088092214966
17223_E2,hns,MEC,23.2927777777778,0.0145003600200583
17223_E2,hns,MEC,27.5408333333333,0.0158402849034761
17223_E2,hns,MEC,32.7905555555556,0.0172543907550254
17223_E2,hns,MEC,37.0338888888889,0.0187043633277483
17223_E2,hns,MEC,41.2827777777778,0.0202173615781837
17223_E2,hns,MEC,45.4830555555556,0.0218656423433597
17223_E2,hns,MEC,49.7411111111111,0.0236434705260425
17223_E2,hns,MEC,55.0202777777778,0.025416355090673
17223_E2,hns,MEC,59.2894444444444,0.0269924293227921
17223_E2,hns,MEC,63.5561111111111,0.0282403322422092
17223_E2,hns,MEC,67.8308333333333,0.0291699675987483
17223_E2,hns,MEC,72.0836111111111,0.0299204381388971
17223_E2,hns,MEC,77.2988888888889,0.0306789755531496
17223_E2,hns,MEC,81.5216666666667,0.0316303844692442
17223_E2,hns,MEC,85.6952777777778,0.032953405292597
17223_E2,hns,MEC,89.8983333333333,0.0347918181584626
17223_E2,hns,MEC,94.1311111111111,0.037220451726903
17223_E2,hns,MEC,98.3919444444444,0.040261342707274
17223_E2,hns,MEC,103.419444444444,0.043873265674902
17223_E2,hns,MEC,107.650277777778,0.0478657474780171
17223_E2,hns,MEC,111.927222222222,0.0518663170333924
17223_E2,hns,MEC,116.14,0.0554347211774416
17223_E2,hns,MEC,120.391111111111,0.0582404916931493
17223_E2,hns,MEC,125.7025,0.0602996463409395
17223_E2,hns,MEC,129.896388888889,0.0622509578294744
17223_E2,hns,MEC,134.114444444444,0.065223044944525
17223_E2,hns,MEC,138.329444444444,0.0700657627685606
17223_E2,hns,MEC,142.556111111111,0.0767880576865437
17223_E2,hns,MEC,146.788055555556,0.0848790267789901
17223_E2,hns,MEC,152.019166666667,0.0938490159757189
17223_E2,hns,MEC,156.238055555556,0.103310328828696
17223_E2,hns,MEC,160.478333333333,0.11286803285345
17223_E2,hns,MEC,164.71,0.122213199479557
17223_E2,hns,MEC,168.928611111111,0.131420719948382
17223_E2,hns,MEC,173.934444444444,0.141123791269517
17223_E2,hns,MEC,178.216944444444,0.152152309266641
17223_E2,hns,MEC,182.478333333333,0.164828365658145
17223_E2,hns,MEC,186.7375,0.178792372696484
17223_E2,hns,MEC,191.004722222222,0.193531260976099
17223_E2,hns,MEC,195.275,0.208660860960459
17223_E2,hns,MEC,200.825555555556,0.223937964806934
17223_E2,hns,MEC,205.062222222222,0.239738968750248
17223_E2,hns,MEC,209.286666666667,0.256842494845306
17223_E2,hns,MEC,213.511666666667,0.274517222074292
17223_E2,hns,MEC,217.749444444444,0.289952430615521
17223_E2,hns,MEC,223.171666666667,0.301227027978038
17223_E2,hns,MEC,227.636944444445,0.309899009318823
17223_E2,hns,MEC,231.855,0.319727181409024
17223_E2,hns,MEC,236.0925,0.333625161692683
17223_E2,hns,MEC,240.299166666667,0.351616794723058
17223_E2,hns,MEC,245.921666666667,0.370602715858483
17223_E2,hns,MEC,250.033333333333,0.386671075894321
17223_E2,hns,MEC,254.253888888889,0.398638150511416
17223_E2,hns,MEC,258.531666666667,0.408860230993501
17223_E2,hns,MEC,262.7725,0.420242889440522
17223_E2,hns,MEC,267.056388888889,0.433035862491413
17223_E2,hns,MEC,272.026111111111,0.445051504825244
17223_E2,hns,MEC,276.2525,0.454738541412892
17223_E2,hns,MEC,280.48,0.463100825707369
17223_E2,hns,MEC,284.704166666667,0.472393557282308
17223_E2,hns,MEC,289.158055555556,0.484100512669552
17223_E2,hns,MEC,294.291388888889,0.49889304605538
17223_E2,hns,MEC,298.5675,0.517827443371074
17223_E2,hns,MEC,302.822222222222,0.542649783594702
17223_E2,hns,MEC,307.085277777778,0.574490245484053
17223_E2,hns,MEC,311.356666666667,0.611629469063465
17223_E2,hns,MEC,315.693888888889,0.647847971459719
17223_E2,hns,MEC,321.185277777778,0.67405427284693
17223_E2,hns,MEC,325.423888888889,0.684376744397081
17223_E2,hns,MEC,329.651388888889,0.681275640500296
17223_E2,hns,MEC,333.886944444445,0.673339684928058
17223_E2,hns,MEC,338.088333333333,0.669273834485053
17223_E2,hns,MEC,343.305,0.675140521586775
17223_E2,hns,MEC,347.567222222222,0.693813327496327
17223_E2,hns,MEC,351.838333333333,0.723480525930525
17223_E2,hns,MEC,356.101111111111,0.757984478430369
17223_E2,hns,MEC,360.369166666667,0.791136402656754
17223_E2,hns,MEC,365.866111111111,0.821157632803208
17223_E2,hns,MEC,370.0975,0.851246904984359
17223_E2,hns,MEC,374.32,0.886822152930583
17223_E2,hns,MEC,378.509722222222,0.93219484259408
17223_E2,hns,MEC,382.747777777778,0.98772502046593
17223_E2,hns,MEC,386.975,1.04816883911072
17223_E2,hns,MEC,392.611666666667,1.1053989325911
17223_E2,hns,MEC,396.845277777778,1.15558585006057
17223_E2,hns,MEC,401.056666666667,1.20274359317794
17223_E2,hns,MEC,405.295277777778,1.25299563189268
17223_E2,hns,MEC,409.5175,1.30763525239923
17223_E2,hns,MEC,414.612222222222,1.36468757738205
17223_E2,hns,MEC,418.847222222222,1.42547826911551
17223_E2,hns,MEC,423.099444444444,1.49764310617499
17223_E2,hns,MEC,427.339722222222,1.59374730826466
17223_E2,hns,MEC,431.531111111111,1.72654194442954
17223_E2,hns,MEC,435.770833333333,1.89987188735764
17223_E2,hns,MEC,441.175,2.10276064254738
17223_E2,hns,MEC,445.422777777778,2.31673370943118
17223_E2,hns,MEC,449.680555555556,2.52764026388901
17223_E2,hns,MEC,454.007222222222,2.72584374876811
17223_E2,hns,MEC,458.298055555556,2.89918341115845
17223_E2,hns,MEC,463.351944444444,3.03364279632568
17223_E2,hns,MEC,467.600833333333,3.12244305368575
17223_E2,hns,MEC,471.828333333333,3.17144992648589
17223_H1,fis,MEC,0.0,0.004667006689861
17223_H1,fis,MEC,6.28444444444444,0.0076284879408826
17223_H1,fis,MEC,10.5605555555556,0.0106290972892333
17223_H1,fis,MEC,14.7880555555556,0.0133287531694137
17223_H1,fis,MEC,19.0008333333333,0.0157487295590185
17223_H1,fis,MEC,23.2927777777778,0.0179517327543001
17223_H1,fis,MEC,27.5408333333333,0.0198063838435555
17223_H1,fis,MEC,32.7905555555556,0.0211125928003903
17223_H1,fis,MEC,37.0338888888889,0.0218931462127886
17223_H1,fis,MEC,41.2827777777778,0.022522311533962
17223_H1,fis,MEC,45.4830555555556,0.0235261638750922
17223_H1,fis,MEC,49.7411111111111,0.0252316184719512
17223_H1,fis,MEC,55.0202777777778,0.027609189180359
17223_H1,fis,MEC,59.2894444444444,0.0304113177183428
17223_H1,fis,MEC,63.5561111111111,0.0334106970655309
17223_H1,fis,MEC,67.8308333333333,0.0364702748222718
17223_H1,fis,MEC,72.0836111111111,0.0393613838758312
17223_H1,fis,MEC,77.2988888888889,0.0416555099271166
17223_H1,fis,MEC,81.5216666666667,0.0430809709094675
17223_H1,fis,MEC,85.6952777777778,0.0440433458866314
17223_H1,fis,MEC,89.8983333333333,0.0455453258468482
17223_H1,fis,MEC,94.1311111111111,0.0484767850324429
17223_H1,fis,MEC,98.3919444444444,0.0530747047259836
17223_H1,fis,MEC,103.419444444444,0.0590151426335891
17223_H1,fis,MEC,107.650277777778,0.0658507408085038
17223_H1,fis,MEC,111.927222222222,0.0733216329536766
17223_H1,fis,MEC,116.14,0.0812980041125137
17223_H1,fis,MEC,120.391111111111,0.0895181465829622
17223_H1,fis,MEC,125.7025,0.0975315688942261
17223_H1,fis,MEC,129.896388888889,0.104912160143013
17223_H1,fis,MEC,134.114444444444,0.111348140625779
17223_H1,fis,MEC,138.329444444444,0.116458695139919
17223_H1,fis,MEC,142.556111111111,0.119898080503273
17223_H1,fis,MEC,146.788055555556,0.122146408977072
17223_H1,fis,MEC,152.019166666667,0.125039983792771
17223_H1,fis,MEC,156.238055555556,0.130739719025729
17223_H1,fis,MEC,160.478333333333,0.139931948879173
17223_H1,fis,MEC,164.71,0.151466393444009
17223_H1,fis,MEC,168.928611111111,0.163673631665958
17223_H1,fis,MEC,173.934444444444,0.175693767383065
17223_H1,fis,MEC,178.216944444444,0.188071391114069
17223_H1,fis,MEC,182.478333333333,0.202901240976182
17223_H1,fis,MEC,186.7375,0.223274093551777
17223_H1,fis,MEC,191.004722222222,0.251931795881518
17223_H1,fis,MEC,195.275,0.290186766230568
17223_H1,fis,MEC,200.825555555556,0.33791203541753
17223_H1,fis,MEC,205.062222222222,0.394083257326144
17223_H1,fis,MEC,209.286666666667,0.457054835331047
17223_H1,fis,MEC,213.511666666667,0.524565784348091
17223_H1,fis,MEC,217.749444444444,0.593942126032097
17223_H1,fis,MEC,223.171666666667,0.662658151241633
17223_H1,fis,MEC,227.636944444445,0.728951512383336
17223_H1,fis,MEC,231.855,0.792061575943872
17223_H1,fis,MEC,236.0925,0.851544018029409
17223_H1,fis,MEC,240.299166666667,0.90549536654931
17223_H1,fis,MEC,245.921666666667,0.949483295576637
17223_H1,fis,MEC,250.033333333333,0.97914088009904
17223_H1,fis,MEC,254.253888888889,0.995599933006862
17223_H1,fis,MEC,258.531666666667,1.00743096128996
17223_H1,fis,MEC,262.7725,1.02485763219761
17223_H1,fis,MEC,267.056388888889,1.05151138700059
17223_H1,fis,MEC,272.026111111111,1.08346895506691
17223_H1,fis,MEC,276.2525,1.11738882908834
17223_H1,fis,MEC,280.48,1.15821453833943
17223_H1,fis,MEC,284.704166666667,1.21699660007906
17223_H1,fis,MEC,289.158055555556,1.30163204342215
17223_H1,fis,MEC,294.291388888889,1.4111343815352
17223_H1,fis,MEC,298.5675,1.53823444418776
17223_H1,fis,MEC,302.822222222222,1.67627825773068
17223_H1,fis,MEC,307.085277777778,1.82384285574135
17223_H1,fis,MEC,311.356666666667,1.98190645139084
17223_H1,fis,MEC,315.693888888889,2.14338282397641
17223_H1,fis,MEC,321.185277777778,2.28489917561704
17223_H1,fis,MEC,325.423888888889,2.37549010619004
17223_H1,fis,MEC,329.651388888889,2.40111616755824
17223_H1,fis,MEC,333.886944444445,2.38188280153787
17223_H1,fis,MEC,338.088333333333,2.36202847333037
17223_H1,fis,MEC,343.305,2.38009549472365
17223_H1,fis,MEC,347.567222222222,2.44642054232698
17223_H1,fis,MEC,351.838333333333,2.54605732166152
17223_H1,fis,MEC,356.101111111111,2.65789667304224
17223_H1,fis,MEC,360.369166666667,2.76708250968455
17223_H1,fis,MEC,365.866111111111,2.86474936912235
17223_H1,fis,MEC,370.0975,2.94841213370852
17223_H1,fis,MEC,374.32,3.02764643316214
17223_H1,fis,MEC,378.509722222222,3.12250103677935
17223_H1,fis,MEC,382.747777777778,3.24706212988855
17223_H1,fis,MEC,386.975,3.39095012846647
17223_H1,fis,MEC,392.611666666667,3.52043746446856
17223_H1,fis,MEC,396.845277777778,3.60592260143434
17223_H1,fis,MEC,401.056666666667,3.65256610072973
17223_H1,fis,MEC,405.295277777778,3.69860536077919
17223_H1,fis,MEC,409.5175,3.77900769432176
17223_H1,fis,MEC,414.612222222222,3.8950179151696
17223_H1,fis,MEC,418.847222222222,4.02204056595499
17223_H1,fis,MEC,423.099444444444,4.14235861321332
17223_H1,fis,MEC,427.339722222222,4.26672897013808
17223_H1,fis,MEC,431.531111111111,4.42593520133246
17223_H1,fis,MEC,435.770833333333,4.64331191201785
17223_H1,fis,MEC,441.175,4.91605639207028
17223_H1,fis,MEC,445.422777777778,5.22308134025287
17223_H1,fis,MEC,449.680555555556,5.54578408406418
17223_H1,fis,MEC,454.007222222222,5.87158001498446
17223_H1,fis,MEC,458.298055555556,6.17757687562076
17223_H1,fis,MEC,463.351944444444,6.4258439630648
17223_H1,fis,MEC,467.600833333333,6.58681512024187
17223_H1,fis,MEC,471.828333333333,6.66379209860036
17224_G4,hfq,MEC,0.0,0.0047353259254974
17224_G4,hfq,MEC,5.19888888888889,0.0078216632685757
17224_G4,hfq,MEC,9.41555555555556,0.0110633768530118
17224_G4,hfq,MEC,13.6733333333333,0.0141412563743015
17224_G4,hfq,MEC,17.9169444444444,0.0170905117780768
17224_G4,hfq,MEC,22.1763888888889,0.0200094388765853
17224_G4,hfq,MEC,27.4472222222222,0.022807942441308
17224_G4,hfq,MEC,31.6772222222222,0.0252912136418936
17224_G4,hfq,MEC,35.9177777777778,0.0274138386726003
17224_G4,hfq,MEC,40.1663888888889,0.0293659387775959
17224_G4,hfq,MEC,44.3641666666667,0.0314277938064842
17224_G4,hfq,MEC,48.5947222222222,0.0338301969539082
17224_G4,hfq,MEC,53.9030555555556,0.0367328661148275
17224_G4,hfq,MEC,58.1727777777778,0.0401793478130237
17224_G4,hfq,MEC,62.44,0.043993000873574
17224_G4,hfq,MEC,66.7175,0.0478023128270861
17224_G4,hfq,MEC,70.9644444444444,0.0512632172179916
17224_G4,hfq,MEC,76.1797222222222,0.0542758483495512
17224_G4,hfq,MEC,80.4658333333333,0.0570174896169246
17224_G4,hfq,MEC,84.6725,0.0597872030863355
17224_G4,hfq,MEC,88.9,0.0627563580365642
17224_G4,hfq,MEC,93.1266666666667,0.0658230468645728
17224_G4,hfq,MEC,97.3758333333333,0.0686801680151381
17224_G4,hfq,MEC,102.301666666667,0.071022526482491
17224_G4,hfq,MEC,106.550833333333,0.072866771807067
17224_G4,hfq,MEC,110.811111111111,0.0748103749658233
17224_G4,hfq,MEC,115.021388888889,0.0777449230879873
17224_G4,hfq,MEC,119.309166666667,0.0821107160715395
17224_G4,hfq,MEC,124.559166666667,0.0876155460979935
17224_G4,hfq,MEC,128.813611111111,0.0937619318295155
17224_G4,hfq,MEC,133.061111111111,0.100298200828168
17224_G4,hfq,MEC,137.276111111111,0.106984617018982
17224_G4,hfq,MEC,141.472222222222,0.113411375449375
17224_G4,hfq,MEC,145.705,0.119525675568096
17224_G4,hfq,MEC,150.870833333333,0.126176705532103
17224_G4,hfq,MEC,155.089722222222,0.134860668275032
17224_G4,hfq,MEC,159.361944444444,0.146783458284205
17224_G4,hfq,MEC,163.562777777778,0.161921707195959
17224_G4,hfq,MEC,167.813333333333,0.178944631529133
17224_G4,hfq,MEC,172.813611111111,0.196281966367086
17224_G4,hfq,MEC,177.099444444445,0.213194565511577
17224_G4,hfq,MEC,181.359444444444,0.229395065377022
17224_G4,hfq,MEC,185.620555555556,0.243547332853371
17224_G4,hfq,MEC,189.888055555556,0.252428091916289
17224_G4,hfq,MEC,195.621388888889,0.252382157002717
17224_G4,hfq,MEC,199.708333333333,0.242944082030231
17224_G4,hfq,MEC,203.944444444445,0.229185120271309
17224_G4,hfq,MEC,208.168888888889,0.21889379539213
17224_G4,hfq,MEC,212.393888888889,0.2167840233639
17224_G4,hfq,MEC,216.631666666667,0.222240646487105
17224_G4,hfq,MEC,222.0875,0.232320211261738
17224_G4,hfq,MEC,226.546388888889,0.245806932203605
17224_G4,hfq,MEC,230.766111111111,0.264551570156145
17224_G4,hfq,MEC,235.067222222222,0.29150331843524
17224_G4,hfq,MEC,239.264444444445,0.327227058891658
17224_G4,hfq,MEC,244.809444444444,0.368332133819435
17224_G4,hfq,MEC,248.943055555556,0.410344338365137
17224_G4,hfq,MEC,253.164166666667,0.451956820876561
17224_G4,hfq,MEC,257.414166666667,0.4946043529236
17224_G4,hfq,MEC,261.631111111111,0.537876623725814
17224_G4,hfq,MEC,266.001666666667,0.577707682556011
17224_G4,hfq,MEC,270.97,0.609983810320549
17224_G4,hfq,MEC,275.193888888889,0.634520427482558
17224_G4,hfq,MEC,279.420833333333,0.654691931426287
17224_G4,hfq,MEC,283.624722222222,0.674390407170832
17224_G4,hfq,MEC,288.041666666667,0.696398449289757
17224_G4,hfq,MEC,293.193888888889,0.722428204919877
17224_G4,hfq,MEC,297.449166666667,0.75260390267066
17224_G4,hfq,MEC,301.705833333333,0.784288140357562
17224_G4,hfq,MEC,305.968888888889,0.811524206373076
17224_G4,hfq,MEC,310.240833333333,0.825224736837017
17224_G4,hfq,MEC,315.844722222222,0.815801973957967
17224_G4,hfq,MEC,320.066944444445,0.780998289176951
17224_G4,hfq,MEC,324.373611111111,0.733158863980969
17224_G4,hfq,MEC,328.601666666667,0.693651711441743
17224_G4,hfq,MEC,332.834166666667,0.67720061173016
17224_G4,hfq,MEC,337.081666666667,0.684415211089106
17224_G4,hfq,MEC,342.186666666667,0.708184525178481
17224_G4,hfq,MEC,346.450833333333,0.742012157536641
17224_G4,hfq,MEC,350.686944444445,0.782221250151491
17224_G4,hfq,MEC,354.984444444444,0.826132532769347
17224_G4,hfq,MEC,359.254444444445,0.870215852794175
17224_G4,hfq,MEC,364.811944444445,0.910496661039731
17224_G4,hfq,MEC,369.017222222222,0.945187663170975
17224_G4,hfq,MEC,373.2625,0.976486769601055
17224_G4,hfq,MEC,377.470555555556,1.00866112957145
17224_G4,hfq,MEC,381.709444444445,1.04414519854769
17224_G4,hfq,MEC,387.365555555556,1.08241345387643
17224_G4,hfq,MEC,391.594722222222,1.12235158241822
17224_G4,hfq,MEC,395.828333333333,1.16397188188208
17224_G4,hfq,MEC,400.058611111111,1.20753887980489
17224_G4,hfq,MEC,404.279444444445,1.25236650932082
17224_G4,hfq,MEC,408.508055555556,1.29668805690826
17224_G4,hfq,MEC,413.496111111111,1.33837184667154
17224_G4,hfq,MEC,417.7675,1.3766021076176
17224_G4,hfq,MEC,422.02,1.4125707166413
17224_G4,hfq,MEC,426.286944444444,1.44570430115922
17224_G4,hfq,MEC,430.493888888889,1.46655099591939
17224_G4,hfq,MEC,435.7575,1.4567569045728
17224_G4,hfq,MEC,440.122222222222,1.40542079527061
17224_G4,hfq,MEC,444.373611111111,1.3279774731501
17224_G4,hfq,MEC,448.631944444445,1.25901563549787
17224_G4,hfq,MEC,452.922222222222,1.22238405766921
17224_G4,hfq,MEC,457.158333333333,1.2158328746256
17224_G4,hfq,MEC,462.234444444444,1.22363975579633
17224_G4,hfq,MEC,466.484722222222,1.23367853366428
17224_G4,hfq,MEC,470.751388888889,1.24150095026175
17224_C7,lon,MEC,0.0,0.0050336432065657
17224_C7,lon,MEC,5.19888888888889,0.0086210698333711
17224_C7,lon,MEC,9.41555555555556,0.0127638157376233
17224_C7,lon,MEC,13.6733333333333,0.0171337484587469
17224_C7,lon,MEC,17.9169444444444,0.0217497241972587
17224_C7,lon,MEC,22.1763888888889,0.0270145409040989
17224_C7,lon,MEC,27.4472222222222,0.0336200890917814
17224_C7,lon,MEC,31.6772222222222,0.0422627189140691
17224_C7,lon,MEC,35.9177777777778,0.0533040836618811
17224_C7,lon,MEC,40.1663888888889,0.0665917784622024
17224_C7,lon,MEC,44.3641666666667,0.0812890379921921
17224_C7,lon,MEC,48.5947222222222,0.095758926290271
17224_C7,lon,MEC,53.9030555555556,0.108370056773962
17224_C7,lon,MEC,58.1727777777778,0.119233521310221
17224_C7,lon,MEC,62.44,0.130740211692671
17224_C7,lon,MEC,66.7175,0.14583554714034
17224_C7,lon,MEC,70.9644444444444,0.166248763696041
17224_C7,lon,MEC,76.1797222222222,0.192232298374563
17224_C7,lon,MEC,80.4658333333333,0.222919817506982
17224_C7,lon,MEC,84.6725,0.257313365821478
17224_C7,lon,MEC,88.9,0.296064061398558
17224_C7,lon,MEC,93.1266666666667,0.341244555660037
17224_C7,lon,MEC,97.3758333333333,0.391902797942575
17224_C7,lon,MEC,102.301666666667,0.439496837509996
17224_C7,lon,MEC,106.550833333333,0.471195153008452
17224_C7,lon,MEC,110.811111111111,0.481025943853279
17224_C7,lon,MEC,115.021388888889,0.476162508640641
17224_C7,lon,MEC,119.309166666667,0.469722050329758
17224_C7,lon,MEC,124.559166666667,0.470077298014663
17224_C7,lon,MEC,128.813611111111,0.479647872782131
17224_C7,lon,MEC,133.061111111111,0.499891469296174
17224_C7,lon,MEC,137.276111111111,0.533043824962823
17224_C7,lon,MEC,141.472222222222,0.580963466391135
17224_C7,lon,MEC,145.705,0.645027093628171
17224_C7,lon,MEC,150.870833333333,0.724901409839825
17224_C7,lon,MEC,155.089722222222,0.815200314198087
17224_C7,lon,MEC,159.361944444444,0.906713620123741
17224_C7,lon,MEC,163.562777777778,0.993767270304854
17224_C7,lon,MEC,167.813333333333,1.07771222301851
17224_C7,lon,MEC,172.813611111111,1.16309033037202
17224_C7,lon,MEC,177.099444444445,1.25521145480009
17224_C7,lon,MEC,181.359444444444,1.35957415937342
17224_C7,lon,MEC,185.620555555556,1.47646891618095
17224_C7,lon,MEC,189.888055555556,1.59939116381082
17224_C7,lon,MEC,195.621388888889,1.72835398582153
17224_C7,lon,MEC,199.708333333333,1.88069832641529
17224_C7,lon,MEC,203.944444444445,2.07558971696946
17224_C7,lon,MEC,208.168888888889,2.30565639420467
17224_C7,lon,MEC,212.393888888889,2.53160859573893
17224_C7,lon,MEC,216.631666666667,2.70983331177941
17224_C7,lon,MEC,222.0875,2.82695976783485
17224_C7,lon,MEC,226.546388888889,2.9097844750306
17224_C7,lon,MEC,230.766111111111,3.00398027980861
17224_C7,lon,MEC,235.067222222222,3.1409203946109
17224_C7,lon,MEC,239.264444444445,3.31794313533406
17224_C7,lon,MEC,244.809444444444,3.50608232871518
17224_C7,lon,MEC,248.943055555556,3.67804653670579
17224_C7,lon,MEC,253.164166666667,3.8302364852543
17224_C7,lon,MEC,257.414166666667,3.97845656746607
17224_C7,lon,MEC,261.631111111111,4.13367872964805
17224_C7,lon,MEC,266.001666666667,4.2817284864199
17224_C7,lon,MEC,270.97,4.38765274751069
17224_C7,lon,MEC,275.193888888889,4.42595389394808
17224_C7,lon,MEC,279.420833333333,4.40864971837991
17224_C7,lon,MEC,283.624722222222,4.37636879651439
17224_C7,lon,MEC,288.041666666667,4.36284853076286
17224_C7,lon,MEC,293.193888888889,4.37906954910255
17224_C7,lon,MEC,297.449166666667,4.42498775816079
17224_C7,lon,MEC,301.705833333333,4.49689103583746
17224_C7,lon,MEC,305.968888888889,4.58325933944028
17224_C7,lon,MEC,310.240833333333,4.66900042671441
17224_C7,lon,MEC,315.844722222222,4.74948097845136
17224_C7,lon,MEC,320.066944444445,4.83465026649086
17224_C7,lon,MEC,324.373611111111,4.93455474401571
17224_C7,lon,MEC,328.601666666667,5.04477505736717
17224_C7,lon,MEC,332.834166666667,5.15478860969695
17224_C7,lon,MEC,337.081666666667,5.26746814498416
17224_C7,lon,MEC,342.186666666667,5.39446167836849
17224_C7,lon,MEC,346.450833333333,5.5257166581139
17224_C7,lon,MEC,350.686944444445,5.61154714471083
17224_C7,lon,MEC,354.984444444444,5.58754331154018
17224_C7,lon,MEC,359.254444444445,5.43168629973316
17224_C7,lon,MEC,364.811944444445,5.19816524691521
17224_C7,lon,MEC,369.017222222222,4.97958285543384
17224_C7,lon,MEC,373.2625,4.83667438374888
17224_C7,lon,MEC,377.470555555556,4.77629447640744
17224_C7,lon,MEC,381.709444444445,4.78123162313485
17224_C7,lon,MEC,387.365555555556,4.83695329611775
17224_C7,lon,MEC,391.594722222222,4.93303935568791
17224_C7,lon,MEC,395.828333333333,5.05449721879208
17224_C7,lon,MEC,400.058611111111,5.17946132205805
17224_C7,lon,MEC,404.279444444445,5.29313716239787
17224_C7,lon,MEC,408.508055555556,5.41139134854462
17224_C7,lon,MEC,413.496111111111,5.58090775582698
17224_C7,lon,MEC,417.7675,5.83725434404183
17224_C7,lon,MEC,422.02,6.16230372808463
17224_C7,lon,MEC,426.286944444444,6.49650160477859
17224_C7,lon,MEC,430.493888888889,6.79235459994362
17224_C7,lon,MEC,435.7575,7.04566177872679
17224_C7,lon,MEC,440.122222222222,7.28122526554256
17224_C7,lon,MEC,444.373611111111,7.52440296219407
17224_C7,lon,MEC,448.631944444445,7.78512381809758
17224_C7,lon,MEC,452.922222222222,8.05420886483186
17224_C7,lon,MEC,457.158333333333,8.30803513708283
17224_C7,lon,MEC,462.234444444444,8.51965283255257
17224_C7,lon,MEC,466.484722222222,8.67115847202233
17224_C7,lon,MEC,470.751388888889,8.76155793990688
17225_G4,hfq,MEC,0.0,0.0046431604609364
17225_G4,hfq,MEC,5.63611111111111,0.0075003344705237
17225_G4,hfq,MEC,9.82194444444444,0.0101713239445672
17225_G4,hfq,MEC,14.1105555555556,0.0121313938577171
17225_G4,hfq,MEC,18.3608333333333,0.0133432668160912
17225_G4,hfq,MEC,22.6166666666667,0.0141148904429379
17225_G4,hfq,MEC,27.8488888888889,0.0148164373898215
17225_G4,hfq,MEC,32.1166666666667,0.0157014192593967
17225_G4,hfq,MEC,36.3580555555556,0.0168917708472171
17225_G4,hfq,MEC,40.605,0.0184547584410565
17225_G4,hfq,MEC,44.8366666666667,0.0204276776505346
17225_G4,hfq,MEC,49.0319444444444,0.022771840961282
17225_G4,hfq,MEC,54.3422222222222,0.0254005465671539
17225_G4,hfq,MEC,58.6144444444444,0.0283045684570176
17225_G4,hfq,MEC,62.8813888888889,0.031567775532614
17225_G4,hfq,MEC,67.1561111111111,0.0351821005455836
17225_G4,hfq,MEC,71.4361111111111,0.0389294361975172
17225_G4,hfq,MEC,76.6538888888889,0.0425860280808567
17225_G4,hfq,MEC,80.8825,0.0462172619580832
17225_G4,hfq,MEC,85.1188888888889,0.0501077757417854
17225_G4,hfq,MEC,89.3486111111111,0.0543757004289284
17225_G4,hfq,MEC,93.5816666666667,0.0588500177119381
17225_G4,hfq,MEC,97.7222222222222,0.0634203839740184
17225_G4,hfq,MEC,102.740277777778,0.0683262046355661
17225_G4,hfq,MEC,106.993611111111,0.0739226437358423
17225_G4,hfq,MEC,111.250277777778,0.0802164305005522
17225_G4,hfq,MEC,115.4975,0.0867665869984774
17225_G4,hfq,MEC,119.749444444444,0.0930507541218728
17225_G4,hfq,MEC,125.025277777778,0.0988628121187451
17225_G4,hfq,MEC,129.253611111111,0.104524181114987
17225_G4,hfq,MEC,133.463611111111,0.11095814035724
17225_G4,hfq,MEC,137.689722222222,0.119177478768784
17225_G4,hfq,MEC,141.911111111111,0.129124847702497
17225_G4,hfq,MEC,145.976388888889,0.139575736053981
17225_G4,hfq,MEC,151.3025,0.149952434621969
17225_G4,hfq,MEC,155.524722222222,0.161527062320976
17225_G4,hfq,MEC,159.799444444444,0.175900205696416
17225_G4,hfq,MEC,163.994166666667,0.192769791194479
17225_G4,hfq,MEC,168.253333333333,0.21003756905149
17225_G4,hfq,MEC,173.285,0.226069593805185
17225_G4,hfq,MEC,177.538333333333,0.241447648163026
17225_G4,hfq,MEC,181.798055555556,0.258236667100674
17225_G4,hfq,MEC,186.060277777778,0.276951953014003
17225_G4,hfq,MEC,190.327777777778,0.293568129702044
17225_G4,hfq,MEC,195.833611111111,0.300658567292377
17225_G4,hfq,MEC,200.146944444444,0.294181852888761
17225_G4,hfq,MEC,204.3825,0.27932370675857
17225_G4,hfq,MEC,208.606388888889,0.266891127613631
17225_G4,hfq,MEC,212.832777777778,0.263883679675748
17225_G4,hfq,MEC,217.135,0.269969016966922
17225_G4,hfq,MEC,222.525833333333,0.28171426864968
17225_G4,hfq,MEC,226.984444444444,0.296813880031426
17225_G4,hfq,MEC,231.188055555556,0.314203262087301
17225_G4,hfq,MEC,235.377777777778,0.331809547330949
17225_G4,hfq,MEC,239.565277777778,0.344727520162757
17225_G4,hfq,MEC,245.183888888889,0.347968246627352
17225_G4,hfq,MEC,249.382222222222,0.344532291931392
17225_G4,hfq,MEC,253.586111111111,0.347991469074731
17225_G4,hfq,MEC,257.853888888889,0.37031212356837
17225_G4,hfq,MEC,262.097777777778,0.407887797961524
17225_G4,hfq,MEC,266.383611111111,0.442978062209427
17225_G4,hfq,MEC,271.384166666667,0.457304765614501
17225_G4,hfq,MEC,275.608333333333,0.446619008703701
17225_G4,hfq,MEC,279.835833333333,0.425997248976417
17225_G4,hfq,MEC,284.031666666667,0.417005536607847
17225_G4,hfq,MEC,288.480277777778,0.428308395757935
17225_G4,hfq,MEC,293.631666666667,0.452566457245127
17225_G4,hfq,MEC,297.888333333333,0.478838417620733
17225_G4,hfq,MEC,302.143333333333,0.502513340911977
17225_G4,hfq,MEC,306.408888888889,0.525645768902853
17225_G4,hfq,MEC,310.745555555556,0.552013473910281
17225_G4,hfq,MEC,316.25,0.582603246768186
17225_G4,hfq,MEC,320.57,0.615027338263548
17225_G4,hfq,MEC,324.788333333333,0.646591323405514
17225_G4,hfq,MEC,329.016111111111,0.677312517032378
17225_G4,hfq,MEC,333.248888888889,0.709793721201119
17225_G4,hfq,MEC,337.531666666667,0.746312713737327
17225_G4,hfq,MEC,342.625277777778,0.786913987170832
17225_G4,hfq,MEC,346.890555555556,0.830852453402011
17225_G4,hfq,MEC,351.124166666667,0.878308746530935
17225_G4,hfq,MEC,355.422777777778,0.928840826257757
17225_G4,hfq,MEC,359.696944444445,0.97979005481949
17225_G4,hfq,MEC,365.227222222222,1.02878069569637
17225_G4,hfq,MEC,369.424722222222,1.0768809314563
17225_G4,hfq,MEC,373.675833333333,1.12680551433946
17225_G4,hfq,MEC,377.923888888889,1.17639686968501
17225_G4,hfq,MEC,382.163888888889,1.2128635464163
17225_G4,hfq,MEC,387.64,1.21700259562016
17225_G4,hfq,MEC,391.871666666667,1.18101245686256
17225_G4,hfq,MEC,396.104722222222,1.12264962621089
17225_G4,hfq,MEC,400.325833333333,1.07335517877027
17225_G4,hfq,MEC,404.5575,1.0516837488954
17225_G4,hfq,MEC,408.788055555556,1.05552911846494
17225_G4,hfq,MEC,413.9675,1.07667694328396
17225_G4,hfq,MEC,418.175,1.11171489063225
17225_G4,hfq,MEC,422.428333333333,1.15919237526108
17225_G4,hfq,MEC,426.703333333333,1.21601567345353
17225_G4,hfq,MEC,430.946388888889,1.28064962239697
17225_G4,hfq,MEC,436.199722222222,1.35568610802184
17225_G4,hfq,MEC,440.434166666667,1.4438441730964
17225_G4,hfq,MEC,444.6875,1.54311652494727
17225_G4,hfq,MEC,448.945,1.64808096150589
17225_G4,hfq,MEC,453.223611111111,1.75296397852758
17225_G4,hfq,MEC,457.430277777778,1.85050338953819
17225_G4,hfq,MEC,462.708055555556,1.93139889243143
17225_G4,hfq,MEC,466.959166666667,1.98909740318191
17225_G4,hfq,MEC,471.158611111111,2.02411920154135
17225_C7,lon,MEC,0.0,0.0050842135508484
17225_C7,lon,MEC,5.63611111111111,0.0088048711827534
17225_C7,lon,MEC,9.82194444444444,0.0133049710544173
17225_C7,lon,MEC,14.1105555555556,0.0184346260964611
17225_C7,lon,MEC,18.3608333333333,0.0242979217885909
17225_C7,lon,MEC,22.6166666666667,0.0310472546598515
17225_C7,lon,MEC,27.8488888888889,0.038695714012435
17225_C7,lon,MEC,32.1166666666667,0.0471750325932566
17225_C7,lon,MEC,36.3580555555556,0.056583376836396
17225_C7,lon,MEC,40.605,0.0672873218909944
17225_C7,lon,MEC,44.8366666666667,0.0795499564736142
17225_C7,lon,MEC,49.0319444444444,0.0929003940917659
17225_C7,lon,MEC,54.3422222222222,0.106220797210086
17225_C7,lon,MEC,58.6144444444444,0.119005845506641
17225_C7,lon,MEC,62.8813888888889,0.132152417469986
17225_C7,lon,MEC,67.1561111111111,0.146714829555396
17225_C7,lon,MEC,71.4361111111111,0.162518621672597
17225_C7,lon,MEC,76.6538888888889,0.179100509342755
17225_C7,lon,MEC,80.8825,0.197515146007195
17225_C7,lon,MEC,85.1188888888889,0.220357242770292
17225_C7,lon,MEC,89.3486111111111,0.249870273758456
17225_C7,lon,MEC,93.5816666666667,0.285677905560383
17225_C7,lon,MEC,97.7222222222222,0.324454548576483
17225_C7,lon,MEC,102.740277777778,0.363511142828848
17225_C7,lon,MEC,106.993611111111,0.405230437701339
17225_C7,lon,MEC,111.250277777778,0.455333295179067
17225_C7,lon,MEC,115.4975,0.514435203273801
17225_C7,lon,MEC,119.749444444444,0.572674817925777
17225_C7,lon,MEC,125.025277777778,0.617073075033054
17225_C7,lon,MEC,129.253611111111,0.647577756875089
17225_C7,lon,MEC,133.463611111111,0.683624693938955
17225_C7,lon,MEC,137.689722222222,0.750432186690661
17225_C7,lon,MEC,141.911111111111,0.859162947585815
17225_C7,lon,MEC,145.976388888889,1.00029645787835
17225_C7,lon,MEC,151.3025,1.15151297211809
17225_C7,lon,MEC,155.524722222222,1.29271799270377
17225_C7,lon,MEC,159.799444444444,1.41817969767519
17225_C7,lon,MEC,163.994166666667,1.530616188851
17225_C7,lon,MEC,168.253333333333,1.62272964587612
17225_C7,lon,MEC,173.285,1.68069938065668
17225_C7,lon,MEC,177.538333333333,1.71319896378462
17225_C7,lon,MEC,181.798055555556,1.75689795737
17225_C7,lon,MEC,186.060277777778,1.84294767704571
17225_C7,lon,MEC,190.327777777778,1.97470990863098
17225_C7,lon,MEC,195.833611111111,2.13978364323388
17225_C7,lon,MEC,200.146944444444,2.32116629088719
17225_C7,lon,MEC,204.3825,2.49691924763781
17225_C7,lon,MEC,208.606388888889,2.65757636430493
17225_C7,lon,MEC,212.832777777778,2.83069258169583
17225_C7,lon,MEC,217.135,3.0675867236581
17225_C7,lon,MEC,222.525833333333,3.40183532242764
17225_C7,lon,MEC,226.984444444444,3.8353771079144
17225_C7,lon,MEC,231.188055555556,4.35946040293855
17225_C7,lon,MEC,235.377777777778,4.95630232360628
17225_C7,lon,MEC,239.565277777778,5.56089440578331
17225_C7,lon,MEC,245.183888888889,6.05944701555272
17225_C7,lon,MEC,249.382222222222,6.38662538775875
17225_C7,lon,MEC,253.586111111111,6.61951927422089
17225_C7,lon,MEC,257.853888888889,6.92662387729448
17225_C7,lon,MEC,262.097777777778,7.42519509084366
17225_C7,lon,MEC,266.383611111111,8.08658550623413
17225_C7,lon,MEC,271.384166666667,8.73928657731002
17225_C7,lon,MEC,275.608333333333,9.19626815912188
17225_C7,lon,MEC,279.835833333333,9.44016133797557
17225_C7,lon,MEC,284.031666666667,9.64026202350972
17225_C7,lon,MEC,288.480277777778,9.96366902355211
17225_C7,lon,MEC,293.631666666667,10.4629932393194
17225_C7,lon,MEC,297.888333333333,11.1500504340515
17225_C7,lon,MEC,302.143333333333,12.0346845761932
17225_C7,lon,MEC,306.408888888889,13.0577947519955
17225_C7,lon,MEC,310.745555555556,14.0905878054612
17225_C7,lon,MEC,316.25,15.0383979783846
17225_C7,lon,MEC,320.57,15.9092280280014
17225_C7,lon,MEC,324.788333333333,16.7726380020672
17225_C7,lon,MEC,329.016111111111,17.6536543412465
17225_C7,lon,MEC,333.248888888889,18.4657155443436
17225_C7,lon,MEC,337.531666666667,19.0859238619388
17225_C7,lon,MEC,342.625277777778,19.5094275330694
17225_C7,lon,MEC,346.890555555556,19.8526405710444
17225_C7,lon,MEC,351.124166666667,20.1841642343178
17225_C7,lon,MEC,355.422777777778,20.4652095343375
17225_C7,lon,MEC,359.696944444445,20.6624187091177
17225_C7,lon,MEC,365.227222222222,20.7410207438691
17225_C7,lon,MEC,369.424722222222,20.5282892889587
17225_C7,lon,MEC,373.675833333333,19.8202023450105
17225_C7,lon,MEC,377.923888888889,18.6984132930662
17225_C7,lon,MEC,382.163888888889,17.5413620011065
17225_C7,lon,MEC,387.64,16.6613253049089
17225_C7,lon,MEC,391.871666666667,16.0812501350975
17225_C7,lon,MEC,396.104722222222,15.6648718903897
17225_C7,lon,MEC,400.325833333333,15.3085555002983
17225_C7,lon,MEC,404.5575,14.9867296914774
17225_C7,lon,MEC,408.788055555556,14.717142037309
17225_C7,lon,MEC,413.9675,14.5333891793575
17225_C7,lon,MEC,418.175,14.4644141213863
17225_C7,lon,MEC,422.428333333333,14.5084250791709
17225_C7,lon,MEC,426.703333333333,14.6214550081645
17225_C7,lon,MEC,430.946388888889,14.7433377928112
17225_C7,lon,MEC,436.199722222222,14.8415112631143
17225_C7,lon,MEC,440.434166666667,14.9268028169718
17225_C7,lon,MEC,444.6875,15.0299601256063
17225_C7,lon,MEC,448.945,15.1765646997144
17225_C7,lon,MEC,453.223611111111,15.3862962364524
17225_C7,lon,MEC,457.430277777778,15.6785596634536
17225_C7,lon,MEC,462.708055555556,16.0608689022094
17225_C7,lon,MEC,466.959166666667,16.5034378168447
17225_C7,lon,MEC,471.158611111111,16.9301174190282
17226_G4,hfq,MEC,0.0,0.0045910088325962
17226_G4,hfq,MEC,6.07416666666667,0.0074368820448388
17226_G4,hfq,MEC,10.2933333333333,0.0102451384472982
17226_G4,hfq,MEC,14.5516666666667,0.0126891671354946
17226_G4,hfq,MEC,18.7666666666667,0.0148334442389662
17226_G4,hfq,MEC,23.0611111111111,0.0168516397473894
17226_G4,hfq,MEC,28.2697222222222,0.01885560220764
17226_G4,hfq,MEC,32.5575,0.0209642811309017
17226_G4,hfq,MEC,36.7625,0.0233555608934996
17226_G4,hfq,MEC,41.05,0.0261989104501683
17226_G4,hfq,MEC,45.2769444444445,0.0295775156845594
17226_G4,hfq,MEC,49.5111111111111,0.0335135632097385
17226_G4,hfq,MEC,54.7822222222222,0.0380854729242266
17226_G4,hfq,MEC,59.0541666666667,0.0434061266382802
17226_G4,hfq,MEC,63.3216666666667,0.0493127577221412
17226_G4,hfq,MEC,67.595,0.0551756039957816
17226_G4,hfq,MEC,71.8766666666667,0.0602946581059909
17226_G4,hfq,MEC,77.0944444444445,0.0644718777722928
17226_G4,hfq,MEC,81.3044444444444,0.0680484592280093
17226_G4,hfq,MEC,85.5613888888889,0.071558520058802
17226_G4,hfq,MEC,89.7888888888889,0.0754800438602519
17226_G4,hfq,MEC,94.0227777777778,0.079902040784927
17226_G4,hfq,MEC,98.0166666666667,0.083916287523846
17226_G4,hfq,MEC,103.183055555556,0.0856425597814703
17226_G4,hfq,MEC,107.398055555556,0.0838332010977706
17226_G4,hfq,MEC,111.690277777778,0.0796087183703835
17226_G4,hfq,MEC,115.939166666667,0.07576201851078
17226_G4,hfq,MEC,120.191111111111,0.074309139965575
17226_G4,hfq,MEC,125.465555555556,0.0754742856557647
17226_G4,hfq,MEC,129.693888888889,0.0787570216959504
17226_G4,hfq,MEC,133.884444444444,0.0839819703796467
17226_G4,hfq,MEC,138.098333333333,0.0913156131602776
17226_G4,hfq,MEC,142.354166666667,0.100879486899941
17226_G4,hfq,MEC,146.589444444444,0.112382615602883
17226_G4,hfq,MEC,151.769722222222,0.124920257791091
17226_G4,hfq,MEC,155.997777777778,0.137331585025601
17226_G4,hfq,MEC,160.239722222222,0.14889622159704
17226_G4,hfq,MEC,164.460833333333,0.159516880757317
17226_G4,hfq,MEC,168.694166666667,0.169364513674927
17226_G4,hfq,MEC,173.723333333333,0.178651105541341
17226_G4,hfq,MEC,177.978611111111,0.187574561785875
17226_G4,hfq,MEC,182.238611111111,0.19604618442165
17226_G4,hfq,MEC,186.500277777778,0.203352815895601
17226_G4,hfq,MEC,190.768888888889,0.208365051426454
17226_G4,hfq,MEC,196.309444444444,0.210506688444108
17226_G4,hfq,MEC,200.652777777778,0.210749753840223
17226_G4,hfq,MEC,204.887222222222,0.211443519270922
17226_G4,hfq,MEC,209.11,0.214922873740848
17226_G4,hfq,MEC,213.337222222222,0.222244297055598
17226_G4,hfq,MEC,217.549166666667,0.233047192217133
17226_G4,hfq,MEC,222.964166666667,0.246474118710575
17226_G4,hfq,MEC,227.423611111111,0.2625286030543
17226_G4,hfq,MEC,231.6275,0.282593707291901
17226_G4,hfq,MEC,235.876944444444,0.307982375377498
17226_G4,hfq,MEC,240.105,0.337514839410548
17226_G4,hfq,MEC,245.596111111111,0.367010470374451
17226_G4,hfq,MEC,249.821944444444,0.392391264935978
17226_G4,hfq,MEC,254.022222222222,0.413159839040262
17226_G4,hfq,MEC,258.294722222222,0.430725595025086
17226_G4,hfq,MEC,262.658055555556,0.44273067897266
17226_G4,hfq,MEC,266.723888888889,0.441937750571639
17226_G4,hfq,MEC,271.7925,0.424465267719494
17226_G4,hfq,MEC,276.012777777778,0.39869613932816
17226_G4,hfq,MEC,280.240555555556,0.380125281642254
17226_G4,hfq,MEC,284.505555555556,0.374378282060151
17226_G4,hfq,MEC,288.921111111111,0.372451865768388
17226_G4,hfq,MEC,294.071666666667,0.367783360980872
17226_G4,hfq,MEC,298.327222222222,0.369250098137345
17226_G4,hfq,MEC,302.5825,0.389246100386957
17226_G4,hfq,MEC,306.848055555556,0.426644228958066
17226_G4,hfq,MEC,311.15,0.469899086585454
17226_G4,hfq,MEC,316.653333333333,0.510737859517216
17226_G4,hfq,MEC,320.871944444445,0.548291926668655
17226_G4,hfq,MEC,325.055555555556,0.584318775362286
17226_G4,hfq,MEC,329.288055555556,0.619866961810313
17226_G4,hfq,MEC,333.52,0.655904282757351
17226_G4,hfq,MEC,337.906111111111,0.693979425536046
17226_G4,hfq,MEC,343.065555555556,0.735043909127544
17226_G4,hfq,MEC,347.331111111111,0.778467512717349
17226_G4,hfq,MEC,351.598333333333,0.822661087636304
17226_G4,hfq,MEC,355.864722222222,0.865857797705614
17226_G4,hfq,MEC,360.137777777778,0.906529466331217
17226_G4,hfq,MEC,365.636388888889,0.944443539012151
17226_G4,hfq,MEC,369.902222222222,0.981550550950064
17226_G4,hfq,MEC,374.117777777778,1.0208176788316
17226_G4,hfq,MEC,378.367222222222,1.06364238791765
17226_G4,hfq,MEC,382.605555555556,1.10871260348161
17226_G4,hfq,MEC,388.055277777778,1.15398475537359
17226_G4,hfq,MEC,392.305555555556,1.20017534281395
17226_G4,hfq,MEC,396.538888888889,1.25142044049979
17226_G4,hfq,MEC,400.759722222222,1.31041660992175
17226_G4,hfq,MEC,404.977777777778,1.37301555562885
17226_G4,hfq,MEC,409.194722222222,1.43111011869669
17226_G4,hfq,MEC,414.406388888889,1.48283748937506
17226_G4,hfq,MEC,418.65,1.53680384809436
17226_G4,hfq,MEC,422.904166666667,1.60320538506065
17226_G4,hfq,MEC,427.127222222222,1.6826547123791
17226_G4,hfq,MEC,431.386666666667,1.76639873568451
17226_G4,hfq,MEC,436.643333333333,1.84704443201729
17226_G4,hfq,MEC,440.910833333333,1.92699326008005
17226_G4,hfq,MEC,445.166111111111,2.01504389756419
17226_G4,hfq,MEC,449.424722222222,2.11411876115788
17226_G4,hfq,MEC,453.725277777778,2.21036875930163
17226_G4,hfq,MEC,457.95,2.27111812647887
17226_G4,hfq,MEC,462.884166666667,2.25836421458962
17226_G4,hfq,MEC,467.137222222222,2.15935826760756
17226_G4,hfq,MEC,471.394722222222,2.00883217235969
17226_C7,lon,MEC,0.0,0.0048066689517968
17226_C7,lon,MEC,6.07416666666667,0.0080286429580204
17226_C7,lon,MEC,10.2933333333333,0.0115324613674818
17226_C7,lon,MEC,14.5516666666667,0.0150106809528433
17226_C7,lon,MEC,18.7666666666667,0.0185574990780656
17226_C7,lon,MEC,23.0611111111111,0.0226210949643739
17226_C7,lon,MEC,28.2697222222222,0.0278792739119989
17226_C7,lon,MEC,32.5575,0.0349729732771113
17226_C7,lon,MEC,36.7625,0.044170403053732
17226_C7,lon,MEC,41.05,0.0552517455843348
17226_C7,lon,MEC,45.2769444444445,0.0676054570522213
17226_C7,lon,MEC,49.5111111111111,0.0802271647678891
17226_C7,lon,MEC,54.7822222222222,0.0918831505373241
17226_C7,lon,MEC,59.0541666666667,0.102188329521909
17226_C7,lon,MEC,63.3216666666667,0.112907376497128
17226_C7,lon,MEC,67.595,0.12755614247593
17226_C7,lon,MEC,71.8766666666667,0.149789360096355
17226_C7,lon,MEC,77.0944444444445,0.182854301671911
17226_C7,lon,MEC,81.3044444444444,0.229746618669221
17226_C7,lon,MEC,85.5613888888889,0.292017281795126
17226_C7,lon,MEC,89.7888888888889,0.367479833393045
17226_C7,lon,MEC,94.0227777777778,0.449246063717909
17226_C7,lon,MEC,98.0166666666667,0.528154480109234
17226_C7,lon,MEC,103.183055555556,0.599158434255972
17226_C7,lon,MEC,107.398055555556,0.668434160010964
17226_C7,lon,MEC,111.690277777778,0.751913990499607
17226_C7,lon,MEC,115.939166666667,0.860541933265367
17226_C7,lon,MEC,120.191111111111,0.98697878833685
17226_C7,lon,MEC,125.465555555556,1.11329503172893
17226_C7,lon,MEC,129.693888888889,1.23347429782206
17226_C7,lon,MEC,133.884444444444,1.36269546229003
17226_C7,lon,MEC,138.098333333333,1.52116733043559
17226_C7,lon,MEC,142.354166666667,1.71768965524296
17226_C7,lon,MEC,146.589444444444,1.96022007741408
17226_C7,lon,MEC,151.769722222222,2.27149363083284
17226_C7,lon,MEC,155.997777777778,2.66891183465611
17226_C7,lon,MEC,160.239722222222,3.12797415615311
17226_C7,lon,MEC,164.460833333333,3.58901813888766
17226_C7,lon,MEC,168.694166666667,4.00823523107092
17226_C7,lon,MEC,173.723333333333,4.39358781850667
17226_C7,lon,MEC,177.978611111111,4.7971074532337
17226_C7,lon,MEC,182.238611111111,5.27578078800774
17226_C7,lon,MEC,186.500277777778,5.83656410532134
17226_C7,lon,MEC,190.768888888889,6.42312126528762
17226_C7,lon,MEC,196.309444444444,6.99516492695451
17226_C7,lon,MEC,200.652777777778,7.61157727835317
17226_C7,lon,MEC,204.887222222222,8.39291286625952
17226_C7,lon,MEC,209.11,9.39295449360516
17226_C7,lon,MEC,213.337222222222,10.4854245723438
17226_C7,lon,MEC,217.549166666667,11.3488509257744
17226_C7,lon,MEC,222.964166666667,11.63583267637
17226_C7,lon,MEC,227.423611111111,11.2713337960813
17226_C7,lon,MEC,231.6275,10.5828625673261
17226_C7,lon,MEC,235.876944444444,10.074580491214
17226_C7,lon,MEC,240.105,10.0792811745488
17226_C7,lon,MEC,245.596111111111,10.6351406101048
17226_C7,lon,MEC,249.821944444444,11.6042176012486
17226_C7,lon,MEC,254.022222222222,12.8184090227494
17226_C7,lon,MEC,258.294722222222,14.1379472202634
17226_C7,lon,MEC,262.658055555556,15.4481565866945
17226_C7,lon,MEC,266.723888888889,16.6502649258511
17226_C7,lon,MEC,271.7925,17.6858279617415
17226_C7,lon,MEC,276.012777777778,18.5777089485418
17226_C7,lon,MEC,280.240555555556,19.4221228363382
17226_C7,lon,MEC,284.505555555556,20.3101363465727
17226_C7,lon,MEC,288.921111111111,21.2361650414449
17226_C7,lon,MEC,294.071666666667,22.0895915117324
17226_C7,lon,MEC,298.327222222222,22.7858732630302
17226_C7,lon,MEC,302.5825,23.4327262884246
17226_C7,lon,MEC,306.848055555556,24.2963923816404
17226_C7,lon,MEC,311.15,25.5212347962152
17226_C7,lon,MEC,316.653333333333,26.9217563552777
17226_C7,lon,MEC,320.871944444445,28.1482543799569
17226_C7,lon,MEC,325.055555555556,29.0409961346981
17226_C7,lon,MEC,329.288055555556,29.7564006355877
17226_C7,lon,MEC,333.52,30.5762344982169
17226_C7,lon,MEC,337.906111111111,31.6487277688467
17226_C7,lon,MEC,343.065555555556,32.8880623728494
17226_C7,lon,MEC,347.331111111111,34.0582781791838
17226_C7,lon,MEC,351.598333333333,34.9352508548657
17226_C7,lon,MEC,355.864722222222,35.4347445637408
17226_C7,lon,MEC,360.137777777778,35.6380256051655
17226_C7,lon,MEC,365.636388888889,35.708331749242
17226_C7,lon,MEC,369.902222222222,35.7673090054181
17226_C7,lon,MEC,374.117777777778,35.8147036193627
17226_C7,lon,MEC,378.367222222222,35.7278890816327
17226_C7,lon,MEC,382.605555555556,35.3564110465867
17226_C7,lon,MEC,388.055277777778,34.6713194097139
17226_C7,lon,MEC,392.305555555556,33.8355790675904
17226_C7,lon,MEC,396.538888888889,33.0953860738267
17226_C7,lon,MEC,400.759722222222,32.5913383611489
17226_C7,lon,MEC,404.977777777778,32.2909186085012
17226_C7,lon,MEC,409.194722222222,32.0853762664072
17226_C7,lon,MEC,414.406388888889,31.8963569689874
17226_C7,lon,MEC,418.65,31.6761337940324
17226_C7,lon,MEC,422.904166666667,31.3719781236416
17226_C7,lon,MEC,427.127222222222,30.9535082277044
17226_C7,lon,MEC,431.386666666667,30.4485589554713
17226_C7,lon,MEC,436.643333333333,29.8956474557116
17226_C7,lon,MEC,440.910833333333,29.2854159035378
17226_C7,lon,MEC,445.166111111111,28.6114226231752
17226_C7,lon,MEC,449.424722222222,27.9523495446517
17226_C7,lon,MEC,453.725277777778,27.4277719393617
17226_C7,lon,MEC,457.95,27.07886681243
17226_C7,lon,MEC,462.884166666667,26.8470502088405
17226_C7,lon,MEC,467.137222222222,26.6626160606298
17226_C7,lon,MEC,471.394722222222,26.5091259033073
17227_C2,lpxM,MEC,0.0,0.0045888243191828
17227_C2,lpxM,MEC,5.365,0.0073645635902964
17227_C2,lpxM,MEC,9.58305555555556,0.0099123061798591
17227_C2,lpxM,MEC,13.8066666666667,0.0117548403791573
17227_C2,lpxM,MEC,18.0594444444444,0.0129467315118241
17227_C2,lpxM,MEC,22.3238888888889,0.0139023338453823
17227_C2,lpxM,MEC,27.5819444444445,0.0150729454582191
17227_C2,lpxM,MEC,31.8491666666667,0.016726838814037
17227_C2,lpxM,MEC,36.05,0.0189171102690592
17227_C2,lpxM,MEC,40.3069444444445,0.0216118225321899
17227_C2,lpxM,MEC,44.5744444444445,0.0248180453284892
17227_C2,lpxM,MEC,49.8530555555556,0.0285952062021673
17227_C2,lpxM,MEC,54.0744444444445,0.0330906924795209
17227_C2,lpxM,MEC,58.35,0.0386229008763176
17227_C2,lpxM,MEC,62.6161111111111,0.0454898600179986
17227_C2,lpxM,MEC,66.8883333333333,0.0534500341390369
17227_C2,lpxM,MEC,71.1697222222222,0.0614378183859078
17227_C2,lpxM,MEC,76.3866666666667,0.0679603008352402
17227_C2,lpxM,MEC,80.6161111111111,0.072048168027256
17227_C2,lpxM,MEC,84.8558333333333,0.0741508424404666
17227_C2,lpxM,MEC,89.0808333333333,0.0760211274416592
17227_C2,lpxM,MEC,93.3144444444444,0.0794136453450077
17227_C2,lpxM,MEC,98.2541666666667,0.0848728689110055
17227_C2,lpxM,MEC,102.441666666667,0.0917662308446632
17227_C2,lpxM,MEC,106.698333333333,0.0992557457347481
17227_C2,lpxM,MEC,110.983888888889,0.107243219714717
17227_C2,lpxM,MEC,115.233333333333,0.116577202500937
17227_C2,lpxM,MEC,119.484166666667,0.128221950382596
17227_C2,lpxM,MEC,124.756388888889,0.14201861052215
17227_C2,lpxM,MEC,128.985555555556,0.156663484733286
17227_C2,lpxM,MEC,133.1975,0.17146268120843
17227_C2,lpxM,MEC,137.383055555556,0.187742909550063
17227_C2,lpxM,MEC,141.646388888889,0.207845789654654
17227_C2,lpxM,MEC,146.865277777778,0.233300542362696
17227_C2,lpxM,MEC,151.062222222222,0.264698393420873
17227_C2,lpxM,MEC,155.289722222222,0.301880124257549
17227_C2,lpxM,MEC,159.531666666667,0.342379449644428
17227_C2,lpxM,MEC,163.755833333333,0.381021497865702
17227_C2,lpxM,MEC,167.988055555556,0.413390088596168
17227_C2,lpxM,MEC,173.014722222222,0.439833892935465
17227_C2,lpxM,MEC,177.269444444444,0.465607504776441
17227_C2,lpxM,MEC,181.530277777778,0.496638307308253
17227_C2,lpxM,MEC,185.7925,0.533894616763868
17227_C2,lpxM,MEC,190.061944444444,0.572188486460208
17227_C2,lpxM,MEC,195.569722222222,0.605529249383152
17227_C2,lpxM,MEC,199.818333333333,0.632793546615942
17227_C2,lpxM,MEC,204.0525,0.657691984259501
17227_C2,lpxM,MEC,208.275,0.683737109290695
17227_C2,lpxM,MEC,212.491111111111,0.708232981323525
17227_C2,lpxM,MEC,218.236111111111,0.722090157462469
17227_C2,lpxM,MEC,222.596388888889,0.719754364344638
17227_C2,lpxM,MEC,226.780833333333,0.708810633710912
17227_C2,lpxM,MEC,231.018333333333,0.703714172233215
17227_C2,lpxM,MEC,235.180277777778,0.710523133645829
17227_C2,lpxM,MEC,239.374166666667,0.724114135049063
17227_C2,lpxM,MEC,244.863333333333,0.739496234987536
17227_C2,lpxM,MEC,249.178611111111,0.759816777825653
17227_C2,lpxM,MEC,253.411944444445,0.792343881362308
17227_C2,lpxM,MEC,257.652222222222,0.839670793257024
17227_C2,lpxM,MEC,261.925277777778,0.896463144254419
17227_C2,lpxM,MEC,266.934722222222,0.952979192864149
17227_C2,lpxM,MEC,271.080833333333,0.999424491482834
17227_C2,lpxM,MEC,275.301111111111,1.02970771337958
17227_C2,lpxM,MEC,279.529166666667,1.04663741539061
17227_C2,lpxM,MEC,283.935833333333,1.06292825089343
17227_C2,lpxM,MEC,288.256666666667,1.09119265468649
17227_C2,lpxM,MEC,293.362222222222,1.13202848255562
17227_C2,lpxM,MEC,297.617777777778,1.17709066293691
17227_C2,lpxM,MEC,301.875555555556,1.22231225385197
17227_C2,lpxM,MEC,306.139444444445,1.26912384526086
17227_C2,lpxM,MEC,310.45,1.31309062431431
17227_C2,lpxM,MEC,316.007222222222,1.34062325311613
17227_C2,lpxM,MEC,320.224444444444,1.33967955978029
17227_C2,lpxM,MEC,324.424444444444,1.31175206073478
17227_C2,lpxM,MEC,328.657777777778,1.27293205302335
17227_C2,lpxM,MEC,332.889722222222,1.2410550566657
17227_C2,lpxM,MEC,338.135277777778,1.22052958226011
17227_C2,lpxM,MEC,342.355555555556,1.20307093006715
17227_C2,lpxM,MEC,346.623333333333,1.18414037472152
17227_C2,lpxM,MEC,350.891388888889,1.1727786211543
17227_C2,lpxM,MEC,355.157777777778,1.18136449535097
17227_C2,lpxM,MEC,359.430555555556,1.20935064236001
17227_C2,lpxM,MEC,364.921388888889,1.24226909055778
17227_C2,lpxM,MEC,369.195,1.26693600863304
17227_C2,lpxM,MEC,373.4275,1.28340864210419
17227_C2,lpxM,MEC,377.659444444444,1.29954144536314
17227_C2,lpxM,MEC,381.9025,1.31805200104231
17227_C2,lpxM,MEC,387.370555555556,1.33517788039025
17227_C2,lpxM,MEC,391.631111111111,1.3508566527676
17227_C2,lpxM,MEC,395.863888888889,1.37258734183118
17227_C2,lpxM,MEC,400.116944444445,1.40628590814646
17227_C2,lpxM,MEC,404.335,1.44759044960878
17227_C2,lpxM,MEC,408.561388888889,1.4848108802998
17227_C2,lpxM,MEC,413.698888888889,1.50911930959584
17227_C2,lpxM,MEC,417.925555555556,1.52202023881095
17227_C2,lpxM,MEC,422.180833333333,1.53389492830475
17227_C2,lpxM,MEC,426.438333333333,1.55452329914383
17227_C2,lpxM,MEC,430.679722222222,1.58532479669558
17227_C2,lpxM,MEC,435.968611111111,1.62198294853606
17227_C2,lpxM,MEC,440.171111111111,1.66318138676551
17227_C2,lpxM,MEC,444.428611111111,1.71371772837885
17227_C2,lpxM,MEC,448.685833333333,1.77684213998418
17227_C2,lpxM,MEC,452.993333333333,1.8437489470865
17227_C2,lpxM,MEC,458.190555555556,1.89586316296705
17227_C2,lpxM,MEC,462.376388888889,1.92215917851579
17227_C2,lpxM,MEC,466.635277777778,1.92990171012679
17227_C2,lpxM,MEC,470.865833333333,1.93375112192593
8961_F9,tolC,NIT,0.0,0.152116738974641
8961_F9,tolC,NIT,5.99277777777778,0.269802059130268
8961_F9,tolC,NIT,10.2083333333333,0.41641993829618
8961_F9,tolC,NIT,14.4263888888889,0.58746236592894
8961_F9,tolC,NIT,18.6441666666667,0.786693168154802
8961_F9,tolC,NIT,22.8922222222222,1.020109960261
8961_F9,tolC,NIT,28.2602777777778,1.28796471140536
8961_F9,tolC,NIT,32.4777777777778,1.5798974941272
8961_F9,tolC,NIT,36.7275,1.87313365908713
8961_F9,tolC,NIT,40.9775,2.1364310748153
8961_F9,tolC,NIT,45.2294444444445,2.34080444035828
8961_F9,tolC,NIT,49.4861111111111,2.47184641048974
8961_F9,tolC,NIT,55.1747222222222,2.53657168732466
8961_F9,tolC,NIT,59.3980555555556,2.56008508339515
8961_F9,tolC,NIT,63.6594444444445,2.57230422648451
8961_F9,tolC,NIT,67.9036111111111,2.59305821563013
8961_F9,tolC,NIT,72.1961111111111,2.62613703203511
8961_F9,tolC,NIT,78.0572222222222,2.66389104309845
8961_F9,tolC,NIT,82.1891666666667,2.6982333152748
8961_F9,tolC,NIT,86.3936111111111,2.73252755390548
8961_F9,tolC,NIT,90.6338888888889,2.78251056360817
8961_F9,tolC,NIT,94.8547222222222,2.86031966421276
8961_F9,tolC,NIT,100.443333333333,2.96154216582231
8961_F9,tolC,NIT,104.698888888889,3.07612206094551
8961_F9,tolC,NIT,108.843055555556,3.20699349439215
8961_F9,tolC,NIT,113.085277777778,3.36480783477785
8961_F9,tolC,NIT,117.314444444444,3.54498549685562
8961_F9,tolC,NIT,121.528611111111,3.72383875787471
8961_F9,tolC,NIT,127.176388888889,3.88386559404412
8961_F9,tolC,NIT,131.395,4.04353556092091
8961_F9,tolC,NIT,135.590833333333,4.26902124395885
8961_F9,tolC,NIT,139.905555555556,4.65859468256319
8961_F9,tolC,NIT,144.109166666667,5.30034930678803
8961_F9,tolC,NIT,149.681666666667,6.22309529526785
8961_F9,tolC,NIT,154.036388888889,7.3690147542447
8961_F9,tolC,NIT,158.230555555556,8.59943979042734
8961_F9,tolC,NIT,162.463055555556,9.7252715185373
8961_F9,tolC,NIT,166.685,10.5603081271954
8961_F9,tolC,NIT,170.865555555556,11.0004428213857
8961_F9,tolC,NIT,176.645277777778,11.0868484316227
8961_F9,tolC,NIT,180.877777777778,10.9812958201004
8961_F9,tolC,NIT,185.119722222222,10.8641252649586
8961_F9,tolC,NIT,189.361111111111,10.8446314741697
8961_F9,tolC,NIT,194.611111111111,10.9264851481778
8961_F9,tolC,NIT,198.830277777778,11.024944057333
8961_F9,tolC,NIT,203.137777777778,11.0403043322925
8961_F9,tolC,NIT,207.353333333333,10.9454503382405
8961_F9,tolC,NIT,211.635,10.8046902776351
8961_F9,tolC,NIT,215.886666666667,10.7110673006675
8961_F9,tolC,NIT,221.804444444444,10.7096760413061
8961_F9,tolC,NIT,226.035555555556,10.7645752098395
8961_F9,tolC,NIT,230.201111111111,10.793098343776
8961_F9,tolC,NIT,234.386111111111,10.7513579414634
8961_F9,tolC,NIT,238.623611111111,10.6909083930264
8961_F9,tolC,NIT,244.325,10.7107892343464
8961_F9,tolC,NIT,248.5625,10.8488483976859
8961_F9,tolC,NIT,252.844722222222,11.0427761039101
8961_F9,tolC,NIT,257.095,11.2087956205258
8961_F9,tolC,NIT,261.4975,11.3390349557484
8961_F9,tolC,NIT,265.739444444444,11.5072772827751
8961_F9,tolC,NIT,271.029166666667,11.787389147958
8961_F9,tolC,NIT,275.240277777778,12.1718826775774
8961_F9,tolC,NIT,279.508888888889,12.5676380981988
8961_D6,dnaK,NIT,0.0,0.142096511926657
8961_D6,dnaK,NIT,5.99277777777778,0.245183143893013
8961_D6,dnaK,NIT,10.2083333333333,0.364331435406831
8961_D6,dnaK,NIT,14.4263888888889,0.489465373155548
8961_D6,dnaK,NIT,18.6441666666667,0.619532052117317
8961_D6,dnaK,NIT,22.8922222222222,0.758818772812505
8961_D6,dnaK,NIT,28.2602777777778,0.910469239963127
8961_D6,dnaK,NIT,32.4777777777778,1.07184004540766
8961_D6,dnaK,NIT,36.7275,1.23326327439309
8961_D6,dnaK,NIT,40.9775,1.38110377507008
8961_D6,dnaK,NIT,45.2294444444445,1.50258773537539
8961_D6,dnaK,NIT,49.4861111111111,1.58960088685271
8961_D6,dnaK,NIT,55.1747222222222,1.64121719766615
8961_D6,dnaK,NIT,59.3980555555556,1.66385174640193
8961_D6,dnaK,NIT,63.6594444444445,1.6687315251211
8961_D6,dnaK,NIT,67.9036111111111,1.66988825144287
8961_D6,dnaK,NIT,72.1961111111111,1.68437281712567
8961_D6,dnaK,NIT,78.0572222222222,1.73054997965655
8961_D6,dnaK,NIT,82.1891666666667,1.82069731450534
8961_D6,dnaK,NIT,86.3936111111111,1.95306544746133
8961_D6,dnaK,NIT,90.6338888888889,2.11211861576383
8961_D6,dnaK,NIT,94.8547222222222,2.27732421827666
8961_D6,dnaK,NIT,100.443333333333,2.43279169650685
8961_D6,dnaK,NIT,104.698888888889,2.57002120023472
8961_D6,dnaK,NIT,108.843055555556,2.68349738571305
8961_D6,dnaK,NIT,113.085277777778,2.76791208551034
8961_D6,dnaK,NIT,117.314444444444,2.82430830075124
8961_D6,dnaK,NIT,121.528611111111,2.86798108120583
8961_D6,dnaK,NIT,127.176388888889,2.92333598512434
8961_D6,dnaK,NIT,131.395,3.00560472692126
8961_D6,dnaK,NIT,135.590833333333,3.10870061870559
8961_D6,dnaK,NIT,139.905555555556,3.21295782094904
8961_D6,dnaK,NIT,144.109166666667,3.30334232191222
8961_D6,dnaK,NIT,149.681666666667,3.38149087221512
8961_D6,dnaK,NIT,154.036388888889,3.46563240494234
8961_D6,dnaK,NIT,158.230555555556,3.57924927721248
8961_D6,dnaK,NIT,162.463055555556,3.73260735778836
8961_D6,dnaK,NIT,166.685,3.9133481292751
8961_D6,dnaK,NIT,170.865555555556,4.10268899771148
8961_D6,dnaK,NIT,176.645277777778,4.30174081317563
8961_D6,dnaK,NIT,180.877777777778,4.52968249311098
8961_D6,dnaK,NIT,185.119722222222,4.79222243992958
8961_D6,dnaK,NIT,189.361111111111,5.06320291632965
8961_D6,dnaK,NIT,194.611111111111,5.30070209807888
8961_D6,dnaK,NIT,198.830277777778,5.47514241032482
8961_D6,dnaK,NIT,203.137777777778,5.58513906667877
8961_D6,dnaK,NIT,207.353333333333,5.65363252556175
8961_D6,dnaK,NIT,211.635,5.70754160773548
8961_D6,dnaK,NIT,215.886666666667,5.76101278810444
8961_D6,dnaK,NIT,221.804444444444,5.82607998285039
8961_D6,dnaK,NIT,226.035555555556,5.94307291367665
8961_D6,dnaK,NIT,230.201111111111,6.19584621967416
8961_D6,dnaK,NIT,234.386111111111,6.69319554452326
8961_D6,dnaK,NIT,238.623611111111,7.53163441228382
8961_D6,dnaK,NIT,244.325,8.76365043973291
8961_D6,dnaK,NIT,248.5625,10.3774762667079
8961_D6,dnaK,NIT,252.844722222222,12.2890529388172
8961_D6,dnaK,NIT,257.095,14.357372163197
8961_D6,dnaK,NIT,261.4975,16.4216499220564
8961_D6,dnaK,NIT,265.739444444444,18.3297396574843
8961_D6,dnaK,NIT,271.029166666667,19.9443146132394
8961_D6,dnaK,NIT,275.240277777778,21.1580815535492
8961_D6,dnaK,NIT,279.508888888889,21.9366955668653
8961_E4,acrB,NIT,0.0,0.151373407217561
8961_E4,acrB,NIT,5.99277777777778,0.266609764144742
8961_E4,acrB,NIT,10.2083333333333,0.405705092940199
8961_E4,acrB,NIT,14.4263888888889,0.558960986229379
8961_E4,acrB,NIT,18.6441666666667,0.725679210462286
8961_E4,acrB,NIT,22.8922222222222,0.91324857018033
8961_E4,acrB,NIT,28.2602777777778,1.13269720461725
8961_E4,acrB,NIT,32.4777777777778,1.3921668740779
8961_E4,acrB,NIT,36.7275,1.68939961562231
8961_E4,acrB,NIT,40.9775,2.00831150112629
8961_E4,acrB,NIT,45.2294444444445,2.32102681230635
8961_E4,acrB,NIT,49.4861111111111,2.59306810121771
8961_E4,acrB,NIT,55.1747222222222,2.79124645254898
8961_E4,acrB,NIT,59.3980555555556,2.8950206171226
8961_E4,acrB,NIT,63.6594444444445,2.91139060516191
8961_E4,acrB,NIT,67.9036111111111,2.88416881766063
8961_E4,acrB,NIT,72.1961111111111,2.87993588226864
8961_E4,acrB,NIT,78.0572222222222,2.95335107416926
8961_E4,acrB,NIT,82.1891666666667,3.12350407596873
8961_E4,acrB,NIT,86.3936111111111,3.37855643512935
8961_E4,acrB,NIT,90.6338888888889,3.68881390287494
8961_E4,acrB,NIT,94.8547222222222,4.00705313185975
8961_E4,acrB,NIT,100.443333333333,4.2694347855877
8961_E4,acrB,NIT,104.698888888889,4.42528567249509
8961_E4,acrB,NIT,108.843055555556,4.4919607959187
8961_E4,acrB,NIT,113.085277777778,4.58806203670418
8961_E4,acrB,NIT,117.314444444444,4.90434316621839
8961_E4,acrB,NIT,121.528611111111,5.63603168812471
8961_E4,acrB,NIT,127.176388888889,6.93830680365883
8961_E4,acrB,NIT,131.395,8.90913635958296
8961_E4,acrB,NIT,135.590833333333,11.5499203015019
8961_E4,acrB,NIT,139.905555555556,14.7193563423875
8961_E4,acrB,NIT,144.109166666667,18.1786120954831
8961_E4,acrB,NIT,149.681666666667,21.7288028692612
8961_E4,acrB,NIT,154.036388888889,25.2614352173645
8961_E4,acrB,NIT,158.230555555556,28.6243710845909
8961_E4,acrB,NIT,162.463055555556,31.49701996763
8961_E4,acrB,NIT,166.685,33.5325883514403
8961_E4,acrB,NIT,170.865555555556,34.7515183697916
8961_E4,acrB,NIT,176.645277777778,35.8191292779761
8961_E4,acrB,NIT,180.877777777778,37.7871751694019
8961_E4,acrB,NIT,185.119722222222,41.3804349531043
8961_E4,acrB,NIT,189.361111111111,46.4573331557467
8961_E4,acrB,NIT,194.611111111111,52.0791900763653
8961_E4,acrB,NIT,198.830277777778,56.9996103892013
8961_E4,acrB,NIT,203.137777777778,60.186992076801
8961_E4,acrB,NIT,207.353333333333,61.2623709734672
8961_E4,acrB,NIT,211.635,60.7968506837786
8961_E4,acrB,NIT,215.886666666667,60.1971733533503
8961_E4,acrB,NIT,221.804444444444,61.0512217975034
8961_E4,acrB,NIT,226.035555555556,64.2874889096037
8961_E4,acrB,NIT,230.201111111111,69.6068298450113
8961_E4,acrB,NIT,234.386111111111,75.4927171592866
8961_E4,acrB,NIT,238.623611111111,80.0603826372378
8961_E4,acrB,NIT,244.325,82.4097122984485
8961_E4,acrB,NIT,248.5625,83.2123296432284
8961_E4,acrB,NIT,252.844722222222,83.8145997165395
8961_E4,acrB,NIT,257.095,84.9731500728277
8961_E4,acrB,NIT,261.4975,86.6397408129122
8961_E4,acrB,NIT,265.739444444444,88.6005275133514
8961_E4,acrB,NIT,271.029166666667,90.8857729238791
8961_E4,acrB,NIT,275.240277777778,93.5433619376781
8961_E4,acrB,NIT,279.508888888889,96.2615615648
8961_H5,recA,NIT,0.0,0.110682519401236
8961_H5,recA,NIT,5.99277777777778,0.164817535685803
8961_H5,recA,NIT,10.2083333333333,0.19585105838176
8961_H5,recA,NIT,14.4263888888889,0.192210860116571
8961_H5,recA,NIT,18.6441666666667,0.164658007114448
8961_H5,recA,NIT,22.8922222222222,0.136478824092063
8961_H5,recA,NIT,28.2602777777778,0.127610889220267
8961_H5,recA,NIT,32.4777777777778,0.141829853524024
8961_H5,recA,NIT,36.7275,0.162415809809786
8961_H5,recA,NIT,40.9775,0.166757662590749
8961_H5,recA,NIT,45.2294444444445,0.151976959552776
8961_H5,recA,NIT,49.4861111111111,0.13931693711864
8961_H5,recA,NIT,55.1747222222222,0.147191096153298
8961_H5,recA,NIT,59.3980555555556,0.168156599511041
8961_H5,recA,NIT,63.6594444444445,0.182744367668268
8961_H5,recA,NIT,67.9036111111111,0.191725346146569
8961_H5,recA,NIT,72.1961111111111,0.216214846964068
8961_H5,recA,NIT,78.0572222222222,0.258369241328381
8961_H5,recA,NIT,82.1891666666667,0.284578895944645
8961_H5,recA,NIT,86.3936111111111,0.271753550095342
8961_H5,recA,NIT,90.6338888888889,0.256641672850982
8961_H5,recA,NIT,94.8547222222222,0.313245250640047
8961_H5,recA,NIT,100.443333333333,0.482553812904663
8961_H5,recA,NIT,104.698888888889,0.733350920221062
8961_H5,recA,NIT,108.843055555556,0.991087225800631
8961_H5,recA,NIT,113.085277777778,1.19962645372135
8961_H5,recA,NIT,117.314444444444,1.3500267703083
8961_H5,recA,NIT,121.528611111111,1.46192044697042
8961_H5,recA,NIT,127.176388888889,1.55851698904054
8961_H5,recA,NIT,131.395,1.6585384853419
8961_H5,recA,NIT,135.590833333333,1.7727458594428
8961_H5,recA,NIT,139.905555555556,1.89972840067239
8961_H5,recA,NIT,144.109166666667,2.03055790269792
8961_H5,recA,NIT,149.681666666667,2.16139518888108
8961_H5,recA,NIT,154.036388888889,2.29782138226907
8961_H5,recA,NIT,158.230555555556,2.44182383930957
8961_H5,recA,NIT,162.463055555556,2.57594999756213
8961_H5,recA,NIT,166.685,2.66520141256845
8961_H5,recA,NIT,170.865555555556,2.67861264899267
8961_H5,recA,NIT,176.645277777778,2.61437472228433
8961_H5,recA,NIT,180.877777777778,2.5072004522604
8961_H5,recA,NIT,185.119722222222,2.40831693799186
8961_H5,recA,NIT,189.361111111111,2.35635133803742
8961_H5,recA,NIT,194.611111111111,2.36678838347376
8961_H5,recA,NIT,198.830277777778,2.43990961159917
8961_H5,recA,NIT,203.137777777778,2.56615723489154
8961_H5,recA,NIT,207.353333333333,2.72232942078501
8961_H5,recA,NIT,211.635,2.87004927272005
8961_H5,recA,NIT,215.886666666667,2.96829504618984
8961_H5,recA,NIT,221.804444444444,2.99990339721296
8961_H5,recA,NIT,226.035555555556,2.98818300384666
8961_H5,recA,NIT,230.201111111111,2.97621503052595
8961_H5,recA,NIT,234.386111111111,2.98800526065637
8961_H5,recA,NIT,238.623611111111,3.02139018971439
8961_H5,recA,NIT,244.325,3.07606863970588
8961_H5,recA,NIT,248.5625,3.16976373402019
8961_H5,recA,NIT,252.844722222222,3.32045976457917
8961_H5,recA,NIT,257.095,3.52403240225417
8961_H5,recA,NIT,261.4975,3.75459182403007
8961_H5,recA,NIT,265.739444444444,3.98001767861376
8961_H5,recA,NIT,271.029166666667,4.1774368723507
8961_H5,recA,NIT,275.240277777778,4.3400038687207
8961_H5,recA,NIT,279.508888888889,4.46847180212248
8961_E2,hns,NIT,0.0,0.13284768698353
8961_E2,hns,NIT,5.99277777777778,0.221710309897673
8961_E2,hns,NIT,10.2083333333333,0.314728464872194
8961_E2,hns,NIT,14.4263888888889,0.399677594344273
8961_E2,hns,NIT,18.6441666666667,0.475678664602876
8961_E2,hns,NIT,22.8922222222222,0.548059789829378
8961_E2,hns,NIT,28.2602777777778,0.621384407168139
8961_E2,hns,NIT,32.4777777777778,0.697033053703024
8961_E2,hns,NIT,36.7275,0.773408056844219
8961_E2,hns,NIT,40.9775,0.846871075676751
8961_E2,hns,NIT,45.2294444444445,0.913463467029022
8961_E2,hns,NIT,49.4861111111111,0.971032697935707
8961_E2,hns,NIT,55.1747222222222,1.02061331550747
8961_E2,hns,NIT,59.3980555555556,1.06569928710031
8961_E2,hns,NIT,63.6594444444445,1.10989765431357
8961_E2,hns,NIT,67.9036111111111,1.15576199229218
8961_E2,hns,NIT,72.1961111111111,1.20626890454653
8961_E2,hns,NIT,78.0572222222222,1.26652820818605
8961_E2,hns,NIT,82.1891666666667,1.34259576746606
8961_E2,hns,NIT,86.3936111111111,1.4376952165285
8961_E2,hns,NIT,90.6338888888889,1.54886076684169
8961_E2,hns,NIT,94.8547222222222,1.66643112037818
8961_E2,hns,NIT,100.443333333333,1.77753387173134
8961_E2,hns,NIT,104.698888888889,1.87213729523042
8961_E2,hns,NIT,108.843055555556,1.94745480858572
8961_E2,hns,NIT,113.085277777778,2.00790431993569
8961_E2,hns,NIT,117.314444444444,2.06124333871717
8961_E2,hns,NIT,121.528611111111,2.11369267608824
8961_E2,hns,NIT,127.176388888889,2.16905052292809
8961_E2,hns,NIT,131.395,2.2337575552539
8961_E2,hns,NIT,135.590833333333,2.32026460517863
8961_E2,hns,NIT,139.905555555556,2.4419036146919
8961_E2,hns,NIT,144.109166666667,2.60531339127725
8961_E2,hns,NIT,149.681666666667,2.80883634491505
8961_E2,hns,NIT,154.036388888889,3.04316530191874
8961_E2,hns,NIT,158.230555555556,3.28919372713744
8961_E2,hns,NIT,162.463055555556,3.52095934584658
8961_E2,hns,NIT,166.685,3.72012303103587
8961_E2,hns,NIT,170.865555555556,3.88892653306531
8961_E2,hns,NIT,176.645277777778,4.04508674480969
8961_E2,hns,NIT,180.877777777778,4.20669164110663
8961_E2,hns,NIT,185.119722222222,4.39374253203502
8961_E2,hns,NIT,189.361111111111,4.64931077769849
8961_E2,hns,NIT,194.611111111111,5.04614728288757
8961_E2,hns,NIT,198.830277777778,5.65609745965286
8961_E2,hns,NIT,203.137777777778,6.50209977777389
8961_E2,hns,NIT,207.353333333333,7.52985549817543
8961_E2,hns,NIT,211.635,8.62890387660276
8961_E2,hns,NIT,215.886666666667,9.70031107791495
8961_E2,hns,NIT,221.804444444444,10.712592404814
8961_E2,hns,NIT,226.035555555556,11.6870776485641
8961_E2,hns,NIT,230.201111111111,12.6463544260602
8961_E2,hns,NIT,234.386111111111,13.6135989598578
8961_E2,hns,NIT,238.623611111111,14.6694942134822
8961_E2,hns,NIT,244.325,15.9754279834491
8961_E2,hns,NIT,248.5625,17.6961916424459
8961_E2,hns,NIT,252.844722222222,19.868472917485
8961_E2,hns,NIT,257.095,22.3314817881618
8961_E2,hns,NIT,261.4975,24.7847648819092
8961_E2,hns,NIT,265.739444444444,26.9327724695838
8961_E2,hns,NIT,271.029166666667,28.6162269584949
8961_E2,hns,NIT,275.240277777778,29.837188841532
8961_E2,hns,NIT,279.508888888889,30.673358516929
8961_H1,fis,NIT,0.0,0.144563361217236
8961_H1,fis,NIT,5.99277777777778,0.250365413809549
8961_H1,fis,NIT,10.2083333333333,0.373612291593444
8961_H1,fis,NIT,14.4263888888889,0.505101217860094
8961_H1,fis,NIT,18.6441666666667,0.64628108314732
8961_H1,fis,NIT,22.8922222222222,0.805451890726723
8961_H1,fis,NIT,28.2602777777778,0.990392931974833
8961_H1,fis,NIT,32.4777777777778,1.2023971886945
8961_H1,fis,NIT,36.7275,1.43159672526829
8961_H1,fis,NIT,40.9775,1.65474873390928
8961_H1,fis,NIT,45.2294444444445,1.83713350733622
8961_H1,fis,NIT,49.4861111111111,1.93899786574275
8961_H1,fis,NIT,55.1747222222222,1.92743306167404
8961_H1,fis,NIT,59.3980555555556,1.79454474683737
8961_H1,fis,NIT,63.6594444444445,1.57572693014364
8961_H1,fis,NIT,67.9036111111111,1.34847734455506
8961_H1,fis,NIT,72.1961111111111,1.19908695298118
8961_H1,fis,NIT,78.0572222222222,1.1805940377474
8961_H1,fis,NIT,82.1891666666667,1.29945442856635
8961_H1,fis,NIT,86.3936111111111,1.53319053512117
8961_H1,fis,NIT,90.6338888888889,1.85092617006502
8961_H1,fis,NIT,94.8547222222222,2.21760827749759
8961_H1,fis,NIT,100.443333333333,2.58128437439092
8961_H1,fis,NIT,104.698888888889,2.85653291099566
8961_H1,fis,NIT,108.843055555556,2.93570088667748
8961_H1,fis,NIT,113.085277777778,2.75342009199232
8961_H1,fis,NIT,117.314444444444,2.36569478027081
8961_H1,fis,NIT,121.528611111111,1.95034115853389
8961_H1,fis,NIT,127.176388888889,1.69912064171644
8961_H1,fis,NIT,131.395,1.70284785905919
8961_H1,fis,NIT,135.590833333333,1.93970223554976
8961_H1,fis,NIT,139.905555555556,2.35001384351943
8961_H1,fis,NIT,144.109166666667,2.90880864292856
8961_H1,fis,NIT,149.681666666667,3.64821626234952
8961_H1,fis,NIT,154.036388888889,4.62831308043421
8961_H1,fis,NIT,158.230555555556,5.87693896820242
8961_H1,fis,NIT,162.463055555556,7.339587116121
8961_H1,fis,NIT,166.685,8.88805883396421
8961_H1,fis,NIT,170.865555555556,10.4019432398094
8961_H1,fis,NIT,176.645277777778,11.8529407865968
8961_H1,fis,NIT,180.877777777778,13.2882572276615
8961_H1,fis,NIT,185.119722222222,14.7427114827756
8961_H1,fis,NIT,189.361111111111,16.2137503685341
8961_H1,fis,NIT,194.611111111111,17.7048852002493
8961_H1,fis,NIT,198.830277777778,19.2238698086361
8961_H1,fis,NIT,203.137777777778,20.7230440312461
8961_H1,fis,NIT,207.353333333333,22.0820721606692
8961_H1,fis,NIT,211.635,23.1752236929368
8961_H1,fis,NIT,215.886666666667,23.9565413042888
8961_H1,fis,NIT,221.804444444444,24.50907821522
8961_H1,fis,NIT,226.035555555556,25.0522095844362
8961_H1,fis,NIT,230.201111111111,25.8593943912586
8961_H1,fis,NIT,234.386111111111,27.0865170775807
8961_H1,fis,NIT,238.623611111111,28.6904452796454
8961_H1,fis,NIT,244.325,30.537699709112
8961_H1,fis,NIT,248.5625,32.5182117782677
8961_H1,fis,NIT,252.844722222222,34.5227577581303
8961_H1,fis,NIT,257.095,36.4052367611301
8961_H1,fis,NIT,261.4975,38.0130369621545
8961_H1,fis,NIT,265.739444444444,39.2142584501976
8961_H1,fis,NIT,271.029166666667,39.9348324342087
8961_H1,fis,NIT,275.240277777778,40.2392588180157
8961_H1,fis,NIT,279.508888888889,40.318092920634
8962_F9,tolC,NIT,0.0,0.152772863001805
8962_F9,tolC,NIT,6.39666666666667,0.271220935181606
8962_F9,tolC,NIT,10.7102777777778,0.418419393697883
8962_F9,tolC,NIT,14.9291666666667,0.588755599918307
8962_F9,tolC,NIT,19.1480555555556,0.785457120329464
8962_F9,tolC,NIT,23.3972222222222,1.01615923815509
8962_F9,tolC,NIT,28.6622222222222,1.2843763966046
8962_F9,tolC,NIT,32.915,1.58151188909401
8962_F9,tolC,NIT,37.1652777777778,1.88327587162757
8962_F9,tolC,NIT,41.4152777777778,2.15595867229338
8962_F9,tolC,NIT,45.6675,2.37022225555613
8962_F9,tolC,NIT,49.9255555555556,2.51259679111602
8962_F9,tolC,NIT,55.5872222222222,2.5887095828692
8962_F9,tolC,NIT,59.8366666666667,2.61786537501492
8962_F9,tolC,NIT,64.1005555555556,2.62092379389409
8962_F9,tolC,NIT,68.3677777777778,2.60981528804502
8962_F9,tolC,NIT,72.6377777777778,2.59041863849598
8962_F9,tolC,NIT,78.46,2.5750761514521
8962_F9,tolC,NIT,82.6366666666667,2.58439143742918
8962_F9,tolC,NIT,86.8422222222222,2.63122362956554
8962_F9,tolC,NIT,91.0677777777778,2.70785163197171
8962_F9,tolC,NIT,95.2880555555556,2.79472287279197
8962_F9,tolC,NIT,100.901388888889,2.878805479474
8962_F9,tolC,NIT,105.230277777778,2.96047881983827
8962_F9,tolC,NIT,109.413333333333,3.05075766946571
8962_F9,tolC,NIT,113.628611111111,3.1727948074396
8962_F9,tolC,NIT,117.856111111111,3.3689279587204
8962_F9,tolC,NIT,122.069722222222,3.69856502866559
8962_F9,tolC,NIT,127.58,4.20975437508715
8962_F9,tolC,NIT,131.899722222222,4.89791285411229
8962_F9,tolC,NIT,136.121111111111,5.70604033231972
8962_F9,tolC,NIT,140.318333333333,6.59031714668507
8962_F9,tolC,NIT,144.551111111111,7.58208037946212
8962_F9,tolC,NIT,150.185833333333,8.75995852258112
8962_F9,tolC,NIT,154.576666666667,10.1504196088309
8962_F9,tolC,NIT,158.772222222222,11.6617885345291
8962_F9,tolC,NIT,162.951111111111,13.1112979261361
8962_F9,tolC,NIT,167.190555555556,14.3056791163665
8962_F9,tolC,NIT,172.798333333333,15.1229796773766
8962_F9,tolC,NIT,177.118055555556,15.5771044458094
8962_F9,tolC,NIT,181.352222222222,15.829820310947
8962_F9,tolC,NIT,185.5925,16.1231842306436
8962_F9,tolC,NIT,189.8675,16.6890907971299
8962_F9,tolC,NIT,195.016388888889,17.6962770363545
8962_F9,tolC,NIT,199.295833333333,19.1890004320562
8962_F9,tolC,NIT,203.580555555556,20.9897602253816
8962_F9,tolC,NIT,207.826111111111,22.712207783205
8962_F9,tolC,NIT,212.075555555556,24.037060095925
8962_F9,tolC,NIT,216.615277777778,25.0669218740016
8962_F9,tolC,NIT,222.228888888889,26.3082139038723
8962_F9,tolC,NIT,226.541388888889,28.1787446645421
8962_F9,tolC,NIT,230.729166666667,30.5576555427743
8962_F9,tolC,NIT,234.915,32.8557560721831
8962_F9,tolC,NIT,239.129444444444,34.4973792334721
8962_F9,tolC,NIT,244.746944444444,35.3826218859304
8962_F9,tolC,NIT,249.022222222222,35.9349974544011
8962_F9,tolC,NIT,253.286111111111,36.6226586388929
8962_F9,tolC,NIT,257.594722222222,37.4445772822629
8962_F9,tolC,NIT,261.768611111111,38.0192895914729
8962_F9,tolC,NIT,266.011944444445,38.0901173519656
8962_F9,tolC,NIT,271.437222222222,37.7379339592514
8962_F9,tolC,NIT,275.698055555556,37.197646647115
8962_F9,tolC,NIT,279.951111111111,36.6769241292799
8962_D6,dnaK,NIT,0.0,0.140540841040537
8962_D6,dnaK,NIT,6.39666666666667,0.242174649921512
8962_D6,dnaK,NIT,10.7102777777778,0.359647349500206
8962_D6,dnaK,NIT,14.9291666666667,0.483439453314066
8962_D6,dnaK,NIT,19.1480555555556,0.612808538923295
8962_D6,dnaK,NIT,23.3972222222222,0.75143138618474
8962_D6,dnaK,NIT,28.6622222222222,0.900847432601418
8962_D6,dnaK,NIT,32.915,1.05678539177707
8962_D6,dnaK,NIT,37.1652777777778,1.20927913711407
8962_D6,dnaK,NIT,41.4152777777778,1.34705480697177
8962_D6,dnaK,NIT,45.6675,1.46289510975927
8962_D6,dnaK,NIT,49.9255555555556,1.55512401709342
8962_D6,dnaK,NIT,55.5872222222222,1.62588402471658
8962_D6,dnaK,NIT,59.8366666666667,1.6805827492749
8962_D6,dnaK,NIT,64.1005555555556,1.73000468349109
8962_D6,dnaK,NIT,68.3677777777778,1.79273501607376
8962_D6,dnaK,NIT,72.6377777777778,1.89404775570808
8962_D6,dnaK,NIT,78.46,2.05880814356363
8962_D6,dnaK,NIT,82.6366666666667,2.30124320381618
8962_D6,dnaK,NIT,86.8422222222222,2.61765886793076
8962_D6,dnaK,NIT,91.0677777777778,2.98446493836345
8962_D6,dnaK,NIT,95.2880555555556,3.35997890738754
8962_D6,dnaK,NIT,100.901388888889,3.6899131572016
8962_D6,dnaK,NIT,105.230277777778,3.92042731574044
8962_D6,dnaK,NIT,109.413333333333,4.02359285175601
8962_D6,dnaK,NIT,113.628611111111,4.02357707636807
8962_D6,dnaK,NIT,117.856111111111,3.99867893695498
8962_D6,dnaK,NIT,122.069722222222,4.05613177673983
8962_D6,dnaK,NIT,127.58,4.29771470348616
8962_D6,dnaK,NIT,131.899722222222,4.78525143168069
8962_D6,dnaK,NIT,136.121111111111,5.51020976210542
8962_D6,dnaK,NIT,140.318333333333,6.38565091674289
8962_D6,dnaK,NIT,144.551111111111,7.27753241649672
8962_D6,dnaK,NIT,150.185833333333,8.063799941917
8962_D6,dnaK,NIT,154.576666666667,8.68597553763608
8962_D6,dnaK,NIT,158.772222222222,9.17640609479645
8962_D6,dnaK,NIT,162.951111111111,9.67587692409933
8962_D6,dnaK,NIT,167.190555555556,10.4369653417378
8962_D6,dnaK,NIT,172.798333333333,11.7662999730015
8962_D6,dnaK,NIT,177.118055555556,13.9028853481572
8962_D6,dnaK,NIT,181.352222222222,16.9284192060131
8962_D6,dnaK,NIT,185.5925,20.7839353036624
8962_D6,dnaK,NIT,189.8675,25.2998676346407
8962_D6,dnaK,NIT,195.016388888889,30.1099716840795
8962_D6,dnaK,NIT,199.295833333333,34.5674296554816
8962_D6,dnaK,NIT,203.580555555556,37.9641854810999
8962_D6,dnaK,NIT,207.826111111111,40.0177859459895
8962_D6,dnaK,NIT,212.075555555556,41.1521328391583
8962_D6,dnaK,NIT,216.615277777778,42.3109112972187
8962_D6,dnaK,NIT,222.228888888889,44.4983555191588
8962_D6,dnaK,NIT,226.541388888889,48.2300144972572
8962_D6,dnaK,NIT,230.729166666667,53.0359990115495
8962_D6,dnaK,NIT,234.915,57.5165546071105
8962_D6,dnaK,NIT,239.129444444444,60.3687539561591
8962_D6,dnaK,NIT,244.746944444444,61.640686758809
8962_D6,dnaK,NIT,249.022222222222,62.6678277422554
8962_D6,dnaK,NIT,253.286111111111,64.5483908156631
8962_D6,dnaK,NIT,257.594722222222,67.1271757817052
8962_D6,dnaK,NIT,261.768611111111,69.7901621930206
8962_D6,dnaK,NIT,266.011944444445,72.6827048433153
8962_D6,dnaK,NIT,271.437222222222,76.4902002888759
8962_D6,dnaK,NIT,275.698055555556,81.2390197798565
8962_D6,dnaK,NIT,279.951111111111,85.9287131236505
8962_E4,acrB,NIT,0.0,0.151233431754104
8962_E4,acrB,NIT,6.39666666666667,0.26621557207567
8962_E4,acrB,NIT,10.7102777777778,0.404852431108624
8962_E4,acrB,NIT,14.9291666666667,0.557266577289665
8962_E4,acrB,NIT,19.1480555555556,0.721784189472018
8962_E4,acrB,NIT,23.3972222222222,0.903445629398237
8962_E4,acrB,NIT,28.6622222222222,1.11071865706542
8962_E4,acrB,NIT,32.915,1.35171142930837
8962_E4,acrB,NIT,37.1652777777778,1.62787088440068
8962_E4,acrB,NIT,41.4152777777778,1.92849355197523
8962_E4,acrB,NIT,45.6675,2.23031677908182
8962_E4,acrB,NIT,49.9255555555556,2.50341720205149
8962_E4,acrB,NIT,55.5872222222222,2.72155357451774
8962_E4,acrB,NIT,59.8366666666667,2.87213792325035
8962_E4,acrB,NIT,64.1005555555556,2.96451807499733
8962_E4,acrB,NIT,68.3677777777778,3.03383430540177
8962_E4,acrB,NIT,72.6377777777778,3.12397516799991
8962_E4,acrB,NIT,78.46,3.24859503573312
8962_E4,acrB,NIT,82.6366666666667,3.37818429476383
8962_E4,acrB,NIT,86.8422222222222,3.48716487149694
8962_E4,acrB,NIT,91.0677777777778,3.60343629584424
8962_E4,acrB,NIT,95.2880555555556,3.78228543828357
8962_E4,acrB,NIT,100.901388888889,4.02939517056895
8962_E4,acrB,NIT,105.230277777778,4.27104893024588
8962_E4,acrB,NIT,109.413333333333,4.4189726554135
8962_E4,acrB,NIT,113.628611111111,4.47527171518811
8962_E4,acrB,NIT,117.856111111111,4.57380593640044
8962_E4,acrB,NIT,122.069722222222,4.91880464594129
8962_E4,acrB,NIT,127.58,5.69163074252002
8962_E4,acrB,NIT,131.899722222222,7.0034648265954
8962_E4,acrB,NIT,136.121111111111,8.89080363508058
8962_E4,acrB,NIT,140.318333333333,11.3286642712439
8962_E4,acrB,NIT,144.551111111111,14.2657157516999
8962_E4,acrB,NIT,150.185833333333,17.6549007322288
8962_E4,acrB,NIT,154.576666666667,21.4083642634961
8962_E4,acrB,NIT,158.772222222222,25.2836144482419
8962_E4,acrB,NIT,162.951111111111,28.8291541616439
8962_E4,acrB,NIT,167.190555555556,31.4877821132573
8962_E4,acrB,NIT,172.798333333333,32.8299053426264
8962_E4,acrB,NIT,177.118055555556,32.8128354071835
8962_E4,acrB,NIT,181.352222222222,31.9124431357998
8962_E4,acrB,NIT,185.5925,31.0029823679814
8962_E4,acrB,NIT,189.8675,31.0497727268605
8962_E4,acrB,NIT,195.016388888889,32.8373276907551
8962_E4,acrB,NIT,199.295833333333,36.854653614348
8962_E4,acrB,NIT,203.580555555556,43.2098484155795
8962_E4,acrB,NIT,207.826111111111,51.3896310186969
8962_E4,acrB,NIT,212.075555555556,60.0755403552478
8962_E4,acrB,NIT,216.615277777778,67.5707223495142
8962_E4,acrB,NIT,222.228888888889,72.7955033546554
8962_E4,acrB,NIT,226.541388888889,75.8831385985299
8962_E4,acrB,NIT,230.729166666667,77.7615864802387
8962_E4,acrB,NIT,234.915,79.4180780697397
8962_E4,acrB,NIT,239.129444444444,81.7448847715194
8962_E4,acrB,NIT,244.746944444444,85.6028645495772
8962_E4,acrB,NIT,249.022222222222,91.264530806553
8962_E4,acrB,NIT,253.286111111111,97.690172788498
8962_E4,acrB,NIT,257.594722222222,102.914680534003
8962_E4,acrB,NIT,261.768611111111,105.573062631325
8962_E4,acrB,NIT,266.011944444445,106.077296163916
8962_E4,acrB,NIT,271.437222222222,106.199042965452
8962_E4,acrB,NIT,275.698055555556,107.416386168084
8962_E4,acrB,NIT,279.951111111111,109.719673375827
8962_E2,hns,NIT,0.0,0.133564392563108
8962_E2,hns,NIT,6.39666666666667,0.223400769514539
8962_E2,hns,NIT,10.7102777777778,0.31763222004752
8962_E2,hns,NIT,14.9291666666667,0.403158063910096
8962_E2,hns,NIT,19.1480555555556,0.478053354214787
8962_E2,hns,NIT,23.3972222222222,0.547190769595042
8962_E2,hns,NIT,28.6622222222222,0.615240527470587
8962_E2,hns,NIT,32.915,0.683784715107793
8962_E2,hns,NIT,37.1652777777778,0.752031446163555
8962_E2,hns,NIT,41.4152777777778,0.818621274153606
8962_E2,hns,NIT,45.6675,0.882262374042584
8962_E2,hns,NIT,49.9255555555556,0.941164090389834
8962_E2,hns,NIT,55.5872222222222,0.993596412165716
8962_E2,hns,NIT,59.8366666666667,1.03963433506811
8962_E2,hns,NIT,64.1005555555556,1.08151754232579
8962_E2,hns,NIT,68.3677777777778,1.12245026746115
8962_E2,hns,NIT,72.6377777777778,1.16587944159384
8962_E2,hns,NIT,78.46,1.21510288591196
8962_E2,hns,NIT,82.6366666666667,1.27271871279308
8962_E2,hns,NIT,86.8422222222222,1.34113692690052
8962_E2,hns,NIT,91.0677777777778,1.42339415995846
8962_E2,hns,NIT,95.2880555555556,1.52172041897852
8962_E2,hns,NIT,100.901388888889,1.63456951565365
8962_E2,hns,NIT,105.230277777778,1.75528863215537
8962_E2,hns,NIT,109.413333333333,1.8743419720824
8962_E2,hns,NIT,113.628611111111,1.9838658122795
8962_E2,hns,NIT,117.856111111111,2.08123007758876
8962_E2,hns,NIT,122.069722222222,2.17046513134702
8962_E2,hns,NIT,127.58,2.2606154677962
8962_E2,hns,NIT,131.899722222222,2.35862847629177
8962_E2,hns,NIT,136.121111111111,2.46304577988687
8962_E2,hns,NIT,140.318333333333,2.56946862099266
8962_E2,hns,NIT,144.551111111111,2.68127475814522
8962_E2,hns,NIT,150.185833333333,2.80765912229063
8962_E2,hns,NIT,154.576666666667,2.95218178732376
8962_E2,hns,NIT,158.772222222222,3.11128390098755
8962_E2,hns,NIT,162.951111111111,3.28233425023047
8962_E2,hns,NIT,167.190555555556,3.46451975280082
8962_E2,hns,NIT,172.798333333333,3.65470026713212
8962_E2,hns,NIT,177.118055555556,3.85344975257597
8962_E2,hns,NIT,181.352222222222,4.07827698212229
8962_E2,hns,NIT,185.5925,4.3695409048709
8962_E2,hns,NIT,189.8675,4.78689433886837
8962_E2,hns,NIT,195.016388888889,5.39852434535597
8962_E2,hns,NIT,199.295833333333,6.25577343605544
8962_E2,hns,NIT,203.580555555556,7.3586256510603
8962_E2,hns,NIT,207.826111111111,8.64202296241363
8962_E2,hns,NIT,212.075555555556,9.99823886924131
8962_E2,hns,NIT,216.615277777778,11.3167101280126
8962_E2,hns,NIT,222.228888888889,12.5185658353241
8962_E2,hns,NIT,226.541388888889,13.5744144871694
8962_E2,hns,NIT,230.729166666667,14.5007115341505
8962_E2,hns,NIT,234.915,15.3438750859886
8962_E2,hns,NIT,239.129444444444,16.1675665106397
8962_E2,hns,NIT,244.746944444444,17.0399505052986
8962_E2,hns,NIT,249.022222222222,18.0052529594825
8962_E2,hns,NIT,253.286111111111,19.0503811012573
8962_E2,hns,NIT,257.594722222222,20.1070254231203
8962_E2,hns,NIT,261.768611111111,21.1024761599966
8962_E2,hns,NIT,266.011944444445,22.0120799909541
8962_E2,hns,NIT,271.437222222222,22.851032744527
8962_E2,hns,NIT,275.698055555556,23.6109749417242
8962_E2,hns,NIT,279.951111111111,24.2297787809279
8962_H1,fis,NIT,0.0,0.147007449138075
8962_H1,fis,NIT,6.39666666666667,0.255672785440611
8962_H1,fis,NIT,10.7102777777778,0.38257110311858
8962_H1,fis,NIT,14.9291666666667,0.515961877561641
8962_H1,fis,NIT,19.1480555555556,0.652997568724762
8962_H1,fis,NIT,23.3972222222222,0.799631209241904
8962_H1,fis,NIT,28.6622222222222,0.968077217287271
8962_H1,fis,NIT,32.915,1.16989096317
8962_H1,fis,NIT,37.1652777777778,1.40330310017638
8962_H1,fis,NIT,41.4152777777778,1.64387019874559
8962_H1,fis,NIT,45.6675,1.8456662603514
8962_H1,fis,NIT,49.9255555555556,1.95217016559423
8962_H1,fis,NIT,55.5872222222222,1.91533680182198
8962_H1,fis,NIT,59.8366666666667,1.71979235590801
8962_H1,fis,NIT,64.1005555555556,1.400062419244
8962_H1,fis,NIT,68.3677777777778,1.03613699503958
8962_H1,fis,NIT,72.6377777777778,0.729707902465026
8962_H1,fis,NIT,78.46,0.573261331657893
8962_H1,fis,NIT,82.6366666666667,0.612419907930239
8962_H1,fis,NIT,86.8422222222222,0.817831867254452
8962_H1,fis,NIT,91.0677777777778,1.10851148981156
8962_H1,fis,NIT,95.2880555555556,1.4155300522851
8962_H1,fis,NIT,100.901388888889,1.71525838757767
8962_H1,fis,NIT,105.230277777778,2.00822500923429
8962_H1,fis,NIT,109.413333333333,2.28840894883613
8962_H1,fis,NIT,113.628611111111,2.53868601482747
8962_H1,fis,NIT,117.856111111111,2.7466065128015
8962_H1,fis,NIT,122.069722222222,2.91956038414736
8962_H1,fis,NIT,127.58,3.08287274842632
8962_H1,fis,NIT,131.899722222222,3.25772482234381
8962_H1,fis,NIT,136.121111111111,3.43980367976237
8962_H1,fis,NIT,140.318333333333,3.60681327548113
8962_H1,fis,NIT,144.551111111111,3.75039445215074
8962_H1,fis,NIT,150.185833333333,3.89471911989181
8962_H1,fis,NIT,154.576666666667,4.07840290089859
8962_H1,fis,NIT,158.772222222222,4.31916375251543
8962_H1,fis,NIT,162.951111111111,4.59675335494539
8962_H1,fis,NIT,167.190555555556,4.86576406776853
8962_H1,fis,NIT,172.798333333333,5.08280922789224
8962_H1,fis,NIT,177.118055555556,5.22624849205946
8962_H1,fis,NIT,181.352222222222,5.29852338851883
8962_H1,fis,NIT,185.5925,5.32094213462426
8962_H1,fis,NIT,189.8675,5.33531104663214
8962_H1,fis,NIT,195.016388888889,5.4062987591301
8962_H1,fis,NIT,199.295833333333,5.60439110375069
8962_H1,fis,NIT,203.580555555556,5.97131699485849
8962_H1,fis,NIT,207.826111111111,6.49662563054308
8962_H1,fis,NIT,212.075555555556,7.12207897807093
8962_H1,fis,NIT,216.615277777778,7.76387189775077
8962_H1,fis,NIT,222.228888888889,8.34056004734639
8962_H1,fis,NIT,226.541388888889,8.79754004493953
8962_H1,fis,NIT,230.729166666667,9.11789058655264
8962_H1,fis,NIT,234.915,9.32645272757962
8962_H1,fis,NIT,239.129444444444,9.50131717999359
8962_H1,fis,NIT,244.746944444444,9.77988442579049
8962_H1,fis,NIT,249.022222222222,10.3291720983308
8962_H1,fis,NIT,253.286111111111,11.2769518261867
8962_H1,fis,NIT,257.594722222222,12.6449765858234
8962_H1,fis,NIT,261.768611111111,14.3438344900541
8962_H1,fis,NIT,266.011944444445,16.2353965598319
8962_H1,fis,NIT,271.437222222222,18.1758557252434
8962_H1,fis,NIT,275.698055555556,19.9847700381494
8962_H1,fis,NIT,279.951111111111,21.4427580029692
8963_F9,tolC,NIT,0.0,0.150438779983173
8963_F9,tolC,NIT,6.79972222222222,0.265924388632579
8963_F9,tolC,NIT,11.0205555555556,0.407906952570188
8963_F9,tolC,NIT,15.2397222222222,0.569511373704085
8963_F9,tolC,NIT,19.4583333333333,0.752031103070929
8963_F9,tolC,NIT,23.7297222222222,0.961297554797289
8963_F9,tolC,NIT,29.0836111111111,1.20118996481513
8963_F9,tolC,NIT,33.3519444444444,1.46768786054554
8963_F9,tolC,NIT,37.6030555555556,1.74475737603065
8963_F9,tolC,NIT,41.8527777777778,2.00655912387433
8963_F9,tolC,NIT,46.1052777777778,2.22717981256571
8963_F9,tolC,NIT,50.3641666666667,2.39195600683032
8963_F9,tolC,NIT,55.9927777777778,2.50177688903949
8963_F9,tolC,NIT,60.2583333333333,2.56697741789421
8963_F9,tolC,NIT,64.5408333333333,2.59886393988914
8963_F9,tolC,NIT,68.81,2.6088392277592
8963_F9,tolC,NIT,73.0797222222222,2.61091700492289
8963_F9,tolC,NIT,78.8638888888889,2.61655102882998
8963_F9,tolC,NIT,83.095,2.62771162460438
8963_F9,tolC,NIT,87.3130555555556,2.64441970035902
8963_F9,tolC,NIT,91.5338888888889,2.67918524594845
8963_F9,tolC,NIT,95.7522222222222,2.75110828143698
8963_F9,tolC,NIT,101.3175,2.86062654208629
8963_F9,tolC,NIT,105.475555555556,2.98194649623504
8963_F9,tolC,NIT,109.693055555556,3.08962658144604
8963_F9,tolC,NIT,113.906944444444,3.18624966052074
8963_F9,tolC,NIT,118.101666666667,3.29768358448764
8963_F9,tolC,NIT,122.349166666667,3.44688638645343
8963_F9,tolC,NIT,127.982222222222,3.63645992032483
8963_F9,tolC,NIT,132.209444444444,3.85157599278484
8963_F9,tolC,NIT,136.421666666667,4.07698724731234
8963_F9,tolC,NIT,140.590277777778,4.31364574034694
8963_F9,tolC,NIT,144.823611111111,4.57977690601838
8963_F9,tolC,NIT,150.583333333333,4.89659607549417
8963_F9,tolC,NIT,154.769444444444,5.27891891576585
8963_F9,tolC,NIT,158.965833333333,5.74435085985665
8963_F9,tolC,NIT,163.131666666667,6.32299089148693
8963_F9,tolC,NIT,167.385555555556,7.04059905380491
8963_F9,tolC,NIT,173.255,7.88200760913684
8963_F9,tolC,NIT,177.425833333333,8.77097178150373
8963_F9,tolC,NIT,181.671944444444,9.59211658748147
8963_F9,tolC,NIT,185.901666666667,10.243991028532
8963_F9,tolC,NIT,190.196111111111,10.6770154289581
8963_F9,tolC,NIT,195.434166666667,10.887775569624
8963_F9,tolC,NIT,199.737777777778,10.9016568886865
8963_F9,tolC,NIT,204.021666666667,10.7773240491834
8963_F9,tolC,NIT,208.267222222222,10.6057576881396
8963_F9,tolC,NIT,212.515833333333,10.4770593387069
8963_F9,tolC,NIT,217.044444444445,10.4435808800003
8963_F9,tolC,NIT,222.6325,10.502637560738
8963_F9,tolC,NIT,226.853333333333,10.59416497479
8963_F9,tolC,NIT,231.01,10.6304493009094
8963_F9,tolC,NIT,235.195277777778,10.5675330063782
8963_F9,tolC,NIT,239.442222222222,10.4561273311745
8963_F9,tolC,NIT,245.159166666667,10.3994971031273
8963_F9,tolC,NIT,249.465277777778,10.4512622240244
8963_F9,tolC,NIT,253.730277777778,10.5665958052439
8963_F9,tolC,NIT,258.034166666667,10.6575950402121
8963_F9,tolC,NIT,262.285277777778,10.6791467113214
8963_F9,tolC,NIT,266.531388888889,10.6499343360963
8963_F9,tolC,NIT,271.880555555556,10.6079417089697
8963_F9,tolC,NIT,276.139166666667,10.5712866118275
8963_F9,tolC,NIT,280.391944444444,10.5407448790991
8963_D6,dnaK,NIT,0.0,0.143087789566982
8963_D6,dnaK,NIT,6.79972222222222,0.246417998269461
8963_D6,dnaK,NIT,11.0205555555556,0.364740868537682
8963_D6,dnaK,NIT,15.2397222222222,0.487157973680042
8963_D6,dnaK,NIT,19.4583333333333,0.611992108451674
8963_D6,dnaK,NIT,23.7297222222222,0.743070716822543
8963_D6,dnaK,NIT,29.0836111111111,0.883975402839389
8963_D6,dnaK,NIT,33.3519444444444,1.03456713517911
8963_D6,dnaK,NIT,37.6030555555556,1.18951304515553
8963_D6,dnaK,NIT,41.8527777777778,1.33969338596483
8963_D6,dnaK,NIT,46.1052777777778,1.47533286592965
8963_D6,dnaK,NIT,50.3641666666667,1.58794841070626
8963_D6,dnaK,NIT,55.9927777777778,1.67130442064815
8963_D6,dnaK,NIT,60.2583333333333,1.7233018387635
8963_D6,dnaK,NIT,64.5408333333333,1.74867681711009
8963_D6,dnaK,NIT,68.81,1.7596567177289
8963_D6,dnaK,NIT,73.0797222222222,1.77217020322666
8963_D6,dnaK,NIT,78.8638888888889,1.79901199736903
8963_D6,dnaK,NIT,83.095,1.8451525285651
8963_D6,dnaK,NIT,87.3130555555556,1.90979025641332
8963_D6,dnaK,NIT,91.5338888888889,1.99221566908962
8963_D6,dnaK,NIT,95.7522222222222,2.09307368289511
8963_D6,dnaK,NIT,101.3175,2.20953441644405
8963_D6,dnaK,NIT,105.475555555556,2.33270581725903
8963_D6,dnaK,NIT,109.693055555556,2.45404697839996
8963_D6,dnaK,NIT,113.906944444444,2.57582595382208
8963_D6,dnaK,NIT,118.101666666667,2.71296938485745
8963_D6,dnaK,NIT,122.349166666667,2.88081537092623
8963_D6,dnaK,NIT,127.982222222222,3.07655027614623
8963_D6,dnaK,NIT,132.209444444444,3.27183815693107
8963_D6,dnaK,NIT,136.421666666667,3.43074664732813
8963_D6,dnaK,NIT,140.590277777778,3.53963974819191
8963_D6,dnaK,NIT,144.823611111111,3.61524649678748
8963_D6,dnaK,NIT,150.583333333333,3.68125681098973
8963_D6,dnaK,NIT,154.769444444444,3.74261800830745
8963_D6,dnaK,NIT,158.965833333333,3.78643050345898
8963_D6,dnaK,NIT,163.131666666667,3.80205197719321
8963_D6,dnaK,NIT,167.385555555556,3.79003195623358
8963_D6,dnaK,NIT,173.255,3.75100975446584
8963_D6,dnaK,NIT,177.425833333333,3.67797334147477
8963_D6,dnaK,NIT,181.671944444444,3.5694715903325
8963_D6,dnaK,NIT,185.901666666667,3.44913844387122
8963_D6,dnaK,NIT,190.196111111111,3.36403455398309
8963_D6,dnaK,NIT,195.434166666667,3.35849120303611
8963_D6,dnaK,NIT,199.737777777778,3.44760621182428
8963_D6,dnaK,NIT,204.021666666667,3.61249044535164
8963_D6,dnaK,NIT,208.267222222222,3.81724523530788
8963_D6,dnaK,NIT,212.515833333333,4.03068913594027
8963_D6,dnaK,NIT,217.044444444445,4.23471246780545
8963_D6,dnaK,NIT,222.6325,4.4160317955905
8963_D6,dnaK,NIT,226.853333333333,4.5580480654065
8963_D6,dnaK,NIT,231.01,4.64990962271055
8963_D6,dnaK,NIT,235.195277777778,4.70483788182367
8963_D6,dnaK,NIT,239.442222222222,4.76155039070442
8963_D6,dnaK,NIT,245.159166666667,4.8600268399098
8963_D6,dnaK,NIT,249.465277777778,5.01359043149428
8963_D6,dnaK,NIT,253.730277777778,5.20355794374349
8963_D6,dnaK,NIT,258.034166666667,5.39766120114704
8963_D6,dnaK,NIT,262.285277777778,5.568352302919
8963_D6,dnaK,NIT,266.531388888889,5.69365541498006
8963_D6,dnaK,NIT,271.880555555556,5.75347221430884
8963_D6,dnaK,NIT,276.139166666667,5.74145770118966
8963_D6,dnaK,NIT,280.391944444444,5.68031188843585
8963_E4,acrB,NIT,0.0,0.151786079223444
8963_E4,acrB,NIT,6.79972222222222,0.265875278082304
8963_E4,acrB,NIT,11.0205555555556,0.401129864375556
8963_E4,acrB,NIT,15.2397222222222,0.547322122311696
8963_E4,acrB,NIT,19.4583333333333,0.705299103764813
8963_E4,acrB,NIT,23.7297222222222,0.884367493318426
8963_E4,acrB,NIT,29.0836111111111,1.0948407921908
8963_E4,acrB,NIT,33.3519444444444,1.34202724554047
8963_E4,acrB,NIT,37.6030555555556,1.62275653450023
8963_E4,acrB,NIT,41.8527777777778,1.92349918995221
8963_E4,acrB,NIT,46.1052777777778,2.21993614765725
8963_E4,acrB,NIT,50.3641666666667,2.4816428836072
8963_E4,acrB,NIT,55.9927777777778,2.68311274196033
8963_E4,acrB,NIT,60.2583333333333,2.81297035588326
8963_E4,acrB,NIT,64.5408333333333,2.87577297541596
8963_E4,acrB,NIT,68.81,2.89183504439972
8963_E4,acrB,NIT,73.0797222222222,2.8958575572778
8963_E4,acrB,NIT,78.8638888888889,2.9241863543863
8963_E4,acrB,NIT,83.095,2.99328859164562
8963_E4,acrB,NIT,87.3130555555556,3.09418865294876
8963_E4,acrB,NIT,91.5338888888889,3.21544870864003
8963_E4,acrB,NIT,95.7522222222222,3.36732898669652
8963_E4,acrB,NIT,101.3175,3.57315621124508
8963_E4,acrB,NIT,105.475555555556,3.83698946683621
8963_E4,acrB,NIT,109.693055555556,4.12669810097075
8963_E4,acrB,NIT,113.906944444444,4.39048220104152
8963_E4,acrB,NIT,118.101666666667,4.59195861511006
8963_E4,acrB,NIT,122.349166666667,4.73807082791899
8963_E4,acrB,NIT,127.982222222222,4.88185225325787
8963_E4,acrB,NIT,132.209444444444,5.10867450786872
8963_E4,acrB,NIT,136.421666666667,5.52914019648539
8963_E4,acrB,NIT,140.590277777778,6.27709872837767
8963_E4,acrB,NIT,144.823611111111,7.49876398078692
8963_E4,acrB,NIT,150.583333333333,9.33087813767875
8963_E4,acrB,NIT,154.769444444444,11.850793676569
8963_E4,acrB,NIT,158.965833333333,14.9912215342574
8963_E4,acrB,NIT,163.131666666667,18.4981990793693
8963_E4,acrB,NIT,167.385555555556,22.037186207671
8963_E4,acrB,NIT,173.255,25.4295029321322
8963_E4,acrB,NIT,177.425833333333,28.8306150509821
8963_E4,acrB,NIT,181.671944444444,32.6664061183527
8963_E4,acrB,NIT,185.901666666667,37.4005167566501
8963_E4,acrB,NIT,190.196111111111,43.3696313312347
8963_E4,acrB,NIT,195.434166666667,50.6730294913312
8963_E4,acrB,NIT,199.737777777778,58.9036850803303
8963_E4,acrB,NIT,204.021666666667,66.8780392739757
8963_E4,acrB,NIT,208.267222222222,72.897400706638
8963_E4,acrB,NIT,212.515833333333,75.7333221080596
8963_E4,acrB,NIT,217.044444444445,75.7293749667775
8963_E4,acrB,NIT,222.6325,74.8838315736497
8963_E4,acrB,NIT,226.853333333333,75.4057458797012
8963_E4,acrB,NIT,231.01,77.9756392744632
8963_E4,acrB,NIT,235.195277777778,81.5448084514446
8963_E4,acrB,NIT,239.442222222222,84.7104781666949
8963_E4,acrB,NIT,245.159166666667,86.9889761115886
8963_E4,acrB,NIT,249.465277777778,88.8244504279473
8963_E4,acrB,NIT,253.730277777778,90.713404096676
8963_E4,acrB,NIT,258.034166666667,92.5527765211511
8963_E4,acrB,NIT,262.285277777778,93.7618594372271
8963_E4,acrB,NIT,266.531388888889,93.8638446089265
8963_E4,acrB,NIT,271.880555555556,92.9870650153696
8963_E4,acrB,NIT,276.139166666667,91.8554538441356
8963_E4,acrB,NIT,280.391944444444,91.1791462119871
8963_E2,hns,NIT,0.0,0.129976070040923
8963_E2,hns,NIT,6.79972222222222,0.215275822936382
8963_E2,hns,NIT,11.0205555555556,0.302642903704355
8963_E2,hns,NIT,15.2397222222222,0.379730393936701
8963_E2,hns,NIT,19.4583333333333,0.445606089215169
8963_E2,hns,NIT,23.7297222222222,0.505856982209568
8963_E2,hns,NIT,29.0836111111111,0.565980888775964
8963_E2,hns,NIT,33.3519444444444,0.628739277496702
8963_E2,hns,NIT,37.6030555555556,0.693991802047761
8963_E2,hns,NIT,41.8527777777778,0.759783048673216
8963_E2,hns,NIT,46.1052777777778,0.824145126352653
8963_E2,hns,NIT,50.3641666666667,0.886473586495543
8963_E2,hns,NIT,55.9927777777778,0.947563155503654
8963_E2,hns,NIT,60.2583333333333,1.0078433087134
8963_E2,hns,NIT,64.5408333333333,1.06522727554256
8963_E2,hns,NIT,68.81,1.11532772770632
8963_E2,hns,NIT,73.0797222222222,1.15553787533339
8963_E2,hns,NIT,78.8638888888889,1.19115752768227
8963_E2,hns,NIT,83.095,1.23749120122378
8963_E2,hns,NIT,87.3130555555556,1.31153583985441
8963_E2,hns,NIT,91.5338888888889,1.41688744327622
8963_E2,hns,NIT,95.7522222222222,1.53699350532928
8963_E2,hns,NIT,101.3175,1.64664148051418
8963_E2,hns,NIT,105.475555555556,1.73042986187453
8963_E2,hns,NIT,109.693055555556,1.78863287973946
8963_E2,hns,NIT,113.906944444444,1.82909716389301
8963_E2,hns,NIT,118.101666666667,1.85913789386498
8963_E2,hns,NIT,122.349166666667,1.88423095759607
8963_E2,hns,NIT,127.982222222222,1.90986469265376
8963_E2,hns,NIT,132.209444444444,1.94311674602566
8963_E2,hns,NIT,136.421666666667,1.9925549901371
8963_E2,hns,NIT,140.590277777778,2.06511830199014
8963_E2,hns,NIT,144.823611111111,2.16304136761099
8963_E2,hns,NIT,150.583333333333,2.28560853435675
8963_E2,hns,NIT,154.769444444444,2.43273171565157
8963_E2,hns,NIT,158.965833333333,2.60415024523863
8963_E2,hns,NIT,163.131666666667,2.79707317528654
8963_E2,hns,NIT,167.385555555556,3.00785743624834
8963_E2,hns,NIT,173.255,3.23356729014968
8963_E2,hns,NIT,177.425833333333,3.46834406884549
8963_E2,hns,NIT,181.671944444444,3.70345405261085
8963_E2,hns,NIT,185.901666666667,3.94236263683075
8963_E2,hns,NIT,190.196111111111,4.22247628374934
8963_E2,hns,NIT,195.434166666667,4.62329286203067
8963_E2,hns,NIT,199.737777777778,5.24969798583037
8963_E2,hns,NIT,204.021666666667,6.19056001915235
8963_E2,hns,NIT,208.267222222222,7.46804146414923
8963_E2,hns,NIT,212.515833333333,9.02090745170627
8963_E2,hns,NIT,217.044444444445,10.7524892600931
8963_E2,hns,NIT,222.6325,12.5888261995404
8963_E2,hns,NIT,226.853333333333,14.4540682313207
8963_E2,hns,NIT,231.01,16.2082987081507
8963_E2,hns,NIT,235.195277777778,17.7087039213016
8963_E2,hns,NIT,239.442222222222,18.9706314286541
8963_E2,hns,NIT,245.159166666667,20.172946079995
8963_E2,hns,NIT,249.465277777778,21.4494655771367
8963_E2,hns,NIT,253.730277777778,22.7608661106994
8963_E2,hns,NIT,258.034166666667,24.0193899606866
8963_E2,hns,NIT,262.285277777778,25.2538499602453
8963_E2,hns,NIT,266.531388888889,26.5896800586549
8963_E2,hns,NIT,271.880555555556,28.0938603328235
8963_E2,hns,NIT,276.139166666667,29.6580663740566
8963_E2,hns,NIT,280.391944444444,31.0328472294273
8963_H1,fis,NIT,0.0,0.144658082814799
8963_H1,fis,NIT,6.79972222222222,0.250760356396422
8963_H1,fis,NIT,11.0205555555556,0.374809994462181
8963_H1,fis,NIT,15.2397222222222,0.507694300896118
8963_H1,fis,NIT,19.4583333333333,0.650077633126753
8963_H1,fis,NIT,23.7297222222222,0.808456719313413
8963_H1,fis,NIT,29.0836111111111,0.989244111015909
8963_H1,fis,NIT,33.3519444444444,1.19473747632735
8963_H1,fis,NIT,37.6030555555556,1.4181427059715
8963_H1,fis,NIT,41.8527777777778,1.63880032715298
8963_H1,fis,NIT,46.1052777777778,1.82309399910518
8963_H1,fis,NIT,50.3641666666667,1.93302890447238
8963_H1,fis,NIT,55.9927777777778,1.9380077853177
8963_H1,fis,NIT,60.2583333333333,1.82713967497423
8963_H1,fis,NIT,64.5408333333333,1.62444658617512
8963_H1,fis,NIT,68.81,1.39593086244907
8963_H1,fis,NIT,73.0797222222222,1.22681947082789
8963_H1,fis,NIT,78.8638888888889,1.17824550633479
8963_H1,fis,NIT,83.095,1.26377282144646
8963_H1,fis,NIT,87.3130555555556,1.46179246901011
8963_H1,fis,NIT,91.5338888888889,1.74090968954399
8963_H1,fis,NIT,95.7522222222222,2.07387613444632
8963_H1,fis,NIT,101.3175,2.431329347262
8963_H1,fis,NIT,105.475555555556,2.7594792557035
8963_H1,fis,NIT,109.693055555556,2.96899829751597
8963_H1,fis,NIT,113.906944444444,2.97577629231675
8963_H1,fis,NIT,118.101666666667,2.78565136558489
8963_H1,fis,NIT,122.349166666667,2.53551677262591
8963_H1,fis,NIT,127.982222222222,2.41997861589692
8963_H1,fis,NIT,132.209444444444,2.56710795328791
8963_H1,fis,NIT,136.421666666667,2.99063778113189
8963_H1,fis,NIT,140.590277777778,3.64391544719105
8963_H1,fis,NIT,144.823611111111,4.49553188749564
8963_H1,fis,NIT,150.583333333333,5.55740690225467
8963_H1,fis,NIT,154.769444444444,6.85479749866164
8963_H1,fis,NIT,158.965833333333,8.37408862396678
8963_H1,fis,NIT,163.131666666667,10.0455883059442
8963_H1,fis,NIT,167.385555555556,11.788580604327
8963_H1,fis,NIT,173.255,13.5661406182811
8963_H1,fis,NIT,177.425833333333,15.3625019183881
8963_H1,fis,NIT,181.671944444444,17.1004570550952
8963_H1,fis,NIT,185.901666666667,18.6346485450487
8963_H1,fis,NIT,190.196111111111,19.8886516801209
8963_H1,fis,NIT,195.434166666667,21.0086928945277
8963_H1,fis,NIT,199.737777777778,22.316583177348
8963_H1,fis,NIT,204.021666666667,24.0151923112499
8963_H1,fis,NIT,208.267222222222,25.925347898388
8963_H1,fis,NIT,212.515833333333,27.5770513752847
8963_H1,fis,NIT,217.044444444445,28.615704967464
8963_H1,fis,NIT,222.6325,29.165104728373
8963_H1,fis,NIT,226.853333333333,29.802041195326
8963_H1,fis,NIT,231.01,31.1250013873185
8963_H1,fis,NIT,235.195277777778,33.3206507237568
8963_H1,fis,NIT,239.442222222222,36.1409633732628
8963_H1,fis,NIT,245.159166666667,39.2171835979419
8963_H1,fis,NIT,249.465277777778,42.3147518890588
8963_H1,fis,NIT,253.730277777778,45.3466440487307
8963_H1,fis,NIT,258.034166666667,48.2670593171242
8963_H1,fis,NIT,262.285277777778,50.9692585057156
8963_H1,fis,NIT,266.531388888889,53.2459045509819
8963_H1,fis,NIT,271.880555555556,54.8889638775268
8963_H1,fis,NIT,276.139166666667,55.8668009849111
8963_H1,fis,NIT,280.391944444444,56.3536698236511
8964_G4,hfq,NIT,0.0,0.144722562344333
8964_G4,hfq,NIT,5.87722222222222,0.251716573148157
8964_G4,hfq,NIT,10.0925,0.378692447629938
8964_G4,hfq,NIT,14.3108333333333,0.517487914230904
8964_G4,hfq,NIT,18.53,0.66758331537745
8964_G4,hfq,NIT,22.7547222222222,0.831472557864177
8964_G4,hfq,NIT,28.1169444444445,1.00972998977635
8964_G4,hfq,NIT,32.3669444444444,1.19687109253955
8964_G4,hfq,NIT,36.6166666666667,1.37548627573117
8964_G4,hfq,NIT,40.8672222222222,1.5169604569133
8964_G4,hfq,NIT,45.1211111111111,1.59846283894215
8964_G4,hfq,NIT,49.3788888888889,1.62781880285378
8964_G4,hfq,NIT,55.0227777777778,1.6515410555483
8964_G4,hfq,NIT,59.2663888888889,1.73064799367202
8964_G4,hfq,NIT,63.5575,1.90000744162792
8964_G4,hfq,NIT,67.8272222222222,2.1455760820826
8964_G4,hfq,NIT,72.0980555555556,2.41749542631149
8964_G4,hfq,NIT,77.9625,2.66263281660724
8964_G4,hfq,NIT,82.1733333333333,2.84909649683634
8964_G4,hfq,NIT,86.3922222222222,2.97854842634687
8964_G4,hfq,NIT,90.6125,3.09427332117828
8964_G4,hfq,NIT,94.8305555555556,3.27513898368193
8964_G4,hfq,NIT,100.296944444444,3.6092916979983
8964_G4,hfq,NIT,104.503333333333,4.16794796810326
8964_G4,hfq,NIT,108.686666666667,4.99330241927569
8964_G4,hfq,NIT,112.888055555556,6.08546529871897
8964_G4,hfq,NIT,117.111388888889,7.3838120485061
8964_G4,hfq,NIT,121.345,8.77087094965969
8964_G4,hfq,NIT,127.061944444444,10.1090468556644
8964_G4,hfq,NIT,131.258888888889,11.2812805309621
8964_G4,hfq,NIT,135.500555555556,12.2317369851498
8964_G4,hfq,NIT,139.683611111111,13.0307297385057
8964_G4,hfq,NIT,143.934166666667,13.9201294844267
8964_G4,hfq,NIT,149.627222222222,15.2408856354043
8964_G4,hfq,NIT,153.796944444444,17.2286954444379
8964_G4,hfq,NIT,157.986388888889,19.8046493652754
8964_G4,hfq,NIT,162.151388888889,22.5402245362471
8964_G4,hfq,NIT,166.404166666667,24.8805608546484
8964_G4,hfq,NIT,172.239444444444,26.5009600649255
8964_G4,hfq,NIT,176.508055555556,27.5033539137273
8964_G4,hfq,NIT,180.758055555556,28.2610970683453
8964_G4,hfq,NIT,184.983055555556,29.0785904565554
8964_G4,hfq,NIT,189.235833333333,30.0450578249581
8964_G4,hfq,NIT,194.513333333333,31.2090911366596
8964_G4,hfq,NIT,198.756666666667,32.7841931934795
8964_G4,hfq,NIT,203.039722222222,35.064044514675
8964_G4,hfq,NIT,207.284444444444,38.0947917637678
8964_G4,hfq,NIT,211.5325,41.4942028231338
8964_G4,hfq,NIT,216.125833333333,44.7004436704439
8964_G4,hfq,NIT,221.618333333333,47.4175219062285
8964_G4,hfq,NIT,225.906111111111,49.750781905362
8964_G4,hfq,NIT,230.099166666667,51.8962641585466
8964_G4,hfq,NIT,234.284722222222,53.7994308704875
8964_G4,hfq,NIT,238.496944444444,55.2244144398456
8964_G4,hfq,NIT,244.209722222222,56.1469464486174
8964_G4,hfq,NIT,248.445,56.9762096326441
8964_G4,hfq,NIT,252.711666666667,58.311824292512
8964_G4,hfq,NIT,257.119722222222,60.4662903790389
8964_G4,hfq,NIT,261.316666666667,63.1978227407651
8964_G4,hfq,NIT,265.56,65.8574926129027
8964_G4,hfq,NIT,270.915,67.8244906642107
8964_G4,hfq,NIT,275.156666666667,68.9047678882994
8964_G4,hfq,NIT,279.408055555556,69.3464532214869
8964_C7,lon,NIT,0.0,0.160480694113885
8964_C7,lon,NIT,5.87722222222222,0.288710149628638
8964_C7,lon,NIT,10.0925,0.45233683178178
8964_C7,lon,NIT,14.3108333333333,0.647801705697704
8964_C7,lon,NIT,18.53,0.881589069092367
8964_C7,lon,NIT,22.7547222222222,1.16614954543
8964_C7,lon,NIT,28.1169444444445,1.50977577688633
8964_C7,lon,NIT,32.3669444444444,1.90315379273934
8964_C7,lon,NIT,36.6166666666667,2.30642280301228
8964_C7,lon,NIT,40.8672222222222,2.65106928848065
8964_C7,lon,NIT,45.1211111111111,2.87093989264838
8964_C7,lon,NIT,49.3788888888889,2.95086920094205
8964_C7,lon,NIT,55.0227777777778,2.9482317556333
8964_C7,lon,NIT,59.2663888888889,2.95695762527986
8964_C7,lon,NIT,63.5575,3.04683143454493
8964_C7,lon,NIT,67.8272222222222,3.23363085399046
8964_C7,lon,NIT,72.0980555555556,3.48920594070827
8964_C7,lon,NIT,77.9625,3.76650058541745
8964_C7,lon,NIT,82.1733333333333,4.0246900321725
8964_C7,lon,NIT,86.3922222222222,4.24666779273264
8964_C7,lon,NIT,90.6125,4.43757968309119
8964_C7,lon,NIT,94.8305555555556,4.61087776776608
8964_C7,lon,NIT,100.296944444444,4.78798896018439
8964_C7,lon,NIT,104.503333333333,5.01264324317327
8964_C7,lon,NIT,108.686666666667,5.34516652354156
8964_C7,lon,NIT,112.888055555556,5.82030930589422
8964_C7,lon,NIT,117.111388888889,6.40641914007367
8964_C7,lon,NIT,121.345,7.01555643477487
8964_C7,lon,NIT,127.061944444444,7.5604969667584
8964_C7,lon,NIT,131.258888888889,8.00143643980697
8964_C7,lon,NIT,135.500555555556,8.33965746877496
8964_C7,lon,NIT,139.683611111111,8.57987468073537
8964_C7,lon,NIT,143.934166666667,8.72719656791782
8964_C7,lon,NIT,149.627222222222,8.8408963829648
8964_C7,lon,NIT,153.796944444444,9.06116798982736
8964_C7,lon,NIT,157.986388888889,9.52045949339014
8964_C7,lon,NIT,162.151388888889,10.2146723125994
8964_C7,lon,NIT,166.404166666667,11.0034335940674
8964_C7,lon,NIT,172.239444444444,11.7471236350261
8964_C7,lon,NIT,176.508055555556,12.4084396329653
8964_C7,lon,NIT,180.758055555556,13.0135493830463
8964_C7,lon,NIT,184.983055555556,13.5598917681603
8964_C7,lon,NIT,189.235833333333,14.0182053191785
8964_C7,lon,NIT,194.513333333333,14.4288507242118
8964_C7,lon,NIT,198.756666666667,14.9307491272752
8964_C7,lon,NIT,203.039722222222,15.6388988231269
8964_C7,lon,NIT,207.284444444444,16.5195266828126
8964_C7,lon,NIT,211.5325,17.4124583169532
8964_C7,lon,NIT,216.125833333333,18.1613023158072
8964_C7,lon,NIT,221.618333333333,18.7329868793668
8964_C7,lon,NIT,225.906111111111,19.2262170527252
8964_C7,lon,NIT,230.099166666667,19.742867195567
8964_C7,lon,NIT,234.284722222222,20.2502875633042
8964_C7,lon,NIT,238.496944444444,20.6085713053196
8964_C7,lon,NIT,244.209722222222,20.7498848603401
8964_C7,lon,NIT,248.445,20.7916602332361
8964_C7,lon,NIT,252.711666666667,20.9216188338927
8964_C7,lon,NIT,257.119722222222,21.1974594833959
8964_C7,lon,NIT,261.316666666667,21.4993115759572
8964_C7,lon,NIT,265.56,21.6461030780943
8964_C7,lon,NIT,270.915,21.5572017144938
8964_C7,lon,NIT,275.156666666667,21.3326885670026
8964_C7,lon,NIT,279.408055555556,21.1518388547226
8965_G4,hfq,NIT,0.0,0.144047108585056
8965_G4,hfq,NIT,6.29083333333333,0.249250663376758
8965_G4,hfq,NIT,10.5055555555556,0.371767849791906
8965_G4,hfq,NIT,14.7236111111111,0.502331274696965
8965_G4,hfq,NIT,18.9438888888889,0.641134351024308
8965_G4,hfq,NIT,23.1925,0.793199642933309
8965_G4,hfq,NIT,28.5547222222222,0.960878514993622
8965_G4,hfq,NIT,32.8047222222222,1.1381710017635
8965_G4,hfq,NIT,37.0541666666667,1.30767057238337
8965_G4,hfq,NIT,41.3052777777778,1.44434960032141
8965_G4,hfq,NIT,45.5597222222222,1.53033722109426
8965_G4,hfq,NIT,49.8194444444444,1.57460976100108
8965_G4,hfq,NIT,55.4805555555556,1.61727547892673
8965_G4,hfq,NIT,59.7322222222222,1.70498229895816
8965_G4,hfq,NIT,63.9952777777778,1.85789009951914
8965_G4,hfq,NIT,68.2641666666667,2.06196200838239
8965_G4,hfq,NIT,72.5394444444444,2.28820882411475
8965_G4,hfq,NIT,78.3627777777778,2.51043672343972
8965_G4,hfq,NIT,82.5755555555556,2.70639398747315
8965_G4,hfq,NIT,86.8055555555556,2.85874781311538
8965_G4,hfq,NIT,91.0255555555556,2.97220425603798
8965_G4,hfq,NIT,95.245,3.09062171875133
8965_G4,hfq,NIT,100.8025,3.28855671654435
8965_G4,hfq,NIT,105.005277777778,3.64215413642216
8965_G4,hfq,NIT,109.19,4.20704441872257
8965_G4,hfq,NIT,113.399722222222,5.01281339451142
8965_G4,hfq,NIT,117.616111111111,6.06252061838258
8965_G4,hfq,NIT,121.849722222222,7.33222579079408
8965_G4,hfq,NIT,127.474722222222,8.76496922156881
8965_G4,hfq,NIT,131.670277777778,10.2493407781513
8965_G4,hfq,NIT,135.905277777778,11.6121286662531
8965_G4,hfq,NIT,140.136666666667,12.6760704621599
8965_G4,hfq,NIT,144.379166666667,13.3602034524525
8965_G4,hfq,NIT,150.048055555556,13.7423117945191
8965_G4,hfq,NIT,154.218888888889,14.0466575947198
8965_G4,hfq,NIT,158.427222222222,14.5649219886359
8965_G4,hfq,NIT,162.6325,15.5348202930339
8965_G4,hfq,NIT,166.843611111111,17.0458109578619
8965_G4,hfq,NIT,172.751666666667,19.0334298218581
8965_G4,hfq,NIT,176.953055555556,21.3252097877013
8965_G4,hfq,NIT,181.186944444444,23.6864487084405
8965_G4,hfq,NIT,185.428333333333,25.8973564749631
8965_G4,hfq,NIT,189.651111111111,27.8578669782227
8965_G4,hfq,NIT,194.925833333333,29.6119814375614
8965_G4,hfq,NIT,199.198055555556,31.2543131514238
8965_G4,hfq,NIT,203.48,32.849140295707
8965_G4,hfq,NIT,207.724722222222,34.4591799003257
8965_G4,hfq,NIT,211.971944444444,36.2163725776439
8965_G4,hfq,NIT,216.583611111111,38.3322415691645
8965_G4,hfq,NIT,222.131666666667,41.0200055566864
8965_G4,hfq,NIT,226.313888888889,44.364295966143
8965_G4,hfq,NIT,230.525833333333,48.199541841058
8965_G4,hfq,NIT,234.710833333333,52.0908447355592
8965_G4,hfq,NIT,238.906388888889,55.537676340063
8965_G4,hfq,NIT,244.652777777778,58.350544313763
8965_G4,hfq,NIT,248.878611111111,60.8328298873423
8965_G4,hfq,NIT,253.145277777778,63.4633379603602
8965_G4,hfq,NIT,257.534722222222,66.3663043202142
8965_G4,hfq,NIT,261.759722222222,69.1653902052438
8965_G4,hfq,NIT,266.002222222222,71.3622810093565
8965_G4,hfq,NIT,271.336944444444,72.7973073493383
8965_G4,hfq,NIT,275.634166666667,73.7157491577
8965_G4,hfq,NIT,279.848055555556,74.4270727713609
8965_C7,lon,NIT,0.0,0.159455896360499
8965_C7,lon,NIT,6.29083333333333,0.28726537385772
8965_C7,lon,NIT,10.5055555555556,0.450940981973615
8965_C7,lon,NIT,14.7236111111111,0.646631954614652
8965_C7,lon,NIT,18.9438888888889,0.879879651265363
8965_C7,lon,NIT,23.1925,1.16315369416685
8965_C7,lon,NIT,28.5547222222222,1.50666318643109
8965_C7,lon,NIT,32.8047222222222,1.90217329955806
8965_C7,lon,NIT,37.0541666666667,2.30646327046713
8965_C7,lon,NIT,41.3052777777778,2.64553067909302
8965_C7,lon,NIT,45.5597222222222,2.85251007450951
8965_C7,lon,NIT,49.8194444444444,2.91772321282736
8965_C7,lon,NIT,55.4805555555556,2.90352859050675
8965_C7,lon,NIT,59.7322222222222,2.90333807184765
8965_C7,lon,NIT,63.9952777777778,2.98490600720345
8965_C7,lon,NIT,68.2641666666667,3.16774426631397
8965_C7,lon,NIT,72.5394444444444,3.43394861824966
8965_C7,lon,NIT,78.3627777777778,3.74509257724535
8965_C7,lon,NIT,82.5755555555556,4.05842872482059
8965_C7,lon,NIT,86.8055555555556,4.34746397351998
8965_C7,lon,NIT,91.0255555555556,4.61353283057623
8965_C7,lon,NIT,95.245,4.86781808780543
8965_C7,lon,NIT,100.8025,5.09957329869831
8965_C7,lon,NIT,105.005277777778,5.27669898021465
8965_C7,lon,NIT,109.19,5.38970361482935
8965_C7,lon,NIT,113.399722222222,5.48729366577181
8965_C7,lon,NIT,117.616111111111,5.65304496529596
8965_C7,lon,NIT,121.849722222222,5.9405562125457
8965_C7,lon,NIT,127.474722222222,6.33067670831398
8965_C7,lon,NIT,131.670277777778,6.74967596970368
8965_C7,lon,NIT,135.905277777778,7.1263129447408
8965_C7,lon,NIT,140.136666666667,7.4291171473193
8965_C7,lon,NIT,144.379166666667,7.6624256546957
8965_C7,lon,NIT,150.048055555556,7.85563154141102
8965_C7,lon,NIT,154.218888888889,8.05870874771327
8965_C7,lon,NIT,158.427222222222,8.31838435030496
8965_C7,lon,NIT,162.6325,8.64604728652227
8965_C7,lon,NIT,166.843611111111,9.01837430567668
8965_C7,lon,NIT,172.751666666667,9.40528887379739
8965_C7,lon,NIT,176.953055555556,9.78580253279954
8965_C7,lon,NIT,181.186944444444,10.1462360876631
8965_C7,lon,NIT,185.428333333333,10.4818284984006
8965_C7,lon,NIT,189.651111111111,10.8038343449752
8965_C7,lon,NIT,194.925833333333,11.1390691662679
8965_C7,lon,NIT,199.198055555556,11.5231786587317
8965_C7,lon,NIT,203.48,11.9876439487472
8965_C7,lon,NIT,207.724722222222,12.5236381609352
8965_C7,lon,NIT,211.971944444444,13.0329698384475
8965_C7,lon,NIT,216.583611111111,13.3487893469721
8965_C7,lon,NIT,222.131666666667,13.3729643983601
8965_C7,lon,NIT,226.313888888889,13.1957578372467
8965_C7,lon,NIT,230.525833333333,13.018364711881
8965_C7,lon,NIT,234.710833333333,12.9487843501193
8965_C7,lon,NIT,238.906388888889,12.9310307843516
8965_C7,lon,NIT,244.652777777778,12.8821961310668
8965_C7,lon,NIT,248.878611111111,12.8380255475237
8965_C7,lon,NIT,253.145277777778,12.930126251397
8965_C7,lon,NIT,257.534722222222,13.2484492559997
8965_C7,lon,NIT,261.759722222222,13.7529360224311
8965_C7,lon,NIT,266.002222222222,14.3021609025055
8965_C7,lon,NIT,271.336944444444,14.7524792647172
8965_C7,lon,NIT,275.634166666667,15.0420766847802
8965_C7,lon,NIT,279.848055555556,15.1958908792921
8966_G4,hfq,NIT,0.0,0.146487518689344
8966_G4,hfq,NIT,6.69777777777778,0.256384207599748
8966_G4,hfq,NIT,10.9122222222222,0.388493005282801
8966_G4,hfq,NIT,15.1313888888889,0.534552315296982
8966_G4,hfq,NIT,19.3516666666667,0.693468732066959
8966_G4,hfq,NIT,23.6308333333333,0.86658595059683
8966_G4,hfq,NIT,28.9925,1.05107497496535
8966_G4,hfq,NIT,33.2422222222222,1.23499508711356
8966_G4,hfq,NIT,37.4919444444444,1.39589060755347
8966_G4,hfq,NIT,41.7427777777778,1.5099067738407
8966_G4,hfq,NIT,45.9980555555556,1.57190552182285
8966_G4,hfq,NIT,50.2583333333333,1.61026080246961
8966_G4,hfq,NIT,55.9177777777778,1.67761432576373
8966_G4,hfq,NIT,60.1733333333333,1.82065748935037
8966_G4,hfq,NIT,64.4333333333333,2.05245538789888
8966_G4,hfq,NIT,68.7025,2.34504423935549
8966_G4,hfq,NIT,72.9827777777778,2.6423940085261
8966_G4,hfq,NIT,78.7691666666667,2.88649242873069
8966_G4,hfq,NIT,82.9969444444444,3.04917678590063
8966_G4,hfq,NIT,87.2125,3.15895798494407
8966_G4,hfq,NIT,91.4325,3.30576794232342
8966_G4,hfq,NIT,95.65,3.6151848401581
8966_G4,hfq,NIT,101.215,4.20724012875076
8966_G4,hfq,NIT,105.456666666667,5.15794490265404
8966_G4,hfq,NIT,109.640555555556,6.46846475006562
8966_G4,hfq,NIT,113.814444444444,8.04467868395798
8966_G4,hfq,NIT,118.066666666667,9.6972035241138
8966_G4,hfq,NIT,122.264722222222,11.1803657095457
8966_G4,hfq,NIT,127.883055555556,12.2742446394166
8966_G4,hfq,NIT,132.135555555556,12.8770257604128
8966_G4,hfq,NIT,136.326111111111,13.0678719552096
8966_G4,hfq,NIT,140.576666666667,13.1048350462228
8966_G4,hfq,NIT,144.820555555556,13.3167602298338
8966_G4,hfq,NIT,150.458611111111,13.9226612636015
8966_G4,hfq,NIT,154.740277777778,14.9239503648536
8966_G4,hfq,NIT,158.934166666667,16.165373905895
8966_G4,hfq,NIT,163.098888888889,17.4804615359382
8966_G4,hfq,NIT,167.344722222222,18.782521709564
8966_G4,hfq,NIT,173.165277777778,20.0733534782554
8966_G4,hfq,NIT,177.3925,21.4134978824379
8966_G4,hfq,NIT,181.593333333333,22.8900515301021
8966_G4,hfq,NIT,185.869444444444,24.6280612248431
8966_G4,hfq,NIT,190.126111111111,26.8396443203278
8966_G4,hfq,NIT,195.333888888889,29.8030536138323
8966_G4,hfq,NIT,199.641388888889,33.7333990693026
8966_G4,hfq,NIT,203.987222222222,38.6738596775101
8966_G4,hfq,NIT,208.230277777778,44.4644785332341
8966_G4,hfq,NIT,212.4775,50.7404107469881
8966_G4,hfq,NIT,217.008333333333,57.0377949578043
8966_G4,hfq,NIT,222.546111111111,63.0216179222455
8966_G4,hfq,NIT,226.8425,68.5544672728318
8966_G4,hfq,NIT,230.999166666667,73.4451224270736
8966_G4,hfq,NIT,235.186388888889,77.2265167469985
8966_G4,hfq,NIT,239.448055555556,79.4115999629465
8966_G4,hfq,NIT,245.056111111111,80.1030986455526
8966_G4,hfq,NIT,249.350555555556,80.2502211235327
8966_G4,hfq,NIT,253.620833333333,81.076708404296
8966_G4,hfq,NIT,257.940555555556,83.1669235815273
8966_G4,hfq,NIT,262.168888888889,86.2050467858592
8966_G4,hfq,NIT,267.553333333333,89.5894419870829
8966_G4,hfq,NIT,271.858055555556,93.027423544391
8966_G4,hfq,NIT,276.075,96.3822807733918
8966_G4,hfq,NIT,280.354444444444,99.2899061569807
8966_C7,lon,NIT,0.0,0.159855895094369
8966_C7,lon,NIT,6.69777777777778,0.288501078528838
8966_C7,lon,NIT,10.9122222222222,0.453737998119604
8966_C7,lon,NIT,15.1313888888889,0.651213507078554
8966_C7,lon,NIT,19.3516666666667,0.884974492079693
8966_C7,lon,NIT,23.6308333333333,1.16545958283163
8966_C7,lon,NIT,28.9925,1.50097088748524
8966_C7,lon,NIT,33.2422222222222,1.88266977185907
8966_C7,lon,NIT,37.4919444444444,2.27101931956785
8966_C7,lon,NIT,41.7427777777778,2.60162943511461
8966_C7,lon,NIT,45.9980555555556,2.81713723070361
8966_C7,lon,NIT,50.2583333333333,2.90644362603498
8966_C7,lon,NIT,55.9177777777778,2.9172810191107
8966_C7,lon,NIT,60.1733333333333,2.92626684482735
8966_C7,lon,NIT,64.4333333333333,2.99401867259452
8966_C7,lon,NIT,68.7025,3.14531873224264
8966_C7,lon,NIT,72.9827777777778,3.37732130212232
8966_C7,lon,NIT,78.7691666666667,3.66939171304411
8966_C7,lon,NIT,82.9969444444444,3.98408283766314
8966_C7,lon,NIT,87.2125,4.27671996899988
8966_C7,lon,NIT,91.4325,4.51848111184445
8966_C7,lon,NIT,95.65,4.70613742828217
8966_C7,lon,NIT,101.215,4.84946712978586
8966_C7,lon,NIT,105.456666666667,4.96031727333587
8966_C7,lon,NIT,109.640555555556,5.05279166091728
8966_C7,lon,NIT,113.814444444444,5.14629451572393
8966_C7,lon,NIT,118.066666666667,5.27061037251115
8966_C7,lon,NIT,122.264722222222,5.46532400284243
8966_C7,lon,NIT,127.883055555556,5.76369406298068
8966_C7,lon,NIT,132.135555555556,6.17428384574285
8966_C7,lon,NIT,136.326111111111,6.67386665279695
8966_C7,lon,NIT,140.576666666667,7.20822318766884
8966_C7,lon,NIT,144.820555555556,7.70787855544897
8966_C7,lon,NIT,150.458611111111,8.12667406179377
8966_C7,lon,NIT,154.740277777778,8.46945296397679
8966_C7,lon,NIT,158.934166666667,8.76690724456202
8966_C7,lon,NIT,163.098888888889,9.02582610113706
8966_C7,lon,NIT,167.344722222222,9.22661212158133
8966_C7,lon,NIT,173.165277777778,9.379814211751
8966_C7,lon,NIT,177.3925,9.56786362694705
8966_C7,lon,NIT,181.593333333333,9.9039982751506
8966_C7,lon,NIT,185.869444444444,10.4467305048529
8966_C7,lon,NIT,190.126111111111,11.1751156005469
8966_C7,lon,NIT,195.333888888889,12.0417771542522
8966_C7,lon,NIT,199.641388888889,13.0147985313746
8966_C7,lon,NIT,203.987222222222,14.0567000356173
8966_C7,lon,NIT,208.230277777778,15.0813407322853
8966_C7,lon,NIT,212.4775,15.9350317100454
8966_C7,lon,NIT,217.008333333333,16.4374649472071
8966_C7,lon,NIT,222.546111111111,16.5148228095411
8966_C7,lon,NIT,226.8425,16.3221278242364
8966_C7,lon,NIT,230.999166666667,16.1584813325994
8966_C7,lon,NIT,235.186388888889,16.222354617327
8966_C7,lon,NIT,239.448055555556,16.5121762484564
8966_C7,lon,NIT,245.056111111111,16.9738134580857
8966_C7,lon,NIT,249.350555555556,17.6485639974533
8966_C7,lon,NIT,253.620833333333,18.6195783161217
8966_C7,lon,NIT,257.940555555556,19.8584588883284
8966_C7,lon,NIT,262.168888888889,21.1959093232722
8966_C7,lon,NIT,267.553333333333,22.4559122750461
8966_C7,lon,NIT,271.858055555556,23.5724143371072
8966_C7,lon,NIT,276.075,24.5447886299764
8966_C7,lon,NIT,280.354444444444,25.3343757890847
8967_C2,lpxM,NIT,0.0,0.144636813546624
8967_C2,lpxM,NIT,5.41111111111111,0.253088063882019
8967_C2,lpxM,NIT,9.6275,0.384632074570737
8967_C2,lpxM,NIT,13.8452777777778,0.53373048070995
8967_C2,lpxM,NIT,18.0722222222222,0.704197351465802
8967_C2,lpxM,NIT,22.3166666666667,0.906122607914932
8967_C2,lpxM,NIT,27.6791666666667,1.15050868237867
8967_C2,lpxM,NIT,31.9288888888889,1.44132793439704
8967_C2,lpxM,NIT,36.1786111111111,1.76385141636443
8967_C2,lpxM,NIT,40.4297222222222,2.07762872001473
8967_C2,lpxM,NIT,44.6852777777778,2.32316134574167
8967_C2,lpxM,NIT,48.9511111111111,2.44783203897672
8967_C2,lpxM,NIT,54.6102777777778,2.44674568397249
8967_C2,lpxM,NIT,58.8602777777778,2.3825884127693
8967_C2,lpxM,NIT,63.1194444444445,2.34579178954254
8967_C2,lpxM,NIT,67.3927777777778,2.38724290989097
8967_C2,lpxM,NIT,71.6725,2.49854610641401
8967_C2,lpxM,NIT,77.6933333333333,2.64864491245502
8967_C2,lpxM,NIT,81.9138888888889,2.82260235149123
8967_C2,lpxM,NIT,86.1372222222222,3.02991628285279
8967_C2,lpxM,NIT,90.3563888888889,3.28808786451153
8967_C2,lpxM,NIT,94.5666666666667,3.59835674647356
8967_C2,lpxM,NIT,99.8713888888889,3.93156610273404
8967_C2,lpxM,NIT,104.0425,4.23730860028523
8967_C2,lpxM,NIT,108.25,4.47541417358473
8967_C2,lpxM,NIT,112.468333333333,4.65076496210797
8967_C2,lpxM,NIT,116.687777777778,4.82655334851561
8967_C2,lpxM,NIT,120.916944444444,5.11076416207967
8967_C2,lpxM,NIT,126.563611111111,5.63016795785774
8967_C2,lpxM,NIT,130.825277777778,6.49807031645367
8967_C2,lpxM,NIT,135.031666666667,7.77848685149495
8967_C2,lpxM,NIT,139.267222222222,9.47996259764317
8967_C2,lpxM,NIT,143.510277777778,11.6057006953779
8967_C2,lpxM,NIT,149.221111111111,14.2003372593533
8967_C2,lpxM,NIT,153.401944444444,17.3107565496717
8967_C2,lpxM,NIT,157.596944444444,20.896847460713
8967_C2,lpxM,NIT,161.803611111111,24.8077310007614
8967_C2,lpxM,NIT,166.033888888889,28.8586784814157
8967_C2,lpxM,NIT,171.821111111111,32.9064052082018
8967_C2,lpxM,NIT,176.044722222222,36.7847497995534
8967_C2,lpxM,NIT,180.275833333333,40.165391677695
8967_C2,lpxM,NIT,184.561388888889,42.6099640312107
8967_C2,lpxM,NIT,188.820277777778,43.8526502476345
8967_C2,lpxM,NIT,194.014166666667,44.0530111725185
8967_C2,lpxM,NIT,198.294722222222,43.8842924741284
8967_C2,lpxM,NIT,202.5475,44.4077184469806
8967_C2,lpxM,NIT,206.789444444445,46.6111431128652
8967_C2,lpxM,NIT,211.038611111111,50.8964216578823
8967_C2,lpxM,NIT,215.701111111111,57.0916563107231
8967_C2,lpxM,NIT,221.197777777778,64.8719516831813
8967_C2,lpxM,NIT,225.370555555556,73.8744876719786
8967_C2,lpxM,NIT,229.556388888889,83.3390184782836
8967_C2,lpxM,NIT,233.748055555556,91.9330159524877
8967_C2,lpxM,NIT,238.013055555556,98.3860462722687
8967_C2,lpxM,NIT,243.755555555556,102.589655628755
8967_C2,lpxM,NIT,248.04,105.825890172348
8967_C2,lpxM,NIT,252.3125,109.513601265059
8967_C2,lpxM,NIT,256.628888888889,114.12125770139
8967_C2,lpxM,NIT,260.850277777778,119.813893848315
8967_C2,lpxM,NIT,266.2075,127.325372090113
8967_C2,lpxM,NIT,270.402222222222,137.056488296029
8967_C2,lpxM,NIT,274.631388888889,147.73066115741
8967_C2,lpxM,NIT,278.915555555556,156.956384349818
11641_F9,tolC,TMP,0.0,0.0319410703461058
11641_F9,tolC,TMP,5.81888888888889,0.0582124260192702
11641_F9,tolC,TMP,10.0433333333333,0.0833595109521415
11641_F9,tolC,TMP,14.2919444444444,0.0951137102538548
11641_F9,tolC,TMP,18.5558333333333,0.0893206913503536
11641_F9,tolC,TMP,22.7905555555556,0.074624438272245
11641_F9,tolC,TMP,27.0766666666667,0.0639958572656711
11641_F9,tolC,TMP,32.0808333333333,0.0630837073990445
11641_F9,tolC,TMP,36.2786111111111,0.068145605883811
11641_F9,tolC,TMP,40.5625,0.0741489132416161
11641_F9,tolC,TMP,44.8102777777778,0.0824694289132795
11641_F9,tolC,TMP,49.0580555555556,0.0984716998584475
11641_F9,tolC,TMP,54.2355555555556,0.122090645534738
11641_F9,tolC,TMP,58.5158333333333,0.144624393791036
11641_F9,tolC,TMP,62.7530555555556,0.157391770819871
11641_F9,tolC,TMP,67.0380555555556,0.161470331549429
11641_F9,tolC,TMP,71.3408333333333,0.165754259328892
11641_F9,tolC,TMP,75.665,0.176450032125728
11641_F9,tolC,TMP,80.7844444444445,0.191912121419584
11641_F9,tolC,TMP,85.0936111111111,0.207990671018868
11641_F9,tolC,TMP,89.3658333333333,0.225151038909504
11641_F9,tolC,TMP,93.6855555555556,0.247988500028327
11641_F9,tolC,TMP,97.8933333333333,0.278179215651012
11641_F9,tolC,TMP,103.199166666667,0.309174094183688
11641_F9,tolC,TMP,107.406388888889,0.329182880257227
11641_F9,tolC,TMP,111.661388888889,0.331521616337894
11641_F9,tolC,TMP,115.924444444444,0.322945214956046
11641_F9,tolC,TMP,120.926944444444,0.319775834538367
11641_F9,tolC,TMP,126.254722222222,0.334302349990913
11641_F9,tolC,TMP,130.524166666667,0.365765537298594
11641_F9,tolC,TMP,134.762777777778,0.403992415472689
11641_F9,tolC,TMP,139.006388888889,0.439373834640581
11641_F9,tolC,TMP,143.324166666667,0.469070928567565
11641_F9,tolC,TMP,147.579722222222,0.495901167922599
11641_F9,tolC,TMP,153.791666666667,0.523212938515654
11641_F9,tolC,TMP,158.051388888889,0.55050247671511
11641_F9,tolC,TMP,162.299722222222,0.572275458364674
11641_F9,tolC,TMP,167.593888888889,0.581393155462922
11641_F9,tolC,TMP,171.815555555556,0.575448450662559
11641_F9,tolC,TMP,176.8175,0.560007560982048
11641_F9,tolC,TMP,181.066388888889,0.54475098190316
11641_F9,tolC,TMP,185.315833333333,0.53756163795388
11641_F9,tolC,TMP,189.562222222222,0.543613454785051
11641_F9,tolC,TMP,193.780277777778,0.566960855445308
11641_F9,tolC,TMP,199.671944444444,0.606124134521005
11641_F9,tolC,TMP,203.895555555556,0.646482262654957
11641_F9,tolC,TMP,208.143888888889,0.664480164496726
11641_F9,tolC,TMP,212.394166666667,0.644629852167163
11641_F9,tolC,TMP,216.655277777778,0.587018764336432
11641_F9,tolC,TMP,222.184444444444,0.497536467336498
11641_F9,tolC,TMP,226.4175,0.386170642654412
11641_F9,tolC,TMP,230.619722222222,0.281889347596084
11641_F9,tolC,TMP,234.869166666667,0.22797435410714
11641_F9,tolC,TMP,239.082222222222,0.240947759105173
11641_F9,tolC,TMP,243.964444444444,0.282365407783647
11641_F9,tolC,TMP,248.438055555556,0.294520904528723
11641_F9,tolC,TMP,252.625833333333,0.267701923549936
11641_F9,tolC,TMP,256.840833333333,0.25313656610988
11641_F9,tolC,TMP,261.080277777778,0.301294350506305
11641_F9,tolC,TMP,265.338888888889,0.40585701465693
11641_F9,tolC,TMP,270.856666666667,0.521360636099907
11641_F9,tolC,TMP,275.508611111111,0.615204722455567
11641_F9,tolC,TMP,279.745,0.68057694066869
11641_F9,tolC,TMP,283.956111111111,0.7218834548105
11641_F9,tolC,TMP,288.146666666667,0.751717025228137
11641_F9,tolC,TMP,292.408611111111,0.784878284290649
11641_F9,tolC,TMP,297.5125,0.835448082184189
11641_F9,tolC,TMP,301.691111111111,0.932107505318879
11641_F9,tolC,TMP,305.93,1.0993029825059
11641_F9,tolC,TMP,310.245,1.30475247576075
11641_F9,tolC,TMP,315.519166666667,1.47076226343252
11641_F9,tolC,TMP,319.809444444445,1.55513043913445
11641_F9,tolC,TMP,324.042222222222,1.58823473686218
11641_F9,tolC,TMP,328.224166666667,1.62366060153189
11641_F9,tolC,TMP,332.466388888889,1.68087949149651
11641_F9,tolC,TMP,336.703055555556,1.74507162236431
11641_F9,tolC,TMP,342.038333333333,1.80115449043357
11641_F9,tolC,TMP,346.251944444445,1.85177235397915
11641_F9,tolC,TMP,350.513611111111,1.90887354734799
11641_F9,tolC,TMP,354.773611111111,1.97986909254376
11641_F9,tolC,TMP,359.0675,2.06204672127123
11641_F9,tolC,TMP,364.67,2.1466940864116
11641_F9,tolC,TMP,368.869722222222,2.22913076757079
11641_F9,tolC,TMP,373.084722222222,2.3116277071964
11641_F9,tolC,TMP,377.296666666667,2.39046623449755
11641_F9,tolC,TMP,381.568333333333,2.44662164372501
11641_F9,tolC,TMP,385.918611111111,2.46199014215408
11641_F9,tolC,TMP,391.245277777778,2.44163095805724
11641_F9,tolC,TMP,395.431388888889,2.40875546208038
11641_F9,tolC,TMP,399.685555555556,2.38187925857898
11641_F9,tolC,TMP,403.941111111111,2.36833148274658
11641_F9,tolC,TMP,409.952777777778,2.37841867507455
11641_F9,tolC,TMP,414.183055555556,2.4357580820901
11641_F9,tolC,TMP,418.428333333333,2.57109345398768
11641_F9,tolC,TMP,422.671111111111,2.80722483626294
11641_F9,tolC,TMP,426.9225,3.14531075687993
11641_F9,tolC,TMP,431.150555555556,3.56417780203337
11641_F9,tolC,TMP,436.836666666667,4.03607256369185
11641_F9,tolC,TMP,441.078611111111,4.53708302724709
11641_F9,tolC,TMP,445.382222222222,5.03628679897796
11641_F9,tolC,TMP,449.632222222222,5.48676365481969
11641_F9,tolC,TMP,453.940555555556,5.83465029421144
11641_F9,tolC,TMP,458.190833333333,6.0255443532368
11641_F9,tolC,TMP,463.011666666667,6.01433521879345
11641_F9,tolC,TMP,467.245277777778,5.80719322027815
11641_F9,tolC,TMP,471.487222222222,5.49696865943609
11641_F9,tolC,TMP,475.689166666667,5.23449230050055
11641_F9,tolC,TMP,481.425,5.16408852821198
11641_F9,tolC,TMP,485.619722222222,5.37861977517474
11641_F9,tolC,TMP,489.948055555556,5.89873641883589
11641_F9,tolC,TMP,494.179444444445,6.65974701032242
11641_F9,tolC,TMP,498.409444444444,7.50832641274546
11641_F9,tolC,TMP,502.725,8.24192127522256
11641_F9,tolC,TMP,507.932222222222,8.70891943083669
11641_F9,tolC,TMP,512.114722222222,8.89839336958444
11641_F9,tolC,TMP,516.374722222222,8.91865006850321
11641_F9,tolC,TMP,520.558888888889,8.87908614344466
11641_F9,tolC,TMP,524.774722222222,8.79752562506685
11641_F9,tolC,TMP,530.288055555556,8.61070955244204
11641_F9,tolC,TMP,534.502777777778,8.24973237129393
11641_F9,tolC,TMP,538.737777777778,7.70135480089707
11641_F9,tolC,TMP,543.014722222222,7.02140426365812
11641_F9,tolC,TMP,547.2375,6.31617546488097
11641_F9,tolC,TMP,551.562222222222,5.71899087993
11641_F9,tolC,TMP,556.573888888889,5.36314376603917
11641_F9,tolC,TMP,560.863333333333,5.33580336337527
11641_F9,tolC,TMP,565.082777777778,5.62885057136374
11641_F9,tolC,TMP,569.271388888889,6.12797131264152
11641_F9,tolC,TMP,573.516111111111,6.6581793911931
11641_D6,dnaK,TMP,0.0,0.045572254057662
11641_D6,dnaK,TMP,5.81888888888889,0.101800600532819
11641_D6,dnaK,TMP,10.0433333333333,0.186040473267894
11641_D6,dnaK,TMP,14.2919444444444,0.277421240606336
11641_D6,dnaK,TMP,18.5558333333333,0.337984544943144
11641_D6,dnaK,TMP,22.7905555555556,0.342073221728511
11641_D6,dnaK,TMP,27.0766666666667,0.303309120706569
11641_D6,dnaK,TMP,32.0808333333333,0.263169272255484
11641_D6,dnaK,TMP,36.2786111111111,0.251652442019783
11641_D6,dnaK,TMP,40.5625,0.265031427389842
11641_D6,dnaK,TMP,44.8102777777778,0.279428502684512
11641_D6,dnaK,TMP,49.0580555555556,0.278521037219753
11641_D6,dnaK,TMP,54.2355555555556,0.266546687325309
11641_D6,dnaK,TMP,58.5158333333333,0.258517046334143
11641_D6,dnaK,TMP,62.7530555555556,0.26339734551546
11641_D6,dnaK,TMP,67.0380555555556,0.279485320152081
11641_D6,dnaK,TMP,71.3408333333333,0.303337130516104
11641_D6,dnaK,TMP,75.665,0.338405977200677
11641_D6,dnaK,TMP,80.7844444444445,0.393222617510995
11641_D6,dnaK,TMP,85.0936111111111,0.473657888526695
11641_D6,dnaK,TMP,89.3658333333333,0.577726051436015
11641_D6,dnaK,TMP,93.6855555555556,0.689138287379278
11641_D6,dnaK,TMP,97.8933333333333,0.770315490593483
11641_D6,dnaK,TMP,103.199166666667,0.778002593521104
11641_D6,dnaK,TMP,107.406388888889,0.704451495599034
11641_D6,dnaK,TMP,111.661388888889,0.595081733676077
11641_D6,dnaK,TMP,115.924444444444,0.512455098849448
11641_D6,dnaK,TMP,120.926944444444,0.490687516243826
11641_D6,dnaK,TMP,126.254722222222,0.526632574314679
11641_D6,dnaK,TMP,130.524166666667,0.595024975113903
11641_D6,dnaK,TMP,134.762777777778,0.662964510566275
11641_D6,dnaK,TMP,139.006388888889,0.706296731782593
11641_D6,dnaK,TMP,143.324166666667,0.726267548510909
11641_D6,dnaK,TMP,147.579722222222,0.743965432722538
11641_D6,dnaK,TMP,153.791666666667,0.769556508622759
11641_D6,dnaK,TMP,158.051388888889,0.783110938503175
11641_D6,dnaK,TMP,162.299722222222,0.755028011128393
11641_D6,dnaK,TMP,167.593888888889,0.682002695319343
11641_D6,dnaK,TMP,171.815555555556,0.595088320631583
11641_D6,dnaK,TMP,176.8175,0.532219647594571
11641_D6,dnaK,TMP,181.066388888889,0.509127526922071
11641_D6,dnaK,TMP,185.315833333333,0.5218510132077
11641_D6,dnaK,TMP,189.562222222222,0.570930553271389
11641_D6,dnaK,TMP,193.780277777778,0.667921750838679
11641_D6,dnaK,TMP,199.671944444444,0.811373163579906
11641_D6,dnaK,TMP,203.895555555556,0.966354161366022
11641_D6,dnaK,TMP,208.143888888889,1.08409434996249
11641_D6,dnaK,TMP,212.394166666667,1.14410657687123
11641_D6,dnaK,TMP,216.655277777778,1.16158475082717
11641_D6,dnaK,TMP,222.184444444444,1.15101367360172
11641_D6,dnaK,TMP,226.4175,1.1079297675823
11641_D6,dnaK,TMP,230.619722222222,1.03686136633717
11641_D6,dnaK,TMP,234.869166666667,0.969969168761078
11641_D6,dnaK,TMP,239.082222222222,0.941491963209484
11641_D6,dnaK,TMP,243.964444444444,0.96050263017148
11641_D6,dnaK,TMP,248.438055555556,1.0124198040718
11641_D6,dnaK,TMP,252.625833333333,1.06723635501164
11641_D6,dnaK,TMP,256.840833333333,1.08794581122471
11641_D6,dnaK,TMP,261.080277777778,1.05175516644174
11641_D6,dnaK,TMP,265.338888888889,0.970448486021475
11641_D6,dnaK,TMP,270.856666666667,0.891391837039237
11641_D6,dnaK,TMP,275.508611111111,0.874134308472769
11641_D6,dnaK,TMP,279.745,0.943372638868646
11641_D6,dnaK,TMP,283.956111111111,1.06175431997589
11641_D6,dnaK,TMP,288.146666666667,1.16963103980017
11641_D6,dnaK,TMP,292.408611111111,1.2441499663998
11641_D6,dnaK,TMP,297.5125,1.29980496142212
11641_D6,dnaK,TMP,301.691111111111,1.34566865227417
11641_D6,dnaK,TMP,305.93,1.37121295136394
11641_D6,dnaK,TMP,310.245,1.37780672274712
11641_D6,dnaK,TMP,315.519166666667,1.39666191607198
11641_D6,dnaK,TMP,319.809444444445,1.45104545173433
11641_D6,dnaK,TMP,324.042222222222,1.51064732805908
11641_D6,dnaK,TMP,328.224166666667,1.51873755824737
11641_D6,dnaK,TMP,332.466388888889,1.47817676755991
11641_D6,dnaK,TMP,336.703055555556,1.4679179211349
11641_D6,dnaK,TMP,342.038333333333,1.53158939420179
11641_D6,dnaK,TMP,346.251944444445,1.60461581834741
11641_D6,dnaK,TMP,350.513611111111,1.62633195474902
11641_D6,dnaK,TMP,354.773611111111,1.66662360771567
11641_D6,dnaK,TMP,359.0675,1.8410448021799
11641_D6,dnaK,TMP,364.67,2.13425276267751
11641_D6,dnaK,TMP,368.869722222222,2.3964101124227
11641_D6,dnaK,TMP,373.084722222222,2.50451261816146
11641_D6,dnaK,TMP,377.296666666667,2.47359731022474
11641_D6,dnaK,TMP,381.568333333333,2.41894713055813
11641_D6,dnaK,TMP,385.918611111111,2.44860685154514
11641_D6,dnaK,TMP,391.245277777778,2.58288303840977
11641_D6,dnaK,TMP,395.431388888889,2.73731358370845
11641_D6,dnaK,TMP,399.685555555556,2.78571669643159
11641_D6,dnaK,TMP,403.941111111111,2.67318105441714
11641_D6,dnaK,TMP,409.952777777778,2.46579545102383
11641_D6,dnaK,TMP,414.183055555556,2.26867883431953
11641_D6,dnaK,TMP,418.428333333333,2.11337534584318
11641_D6,dnaK,TMP,422.671111111111,1.96862186184381
11641_D6,dnaK,TMP,426.9225,1.86977426714998
11641_D6,dnaK,TMP,431.150555555556,1.98092749701051
11641_D6,dnaK,TMP,436.836666666667,2.45450961101928
11641_D6,dnaK,TMP,441.078611111111,3.22904225124227
11641_D6,dnaK,TMP,445.382222222222,4.03180445487463
11641_D6,dnaK,TMP,449.632222222222,4.6052872783732
11641_D6,dnaK,TMP,453.940555555556,4.89203314865964
11641_D6,dnaK,TMP,458.190833333333,4.9744706367835
11641_D6,dnaK,TMP,463.011666666667,4.89015610905468
11641_D6,dnaK,TMP,467.245277777778,4.59405602439415
11641_D6,dnaK,TMP,471.487222222222,4.10196237449806
11641_D6,dnaK,TMP,475.689166666667,3.58743809572431
11641_D6,dnaK,TMP,481.425,3.28697149795374
11641_D6,dnaK,TMP,485.619722222222,3.32909642024132
11641_D6,dnaK,TMP,489.948055555556,3.68572037689029
11641_D6,dnaK,TMP,494.179444444445,4.27970320694404
11641_D6,dnaK,TMP,498.409444444444,5.08823393184167
11641_D6,dnaK,TMP,502.725,6.09352971875736
11641_D6,dnaK,TMP,507.932222222222,7.15664967938743
11641_D6,dnaK,TMP,512.114722222222,8.03148592966343
11641_D6,dnaK,TMP,516.374722222222,8.53621712948726
11641_D6,dnaK,TMP,520.558888888889,8.64475060495788
11641_D6,dnaK,TMP,524.774722222222,8.4167285416579
11641_D6,dnaK,TMP,530.288055555556,7.95102955244166
11641_D6,dnaK,TMP,534.502777777778,7.40889402227171
11641_D6,dnaK,TMP,538.737777777778,6.9633558267018
11641_D6,dnaK,TMP,543.014722222222,6.70091031375782
11641_D6,dnaK,TMP,547.2375,6.64414253874802
11641_D6,dnaK,TMP,551.562222222222,6.86571566121998
11641_D6,dnaK,TMP,556.573888888889,7.46802933111411
11641_D6,dnaK,TMP,560.863333333333,8.38036095467022
11641_D6,dnaK,TMP,565.082777777778,9.26521390995705
11641_D6,dnaK,TMP,569.271388888889,9.75952814363826
11641_D6,dnaK,TMP,573.516111111111,9.79412810624005
11641_E4,acrB,TMP,0.0,0.0287188558227676
11641_E4,acrB,TMP,5.81888888888889,0.0501866695154366
11641_E4,acrB,TMP,10.0433333333333,0.0680693035462958
11641_E4,acrB,TMP,14.2919444444444,0.0722381337526656
11641_E4,acrB,TMP,18.5558333333333,0.0611437601511268
11641_E4,acrB,TMP,22.7905555555556,0.0441052935062786
11641_E4,acrB,TMP,27.0766666666667,0.0338280408895091
11641_E4,acrB,TMP,32.0808333333333,0.0376033031944405
11641_E4,acrB,TMP,36.2786111111111,0.0529658750853173
11641_E4,acrB,TMP,40.5625,0.0690574899315095
11641_E4,acrB,TMP,44.8102777777778,0.0746671853311764
11641_E4,acrB,TMP,49.0580555555556,0.0678556622107457
11641_E4,acrB,TMP,54.2355555555556,0.0570237325163415
11641_E4,acrB,TMP,58.5158333333333,0.0528314006466828
11641_E4,acrB,TMP,62.7530555555556,0.0611414926574276
11641_E4,acrB,TMP,67.0380555555556,0.0821286387084464
11641_E4,acrB,TMP,71.3408333333333,0.111444963970025
11641_E4,acrB,TMP,75.665,0.140786892930907
11641_E4,acrB,TMP,80.7844444444445,0.16068549399687
11641_E4,acrB,TMP,85.0936111111111,0.166284412745091
11641_E4,acrB,TMP,89.3658333333333,0.160811643797998
11641_E4,acrB,TMP,93.6855555555556,0.152351930449345
11641_E4,acrB,TMP,97.8933333333333,0.147404849181422
11641_E4,acrB,TMP,103.199166666667,0.148088864001352
11641_E4,acrB,TMP,107.406388888889,0.15370749372245
11641_E4,acrB,TMP,111.661388888889,0.161888219261206
11641_E4,acrB,TMP,115.924444444444,0.168525607913555
11641_E4,acrB,TMP,120.926944444444,0.170248940356671
11641_E4,acrB,TMP,126.254722222222,0.168255152129076
11641_E4,acrB,TMP,130.524166666667,0.167784543577971
11641_E4,acrB,TMP,134.762777777778,0.172805239229962
11641_E4,acrB,TMP,139.006388888889,0.182247218205099
11641_E4,acrB,TMP,143.324166666667,0.191709354359761
11641_E4,acrB,TMP,147.579722222222,0.196597365490561
11641_E4,acrB,TMP,153.791666666667,0.192263185481024
11641_E4,acrB,TMP,158.051388888889,0.175317916587824
11641_E4,acrB,TMP,162.299722222222,0.150967421971882
11641_E4,acrB,TMP,167.593888888889,0.137160800849489
11641_E4,acrB,TMP,171.815555555556,0.150928087341175
11641_E4,acrB,TMP,176.8175,0.18540778492135
11641_E4,acrB,TMP,181.066388888889,0.208984176101948
11641_E4,acrB,TMP,185.315833333333,0.196574177744663
11641_E4,acrB,TMP,189.562222222222,0.159043987775888
11641_E4,acrB,TMP,193.780277777778,0.134691453482123
11641_E4,acrB,TMP,199.671944444444,0.151192623061106
11641_E4,acrB,TMP,203.895555555556,0.197438062527139
11641_E4,acrB,TMP,208.143888888889,0.233123445064217
11641_E4,acrB,TMP,212.394166666667,0.229484936240455
11641_E4,acrB,TMP,216.655277777778,0.202147336943873
11641_E4,acrB,TMP,222.184444444444,0.197646646913358
11641_E4,acrB,TMP,226.4175,0.241146120204909
11641_E4,acrB,TMP,230.619722222222,0.302094817664423
11641_E4,acrB,TMP,234.869166666667,0.326050215820765
11641_E4,acrB,TMP,239.082222222222,0.305442840906757
11641_E4,acrB,TMP,243.964444444444,0.30380283355015
11641_E4,acrB,TMP,248.438055555556,0.400467233593563
11641_E4,acrB,TMP,252.625833333333,0.619734805779413
11641_E4,acrB,TMP,256.840833333333,0.911660937597923
11641_E4,acrB,TMP,261.080277777778,1.18035022134831
11641_E4,acrB,TMP,265.338888888889,1.32744435655097
11641_E4,acrB,TMP,270.856666666667,1.30820074276122
11641_E4,acrB,TMP,275.508611111111,1.18360410732387
11641_E4,acrB,TMP,279.745,1.09353579896414
11641_E4,acrB,TMP,283.956111111111,1.13299827831758
11641_E4,acrB,TMP,288.146666666667,1.26281910069875
11641_E4,acrB,TMP,292.408611111111,1.36268990532795
11641_E4,acrB,TMP,297.5125,1.34727581375334
11641_E4,acrB,TMP,301.691111111111,1.22366411693615
11641_E4,acrB,TMP,305.93,1.0792694071078
11641_E4,acrB,TMP,310.245,1.02734628618855
11641_E4,acrB,TMP,315.519166666667,1.12320368843765
11641_E4,acrB,TMP,319.809444444445,1.31364355630585
11641_E4,acrB,TMP,324.042222222222,1.48125130621293
11641_E4,acrB,TMP,328.224166666667,1.53386538149258
11641_E4,acrB,TMP,332.466388888889,1.45867026948288
11641_E4,acrB,TMP,336.703055555556,1.32991191017619
11641_E4,acrB,TMP,342.038333333333,1.26991738893453
11641_E4,acrB,TMP,346.251944444445,1.36482339344813
11641_E4,acrB,TMP,350.513611111111,1.61103555731927
11641_E4,acrB,TMP,354.773611111111,1.94833676531529
11641_E4,acrB,TMP,359.0675,2.3146516840537
11641_E4,acrB,TMP,364.67,2.66727612257098
11641_E4,acrB,TMP,368.869722222222,2.99308928883504
11641_E4,acrB,TMP,373.084722222222,3.3038524193254
11641_E4,acrB,TMP,377.296666666667,3.5985074848878
11641_E4,acrB,TMP,381.568333333333,3.84697531715095
11641_E4,acrB,TMP,385.918611111111,4.04227167806045
11641_E4,acrB,TMP,391.245277777778,4.25687455673909
11641_E4,acrB,TMP,395.431388888889,4.62552001240292
11641_E4,acrB,TMP,399.685555555556,5.26622166191333
11641_E4,acrB,TMP,403.941111111111,6.19184041075474
11641_E4,acrB,TMP,409.952777777778,7.23596630239517
11641_E4,acrB,TMP,414.183055555556,8.05839892661892
11641_E4,acrB,TMP,418.428333333333,8.32826224159322
11641_E4,acrB,TMP,422.671111111111,8.02884859326693
11641_E4,acrB,TMP,426.9225,7.60640955563138
11641_E4,acrB,TMP,431.150555555556,7.73486042768757
11641_E4,acrB,TMP,436.836666666667,8.79688109959667
11641_E4,acrB,TMP,441.078611111111,10.4623953878349
11641_E4,acrB,TMP,445.382222222222,11.8115043303359
11641_E4,acrB,TMP,449.632222222222,12.0712230893698
11641_E4,acrB,TMP,453.940555555556,11.297279087857
11641_E4,acrB,TMP,458.190833333333,10.2161412604516
11641_E4,acrB,TMP,463.011666666667,9.44577194847783
11641_E4,acrB,TMP,467.245277777778,9.07921086807688
11641_E4,acrB,TMP,471.487222222222,8.96413000665582
11641_E4,acrB,TMP,475.689166666667,9.09391205561149
11641_E4,acrB,TMP,481.425,9.60851275020241
11641_E4,acrB,TMP,485.619722222222,10.5158684693012
11641_E4,acrB,TMP,489.948055555556,11.5467505454615
11641_E4,acrB,TMP,494.179444444445,12.3256663715163
11641_E4,acrB,TMP,498.409444444444,12.6147052381014
11641_E4,acrB,TMP,502.725,12.4001923822676
11641_E4,acrB,TMP,507.932222222222,11.9148849080455
11641_E4,acrB,TMP,512.114722222222,11.588416286141
11641_E4,acrB,TMP,516.374722222222,11.7644147529196
11641_E4,acrB,TMP,520.558888888889,12.3701520751371
11641_E4,acrB,TMP,524.774722222222,12.9371212070651
11641_E4,acrB,TMP,530.288055555556,13.000659979768
11641_E4,acrB,TMP,534.502777777778,12.4781549414736
11641_E4,acrB,TMP,538.737777777778,11.6849021407839
11641_E4,acrB,TMP,543.014722222222,11.078414560919
11641_E4,acrB,TMP,547.2375,11.0349811005059
11641_E4,acrB,TMP,551.562222222222,11.7320836993993
11641_E4,acrB,TMP,556.573888888889,13.0127962869937
11641_E4,acrB,TMP,560.863333333333,14.3270592472684
11641_E4,acrB,TMP,565.082777777778,15.0119506762574
11641_E4,acrB,TMP,569.271388888889,14.7951378991326
11641_E4,acrB,TMP,573.516111111111,13.9897189393082
11641_H5,recA,TMP,0.0,0.017749315733695
11641_H5,recA,TMP,5.81888888888889,0.0335655723658498
11641_H5,recA,TMP,10.0433333333333,0.0536750022922916
11641_H5,recA,TMP,14.2919444444444,0.0745417774017375
11641_H5,recA,TMP,18.5558333333333,0.0924576463477318
11641_H5,recA,TMP,22.7905555555556,0.105524085785032
11641_H5,recA,TMP,27.0766666666667,0.11398251318766
11641_H5,recA,TMP,32.0808333333333,0.118596708706025
11641_H5,recA,TMP,36.2786111111111,0.118921471530854
11641_H5,recA,TMP,40.5625,0.113775004081147
11641_H5,recA,TMP,44.8102777777778,0.103612444393497
11641_H5,recA,TMP,49.0580555555556,0.0916730371991974
11641_H5,recA,TMP,54.2355555555556,0.0822926725711376
11641_H5,recA,TMP,58.5158333333333,0.0783704083611664
11641_H5,recA,TMP,62.7530555555556,0.0803595030300236
11641_H5,recA,TMP,67.0380555555556,0.0868528393736494
11641_H5,recA,TMP,71.3408333333333,0.0954084554819071
11641_H5,recA,TMP,75.665,0.103044099120652
11641_H5,recA,TMP,80.7844444444445,0.107208080750663
11641_H5,recA,TMP,85.0936111111111,0.107425878206442
11641_H5,recA,TMP,89.3658333333333,0.105949296388167
11641_H5,recA,TMP,93.6855555555556,0.106465349402163
11641_H5,recA,TMP,97.8933333333333,0.112293521775239
11641_H5,recA,TMP,103.199166666667,0.125023648113482
11641_H5,recA,TMP,107.406388888889,0.143149441044011
11641_H5,recA,TMP,111.661388888889,0.16173073059752
11641_H5,recA,TMP,115.924444444444,0.174862776510933
11641_H5,recA,TMP,120.926944444444,0.179559715399731
11641_H5,recA,TMP,126.254722222222,0.177493042414225
11641_H5,recA,TMP,130.524166666667,0.173655544357854
11641_H5,recA,TMP,134.762777777778,0.173042438928653
11641_H5,recA,TMP,139.006388888889,0.176120992028061
11641_H5,recA,TMP,143.324166666667,0.175888729801186
11641_H5,recA,TMP,147.579722222222,0.161870227323543
11641_H5,recA,TMP,153.791666666667,0.131108776832167
11641_H5,recA,TMP,158.051388888889,0.0954112858303528
11641_H5,recA,TMP,162.299722222222,0.0736239823704277
11641_H5,recA,TMP,167.593888888889,0.0736627025225891
11641_H5,recA,TMP,171.815555555556,0.0840174537935628
11641_H5,recA,TMP,176.8175,0.0871471336520827
11641_H5,recA,TMP,181.066388888889,0.0814000323805923
11641_H5,recA,TMP,185.315833333333,0.0845370834768889
11641_H5,recA,TMP,189.562222222222,0.113227819990906
11641_H5,recA,TMP,193.780277777778,0.162588064537042
11641_H5,recA,TMP,199.671944444444,0.207311811493458
11641_H5,recA,TMP,203.895555555556,0.221512630381931
11641_H5,recA,TMP,208.143888888889,0.200730291162095
11641_H5,recA,TMP,212.394166666667,0.169955080870961
11641_H5,recA,TMP,216.655277777778,0.166057683477877
11641_H5,recA,TMP,222.184444444444,0.201273821636998
11641_H5,recA,TMP,226.4175,0.243753861567352
11641_H5,recA,TMP,230.619722222222,0.247296635696861
11641_H5,recA,TMP,234.869166666667,0.204311238610895
11641_H5,recA,TMP,239.082222222222,0.159033043787647
11641_H5,recA,TMP,243.964444444444,0.166878191447488
11641_H5,recA,TMP,248.438055555556,0.246252858767383
11641_H5,recA,TMP,252.625833333333,0.363630235964143
11641_H5,recA,TMP,256.840833333333,0.462684175972749
11641_H5,recA,TMP,261.080277777778,0.512876891743017
11641_H5,recA,TMP,265.338888888889,0.525495912749863
11641_H5,recA,TMP,270.856666666667,0.523186696404645
11641_H5,recA,TMP,275.508611111111,0.513402472552354
11641_H5,recA,TMP,279.745,0.499591350269279
11641_H5,recA,TMP,283.956111111111,0.501811044289546
11641_H5,recA,TMP,288.146666666667,0.541595379271828
11641_H5,recA,TMP,292.408611111111,0.603072591564725
11641_H5,recA,TMP,297.5125,0.640933608787096
11641_H5,recA,TMP,301.691111111111,0.639361863079128
11641_H5,recA,TMP,305.93,0.631169994263905
11641_H5,recA,TMP,310.245,0.648469317427405
11641_H5,recA,TMP,315.519166666667,0.67927273925194
11641_H5,recA,TMP,319.809444444445,0.687835641305902
11641_H5,recA,TMP,324.042222222222,0.669079863612457
11641_H5,recA,TMP,328.224166666667,0.661868307031663
11641_H5,recA,TMP,332.466388888889,0.700757713117107
11641_H5,recA,TMP,336.703055555556,0.771313947166375
11641_H5,recA,TMP,342.038333333333,0.826542935336614
11641_H5,recA,TMP,346.251944444445,0.842163179678408
11641_H5,recA,TMP,350.513611111111,0.836581148796762
11641_H5,recA,TMP,354.773611111111,0.843587611674849
11641_H5,recA,TMP,359.0675,0.888492950504792
11641_H5,recA,TMP,364.67,0.976161300244751
11641_H5,recA,TMP,368.869722222222,1.07977150988331
11641_H5,recA,TMP,373.084722222222,1.16131801543927
11641_H5,recA,TMP,377.296666666667,1.21537508407217
11641_H5,recA,TMP,381.568333333333,1.25374033755223
11641_H5,recA,TMP,385.918611111111,1.25440624168298
11641_H5,recA,TMP,391.245277777778,1.18803229861526
11641_H5,recA,TMP,395.431388888889,1.08803437838074
11641_H5,recA,TMP,399.685555555556,1.04068983721631
11641_H5,recA,TMP,403.941111111111,1.10068221263331
11641_H5,recA,TMP,409.952777777778,1.22993497661187
11641_H5,recA,TMP,414.183055555556,1.32814366380066
11641_H5,recA,TMP,418.428333333333,1.34408580947843
11641_H5,recA,TMP,422.671111111111,1.33684615550898
11641_H5,recA,TMP,426.9225,1.39041383197676
11641_H5,recA,TMP,431.150555555556,1.50058410458298
11641_H5,recA,TMP,436.836666666667,1.57970607381239
11641_H5,recA,TMP,441.078611111111,1.54504366277847
11641_H5,recA,TMP,445.382222222222,1.39047220948192
11641_H5,recA,TMP,449.632222222222,1.19528462047515
11641_H5,recA,TMP,453.940555555556,1.06240073580147
11641_H5,recA,TMP,458.190833333333,1.03386042340836
11641_H5,recA,TMP,463.011666666667,1.06161064255898
11641_H5,recA,TMP,467.245277777778,1.06577588266244
11641_H5,recA,TMP,471.487222222222,1.02797727812328
11641_H5,recA,TMP,475.689166666667,1.01419289248851
11641_H5,recA,TMP,481.425,1.09913518258162
11641_H5,recA,TMP,485.619722222222,1.27864332947325
11641_H5,recA,TMP,489.948055555556,1.45700771943004
11641_H5,recA,TMP,494.179444444445,1.5321106024013
11641_H5,recA,TMP,498.409444444444,1.50731820619949
11641_H5,recA,TMP,502.725,1.49943479870128
11641_H5,recA,TMP,507.932222222222,1.60528101692237
11641_H5,recA,TMP,512.114722222222,1.77828535695573
11641_H5,recA,TMP,516.374722222222,1.87185106001604
11641_H5,recA,TMP,520.558888888889,1.79555124997181
11641_H5,recA,TMP,524.774722222222,1.61118056243936
11641_H5,recA,TMP,530.288055555556,1.47588002954998
11641_H5,recA,TMP,534.502777777778,1.48726523498731
11641_H5,recA,TMP,538.737777777778,1.59174130723714
11641_H5,recA,TMP,543.014722222222,1.65332394494125
11641_H5,recA,TMP,547.2375,1.59519912310747
11641_H5,recA,TMP,551.562222222222,1.47334213038227
11641_H5,recA,TMP,556.573888888889,1.42602446263935
11641_H5,recA,TMP,560.863333333333,1.53746964988917
11641_H5,recA,TMP,565.082777777778,1.75339426210684
11641_H5,recA,TMP,569.271388888889,1.94870298595495
11641_H5,recA,TMP,573.516111111111,2.05200066688326
11641_E2,hns,TMP,0.0,0.0170436156713667
11641_E2,hns,TMP,5.81888888888889,0.0304783928134037
11641_E2,hns,TMP,10.0433333333333,0.0449600613091749
11641_E2,hns,TMP,14.2919444444444,0.0562081770521393
11641_E2,hns,TMP,18.5558333333333,0.0615940017508163
11641_E2,hns,TMP,22.7905555555556,0.0617909443793898
11641_E2,hns,TMP,27.0766666666667,0.0597441657789818
11641_E2,hns,TMP,32.0808333333333,0.0582180523655885
11641_E2,hns,TMP,36.2786111111111,0.0581725736771857
11641_E2,hns,TMP,40.5625,0.0588951422925375
11641_E2,hns,TMP,44.8102777777778,0.0591144143336811
11641_E2,hns,TMP,49.0580555555556,0.0580700207641197
11641_E2,hns,TMP,54.2355555555556,0.0560550900927629
11641_E2,hns,TMP,58.5158333333333,0.0542387130616275
11641_E2,hns,TMP,62.7530555555556,0.0539905339152766
11641_E2,hns,TMP,67.0380555555556,0.0561987713974198
11641_E2,hns,TMP,71.3408333333333,0.0608671539190707
11641_E2,hns,TMP,75.665,0.0671396441414261
11641_E2,hns,TMP,80.7844444444445,0.0739358906551376
11641_E2,hns,TMP,85.0936111111111,0.0810188829549599
11641_E2,hns,TMP,89.3658333333333,0.0895339119534181
11641_E2,hns,TMP,93.6855555555556,0.101174695457624
11641_E2,hns,TMP,97.8933333333333,0.116844974063119
11641_E2,hns,TMP,103.199166666667,0.136431120845976
11641_E2,hns,TMP,107.406388888889,0.159229692690975
11641_E2,hns,TMP,111.661388888889,0.18321831899737
11641_E2,hns,TMP,115.924444444444,0.204140260148746
11641_E2,hns,TMP,120.926944444444,0.217499362056341
11641_E2,hns,TMP,126.254722222222,0.222506827600755
11641_E2,hns,TMP,130.524166666667,0.223211403391955
11641_E2,hns,TMP,134.762777777778,0.225803277268266
11641_E2,hns,TMP,139.006388888889,0.235580248903393
11641_E2,hns,TMP,143.324166666667,0.254968644775942
11641_E2,hns,TMP,147.579722222222,0.281851560094395
11641_E2,hns,TMP,153.791666666667,0.308837113364866
11641_E2,hns,TMP,158.051388888889,0.325391635791797
11641_E2,hns,TMP,162.299722222222,0.324406057465007
11641_E2,hns,TMP,167.593888888889,0.310162291311267
11641_E2,hns,TMP,171.815555555556,0.297782021949586
11641_E2,hns,TMP,176.8175,0.300235886412048
11641_E2,hns,TMP,181.066388888889,0.316137267574043
11641_E2,hns,TMP,185.315833333333,0.33342485951049
11641_E2,hns,TMP,189.562222222222,0.34511245452707
11641_E2,hns,TMP,193.780277777778,0.357785627477788
11641_E2,hns,TMP,199.671944444444,0.382548364142655
11641_E2,hns,TMP,203.895555555556,0.421599226534562
11641_E2,hns,TMP,208.143888888889,0.467221813208588
11641_E2,hns,TMP,212.394166666667,0.507697453719307
11641_E2,hns,TMP,216.655277777778,0.525324949202131
11641_E2,hns,TMP,222.184444444444,0.49641242456221
11641_E2,hns,TMP,226.4175,0.41369424946914
11641_E2,hns,TMP,230.619722222222,0.314439113454035
11641_E2,hns,TMP,234.869166666667,0.27009825426427
11641_E2,hns,TMP,239.082222222222,0.335638811565342
11641_E2,hns,TMP,243.964444444444,0.509346370194852
11641_E2,hns,TMP,248.438055555556,0.73811953388229
11641_E2,hns,TMP,252.625833333333,0.95248502246155
11641_E2,hns,TMP,256.840833333333,1.09789254510798
11641_E2,hns,TMP,261.080277777778,1.14674547275003
11641_E2,hns,TMP,265.338888888889,1.10465123664413
11641_E2,hns,TMP,270.856666666667,1.02262263006944
11641_E2,hns,TMP,275.508611111111,0.979183177497256
11641_E2,hns,TMP,279.745,1.00706864470091
11641_E2,hns,TMP,283.956111111111,1.05548486847912
11641_E2,hns,TMP,288.146666666667,1.07165530091039
11641_E2,hns,TMP,292.408611111111,1.08572635556035
11641_E2,hns,TMP,297.5125,1.15022128844385
11641_E2,hns,TMP,301.691111111111,1.22948573786951
11641_E2,hns,TMP,305.93,1.23151267765345
11641_E2,hns,TMP,310.245,1.14571854198944
11641_E2,hns,TMP,315.519166666667,1.08092224962908
11641_E2,hns,TMP,319.809444444445,1.14796816543819
11641_E2,hns,TMP,324.042222222222,1.35116084777729
11641_E2,hns,TMP,328.224166666667,1.62107808117698
11641_E2,hns,TMP,332.466388888889,1.92239282940109
11641_E2,hns,TMP,336.703055555556,2.31269579905997
11641_E2,hns,TMP,342.038333333333,2.9313084583763
11641_E2,hns,TMP,346.251944444445,3.95463262439241
11641_E2,hns,TMP,350.513611111111,5.53106292489734
11641_E2,hns,TMP,354.773611111111,7.71285451457754
11641_E2,hns,TMP,359.0675,10.4150361315111
11641_E2,hns,TMP,364.67,13.3753866124594
11641_E2,hns,TMP,368.869722222222,16.1307682652482
11641_E2,hns,TMP,373.084722222222,18.1725117528489
11641_E2,hns,TMP,377.296666666667,19.2953961697556
11641_E2,hns,TMP,381.568333333333,19.7450710299859
11641_E2,hns,TMP,385.918611111111,19.897752831397
11641_E2,hns,TMP,391.245277777778,19.8409971282749
11641_E2,hns,TMP,395.431388888889,19.3494353253005
11641_E2,hns,TMP,399.685555555556,18.2634125475968
11641_E2,hns,TMP,403.941111111111,16.8851908892804
11641_E2,hns,TMP,409.952777777778,15.9164381868252
11641_E2,hns,TMP,414.183055555556,15.8472072816873
11641_E2,hns,TMP,418.428333333333,16.4421067603241
11641_E2,hns,TMP,422.671111111111,16.9704713820899
11641_E2,hns,TMP,426.9225,16.8944026700195
11641_E2,hns,TMP,431.150555555556,16.233043773941
11641_E2,hns,TMP,436.836666666667,15.3710024412818
11641_E2,hns,TMP,441.078611111111,14.7033102650512
11641_E2,hns,TMP,445.382222222222,14.4460441769204
11641_E2,hns,TMP,449.632222222222,14.5867974475678
11641_E2,hns,TMP,453.940555555556,14.8941571891353
11641_E2,hns,TMP,458.190833333333,15.041551601287
11641_E2,hns,TMP,463.011666666667,14.8087134710332
11641_E2,hns,TMP,467.245277777778,14.1624571822202
11641_E2,hns,TMP,471.487222222222,13.1792433621222
11641_E2,hns,TMP,475.689166666667,12.0378148739226
11641_E2,hns,TMP,481.425,11.1489009947751
11641_E2,hns,TMP,485.619722222222,11.1043533814528
11641_E2,hns,TMP,489.948055555556,12.2915839168846
11641_E2,hns,TMP,494.179444444445,14.5214655593336
11641_E2,hns,TMP,498.409444444444,17.0583309476543
11641_E2,hns,TMP,502.725,19.076011388646
11641_E2,hns,TMP,507.932222222222,20.1903151289708
11641_E2,hns,TMP,512.114722222222,20.5505253145759
11641_E2,hns,TMP,516.374722222222,20.4162789771472
11641_E2,hns,TMP,520.558888888889,19.8724323992539
11641_E2,hns,TMP,524.774722222222,19.101266067164
11641_E2,hns,TMP,530.288055555556,18.6253959188054
11641_E2,hns,TMP,534.502777777778,18.9346831930319
11641_E2,hns,TMP,538.737777777778,19.9051345885325
11641_E2,hns,TMP,543.014722222222,20.760343943867
11641_E2,hns,TMP,547.2375,20.7093478800228
11641_E2,hns,TMP,551.562222222222,19.6910488977249
11641_E2,hns,TMP,556.573888888889,18.4688881810136
11641_E2,hns,TMP,560.863333333333,17.9670102880663
11641_E2,hns,TMP,565.082777777778,18.5765239269285
11641_E2,hns,TMP,569.271388888889,20.0149749102429
11641_E2,hns,TMP,573.516111111111,21.641417813706
11641_H1,fis,TMP,0.0,0.0426890181847037
11641_H1,fis,TMP,5.81888888888889,0.0868216328941061
11641_H1,fis,TMP,10.0433333333333,0.141460962416244
11641_H1,fis,TMP,14.2919444444444,0.186111280438241
11641_H1,fis,TMP,18.5558333333333,0.201750129580113
11641_H1,fis,TMP,22.7905555555556,0.190445441968214
11641_H1,fis,TMP,27.0766666666667,0.176394986737511
11641_H1,fis,TMP,32.0808333333333,0.183602520518928
11641_H1,fis,TMP,36.2786111111111,0.214119412642298
11641_H1,fis,TMP,40.5625,0.248662650100194
11641_H1,fis,TMP,44.8102777777778,0.265613629803749
11641_H1,fis,TMP,49.0580555555556,0.258675484791075
11641_H1,fis,TMP,54.2355555555556,0.239309204464844
11641_H1,fis,TMP,58.5158333333333,0.226137499874401
11641_H1,fis,TMP,62.7530555555556,0.232516995489804
11641_H1,fis,TMP,67.0380555555556,0.259770506464688
11641_H1,fis,TMP,71.3408333333333,0.297624132468314
11641_H1,fis,TMP,75.665,0.331512992304485
11641_H1,fis,TMP,80.7844444444445,0.352681193584263
11641_H1,fis,TMP,85.0936111111111,0.362647927211617
11641_H1,fis,TMP,89.3658333333333,0.368941180381934
11641_H1,fis,TMP,93.6855555555556,0.379128477792044
11641_H1,fis,TMP,97.8933333333333,0.398920462281766
11641_H1,fis,TMP,103.199166666667,0.431184952842778
11641_H1,fis,TMP,107.406388888889,0.472524382607454
11641_H1,fis,TMP,111.661388888889,0.511532823307539
11641_H1,fis,TMP,115.924444444444,0.534480509926863
11641_H1,fis,TMP,120.926944444444,0.53630592269462
11641_H1,fis,TMP,126.254722222222,0.526856503089495
11641_H1,fis,TMP,130.524166666667,0.525230679797971
11641_H1,fis,TMP,134.762777777778,0.546059858656206
11641_H1,fis,TMP,139.006388888889,0.58822966978638
11641_H1,fis,TMP,143.324166666667,0.633805159009255
11641_H1,fis,TMP,147.579722222222,0.658918698052089
11641_H1,fis,TMP,153.791666666667,0.651089210954099
11641_H1,fis,TMP,158.051388888889,0.618928400584727
11641_H1,fis,TMP,162.299722222222,0.584388629257529
11641_H1,fis,TMP,167.593888888889,0.567214991243185
11641_H1,fis,TMP,171.815555555556,0.5768580644333
11641_H1,fis,TMP,176.8175,0.610678221276556
11641_H1,fis,TMP,181.066388888889,0.654401293838047
11641_H1,fis,TMP,185.315833333333,0.692520345623196
11641_H1,fis,TMP,189.562222222222,0.725696835613327
11641_H1,fis,TMP,193.780277777778,0.771373502288738
11641_H1,fis,TMP,199.671944444444,0.83926845732689
11641_H1,fis,TMP,203.895555555556,0.910969664730229
11641_H1,fis,TMP,208.143888888889,0.952754185405272
11641_H1,fis,TMP,212.394166666667,0.948341784367924
11641_H1,fis,TMP,216.655277777778,0.911697041795488
11641_H1,fis,TMP,222.184444444444,0.868397287908389
11641_H1,fis,TMP,226.4175,0.837097030460342
11641_H1,fis,TMP,230.619722222222,0.8323336411406
11641_H1,fis,TMP,234.869166666667,0.867843901234066
11641_H1,fis,TMP,239.082222222222,0.943923707494739
11641_H1,fis,TMP,243.964444444444,1.04079313284751
11641_H1,fis,TMP,248.438055555556,1.1337723826345
11641_H1,fis,TMP,252.625833333333,1.20886750444369
11641_H1,fis,TMP,256.840833333333,1.26386525061444
11641_H1,fis,TMP,261.080277777778,1.3106436312288
11641_H1,fis,TMP,265.338888888889,1.38298721333309
11641_H1,fis,TMP,270.856666666667,1.52855150722824
11641_H1,fis,TMP,275.508611111111,1.77715408333293
11641_H1,fis,TMP,279.745,2.11382378678635
11641_H1,fis,TMP,283.956111111111,2.48938275934638
11641_H1,fis,TMP,288.146666666667,2.85719943623682
11641_H1,fis,TMP,292.408611111111,3.18598183795619
11641_H1,fis,TMP,297.5125,3.43944176010556
11641_H1,fis,TMP,301.691111111111,3.58027133820018
11641_H1,fis,TMP,305.93,3.61620947503884
11641_H1,fis,TMP,310.245,3.61426665995616
11641_H1,fis,TMP,315.519166666667,3.64128739922982
11641_H1,fis,TMP,319.809444444445,3.70154412998026
11641_H1,fis,TMP,324.042222222222,3.73832743589911
11641_H1,fis,TMP,328.224166666667,3.67646389376343
11641_H1,fis,TMP,332.466388888889,3.47576650341013
11641_H1,fis,TMP,336.703055555556,3.18751413005843
11641_H1,fis,TMP,342.038333333333,2.95789819698765
11641_H1,fis,TMP,346.251944444445,2.92712029027939
11641_H1,fis,TMP,350.513611111111,3.11041523329304
11641_H1,fis,TMP,354.773611111111,3.40336899698261
11641_H1,fis,TMP,359.0675,3.69722284137947
11641_H1,fis,TMP,364.67,3.95657771555948
11641_H1,fis,TMP,368.869722222222,4.19333915996761
11641_H1,fis,TMP,373.084722222222,4.40015725549767
11641_H1,fis,TMP,377.296666666667,4.51961401963366
11641_H1,fis,TMP,381.568333333333,4.48340396077875
11641_H1,fis,TMP,385.918611111111,4.30096400273
11641_H1,fis,TMP,391.245277777778,4.10297353429386
11641_H1,fis,TMP,395.431388888889,4.06135130598243
11641_H1,fis,TMP,399.685555555556,4.25617274639255
11641_H1,fis,TMP,403.941111111111,4.63957728978276
11641_H1,fis,TMP,409.952777777778,5.10737133565045
11641_H1,fis,TMP,414.183055555556,5.55858832077515
11641_H1,fis,TMP,418.428333333333,5.91702194197145
11641_H1,fis,TMP,422.671111111111,6.17632481480055
11641_H1,fis,TMP,426.9225,6.42521157044201
11641_H1,fis,TMP,431.150555555556,6.76326592620158
11641_H1,fis,TMP,436.836666666667,7.17641190000651
11641_H1,fis,TMP,441.078611111111,7.52727106153148
11641_H1,fis,TMP,445.382222222222,7.67305713843634
11641_H1,fis,TMP,449.632222222222,7.57536001288801
11641_H1,fis,TMP,453.940555555556,7.30175148489032
11641_H1,fis,TMP,458.190833333333,6.93837308962919
11641_H1,fis,TMP,463.011666666667,6.51001539746932
11641_H1,fis,TMP,467.245277777778,5.99492247296412
11641_H1,fis,TMP,471.487222222222,5.40734469371621
11641_H1,fis,TMP,475.689166666667,4.84389804143447
11641_H1,fis,TMP,481.425,4.45340100516847
11641_H1,fis,TMP,485.619722222222,4.36866129296033
11641_H1,fis,TMP,489.948055555556,4.63772749536371
11641_H1,fis,TMP,494.179444444445,5.17734504825615
11641_H1,fis,TMP,498.409444444444,5.79707276493472
11641_H1,fis,TMP,502.725,6.31814922110744
11641_H1,fis,TMP,507.932222222222,6.68864772199491
11641_H1,fis,TMP,512.114722222222,6.96766030504429
11641_H1,fis,TMP,516.374722222222,7.22348769883513
11641_H1,fis,TMP,520.558888888889,7.48803572972204
11641_H1,fis,TMP,524.774722222222,7.77892655847626
11641_H1,fis,TMP,530.288055555556,8.09658489514289
11641_H1,fis,TMP,534.502777777778,8.38571765713362
11641_H1,fis,TMP,538.737777777778,8.53951316268272
11641_H1,fis,TMP,543.014722222222,8.47369430887775
11641_H1,fis,TMP,547.2375,8.19626206051253
11641_H1,fis,TMP,551.562222222222,7.80388609668213
11641_H1,fis,TMP,556.573888888889,7.42318654795975
11641_H1,fis,TMP,560.863333333333,7.15123042799697
11641_H1,fis,TMP,565.082777777778,7.03051897854958
11641_H1,fis,TMP,569.271388888889,7.05452786613516
11641_H1,fis,TMP,573.516111111111,7.1743441202628
11642_F9,tolC,TMP,0.0,0.0284060626606953
11642_F9,tolC,TMP,6.23138888888889,0.0500156114226899
11642_F9,tolC,TMP,10.4813888888889,0.069445951838448
11642_F9,tolC,TMP,14.7341666666667,0.0782995015954969
11642_F9,tolC,TMP,18.9980555555556,0.0762621827946252
11642_F9,tolC,TMP,23.2613888888889,0.0712938578186746
11642_F9,tolC,TMP,27.48,0.0702612824071401
11642_F9,tolC,TMP,32.4836111111111,0.0721876722258612
11642_F9,tolC,TMP,36.7441666666667,0.0722414110173561
11642_F9,tolC,TMP,41.0044444444445,0.0697962153793682
11642_F9,tolC,TMP,45.2494444444444,0.0695620089259105
11642_F9,tolC,TMP,49.4983333333333,0.0753880345520968
11642_F9,tolC,TMP,54.7433333333333,0.0857498309177826
11642_F9,tolC,TMP,58.9588888888889,0.0961873240979786
11642_F9,tolC,TMP,63.2180555555556,0.104655167367544
11642_F9,tolC,TMP,67.4783333333333,0.113123948799377
11642_F9,tolC,TMP,71.7494444444445,0.124057759781493
11642_F9,tolC,TMP,76.0041666666667,0.136598530726011
11642_F9,tolC,TMP,81.2269444444444,0.147377512558081
11642_F9,tolC,TMP,85.4977777777778,0.154744768856416
11642_F9,tolC,TMP,89.8058333333333,0.161036858494776
11642_F9,tolC,TMP,94.1002777777778,0.170311544556414
11642_F9,tolC,TMP,98.4180555555556,0.18414986300551
11642_F9,tolC,TMP,103.670833333333,0.200408778785858
11642_F9,tolC,TMP,107.881111111111,0.216972029043
11642_F9,tolC,TMP,112.119444444444,0.235821902360334
11642_F9,tolC,TMP,116.365555555556,0.261039437946416
11642_F9,tolC,TMP,121.333611111111,0.293004695287381
11642_F9,tolC,TMP,126.659444444444,0.327409631115869
11642_F9,tolC,TMP,130.830555555556,0.359460696009823
11642_F9,tolC,TMP,135.082777777778,0.385321794800662
11642_F9,tolC,TMP,139.311111111111,0.400992525714356
11642_F9,tolC,TMP,143.6375,0.406154685960893
11642_F9,tolC,TMP,147.891666666667,0.408574620345247
11642_F9,tolC,TMP,154.225,0.418022152933266
11642_F9,tolC,TMP,158.485555555556,0.436123208335795
11642_F9,tolC,TMP,163.581666666667,0.457172839258845
11642_F9,tolC,TMP,168.008611111111,0.476038152171734
11642_F9,tolC,TMP,172.233055555556,0.489480907014873
11642_F9,tolC,TMP,177.260277777778,0.492950620362452
11642_F9,tolC,TMP,181.5075,0.483176702001129
11642_F9,tolC,TMP,185.7575,0.464766514728022
11642_F9,tolC,TMP,190.003333333333,0.450052714632927
11642_F9,tolC,TMP,194.394722222222,0.449739341683668
11642_F9,tolC,TMP,200.171944444444,0.464540831052711
11642_F9,tolC,TMP,204.373055555556,0.487415141795725
11642_F9,tolC,TMP,208.621944444444,0.513966303268412
11642_F9,tolC,TMP,212.868888888889,0.548203956506221
11642_F9,tolC,TMP,218.261666666667,0.593581851222961
11642_F9,tolC,TMP,222.723888888889,0.636683818120315
11642_F9,tolC,TMP,226.956944444444,0.644167404889084
11642_F9,tolC,TMP,231.18,0.584742758754743
11642_F9,tolC,TMP,235.409166666667,0.463294563599232
11642_F9,tolC,TMP,239.644444444444,0.33519524997689
11642_F9,tolC,TMP,244.366666666667,0.277383986482637
11642_F9,tolC,TMP,248.845833333333,0.331692190836938
11642_F9,tolC,TMP,253.128888888889,0.468537152551003
11642_F9,tolC,TMP,257.353888888889,0.608075593181752
11642_F9,tolC,TMP,261.586944444444,0.688426295371782
11642_F9,tolC,TMP,265.804722222222,0.718324927876004
11642_F9,tolC,TMP,271.424166666667,0.74837925087626
11642_F9,tolC,TMP,275.921388888889,0.788678199481581
11642_F9,tolC,TMP,280.159722222222,0.795417220418186
11642_F9,tolC,TMP,284.398888888889,0.755403889894888
11642_F9,tolC,TMP,288.672777777778,0.721805422949896
11642_F9,tolC,TMP,293.623888888889,0.738803691282212
11642_F9,tolC,TMP,297.813888888889,0.797067518633406
11642_F9,tolC,TMP,301.966944444444,0.878041255755857
11642_F9,tolC,TMP,306.200277777778,0.968696995443256
11642_F9,tolC,TMP,310.659166666667,1.03511838349123
11642_F9,tolC,TMP,315.923055555556,1.05821811400338
11642_F9,tolC,TMP,320.099444444444,1.08213543870606
11642_F9,tolC,TMP,324.343055555556,1.15536127830147
11642_F9,tolC,TMP,328.498888888889,1.24693633831695
11642_F9,tolC,TMP,332.736111111111,1.2880917397188
11642_F9,tolC,TMP,337.136111111111,1.26697836942455
11642_F9,tolC,TMP,342.450555555556,1.22272368367154
11642_F9,tolC,TMP,346.693333333333,1.18496877825431
11642_F9,tolC,TMP,350.956666666667,1.1645887192749
11642_F9,tolC,TMP,355.252777777778,1.16317996849814
11642_F9,tolC,TMP,359.47,1.17394200770466
11642_F9,tolC,TMP,365.074166666667,1.19611773382766
11642_F9,tolC,TMP,369.395,1.23116130243955
11642_F9,tolC,TMP,373.611111111111,1.27285428222427
11642_F9,tolC,TMP,377.825277777778,1.33229306560587
11642_F9,tolC,TMP,382.075,1.4321460691897
11642_F9,tolC,TMP,386.373333333333,1.55549807200705
11642_F9,tolC,TMP,391.658055555556,1.65536690222745
11642_F9,tolC,TMP,395.906111111111,1.71980324678576
11642_F9,tolC,TMP,400.161388888889,1.78048198387034
11642_F9,tolC,TMP,404.416944444444,1.85063291412737
11642_F9,tolC,TMP,410.358055555556,1.88190048017004
11642_F9,tolC,TMP,414.689722222222,1.81565734994144
11642_F9,tolC,TMP,418.935833333333,1.69027969456731
11642_F9,tolC,TMP,423.178888888889,1.65257524466554
11642_F9,tolC,TMP,427.3975,1.81172411014649
11642_F9,tolC,TMP,431.674166666667,2.10930223449566
11642_F9,tolC,TMP,437.2775,2.37400487176772
11642_F9,tolC,TMP,441.554444444445,2.47398595303309
11642_F9,tolC,TMP,445.824444444445,2.39240707758552
11642_F9,tolC,TMP,450.098888888889,2.19635545092118
11642_F9,tolC,TMP,454.346111111111,1.96310461095888
11642_F9,tolC,TMP,458.630833333333,1.73429000580888
11642_F9,tolC,TMP,463.416666666667,1.53833590801132
11642_F9,tolC,TMP,467.750555555556,1.41983387289967
11642_F9,tolC,TMP,471.993055555556,1.39227745175211
11642_F9,tolC,TMP,476.221666666667,1.39871397164517
11642_F9,tolC,TMP,481.829166666667,1.39418313640319
11642_F9,tolC,TMP,486.148055555556,1.42773623999806
11642_F9,tolC,TMP,490.360555555556,1.56349503673025
11642_F9,tolC,TMP,494.59,1.75750698336462
11642_F9,tolC,TMP,498.821666666667,1.88334685631773
11642_F9,tolC,TMP,503.140833333333,1.85528108409866
11642_F9,tolC,TMP,508.3375,1.69323808612175
11642_F9,tolC,TMP,512.640555555556,1.50467675858417
11642_F9,tolC,TMP,516.846944444445,1.41781655340211
11642_F9,tolC,TMP,521.083333333333,1.48287266165538
11642_F9,tolC,TMP,525.299444444445,1.61985383442576
11642_F9,tolC,TMP,530.700833333333,1.69059053190678
11642_F9,tolC,TMP,534.906111111111,1.62816473475134
11642_F9,tolC,TMP,539.205555555556,1.49727352066142
11642_F9,tolC,TMP,543.456944444444,1.43413090137264
11642_F9,tolC,TMP,547.710277777778,1.51532950323612
11642_F9,tolC,TMP,552.006388888889,1.69602099094192
11642_F9,tolC,TMP,556.984722222222,1.89746320516354
11642_F9,tolC,TMP,561.171111111111,2.11634998057074
11642_F9,tolC,TMP,565.443611111111,2.40259805391131
11642_F9,tolC,TMP,569.731388888889,2.7577921280072
11642_F9,tolC,TMP,573.992222222222,3.10540037243324
11642_D6,dnaK,TMP,0.0,0.0328341981582074
11642_D6,dnaK,TMP,6.23138888888889,0.0696755868766055
11642_D6,dnaK,TMP,10.4813888888889,0.123649454191786
11642_D6,dnaK,TMP,14.7341666666667,0.186531517881431
11642_D6,dnaK,TMP,18.9980555555556,0.243512331719407
11642_D6,dnaK,TMP,23.2613888888889,0.280512812542355
11642_D6,dnaK,TMP,27.48,0.291284421021886
11642_D6,dnaK,TMP,32.4836111111111,0.279474297458535
11642_D6,dnaK,TMP,36.7441666666667,0.255362555844374
11642_D6,dnaK,TMP,41.0044444444445,0.230463772258137
11642_D6,dnaK,TMP,45.2494444444444,0.213553645319347
11642_D6,dnaK,TMP,49.4983333333333,0.209177637728531
11642_D6,dnaK,TMP,54.7433333333333,0.217422349335472
11642_D6,dnaK,TMP,58.9588888888889,0.23418004202488
11642_D6,dnaK,TMP,63.2180555555556,0.252837722738239
11642_D6,dnaK,TMP,67.4783333333333,0.267605870284169
11642_D6,dnaK,TMP,71.7494444444445,0.276143376131533
11642_D6,dnaK,TMP,76.0041666666667,0.279801658567302
11642_D6,dnaK,TMP,81.2269444444444,0.283280118026856
11642_D6,dnaK,TMP,85.4977777777778,0.295086949457714
11642_D6,dnaK,TMP,89.8058333333333,0.325910615016626
11642_D6,dnaK,TMP,94.1002777777778,0.381125136950241
11642_D6,dnaK,TMP,98.4180555555556,0.450981896847654
11642_D6,dnaK,TMP,103.670833333333,0.510374340113996
11642_D6,dnaK,TMP,107.881111111111,0.535247927084366
11642_D6,dnaK,TMP,112.119444444444,0.523895210024909
11642_D6,dnaK,TMP,116.365555555556,0.501305396506983
11642_D6,dnaK,TMP,121.333611111111,0.498795802769048
11642_D6,dnaK,TMP,126.659444444444,0.526839760759852
11642_D6,dnaK,TMP,130.830555555556,0.57033517020078
11642_D6,dnaK,TMP,135.082777777778,0.613298319804043
11642_D6,dnaK,TMP,139.311111111111,0.66215713233337
11642_D6,dnaK,TMP,143.6375,0.733257722111816
11642_D6,dnaK,TMP,147.891666666667,0.815357884138727
11642_D6,dnaK,TMP,154.225,0.860268653169954
11642_D6,dnaK,TMP,158.485555555556,0.829040229347077
11642_D6,dnaK,TMP,163.581666666667,0.740701866922679
11642_D6,dnaK,TMP,168.008611111111,0.652431381272317
11642_D6,dnaK,TMP,172.233055555556,0.593394971896921
11642_D6,dnaK,TMP,177.260277777778,0.540652937128269
11642_D6,dnaK,TMP,181.5075,0.460927536073923
11642_D6,dnaK,TMP,185.7575,0.353731111712822
11642_D6,dnaK,TMP,190.003333333333,0.249781965397443
11642_D6,dnaK,TMP,194.394722222222,0.186261246245037
11642_D6,dnaK,TMP,200.171944444444,0.186682550272346
11642_D6,dnaK,TMP,204.373055555556,0.249493921321087
11642_D6,dnaK,TMP,208.621944444444,0.349376854435453
11642_D6,dnaK,TMP,212.868888888889,0.450136310270783
11642_D6,dnaK,TMP,218.261666666667,0.514600587492248
11642_D6,dnaK,TMP,222.723888888889,0.511519916319961
11642_D6,dnaK,TMP,226.956944444444,0.435346299973927
11642_D6,dnaK,TMP,231.18,0.327343236014928
11642_D6,dnaK,TMP,235.409166666667,0.258580691204526
11642_D6,dnaK,TMP,239.644444444444,0.274991703538091
11642_D6,dnaK,TMP,244.366666666667,0.362621000172945
11642_D6,dnaK,TMP,248.845833333333,0.470121443734937
11642_D6,dnaK,TMP,253.128888888889,0.555969093349365
11642_D6,dnaK,TMP,257.353888888889,0.606882034923715
11642_D6,dnaK,TMP,261.586944444444,0.623662304266166
11642_D6,dnaK,TMP,265.804722222222,0.612873722793148
11642_D6,dnaK,TMP,271.424166666667,0.597480821483373
11642_D6,dnaK,TMP,275.921388888889,0.616858272648067
11642_D6,dnaK,TMP,280.159722222222,0.701040498090169
11642_D6,dnaK,TMP,284.398888888889,0.842017573574167
11642_D6,dnaK,TMP,288.672777777778,0.99485901918231
11642_D6,dnaK,TMP,293.623888888889,1.11819482146874
11642_D6,dnaK,TMP,297.813888888889,1.21516704521371
11642_D6,dnaK,TMP,301.966944444444,1.33125021787048
11642_D6,dnaK,TMP,306.200277777778,1.51294946753378
11642_D6,dnaK,TMP,310.659166666667,1.76350656316938
11642_D6,dnaK,TMP,315.923055555556,2.03009278892365
11642_D6,dnaK,TMP,320.099444444444,2.22987513083366
11642_D6,dnaK,TMP,324.343055555556,2.29737123250993
11642_D6,dnaK,TMP,328.498888888889,2.22638474808389
11642_D6,dnaK,TMP,332.736111111111,2.07612582127186
11642_D6,dnaK,TMP,337.136111111111,1.93088022519394
11642_D6,dnaK,TMP,342.450555555556,1.84586562120547
11642_D6,dnaK,TMP,346.693333333333,1.82495238144645
11642_D6,dnaK,TMP,350.956666666667,1.84269736402419
11642_D6,dnaK,TMP,355.252777777778,1.88015229802293
11642_D6,dnaK,TMP,359.47,1.93858013116314
11642_D6,dnaK,TMP,365.074166666667,2.02309646708074
11642_D6,dnaK,TMP,369.395,2.1180819265174
11642_D6,dnaK,TMP,373.611111111111,2.1934635160523
11642_D6,dnaK,TMP,377.825277777778,2.24694472978647
11642_D6,dnaK,TMP,382.075,2.3205351901465
11642_D6,dnaK,TMP,386.373333333333,2.45760760681461
11642_D6,dnaK,TMP,391.658055555556,2.66319469493018
11642_D6,dnaK,TMP,395.906111111111,2.91897945762157
11642_D6,dnaK,TMP,400.161388888889,3.21129717199615
11642_D6,dnaK,TMP,404.416944444444,3.50880561021473
11642_D6,dnaK,TMP,410.358055555556,3.71202816305301
11642_D6,dnaK,TMP,414.689722222222,3.67144579682603
11642_D6,dnaK,TMP,418.935833333333,3.32185824665077
11642_D6,dnaK,TMP,423.178888888889,2.82697862007858
11642_D6,dnaK,TMP,427.3975,2.5320824793811
11642_D6,dnaK,TMP,431.674166666667,2.67858248386284
11642_D6,dnaK,TMP,437.2775,3.14989510236137
11642_D6,dnaK,TMP,441.554444444445,3.55968645612818
11642_D6,dnaK,TMP,445.824444444445,3.60972773478004
11642_D6,dnaK,TMP,450.098888888889,3.32738863905219
11642_D6,dnaK,TMP,454.346111111111,2.96687900162458
11642_D6,dnaK,TMP,458.630833333333,2.7522436232437
11642_D6,dnaK,TMP,463.416666666667,2.74073149377583
11642_D6,dnaK,TMP,467.750555555556,2.86871093890423
11642_D6,dnaK,TMP,471.993055555556,3.05920426085029
11642_D6,dnaK,TMP,476.221666666667,3.27894338511204
11642_D6,dnaK,TMP,481.829166666667,3.5252896951573
11642_D6,dnaK,TMP,486.148055555556,3.77353555635343
11642_D6,dnaK,TMP,490.360555555556,3.94191965818069
11642_D6,dnaK,TMP,494.59,3.94210541932869
11642_D6,dnaK,TMP,498.821666666667,3.78146792588996
11642_D6,dnaK,TMP,503.140833333333,3.57463984727531
11642_D6,dnaK,TMP,508.3375,3.45030793876367
11642_D6,dnaK,TMP,512.640555555556,3.4998765791958
11642_D6,dnaK,TMP,516.846944444445,3.7811037752165
11642_D6,dnaK,TMP,521.083333333333,4.27918998664911
11642_D6,dnaK,TMP,525.299444444445,4.87195670037897
11642_D6,dnaK,TMP,530.700833333333,5.39060185723903
11642_D6,dnaK,TMP,534.906111111111,5.71758478937472
11642_D6,dnaK,TMP,539.205555555556,5.81980183428043
11642_D6,dnaK,TMP,543.456944444444,5.7186864535956
11642_D6,dnaK,TMP,547.710277777778,5.46279501429179
11642_D6,dnaK,TMP,552.006388888889,5.13762053160252
11642_D6,dnaK,TMP,556.984722222222,4.86374663230624
11642_D6,dnaK,TMP,561.171111111111,4.72184118702071
11642_D6,dnaK,TMP,565.443611111111,4.68560912559835
11642_D6,dnaK,TMP,569.731388888889,4.67794654025127
11642_D6,dnaK,TMP,573.992222222222,4.66517561618176
11642_E4,acrB,TMP,0.0,0.0302960021950156
11642_E4,acrB,TMP,6.23138888888889,0.054246547355245
11642_E4,acrB,TMP,10.4813888888889,0.0759306454376501
11642_E4,acrB,TMP,14.7341666666667,0.0837021668988317
11642_E4,acrB,TMP,18.9980555555556,0.0737020063198081
11642_E4,acrB,TMP,23.2613888888889,0.0541671841052852
11642_E4,acrB,TMP,27.48,0.0386449324493187
11642_E4,acrB,TMP,32.4836111111111,0.0357555809817547
11642_E4,acrB,TMP,36.7441666666667,0.0441764762200275
11642_E4,acrB,TMP,41.0044444444445,0.0553425894398956
11642_E4,acrB,TMP,45.2494444444444,0.0617315825749902
11642_E4,acrB,TMP,49.4983333333333,0.0637541834513727
11642_E4,acrB,TMP,54.7433333333333,0.0681370260836283
11642_E4,acrB,TMP,58.9588888888889,0.0801358473728152
11642_E4,acrB,TMP,63.2180555555556,0.0986027996051754
11642_E4,acrB,TMP,67.4783333333333,0.117857362085859
11642_E4,acrB,TMP,71.7494444444445,0.132543075696677
11642_E4,acrB,TMP,76.0041666666667,0.140366046827828
11642_E4,acrB,TMP,81.2269444444444,0.141712051983332
11642_E4,acrB,TMP,85.4977777777778,0.138850908362936
11642_E4,acrB,TMP,89.8058333333333,0.136438372264148
11642_E4,acrB,TMP,94.1002777777778,0.140983798415657
11642_E4,acrB,TMP,98.4180555555556,0.156734022167038
11642_E4,acrB,TMP,103.670833333333,0.180858528367693
11642_E4,acrB,TMP,107.881111111111,0.204460494827361
11642_E4,acrB,TMP,112.119444444444,0.220404991028373
11642_E4,acrB,TMP,116.365555555556,0.230073777477748
11642_E4,acrB,TMP,121.333611111111,0.241071149300098
11642_E4,acrB,TMP,126.659444444444,0.257986528764438
11642_E4,acrB,TMP,130.830555555556,0.276753486614394
11642_E4,acrB,TMP,135.082777777778,0.28886623542207
11642_E4,acrB,TMP,139.311111111111,0.290027001536281
11642_E4,acrB,TMP,143.6375,0.284513703700718
11642_E4,acrB,TMP,147.891666666667,0.283915353088257
11642_E4,acrB,TMP,154.225,0.304495896463682
11642_E4,acrB,TMP,158.485555555556,0.364360758361274
11642_E4,acrB,TMP,163.581666666667,0.476414782227992
11642_E4,acrB,TMP,168.008611111111,0.633709078059321
11642_E4,acrB,TMP,172.233055555556,0.797940929625495
11642_E4,acrB,TMP,177.260277777778,0.914820404104052
11642_E4,acrB,TMP,181.5075,0.959136328509072
11642_E4,acrB,TMP,185.7575,0.96941784794312
11642_E4,acrB,TMP,190.003333333333,1.03306171935292
11642_E4,acrB,TMP,194.394722222222,1.22711628889752
11642_E4,acrB,TMP,200.171944444444,1.55324090366946
11642_E4,acrB,TMP,204.373055555556,1.91923017113926
11642_E4,acrB,TMP,208.621944444444,2.19555915021073
11642_E4,acrB,TMP,212.868888888889,2.30384150017563
11642_E4,acrB,TMP,218.261666666667,2.25922188219877
11642_E4,acrB,TMP,222.723888888889,2.13898581158008
11642_E4,acrB,TMP,226.956944444444,2.01777914243542
11642_E4,acrB,TMP,231.18,1.93305077720981
11642_E4,acrB,TMP,235.409166666667,1.90298660771256
11642_E4,acrB,TMP,239.644444444444,1.95040042773273
11642_E4,acrB,TMP,244.366666666667,2.08565315406008
11642_E4,acrB,TMP,248.845833333333,2.27631351862822
11642_E4,acrB,TMP,253.128888888889,2.46255066643472
11642_E4,acrB,TMP,257.353888888889,2.61146723073655
11642_E4,acrB,TMP,261.586944444444,2.7413515979518
11642_E4,acrB,TMP,265.804722222222,2.88828840347133
11642_E4,acrB,TMP,271.424166666667,3.06795287531516
11642_E4,acrB,TMP,275.921388888889,3.27104135940713
11642_E4,acrB,TMP,280.159722222222,3.46617093708102
11642_E4,acrB,TMP,284.398888888889,3.60490444053369
11642_E4,acrB,TMP,288.672777777778,3.65466166219353
11642_E4,acrB,TMP,293.623888888889,3.64238753570085
11642_E4,acrB,TMP,297.813888888889,3.66703982336582
11642_E4,acrB,TMP,301.966944444444,3.85554575320117
11642_E4,acrB,TMP,306.200277777778,4.26059858325588
11642_E4,acrB,TMP,310.659166666667,4.77273291207262
11642_E4,acrB,TMP,315.923055555556,5.16399319203765
11642_E4,acrB,TMP,320.099444444444,5.26428585041537
11642_E4,acrB,TMP,324.343055555556,5.10833962937754
11642_E4,acrB,TMP,328.498888888889,4.90515205262639
11642_E4,acrB,TMP,332.736111111111,4.86969035502722
11642_E4,acrB,TMP,337.136111111111,5.07786556078108
11642_E4,acrB,TMP,342.450555555556,5.43899070508304
11642_E4,acrB,TMP,346.693333333333,5.79443562012758
11642_E4,acrB,TMP,350.956666666667,6.08710473797077
11642_E4,acrB,TMP,355.252777777778,6.42831790349375
11642_E4,acrB,TMP,359.47,6.93837170304812
11642_E4,acrB,TMP,365.074166666667,7.53087906724854
11642_E4,acrB,TMP,369.395,7.93033189140592
11642_E4,acrB,TMP,373.611111111111,7.92833833342835
11642_E4,acrB,TMP,377.825277777778,7.59556677462762
11642_E4,acrB,TMP,382.075,7.26467812387009
11642_E4,acrB,TMP,386.373333333333,7.34485098244724
11642_E4,acrB,TMP,391.658055555556,8.05144917446901
11642_E4,acrB,TMP,395.906111111111,9.16655050994747
11642_E4,acrB,TMP,400.161388888889,10.1015578470991
11642_E4,acrB,TMP,404.416944444444,10.3297189790157
11642_E4,acrB,TMP,410.358055555556,9.79335645212064
11642_E4,acrB,TMP,414.689722222222,8.91218414049158
11642_E4,acrB,TMP,418.935833333333,8.29608008907591
11642_E4,acrB,TMP,423.178888888889,8.44930159262066
11642_E4,acrB,TMP,427.3975,9.52709575678163
11642_E4,acrB,TMP,431.674166666667,11.1462643980757
11642_E4,acrB,TMP,437.2775,12.4675681574282
11642_E4,acrB,TMP,441.554444444445,12.7010410224707
11642_E4,acrB,TMP,445.824444444445,11.6747004225667
11642_E4,acrB,TMP,450.098888888889,9.90508579923073
11642_E4,acrB,TMP,454.346111111111,8.15367626787176
11642_E4,acrB,TMP,458.630833333333,6.98209376673912
11642_E4,acrB,TMP,463.416666666667,6.62839681530538
11642_E4,acrB,TMP,467.750555555556,7.08360937983192
11642_E4,acrB,TMP,471.993055555556,8.1593576458237
11642_E4,acrB,TMP,476.221666666667,9.48678754590958
11642_E4,acrB,TMP,481.829166666667,10.5459314864864
11642_E4,acrB,TMP,486.148055555556,10.8687437993183
11642_E4,acrB,TMP,490.360555555556,10.3578428013628
11642_E4,acrB,TMP,494.59,9.41175174749677
11642_E4,acrB,TMP,498.821666666667,8.6561469932778
11642_E4,acrB,TMP,503.140833333333,8.48892521945522
11642_E4,acrB,TMP,508.3375,8.87258350508075
11642_E4,acrB,TMP,512.640555555556,9.55220251016949
11642_E4,acrB,TMP,516.846944444445,10.3736752633675
11642_E4,acrB,TMP,521.083333333333,11.2858260852878
11642_E4,acrB,TMP,525.299444444445,12.0973048322318
11642_E4,acrB,TMP,530.700833333333,12.4249746627834
11642_E4,acrB,TMP,534.906111111111,11.9955519896456
11642_E4,acrB,TMP,539.205555555556,10.9370854298901
11642_E4,acrB,TMP,543.456944444444,9.66830018367096
11642_E4,acrB,TMP,547.710277777778,8.53906958507172
11642_E4,acrB,TMP,552.006388888889,7.69426550899675
11642_E4,acrB,TMP,556.984722222222,7.21227142718192
11642_E4,acrB,TMP,561.171111111111,7.15512561210919
11642_E4,acrB,TMP,565.443611111111,7.45553467140782
11642_E4,acrB,TMP,569.731388888889,7.90587938544578
11642_E4,acrB,TMP,573.992222222222,8.3033813601841
11642_H5,recA,TMP,0.0,0.019506415909859
11642_H5,recA,TMP,6.23138888888889,0.0364608188388872
11642_H5,recA,TMP,10.4813888888889,0.0574048271974146
11642_H5,recA,TMP,14.7341666666667,0.0787150403872045
11642_H5,recA,TMP,18.9980555555556,0.0970442155687595
11642_H5,recA,TMP,23.2613888888889,0.110206020623001
11642_H5,recA,TMP,27.48,0.117033232353714
11642_H5,recA,TMP,32.4836111111111,0.117499248639506
11642_H5,recA,TMP,36.7441666666667,0.112679428727717
11642_H5,recA,TMP,41.0044444444445,0.103713616997079
11642_H5,recA,TMP,45.2494444444444,0.0911740040605549
11642_H5,recA,TMP,49.4983333333333,0.075848793478958
11642_H5,recA,TMP,54.7433333333333,0.0594740374003416
11642_H5,recA,TMP,58.9588888888889,0.0443519712913688
11642_H5,recA,TMP,63.2180555555556,0.0324930912340545
11642_H5,recA,TMP,67.4783333333333,0.0248383839778539
11642_H5,recA,TMP,71.7494444444445,0.0208621804211624
11642_H5,recA,TMP,76.0041666666667,0.0190959907175626
11642_H5,recA,TMP,81.2269444444444,0.0181378769106536
11642_H5,recA,TMP,85.4977777777778,0.0172898564365195
11642_H5,recA,TMP,89.8058333333333,0.0172512959977493
11642_H5,recA,TMP,94.1002777777778,0.0208819094360345
11642_H5,recA,TMP,98.4180555555556,0.0324167127821215
11642_H5,recA,TMP,103.670833333333,0.0547415788671916
11642_H5,recA,TMP,107.881111111111,0.0868923456632893
11642_H5,recA,TMP,112.119444444444,0.123458430805967
11642_H5,recA,TMP,116.365555555556,0.155645786998894
11642_H5,recA,TMP,121.333611111111,0.173162462803808
11642_H5,recA,TMP,126.659444444444,0.167671441218905
11642_H5,recA,TMP,130.830555555556,0.139211689937379
11642_H5,recA,TMP,135.082777777778,0.101422929800025
11642_H5,recA,TMP,139.311111111111,0.0763498288454886
11642_H5,recA,TMP,143.6375,0.0795868088994531
11642_H5,recA,TMP,147.891666666667,0.110265390124077
11642_H5,recA,TMP,154.225,0.154258102019225
11642_H5,recA,TMP,158.485555555556,0.193043918750561
11642_H5,recA,TMP,163.581666666667,0.209841085909678
11642_H5,recA,TMP,168.008611111111,0.195304380351219
11642_H5,recA,TMP,172.233055555556,0.155200000893689
11642_H5,recA,TMP,177.260277777778,0.111995383923634
11642_H5,recA,TMP,181.5075,0.0924121409489238
11642_H5,recA,TMP,185.7575,0.107839978993622
11642_H5,recA,TMP,190.003333333333,0.14498666948619
11642_H5,recA,TMP,194.394722222222,0.175843138495344
11642_H5,recA,TMP,200.171944444444,0.178739391529712
11642_H5,recA,TMP,204.373055555556,0.154008450017774
11642_H5,recA,TMP,208.621944444444,0.123629808146845
11642_H5,recA,TMP,212.868888888889,0.112375932343511
11642_H5,recA,TMP,218.261666666667,0.123079611927091
11642_H5,recA,TMP,222.723888888889,0.135157012393375
11642_H5,recA,TMP,226.956944444444,0.134257155949463
11642_H5,recA,TMP,231.18,0.130726110362175
11642_H5,recA,TMP,235.409166666667,0.136914673073183
11642_H5,recA,TMP,239.644444444444,0.145349373553332
11642_H5,recA,TMP,244.366666666667,0.149117669755475
11642_H5,recA,TMP,248.845833333333,0.166046723833983
11642_H5,recA,TMP,253.128888888889,0.219339855989453
11642_H5,recA,TMP,257.353888888889,0.307499739903325
11642_H5,recA,TMP,261.586944444444,0.411434986074314
11642_H5,recA,TMP,265.804722222222,0.510927120092876
11642_H5,recA,TMP,271.424166666667,0.575946722983397
11642_H5,recA,TMP,275.921388888889,0.576809345644661
11642_H5,recA,TMP,280.159722222222,0.527702445873423
11642_H5,recA,TMP,284.398888888889,0.483734671102075
11642_H5,recA,TMP,288.672777777778,0.478523476207927
11642_H5,recA,TMP,293.623888888889,0.499080965178603
11642_H5,recA,TMP,297.813888888889,0.522576124690188
11642_H5,recA,TMP,301.966944444444,0.546746697368207
11642_H5,recA,TMP,306.200277777778,0.584877312459151
11642_H5,recA,TMP,310.659166666667,0.642212163101142
11642_H5,recA,TMP,315.923055555556,0.696484170578728
11642_H5,recA,TMP,320.099444444444,0.713258623272726
11642_H5,recA,TMP,324.343055555556,0.69170866039733
11642_H5,recA,TMP,328.498888888889,0.677050232821454
11642_H5,recA,TMP,332.736111111111,0.710973737643435
11642_H5,recA,TMP,337.136111111111,0.782723808031876
11642_H5,recA,TMP,342.450555555556,0.842960061221365
11642_H5,recA,TMP,346.693333333333,0.861621817553734
11642_H5,recA,TMP,350.956666666667,0.853502471734649
11642_H5,recA,TMP,355.252777777778,0.853713983739124
11642_H5,recA,TMP,359.47,0.890772949752172
11642_H5,recA,TMP,365.074166666667,0.968923720579887
11642_H5,recA,TMP,369.395,1.0523077794349
11642_H5,recA,TMP,373.611111111111,1.08763886339386
11642_H5,recA,TMP,377.825277777778,1.07114356180301
11642_H5,recA,TMP,382.075,1.07019198824493
11642_H5,recA,TMP,386.373333333333,1.15225592452147
11642_H5,recA,TMP,391.658055555556,1.29975950064328
11642_H5,recA,TMP,395.906111111111,1.41958507326892
11642_H5,recA,TMP,400.161388888889,1.45788639898256
11642_H5,recA,TMP,404.416944444444,1.47156435321334
11642_H5,recA,TMP,410.358055555556,1.53636246064414
11642_H5,recA,TMP,414.689722222222,1.61820257672267
11642_H5,recA,TMP,418.935833333333,1.60456250108314
11642_H5,recA,TMP,423.178888888889,1.45076437556454
11642_H5,recA,TMP,427.3975,1.24393419590937
11642_H5,recA,TMP,431.674166666667,1.1266122534054
11642_H5,recA,TMP,437.2775,1.18857994034257
11642_H5,recA,TMP,441.554444444445,1.41498342817837
11642_H5,recA,TMP,445.824444444445,1.69667564871516
11642_H5,recA,TMP,450.098888888889,1.89414200850938
11642_H5,recA,TMP,454.346111111111,1.91775608008736
11642_H5,recA,TMP,458.630833333333,1.77544123656522
11642_H5,recA,TMP,463.416666666667,1.57340163327586
11642_H5,recA,TMP,467.750555555556,1.45797853266096
11642_H5,recA,TMP,471.993055555556,1.50523884648388
11642_H5,recA,TMP,476.221666666667,1.65293604225228
11642_H5,recA,TMP,481.829166666667,1.75927219006701
11642_H5,recA,TMP,486.148055555556,1.73148682823425
11642_H5,recA,TMP,490.360555555556,1.61137126165379
11642_H5,recA,TMP,494.59,1.5542131061786
11642_H5,recA,TMP,498.821666666667,1.70643052750134
11642_H5,recA,TMP,503.140833333333,2.08137304929738
11642_H5,recA,TMP,508.3375,2.54107760576531
11642_H5,recA,TMP,512.640555555556,2.87634249186768
11642_H5,recA,TMP,516.846944444445,2.91662882007562
11642_H5,recA,TMP,521.083333333333,2.63059866055831
11642_H5,recA,TMP,525.299444444445,2.16968312708169
11642_H5,recA,TMP,530.700833333333,1.78599123306041
11642_H5,recA,TMP,534.906111111111,1.65100671016142
11642_H5,recA,TMP,539.205555555556,1.74793348272152
11642_H5,recA,TMP,543.456944444444,1.94190345533795
11642_H5,recA,TMP,547.710277777778,2.11636550955147
11642_H5,recA,TMP,552.006388888889,2.2360851022085
11642_H5,recA,TMP,556.984722222222,2.32841204503381
11642_H5,recA,TMP,561.171111111111,2.43316723243525
11642_H5,recA,TMP,565.443611111111,2.56371692483597
11642_H5,recA,TMP,569.731388888889,2.70284202935582
11642_H5,recA,TMP,573.992222222222,2.82296719773418
11642_E2,hns,TMP,0.0,0.0175152190994672
11642_E2,hns,TMP,6.23138888888889,0.0322533025347717
11642_E2,hns,TMP,10.4813888888889,0.0490897352680737
11642_E2,hns,TMP,14.7341666666667,0.0628700507210066
11642_E2,hns,TMP,18.9980555555556,0.0694430355569031
11642_E2,hns,TMP,23.2613888888889,0.0688889369597354
11642_E2,hns,TMP,27.48,0.0651609001291164
11642_E2,hns,TMP,32.4836111111111,0.0624406086520473
11642_E2,hns,TMP,36.7441666666667,0.0620937894308155
11642_E2,hns,TMP,41.0044444444445,0.0626125528018653
11642_E2,hns,TMP,45.2494444444444,0.0616529737576908
11642_E2,hns,TMP,49.4983333333333,0.058212052143294
11642_E2,hns,TMP,54.7433333333333,0.0534418657354595
11642_E2,hns,TMP,58.9588888888889,0.0496161785899291
11642_E2,hns,TMP,63.2180555555556,0.0483435197616908
11642_E2,hns,TMP,67.4783333333333,0.0497622047737266
11642_E2,hns,TMP,71.7494444444445,0.0531245026026069
11642_E2,hns,TMP,76.0041666666667,0.0577825869752807
11642_E2,hns,TMP,81.2269444444444,0.0635797083860707
11642_E2,hns,TMP,85.4977777777778,0.0704405013748494
11642_E2,hns,TMP,89.8058333333333,0.0779836553817811
11642_E2,hns,TMP,94.1002777777778,0.0858447645330605
11642_E2,hns,TMP,98.4180555555556,0.0937218395059791
11642_E2,hns,TMP,103.670833333333,0.100531276240853
11642_E2,hns,TMP,107.881111111111,0.104614128598654
11642_E2,hns,TMP,112.119444444444,0.105592502136325
11642_E2,hns,TMP,116.365555555556,0.104624474357327
11642_E2,hns,TMP,121.333611111111,0.101643284846424
11642_E2,hns,TMP,126.659444444444,0.0943291696526655
11642_E2,hns,TMP,130.830555555556,0.082972831217138
11642_E2,hns,TMP,135.082777777778,0.0754310054878366
11642_E2,hns,TMP,139.311111111111,0.0823148684982425
11642_E2,hns,TMP,143.6375,0.105963155321006
11642_E2,hns,TMP,147.891666666667,0.138414594629321
11642_E2,hns,TMP,154.225,0.171022962433223
11642_E2,hns,TMP,158.485555555556,0.200595261126236
11642_E2,hns,TMP,163.581666666667,0.224278579184727
11642_E2,hns,TMP,168.008611111111,0.233573348871092
11642_E2,hns,TMP,172.233055555556,0.218302522952836
11642_E2,hns,TMP,177.260277777778,0.178359435907473
11642_E2,hns,TMP,181.5075,0.131461580641325
11642_E2,hns,TMP,185.7575,0.104533489298115
11642_E2,hns,TMP,190.003333333333,0.111263846534799
11642_E2,hns,TMP,194.394722222222,0.137752026905026
11642_E2,hns,TMP,200.171944444444,0.154520418394724
11642_E2,hns,TMP,204.373055555556,0.145341605393076
11642_E2,hns,TMP,208.621944444444,0.12315064917114
11642_E2,hns,TMP,212.868888888889,0.113683991320641
11642_E2,hns,TMP,218.261666666667,0.124021823562491
11642_E2,hns,TMP,222.723888888889,0.137186329585473
11642_E2,hns,TMP,226.956944444444,0.143256046101022
11642_E2,hns,TMP,231.18,0.159262047251765
11642_E2,hns,TMP,235.409166666667,0.200260770203844
11642_E2,hns,TMP,239.644444444444,0.243595145534021
11642_E2,hns,TMP,244.366666666667,0.247667239293628
11642_E2,hns,TMP,248.845833333333,0.205670337420648
11642_E2,hns,TMP,253.128888888889,0.161874295436145
11642_E2,hns,TMP,257.353888888889,0.170935535011948
11642_E2,hns,TMP,261.586944444444,0.24654831666976
11642_E2,hns,TMP,265.804722222222,0.346797263038774
11642_E2,hns,TMP,271.424166666667,0.415061531339407
11642_E2,hns,TMP,275.921388888889,0.440848623581238
11642_E2,hns,TMP,280.159722222222,0.465288543432627
11642_E2,hns,TMP,284.398888888889,0.526541502791764
11642_E2,hns,TMP,288.672777777778,0.619801435466347
11642_E2,hns,TMP,293.623888888889,0.703381898742904
11642_E2,hns,TMP,297.813888888889,0.733404956593741
11642_E2,hns,TMP,301.966944444444,0.709479377833573
11642_E2,hns,TMP,306.200277777778,0.68556738332874
11642_E2,hns,TMP,310.659166666667,0.722078455633145
11642_E2,hns,TMP,315.923055555556,0.827501588046953
11642_E2,hns,TMP,320.099444444444,0.943928398993376
11642_E2,hns,TMP,324.343055555556,0.991908223523195
11642_E2,hns,TMP,328.498888888889,0.949733986525735
11642_E2,hns,TMP,332.736111111111,0.891654742913935
11642_E2,hns,TMP,337.136111111111,0.910011303626921
11642_E2,hns,TMP,342.450555555556,0.99385564624738
11642_E2,hns,TMP,346.693333333333,1.05229206350055
11642_E2,hns,TMP,350.956666666667,1.07070248334228
11642_E2,hns,TMP,355.252777777778,1.14621985272031
11642_E2,hns,TMP,359.47,1.33648811751718
11642_E2,hns,TMP,365.074166666667,1.57332859055325
11642_E2,hns,TMP,369.395,1.77307121231488
11642_E2,hns,TMP,373.611111111111,1.96521246714366
11642_E2,hns,TMP,377.825277777778,2.27758539894956
11642_E2,hns,TMP,382.075,2.82025828248352
11642_E2,hns,TMP,386.373333333333,3.56513191403904
11642_E2,hns,TMP,391.658055555556,4.29272077000156
11642_E2,hns,TMP,395.906111111111,4.68430362939707
11642_E2,hns,TMP,400.161388888889,4.54298469660819
11642_E2,hns,TMP,404.416944444444,3.95275819103631
11642_E2,hns,TMP,410.358055555556,3.21979742098855
11642_E2,hns,TMP,414.689722222222,2.68021929420093
11642_E2,hns,TMP,418.935833333333,2.55276900939203
11642_E2,hns,TMP,423.178888888889,2.89598446928282
11642_E2,hns,TMP,427.3975,3.61910982054185
11642_E2,hns,TMP,431.674166666667,4.50226579149642
11642_E2,hns,TMP,437.2775,5.26387461996306
11642_E2,hns,TMP,441.554444444445,5.72715091270206
11642_E2,hns,TMP,445.824444444445,5.97758434445465
11642_E2,hns,TMP,450.098888888889,6.30906316906671
11642_E2,hns,TMP,454.346111111111,6.95054029960555
11642_E2,hns,TMP,458.630833333333,7.80319928320936
11642_E2,hns,TMP,463.416666666667,8.43605446518145
11642_E2,hns,TMP,467.750555555556,8.40051587004701
11642_E2,hns,TMP,471.993055555556,7.61914203238956
11642_E2,hns,TMP,476.221666666667,6.46197624508619
11642_E2,hns,TMP,481.829166666667,5.43420096299607
11642_E2,hns,TMP,486.148055555556,4.82081998610726
11642_E2,hns,TMP,490.360555555556,4.61232365090673
11642_E2,hns,TMP,494.59,4.66324889843764
11642_E2,hns,TMP,498.821666666667,4.83304674692124
11642_E2,hns,TMP,503.140833333333,5.00881603730362
11642_E2,hns,TMP,508.3375,5.10457149195135
11642_E2,hns,TMP,512.640555555556,5.09670378024123
11642_E2,hns,TMP,516.846944444445,5.02944340558595
11642_E2,hns,TMP,521.083333333333,4.95620889760186
11642_E2,hns,TMP,525.299444444445,4.89535012112935
11642_E2,hns,TMP,530.700833333333,4.85399979438583
11642_E2,hns,TMP,534.906111111111,4.87078018704453
11642_E2,hns,TMP,539.205555555556,5.01607522266107
11642_E2,hns,TMP,543.456944444444,5.34469383718239
11642_E2,hns,TMP,547.710277777778,5.82719076211819
11642_E2,hns,TMP,552.006388888889,6.31144061215799
11642_E2,hns,TMP,556.984722222222,6.58927953325495
11642_E2,hns,TMP,561.171111111111,6.55238759673991
11642_E2,hns,TMP,565.443611111111,6.27549545263743
11642_E2,hns,TMP,569.731388888889,5.93002630387309
11642_E2,hns,TMP,573.992222222222,5.64650544807801
11642_H1,fis,TMP,0.0,0.0294771953548923
11642_H1,fis,TMP,6.23138888888889,0.0595991137062902
11642_H1,fis,TMP,10.4813888888889,0.0995972531576399
11642_H1,fis,TMP,14.7341666666667,0.138279444005547
11642_H1,fis,TMP,18.9980555555556,0.160769625409857
11642_H1,fis,TMP,23.2613888888889,0.161811412159561
11642_H1,fis,TMP,27.48,0.155048385301597
11642_H1,fis,TMP,32.4836111111111,0.163693342935692
11642_H1,fis,TMP,36.7441666666667,0.197988432029476
11642_H1,fis,TMP,41.0044444444445,0.242395839044291
11642_H1,fis,TMP,45.2494444444444,0.268301831524458
11642_H1,fis,TMP,49.4983333333333,0.262307724105379
11642_H1,fis,TMP,54.7433333333333,0.240298012294464
11642_H1,fis,TMP,58.9588888888889,0.231416320405082
11642_H1,fis,TMP,63.2180555555556,0.251383912135615
11642_H1,fis,TMP,67.4783333333333,0.293192941438462
11642_H1,fis,TMP,71.7494444444445,0.338825382270203
11642_H1,fis,TMP,76.0041666666667,0.375600040601508
11642_H1,fis,TMP,81.2269444444444,0.40211664771665
11642_H1,fis,TMP,85.4977777777778,0.422803207528613
11642_H1,fis,TMP,89.8058333333333,0.441202517010628
11642_H1,fis,TMP,94.1002777777778,0.458635523399088
11642_H1,fis,TMP,98.4180555555556,0.474981768332244
11642_H1,fis,TMP,103.670833333333,0.488435572716558
11642_H1,fis,TMP,107.881111111111,0.496808617334129
11642_H1,fis,TMP,112.119444444444,0.500756452554158
11642_H1,fis,TMP,116.365555555556,0.504864659225253
11642_H1,fis,TMP,121.333611111111,0.515824583321503
11642_H1,fis,TMP,126.659444444444,0.540182771773196
11642_H1,fis,TMP,130.830555555556,0.581071793158538
11642_H1,fis,TMP,135.082777777778,0.634435209027006
11642_H1,fis,TMP,139.311111111111,0.691741091551831
11642_H1,fis,TMP,143.6375,0.750374220382392
11642_H1,fis,TMP,147.891666666667,0.818320067371986
11642_H1,fis,TMP,154.225,0.902806870335562
11642_H1,fis,TMP,158.485555555556,0.993325577218957
11642_H1,fis,TMP,163.581666666667,1.06080995837041
11642_H1,fis,TMP,168.008611111111,1.07908016980636
11642_H1,fis,TMP,172.233055555556,1.04539200739714
11642_H1,fis,TMP,177.260277777778,0.976495110115951
11642_H1,fis,TMP,181.5075,0.892220611523582
11642_H1,fis,TMP,185.7575,0.81203427659082
11642_H1,fis,TMP,190.003333333333,0.761567120685282
11642_H1,fis,TMP,194.394722222222,0.769804650663457
11642_H1,fis,TMP,200.171944444444,0.85302687726705
11642_H1,fis,TMP,204.373055555556,0.996457305035209
11642_H1,fis,TMP,208.621944444444,1.14844312592456
11642_H1,fis,TMP,212.868888888889,1.24244027162565
11642_H1,fis,TMP,218.261666666667,1.24427163798437
11642_H1,fis,TMP,222.723888888889,1.18525778157965
11642_H1,fis,TMP,226.956944444444,1.13778460196888
11642_H1,fis,TMP,231.18,1.15173814496118
11642_H1,fis,TMP,235.409166666667,1.22386338799793
11642_H1,fis,TMP,239.644444444444,1.32682033018619
11642_H1,fis,TMP,244.366666666667,1.44202194505127
11642_H1,fis,TMP,248.845833333333,1.5528946725058
11642_H1,fis,TMP,253.128888888889,1.63215786258723
11642_H1,fis,TMP,257.353888888889,1.65862072845233
11642_H1,fis,TMP,261.586944444444,1.63712050263412
11642_H1,fis,TMP,265.804722222222,1.59085260567652
11642_H1,fis,TMP,271.424166666667,1.54162428095633
11642_H1,fis,TMP,275.921388888889,1.50196845095692
11642_H1,fis,TMP,280.159722222222,1.47772380067757
11642_H1,fis,TMP,284.398888888889,1.47178469677664
11642_H1,fis,TMP,288.672777777778,1.48640582976653
11642_H1,fis,TMP,293.623888888889,1.52334192433284
11642_H1,fis,TMP,297.813888888889,1.58340044953484
11642_H1,fis,TMP,301.966944444444,1.66770489869921
11642_H1,fis,TMP,306.200277777778,1.77721001790108
11642_H1,fis,TMP,310.659166666667,1.90678099556184
11642_H1,fis,TMP,315.923055555556,2.03752523260033
11642_H1,fis,TMP,320.099444444444,2.13733062261231
11642_H1,fis,TMP,324.343055555556,2.17818429989104
11642_H1,fis,TMP,328.498888888889,2.16137768403752
11642_H1,fis,TMP,332.736111111111,2.125158111333
11642_H1,fis,TMP,337.136111111111,2.12482243230997
11642_H1,fis,TMP,342.450555555556,2.20188480975174
11642_H1,fis,TMP,346.693333333333,2.35415734527238
11642_H1,fis,TMP,350.956666666667,2.51515323381202
11642_H1,fis,TMP,355.252777777778,2.57778884427307
11642_H1,fis,TMP,359.47,2.47889692602503
11642_H1,fis,TMP,365.074166666667,2.26926834320024
11642_H1,fis,TMP,369.395,2.07696211541139
11642_H1,fis,TMP,373.611111111111,1.99871719161823
11642_H1,fis,TMP,377.825277777778,2.03473185822339
11642_H1,fis,TMP,382.075,2.1123037556162
11642_H1,fis,TMP,386.373333333333,2.16235657029827
11642_H1,fis,TMP,391.658055555556,2.18397412034097
11642_H1,fis,TMP,395.906111111111,2.2372351910465
11642_H1,fis,TMP,400.161388888889,2.37952675142537
11642_H1,fis,TMP,404.416944444444,2.61665917566004
11642_H1,fis,TMP,410.358055555556,2.8906828034589
11642_H1,fis,TMP,414.689722222222,3.1036513836103
11642_H1,fis,TMP,418.935833333333,3.190862345669
11642_H1,fis,TMP,423.178888888889,3.18955418473838
11642_H1,fis,TMP,427.3975,3.21180613105935
11642_H1,fis,TMP,431.674166666667,3.33453156927377
11642_H1,fis,TMP,437.2775,3.51537143377337
11642_H1,fis,TMP,441.554444444445,3.61733601227813
11642_H1,fis,TMP,445.824444444445,3.53057191673226
11642_H1,fis,TMP,450.098888888889,3.28216944686237
11642_H1,fis,TMP,454.346111111111,3.01665213883386
11642_H1,fis,TMP,458.630833333333,2.87000839120809
11642_H1,fis,TMP,463.416666666667,2.88109990192145
11642_H1,fis,TMP,467.750555555556,3.0100574518875
11642_H1,fis,TMP,471.993055555556,3.19550515602085
11642_H1,fis,TMP,476.221666666667,3.37927866964045
11642_H1,fis,TMP,481.829166666667,3.50551706767187
11642_H1,fis,TMP,486.148055555556,3.5246025557859
11642_H1,fis,TMP,490.360555555556,3.40956595862899
11642_H1,fis,TMP,494.59,3.18144349465732
11642_H1,fis,TMP,498.821666666667,2.92541192991023
11642_H1,fis,TMP,503.140833333333,2.7622948041996
11642_H1,fis,TMP,508.3375,2.77849570490134
11642_H1,fis,TMP,512.640555555556,2.975814586051
11642_H1,fis,TMP,516.846944444445,3.27223772756956
11642_H1,fis,TMP,521.083333333333,3.53001678228266
11642_H1,fis,TMP,525.299444444445,3.61413439944377
11642_H1,fis,TMP,530.700833333333,3.48751508198008
11642_H1,fis,TMP,534.906111111111,3.26136885444405
11642_H1,fis,TMP,539.205555555556,3.11658193703756
11642_H1,fis,TMP,543.456944444444,3.16039926708277
11642_H1,fis,TMP,547.710277777778,3.36130253856319
11642_H1,fis,TMP,552.006388888889,3.60382797782242
11642_H1,fis,TMP,556.984722222222,3.78451891592597
11642_H1,fis,TMP,561.171111111111,3.86461039532334
11642_H1,fis,TMP,565.443611111111,3.86356558143938
11642_H1,fis,TMP,569.731388888889,3.8269323013408
11642_H1,fis,TMP,573.992222222222,3.79504759593225
11643_F9,tolC,TMP,0.0,0.0189348789613284
11643_F9,tolC,TMP,6.63833333333333,0.0319245473699754
11643_F9,tolC,TMP,10.9188888888889,0.0427581909121307
11643_F9,tolC,TMP,15.1783333333333,0.047481550474612
11643_F9,tolC,TMP,19.4388888888889,0.048038497706581
11643_F9,tolC,TMP,23.6986111111111,0.0506100825959564
11643_F9,tolC,TMP,27.9061111111111,0.0580792918994353
11643_F9,tolC,TMP,32.8952777777778,0.0661879238961339
11643_F9,tolC,TMP,37.1825,0.069096665461904
11643_F9,tolC,TMP,41.4480555555556,0.0676967928187278
11643_F9,tolC,TMP,45.6544444444445,0.0698890428561133
11643_F9,tolC,TMP,49.9072222222222,0.0825162893224227
11643_F9,tolC,TMP,55.1463888888889,0.105227648237344
11643_F9,tolC,TMP,59.4002777777778,0.132714777940652
11643_F9,tolC,TMP,63.6591666666667,0.160496382563037
11643_F9,tolC,TMP,67.8841666666667,0.18640567547044
11643_F9,tolC,TMP,72.1966666666667,0.207389016260657
11643_F9,tolC,TMP,76.4811111111111,0.217835363601233
11643_F9,tolC,TMP,81.6677777777778,0.213548384429489
11643_F9,tolC,TMP,85.9358333333333,0.198211227272937
11643_F9,tolC,TMP,90.2475,0.185063625112455
11643_F9,tolC,TMP,94.5041666666667,0.190195678046103
11643_F9,tolC,TMP,98.7005555555556,0.222422095047934
11643_F9,tolC,TMP,104.111666666667,0.278253294046076
11643_F9,tolC,TMP,108.3225,0.344515654254683
11643_F9,tolC,TMP,112.560833333333,0.405303144692821
11643_F9,tolC,TMP,116.806111111111,0.449994230656867
11643_F9,tolC,TMP,121.736666666667,0.478164337009471
11643_F9,tolC,TMP,127.0675,0.496937942058031
11643_F9,tolC,TMP,131.338611111111,0.513849289562136
11643_F9,tolC,TMP,135.577222222222,0.532971023002406
11643_F9,tolC,TMP,139.836388888889,0.555191026678158
11643_F9,tolC,TMP,144.1125,0.577964270440627
11643_F9,tolC,TMP,148.367222222222,0.594276947719359
11643_F9,tolC,TMP,154.697222222222,0.59609117171874
11643_F9,tolC,TMP,158.957777777778,0.582623195192729
11643_F9,tolC,TMP,163.905277777778,0.563563171736634
11643_F9,tolC,TMP,168.293055555556,0.551548146780212
11643_F9,tolC,TMP,172.506944444445,0.552758392197562
11643_F9,tolC,TMP,177.701944444445,0.565262347758808
11643_F9,tolC,TMP,181.949722222222,0.583378834619968
11643_F9,tolC,TMP,186.199444444445,0.60140542665197
11643_F9,tolC,TMP,190.444722222222,0.614928417112451
11643_F9,tolC,TMP,195.019722222222,0.622730800818062
11643_F9,tolC,TMP,200.584166666667,0.62932055275828
11643_F9,tolC,TMP,204.780277777778,0.643014300608005
11643_F9,tolC,TMP,209.028888888889,0.667852207557835
11643_F9,tolC,TMP,213.281388888889,0.696748079581455
11643_F9,tolC,TMP,218.801388888889,0.715349511200357
11643_F9,tolC,TMP,222.999444444444,0.715737026075477
11643_F9,tolC,TMP,227.233055555556,0.706477235613143
11643_F9,tolC,TMP,231.425277777778,0.706041177207659
11643_F9,tolC,TMP,235.686666666667,0.723895856573681
11643_F9,tolC,TMP,239.925,0.750176950853754
11643_F9,tolC,TMP,244.780555555556,0.766492234842433
11643_F9,tolC,TMP,249.359444444444,0.762737122760321
11643_F9,tolC,TMP,253.544722222222,0.739694224851022
11643_F9,tolC,TMP,257.771666666667,0.701844225773558
11643_F9,tolC,TMP,262.004166666667,0.658516497629025
11643_F9,tolC,TMP,266.250277777778,0.631748252829729
11643_F9,tolC,TMP,272.001111111111,0.644557847077969
11643_F9,tolC,TMP,276.1925,0.692459919020497
11643_F9,tolC,TMP,280.430555555556,0.750930057535992
11643_F9,tolC,TMP,284.708055555556,0.819276463053865
11643_F9,tolC,TMP,288.955277777778,0.921992922817176
11643_F9,tolC,TMP,294.095277777778,1.06398044166001
11643_F9,tolC,TMP,298.315555555556,1.21945833970297
11643_F9,tolC,TMP,302.485277777778,1.36040363495739
11643_F9,tolC,TMP,306.72,1.4738551737506
11643_F9,tolC,TMP,311.069722222222,1.56187666876625
11643_F9,tolC,TMP,316.331111111111,1.63742878518391
11643_F9,tolC,TMP,320.610833333333,1.71335690784223
11643_F9,tolC,TMP,324.847777777778,1.78951520095742
11643_F9,tolC,TMP,329.010833333333,1.85301754396078
11643_F9,tolC,TMP,333.253888888889,1.89175028677146
11643_F9,tolC,TMP,337.608333333333,1.90507222699258
11643_F9,tolC,TMP,342.859166666667,1.90381854640144
11643_F9,tolC,TMP,347.133333333333,1.90579415423356
11643_F9,tolC,TMP,351.360277777778,1.92613691724061
11643_F9,tolC,TMP,355.626944444445,1.96213290534962
11643_F9,tolC,TMP,359.973888888889,1.98990262571755
11643_F9,tolC,TMP,365.477222222222,1.98597567541767
11643_F9,tolC,TMP,369.675833333333,1.95691961125125
11643_F9,tolC,TMP,373.891388888889,1.94389151979068
11643_F9,tolC,TMP,378.123611111111,1.98939325076077
11643_F9,tolC,TMP,382.388888888889,2.09442924150624
11643_F9,tolC,TMP,386.705277777778,2.20733171351339
11643_F9,tolC,TMP,392.066666666667,2.25324089182489
11643_F9,tolC,TMP,396.350555555556,2.18024220066252
11643_F9,tolC,TMP,400.604722222222,1.98829964755301
11643_F9,tolC,TMP,404.862222222222,1.72819798906687
11643_F9,tolC,TMP,410.761388888889,1.48693692708523
11643_F9,tolC,TMP,415.001944444445,1.35817098320528
11643_F9,tolC,TMP,419.2475,1.38354870420315
11643_F9,tolC,TMP,423.491111111111,1.51524051366492
11643_F9,tolC,TMP,427.706944444445,1.65366257605245
11643_F9,tolC,TMP,431.972777777778,1.71171320901259
11643_F9,tolC,TMP,437.718611111111,1.65433518625288
11643_F9,tolC,TMP,441.996388888889,1.52613525635013
11643_F9,tolC,TMP,446.266388888889,1.43462594204982
11643_F9,tolC,TMP,450.521666666667,1.45015233861544
11643_F9,tolC,TMP,454.781111111111,1.52272874921374
11643_F9,tolC,TMP,459.034166666667,1.54204632806851
11643_F9,tolC,TMP,463.819166666667,1.47245750094798
11643_F9,tolC,TMP,468.062777777778,1.38450347448302
11643_F9,tolC,TMP,472.305277777778,1.34243133428893
11643_F9,tolC,TMP,476.532777777778,1.31358236798979
11643_F9,tolC,TMP,482.232222222222,1.23256358319034
11643_F9,tolC,TMP,486.443611111111,1.1124081039643
11643_F9,tolC,TMP,490.6325,1.03801015975412
11643_F9,tolC,TMP,494.860555555556,1.06953050340053
11643_F9,tolC,TMP,499.091944444445,1.17577709538627
11643_F9,tolC,TMP,503.412222222222,1.25466245072707
11643_F9,tolC,TMP,508.740555555556,1.22787523664696
11643_F9,tolC,TMP,512.936111111111,1.1183802564163
11643_F9,tolC,TMP,517.155555555556,1.01716243553113
11643_F9,tolC,TMP,521.364722222222,0.984344869140884
11643_F9,tolC,TMP,525.580833333333,1.00676085140716
11643_F9,tolC,TMP,531.108888888889,1.04697132890616
11643_F9,tolC,TMP,535.345,1.09800224340494
11643_F9,tolC,TMP,539.649444444445,1.15658169681785
11643_F9,tolC,TMP,543.8975,1.17809820086634
11643_F9,tolC,TMP,548.151944444444,1.12000408898365
11643_F9,tolC,TMP,552.463888888889,1.00688910510947
11643_F9,tolC,TMP,557.395,0.905687079765016
11643_F9,tolC,TMP,561.696944444444,0.86252743448818
11643_F9,tolC,TMP,565.899444444445,0.892464808216813
11643_F9,tolC,TMP,570.171388888889,0.995855252347946
11643_F9,tolC,TMP,574.436111111111,1.15073046950077
11643_D6,dnaK,TMP,0.0,0.0195009854090217
11643_D6,dnaK,TMP,6.63833333333333,0.0409782428938716
11643_D6,dnaK,TMP,10.9188888888889,0.0752204034295002
11643_D6,dnaK,TMP,15.1783333333333,0.12089902465793
11643_D6,dnaK,TMP,19.4388888888889,0.169843891829638
11643_D6,dnaK,TMP,23.6986111111111,0.210549146479747
11643_D6,dnaK,TMP,27.9061111111111,0.236611595407959
11643_D6,dnaK,TMP,32.8952777777778,0.249701513009022
11643_D6,dnaK,TMP,37.1825,0.253600545893573
11643_D6,dnaK,TMP,41.4480555555556,0.249691306820402
11643_D6,dnaK,TMP,45.6544444444445,0.240691537368099
11643_D6,dnaK,TMP,49.9072222222222,0.23485067235542
11643_D6,dnaK,TMP,55.1463888888889,0.241493606682911
11643_D6,dnaK,TMP,59.4002777777778,0.261181725265307
11643_D6,dnaK,TMP,63.6591666666667,0.281931082116531
11643_D6,dnaK,TMP,67.8841666666667,0.287732808275358
11643_D6,dnaK,TMP,72.1966666666667,0.272972331927221
11643_D6,dnaK,TMP,76.4811111111111,0.248881060428189
11643_D6,dnaK,TMP,81.6677777777778,0.234512979308305
11643_D6,dnaK,TMP,85.9358333333333,0.240796905848772
11643_D6,dnaK,TMP,90.2475,0.264870572627848
11643_D6,dnaK,TMP,94.5041666666667,0.298909841562471
11643_D6,dnaK,TMP,98.7005555555556,0.338659883554002
11643_D6,dnaK,TMP,104.111666666667,0.381066253414496
11643_D6,dnaK,TMP,108.3225,0.419399458853425
11643_D6,dnaK,TMP,112.560833333333,0.446161754711157
11643_D6,dnaK,TMP,116.806111111111,0.460168167135666
11643_D6,dnaK,TMP,121.736666666667,0.468002637292388
11643_D6,dnaK,TMP,127.0675,0.476752749493955
11643_D6,dnaK,TMP,131.338611111111,0.486047390048794
11643_D6,dnaK,TMP,135.577222222222,0.491448910223276
11643_D6,dnaK,TMP,139.836388888889,0.497229586130723
11643_D6,dnaK,TMP,144.1125,0.517604065443788
11643_D6,dnaK,TMP,148.367222222222,0.556806193508724
11643_D6,dnaK,TMP,154.697222222222,0.593549155683372
11643_D6,dnaK,TMP,158.957777777778,0.59837468819609
11643_D6,dnaK,TMP,163.905277777778,0.567891911265554
11643_D6,dnaK,TMP,168.293055555556,0.530360589178232
11643_D6,dnaK,TMP,172.506944444445,0.512720292836569
11643_D6,dnaK,TMP,177.701944444445,0.512881445558672
11643_D6,dnaK,TMP,181.949722222222,0.512140637102626
11643_D6,dnaK,TMP,186.199444444445,0.5050553981342
11643_D6,dnaK,TMP,190.444722222222,0.505418129803977
11643_D6,dnaK,TMP,195.019722222222,0.526402682070271
11643_D6,dnaK,TMP,200.584166666667,0.563415780589595
11643_D6,dnaK,TMP,204.780277777778,0.599073826602917
11643_D6,dnaK,TMP,209.028888888889,0.623268266105546
11643_D6,dnaK,TMP,213.281388888889,0.638658641592006
11643_D6,dnaK,TMP,218.801388888889,0.637948667287784
11643_D6,dnaK,TMP,222.999444444444,0.591913473383823
11643_D6,dnaK,TMP,227.233055555556,0.484860025619196
11643_D6,dnaK,TMP,231.425277777778,0.356852608963438
11643_D6,dnaK,TMP,235.686666666667,0.285834923398646
11643_D6,dnaK,TMP,239.925,0.320339953114747
11643_D6,dnaK,TMP,244.780555555556,0.436752149621429
11643_D6,dnaK,TMP,249.359444444444,0.563320195871748
11643_D6,dnaK,TMP,253.544722222222,0.641847180487553
11643_D6,dnaK,TMP,257.771666666667,0.664014270511973
11643_D6,dnaK,TMP,262.004166666667,0.65733671392008
11643_D6,dnaK,TMP,266.250277777778,0.655514713426342
11643_D6,dnaK,TMP,272.001111111111,0.678082723548301
11643_D6,dnaK,TMP,276.1925,0.712910229665801
11643_D6,dnaK,TMP,280.430555555556,0.723707385131115
11643_D6,dnaK,TMP,284.708055555556,0.696548003760106
11643_D6,dnaK,TMP,288.955277777778,0.663370708960938
11643_D6,dnaK,TMP,294.095277777778,0.662824739042399
11643_D6,dnaK,TMP,298.315555555556,0.698197287807241
11643_D6,dnaK,TMP,302.485277777778,0.754605097976827
11643_D6,dnaK,TMP,306.72,0.839339760762234
11643_D6,dnaK,TMP,311.069722222222,0.963459261512404
11643_D6,dnaK,TMP,316.331111111111,1.0875798419057
11643_D6,dnaK,TMP,320.610833333333,1.13720388832067
11643_D6,dnaK,TMP,324.847777777778,1.08709358319134
11643_D6,dnaK,TMP,329.010833333333,0.995564842399936
11643_D6,dnaK,TMP,333.253888888889,0.941778922226391
11643_D6,dnaK,TMP,337.608333333333,0.965026076650726
11643_D6,dnaK,TMP,342.859166666667,1.0704895669653
11643_D6,dnaK,TMP,347.133333333333,1.23205681660621
11643_D6,dnaK,TMP,351.360277777778,1.37403608814804
11643_D6,dnaK,TMP,355.626944444445,1.41806049875107
11643_D6,dnaK,TMP,359.973888888889,1.37410907011231
11643_D6,dnaK,TMP,365.477222222222,1.33563286372863
11643_D6,dnaK,TMP,369.675833333333,1.35587717431389
11643_D6,dnaK,TMP,373.891388888889,1.3795081335927
11643_D6,dnaK,TMP,378.123611111111,1.33894279396792
11643_D6,dnaK,TMP,382.388888888889,1.25626553286338
11643_D6,dnaK,TMP,386.705277777778,1.19925960405992
11643_D6,dnaK,TMP,392.066666666667,1.20968405172836
11643_D6,dnaK,TMP,396.350555555556,1.31755402753421
11643_D6,dnaK,TMP,400.604722222222,1.53933040612824
11643_D6,dnaK,TMP,404.862222222222,1.82624065455668
11643_D6,dnaK,TMP,410.761388888889,2.08365413404411
11643_D6,dnaK,TMP,415.001944444445,2.25650060015867
11643_D6,dnaK,TMP,419.2475,2.35547720477999
11643_D6,dnaK,TMP,423.491111111111,2.41398886623989
11643_D6,dnaK,TMP,427.706944444445,2.46545388661057
11643_D6,dnaK,TMP,431.972777777778,2.55420661414966
11643_D6,dnaK,TMP,437.718611111111,2.71320037511733
11643_D6,dnaK,TMP,441.996388888889,2.90546045823744
11643_D6,dnaK,TMP,446.266388888889,3.01560629502906
11643_D6,dnaK,TMP,450.521666666667,2.92063316408465
11643_D6,dnaK,TMP,454.781111111111,2.57612227306139
11643_D6,dnaK,TMP,459.034166666667,2.06394955513362
11643_D6,dnaK,TMP,463.819166666667,1.57187204925827
11643_D6,dnaK,TMP,468.062777777778,1.29988520154551
11643_D6,dnaK,TMP,472.305277777778,1.36625893852729
11643_D6,dnaK,TMP,476.532777777778,1.78404497420571
11643_D6,dnaK,TMP,482.232222222222,2.49283116190078
11643_D6,dnaK,TMP,486.443611111111,3.40163391260608
11643_D6,dnaK,TMP,490.6325,4.397190293634
11643_D6,dnaK,TMP,494.860555555556,5.30364512783202
11643_D6,dnaK,TMP,499.091944444445,5.87948631209418
11643_D6,dnaK,TMP,503.412222222222,5.95135467576037
11643_D6,dnaK,TMP,508.740555555556,5.60774665714346
11643_D6,dnaK,TMP,512.936111111111,5.20820711899453
11643_D6,dnaK,TMP,517.155555555556,5.12108287951613
11643_D6,dnaK,TMP,521.364722222222,5.45330398173839
11643_D6,dnaK,TMP,525.580833333333,6.06765542922685
11643_D6,dnaK,TMP,531.108888888889,6.81942391257134
11643_D6,dnaK,TMP,535.345,7.69359567220247
11643_D6,dnaK,TMP,539.649444444445,8.6967952244821
11643_D6,dnaK,TMP,543.8975,9.71289217250537
11643_D6,dnaK,TMP,548.151944444444,10.5788240645268
11643_D6,dnaK,TMP,552.463888888889,11.2896295647075
11643_D6,dnaK,TMP,557.395,12.0218532821974
11643_D6,dnaK,TMP,561.696944444444,12.9263378098934
11643_D6,dnaK,TMP,565.899444444445,13.9670165673286
11643_D6,dnaK,TMP,570.171388888889,14.9790769489838
11643_D6,dnaK,TMP,574.436111111111,15.8080272102262
11643_E4,acrB,TMP,0.0,0.0270210311381055
11643_E4,acrB,TMP,6.63833333333333,0.046571826711835
11643_E4,acrB,TMP,10.9188888888889,0.0626232655490364
11643_E4,acrB,TMP,15.1783333333333,0.0667784666955108
11643_E4,acrB,TMP,19.4388888888889,0.0584013837966537
11643_E4,acrB,TMP,23.6986111111111,0.04532445465101
11643_E4,acrB,TMP,27.9061111111111,0.0368276921991554
11643_E4,acrB,TMP,32.8952777777778,0.0372972062790573
11643_E4,acrB,TMP,37.1825,0.0449920659939395
11643_E4,acrB,TMP,41.4480555555556,0.0544212924599852
11643_E4,acrB,TMP,45.6544444444445,0.0606248594999024
11643_E4,acrB,TMP,49.9072222222222,0.0628773152824268
11643_E4,acrB,TMP,55.1463888888889,0.0642096098781698
11643_E4,acrB,TMP,59.4002777777778,0.067541467577352
11643_E4,acrB,TMP,63.6591666666667,0.0735948660658348
11643_E4,acrB,TMP,67.8841666666667,0.0823135519976746
11643_E4,acrB,TMP,72.1966666666667,0.0940934107904388
11643_E4,acrB,TMP,76.4811111111111,0.108338937953334
11643_E4,acrB,TMP,81.6677777777778,0.121750129259339
11643_E4,acrB,TMP,85.9358333333333,0.129659939702184
11643_E4,acrB,TMP,90.2475,0.130281203418494
11643_E4,acrB,TMP,94.5041666666667,0.128066306257875
11643_E4,acrB,TMP,98.7005555555556,0.131893604167753
11643_E4,acrB,TMP,104.111666666667,0.148394222167646
11643_E4,acrB,TMP,108.3225,0.176374107972822
11643_E4,acrB,TMP,112.560833333333,0.207261208263633
11643_E4,acrB,TMP,116.806111111111,0.231024925016605
11643_E4,acrB,TMP,121.736666666667,0.243024483661977
11643_E4,acrB,TMP,127.0675,0.245756715970533
11643_E4,acrB,TMP,131.338611111111,0.244877721648807
11643_E4,acrB,TMP,135.577222222222,0.247127134909942
11643_E4,acrB,TMP,139.836388888889,0.263444682310681
11643_E4,acrB,TMP,144.1125,0.307570554910593
11643_E4,acrB,TMP,148.367222222222,0.381535342443586
11643_E4,acrB,TMP,154.697222222222,0.462095277642105
11643_E4,acrB,TMP,158.957777777778,0.515830037702523
11643_E4,acrB,TMP,163.905277777778,0.538480453539846
11643_E4,acrB,TMP,168.293055555556,0.567383900763871
11643_E4,acrB,TMP,172.506944444445,0.640003209020306
11643_E4,acrB,TMP,177.701944444445,0.749059372159305
11643_E4,acrB,TMP,181.949722222222,0.851883417453267
11643_E4,acrB,TMP,186.199444444445,0.91386042958323
11643_E4,acrB,TMP,190.444722222222,0.930243637544004
11643_E4,acrB,TMP,195.019722222222,0.916894235920937
11643_E4,acrB,TMP,200.584166666667,0.894386330133262
11643_E4,acrB,TMP,204.780277777778,0.879057367542081
11643_E4,acrB,TMP,209.028888888889,0.883108469963059
11643_E4,acrB,TMP,213.281388888889,0.917940005947197
11643_E4,acrB,TMP,218.801388888889,0.992004363148052
11643_E4,acrB,TMP,222.999444444444,1.10441187060915
11643_E4,acrB,TMP,227.233055555556,1.24343877002735
11643_E4,acrB,TMP,231.425277777778,1.39120087274515
11643_E4,acrB,TMP,235.686666666667,1.52686318669816
11643_E4,acrB,TMP,239.925,1.62801702877071
11643_E4,acrB,TMP,244.780555555556,1.68429635599875
11643_E4,acrB,TMP,249.359444444444,1.71887946048464
11643_E4,acrB,TMP,253.544722222222,1.78092660716513
11643_E4,acrB,TMP,257.771666666667,1.89699966300121
11643_E4,acrB,TMP,262.004166666667,2.0343789293722
11643_E4,acrB,TMP,266.250277777778,2.13113676137848
11643_E4,acrB,TMP,272.001111111111,2.16463257529275
11643_E4,acrB,TMP,276.1925,2.17906361515196
11643_E4,acrB,TMP,280.430555555556,2.24949074607552
11643_E4,acrB,TMP,284.708055555556,2.42997932171474
11643_E4,acrB,TMP,288.955277777778,2.73668303126944
11643_E4,acrB,TMP,294.095277777778,3.15951311499428
11643_E4,acrB,TMP,298.315555555556,3.63851206241518
11643_E4,acrB,TMP,302.485277777778,4.01938270592362
11643_E4,acrB,TMP,306.72,4.12283397211462
11643_E4,acrB,TMP,311.069722222222,3.92281601175428
11643_E4,acrB,TMP,316.331111111111,3.59758050159186
11643_E4,acrB,TMP,320.610833333333,3.34291202023838
11643_E4,acrB,TMP,324.847777777778,3.18855687194473
11643_E4,acrB,TMP,329.010833333333,3.06112981163004
11643_E4,acrB,TMP,333.253888888889,2.96936691993521
11643_E4,acrB,TMP,337.608333333333,3.0483866296063
11643_E4,acrB,TMP,342.859166666667,3.43417206511441
11643_E4,acrB,TMP,347.133333333333,4.11658493355699
11643_E4,acrB,TMP,351.360277777778,4.93205219139397
11643_E4,acrB,TMP,355.626944444445,5.7927381221696
11643_E4,acrB,TMP,359.973888888889,6.9770045346102
11643_E4,acrB,TMP,365.477222222222,9.01810501439052
11643_E4,acrB,TMP,369.675833333333,12.0137892805046
11643_E4,acrB,TMP,373.891388888889,15.0224679887694
11643_E4,acrB,TMP,378.123611111111,16.508271125818
11643_E4,acrB,TMP,382.388888888889,15.6774630969826
11643_E4,acrB,TMP,386.705277777778,13.2281231356113
11643_E4,acrB,TMP,392.066666666667,10.6733604064272
11643_E4,acrB,TMP,396.350555555556,9.21385700346228
11643_E4,acrB,TMP,400.604722222222,9.29838934853829
11643_E4,acrB,TMP,404.862222222222,10.7296044836736
11643_E4,acrB,TMP,410.761388888889,12.7965323996884
11643_E4,acrB,TMP,415.001944444445,14.6032171553378
11643_E4,acrB,TMP,419.2475,15.8354049391484
11643_E4,acrB,TMP,423.491111111111,17.3586234224194
11643_E4,acrB,TMP,427.706944444445,20.6022260614366
11643_E4,acrB,TMP,431.972777777778,25.6917944502363
11643_E4,acrB,TMP,437.718611111111,30.2679529192939
11643_E4,acrB,TMP,441.996388888889,31.1576206941915
11643_E4,acrB,TMP,446.266388888889,27.6258695916397
11643_E4,acrB,TMP,450.521666666667,22.2019701533214
11643_E4,acrB,TMP,454.781111111111,18.1495703405621
11643_E4,acrB,TMP,459.034166666667,16.8893371066183
11643_E4,acrB,TMP,463.819166666667,17.7318122363147
11643_E4,acrB,TMP,468.062777777778,19.1636086978661
11643_E4,acrB,TMP,472.305277777778,20.1407868596009
11643_E4,acrB,TMP,476.532777777778,20.5271934988137
11643_E4,acrB,TMP,482.232222222222,20.6570085519096
11643_E4,acrB,TMP,486.443611111111,20.8087831001551
11643_E4,acrB,TMP,490.6325,21.2135164845104
11643_E4,acrB,TMP,494.860555555556,22.2575509108394
11643_E4,acrB,TMP,499.091944444445,24.2510014968768
11643_E4,acrB,TMP,503.412222222222,26.8964842616475
11643_E4,acrB,TMP,508.740555555556,29.268943866793
11643_E4,acrB,TMP,512.936111111111,30.4991203307642
11643_E4,acrB,TMP,517.155555555556,30.3178155251248
11643_E4,acrB,TMP,521.364722222222,29.0165047886073
11643_E4,acrB,TMP,525.580833333333,27.3599678191146
11643_E4,acrB,TMP,531.108888888889,26.5620487327448
11643_E4,acrB,TMP,535.345,27.6466720163307
11643_E4,acrB,TMP,539.649444444445,30.4225702594395
11643_E4,acrB,TMP,543.8975,33.4830822372818
11643_E4,acrB,TMP,548.151944444444,35.5197621630336
11643_E4,acrB,TMP,552.463888888889,36.3667081405958
11643_E4,acrB,TMP,557.395,36.7311940878791
11643_E4,acrB,TMP,561.696944444444,37.3989660201827
11643_E4,acrB,TMP,565.899444444445,38.8102937768915
11643_E4,acrB,TMP,570.171388888889,40.9209712336448
11643_E4,acrB,TMP,574.436111111111,43.2190458609654
11643_H5,recA,TMP,0.0,0.0094712579622596
11643_H5,recA,TMP,6.63833333333333,0.0140999476601966
11643_H5,recA,TMP,10.9188888888889,0.0170202323344792
11643_H5,recA,TMP,15.1783333333333,0.0177727380572954
11643_H5,recA,TMP,19.4388888888889,0.0173615469398996
11643_H5,recA,TMP,23.6986111111111,0.01654226661949
11643_H5,recA,TMP,27.9061111111111,0.0150830998110633
11643_H5,recA,TMP,32.8952777777778,0.0129297890494387
11643_H5,recA,TMP,37.1825,0.0114073445845842
11643_H5,recA,TMP,41.4480555555556,0.0131576052932738
11643_H5,recA,TMP,45.6544444444445,0.0209353520360658
11643_H5,recA,TMP,49.9072222222222,0.0357740094358456
11643_H5,recA,TMP,55.1463888888889,0.0555633142961956
11643_H5,recA,TMP,59.4002777777778,0.0753535693931004
11643_H5,recA,TMP,63.6591666666667,0.089761413074979
11643_H5,recA,TMP,67.8841666666667,0.0960191308605403
11643_H5,recA,TMP,72.1966666666667,0.0949603319180874
11643_H5,recA,TMP,76.4811111111111,0.0889789465982947
11643_H5,recA,TMP,81.6677777777778,0.0796100115988033
11643_H5,recA,TMP,85.9358333333333,0.0675310217128431
11643_H5,recA,TMP,90.2475,0.05397057178306
11643_H5,recA,TMP,94.5041666666667,0.0408936735755152
11643_H5,recA,TMP,98.7005555555556,0.0298854160377827
11643_H5,recA,TMP,104.111666666667,0.021446300308314
11643_H5,recA,TMP,108.3225,0.015310341114883
11643_H5,recA,TMP,112.560833333333,0.0112667777980932
11643_H5,recA,TMP,116.806111111111,0.0101962599464088
11643_H5,recA,TMP,121.736666666667,0.0151738001050846
11643_H5,recA,TMP,127.0675,0.0309800561339088
11643_H5,recA,TMP,131.338611111111,0.0595074011079408
11643_H5,recA,TMP,135.577222222222,0.0930546270858748
11643_H5,recA,TMP,139.836388888889,0.114903623400368
11643_H5,recA,TMP,144.1125,0.11237020466184
11643_H5,recA,TMP,148.367222222222,0.090137106233972
11643_H5,recA,TMP,154.697222222222,0.0659120680229973
11643_H5,recA,TMP,158.957777777778,0.0521622127971313
11643_H5,recA,TMP,163.905277777778,0.0478820466507108
11643_H5,recA,TMP,168.293055555556,0.0495884343735089
11643_H5,recA,TMP,172.506944444445,0.0612318678678328
11643_H5,recA,TMP,177.701944444445,0.085357115312202
11643_H5,recA,TMP,181.949722222222,0.110302726134125
11643_H5,recA,TMP,186.199444444445,0.118350466428545
11643_H5,recA,TMP,190.444722222222,0.108043885241441
11643_H5,recA,TMP,195.019722222222,0.0983290004306078
11643_H5,recA,TMP,200.584166666667,0.105158357541018
11643_H5,recA,TMP,204.780277777778,0.121376609431161
11643_H5,recA,TMP,209.028888888889,0.128055071302793
11643_H5,recA,TMP,213.281388888889,0.122249978484087
11643_H5,recA,TMP,218.801388888889,0.120334750048892
11643_H5,recA,TMP,222.999444444444,0.13029203387264
11643_H5,recA,TMP,227.233055555556,0.136584784493968
11643_H5,recA,TMP,231.425277777778,0.125315995042841
11643_H5,recA,TMP,235.686666666667,0.112606872386753
11643_H5,recA,TMP,239.925,0.131239209259206
11643_H5,recA,TMP,244.780555555556,0.190561623755507
11643_H5,recA,TMP,249.359444444444,0.259795003956489
11643_H5,recA,TMP,253.544722222222,0.298190112101842
11643_H5,recA,TMP,257.771666666667,0.300498657000053
11643_H5,recA,TMP,262.004166666667,0.299069187763538
11643_H5,recA,TMP,266.250277777778,0.31746036733104
11643_H5,recA,TMP,272.001111111111,0.344148568981905
11643_H5,recA,TMP,276.1925,0.361840603073175
11643_H5,recA,TMP,280.430555555556,0.372109829029606
11643_H5,recA,TMP,284.708055555556,0.379049002486263
11643_H5,recA,TMP,288.955277777778,0.380917408893646
11643_H5,recA,TMP,294.095277777778,0.379930039035622
11643_H5,recA,TMP,298.315555555556,0.37924612586177
11643_H5,recA,TMP,302.485277777778,0.383696216372979
11643_H5,recA,TMP,306.72,0.40539525548193
11643_H5,recA,TMP,311.069722222222,0.448713473754956
11643_H5,recA,TMP,316.331111111111,0.503468677731654
11643_H5,recA,TMP,320.610833333333,0.564607633474
11643_H5,recA,TMP,324.847777777778,0.635429835690283
11643_H5,recA,TMP,329.010833333333,0.705596428415203
11643_H5,recA,TMP,333.253888888889,0.748531019668274
11643_H5,recA,TMP,337.608333333333,0.74729527713772
11643_H5,recA,TMP,342.859166666667,0.712734677001552
11643_H5,recA,TMP,347.133333333333,0.679992818529998
11643_H5,recA,TMP,351.360277777778,0.683969140188457
11643_H5,recA,TMP,355.626944444445,0.721027824197405
11643_H5,recA,TMP,359.973888888889,0.747986989728401
11643_H5,recA,TMP,365.477222222222,0.735303419388765
11643_H5,recA,TMP,369.675833333333,0.705868532150553
11643_H5,recA,TMP,373.891388888889,0.705927546178007
11643_H5,recA,TMP,378.123611111111,0.745357066093851
11643_H5,recA,TMP,382.388888888889,0.790939471410967
11643_H5,recA,TMP,386.705277777778,0.813323674420783
11643_H5,recA,TMP,392.066666666667,0.81391402700868
11643_H5,recA,TMP,396.350555555556,0.807998725733965
11643_H5,recA,TMP,400.604722222222,0.804603711400775
11643_H5,recA,TMP,404.862222222222,0.804826036068283
11643_H5,recA,TMP,410.761388888889,0.807837673449425
11643_H5,recA,TMP,415.001944444445,0.812945090796053
11643_H5,recA,TMP,419.2475,0.818717021079453
11643_H5,recA,TMP,423.491111111111,0.822384356655495
11643_H5,recA,TMP,427.706944444445,0.821978072221277
11643_H5,recA,TMP,431.972777777778,0.818519892843784
11643_H5,recA,TMP,437.718611111111,0.816306364574957
11643_H5,recA,TMP,441.996388888889,0.818248726308689
11643_H5,recA,TMP,446.266388888889,0.822994638016332
11643_H5,recA,TMP,450.521666666667,0.826791242652006
11643_H5,recA,TMP,454.781111111111,0.827800352593171
11643_H5,recA,TMP,459.034166666667,0.826397334202217
11643_H5,recA,TMP,463.819166666667,0.823775427086524
11643_H5,recA,TMP,468.062777777778,0.820021888184241
11643_H5,recA,TMP,472.305277777778,0.814761962456336
11643_H5,recA,TMP,476.532777777778,0.808575285699183
11643_H5,recA,TMP,482.232222222222,0.803966253974674
11643_H5,recA,TMP,486.443611111111,0.802619512108496
11643_H5,recA,TMP,490.6325,0.803626540577732
11643_H5,recA,TMP,494.860555555556,0.804268268079134
11643_H5,recA,TMP,499.091944444445,0.803062360908589
11643_H5,recA,TMP,503.412222222222,0.800584272449993
11643_H5,recA,TMP,508.740555555556,0.798955057411177
11643_H5,recA,TMP,512.936111111111,0.799320896896299
11643_H5,recA,TMP,517.155555555556,0.801053053223206
11643_H5,recA,TMP,521.364722222222,0.802462653230716
11643_H5,recA,TMP,525.580833333333,0.802827218486475
11643_H5,recA,TMP,531.108888888889,0.802382892796434
11643_H5,recA,TMP,535.345,0.802494444457555
11643_H5,recA,TMP,539.649444444445,0.80719392156646
11643_H5,recA,TMP,543.8975,0.828249604912061
11643_H5,recA,TMP,548.151944444444,0.886354503083684
11643_H5,recA,TMP,552.463888888889,0.993796693421172
11643_H5,recA,TMP,557.395,1.12130564626693
11643_H5,recA,TMP,561.696944444444,1.20447209560868
11643_H5,recA,TMP,565.899444444445,1.21657935033073
11643_H5,recA,TMP,570.171388888889,1.21197437782555
11643_H5,recA,TMP,574.436111111111,1.25630410878876
11643_E2,hns,TMP,0.0,0.014374674119973
11643_E2,hns,TMP,6.63833333333333,0.025262718971093
11643_E2,hns,TMP,10.9188888888889,0.0371871637677151
11643_E2,hns,TMP,15.1783333333333,0.0471773533910667
11643_E2,hns,TMP,19.4388888888889,0.0530919497558301
11643_E2,hns,TMP,23.6986111111111,0.055064983434792
11643_E2,hns,TMP,27.9061111111111,0.0556097445780846
11643_E2,hns,TMP,32.8952777777778,0.0576560939368366
11643_E2,hns,TMP,37.1825,0.061915066698415
11643_E2,hns,TMP,41.4480555555556,0.0662141951151514
11643_E2,hns,TMP,45.6544444444445,0.067610287282088
11643_E2,hns,TMP,49.9072222222222,0.0651007706990338
11643_E2,hns,TMP,55.1463888888889,0.0601889147730692
11643_E2,hns,TMP,59.4002777777778,0.0552689914042532
11643_E2,hns,TMP,63.6591666666667,0.0520262487151919
11643_E2,hns,TMP,67.8841666666667,0.0511195067760762
11643_E2,hns,TMP,72.1966666666667,0.0524506273394891
11643_E2,hns,TMP,76.4811111111111,0.0551401898114023
11643_E2,hns,TMP,81.6677777777778,0.057737591959611
11643_E2,hns,TMP,85.9358333333333,0.0593916005320522
11643_E2,hns,TMP,90.2475,0.0609054608561921
11643_E2,hns,TMP,94.5041666666667,0.0641769666127642
11643_E2,hns,TMP,98.7005555555556,0.0707873344185033
11643_E2,hns,TMP,104.111666666667,0.0813903659296726
11643_E2,hns,TMP,108.3225,0.0953460447317356
11643_E2,hns,TMP,112.560833333333,0.109297035407962
11643_E2,hns,TMP,116.806111111111,0.116643075629351
11643_E2,hns,TMP,121.736666666667,0.111663128304769
11643_E2,hns,TMP,127.0675,0.0970289477332321
11643_E2,hns,TMP,131.338611111111,0.0866273258816387
11643_E2,hns,TMP,135.577222222222,0.0971536724517371
11643_E2,hns,TMP,139.836388888889,0.134526288457881
11643_E2,hns,TMP,144.1125,0.189040279295051
11643_E2,hns,TMP,148.367222222222,0.242685649112101
11643_E2,hns,TMP,154.697222222222,0.279888556089556
11643_E2,hns,TMP,158.957777777778,0.295250493863395
11643_E2,hns,TMP,163.905277777778,0.294660798792476
11643_E2,hns,TMP,168.293055555556,0.286231858263887
11643_E2,hns,TMP,172.506944444445,0.268736139280668
11643_E2,hns,TMP,177.701944444445,0.233544846704946
11643_E2,hns,TMP,181.949722222222,0.180528190856428
11643_E2,hns,TMP,186.199444444445,0.128465053653652
11643_E2,hns,TMP,190.444722222222,0.105105697030672
11643_E2,hns,TMP,195.019722222222,0.124990647987582
11643_E2,hns,TMP,200.584166666667,0.175850260340655
11643_E2,hns,TMP,204.780277777778,0.22486269409463
11643_E2,hns,TMP,209.028888888889,0.240123005433455
11643_E2,hns,TMP,213.281388888889,0.214532478620315
11643_E2,hns,TMP,218.801388888889,0.175386317340649
11643_E2,hns,TMP,222.999444444444,0.164240095635774
11643_E2,hns,TMP,227.233055555556,0.195548382582979
11643_E2,hns,TMP,231.425277777778,0.23734917921324
11643_E2,hns,TMP,235.686666666667,0.246685599190228
11643_E2,hns,TMP,239.925,0.225828023289578
11643_E2,hns,TMP,244.780555555556,0.228601799307054
11643_E2,hns,TMP,249.359444444444,0.304770340596874
11643_E2,hns,TMP,253.544722222222,0.446480141962419
11643_E2,hns,TMP,257.771666666667,0.593948877405974
11643_E2,hns,TMP,262.004166666667,0.695388371508714
11643_E2,hns,TMP,266.250277777778,0.763138077852069
11643_E2,hns,TMP,272.001111111111,0.855841041255914
11643_E2,hns,TMP,276.1925,0.988037893366996
11643_E2,hns,TMP,280.430555555556,1.09010434973232
11643_E2,hns,TMP,284.708055555556,1.10102232172804
11643_E2,hns,TMP,288.955277777778,1.06331906155831
11643_E2,hns,TMP,294.095277777778,1.06959259670224
11643_E2,hns,TMP,298.315555555556,1.1513102764636
11643_E2,hns,TMP,302.485277777778,1.27119369708722
11643_E2,hns,TMP,306.72,1.3861439033364
11643_E2,hns,TMP,311.069722222222,1.46855936485409
11643_E2,hns,TMP,316.331111111111,1.48997948547683
11643_E2,hns,TMP,320.610833333333,1.42433873211316
11643_E2,hns,TMP,324.847777777778,1.275519991535
11643_E2,hns,TMP,329.010833333333,1.09738412006058
11643_E2,hns,TMP,333.253888888889,0.969479547666897
11643_E2,hns,TMP,337.608333333333,0.93534190380211
11643_E2,hns,TMP,342.859166666667,0.984072017964042
11643_E2,hns,TMP,347.133333333333,1.09974828645555
11643_E2,hns,TMP,351.360277777778,1.2844349309946
11643_E2,hns,TMP,355.626944444445,1.52933707130704
11643_E2,hns,TMP,359.973888888889,1.80983793046316
11643_E2,hns,TMP,365.477222222222,2.10187088125298
11643_E2,hns,TMP,369.675833333333,2.37039531242319
11643_E2,hns,TMP,373.891388888889,2.55488611492387
11643_E2,hns,TMP,378.123611111111,2.59256048066216
11643_E2,hns,TMP,382.388888888889,2.46223569990515
11643_E2,hns,TMP,386.705277777778,2.2017144976678
11643_E2,hns,TMP,392.066666666667,1.89336174051959
11643_E2,hns,TMP,396.350555555556,1.65361193514842
11643_E2,hns,TMP,400.604722222222,1.60792057022428
11643_E2,hns,TMP,404.862222222222,1.79689459973186
11643_E2,hns,TMP,410.761388888889,2.09034498897421
11643_E2,hns,TMP,415.001944444445,2.26189442640119
11643_E2,hns,TMP,419.2475,2.20093751929031
11643_E2,hns,TMP,423.491111111111,2.05172550751589
11643_E2,hns,TMP,427.706944444445,2.10555040826289
11643_E2,hns,TMP,431.972777777778,2.50591803792364
11643_E2,hns,TMP,437.718611111111,3.07740225974209
11643_E2,hns,TMP,441.996388888889,3.49876258559594
11643_E2,hns,TMP,446.266388888889,3.60176272539426
11643_E2,hns,TMP,450.521666666667,3.43378549332788
11643_E2,hns,TMP,454.781111111111,3.11217466042819
11643_E2,hns,TMP,459.034166666667,2.74204271117164
11643_E2,hns,TMP,463.819166666667,2.44409616791816
11643_E2,hns,TMP,468.062777777778,2.34633262720203
11643_E2,hns,TMP,472.305277777778,2.50426919468159
11643_E2,hns,TMP,476.532777777778,2.85242790468906
11643_E2,hns,TMP,482.232222222222,3.25906176248084
11643_E2,hns,TMP,486.443611111111,3.62967219946404
11643_E2,hns,TMP,490.6325,3.94877691574824
11643_E2,hns,TMP,494.860555555556,4.23433308887477
11643_E2,hns,TMP,499.091944444445,4.47100938389295
11643_E2,hns,TMP,503.412222222222,4.59291094225298
11643_E2,hns,TMP,508.740555555556,4.54724866628248
11643_E2,hns,TMP,512.936111111111,4.3721676293218
11643_E2,hns,TMP,517.155555555556,4.1594942870551
11643_E2,hns,TMP,521.364722222222,3.94006272138702
11643_E2,hns,TMP,525.580833333333,3.68247521594821
11643_E2,hns,TMP,531.108888888889,3.40207366985934
11643_E2,hns,TMP,535.345,3.18717397698224
11643_E2,hns,TMP,539.649444444445,3.12143326161335
11643_E2,hns,TMP,543.8975,3.23002002008849
11643_E2,hns,TMP,548.151944444444,3.46656009779329
11643_E2,hns,TMP,552.463888888889,3.71863315416587
11643_E2,hns,TMP,557.395,3.87853884399793
11643_E2,hns,TMP,561.696944444444,3.94046482707157
11643_E2,hns,TMP,565.899444444445,3.9952963044845
11643_E2,hns,TMP,570.171388888889,4.12180374494705
11643_E2,hns,TMP,574.436111111111,4.30872428791392
11643_H1,fis,TMP,0.0,0.0230516631475062
11643_H1,fis,TMP,6.63833333333333,0.0478505033818433
11643_H1,fis,TMP,10.9188888888889,0.0837888785820227
11643_H1,fis,TMP,15.1783333333333,0.123251684502601
11643_H1,fis,TMP,19.4388888888889,0.15128106360773
11643_H1,fis,TMP,23.6986111111111,0.156435346567257
11643_H1,fis,TMP,27.9061111111111,0.14448783489727
11643_H1,fis,TMP,32.8952777777778,0.136791211528616
11643_H1,fis,TMP,37.1825,0.151072044876974
11643_H1,fis,TMP,41.4480555555556,0.185272717753982
11643_H1,fis,TMP,45.6544444444445,0.220733536819726
11643_H1,fis,TMP,49.9072222222222,0.239346344203473
11643_H1,fis,TMP,55.1463888888889,0.238184664447664
11643_H1,fis,TMP,59.4002777777778,0.22995448690741
11643_H1,fis,TMP,63.6591666666667,0.231039757507459
11643_H1,fis,TMP,67.8841666666667,0.249639478535468
11643_H1,fis,TMP,72.1966666666667,0.282933813508967
11643_H1,fis,TMP,76.4811111111111,0.320804916643424
11643_H1,fis,TMP,81.6677777777778,0.350943559693118
11643_H1,fis,TMP,85.9358333333333,0.365005139844734
11643_H1,fis,TMP,90.2475,0.365115871772027
11643_H1,fis,TMP,94.5041666666667,0.364733800648865
11643_H1,fis,TMP,98.7005555555556,0.380122001425306
11643_H1,fis,TMP,104.111666666667,0.418596406637823
11643_H1,fis,TMP,108.3225,0.472768660842746
11643_H1,fis,TMP,112.560833333333,0.524249979304899
11643_H1,fis,TMP,116.806111111111,0.555769052462003
11643_H1,fis,TMP,121.736666666667,0.564287950479827
11643_H1,fis,TMP,127.0675,0.562607894347639
11643_H1,fis,TMP,131.338611111111,0.570007265652201
11643_H1,fis,TMP,135.577222222222,0.605775571470541
11643_H1,fis,TMP,139.836388888889,0.68565742256902
11643_H1,fis,TMP,144.1125,0.807888716672594
11643_H1,fis,TMP,148.367222222222,0.936386042987759
11643_H1,fis,TMP,154.697222222222,1.01067451336222
11643_H1,fis,TMP,158.957777777778,0.989570775543568
11643_H1,fis,TMP,163.905277777778,0.889152053981315
11643_H1,fis,TMP,168.293055555556,0.773718247838496
11643_H1,fis,TMP,172.506944444445,0.708503722842448
11643_H1,fis,TMP,177.701944444445,0.718006423333386
11643_H1,fis,TMP,181.949722222222,0.780025130931555
11643_H1,fis,TMP,186.199444444445,0.851989746479082
11643_H1,fis,TMP,190.444722222222,0.904634787889973
11643_H1,fis,TMP,195.019722222222,0.937765766626932
11643_H1,fis,TMP,200.584166666667,0.970018207483818
11643_H1,fis,TMP,204.780277777778,1.01544328695945
11643_H1,fis,TMP,209.028888888889,1.06717367153625
11643_H1,fis,TMP,213.281388888889,1.09986067438594
11643_H1,fis,TMP,218.801388888889,1.08834242743802
11643_H1,fis,TMP,222.999444444444,1.02832368191557
11643_H1,fis,TMP,227.233055555556,0.942756144597117
11643_H1,fis,TMP,231.425277777778,0.871050853089126
11643_H1,fis,TMP,235.686666666667,0.851317603058062
11643_H1,fis,TMP,239.925,0.904692974455646
11643_H1,fis,TMP,244.780555555556,1.02652232412909
11643_H1,fis,TMP,249.359444444444,1.18953180453565
11643_H1,fis,TMP,253.544722222222,1.36161337972307
11643_H1,fis,TMP,257.771666666667,1.527630734303
11643_H1,fis,TMP,262.004166666667,1.688826943036
11643_H1,fis,TMP,266.250277777778,1.83022203531284
11643_H1,fis,TMP,272.001111111111,1.89594489343608
11643_H1,fis,TMP,276.1925,1.81921523179244
11643_H1,fis,TMP,280.430555555556,1.5929724652514
11643_H1,fis,TMP,284.708055555556,1.30992895864409
11643_H1,fis,TMP,288.955277777778,1.11449889562793
11643_H1,fis,TMP,294.095277777778,1.09536474843258
11643_H1,fis,TMP,298.315555555556,1.22579377583116
11643_H1,fis,TMP,302.485277777778,1.40974073387787
11643_H1,fis,TMP,306.72,1.56940564746756
11643_H1,fis,TMP,311.069722222222,1.68911221069392
11643_H1,fis,TMP,316.331111111111,1.79811048945538
11643_H1,fis,TMP,320.610833333333,1.92177848160613
11643_H1,fis,TMP,324.847777777778,2.04809852745022
11643_H1,fis,TMP,329.010833333333,2.13715868982095
11643_H1,fis,TMP,333.253888888889,2.15434153790382
11643_H1,fis,TMP,337.608333333333,2.09911797184256
11643_H1,fis,TMP,342.859166666667,2.01267879023193
11643_H1,fis,TMP,347.133333333333,1.95000617882489
11643_H1,fis,TMP,351.360277777778,1.94228965694778
11643_H1,fis,TMP,355.626944444445,1.99728745869641
11643_H1,fis,TMP,359.973888888889,2.12270486767004
11643_H1,fis,TMP,365.477222222222,2.32695686899948
11643_H1,fis,TMP,369.675833333333,2.60730316949377
11643_H1,fis,TMP,373.891388888889,2.94885970168657
11643_H1,fis,TMP,378.123611111111,3.31117900862074
11643_H1,fis,TMP,382.388888888889,3.60851908190152
11643_H1,fis,TMP,386.705277777778,3.74901715459825
11643_H1,fis,TMP,392.066666666667,3.71892562368728
11643_H1,fis,TMP,396.350555555556,3.60107027762744
11643_H1,fis,TMP,400.604722222222,3.50423635575889
11643_H1,fis,TMP,404.862222222222,3.48897187157962
11643_H1,fis,TMP,410.761388888889,3.53850342457092
11643_H1,fis,TMP,415.001944444445,3.57637859703262
11643_H1,fis,TMP,419.2475,3.53131511373641
11643_H1,fis,TMP,423.491111111111,3.40712239595482
11643_H1,fis,TMP,427.706944444445,3.29343525413677
11643_H1,fis,TMP,431.972777777778,3.30741929864306
11643_H1,fis,TMP,437.718611111111,3.51145752359895
11643_H1,fis,TMP,441.996388888889,3.85974247635603
11643_H1,fis,TMP,446.266388888889,4.20597378320871
11643_H1,fis,TMP,450.521666666667,4.37900673799185
11643_H1,fis,TMP,454.781111111111,4.29911907419307
11643_H1,fis,TMP,459.034166666667,4.04901979251886
11643_H1,fis,TMP,463.819166666667,3.81790078687954
11643_H1,fis,TMP,468.062777777778,3.76669276892748
11643_H1,fis,TMP,472.305277777778,3.95708868376007
11643_H1,fis,TMP,476.532777777778,4.38422998198902
11643_H1,fis,TMP,482.232222222222,5.01453386415632
11643_H1,fis,TMP,486.443611111111,5.76585772321157
11643_H1,fis,TMP,490.6325,6.48487725927256
11643_H1,fis,TMP,494.860555555556,6.99982601089135
11643_H1,fis,TMP,499.091944444445,7.21847669470764
11643_H1,fis,TMP,503.412222222222,7.16085167544011
11643_H1,fis,TMP,508.740555555556,6.91245979285799
11643_H1,fis,TMP,512.936111111111,6.5860418443948
11643_H1,fis,TMP,517.155555555556,6.30292465667073
11643_H1,fis,TMP,521.364722222222,6.15337603543887
11643_H1,fis,TMP,525.580833333333,6.16712715459077
11643_H1,fis,TMP,531.108888888889,6.31766220404835
11643_H1,fis,TMP,535.345,6.52415215089463
11643_H1,fis,TMP,539.649444444445,6.66286363119501
11643_H1,fis,TMP,543.8975,6.62543535354379
11643_H1,fis,TMP,548.151944444444,6.3818356031552
11643_H1,fis,TMP,552.463888888889,5.99972194572449
11643_H1,fis,TMP,557.395,5.62694843972817
11643_H1,fis,TMP,561.696944444444,5.41778288807013
11643_H1,fis,TMP,565.899444444445,5.41836287347203
11643_H1,fis,TMP,570.171388888889,5.53365838881096
11643_H1,fis,TMP,574.436111111111,5.63331927534613
11644_G4,hfq,TMP,0.0,0.0185516976464842
11644_G4,hfq,TMP,5.45277777777778,0.0340891999486759
11644_G4,hfq,TMP,9.70083333333333,0.0519139936052886
11644_G4,hfq,TMP,13.9247222222222,0.0669961309401577
11644_G4,hfq,TMP,18.2225,0.0751747982200382
11644_G4,hfq,TMP,22.5455555555556,0.0762372977699104
11644_G4,hfq,TMP,26.77,0.0742113406414937
11644_G4,hfq,TMP,31.7097222222222,0.0735040116269086
11644_G4,hfq,TMP,35.9636111111111,0.0740968018546791
11644_G4,hfq,TMP,40.1944444444444,0.0718376408590641
11644_G4,hfq,TMP,44.4336111111111,0.0644420187948222
11644_G4,hfq,TMP,48.6916666666667,0.0559470312696481
11644_G4,hfq,TMP,53.9180555555556,0.0539847164142253
11644_G4,hfq,TMP,58.1830555555556,0.0632920984770176
11644_G4,hfq,TMP,62.4077777777778,0.0827167105362507
11644_G4,hfq,TMP,66.6630555555556,0.107851285583512
11644_G4,hfq,TMP,71.0141666666667,0.134742227767731
11644_G4,hfq,TMP,76.2063888888889,0.159039959016909
11644_G4,hfq,TMP,80.4544444444445,0.172756611070241
11644_G4,hfq,TMP,84.755,0.167733578518366
11644_G4,hfq,TMP,89.0316666666667,0.14555824431279
11644_G4,hfq,TMP,93.3480555555556,0.120314197023931
11644_G4,hfq,TMP,98.6605555555556,0.108744780006823
11644_G4,hfq,TMP,102.858333333333,0.119601992053141
11644_G4,hfq,TMP,107.069444444444,0.152190341718495
11644_G4,hfq,TMP,111.344722222222,0.201133580067295
11644_G4,hfq,TMP,115.59,0.259523130519897
11644_G4,hfq,TMP,120.584722222222,0.316663837711909
11644_G4,hfq,TMP,125.925277777778,0.354190152376921
11644_G4,hfq,TMP,130.126111111111,0.350862431920874
11644_G4,hfq,TMP,134.3675,0.300576131329988
11644_G4,hfq,TMP,138.595555555556,0.229177123878451
11644_G4,hfq,TMP,142.870277777778,0.188033601550067
11644_G4,hfq,TMP,148.358055555556,0.221977796324424
11644_G4,hfq,TMP,153.483055555556,0.332780319598758
11644_G4,hfq,TMP,157.744166666667,0.466658776623112
11644_G4,hfq,TMP,162.702222222222,0.545986287367285
11644_G4,hfq,TMP,167.207777777778,0.528227589242831
11644_G4,hfq,TMP,172.229166666667,0.433491496356087
11644_G4,hfq,TMP,176.551388888889,0.313128729119954
11644_G4,hfq,TMP,180.798888888889,0.206649689105656
11644_G4,hfq,TMP,185.049166666667,0.134379130232169
11644_G4,hfq,TMP,189.294444444445,0.110343067326727
11644_G4,hfq,TMP,194.095,0.14347374682757
11644_G4,hfq,TMP,199.335555555556,0.229908914222941
11644_G4,hfq,TMP,203.599166666667,0.352340981919908
11644_G4,hfq,TMP,207.847777777778,0.484828769783112
11644_G4,hfq,TMP,212.1,0.59534890564064
11644_G4,hfq,TMP,217.563611111111,0.648994636821249
11644_G4,hfq,TMP,221.776944444444,0.619831064725376
11644_G4,hfq,TMP,226.010555555556,0.512886327132938
11644_G4,hfq,TMP,230.233611111111,0.380327429758748
11644_G4,hfq,TMP,234.452222222222,0.301933737642343
11644_G4,hfq,TMP,238.686388888889,0.331013548629943
11644_G4,hfq,TMP,243.562222222222,0.454994054571889
11644_G4,hfq,TMP,248.116666666667,0.607981807746041
11644_G4,hfq,TMP,252.292777777778,0.717824569549348
11644_G4,hfq,TMP,256.521388888889,0.745734224885545
11644_G4,hfq,TMP,260.755277777778,0.699280251424031
11644_G4,hfq,TMP,265.004444444445,0.621941736605408
11644_G4,hfq,TMP,270.833888888889,0.565944813092893
11644_G4,hfq,TMP,275.054166666667,0.560763734561588
11644_G4,hfq,TMP,279.291111111111,0.595904407128112
11644_G4,hfq,TMP,283.56,0.62844090248069
11644_G4,hfq,TMP,287.811111111111,0.622013559732008
11644_G4,hfq,TMP,292.841666666667,0.594066286484458
11644_G4,hfq,TMP,297.065,0.599156892726886
11644_G4,hfq,TMP,301.281388888889,0.657078616293028
11644_G4,hfq,TMP,305.515833333333,0.743593778315012
11644_G4,hfq,TMP,309.846944444444,0.849746448268865
11644_G4,hfq,TMP,315.188333333333,0.983601855593001
11644_G4,hfq,TMP,319.379722222222,1.11063472945344
11644_G4,hfq,TMP,323.594444444444,1.16285762626702
11644_G4,hfq,TMP,327.814166666667,1.13094820592571
11644_G4,hfq,TMP,332.052777777778,1.10060182360728
11644_G4,hfq,TMP,336.394166666667,1.15837773680619
11644_G4,hfq,TMP,341.635833333333,1.28315427679557
11644_G4,hfq,TMP,345.885833333333,1.37514057181996
11644_G4,hfq,TMP,350.157222222222,1.38594792336845
11644_G4,hfq,TMP,354.404444444444,1.36963936707214
11644_G4,hfq,TMP,358.733333333333,1.38218828652069
11644_G4,hfq,TMP,364.322777777778,1.38618636384408
11644_G4,hfq,TMP,368.531666666667,1.31273953790456
11644_G4,hfq,TMP,372.746388888889,1.17930183856579
11644_G4,hfq,TMP,376.944722222222,1.08610697630349
11644_G4,hfq,TMP,381.211666666667,1.11175954668514
11644_G4,hfq,TMP,385.495277777778,1.23633244822069
11644_G4,hfq,TMP,390.844444444444,1.36616389912282
11644_G4,hfq,TMP,395.101111111111,1.4520988597441
11644_G4,hfq,TMP,399.388611111111,1.57404174807776
11644_G4,hfq,TMP,403.609722222222,1.84855604237337
11644_G4,hfq,TMP,409.6075,2.23363206469228
11644_G4,hfq,TMP,413.824166666667,2.48737758246105
11644_G4,hfq,TMP,418.070277777778,2.40032846711442
11644_G4,hfq,TMP,422.3125,2.06560166061557
11644_G4,hfq,TMP,426.557222222222,1.82722416975904
11644_G4,hfq,TMP,432.249722222222,1.93621698598056
11644_G4,hfq,TMP,436.504166666667,2.33933993564627
11644_G4,hfq,TMP,440.781111111111,2.80522989628109
11644_G4,hfq,TMP,445.051111111111,3.15470311343355
11644_G4,hfq,TMP,449.298333333333,3.33939655377011
11644_G4,hfq,TMP,453.601111111111,3.37344933731387
11644_G4,hfq,TMP,457.829722222222,3.26370417378897
11644_G4,hfq,TMP,462.666388888889,3.0294061344997
11644_G4,hfq,TMP,466.883611111111,2.76747823834546
11644_G4,hfq,TMP,471.126944444445,2.64870964354584
11644_G4,hfq,TMP,475.355277777778,2.81200812906015
11644_G4,hfq,TMP,481.078611111111,3.26037218831714
11644_G4,hfq,TMP,485.286388888889,3.86539676866379
11644_G4,hfq,TMP,489.494722222222,4.44918300265357
11644_G4,hfq,TMP,493.721388888889,4.84080784455734
11644_G4,hfq,TMP,497.953888888889,4.91093764670204
11644_G4,hfq,TMP,502.276111111111,4.65259631748801
11644_G4,hfq,TMP,507.586111111111,4.24183625003939
11644_G4,hfq,TMP,511.756388888889,3.95350890576785
11644_G4,hfq,TMP,516.022777777778,3.98833943878761
11644_G4,hfq,TMP,520.220277777778,4.36089344436177
11644_G4,hfq,TMP,524.439722222222,4.88244440603869
11644_G4,hfq,TMP,529.885277777778,5.24051603200311
11644_G4,hfq,TMP,534.165,5.19624917987149
11644_G4,hfq,TMP,538.396944444444,4.77105994463476
11644_G4,hfq,TMP,542.680833333333,4.21722611458948
11644_G4,hfq,TMP,546.939444444445,3.80028293847864
11644_G4,hfq,TMP,551.311666666667,3.64315702550334
11644_G4,hfq,TMP,556.252222222222,3.75792724179112
11644_G4,hfq,TMP,560.451666666667,4.12445770162332
11644_G4,hfq,TMP,564.700833333333,4.67468209831828
11644_G4,hfq,TMP,568.923055555556,5.26082059813237
11644_G4,hfq,TMP,573.183055555556,5.72395107044832
11644_C7,lon,TMP,0.0,0.0568299098585012
11644_C7,lon,TMP,5.45277777777778,0.121733813848967
11644_C7,lon,TMP,9.70083333333333,0.20686433871723
11644_C7,lon,TMP,13.9247222222222,0.280081638575016
11644_C7,lon,TMP,18.2225,0.306304912550911
11644_C7,lon,TMP,22.5455555555556,0.279951608890402
11644_C7,lon,TMP,26.77,0.229865646166946
11644_C7,lon,TMP,31.7097222222222,0.190066181046303
11644_C7,lon,TMP,35.9636111111111,0.17426117260766
11644_C7,lon,TMP,40.1944444444444,0.178890359194984
11644_C7,lon,TMP,44.4336111111111,0.198445370589358
11644_C7,lon,TMP,48.6916666666667,0.232379514932848
11644_C7,lon,TMP,53.9180555555556,0.290076362098861
11644_C7,lon,TMP,58.1830555555556,0.405887304365832
11644_C7,lon,TMP,62.4077777777778,0.648117099325619
11644_C7,lon,TMP,66.6630555555556,1.08140892297625
11644_C7,lon,TMP,71.0141666666667,1.6768480493501
11644_C7,lon,TMP,76.2063888888889,2.26019942400857
11644_C7,lon,TMP,80.4544444444445,2.60595572526784
11644_C7,lon,TMP,84.755,2.61720576881333
11644_C7,lon,TMP,89.0316666666667,2.39690320473824
11644_C7,lon,TMP,93.3480555555556,2.14469579665561
11644_C7,lon,TMP,98.6605555555556,2.01418770300632
11644_C7,lon,TMP,102.858333333333,2.06780886156205
11644_C7,lon,TMP,107.069444444444,2.31599578385929
11644_C7,lon,TMP,111.344722222222,2.74051534100789
11644_C7,lon,TMP,115.59,3.28420576970991
11644_C7,lon,TMP,120.584722222222,3.8818343958811
11644_C7,lon,TMP,125.925277777778,4.51773867446418
11644_C7,lon,TMP,130.126111111111,5.18756296248514
11644_C7,lon,TMP,134.3675,5.78876949509166
11644_C7,lon,TMP,138.595555555556,6.15105750618577
11644_C7,lon,TMP,142.870277777778,6.23489642632553
11644_C7,lon,TMP,148.358055555556,6.22764225283377
11644_C7,lon,TMP,153.483055555556,6.37777525501677
11644_C7,lon,TMP,157.744166666667,6.77062648161031
11644_C7,lon,TMP,162.702222222222,7.30831436716989
11644_C7,lon,TMP,167.207777777778,7.85253724229731
11644_C7,lon,TMP,172.229166666667,8.28943785478721
11644_C7,lon,TMP,176.551388888889,8.46789853248483
11644_C7,lon,TMP,180.798888888889,8.21764074995537
11644_C7,lon,TMP,185.049166666667,7.52806321344897
11644_C7,lon,TMP,189.294444444445,6.65534353729834
11644_C7,lon,TMP,194.095,5.99072914823532
11644_C7,lon,TMP,199.335555555556,5.87968902184548
11644_C7,lon,TMP,203.599166666667,6.55004021410639
11644_C7,lon,TMP,207.847777777778,7.9525271831404
11644_C7,lon,TMP,212.1,9.5313228596656
11644_C7,lon,TMP,217.563611111111,10.4441758683126
11644_C7,lon,TMP,221.776944444444,10.3010078511528
11644_C7,lon,TMP,226.010555555556,9.5534317191611
11644_C7,lon,TMP,230.233611111111,8.9727309917959
11644_C7,lon,TMP,234.452222222222,8.90657770337929
11644_C7,lon,TMP,238.686388888889,9.1946907411101
11644_C7,lon,TMP,243.562222222222,9.59681773877828
11644_C7,lon,TMP,248.116666666667,10.0547801087807
11644_C7,lon,TMP,252.292777777778,10.588496195529
11644_C7,lon,TMP,256.521388888889,11.1741727112808
11644_C7,lon,TMP,260.755277777778,11.8505225386745
11644_C7,lon,TMP,265.004444444445,12.8296762809601
11644_C7,lon,TMP,270.833888888889,14.3082561864725
11644_C7,lon,TMP,275.054166666667,16.1406825440862
11644_C7,lon,TMP,279.291111111111,17.7934259945716
11644_C7,lon,TMP,283.56,18.6719612675061
11644_C7,lon,TMP,287.811111111111,18.5244321665139
11644_C7,lon,TMP,292.841666666667,17.5856505334853
11644_C7,lon,TMP,297.065,16.3703066000231
11644_C7,lon,TMP,301.281388888889,15.2939146319123
11644_C7,lon,TMP,305.515833333333,14.4728655506887
11644_C7,lon,TMP,309.846944444444,13.9135488296039
11644_C7,lon,TMP,315.188333333333,13.8360561190346
11644_C7,lon,TMP,319.379722222222,14.6696905669587
11644_C7,lon,TMP,323.594444444444,16.6278089117238
11644_C7,lon,TMP,327.814166666667,19.3074944753799
11644_C7,lon,TMP,332.052777777778,21.7742524638985
11644_C7,lon,TMP,336.394166666667,23.1073108082782
11644_C7,lon,TMP,341.635833333333,22.9920528743055
11644_C7,lon,TMP,345.885833333333,21.921499112818
11644_C7,lon,TMP,350.157222222222,20.8868031947973
11644_C7,lon,TMP,354.404444444444,20.879189229584
11644_C7,lon,TMP,358.733333333333,22.5117541431401
11644_C7,lon,TMP,364.322777777778,25.7060208697887
11644_C7,lon,TMP,368.531666666667,29.514598877457
11644_C7,lon,TMP,372.746388888889,32.4510007043751
11644_C7,lon,TMP,376.944722222222,33.4610387352259
11644_C7,lon,TMP,381.211666666667,32.8334129347616
11644_C7,lon,TMP,385.495277777778,31.9006645851896
11644_C7,lon,TMP,390.844444444444,31.7328989402278
11644_C7,lon,TMP,395.101111111111,32.4694834390048
11644_C7,lon,TMP,399.388611111111,33.6955561384261
11644_C7,lon,TMP,403.609722222222,34.7771579037112
11644_C7,lon,TMP,409.6075,35.0125207537217
11644_C7,lon,TMP,413.824166666667,34.1005147810657
11644_C7,lon,TMP,418.070277777778,32.472543742251
11644_C7,lon,TMP,422.3125,30.9956475171908
11644_C7,lon,TMP,426.557222222222,30.4214822563654
11644_C7,lon,TMP,432.249722222222,31.1039919221912
11644_C7,lon,TMP,436.504166666667,33.0126128425972
11644_C7,lon,TMP,440.781111111111,35.670704360513
11644_C7,lon,TMP,445.051111111111,37.9876783142781
11644_C7,lon,TMP,449.298333333333,38.5478683738977
11644_C7,lon,TMP,453.601111111111,36.4685489050357
11644_C7,lon,TMP,457.829722222222,32.0936701007308
11644_C7,lon,TMP,462.666388888889,26.8852360601309
11644_C7,lon,TMP,466.883611111111,22.5449128163174
11644_C7,lon,TMP,471.126944444445,20.0368154256546
11644_C7,lon,TMP,475.355277777778,19.3338553303625
11644_C7,lon,TMP,481.078611111111,19.968538225938
11644_C7,lon,TMP,485.286388888889,21.8332348922626
11644_C7,lon,TMP,489.494722222222,25.7455487682199
11644_C7,lon,TMP,493.721388888889,33.1929726408337
11644_C7,lon,TMP,497.953888888889,44.6684408528221
11644_C7,lon,TMP,502.276111111111,57.5192198282173
11644_C7,lon,TMP,507.586111111111,66.128632884729
11644_C7,lon,TMP,511.756388888889,65.8692163761293
11644_C7,lon,TMP,516.022777777778,57.4498586007011
11644_C7,lon,TMP,520.220277777778,46.6000768459921
11644_C7,lon,TMP,524.439722222222,39.3875706195452
11644_C7,lon,TMP,529.885277777778,38.4439218402978
11644_C7,lon,TMP,534.165,42.9075475619073
11644_C7,lon,TMP,538.396944444444,50.1160372225196
11644_C7,lon,TMP,542.680833333333,56.8860267700378
11644_C7,lon,TMP,546.939444444445,60.5017573277548
11644_C7,lon,TMP,551.311666666667,59.7258284081327
11644_C7,lon,TMP,556.252222222222,55.1288546469407
11644_C7,lon,TMP,560.451666666667,48.3519381490598
11644_C7,lon,TMP,564.700833333333,41.0608180244874
11644_C7,lon,TMP,568.923055555556,34.4730299771343
11644_C7,lon,TMP,573.183055555556,29.3721549391473
11645_G4,hfq,TMP,0.0,0.014360636395365
11645_G4,hfq,TMP,5.89027777777778,0.0272333080140338
11645_G4,hfq,TMP,10.1383333333333,0.0451559434935795
11645_G4,hfq,TMP,14.3605555555556,0.0658753543346019
11645_G4,hfq,TMP,18.6263888888889,0.0831330068443846
11645_G4,hfq,TMP,22.8558333333333,0.0891736409129042
11645_G4,hfq,TMP,27.0708333333333,0.0818565091911583
11645_G4,hfq,TMP,32.15,0.0681040127151773
11645_G4,hfq,TMP,36.4019444444445,0.0584951032649163
11645_G4,hfq,TMP,40.6280555555556,0.0593734338173171
11645_G4,hfq,TMP,44.9005555555556,0.0700491281782748
11645_G4,hfq,TMP,49.1625,0.0852697908165124
11645_G4,hfq,TMP,54.3436111111111,0.099667513151001
11645_G4,hfq,TMP,58.5863888888889,0.111236990817054
11645_G4,hfq,TMP,62.8444444444444,0.121500029330028
11645_G4,hfq,TMP,67.1386111111111,0.132487378605705
11645_G4,hfq,TMP,71.4566666666667,0.143836568388221
11645_G4,hfq,TMP,76.6086111111111,0.152290114129645
11645_G4,hfq,TMP,80.9594444444444,0.153244498591308
11645_G4,hfq,TMP,85.1958333333333,0.14416023876848
11645_G4,hfq,TMP,89.4733333333333,0.128459982413373
11645_G4,hfq,TMP,93.7633333333333,0.1150909402492
11645_G4,hfq,TMP,99.0755555555556,0.111978010725649
11645_G4,hfq,TMP,103.3825,0.119732651374026
11645_G4,hfq,TMP,107.598611111111,0.132634118701348
11645_G4,hfq,TMP,111.850555555556,0.145629941125679
11645_G4,hfq,TMP,116.095833333333,0.159473344259791
11645_G4,hfq,TMP,121.000833333333,0.178060457569852
11645_G4,hfq,TMP,126.336944444444,0.200414266052391
11645_G4,hfq,TMP,130.569722222222,0.215870878631551
11645_G4,hfq,TMP,134.811111111111,0.20951923823862
11645_G4,hfq,TMP,139.004722222222,0.176383164587332
11645_G4,hfq,TMP,143.346111111111,0.131759041754963
11645_G4,hfq,TMP,148.780277777778,0.103925363334613
11645_G4,hfq,TMP,153.9275,0.112285435854875
11645_G4,hfq,TMP,158.1475,0.150652745228177
11645_G4,hfq,TMP,163.220277777778,0.190529634550882
11645_G4,hfq,TMP,167.654444444444,0.201776709750734
11645_G4,hfq,TMP,172.632777777778,0.17509090121081
11645_G4,hfq,TMP,176.861388888889,0.128243821814138
11645_G4,hfq,TMP,181.109444444444,0.0893305799827282
11645_G4,hfq,TMP,185.359444444444,0.0731045579682892
11645_G4,hfq,TMP,189.595277777778,0.0765895458807954
11645_G4,hfq,TMP,194.499444444444,0.0951399664225826
11645_G4,hfq,TMP,199.767777777778,0.129849510061361
11645_G4,hfq,TMP,204.021388888889,0.172991288516292
11645_G4,hfq,TMP,208.291111111111,0.200639951806698
11645_G4,hfq,TMP,212.541944444445,0.19690490120581
11645_G4,hfq,TMP,218.065,0.185436492660203
11645_G4,hfq,TMP,222.251111111111,0.224963263126997
11645_G4,hfq,TMP,226.483888888889,0.361553885131377
11645_G4,hfq,TMP,230.742222222222,0.574385909276625
11645_G4,hfq,TMP,234.933055555556,0.767760864878333
11645_G4,hfq,TMP,239.192777777778,0.834998291721184
11645_G4,hfq,TMP,244.024444444444,0.745574872287592
11645_G4,hfq,TMP,248.524166666667,0.565336145021917
11645_G4,hfq,TMP,252.732222222222,0.396088282887242
11645_G4,hfq,TMP,256.954722222222,0.310641318619772
11645_G4,hfq,TMP,261.188333333333,0.326017841114441
11645_G4,hfq,TMP,265.438611111111,0.404459427979473
11645_G4,hfq,TMP,271.284166666667,0.484384077595956
11645_G4,hfq,TMP,275.5075,0.529235611005445
11645_G4,hfq,TMP,279.745555555556,0.544216052343767
11645_G4,hfq,TMP,284.004166666667,0.552642888803819
11645_G4,hfq,TMP,288.241388888889,0.573504440345594
11645_G4,hfq,TMP,293.278055555556,0.612618021805672
11645_G4,hfq,TMP,297.493611111111,0.660404523265637
11645_G4,hfq,TMP,301.724444444444,0.707642860369807
11645_G4,hfq,TMP,305.9575,0.763080310486851
11645_G4,hfq,TMP,310.321666666667,0.829362596189471
11645_G4,hfq,TMP,315.601666666667,0.87656348778661
11645_G4,hfq,TMP,319.7875,0.884591648390269
11645_G4,hfq,TMP,324.007777777778,0.888519981735236
11645_G4,hfq,TMP,328.255833333333,0.932155765582819
11645_G4,hfq,TMP,332.559166666667,0.997713757576071
11645_G4,hfq,TMP,336.837777777778,1.02657619653009
11645_G4,hfq,TMP,342.100555555556,0.996527738268506
11645_G4,hfq,TMP,346.317777777778,0.95320033996504
11645_G4,hfq,TMP,350.614166666667,0.974801981942046
11645_G4,hfq,TMP,354.876388888889,1.11526840899264
11645_G4,hfq,TMP,359.141111111111,1.36450343634213
11645_G4,hfq,TMP,364.736111111111,1.65690364169478
11645_G4,hfq,TMP,368.958611111111,1.93390905869377
11645_G4,hfq,TMP,373.174166666667,2.18127639014884
11645_G4,hfq,TMP,377.4025,2.38091614026096
11645_G4,hfq,TMP,381.622777777778,2.46008131477371
11645_G4,hfq,TMP,385.969722222222,2.34900710567928
11645_G4,hfq,TMP,391.319722222222,2.10521435409715
11645_G4,hfq,TMP,395.534166666667,1.92930687998047
11645_G4,hfq,TMP,399.796111111111,2.00240790544525
11645_G4,hfq,TMP,404.062222222222,2.31716368779204
11645_G4,hfq,TMP,410.021388888889,2.68274339775207
11645_G4,hfq,TMP,414.2325,2.86012521557811
11645_G4,hfq,TMP,418.479722222222,2.72005447190261
11645_G4,hfq,TMP,422.720555555556,2.3632804606363
11645_G4,hfq,TMP,427.001666666667,2.08870923077801
11645_G4,hfq,TMP,432.668333333333,2.17266266802376
11645_G4,hfq,TMP,436.946111111111,2.65729866462598
11645_G4,hfq,TMP,441.223888888889,3.3380667191298
11645_G4,hfq,TMP,445.495555555556,3.91309868049734
11645_G4,hfq,TMP,449.765277777778,4.16315913464013
11645_G4,hfq,TMP,454.045555555556,4.05654413610732
11645_G4,hfq,TMP,458.285277777778,3.71776170435261
11645_G4,hfq,TMP,463.081111111111,3.31204195953487
11645_G4,hfq,TMP,467.293055555556,2.96873841297211
11645_G4,hfq,TMP,471.535,2.78124118019938
11645_G4,hfq,TMP,475.763055555556,2.81615886944871
11645_G4,hfq,TMP,481.491111111111,3.08637615316237
11645_G4,hfq,TMP,485.699444444445,3.5204304281177
11645_G4,hfq,TMP,489.945833333333,3.97381942510229
11645_G4,hfq,TMP,494.174166666667,4.29056012557319
11645_G4,hfq,TMP,498.407222222222,4.3915539082432
11645_G4,hfq,TMP,502.727777777778,4.32434432479383
11645_G4,hfq,TMP,507.999444444445,4.21577495692336
11645_G4,hfq,TMP,512.215555555556,4.15359169327511
11645_G4,hfq,TMP,516.436944444444,4.10222728054164
11645_G4,hfq,TMP,520.649166666667,3.95380744319309
11645_G4,hfq,TMP,524.94,3.67556732096964
11645_G4,hfq,TMP,530.351111111111,3.36724801710081
11645_G4,hfq,TMP,534.607777777778,3.15769157257613
11645_G4,hfq,TMP,538.845277777778,3.09541137055955
11645_G4,hfq,TMP,543.088333333333,3.15194928178037
11645_G4,hfq,TMP,547.382222222222,3.28438562354075
11645_G4,hfq,TMP,551.728611111111,3.46898708132488
11645_G4,hfq,TMP,556.665833333333,3.67826121406509
11645_G4,hfq,TMP,560.859444444444,3.84332509390777
11645_G4,hfq,TMP,565.140833333333,3.8761475860171
11645_G4,hfq,TMP,569.355,3.75124381984476
11645_G4,hfq,TMP,573.616944444445,3.54139772306442
11645_C7,lon,TMP,0.0,0.0677787524898179
11645_C7,lon,TMP,5.89027777777778,0.150378605601786
11645_C7,lon,TMP,10.1383333333333,0.263496098734949
11645_C7,lon,TMP,14.3605555555556,0.364963652834168
11645_C7,lon,TMP,18.6263888888889,0.403535213459093
11645_C7,lon,TMP,22.8558333333333,0.367664117437287
11645_C7,lon,TMP,27.0708333333333,0.298900654179263
11645_C7,lon,TMP,32.15,0.248749850721361
11645_C7,lon,TMP,36.4019444444445,0.233605712766946
11645_C7,lon,TMP,40.6280555555556,0.237534149755518
11645_C7,lon,TMP,44.9005555555556,0.244958129538055
11645_C7,lon,TMP,49.1625,0.257959931094507
11645_C7,lon,TMP,54.3436111111111,0.287581572360834
11645_C7,lon,TMP,58.5863888888889,0.341068857666593
11645_C7,lon,TMP,62.8444444444444,0.417461580576572
11645_C7,lon,TMP,67.1386111111111,0.504994332380544
11645_C7,lon,TMP,71.4566666666667,0.580754757122211
11645_C7,lon,TMP,76.6086111111111,0.622217644768647
11645_C7,lon,TMP,80.9594444444444,0.625057219668167
11645_C7,lon,TMP,85.1958333333333,0.605998567336824
11645_C7,lon,TMP,89.4733333333333,0.585512471937588
11645_C7,lon,TMP,93.7633333333333,0.572640078120209
11645_C7,lon,TMP,99.0755555555556,0.568778455405185
11645_C7,lon,TMP,103.3825,0.578741391381291
11645_C7,lon,TMP,107.598611111111,0.611369640447685
11645_C7,lon,TMP,111.850555555556,0.672579047544983
11645_C7,lon,TMP,116.095833333333,0.761705395645783
11645_C7,lon,TMP,121.000833333333,0.868870697257434
11645_C7,lon,TMP,126.336944444444,0.973055789766568
11645_C7,lon,TMP,130.569722222222,1.05174055679017
11645_C7,lon,TMP,134.811111111111,1.09906121617863
11645_C7,lon,TMP,139.004722222222,1.1330402665507
11645_C7,lon,TMP,143.346111111111,1.18470405052866
11645_C7,lon,TMP,148.780277777778,1.2788347095021
11645_C7,lon,TMP,153.9275,1.41755460645702
11645_C7,lon,TMP,158.1475,1.57608234421653
11645_C7,lon,TMP,163.220277777778,1.71800510886341
11645_C7,lon,TMP,167.654444444444,1.821295196545
11645_C7,lon,TMP,172.632777777778,1.88730098375235
11645_C7,lon,TMP,176.861388888889,1.91822818330007
11645_C7,lon,TMP,181.109444444444,1.89285685566491
11645_C7,lon,TMP,185.359444444444,1.78754022687876
11645_C7,lon,TMP,189.595277777778,1.63199759831712
11645_C7,lon,TMP,194.499444444444,1.52544286687725
11645_C7,lon,TMP,199.767777777778,1.57885349194517
11645_C7,lon,TMP,204.021388888889,1.82842350959706
11645_C7,lon,TMP,208.291111111111,2.17672085577804
11645_C7,lon,TMP,212.541944444445,2.42117169490002
11645_C7,lon,TMP,218.065,2.40471833943926
11645_C7,lon,TMP,222.251111111111,2.17404112456132
11645_C7,lon,TMP,226.483888888889,1.95350752821944
11645_C7,lon,TMP,230.742222222222,1.92933116381519
11645_C7,lon,TMP,234.933055555556,2.06519392595065
11645_C7,lon,TMP,239.192777777778,2.15041842312045
11645_C7,lon,TMP,244.024444444444,2.02884913094414
11645_C7,lon,TMP,248.524166666667,1.74512240904771
11645_C7,lon,TMP,252.732222222222,1.46166751083221
11645_C7,lon,TMP,256.954722222222,1.29744646435191
11645_C7,lon,TMP,261.188333333333,1.28251817449252
11645_C7,lon,TMP,265.438611111111,1.4161461615359
11645_C7,lon,TMP,271.284166666667,1.70718890893042
11645_C7,lon,TMP,275.5075,2.14256458302445
11645_C7,lon,TMP,279.745555555556,2.63844218429472
11645_C7,lon,TMP,284.004166666667,3.0564716082147
11645_C7,lon,TMP,288.241388888889,3.27734050647699
11645_C7,lon,TMP,293.278055555556,3.26243562671972
11645_C7,lon,TMP,297.493611111111,3.07553741951178
11645_C7,lon,TMP,301.724444444444,2.84914881864424
11645_C7,lon,TMP,305.9575,2.69688787200281
11645_C7,lon,TMP,310.321666666667,2.65522190717275
11645_C7,lon,TMP,315.601666666667,2.71758839274671
11645_C7,lon,TMP,319.7875,2.88640289827201
11645_C7,lon,TMP,324.007777777778,3.16231178670787
11645_C7,lon,TMP,328.255833333333,3.52041622044589
11645_C7,lon,TMP,332.559166666667,3.93550992774841
11645_C7,lon,TMP,336.837777777778,4.39938367048167
11645_C7,lon,TMP,342.100555555556,4.84160902607854
11645_C7,lon,TMP,346.317777777778,5.04820553688926
11645_C7,lon,TMP,350.614166666667,4.79010194130722
11645_C7,lon,TMP,354.876388888889,4.10558105859621
11645_C7,lon,TMP,359.141111111111,3.38669597968823
11645_C7,lon,TMP,364.736111111111,3.11257147720432
11645_C7,lon,TMP,368.958611111111,3.51967076055464
11645_C7,lon,TMP,373.174166666667,4.52776480788006
11645_C7,lon,TMP,377.4025,5.84425030294201
11645_C7,lon,TMP,381.622777777778,7.01515790748545
11645_C7,lon,TMP,385.969722222222,7.495239678553
11645_C7,lon,TMP,391.319722222222,6.96899003501385
11645_C7,lon,TMP,395.534166666667,5.75767276433494
11645_C7,lon,TMP,399.796111111111,4.77059225049627
11645_C7,lon,TMP,404.062222222222,4.85144343564324
11645_C7,lon,TMP,410.021388888889,6.06581933839145
11645_C7,lon,TMP,414.2325,7.56055163812036
11645_C7,lon,TMP,418.479722222222,8.18186970408759
11645_C7,lon,TMP,422.720555555556,7.44133910900086
11645_C7,lon,TMP,427.001666666667,5.92886422728267
11645_C7,lon,TMP,432.668333333333,4.7291234855064
11645_C7,lon,TMP,436.946111111111,4.5433288052571
11645_C7,lon,TMP,441.223888888889,5.35684974910322
11645_C7,lon,TMP,445.495555555556,6.64087001066276
11645_C7,lon,TMP,449.765277777778,7.71966700278596
11645_C7,lon,TMP,454.045555555556,8.13871996484238
11645_C7,lon,TMP,458.285277777778,7.88443971757446
11645_C7,lon,TMP,463.081111111111,7.26778481940911
11645_C7,lon,TMP,467.293055555556,6.58335485594165
11645_C7,lon,TMP,471.535,5.92478094209962
11645_C7,lon,TMP,475.763055555556,5.32141385813659
11645_C7,lon,TMP,481.491111111111,4.92859948867696
11645_C7,lon,TMP,485.699444444445,4.99191061902005
11645_C7,lon,TMP,489.945833333333,5.63670923941739
11645_C7,lon,TMP,494.174166666667,6.6881372706834
11645_C7,lon,TMP,498.407222222222,7.7014481094384
11645_C7,lon,TMP,502.727777777778,8.26821401115898
11645_C7,lon,TMP,507.999444444445,8.37412896367709
11645_C7,lon,TMP,512.215555555556,8.47381354268512
11645_C7,lon,TMP,516.436944444444,9.22020434479647
11645_C7,lon,TMP,520.649166666667,10.9855543937183
11645_C7,lon,TMP,524.94,13.3766481022104
11645_C7,lon,TMP,530.351111111111,15.1828163199867
11645_C7,lon,TMP,534.607777777778,15.14140200622
11645_C7,lon,TMP,538.845277777778,13.027803469129
11645_C7,lon,TMP,543.088333333333,9.88296542529391
11645_C7,lon,TMP,547.382222222222,7.07456303831673
11645_C7,lon,TMP,551.728611111111,5.31123302898967
11645_C7,lon,TMP,556.665833333333,4.5611682516761
11645_C7,lon,TMP,560.859444444444,4.52522365439177
11645_C7,lon,TMP,565.140833333333,4.92565018788188
11645_C7,lon,TMP,569.355,5.51531164193155
11645_C7,lon,TMP,573.616944444445,6.07422364874241
11646_G4,hfq,TMP,0.0,0.0156458611945107
11646_G4,hfq,TMP,6.32805555555556,0.0299764021063482
11646_G4,hfq,TMP,10.5761111111111,0.0486731299226274
11646_G4,hfq,TMP,14.835,0.0670775531054396
11646_G4,hfq,TMP,19.0669444444445,0.0781610984448737
11646_G4,hfq,TMP,23.3341666666667,0.077658406650189
11646_G4,hfq,TMP,27.5744444444445,0.0689344829137143
11646_G4,hfq,TMP,32.5530555555556,0.0610995050849705
11646_G4,hfq,TMP,36.8394444444445,0.0615232075368559
11646_G4,hfq,TMP,41.0994444444445,0.070593617886405
11646_G4,hfq,TMP,45.3391666666667,0.0832599041432311
11646_G4,hfq,TMP,49.6038888888889,0.0948400900384847
11646_G4,hfq,TMP,54.8022222222222,0.104737651327479
11646_G4,hfq,TMP,59.0211111111111,0.113592052755476
11646_G4,hfq,TMP,63.3194444444444,0.118163815325242
11646_G4,hfq,TMP,67.58,0.11316079892592
11646_G4,hfq,TMP,71.8980555555556,0.0989767692724911
11646_G4,hfq,TMP,77.0208333333333,0.0839528858292566
11646_G4,hfq,TMP,81.3627777777778,0.0777143638232323
11646_G4,hfq,TMP,85.6372222222222,0.0843884665175782
11646_G4,hfq,TMP,89.9155555555556,0.102007533990219
11646_G4,hfq,TMP,94.1719444444444,0.12567674684494
11646_G4,hfq,TMP,99.4783333333333,0.15041803612163
11646_G4,hfq,TMP,103.661388888889,0.171809846126736
11646_G4,hfq,TMP,107.894166666667,0.185452235010647
11646_G4,hfq,TMP,112.160833333333,0.189484880313834
11646_G4,hfq,TMP,116.406111111111,0.190273678884946
11646_G4,hfq,TMP,121.408888888889,0.201554615659317
11646_G4,hfq,TMP,126.745,0.230826282378864
11646_G4,hfq,TMP,130.974444444445,0.265536949448197
11646_G4,hfq,TMP,135.214722222222,0.279186391375141
11646_G4,hfq,TMP,139.439166666667,0.25778528442183
11646_G4,hfq,TMP,143.790555555556,0.220441191272877
11646_G4,hfq,TMP,150.1,0.208140583884401
11646_G4,hfq,TMP,154.330833333333,0.247613101074306
11646_G4,hfq,TMP,158.586944444444,0.323410928072502
11646_G4,hfq,TMP,163.623611111111,0.383517154679506
11646_G4,hfq,TMP,168.1975,0.378337077550378
11646_G4,hfq,TMP,173.041666666667,0.304081663338372
11646_G4,hfq,TMP,177.336111111111,0.207567083820009
11646_G4,hfq,TMP,181.584444444444,0.146921652001524
11646_G4,hfq,TMP,185.836666666667,0.153325702677513
11646_G4,hfq,TMP,190.0975,0.227582801719111
11646_G4,hfq,TMP,195.134444444444,0.358100756360102
11646_G4,hfq,TMP,200.233055555556,0.529544791401483
11646_G4,hfq,TMP,204.454722222222,0.713636026623329
11646_G4,hfq,TMP,208.695833333333,0.86947284354811
11646_G4,hfq,TMP,212.986388888889,0.97793599054508
11646_G4,hfq,TMP,218.467222222222,1.07990577733798
11646_G4,hfq,TMP,222.690555555556,1.26004616319941
11646_G4,hfq,TMP,226.924166666667,1.56893836154866
11646_G4,hfq,TMP,231.156111111111,1.94596462101773
11646_G4,hfq,TMP,235.374722222222,2.22910957409978
11646_G4,hfq,TMP,239.607777777778,2.28015136555547
11646_G4,hfq,TMP,244.455277777778,2.12033287250521
11646_G4,hfq,TMP,248.957222222222,1.92360149236674
11646_G4,hfq,TMP,253.2075,1.86806251270569
11646_G4,hfq,TMP,257.431388888889,2.00224016164346
11646_G4,hfq,TMP,261.666388888889,2.23592174639316
11646_G4,hfq,TMP,265.909444444444,2.42661735762919
11646_G4,hfq,TMP,271.726388888889,2.47886773732636
11646_G4,hfq,TMP,275.949166666667,2.39782231064029
11646_G4,hfq,TMP,280.188055555556,2.27304571673635
11646_G4,hfq,TMP,284.444722222222,2.21115822151672
11646_G4,hfq,TMP,288.647222222222,2.28331898823876
11646_G4,hfq,TMP,293.685555555556,2.53163732448098
11646_G4,hfq,TMP,297.918333333333,2.98338178607768
11646_G4,hfq,TMP,302.1275,3.60590623300999
11646_G4,hfq,TMP,306.399166666667,4.25887192868381
11646_G4,hfq,TMP,310.763055555556,4.75330948616124
11646_G4,hfq,TMP,316.01,4.97900684790137
11646_G4,hfq,TMP,320.220555555556,4.95787609868119
11646_G4,hfq,TMP,324.449722222222,4.80753055246275
11646_G4,hfq,TMP,328.696666666667,4.70593280676367
11646_G4,hfq,TMP,332.983055555556,4.84678351563727
11646_G4,hfq,TMP,337.246111111111,5.29949750853648
11646_G4,hfq,TMP,342.539444444444,5.84373252371955
11646_G4,hfq,TMP,346.785833333333,6.035143800855
11646_G4,hfq,TMP,351.057777777778,5.57851039144843
11646_G4,hfq,TMP,355.320277777778,4.63418941683611
11646_G4,hfq,TMP,359.575833333333,3.68691195018307
11646_G4,hfq,TMP,365.144444444445,3.16503714432465
11646_G4,hfq,TMP,369.366666666667,3.24043106977094
11646_G4,hfq,TMP,373.5825,3.9032385898743
11646_G4,hfq,TMP,377.846388888889,5.11842592503409
11646_G4,hfq,TMP,382.164444444444,6.88642018407982
11646_G4,hfq,TMP,386.478333333333,9.17641839608547
11646_G4,hfq,TMP,391.762777777778,11.8299413724138
11646_G4,hfq,TMP,396.011388888889,14.5581475393198
11646_G4,hfq,TMP,400.230555555556,17.101541498944
11646_G4,hfq,TMP,404.522777777778,19.4386662624154
11646_G4,hfq,TMP,410.429722222222,21.6502288037989
11646_G4,hfq,TMP,414.707777777778,23.3888220631223
11646_G4,hfq,TMP,418.951944444445,23.8116162572674
11646_G4,hfq,TMP,423.155277777778,22.5608709003821
11646_G4,hfq,TMP,427.444722222222,20.7051073472143
11646_G4,hfq,TMP,433.072222222222,20.038486888949
11646_G4,hfq,TMP,437.386944444445,21.1222201864816
11646_G4,hfq,TMP,441.628055555556,22.4685335990687
11646_G4,hfq,TMP,445.901944444445,22.1648215085509
11646_G4,hfq,TMP,450.205833333333,20.0905680933316
11646_G4,hfq,TMP,454.522777777778,18.0631709713839
11646_G4,hfq,TMP,458.793333333333,17.9980292679004
11646_G4,hfq,TMP,463.489166666667,20.4062932927066
11646_G4,hfq,TMP,467.768333333333,24.5468463591607
11646_G4,hfq,TMP,471.969166666667,29.5976259732977
11646_G4,hfq,TMP,476.196944444445,35.7148164078422
11646_G4,hfq,TMP,481.898888888889,44.2561755127853
11646_G4,hfq,TMP,486.139444444445,56.8501640753388
11646_G4,hfq,TMP,490.386111111111,73.2635346187419
11646_G4,hfq,TMP,494.616388888889,89.2122316217695
11646_G4,hfq,TMP,498.848055555556,97.3103067329846
11646_G4,hfq,TMP,503.171666666667,92.5047146045986
11646_G4,hfq,TMP,508.408055555556,76.8534535730098
11646_G4,hfq,TMP,512.659166666667,57.7699563092957
11646_G4,hfq,TMP,516.841944444445,42.1543623872354
11646_G4,hfq,TMP,521.053333333333,33.0942222809154
11646_G4,hfq,TMP,525.381111111111,30.5816874293785
11646_G4,hfq,TMP,530.808888888889,33.192030032389
11646_G4,hfq,TMP,535.011666666667,39.0488244533728
11646_G4,hfq,TMP,539.3025,46.4260048549333
11646_G4,hfq,TMP,543.523611111111,53.8168998780087
11646_G4,hfq,TMP,547.824722222222,59.289210083683
11646_G4,hfq,TMP,552.139722222222,60.6249166061915
11646_G4,hfq,TMP,557.074166666667,57.1121062774393
11646_G4,hfq,TMP,561.291944444444,50.705703189807
11646_G4,hfq,TMP,565.544444444445,44.5442626809087
11646_G4,hfq,TMP,569.831388888889,40.5733753924904
11646_G4,hfq,TMP,574.093055555556,38.8427087757653
11646_C7,lon,TMP,0.0,0.0659149377451728
11646_C7,lon,TMP,6.32805555555556,0.14502058324675
11646_C7,lon,TMP,10.5761111111111,0.250771364621183
11646_C7,lon,TMP,14.835,0.340904976894232
11646_C7,lon,TMP,19.0669444444445,0.367880370590207
11646_C7,lon,TMP,23.3341666666667,0.325672466151934
11646_C7,lon,TMP,27.5744444444445,0.257330673350863
11646_C7,lon,TMP,32.5530555555556,0.210596521126717
11646_C7,lon,TMP,36.8394444444445,0.199471713448135
11646_C7,lon,TMP,41.0994444444445,0.2112703761701
11646_C7,lon,TMP,45.3391666666667,0.232960911613788
11646_C7,lon,TMP,49.6038888888889,0.259611726962541
11646_C7,lon,TMP,54.8022222222222,0.286591993982231
11646_C7,lon,TMP,59.0211111111111,0.307303069095953
11646_C7,lon,TMP,63.3194444444444,0.320303416985801
11646_C7,lon,TMP,67.58,0.333054666024545
11646_C7,lon,TMP,71.8980555555556,0.355988582755782
11646_C7,lon,TMP,77.0208333333333,0.392280985231362
11646_C7,lon,TMP,81.3627777777778,0.434410697451748
11646_C7,lon,TMP,85.6372222222222,0.475393406966652
11646_C7,lon,TMP,89.9155555555556,0.52212012516569
11646_C7,lon,TMP,94.1719444444444,0.586501048001995
11646_C7,lon,TMP,99.4783333333333,0.66132465917675
11646_C7,lon,TMP,103.661388888889,0.718236244228343
11646_C7,lon,TMP,107.894166666667,0.735306027854845
11646_C7,lon,TMP,112.160833333333,0.722974997375568
11646_C7,lon,TMP,116.406111111111,0.725937642349176
11646_C7,lon,TMP,121.408888888889,0.799245392157517
11646_C7,lon,TMP,126.745,0.968833258787072
11646_C7,lon,TMP,130.974444444445,1.20668006802117
11646_C7,lon,TMP,135.214722222222,1.45349303229549
11646_C7,lon,TMP,139.439166666667,1.68116183827649
11646_C7,lon,TMP,143.790555555556,1.93447256131272
11646_C7,lon,TMP,150.1,2.29166318491251
11646_C7,lon,TMP,154.330833333333,2.75625716168558
11646_C7,lon,TMP,158.586944444444,3.18847212514726
11646_C7,lon,TMP,163.623611111111,3.38551059616074
11646_C7,lon,TMP,168.1975,3.25402099983599
11646_C7,lon,TMP,173.041666666667,2.88096708228524
11646_C7,lon,TMP,177.336111111111,2.4428052260518
11646_C7,lon,TMP,181.584444444444,2.0895240094396
11646_C7,lon,TMP,185.836666666667,1.90001498556027
11646_C7,lon,TMP,190.0975,1.88510889510947
11646_C7,lon,TMP,195.134444444444,2.0089439099817
11646_C7,lon,TMP,200.233055555556,2.21788554245661
11646_C7,lon,TMP,204.454722222222,2.46014587521241
11646_C7,lon,TMP,208.695833333333,2.6993039869104
11646_C7,lon,TMP,212.986388888889,2.93111013043128
11646_C7,lon,TMP,218.467222222222,3.18231304726424
11646_C7,lon,TMP,222.690555555556,3.4738591743137
11646_C7,lon,TMP,226.924166666667,3.78197568430521
11646_C7,lon,TMP,231.156111111111,4.04414699050462
11646_C7,lon,TMP,235.374722222222,4.20460638150587
11646_C7,lon,TMP,239.607777777778,4.2628485672843
11646_C7,lon,TMP,244.455277777778,4.2864362473455
11646_C7,lon,TMP,248.957222222222,4.35745666195211
11646_C7,lon,TMP,253.2075,4.49371070958175
11646_C7,lon,TMP,257.431388888889,4.63865877715771
11646_C7,lon,TMP,261.666388888889,4.73863474852806
11646_C7,lon,TMP,265.909444444444,4.82995322460948
11646_C7,lon,TMP,271.726388888889,5.03168035641656
11646_C7,lon,TMP,275.949166666667,5.39674589321449
11646_C7,lon,TMP,280.188055555556,5.78418630554821
11646_C7,lon,TMP,284.444722222222,5.99170917696279
11646_C7,lon,TMP,288.647222222222,6.03231078798452
11646_C7,lon,TMP,293.685555555556,6.17822111820239
11646_C7,lon,TMP,297.918333333333,6.73116794721903
11646_C7,lon,TMP,302.1275,7.86641975834021
11646_C7,lon,TMP,306.399166666667,9.71083662784039
11646_C7,lon,TMP,310.763055555556,12.3971926731531
11646_C7,lon,TMP,316.01,15.8756798190893
11646_C7,lon,TMP,320.220555555556,19.7727960731353
11646_C7,lon,TMP,324.449722222222,23.7068754603694
11646_C7,lon,TMP,328.696666666667,27.8756115376946
11646_C7,lon,TMP,332.983055555556,33.1616889370069
11646_C7,lon,TMP,337.246111111111,40.2978950139854
11646_C7,lon,TMP,342.539444444444,48.7818314753064
11646_C7,lon,TMP,346.785833333333,56.795764767091
11646_C7,lon,TMP,351.057777777778,62.3249299015669
11646_C7,lon,TMP,355.320277777778,64.504260697317
11646_C7,lon,TMP,359.575833333333,64.2955861935413
11646_C7,lon,TMP,365.144444444445,63.7833008942187
11646_C7,lon,TMP,369.366666666667,64.0978611491068
11646_C7,lon,TMP,373.5825,64.2100951937155
11646_C7,lon,TMP,377.846388888889,62.8513640934111
11646_C7,lon,TMP,382.164444444444,61.5977513604234
11646_C7,lon,TMP,386.478333333333,64.795328996688
11646_C7,lon,TMP,391.762777777778,75.3852517417431
11646_C7,lon,TMP,396.011388888889,90.3853299331792
11646_C7,lon,TMP,400.230555555556,101.312809773362
11646_C7,lon,TMP,404.522777777778,101.204258373991
11646_C7,lon,TMP,410.429722222222,91.8743047400619
11646_C7,lon,TMP,414.707777777778,82.9763249074446
11646_C7,lon,TMP,418.951944444445,83.9370003490881
11646_C7,lon,TMP,423.155277777778,97.1795162911448
11646_C7,lon,TMP,427.444722222222,117.328852801594
11646_C7,lon,TMP,433.072222222222,135.524005358017
11646_C7,lon,TMP,437.386944444445,145.703275557044
11646_C7,lon,TMP,441.628055555556,148.052679765899
11646_C7,lon,TMP,445.901944444445,146.91124552238
11646_C7,lon,TMP,450.205833333333,146.5090298745
11646_C7,lon,TMP,454.522777777778,148.615290616417
11646_C7,lon,TMP,458.793333333333,151.997108440672
11646_C7,lon,TMP,463.489166666667,153.547615775159
11646_C7,lon,TMP,467.768333333333,151.568732564413
11646_C7,lon,TMP,471.969166666667,147.934265820199
11646_C7,lon,TMP,476.196944444445,145.984806023978
11646_C7,lon,TMP,481.898888888889,146.970074900912
11646_C7,lon,TMP,486.139444444445,149.394396949318
11646_C7,lon,TMP,490.386111111111,151.278012464563
11646_C7,lon,TMP,494.616388888889,152.513874673524
11646_C7,lon,TMP,498.848055555556,154.720160868995
11646_C7,lon,TMP,503.171666666667,158.31961395919
11646_C7,lon,TMP,508.408055555556,160.831691093448
11646_C7,lon,TMP,512.659166666667,159.786274410326
11646_C7,lon,TMP,516.841944444445,156.377481872305
11646_C7,lon,TMP,521.053333333333,154.505784742245
11646_C7,lon,TMP,525.381111111111,157.144521490487
11646_C7,lon,TMP,530.808888888889,164.668389314636
11646_C7,lon,TMP,535.011666666667,175.262316793284
11646_C7,lon,TMP,539.3025,185.463889914257
11646_C7,lon,TMP,543.523611111111,190.944388285675
11646_C7,lon,TMP,547.824722222222,188.889248591575
11646_C7,lon,TMP,552.139722222222,181.439467945751
11646_C7,lon,TMP,557.074166666667,176.479123986866
11646_C7,lon,TMP,561.291944444444,183.078181632833
11646_C7,lon,TMP,565.544444444445,204.759437028462
11646_C7,lon,TMP,569.831388888889,236.581659257897
11646_C7,lon,TMP,574.093055555556,268.484251626401
11647_C2,lpxM,TMP,0.0,0.0140914527677027
11647_C2,lpxM,TMP,5.26333333333333,0.0225708430867936
11647_C2,lpxM,TMP,9.51111111111111,0.0290430729095513
11647_C2,lpxM,TMP,13.7738888888889,0.0316938122504971
11647_C2,lpxM,TMP,18.0391666666667,0.0322934234229997
11647_C2,lpxM,TMP,22.2402777777778,0.0345063372190899
11647_C2,lpxM,TMP,26.4797222222222,0.0406174309968847
11647_C2,lpxM,TMP,31.4847222222222,0.0502874277208362
11647_C2,lpxM,TMP,35.7788888888889,0.0612048363024586
11647_C2,lpxM,TMP,40.0369444444445,0.0700208088026696
11647_C2,lpxM,TMP,44.2772222222222,0.0740990967970608
11647_C2,lpxM,TMP,49.5413888888889,0.0740417746558315
11647_C2,lpxM,TMP,53.7436111111111,0.0737008955544802
11647_C2,lpxM,TMP,57.985,0.0763327851922052
11647_C2,lpxM,TMP,62.2586111111111,0.0816044029623869
11647_C2,lpxM,TMP,66.4861111111111,0.0880203680984667
11647_C2,lpxM,TMP,70.8025,0.0983053450582384
11647_C2,lpxM,TMP,75.9936111111111,0.121041361271909
11647_C2,lpxM,TMP,80.2808333333333,0.164750302831876
11647_C2,lpxM,TMP,84.5761111111111,0.226582724533928
11647_C2,lpxM,TMP,88.855,0.28457541364873
11647_C2,lpxM,TMP,93.1033333333333,0.306170204776044
11647_C2,lpxM,TMP,98.48,0.2732475204647
11647_C2,lpxM,TMP,102.670555555556,0.200334484963646
11647_C2,lpxM,TMP,106.869722222222,0.124908428237988
11647_C2,lpxM,TMP,111.133055555556,0.0823190272582488
11647_C2,lpxM,TMP,115.589444444444,0.0918753050429723
11647_C2,lpxM,TMP,120.339444444444,0.157447273854671
11647_C2,lpxM,TMP,125.675,0.270075079105329
11647_C2,lpxM,TMP,129.908611111111,0.414554301986321
11647_C2,lpxM,TMP,134.160833333333,0.594226241490574
11647_C2,lpxM,TMP,138.4025,0.859829997563216
11647_C2,lpxM,TMP,142.698333333333,1.28975842967228
11647_C2,lpxM,TMP,148.851111111111,1.88899810946529
11647_C2,lpxM,TMP,153.263333333333,2.48496609056598
11647_C2,lpxM,TMP,157.550277777778,2.78289422812614
11647_C2,lpxM,TMP,162.536388888889,2.60428684985828
11647_C2,lpxM,TMP,166.890833333333,2.06371385598031
11647_C2,lpxM,TMP,172.053888888889,1.47347872258259
11647_C2,lpxM,TMP,176.246111111111,1.10405360240535
11647_C2,lpxM,TMP,180.494444444444,1.0484876982084
11647_C2,lpxM,TMP,184.741388888889,1.24190084473759
11647_C2,lpxM,TMP,189.000277777778,1.53628637584095
11647_C2,lpxM,TMP,194.978888888889,1.76189033808859
11647_C2,lpxM,TMP,199.170833333333,1.78439673943815
11647_C2,lpxM,TMP,203.4175,1.56649061436021
11647_C2,lpxM,TMP,207.632777777778,1.18660069848711
11647_C2,lpxM,TMP,211.889722222222,0.784569033144261
11647_C2,lpxM,TMP,217.378055555556,0.492949457676906
11647_C2,lpxM,TMP,221.628333333333,0.412552997444477
11647_C2,lpxM,TMP,225.862777777778,0.612081551955599
11647_C2,lpxM,TMP,230.062222222222,1.10731545852325
11647_C2,lpxM,TMP,234.313888888889,1.81242764134877
11647_C2,lpxM,TMP,238.5125,2.50775217939266
11647_C2,lpxM,TMP,243.522222222222,2.90803712414775
11647_C2,lpxM,TMP,247.920277777778,2.85299369906925
11647_C2,lpxM,TMP,252.148333333333,2.46135007382951
11647_C2,lpxM,TMP,256.371944444445,2.05249753794266
11647_C2,lpxM,TMP,260.606944444444,1.89991963852332
11647_C2,lpxM,TMP,264.831666666667,2.06911433289877
11647_C2,lpxM,TMP,270.667777777778,2.43872624934772
11647_C2,lpxM,TMP,274.888333333333,2.81296892728632
11647_C2,lpxM,TMP,279.128333333333,3.032551438885
11647_C2,lpxM,TMP,283.384166666667,3.03280262631449
11647_C2,lpxM,TMP,287.584722222222,2.8378198602621
11647_C2,lpxM,TMP,292.6575,2.53640687252377
11647_C2,lpxM,TMP,296.874166666667,2.25916731172058
11647_C2,lpxM,TMP,301.065,2.12636540527804
11647_C2,lpxM,TMP,305.338611111111,2.18264893645269
11647_C2,lpxM,TMP,309.703888888889,2.37628806743645
11647_C2,lpxM,TMP,314.939166666667,2.5942496049854
11647_C2,lpxM,TMP,319.185,2.72426041110677
11647_C2,lpxM,TMP,323.405,2.71335949575154
11647_C2,lpxM,TMP,327.636666666667,2.58448199978679
11647_C2,lpxM,TMP,331.896666666667,2.39148837999882
11647_C2,lpxM,TMP,337.252777777778,2.16086424566317
11647_C2,lpxM,TMP,341.440277777778,1.90569870432054
11647_C2,lpxM,TMP,345.726111111111,1.70827476160937
11647_C2,lpxM,TMP,349.959444444444,1.73806330592988
11647_C2,lpxM,TMP,354.2275,2.11658765507605
11647_C2,lpxM,TMP,358.545555555556,2.75976091509672
11647_C2,lpxM,TMP,364.076388888889,3.40059334705799
11647_C2,lpxM,TMP,368.297222222222,3.77712108938015
11647_C2,lpxM,TMP,372.513333333333,3.7826943780807
11647_C2,lpxM,TMP,376.746944444445,3.47626153441202
11647_C2,lpxM,TMP,380.975277777778,3.01720135518993
11647_C2,lpxM,TMP,386.435,2.5788890039003
11647_C2,lpxM,TMP,390.768888888889,2.26811802018746
11647_C2,lpxM,TMP,394.988333333333,2.10904877512611
11647_C2,lpxM,TMP,399.272222222222,2.08609532638818
11647_C2,lpxM,TMP,403.498055555556,2.17720261003179
11647_C2,lpxM,TMP,409.36,2.35927675364429
11647_C2,lpxM,TMP,413.650833333333,2.60711030161766
11647_C2,lpxM,TMP,417.894166666667,2.90064781602709
11647_C2,lpxM,TMP,422.124166666667,3.25101947365425
11647_C2,lpxM,TMP,426.384722222222,3.70691811771468
11647_C2,lpxM,TMP,432.044722222222,4.29424397172028
11647_C2,lpxM,TMP,436.326944444445,4.94660078512013
11647_C2,lpxM,TMP,440.559444444445,5.51218503574625
11647_C2,lpxM,TMP,444.833888888889,5.81766901235278
11647_C2,lpxM,TMP,449.108333333333,5.74406086535005
11647_C2,lpxM,TMP,453.330833333333,5.30496793550443
11647_C2,lpxM,TMP,457.593888888889,4.67172324146528
11647_C2,lpxM,TMP,462.419166666667,4.08822920011287
11647_C2,lpxM,TMP,466.709722222222,3.75141417529095
11647_C2,lpxM,TMP,470.937777777778,3.7564468878943
11647_C2,lpxM,TMP,475.166388888889,4.06939752845533
11647_C2,lpxM,TMP,480.828888888889,4.50245524396993
11647_C2,lpxM,TMP,485.095555555556,4.79466517971187
11647_C2,lpxM,TMP,489.325,4.80441464039507
11647_C2,lpxM,TMP,493.558333333333,4.63598794851781
11647_C2,lpxM,TMP,497.788055555556,4.56875645938118
11647_C2,lpxM,TMP,502.112777777778,4.83470425906889
11647_C2,lpxM,TMP,507.337777777778,5.41325353699368
11647_C2,lpxM,TMP,511.559722222222,6.03003775270831
11647_C2,lpxM,TMP,515.773333333333,6.36369518904197
11647_C2,lpxM,TMP,519.985833333333,6.24832298126115
11647_C2,lpxM,TMP,524.298611111111,5.73209598797991
11647_C2,lpxM,TMP,529.690277777778,5.03002342815951
11647_C2,lpxM,TMP,533.942777777778,4.41555982474375
11647_C2,lpxM,TMP,538.241666666667,4.09758648869184
11647_C2,lpxM,TMP,542.488055555556,4.16235598550909
11647_C2,lpxM,TMP,546.765833333333,4.5944554157559
11647_C2,lpxM,TMP,551.070833333333,5.3030824300357
11647_C2,lpxM,TMP,556.004722222222,6.09978123019368
11647_C2,lpxM,TMP,560.256111111111,6.69897178012514
11647_C2,lpxM,TMP,564.484444444444,6.85534228008232
11647_C2,lpxM,TMP,568.771666666667,6.55669988992349
11647_C2,lpxM,TMP,573.331666666667,6.0375168126628
