PGD ID,Type,Grain Label,Reference,Data Published,Source,Technique,Size a (µm),Size b (µm),Density min (g/cm^3),Density max (g/cm^3),12C/13C,err[12C/13C],14N/15N,err[14N/15N],26Al/27Al,err[26Al/27Al],d(29Si/28Si),err[d(29Si/28Si)],d(30Si/28Si),err[d(30Si/28Si)],44Ti/48Ti,err[44Ti/48Ti]
Gra-1995-HOP-000001,LD,KE1-101,Hoppe et al. (1995) GCA 59:4029,full,Murchison,WU 3f,3,,1.6,2.05,88.4,1.2,214,9,,,,,,,,
Gra-1995-HOP-000002,LD,KE1-102,Hoppe et al. (1995) GCA 59:4029,full,Murchison,WU 3f,3.8,,1.6,2.05,92.5,1.2,264,6,,,,,,,,
Gra-1995-HOP-000003,LD,KE1-112,Hoppe et al. (1995) GCA 59:4029,full,Murchison,WU 3f,3.6,,1.6,2.05,87.7,0.9,220,5,,,,,,,,
Gra-1995-HOP-000004,LD,KE1-121,Hoppe et al. (1995) GCA 59:4029,full,Murchison,WU 3f,3.3,,1.6,2.05,89.3,0.8,267,7,,,,,,,,
Gra-1995-HOP-000005,LD,KE1-133,Hoppe et al. (1995) GCA 59:4029,full,Murchison,WU 3f,4.1,,1.6,2.05,121.5,0.9,263,10,,,,,,,,
Gra-1995-HOP-000006,LD,KE1-141,Hoppe et al. (1995) GCA 59:4029,full,Murchison,WU 3f,5.1,,1.6,2.05,89.7,0.6,299,5,,,,,,,,
Gra-1995-HOP-000007,LD,KE1-142,Hoppe et al. (1995) GCA 59:4029,full,Murchison,WU 3f,12.9,,1.6,2.05,90.6,0.6,221,4,,,,,,,,
Gra-1995-HOP-000008,LD,KE1-143,Hoppe et al. (1995) GCA 59:4029,full,Murchison,WU 3f,2,,1.6,2.05,721.7,22.4,134,6,,,,,,,,
Gra-1995-HOP-000009,LD,KE1-151,Hoppe et al. (1995) GCA 59:4029,full,Murchison,WU 3f,1.4,,1.6,2.05,14,0.1,240,28,,,,,,,,
Gra-1995-HOP-000010,LD,KE1-314,Hoppe et al. (1995) GCA 59:4029,full,Murchison,WU 3f,,,1.6,2.05,86.4,0.8,163,1,,,,,,,,
Gra-1995-HOP-000011,LD,KE1-352,Hoppe et al. (1995) GCA 59:4029,full,Murchison,WU 3f,4.1,,1.6,2.05,88.3,0.7,285,5,,,,,,,,
Gra-1995-HOP-000012,LD,KE1-551,Hoppe et al. (1995) GCA 59:4029,full,Murchison,WU 3f,5.9,,1.6,2.05,89,0.6,208,4,,,,,,,,
Gra-1995-HOP-000013,LD,KE1-552,Hoppe et al. (1995) GCA 59:4029,full,Murchison,WU 3f,4.2,,1.6,2.05,90.7,0.8,223,4,,,,,,,,
Gra-1995-HOP-000014,LD,KE1a-071,Hoppe et al. (1995) GCA 59:4029,full,Murchison,WU 3f,4,,1.6,2.05,4.923,0.034,500,50,,,,,,,,
Gra-1995-HOP-000015,LD,KE1a-073,Hoppe et al. (1995) GCA 59:4029,full,Murchison,WU 3f,3,,1.6,2.05,94.3,5,274,3,,,,,,,,
Gra-1995-HOP-000016,LD,KE1a-074,Hoppe et al. (1995) GCA 59:4029,full,Murchison,WU 3f,4,,1.6,2.05,90.7,1.1,288,3,,,,,,,,
Gra-1995-HOP-000017,LD,KE1a-075,Hoppe et al. (1995) GCA 59:4029,full,Murchison,WU 3f,3,,1.6,2.05,113,1.9,184,3,0.1,0.0071,-125,467,-887,155,,
Gra-1995-HOP-000018,LD,KE1a-076,Hoppe et al. (1995) GCA 59:4029,full,Murchison,WU 3f,4,,1.6,2.05,89.5,0.7,300,9,,,,,,,,
Gra-1995-HOP-000019,LD,KE1a-176,Hoppe et al. (1995) GCA 59:4029,full,Murchison,WU 3f,2.5,,1.6,2.05,89.2,0.8,292,5,,,,,,,,
Gra-1995-HOP-000020,LD,KE1a-178,Hoppe et al. (1995) GCA 59:4029,full,Murchison,WU 3f,6.5,,1.6,2.05,89.5,1,217,3,,,,,,,,
Gra-1995-HOP-000021,LD,KE1a-272,Hoppe et al. (1995) GCA 59:4029,full,Murchison,WU 3f,4.5,,1.6,2.05,88.4,1.1,198,2,,,,,,,,
Gra-1995-HOP-000022,LD,KE1a-274,Hoppe et al. (1995) GCA 59:4029,full,Murchison,WU 3f,3.5,,1.6,2.05,90.7,0.7,228,2,,,,,,,,
Gra-1995-HOP-000023,LD,KE1a-411,Hoppe et al. (1995) GCA 59:4029,full,Murchison,WU 3f,5,,1.6,2.05,88.3,0.9,297,3,,,,,,,,
Gra-1995-HOP-000024,LD,KE1a-413,Hoppe et al. (1995) GCA 59:4029,full,Murchison,WU 3f,5.5,,1.6,2.05,90.2,0.8,277,2,,,,,,,,
Gra-1995-HOP-000025,LD,KE1a-472,Hoppe et al. (1995) GCA 59:4029,full,Murchison,WU 3f,,,1.6,2.05,88.7,0.7,388,5,,,,,,,,
Gra-1995-HOP-000026,LD,KE1a-473,Hoppe et al. (1995) GCA 59:4029,full,Murchison,WU 3f,7,,1.6,2.05,89.2,0.7,215,3,,,,,,,,
Gra-1995-HOP-000027,LD,KE1a-572,Hoppe et al. (1995) GCA 59:4029,full,Murchison,WU 3f,5,,1.6,2.05,86.6,0.6,295,4,,,,,,,,
Gra-1995-HOP-000028,LD,KE1a-671,Hoppe et al. (1995) GCA 59:4029,full,Murchison,WU 3f,5.5,,1.6,2.05,89.1,0.7,274,3,,,,,,,,
Gra-1995-HOP-000029,LD,KE1a-672,Hoppe et al. (1995) GCA 59:4029,full,Murchison,WU 3f,18,,1.6,2.05,86.9,0.9,284,4,,,,,,,,
Gra-1995-HOP-000030,LD,KE1a-711,Hoppe et al. (1995) GCA 59:4029,full,Murchison,WU 3f,11,,1.6,2.05,92.8,1,242,9,,,,,,,,
Gra-1995-HOP-000031,LD,KE1a-712,Hoppe et al. (1995) GCA 59:4029,full,Murchison,WU 3f,9,,1.6,2.05,86.7,1,292,2,,,,,,,,
Gra-1995-HOP-000032,LD,KE1a-713,Hoppe et al. (1995) GCA 59:4029,full,Murchison,WU 3f,3.5,,1.6,2.05,87.9,1,292,5,,,,,,,,
Gra-1995-HOP-000033,LD,KE1a-714,Hoppe et al. (1995) GCA 59:4029,full,Murchison,WU 3f,5,,1.6,2.05,90.4,0.6,266,2,,,,,,,,
Gra-1995-HOP-000034,LD,KE1a-715,Hoppe et al. (1995) GCA 59:4029,full,Murchison,WU 3f,4,,1.6,2.05,87,0.8,165,2,,,,,,,,
Gra-1995-HOP-000035,LD,KE1a-721,Hoppe et al. (1995) GCA 59:4029,full,Murchison,WU 3f,6,,1.6,2.05,87,1.3,269,2,,,,,,,,
Gra-1995-HOP-000036,LD,KE1a-722,Hoppe et al. (1995) GCA 59:4029,full,Murchison,WU 3f,4,,1.6,2.05,89.6,0.8,207,6,,,,,,,,
Gra-1995-HOP-000037,LD,KE1a-741,Hoppe et al. (1995) GCA 59:4029,full,Murchison,WU 3f,5,,1.6,2.05,93.1,2.5,269,4,,,,,,,,
Gra-1995-HOP-000038,LD,KE1a-742,Hoppe et al. (1995) GCA 59:4029,full,Murchison,WU 3f,9,,1.6,2.05,87.4,0.7,245,2,,,,,,,,
Gra-1995-HOP-000039,LD,KE1a-743,Hoppe et al. (1995) GCA 59:4029,full,Murchison,WU 3f,5,,1.6,2.05,87.9,0.6,196,3,,,,,,,,
Gra-1995-HOP-000040,LD,KE1a-744,Hoppe et al. (1995) GCA 59:4029,full,Murchison,WU 3f,2,,1.6,2.05,12.5,0.2,218,6,,,,,,,,
Gra-1995-HOP-000041,LD,KE1a-751,Hoppe et al. (1995) GCA 59:4029,full,Murchison,WU 3f,,,1.6,2.05,89.9,0.7,247,4,,,,,,,,
Gra-1995-HOP-000042,LD,KE1a-761,Hoppe et al. (1995) GCA 59:4029,full,Murchison,WU 3f,6,,1.6,2.05,84.4,1,293,7,,,,,,,,
Gra-1995-HOP-000043,LD,KE1a-762,Hoppe et al. (1995) GCA 59:4029,full,Murchison,WU 3f,5,,1.6,2.05,88.5,0.7,213,3,,,,,,,,
Gra-1995-HOP-000044,LD,KE1a-763,Hoppe et al. (1995) GCA 59:4029,full,Murchison,WU 3f,5.5,,1.6,2.05,88.5,0.8,233,3,,,,,,,,
Gra-1995-HOP-000045,LD,KE1a-771,Hoppe et al. (1995) GCA 59:4029,full,Murchison,WU 3f,5,,1.6,2.05,89,1.8,305,4,,,,,,,,
Gra-1995-HOP-000046,LD,KE1a-772,Hoppe et al. (1995) GCA 59:4029,full,Murchison,WU 3f,18,,1.6,2.05,87.7,0.6,190,2,,,,,,,,
Gra-1995-HOP-000047,LD,KE1a-841,Hoppe et al. (1995) GCA 59:4029,full,Murchison,WU 3f,10,,1.6,2.05,88.4,0.6,248,5,,,,,,,,
Gra-1995-HOP-000048,LD,KE1a-842,Hoppe et al. (1995) GCA 59:4029,full,Murchison,WU 3f,12,,1.6,2.05,88.7,0.6,188,3,,,,,,,,
Gra-1995-HOP-000049,LD,KE1a-843,Hoppe et al. (1995) GCA 59:4029,full,Murchison,WU 3f,9,,1.6,2.05,88,0.6,210,2,,,,,,,,
Gra-1995-HOP-000050,LD,KE1a-881,Hoppe et al. (1995) GCA 59:4029,full,Murchison,WU 3f,6,,1.6,2.05,47.5,0.5,168,7,,,,,,,,
Gra-1995-HOP-000051,LD,KE1a-882,Hoppe et al. (1995) GCA 59:4029,full,Murchison,WU 3f,4,,1.6,2.05,89.2,0.6,262,7,,,,,,,,
Gra-1995-HOP-000052,LD,KE1a-LL1,Hoppe et al. (1995) GCA 59:4029,full,Murchison,WU 3f,4,,1.6,2.05,89.9,1.6,304,3,,,,,,,,
Gra-1995-HOP-000053,LD,KE1a-LL21,Hoppe et al. (1995) GCA 59:4029,full,Murchison,WU 3f,7.5,,1.6,2.05,89.5,0.7,297,3,,,,,,,,
Gra-1995-HOP-000054,LD,KE1a-LL22,Hoppe et al. (1995) GCA 59:4029,full,Murchison,WU 3f,8,,1.6,2.05,88.1,0.9,297,5,,,,,,,,
Gra-1995-HOP-000055,LD,KE1a-LL31,Hoppe et al. (1995) GCA 59:4029,full,Murchison,WU 3f,10,,1.6,2.05,89.6,0.8,288,5,,,,,,,,
Gra-1995-HOP-000056,LD,KE1a-LL32,Hoppe et al. (1995) GCA 59:4029,full,Murchison,WU 3f,9.5,,1.6,2.05,92.5,0.6,272,5,,,,,,,,
Gra-1995-HOP-000057,LD,KE1a-LL33,Hoppe et al. (1995) GCA 59:4029,full,Murchison,WU 3f,14,,1.6,2.05,89.1,0.7,210,3,,,,,,,,
Gra-1995-HOP-000058,LD,KE1a-LL34,Hoppe et al. (1995) GCA 59:4029,full,Murchison,WU 3f,8.5,,1.6,2.05,86,0.6,267,3,,,,,,,,
Gra-1995-HOP-000059,LD,KE1a-LL41,Hoppe et al. (1995) GCA 59:4029,full,Murchison,WU 3f,5,,1.6,2.05,74.2,0.7,244,5,,,,,,,,
Gra-1995-HOP-000060,LD,KE1a-LL42,Hoppe et al. (1995) GCA 59:4029,full,Murchison,WU 3f,28,,1.6,2.05,87.3,0.8,206,2,,,,,,,,
Gra-1995-HOP-000061,LD,KE1a-LL43,Hoppe et al. (1995) GCA 59:4029,full,Murchison,WU 3f,9.5,,1.6,2.05,88.1,0.7,271,3,,,,,,,,
Gra-1995-HOP-000062,LD,KE1a-LL51,Hoppe et al. (1995) GCA 59:4029,full,Murchison,WU 3f,6.5,,1.6,2.05,88.3,0.8,239,4,,,,,,,,
Gra-1995-HOP-000063,LD,KE1a-LL52,Hoppe et al. (1995) GCA 59:4029,full,Murchison,WU 3f,6,,1.6,2.05,88,0.7,297,3,,,,,,,,
Gra-1995-HOP-000064,LD,KE1a-LL53,Hoppe et al. (1995) GCA 59:4029,full,Murchison,WU 3f,4,,1.6,2.05,59.8,0.4,284,7,,,,,,,,
Gra-1995-HOP-000065,LD,KE1a-LL54,Hoppe et al. (1995) GCA 59:4029,full,Murchison,WU 3f,3,,1.6,2.05,10.2,0.4,233,6,,,,,,,,
Gra-1995-HOP-000066,LD,KE1a-LL61,Hoppe et al. (1995) GCA 59:4029,full,Murchison,WU 3f,3.5,,1.6,2.05,88.7,1.4,304,9,,,,,,,,
Gra-1995-HOP-000067,LD,KE1a-LL81,Hoppe et al. (1995) GCA 59:4029,full,Murchison,WU 3f,8,,1.6,2.05,86.4,0.6,197,3,,,,,,,,
Gra-1995-HOP-000068,LD,KE1a-LL83,Hoppe et al. (1995) GCA 59:4029,full,Murchison,WU 3f,4.5,,1.6,2.05,11.9,0.2,214,3,,,,,,,,
Gra-1995-HOP-000069,MD,KFA1a-111 (KFA1a2-111),Hoppe et al. (1995) GCA 59:4029,full,Murchison,WU 3f,3,,2.05,2.1,90.94,1.01,265.696336560313,13.930837729611,,,,,,,,
Gra-1995-HOP-000070,MD,KFA1a-121 (KFA1a2-121),Hoppe et al. (1995) GCA 59:4029,full,Murchison,WU 3f,3,,2.05,2.1,89.94,1.38,289.591527385932,21.7783810118168,,,,,,,,
Gra-1995-HOP-000071,MD,KFA1a-122 (KFA1a2-122),Hoppe et al. (1995) GCA 59:4029,full,Murchison,WU 3f,2.5,,2.05,2.1,9.36,0.09,287.159139230142,28.5954673571539,,,,,,,,
Gra-1995-HOP-000072,MD,KFA1a-123 (KFA1a2-123),Hoppe et al. (1995) GCA 59:4029,full,Murchison,WU 3f,2,,2.05,2.1,108.3,1.48,252.935256744082,11.0376102736912,0.0154,0.0021,183.74,81.44,-71.79,70.52,,
Gra-1995-HOP-000073,MD,KFA1a-124 (KFA1a2-124),Hoppe et al. (1995) GCA 59:4029,full,Murchison,WU 3f,2.5,,2.05,2.1,15.54,0.46,278.210704546352,5.61307282196847,,,51.9,37.35,18.87,38.69,,
Gra-1995-HOP-000074,MD,KFA1a-131 (KFA1a2-131),Hoppe et al. (1995) GCA 59:4029,full,Murchison,WU 3f,2,,2.05,2.1,63.47,0.57,265.802602654028,10.330083980155,,,,,,,,
Gra-1995-HOP-000075,MD,KFA1a-132 (KFA1a2-132),Hoppe et al. (1995) GCA 59:4029,full,Murchison,WU 3f,2,,2.05,2.1,37.84,0.45,248.910252247392,13.8906241125736,,,,,,,,
Gra-1995-HOP-000076,MD,KFA1a-141 (KFA1a2-141),Hoppe et al. (1995) GCA 59:4029,full,Murchison,WU 3f,3,,2.05,2.1,596.7,25.45,257.218774161685,6.42482395884019,,,,,,,,
Gra-1995-HOP-000077,MD,KFA1a-142 (KFA1a2-142),Hoppe et al. (1995) GCA 59:4029,full,Murchison,WU 3f,3,,2.05,2.1,60.77,1.23,258.254884968626,3.41213282069856,,,,,,,,
Gra-1995-HOP-000078,MD,KFA1a-143 (KFA1a2-143),Hoppe et al. (1995) GCA 59:4029,full,Murchison,WU 3f,2,,2.05,2.1,16.16,0.25,314.209762604155,15.9063280000028,,,,,,,,
Gra-1995-HOP-000079,MD,KFA1a-151 (KFA1a2-151),Hoppe et al. (1995) GCA 59:4029,full,Murchison,WU 3f,2,,2.05,2.1,94.71,0.89,270.690301142148,10.7403767373833,,,,,,,,
Gra-1995-HOP-000080,MD,KFA1a-161 (KFA1a2-161),Hoppe et al. (1995) GCA 59:4029,full,Murchison,WU 3f,2,,2.05,2.1,7.41,0.08,291.802741580134,32.2339874424284,,,,,,,,
Gra-1995-HOP-000081,MD,KFA1a-171 (KFA1a2-171),Hoppe et al. (1995) GCA 59:4029,full,Murchison,WU 3f,2,,2.05,2.1,140.67,4.69,297.016060816771,26.4837351342525,,,,,,,,
Gra-1995-HOP-000082,MD,KFA1a-201 (KFA1a2-201),Hoppe et al. (1995) GCA 59:4029,full,Murchison,WU 3f,3,,2.05,2.1,92.44,1.05,302.040242573351,12.582080538178,,,,,,,,
Gra-1995-HOP-000083,MD,KFA1a-202 (KFA1a2-202),Hoppe et al. (1995) GCA 59:4029,full,Murchison,WU 3f,2,,2.05,2.1,91.83,1.64,275.579837201211,17.3472455801804,,,,,,,,
Gra-1995-HOP-000084,MD,KFA1a-211 (KFA1a2-211),Hoppe et al. (1995) GCA 59:4029,full,Murchison,WU 3f,3,,2.05,2.1,94.22,1.78,269.490909842544,2.78795647959431,,,,,,,,
Gra-1995-HOP-000085,MD,KFA1a-212 (KFA1a2-212),Hoppe et al. (1995) GCA 59:4029,full,Murchison,WU 3f,3,,2.05,2.1,857.59,15.87,247.416293501042,14.8791256865287,,,,,,,,
Gra-1995-HOP-000086,MD,KFA1a-213 (KFA1a2-213),Hoppe et al. (1995) GCA 59:4029,full,Murchison,WU 3f,2,,2.05,2.1,151.87,2.4,278.128350838222,5.52174302463373,,,,,,,,
Gra-1995-HOP-000087,MD,KFA1a-214 (KFA1a2-214),Hoppe et al. (1995) GCA 59:4029,full,Murchison,WU 3f,2,,2.05,2.1,17.98,0.27,270.615026500112,20.2728117757684,,,,,,,,
Gra-1995-HOP-000088,MD,KFA1a-221 (KFA1a2-221),Hoppe et al. (1995) GCA 59:4029,full,Murchison,WU 3f,2,,2.05,2.1,89.93,1.99,298.284123562051,8.00004491266488,,,,,,,,
Gra-1995-HOP-000089,MD,KFA1a-231 (KFA1a2-231),Hoppe et al. (1995) GCA 59:4029,full,Murchison,WU 3f,3,,2.05,2.1,91.95,1.73,273.870827838115,5.1668027967288,,,,,,,,
Gra-1995-HOP-000090,MD,KFA1a-232 (KFA1a2-232),Hoppe et al. (1995) GCA 59:4029,full,Murchison,WU 3f,2.5,,2.05,2.1,94.08,0.84,257.79796966053,4.851318999525,,,,,,,,
Gra-1995-HOP-000091,MD,KFA1a-242 (KFA1a2-242),Hoppe et al. (1995) GCA 59:4029,full,Murchison,WU 3f,2.5,,2.05,2.1,24.54,0.23,243.502738188291,17.6066188979577,,,,,,,,
Gra-1995-HOP-000092,MD,KFA1a-251 (KFA1a2-251),Hoppe et al. (1995) GCA 59:4029,full,Murchison,WU 3f,2.5,,2.05,2.1,94.87,1.16,275.931466680875,15.728951442006,,,,,,,,
Gra-1995-HOP-000093,MD,KFA1a-261 (KFA1a2-261),Hoppe et al. (1995) GCA 59:4029,full,Murchison,WU 3f,2,,2.05,2.1,91.08,1.17,268.717518769919,7.67196466310567,,,,,,,,
Gra-1995-HOP-000094,MD,KFA1a-262 (KFA1a2-262),Hoppe et al. (1995) GCA 59:4029,full,Murchison,WU 3f,2.5,,2.05,2.1,10.09,0.14,279.644044451546,11.2072291465679,,,,,,,,
Gra-1995-HOP-000095,MD,KFA1a-311 (KFA1a2-311),Hoppe et al. (1995) GCA 59:4029,full,Murchison,WU 3f,2,,2.05,2.1,89.4,2.38,272.370615786383,16.4418847334463,,,,,,,,
Gra-1995-HOP-000096,MD,KFA1a-312 (KFA1a2-312),Hoppe et al. (1995) GCA 59:4029,full,Murchison,WU 3f,2,,2.05,2.1,95.28,2.3,257.615168793323,9.9714143995449,,,,,,,,
Gra-1995-HOP-000097,MD,KFA1a-313 (KFA1a2-313),Hoppe et al. (1995) GCA 59:4029,full,Murchison,WU 3f,4,,2.05,2.1,92.96,1.66,259.625505266932,21.2101750546319,,,,,,,,
Gra-1995-HOP-000098,MD,KFA1a-314 (KFA1a2-314),Hoppe et al. (1995) GCA 59:4029,full,Murchison,WU 3f,2,,2.05,2.1,110.27,2.54,256.239128094094,8.50130380405841,,,,,,,,
Gra-1995-HOP-000099,MD,KFA1a-315 (KFA1a2-315),Hoppe et al. (1995) GCA 59:4029,full,Murchison,WU 3f,2.5,,2.05,2.1,94.03,0.97,268.59037539695,2.97586529006162,,,,,,,,
Gra-1995-HOP-000100,MD,KFA1a-321 (KFA1a2-321),Hoppe et al. (1995) GCA 59:4029,full,Murchison,WU 3f,2,,2.05,2.1,48.34,0.5,259.534007727262,3.83907031280182,,,,,,,,
Gra-1995-HOP-000101,MD,KFA1a-323 (KFA1a2-323),Hoppe et al. (1995) GCA 59:4029,full,Murchison,WU 3f,2,,2.05,2.1,94.05,2.77,278.700151412218,4.72063917374431,,,,,,,,
Gra-1995-HOP-000102,MD,KFA1a-324 (KFA1a2-324),Hoppe et al. (1995) GCA 59:4029,full,Murchison,WU 3f,2,,2.05,2.1,91.7,1.19,308.172050976835,16.1095163837107,,,,,,,,
Gra-1995-HOP-000103,MD,KFA1a-325 (KFA1a2-325),Hoppe et al. (1995) GCA 59:4029,full,Murchison,WU 3f,1.5,,2.05,2.1,92.08,0.84,271.037643767853,12.7091021040232,,,,,,,,
Gra-1995-HOP-000104,MD,KFA1a-331 (KFA1a2-331),Hoppe et al. (1995) GCA 59:4029,full,Murchison,WU 3f,1.5,,2.05,2.1,16.49,0.53,266.6192724248,18.8202453205788,,,,,,,,
Gra-1995-HOP-000105,MD,KFA1a-334 (KFA1a2-334),Hoppe et al. (1995) GCA 59:4029,full,Murchison,WU 3f,2.5,,2.05,2.1,361.75,6.94,274.912540011802,49.2410061325684,,,,,,,,
Gra-1995-HOP-000106,MD,KFA1a-335 (KFA1a2-335),Hoppe et al. (1995) GCA 59:4029,full,Murchison,WU 3f,2.5,,2.05,2.1,87.43,1.41,287.887291894913,11.2571936787156,,,,,,,,
Gra-1995-HOP-000107,MD,KFA1a-337 (KFA1a2-337),Hoppe et al. (1995) GCA 59:4029,full,Murchison,WU 3f,2,,2.05,2.1,89.81,1.09,245.645274271301,10.893306265015,,,,,,,,
Gra-1995-HOP-000108,MD,KFA1a-341 (KFA1a2-341),Hoppe et al. (1995) GCA 59:4029,full,Murchison,WU 3f,1.5,,2.05,2.1,90.31,0.88,236.268980136914,4.13633587305924,,,,,,,,
Gra-1995-HOP-000109,MD,KFA1a-342 (KFA1a2-342),Hoppe et al. (1995) GCA 59:4029,full,Murchison,WU 3f,2.5,,2.05,2.1,382.58,16.18,286.525020539546,25.0586615473239,,,,,,,,
Gra-1995-HOP-000110,MD,KFA1a-343 (KFA1a2-343),Hoppe et al. (1995) GCA 59:4029,full,Murchison,WU 3f,,,2.05,2.1,25.08,0.51,263.046709046297,6.08949093789722,,,,,,,,
Gra-1995-HOP-000111,MD,KFA1a-351 (KFA1a2-351),Hoppe et al. (1995) GCA 59:4029,full,Murchison,WU 3f,2,,2.05,2.1,22.05,0.31,306.101783985685,14.6352250454197,,,,,,,,
Gra-1995-HOP-000112,MD,KFA1a-361 (KFA1a2-361),Hoppe et al. (1995) GCA 59:4029,full,Murchison,WU 3f,2.5,,2.05,2.1,91.68,0.99,262.095346408012,24.6938681255312,,,,,,,,
Gra-1995-HOP-000113,MD,KFA1a-362 (KFA1a2-362),Hoppe et al. (1995) GCA 59:4029,full,Murchison,WU 3f,2.5,,2.05,2.1,719.13,32.77,321.836393310849,6.4204581439812,,,,,,,,
Gra-1995-HOP-000114,MD,KFA1a-401 (KFA1a2-401),Hoppe et al. (1995) GCA 59:4029,full,Murchison,WU 3f,2,,2.05,2.1,9.87,0.1,224.274090928521,8.20163782569855,,,,,,,,
Gra-1995-HOP-000115,MD,KFA1a-402 (KFA1a2-402),Hoppe et al. (1995) GCA 59:4029,full,Murchison,WU 3f,2,,2.05,2.1,89.3,1.22,240.972420104088,4.13430462084396,,,,,,,,
Gra-1995-HOP-000116,MD,KFA1a-411 (KFA1a2-411),Hoppe et al. (1995) GCA 59:4029,full,Murchison,WU 3f,2,,2.05,2.1,185.19,7.18,279.431827911126,8.80316858789667,,,,,,,,
Gra-1995-HOP-000117,MD,KFA1a-412 (KFA1a2-412),Hoppe et al. (1995) GCA 59:4029,full,Murchison,WU 3f,2,,2.05,2.1,93.05,1.26,273.009201884353,21.4236425581453,,,,,,,,
Gra-1995-HOP-000118,MD,KFA1a-421 (KFA1a1-421),Hoppe et al. (1995) GCA 59:4029,full,Murchison,WU 3f,,,2.05,2.1,49.48,0.36,,,,,,,,,,
Gra-1995-HOP-000119,MD,KFA1a-422 (KFA1a1-422),Hoppe et al. (1995) GCA 59:4029,full,Murchison,WU 3f,,,2.05,2.1,57.79,1.51,,,,,,,,,,
Gra-1995-HOP-000120,MD,KFA1a-424 (KFA1a1-424),Hoppe et al. (1995) GCA 59:4029,full,Murchison,WU 3f,2.4,,2.05,2.1,89.02,0.69,,,,,,,,,,
Gra-1995-HOP-000121,MD,KFA1a-425 (KFA1a1-425),Hoppe et al. (1995) GCA 59:4029,full,Murchison,WU 3f,1.4,,2.05,2.1,380.7,13.45,,,,,,,,,,
Gra-1995-HOP-000122,MD,KFA1a-426 (KFA1a1-426),Hoppe et al. (1995) GCA 59:4029,full,Murchison,WU 3f,1.5,,2.05,2.1,11.15,0.16,,,,,,,,,,
Gra-1995-HOP-000123,MD,KFA1a-431 (KFA1a1-431),Hoppe et al. (1995) GCA 59:4029,full,Murchison,WU 3f,5.4,,2.05,2.1,442.9,20.19,,,,,484.23,272.91,224.94,236.58,,
Gra-1995-HOP-000124,MD,KFA1a-432 (KFA1a1-432),Hoppe et al. (1995) GCA 59:4029,full,Murchison,WU 3f,2.7,,2.05,2.1,18.13,0.12,,,,,113.83,89.75,185.34,91.79,,
Gra-1995-HOP-000125,MD,KFA1a-433 (KFA1a1-433),Hoppe et al. (1995) GCA 59:4029,full,Murchison,WU 3f,2.1,,2.05,2.1,91.09,0.71,,,,,,,,,,
Gra-1995-HOP-000126,MD,KFA1a-434 (KFA1a1-434),Hoppe et al. (1995) GCA 59:4029,full,Murchison,WU 3f,2.8,,2.05,2.1,47.48,1.72,,,0.014,0.003,2.68,36.33,28.18,36.83,,
Gra-1995-HOP-000127,MD,KFA1a-435 (KFA1a1-435),Hoppe et al. (1995) GCA 59:4029,full,Murchison,WU 3f,1.5,,2.05,2.1,88.33,0.85,,,,,,,,,,
Gra-1995-HOP-000128,MD,KFA1a-436 (KFA1a1-436),Hoppe et al. (1995) GCA 59:4029,full,Murchison,WU 3f,1.7,,2.05,2.1,93.25,0.87,,,,,,,,,,
Gra-1995-HOP-000129,MD,KFA1a-437 (KFA1a1-437),Hoppe et al. (1995) GCA 59:4029,full,Murchison,WU 3f,2.5,,2.05,2.1,11.98,0.24,,,,,,,,,,
Gra-1995-HOP-000130,MD,KFA1a-438 (KFA1a1-438),Hoppe et al. (1995) GCA 59:4029,full,Murchison,WU 3f,2.5,,2.05,2.1,32.41,0.24,,,,,,,,,,
Gra-1995-HOP-000131,MD,KFA1a-439 (KFA1a1-439),Hoppe et al. (1995) GCA 59:4029,full,Murchison,WU 3f,2.6,,2.05,2.1,24.38,0.31,,,,,,,,,,
Gra-1995-HOP-000132,MD,KFA1a-4310 (KFA1a1-4310),Hoppe et al. (1995) GCA 59:4029,full,Murchison,WU 3f,2.5,,2.05,2.1,85.38,0.67,,,,,,,,,,
Gra-1995-HOP-000133,MD,KFA1a-441 (KFA1a2-441),Hoppe et al. (1995) GCA 59:4029,full,Murchison,WU 3f,4.5,,2.05,2.1,91.97,1.68,253.311484035715,9.39612354441885,,,,,,,,
Gra-1995-HOP-000134,MD,KFA1a-442 (KFA1a2-442),Hoppe et al. (1995) GCA 59:4029,full,Murchison,WU 3f,2,,2.05,2.1,27.49,0.56,254.154989303887,6.17074374739314,,,,,,,,
Gra-1995-HOP-000135,MD,KFA1a-443 (KFA1a2-443),Hoppe et al. (1995) GCA 59:4029,full,Murchison,WU 3f,2,,2.05,2.1,20.56,0.18,274.920861280872,10.9844076466245,,,,,,,,
Gra-1995-HOP-000136,MD,KFA1a-461 (KFA1a2-461),Hoppe et al. (1995) GCA 59:4029,full,Murchison,WU 3f,1.5,,2.05,2.1,91.37,1.36,282.529125009278,10.8039713927835,,,,,,,,
Gra-1995-HOP-000137,MD,KFA1a-462 (KFA1a2-462),Hoppe et al. (1995) GCA 59:4029,full,Murchison,WU 3f,1.5,,2.05,2.1,94.65,2.11,257.413171126654,22.5962720575598,,,,,,,,
Gra-1995-HOP-000138,MD,KFA1a-463 (KFA1a2-463),Hoppe et al. (1995) GCA 59:4029,full,Murchison,WU 3f,2.5,,2.05,2.1,90.6,1.15,266.765448133674,7.93960332014617,,,,,,,,
Gra-1995-HOP-000139,MD,KFA1a-471 (KFA1a1-471),Hoppe et al. (1995) GCA 59:4029,full,Murchison,WU 3f,6.4,,2.05,2.1,91.13,0.57,,,,,571,119,-55,134,,
Gra-1995-HOP-000140,MD,KFA1a-472 (KFA1a1-472),Hoppe et al. (1995) GCA 59:4029,full,Murchison,WU 3f,2.1,,2.05,2.1,90.13,0.89,,,,,,,,,,
Gra-1995-HOP-000141,MD,KFA1a-473 (KFA1a1-473),Hoppe et al. (1995) GCA 59:4029,full,Murchison,WU 3f,2.6,,2.05,2.1,90.67,0.74,,,,,,,,,,
Gra-1995-HOP-000142,MD,KFA1a-474 (KFA1a1-474),Hoppe et al. (1995) GCA 59:4029,full,Murchison,WU 3f,2.4,,2.05,2.1,19.75,0.42,,,,,,,,,,
Gra-1995-HOP-000143,MD,KFA1a-501 (KFA1a2-501),Hoppe et al. (1995) GCA 59:4029,full,Murchison,WU 3f,2.5,,2.05,2.1,86.73,0.92,258.529321826917,3.05144859722081,,,,,,,,
Gra-1995-HOP-000144,MD,KFA1a-502 (KFA1a2-502),Hoppe et al. (1995) GCA 59:4029,full,Murchison,WU 3f,1.5,,2.05,2.1,93.27,2.15,275.20130493854,19.050708952023,,,,,,,,
Gra-1995-HOP-000145,MD,KFA1a-511 (KFA1a2-511),Hoppe et al. (1995) GCA 59:4029,full,Murchison,WU 3f,2,,2.05,2.1,93.2,3.15,255.145011922671,13.7231768496716,,,,,,,,
Gra-1995-HOP-000146,MD,KFA1a-512 (KFA1a2-512),Hoppe et al. (1995) GCA 59:4029,full,Murchison,WU 3f,2,,2.05,2.1,79.27,1.03,258.598022200951,15.3929731535605,,,,,,,,
Gra-1995-HOP-000147,MD,KFA1a-513 (KFA1a2-513),Hoppe et al. (1995) GCA 59:4029,full,Murchison,WU 3f,2,,2.05,2.1,93.9,2.32,292.780998466355,10.2715273031252,,,,,,,,
Gra-1995-HOP-000148,MD,KFA1a-521 (KFA1a2-521),Hoppe et al. (1995) GCA 59:4029,full,Murchison,WU 3f,2,,2.05,2.1,39.47,0.68,219.398331668758,4.9640829024688,,,,,,,,
Gra-1995-HOP-000149,MD,KFA1a-524 (KFA1a2-524),Hoppe et al. (1995) GCA 59:4029,full,Murchison,WU 3f,2,,2.05,2.1,80.96,0.72,258.556306905819,12.9321088741336,,,,,,,,
Gra-1995-HOP-000150,MD,KFA1a-531 (KFA1a2-531),Hoppe et al. (1995) GCA 59:4029,full,Murchison,WU 3f,2,,2.05,2.1,91.14,0.95,265.556505923278,8.18096343547205,,,,,,,,
Gra-1995-HOP-000151,MD,KFA1a-532 (KFA1a1-532),Hoppe et al. (1995) GCA 59:4029,full,Murchison,WU 3f,3.6,,2.05,2.1,133.59,1.01,,,0.037,0.003,136,110,94,82,,
Gra-1995-HOP-000152,MD,KFA1a-533 (KFA1a1-533),Hoppe et al. (1995) GCA 59:4029,full,Murchison,WU 3f,5.5,,2.05,2.1,88.37,0.61,,,0.061,0.003,350,225,-51,114,,
Gra-1995-HOP-000153,MD,KFA1a-551 (KFA1a2-551),Hoppe et al. (1995) GCA 59:4029,full,Murchison,WU 3f,2.5,,2.05,2.1,90.52,2.15,274.555201354941,13.5999493154336,,,,,,,,
Gra-1995-HOP-000154,MD,KFA1a-561 (KFA1a1-561),Hoppe et al. (1995) GCA 59:4029,full,Murchison,WU 3f,,,2.05,2.1,47.82,0.49,,,0.063,0.002,271.8,157.55,-165.83,118.96,,
Gra-1995-HOP-000155,MD,KFA1a-562 (KFA1a2-562),Hoppe et al. (1995) GCA 59:4029,full,Murchison,WU 3f,2,,2.05,2.1,93.17,1.3,261.659926088921,14.9555853467255,,,,,,,,
Gra-1995-HOP-000156,MD,KFA1a-563 (KFA1a1-563),Hoppe et al. (1995) GCA 59:4029,full,Murchison,WU 3f,3.7,,2.05,2.1,972.8,17.65,,,,,218,124.23,95.4,114.1,,
Gra-1995-HOP-000157,MD,KFA1a-564 (KFA1a2-564),Hoppe et al. (1995) GCA 59:4029,full,Murchison,WU 3f,2,,2.05,2.1,102.39,1.97,254.889630623378,6.61657725353247,,,,,,,,
Gra-1995-HOP-000158,MD,KFA1a-571 (KFA1a1-571),Hoppe et al. (1995) GCA 59:4029,full,Murchison,WU 3f,,,2.05,2.1,717.79,26.4,,,,,,,,,,
Gra-1995-HOP-000159,MD,KFA1a-572 (KFA1a1-572),Hoppe et al. (1995) GCA 59:4029,full,Murchison,WU 3f,2.8,,2.05,2.1,91.64,0.69,,,,,,,,,,
Gra-1995-HOP-000160,MD,KFA1a-573 (KFA1a2-573),Hoppe et al. (1995) GCA 59:4029,full,Murchison,WU 3f,2,,2.05,2.1,89.86,3.55,275.343132611861,24.1732127741698,,,,,,,,
Gra-1995-HOP-000161,MD,KFA1a-576 (KFA1a1-576),Hoppe et al. (1995) GCA 59:4029,full,Murchison,WU 3f,2.6,,2.05,2.1,91.07,0.84,,,,,,,,,,
Gra-1995-HOP-000162,MD,KFA1a-601 (KFA1a2-601),Hoppe et al. (1995) GCA 59:4029,full,Murchison,WU 3f,2.5,,2.05,2.1,154.44,2.85,239.420395782983,13.0241430329366,,,,,,,,
Gra-1995-HOP-000163,MD,KFA1a-602 (KFA1a2-602),Hoppe et al. (1995) GCA 59:4029,full,Murchison,WU 3f,2,,2.05,2.1,16.15,0.21,327.794964249862,10.5052124482602,,,,,,,,
Gra-1995-HOP-000164,MD,KFA1a-603 (KFA1a2-603),Hoppe et al. (1995) GCA 59:4029,full,Murchison,WU 3f,1.5,,2.05,2.1,90.09,0.86,278.03186028254,23.0418943217533,,,,,,,,
Gra-1995-HOP-000165,MD,KFA1a-604 (KFA1a2-604),Hoppe et al. (1995) GCA 59:4029,full,Murchison,WU 3f,4,,2.05,2.1,92.7,1.31,261.261016005425,8.95052074124477,,,,,,,,
Gra-1995-HOP-000166,MD,KFA1a-611 (KFA1a2-611),Hoppe et al. (1995) GCA 59:4029,full,Murchison,WU 3f,2,,2.05,2.1,38.73,0.79,201.393648072535,18.414605056323,,,,,,,,
Gra-1995-HOP-000167,MD,KFA1a-612 (KFA1a2-612),Hoppe et al. (1995) GCA 59:4029,full,Murchison,WU 3f,2,,2.05,2.1,75.81,0.77,254.468297906851,26.9230966864035,,,,,,,,
Gra-1995-HOP-000168,MD,KFA1a-621 (KFA1a2-621),Hoppe et al. (1995) GCA 59:4029,full,Murchison,WU 3f,2.5,,2.05,2.1,91.23,0.94,269.819147240902,6.38304262728017,,,,,,,,
Gra-1995-HOP-000169,MD,KFA1a-631 (KFA1a2-631),Hoppe et al. (1995) GCA 59:4029,full,Murchison,WU 3f,4.5,,2.05,2.1,35.29,0.56,247.31748328344,2.69150309925068,,,,,,,,
Gra-1995-HOP-000170,MD,KFA1a-632 (KFA1a2-632),Hoppe et al. (1995) GCA 59:4029,full,Murchison,WU 3f,2,,2.05,2.1,90.21,0.95,314.235127817024,27.1248492908758,,,,,,,,
Gra-1995-HOP-000171,MD,KFA1a-633 (KFA1a2-633),Hoppe et al. (1995) GCA 59:4029,full,Murchison,WU 3f,2.5,,2.05,2.1,92.61,1.6,267.601194261314,5.68458386795932,,,,,,,,
Gra-1995-HOP-000172,MD,KFA1a-652 (KFA1a1-652),Hoppe et al. (1995) GCA 59:4029,full,Murchison,WU 3f,2.5,,2.05,2.1,40.38,0.36,,,,,,,,,,
Gra-1995-HOP-000173,MD,KFA1a-653 (KFA1a1-653),Hoppe et al. (1995) GCA 59:4029,full,Murchison,WU 3f,2.7,,2.05,2.1,87.22,0.77,,,,,,,,,,
Gra-1995-HOP-000174,MD,KFA1a-654 (KFA1a1-654),Hoppe et al. (1995) GCA 59:4029,full,Murchison,WU 3f,,,2.05,2.1,8.89,0.07,,,0.0065,0.0007,215.59,126.56,126.39,118.56,,
Gra-1995-HOP-000175,MD,KFA1a-655 (KFA1a1-655),Hoppe et al. (1995) GCA 59:4029,full,Murchison,WU 3f,7.2,,2.05,2.1,46.1,0.3,,,,,119.39,143.63,-109.04,123.37,,
Gra-1995-HOP-000176,MD,KFA1a-656 (KFA1a2-656),Hoppe et al. (1995) GCA 59:4029,full,Murchison,WU 3f,2,,2.05,2.1,144.88,1.72,259.432693858551,7.36338402148302,,,,,,,,
Gra-1995-HOP-000177,MD,KFA1a-657 (KFA1a2-657),Hoppe et al. (1995) GCA 59:4029,full,Murchison,WU 3f,2,,2.05,2.1,495.55,13.16,253.415142837065,15.8474319023504,,,,,,,,
Gra-1995-HOP-000178,MD,KFA1a-661 (KFA1a2-661),Hoppe et al. (1995) GCA 59:4029,full,Murchison,WU 3f,2.5,,2.05,2.1,3.043,0.028,283.463785729724,5.3080344792042,,,,,,,,
Gra-1995-HOP-000179,MD,KFA1a-662 (KFA1a2-662),Hoppe et al. (1995) GCA 59:4029,full,Murchison,WU 3f,2.5,,2.05,2.1,91.54,1.22,269.142200743478,9.69007627133523,,,,,,,,
Gra-1995-HOP-000180,MD,KFA1a-671 (KFA1a2-671),Hoppe et al. (1995) GCA 59:4029,full,Murchison,WU 3f,4,,2.05,2.1,90.69,0.85,262.701802927728,10.2120444014249,,,,,,,,
Gra-1995-HOP-000181,MD,KFA1a-711 (KFA1a2-711),Hoppe et al. (1995) GCA 59:4029,full,Murchison,WU 3f,2,,2.05,2.1,91.3,2.07,310.288178594429,14.7556047806222,,,,,,,,
Gra-1995-HOP-000182,MD,KFA1a-712 (KFA1a2-712),Hoppe et al. (1995) GCA 59:4029,full,Murchison,WU 3f,2,,2.05,2.1,23.3,0.4,283.815140754429,21.9381305287026,,,,,,,,
Gra-1995-HOP-000183,MD,KFA1a-721 (KFA1a2-721),Hoppe et al. (1995) GCA 59:4029,full,Murchison,WU 3f,4.5,,2.05,2.1,92.75,1.3,287.963353553256,19.5956166421421,,,,,,,,
Gra-1995-HOP-000184,MD,KFA1a-722 (KFA1a2-722),Hoppe et al. (1995) GCA 59:4029,full,Murchison,WU 3f,2,,2.05,2.1,1300.29,96.89,232.29091314882,14.0898189022588,,,,,,,,
Gra-1995-HOP-000185,MD,KFA1a-732 (KFA1a2-732),Hoppe et al. (1995) GCA 59:4029,full,Murchison,WU 3f,2.5,,2.05,2.1,485.52,28.71,248.431404114422,14.5144824723305,,,,,,,,
Gra-1995-HOP-000186,MD,KFA1a-733 (KFA1a2-733),Hoppe et al. (1995) GCA 59:4029,full,Murchison,WU 3f,,,2.05,2.1,496.44,23.26,260.671160463692,28.6157233934839,,,,,,,,
Gra-1995-HOP-000187,MD,KFA1a-745 (KFA1a1-745),Hoppe et al. (1995) GCA 59:4029,full,Murchison,WU 3f,2.3,,2.05,2.1,27.41,0.22,303.429,50.346,,,,,,,,
Gra-1995-HOP-000188,MD,KFA1a-746 (KFA1a1-746),Hoppe et al. (1995) GCA 59:4029,full,Murchison,WU 3f,2.7,,2.05,2.1,861.57,57.64,340.599,70.249,,,,,,,,
Gra-1995-HOP-000189,MD,KFA1a-747 (KFA1a1-747),Hoppe et al. (1995) GCA 59:4029,full,Murchison,WU 3f,2.7,,2.05,2.1,21.92,0.49,241.774,19.951,,,,,,,,
Gra-1995-HOP-000190,MD,KFA1a-7410 (KFA1a2-7410),Hoppe et al. (1995) GCA 59:4029,full,Murchison,WU 3f,2.5,,2.05,2.1,270.01,3.09,259.900385380291,9.93838844896593,,,,,,,,
Gra-1995-HOP-000191,MD,KFA1a-7411 (KFA1a2-7411),Hoppe et al. (1995) GCA 59:4029,full,Murchison,WU 3f,2,,2.05,2.1,91.27,0.79,272.536796760017,11.2554079738956,,,,,,,,
Gra-1995-HOP-000192,MD,KFA1a-7412 (KFA1a2-7412),Hoppe et al. (1995) GCA 59:4029,full,Murchison,WU 3f,2.5,,2.05,2.1,112.32,1.59,252.274869717058,7.19157036782882,,,,,,,,
Gra-1995-HOP-000193,MD,KFA1a-753 (KFA1a1-753),Hoppe et al. (1995) GCA 59:4029,full,Murchison,WU 3f,2,,2.05,2.1,89.44,1.39,281.197,21.764,,,,,,,,
Gra-1995-HOP-000194,MD,KFA1a-754 (KFA1a1-754),Hoppe et al. (1995) GCA 59:4029,full,Murchison,WU 3f,2.2,,2.05,2.1,91.83,1.61,325.543,38.505,,,,,,,,
Gra-1995-HOP-000195,MD,KFA1a-755 (KFA1a1-755),Hoppe et al. (1995) GCA 59:4029,full,Murchison,WU 3f,1.7,,2.05,2.1,8.82,0.09,247.484,29.671,,,,,,,,
Gra-1995-HOP-000196,MD,KFA1a-756 (KFA1a1-756),Hoppe et al. (1995) GCA 59:4029,full,Murchison,WU 3f,5.7,,2.05,2.1,89.59,0.75,261.246,16.03,,,178.23,96.02,-38.29,83.78,,
Gra-1995-HOP-000197,MD,KFA1a-757 (KFA1a1-757),Hoppe et al. (1995) GCA 59:4029,full,Murchison,WU 3f,2.8,,2.05,2.1,310.4,8.91,217.809,26.813,,,,,,,,
Gra-1995-HOP-000198,MD,KFA1a-761 (KFA1a2-761),Hoppe et al. (1995) GCA 59:4029,full,Murchison,WU 3f,3,,2.05,2.1,90.8,1.66,277.771103555428,19.4874431384725,,,,,,,,
Gra-1995-HOP-000199,MD,KFA1a-762 (KFA1a2-762b),Hoppe et al. (1995) GCA 59:4029,full,Murchison,WU 3f,3.2,,2.05,2.1,131.56,1.85,201.028134269344,3.65443676796046,0.043,0.004,158,125,-38,86,,
Gra-1995-HOP-000200,MD,KFA1a-763 (KFA1a2-763),Hoppe et al. (1995) GCA 59:4029,full,Murchison,WU 3f,3,,2.05,2.1,91.26,2.18,284.452155247046,28.8814362720169,,,,,,,,
Gra-1995-HOP-000201,MD,KFA1c-001,Hoppe et al. (1995) GCA 59:4029,full,Murchison,WU 3f,3,,2.05,2.1,95.98,0.81,263.99732982541,22.613434286247,,,,,,,,
Gra-1995-HOP-000202,MD,KFA1c-002,Hoppe et al. (1995) GCA 59:4029,full,Murchison,WU 3f,3,,2.05,2.1,90.23,1.26,267.82213706907,7.2997649484713,,,,,,,,
Gra-1995-HOP-000203,MD,KFA1c-003,Hoppe et al. (1995) GCA 59:4029,full,Murchison,WU 3f,3,,2.05,2.1,89.2,1.67,249.88038226101,12.809795466409,,,,,,,,
Gra-1995-HOP-000204,MD,KFA1c-021,Hoppe et al. (1995) GCA 59:4029,full,Murchison,WU 3f,3.5,,2.05,2.1,1435.12,89.33,273.49148251801,20.406862200531,,,,,,,,
Gra-1995-HOP-000205,MD,KFA1c-031,Hoppe et al. (1995) GCA 59:4029,full,Murchison,WU 3f,4.5,,2.05,2.1,90.77,0.89,248.38837549358,14.984952178383,,,,,,,,
Gra-1995-HOP-000206,MD,KFA1c-051,Hoppe et al. (1995) GCA 59:4029,full,Murchison,WU 3f,2.5,,2.05,2.1,92.81,0.86,274.20430913717,8.5072293231415,,,,,,,,
Gra-1995-HOP-000207,MD,KFA1c-121,Hoppe et al. (1995) GCA 59:4029,full,Murchison,WU 3f,4.5,,2.05,2.1,645.15,21.28,266.186905584676,5.89769745092068,,,,,,,,
Gra-1995-HOP-000208,MD,KFA1c-131,Hoppe et al. (1995) GCA 59:4029,full,Murchison,WU 3f,3,,2.05,2.1,88.26,1.37,263.55557235283,14.219652395722,,,,,,,,
Gra-1995-HOP-000209,MD,KFA1c-132,Hoppe et al. (1995) GCA 59:4029,full,Murchison,WU 3f,3.5,,2.05,2.1,1168.48,77.79,281.6617366474,7.4768176525794,,,,,,,,
Gra-1995-HOP-000210,MD,KFA1c-141,Hoppe et al. (1995) GCA 59:4029,full,Murchison,WU 3f,7,,2.05,2.1,73.14,0.61,267.55915124137,8.1576916957595,,,,,,,,
Gra-1995-HOP-000211,MD,KFA1c-181,Hoppe et al. (1995) GCA 59:4029,full,Murchison,WU 3f,,,2.05,2.1,473.18,8.2,220.18728558025,8.3396052292512,,,,,,,,
Gra-1995-HOP-000212,MD,KFA1c-182,Hoppe et al. (1995) GCA 59:4029,full,Murchison,WU 3f,,,2.05,2.1,16.61,0.41,248.76708544781,6.459241052967,,,,,,,,
Gra-1995-HOP-000213,MD,KFA1c-LC1,Hoppe et al. (1995) GCA 59:4029,full,Murchison,WU 3f,7,,2.05,2.1,90.41,0.87,269.74702665271,1.7971919350704,,,,,,,,
Gra-1995-HOP-000214,MD,KFA1c-LC2,Hoppe et al. (1995) GCA 59:4029,full,Murchison,WU 3f,3,,2.05,2.1,91.71,1.39,269.904673448,12.373148450952,,,,,,,,
Gra-1995-HOP-000215,MD,KFA1c-LC3,Hoppe et al. (1995) GCA 59:4029,full,Murchison,WU 3f,6,,2.05,2.1,168.34,4.1,236.443248525,4.6717858825542,,,,,,,,
Gra-1995-HOP-000216,MD,KFA1c-LC4,Hoppe et al. (1995) GCA 59:4029,full,Murchison,WU 3f,6.5,,2.05,2.1,90.56,0.91,280.22498255039,12.59104599904,,,,,,,,
Gra-1995-HOP-000217,MD,KFA1c-LC5,Hoppe et al. (1995) GCA 59:4029,full,Murchison,WU 3f,6.5,,2.05,2.1,763.48,13.17,276.14679344971,3.8845037022478,,,,,,,,
Gra-1995-HOP-000218,MD,KFA1c-LC6,Hoppe et al. (1995) GCA 59:4029,full,Murchison,WU 3f,3,,2.05,2.1,11.04,0.11,252.55078183787,22.708058453524,,,,,,,,
Gra-1995-HOP-000219,MD,KFA1c-LC7,Hoppe et al. (1995) GCA 59:4029,full,Murchison,WU 3f,11,,2.05,2.1,88.53,0.85,272.91349649212,9.8241314329051,,,,,,,,
Gra-1995-HOP-000220,MD,KFA1c-LC8,Hoppe et al. (1995) GCA 59:4029,full,Murchison,WU 3f,,,2.05,2.1,89.66,0.84,265.2127350912,29.56474065602,,,,,,,,
Gra-1995-HOP-000221,MD,KFA1c-LC21,Hoppe et al. (1995) GCA 59:4029,full,Murchison,WU 3f,4.5,,2.05,2.1,93.14,0.99,266.59579484057,18.54044155221,,,,,,,,
Gra-1995-HOP-000222,MD,KFA1c-LC22,Hoppe et al. (1995) GCA 59:4029,full,Murchison,WU 3f,4,,2.05,2.1,11.19,0.12,286.77531340599,19.177712375747,,,,,,,,
Gra-1995-HOP-000223,MD,KFA1c-LC23,Hoppe et al. (1995) GCA 59:4029,full,Murchison,WU 3f,3,,2.05,2.1,101.27,1.37,280.66950004398,23.689312986551,,,,,,,,
Gra-1995-HOP-000224,MD,KFA1c-m131,Hoppe et al. (1995) GCA 59:4029,full,Murchison,WU 3f,4.5,,2.05,2.1,90.86,1.06,263.17374056627,4.6821012027032,,,,,,,,
Gra-1995-HOP-000225,MD,KFA1c-m132,Hoppe et al. (1995) GCA 59:4029,full,Murchison,WU 3f,3,,2.05,2.1,55.27,0.67,254.30205326529,12.111316849711,,,,,,,,
Gra-1995-HOP-000226,MD,KFA1c-m133,Hoppe et al. (1995) GCA 59:4029,full,Murchison,WU 3f,3,,2.05,2.1,92.2,1.08,271.13743373571,5.3474739406355,,,,,,,,
Gra-1995-HOP-000227,MD,KFA1c-m134,Hoppe et al. (1995) GCA 59:4029,full,Murchison,WU 3f,4.5,,2.05,2.1,244.97,4.83,235.65392514957,9.3831948540448,,,,,,,,
Gra-1995-HOP-000228,MD,KFA1c-m141,Hoppe et al. (1995) GCA 59:4029,full,Murchison,WU 3f,3,,2.05,2.1,766.44,35.51,310.74466167085,47.108190447626,,,,,,,,
Gra-1995-HOP-000229,MD,KFA1c-m142,Hoppe et al. (1995) GCA 59:4029,full,Murchison,WU 3f,3,,2.05,2.1,90.57,1.02,260.25039783828,17.362620740412,,,,,,,,
Gra-1995-HOP-000230,MD,KFA1c-m1m11,Hoppe et al. (1995) GCA 59:4029,full,Murchison,WU 3f,4.5,,2.05,2.1,89.82,1.32,252.33794894769,17.362810104289,,,,,,,,
Gra-1995-HOP-000231,HD,KFB1-021 (KFB1a-021),Hoppe et al. (1995) GCA 59:4029,full,Murchison,WU 3f,4,,2.1,2.15,444.6,63.9,261.1,10.1,,,-170.03,145.13,-312.98,127.08,,
Gra-1995-HOP-000232,HD,KFB1-022 (KFB1a-022),Hoppe et al. (1995) GCA 59:4029,full,Murchison,WU 3f,5,,2.1,2.15,453.1,28.8,274.9,12.3,,,80.75,68.62,98.07,68.14,,
Gra-1995-HOP-000233,HD,KFB1-023 (KFB1a-023),Hoppe et al. (1995) GCA 59:4029,full,Murchison,WU 3f,3.5,,2.1,2.15,1690.9,86.7,270,11.5,,,619.98,926.51,-716.52,344.5,,
Gra-1995-HOP-000234,HD,KFB1-024 (KFB1a-024),Hoppe et al. (1995) GCA 59:4029,full,Murchison,WU 3f,3,,2.1,2.15,886.8,14.4,249.5,5.8,,,,,,,,
Gra-1995-HOP-000235,HD,KFB1-031 (KFB1a-031),Hoppe et al. (1995) GCA 59:4029,full,Murchison,WU 3f,5.5,,2.1,2.15,241.8,3.2,280.4,7.5,,,86.16,294.57,-60.78,263.94,,
Gra-1995-HOP-000236,HD,KFB1-032 (KFB1a-032),Hoppe et al. (1995) GCA 59:4029,full,Murchison,WU 3f,4,,2.1,2.15,355.1,10.5,239.6,7.1,,,,,,,,
Gra-1995-HOP-000237,HD,KFB1-033 (KFB1a-033),Hoppe et al. (1995) GCA 59:4029,full,Murchison,WU 3f,5.5,,2.1,2.15,648.1,31,271.5,6.9,,,1.78,480.9,-639.72,267.8,,
Gra-1995-HOP-000238,HD,KFB1-034 (KFB1a-034),Hoppe et al. (1995) GCA 59:4029,full,Murchison,WU 3f,3.5,,2.1,2.15,474.1,7,267,15.7,,,,,,,,
Gra-1995-HOP-000239,HD,KFB1-041 (KFB1a-041),Hoppe et al. (1995) GCA 59:4029,full,Murchison,WU 3f,4,,2.1,2.15,7.85,0.11,259.5,10.3,,,97.08,343.18,91.88,332.84,,
Gra-1995-HOP-000240,HD,KFB1-042 (KFB1a-042),Hoppe et al. (1995) GCA 59:4029,full,Murchison,WU 3f,4,,2.1,2.15,183.3,6.6,260.5,6.1,,,,,,,,
Gra-1995-HOP-000241,HD,KFB1-043 (KFB1a-043),Hoppe et al. (1995) GCA 59:4029,full,Murchison,WU 3f,2.5,,2.1,2.15,655.5,48.7,216.9,20.3,,,,,,,,
Gra-1995-HOP-000242,HD,KFB1-051 (KFB1a-051),Hoppe et al. (1995) GCA 59:4029,full,Murchison,WU 3f,6,,2.1,2.15,596.5,16.2,258.1,6.2,,,340.94,253.04,496.57,263.05,,
Gra-1995-HOP-000243,HD,KFB1-052 (KFB1a-052),Hoppe et al. (1995) GCA 59:4029,full,Murchison,WU 3f,4.5,,2.1,2.15,644.9,22,281.9,32,,,-250.55,359.66,241.73,464.82,,
Gra-1995-HOP-000244,HD,KFB1-053 (KFB1a-053),Hoppe et al. (1995) GCA 59:4029,full,Murchison,WU 3f,5.5,,2.1,2.15,77.9,0.4,227.3,9,,,-183.53,146.92,-114.47,149.5,,
Gra-1995-HOP-000245,HD,KFB1-054 (KFB1a-054),Hoppe et al. (1995) GCA 59:4029,full,Murchison,WU 3f,3.5,,2.1,2.15,397.9,22.1,255.9,8.8,,,,,,,,
Gra-1995-HOP-000246,HD,KFB1-111 (KFB1a-111),Hoppe et al. (1995) GCA 59:4029,full,Murchison,WU 3f,4,,2.1,2.15,547.6,32.5,282.5,24.4,,,,,,,,
Gra-1995-HOP-000247,HD,KFB1-112 (KFB1a-112),Hoppe et al. (1995) GCA 59:4029,full,Murchison,WU 3f,3.5,,2.1,2.15,1056.9,54.2,255.6,8.6,,,-516.28,294.03,-243.56,363.63,,
Gra-1995-HOP-000248,HD,KFB1-113 (KFB1a-113),Hoppe et al. (1995) GCA 59:4029,full,Murchison,WU 3f,4,,2.1,2.15,91.4,0.6,246.5,11,,,,,,,,
Gra-1995-HOP-000249,HD,KFB1-114 (KFB1a-114),Hoppe et al. (1995) GCA 59:4029,full,Murchison,WU 3f,3,,2.1,2.15,161.7,3,256.8,6.1,,,,,,,,
Gra-1995-HOP-000250,HD,KFB1-121 (KFB1a-121),Hoppe et al. (1995) GCA 59:4029,full,Murchison,WU 3f,,,2.1,2.15,222.6,1.5,256.2,6.8,,,,,,,,
Gra-1995-HOP-000251,HD,KFB1-122 (KFB1a-122),Hoppe et al. (1995) GCA 59:4029,full,Murchison,WU 3f,3.5,,2.1,2.15,14.49,0.08,198.1,4.7,0.023,0.00232,36,110.54,-64.53,101.74,,
Gra-1995-HOP-000252,HD,KFB1-123 (KFB1a-123),Hoppe et al. (1995) GCA 59:4029,full,Murchison,WU 3f,4,,2.1,2.15,12.45,0.06,269.5,9.4,,,,,,,,
Gra-1995-HOP-000253,HD,KFB1-124 (KFB1a-124),Hoppe et al. (1995) GCA 59:4029,full,Murchison,WU 3f,3,,2.1,2.15,717.4,12.6,249.4,11.2,,,,,,,,
Gra-1995-HOP-000254,HD,KFB1-131 (KFB1a-131),Hoppe et al. (1995) GCA 59:4029,full,Murchison,WU 3f,3.5,,2.1,2.15,992,31.6,270.7,23.7,,,,,,,,
Gra-1995-HOP-000255,HD,KFB1-132 (KFB1a-132),Hoppe et al. (1995) GCA 59:4029,full,Murchison,WU 3f,3,,2.1,2.15,432.2,8.9,259.5,13.4,,,,,,,,
Gra-1995-HOP-000256,HD,KFB1-133 (KFB1a-133),Hoppe et al. (1995) GCA 59:4029,full,Murchison,WU 3f,3.5,,2.1,2.15,2186.5,116,280.3,10.1,,,,,,,,
Gra-1995-HOP-000257,HD,KFB1-141 (KFB1a-141),Hoppe et al. (1995) GCA 59:4029,full,Murchison,WU 3f,3.5,,2.1,2.15,234.4,1.5,242,19.1,,,,,,,,
Gra-1995-HOP-000258,HD,KFB1-142 (KFB1a-142),Hoppe et al. (1995) GCA 59:4029,full,Murchison,WU 3f,,,2.1,2.15,903.1,18.3,264.9,11.7,,,,,,,,
Gra-1995-HOP-000259,HD,KFB1-143 (KFB1a-143),Hoppe et al. (1995) GCA 59:4029,full,Murchison,WU 3f,,,2.1,2.15,92.5,0.7,267.2,9,,,,,,,,
Gra-1995-HOP-000260,HD,KFB1-151 (KFB1a-151),Hoppe et al. (1995) GCA 59:4029,full,Murchison,WU 3f,10,,2.1,2.15,43.5,0.2,256.3,8.7,0.029,0.00229,116.22,101.47,153.67,101.15,,
Gra-1995-HOP-000261,HD,KFB1-152 (KFB1a-152),Hoppe et al. (1995) GCA 59:4029,full,Murchison,WU 3f,4.5,,2.1,2.15,10.6,0.1,259.8,9.1,,,-77.13,92.93,-0.24,94.96,,
Gra-1995-HOP-000262,HD,KFB1-153 (KFB1a-153),Hoppe et al. (1995) GCA 59:4029,full,Murchison,WU 3f,4,,2.1,2.15,221,2,267.4,8.5,,,,,,,,
Gra-1995-HOP-000263,HD,KFB1-154 (KFB1a-154),Hoppe et al. (1995) GCA 59:4029,full,Murchison,WU 3f,3,,2.1,2.15,911.6,45.2,269.2,29.4,,,,,,,,
Gra-1995-HOP-000264,HD,KFB1-155 (KFB1a-155),Hoppe et al. (1995) GCA 59:4029,full,Murchison,WU 3f,,,2.1,2.15,391.1,4,232.6,7.8,,,,,,,,
Gra-1995-HOP-000265,HD,KFB1-161 (KFB1a-161),Hoppe et al. (1995) GCA 59:4029,full,Murchison,WU 3f,6,,2.1,2.15,3.8,0.1,311.5,42.5,,,-133.14,80.64,36.5,87.28,,
Gra-1995-HOP-000266,HD,KFB1-162 (KFB1a-162),Hoppe et al. (1995) GCA 59:4029,full,Murchison,WU 3f,7.5,,2.1,2.15,43.5,0.3,251.2,6,,,305.81,280.41,40.99,239.62,,
Gra-1995-HOP-000267,HD,KFB1-163 (KFB1a-163),Hoppe et al. (1995) GCA 59:4029,full,Murchison,WU 3f,4.5,,2.1,2.15,82.9,0.5,260.9,18.4,,,-95,109,-192,83,,
Gra-1995-HOP-000268,HD,KFB1-211 (KFB1a-211),Hoppe et al. (1995) GCA 59:4029,full,Murchison,WU 3f,6.5,,2.1,2.15,1204.2,122.2,284.7,12.7,,,215.34,168.07,-28.72,143.97,,
Gra-1995-HOP-000269,HD,KFB1-212 (KFB1a-212),Hoppe et al. (1995) GCA 59:4029,full,Murchison,WU 3f,4.5,,2.1,2.15,586.7,39.8,275.6,16,,,-193.27,419.44,-600.89,278.55,,
Gra-1995-HOP-000270,HD,KFB1-213 (KFB1a-213),Hoppe et al. (1995) GCA 59:4029,full,Murchison,WU 3f,3.5,,2.1,2.15,13.8,0.1,262.6,6.7,,,,,,,,
Gra-1995-HOP-000271,HD,KFB1-251 (KFB1a-251),Hoppe et al. (1995) GCA 59:4029,full,Murchison,WU 3f,8.5,,2.1,2.15,2387.1,238.2,287,12.7,,,-163.34,176.8,187.27,209.74,,
Gra-1995-HOP-000272,HD,KFB1-252 (KFB1a-252),Hoppe et al. (1995) GCA 59:4029,full,Murchison,WU 3f,4,,2.1,2.15,575.4,20.8,270,15.3,,,,,,,,
Gra-1995-HOP-000273,HD,KFB1-261 (KFB1a-261),Hoppe et al. (1995) GCA 59:4029,full,Murchison,WU 3f,3,,2.1,2.15,90,1.1,238.4,8.1,0.086,0.01795,-402,66,-542,114,,
Gra-1995-HOP-000274,HD,KFB1-262 (KFB1a-262),Hoppe et al. (1995) GCA 59:4029,full,Murchison,WU 3f,3,,2.1,2.15,6.72,0.07,274.9,6.4,,,50.12,169.3,-251.57,136.19,,
Gra-1995-HOP-000275,HD,KFB1-263 (KFB1a-263),Hoppe et al. (1995) GCA 59:4029,full,Murchison,WU 3f,,,2.1,2.15,120.5,0.7,265.3,7.5,,,,,,,,
Gra-1995-HOP-000276,HD,KFB1-264 (KFB1a-264),Hoppe et al. (1995) GCA 59:4029,full,Murchison,WU 3f,,,2.1,2.15,243.7,1.6,276.9,14.7,,,,,,,,
Gra-1995-HOP-000277,HD,KFB1-265 (KFB1a-265),Hoppe et al. (1995) GCA 59:4029,full,Murchison,WU 3f,3,,2.1,2.15,126.6,1,261.7,11.8,,,,,,,,
Gra-1995-HOP-000278,HD,KFB1-271 (KFB1a-271),Hoppe et al. (1995) GCA 59:4029,full,Murchison,WU 3f,5.5,,2.1,2.15,81,0.6,272.7,6.2,,,-7.78,77.86,98.4,80.91,,
Gra-1995-HOP-000279,HD,KFB1-272 (KFB1a-272),Hoppe et al. (1995) GCA 59:4029,full,Murchison,WU 3f,8,,2.1,2.15,8,0.1,263.1,10.3,,,,,,,,
Gra-1995-HOP-000280,HD,KFB1-301 (KFB1a-301),Hoppe et al. (1995) GCA 59:4029,full,Murchison,WU 3f,4.5,,2.1,2.15,79.9,0.6,264.8,20.9,,,0,195.82,-345.75,150.46,,
Gra-1995-HOP-000281,HD,KFB1-302 (KFB1a-302),Hoppe et al. (1995) GCA 59:4029,full,Murchison,WU 3f,4,,2.1,2.15,455.5,8.9,278.2,10.9,,,,,,,,
Gra-1995-HOP-000282,HD,KFB1-303 (KFB1a-303),Hoppe et al. (1995) GCA 59:4029,full,Murchison,WU 3f,3.5,,2.1,2.15,163.4,0.9,256.5,10.8,,,,,,,,
Gra-1995-HOP-000283,HD,KFB1-304 (KFB1a-304),Hoppe et al. (1995) GCA 59:4029,full,Murchison,WU 3f,3.5,,2.1,2.15,88.5,0.9,208.5,8.1,,,,,,,,
Gra-1995-HOP-000284,HD,KFB1-305 (KFB1a-305),Hoppe et al. (1995) GCA 59:4029,full,Murchison,WU 3f,,,2.1,2.15,114.8,4.9,240.1,21.8,,,,,,,,
Gra-1995-HOP-000285,HD,KFB1-311 (KFB1a-311),Hoppe et al. (1995) GCA 59:4029,full,Murchison,WU 3f,4,,2.1,2.15,1163.1,10.2,275.2,10.2,,,,,,,,
Gra-1995-HOP-000286,HD,KFB1-312 (KFB1a-312),Hoppe et al. (1995) GCA 59:4029,full,Murchison,WU 3f,4.5,,2.1,2.15,11.8,0.1,268,13.5,,,43,192,365,219,,
Gra-1995-HOP-000287,HD,KFB1-313 (KFB1a-313),Hoppe et al. (1995) GCA 59:4029,full,Murchison,WU 3f,4,,2.1,2.15,92.8,0.7,258.4,8.4,,,,,,,,
Gra-1995-HOP-000288,HD,KFB1-321 (KFB1a-321),Hoppe et al. (1995) GCA 59:4029,full,Murchison,WU 3f,5,,2.1,2.15,473.6,16.5,259.3,10.3,,,305,229,128,205,,
Gra-1995-HOP-000289,HD,KFB1-322 (KFB1a-322),Hoppe et al. (1995) GCA 59:4029,full,Murchison,WU 3f,3.5,,2.1,2.15,596,22.2,252.1,11.6,,,,,,,,
Gra-1995-HOP-000290,HD,KFB1-323 (KFB1a-323),Hoppe et al. (1995) GCA 59:4029,full,Murchison,WU 3f,4,,2.1,2.15,9.6,0.28,287.7,25.7,,,,,,,,
Gra-1995-HOP-000291,HD,KFB1-324 (KFB1a-324),Hoppe et al. (1995) GCA 59:4029,full,Murchison,WU 3f,6.5,,2.1,2.15,1222.6,37.5,258.1,7.3,,,-229,236,-298,218,,
Gra-1995-HOP-000292,HD,KFB1-331 (KFB1a-331),Hoppe et al. (1995) GCA 59:4029,full,Murchison,WU 3f,4,,2.1,2.15,511.1,12.4,259.4,36.7,,,,,,,,
Gra-1995-HOP-000293,HD,KFB1-332 (KFB1a-332),Hoppe et al. (1995) GCA 59:4029,full,Murchison,WU 3f,5.5,,2.1,2.15,116.7,1.1,257.5,8.3,,,,,,,,
Gra-1995-HOP-000294,HD,KFB1-351 (KFB1a-351),Hoppe et al. (1995) GCA 59:4029,full,Murchison,WU 3f,4,,2.1,2.15,153.6,2.8,262,23.5,,,,,,,,
Gra-1995-HOP-000295,HD,KFB1-352 (KFB1a-352),Hoppe et al. (1995) GCA 59:4029,full,Murchison,WU 3f,,,2.1,2.15,239.6,8.2,250,6.6,,,,,,,,
Gra-1995-HOP-000296,HD,KFB1-353 (KFB1a-353),Hoppe et al. (1995) GCA 59:4029,full,Murchison,WU 3f,,,2.1,2.15,195.3,3.1,267.2,9.7,,,,,,,,
Gra-1995-HOP-000297,HD,KFB1-354 (KFB1a-354),Hoppe et al. (1995) GCA 59:4029,full,Murchison,WU 3f,,,2.1,2.15,55.4,0.5,235.1,6.5,,,,,,,,
Gra-1995-HOP-000298,HD,KFB1-355 (KFB1a-355),Hoppe et al. (1995) GCA 59:4029,full,Murchison,WU 3f,3.5,,2.1,2.15,294.8,2.5,221.3,22.5,,,,,,,,
Gra-1995-HOP-000299,HD,KFB1-411 (KFB1a-411),Hoppe et al. (1995) GCA 59:4029,full,Murchison,WU 3f,4,,2.1,2.15,310.7,6.5,272.6,8.2,,,,,,,,
Gra-1995-HOP-000300,HD,KFB1-412 (KFB1a-412),Hoppe et al. (1995) GCA 59:4029,full,Murchison,WU 3f,4.5,,2.1,2.15,715.6,31.5,283.5,10.5,,,57,215,-82,193,,
Gra-1995-HOP-000301,HD,KFB1-413 (KFB1a-413),Hoppe et al. (1995) GCA 59:4029,full,Murchison,WU 3f,3,,2.1,2.15,417.8,25.1,230.8,14.2,,,,,,,,
Gra-1995-HOP-000302,HD,KFB1-414 (KFB1a-414),Hoppe et al. (1995) GCA 59:4029,full,Murchison,WU 3f,4.5,,2.1,2.15,89.1,0.5,261.4,11,,,-45,128,5,128,,
Gra-1995-HOP-000303,HD,KFB1-415 (KFB1a-415),Hoppe et al. (1995) GCA 59:4029,full,Murchison,WU 3f,3.5,,2.1,2.15,13.6,0.1,257.9,10.6,0.0043,0.001145,-103,74,-245,66,,
Gra-1995-HOP-000304,HD,KFB1-421 (KFB1a-421),Hoppe et al. (1995) GCA 59:4029,full,Murchison,WU 3f,5.5,,2.1,2.15,155.6,2.3,269.1,11.9,,,291,532,633,596,,
Gra-1995-HOP-000305,HD,KFB1-422 (KFB1a-422),Hoppe et al. (1995) GCA 59:4029,full,Murchison,WU 3f,,,2.1,2.15,258.2,4.4,222.9,16.6,,,,,,,,
Gra-1995-HOP-000306,HD,KFB1-431 (KFB1a-431),Hoppe et al. (1995) GCA 59:4029,full,Murchison,WU 3f,,,2.1,2.15,568,32.1,285.1,26,,,,,,,,
Gra-1995-HOP-000307,HD,KFB1-432 (KFB1a-432),Hoppe et al. (1995) GCA 59:4029,full,Murchison,WU 3f,3.5,,2.1,2.15,87.8,0.8,271.7,8.1,,,,,,,,
Gra-1995-HOP-000308,HD,KFB1-433 (KFB1a-433),Hoppe et al. (1995) GCA 59:4029,full,Murchison,WU 3f,,,2.1,2.15,1431.6,163.3,271.2,18.8,,,,,,,,
Gra-1995-HOP-000309,HD,KFB1-441 (KFB1a-441),Hoppe et al. (1995) GCA 59:4029,full,Murchison,WU 3f,12,,2.1,2.15,96,3.8,269.4,7.5,,,-5,62,75,63,,
Gra-1995-HOP-000310,HD,KFB1-442 (KFB1a-442),Hoppe et al. (1995) GCA 59:4029,full,Murchison,WU 3f,5,,2.1,2.15,238,2.3,275.4,15.2,,,-192,497,1964,1054,,
Gra-1995-HOP-000311,HD,KFB1-451 (KFB1a-451),Hoppe et al. (1995) GCA 59:4029,full,Murchison,WU 3f,,,2.1,2.15,2632.8,156.6,268.2,23.2,,,,,,,,
Gra-1995-HOP-000312,HD,KFB1-461 (KFB1a-461),Hoppe et al. (1995) GCA 59:4029,full,Murchison,WU 3f,4.5,,2.1,2.15,419.6,6.9,273,29.7,,,527,842,-310,522,,
Gra-1995-HOP-000313,HD,KFB1-462 (KFB1a-462),Hoppe et al. (1995) GCA 59:4029,full,Murchison,WU 3f,5,,2.1,2.15,18.3,0.3,272.8,7.3,0.01,0.00127,-58.75,70.7,-48.9,69.69,,
Gra-1995-HOP-000314,HD,KFB1-463 (KFB1a-463),Hoppe et al. (1995) GCA 59:4029,full,Murchison,WU 3f,4.5,,2.1,2.15,96.7,2.2,263.1,10.9,,,-547,192,-283,239,,
Gra-1995-HOP-000315,HD,KFB1-464 (KFB1a-464),Hoppe et al. (1995) GCA 59:4029,full,Murchison,WU 3f,,,2.1,2.15,1079.6,42.4,246.6,18.8,,,,,,,,
Gra-1995-HOP-000316,HD,KFB1-471 (KFB1a-471),Hoppe et al. (1995) GCA 59:4029,full,Murchison,WU 3f,4.5,,2.1,2.15,93.4,0.7,281.5,9.1,,,,,,,,
Gra-1995-HOP-000317,HD,KFB1-472 (KFB1a-472),Hoppe et al. (1995) GCA 59:4029,full,Murchison,WU 3f,4,,2.1,2.15,667.4,5.5,285.3,9.9,,,-246.73,288,-93.5,310.1,,
Gra-1995-HOP-000318,HD,KFB1-473 (KFB1a-473),Hoppe et al. (1995) GCA 59:4029,full,Murchison,WU 3f,,,2.1,2.15,200.3,7.6,258.7,7.3,,,,,,,,
Gra-1995-HOP-000319,HD,KFB1-511 (KFB1a-511),Hoppe et al. (1995) GCA 59:4029,full,Murchison,WU 3f,6,,2.1,2.15,97.7,6.8,258.6,10.4,,,,,,,,
Gra-1995-HOP-000320,HD,KFB1-512 (KFB1a-512),Hoppe et al. (1995) GCA 59:4029,full,Murchison,WU 3f,6,,2.1,2.15,92,0.5,255.3,10.4,,,,,,,,
Gra-1995-HOP-000321,HD,KFB1-541 (KFB1a-541),Hoppe et al. (1995) GCA 59:4029,full,Murchison,WU 3f,5.5,,2.1,2.15,92.9,0.5,267.7,8,,,,,,,,
Gra-1995-HOP-000322,HD,KFB1-542 (KFB1a-542),Hoppe et al. (1995) GCA 59:4029,full,Murchison,WU 3f,5.5,,2.1,2.15,221.1,2.3,247.4,5.8,0.00973,0.0015,8.91,87.69,29.07,86.75,,
Gra-1995-HOP-000323,HD,KFB1-551 (KFB1a-551),Hoppe et al. (1995) GCA 59:4029,full,Murchison,WU 3f,,,2.1,2.15,1094.7,32.2,276.3,20.6,,,,,,,,
Gra-1995-HOP-000324,HD,KFB1-552 (KFB1a-552),Hoppe et al. (1995) GCA 59:4029,full,Murchison,WU 3f,,,2.1,2.15,338.5,3.7,280.7,14.6,,,,,,,,
Gra-1995-HOP-000325,HD,KFB1-571 (KFB1a-571),Hoppe et al. (1995) GCA 59:4029,full,Murchison,WU 3f,5,,2.1,2.15,210.1,1.2,258.7,18.5,,,,,,,,
Gra-1995-HOP-000326,HD,KFB1-572 (KFB1a-572),Hoppe et al. (1995) GCA 59:4029,full,Murchison,WU 3f,,,2.1,2.15,10.1,0.1,264.8,13.5,,,,,,,,
Gra-1995-HOP-000327,HD,KFB1-573 (KFB1a-573),Hoppe et al. (1995) GCA 59:4029,full,Murchison,WU 3f,6.5,,2.1,2.15,91.9,1.1,256.6,10.3,,,172.47,309.81,-624.38,161.25,,
Gra-1995-HOP-000328,HD,KFB1-574 (KFB1a-574),Hoppe et al. (1995) GCA 59:4029,full,Murchison,WU 3f,,,2.1,2.15,3377.2,21.8,261.6,6.3,,,,,,,,
Gra-1995-HOP-000329,HD,KFB1-575 (KFB1a-575),Hoppe et al. (1995) GCA 59:4029,full,Murchison,WU 3f,6,,2.1,2.15,25,0.2,262.6,6.5,,,,,,,,
Gra-1995-HOP-000330,HD,KFB1-601 (KFB1a-601),Hoppe et al. (1995) GCA 59:4029,full,Murchison,WU 3f,,,2.1,2.15,172.3,4.8,236.3,17.3,,,,,,,,
Gra-1995-HOP-000331,HD,KFB1-602 (KFB1a-602),Hoppe et al. (1995) GCA 59:4029,full,Murchison,WU 3f,,,2.1,2.15,928.8,43.2,252,6.2,,,,,,,,
Gra-1995-HOP-000332,HD,KFB1-603 (KFB1a-603),Hoppe et al. (1995) GCA 59:4029,full,Murchison,WU 3f,,,2.1,2.15,488.1,9,293.1,12.9,,,,,,,,
Gra-1995-HOP-000333,HD,KFB1-604 (KFB1a-604),Hoppe et al. (1995) GCA 59:4029,full,Murchison,WU 3f,,,2.1,2.15,267,10.9,265.2,26,,,,,,,,
Gra-1995-HOP-000334,HD,KFB1-605 (KFB1a-605),Hoppe et al. (1995) GCA 59:4029,full,Murchison,WU 3f,,,2.1,2.15,6.96,0.09,273.7,8.6,,,-106.75,231.53,-322.35,193.03,,
Gra-1995-HOP-000335,HD,KFB1-606 (KFB1a-606),Hoppe et al. (1995) GCA 59:4029,full,Murchison,WU 3f,,,2.1,2.15,137.6,0.8,281,11.8,,,,,,,,
Gra-1995-HOP-000336,HD,KFB1-607 (KFB1a-607),Hoppe et al. (1995) GCA 59:4029,full,Murchison,WU 3f,,,2.1,2.15,94.3,2.4,240.5,14.1,,,-39,94,206,104,,
Gra-1995-HOP-000337,HD,KFB1-608 (KFB1a-608),Hoppe et al. (1995) GCA 59:4029,full,Murchison,WU 3f,,,2.1,2.15,131.2,1,265.8,9.9,,,,,,,,
Gra-1995-HOP-000338,HD,KFB1-621 (KFB1a-621),Hoppe et al. (1995) GCA 59:4029,full,Murchison,WU 3f,,,2.1,2.15,2696.7,60.5,282.9,11.4,,,,,,,,
Gra-1995-HOP-000339,HD,KFB1-622 (KFB1a-622),Hoppe et al. (1995) GCA 59:4029,full,Murchison,WU 3f,,,2.1,2.15,92.2,1.6,267.2,12.3,,,,,,,,
Gra-1995-HOP-000340,HD,KFB1-623 (KFB1a-623),Hoppe et al. (1995) GCA 59:4029,full,Murchison,WU 3f,,,2.1,2.15,849.3,20.7,253.4,16,,,,,,,,
Gra-1995-HOP-000341,HD,KFB1-624 (KFB1a-624),Hoppe et al. (1995) GCA 59:4029,full,Murchison,WU 3f,4.5,,2.1,2.15,131.6,1.4,248.7,6.2,,,,,,,,
Gra-1995-HOP-000342,HD,KFB1-625 (KFB1a-625),Hoppe et al. (1995) GCA 59:4029,full,Murchison,WU 3f,5.5,,2.1,2.15,92.2,0.5,250.6,9,,,,,,,,
Gra-1995-HOP-000343,HD,KFB1-626 (KFB1a-626),Hoppe et al. (1995) GCA 59:4029,full,Murchison,WU 3f,,,2.1,2.15,673.9,19.6,253.7,19.4,,,,,,,,
Gra-1995-HOP-000344,HD,KFB1-631 (KFB1a-631),Hoppe et al. (1995) GCA 59:4029,full,Murchison,WU 3f,,,2.1,2.15,91.7,0.7,268.8,8.5,,,,,,,,
Gra-1995-HOP-000345,HD,KFB1-631a (KFB1a-631a),Hoppe et al. (1995) GCA 59:4029,full,Murchison,WU 3f,,,2.1,2.15,91.9,0.8,280.3,7.7,,,,,,,,
Gra-1995-HOP-000346,HD,KFB1-632 (KFB1a-632),Hoppe et al. (1995) GCA 59:4029,full,Murchison,WU 3f,,,2.1,2.15,617.6,11.7,280.1,9.4,,,,,,,,
Gra-1995-HOP-000347,HD,KFB1-632a (KFB1a-632a),Hoppe et al. (1995) GCA 59:4029,full,Murchison,WU 3f,,,2.1,2.15,549.5,13.7,263.6,25.2,,,,,,,,
Gra-1995-HOP-000348,HD,KFB1-633 (KFB1a-633),Hoppe et al. (1995) GCA 59:4029,full,Murchison,WU 3f,5,,2.1,2.15,508.3,4.7,266.3,8.5,,,,,,,,
Gra-1995-HOP-000349,HD,KFB1-634 (KFB1a-634),Hoppe et al. (1995) GCA 59:4029,full,Murchison,WU 3f,4,,2.1,2.15,12.5,0.1,258.1,6,,,-91,87,66,90,,
Gra-1995-HOP-000350,HD,KFB1-651 (KFB1a-651),Hoppe et al. (1995) GCA 59:4029,full,Murchison,WU 3f,5,,2.1,2.15,180.8,2.4,266.7,12.3,,,,,,,,
Gra-1995-HOP-000351,HD,KFB1-652 (KFB1a-652),Hoppe et al. (1995) GCA 59:4029,full,Murchison,WU 3f,5,,2.1,2.15,474.9,4.6,244.8,6.3,,,,,,,,
Gra-1995-HOP-000352,HD,KFB1-653 (KFB1a-653),Hoppe et al. (1995) GCA 59:4029,full,Murchison,WU 3f,7,,2.1,2.15,193.7,2,261.4,10.5,,,,,,,,
Gra-1995-HOP-000353,HD,KFB1-654 (KFB1a-654),Hoppe et al. (1995) GCA 59:4029,full,Murchison,WU 3f,6,,2.1,2.15,5.508,0.049,260,6.8,,,19.29,62.02,-4.34,60.2,,
Gra-1995-HOP-000354,HD,KFB1-661 (KFB1a-661),Hoppe et al. (1995) GCA 59:4029,full,Murchison,WU 3f,4.5,,2.1,2.15,89.5,0.5,263.1,7.5,,,218,225,-384,144,,
Gra-1995-HOP-000355,HD,KFB1-662 (KFB1a-662),Hoppe et al. (1995) GCA 59:4029,full,Murchison,WU 3f,6,,2.1,2.15,8.1,0.07,264.6,8.9,,,-30.74,59.04,93.93,62.41,,
Gra-1995-HOP-000356,HD,KFB1-663 (KFB1a-663),Hoppe et al. (1995) GCA 59:4029,full,Murchison,WU 3f,,,2.1,2.15,150.1,4.4,274.7,7.9,,,,,,,,
Gra-1995-HOP-000357,HD,KFB1-711 (KFB1a-711),Hoppe et al. (1995) GCA 59:4029,full,Murchison,WU 3f,,,2.1,2.15,365.6,34.2,257.1,11.9,,,,,,,,
Gra-1995-HOP-000358,HD,KFB1-712 (KFB1a-712),Hoppe et al. (1995) GCA 59:4029,full,Murchison,WU 3f,,,2.1,2.15,345.8,10.2,267.7,7.8,,,-70,173,-339,135,,
Gra-1995-HOP-000359,HD,KFB1-713 (KFB1a-713),Hoppe et al. (1995) GCA 59:4029,full,Murchison,WU 3f,,,2.1,2.15,86.4,1.3,281.7,10.6,,,,,,,,
Gra-1995-HOP-000360,HD,KFB1-722 (KFB1a-722),Hoppe et al. (1995) GCA 59:4029,full,Murchison,WU 3f,,,2.1,2.15,903.6,16.8,242,6.8,,,,,,,,
Gra-1995-HOP-000361,HD,KFB1-723 (KFB1a-723),Hoppe et al. (1995) GCA 59:4029,full,Murchison,WU 3f,,,2.1,2.15,101.9,9.4,268.7,7.3,,,,,,,,
Gra-1995-HOP-000362,HD,KFB1-725 (KFB1a-725),Hoppe et al. (1995) GCA 59:4029,full,Murchison,WU 3f,,,2.1,2.15,832.4,151.7,272.3,6.7,,,,,,,,
Gra-1995-HOP-000363,HD,KFB1-731 (KFB1a-731),Hoppe et al. (1995) GCA 59:4029,full,Murchison,WU 3f,,,2.1,2.15,94.4,1.6,267.9,6.2,,,-239,198,315,198,,
Gra-1995-HOP-000364,HD,KFB1-732 (KFB1a-732),Hoppe et al. (1995) GCA 59:4029,full,Murchison,WU 3f,,,2.1,2.15,1131.9,45.1,248.9,7.2,,,,,,,,
Gra-1995-HOP-000365,HD,KFB1-733 (KFB1a-733),Hoppe et al. (1995) GCA 59:4029,full,Murchison,WU 3f,,,2.1,2.15,211.9,5.1,254.9,12,,,,,,,,
Gra-1995-HOP-000366,HD,KFB1-734 (KFB1a-734),Hoppe et al. (1995) GCA 59:4029,full,Murchison,WU 3f,,,2.1,2.15,447.2,7.4,260.9,10.6,,,,,,,,
Gra-1995-HOP-000367,HD,KFB1-735 (KFB1a-735),Hoppe et al. (1995) GCA 59:4029,full,Murchison,WU 3f,,,2.1,2.15,517.5,43.4,270.4,7,,,,,,,,
Gra-1995-HOP-000368,HD,KFB1-751 (KFB1a-751),Hoppe et al. (1995) GCA 59:4029,full,Murchison,WU 3f,,,2.1,2.15,322.7,11.6,276.9,23.5,,,,,,,,
Gra-1995-HOP-000369,HD,KFB1-752 (KFB1a-752),Hoppe et al. (1995) GCA 59:4029,full,Murchison,WU 3f,,,2.1,2.15,469,8.5,283,9.1,,,,,,,,
Gra-1995-HOP-000370,HD,KFB1-753 (KFB1a-753),Hoppe et al. (1995) GCA 59:4029,full,Murchison,WU 3f,,,2.1,2.15,620.4,24.6,261.6,8.4,,,,,,,,
Gra-1995-HOP-000371,HD,KFB1-754 (KFB1a-754),Hoppe et al. (1995) GCA 59:4029,full,Murchison,WU 3f,,,2.1,2.15,1674.9,96.8,271.2,17.3,,,,,,,,
Gra-1995-HOP-000372,HD,KFB1-755 (KFB1a-755),Hoppe et al. (1995) GCA 59:4029,full,Murchison,WU 3f,,,2.1,2.15,16.2,0.1,281,28.6,,,,,,,,
Gra-1995-HOP-000373,HD,KFB1d-152,Hoppe et al. (1995) GCA 59:4029,full,Murchison,WU 3f,2.28,,2.1,2.15,25.7,0.6,268.4,11.8,,,,,,,,
Gra-1995-HOP-000374,HD,KFB1d-153,Hoppe et al. (1995) GCA 59:4029,full,Murchison,WU 3f,1.76,,2.1,2.15,28.9,0.5,265.3,18.3,,,,,,,,
Gra-1995-HOP-000375,HD,KFB1d-156,Hoppe et al. (1995) GCA 59:4029,full,Murchison,WU 3f,2.93,,2.1,2.15,772.8,26.4,291.8,12.9,,,,,,,,
Gra-1995-HOP-000376,HD,KFB1d-157,Hoppe et al. (1995) GCA 59:4029,full,Murchison,WU 3f,1.38,,2.1,2.15,532.8,59.5,273.9,15.1,,,,,,,,
Gra-1995-HOP-000377,HD,KFB1d-1512,Hoppe et al. (1995) GCA 59:4029,full,Murchison,WU 3f,2.4,,2.1,2.15,73.5,1.2,156.5,5.5,,,,,,,,
Gra-1995-HOP-000378,HD,KFB1d-1514,Hoppe et al. (1995) GCA 59:4029,full,Murchison,WU 3f,1.33,,2.1,2.15,86.6,5.5,267.2,13.2,,,,,,,,
Gra-1995-HOP-000379,HD,KFB1d-1518,Hoppe et al. (1995) GCA 59:4029,full,Murchison,WU 3f,1.33,,2.1,2.15,101,5.6,264.1,9.5,,,,,,,,
Gra-1995-HOP-000380,HD,KFB1d-1521,Hoppe et al. (1995) GCA 59:4029,full,Murchison,WU 3f,3.15,,2.1,2.15,402.9,10.4,276.7,11.6,,,,,,,,
Gra-1995-HOP-000381,HD,KFB1d-1524,Hoppe et al. (1995) GCA 59:4029,full,Murchison,WU 3f,1.43,,2.1,2.15,90.8,3.7,245.5,16.6,,,,,,,,
Gra-1995-HOP-000382,HD,KFB1d-1525,Hoppe et al. (1995) GCA 59:4029,full,Murchison,WU 3f,3.7,,2.1,2.15,2315.1,316.8,250.9,10.7,,,,,,,,
Gra-1995-HOP-000383,HD,KFB1d-1526,Hoppe et al. (1995) GCA 59:4029,full,Murchison,WU 3f,1.35,,2.1,2.15,89.6,2.4,253.8,14.4,,,,,,,,
Gra-1995-HOP-000384,HD,KFB1d-162,Hoppe et al. (1995) GCA 59:4029,full,Murchison,WU 3f,2.05,,2.1,2.15,5.8,0.2,285.7,9,,,,,,,,
Gra-1995-HOP-000385,HD,KFB1d-164,Hoppe et al. (1995) GCA 59:4029,full,Murchison,WU 3f,1.29,,2.1,2.15,130.3,12.5,289.6,10.3,,,,,,,,
Gra-1995-HOP-000386,HD,KFB1d-167a (KFB1d-167),Hoppe et al. (1995) GCA 59:4029,full,Murchison,WU 3f,1.38,,2.1,2.15,94.8,5,291.6,16.8,,,,,,,,
Gra-1995-HOP-000387,HD,KFB1d-168,Hoppe et al. (1995) GCA 59:4029,full,Murchison,WU 3f,1.27,,2.1,2.15,77.5,18,274.6,11.7,,,,,,,,
Gra-1995-HOP-000388,HD,KFB1d-169,Hoppe et al. (1995) GCA 59:4029,full,Murchison,WU 3f,1.4,,2.1,2.15,87.8,4.1,280.1,16.9,,,,,,,,
Gra-1995-HOP-000389,HD,KFB1d-1610,Hoppe et al. (1995) GCA 59:4029,full,Murchison,WU 3f,1.4,,2.1,2.15,401.7,23.7,289.7,12.9,,,,,,,,
Gra-1995-HOP-000390,HD,KFB1d-1613,Hoppe et al. (1995) GCA 59:4029,full,Murchison,WU 3f,2.48,,2.1,2.15,962.5,61.6,274.4,15.2,,,,,,,,
Gra-1995-HOP-000391,HD,KFB1d-1614,Hoppe et al. (1995) GCA 59:4029,full,Murchison,WU 3f,0.972,,2.1,2.15,208.5,22.7,260.3,23.7,,,,,,,,
Gra-1995-HOP-000392,HD,KFB1d-1620,Hoppe et al. (1995) GCA 59:4029,full,Murchison,WU 3f,1.23,,2.1,2.15,91.1,7.8,261.2,15.6,,,,,,,,
Gra-1995-HOP-000393,HD,KFB1d-1622,Hoppe et al. (1995) GCA 59:4029,full,Murchison,WU 3f,1.34,,2.1,2.15,864.3,106.5,314.6,41,,,,,,,,
Gra-1995-HOP-000394,HD,KFB1d-1623,Hoppe et al. (1995) GCA 59:4029,full,Murchison,WU 3f,2.23,,2.1,2.15,497.2,15.1,266.9,8.8,,,,,,,,
Gra-1995-HOP-000395,HD,KFB1d-1624,Hoppe et al. (1995) GCA 59:4029,full,Murchison,WU 3f,1.33,,2.1,2.15,525.1,54.3,259.3,10.4,,,,,,,,
Gra-1995-HOP-000396,HD,KFB1d-2514,Hoppe et al. (1995) GCA 59:4029,full,Murchison,WU 3f,1.78,,2.1,2.15,629.6,35.7,306.5,30.9,,,,,,,,
Gra-1995-HOP-000397,HD,KFB1d-2519,Hoppe et al. (1995) GCA 59:4029,full,Murchison,WU 3f,3.75,,2.1,2.15,90.5,0.9,261.7,6.6,,,,,,,,
Gra-1995-HOP-000398,HD,KFB1d-253a,Hoppe et al. (1995) GCA 59:4029,full,Murchison,WU 3f,2.17,,2.1,2.15,1343.9,108.4,278.5,32.8,,,,,,,,
Gra-1995-HOP-000399,HD,KFB1d-254,Hoppe et al. (1995) GCA 59:4029,full,Murchison,WU 3f,1.32,,2.1,2.15,20.2,1.4,276.9,15.2,,,,,,,,
Gra-1995-HOP-000400,HD,KFB1d-255,Hoppe et al. (1995) GCA 59:4029,full,Murchison,WU 3f,1.47,,2.1,2.15,89.5,3.4,252,18.4,,,,,,,,
Gra-1995-HOP-000401,HD,KFB1d-256,Hoppe et al. (1995) GCA 59:4029,full,Murchison,WU 3f,1.18,,2.1,2.15,2599.8,427.6,247,17.7,,,,,,,,
Gra-1995-HOP-000402,HD,KFB1d-257,Hoppe et al. (1995) GCA 59:4029,full,Murchison,WU 3f,0.87,,2.1,2.15,15.8,0.2,261.5,13.7,,,,,,,,
Gra-1995-HOP-000403,HD,KFB1d-258,Hoppe et al. (1995) GCA 59:4029,full,Murchison,WU 3f,1.86,,2.1,2.15,305.1,11.6,263.1,11.8,,,,,,,,
Gra-1995-HOP-000404,HD,KFB1d-259,Hoppe et al. (1995) GCA 59:4029,full,Murchison,WU 3f,1.2,,2.1,2.15,77.6,2.8,293.6,13.7,,,,,,,,
Gra-1995-HOP-000405,HD,KFB1d-261,Hoppe et al. (1995) GCA 59:4029,full,Murchison,WU 3f,,,2.1,2.15,236.6,17.6,268.8,20.8,,,,,,,,
Gra-1995-HOP-000406,HD,KFB1d-262,Hoppe et al. (1995) GCA 59:4029,full,Murchison,WU 3f,1.37,,2.1,2.15,92.3,3.7,264.7,11.1,,,,,,,,
Gra-1995-HOP-000407,HD,KFB1d-266,Hoppe et al. (1995) GCA 59:4029,full,Murchison,WU 3f,1.44,,2.1,2.15,87.9,3.8,247.5,10.6,,,,,,,,
Gra-1995-HOP-000408,HD,KFB1d-2611,Hoppe et al. (1995) GCA 59:4029,full,Murchison,WU 3f,3.07,,2.1,2.15,630.4,23.4,267.2,10.6,,,,,,,,
Gra-1995-HOP-000409,HD,KFB1d-2615,Hoppe et al. (1995) GCA 59:4029,full,Murchison,WU 3f,1.65,,2.1,2.15,94.1,2.3,247.6,21.9,,,,,,,,
Gra-1995-HOP-000410,HD,KFB1d-2617,Hoppe et al. (1995) GCA 59:4029,full,Murchison,WU 3f,1.47,,2.1,2.15,415.5,27.5,262.6,11.3,,,,,,,,
Gra-1995-HOP-000411,HD,KFB1d-2618,Hoppe et al. (1995) GCA 59:4029,full,Murchison,WU 3f,2.33,,2.1,2.15,664.2,24.3,283.4,15.9,,,,,,,,
Gra-1995-HOP-000412,HD,KFB1d-2619,Hoppe et al. (1995) GCA 59:4029,full,Murchison,WU 3f,1.72,,2.1,2.15,584.4,38.6,272.3,10.6,,,,,,,,
Gra-1995-HOP-000413,HD,KFB1d-2624,Hoppe et al. (1995) GCA 59:4029,full,Murchison,WU 3f,1.39,,2.1,2.15,87.6,6.3,279.1,25.9,,,,,,,,
Gra-1995-HOP-000414,HD,KFB1d-2626,Hoppe et al. (1995) GCA 59:4029,full,Murchison,WU 3f,1.97,,2.1,2.15,62.5,0.9,269.3,15.1,,,,,,,,
Gra-1995-HOP-000415,HD,KFB1d-2629a (KFB1d-2629),Hoppe et al. (1995) GCA 59:4029,full,Murchison,WU 3f,1.85,,2.1,2.15,11.9,0.2,262.4,10,,,,,,,,
Gra-1995-HOP-000416,HD,KFB1d-351,Hoppe et al. (1995) GCA 59:4029,full,Murchison,WU 3f,1.86,,2.1,2.15,168.5,3.5,266.7,11.9,,,,,,,,
Gra-1995-HOP-000417,HD,KFB1d-354,Hoppe et al. (1995) GCA 59:4029,full,Murchison,WU 3f,1.68,,2.1,2.15,87.5,1.7,286.2,10.4,,,,,,,,
Gra-1995-HOP-000418,HD,KFB1d-359,Hoppe et al. (1995) GCA 59:4029,full,Murchison,WU 3f,2.15,,2.1,2.15,1044.3,65.3,291.2,34.5,,,,,,,,
Gra-1995-HOP-000419,HD,KFB1d-3511,Hoppe et al. (1995) GCA 59:4029,full,Murchison,WU 3f,2.16,,2.1,2.15,57,0.7,272.3,8.8,,,,,,,,
Gra-1995-HOP-000420,HD,KFB1d-3513,Hoppe et al. (1995) GCA 59:4029,full,Murchison,WU 3f,2.8,,2.1,2.15,90.1,1.1,264.2,9.4,,,,,,,,
Gra-1995-HOP-000421,HD,KFB1d-3515,Hoppe et al. (1995) GCA 59:4029,full,Murchison,WU 3f,1.76,,2.1,2.15,98.4,2.4,258.6,8.2,,,,,,,,
Gra-1995-HOP-000422,HD,KFB1d-3516,Hoppe et al. (1995) GCA 59:4029,full,Murchison,WU 3f,3.42,,2.1,2.15,57.4,0.6,263.5,10.7,,,,,,,,
Gra-1995-HOP-000423,HD,KFB1d-3517,Hoppe et al. (1995) GCA 59:4029,full,Murchison,WU 3f,,,2.1,2.15,32.7,0.4,271.1,5.4,,,,,,,,
Gra-1995-HOP-000424,HD,KFB1d-364,Hoppe et al. (1995) GCA 59:4029,full,Murchison,WU 3f,2.7,,2.1,2.15,95.6,2,272.4,9.5,,,,,,,,
Gra-1995-HOP-000425,HD,KFB1d-366,Hoppe et al. (1995) GCA 59:4029,full,Murchison,WU 3f,2.04,,2.1,2.15,324.9,20,272.5,14.9,,,,,,,,
Gra-1995-HOP-000426,HD,KFB1d-367,Hoppe et al. (1995) GCA 59:4029,full,Murchison,WU 3f,2.21,,2.1,2.15,467.9,20.6,250.2,19.9,,,,,,,,
Gra-1995-HOP-000427,HD,KFB1d-3611,Hoppe et al. (1995) GCA 59:4029,full,Murchison,WU 3f,2.41,,2.1,2.15,599.8,27.6,242.6,24.1,,,,,,,,
Gra-1995-HOP-000428,HD,KFB1d-3614,Hoppe et al. (1995) GCA 59:4029,full,Murchison,WU 3f,5.45,,2.1,2.15,797.1,15.7,276.9,11.8,,,,,,,,
Gra-1995-HOP-000429,HD,KFB1d-3617,Hoppe et al. (1995) GCA 59:4029,full,Murchison,WU 3f,2.54,,2.1,2.15,975.6,34.4,265.7,9.1,,,,,,,,
Gra-1995-HOP-000430,HD,KFB1d-3618,Hoppe et al. (1995) GCA 59:4029,full,Murchison,WU 3f,1.77,,2.1,2.15,670.3,49.9,300.2,18.5,,,,,,,,
Gra-1995-HOP-000431,HD,KFB1d-3620,Hoppe et al. (1995) GCA 59:4029,full,Murchison,WU 3f,1.67,,2.1,2.15,1689.3,263.9,247.1,26.9,,,,,,,,
Gra-1995-HOP-000432,HD,KFB1d-3623,Hoppe et al. (1995) GCA 59:4029,full,Murchison,WU 3f,2.47,,2.1,2.15,115.6,1.6,262.5,10.6,,,,,,,,
Gra-1995-HOP-000433,HD,KFB1d-3626,Hoppe et al. (1995) GCA 59:4029,full,Murchison,WU 3f,1.67,,2.1,2.15,89.4,2.1,270.5,9.6,,,,,,,,
Gra-1995-HOP-000434,HD,KFB1d-3628,Hoppe et al. (1995) GCA 59:4029,full,Murchison,WU 3f,1.24,,2.1,2.15,96.2,3.5,285.6,16,,,,,,,,
Gra-1995-HOP-000435,HD,KFB1d-3629,Hoppe et al. (1995) GCA 59:4029,full,Murchison,WU 3f,2.42,,2.1,2.15,445.3,18.9,261.6,9.8,,,,,,,,
Gra-1995-HOP-000436,HD,KFB1d-3630,Hoppe et al. (1995) GCA 59:4029,full,Murchison,WU 3f,1.15,,2.1,2.15,12.5,0.2,235.2,17.1,,,,,,,,
Gra-1995-HOP-000437,HD,KFB1d-441,Hoppe et al. (1995) GCA 59:4029,full,Murchison,WU 3f,1.81,,2.1,2.15,258.6,9.9,256,12.2,,,,,,,,
Gra-1995-HOP-000438,HD,KFB1d-448,Hoppe et al. (1995) GCA 59:4029,full,Murchison,WU 3f,1.31,,2.1,2.15,38.1,1.1,265.2,16.4,,,,,,,,
Gra-1995-HOP-000439,HD,KFB1d-4410,Hoppe et al. (1995) GCA 59:4029,full,Murchison,WU 3f,3.19,,2.1,2.15,667.3,33.5,266.7,15.3,,,,,,,,
Gra-1995-HOP-000440,HD,KFB1d-4414,Hoppe et al. (1995) GCA 59:4029,full,Murchison,WU 3f,1.27,,2.1,2.15,1534.3,215.6,267,16.6,,,,,,,,
Gra-1995-HOP-000441,HD,KFB1d-4415,Hoppe et al. (1995) GCA 59:4029,full,Murchison,WU 3f,3.04,,2.1,2.15,77.2,0.9,302.2,18.3,,,,,,,,
Gra-1995-HOP-000442,HD,KFB1d-4417,Hoppe et al. (1995) GCA 59:4029,full,Murchison,WU 3f,1.42,,2.1,2.15,82,2,265.8,10,,,,,,,,
Gra-1995-HOP-000443,HD,KFB1d-4422,Hoppe et al. (1995) GCA 59:4029,full,Murchison,WU 3f,2,,2.1,2.15,9.8,0.1,285.3,11.7,,,,,,,,
Gra-1995-HOP-000444,HD,KFB1d-4423,Hoppe et al. (1995) GCA 59:4029,full,Murchison,WU 3f,1.51,,2.1,2.15,130.2,5.7,242.5,22.5,,,,,,,,
Gra-1995-HOP-000445,HD,KFC1-221 (KFC1a-221),Hoppe et al. (1995) GCA 59:4029,full,Murchison,WU 3f,1.53,,2.15,2.2,988.904,63.736,,,,,,,,,,
Gra-1995-HOP-000446,HD,KFC1-222 (KFC1a-222),Hoppe et al. (1995) GCA 59:4029,full,Murchison,WU 3f,2.33,,2.15,2.2,387.123,16.756,,,,,,,,,,
Gra-1995-HOP-000447,HD,KFC1-223 (KFC1a-223),Hoppe et al. (1995) GCA 59:4029,full,Murchison,WU 3f,2.26,,2.15,2.2,1160.41,61.13,,,,,,,,,,
Gra-1995-HOP-000448,HD,KFC1-224 (KFC1a-224),Hoppe et al. (1995) GCA 59:4029,full,Murchison,WU 3f,1.52,,2.15,2.2,516.582,44.2,,,,,,,,,,
Gra-1995-HOP-000449,HD,KFC1-225 (KFC1a-225),Hoppe et al. (1995) GCA 59:4029,full,Murchison,WU 3f,1.8,,2.15,2.2,242.372,5.987,,,,,,,,,,
Gra-1995-HOP-000450,HD,KFC1-227 (KFC1a-227),Hoppe et al. (1995) GCA 59:4029,full,Murchison,WU 3f,1.64,,2.15,2.2,184.791,3.952,,,,,,,,,,
Gra-1995-HOP-000451,HD,KFC1-228 (KFC1a-228),Hoppe et al. (1995) GCA 59:4029,full,Murchison,WU 3f,1.42,,2.15,2.2,181.283,4.236,,,,,,,,,,
Gra-1995-HOP-000452,HD,KFC1-351 (KFC1a-351),Hoppe et al. (1995) GCA 59:4029,full,Murchison,WU 3f,2.83,,2.15,2.2,201.161,2.16,,,,,,,,,,
Gra-1995-HOP-000453,HD,KFC1-352 (KFC1a-352),Hoppe et al. (1995) GCA 59:4029,full,Murchison,WU 3f,3.32,,2.15,2.2,1654.12125965965,72.2525085539068,,,,,,,,,,
Gra-1995-HOP-000454,HD,KFC1-353 (KFC1a-353),Hoppe et al. (1995) GCA 59:4029,full,Murchison,WU 3f,5.28,,2.15,2.2,839.786,31.461,,,,,,,,,,
Gra-1995-HOP-000455,HD,KFC1-354 (KFC1a-354),Hoppe et al. (1995) GCA 59:4029,full,Murchison,WU 3f,,,2.15,2.2,631.146,46.955,,,,,,,,,,
Gra-1995-HOP-000456,HD,KFC1-355 (KFC1a-355),Hoppe et al. (1995) GCA 59:4029,full,Murchison,WU 3f,2.41,,2.15,2.2,298.3,7.899,,,,,,,,,,
Gra-1995-HOP-000457,HD,KFC1-356 (KFC1a-356),Hoppe et al. (1995) GCA 59:4029,full,Murchison,WU 3f,2.49,,2.15,2.2,299.616,3.793,,,,,,,,,,
Gra-1995-HOP-000458,HD,KFC1-357 (KFC1a-357b),Hoppe et al. (1995) GCA 59:4029,full,Murchison,WU 3f,5.16,,2.15,2.2,79.4,0.6,262,17,,,285.21,52.43,588.84,58.61,,
Gra-1995-HOP-000459,HD,KFC1-358 (KFC1a-358),Hoppe et al. (1995) GCA 59:4029,full,Murchison,WU 3f,2.62,,2.15,2.2,782.895,38.156,,,,,,,,,,
Gra-1995-HOP-000460,HD,KFC1-359 (KFC1a-359),Hoppe et al. (1995) GCA 59:4029,full,Murchison,WU 3f,2.1,,2.15,2.2,4.122,0.031,,,,,,,,,,
Gra-1995-HOP-000461,HD,KFC1-3510 (KFC1a-3510),Hoppe et al. (1995) GCA 59:4029,full,Murchison,WU 3f,2.03,,2.15,2.2,833.097,27.375,,,,,,,,,,
Gra-1995-HOP-000462,HD,KFC1-371 (KFC1a-371),Hoppe et al. (1995) GCA 59:4029,full,Murchison,WU 3f,3.33,,2.15,2.2,1295.17863149016,27.1438979674842,,,,,,,,,,
Gra-1995-HOP-000463,HD,KFC1-372 (KFC1a-372),Hoppe et al. (1995) GCA 59:4029,full,Murchison,WU 3f,3.06,,2.15,2.2,1524.61407863096,44.6648976265024,,,,,,,,,,
Gra-1995-HOP-000464,HD,KFC1-373 (KFC1a-373),Hoppe et al. (1995) GCA 59:4029,full,Murchison,WU 3f,2.06,,2.15,2.2,156.808,3.774,,,,,,,,,,
Gra-1995-HOP-000465,HD,KFC1-374 (KFC1a-374),Hoppe et al. (1995) GCA 59:4029,full,Murchison,WU 3f,1.48,,2.15,2.2,78.725,1.448,,,,,,,,,,
Gra-1995-HOP-000466,HD,KFC1-375 (KFC1a-375),Hoppe et al. (1995) GCA 59:4029,full,Murchison,WU 3f,1.92,,2.15,2.2,7282.46512026918,738.97354739229,,,,,,,,,,
Gra-1995-HOP-000467,HD,KFC1-376 (KFC1a-376),Hoppe et al. (1995) GCA 59:4029,full,Murchison,WU 3f,1.88,,2.15,2.2,10.366,0.102,,,,,,,,,,
Gra-1995-HOP-000468,HD,KFC1-441 (KFC1a-441),Hoppe et al. (1995) GCA 59:4029,full,Murchison,WU 3f,3.52,,2.15,2.2,369.306,6.805,,,,,,,,,,
Gra-1995-HOP-000469,HD,KFC1-442 (KFC1a-442),Hoppe et al. (1995) GCA 59:4029,full,Murchison,WU 3f,3.85,,2.15,2.2,3740.71978855357,77.047191945828,,,,,,,,,,
Gra-1995-HOP-000470,HD,KFC1-443 (KFC1a-443),Hoppe et al. (1995) GCA 59:4029,full,Murchison,WU 3f,1.82,,2.15,2.2,4063.55,187.407,,,,,,,,,,
Gra-1995-HOP-000471,HD,KFC1-444 (KFC1a-444),Hoppe et al. (1995) GCA 59:4029,full,Murchison,WU 3f,1.85,,2.15,2.2,15.873,0.144,,,,,,,,,,
Gra-1995-HOP-000472,HD,KFC1-445 (KFC1a-445),Hoppe et al. (1995) GCA 59:4029,full,Murchison,WU 3f,4.11,,2.15,2.2,24.614,0.27,,,,,,,,,,
Gra-1995-HOP-000473,HD,KFC1-451 (KFC1a-451),Hoppe et al. (1995) GCA 59:4029,full,Murchison,WU 3f,3.39,,2.15,2.2,603.620184288743,13.2245350013744,,,,,,,,,,
Gra-1995-HOP-000474,HD,KFC1-452 (KFC1a-452),Hoppe et al. (1995) GCA 59:4029,full,Murchison,WU 3f,3.28,,2.15,2.2,79.126,0.643,,,,,,,,,,
Gra-1995-HOP-000475,HD,KFC1-453 (KFC1a-453),Hoppe et al. (1995) GCA 59:4029,full,Murchison,WU 3f,4.93,,2.15,2.2,446.498,6.295,420,66,,,149.78,76.87,355.99,82.93,,
Gra-1995-HOP-000476,HD,KFC1-454 (KFC1a-454),Hoppe et al. (1995) GCA 59:4029,full,Murchison,WU 3f,8.94,,2.15,2.2,162.557,1.339,,,,,,,,,,
Gra-1995-HOP-000477,HD,KFC1-461 (KFC1a-461),Hoppe et al. (1995) GCA 59:4029,full,Murchison,WU 3f,1.91,,2.15,2.2,861.154671663338,31.4162290707449,,,,,,,,,,
Gra-1995-HOP-000478,HD,KFC1-462 (KFC1a-462),Hoppe et al. (1995) GCA 59:4029,full,Murchison,WU 3f,3.88,,2.15,2.2,890.808045742636,13.9996860041635,,,,,,,,,,
Gra-1995-HOP-000479,HD,KFC1-463 (KFC1a-463),Hoppe et al. (1995) GCA 59:4029,full,Murchison,WU 3f,2.19,,2.15,2.2,87.376,1.573,,,,,,,,,,
Gra-1995-HOP-000480,HD,KFC1-464 (KFC1a-464),Hoppe et al. (1995) GCA 59:4029,full,Murchison,WU 3f,3.28,,2.15,2.2,475.053,13.77,,,,,,,,,,
Gra-1995-HOP-000481,HD,KFC1-465 (KFC1a-465),Hoppe et al. (1995) GCA 59:4029,full,Murchison,WU 3f,1.8,,2.15,2.2,147.016,2.708,,,,,,,,,,
Gra-1995-HOP-000482,HD,KFC1-541 (KFC1a-541),Hoppe et al. (1995) GCA 59:4029,full,Murchison,WU 3f,11.3,,2.15,2.2,1140.04257967831,19.42424584899,269,23,,,-50.78,40.95,-32.52,40.17,,
Gra-1995-HOP-000483,HD,KFC1-542 (KFC1a-542),Hoppe et al. (1995) GCA 59:4029,full,Murchison,WU 3f,4.97,,2.15,2.2,464.999,6.60881,272,22,,,-21.1,66.5,50.6,67.32,,
Gra-1995-HOP-000484,HD,KFC1-543 (KFC1a-543),Hoppe et al. (1995) GCA 59:4029,full,Murchison,WU 3f,2.61,,2.15,2.2,393.978,6.017,,,,,,,,,,
Gra-1995-HOP-000485,HD,KFC1-544 (KFC1a-544),Hoppe et al. (1995) GCA 59:4029,full,Murchison,WU 3f,5.21,,2.15,2.2,16.321,0.157,,,,,,,,,,
Gra-1995-HOP-000486,HD,KFC1-545 (KFC1a-545),Hoppe et al. (1995) GCA 59:4029,full,Murchison,WU 3f,2.87,,2.15,2.2,157.135,4.678,,,,,,,,,,
Gra-1995-HOP-000487,HD,KFC1-546 (KFC1a-546),Hoppe et al. (1995) GCA 59:4029,full,Murchison,WU 3f,4.24,,2.15,2.2,88.913,0.728,,,,,,,,,,
Gra-1995-HOP-000488,HD,KFC1-547 (KFC1a-547),Hoppe et al. (1995) GCA 59:4029,full,Murchison,WU 3f,1.27,,2.15,2.2,529.681,27.018,,,,,,,,,,
Gra-1995-HOP-000489,HD,KFC1-551 (KFC1a-551),Hoppe et al. (1995) GCA 59:4029,full,Murchison,WU 3f,4.16,,2.15,2.2,8.46,0.04,273,8,,,84.38,54.06,760.86,72.1,,
Gra-1995-HOP-000490,HD,KFC1-552 (KFC1a-552),Hoppe et al. (1995) GCA 59:4029,full,Murchison,WU 3f,3.21,,2.15,2.2,4392.4838978129,125.747317903824,,,,,,,,,,
Gra-1995-HOP-000491,HD,KFC1b-011,Hoppe et al. (1995) GCA 59:4029,full,Murchison,WU 3f,2.6,,2.15,2.2,681.4,37,251,70,,,,,,,,
Gra-1995-HOP-000492,HD,KFC1b-012,Hoppe et al. (1995) GCA 59:4029,full,Murchison,WU 3f,1.21,,2.15,2.2,1583.5,282.9,280,82,,,,,,,,
Gra-1995-HOP-000493,HD,KFC1b-013,Hoppe et al. (1995) GCA 59:4029,full,Murchison,WU 3f,3.08,,2.15,2.2,959.9,53,356,89,,,,,,,,
Gra-1995-HOP-000494,HD,KFC1b-014,Hoppe et al. (1995) GCA 59:4029,full,Murchison,WU 3f,1.41,,2.15,2.2,76.3,2.8,213,38,,,,,,,,
Gra-1995-HOP-000495,HD,KFC1b-015,Hoppe et al. (1995) GCA 59:4029,full,Murchison,WU 3f,1.17,,2.15,2.2,505.5,130.5,110,47,,,,,,,,
Gra-1995-HOP-000496,HD,KFC1b-016,Hoppe et al. (1995) GCA 59:4029,full,Murchison,WU 3f,1.25,,2.15,2.2,341.6,49.8,201,24,,,,,,,,
Gra-1995-HOP-000497,HD,KFC1b-017,Hoppe et al. (1995) GCA 59:4029,full,Murchison,WU 3f,1.11,,2.15,2.2,292.2,25.2,175,27,,,,,,,,
Gra-1995-HOP-000498,HD,KFC1b-018,Hoppe et al. (1995) GCA 59:4029,full,Murchison,WU 3f,1.64,,2.15,2.2,758.6,60.1,165,93,,,,,,,,
Gra-1995-HOP-000499,HD,KFC1b-019,Hoppe et al. (1995) GCA 59:4029,full,Murchison,WU 3f,1.14,,2.15,2.2,688.8,72.4,244,58,,,,,,,,
Gra-1995-HOP-000500,HD,KFC1b-0110,Hoppe et al. (1995) GCA 59:4029,full,Murchison,WU 3f,1.29,,2.15,2.2,9.06,0.2,291,133,,,,,,,,
Gra-1995-HOP-000501,HD,KFC1b-021,Hoppe et al. (1995) GCA 59:4029,full,Murchison,WU 3f,1.86,,2.15,2.2,741.8,57.8,239,25,,,,,,,,
Gra-1995-HOP-000502,HD,KFC1b-022,Hoppe et al. (1995) GCA 59:4029,full,Murchison,WU 3f,1.26,,2.15,2.2,2493.5,676.3,238,47,,,,,,,,
Gra-1995-HOP-000503,HD,KFC1b-023,Hoppe et al. (1995) GCA 59:4029,full,Murchison,WU 3f,1.39,,2.15,2.2,16.049,0.338,339,71,,,,,,,,
Gra-1995-HOP-000504,HD,KFC1b-024,Hoppe et al. (1995) GCA 59:4029,full,Murchison,WU 3f,1.19,,2.15,2.2,294.2,27.7,220,26,,,,,,,,
Gra-1995-HOP-000505,HD,KFC1b-025,Hoppe et al. (1995) GCA 59:4029,full,Murchison,WU 3f,2.7,,2.15,2.2,73.8,2.5,364,80,,,,,,,,
Gra-1995-HOP-000506,HD,KFC1b-026,Hoppe et al. (1995) GCA 59:4029,full,Murchison,WU 3f,3.83,,2.15,2.2,850,48.3,231,16,,,,,,,,
Gra-1995-HOP-000507,HD,KFC1b-027,Hoppe et al. (1995) GCA 59:4029,full,Murchison,WU 3f,3.33,,2.15,2.2,190.7,4.1,296,27,,,,,,,,
Gra-1995-HOP-000508,HD,KFC1b-028,Hoppe et al. (1995) GCA 59:4029,full,Murchison,WU 3f,2.68,,2.15,2.2,338.9,15.3,227,14,,,,,,,,
Gra-1995-HOP-000509,HD,KFC1b-029,Hoppe et al. (1995) GCA 59:4029,full,Murchison,WU 3f,1.35,,2.15,2.2,222.7,14.1,221,26,,,,,,,,
Gra-1995-HOP-000510,HD,KFC1b-0210,Hoppe et al. (1995) GCA 59:4029,full,Murchison,WU 3f,1.76,,2.15,2.2,114.1,4,251,29,,,,,,,,
Gra-1995-HOP-000511,HD,KFC1b-0211,Hoppe et al. (1995) GCA 59:4029,full,Murchison,WU 3f,1.52,,2.15,2.2,5.536,0.072,554,260,,,,,,,,
Gra-1995-HOP-000512,HD,KFC1b-0212,Hoppe et al. (1995) GCA 59:4029,full,Murchison,WU 3f,2.45,,2.15,2.2,2569.8,497.2,293,32,,,,,,,,
Gra-1995-HOP-000513,HD,KFC1b-031,Hoppe et al. (1995) GCA 59:4029,full,Murchison,WU 3f,4,,2.15,2.2,825.1,63.6,188,9,,,,,,,,
Gra-1995-HOP-000514,HD,KFC1b-032,Hoppe et al. (1995) GCA 59:4029,full,Murchison,WU 3f,1.38,,2.15,2.2,1425,215.2,391,105,,,,,,,,
Gra-1995-HOP-000515,HD,KFC1b-033,Hoppe et al. (1995) GCA 59:4029,full,Murchison,WU 3f,3.47,,2.15,2.2,8.849,0.092,194,20,,,,,,,,
Gra-1995-HOP-000516,HD,KFC1b-034,Hoppe et al. (1995) GCA 59:4029,full,Murchison,WU 3f,1.2,,2.15,2.2,1296.9,296.7,204,49,,,,,,,,
Gra-1995-HOP-000517,HD,KFC1b-036,Hoppe et al. (1995) GCA 59:4029,full,Murchison,WU 3f,2.45,,2.15,2.2,254.3,8.4,349,57,,,,,,,,
Gra-1995-HOP-000518,HD,KFC1b-037,Hoppe et al. (1995) GCA 59:4029,full,Murchison,WU 3f,2.22,,2.15,2.2,392.1,19.5,273,22,,,,,,,,
Gra-1995-HOP-000519,HD,KFC1b-038,Hoppe et al. (1995) GCA 59:4029,full,Murchison,WU 3f,1.71,,2.15,2.2,88.7,6.2,172,32,,,,,,,,
Gra-1995-HOP-000520,HD,KFC1b-039,Hoppe et al. (1995) GCA 59:4029,full,Murchison,WU 3f,2.56,,2.15,2.2,787.5,98.4,240,18,,,,,,,,
Gra-1995-HOP-000521,HD,KFC1b-0310,Hoppe et al. (1995) GCA 59:4029,full,Murchison,WU 3f,1.12,,2.15,2.2,9.044,0.23,342,131,,,,,,,,
Gra-1995-HOP-000522,HD,KFC1b-0311,Hoppe et al. (1995) GCA 59:4029,full,Murchison,WU 3f,1.33,,2.15,2.2,234.3,35.5,191,46,,,,,,,,
Gra-1995-HOP-000523,HD,KFC1b-0312,Hoppe et al. (1995) GCA 59:4029,full,Murchison,WU 3f,0.98,,2.15,2.2,362.3,45.9,386,254,,,,,,,,
Gra-1995-HOP-000524,HD,KFC1b-0313,Hoppe et al. (1995) GCA 59:4029,full,Murchison,WU 3f,2.91,,2.15,2.2,462.2,26.7,267,40,,,,,,,,
Gra-1995-HOP-000525,HD,KFC1b-0314,Hoppe et al. (1995) GCA 59:4029,full,Murchison,WU 3f,2,,2.15,2.2,314.2,32.1,244,23,,,,,,,,
Gra-1995-HOP-000526,HD,KFC1b-041,Hoppe et al. (1995) GCA 59:4029,full,Murchison,WU 3f,1.44,,2.15,2.2,139.1,14.7,281,45,,,,,,,,
Gra-1995-HOP-000527,HD,KFC1b-042,Hoppe et al. (1995) GCA 59:4029,full,Murchison,WU 3f,1.15,,2.15,2.2,90.2,5.3,207,22,,,,,,,,
Gra-1995-HOP-000528,HD,KFC1b-043,Hoppe et al. (1995) GCA 59:4029,full,Murchison,WU 3f,1.84,,2.15,2.2,11.5,0.4,236,42,,,,,,,,
Gra-1995-HOP-000529,HD,KFC1b-044,Hoppe et al. (1995) GCA 59:4029,full,Murchison,WU 3f,1.74,,2.15,2.2,9.572,0.271,244,25,,,,,,,,
Gra-1995-HOP-000530,HD,KFC1b-045,Hoppe et al. (1995) GCA 59:4029,full,Murchison,WU 3f,2.7,,2.15,2.2,477.8,40.2,193,45,,,,,,,,
Gra-1995-HOP-000531,HD,KFC1b-046,Hoppe et al. (1995) GCA 59:4029,full,Murchison,WU 3f,1.29,,2.15,2.2,255.3,23.8,219,36,,,,,,,,
Gra-1995-HOP-000532,HD,KFC1b-047,Hoppe et al. (1995) GCA 59:4029,full,Murchison,WU 3f,1.32,,2.15,2.2,88.7,3.9,154,38,,,,,,,,
Gra-1995-HOP-000533,HD,KFC1b-0410,Hoppe et al. (1995) GCA 59:4029,full,Murchison,WU 3f,1.25,,2.15,2.2,240.3,12.9,426,288,,,,,,,,
Gra-1995-HOP-000534,HD,KFC1b-0411,Hoppe et al. (1995) GCA 59:4029,full,Murchison,WU 3f,0.76,,2.15,2.2,509.2,92.3,660,572,,,,,,,,
Gra-1995-HOP-000535,HD,KFC1b-0412,Hoppe et al. (1995) GCA 59:4029,full,Murchison,WU 3f,1.2,,2.15,2.2,158.4,10.1,231,24,,,,,,,,
Gra-1995-HOP-000536,HD,KFC1b-051,Hoppe et al. (1995) GCA 59:4029,full,Murchison,WU 3f,1.55,,2.15,2.2,650.3,104.5,61,34,,,,,,,,
Gra-1995-HOP-000537,HD,KFC1b-052,Hoppe et al. (1995) GCA 59:4029,full,Murchison,WU 3f,1.76,,2.15,2.2,279.5,12.4,244,30,,,,,,,,
Gra-1995-HOP-000538,HD,KFC1b-053,Hoppe et al. (1995) GCA 59:4029,full,Murchison,WU 3f,2.58,,2.15,2.2,1884.6,175.2,217,31,,,,,,,,
Gra-1995-HOP-000539,HD,KFC1b-054,Hoppe et al. (1995) GCA 59:4029,full,Murchison,WU 3f,1.43,,2.15,2.2,208.1,9.3,287,39,,,,,,,,
Gra-1995-HOP-000540,HD,KFC1b-055,Hoppe et al. (1995) GCA 59:4029,full,Murchison,WU 3f,1.25,,2.15,2.2,374.8,37.1,211,36,,,,,,,,
Gra-1995-HOP-000541,HD,KFC1b-056,Hoppe et al. (1995) GCA 59:4029,full,Murchison,WU 3f,1.53,,2.15,2.2,1060.1,159.6,261,51,,,,,,,,
Gra-1995-HOP-000542,HD,KFC1b-057b,Hoppe et al. (1995) GCA 59:4029,full,Murchison,WU 3f,2.63,,2.15,2.2,176.3,7,317,139,,,,,,,,
Gra-1995-HOP-000543,HD,KFC1b-059,Hoppe et al. (1995) GCA 59:4029,full,Murchison,WU 3f,1.21,,2.15,2.2,297.6,20.8,195,44,,,,,,,,
Gra-1995-HOP-000544,HD,KFC1b-0510,Hoppe et al. (1995) GCA 59:4029,full,Murchison,WU 3f,1.77,,2.15,2.2,53.4,3.5,277,54,,,,,,,,
Gra-1995-HOP-000545,HD,KFC1b-0511,Hoppe et al. (1995) GCA 59:4029,full,Murchison,WU 3f,1.89,,2.15,2.2,100.3,4.4,345,149,,,,,,,,
Gra-1995-HOP-000546,HD,KFC1b-061,Hoppe et al. (1995) GCA 59:4029,full,Murchison,WU 3f,0.86,,2.15,2.2,3.841,0.072,390,97,,,,,,,,
Gra-1995-HOP-000547,HD,KFC1b-062,Hoppe et al. (1995) GCA 59:4029,full,Murchison,WU 3f,1.55,,2.15,2.2,966.6,74.4,191,51,,,,,,,,
Gra-1995-HOP-000548,HD,KFC1b-065,Hoppe et al. (1995) GCA 59:4029,full,Murchison,WU 3f,1.56,,2.15,2.2,27.9,0.5,250,48,,,,,,,,
Gra-1995-HOP-000549,HD,KFC1b-066 (KFC1b-066b),Hoppe et al. (1995) GCA 59:4029,full,Murchison,WU 3f,1.03,,2.15,2.2,1928.3,439.6,120,63,,,,,,,,
Gra-1995-HOP-000550,HD,KFC1b-067,Hoppe et al. (1995) GCA 59:4029,full,Murchison,WU 3f,1.45,,2.15,2.2,473.6,40.3,166,45,,,,,,,,
Gra-1995-HOP-000551,HD,KFC1b-068,Hoppe et al. (1995) GCA 59:4029,full,Murchison,WU 3f,1.86,,2.15,2.2,167.6,8.8,177,21,,,,,,,,
Gra-1995-HOP-000552,HD,KFC1b-069,Hoppe et al. (1995) GCA 59:4029,full,Murchison,WU 3f,1.47,,2.15,2.2,31.2,0.7,239,48,,,,,,,,
Gra-1995-HOP-000553,HD,KFC1b-0610,Hoppe et al. (1995) GCA 59:4029,full,Murchison,WU 3f,2.03,,2.15,2.2,131.1,4.6,183,18,,,,,,,,
Gra-1995-HOP-000554,HD,KFC1b-0611,Hoppe et al. (1995) GCA 59:4029,full,Murchison,WU 3f,1.4,,2.15,2.2,291.3,17.1,250,28,,,,,,,,
Gra-1995-HOP-000555,HD,KFC1b-0612,Hoppe et al. (1995) GCA 59:4029,full,Murchison,WU 3f,2.23,,2.15,2.2,977.3,105.6,267,94,,,,,,,,
Gra-1995-HOP-000556,HD,KFC1b-0613,Hoppe et al. (1995) GCA 59:4029,full,Murchison,WU 3f,2.15,,2.15,2.2,261.6,9.8,288,58,,,,,,,,
Gra-1995-HOP-000557,HD,KFC1b-0614b,Hoppe et al. (1995) GCA 59:4029,full,Murchison,WU 3f,3.3,,2.15,2.2,3.927,0.034,303,79,,,,,,,,
Gra-1995-HOP-000558,HD,KFC1b-071,Hoppe et al. (1995) GCA 59:4029,full,Murchison,WU 3f,2.77,,2.15,2.2,166.4,8.2,218,15,,,,,,,,
Gra-1995-HOP-000559,HD,KFC1b-0m11 (KFC1b2-0m11),Hoppe et al. (1995) GCA 59:4029,full,Murchison,WU 3f,4.21,,2.15,2.2,399.8,21.8,290,20,,,,,,,,
Gra-1995-HOP-000560,HD,KFC1b-0m13,Hoppe et al. (1995) GCA 59:4029,full,Murchison,WU 3f,1.18,,2.15,2.2,259.8,27,315,259,,,,,,,,
Gra-1995-HOP-000561,HD,KFC1b-0m14,Hoppe et al. (1995) GCA 59:4029,full,Murchison,WU 3f,1.9,,2.15,2.2,90.1,4.2,245,24,,,,,,,,
Gra-1995-HOP-000562,HD,KFC1b-0m15,Hoppe et al. (1995) GCA 59:4029,full,Murchison,WU 3f,1.51,,2.15,2.2,68.5,1.8,261,23,,,,,,,,
Gra-1995-HOP-000563,HD,KFC1b-0m17,Hoppe et al. (1995) GCA 59:4029,full,Murchison,WU 3f,1.63,,2.15,2.2,3691.1,849.7,220,36,,,,,,,,
Gra-1995-HOP-000564,HD,KFC1b-0m18,Hoppe et al. (1995) GCA 59:4029,full,Murchison,WU 3f,1.35,,2.15,2.2,587.3,77.1,263,61,,,,,,,,
Gra-1995-HOP-000565,HD,KFC1b-0m19,Hoppe et al. (1995) GCA 59:4029,full,Murchison,WU 3f,1.55,,2.15,2.2,656.4,48.2,269,27,,,,,,,,
Gra-1995-HOP-000566,HD,KFC1b-0m110,Hoppe et al. (1995) GCA 59:4029,full,Murchison,WU 3f,1.78,,2.15,2.2,11.1,0.2,265,40,,,,,,,,
Gra-1995-HOP-000567,HD,KFC1b-0m111,Hoppe et al. (1995) GCA 59:4029,full,Murchison,WU 3f,1.97,,2.15,2.2,19.1,0.7,237,16,,,,,,,,
Gra-1995-HOP-000568,HD,KFC1b-101,Hoppe et al. (1995) GCA 59:4029,full,Murchison,WU 3f,1.67,,2.15,2.2,46.5,0.9,515,196,,,,,,,,
Gra-1995-HOP-000569,HD,KFC1b-102,Hoppe et al. (1995) GCA 59:4029,full,Murchison,WU 3f,1.23,,2.15,2.2,365.1,42.7,93,17,,,,,,,,
Gra-1995-HOP-000570,HD,KFC1b-106,Hoppe et al. (1995) GCA 59:4029,full,Murchison,WU 3f,1.59,,2.15,2.2,11.8,0.2,254,36,,,,,,,,
Gra-1995-HOP-000571,HD,KFC1b-1010,Hoppe et al. (1995) GCA 59:4029,full,Murchison,WU 3f,1.72,,2.15,2.2,71.1,1.7,196,28,,,,,,,,
Gra-1995-HOP-000572,HD,KFC1b-1011,Hoppe et al. (1995) GCA 59:4029,full,Murchison,WU 3f,2.38,,2.15,2.2,10.1,0.2,228,50,,,,,,,,
Gra-1995-HOP-000573,HD,KFC1b-1012,Hoppe et al. (1995) GCA 59:4029,full,Murchison,WU 3f,0.92,,2.15,2.2,1699.9,483.5,176,37,,,,,,,,
Gra-1995-HOP-000574,HD,KFC1b-111,Hoppe et al. (1995) GCA 59:4029,full,Murchison,WU 3f,1.29,,2.15,2.2,174.8,7.4,159,31,,,,,,,,
Gra-1995-HOP-000575,HD,KFC1b-112,Hoppe et al. (1995) GCA 59:4029,full,Murchison,WU 3f,1.35,,2.15,2.2,16.1,0.3,363,63,,,,,,,,
Gra-1995-HOP-000576,HD,KFC1b-113,Hoppe et al. (1995) GCA 59:4029,full,Murchison,WU 3f,1.43,,2.15,2.2,906.7,133.1,178,47,,,,,,,,
Gra-1995-HOP-000577,HD,KFC1b-114,Hoppe et al. (1995) GCA 59:4029,full,Murchison,WU 3f,1.41,,2.15,2.2,1036,143.3,464,121,,,,,,,,
Gra-1995-HOP-000578,HD,KFC1b-115,Hoppe et al. (1995) GCA 59:4029,full,Murchison,WU 3f,1.47,,2.15,2.2,4.779,0.109,246,94,,,,,,,,
Gra-1995-HOP-000579,HD,KFC1b-116,Hoppe et al. (1995) GCA 59:4029,full,Murchison,WU 3f,1.65,,2.15,2.2,1856.7,226.2,234,31,,,,,,,,
Gra-1995-HOP-000580,HD,KFC1b-131,Hoppe et al. (1995) GCA 59:4029,full,Murchison,WU 3f,1.08,,2.15,2.2,368.8,35.6,,,,,,,,,,
Gra-1995-HOP-000581,HD,KFC1b-132,Hoppe et al. (1995) GCA 59:4029,full,Murchison,WU 3f,1.32,,2.15,2.2,104.6,9.1,223,40,,,,,,,,
Gra-1995-HOP-000582,HD,KFC1b-133,Hoppe et al. (1995) GCA 59:4029,full,Murchison,WU 3f,1.38,,2.15,2.2,369.1,38.4,263,59,,,,,,,,
Gra-1995-HOP-000583,HD,KFC1b-134,Hoppe et al. (1995) GCA 59:4029,full,Murchison,WU 3f,3.53,,2.15,2.2,396.9,18.4,290,20,,,,,,,,
Gra-1995-HOP-000584,HD,KFC1b-141 (KFC1b2-141),Hoppe et al. (1995) GCA 59:4029,full,Murchison,WU 3f,4.51,,2.15,2.2,1586.6,110.3,267,64,,,,,,,,
Gra-1995-HOP-000585,HD,KFC1b-142,Hoppe et al. (1995) GCA 59:4029,full,Murchison,WU 3f,1.05,,2.15,2.2,15.01,0.45,163,61,,,,,,,,
Gra-1995-HOP-000586,HD,KFC1b-144,Hoppe et al. (1995) GCA 59:4029,full,Murchison,WU 3f,1.11,,2.15,2.2,321.3,59.3,94,70,,,,,,,,
Gra-1995-HOP-000587,HD,KFC1b-145,Hoppe et al. (1995) GCA 59:4029,full,Murchison,WU 3f,1.34,,2.15,2.2,14.1,0.8,192,52,,,,,,,,
Gra-1995-HOP-000588,HD,KFC1b-146,Hoppe et al. (1995) GCA 59:4029,full,Murchison,WU 3f,1.54,,2.15,2.2,10.3,0.4,66,45,,,,,,,,
Gra-1995-HOP-000589,HD,KFC1b-147,Hoppe et al. (1995) GCA 59:4029,full,Murchison,WU 3f,1.39,,2.15,2.2,442.2,122.2,208,98,,,,,,,,
Gra-1995-HOP-000590,HD,KFC1b-148,Hoppe et al. (1995) GCA 59:4029,full,Murchison,WU 3f,1.39,,2.15,2.2,261.3,27.6,230,36,,,,,,,,
Gra-1995-HOP-000591,HD,KFC1b-149,Hoppe et al. (1995) GCA 59:4029,full,Murchison,WU 3f,2.1,,2.15,2.2,8.41,0.23,443,327,,,,,,,,
Gra-1995-HOP-000592,HD,KFC1b-151,Hoppe et al. (1995) GCA 59:4029,full,Murchison,WU 3f,3.24,,2.15,2.2,989.8,123,236,17,,,,,,,,
Gra-1995-HOP-000593,HD,KFC1b-153,Hoppe et al. (1995) GCA 59:4029,full,Murchison,WU 3f,1.19,,2.15,2.2,68.9,4.8,180,61,,,,,,,,
Gra-1995-HOP-000594,HD,KFC1b-154,Hoppe et al. (1995) GCA 59:4029,full,Murchison,WU 3f,1.67,,2.15,2.2,33.08,1.01,156,57,,,,,,,,
Gra-1995-HOP-000595,HD,KFC1b-161,Hoppe et al. (1995) GCA 59:4029,full,Murchison,WU 3f,3.21,,2.15,2.2,86.2,1.5,248,25,,,,,,,,
Gra-1995-HOP-000596,HD,KFC1b-162,Hoppe et al. (1995) GCA 59:4029,full,Murchison,WU 3f,1.76,,2.15,2.2,435,25.5,321,216,,,,,,,,
Gra-1995-HOP-000597,HD,KFC1b-163b,Hoppe et al. (1995) GCA 59:4029,full,Murchison,WU 3f,1.16,,2.15,2.2,8.47,0.14,152,49,,,,,,,,
Gra-1995-HOP-000598,HD,KFC1b-167,Hoppe et al. (1995) GCA 59:4029,full,Murchison,WU 3f,1.13,,2.15,2.2,424.4,50.6,186,42,,,,,,,,
Gra-1995-HOP-000599,HD,KFC1b-171,Hoppe et al. (1995) GCA 59:4029,full,Murchison,WU 3f,1.54,,2.15,2.2,189.7,19.5,289,18,,,,,,,,
Gra-1995-HOP-000600,HD,KFC1b-173,Hoppe et al. (1995) GCA 59:4029,full,Murchison,WU 3f,2.13,,2.15,2.2,242.6,14.6,268,94,,,,,,,,
Gra-1995-HOP-000601,HD,KFC1b-174,Hoppe et al. (1995) GCA 59:4029,full,Murchison,WU 3f,1.77,,2.15,2.2,125.3,11.1,273,99,,,,,,,,
Gra-1995-HOP-000602,HD,KFC1b-175,Hoppe et al. (1995) GCA 59:4029,full,Murchison,WU 3f,2.73,,2.15,2.2,474.1,23.4,255,22,,,,,,,,
Gra-1995-HOP-000603,HD,KFC1b-176,Hoppe et al. (1995) GCA 59:4029,full,Murchison,WU 3f,1.52,,2.15,2.2,214.3,10.1,209,20,,,,,,,,
Gra-1995-HOP-000604,HD,KFC1b-177,Hoppe et al. (1995) GCA 59:4029,full,Murchison,WU 3f,1.21,,2.15,2.2,7.11,0.11,258,59,,,,,,,,
Gra-1995-HOP-000605,HD,KFC1b-178,Hoppe et al. (1995) GCA 59:4029,full,Murchison,WU 3f,2.19,,2.15,2.2,287.4,11.2,281,43,,,,,,,,
Gra-1995-HOP-000606,HD,KFC1b-1710,Hoppe et al. (1995) GCA 59:4029,full,Murchison,WU 3f,2.25,,2.15,2.2,103.2,2.2,272,27,,,,,,,,
Gra-1995-HOP-000607,HD,KFC1b-1711,Hoppe et al. (1995) GCA 59:4029,full,Murchison,WU 3f,1.42,,2.15,2.2,589.7,61.2,254,100,,,,,,,,
Gra-1995-HOP-000608,HD,KFC1b-1712,Hoppe et al. (1995) GCA 59:4029,full,Murchison,WU 3f,1.21,,2.15,2.2,172.8,13.3,231,50,,,,,,,,
Gra-1995-HOP-000609,HD,KFC1b-1713,Hoppe et al. (1995) GCA 59:4029,full,Murchison,WU 3f,1.65,,2.15,2.2,102.08,3.97,202,31,,,,,,,,
Gra-1995-HOP-000610,HD,KFC1b-1714,Hoppe et al. (1995) GCA 59:4029,full,Murchison,WU 3f,1.54,,2.15,2.2,89.7,2.7,230,22,,,,,,,,
Gra-1995-HOP-000611,HD,KFC1b-1715,Hoppe et al. (1995) GCA 59:4029,full,Murchison,WU 3f,1,,2.15,2.2,109.2,6.1,236,42,,,,,,,,
Gra-1995-HOP-000612,HD,KFC1b-1716,Hoppe et al. (1995) GCA 59:4029,full,Murchison,WU 3f,2.47,,2.15,2.2,183.5,5.4,255,36,,,,,,,,
Gra-1995-HOP-000613,HD,KFC1b-1717,Hoppe et al. (1995) GCA 59:4029,full,Murchison,WU 3f,1.29,,2.15,2.2,353.1,27.7,243,34,,,,,,,,
Gra-1995-HOP-000614,HD,KFC1b-1718,Hoppe et al. (1995) GCA 59:4029,full,Murchison,WU 3f,1.42,,2.15,2.2,164.9,8.5,196,58,,,,,,,,
Gra-1995-HOP-000615,HD,KFC1b-1719,Hoppe et al. (1995) GCA 59:4029,full,Murchison,WU 3f,1.44,,2.15,2.2,374.4,41.9,214,30,,,,,,,,
Gra-1995-HOP-000616,HD,KFC1b-1723,Hoppe et al. (1995) GCA 59:4029,full,Murchison,WU 3f,2.26,,2.15,2.2,197.3,8.2,239,20,,,,,,,,
Gra-1995-HOP-000617,HD,KFC1b-1724,Hoppe et al. (1995) GCA 59:4029,full,Murchison,WU 3f,1.21,,2.15,2.2,110.1,5.6,274,51,,,,,,,,
Gra-1995-HOP-000618,HD,KFC1b-201,Hoppe et al. (1995) GCA 59:4029,full,Murchison,WU 3f,1.3,,2.15,2.2,1752.5,310.6,208,124,,,,,,,,
Gra-1995-HOP-000619,HD,KFC1b-202,Hoppe et al. (1995) GCA 59:4029,full,Murchison,WU 3f,1.16,,2.15,2.2,2.089,0.063,273,53,,,,,,,,
Gra-1995-HOP-000620,HD,KFC1b-203,Hoppe et al. (1995) GCA 59:4029,full,Murchison,WU 3f,1.15,,2.15,2.2,18.05,0.46,306,119,,,,,,,,
Gra-1995-HOP-000621,HD,KFC1b-204,Hoppe et al. (1995) GCA 59:4029,full,Murchison,WU 3f,0.8,,2.15,2.2,95.2,6.4,201,69,,,,,,,,
Gra-1995-HOP-000622,HD,KFC1b-205,Hoppe et al. (1995) GCA 59:4029,full,Murchison,WU 3f,1.18,,2.15,2.2,259.9,23.8,,,,,,,,,,
Gra-1995-HOP-000623,HD,KFC1b-209,Hoppe et al. (1995) GCA 59:4029,full,Murchison,WU 3f,1.11,,2.15,2.2,873.4,125.8,319,240,,,,,,,,
Gra-1995-HOP-000624,HD,KFC1b-2010,Hoppe et al. (1995) GCA 59:4029,full,Murchison,WU 3f,2.8,,2.15,2.2,357.8,10.1,272,41,,,,,,,,
Gra-1995-HOP-000625,HD,KFC1b-2011,Hoppe et al. (1995) GCA 59:4029,full,Murchison,WU 3f,1.44,,2.15,2.2,390.7,48.9,169,61,,,,,,,,
Gra-1995-HOP-000626,HD,KFC1b-2012,Hoppe et al. (1995) GCA 59:4029,full,Murchison,WU 3f,1.91,,2.15,2.2,1006.4,86.9,263,54,,,,,,,,
Gra-1995-HOP-000627,HD,KFC1b-211c (KFC1b-211),Hoppe et al. (1995) GCA 59:4029,full,Murchison,WU 3f,1.53,,2.15,2.2,5.8,0.1,,,,,,,,,,
Gra-1995-HOP-000628,HD,KFC1b-212,Hoppe et al. (1995) GCA 59:4029,full,Murchison,WU 3f,2.26,,2.15,2.2,8.01,0.11,28,21,,,,,,,,
Gra-1995-HOP-000629,HD,KFC1b-215,Hoppe et al. (1995) GCA 59:4029,full,Murchison,WU 3f,2.2,,2.15,2.2,1548.8,283.8,186,65,,,,,,,,
Gra-1995-HOP-000630,HD,KFC1b-216,Hoppe et al. (1995) GCA 59:4029,full,Murchison,WU 3f,0.93,,2.15,2.2,608.4,171.1,136,46,,,,,,,,
Gra-1995-HOP-000631,HD,KFC1b-218,Hoppe et al. (1995) GCA 59:4029,full,Murchison,WU 3f,1.52,,2.15,2.2,1020.4,123.4,207,35,,,,,,,,
Gra-1995-HOP-000632,HD,KFC1b-219,Hoppe et al. (1995) GCA 59:4029,full,Murchison,WU 3f,1.83,,2.15,2.2,584.7,50.9,177,39,,,,,,,,
Gra-1995-HOP-000633,HD,KFC1b-2111,Hoppe et al. (1995) GCA 59:4029,full,Murchison,WU 3f,1.15,,2.15,2.2,339,76.3,59,38,,,,,,,,
Gra-1995-HOP-000634,HD,KFC1b-2112,Hoppe et al. (1995) GCA 59:4029,full,Murchison,WU 3f,1.07,,2.15,2.2,80.9,10.2,265,81,,,,,,,,
Gra-1995-HOP-000635,HD,KFC1b-2113b (KFC1b2-2113),Hoppe et al. (1995) GCA 59:4029,full,Murchison,WU 3f,4.21,,2.15,2.2,12.3,0.2,248,25,,,-68.94,43.49,-67.29,42.85,,
Gra-1995-HOP-000636,HD,KFC1b-2115,Hoppe et al. (1995) GCA 59:4029,full,Murchison,WU 3f,1.84,,2.15,2.2,580.5,82.1,462,196,,,,,,,,
Gra-1995-HOP-000637,HD,KFC1b-2117,Hoppe et al. (1995) GCA 59:4029,full,Murchison,WU 3f,1.86,,2.15,2.2,172.7,10.2,233,23,,,,,,,,
Gra-1995-HOP-000638,HD,KFC1b-2m12,Hoppe et al. (1995) GCA 59:4029,full,Murchison,WU 3f,2.6,,2.15,2.2,86.8,2.2,245,16,,,,,,,,
Gra-1995-HOP-000639,HD,KFC1b-2m13,Hoppe et al. (1995) GCA 59:4029,full,Murchison,WU 3f,1.1,,2.15,2.2,17,0.5,231,68,,,,,,,,
Gra-1995-HOP-000640,HD,KFC1b-2m14,Hoppe et al. (1995) GCA 59:4029,full,Murchison,WU 3f,1.23,,2.15,2.2,80.4,4.6,224,38,,,,,,,,
Gra-1995-HOP-000641,HD,KFC1b-2m15 (KFC1b2-2m15),Hoppe et al. (1995) GCA 59:4029,full,Murchison,WU 3f,4.1,,2.15,2.2,272.395848698161,6.65356251181919,275.137391231998,25.9762769151926,,,155.25,102.6,102.19,98.12,,
Gra-1995-HOP-000642,HD,KFC1b-2m16,Hoppe et al. (1995) GCA 59:4029,full,Murchison,WU 3f,1.3,,2.15,2.2,78.517,6.046,289,91,,,,,,,,
Gra-1995-HOP-000643,HD,KFC1b-2m17,Hoppe et al. (1995) GCA 59:4029,full,Murchison,WU 3f,2.12,,2.15,2.2,45.9,0.9,251,125,,,,,,,,
Gra-1995-HOP-000644,HD,KFC1b-2m18,Hoppe et al. (1995) GCA 59:4029,full,Murchison,WU 3f,1.76,,2.15,2.2,54.5,1.3,465,347,,,,,,,,
Gra-1995-HOP-000645,HD,KFC1b-2m19,Hoppe et al. (1995) GCA 59:4029,full,Murchison,WU 3f,1.79,,2.15,2.2,605.2,65.4,216,36,,,,,,,,
Gra-1995-HOP-000646,HD,KFC1b-TW213,Hoppe et al. (1995) GCA 59:4029,full,Murchison,WU 3f,1.89,,2.15,2.2,5.39,0.1,169,22,,,,,,,,
Gra-1995-ZIN-000001,,LFC-1,Zinner et al. (1995) MAPS 30:209,full,Murchison,WU 3f,3.26,,1.75,2.2,24.7,0.3,213,10,,,,,,,,
Gra-1995-ZIN-000002,,LFC-2,Zinner et al. (1995) MAPS 30:209,full,Murchison,WU 3f,3,,1.75,2.2,1597,39,250,16,,,,,,,,
Gra-1995-ZIN-000003,,LFC-3,Zinner et al. (1995) MAPS 30:209,full,Murchison,WU 3f,5.08,,1.75,2.2,297,8,228,5,,,,,,,,
Gra-1995-ZIN-000004,,LFC-4,Zinner et al. (1995) MAPS 30:209,full,Murchison,WU 3f,4.16,,1.75,2.2,18.1,0.3,253,5,,,,,,,,
Gra-1995-ZIN-000005,,LFC-5,Zinner et al. (1995) MAPS 30:209,full,Murchison,WU 3f,5.85,,1.75,2.2,7,0.1,241,7,,,,,,,,
Gra-1995-ZIN-000006,,LFC-7,Zinner et al. (1995) MAPS 30:209,full,Murchison,WU 3f,2.58,,1.75,2.2,1660,176,262,21,,,,,,,,
Gra-1995-ZIN-000007,,LFC-7c,Zinner et al. (1995) MAPS 30:209,full,Murchison,WU 3f,2,,1.75,2.2,89.6,1.4,247,18,,,,,,,,
Gra-1995-ZIN-000008,,LFC-9a,Zinner et al. (1995) MAPS 30:209,full,Murchison,WU 3f,3.03,,1.75,2.2,92.5,1,285,12,,,,,,,,
Gra-1995-ZIN-000009,,LFC-15,Zinner et al. (1995) MAPS 30:209,full,Murchison,WU 3f,2.1,,1.75,2.2,73.4,0.7,214,11,,,,,,,,
Gra-1995-ZIN-000010,,LFC-16,Zinner et al. (1995) MAPS 30:209,full,Murchison,WU 3f,2.24,,1.75,2.2,196,5,264,8,,,,,,,,
Gra-1995-ZIN-000011,,LFC-18,Zinner et al. (1995) MAPS 30:209,full,Murchison,WU 3f,4.16,,1.75,2.2,52.4,0.6,197,3,,,,,,,,
Gra-1995-ZIN-000012,,LFC-19,Zinner et al. (1995) MAPS 30:209,full,Murchison,WU 3f,3.61,,1.75,2.2,497,7,238,8,,,,,,,,
Gra-1995-ZIN-000013,,LFC-21,Zinner et al. (1995) MAPS 30:209,full,Murchison,WU 3f,3.56,,1.75,2.2,2109,241,278,18,,,,,,,,
Gra-1995-ZIN-000014,,LFC-26,Zinner et al. (1995) MAPS 30:209,full,Murchison,WU 3f,4.69,,1.75,2.2,21.4,0.3,164,4,,,,,,,,
Gra-1995-ZIN-000015,,LFC-29,Zinner et al. (1995) MAPS 30:209,full,Murchison,WU 3f,1.62,,1.75,2.2,452,5,283,48,,,,,,,,
Gra-1995-ZIN-000016,,LFC-30,Zinner et al. (1995) MAPS 30:209,full,Murchison,WU 3f,3.64,,1.75,2.2,51.4,0.3,285,5,,,,,,,,
Gra-1995-ZIN-000017,,LFC-35,Zinner et al. (1995) MAPS 30:209,full,Murchison,WU 3f,4.29,,1.75,2.2,167,3,249,4,,,,,,,,
Gra-1995-ZIN-000018,,LFC-37,Zinner et al. (1995) MAPS 30:209,full,Murchison,WU 3f,2.98,,1.75,2.2,25.4,0.3,244,7,,,,,,,,
Gra-1995-ZIN-000019,,LFC-39,Zinner et al. (1995) MAPS 30:209,full,Murchison,WU 3f,3.69,,1.75,2.2,521,8,258,7,,,,,,,,
Gra-1995-ZIN-000020,,LFC-45,Zinner et al. (1995) MAPS 30:209,full,Murchison,WU 3f,4.04,,1.75,2.2,64.2,0.4,250,5,,,,,,,,
Gra-1995-ZIN-000021,,LFC-47,Zinner et al. (1995) MAPS 30:209,full,Murchison,WU 3f,6.1,,1.75,2.2,4470,43,251,16,,,,,,,,
Gra-1995-ZIN-000022,,LFC-48,Zinner et al. (1995) MAPS 30:209,full,Murchison,WU 3f,1.84,,1.75,2.2,86.9,0.9,109,2,,,,,,,,
Gra-1995-ZIN-000023,,LFC-54,Zinner et al. (1995) MAPS 30:209,full,Murchison,WU 3f,1.48,,1.75,2.2,602,14,264,26,,,,,,,,
Gra-1995-ZIN-000024,,LFC-56,Zinner et al. (1995) MAPS 30:209,full,Murchison,WU 3f,3.99,,1.75,2.2,1333,22,380,15,,,,,,,,
Gra-1995-ZIN-000025,,LFC-57,Zinner et al. (1995) MAPS 30:209,full,Murchison,WU 3f,3.14,,1.75,2.2,208,3,229,7,,,,,,,,
Gra-1995-ZIN-000026,,LFC-59,Zinner et al. (1995) MAPS 30:209,full,Murchison,WU 3f,1.84,,1.75,2.2,91.4,0.7,276,11,,,,,,,,
Gra-1995-ZIN-000027,,LFC-60,Zinner et al. (1995) MAPS 30:209,full,Murchison,WU 3f,1.72,,1.75,2.2,86.3,0.9,111,4,,,,,,,,
Gra-1995-ZIN-000028,,LFC-63,Zinner et al. (1995) MAPS 30:209,full,Murchison,WU 3f,5.53,,1.75,2.2,81.8,0.4,277,15,,,,,,,,
Gra-1995-ZIN-000029,,LFC-64,Zinner et al. (1995) MAPS 30:209,full,Murchison,WU 3f,4.24,,1.75,2.2,638,10,273,7,,,,,,,,
Gra-1995-ZIN-000030,,LFC-66,Zinner et al. (1995) MAPS 30:209,full,Murchison,WU 3f,4.26,,1.75,2.2,715,6,269,19,,,,,,,,
Gra-1995-ZIN-000031,,LFC-68,Zinner et al. (1995) MAPS 30:209,full,Murchison,WU 3f,4.83,,1.75,2.2,1453,47,241,28,,,,,,,,
Gra-1995-ZIN-000032,,LFC-69,Zinner et al. (1995) MAPS 30:209,full,Murchison,WU 3f,6.2,,1.75,2.2,12.9,0.1,257,4,,,,,,,,
Gra-1995-ZIN-000033,,LFC-71,Zinner et al. (1995) MAPS 30:209,full,Murchison,WU 3f,2.87,,1.75,2.2,544,6,223,18,,,,,,,,
Gra-1995-ZIN-000034,,LFC-76,Zinner et al. (1995) MAPS 30:209,full,Murchison,WU 3f,3.19,,1.75,2.2,91.8,0.5,259,14,,,,,,,,
Gra-1995-ZIN-000035,,LFC-77,Zinner et al. (1995) MAPS 30:209,full,Murchison,WU 3f,2.67,,1.75,2.2,525,5,312,15,,,,,,,,
Gra-1995-ZIN-000036,,LFC-81,Zinner et al. (1995) MAPS 30:209,full,Murchison,WU 3f,4.06,,1.75,2.2,683,11,295,12,,,,,,,,
Gra-1995-ZIN-000037,,LFC-82,Zinner et al. (1995) MAPS 30:209,full,Murchison,WU 3f,4.31,,1.75,2.2,2595,96,267,9,,,,,,,,
Gra-1995-ZIN-000038,,LFC-83,Zinner et al. (1995) MAPS 30:209,full,Murchison,WU 3f,2.61,,1.75,2.2,8.7,0.1,679,71,,,,,,,,
Gra-1995-ZIN-000039,,LFC-84,Zinner et al. (1995) MAPS 30:209,full,Murchison,WU 3f,5.55,,1.75,2.2,62,0.3,193,4,,,,,,,,
Gra-1995-ZIN-000040,,LFC-86,Zinner et al. (1995) MAPS 30:209,full,Murchison,WU 3f,4.4,,1.75,2.2,735,11,260,18,,,,,,,,
Gra-1996-AMA-000001,LD,KE3c-111,Amari et al. (1996) ApJL 470:L101,full,Murchison,WU 3f,5.1,,1.65,1.72,119.67,1.26,171.1,6.7,0.00885,0.00109,-99,114,-303,105,,
Gra-1996-AMA-000002,LD,KE3c-551 (KE3c-551b),Amari et al. (1996) ApJL 470:L101,full,Murchison,WU 3f,13.7,,1.65,1.72,7768,226,28.6,1.6,0.0723,0.00033,98,64,-412,48,,
Gra-1996-AMA-000003,LD,KE3c-621,Amari et al. (1996) ApJL 470:L101,full,Murchison,WU 3f,7.6,,1.65,1.72,1493.15,43.59,270,15,0.0651,0.00076,45,114,-146,137,,
Gra-1996-AMA-000004,LD,KE3c-721,Amari et al. (1996) ApJL 470:L101,full,Murchison,WU 3f,4.9,,1.65,1.72,65.31,0.5,213,7,0.00408,0.00012,-214,143,-73,166,,
Gra-1996-AMA-000005,LD,KE3d-8,Amari et al. (1996) ApJL 470:L101,full,Murchison,WU 3f,7.8,,1.65,1.72,43.2,0.11,,,0.0441,0.0036,-38,79,-61,75,,
Gra-1996-NIT-000001,LD,KE3a-321,Nittler et al. (1996) ApJL 462:L31,full,Murchison,WU 3f,20,,1.65,1.72,135.92,0.95,215,10,0.1037,0.00114,-214,37,-314,33,0.00106,0.00022
Gra-1996-NIT-000002,LD,KE3a-322,Nittler et al. (1996) ApJL 462:L31,full,Murchison,WU 3f,6.8,,1.65,1.72,147.23,1.8,161,9,0.12502,0.00109,-120,27,-179,17,0.0024,0.0011
Gra-1996-NIT-000003,LD,KE3c-242,Nittler et al. (1996) ApJL 462:L31,full,Murchison,WU 3f,11.4,,1.65,1.72,6.91,0.02,257,10,0.0018,0.000329,197,149,77,149,0.0976,0.0376
Gra-1996-NIT-000004,MD,KFA1f-302,Nittler et al. (1996) ApJL 462:L31,full,Murchison,WU 3f,,,2.05,2.1,116.6,0.51,397.9,48.9,,,-272,20,-349,18,0.00809,0.00053
Gra-1998-NIC-000001,HD,102-26,Nicolussi et al. (1998) ApJ 504:492,full,Murchison,ANL RIMS,,,2.3,,,,,,,,,,,,,
Gra-1998-NIC-000002,HD,KFC1-2.01,Nicolussi et al. (1998) ApJ 504:492,full,Murchison,ANL RIMS,,,2.15,2.2,,,,,,,,,,,,
Gra-1998-NIC-000003,HD,KFC1-2.02/2.03,Nicolussi et al. (1998) ApJ 504:492,full,Murchison,ANL RIMS,,,2.15,2.2,,,,,,,,,,,,
Gra-1998-NIC-000004,HD,KFC1-2.05,Nicolussi et al. (1998) ApJ 504:492,full,Murchison,ANL RIMS,,,2.15,2.2,,,,,,,,,,,,
Gra-1998-NIC-000005,HD,KFC1-2.06,Nicolussi et al. (1998) ApJ 504:492,full,Murchison,ANL RIMS,,,2.15,2.2,,,,,,,,,,,,
Gra-1998-NIC-000006,HD,KFC1-2.08/2.09,Nicolussi et al. (1998) ApJ 504:492,full,Murchison,ANL RIMS,,,2.15,2.2,,,,,,,,,,,,
Gra-1998-NIC-000007,HD,KFC1-2.10,Nicolussi et al. (1998) ApJ 504:492,full,Murchison,ANL RIMS,,,2.15,2.2,,,,,,,,,,,,
Gra-1998-NIC-000008,HD,KFC1-2.12,Nicolussi et al. (1998) ApJ 504:492,full,Murchison,ANL RIMS,,,2.15,2.2,,,,,,,,,,,,
Gra-1998-NIC-000009,HD,KFC1-3.02/3.03,Nicolussi et al. (1998) ApJ 504:492,full,Murchison,ANL RIMS,,,2.15,2.2,,,,,,,,,,,,
Gra-1998-NIC-000010,HD,KFC1-3.05,Nicolussi et al. (1998) ApJ 504:492,full,Murchison,ANL RIMS,,,2.15,2.2,,,,,,,,,,,,
Gra-1998-NIC-000011,HD,KFC1-5.01,Nicolussi et al. (1998) ApJ 504:492,full,Murchison,ANL RIMS,,,2.15,2.2,,,,,,,,,,,,
Gra-1998-NIC-000012,HD,KFC1-5.06,Nicolussi et al. (1998) ApJ 504:492,full,Murchison,ANL RIMS,,,2.15,2.2,,,,,,,,,,,,
Gra-1998-NIC-000013,HD,KFC1-6.01,Nicolussi et al. (1998) ApJ 504:492,full,Murchison,ANL RIMS,,,2.15,2.2,,,,,,,,,,,,
Gra-1998-NIC-000014,HD,KFC1-C.01,Nicolussi et al. (1998) ApJ 504:492,full,Murchison,ANL RIMS,,,2.15,2.2,,,,,,,,,,,,
Gra-1998-NIC-000015,HD,KFC1-C.03,Nicolussi et al. (1998) ApJ 504:492,full,Murchison,ANL RIMS,,,2.15,2.2,,,,,,,,,,,,
Gra-1998-NIC-000016,HD,KFC1-C.04/C.05,Nicolussi et al. (1998) ApJ 504:492,full,Murchison,ANL RIMS,,,2.15,2.2,,,,,,,,,,,,
Gra-1998-NIC-000017,HD,KFC1-C.10,Nicolussi et al. (1998) ApJ 504:492,full,Murchison,ANL RIMS,,,2.15,2.2,,,,,,,,,,,,
Gra-1998-NIC-000018,HD,KFC1-C.12,Nicolussi et al. (1998) ApJ 504:492,full,Murchison,ANL RIMS,,,2.15,2.2,,,,,,,,,,,,
Gra-1998-NIC-000019,HD,KFC1-C.13,Nicolussi et al. (1998) ApJ 504:492,full,Murchison,ANL RIMS,,,2.15,2.2,,,,,,,,,,,,
Gra-1998-NIC-000020,HD,KFC1-C.14,Nicolussi et al. (1998) ApJ 504:492,full,Murchison,ANL RIMS,,,2.15,2.2,,,,,,,,,,,,
Gra-1998-NIC-000021,HD,KFC1-C.15,Nicolussi et al. (1998) ApJ 504:492,full,Murchison,ANL RIMS,,,2.15,2.2,,,,,,,,,,,,
Gra-1998-NIC-000022,HD,KFC1-C.22,Nicolussi et al. (1998) ApJ 504:492,full,Murchison,ANL RIMS,,,2.15,2.2,,,,,,,,,,,,
Gra-1998-NIC-000023,HD,KFC1-G.02,Nicolussi et al. (1998) ApJ 504:492,full,Murchison,ANL RIMS,,,2.15,2.2,,,,,,,,,,,,
Gra-1998-NIC-000024,HD,KFC1-G.05,Nicolussi et al. (1998) ApJ 504:492,full,Murchison,ANL RIMS,,,2.15,2.2,,,,,,,,,,,,
Gra-1998-NIC-000025,HD,KFC1-G.06,Nicolussi et al. (1998) ApJ 504:492,full,Murchison,ANL RIMS,,,2.15,2.2,,,,,,,,,,,,
Gra-1998-NIC-000026,HD,KFC1-G.18,Nicolussi et al. (1998) ApJ 504:492,full,Murchison,ANL RIMS,,,2.15,2.2,,,,,,,,,,,,
Gra-1998-NIC-000027,HD,KFC1-G.19,Nicolussi et al. (1998) ApJ 504:492,full,Murchison,ANL RIMS,,,2.15,2.2,,,,,,,,,,,,
Gra-1998-NIC-000028,HD,KFC1-G.21,Nicolussi et al. (1998) ApJ 504:492,full,Murchison,ANL RIMS,,,2.15,2.2,,,,,,,,,,,,
Gra-1998-NIC-000029,HD,KFC1-O.01,Nicolussi et al. (1998) ApJ 504:492,full,Murchison,ANL RIMS,,,2.15,2.2,,,,,,,,,,,,
Gra-1998-NIC-000030,HD,KFC1-W.01,Nicolussi et al. (1998) ApJ 504:492,full,Murchison,ANL RIMS,,,2.15,2.2,,,,,,,,,,,,
Gra-1998-NIC-000031,HD,KFC1-W.02,Nicolussi et al. (1998) ApJ 504:492,full,Murchison,ANL RIMS,,,2.15,2.2,,,,,,,,,,,,
Gra-1998-NIC-000032,HD,KFC1-W.05,Nicolussi et al. (1998) ApJ 504:492,full,Murchison,ANL RIMS,,,2.15,2.2,,,,,,,,,,,,
Gra-1999-TRA-000001,LD,KE3a-022,Travaglio et al. (1999) ApJ 510:325,full,Murchison,WU 3f,3.4,,1.65,1.72,27.84,0.17,197,5,0.08789,0.00111,-89.6,42,-123.89,37.51,,
Gra-1999-TRA-000002,LD,KE3a-025,Travaglio et al. (1999) ApJ 510:325,full,Murchison,WU 3f,2,,1.65,1.72,52.3,0.68,267,45,,,,,,,,
Gra-1999-TRA-000003,LD,KE3a-041,Travaglio et al. (1999) ApJ 510:325,full,Murchison,WU 3f,3.1,,1.65,1.72,11.26,0.06,275,22,0.00001,0.00005,123.36,159.54,-31.2,123.24,,
Gra-1999-TRA-000004,LD,KE3a-071,Travaglio et al. (1999) ApJ 510:325,full,Murchison,WU 3f,6.7,,1.65,1.72,6.46,0.08,269,19,0.01964,0.00084,-75.63,47.11,-63.83,67.93,,
Gra-1999-TRA-000005,LD,KE3a-101,Travaglio et al. (1999) ApJ 510:325,full,Murchison,WU 3f,3,,1.65,1.72,92.07,1.08,275,11,0.00001,0.001,-26.25,117.63,15.95,193.95,,
Gra-1999-TRA-000006,LD,KE3a-102,Travaglio et al. (1999) ApJ 510:325,full,Murchison,WU 3f,3.7,,1.65,1.72,12.43,0.09,254,13,0.00047,0.00052,-117.74,86.37,93.76,149.86,,
Gra-1999-TRA-000007,LD,KE3a-111,Travaglio et al. (1999) ApJ 510:325,full,Murchison,WU 3f,3.8,,1.65,1.72,6.31,0.04,295,34,,,310.22,254.06,63,215.2,,
Gra-1999-TRA-000008,LD,KE3a-131,Travaglio et al. (1999) ApJ 510:325,full,Murchison,WU 3f,3.8,,1.65,1.72,28.49,0.16,264,6,0.00539,0.00084,-11.45,26.89,-1.15,35.45,,
Gra-1999-TRA-000009,LD,KE3a-141,Travaglio et al. (1999) ApJ 510:325,full,Murchison,WU 3f,4,,1.65,1.72,776.61,26.77,118,19,0.12992,0.00075,-140.59,66.35,-65.27,39.85,,
Gra-1999-TRA-000010,LD,KE3a-151,Travaglio et al. (1999) ApJ 510:325,full,Murchison,WU 3f,5.6,,1.65,1.72,88.67,0.78,296,4,0.00088,0.00069,-141.68,81.92,124.41,189.61,,
Gra-1999-TRA-000011,LD,KE3a-152,Travaglio et al. (1999) ApJ 510:325,full,Murchison,WU 3f,2.9,,1.65,1.72,27.92,0.27,198,21,0.14624,0.0025,-120.96,92.38,31.61,111.46,,
Gra-1999-TRA-000012,LD,KE3a-153,Travaglio et al. (1999) ApJ 510:325,full,Murchison,WU 3f,1.8,,1.65,1.72,91.49,1.63,297,21,,,-109.46,182.68,-1.15,317.77,,
Gra-1999-TRA-000013,LD,KE3a-155,Travaglio et al. (1999) ApJ 510:325,full,Murchison,WU 3f,4,,1.65,1.72,62.53,0.66,240,8,0.08872,0.00162,-165.27,59.85,-134.59,78.04,,
Gra-1999-TRA-000014,LD,KE3a-157,Travaglio et al. (1999) ApJ 510:325,full,Murchison,WU 3f,3.1,,1.65,1.72,78.95,0.69,127,10,0.0999,0.00088,-127.02,59.9,-179.49,50.16,,
Gra-1999-TRA-000015,LD,KE3a-171,Travaglio et al. (1999) ApJ 510:325,full,Murchison,WU 3f,1.8,,1.65,1.72,93.21,2.09,258,16,,,136.86,162.28,-206.17,126.53,,
Gra-1999-TRA-000016,LD,KE3a-172,Travaglio et al. (1999) ApJ 510:325,full,Murchison,WU 3f,2.7,,1.65,1.72,59.7,0.9,149,9,0.04176,0.00189,-199.73,65.85,-283.89,89.79,,
Gra-1999-TRA-000017,LD,KE3a-173,Travaglio et al. (1999) ApJ 510:325,full,Murchison,WU 3f,1.5,,1.65,1.72,95.31,2.4,263,39,,,75.1,224.31,-85.66,257.84,,
Gra-1999-TRA-000018,LD,KE3a-175,Travaglio et al. (1999) ApJ 510:325,full,Murchison,WU 3f,1.7,,1.65,1.72,93.45,2.49,245,36,,,121.61,412.91,354.33,396.52,,
Gra-1999-TRA-000019,LD,KE3a-212,Travaglio et al. (1999) ApJ 510:325,full,Murchison,WU 3f,5,,1.65,1.72,11.93,0.09,304,18,0.0101,0.00048,7,32.36,-39.9,72.65,,
Gra-1999-TRA-000020,LD,KE3a-213,Travaglio et al. (1999) ApJ 510:325,full,Murchison,WU 3f,1.1,,1.65,1.72,128.42,3.82,266,9,,,-171.75,85.77,-87.06,86.62,,
Gra-1999-TRA-000021,LD,KE3a-221,Travaglio et al. (1999) ApJ 510:325,full,Murchison,WU 3f,4.8,,1.65,1.72,6.82,0.14,274,10,0.00001,0.00098,67.81,37.44,-11.04,49.12,,
Gra-1999-TRA-000022,LD,KE3a-222,Travaglio et al. (1999) ApJ 510:325,full,Murchison,WU 3f,2.3,,1.65,1.72,89.99,1.08,190,4,0.07308,0.00181,-201.75,85.37,-187.15,62.45,,
Gra-1999-TRA-000023,LD,KE3a-243,Travaglio et al. (1999) ApJ 510:325,full,Murchison,WU 3f,6,,1.65,1.72,90.33,0.77,306,4,0.00016,0.00017,96.5,96.33,50,81.64,,
Gra-1999-TRA-000024,LD,KE3a-244,Travaglio et al. (1999) ApJ 510:325,full,Murchison,WU 3f,4.4,,1.65,1.72,88.65,0.85,267,6,0.00892,0.00117,-11.59,49.83,-65.57,47.47,,
Gra-1999-TRA-000025,LD,KE3a-301,Travaglio et al. (1999) ApJ 510:325,full,Murchison,WU 3f,6.9,,1.65,1.72,302.1,5.9,212,6,0.02236,0.00093,63.21,69.28,-25.17,63.54,,
Gra-1999-TRA-000026,LD,KE3a-323,Travaglio et al. (1999) ApJ 510:325,full,Murchison,WU 3f,3.7,,1.65,1.72,18.66,0.11,263,7,0.00871,0.00083,6.54,32.25,6.9,38.48,,
Gra-1999-TRA-000027,LD,KE3a-351b,Travaglio et al. (1999) ApJ 510:325,full,Murchison,WU 3f,3.6,,1.65,1.72,67.49,0.53,212,7,0.00393,0.00054,135.94,44.99,86.53,42.44,,
Gra-1999-TRA-000028,LD,KE3a-411,Travaglio et al. (1999) ApJ 510:325,full,Murchison,WU 3f,2.1,,1.65,1.72,93.82,1.75,270,17,,,485.68,510.96,109.35,149.92,,
Gra-1999-TRA-000029,LD,KE3a-472,Travaglio et al. (1999) ApJ 510:325,full,Murchison,WU 3f,2.7,,1.65,1.72,6.705,0.035,287,31,,,-102.75,112.46,-47.64,70.62,,
Gra-1999-TRA-000030,LD,KE3a-563,Travaglio et al. (1999) ApJ 510:325,full,Murchison,WU 3f,4.4,,1.65,1.72,119.42,3.78,191,7,0.01274,0.00066,535.82,59.18,363.74,53.09,,
Gra-1999-TRA-000031,LD,KE3a-567,Travaglio et al. (1999) ApJ 510:325,full,Murchison,WU 3f,4.9,,1.65,1.72,8.59,0.08,289,21,0.00069,0.00027,-155.65,85.95,4.33,91.62,,
Gra-1999-TRA-000032,LD,KE3a-571,Travaglio et al. (1999) ApJ 510:325,full,Murchison,WU 3f,3.6,,1.65,1.72,123.6,2.23,237,7,0.08667,0.00107,252.11,134.64,60.88,118.16,,
Gra-1999-TRA-000033,LD,KE3a-573,Travaglio et al. (1999) ApJ 510:325,full,Murchison,WU 3f,1.8,,1.65,1.72,27.34,0.32,259,17,,,-234.65,96.89,-327.42,127.56,,
Gra-1999-TRA-000034,LD,KE3a-613,Travaglio et al. (1999) ApJ 510:325,full,Murchison,WU 3f,4.5,,1.65,1.72,55.85,0.36,250,9,0.11563,0.00087,57.65,68.03,-28.56,43.5,,
Gra-1999-TRA-000035,LD,KE3a-631,Travaglio et al. (1999) ApJ 510:325,full,Murchison,WU 3f,2.5,,1.65,1.72,91.82,1.71,261,10,0.00001,0.00096,-20.2,73.19,-86.95,68.14,,
Gra-1999-TRA-000036,LD,KE3a-652,Travaglio et al. (1999) ApJ 510:325,full,Murchison,WU 3f,2.2,,1.65,1.72,160.35,3.29,158,8,0.028,0.00132,-39.55,162.6,-110.74,97.44,,
Gra-1999-TRA-000037,LD,KE3a-662,Travaglio et al. (1999) ApJ 510:325,full,Murchison,WU 3f,20.9,,1.65,1.72,3137.93,167.08,176,14,0.08941,0.0007,-15.53,50.56,-211.68,40.91,,
Gra-1999-TRA-000038,LD,KE3a-672,Travaglio et al. (1999) ApJ 510:325,full,Murchison,WU 3f,5.8,,1.65,1.72,7.78,0.05,277,8,0.00007,0.00024,-47.36,22.32,-48.35,33.3,,
Gra-1999-TRA-000039,LD,KE3a-675,Travaglio et al. (1999) ApJ 510:325,full,Murchison,WU 3f,3.5,,1.65,1.72,33.84,0.28,242,7,0.02773,0.00049,-28.74,57.32,-22.11,55.43,,
Gra-1999-TRA-000040,LD,KE3a-731,Travaglio et al. (1999) ApJ 510:325,full,Murchison,WU 3f,3.6,,1.65,1.72,90.69,1.78,264,8,0.00001,0.00058,-66.48,41.68,-60.75,40.63,,
Gra-1999-TRA-000041,LD,KE3a-733b,Travaglio et al. (1999) ApJ 510:325,full,Murchison,WU 3f,2.5,,1.65,1.72,63.05,1.21,168,8,0.0843,0.00225,-81.03,108.96,-139.91,103.35,,
Gra-1999-TRA-000042,LD,KE3a-751,Travaglio et al. (1999) ApJ 510:325,full,Murchison,WU 3f,4.7,,1.65,1.72,152.7,3.46,110,8,0.04696,0.00073,230.6,47,-94.18,48.32,,
Gra-1999-TRA-000043,LD,KE3a-753,Travaglio et al. (1999) ApJ 510:325,full,Murchison,WU 3f,3.2,,1.65,1.72,125.68,2.33,116,2,0.04327,0.00044,209.34,30.57,-148.62,18.24,,
Gra-1999-TRA-000044,LD,KE3a-831,Travaglio et al. (1999) ApJ 510:325,full,Murchison,WU 3f,2.6,,1.65,1.72,158.77,4.51,241,8,0.01315,0.00037,36.37,57.57,20.64,54.8,,
Gra-1999-TRA-000045,LD,KE3a-m1L2,Travaglio et al. (1999) ApJ 510:325,full,Murchison,WU 3f,10,,1.65,1.72,62.85,0.56,259,16,0.00001,0.00147,-64.48,58.59,-60.62,56.72,,
Gra-1999-TRA-000046,LD,KE3c-131,Travaglio et al. (1999) ApJ 510:325,full,Murchison,WU 3f,6.8,,1.65,1.72,17.09,0.06,232,17,0.000281,0.000202,-71.08,290.91,18.48,324.34,,
Gra-1999-TRA-000047,LD,KE3c-241,Travaglio et al. (1999) ApJ 510:325,full,Murchison,WU 3f,,,1.65,1.72,87.94,0.31,263,7,,,-67.74,185.11,447.94,253.14,,
Gra-1999-TRA-000048,LD,KE3c-351,Travaglio et al. (1999) ApJ 510:325,full,Murchison,WU 3f,8.8,,1.65,1.72,61.79,0.19,242,6,0.037,0.00029,1.69,85.79,135.16,97.47,,
Gra-1999-TRA-000049,LD,KE3c-401,Travaglio et al. (1999) ApJ 510:325,full,Murchison,WU 3f,7.2,,1.65,1.72,37.84,0.18,54,1,0.0639,0.00048,-323.78,38.1,-496.8,34.52,,
Gra-1999-TRA-000050,LD,KE3c-411,Travaglio et al. (1999) ApJ 510:325,full,Murchison,WU 3f,8.3,,1.65,1.72,14.22,0.04,228,9,0.00159,0.00031,-29.54,129.93,-102.71,131.74,,
Gra-1999-TRA-000051,LD,KE3c-431,Travaglio et al. (1999) ApJ 510:325,full,Murchison,WU 3f,6.1,,1.65,1.72,13.51,0.05,262,17,0.048,0.00073,-162.01,128.51,-246.92,128.47,,
Gra-1999-TRA-000052,LD,KE3c-432,Travaglio et al. (1999) ApJ 510:325,full,Murchison,WU 3f,4.9,,1.65,1.72,27.24,0.13,234,10,0.0206,0.00035,13.67,128.54,-362.06,105.55,,
Gra-1999-TRA-000053,LD,KE3c-451,Travaglio et al. (1999) ApJ 510:325,full,Murchison,WU 3f,5.9,,1.65,1.72,87.2,0.32,237,5,0.000633,0.000372,-349.73,74.11,-289.22,83.09,,
Gra-1999-TRA-000054,LD,KE3d-1,Travaglio et al. (1999) ApJ 510:325,full,Murchison,WU 3f,10.8,,1.65,1.72,9.05,0.02,,,,,-21,72,53,73,0.408,0.301
Gra-1999-TRA-000055,LD,KE3d-2,Travaglio et al. (1999) ApJ 510:325,full,Murchison,WU 3f,11.8,,1.65,1.72,19.36,0.05,,,,,6,86,0,83,,
Gra-1999-TRA-000056,LD,KE3d-3,Travaglio et al. (1999) ApJ 510:325,full,Murchison,WU 3f,6.3,,1.65,1.72,43.6,0.12,,,0.007,0.00413,-355,65,-394,60,,
Gra-1999-TRA-000057,LD,KE3d-4,Travaglio et al. (1999) ApJ 510:325,full,Murchison,WU 3f,6.7,,1.65,1.72,61.27,0.19,,,0.0364,0.00418,192,56,-114,45,,
Gra-1999-TRA-000058,LD,KE3d-5b,Travaglio et al. (1999) ApJ 510:325,full,Murchison,WU 3f,16.8,,1.65,1.72,17.43,0.04,,,,,-49,186,36,127,,
Gra-1999-TRA-000059,LD,KE3d-6,Travaglio et al. (1999) ApJ 510:325,full,Murchison,WU 3f,5.9,,1.65,1.72,26.82,0.07,,,0.0235,0.00159,-375,51,-514,43,,
Gra-1999-TRA-000060,LD,KE3d-7,Travaglio et al. (1999) ApJ 510:325,full,Murchison,WU 3f,6.3,,1.65,1.72,107.12,0.38,,,0.0753,0.00498,-324,53,-539,42,,
Gra-1999-TRA-000061,LD,KE3d-9,Travaglio et al. (1999) ApJ 510:325,full,Murchison,WU 3f,8.1,,1.65,1.72,82.75,0.25,,,0.00562,0.00102,1272,75,937,66,0.00318,0.00069
Gra-1999-TRA-000062,LD,KE3d-10,Travaglio et al. (1999) ApJ 510:325,full,Murchison,WU 3f,6.7,,1.65,1.72,90.09,0.32,,,,,4,66,34,65,,
Gra-1999-TRA-000063,LD,KE3e-1b,Travaglio et al. (1999) ApJ 510:325,full,Murchison,WU 3f,9.2,,1.65,1.72,92.69,0.49,,,,,-20,42,-19,43,,
Gra-1999-TRA-000064,LD,KE3e-2,Travaglio et al. (1999) ApJ 510:325,full,Murchison,WU 3f,4.3,,1.65,1.72,93.39,0.6,,,,,-11,41,-56,41,,
Gra-1999-TRA-000065,LD,KE3e-3,Travaglio et al. (1999) ApJ 510:325,full,Murchison,WU 3f,5.9,,1.65,1.72,281.99,2.54,,,,,-52,28,-43,29,,
Gra-1999-TRA-000066,LD,KE3e-4,Travaglio et al. (1999) ApJ 510:325,full,Murchison,WU 3f,10.2,,1.65,1.72,8.89,0.02,,,,,49,74,46,74,,
Gra-1999-TRA-000067,LD,KE3e-5,Travaglio et al. (1999) ApJ 510:325,full,Murchison,WU 3f,4.8,,1.65,1.72,258.29,2.64,,,,,-226,78,-351,71,,
Gra-1999-TRA-000068,LD,KE3e-6,Travaglio et al. (1999) ApJ 510:325,full,Murchison,WU 3f,6.8,,1.65,1.72,230.99,1.92,,,,,-1,32,-11,32,,
Gra-1999-TRA-000069,LD,KE3e-7,Travaglio et al. (1999) ApJ 510:325,full,Murchison,WU 3f,5.7,,1.65,1.72,92.24,0.59,,,,,-227,47,-290,45,,
Gra-1999-TRA-000070,LD,KE3e-8c,Travaglio et al. (1999) ApJ 510:325,full,Murchison,WU 3f,4.4,,1.65,1.72,10.79,0.02,,,,,-202,90,-246,88,,
Gra-1999-TRA-000071,LD,KE3e-9,Travaglio et al. (1999) ApJ 510:325,full,Murchison,WU 3f,5.2,,1.65,1.72,16.69,0.05,,,,,68,50,-110,45,,
Gra-1999-TRA-000072,LD,KE3e-10c,Travaglio et al. (1999) ApJ 510:325,full,Murchison,WU 3f,13.4,,1.65,1.72,125.16,0.71,,,0.09454,0.00395,-85,31,-123,30,,
Gra-1999-TRA-000073,LD,KE3e-11,Travaglio et al. (1999) ApJ 510:325,full,Murchison,WU 3f,5.9,,1.65,1.72,81.49,0.45,,,,,-66,29,-79,29,,
Gra-1999-TRA-000074,LD,KE3e-12,Travaglio et al. (1999) ApJ 510:325,full,Murchison,WU 3f,6.5,,1.65,1.72,93.77,0.57,,,,,-16,36,-52,36,,
Gra-1999-TRA-000075,LD,KE3e-14,Travaglio et al. (1999) ApJ 510:325,full,Murchison,WU 3f,7.1,,1.65,1.72,142.04,0.97,,,,,68,39,51,39,,
Gra-1999-TRA-000076,LD,KE3e-15,Travaglio et al. (1999) ApJ 510:325,full,Murchison,WU 3f,5.1,,1.65,1.72,59.65,0.29,,,,,11,63,-93,59,,
Gra-1999-TRA-000077,LD,KE3e-16,Travaglio et al. (1999) ApJ 510:325,full,Murchison,WU 3f,3.1,,1.65,1.72,90.93,0.72,,,,,140,270,437,312,,
Gra-1999-TRA-000078,LD,KE3e-17,Travaglio et al. (1999) ApJ 510:325,full,Murchison,WU 3f,5.7,,1.65,1.72,3.57,0.01,,,,,-53,42,-9,44,,
Gra-1999-TRA-000079,LD,KE3e-18,Travaglio et al. (1999) ApJ 510:325,full,Murchison,WU 3f,5.9,,1.65,1.72,6.48,0.02,,,,,-44,69,-51,69,,
Gra-1999-TRA-000080,LD,KE3e-19,Travaglio et al. (1999) ApJ 510:325,full,Murchison,WU 3f,3.6,,1.65,1.72,10.59,0.03,,,,,8,39,-50,38,,
Gra-1999-TRA-000081,LD,KE3e-20,Travaglio et al. (1999) ApJ 510:325,full,Murchison,WU 3f,7.3,,1.65,1.72,23.67,0.08,,,,,-13,32,-43,31,,
Gra-2003-CRO-000001,LD,KE3f-131,Croat et al. (2003) GCA 67:4705,full,Murchison,WU 3f,5.9,,1.65,1.72,109.98,0.32,,,,,-278.7,48.1,-316.7,28.8,,
Gra-2003-CRO-000002,LD,KE3f-331,Croat et al. (2003) GCA 67:4705,full,Murchison,WU 3f,6.8,,1.65,1.72,189.68,1.27,,,,,412.3,61.7,368.8,59.5,,
Gra-2003-CRO-000003,LD,KE3f-542,Croat et al. (2003) GCA 67:4705,full,Murchison,WU 3f,5.3,,1.65,1.72,1583.4,17.47,,,,,-138.9,25.5,-92,38.1,,
Gra-2008-JAD-000001,MD,OR1f2m-1,Jadhav et al. (2008) ApJ 682:1479,full,Orgueil,WU NanoSIMS,3,,2.02,2.04,14.1551446595606,0.0729864241570062,266.943545457837,17.9900845697448,,,-19.6116885663856,12.7366236747249,-35.3755833207888,17.8943883788896,0.00043961077074736,0.0000148218501769251
Gra-2008-JAD-000002,MD,OR1f2m-9,Jadhav et al. (2008) ApJ 682:1479,full,Orgueil,WU NanoSIMS,4.5,,2.02,2.04,18.2609437366723,0.0598003855401078,294.276174900918,7.41804882429493,,,-27.260247107276,24.4915537703948,-73.9123889808822,29.8705063085046,,
Gra-2008-JAD-000003,MD,OR1f2m-29,Jadhav et al. (2008) ApJ 682:1479,full,Orgueil,WU NanoSIMS,2,,2.02,2.04,9.84244473342003,0.00418444733420026,411.966242665261,6.09983644299445,,,-34.1243381055109,19.3836367697683,-64.5792563600783,24.5635697750408,,
Gra-2008-JAD-000004,MD,OR1f2m-34,Jadhav et al. (2008) ApJ 682:1479,full,Orgueil,WU NanoSIMS,5.59344471040698,,2.02,2.04,8.56609323703217,0.0149357162412008,,,,,-16.0815846244362,19.576452699169,-47.1172662953486,24.836536515065,,
Gra-2008-JAD-000005,MD,OR1f2m-38,Jadhav et al. (2008) ApJ 682:1479,full,Orgueil,WU NanoSIMS,2.5,,2.02,2.04,3.67774130006566,0.00631847752447722,,,0.000471961266384267,0.0000686951089358603,-67.6603255540302,21.2428092859315,-19.7200060213759,28.0343901697891,0.00183657049134611,0.0000530765181941093
Gra-2008-JAD-000006,MD,OR1f2m-40,Jadhav et al. (2008) ApJ 682:1479,full,Orgueil,WU NanoSIMS,3,,2.02,2.04,10.8186474064347,0.0190529847294954,,,,,-7.06020788389883,18.7530498038385,-37.7841336745446,23.9790801566775,,
Gra-2008-JAD-000007,MD,OR1f2m-o67 (OR1f1m-o67),Jadhav et al. (2008) ApJ 682:1479,full,Orgueil,WU NanoSIMS,12,,2.02,2.04,3.87850720756652,0.0385614718096116,50.6740593652227,0.802891368126528,0.00973169973583185,0.000856576997190889,-325.293160624471,18.3578933651417,234.659482042396,30.4040787622682,0.00176748457902683,0.0000363151216213183
Gra-2009-HEC-000001,HD,KFB1g-07-1 (KFB1g-071),Heck et al. (2009) ApJ 701:1415,full,Murchison,WU NanoSIMS,4.37,,2.1,2.15,341.928128220307,2.97163250650776,,,,,,,,,,
Gra-2009-HEC-000002,HD,KFB1g-10-1 (KFB1g-101),Heck et al. (2009) ApJ 701:1415,full,Murchison,WU NanoSIMS & MPIC NanoSIMS,1.94,,2.1,2.15,13.6751432239972,0.109059123406596,,,,,,,,,,
Gra-2009-HEC-000003,HD,KFB1g-12/22-1/1 (KFB1g-121),Heck et al. (2009) ApJ 701:1415,full,Murchison,WU NanoSIMS & MPIC NanoSIMS,1.75,,2.1,2.15,201.262877775229,1.72783707334907,,,,,,,,,,
Gra-2009-HEC-000004,HD,KFB1g-15-2 (KFB1g-152),Heck et al. (2009) ApJ 701:1415,full,Murchison,WU NanoSIMS & MPIC NanoSIMS,6.18,,2.1,2.15,10.3603209341097,0.0823499485783249,,,0.00817,0.00086,,,,,,
Gra-2009-HEC-000005,HD,KFB1g-24-2 (KFB1g-242),Heck et al. (2009) ApJ 701:1415,full,Murchison,WU NanoSIMS & MPIC NanoSIMS,1.97,,2.1,2.15,512.335306128148,4.92275661442383,,,0.00392,0.00149,,,,,,
Gra-2009-HEC-000006,HD,KFB1g-25-3 (KFB1g-253),Heck et al. (2009) ApJ 701:1415,full,Murchison,WU NanoSIMS & MPIC NanoSIMS,2.58,,2.1,2.15,965.345370180083,9.69880735200344,,,0.00016,0.00002,,,,,,
Gra-2009-HEC-000007,HD,KFB1g-26-2 (KFB1g-262),Heck et al. (2009) ApJ 701:1415,full,Murchison,WU NanoSIMS & MPIC NanoSIMS,3.65,,2.1,2.15,28.6236467663952,0.230927154001881,,,0.00264,0.00125,,,,,,
Gra-2009-HEC-000008,HD,KFB1g-26-3 (KFB1g-263),Heck et al. (2009) ApJ 701:1415,full,Murchison,WU NanoSIMS & MPIC NanoSIMS,2.21,,2.1,2.15,1305.10528818704,14.6744630819074,,,0.00322,0.00089,,,,,,
Gra-2009-HEC-000009,HD,KFB1g-27-1 (KFB1g-271),Heck et al. (2009) ApJ 701:1415,full,Murchison,WU NanoSIMS,2.75,,2.1,2.15,86.9789524320782,0.716627868027637,,,,,,,,,,
Gra-2009-HEC-000010,HD,KFB1g-27-5 (KFB1g-275),Heck et al. (2009) ApJ 701:1415,full,Murchison,WU NanoSIMS & MPIC NanoSIMS,1.78,,2.1,2.15,693.403110865576,7.96426986581271,,,,,,,,,,
Gra-2009-HEC-000011,HD,KFB1g-30-1 (KFB1g-301),Heck et al. (2009) ApJ 701:1415,full,Murchison,WU NanoSIMS & MPIC NanoSIMS,2.58,,2.1,2.15,842.608601685758,8.69433236263615,,,0.00555,0.00148,,,,,,
Gra-2009-HEC-000012,HD,KFB1g-30-2 (KFB1g-302),Heck et al. (2009) ApJ 701:1415,full,Murchison,WU NanoSIMS,1.96,,2.1,2.15,501.979592493643,4.68329576649148,,,,,,,,,,
Gra-2009-HEC-000013,HD,KFB1g-31-1 (KFB1g-311),Heck et al. (2009) ApJ 701:1415,full,Murchison,WU NanoSIMS,3.16,,2.1,2.15,118.692193923789,0.973056477030858,,,,,,,,,,
Gra-2009-HEC-000014,HD,KFB1g-31-2 (KFB1g-312),Heck et al. (2009) ApJ 701:1415,full,Murchison,WU NanoSIMS,2.24,,2.1,2.15,1064.06768957949,11.0079096276226,,,,,,,,,,
Gra-2009-HEC-000015,HD,KFB1g-32-1 (KFB1g-321),Heck et al. (2009) ApJ 701:1415,full,Murchison,WU NanoSIMS,3.05,,2.1,2.15,212.072277278213,1.79732806253083,,,,,,,,,,
Gra-2009-HEC-000016,HD,KFB1g-32-2/3 (KFB1g-322),Heck et al. (2009) ApJ 701:1415,full,Murchison,WU NanoSIMS & MPIC NanoSIMS,1.89,,2.1,2.15,98.2531633407651,0.814148318301297,,,0.00127,0.00034,,,,,,
Gra-2009-HEC-000017,HD,KFB1g-34-4 (KFB1g-344),Heck et al. (2009) ApJ 701:1415,full,Murchison,WU NanoSIMS & MPIC NanoSIMS,2.17,,2.1,2.15,98.2122628669007,0.808031201976227,,,0.00634,0.00089,,,,,,
Gra-2009-HEC-000018,HD,KFB1g-37-1 (KFB1g-371),Heck et al. (2009) ApJ 701:1415,full,Murchison,WU NanoSIMS & MPIC NanoSIMS,3.82,,2.1,2.15,857.149531233469,8.56513825925871,,,,,,,,,,
Gra-2009-HEC-000019,HD,KFB1g-40-1 (KFB1g-401),Heck et al. (2009) ApJ 701:1415,full,Murchison,WU NanoSIMS,2.65,,2.1,2.15,1028.80369986705,10.4085010920215,,,,,,,,,,
Gra-2009-HEC-000020,HD,KFB1g-41-1 (KFB1g-411),Heck et al. (2009) ApJ 701:1415,full,Murchison,WU NanoSIMS,2.3,,2.1,2.15,560.072186283708,5.1041378116741,,,,,,,,,,
Gra-2009-HEC-000021,HD,KFB1g-42-1 (KFB1g-421),Heck et al. (2009) ApJ 701:1415,full,Murchison,WU NanoSIMS,2.03,,2.1,2.15,642.862148425101,6.1740887274347,,,,,,,,,,
Gra-2009-HEC-000022,HD,KFB1g-43-1 (KFB1g-431),Heck et al. (2009) ApJ 701:1415,full,Murchison,WU NanoSIMS,2.41,,2.1,2.15,374.939067893543,3.45661973816352,,,,,,,,,,
Gra-2009-HEC-000023,HD,KFB1g-43-2 (KFB1g-432),Heck et al. (2009) ApJ 701:1415,full,Murchison,WU NanoSIMS & MPIC NanoSIMS,2.36,,2.1,2.15,8.95371569153746,0.0710452073297013,,,,,,,,,,
Gra-2009-HEC-000024,HD,KFB1g-45-1 (KFB1g-451),Heck et al. (2009) ApJ 701:1415,full,Murchison,WU NanoSIMS & MPIC NanoSIMS,3.73,,2.1,2.15,15.8635339365952,0.126221967856704,,,,,,,,,,
Gra-2009-HEC-000025,HD,KFB1g-45-2 (KFB1g-452),Heck et al. (2009) ApJ 701:1415,full,Murchison,WU NanoSIMS,2.99,,2.1,2.15,1159.6481124208,11.7024206744036,,,,,,,,,,
Gra-2009-HEC-000026,HD,KFB1g-46-1 (KFB1g-461),Heck et al. (2009) ApJ 701:1415,full,Murchison,WU NanoSIMS,3.77,,2.1,2.15,13.0276316108234,0.103510755491803,,,,,,,,,,
Gra-2009-HEC-000027,HD,KFB1g-51-1 (KFB1g-511),Heck et al. (2009) ApJ 701:1415,full,Murchison,WU NanoSIMS & MPIC NanoSIMS,2.53,,2.1,2.15,147.295400950218,1.21013968167224,,,,,,,,,,
Gra-2009-HEC-000028,HD,KFB1g-51-2 (KFB1g-512),Heck et al. (2009) ApJ 701:1415,full,Murchison,WU NanoSIMS & MPIC NanoSIMS,2.2,,2.1,2.15,86.2634034632585,0.708243654274497,,,,,,,,,,
Gra-2009-HEC-000029,HD,KFB1g-53-1 (KFB1g-531),Heck et al. (2009) ApJ 701:1415,full,Murchison,WU NanoSIMS,2.28,,2.1,2.15,396.521694910945,3.56384118704401,,,,,,,,,,
Gra-2009-HEC-000030,HD,KFB1g-53-2 (KFB1g-532),Heck et al. (2009) ApJ 701:1415,full,Murchison,WU NanoSIMS & MPIC NanoSIMS,3.31,,2.1,2.15,4.73280658920787,0.0375147853117872,,,,,,,,,,
Gra-2009-HEC-000031,HD,KFB1g-53-4 (KFB1g-534),Heck et al. (2009) ApJ 701:1415,full,Murchison,WU NanoSIMS & MPIC NanoSIMS,2.24,,2.1,2.15,246.081260466245,2.30800826822163,,,0.00138,0.00053,,,,,,
Gra-2009-HEC-000032,HD,KFB1g-56-1 (KFB1g-561),Heck et al. (2009) ApJ 701:1415,full,Murchison,WU NanoSIMS,3.62,,2.1,2.15,4.02096989300404,0.0318645490575878,,,,,,,,,,
Gra-2009-HEC-000033,HD,KFB1g-57-1 (KFB1g-571),Heck et al. (2009) ApJ 701:1415,full,Murchison,WU NanoSIMS,2.74,,2.1,2.15,45.3494297879889,0.367046676421068,,,,,,,,,,
Gra-2009-HEC-000034,HD,KFB1g-57-3 (KFB1g-573),Heck et al. (2009) ApJ 701:1415,full,Murchison,WU NanoSIMS,2.21,,2.1,2.15,4.98006139254907,0.0395466215091701,,,,,,,,,,
Gra-2009-HEC-000035,HD,KFB1g-58-1 (KFB1g-581),Heck et al. (2009) ApJ 701:1415,full,Murchison,WU NanoSIMS,4.65,,2.1,2.15,16.162384550232,0.128629394140016,,,,,,,,,,
Gra-2009-HEC-000036,HD,KFB1g-61-1 (KFB1g-611),Heck et al. (2009) ApJ 701:1415,full,Murchison,WU NanoSIMS,3.9,,2.1,2.15,217.547633445839,1.86707618063622,,,,,,,,,,
Gra-2009-HEC-000037,HD,KFB1g-63-1 (KFB1g-631),Heck et al. (2009) ApJ 701:1415,full,Murchison,WU NanoSIMS & MPIC NanoSIMS,3.09,,2.1,2.15,87.3007986945466,0.714494124683238,,,0.00062,0.00017,,,,,,
Gra-2009-HEC-000038,HD,KFB1g-64-1 (KFB1g-641),Heck et al. (2009) ApJ 701:1415,full,Murchison,WU NanoSIMS,5.18,,2.1,2.15,485.703362783349,4.39832882901922,,,,,,,,,,
Gra-2009-HEC-000039,HD,KFB1g-64-4 (KFB1g-644),Heck et al. (2009) ApJ 701:1415,full,Murchison,WU NanoSIMS,1.68,,2.1,2.15,453.058873686053,4.50315001828477,,,,,,,,,,
Gra-2009-HEC-000040,HD,KFB1g-64-6 (KFB1g-646),Heck et al. (2009) ApJ 701:1415,full,Murchison,WU NanoSIMS,3.18,,2.1,2.15,623.330009173083,5.75507045199416,,,,,,,,,,
Gra-2009-HEC-000041,HD,KFB1g-65-1 (KFB1g-651),Heck et al. (2009) ApJ 701:1415,full,Murchison,WU NanoSIMS,1.84,,2.1,2.15,60.8460112113506,0.49546400043782,,,,,,,,,,
Gra-2009-HEC-000042,HD,KFB1g-71-1 (KFB1g-711),Heck et al. (2009) ApJ 701:1415,full,Murchison,WU NanoSIMS,4.08,,2.1,2.15,592.046194409065,6.06981544595724,,,,,,,,,,
Gra-2009-HEC-000043,HD,KFB1g-71-2 (KFB1g-712),Heck et al. (2009) ApJ 701:1415,full,Murchison,WU NanoSIMS,1.87,,2.1,2.15,552.530230613612,5.36225476905037,,,,,,,,,,
Gra-2009-HEC-000044,HD,KFB1g-73-1 (KFB1g-731),Heck et al. (2009) ApJ 701:1415,full,Murchison,WU NanoSIMS,3.29,,2.1,2.15,1074.73139037473,11.9831176214645,,,,,,,,,,
Gra-2009-HEC-000045,HD,KFB1g-73-2 (KFB1g-732),Heck et al. (2009) ApJ 701:1415,full,Murchison,WU NanoSIMS,2.69,,2.1,2.15,761.065833780685,7.89424503587692,,,,,,,,,,
Gra-2009-HEC-000046,HD,KFB1g-73-3 (KFB1g-733),Heck et al. (2009) ApJ 701:1415,full,Murchison,WU NanoSIMS & MPIC NanoSIMS,1.88,,2.1,2.15,8.58709402991855,0.0683622446367917,,,,,,,,,,
Gra-2010-CRO-000001,HD,KFC1-Graphite-1,Croat et al. (2010) AJ 139:2159,full,Murchison,WU NanoSIMS,,,2.15,2.2,110,2,,,,,,,,,,
Gra-2010-CRO-000002,HD,KFC1-Graphite-2,Croat et al. (2010) AJ 139:2159,full,Murchison,WU NanoSIMS,,,2.15,2.2,7.6,0.1,,,,,-54,66,-58,78,,
Gra-2010-CRO-000003,HD,KFC1-Graphite-3b,Croat et al. (2010) AJ 139:2159,full,Murchison,WU NanoSIMS,,,2.15,2.2,782,18,,,,,,,,,,
Gra-2010-CRO-000004,HD,KFC1-Graphite-4b,Croat et al. (2010) AJ 139:2159,full,Murchison,WU NanoSIMS,,,2.15,2.2,59,1.5,,,,,-16,48,1,57,,
Gra-2010-CRO-000005,HD,KFC1-Graphite-5,Croat et al. (2010) AJ 139:2159,full,Murchison,WU NanoSIMS,,,2.15,2.2,245,1.5,257,5,,,206,36,128,40,,
Gra-2010-CRO-000006,HD,KFC1-Graphite-6,Croat et al. (2010) AJ 139:2159,full,Murchison,WU NanoSIMS,,,2.15,2.2,126.5,0.7,268,9,,,62,30,46,34,,
Gra-2012-GRO-000001,LD,OR1d6m-4,Groopman et al. (2012) ApJL 754:L8,full,Orgueil,WU NanoSIMS,6,,1.75,1.92,7.47,0.05,235.999695562828,18.3008808092103,,,-39.1,10.6,-62.4,13.4,0.105613465257575,0.0186722102693814
Gra-2012-GRO-000002,LD,OR1d6m-5,Groopman et al. (2012) ApJL 754:L8,full,Orgueil,WU NanoSIMS,10.5,,1.75,1.92,45.89,0.31,248.006697617779,10.7296968170323,0.0176929423833044,0.000264565295511769,-192.649184389841,28.6092371298058,-307.991092236781,31.9687960511444,0.00584310679717779,0.000993293911274596
Gra-2012-GRO-000003,LD,OR1d6m-6,Groopman et al. (2012) ApJL 754:L8,full,Orgueil,WU NanoSIMS,4.5,,1.75,1.92,113.19,0.78,145.326128320268,5.40846735162105,0.806499594873386,0.00484187035787517,-13,12.7,-59.5,15.7,0.103195510005564,0.00594610282481171
Gra-2012-GRO-000004,LD,OR1d6m-8,Groopman et al. (2012) ApJL 754:L8,full,Orgueil,WU NanoSIMS,8,,1.75,1.92,127.8,0.86,145.015602405054,9.32251601730899,0.0770838704369274,0.000601022325823577,88.3749741895519,29.0269247399088,-119.685120928065,31.1893890345747,0.0273028965186637,0.00167790654370174
Gra-2012-GRO-000005,LD,OR1d6m-9,Groopman et al. (2012) ApJL 754:L8,full,Orgueil,WU NanoSIMS,5.5,,1.75,1.92,7.97,0.05,233.826014156328,11.9913819199493,0.0184243301615385,0.000543645538089312,-87.5490398513318,62.3509077349646,-11.5490185923662,78.9934638336497,0.109259363785277,0.0489834938019354
Gra-2012-GRO-000006,LD,OR1d6m-11,Groopman et al. (2012) ApJL 754:L8,full,Orgueil,WU NanoSIMS,7.5,,1.75,1.92,21.99,0.15,232.169875941853,10.2699358839302,0.239535225130083,0.013753773789714,-20.5,11,-40,14,0.00335199717344858,0.000843801191731746
Gra-2012-GRO-000007,LD,OR1d6m-13,Groopman et al. (2012) ApJL 754:L8,full,Orgueil,WU NanoSIMS,5.5,,1.75,1.92,65.96,0.44,263.015450186468,5.77168665683757,0.559812316521971,0.0243132789933098,-288.457567623374,32.3833741346921,-376.974467864726,36.7192353076748,0.34906286543529,0.0558655596550558
Gra-2012-GRO-000008,LD,OR1d6m-15,Groopman et al. (2012) ApJL 754:L8,full,Orgueil,WU NanoSIMS,12,,1.75,1.92,13.36,0.09,240.243549737423,16.4408039577361,,,-21.1,24,6.6,30.1,,
Gra-2012-GRO-000009,LD,OR1d6m-17,Groopman et al. (2012) ApJL 754:L8,full,Orgueil,WU NanoSIMS,18,,1.75,1.92,306.12,2.12,215.090950605069,10.3627293578915,0.055821571810917,0.00120554694689324,-27.1,17.5,-85.8,21.1,0.129770490124262,0.0134775243436689
Gra-2012-GRO-000010,LD,OR1d6m-18,Groopman et al. (2012) ApJL 754:L8,full,Orgueil,WU NanoSIMS,12,,1.75,1.92,120.99,0.82,148.845422026029,14.6333600065532,0.012029690384802,0.000157366199088537,-28.9,16,-12.3,20.2,,
Gra-2012-GRO-000011,LD,OR1d6m-20,Groopman et al. (2012) ApJL 754:L8,full,Orgueil,WU NanoSIMS,4.5,,1.75,1.92,74.32,0.5,273.883857218967,16.9244350058888,,,-37.2,14.3,-32,18.1,0.0462119691514117,0.00613000259512742
Gra-2012-GRO-000012,LD,OR1d6m-21,Groopman et al. (2012) ApJL 754:L8,full,Orgueil,WU NanoSIMS,7,,1.75,1.92,140.73,0.95,267.569830276277,4.75615270145858,0.570540435059113,0.0212363205002737,-268.222176336981,32.1304519022704,-334.403645968201,37.1339370824082,,
Gra-2012-GRO-000013,LD,OR1d6m-23,Groopman et al. (2012) ApJL 754:L8,full,Orgueil,WU NanoSIMS,6,,1.75,1.92,73.69,0.5,214.366390136236,13.1417840041308,0.214575418510623,0.0122640163708436,-280.817674994838,14.2518030080344,-397.793774923611,15.4496068340297,0.0194640669398831,0.0035294118251526
Gra-2012-GRO-000014,LD,OR1d6m-24,Groopman et al. (2012) ApJL 754:L8,full,Orgueil,WU NanoSIMS,13,,1.75,1.92,13.09,0.09,236.310221478042,16.5412289687876,,,3.4,10.6,4,13.8,0.0728005936113149,0.0153786069495455
Gra-2012-MEI-000001,HD,KFC1f-134 (KFC1f-134b),Meier et al. (2012) GCA 76:147,full,Murchison,WU NanoSIMS,3.6,,2.15,2.2,1557.007768219,23.2280467776389,,,,,4.66891862458962,52.8558368602524,-23.0882235576142,61.4553270888287,,
Gra-2012-MEI-000002,HD,KFC1f-251,Meier et al. (2012) GCA 76:147,full,Murchison,WU NanoSIMS,3.1,,2.15,2.2,699.231830460951,6.16047077125389,,,,,-6.02326143172249,15.3357293716615,-7.12657879879763,18.2229171120962,,
Gra-2012-MEI-000003,HD,KFC1f-302,Meier et al. (2012) GCA 76:147,full,Murchison,WU NanoSIMS,3.5,,2.15,2.2,103.519884924953,0.635085240593107,,,,,-4.24123142233712,16.7217794952893,-25.4529116700315,19.6115123288166,,
Gra-2012-MEI-000004,HD,KFC1f-312,Meier et al. (2012) GCA 76:147,full,Murchison,WU NanoSIMS,3.6,,2.15,2.2,146.301142580015,1.01374974879412,,,,,-8.39930144423628,16.4769437866769,-30.4778739089181,19.3187818023151,,
Gra-2012-MEI-000005,HD,KFC1f-315,Meier et al. (2012) GCA 76:147,full,Murchison,WU NanoSIMS,1.4,,2.15,2.2,7.06978121049513,0.0360307944170118,,,,,125.054945925289,78.2401141394228,45.783317716539,88.4350682131177,,
Gra-2012-MEI-000006,HD,KFC1f-323,Meier et al. (2012) GCA 76:147,full,Murchison,WU NanoSIMS,1.3,,2.15,2.2,313.440856549129,2.38988904940243,,,,,-46.019934975705,46.0095187213101,-120.631608194827,51.9006187242143,,
Gra-2012-MEI-000007,HD,KFC1f-342,Meier et al. (2012) GCA 76:147,full,Murchison,WU NanoSIMS,5.2,,2.15,2.2,202.335315134441,1.20379877802431,,,,,36.7454587935261,35.2505928415586,-22.7926375435621,40.2687277001613,,
Gra-2012-MEI-000008,HD,KFC1f-422,Meier et al. (2012) GCA 76:147,full,Murchison,WU NanoSIMS,2.4,,2.15,2.2,210.940585258052,1.48979053064992,,,,,11.0050253246265,31.619718585433,-82.5010123820982,35.3338629902855,,
Gra-2012-MEI-000009,HD,KFC1f-531,Meier et al. (2012) GCA 76:147,full,Murchison,WU NanoSIMS,5.4,,2.15,2.2,11.2856446109531,0.0578305710999567,,,,,-30.5756748943653,18.4523348555124,-39.345454330483,21.7821251433514,,
Gra-2012-MEI-000010,HD,KFC1f-532,Meier et al. (2012) GCA 76:147,full,Murchison,WU NanoSIMS,1.7,,2.15,2.2,638.165583934028,5.49037011669559,,,,,-134.923432110597,84.6064515800424,316.835692602369,127.850536990861,,
Gra-2012-MEI-000011,HD,KFC1f-533,Meier et al. (2012) GCA 76:147,full,Murchison,WU NanoSIMS,2.7,,2.15,2.2,5.2509510471807,0.026446875174185,,,,,-10.5773381223739,10.138509339679,-31.660217965127,11.992820924143,,
Gra-2012-MEI-000012,HD,KFC1f-711,Meier et al. (2012) GCA 76:147,full,Murchison,WU NanoSIMS,1.4,,2.15,2.2,7.61534109706477,0.0387624811716853,,,,,-83.2445618384213,44.8936164310236,-69.1996417497511,53.6001630391237,,
Gra-2012-MEI-000013,HD,KFC1f-741,Meier et al. (2012) GCA 76:147,full,Murchison,WU NanoSIMS,4.1,,2.15,2.2,478.863619760401,3.87678425064274,,,,,-49.5839949944756,16.8783204945953,-59.740889300082,19.9179014151867,,
Gra-2012-MEI-000014,HD,KFC1f-742,Meier et al. (2012) GCA 76:147,full,Murchison,WU NanoSIMS,4.3,,2.15,2.2,108.371830171068,0.659448696241344,,,,,-39.0898182725398,29.4549654643192,-0.623686489650166,35.6781965224242,,
Gra-2013-JAD-000001,LD,OR1b1m-1,Jadhav et al. (2013) GCA 113:193,full,Orgueil,WU NanoSIMS,,,1.59,1.67,91.7159124087591,1.9870747332281,,,,,,,,,,
Gra-2013-JAD-000002,LD,OR1b1m-2,Jadhav et al. (2013) GCA 113:193,full,Orgueil,WU NanoSIMS,,,1.59,1.67,89.7505714285714,1.94450147380215,,,,,,,,,,
Gra-2013-JAD-000003,LD,OR1b1m-3,Jadhav et al. (2013) GCA 113:193,full,Orgueil,WU NanoSIMS,,,1.59,1.67,90.2339676840216,1.95589307670235,,,,,,,,,,
Gra-2013-JAD-000004,LD,OR1b1m-4,Jadhav et al. (2013) GCA 113:193,full,Orgueil,WU NanoSIMS,,,1.59,1.67,88.5644405286344,1.91902648435164,,,,,,,,,,
Gra-2013-JAD-000005,LD,OR1b1m-5,Jadhav et al. (2013) GCA 113:193,full,Orgueil,WU NanoSIMS,,,1.59,1.67,90.4776237623762,1.96186428714135,,,,,,,,,,
Gra-2013-JAD-000006,LD,OR1b1m-7,Jadhav et al. (2013) GCA 113:193,full,Orgueil,WU NanoSIMS,,,1.59,1.67,89.4311743772242,1.93797383012222,,,,,,,,,,
Gra-2013-JAD-000007,LD,OR1b1m-8,Jadhav et al. (2013) GCA 113:193,full,Orgueil,WU NanoSIMS,,,1.59,1.67,90.4776237623762,1.96139072536697,,,,,,,,,,
Gra-2013-JAD-000008,LD,OR1b1m-9,Jadhav et al. (2013) GCA 113:193,full,Orgueil,WU NanoSIMS,,,1.59,1.67,90.5591351351351,1.9682755761891,,,,,,,,,,
Gra-2013-JAD-000009,LD,OR1b1m-10,Jadhav et al. (2013) GCA 113:193,full,Orgueil,WU NanoSIMS,,,1.59,1.67,90.3962589928058,1.96122958650118,,,,,,,,,,
Gra-2013-JAD-000010,LD,OR1b1m-11,Jadhav et al. (2013) GCA 113:193,full,Orgueil,WU NanoSIMS,,,1.59,1.67,89.7505714285714,1.94883963852017,,,,,,,,,,
Gra-2013-JAD-000011,LD,OR1b1m-12,Jadhav et al. (2013) GCA 113:193,full,Orgueil,WU NanoSIMS,,,1.59,1.67,89.1140425531915,1.93100811331153,,,,,,,,,,
Gra-2013-JAD-000012,LD,OR1b1m-13,Jadhav et al. (2013) GCA 113:193,full,Orgueil,WU NanoSIMS,,,1.59,1.67,89.9916204118174,1.9501332128416,,,,,,,,,,
Gra-2013-JAD-000013,LD,OR1b1m-14,Jadhav et al. (2013) GCA 113:193,full,Orgueil,WU NanoSIMS,,,1.59,1.67,89.5108103294746,1.93937456240747,,,,,,,,,,
Gra-2013-JAD-000014,LD,OR1b1m-15,Jadhav et al. (2013) GCA 113:193,full,Orgueil,WU NanoSIMS,,,1.59,1.67,93.2473469387755,2.02812199975963,,,,,,,,,,
Gra-2013-JAD-000015,LD,OR1b1m-16,Jadhav et al. (2013) GCA 113:193,full,Orgueil,WU NanoSIMS,,,1.59,1.67,89.4311743772242,1.9372798124775,,,,,,,,,,
Gra-2013-JAD-000016,LD,OR1b1m-17,Jadhav et al. (2013) GCA 113:193,full,Orgueil,WU NanoSIMS,,,1.59,1.67,89.9111270125224,1.94875807275976,,,,,,,,,,
Gra-2013-JAD-000017,LD,OR1b1m-18,Jadhav et al. (2013) GCA 113:193,full,Orgueil,WU NanoSIMS,,,1.59,1.67,89.9111270125224,1.94843670361279,,,,,,,,,,
Gra-2013-JAD-000018,LD,OR1b1m-19,Jadhav et al. (2013) GCA 113:193,full,Orgueil,WU NanoSIMS,,,1.59,1.67,88.6425396825397,1.92033870751191,,,,,,,,,,
Gra-2013-JAD-000019,LD,OR1b1m-20,Jadhav et al. (2013) GCA 113:193,full,Orgueil,WU NanoSIMS,,,1.59,1.67,89.5905882352941,1.94214423548587,,,,,,,,,,
Gra-2013-JAD-000020,LD,OR1b1m-21,Jadhav et al. (2013) GCA 113:193,full,Orgueil,WU NanoSIMS,,,1.59,1.67,89.5905882352941,1.94106261451515,,,,,,,,,,
Gra-2013-JAD-000021,LD,OR1b1m-22,Jadhav et al. (2013) GCA 113:193,full,Orgueil,WU NanoSIMS,,,1.59,1.67,89.9916204118174,1.95008829244415,,,,,,,,,,
Gra-2013-JAD-000022,LD,OR1b1m-23,Jadhav et al. (2013) GCA 113:193,full,Orgueil,WU NanoSIMS,,,1.59,1.67,91.465550500455,1.98299901362386,,,,,,,,,,
Gra-2013-JAD-000023,LD,OR1c1m-1,Jadhav et al. (2013) GCA 113:193,full,Orgueil,WU NanoSIMS,,,1.67,1.75,88.505359596885,1.24987558042914,276.632533567558,4.34188028288669,,,-14.7047991222867,13.8940018984976,5.11137681349139,18.6621105659544,,
Gra-2013-JAD-000024,LD,OR1c1m-2,Jadhav et al. (2013) GCA 113:193,full,Orgueil,WU NanoSIMS,,,1.67,1.75,89.1111314704535,1.25773871684092,285.386098096125,4.50932240630854,,,-19.550830997546,11.4982709318059,-30.0893400011055,15.7037316086246,,
Gra-2013-JAD-000025,LD,OR1c1m-3,Jadhav et al. (2013) GCA 113:193,full,Orgueil,WU NanoSIMS,,,1.67,1.75,88.9962437013285,1.27047721994372,245.59716842082,3.86557442617882,,,2.74091562864665,9.64765340979816,13.8388272633914,14.27212936158,,
Gra-2013-JAD-000026,LD,OR1c1m-4,Jadhav et al. (2013) GCA 113:193,full,Orgueil,WU NanoSIMS,,,1.67,1.75,90.771781951443,1.28134618427535,275.737282649863,4.35520364884126,,,18.8297414545076,21.0242302956544,-14.9617592212787,25.6833428127728,,
Gra-2013-JAD-000027,LD,OR1c1m-5,Jadhav et al. (2013) GCA 113:193,full,Orgueil,WU NanoSIMS,,,1.67,1.75,89.4662391204764,1.2635788703706,224.608508017096,3.5592772550422,,,-15.8678467723489,9.92554375189999,-0.416008471445295,14.5162887582597,,
Gra-2013-JAD-000028,LD,OR1c1m-6,Jadhav et al. (2013) GCA 113:193,full,Orgueil,WU NanoSIMS,,,1.67,1.75,158.12734768667,2.25230561690751,135.182888571848,2.26719985004816,,,10.1068840790406,12.3202889317607,8.89327200844825,16.8055881943601,,
Gra-2013-JAD-000029,LD,OR1c1m-7,Jadhav et al. (2013) GCA 113:193,full,Orgueil,WU NanoSIMS,,,1.67,1.75,78.4892349977096,1.10936611159036,272.753112924215,7.28200361052905,,,-6.56346557185117,18.6187317989341,-5.94339375638209,23.5378653865737,,
Gra-2013-JAD-000030,LD,OR1d1m-1,Jadhav et al. (2013) GCA 113:193,full,Orgueil,WU NanoSIMS,6,,1.75,1.92,9.63639037536092,0.0723042513266151,267.297410845737,2.93028677430242,,,8.18502785459807,14.5589814276413,25.564803804994,17.8458185518871,,
Gra-2013-JAD-000031,LD,OR1d1m-2,Jadhav et al. (2013) GCA 113:193,full,Orgueil,WU NanoSIMS,5,,1.75,1.92,60.0252374100719,0.468046300025074,139.677970329163,1.6477906139678,,,-294.668972607653,9.63980717902726,-384.661117717004,10.8308952322804,,
Gra-2013-JAD-000032,LD,OR1d1m-3,Jadhav et al. (2013) GCA 113:193,full,Orgueil,WU NanoSIMS,4,,1.75,1.92,25.1058415245737,0.191437178741613,139.677970329163,1.61051222912576,0.00286824356600455,0.000400710756296691,-189.068564551736,7.77255438668086,-224.137931034483,9.46210711745446,,
Gra-2013-JAD-000033,LD,OR1d1m-4,Jadhav et al. (2013) GCA 113:193,full,Orgueil,WU NanoSIMS,8,,1.75,1.92,92.6198852913968,0.752848694079202,282.370573111474,3.14694220917863,,,-11.739577438971,37.4258425661791,-33.8882282996433,43.7609846549864,,
Gra-2013-JAD-000034,LD,OR1d1m-5,Jadhav et al. (2013) GCA 113:193,full,Orgueil,WU NanoSIMS,12,,1.75,1.92,91.6869010989011,0.739684176661297,263.277900908207,5.79151451047935,,,63.9739226765919,29.139548121833,67.18192627824,34.7413834141948,,
Gra-2013-JAD-000035,LD,OR1d1m-6,Jadhav et al. (2013) GCA 113:193,full,Orgueil,WU NanoSIMS,6,,1.75,1.92,12.9123157080217,0.0971631134510446,246.194983673705,2.69710441172544,,,-7.75465638025719,13.0624003289336,40.4280618311534,16.4003703765116,,
Gra-2013-JAD-000036,LD,OR1d1m-7,Jadhav et al. (2013) GCA 113:193,full,Orgueil,WU NanoSIMS,10,,1.75,1.92,8.75958845144357,0.065859614398277,266.292533361355,4.89871689437393,,,44.0493173830225,30.7118840417204,70.1545778834718,37.0867555489853,,
Gra-2013-JAD-000037,LD,OR1d1m-8,Jadhav et al. (2013) GCA 113:193,full,Orgueil,WU NanoSIMS,6,,1.75,1.92,72.9221383831027,0.576904876643415,237.151086314263,3.01211622003897,0.00789030190050266,0.000413306867450194,54.0116200298071,12.2487832839645,49.3460166468489,15.0219461198743,,
Gra-2013-JAD-000038,LD,OR1d1m-9,Jadhav et al. (2013) GCA 113:193,full,Orgueil,WU NanoSIMS,7,,1.75,1.92,91.435704109589,0.72330665967913,267.297410845737,3.09057313385784,,,-11.739577438971,9.59881160395801,4.75624256837071,12.1333581614311,,
Gra-2013-JAD-000039,LD,OR1d1m-10,Jadhav et al. (2013) GCA 113:193,full,Orgueil,WU NanoSIMS,4,,1.75,1.92,317.847923809524,2.7902677474689,292.419347955299,3.35451503214911,,,50.0266989710934,11.9981082916188,99.8810939357906,15.2240073672161,,
Gra-2013-JAD-000040,LD,OR1d1m-11,Jadhav et al. (2013) GCA 113:193,full,Orgueil,WU NanoSIMS,3,,1.75,1.92,6.46366016785023,0.0483267789748768,69.3365464223905,1.11292650029661,0.0383137961403916,0.00103988164584562,-95.4229196719613,20.0668696624712,260.404280618311,29.286258951541,,
Gra-2013-JAD-000041,LD,OR1d1m-12,Jadhav et al. (2013) GCA 113:193,full,Orgueil,WU NanoSIMS,3,,1.75,1.92,92.3635571955719,0.737151227792112,284.380328080239,3.28649972127887,,,4.20010679588434,52.3255418973154,-4.16171224732464,61.8043963068514,,
Gra-2013-JAD-000042,LD,OR1d1m-13,Jadhav et al. (2013) GCA 113:193,full,Orgueil,WU NanoSIMS,2,,1.75,1.92,93.2235530726257,0.755186058452704,313.521775127331,4.01809646308891,,,16.1548699720258,47.1619332468495,19.6195005945301,55.9023015461575,,
Gra-2013-JAD-000043,LD,OR1d1m-14,Jadhav et al. (2013) GCA 113:193,full,Orgueil,WU NanoSIMS,3,,1.75,1.92,92.4488421052632,0.739684977632909,275.336430720797,2.90616741393975,,,-41.6264853793248,22.3796505355661,16.6468489892984,27.6283095885497,,
Gra-2013-JAD-000044,LD,OR1d1m-15,Jadhav et al. (2013) GCA 113:193,full,Orgueil,WU NanoSIMS,4,,1.75,1.92,759.651714719272,7.84286995037719,264.28277839259,3.04923170408309,,,-3.76973532154334,15.3418781911749,10.7015457788346,18.7181672272581,,
Gra-2013-JAD-000045,LD,OR1d1m-17,Jadhav et al. (2013) GCA 113:193,full,Orgueil,WU NanoSIMS,3,,1.75,1.92,117.48661816475,1.12159142912523,54.4643596535299,0.755672446435734,0.0456900887515899,0.000957023670354066,77.9211463820901,18.2628847583708,-289.536266349584,17.0627735479394,,
Gra-2013-JAD-000046,LD,OR1d1m-18,Jadhav et al. (2013) GCA 113:193,full,Orgueil,WU NanoSIMS,9,,1.75,1.92,93.2235530726257,0.757555643365942,249.209616126853,2.74839506833087,,,69.9513042646625,28.9448265207447,76.0998810939357,34.4582475781768,,
Gra-2013-JAD-000047,LD,OR1d1m-19,Jadhav et al. (2013) GCA 113:193,full,Orgueil,WU NanoSIMS,3,,1.75,1.92,93.1368334883721,0.773195721893782,269.307165814502,4.0101433751279,,,-9.74711690961405,46.5588709327378,7.72889417360267,55.5994205271103,,
Gra-2013-JAD-000048,LD,OR1d1m-20,Jadhav et al. (2013) GCA 113:193,full,Orgueil,WU NanoSIMS,2,,1.75,1.92,445.978155902004,4.92600722058135,74.6623970896176,1.39479889216263,,,-61.5510906728938,42.3729482845171,-90.3686087990488,49.331709844841,,
Gra-2013-JAD-000049,LD,OR1d1m-21,Jadhav et al. (2013) GCA 113:193,full,Orgueil,WU NanoSIMS,3,,1.75,1.92,879.807521968366,9.65608327096533,154.7511325949,2.21194370211777,,,-308.616196313151,19.4444669129117,-571.938168846611,17.6546553517543,,
Gra-2013-JAD-000050,LD,OR1d1m-22,Jadhav et al. (2013) GCA 113:193,full,Orgueil,WU NanoSIMS,3,,1.75,1.92,89.795601793722,0.721110341843596,174.84868228255,2.51652992948194,,,-17.7169590270418,50.1336763253363,31.5101070154578,60.9365283103753,,
Gra-2013-JAD-000051,LD,OR1d1m-23,Jadhav et al. (2013) GCA 113:193,full,Orgueil,WU NanoSIMS,2,,1.75,1.92,550.121406593407,5.30052949139673,224.087679017291,2.83690551251176,,,-13.7320379683279,23.3794597482869,-19.024970273484,27.8467288705921,,
Gra-2013-JAD-000052,LD,OR1d1m-24,Jadhav et al. (2013) GCA 113:193,full,Orgueil,WU NanoSIMS,2,,1.75,1.92,150.108089955022,1.21227758741655,,,,,,,,,,
Gra-2013-JAD-000053,LD,OR1d1m-25,Jadhav et al. (2013) GCA 113:193,full,Orgueil,WU NanoSIMS,3,,1.75,1.92,90.2000864864865,0.708176187530673,273.326675752032,4.62687906743372,,,-29.6717222031833,22.5830862526011,-7.13436385255661,27.3085465079274,,
Gra-2013-JAD-000054,LD,OR1d1m-26,Jadhav et al. (2013) GCA 113:193,full,Orgueil,WU NanoSIMS,9,,1.75,1.92,508.750487804878,5.347103343465,159.775520016813,3.13550381951333,,,-29.6717222031833,38.6103525368345,-256.837098692033,39.1795837388538,,
Gra-2013-JAD-000055,LD,OR1d1m-28,Jadhav et al. (2013) GCA 113:193,full,Orgueil,WU NanoSIMS,4,,1.75,1.92,92.791562557924,0.755582492866776,273.326675752032,3.72119489539284,,,-35.649103791254,36.624357882587,82.0451843043994,46.5015855899686,,
Gra-2013-JAD-000056,LD,OR1d1m-29,Jadhav et al. (2013) GCA 113:193,full,Orgueil,WU NanoSIMS,4,,1.75,1.92,93.4846834733893,0.768783106288423,269.307165814502,4.4438220718066,,,89.8759095582315,61.4911268940578,40.4280618311534,70.7098359726674,,
Gra-2013-JAD-000057,LD,OR1d1m-30,Jadhav et al. (2013) GCA 113:193,full,Orgueil,WU NanoSIMS,4,,1.75,1.92,9.69236166505324,0.072670437056472,284.380328080239,6.04782507361872,,,-27.6792616738263,14.7213741905923,-30.9155766944116,17.7675043568279,,
Gra-2013-JAD-000058,LD,OR1d1m-31,Jadhav et al. (2013) GCA 113:193,full,Orgueil,WU NanoSIMS,3,,1.75,1.92,123.045466388104,0.988072487951056,172.838927313785,2.05598591907735,,,67.9588437353056,17.1464257284487,-161.712247324614,17.8280704105597,,
Gra-2013-JAD-000059,LD,OR1d1m-32,Jadhav et al. (2013) GCA 113:193,full,Orgueil,WU NanoSIMS,5,,1.75,1.92,645.53253384913,7.89775639778394,301.463245314741,25.5185263383985,,,-47.6038669673954,58.0803059374737,28.5374554102258,71.8888734430032,,
Gra-2013-JAD-000060,LD,OR1d1m-32b,Jadhav et al. (2013) GCA 113:193,full,Orgueil,WU NanoSIMS,7,,1.75,1.92,14.1775836873407,0.107593809975483,299.453490345976,5.23988360781555,,,50.0266989710934,40.2236838151633,-16.0523186682523,45.8382501459407,,
Gra-2013-JAD-000061,LD,OR1d1m-33,Jadhav et al. (2013) GCA 113:193,full,Orgueil,WU NanoSIMS,10,,1.75,1.92,93.9231669793621,0.823400150957179,271.316920783267,3.21839653737863,,,-19.7094195563986,52.1209597225344,-13.0796670630203,61.7995834475738,,
Gra-2013-JAD-000062,LD,OR1d1m-34,Jadhav et al. (2013) GCA 113:193,full,Orgueil,WU NanoSIMS,7,,1.75,1.92,169.814597458834,1.72473772308889,158.77064253243,2.00068715087312,,,-248.842380432444,7.43473795236611,-482.758620689655,7.30340575172244,,
Gra-2013-JAD-000063,LD,OR1d2m-1,Jadhav et al. (2013) GCA 113:193,full,Orgueil,WU NanoSIMS,11.9113842519643,,1.75,1.92,91.741898185322,1.2870816646796,271.844906663056,3.2248221567402,,,-11.5739439962952,6.66669277957434,-55.9582453323696,7.32657921009558,,
Gra-2013-JAD-000064,LD,OR1d2m-2,Jadhav et al. (2013) GCA 113:193,full,Orgueil,WU NanoSIMS,10,,1.75,1.92,546.096675766822,7.86650671195865,234.150105314659,3.51361752415147,0.00811050787600815,0.00113087540610764,-6.5358970533238,7.97885540654414,-61.2901410286411,8.84158966320915,,
Gra-2013-JAD-000065,LD,OR1d2m-3,Jadhav et al. (2013) GCA 113:193,full,Orgueil,WU NanoSIMS,4.5,,1.75,1.92,243.121888549864,3.46448873892253,266.652255456899,3.19143019976387,,,-23.2002061723826,7.09031369243267,-51.5149989188101,7.96303426427149,,
Gra-2013-JAD-000066,LD,OR1d2m-4,Jadhav et al. (2013) GCA 113:193,full,Orgueil,WU NanoSIMS,3,,1.75,1.92,92.1129275734704,1.29335305929297,284.441893848362,3.31448786700248,,,-26.4943137889407,7.26874076664734,-64.5485217319183,8.11184903310012,,
Gra-2013-JAD-000067,LD,OR1d2m-5,Jadhav et al. (2013) GCA 113:193,full,Orgueil,WU NanoSIMS,2,,1.75,1.92,93.4896418821262,1.31729650021281,295.692638128368,2.52511968865007,,,-0.916537001548257,9.75165009040579,-57.1431110426522,10.944468496236,,
Gra-2013-JAD-000068,LD,OR1d2m-6,Jadhav et al. (2013) GCA 113:193,full,Orgueil,WU NanoSIMS,4.44796018113863,,1.75,1.92,117.362453830095,1.65490092193784,247.131733330051,2.17834495279311,0.0987984915882541,0.0137294792483557,-89.8574426486176,5.67124685319841,-134.75181506616,6.14218114384798,,
Gra-2013-JAD-000069,LD,OR1d2m-7,Jadhav et al. (2013) GCA 113:193,full,Orgueil,WU NanoSIMS,5.45136177849642,,1.75,1.92,91.3611048659065,1.28302764412571,290.115346092126,4.964893734853,,,-27.6569400065495,7.4158088145794,-59.809058890788,8.33694110535349,,
Gra-2013-JAD-000070,LD,OR1d2m-8,Jadhav et al. (2013) GCA 113:193,full,Orgueil,WU NanoSIMS,3.5,,1.75,1.92,22.7694877147904,0.317838657717404,300.789129127004,3.43093919366432,0.00476356012609361,0.000662568374197447,-20.6811827008969,7.79673624192488,-62.4750067389238,8.72232297462274,,
Gra-2013-JAD-000071,LD,OR1d2m-9,Jadhav et al. (2013) GCA 113:193,full,Orgueil,WU NanoSIMS,3.55689330449006,,1.75,1.92,118.924682832825,1.68618749112604,203.378838907805,1.94295577376386,0.208818897606411,0.0290182347599253,-294.867199020294,4.70098355059654,-457.035288263017,4.27677192133859,,
Gra-2013-JAD-000072,LD,OR1d2m-10,Jadhav et al. (2013) GCA 113:193,full,Orgueil,WU NanoSIMS,2,,1.75,1.92,7.1374337562229,0.0996498947526324,350.119315585493,4.00630692796638,,,-35.4077814572745,12.4917327103175,-33.7420132645715,14.7546342566566,,
Gra-2013-JAD-000073,LD,OR1d2m-11,Jadhav et al. (2013) GCA 113:193,full,Orgueil,WU NanoSIMS,4.64158883361278,,1.75,1.92,91.7711899791232,1.29216935657133,308.866586558803,3.15970759037405,,,-32.1136738407164,6.68882322400255,-49.7377003533863,7.54835480641434,,
Gra-2013-JAD-000074,LD,OR1d2m-12,Jadhav et al. (2013) GCA 113:193,full,Orgueil,WU NanoSIMS,6.96238325041917,,1.75,1.92,93.1771960815802,1.30982302546765,208.283009491397,2.294529103111,0.00794020475572714,0.00110372551453634,-12.5427991776358,7.27895367446992,-79.3593431104502,7.91482801559496,,
Gra-2013-JAD-000075,LD,OR1d2m-13,Jadhav et al. (2013) GCA 113:193,full,Orgueil,WU NanoSIMS,10.0941115236327,,1.75,1.92,89.6621808254376,1.26998131065984,268.286978984764,2.26054363557083,,,-21.8438089185058,7.5447251933112,-27.2252518580175,8.68090312323479,,
Gra-2013-JAD-000076,LD,OR1d2m-14,Jadhav et al. (2013) GCA 113:193,full,Orgueil,WU NanoSIMS,3,,1.75,1.92,88.9201220491408,1.24985844350492,328.194788270609,2.9372250024369,,,-30.1759634780352,7.678493138357,-38.1852596781312,8.83191630161276,,
Gra-2013-JAD-000077,LD,OR1d2m-15,Jadhav et al. (2013) GCA 113:193,full,Orgueil,WU NanoSIMS,3.63424118566428,,1.75,1.92,9.5784165729886,0.133593001007061,244.631567934494,2.96224199842797,,,-24.5566034262594,6.72507367312835,-33.7420132645715,7.64724868744345,,
Gra-2013-JAD-000078,LD,OR1d2m-16,Jadhav et al. (2013) GCA 113:193,full,Orgueil,WU NanoSIMS,3,,1.75,1.92,98.7133451100048,1.39015284805272,270.883304587842,2.4079356333405,,,-27.2693979340132,6.59055418776369,-34.334446119713,7.49588837042435,,
Gra-2013-JAD-000079,LD,OR1d2m-17,Jadhav et al. (2013) GCA 113:193,full,Orgueil,WU NanoSIMS,4.5,,1.75,1.92,91.4977999036454,1.28266212181804,282.037888660327,2.9685113869616,,,-29.5946503692307,6.81973990126378,-51.8112153463808,7.67601285722578,,
Gra-2013-JAD-000080,LD,OR1d2m-18,Jadhav et al. (2013) GCA 113:193,full,Orgueil,WU NanoSIMS,5.5,,1.75,1.92,76.5199293399711,1.07503582353244,239.246596313295,2.07276630519608,0.161170386052353,0.000738333138849125,-37.3454918199557,6.08744819649157,-51.5149989188101,6.82881732591879,,
Gra-2013-JAD-000081,LD,OR1d2m-19,Jadhav et al. (2013) GCA 113:193,full,Orgueil,WU NanoSIMS,4,,1.75,1.92,39.1045447245865,0.54707808714788,116.738491931005,1.13984038532441,0.32589467897843,0.0452874418839171,-85.0131667419145,6.15700171789661,-109.573418722656,6.87848048239864,,
Gra-2013-JAD-000082,LD,OR1d2m-20,Jadhav et al. (2013) GCA 113:193,full,Orgueil,WU NanoSIMS,5,,1.75,1.92,37.2005781275092,0.524173779369076,214.052621942682,3.25336496345058,0.0439996721269357,0.00611442967409794,-60.9855582446669,7.09896110040358,-77.878260972597,8.07672653536471,,
Gra-2013-JAD-000083,LD,OR1d2m-21,Jadhav et al. (2013) GCA 113:193,full,Orgueil,WU NanoSIMS,7.5,,1.75,1.92,93.0307371125743,1.31550828515326,248.670296650394,2.31103552447284,,,-21.2624958097014,6.32815515785734,-21.004706879034,7.21545809361098,,
Gra-2013-JAD-000084,LD,OR1d2m-22,Jadhav et al. (2013) GCA 113:193,full,Orgueil,WU NanoSIMS,2,,1.75,1.92,90.9217279588887,1.27513681100839,299.346726014182,4.31117949527895,,,-24.5566034262594,7.40853606025549,-37.0003939678487,8.46653629795884,,
Gra-2013-JAD-000085,LD,OR1d2m-23,Jadhav et al. (2013) GCA 113:193,full,Orgueil,WU NanoSIMS,2.5,,1.75,1.92,31.3129275734704,0.437452293613965,66.4082393142931,0.857569442114379,0.163470472251791,0.0227172839271609,-85.4007088144507,7.65375304724104,-127.938837232035,8.5762463094408,,
Gra-2013-JAD-000086,LD,OR1d2m-24,Jadhav et al. (2013) GCA 113:193,full,Orgueil,WU NanoSIMS,6.5,,1.75,1.92,121.072747711579,1.71427124196686,234.727066559788,2.32668837137266,0.0017251133622694,0.000239928840618466,-13.3178833227082,6.62218529775954,-21.893356161746,7.51444359597712,,
Gra-2013-JAD-000087,LD,OR1d2m-25,Jadhav et al. (2013) GCA 113:193,full,Orgueil,WU NanoSIMS,3,,1.75,1.92,18.971318451903,0.265028570738965,290.884627752297,3.36054080675124,,,-27.8507110428177,7.05121378222696,-42.6285060916908,8.01259197358265,,
Gra-2013-JAD-000088,LD,OR1d2m-26,Jadhav et al. (2013) GCA 113:193,full,Orgueil,WU NanoSIMS,4,,1.75,1.92,92.7573470370965,1.30356403190506,281.845568245284,2.57001108933268,,,-43.7399360168039,7.55208262872971,-50.0339167809568,8.69964011629252,,
Gra-2013-JAD-000089,LD,OR1d2m-27,Jadhav et al. (2013) GCA 113:193,full,Orgueil,WU NanoSIMS,2.51984209978975,,1.75,1.92,91.9469407419303,1.29026071864741,285.595816338619,3.11516687674373,,,-31.9199028044483,8.08113147228774,-59.2166260356468,9.18275931147251,,
Gra-2013-JAD-000090,LD,OR1d2m-28,Jadhav et al. (2013) GCA 113:193,full,Orgueil,WU NanoSIMS,3.1748021039364,,1.75,1.92,93.0209731813072,1.30897166686649,272.614188323227,2.18247702658238,,,-23.3939772086508,7.16973023620462,-33.7420132645715,8.1858342571973,,
Gra-2013-JAD-000091,LD,OR1d2m-29,Jadhav et al. (2013) GCA 113:193,full,Orgueil,WU NanoSIMS,7.88373516310524,,1.75,1.92,87.0454472458648,1.22411921848773,250.978141630908,2.00927530764888,,,-22.231350991042,6.32305245133513,-30.187416133724,7.15352817613099,,
Gra-2013-JAD-000092,LD,OR1d2m-30,Jadhav et al. (2013) GCA 113:193,full,Orgueil,WU NanoSIMS,4.30886938006377,,1.75,1.92,94.4855628713666,1.32596652636748,195.109061060962,1.91071269863723,0.266606390433897,0.0370486012385008,-59.2416189182537,6.09732151008135,-86.4685373721457,6.76861145312471,,
Gra-2013-JAD-000093,LD,OR1d2m-31,Jadhav et al. (2013) GCA 113:193,full,Orgueil,WU NanoSIMS,4,,1.75,1.92,95.4814838606071,1.34087600228448,272.13338728562,2.9685360405291,,,-28.0444820790857,6.44836794791756,-32.2609311267185,7.33999625669974,,
Gra-2013-JAD-000094,LD,OR1d2m-32,Jadhav et al. (2013) GCA 113:193,full,Orgueil,WU NanoSIMS,3,,1.75,1.92,19.5766821904609,0.273657721675604,269.729382097585,3.16274816854094,0.0845253547855863,0.0117459992270206,-43.7399360168039,8.32624333511009,-34.9268789748542,9.76138653938515,,
Gra-2013-JAD-000095,LD,OR1d2m-33,Jadhav et al. (2013) GCA 113:193,full,Orgueil,WU NanoSIMS,,,1.75,1.92,90.8826722338205,1.27276706870118,297.615842278797,3.49719064824957,,,-25.3316875713321,7.58803907648287,-40.2587746711258,8.66845000296962,,
Gra-2013-JAD-000096,LD,OR1d2m-34,Jadhav et al. (2013) GCA 113:193,full,Orgueil,WU NanoSIMS,3,,1.75,1.92,92.0641079171351,1.2909567121356,289.826865469562,3.73057158360163,,,-35.0202393847383,7.90091792612021,-42.9247225192615,9.10660578896617,,
Gra-2013-JAD-000097,LD,OR1d2m-35,Jadhav et al. (2013) GCA 113:193,full,Orgueil,WU NanoSIMS,3,,1.75,1.92,6.31628713666292,0.0881183265140842,246.747092499965,2.77399901278485,0.0286610534893081,0.00398308544728036,-29.4008793329625,7.2097042828067,-41.739856808979,8.22437509577379,,
Gra-2013-JAD-000098,LD,OR1d2m-36,Jadhav et al. (2013) GCA 113:193,full,Orgueil,WU NanoSIMS,6.64939976115097,,1.75,1.92,91.3415770033724,1.28197598230356,263.863609438778,2.46708130291197,,,-21.2624958097014,6.65433336936125,-31.0760654164358,7.55194506182276,,
Gra-2013-JAD-000099,LD,OR1d2m-38,Jadhav et al. (2013) GCA 113:193,full,Orgueil,WU NanoSIMS,3,,1.75,1.92,932.94363256785,14.0243957537339,281.55708762272,5.05310201140021,,,-40.0582863277095,7.32675165888309,-57.1431110426522,8.34203554424114,,
Gra-2013-JAD-000100,LD,OR1d2m-39,Jadhav et al. (2013) GCA 113:193,full,Orgueil,WU NanoSIMS,4.5,,1.75,1.92,11.7655371768107,0.164194126758696,276.84523745417,3.39591645628748,,,-15.4493647216576,6.84704393436647,-20.1160575963222,7.82117325033158,,
Gra-2013-JAD-000101,LD,OR1d2m-40,Jadhav et al. (2013) GCA 113:193,full,Orgueil,WU NanoSIMS,9.5,,1.75,1.92,92.5718323430223,1.30183783412444,264.152090061343,2.40017359810702,,,-17.3870750843389,6.70267773171329,-19.8198411687515,7.66058512304281,,
Gra-2013-JAD-000102,LD,OR1d2m-42,Jadhav et al. (2013) GCA 113:193,full,Orgueil,WU NanoSIMS,3.30192724889463,,1.75,1.92,97.3756865264172,1.36527832332637,194.147458985748,2.12276941078397,0.210762200050762,0.0292885723023565,-37.7330338924919,7.36338736268011,-55.0695960496578,8.38390970138098,,
Gra-2013-JAD-000103,LD,OR1d2m-43,Jadhav et al. (2013) GCA 113:193,full,Orgueil,WU NanoSIMS,5,,1.75,1.92,91.3806327284407,1.28263271878641,268.767780022371,3.17018836408081,,,-20.8749537371652,6.92930195990699,-41.739856808979,7.81484144480987,,
Gra-2013-JAD-000104,LD,OR1d3m-1,Jadhav et al. (2013) GCA 113:193,full,Orgueil,WU NanoSIMS,5,3,1.75,1.92,475.315690155106,2.99840429889422,229.743729159844,3.61880465510344,,,-6.96809428501621,17.5787060003037,-3.26277255496232,21.0175529507846,,
Gra-2013-JAD-000105,LD,OR1d3m-2,Jadhav et al. (2013) GCA 113:193,full,Orgueil,WU NanoSIMS,8,,1.75,1.92,115.376444055783,0.678129188463596,182.270910180603,1.82028458785625,0.00378388619625628,0.000259216380925591,4.0743574068105,10.2794759551044,-33.0925747064311,11.9959551036353,,
Gra-2013-JAD-000106,LD,OR1d3m-3,Jadhav et al. (2013) GCA 113:193,full,Orgueil,WU NanoSIMS,3,,1.75,1.92,43.3298292447186,0.241862691162951,253.428649691787,2.66124635814748,,,-16.4330528780106,8.30677317445311,-3.26277255496232,9.9880857123693,,
Gra-2013-JAD-000107,LD,OR1d3m-4,Jadhav et al. (2013) GCA 113:193,full,Orgueil,WU NanoSIMS,3,,1.75,1.92,17.5219404427671,0.0975751961736807,255.694163829625,1.69971235002729,0.000952137496614797,0.0000798108665245678,-19.1936658009673,11.9406782178907,-22.546685056922,14.2186956782349,,
Gra-2013-JAD-000108,LD,OR1d3m-5,Jadhav et al. (2013) GCA 113:193,full,Orgueil,WU NanoSIMS,2.5,,1.75,1.92,2477.94909559534,16.0259139761238,238.70280779584,4.01151494727029,,,-63.560659205628,21.1409665916829,135.641659685716,28.2217652657653,,
Gra-2013-JAD-000109,LD,OR1d3m-6,Jadhav et al. (2013) GCA 113:193,full,Orgueil,WU NanoSIMS,7,,1.75,1.92,126.737791687762,0.732876366749175,218.313180555298,1.63725721866846,0.00097566979994702,0.0000641412471253024,-9.33433393326488,2.88226114410094,-5.6732616177072,3.44495159779329,,
Gra-2013-JAD-000110,LD,OR1d3m-7,Jadhav et al. (2013) GCA 113:193,full,Orgueil,WU NanoSIMS,8,,1.75,1.92,11.4201132231785,0.0637576012254071,235.922404081221,2.33835577204681,,,-32.7995437783964,11.8932357265131,-6.2758838833934,14.4176739579659,,
Gra-2013-JAD-000111,LD,OR1d3m-8,Jadhav et al. (2013) GCA 113:193,full,Orgueil,WU NanoSIMS,3.5,,1.75,1.92,13.0557555115755,0.0726757105660535,268.875336995228,1.59266993694216,,,-42.6588756460988,23.6253524602859,13.9119620170955,29.1428700313046,,
Gra-2013-JAD-000112,LD,OR1d3m-9,Jadhav et al. (2013) GCA 113:193,full,Orgueil,WU NanoSIMS,6,,1.75,1.92,13.7119712799742,0.076395535204111,239.320675287978,2.14745783323612,,,15.3139957359911,6.88120234363337,10.5975395558211,8.1824287616803,,
Gra-2013-JAD-000113,LD,OR1d3m-10,Jadhav et al. (2013) GCA 113:193,full,Orgueil,WU NanoSIMS,7,,1.75,1.92,91.4392599070281,0.512573517086504,253.737583437856,2.12466501959906,,,1.3137444838538,7.52300910076618,3.6673835004295,8.98281124371316,,
Gra-2013-JAD-000114,LD,OR1d3m-11,Jadhav et al. (2013) GCA 113:193,full,Orgueil,WU NanoSIMS,9,,1.75,1.92,92.3795093662263,0.513814123833713,260.946037512795,1.72656281717831,,,-9.5315205706189,4.64889437276749,-7.78243954760904,5.55354931494417,,
Gra-2013-JAD-000115,LD,OR1d3m-12,Jadhav et al. (2013) GCA 113:193,full,Orgueil,WU NanoSIMS,7,4,1.75,1.92,17.1987296911677,0.0958975900548591,252.501848453581,1.79929086405945,,,6.63778369241297,9.76517036848047,0.955583304841356,11.6079933429636,,
Gra-2013-JAD-000116,LD,OR1d3m-13,Jadhav et al. (2013) GCA 113:193,full,Orgueil,WU NanoSIMS,8,,1.75,1.92,91.8506190454273,0.536584222833671,258.268611713532,2.06010556970717,,,-19.5880390756753,10.6635000139835,-5.07063935202101,12.8305184868946,,
Gra-2013-JAD-000117,LD,OR1d3m-14,Jadhav et al. (2013) GCA 113:193,full,Orgueil,WU NanoSIMS,11,5,1.75,1.92,91.9681502278271,0.557770619070122,272.376586117341,1.40913210000272,,,-44.8279286569935,48.98230979812,-79.4944891642714,57.250403428504,,
Gra-2013-JAD-000118,LD,OR1d3m-15,Jadhav et al. (2013) GCA 113:193,full,Orgueil,WU NanoSIMS,10,,1.75,1.92,21.5180006443595,0.120079554883249,227.684170852719,2.90133882984235,,,0.72218457179174,8.86065516087777,23.8552294009184,10.7110929443777,,
Gra-2013-JAD-000119,LD,OR1d3m-16,Jadhav et al. (2013) GCA 113:193,full,Orgueil,WU NanoSIMS,5,,1.75,1.92,49.8626041331063,0.278099730845784,256.312031321763,4.28980555002573,0.00250785601901749,0.000161009715819783,-64.3494057550441,14.0415634492729,-96.3679126034861,16.4257840162275,,
Gra-2013-JAD-000120,LD,OR1d3m-17,Jadhav et al. (2013) GCA 113:193,full,Orgueil,WU NanoSIMS,8,,1.75,1.92,91.6645280066277,0.535981292458215,229.331817498419,1.81229787284315,0.0253416153765443,0.00161462233857963,-54.8844471620499,10.4679884437382,-98.7784016662311,12.1637172177804,,
Gra-2013-JAD-000121,LD,OR1d3m-18,Jadhav et al. (2013) GCA 113:193,full,Orgueil,WU NanoSIMS,7,,1.75,1.92,75.9447323606572,0.425798339804838,217.489357232448,1.759658926146,,,-89.3921086990082,9.06439932887609,-102.092824127505,10.7362274218001,,
Gra-2013-JAD-000122,LD,OR1d3m-19,Jadhav et al. (2013) GCA 113:193,full,Orgueil,WU NanoSIMS,5,,1.75,1.92,88.2463294518341,0.504450537587546,269.596182402722,1.49184568542241,,,-18.9964791636131,12.7389743407837,-21.6427516583926,15.1704818710424,,
Gra-2013-JAD-000123,LD,OR1d3m-20,Jadhav et al. (2013) GCA 113:193,full,Orgueil,WU NanoSIMS,10,,1.75,1.92,72.869333087863,0.406217657326411,227.581192937363,1.73292416050001,0.0377789841137979,0.000652737,-40.0954493604962,4.06225880478409,-55.0882874039788,4.80403742015576,,
Gra-2013-JAD-000124,LD,OR1d3m-21,Jadhav et al. (2013) GCA 113:193,full,Orgueil,WU NanoSIMS,5,,1.75,1.92,21.5375891747595,0.120441649051826,252.913760115006,1.57679367841201,,,17.2858621095315,13.6578779477707,-15.3152178686871,15.9807978936579,,
Gra-2013-JAD-000125,LD,OR1d3m-22,Jadhav et al. (2013) GCA 113:193,full,Orgueil,WU NanoSIMS,5,3,1.75,1.92,91.1356376858287,0.519699591108296,250.751223892524,1.41275307113526,,,-10.3202671200351,11.7633769376488,-33.0925747064311,13.8420869950396,,
Gra-2013-JAD-000126,LD,OR1d3m-23,Jadhav et al. (2013) GCA 113:193,full,Orgueil,WU NanoSIMS,8,,1.75,1.92,91.8995903714273,0.526598610392558,246.323173532204,2.19639982686231,,,-14.8555597791782,12.7429560461942,-10.4942397431971,15.2428957549729,,
Gra-2013-JAD-000127,LD,OR1d3m-24,Jadhav et al. (2013) GCA 113:193,full,Orgueil,WU NanoSIMS,18,,1.75,1.92,93.094490725825,0.530067910387614,142.315479022369,1.14184602601481,0.0132210987241533,0.00129646579069228,45.2863646138064,18.6732408796819,-171.997006947109,19.4587266363844,,
Gra-2013-JAD-000128,LD,OR1d3m-25,Jadhav et al. (2013) GCA 113:193,full,Orgueil,WU NanoSIMS,8,,1.75,1.92,99.8035623878124,0.562681128496053,241.071299849034,1.74802277434758,,,-30.2361174927939,5.52385132715992,-28.2715965809411,6.5991269850924,,
Gra-2013-JAD-000129,LD,OR1d3m-26,Jadhav et al. (2013) GCA 113:193,full,Orgueil,WU NanoSIMS,5,,1.75,1.92,91.8800018410273,0.528734280005898,253.943539268568,1.43362568203623,,,-16.6302395153647,10.8822982348968,-19.2322625956476,12.9628388337372,,
Gra-2013-JAD-000130,LD,OR1d3m-27,Jadhav et al. (2013) GCA 113:193,full,Orgueil,WU NanoSIMS,3,,1.75,1.92,95.7977079210199,0.55311058063398,214.297041856403,1.26074059503278,0.0380035722618192,0.00372259139303997,-4.40466799941364,12.0117861461275,-76.1800667029972,13.7271212795078,,
Gra-2013-JAD-000131,LD,OR1d3m-28,Jadhav et al. (2013) GCA 113:193,full,Orgueil,WU NanoSIMS,5,,1.75,1.92,91.4294656418281,0.514553600125607,260.637103766726,2.19866019180842,,,-31.4192373169182,12.2579000175914,-1.15359462506048,14.8875907424435,,
Gra-2013-JAD-000132,LD,OR1d3m-29,Jadhav et al. (2013) GCA 113:193,full,Orgueil,WU NanoSIMS,3,,1.75,1.92,244.66074469554,1.45079531629824,259.504346697807,2.00925914600613,,,-32.2079838663344,14.6568817956286,-31.8873301750586,17.4927620751505,,
Gra-2013-JAD-000133,LD,OR1d3m-30,Jadhav et al. (2013) GCA 113:193,full,Orgueil,WU NanoSIMS,10,,1.75,1.92,91.7624706586275,0.532128484575256,222.329319254193,1.71296342111271,,,-20.9683455371537,10.90195880788,-33.3938858392743,12.9204905941336,,
Gra-2013-JAD-000134,LD,OR1d4m-1,Jadhav et al. (2013) GCA 113:193,full,Orgueil,WU NanoSIMS,5,,1.75,1.92,64.3641984974179,0.622272149497359,72.6556595571002,0.578982685830718,0.620352761415169,0.0516288402973594,-451.000558314478,4.87130814351936,-659.92271957626,4.50598899288343,,
Gra-2013-JAD-000135,LD,OR1d4m-2,Jadhav et al. (2013) GCA 113:193,full,Orgueil,WU NanoSIMS,5,,1.75,1.92,18.1318538370045,0.175094713831499,265.69383420578,2.09291916651631,,,13.0469278011227,7.97286769845194,-18.3649546303128,11.0861967150132,,
Gra-2013-JAD-000136,LD,OR1d4m-3,Jadhav et al. (2013) GCA 113:193,full,Orgueil,WU NanoSIMS,3.5,,1.75,1.92,2279.10025745645,22.8677569307615,248.887898909632,4.34456229349967,0.103783091312499,0.00863893497020294,-8.13963738943901,18.9149127759486,-261.190465853341,19.7844213055415,,
Gra-2013-JAD-000137,LD,OR1d4m-4,Jadhav et al. (2013) GCA 113:193,full,Orgueil,WU NanoSIMS,3,,1.75,1.92,58.0646411418419,0.561088215329092,197.069598413173,1.32884734236294,0.120859604876792,0.00658095990371768,-142.664041609121,7.83402404216339,-163.634784873877,10.5698897157611,,
Gra-2013-JAD-000138,LD,OR1d4m-5,Jadhav et al. (2013) GCA 113:193,full,Orgueil,WU NanoSIMS,6,,1.75,1.92,150.451677983709,1.45554792435902,268.995000067524,3.01308348103843,,,-4.43713085128261,8.26175757383076,-15.3258368427908,11.5434507035575,,
Gra-2013-JAD-000139,LD,OR1d4m-6,Jadhav et al. (2013) GCA 113:193,full,Orgueil,WU NanoSIMS,3,,1.75,1.92,90.9116397416402,0.880685464250919,268.394788092661,4.37063982171623,,,-40.0223325791189,18.0419220042636,1.08539920982942,23.1239831610032,,
Gra-2013-JAD-000140,LD,OR1d4m-7,Jadhav et al. (2013) GCA 113:193,full,Orgueil,WU NanoSIMS,4.5,,1.75,1.92,116.964046432497,1.13528637651672,245.486697718744,2.78516421954949,0.0648307648795997,0.00539952658448183,-156.239898915694,14.0315510494551,-169.105196891417,17.5222804874417,,
Gra-2013-JAD-000141,LD,OR1d4m-8,Jadhav et al. (2013) GCA 113:193,full,Orgueil,WU NanoSIMS,3.5,,1.75,1.92,14.2589364489077,0.137651322462828,248.087616276482,2.85092092275717,0.235457468240623,0.0195983479066355,-231.524198524874,9.19619773670128,-204.055051447922,12.3608517885069,0.00648119067998601,0.00013
Gra-2013-JAD-000142,LD,OR1d4m-9,Jadhav et al. (2013) GCA 113:193,full,Orgueil,WU NanoSIMS,5,,1.75,1.92,110.557716918352,1.0704460828313,259.291573140581,2.52739064467952,0.0105177193367349,0.000877038977658248,-110.575651611766,11.3964625210542,-132.027959883645,14.5254012705507,0.00761177235489273,0.000116561746836266
Gra-2013-JAD-000143,LD,OR1d4m-10,Jadhav et al. (2013) GCA 113:193,full,Orgueil,WU NanoSIMS,3,,1.75,1.92,108.616404944368,1.05138692406086,244.786450414738,3.99385724043563,0.0777584632354696,0.00647927090654274,17.5722135699803,11.6956780250543,-45.1091911605089,14.684434749522,,
Gra-2013-JAD-000144,LD,OR1d4m-11,Jadhav et al. (2013) GCA 113:193,full,Orgueil,WU NanoSIMS,3,,1.75,1.92,89.5236016802421,0.865894945033154,310.209555674746,1.86146099279873,,,-6.49407892803611,19.029889437563,-5.90457170147163,23.7495428066462,,
Gra-2013-JAD-000145,LD,OR1d4m-12,Jadhav et al. (2013) GCA 113:193,full,Orgueil,WU NanoSIMS,2.5,,1.75,1.92,26.2950706876044,0.253949491354042,267.194364142936,2.87012208677617,,,-16.7788193118038,12.1240216654388,-39.942690921721,15.5311622759672,,
Gra-2013-JAD-000146,LD,OR1d4m-13,Jadhav et al. (2013) GCA 113:193,full,Orgueil,WU NanoSIMS,2,,1.75,1.92,106.675092970385,1.03234668409676,161.256950579713,1.58162779816346,0.141374752378305,0.0117658580784466,-54.4209691163939,11.2926114077153,-56.0500151955888,14.7737788341752,,
Gra-2013-JAD-000147,LD,OR1d4m-14,Jadhav et al. (2013) GCA 113:193,full,Orgueil,WU NanoSIMS,4.5,,1.75,1.92,22.9171878528734,0.221311705635535,168.359458948919,1.31531531885622,0.0693700135395992,0.00577689914626585,-108.313008727337,9.75418928369402,-141.753136803716,12.585486278888,,
Gra-2013-JAD-000148,LD,OR1d4m-15,Jadhav et al. (2013) GCA 113:193,full,Orgueil,WU NanoSIMS,3.5,,1.75,1.92,90.3777789487948,0.873190122379499,270.395494675536,2.74632231191975,,,-43.7248391172754,14.344864256443,-0.130247905179459,18.8179586567282,,
Gra-2013-JAD-000149,LD,OR1d4m-16,Jadhav et al. (2013) GCA 113:193,full,Orgueil,WU NanoSIMS,3.5,,1.75,1.92,103.860190608109,1.00517134826225,182.56447568733,1.4471044723882,0.572180135794023,0.0476178333211953,-58.5348652699009,8.87112958271233,-26.8744844353753,12.4807264632304,,
Gra-2013-JAD-000150,LD,OR1d4m-17,Jadhav et al. (2013) GCA 113:193,full,Orgueil,WU NanoSIMS,2,,1.75,1.92,90.4845511073639,0.874633394751953,290.902737150003,5.61754000793882,,,-10.4022802738679,22.9774697067747,-6.20848348022396,28.4396719917418,,
Gra-2013-JAD-000151,LD,OR1d4m-18,Jadhav et al. (2013) GCA 113:193,full,Orgueil,WU NanoSIMS,2,,1.75,1.92,89.6012541592014,0.866384449924993,273.996766524711,2.81260418678698,,,-80.3385148834885,13.6771289331911,83.7494030304346,19.4749212503828,,
Gra-2013-JAD-000152,LD,OR1d4m-19,Jadhav et al. (2013) GCA 113:193,full,Orgueil,WU NanoSIMS,3.5,,1.75,1.92,8.63398500429094,0.083353447110492,247.287333643332,3.77229726919108,0.0287203274366828,0.00239134472838912,-18.8357673885574,11.8908893651767,8.07537012113047,15.8514884103471,0.000689581325623727,0.0000315293590353253
Gra-2013-JAD-000153,LD,OR1d4m-20,Jadhav et al. (2013) GCA 113:193,full,Orgueil,WU NanoSIMS,2,,1.75,1.92,27.168661075897,0.262347109593448,165.45843440375,2.44234943521808,0.692763571668151,0.0576527992427934,-229.672945255796,12.9350231856133,-341.119263665176,14.7885486429497,,
Gra-2013-JAD-000154,LD,OR1d4m-21,Jadhav et al. (2013) GCA 113:193,full,Orgueil,WU NanoSIMS,2,,1.75,1.92,90.7175085442419,0.877555119337229,279.998886273335,2.64645711049896,,,8.3159472245895,12.8474318746036,-0.738071462683898,16.5552890425039,,
Gra-2013-JAD-000155,LD,OR1d4m-22,Jadhav et al. (2013) GCA 113:193,full,Orgueil,WU NanoSIMS,2,,1.75,1.92,90.6883888646321,0.878169193298209,270.195424017249,4.81279823607508,,,19.4234668390585,26.3634281939447,-82.7942517257847,30.4997774648899,,
Gra-2013-JAD-000156,LD,OR1d4m-23,Jadhav et al. (2013) GCA 113:193,full,Orgueil,WU NanoSIMS,,,1.75,1.92,90.2613002303558,0.873122181716993,282.399734172785,3.73572240619862,,,-63.0601510387587,19.9335577451857,-87.352928407068,24.3375088852488,,
Gra-2013-JAD-000157,MD,OR1f1m-1,Jadhav et al. (2013) GCA 113:193,full,Orgueil,WU NanoSIMS,5,,2.02,2.04,96.0377414392342,0.968573191720062,266.088467203602,4.61967902944301,,,-13.3795070115214,31.1983333260667,4.10662995228717,36.4274588488591,,
Gra-2013-JAD-000158,MD,OR1f1m-2,Jadhav et al. (2013) GCA 113:193,full,Orgueil,WU NanoSIMS,4,,2.02,2.04,467.146031565153,5.9392868507003,267.083190445484,5.14180307889655,,,-5.33531220525574,37.493386209212,-37.4344244783631,42.7386361692732,,
Gra-2013-JAD-000159,MD,OR1f1m-3,Jadhav et al. (2013) GCA 113:193,full,Orgueil,WU NanoSIMS,3,,2.02,2.04,13.9364366702752,0.139399165307204,275.040976380545,4.64147614662529,,,14.372965070095,18.1874207393919,13.3050062905027,20.2237759138034,,
Gra-2013-JAD-000160,MD,OR1f1m-4,Jadhav et al. (2013) GCA 113:193,full,Orgueil,WU NanoSIMS,4,,2.02,2.04,228.636544926215,2.36792564349322,304.271270359061,4.9935323987241,,,-14.5861362324611,68.1682869526582,-84.3164716215253,76.5462595465824,,
Gra-2013-JAD-000161,MD,OR1f1m-5,Jadhav et al. (2013) GCA 113:193,full,Orgueil,WU NanoSIMS,6,,2.02,2.04,13.5207338613184,0.134429812092391,570.573251543873,15.1419939889459,,,-24.6413797402931,21.6241107019875,4.4033517696489,24.9855619111411,,
Gra-2013-JAD-000162,MD,OR1f1m-6,Jadhav et al. (2013) GCA 113:193,full,Orgueil,WU NanoSIMS,4,,2.02,2.04,519.316734089226,5.56168500018066,274.875571358271,4.43322908246212,,,-2.31873915290604,16.0642653835648,-6.57535547273702,17.5829394709843,,
Gra-2013-JAD-000163,MD,OR1f1m-7,Jadhav et al. (2013) GCA 113:193,full,Orgueil,WU NanoSIMS,6,,2.02,2.04,11.5357529485499,0.115192555956274,296.948131309742,4.76210811614603,,,-7.54746577697873,15.0252960872413,-2.4212500296722,16.3769641541997,,
Gra-2013-JAD-000164,MD,OR1f1m-9,Jadhav et al. (2013) GCA 113:193,full,Orgueil,WU NanoSIMS,3,,2.02,2.04,8.98853398666743,0.0894954275666934,315.101264727774,5.19829109908966,,,,,,,,
Gra-2013-JAD-000165,MD,OR1f1m-10,Jadhav et al. (2013) GCA 113:193,full,Orgueil,WU NanoSIMS,5,,2.02,2.04,1128.63312631759,12.4697301365137,282.198710407591,4.27937710716982,,,-10.9662485696416,12.0010654604412,-6.57535547273702,12.4397389765173,,
Gra-2013-JAD-000166,MD,OR1f1m-11,Jadhav et al. (2013) GCA 113:193,full,Orgueil,WU NanoSIMS,4,,2.02,2.04,1634.75129622244,17.4988560118502,268.077913687367,5.50122079278744,,,-35.7021475989084,21.8556557710489,-42.1819735561515,24.762392129517,,
Gra-2013-JAD-000167,MD,OR1f1m-12,Jadhav et al. (2013) GCA 113:193,full,Orgueil,WU NanoSIMS,4,,2.02,2.04,364.779214859552,3.86166265753006,276.010142196898,4.27667586806013,,,-5.93862681572555,12.9676891281978,6.18368267381975,13.770366232453,,
Gra-2013-JAD-000168,MD,OR1f1m-13,Jadhav et al. (2013) GCA 113:193,full,Orgueil,WU NanoSIMS,3,,2.02,2.04,803.657455415646,8.89675147471148,283.230138442706,4.49495322858496,,,-26.2502187015463,18.6095363321179,14.7886153773116,21.389747076922,,
Gra-2013-JAD-000169,MD,OR1f1m-14,Jadhav et al. (2013) GCA 113:193,full,Orgueil,WU NanoSIMS,5,,2.02,2.04,825.897555694832,9.05166404484056,277.247855839036,4.31897804792731,,,3.31219721147979,13.6573558694271,0.249246326583963,14.496025362608,,
Gra-2013-JAD-000170,MD,OR1f1m-15,Jadhav et al. (2013) GCA 113:193,full,Orgueil,WU NanoSIMS,5,,2.02,2.04,18.9872257990998,0.189779511023358,283.126995639194,4.75028401400617,,,-50.9861177308131,24.6444894747502,-52.863958981176,28.2146200549481,,
Gra-2013-JAD-000171,MD,OR1f1m-16,Jadhav et al. (2013) GCA 113:193,full,Orgueil,WU NanoSIMS,7,,2.02,2.04,77.4142555979716,0.785624761691033,291.172134313095,7.25438089323828,,,176.865700156661,12.846376776199,583.307617442495,15.9443547910522,,
Gra-2013-JAD-000172,MD,OR1f1m-17,Jadhav et al. (2013) GCA 113:193,full,Orgueil,WU NanoSIMS,5,,2.02,2.04,719.477636601903,7.89094693251668,295.091560846534,5.52639663670369,,,-30.4734209748357,24.2185459823013,214.779120279156,31.757119228234,,
Gra-2013-JAD-000173,MD,OR1f1m-18,Jadhav et al. (2013) GCA 113:193,full,Orgueil,WU NanoSIMS,3,,2.02,2.04,1676.32157711811,20.342776484023,267.036718291393,4.30241760276464,,,,,,,,
Gra-2013-JAD-000174,MD,OR1f1m-19,Jadhav et al. (2013) GCA 113:193,full,Orgueil,WU NanoSIMS,3,,2.02,2.04,417.157768788103,4.24159160636266,272.503286877505,4.52596177386335,,,-24.0380651298233,39.3720684351575,37.6361953141691,47.5067385761577,,
Gra-2013-JAD-000175,MD,OR1f1m-20,Jadhav et al. (2013) GCA 113:193,full,Orgueil,WU NanoSIMS,7,,2.02,2.04,89.2306079425674,0.88874306552268,279.413854712779,4.32783632931077,,,-16.9993946743409,12.2448217886693,-3.3114154817574,12.866888560297,,
Gra-2013-JAD-000176,MD,OR1f1m-21,Jadhav et al. (2013) GCA 113:193,full,Orgueil,WU NanoSIMS,6,,2.02,2.04,1034.58036579112,12.133609758209,268.996431558113,4.25468248937368,,,-20.4181774670037,26.7705185106295,37.3394734968073,31.8118556622876,,
Gra-2013-JAD-000177,MD,OR1f1m-22,Jadhav et al. (2013) GCA 113:193,full,Orgueil,WU NanoSIMS,6,,2.02,2.04,434.097658253091,4.40046758919789,275.803856589875,4.22136127237884,,,-28.6634771434259,16.3647909447848,104.695326037933,19.60254684603,,
Gra-2013-JAD-000178,MD,OR1f1m-23,Jadhav et al. (2013) GCA 113:193,full,Orgueil,WU NanoSIMS,5,,2.02,2.04,1789.60059255883,22.4634302658199,271.987572859947,4.21226050547586,,,-5.5364170754123,20.7919197215728,-26.7524390533386,23.1784882596836,,
Gra-2013-JAD-000179,MD,OR1f1m-24,Jadhav et al. (2013) GCA 113:193,full,Orgueil,WU NanoSIMS,11,,2.02,2.04,1669.04677796137,17.2885536448877,294.369561221953,5.39663178223852,,,-70.2921852658506,23.5835738295088,-22.5983336102737,27.8414698320679,,
Gra-2013-JAD-000180,MD,OR1f1m-25,Jadhav et al. (2013) GCA 113:193,full,Orgueil,WU NanoSIMS,5,,2.02,2.04,634.882114979203,7.02057554716274,275.597570982852,4.58202891103398,,,-16.5971849340276,22.0601976499113,197.27253305481,28.2582417779866,,
Gra-2013-JAD-000181,MD,OR1f1m-26,Jadhav et al. (2013) GCA 113:193,full,Orgueil,WU NanoSIMS,4,,2.02,2.04,1457.03834539343,16.897032854209,287.673961552455,7.68551018143678,,,-52.9971664323795,35.9190249539652,-0.640919125501349,43.0672803392006,,
Gra-2013-JAD-000182,MD,OR1f1m-27,Jadhav et al. (2013) GCA 113:193,full,Orgueil,WU NanoSIMS,5,,2.02,2.04,357.608341405048,3.76030395134283,281.270425175987,4.88977938046985,,,41.5221225412417,48.799059580564,-0.0474754907777708,55.5678336766061,,
Gra-2013-JAD-000183,MD,OR1f1m-28,Jadhav et al. (2013) GCA 113:193,full,Orgueil,WU NanoSIMS,4,,2.02,2.04,485.852657968207,5.27504872374423,278.485569481175,4.75627543469938,,,-52.7960615622228,12.4923987712697,215.075842096518,15.6211843656582,,
Gra-2013-JAD-000184,MD,OR1f1m-29,Jadhav et al. (2013) GCA 113:193,full,Orgueil,WU NanoSIMS,4,,2.02,2.04,601.833741667142,6.4895745008578,283.023852835683,4.59794561961038,,,-27.4568479224861,16.5572933186994,-43.0721390082369,18.1129354674762,,
Gra-2013-JAD-000185,MD,OR1f1m-30,Jadhav et al. (2013) GCA 113:193,full,Orgueil,WU NanoSIMS,3,,2.02,2.04,404.894535923879,4.28451068933447,279.310711909267,4.71038178441794,,,-15.3905557130878,22.1764065444613,137.631447765091,27.5082669159547,,
Gra-2013-JAD-000186,MD,OR1f1m-31,Jadhav et al. (2013) GCA 113:193,full,Orgueil,WU NanoSIMS,3,,2.02,2.04,275.818813742807,2.77835021827857,271.265573235367,4.51005761476468,,,13.9707553297819,31.7984518974799,21.0197735419091,36.8849217380167,,
Gra-2013-JAD-000187,MD,OR1f1m-33,Jadhav et al. (2013) GCA 113:193,full,Orgueil,WU NanoSIMS,7,,2.02,2.04,90.7375306250356,0.904241117674498,273.225286502086,5.06799295786421,,,,,,,,
Gra-2013-JAD-000188,MD,OR1f1m-34,Jadhav et al. (2013) GCA 113:193,full,Orgueil,WU NanoSIMS,9,,2.02,2.04,465.171443222608,4.68421637581124,291.275277116607,4.73364037086646,,,105.07126151074,19.4277058616876,398.746647043464,25.0096368636195,,
Gra-2013-JAD-000189,MD,OR1f1m-35,Jadhav et al. (2013) GCA 113:193,full,Orgueil,WU NanoSIMS,5,,2.02,2.04,587.180217651416,6.4392382114578,275.906999393386,4.24405174668181,,,-78.9396946825861,30.172133703553,-56.1278989721556,35.4535916270833,,
Gra-2013-JAD-000190,MD,OR1f1m-36,Jadhav et al. (2013) GCA 113:193,full,Orgueil,WU NanoSIMS,6,,2.02,2.04,566.291151501339,6.245953233416,291.48156272363,5.01632954751095,,,80.1342576113167,19.8633676685686,344.446554466257,25.399838753736,,
Gra-2013-JAD-000191,MD,OR1f1m-37,Jadhav et al. (2013) GCA 113:193,full,Orgueil,WU NanoSIMS,9,,2.02,2.04,377.458150532733,3.81704639032772,280.960996765452,4.48904455987512,,,-47.5673349381502,16.363084194836,-36.2475372089158,18.2507161559064,,
Gra-2013-JAD-000192,MD,OR1f1m-39,Jadhav et al. (2013) GCA 113:193,full,Orgueil,WU NanoSIMS,4,,2.02,2.04,105.588513475016,1.0563594278528,,,,,-23.8369602596666,17.8541766282388,10.0410662995229,20.3377349490065,,
Gra-2013-JAD-000193,MD,OR1f1m-40,Jadhav et al. (2013) GCA 113:193,full,Orgueil,WU NanoSIMS,4,,2.02,2.04,438.774314853854,4.77756294990166,292.100419544699,5.95820380967428,,,-26.2502187015463,14.3557274502537,-24.3786645144444,15.5423577131978,,
Gra-2013-JAD-000194,MD,OR1f1m-41,Jadhav et al. (2013) GCA 113:193,full,Orgueil,WU NanoSIMS,5,,2.02,2.04,1424.82137769928,14.8825616049526,283.436424049729,4.65111707169243,,,-18.004919025124,12.3682365079278,-24.0819426970825,12.8595432636337,,
Gra-2013-JAD-000195,MD,OR1f1m-42,Jadhav et al. (2013) GCA 113:193,full,Orgueil,WU NanoSIMS,11,,2.02,2.04,88.9084382656259,0.88593190538233,278.588712284686,4.37866979124181,,,,,,,,
Gra-2013-JAD-000196,MD,OR1f1m-43,Jadhav et al. (2013) GCA 113:193,full,Orgueil,WU NanoSIMS,35,,2.02,2.04,87.4223007236055,0.873995337327416,275.184999768805,4.14033058059489,,,-40.930874222981,8.08485648605773,-30.31310086168,6.97357084489866,,
Gra-2013-JAD-000197,MD,OR1f1m-44,Jadhav et al. (2013) GCA 113:193,full,Orgueil,WU NanoSIMS,12,,2.02,2.04,516.510740128768,5.2968600569598,298.495273362415,5.06486977474754,,,5.72545565335947,15.0339215550328,3.5131863175637,16.2641506676009,,
Gra-2013-JAD-000198,MD,OR1f1m-45,Jadhav et al. (2013) GCA 113:193,full,Orgueil,WU NanoSIMS,3,,2.02,2.04,8.31509543615748,0.0826834882665081,,,,,,,,,,
Gra-2013-JAD-000199,MD,OR1f1m-46,Jadhav et al. (2013) GCA 113:193,full,Orgueil,WU NanoSIMS,20,,2.02,2.04,491.360720186884,4.95934924005777,276.83528462499,4.04690587715677,,,-18.2060238952806,41.1368309458049,-15.1802881762291,47.9890168430167,,
Gra-2013-JAD-000200,MD,OR1f1m-47,Jadhav et al. (2013) GCA 113:193,full,Orgueil,WU NanoSIMS,7,,2.02,2.04,573.8777277648,6.5859989720641,270.027859593228,4.95780257721215,,,-20.820387207317,23.2749300598141,197.569254872172,29.9863679587732,,
Gra-2013-JAD-000201,MD,OR1f1m-48,Jadhav et al. (2013) GCA 113:193,full,Orgueil,WU NanoSIMS,6,,2.02,2.04,64.7457124950145,0.653746531136752,,,,,-4.93310246494238,30.6518484479898,10.3377881168847,35.7051332034575,,
Gra-2013-JAD-000202,MD,OR1f1m-49,Jadhav et al. (2013) GCA 113:193,full,Orgueil,WU NanoSIMS,7,,2.02,2.04,239.652669363569,2.49715613435783,276.010142196898,5.00520184370819,,,-13.9828216219913,40.9064461152838,39.4165262183397,49.1244605325046,,
Gra-2013-JAD-000203,MD,OR1f1m-50,Jadhav et al. (2013) GCA 113:193,full,Orgueil,WU NanoSIMS,6,,2.02,2.04,807.502706398496,8.19471107314232,278.17614107064,4.73698277885215,,,-49.1761738994033,28.4634224798171,69.978873406604,35.2247681635372,,
Gra-2013-JAD-000204,MD,OR1f1m-51,Jadhav et al. (2013) GCA 113:193,full,Orgueil,WU NanoSIMS,8,,2.02,2.04,356.465158680417,3.88725919234531,280.960996765452,4.2793088326964,,,-47.5673349381502,19.745644468423,18.349277185653,23.2252398950441,,
Gra-2013-JAD-000205,MD,OR1f1m-52,Jadhav et al. (2013) GCA 113:193,full,Orgueil,WU NanoSIMS,8,,2.02,2.04,91.6832545154122,0.925760740731117,283.126995639194,4.74073263921843,,,-5.33531220525574,25.4076806574904,180.062667647827,32.2498029275045,,
Gra-2013-JAD-000206,MD,OR1f1m-53,Jadhav et al. (2013) GCA 113:193,full,Orgueil,WU NanoSIMS,4,,2.02,2.04,707.214403737679,7.66939617987746,286.221279744541,5.50936410357281,,,6.93208487429953,30.5407556488616,237.03325658129,39.8305981339309,,
Gra-2013-JAD-000207,MD,OR1f1m-54,Jadhav et al. (2013) GCA 113:193,full,Orgueil,WU NanoSIMS,7,,2.02,2.04,176.361916699903,1.76208730259111,278.072998267129,4.43551270509123,,,-53.1982713025362,30.1450899061964,102.024829681677,38.1767705601966,,
Gra-2013-JAD-000208,MD,OR1f1m-55,Jadhav et al. (2013) GCA 113:193,full,Orgueil,WU NanoSIMS,,,2.02,2.04,455.194575807646,4.6371222791023,280.85785396194,4.56126914429741,,,27.8469913705901,57.4624220671693,-67.1066062145416,63.489049757016,,
Gra-2013-JAD-000209,MD,OR1f1m-56,Jadhav et al. (2013) GCA 113:193,full,Orgueil,WU NanoSIMS,7,,2.02,2.04,233.521052931457,2.33877027054097,274.050428930178,5.01465995842648,,,-40.5286644826677,16.9016031272157,2.91974268284001,19.3052767629696,,
Gra-2013-JAD-000210,MD,OR1f1m-57,Jadhav et al. (2013) GCA 113:193,full,Orgueil,WU NanoSIMS,5,,2.02,2.04,186.650561221583,1.92469803093956,313.038408657543,7.2485527155529,,,29.8580400721564,8.28170363306155,50.9886770954495,6.88662095334857,,
Gra-2013-JAD-000211,MD,OR1f1m-60,Jadhav et al. (2013) GCA 113:193,full,Orgueil,WU NanoSIMS,5,,2.02,2.04,688.403851632386,7.04436494300541,298.598416165926,4.6321768135009,,,-68.4822414344408,30.2900840034462,51.2853989128115,37.6790146102435,,
Gra-2013-JAD-000212,MD,OR1f1m-61,Jadhav et al. (2013) GCA 113:193,full,Orgueil,WU NanoSIMS,4,,2.02,2.04,843.980627884451,8.57529069182582,283.539566853241,5.56908375564479,,,0.697833899443445,24.3373499651345,-14.5868445415053,27.5414170238778,,
Gra-2013-JAD-000213,MD,OR1f1m-64,Jadhav et al. (2013) GCA 113:193,full,Orgueil,WU NanoSIMS,4,,2.02,2.04,705.031963990656,7.9539679915326,286.633850958587,4.56519239485709,,,17.3895381224447,30.8537702956881,49.5050680086406,36.2768819709314,,
Gra-2013-JAD-000214,MD,OR1f1m-66,Jadhav et al. (2013) GCA 113:193,full,Orgueil,WU NanoSIMS,10,,2.02,2.04,578.450458663324,5.86621259169344,284.880423298891,4.62252703941725,,,-40.5286644826677,25.8007346539198,50.3952334607261,31.279216801593,,
Gra-2013-JAD-000215,MD,OR1f1m-69,Jadhav et al. (2013) GCA 113:193,full,Orgueil,WU NanoSIMS,5,,2.02,2.04,20.0368753917156,0.200133755492134,310.047267355708,5.69817308029322,,,-8.552990127762,33.1767339498467,274.716927386237,44.5944057373428,,
Gra-2013-JAD-000216,MD,OR1f1m-70,Jadhav et al. (2013) GCA 113:193,full,Orgueil,WU NanoSIMS,4,,2.02,2.04,158.382770212524,1.61223151292722,149.453922288231,2.40101148676786,,,1043.22548079147,34.0884305523696,915.932774705059,35.7179028956185,,
Gra-2013-JAD-000217,MD,OR1f1m-71,Jadhav et al. (2013) GCA 113:193,full,Orgueil,WU NanoSIMS,4,,2.02,2.04,374.236453763318,4.0341115323217,283.745852460264,4.41471356468876,,,-96.435818386214,38.7082287083941,117.751086001852,51.1342593831423,,
Gra-2013-JAD-000218,MD,OR1f1m-72,Jadhav et al. (2013) GCA 113:193,full,Orgueil,WU NanoSIMS,6,,2.02,2.04,1077.70953222039,12.5363618452267,284.674137691868,4.50638133458308,,,-15.9938703235576,23.6858732002381,-55.2377335200702,26.3778708345238,,
Gra-2013-JAD-000219,MD,OR1f1m-73,Jadhav et al. (2013) GCA 113:193,full,Orgueil,WU NanoSIMS,15,,2.02,2.04,87.5470115662925,0.872817494654272,275.906999393386,4.06789445857008,,,6.3287702638295,8.51905776890956,-1.82780639494851,7.24562782494229,,
Gra-2013-JAD-000220,MD,OR1f1m-74,Jadhav et al. (2013) GCA 113:193,full,Orgueil,WU NanoSIMS,8,,2.02,2.04,1149.41826676543,11.9422871528791,281.064139568964,4.56149579953689,,,-30.0712112345224,18.6425054861011,-38.0278681130867,20.7885587630391,,
Gra-2013-JAD-000221,MD,OR1f2m-2,Jadhav et al. (2013) GCA 113:193,full,Orgueil,WU NanoSIMS,2.5,,2.02,2.04,702.499891233413,5.07938829957165,285.817397814324,19.2126720746169,,,-12.3553637968229,12.7938647975105,-14.6018365196448,18.2015095307903,,
Gra-2013-JAD-000222,MD,OR1f2m-6,Jadhav et al. (2013) GCA 113:193,full,Orgueil,WU NanoSIMS,2,,2.02,2.04,355.416140961497,2.11344723024702,305.064989821434,20.6089404015547,,,-23.7301431653266,16.2921594057424,-37.7841336745446,21.5796722209414,,
Gra-2013-JAD-000223,MD,OR1f2m-7,Jadhav et al. (2013) GCA 113:193,full,Orgueil,WU NanoSIMS,3.5,,2.02,2.04,512.622888074799,2.92377566306513,278.926448937382,7.20565684511029,,,-9.60972739752886,18.3628316065831,1.65587836820702,24.301649442815,,
Gra-2013-JAD-000224,MD,OR1f2m-8,Jadhav et al. (2013) GCA 113:193,full,Orgueil,WU NanoSIMS,3.5,,2.02,2.04,197.569249275521,0.777406376426048,285.154052042588,7.3026877774134,,,-46.4797019023339,15.2105092719081,-39.891615234081,20.668409835613,,
Gra-2013-JAD-000225,MD,OR1f2m-10,Jadhav et al. (2013) GCA 113:193,full,Orgueil,WU NanoSIMS,11,,2.02,2.04,92.6211821313358,0.536323048722463,283.750648525922,7.74701656957652,,,-7.45244165522652,14.2450382652978,-63.3749811832004,18.8402047900896,,
Gra-2013-JAD-000226,MD,OR1f2m-11,Jadhav et al. (2013) GCA 113:193,full,Orgueil,WU NanoSIMS,3.5,,2.02,2.04,731.692241099448,7.92017452091255,280.818776324137,7.9672437685849,,,-28.0447146499314,21.7983125699266,-39.5905464398616,27.6009576336562,,
Gra-2013-JAD-000227,MD,OR1f2m-12,Jadhav et al. (2013) GCA 113:193,full,Orgueil,WU NanoSIMS,6.5,,2.02,2.04,396.93366518775,4.28268569959594,256.304850259369,7.85004689327828,,,-20.5922729947049,28.5671317419991,-20.3221436098149,35.5422343955182,,
Gra-2013-JAD-000228,MD,OR1f2m-13,Jadhav et al. (2013) GCA 113:193,full,Orgueil,WU NanoSIMS,3,,2.02,2.04,835.810842982361,8.86486583999292,269.149475902895,9.46344071038301,,,-38.8311433614434,19.0893842964231,-25.4403131115459,25.0337250318285,,
Gra-2013-JAD-000229,MD,OR1f2m-14,Jadhav et al. (2013) GCA 113:193,full,Orgueil,WU NanoSIMS,4,,2.02,2.04,431.179309598528,4.45627834977577,264.028416005803,8.43958191092709,,,0.196116885663677,28.4752126780126,176.877916603944,39.4889801040545,,
Gra-2013-JAD-000230,MD,OR1f2m-15,Jadhav et al. (2013) GCA 113:193,full,Orgueil,WU NanoSIMS,4.5,,2.02,2.04,237.373939525778,1.35638692621605,290.862883097741,19.718191785359,,,-60.0117670131398,16.1185014013678,-76.6220081288576,21.1822274581807,,
Gra-2013-JAD-000231,MD,OR1f2m-16,Jadhav et al. (2013) GCA 113:193,full,Orgueil,WU NanoSIMS,,,2.02,2.04,93.7363488799914,0.946033004791748,268.981572299711,7.4407755778394,,,,,,,,
Gra-2013-JAD-000232,MD,OR1f2m-17,Jadhav et al. (2013) GCA 113:193,full,Orgueil,WU NanoSIMS,2,,2.02,2.04,1439.89611513905,15.9199818676172,256.472753862552,9.3942526025417,,,-35.8893900764855,22.4573264515821,-21.5264187866928,28.8371802987323,,
Gra-2013-JAD-000233,MD,OR1f2m-18,Jadhav et al. (2013) GCA 113:193,full,Orgueil,WU NanoSIMS,4,,2.02,2.04,1544.50817011146,17.4379875879845,264.112367807394,8.51334789861627,,,3.9223377132771,20.9773471025334,76.0198705404185,28.3813691853396,,
Gra-2013-JAD-000234,MD,OR1f2m-19,Jadhav et al. (2013) GCA 113:193,full,Orgueil,WU NanoSIMS,4,,2.02,2.04,93.302110161238,0.931294518754985,278.216270474795,8.94477171383509,,,-31.3787017062168,22.7627727310785,-24.5371067288876,29.0403969107712,,
Gra-2013-JAD-000235,MD,OR1f2m-20,Jadhav et al. (2013) GCA 113:193,full,Orgueil,WU NanoSIMS,5,,2.02,2.04,34.837788118169,0.344593202459632,289.633715491262,9.60505917361389,,,-46.28358501667,14.1799710367451,-17.31145566762,19.9474052306379,,
Gra-2013-JAD-000236,MD,OR1f2m-21,Jadhav et al. (2013) GCA 113:193,full,Orgueil,WU NanoSIMS,3.5,,2.02,2.04,471.938534790607,4.7664757642712,263.944464204211,7.67220624803724,,,-11.5708962541675,16.857300548804,-2.86015354508518,22.6147556843917,,
Gra-2013-JAD-000237,MD,OR1f2m-22,Jadhav et al. (2013) GCA 113:193,full,Orgueil,WU NanoSIMS,8,,2.02,2.04,94.2890163402229,0.945227248583907,264.028416005803,7.00617741100816,,,-33.5359874485194,11.1447262191133,-38.9884088514226,16.4099289107915,,
Gra-2013-JAD-000238,MD,OR1f2m-23,Jadhav et al. (2013) GCA 113:193,full,Orgueil,WU NanoSIMS,11,,2.02,2.04,409.080704807483,3.72244049535197,310.577649668131,21.1230124779387,,,-17.4544028240832,23.9922164810389,-70.2995634502483,29.2399047666366,,
Gra-2013-JAD-000239,MD,OR1f2m-24,Jadhav et al. (2013) GCA 113:193,full,Orgueil,WU NanoSIMS,8,,2.02,2.04,95.9240572171652,0.124031209362809,273.864906588949,6.15871350163514,,,-14.3165326534614,31.1143954309276,-98.6000301068795,36.3536306915111,,
Gra-2013-JAD-000240,MD,OR1f2m-25,Jadhav et al. (2013) GCA 113:193,full,Orgueil,WU NanoSIMS,6,,2.02,2.04,743.100130039012,2.15547464239272,463.916588524688,13.0395368107163,0.000143392023936517,0.0000435650974314623,-29.8097666209061,18.8200833727919,-89.5679662802951,23.4345271875293,0.00237550629283276,0.0000394754169528846
Gra-2013-JAD-000241,MD,OR1f2m-26,Jadhav et al. (2013) GCA 113:193,full,Orgueil,WU NanoSIMS,2,,2.02,2.04,327.126137841352,0.550283485045514,275.077081325669,6.22884646854537,,,-15.8854677387723,12.9025843521138,-19.4189372271564,18.2713755383183,,
Gra-2013-JAD-000242,MD,OR1f2m-27,Jadhav et al. (2013) GCA 113:193,full,Orgueil,WU NanoSIMS,2.5,,2.02,2.04,385.830949284785,0.711573472041612,282.350129745989,4.9274903047667,,,0.784467542655376,13.4133459424291,29.3542074363991,19.378010363477,,
Gra-2013-JAD-000243,MD,OR1f2m-28,Jadhav et al. (2013) GCA 113:193,full,Orgueil,WU NanoSIMS,2.92401773821287,,2.02,2.04,80.6647594278284,0.0737664499349805,285.034230948726,5.71540388363469,,,-4.118454598941,15.5982583571031,-44.1065783531537,20.4985733718971,,
Gra-2013-JAD-000244,MD,OR1f2m-30,Jadhav et al. (2013) GCA 113:193,full,Orgueil,WU NanoSIMS,3,,2.02,2.04,90.6465539661899,0.0841633289986996,284.168391851069,4.94480708671985,,,-4.90292214159638,17.3109815910524,-10.9890109890111,22.8787727068395,,
Gra-2013-JAD-000245,MD,OR1f2m-31,Jadhav et al. (2013) GCA 113:193,full,Orgueil,WU NanoSIMS,6.72210711983575,,2.02,2.04,455.407022106632,1.10985695708713,271.007637566681,5.0365860310715,,,-32.9476367915278,30.5783689711068,37.1819960861057,39.5546997289211,,
Gra-2013-JAD-000246,MD,OR1f2m-32,Jadhav et al. (2013) GCA 113:193,full,Orgueil,WU NanoSIMS,3.5,,2.02,2.04,102.486345903771,0.117508452535761,280.70503546044,3.7300348327069,,,-28.4369484212591,24.2495249318965,-21.2253499924734,30.7550057558139,,
Gra-2013-JAD-000247,MD,OR1f2m-33,Jadhav et al. (2013) GCA 113:193,full,Orgueil,WU NanoSIMS,5.5,,2.02,2.04,574.299089726918,1.66132639791938,287.631748241697,3.24603077711657,,,13.532065110806,27.3620232355464,56.1493301219329,35.1958014420537,,
Gra-2013-JAD-000248,MD,OR1f2m-36,Jadhav et al. (2013) GCA 113:193,full,Orgueil,WU NanoSIMS,5,,2.02,2.04,299.708079930495,2.13944277479336,332.459342278889,6.09335961354314,,,-33.5359874485194,33.9976121219636,-26.9456570826434,41.9655989895212,,
Gra-2013-JAD-000249,MD,OR1f2m-39,Jadhav et al. (2013) GCA 113:193,full,Orgueil,WU NanoSIMS,3,,2.02,2.04,332.095569070374,2.42560208599037,305.671381167432,5.66919261993769,,,-40.792312218082,17.9888644887475,-3.1612223393046,24.2398717639301,,
Gra-2013-JAD-000250,MD,OR1f2m-41,Jadhav et al. (2013) GCA 113:193,full,Orgueil,WU NanoSIMS,3,,2.02,2.04,1575.79496090356,12.5610860857374,275.54619931145,7.09390281452479,,,54.9127279858794,16.8701491201508,150.986000301069,24.3722998682279,,
Gra-2013-JAD-000251,MD,OR1f2m-42,Jadhav et al. (2013) GCA 113:193,full,Orgueil,WU NanoSIMS,2.5,,2.02,2.04,510.07819287576,3.74400951557845,280.597128005866,4.80342414317175,,,-6.27574034124345,13.5726098454467,-34.171308143911,18.6080391719511,,
Gra-2013-JAD-000252,MD,OR1f2m-o8 (OR1f1m-o8),Jadhav et al. (2013) GCA 113:193,full,Orgueil,WU NanoSIMS,9,,2.02,2.04,160.669135661786,1.60568059595401,279.51699751629,4.23431457898723,0.000199912560403288,0.0000741929009384035,-49.1761738994033,34.3350916372691,1.43613359603112,41.1049539363828,,
Gra-2013-JAD-000253,MD,OR1f2m-o32 (OR1f1m-o32),Jadhav et al. (2013) GCA 113:193,full,Orgueil,WU NanoSIMS,,,2.02,2.04,554.443621446071,5.62865684440112,310.15041015922,7.01221646867225,,,65.8558118301951,13.9613612485125,396.372872504569,17.6989828732955,,
Gra-2013-JAD-000254,MD,OR1f2m-o38 (OR1f1m-o38),Jadhav et al. (2013) GCA 113:193,full,Orgueil,WU NanoSIMS,7,,2.02,2.04,102.688986382542,1.02538618784061,292.925561972791,4.68158154270254,,,-75.5209118899233,16.8145512420625,-98.8558406722528,18.462382091251,,
Gra-2013-JAD-000255,MD,OR1f2m-o58 (OR1f1m-o58),Jadhav et al. (2013) GCA 113:193,full,Orgueil,WU NanoSIMS,12,,2.02,2.04,164.202609537918,1.63966457277266,297.154416916765,4.94892051520636,,,-20.820387207317,26.0013485668851,-13.9934009067817,29.9523090808558,,
Gra-2013-JAD-000256,MD,OR1f2m-o59 (OR1f1m-o59),Jadhav et al. (2013) GCA 113:193,full,Orgueil,WU NanoSIMS,9,,2.02,2.04,808.334112016409,8.26547749200255,301.073843450203,4.61673480814451,,,-9.9607242188583,11.3240111442019,-38.9180335651719,11.2394891578633,,
Gra-2013-JAD-000257,MD,OR1f2m-o65 (OR1f1m-o65),Jadhav et al. (2013) GCA 113:193,full,Orgueil,WU NanoSIMS,9,,2.02,2.04,546.233490969176,5.51927637038939,285.086708905914,4.55951607066823,,,-4.12868298431579,30.2846789332262,209.438127566644,39.2425196081449,,
Gra-2013-JAD-000258,MD,OR1f2m-o68 (OR1f1m-o68),Jadhav et al. (2013) GCA 113:193,full,Orgueil,WU NanoSIMS,15,,2.02,2.04,245.056805880007,2.47705395781686,87.0215833226916,1.28962279031659,,,1340.8606886233,35.4941560380429,896.349134759181,33.179134659537,,
Gra-2013-JAD-000259,MD,OR1g1m-1,Jadhav et al. (2013) GCA 113:193,full,Orgueil,WU NanoSIMS,4,,2.04,2.12,90.2068057553957,0.313877897130229,262.273023423825,2.88479597003335,,,28.1096331481672,16.8624279779399,31.5101070154578,20.3693831778781,,
Gra-2013-JAD-000260,MD,OR1g1m-1b,Jadhav et al. (2013) GCA 113:193,full,Orgueil,WU NanoSIMS,6,,2.04,2.12,91.3569836065574,0.371892318488606,267.297410845737,3.69257181618754,,,4.20010679588434,9.08629931148149,25.564803804994,11.6253147020123,,
Gra-2013-JAD-000261,MD,OR1g1m-2,Jadhav et al. (2013) GCA 113:193,full,Orgueil,WU NanoSIMS,2,,2.04,2.12,88.2233667546174,0.308199298478069,288.399838017769,6.14725449602974,,,-37.6415643206108,17.9065105621218,-1.1890606420929,21.9725229491822,,
Gra-2013-JAD-000262,MD,OR1g1m-3,Jadhav et al. (2013) GCA 113:193,full,Orgueil,WU NanoSIMS,2,,2.04,2.12,446.61606411398,2.70179299735467,290.409592986534,10.4979621620258,,,59.9890016178779,60.0924470181472,141.498216409037,74.3145617112915,,
Gra-2013-JAD-000263,MD,OR1g1m-4,Jadhav et al. (2013) GCA 113:193,full,Orgueil,WU NanoSIMS,2,,2.04,2.12,348.661689259645,1.86502394901552,300.458367830359,12.0729003136113,,,-47.6038669673954,52.3131842025289,180.142687277051,70.1918842048025,,
Gra-2013-JAD-000264,MD,OR1g1m-5,Jadhav et al. (2013) GCA 113:193,full,Orgueil,WU NanoSIMS,2,,2.04,2.12,69.805127348643,0.241107413648865,297.443735377211,3.72062378964867,,,-1.77727479218648,4.39528192796488,105.826397146254,7.17272864383493,,
Gra-2013-JAD-000265,MD,OR1g1m-6_1,Jadhav et al. (2013) GCA 113:193,full,Orgueil,WU NanoSIMS,4,,2.04,2.12,383.301367978601,2.34530617916387,280.360818142709,3.32079346874616,,,0.215185737170609,7.51803209638867,123.662306777646,10.5949950904664,,
Gra-2013-JAD-000266,MD,OR1g1m-7,Jadhav et al. (2013) GCA 113:193,full,Orgueil,WU NanoSIMS,2,,2.04,2.12,462.044993090742,2.92617075213842,290.409592986534,3.76313620912294,,,-17.7169590270418,13.4370447794323,19.6195005945301,16.7450333170628,,
Gra-2013-JAD-000267,MD,OR1g1m-8,Jadhav et al. (2013) GCA 113:193,full,Orgueil,WU NanoSIMS,7,,2.04,2.12,95.4424053282588,0.371652985114536,262.273023423825,4.14355568681651,,,-19.7094195563986,17.1965194650098,4.75624256837071,21.0088168714047,,
Gra-2013-JAD-000268,MD,OR1g1m-9,Jadhav et al. (2013) GCA 113:193,full,Orgueil,WU NanoSIMS,,,2.04,2.12,468.300504201681,4.26936886889832,224.087679017291,3.18793248343985,,,-3.76973532154334,7.2321034833393,10.7015457788346,9.51229127649928,,
Gra-2013-JAD-000269,MD,OR1g1m-11,Jadhav et al. (2013) GCA 113:193,full,Orgueil,WU NanoSIMS,3,,2.04,2.12,50.7384764795144,0.169092934695318,298.448612861594,3.30204000083679,,,-15.7244984976849,8.29356509481587,-19.024970273484,10.5284637166667,,
Gra-2013-JAD-000270,MD,OR1g1m-12,Jadhav et al. (2013) GCA 113:193,full,Orgueil,WU NanoSIMS,2,,2.04,2.12,595.664893111639,4.28466569920622,285.385205564622,4.20010307530433,,,-15.7244984976849,18.5668874829525,-48.7514863258027,21.8151089999172,,
Gra-2013-JAD-000271,MD,OR1g1m-13,Jadhav et al. (2013) GCA 113:193,full,Orgueil,WU NanoSIMS,6,,2.04,2.12,12.6942505694761,0.0344708915998229,284.380328080239,3.32594441795369,,,-5.76219585090021,13.5059184354725,-39.833531510107,16.067419055887,,
Gra-2013-JAD-000272,MD,OR1g1m-14,Jadhav et al. (2013) GCA 113:193,full,Orgueil,WU NanoSIMS,,,2.04,2.12,90.4508277727683,0.328199751191155,,,,,,,,,,
Gra-2013-JAD-000273,MD,OR1g1m-15,Jadhav et al. (2013) GCA 113:193,full,Orgueil,WU NanoSIMS,,,2.04,2.12,91.1080544959128,0.337181896208187,279.355940658327,4.33771082079412,,,6.19256732524121,19.6581735437807,-39.833531510107,22.8934488713792,,
Gra-2013-JAD-000274,MD,OR1g1m-16,Jadhav et al. (2013) GCA 113:193,full,Orgueil,WU NanoSIMS,,,2.04,2.12,89.3232128227961,0.33086119525879,284.380328080239,5.32077476430048,,,-47.6038669673954,20.9989540266766,-36.8608799048753,25.1526124272022,,
Gra-2013-JAD-000275,MD,OR1g1m-18,Jadhav et al. (2013) GCA 113:193,full,Orgueil,WU NanoSIMS,3,,2.04,2.12,517.595294117647,3.22047436698517,293.424225439681,3.65796081598969,,,-11.739577438971,11.7218079319032,180.142687277051,16.1480690813568,,
Gra-2013-JAD-000276,MD,OR1g1m-19,Jadhav et al. (2013) GCA 113:193,full,Orgueil,WU NanoSIMS,5,,2.04,2.12,262.111230729031,1.65693711755448,282.370573111474,3.35831222543726,,,52.0191595004502,12.0571172479296,105.826397146254,15.3464315820462,,
Gra-2013-JAD-000277,MD,OR1g1m-20,Jadhav et al. (2013) GCA 113:193,full,Orgueil,WU NanoSIMS,4,,2.04,2.12,9.24515834101383,0.024247046413268,287.394960533387,4.05643093602638,,,52.0191595004502,17.5423208011274,233.650416171225,23.3018426850447,,
Gra-2013-JAD-000278,MD,OR1g1m-20b,Jadhav et al. (2013) GCA 113:193,full,Orgueil,WU NanoSIMS,1,,2.04,2.12,389.856074621065,2.303050510772,281.365695627092,7.21009571695584,,,22.1322515600966,29.515824929602,-10.1070154577884,34.3711919008513,,
Gra-2013-JAD-000279,MD,OR1g1m-21,Jadhav et al. (2013) GCA 113:193,full,Orgueil,WU NanoSIMS,1,,2.04,2.12,476.985106990014,3.21701558609769,286.390083049004,7.01292167996147,,,48.0342384417365,27.1574412607744,87.9904875148632,33.3025539448363,,
Gra-2013-JAD-000280,MD,OR1g1m-22,Jadhav et al. (2013) GCA 113:193,full,Orgueil,WU NanoSIMS,2,,2.04,2.12,228.392459016393,1.24940786448605,304.477877767889,5.31964119295077,,,4.20010679588434,15.988550317438,37.4554102259215,19.6990392317936,,
Gra-2013-JAD-000281,MD,OR1g1m-23,Jadhav et al. (2013) GCA 113:193,full,Orgueil,WU NanoSIMS,3,,2.04,2.12,482.723618864293,3.47791718788315,287.394960533387,3.55608583434675,,,77.9211463820901,8.07068960741192,215.814506539833,11.4160309377723,,
Gra-2013-JAD-000282,MD,OR1g1m-24,Jadhav et al. (2013) GCA 113:193,full,Orgueil,WU NanoSIMS,4,,2.04,2.12,93.8353302151544,0.355925353445347,293.424225439681,3.53756811019899,,,65.9663832059485,9.55789687300421,55.2913198573126,11.9689436379596,,
Gra-2013-JAD-000283,MD,OR1g1m-25,Jadhav et al. (2013) GCA 113:193,full,Orgueil,WU NanoSIMS,5,,2.04,2.12,282.882030456853,1.47937668392943,287.394960533387,3.3497382997898,,,89.8759095582315,9.12119600315094,281.212841854934,13.0043708180445,,
Gra-2013-JAD-000284,MD,OR1g1m-26,Jadhav et al. (2013) GCA 113:193,full,Orgueil,WU NanoSIMS,6,,2.04,2.12,90.9428540344515,0.34396800307916,275.336430720797,3.03947621945405,,,-5.76219585090021,8.56172381531596,1.78359096313896,10.9193682663676,,
Gra-2013-JAD-000285,MD,OR1g1m-27,Jadhav et al. (2013) GCA 113:193,full,Orgueil,WU NanoSIMS,3,,2.04,2.12,109.508698689956,0.415254873689426,300.458367830359,3.76353415856935,,,-5.76219585090021,5.00481756295386,22.5921521997621,7.28004205263692,,
Gra-2013-JAD-000286,MD,OR1g1m-28,Jadhav et al. (2013) GCA 113:193,full,Orgueil,WU NanoSIMS,,,2.04,2.12,52.4633723849372,0.164665341640577,335.629079783745,3.98225876595706,,,-17.7169590270418,17.1589606364214,22.5921521997621,21.1803942880167,,
Gra-2013-JAD-000287,MD,OR1g1m-28b,Jadhav et al. (2013) GCA 113:193,full,Orgueil,WU NanoSIMS,2,,2.04,2.12,30.5357589041096,0.0884679117764438,289.404715502152,3.58459861972057,,,52.0191595004502,10.127304130148,90.9631391200951,12.9736755141273,,
Gra-2013-JAD-000288,MD,OR1g1m-29,Jadhav et al. (2013) GCA 113:193,full,Orgueil,WU NanoSIMS,2,,2.04,2.12,125.12157664962,0.501300904980954,274.331553236414,3.14897795956825,,,4.20010679588434,12.0049854821812,28.5374554102258,14.9461892870743,,
Gra-2013-JAD-000289,MD,OR1g1m-29b,Jadhav et al. (2013) GCA 113:193,full,Orgueil,WU NanoSIMS,,,2.04,2.12,4.66992402234637,0.0119618406143691,275.336430720797,3.95694601071082,,,-15.7244984976849,18.4495163454669,43.4007134363852,22.958303634763,,
Gra-2013-JAD-000290,MD,OR1g1m-30,Jadhav et al. (2013) GCA 113:193,full,Orgueil,WU NanoSIMS,2,,2.04,2.12,366.094773722628,1.92439456430417,277.346185689562,3.91106148370025,,,0.215185737170609,22.993282959846,-1.1890606420929,27.3739429126313,,
Gra-2013-JAD-000291,MD,OR1g1m-31,Jadhav et al. (2013) GCA 113:193,full,Orgueil,WU NanoSIMS,1,,2.04,2.12,87.9140823838738,0.317683279034476,300.458367830359,3.33515226506043,,,-13.7320379683279,13.6523981026028,-21.9976218787159,16.5216329878503,,
Gra-2013-JAD-000292,MD,OR1g1m-33,Jadhav et al. (2013) GCA 113:193,full,Orgueil,WU NanoSIMS,2,,2.04,2.12,14.5145374041383,0.0429272660293642,1436.97480266693,29.8817112331212,,,-13.7320379683279,42.3868012826598,-13.0796670630203,50.2675575819367,,
Gra-2013-JAD-000293,MD,OR1g1m-34,Jadhav et al. (2013) GCA 113:193,full,Orgueil,WU NanoSIMS,6,,2.04,2.12,228.913664993154,1.065742856767,282.370573111474,3.13667346168427,,,-19.7094195563986,13.2237147802287,-1.1890606420929,16.3130904868413,,
Gra-2013-JAD-000294,MD,OR1g1m-34b,Jadhav et al. (2013) GCA 113:193,full,Orgueil,WU NanoSIMS,2,,2.04,2.12,138.779701162147,0.562870785884876,287.394960533387,3.24679387425619,,,-1.77727479218648,10.6937317810125,34.4827586206895,13.5315271418597,,
Gra-2013-JAD-000295,MD,OR1g1m-34c,Jadhav et al. (2013) GCA 113:193,full,Orgueil,WU NanoSIMS,,,2.04,2.12,66.9179239492995,0.22336840878872,,,,,,,,,,
Gra-2013-JAD-000296,MD,OR1g1m-34d,Jadhav et al. (2013) GCA 113:193,full,Orgueil,WU NanoSIMS,2,,2.04,2.12,37.2760936454849,0.112153114590148,285.385205564622,3.49061962165861,,,-11.739577438971,13.7697546637499,-10.1070154577884,16.7407504130356,,
Gra-2013-JAD-000297,MD,OR1g1m-35,Jadhav et al. (2013) GCA 113:193,full,Orgueil,WU NanoSIMS,5,,2.04,2.12,88.6913952254642,0.320148909015822,296.438857892829,3.37282896755096,,,32.0945542068811,5.19904075655543,46.3733650416172,7.47871990306014,,
Gra-2013-JAD-000298,MD,OR1g1m-36,Jadhav et al. (2013) GCA 113:193,full,Orgueil,WU NanoSIMS,7,,2.04,2.12,226.791697942573,1.06274403617451,497.414354769323,6.22487566771232,,,-3.76973532154334,11.294593450691,-21.9976218787159,13.7405014074645,,
Gra-2013-JAD-000299,MD,OR1g1m-36b,Jadhav et al. (2013) GCA 113:193,full,Orgueil,WU NanoSIMS,,,2.04,2.12,831.06850041425,6.22843471663026,294.429102924064,3.88724179894905,,,63.9739226765919,13.6883456607434,215.814506539833,18.2159301672975,,
Gra-2013-JAD-000300,MD,OR1g1m-36c,Jadhav et al. (2013) GCA 113:193,full,Orgueil,WU NanoSIMS,6,,2.04,2.12,470.717822618489,2.93709001240596,280.360818142709,3.25282064697368,,,2.20764626652725,15.2499865785215,16.6468489892984,18.6161751512729,,
Gra-2013-JAD-000301,MD,OR1g1m-36d,Jadhav et al. (2013) GCA 113:193,full,Orgueil,WU NanoSIMS,3,,2.04,2.12,91.9431420714941,0.354819414312279,281.365695627092,3.20813329146348,,,-11.739577438971,5.95963876893252,-16.0523186682523,8.02946701904719,,
Gra-2013-JAD-000302,MD,OR1g1m-37,Jadhav et al. (2013) GCA 113:193,full,Orgueil,WU NanoSIMS,6,,2.04,2.12,89.9640968609865,0.323919299141704,275.336430720797,3.25553853131487,,,52.0191595004502,6.38355474256703,61.2366230677763,8.68269952944718,,
Gra-2013-JAD-000303,MD,OR1g1m-38,Jadhav et al. (2013) GCA 113:193,full,Orgueil,WU NanoSIMS,7,,2.04,2.12,117.58289532294,0.503387705263571,281.365695627092,3.59263723316392,,,-25.6868011444694,13.564396535422,-7.13436385255661,16.6908573326985,,
Gra-2013-JAD-000304,MD,OR1g1m-38b,Jadhav et al. (2013) GCA 113:193,full,Orgueil,WU NanoSIMS,2,,2.04,2.12,17.6726511627907,0.050291549493643,239.160841283028,3.24082331068359,,,-17.7169590270418,20.093803709339,-24.9702734839476,23.9530793090236,,
Gra-2013-JAD-000305,MD,OR1g1m-40,Jadhav et al. (2013) GCA 113:193,full,Orgueil,WU NanoSIMS,,,2.04,2.12,172.176395468589,0.775678004062806,288.399838017769,3.63065300268795,,,12.169948913312,13.0818882819688,70.1545778834718,16.5747896033403,,
Gra-2013-JAD-000306,MD,OR1g1m-41,Jadhav et al. (2013) GCA 113:193,full,Orgueil,WU NanoSIMS,5,,2.04,2.12,12.1543642311887,0.0328309461186627,365.775404315219,4.972370892918,,,-11.739577438971,15.7233605202827,-13.0796670630203,18.9869416515029,,
Gra-2013-JAD-000307,MD,OR1g1m-46,Jadhav et al. (2013) GCA 113:193,full,Orgueil,WU NanoSIMS,6,,2.04,2.12,88.7698831858407,0.321183393091179,280.360818142709,3.19052583516061,,,0.215185737170609,8.86137526538197,19.6195005945301,11.3529289534332,,
Gra-2013-JAD-000308,MD,OR1g1m-46b,Jadhav et al. (2013) GCA 113:193,full,Orgueil,WU NanoSIMS,,,2.04,2.12,79.992,0.270882502254181,309.502265189801,4.12279754255403,,,56.004080559164,10.1880961988056,49.3460166468489,12.67475218086,,
Gra-2013-JAD-000309,MD,OR1g1m-47,Jadhav et al. (2013) GCA 113:193,full,Orgueil,WU NanoSIMS,5,,2.04,2.12,10.4174855125143,0.0277540227849239,269.307165814502,3.01543927717154,,,-3.76973532154334,9.85039021756725,13.6741973840664,12.4455070821821,,
Gra-2013-JAD-000310,MD,OR1g1m-48,Jadhav et al. (2013) GCA 113:193,full,Orgueil,WU NanoSIMS,5,,2.04,2.12,195.994466588511,0.850637126972031,277.346185689562,3.14580754786271,,,-19.7094195563986,11.2389136635029,52.3186682520809,14.4876629019703,,
Gra-2013-JAD-000311,HD,OR1h1m-1,Jadhav et al. (2013) GCA 113:193,full,Orgueil,WU NanoSIMS,,,2.12,2.16,88.5733875063484,0.139276766578824,,,,,,,,,,
Gra-2013-JAD-000312,HD,OR1h1m-2,Jadhav et al. (2013) GCA 113:193,full,Orgueil,WU NanoSIMS,,,2.12,2.16,87.6759776536313,0.13536197237941,,,,,,,,,,
Gra-2013-JAD-000313,HD,OR1h1m-3,Jadhav et al. (2013) GCA 113:193,full,Orgueil,WU NanoSIMS,,,2.12,2.16,92.336719146775,0.223875421835772,,,,,,,,,,
Gra-2013-JAD-000314,HD,OR1h1m-5,Jadhav et al. (2013) GCA 113:193,full,Orgueil,WU NanoSIMS,,,2.12,2.16,89.7699339766379,0.170907473530963,,,,,,,,,,
Gra-2013-JAD-000315,HD,OR1h1m-6,Jadhav et al. (2013) GCA 113:193,full,Orgueil,WU NanoSIMS,,,2.12,2.16,88.2260030472321,0.137812225541299,,,,,,,,,,
Gra-2013-JAD-000316,HD,OR1h1m-7,Jadhav et al. (2013) GCA 113:193,full,Orgueil,WU NanoSIMS,,,2.12,2.16,88.4961909598781,0.143714615636418,,,,,,,,,,
Gra-2013-JAD-000317,HD,OR1h1m-8,Jadhav et al. (2013) GCA 113:193,full,Orgueil,WU NanoSIMS,,,2.12,2.16,89.538344337227,0.151093721921776,,,,,,,,,,
Gra-2013-JAD-000318,HD,OR1h1m-9,Jadhav et al. (2013) GCA 113:193,full,Orgueil,WU NanoSIMS,,,2.12,2.16,89.7892331132555,0.157808172719002,,,,,,,,,,
Gra-2013-JAD-000319,HD,OR1h1m-11,Jadhav et al. (2013) GCA 113:193,full,Orgueil,WU NanoSIMS,,,2.12,2.16,88.2549517521585,0.138893391847969,,,,,,,,,,
Gra-2013-JAD-000320,HD,OR1h1m-12,Jadhav et al. (2013) GCA 113:193,full,Orgueil,WU NanoSIMS,,,2.12,2.16,87.3864906043677,0.135726873119103,,,,,,,,,,
Gra-2013-JAD-000321,HD,OR1h1m-13,Jadhav et al. (2013) GCA 113:193,full,Orgueil,WU NanoSIMS,,,2.12,2.16,88.7374301675978,0.142734677558785,,,,,,,,,,
Gra-2013-JAD-000322,HD,OR1h1m-14,Jadhav et al. (2013) GCA 113:193,full,Orgueil,WU NanoSIMS,,,2.12,2.16,87.5698324022347,0.136134110949843,,,,,,,,,,
Gra-2013-JAD-000323,HD,OR1h1m-15,Jadhav et al. (2013) GCA 113:193,full,Orgueil,WU NanoSIMS,,,2.12,2.16,87.4057897409853,0.136637391544496,,,,,,,,,,
Gra-2013-JAD-000324,HD,OR1h1m-16,Jadhav et al. (2013) GCA 113:193,full,Orgueil,WU NanoSIMS,,,2.12,2.16,87.6084306754698,0.136560745345161,,,,,,,,,,
Gra-2013-JAD-000325,HD,OR1h1m-17,Jadhav et al. (2013) GCA 113:193,full,Orgueil,WU NanoSIMS,,,2.12,2.16,87.9461655662773,0.139503676047301,,,,,,,,,,
Gra-2013-JAD-000326,HD,OR1h1m-18,Jadhav et al. (2013) GCA 113:193,full,Orgueil,WU NanoSIMS,,,2.12,2.16,87.3575418994414,0.134324454943679,,,,,,,,,,
Gra-2013-JAD-000327,HD,OR1h1m-19,Jadhav et al. (2013) GCA 113:193,full,Orgueil,WU NanoSIMS,,,2.12,2.16,88.6698831894363,0.163399532832313,,,,,,,,,,
Gra-2013-JAD-000328,HD,OR1h1m-20,Jadhav et al. (2013) GCA 113:193,full,Orgueil,WU NanoSIMS,,,2.12,2.16,92.9735906551549,0.326517999915776,,,,,,,,,,
Gra-2013-JAD-000329,HD,OR1i1m-1,Jadhav et al. (2013) GCA 113:193,full,Orgueil,WU NanoSIMS,9,,2.16,2.3,85.9941944350198,0.342447400882215,280.215893837461,5.53883060202907,,,-8.70987921659205,6.56506920511711,4.54212454212444,5.96997294430424,,
Gra-2013-JAD-000330,HD,OR1i1m-2,Jadhav et al. (2013) GCA 113:193,full,Orgueil,WU NanoSIMS,6,,2.16,2.3,63.0422668435068,0.183401512655351,286.344674591884,6.05770850702506,,,60.7766709975459,9.17677636144694,11.8681318681317,9.11336287228766,,
Gra-2013-JAD-000331,HD,OR1i1m-3,Jadhav et al. (2013) GCA 113:193,full,Orgueil,WU NanoSIMS,5,,2.16,2.3,430.596081414995,3.55572592877033,290.76543448032,6.00928271908235,,,-19.2964727395216,7.50335158131148,-6.30036630036634,7.42786340861141,,
Gra-2013-JAD-000332,HD,OR1i1m-4,Jadhav et al. (2013) GCA 113:193,full,Orgueil,WU NanoSIMS,4,,2.16,2.3,336.204586190706,1.59268862387478,475.332159822527,10.1798554026164,,,-167.508782060536,9.75284886821174,-291.721611721612,9.73626644587806,,
Gra-2013-JAD-000333,HD,OR1i1m-5,Jadhav et al. (2013) GCA 113:193,full,Orgueil,WU NanoSIMS,,,2.16,2.3,90.6616767595763,0.340517955277162,290.464019033381,5.94566557151166,,,-1.203021991242,7.12850037389556,14.2124542124542,6.81906746814998,,
Gra-2013-JAD-000334,HD,OR1i1m-6,Jadhav et al. (2013) GCA 113:193,full,Orgueil,WU NanoSIMS,8,,2.16,2.3,6.0750199630555,0.0138089575717938,358.684381857201,8.16282159057288,,,39.2185169144892,9.93064706339202,37.3626373626372,10.5110673115692,,
Gra-2013-JAD-000335,HD,OR1i1m-7,Jadhav et al. (2013) GCA 113:193,full,Orgueil,WU NanoSIMS,5,,2.16,2.3,90.3803776016231,0.29181825993064,268.963050485078,6.26053817630945,,,-18.3340551465281,9.16158616006395,-1.02564102564107,9.76976864638151,,
Gra-2013-JAD-000336,HD,OR1i1m-8,Jadhav et al. (2013) GCA 113:193,full,Orgueil,WU NanoSIMS,4,,2.16,2.3,243.584233812789,1.39998314719557,374.157041466728,15.9702792468187,,,48.2652422886292,13.420918398289,107.399267399267,15.5667344570409,,
Gra-2013-JAD-000337,HD,OR1i1m-9,Jadhav et al. (2013) GCA 113:193,full,Orgueil,WU NanoSIMS,6,,2.16,2.3,205.452570179136,0.994206399850282,295.286666184402,6.17682573307221,,,56.9270006255715,7.75501399884894,52.0146520146521,7.40437428346016,,
Gra-2013-WOP-000001,MD,"KFA1[0,4]",Wopenka et al. (2013) GCA 106:463,full,Murchison,WU NanoSIMS,3.3,,2.05,2.1,91.4,0.5,268.8,2.2,,,,,,,,
Gra-2013-WOP-000002,MD,"KFA1[1,2]a",Wopenka et al. (2013) GCA 106:463,full,Murchison,WU NanoSIMS,5.1,,2.05,2.1,91.3,0.5,257.3,4.9,,,,,,,,
Gra-2013-WOP-000003,MD,"KFA1[1,2]b-2",Wopenka et al. (2013) GCA 106:463,full,Murchison,WU NanoSIMS,3.4,,2.05,2.1,35.3,0.2,262.3,2.3,,,,,,,,
Gra-2013-WOP-000004,MD,"KFA1[2,1]",Wopenka et al. (2013) GCA 106:463,full,Murchison,WU NanoSIMS,4.3,,2.05,2.1,91.3,0.5,101.6,0.9,,,,,,,,
Gra-2013-WOP-000005,MD,"KFA1[3,00]a",Wopenka et al. (2013) GCA 106:463,full,Murchison,WU NanoSIMS,13,,2.05,2.1,7.5,0.1,271.4,3.7,,,,,,,,
Gra-2013-WOP-000006,MD,"KFA1[3,00]b",Wopenka et al. (2013) GCA 106:463,full,Murchison,WU NanoSIMS,3.3,,2.05,2.1,1773.9,13.3,227.3,2.6,,,,,,,,
Gra-2013-WOP-000007,MD,"KFA1[3,2]",Wopenka et al. (2013) GCA 106:463,full,Murchison,WU NanoSIMS,2.9,,2.05,2.1,101.7,0.6,203.7,6.2,,,,,,,,
Gra-2013-WOP-000008,MD,"KFA1[5,0]a",Wopenka et al. (2013) GCA 106:463,full,Murchison,WU NanoSIMS,3.1,,2.05,2.1,44.2,0.2,303.7,6.6,,,,,,,,
Gra-2013-WOP-000009,MD,"KFA1[5,0]b",Wopenka et al. (2013) GCA 106:463,full,Murchison,WU NanoSIMS,2.9,,2.05,2.1,93.4,0.6,255.4,4.7,,,,,,,,
Gra-2013-WOP-000010,MD,"KFA1[5,3]a",Wopenka et al. (2013) GCA 106:463,full,Murchison,WU NanoSIMS,6,,2.05,2.1,92.1,0.5,256.6,4.4,,,,,,,,
Gra-2013-WOP-000011,MD,"KFA1[5,6]",Wopenka et al. (2013) GCA 106:463,full,Murchison,WU NanoSIMS,2.9,,2.05,2.1,80.8,0.5,236.6,2.8,,,,,,,,
Gra-2013-WOP-000012,MD,"KFA1[6,00]",Wopenka et al. (2013) GCA 106:463,full,Murchison,WU NanoSIMS,6.9,,2.05,2.1,37.5,0.2,179.9,3.5,,,,,,,,
Gra-2013-WOP-000013,MD,"KFA1[6,1]",Wopenka et al. (2013) GCA 106:463,full,Murchison,WU NanoSIMS,4.5,,2.05,2.1,341.2,2,128.6,1.3,,,,,,,,
Gra-2013-WOP-000014,MD,"KFA1[6,2]",Wopenka et al. (2013) GCA 106:463,full,Murchison,WU NanoSIMS,3.6,,2.05,2.1,25.3,0.2,118.4,1.6,,,,,,,,
Gra-2013-WOP-000015,MD,"KFA1[6,3]",Wopenka et al. (2013) GCA 106:463,full,Murchison,WU NanoSIMS,3.7,,2.05,2.1,91,0.5,185.4,2.6,,,,,,,,
Gra-2013-WOP-000016,MD,"KFA1[6,4]",Wopenka et al. (2013) GCA 106:463,full,Murchison,WU NanoSIMS,4.9,,2.05,2.1,928.8,6.2,253.1,2.8,,,,,,,,
Gra-2013-WOP-000017,MD,"KFA1[6,6]",Wopenka et al. (2013) GCA 106:463,full,Murchison,WU NanoSIMS,,,2.05,2.1,21,0.1,245.9,4,,,,,,,,
Gra-2013-WOP-000018,MD,"KFA1[7,4]a",Wopenka et al. (2013) GCA 106:463,full,Murchison,WU NanoSIMS,3.6,,2.05,2.1,75.1,2.9,194.1,5.1,,,,,,,,
Gra-2013-WOP-000019,MD,"KFA1[7,4]b",Wopenka et al. (2013) GCA 106:463,full,Murchison,WU NanoSIMS,3,,2.05,2.1,347.3,2.1,301.7,10,,,,,,,,
Gra-2013-WOP-000020,MD,"KFA1[7,6]",Wopenka et al. (2013) GCA 106:463,full,Murchison,WU NanoSIMS,3.8,,2.05,2.1,91.1,0.5,245.7,5.2,,,,,,,,
Gra-2013-WOP-000021,MD,"KFA1[4,6]",Wopenka et al. (2013) GCA 106:463,full,Murchison,WU NanoSIMS,3.4,,2.05,2.1,479.3,1.4,280.6,9.4,,,,,,,,
Gra-2013-WOP-000022,MD,"KFA1[6,5]",Wopenka et al. (2013) GCA 106:463,full,Murchison,WU NanoSIMS,,,2.05,2.1,8.7,0.05,159.5,2.3,,,,,,,,
Gra-2013-WOP-000023,MD,"KFA1[7,5]",Wopenka et al. (2013) GCA 106:463,full,Murchison,WU NanoSIMS,3.5,,2.05,2.1,108.4,5.1,220.8,5.5,,,,,,,,
Gra-2013-WOP-000024,HD,"KFB1[0,2]a",Wopenka et al. (2013) GCA 106:463,full,Murchison,WU NanoSIMS,4.7,,2.1,2.15,592.1,1.2,277.9,2.8,,,,,,,,
Gra-2013-WOP-000025,HD,"KFB1[0,2]b",Wopenka et al. (2013) GCA 106:463,full,Murchison,WU NanoSIMS,3.8,,2.1,2.15,80.4,0.4,272.5,2.8,,,,,,,,
Gra-2013-WOP-000026,HD,"KFB1[0,5]a",Wopenka et al. (2013) GCA 106:463,full,Murchison,WU NanoSIMS,3.8,,2.1,2.15,149,0.2,267.6,2.2,,,,,,,,
Gra-2013-WOP-000027,HD,"KFB1[0,5]b",Wopenka et al. (2013) GCA 106:463,full,Murchison,WU NanoSIMS,3.8,,2.1,2.15,49.9,0.2,275.7,2.4,,,,,,,,
Gra-2013-WOP-000028,HD,"KFB1[0,6]a",Wopenka et al. (2013) GCA 106:463,full,Murchison,WU NanoSIMS,7.5,,2.1,2.15,2285.1,10.4,269.3,4.2,,,,,,,,
Gra-2013-WOP-000029,HD,"KFB1[0,6]b",Wopenka et al. (2013) GCA 106:463,full,Murchison,WU NanoSIMS,4.9,,2.1,2.15,216.6,0.9,270.1,2.7,,,,,,,,
Gra-2013-WOP-000030,HD,"KFB1[1,2]a2",Wopenka et al. (2013) GCA 106:463,full,Murchison,WU NanoSIMS,3.8,,2.1,2.15,883.2,2.3,277.4,4.8,,,,,,,,
Gra-2013-WOP-000031,HD,"KFB1[1,2]b1",Wopenka et al. (2013) GCA 106:463,full,Murchison,WU NanoSIMS,3.4,,2.1,2.15,1867.8,11.5,273.4,3.3,,,,,,,,
Gra-2013-WOP-000032,HD,"KFB1[1,2]b2",Wopenka et al. (2013) GCA 106:463,full,Murchison,WU NanoSIMS,3.1,,2.1,2.15,383.5,0.7,273.8,2.9,,,,,,,,
Gra-2013-WOP-000033,HD,"KFB1[1,3]",Wopenka et al. (2013) GCA 106:463,full,Murchison,WU NanoSIMS,8.9,,2.1,2.15,297.1,1.7,274.7,2.5,,,,,,,,
Gra-2013-WOP-000034,HD,"KFB1[2,1]b",Wopenka et al. (2013) GCA 106:463,full,Murchison,WU NanoSIMS,6.2,,2.1,2.15,12.1,0.1,272.6,2.5,,,,,,,,
Gra-2013-WOP-000035,HD,"KFB1[2,1]d1",Wopenka et al. (2013) GCA 106:463,full,Murchison,WU NanoSIMS,4.6,,2.1,2.15,333.8,0.6,266.3,4.1,,,,,,,,
Gra-2013-WOP-000036,HD,"KFB1[2,7]",Wopenka et al. (2013) GCA 106:463,full,Murchison,WU NanoSIMS,4.8,,2.1,2.15,670.6,3.2,272.3,2.4,,,,,,,,
Gra-2013-WOP-000037,HD,"KFB1[3,7]a",Wopenka et al. (2013) GCA 106:463,full,Murchison,WU NanoSIMS,5.9,,2.1,2.15,136.1,0.6,274.4,2.6,,,,,,,,
Gra-2013-WOP-000038,HD,"KFB1[3,7]b",Wopenka et al. (2013) GCA 106:463,full,Murchison,WU NanoSIMS,3.8,,2.1,2.15,532.5,2.5,273.5,2.6,,,,,,,,
Gra-2013-WOP-000039,HD,"KFB1[3,7]c",Wopenka et al. (2013) GCA 106:463,full,Murchison,WU NanoSIMS,4,,2.1,2.15,91.2,0.4,270.6,2.8,,,,,,,,
Gra-2013-WOP-000040,HD,"KFB1[4,1]a",Wopenka et al. (2013) GCA 106:463,full,Murchison,WU NanoSIMS,3.8,,2.1,2.15,627.9,2.9,272.1,3.9,,,,,,,,
Gra-2013-WOP-000041,HD,"KFB1[4,1]b",Wopenka et al. (2013) GCA 106:463,full,Murchison,WU NanoSIMS,3,,2.1,2.15,286.1,1.2,268.7,3.2,,,,,,,,
Gra-2013-WOP-000042,HD,"KFB1[4,3]",Wopenka et al. (2013) GCA 106:463,full,Murchison,WU NanoSIMS,4.1,,2.1,2.15,565.3,2.7,265.8,2.2,,,,,,,,
Gra-2013-WOP-000043,HD,"KFB1[4,7]a",Wopenka et al. (2013) GCA 106:463,full,Murchison,WU NanoSIMS,3.5,,2.1,2.15,676.6,3.2,273,2.9,,,,,,,,
Gra-2013-WOP-000044,HD,"KFB1[4,7]c",Wopenka et al. (2013) GCA 106:463,full,Murchison,WU NanoSIMS,4.2,,2.1,2.15,66.6,0.3,266.3,3.8,,,,,,,,
Gra-2013-WOP-000045,HD,"KFB1[4,7]e",Wopenka et al. (2013) GCA 106:463,full,Murchison,WU NanoSIMS,6.2,,2.1,2.15,948.8,5.3,266,5,,,,,,,,
Gra-2013-WOP-000046,HD,"KFB1[4,7]i",Wopenka et al. (2013) GCA 106:463,full,Murchison,WU NanoSIMS,4.5,,2.1,2.15,795.8,4,267.5,3.3,,,,,,,,
Gra-2013-WOP-000047,HD,"KFB1[4,7]j",Wopenka et al. (2013) GCA 106:463,full,Murchison,WU NanoSIMS,5.4,,2.1,2.15,164.9,0.7,272.5,2.7,,,,,,,,
Gra-2013-WOP-000048,HD,"KFB1[5,0]",Wopenka et al. (2013) GCA 106:463,full,Murchison,WU NanoSIMS,5,,2.1,2.15,257.3,1.1,268.7,3.2,,,,,,,,
Gra-2013-WOP-000049,HD,"KFB1[5,2]a",Wopenka et al. (2013) GCA 106:463,full,Murchison,WU NanoSIMS,4,,2.1,2.15,873.3,4.4,263.9,2.7,,,,,,,,
Gra-2013-WOP-000050,HD,"KFB1[5,2]c",Wopenka et al. (2013) GCA 106:463,full,Murchison,WU NanoSIMS,3.4,,2.1,2.15,90.1,0.4,263.2,3.7,,,,,,,,
Gra-2013-WOP-000051,HD,"KFB1[5,6]a",Wopenka et al. (2013) GCA 106:463,full,Murchison,WU NanoSIMS,3.3,,2.1,2.15,486.8,2.2,271.3,2.7,,,,,,,,
Gra-2013-WOP-000052,HD,"KFB1[5,6]e",Wopenka et al. (2013) GCA 106:463,full,Murchison,WU NanoSIMS,5.5,,2.1,2.15,207.6,0.9,272.1,2.7,,,,,,,,
Gra-2013-WOP-000053,HD,"KFB1[6,2]a1",Wopenka et al. (2013) GCA 106:463,full,Murchison,WU NanoSIMS,4.6,,2.1,2.15,986.6,4.7,267.3,3.5,,,,,,,,
Gra-2013-WOP-000054,HD,"KFB1[6,2]b",Wopenka et al. (2013) GCA 106:463,full,Murchison,WU NanoSIMS,3,,2.1,2.15,90.7,0.4,270.4,4,,,,,,,,
Gra-2013-WOP-000055,HD,"KFB1[6,2]c",Wopenka et al. (2013) GCA 106:463,full,Murchison,WU NanoSIMS,4,,2.1,2.15,90,0.4,267.4,3.5,,,,,,,,
Gra-2013-WOP-000056,HD,"KFB1[6,3]",Wopenka et al. (2013) GCA 106:463,full,Murchison,WU NanoSIMS,3.2,,2.1,2.15,90.2,0.4,265.7,2.6,,,,,,,,
Gra-2013-WOP-000057,HD,"KFB1[6,4]",Wopenka et al. (2013) GCA 106:463,full,Murchison,WU NanoSIMS,3.4,,2.1,2.15,214.6,0.9,268.2,2.2,,,,,,,,
Gra-2013-WOP-000058,HD,"KFB1[7,1]o",Wopenka et al. (2013) GCA 106:463,full,Murchison,WU NanoSIMS,4.9,,2.1,2.15,623.9,3.1,271.4,2.6,,,,,,,,
Gra-2013-WOP-000059,HD,"KFB1[7,3]a",Wopenka et al. (2013) GCA 106:463,full,Murchison,WU NanoSIMS,3.8,,2.1,2.15,90.2,0.4,270.4,3.3,,,,,,,,
Gra-2013-WOP-000060,HD,"KFB1[7,3]b",Wopenka et al. (2013) GCA 106:463,full,Murchison,WU NanoSIMS,3,,2.1,2.15,1102.8,6,273,2.7,,,,,,,,
Gra-2013-WOP-000061,HD,"KFB1[7,6]o",Wopenka et al. (2013) GCA 106:463,full,Murchison,WU NanoSIMS,4,,2.1,2.15,106.3,0.4,266.1,2.6,,,,,,,,
Gra-2013-WOP-000062,HD,"KFB1[6,5]",Wopenka et al. (2013) GCA 106:463,full,Murchison,WU NanoSIMS,3.4,,2.1,2.15,9,0.1,269.3,2.5,,,,,,,,
Gra-2013-WOP-000063,HD,"KFB1[6,7]",Wopenka et al. (2013) GCA 106:463,full,Murchison,WU NanoSIMS,3.7,,2.1,2.15,498.8,2.3,270.4,4.2,,,,,,,,
Gra-2013-WOP-000064,HD,"KFB1[7,5]",Wopenka et al. (2013) GCA 106:463,full,Murchison,WU NanoSIMS,3.2,,2.1,2.15,993.5,5.1,264.3,2.6,,,,,,,,
Gra-2013-WOP-000065,HD,"KFC1[0,1]",Wopenka et al. (2013) GCA 106:463,full,Murchison,WU NanoSIMS,2.9,,2.15,2.2,90.9,0.3,263.7,2.3,,,,,,,,
Gra-2013-WOP-000066,HD,"KFC1[0,2]a",Wopenka et al. (2013) GCA 106:463,full,Murchison,WU NanoSIMS,3.7,,2.15,2.2,705,3.2,256,2.3,,,,,,,,
Gra-2013-WOP-000067,HD,"KFC1[0,3]a",Wopenka et al. (2013) GCA 106:463,full,Murchison,WU NanoSIMS,3.9,,2.15,2.2,17.9,0.2,305.6,2.8,,,,,,,,
Gra-2013-WOP-000068,HD,"KFC1[0,3]b",Wopenka et al. (2013) GCA 106:463,full,Murchison,WU NanoSIMS,3.9,,2.15,2.2,1222.9,9.3,255.4,3.5,,,,,,,,
Gra-2013-WOP-000069,HD,"KFC1[0,3]c",Wopenka et al. (2013) GCA 106:463,full,Murchison,WU NanoSIMS,3.3,,2.15,2.2,16,0.2,241.4,4,,,,,,,,
Gra-2013-WOP-000070,HD,"KFC1[0,6]a",Wopenka et al. (2013) GCA 106:463,full,Murchison,WU NanoSIMS,4.1,,2.15,2.2,493.9,1.8,262.7,3.3,,,,,,,,
Gra-2013-WOP-000071,HD,"KFC1[0,6]b",Wopenka et al. (2013) GCA 106:463,full,Murchison,WU NanoSIMS,3.1,,2.15,2.2,520.8,2.5,269.6,6.9,,,,,,,,
Gra-2013-WOP-000072,HD,"KFC1[1,0]",Wopenka et al. (2013) GCA 106:463,full,Murchison,WU NanoSIMS,3.2,,2.15,2.2,3132.2,47.8,250.8,4.4,,,,,,,,
Gra-2013-WOP-000073,HD,"KFC1[1,4]",Wopenka et al. (2013) GCA 106:463,full,Murchison,WU NanoSIMS,2.9,,2.15,2.2,726.1,3.1,268.2,2.4,,,,,,,,
Gra-2013-WOP-000074,HD,"KFC1[1,7]a",Wopenka et al. (2013) GCA 106:463,full,Murchison,WU NanoSIMS,4.4,,2.15,2.2,2025.3,16,268.2,3.7,,,,,,,,
Gra-2013-WOP-000075,HD,"KFC1[2,0]",Wopenka et al. (2013) GCA 106:463,full,Murchison,WU NanoSIMS,5.1,,2.15,2.2,74.9,0.3,252.9,2.7,,,,,,,,
Gra-2013-WOP-000076,HD,"KFC1[2,5]",Wopenka et al. (2013) GCA 106:463,full,Murchison,WU NanoSIMS,2.6,,2.15,2.2,254.7,0.8,257.4,4.7,,,,,,,,
Gra-2013-WOP-000077,HD,"KFC1[3,5]a",Wopenka et al. (2013) GCA 106:463,full,Murchison,WU NanoSIMS,3.3,,2.15,2.2,102.5,0.3,267,2.1,,,,,,,,
Gra-2013-WOP-000078,HD,"KFC1[3,5]b",Wopenka et al. (2013) GCA 106:463,full,Murchison,WU NanoSIMS,5.3,,2.15,2.2,239.7,0.8,265.4,2.6,,,,,,,,
Gra-2013-WOP-000079,HD,"KFC1[3,6]",Wopenka et al. (2013) GCA 106:463,full,Murchison,WU NanoSIMS,3.8,,2.15,2.2,1759.5,12.7,275.4,3.8,,,,,,,,
Gra-2013-WOP-000080,HD,"KFC1[3,7]o",Wopenka et al. (2013) GCA 106:463,full,Murchison,WU NanoSIMS,3.6,,2.15,2.2,237.6,0.8,269.5,2.9,,,,,,,,
Gra-2013-WOP-000081,HD,"KFC1[4,7]",Wopenka et al. (2013) GCA 106:463,full,Murchison,WU NanoSIMS,3.4,,2.15,2.2,421.7,2,268,5.6,,,,,,,,
Gra-2013-WOP-000082,HD,"KFC1[5,00]b",Wopenka et al. (2013) GCA 106:463,full,Murchison,WU NanoSIMS,3.7,,2.15,2.2,6.5,0.1,210.3,3.7,,,,,,,,
Gra-2013-WOP-000083,HD,"KFC1[5,0]a",Wopenka et al. (2013) GCA 106:463,full,Murchison,WU NanoSIMS,3.5,,2.15,2.2,473.7,2,269.4,2,,,,,,,,
Gra-2013-WOP-000084,HD,"KFC1[5,0]b",Wopenka et al. (2013) GCA 106:463,full,Murchison,WU NanoSIMS,3.4,,2.15,2.2,550.9,2.2,234.4,2.8,,,,,,,,
Gra-2013-WOP-000085,HD,"KFC1[5,2]a",Wopenka et al. (2013) GCA 106:463,full,Murchison,WU NanoSIMS,5.2,,2.15,2.2,689.7,3.3,271.9,2.2,,,,,,,,
Gra-2013-WOP-000086,HD,"KFC1[5,2]b",Wopenka et al. (2013) GCA 106:463,full,Murchison,WU NanoSIMS,5.9,,2.15,2.2,761.2,3.8,269.8,2.2,,,,,,,,
Gra-2013-WOP-000087,HD,"KFC1[5,2]c",Wopenka et al. (2013) GCA 106:463,full,Murchison,WU NanoSIMS,4.3,,2.15,2.2,869.6,4,273.6,3.7,,,,,,,,
Gra-2013-WOP-000088,HD,"KFC1[5,3]a",Wopenka et al. (2013) GCA 106:463,full,Murchison,WU NanoSIMS,3.4,,2.15,2.2,181.6,0.6,260.1,2.4,,,,,,,,
Gra-2013-WOP-000089,HD,"KFC1[5,6]",Wopenka et al. (2013) GCA 106:463,full,Murchison,WU NanoSIMS,3.4,,2.15,2.2,426.9,1.7,260.3,3.9,,,,,,,,
Gra-2013-WOP-000090,HD,"KFC1[6,1]a",Wopenka et al. (2013) GCA 106:463,full,Murchison,WU NanoSIMS,2.9,,2.15,2.2,268.2,0.9,262.3,4.2,,,,,,,,
Gra-2013-WOP-000091,HD,"KFC1[6,1]b",Wopenka et al. (2013) GCA 106:463,full,Murchison,WU NanoSIMS,3.1,,2.15,2.2,9.4,0.1,258.4,7.4,,,,,,,,
Gra-2013-WOP-000092,HD,"KFC1[6,2]a",Wopenka et al. (2013) GCA 106:463,full,Murchison,WU NanoSIMS,2.9,,2.15,2.2,174.2,0.5,267.3,2.1,,,,,,,,
Gra-2013-WOP-000093,HD,"KFC1[6,2]b",Wopenka et al. (2013) GCA 106:463,full,Murchison,WU NanoSIMS,3.8,,2.15,2.2,209.7,1,269.4,4.4,,,,,,,,
Gra-2013-WOP-000094,HD,"KFC1[6,2]c",Wopenka et al. (2013) GCA 106:463,full,Murchison,WU NanoSIMS,4.3,,2.15,2.2,877.4,4.5,267.3,2.9,,,,,,,,
Gra-2013-WOP-000095,HD,"KFC1[6,7]a",Wopenka et al. (2013) GCA 106:463,full,Murchison,WU NanoSIMS,3.3,,2.15,2.2,15.2,0.2,268.8,5.9,,,,,,,,
Gra-2013-WOP-000096,HD,"KFC1[6,7]b",Wopenka et al. (2013) GCA 106:463,full,Murchison,WU NanoSIMS,3.3,,2.15,2.2,430.5,1.8,263.6,2.9,,,,,,,,
Gra-2013-WOP-000097,HD,"KFC1[7,1]",Wopenka et al. (2013) GCA 106:463,full,Murchison,WU NanoSIMS,4.8,,2.15,2.2,61.7,0.2,266.6,3.1,,,,,,,,
Gra-2013-WOP-000098,HD,"KFC1[7,2]a",Wopenka et al. (2013) GCA 106:463,full,Murchison,WU NanoSIMS,2.7,,2.15,2.2,395.3,1.3,263.1,3.9,,,,,,,,
Gra-2013-WOP-000099,HD,"KFC1[7,4]a",Wopenka et al. (2013) GCA 106:463,full,Murchison,WU NanoSIMS,3.5,,2.15,2.2,431.1,1.7,265.4,2.4,,,,,,,,
Gra-2013-WOP-000100,HD,"KFC1[7,4]b",Wopenka et al. (2013) GCA 106:463,full,Murchison,WU NanoSIMS,4.3,,2.15,2.2,690.9,3.1,271.3,2.7,,,,,,,,
Gra-2013-WOP-000101,HD,"KFC1[5,00]a",Wopenka et al. (2013) GCA 106:463,full,Murchison,WU NanoSIMS,4.2,,2.15,2.2,9.5,0.1,,,,,,,,,,
Gra-2014-AMA-000001,LD,KE3f-130,Amari et al. (2014) GCA 59:479,full,Murchison,WU 3f and/or WU NanoSIMS,,,1.65,1.72,97.44,0.29,,,,,7.3,40.2,-33.9,74.1,,
Gra-2014-AMA-000002,LD,KE3f-161,Amari et al. (2014) GCA 59:479,full,Murchison,WU 3f and/or WU NanoSIMS,,,1.65,1.72,12.18,0.03,,,,,-19,24,-4,29,,
Gra-2014-AMA-000003,LD,KE3f-162,Amari et al. (2014) GCA 59:479,full,Murchison,WU 3f and/or WU NanoSIMS,,,1.65,1.72,106.74,0.34,,,,,19,17,-90,19,,
Gra-2014-AMA-000004,LD,KE3f-163,Amari et al. (2014) GCA 59:479,full,Murchison,WU 3f and/or WU NanoSIMS,,,1.65,1.72,19.63,0.05,,,,,0,33,65,41,,
Gra-2014-AMA-000005,LD,KE3f-164,Amari et al. (2014) GCA 59:479,full,Murchison,WU 3f and/or WU NanoSIMS,,,1.65,1.72,33.6,0.09,,,,,-111,31,-118,37,,
Gra-2014-AMA-000006,LD,KE3f-211,Amari et al. (2014) GCA 59:479,full,Murchison,WU 3f and/or WU NanoSIMS,,,1.65,1.72,259.22,1,,,,,-92,24,-112,28,,
Gra-2014-AMA-000007,LD,KE3f-212,Amari et al. (2014) GCA 59:479,full,Murchison,WU 3f and/or WU NanoSIMS,,,1.65,1.72,2785.9,31.29,,,,,8,44,-73,50,,
Gra-2014-AMA-000008,LD,KE3f-221,Amari et al. (2014) GCA 59:479,full,Murchison,WU 3f and/or WU NanoSIMS,,,1.65,1.72,7.66,0.02,,,,,-20,14,-19,17,,
Gra-2014-AMA-000009,LD,KE3f-222,Amari et al. (2014) GCA 59:479,full,Murchison,WU 3f and/or WU NanoSIMS,,,1.65,1.72,1865.23,16.99,,,,,3,17,-13,20,,
Gra-2014-AMA-000010,LD,KE3f-231,Amari et al. (2014) GCA 59:479,full,Murchison,WU 3f and/or WU NanoSIMS,,,1.65,1.72,86.61,0.24,,,,,-23,14,-27,17,,
Gra-2014-AMA-000011,LD,KE3f-241,Amari et al. (2014) GCA 59:479,full,Murchison,WU 3f and/or WU NanoSIMS,,,1.65,1.72,9.83,0.02,,,,,-31,12,-21,14,,
Gra-2014-AMA-000012,LD,KE3f-251,Amari et al. (2014) GCA 59:479,full,Murchison,WU 3f and/or WU NanoSIMS,,,1.65,1.72,18.35,0.05,,,,,-12,14,-47,17,,
Gra-2014-AMA-000013,LD,KE3f-252,Amari et al. (2014) GCA 59:479,full,Murchison,WU 3f and/or WU NanoSIMS,,,1.65,1.72,22.23,0.06,,,,,-20,13,-21,16,,
Gra-2014-AMA-000014,LD,KE3f-253,Amari et al. (2014) GCA 59:479,full,Murchison,WU 3f and/or WU NanoSIMS,,,1.65,1.72,88.54,0.33,,,,,-19,43,-83,49,,
Gra-2014-AMA-000015,LD,KE3f-321,Amari et al. (2014) GCA 59:479,full,Murchison,WU 3f and/or WU NanoSIMS,,,1.65,1.72,595.04,2.94,,,,,-45,22,-16,26,,
Gra-2014-AMA-000016,LD,KE3f-322,Amari et al. (2014) GCA 59:479,full,Murchison,WU 3f and/or WU NanoSIMS,,,1.65,1.72,20.5,0.05,,,,,-24,13,-52,16,,
Gra-2014-AMA-000017,LD,KE3f-323,Amari et al. (2014) GCA 59:479,full,Murchison,WU 3f and/or WU NanoSIMS,,,1.65,1.72,85.83,0.27,,,,,-38,20,-21,24,,
Gra-2014-AMA-000018,LD,KE3f-332,Amari et al. (2014) GCA 59:479,full,Murchison,WU 3f and/or WU NanoSIMS,,,1.65,1.72,151.74,0.51,,,,,-41,15,-41,18,,
Gra-2014-AMA-000019,LD,KE3f-333,Amari et al. (2014) GCA 59:479,full,Murchison,WU 3f and/or WU NanoSIMS,,,1.65,1.72,14.55,0.9,,,,,-11.1,18.8,9.9,47.2,,
Gra-2014-AMA-000020,LD,KE3f-334,Amari et al. (2014) GCA 59:479,full,Murchison,WU 3f and/or WU NanoSIMS,,,1.65,1.72,75.69,0.21,,,,,-19,18,-59,21,,
Gra-2014-AMA-000021,LD,KE3f-335,Amari et al. (2014) GCA 59:479,full,Murchison,WU 3f and/or WU NanoSIMS,,,1.65,1.72,257.82,0.96,,,,,-38,25,55,31,,
Gra-2014-AMA-000022,LD,KE3f-341,Amari et al. (2014) GCA 59:479,full,Murchison,WU 3f and/or WU NanoSIMS,,,1.65,1.72,738.51,3.91,,,,,-12.8,60.9,-11.2,94.8,,
Gra-2014-AMA-000023,LD,KE3f-411,Amari et al. (2014) GCA 59:479,full,Murchison,WU 3f and/or WU NanoSIMS,,,1.65,1.72,85.99,0.27,,,,,4,37,-114,41,,
Gra-2014-AMA-000024,LD,KE3f-412,Amari et al. (2014) GCA 59:479,full,Murchison,WU 3f and/or WU NanoSIMS,,,1.65,1.72,10.5,0.02,,,,,-3,33,30,40,,
Gra-2014-AMA-000025,LD,KE3f-413,Amari et al. (2014) GCA 59:479,full,Murchison,WU 3f and/or WU NanoSIMS,,,1.65,1.72,24.35,0.08,,,,,-68,19,-77,23,,
Gra-2014-AMA-000026,LD,KE3f-421,Amari et al. (2014) GCA 59:479,full,Murchison,WU 3f and/or WU NanoSIMS,,,1.65,1.72,257.92,2.39,,,,,-157.6,38.1,-337.9,38.7,,
Gra-2014-AMA-000027,LD,KE3f-422,Amari et al. (2014) GCA 59:479,full,Murchison,WU 3f and/or WU NanoSIMS,,,1.65,1.72,7.95,0.02,,,,,-9,12,-22,15,,
Gra-2014-AMA-000028,LD,KE3f-441,Amari et al. (2014) GCA 59:479,full,Murchison,WU 3f and/or WU NanoSIMS,,,1.65,1.72,85.07,0.29,,,,,-10,36,-36,42,,
Gra-2014-AMA-000029,LD,KE3f-442,Amari et al. (2014) GCA 59:479,full,Murchison,WU 3f and/or WU NanoSIMS,,,1.65,1.72,110.52,0.34,,,,,-48,19,-12,23,,
Gra-2014-AMA-000030,LD,KE3f-451,Amari et al. (2014) GCA 59:479,full,Murchison,WU 3f and/or WU NanoSIMS,,,1.65,1.72,391.48,1.71,,,,,-51,16,-70,19,,
Gra-2014-AMA-000031,LD,KE3f-452,Amari et al. (2014) GCA 59:479,full,Murchison,WU 3f and/or WU NanoSIMS,,,1.65,1.72,97.67,0.65,,,,,0,17.2,-70.6,30.6,,
Gra-2014-AMA-000032,LD,KE3f-511,Amari et al. (2014) GCA 59:479,full,Murchison,WU 3f and/or WU NanoSIMS,,,1.65,1.72,63.38,0.18,,,,,-34,15,-59,18,,
Gra-2014-AMA-000033,LD,KE3f-512,Amari et al. (2014) GCA 59:479,full,Murchison,WU 3f and/or WU NanoSIMS,,,1.65,1.72,656.87,3.86,,,,,-134,11,-143,13,,
Gra-2014-AMA-000034,LD,KE3f-541,Amari et al. (2014) GCA 59:479,full,Murchison,WU 3f and/or WU NanoSIMS,,,1.65,1.72,11.07,0.21,,,,,22,5.6,9.1,15.6,,
Gra-2014-AMA-000035,LD,KE3f-561,Amari et al. (2014) GCA 59:479,full,Murchison,WU 3f and/or WU NanoSIMS,,,1.65,1.72,17.51,0.04,,,,,-25,33,-20,40,,
Gra-2014-AMA-000036,LD,KE3f-562,Amari et al. (2014) GCA 59:479,full,Murchison,WU 3f and/or WU NanoSIMS,,,1.65,1.72,87.08,0.25,,,,,-39,24,-45,29,,
Gra-2014-AMA-000037,LD,KE3f-563,Amari et al. (2014) GCA 59:479,full,Murchison,WU 3f and/or WU NanoSIMS,,,1.65,1.72,124.34,0.39,,,,,-8,12,-40,14,,
Gra-2014-AMA-000038,LD,KE3f-564,Amari et al. (2014) GCA 59:479,full,Murchison,WU 3f and/or WU NanoSIMS,,,1.65,1.72,69.16,0.2,,,,,-53,18,-87,21,,
Gra-2014-AMA-000039,LD,KE3f-565,Amari et al. (2014) GCA 59:479,full,Murchison,WU 3f and/or WU NanoSIMS,,,1.65,1.72,8.16,0.02,,,,,-25,16,-20,19,,
Gra-2014-AMA-000040,LD,KE3f-566,Amari et al. (2014) GCA 59:479,full,Murchison,WU 3f and/or WU NanoSIMS,,,1.65,1.72,340.51,1.53,,,,,-22,16,-19,19,,
Gra-2014-AMA-000041,LD,KE3f-567,Amari et al. (2014) GCA 59:479,full,Murchison,WU 3f and/or WU NanoSIMS,,,1.65,1.72,87.8,0.32,,,,,-22,18,-35,21,,
Gra-2014-AMA-000042,LD,KE3f-568,Amari et al. (2014) GCA 59:479,full,Murchison,WU 3f and/or WU NanoSIMS,,,1.65,1.72,195.98,0.78,,,,,-44,9,-21,11,,
Gra-2014-AMA-000043,LD,KE3f-569,Amari et al. (2014) GCA 59:479,full,Murchison,WU 3f and/or WU NanoSIMS,,,1.65,1.72,86.06,0.3,,,,,-70,38,-91,45,,
Gra-2014-AMA-000044,LD,KE3f-5610,Amari et al. (2014) GCA 59:479,full,Murchison,WU 3f and/or WU NanoSIMS,,,1.65,1.72,77.03,0.22,,,,,-17,12,-27,14,,
Gra-2014-AMA-000045,LD,KE3f-5611,Amari et al. (2014) GCA 59:479,full,Murchison,WU 3f and/or WU NanoSIMS,,,1.65,1.72,1104.93,7.73,,,,,,,,,,
Gra-2014-AMA-000046,LD,KE3f-5611,Amari et al. (2014) GCA 59:479,full,Murchison,WU 3f and/or WU NanoSIMS,,,1.65,1.72,1240.01,9.28,,,,,,,,,,
Gra-2014-AMA-000047,LD,KE3f-5612,Amari et al. (2014) GCA 59:479,full,Murchison,WU 3f and/or WU NanoSIMS,,,1.65,1.72,165.07,0.56,,,,,,,,,,
Gra-2014-AMA-000048,LD,KE3f-5613,Amari et al. (2014) GCA 59:479,full,Murchison,WU 3f and/or WU NanoSIMS,,,1.65,1.72,89.96,0.37,,,,,,,,,,
Gra-2014-AMA-000049,LD,KE3f-5614,Amari et al. (2014) GCA 59:479,full,Murchison,WU 3f and/or WU NanoSIMS,,,1.65,1.72,8.59,0.02,,,,,,,,,,
Gra-2014-AMA-000050,LD,KE3f-5615,Amari et al. (2014) GCA 59:479,full,Murchison,WU 3f and/or WU NanoSIMS,,,1.65,1.72,62.3,0.19,,,,,,,,,,
Gra-2014-AMA-000051,LD,KE3f-5616,Amari et al. (2014) GCA 59:479,full,Murchison,WU 3f and/or WU NanoSIMS,,,1.65,1.72,608.7,3.48,,,,,,,,,,
Gra-2014-AMA-000052,LD,KE3f-5617,Amari et al. (2014) GCA 59:479,full,Murchison,WU 3f and/or WU NanoSIMS,,,1.65,1.72,7.61,0.02,,,,,,,,,,
Gra-2014-AMA-000053,LD,KE3h-161,Amari et al. (2014) GCA 59:479,full,Murchison,WU 3f and/or WU NanoSIMS,,,1.65,1.72,92.07,0.65,,,,,-152,17,-214,19,,
Gra-2014-AMA-000054,LD,KE3h-441,Amari et al. (2014) GCA 59:479,full,Murchison,WU 3f and/or WU NanoSIMS,,,1.65,1.72,9.41,0.06,,,,,-51,29,-75,34,,
Gra-2014-AMA-000055,LD,KE3h-521,Amari et al. (2014) GCA 59:479,full,Murchison,WU 3f and/or WU NanoSIMS,,,1.65,1.72,122.52,0.88,,,,,-129,22,-196,25,,
Gra-2014-AMA-000056,LD,KE3h-522,Amari et al. (2014) GCA 59:479,full,Murchison,WU 3f and/or WU NanoSIMS,,,1.65,1.72,1321.19,13.35,,,,,-32,18,-23,22,,
Gra-2014-AMA-000057,LD,KE3h-562,Amari et al. (2014) GCA 59:479,full,Murchison,WU 3f and/or WU NanoSIMS,,,1.65,1.72,84.14,0.6,,,,,-26,27,-37,32,,
Gra-2014-AMA-000058,LD,KE3h-564,Amari et al. (2014) GCA 59:479,full,Murchison,WU 3f and/or WU NanoSIMS,,,1.65,1.72,83.18,0.59,,,,,-24,16,-45,19,,
Gra-2014-AMA-000059,LD,KE3i-021,Amari et al. (2014) GCA 59:479,full,Murchison,WU 3f and/or WU NanoSIMS,,,1.65,1.72,15.47,0.07,,,,,-5,40,-54,47,,
Gra-2014-AMA-000060,LD,KE3i-131,Amari et al. (2014) GCA 59:479,full,Murchison,WU 3f and/or WU NanoSIMS,,,1.65,1.72,86.45,0.41,,,,,-89,42,-58,51,,
Gra-2014-AMA-000061,LD,KE3i-331,Amari et al. (2014) GCA 59:479,full,Murchison,WU 3f and/or WU NanoSIMS,,,1.65,1.72,21.36,0.1,,,,,-44,45,-35,54,,
Gra-2014-AMA-000062,LD,KE3i-361,Amari et al. (2014) GCA 59:479,full,Murchison,WU 3f and/or WU NanoSIMS,,,1.65,1.72,5.24,0.02,,,,,23,38,79,47,,
Gra-2014-AMA-000063,LD,KE3i-431,Amari et al. (2014) GCA 59:479,full,Murchison,WU 3f and/or WU NanoSIMS,,,1.65,1.72,28.68,0.13,,,,,-60,38,23,47,,
Gra-2014-AMA-000064,LD,KE3i-432,Amari et al. (2014) GCA 59:479,full,Murchison,WU 3f and/or WU NanoSIMS,,,1.65,1.72,84.45,0.41,,,,,-21,67,46,83,,
Gra-2014-AMA-000065,LD,KE3i-461,Amari et al. (2014) GCA 59:479,full,Murchison,WU 3f and/or WU NanoSIMS,,,1.65,1.72,3.42,0.02,,,,,-252,83,97,125,,
Gra-2014-AMA-000066,LD,KE3i-641,Amari et al. (2014) GCA 59:479,full,Murchison,WU 3f and/or WU NanoSIMS,,,1.65,1.72,16.42,0.07,,,,,13,37,-18,43,,
Gra-2014-AMA-000067,LD,KE3j-020,Amari et al. (2014) GCA 59:479,full,Murchison,WU 3f and/or WU NanoSIMS,,,1.65,1.72,12.79,0.03,270.56,2.39,,,-360,27,-422,30,,
Gra-2014-AMA-000068,LD,KE3j-571,Amari et al. (2014) GCA 59:479,full,Murchison,WU 3f and/or WU NanoSIMS,,,1.65,1.72,11.95,0.03,295.13,3.08,,,-14,72,108,91,,
Gra-2014-AMA-000069,LD,KE3j-572,Amari et al. (2014) GCA 59:479,full,Murchison,WU 3f and/or WU NanoSIMS,,,1.65,1.72,170.54,0.54,257.03,1.69,,,-291,40,-404,43,,
Gra-2014-AMA-000070,LD,KE3j-941,Amari et al. (2014) GCA 59:479,full,Murchison,WU 3f and/or WU NanoSIMS,,,1.65,1.72,80.34,0.21,240.63,1.84,,,706,42,448,45,,
Gra-2014-AMA-000071,LD,KE3k-0m11,Amari et al. (2014) GCA 59:479,full,Murchison,WU 3f and/or WU NanoSIMS,,,1.65,1.72,199.1,1.15,272.93,1.6,,,-23,13,-61,15,,
Gra-2014-AMA-000072,MD,KFA1e-051,Amari et al. (2014) GCA 59:479,full,Murchison,WU 3f and/or WU NanoSIMS,,,2.05,2.1,87.17,0.65,273.09,6.24,,,,,,,,
Gra-2014-AMA-000073,MD,KFA1e-121,Amari et al. (2014) GCA 59:479,full,Murchison,WU 3f and/or WU NanoSIMS,,,2.05,2.1,87.87,0.62,274.51,5.85,,,,,,,,
Gra-2014-AMA-000074,MD,KFA1e-122,Amari et al. (2014) GCA 59:479,full,Murchison,WU 3f and/or WU NanoSIMS,,,2.05,2.1,6.8,0.04,280.45,6.05,0.00274,0.000307,23.7,22.1,36.2,25.6,,
Gra-2014-AMA-000075,MD,KFA1e-123,Amari et al. (2014) GCA 59:479,full,Murchison,WU 3f and/or WU NanoSIMS,,,2.05,2.1,49.58,0.35,250.37,5.11,,,-36,12.3,-10.2,15.2,,
Gra-2014-AMA-000076,MD,KFA1e-131,Amari et al. (2014) GCA 59:479,full,Murchison,WU 3f and/or WU NanoSIMS,,,2.05,2.1,64.23,0.46,269.32,5.19,,,-4.1,18.2,69.6,22.2,,
Gra-2014-AMA-000077,MD,KFA1e-151,Amari et al. (2014) GCA 59:479,full,Murchison,WU 3f and/or WU NanoSIMS,,,2.05,2.1,2120.82,32.51,266.96,6.32,,,-7.3,23.5,22.7,27.4,,
Gra-2014-AMA-000078,MD,KFA1e-152,Amari et al. (2014) GCA 59:479,full,Murchison,WU 3f and/or WU NanoSIMS,,,2.05,2.1,3.47,0.02,266.11,5.48,,,-12.6,12.6,-15.6,15.2,,
Gra-2014-AMA-000079,MD,KFA1e-211,Amari et al. (2014) GCA 59:479,full,Murchison,WU 3f and/or WU NanoSIMS,,,2.05,2.1,690.34,6.89,286.2,6.08,,,,,,,,
Gra-2014-AMA-000080,MD,KFA1e-212,Amari et al. (2014) GCA 59:479,full,Murchison,WU 3f and/or WU NanoSIMS,,,2.05,2.1,87.68,0.62,280.17,5.68,,,,,,,,
Gra-2014-AMA-000081,MD,KFA1e-213,Amari et al. (2014) GCA 59:479,full,Murchison,WU 3f and/or WU NanoSIMS,,,2.05,2.1,86.63,0.63,276.2,6.22,,,,,,,,
Gra-2014-AMA-000082,MD,KFA1e-214,Amari et al. (2014) GCA 59:479,full,Murchison,WU 3f and/or WU NanoSIMS,,,2.05,2.1,86.12,0.67,270.36,6.52,,,,,,,,
Gra-2014-AMA-000083,MD,KFA1e-215a,Amari et al. (2014) GCA 59:479,full,Murchison,WU 3f and/or WU NanoSIMS,,,2.05,2.1,878.4,10.45,282.99,6.61,,,-82,22.8,3.2,27.5,,
Gra-2014-AMA-000084,MD,KFA1e-215b,Amari et al. (2014) GCA 59:479,full,Murchison,WU 3f and/or WU NanoSIMS,,,2.05,2.1,88.85,0.64,274.6,6.39,,,,,,,,
Gra-2014-AMA-000085,MD,KFA1e-215c,Amari et al. (2014) GCA 59:479,full,Murchison,WU 3f and/or WU NanoSIMS,,,2.05,2.1,87.22,0.62,291.86,6.52,,,,,,,,
Gra-2014-AMA-000086,MD,KFA1e-221,Amari et al. (2014) GCA 59:479,full,Murchison,WU 3f and/or WU NanoSIMS,,,2.05,2.1,19.38,0.13,262.72,5.4,,,-33.2,10.9,-69.1,13,,
Gra-2014-AMA-000087,MD,KFA1e-222,Amari et al. (2014) GCA 59:479,full,Murchison,WU 3f and/or WU NanoSIMS,,,2.05,2.1,50.57,0.36,260.36,5.58,,,7.1,11.6,36.9,14.6,,
Gra-2014-AMA-000088,MD,KFA1e-223,Amari et al. (2014) GCA 59:479,full,Murchison,WU 3f and/or WU NanoSIMS,,,2.05,2.1,15.03,0.1,226.23,5.31,0.063,0.000201,-148.3,12.6,-79,15.9,,
Gra-2014-AMA-000089,MD,KFA1e-231,Amari et al. (2014) GCA 59:479,full,Murchison,WU 3f and/or WU NanoSIMS,,,2.05,2.1,90.58,0.83,290.82,9.76,,,,,,,,
Gra-2014-AMA-000090,MD,KFA1e-241,Amari et al. (2014) GCA 59:479,full,Murchison,WU 3f and/or WU NanoSIMS,,,2.05,2.1,1038.07,25.06,284.31,11.53,,,41.5,24.1,71.3,28.1,,
Gra-2014-AMA-000091,MD,KFA1e-242,Amari et al. (2014) GCA 59:479,full,Murchison,WU 3f and/or WU NanoSIMS,,,2.05,2.1,18.01,0.15,297.05,8.41,0.00513,0.000228,-23.1,23,-15.2,26.4,,
Gra-2014-AMA-000092,MD,KFA1e-243,Amari et al. (2014) GCA 59:479,full,Murchison,WU 3f and/or WU NanoSIMS,,,2.05,2.1,92.68,1.07,313.26,24.98,,,,,,,,
Gra-2014-AMA-000093,MD,KFA1e-251a,Amari et al. (2014) GCA 59:479,full,Murchison,WU 3f and/or WU NanoSIMS,,,2.05,2.1,84.56,0.62,264.61,6.5,,,,,,,,
Gra-2014-AMA-000094,MD,KFA1e-252,Amari et al. (2014) GCA 59:479,full,Murchison,WU 3f and/or WU NanoSIMS,,,2.05,2.1,90.56,0.77,287.9,7.25,,,,,,,,
Gra-2014-AMA-000095,MD,KFA1e-253,Amari et al. (2014) GCA 59:479,full,Murchison,WU 3f and/or WU NanoSIMS,,,2.05,2.1,43.28,0.32,278,6.98,0.0189,0.000324,-53.8,15.9,-100,18,,
Gra-2014-AMA-000096,MD,KFA1e-254a,Amari et al. (2014) GCA 59:479,full,Murchison,WU 3f and/or WU NanoSIMS,,,2.05,2.1,85.49,0.65,302.99,6.55,,,,,,,,
Gra-2014-AMA-000097,MD,KFA1e-254b,Amari et al. (2014) GCA 59:479,full,Murchison,WU 3f and/or WU NanoSIMS,,,2.05,2.1,9.16,0.06,306,8.46,,,-2.2,27.5,7.1,31.5,,
Gra-2014-AMA-000098,MD,KFA1e-254c,Amari et al. (2014) GCA 59:479,full,Murchison,WU 3f and/or WU NanoSIMS,,,2.05,2.1,87.03,0.88,242.73,6.45,,,,,,,,
Gra-2014-AMA-000099,MD,KFA1e-254d,Amari et al. (2014) GCA 59:479,full,Murchison,WU 3f and/or WU NanoSIMS,,,2.05,2.1,85.21,1.62,296.86,13.41,,,,,,,,
Gra-2014-AMA-000100,MD,KFA1e-254e,Amari et al. (2014) GCA 59:479,full,Murchison,WU 3f and/or WU NanoSIMS,,,2.05,2.1,90.47,1.35,291.2,5.82,,,,,,,,
Gra-2014-AMA-000101,MD,KFA1e-255,Amari et al. (2014) GCA 59:479,full,Murchison,WU 3f and/or WU NanoSIMS,,,2.05,2.1,87.29,0.7,295.72,8.65,,,,,,,,
Gra-2014-AMA-000102,MD,KFA1e-261,Amari et al. (2014) GCA 59:479,full,Murchison,WU 3f and/or WU NanoSIMS,,,2.05,2.1,6.16,0.04,281.11,6.62,0.0153,0.000532,10.7,13.7,28.4,16.7,,
Gra-2014-AMA-000103,MD,KFA1e-262,Amari et al. (2014) GCA 59:479,full,Murchison,WU 3f and/or WU NanoSIMS,,,2.05,2.1,88,0.73,275.92,7.12,,,,,,,,
Gra-2014-AMA-000104,MD,KFA1e-271,Amari et al. (2014) GCA 59:479,full,Murchison,WU 3f and/or WU NanoSIMS,,,2.05,2.1,6.28,0.04,237.26,5.53,,,-15.2,12.3,-25.5,14.8,,
Gra-2014-AMA-000105,MD,KFA1e-272a,Amari et al. (2014) GCA 59:479,full,Murchison,WU 3f and/or WU NanoSIMS,,,2.05,2.1,87.88,0.65,296.67,6.65,,,,,,,,
Gra-2014-AMA-000106,MD,KFA1e-272b,Amari et al. (2014) GCA 59:479,full,Murchison,WU 3f and/or WU NanoSIMS,,,2.05,2.1,88.8,1.22,295.35,8.42,,,,,,,,
Gra-2014-AMA-000107,MD,KFA1e-272c,Amari et al. (2014) GCA 59:479,full,Murchison,WU 3f and/or WU NanoSIMS,,,2.05,2.1,90.01,1.19,276.3,6.48,,,,,,,,
Gra-2014-AMA-000108,MD,KFA1e-273,Amari et al. (2014) GCA 59:479,full,Murchison,WU 3f and/or WU NanoSIMS,,,2.05,2.1,232.75,1.98,265.83,5.61,,,23.1,12.1,53.6,15.1,,
Gra-2014-AMA-000109,MD,KFA1e-274a,Amari et al. (2014) GCA 59:479,full,Murchison,WU 3f and/or WU NanoSIMS,,,2.05,2.1,98.41,0.78,233.77,5.27,,,,,,,,
Gra-2014-AMA-000110,MD,KFA1e-274b,Amari et al. (2014) GCA 59:479,full,Murchison,WU 3f and/or WU NanoSIMS,,,2.05,2.1,82.84969,0.591319485,294.69,7.86,0.0938,0.000169,,,,,,
Gra-2014-AMA-000111,MD,KFA1e-275,Amari et al. (2014) GCA 59:479,full,Murchison,WU 3f and/or WU NanoSIMS,,,2.05,2.1,895.06,12.81,279.51,8.71,,,26.9,14.3,74.2,17.7,,
Gra-2014-AMA-000112,MD,KFA1e-301,Amari et al. (2014) GCA 59:479,full,Murchison,WU 3f and/or WU NanoSIMS,,,2.05,2.1,8.66,0.06,288.37,6.12,,,-8.5,18.2,45.4,21.9,0.211,0.0597
Gra-2014-AMA-000113,MD,KFA1e-302,Amari et al. (2014) GCA 59:479,full,Murchison,WU 3f and/or WU NanoSIMS,,,2.05,2.1,87.79,0.7,248.95,6.06,0.00457,0.000364,,,,,,
Gra-2014-AMA-000114,MD,KFA1e-303,Amari et al. (2014) GCA 59:479,full,Murchison,WU 3f and/or WU NanoSIMS,,,2.05,2.1,88.85,0.67,298.74,11.01,,,,,,,,
Gra-2014-AMA-000115,MD,KFA1e-304,Amari et al. (2014) GCA 59:479,full,Murchison,WU 3f and/or WU NanoSIMS,,,2.05,2.1,88.13,0.62,288.65,6.86,,,,,,,,
Gra-2014-AMA-000116,MD,KFA1e-321,Amari et al. (2014) GCA 59:479,full,Murchison,WU 3f and/or WU NanoSIMS,,,2.05,2.1,89.53,0.8,287.52,7.9,,,,,,,,
Gra-2014-AMA-000117,MD,KFA1e-322,Amari et al. (2014) GCA 59:479,full,Murchison,WU 3f and/or WU NanoSIMS,,,2.05,2.1,14.14,0.09,292.24,5.6,,,3,15.1,21.7,18.1,,
Gra-2014-AMA-000118,MD,KFA1e-323,Amari et al. (2014) GCA 59:479,full,Murchison,WU 3f and/or WU NanoSIMS,,,2.05,2.1,86.83,0.73,299.5,8.42,,,,,,,,
Gra-2014-AMA-000119,MD,KFA1e-324,Amari et al. (2014) GCA 59:479,full,Murchison,WU 3f and/or WU NanoSIMS,,,2.05,2.1,88.31,0.79,283.84,6.9,,,,,,,,
Gra-2014-AMA-000120,MD,KFA1e-325,Amari et al. (2014) GCA 59:479,full,Murchison,WU 3f and/or WU NanoSIMS,,,2.05,2.1,87.51,0.64,278.37,5.61,,,,,,,,
Gra-2014-AMA-000121,MD,KFA1e-326,Amari et al. (2014) GCA 59:479,full,Murchison,WU 3f and/or WU NanoSIMS,,,2.05,2.1,88.66,0.72,278.56,6.74,,,,,,,,
Gra-2014-AMA-000122,MD,KFA1e-351,Amari et al. (2014) GCA 59:479,full,Murchison,WU 3f and/or WU NanoSIMS,,,2.05,2.1,6.19,0.04,250.08,5.94,,,-34.6,13.9,-34.4,16.5,,
Gra-2014-AMA-000123,MD,KFA1e-352,Amari et al. (2014) GCA 59:479,full,Murchison,WU 3f and/or WU NanoSIMS,,,2.05,2.1,88.29,0.63,288.37,5.4,,,,,,,,
Gra-2014-AMA-000124,MD,KFA1e-353,Amari et al. (2014) GCA 59:479,full,Murchison,WU 3f and/or WU NanoSIMS,,,2.05,2.1,86.95,0.68,282.9,6.81,,,,,,,,
Gra-2014-AMA-000125,MD,KFA1e-361,Amari et al. (2014) GCA 59:479,full,Murchison,WU 3f and/or WU NanoSIMS,,,2.05,2.1,85.88,0.62,282.62,5.93,,,,,,,,
Gra-2014-AMA-000126,MD,KFA1e-362,Amari et al. (2014) GCA 59:479,full,Murchison,WU 3f and/or WU NanoSIMS,,,2.05,2.1,85.75,0.61,274.79,5.78,,,,,,,,
Gra-2014-AMA-000127,MD,KFA1e-363,Amari et al. (2014) GCA 59:479,full,Murchison,WU 3f and/or WU NanoSIMS,,,2.05,2.1,82.49,0.65,272.81,6.11,,,,,,,,
Gra-2014-AMA-000128,MD,KFA1e-371,Amari et al. (2014) GCA 59:479,full,Murchison,WU 3f and/or WU NanoSIMS,,,2.05,2.1,86.47,0.6,258.66,5.86,,,,,,,,
Gra-2014-AMA-000129,MD,KFA1e-401b,Amari et al. (2014) GCA 59:479,full,Murchison,WU 3f and/or WU NanoSIMS,,,2.05,2.1,85.75,0.68,252.35,10.47,,,,,,,,
Gra-2014-AMA-000130,MD,KFA1e-402,Amari et al. (2014) GCA 59:479,full,Murchison,WU 3f and/or WU NanoSIMS,,,2.05,2.1,85.83,0.67,267.89,12.21,,,,,,,,
Gra-2014-AMA-000131,MD,KFA1e-402,Amari et al. (2014) GCA 59:479,full,Murchison,WU 3f and/or WU NanoSIMS,,,2.05,2.1,88.6,0.7,267.01,10.19,,,,,,,,
Gra-2014-AMA-000132,MD,KFA1e-411,Amari et al. (2014) GCA 59:479,full,Murchison,WU 3f and/or WU NanoSIMS,,,2.05,2.1,86.4,0.79,282.39,11.78,,,,,,,,
Gra-2014-AMA-000133,MD,KFA1e-412,Amari et al. (2014) GCA 59:479,full,Murchison,WU 3f and/or WU NanoSIMS,,,2.05,2.1,96.82,0.78,210.49,9.85,,,-35.4,24.2,47.9,29.1,,
Gra-2014-AMA-000134,MD,KFA1e-413,Amari et al. (2014) GCA 59:479,full,Murchison,WU 3f and/or WU NanoSIMS,,,2.05,2.1,188.75,1.53,259.81,10.62,,,43.3,15.1,70.6,18.3,,
Gra-2014-AMA-000135,MD,KFA1e-421,Amari et al. (2014) GCA 59:479,full,Murchison,WU 3f and/or WU NanoSIMS,,,2.05,2.1,87.25,0.69,277.36,10.29,,,,,,,,
Gra-2014-AMA-000136,MD,KFA1e-422,Amari et al. (2014) GCA 59:479,full,Murchison,WU 3f and/or WU NanoSIMS,,,2.05,2.1,3.75,0.03,235.09,9.96,0.0362,0.000285,-40.3,12.7,-50.7,15.1,,
Gra-2014-AMA-000137,MD,KFA1e-423,Amari et al. (2014) GCA 59:479,full,Murchison,WU 3f and/or WU NanoSIMS,,,2.05,2.1,169.95,1.52,253.72,9.99,0.00685,0.000093,-67.8,10.8,-41.1,13.6,,
Gra-2014-AMA-000138,MD,KFA1e-424,Amari et al. (2014) GCA 59:479,full,Murchison,WU 3f and/or WU NanoSIMS,,,2.05,2.1,87.52,0.68,277.36,10.44,,,,,,,,
Gra-2014-AMA-000139,MD,KFA1e-431,Amari et al. (2014) GCA 59:479,full,Murchison,WU 3f and/or WU NanoSIMS,,,2.05,2.1,85.64,0.67,275.81,10.52,,,,,,,,
Gra-2014-AMA-000140,MD,KFA1e-432,Amari et al. (2014) GCA 59:479,full,Murchison,WU 3f and/or WU NanoSIMS,,,2.05,2.1,87.5,0.69,284.75,10.49,,,,,,,,
Gra-2014-AMA-000141,MD,KFA1e-441,Amari et al. (2014) GCA 59:479,full,Murchison,WU 3f and/or WU NanoSIMS,,,2.05,2.1,86.45,0.71,250.14,10.35,,,,,,,,
Gra-2014-AMA-000142,MD,KFA1e-461,Amari et al. (2014) GCA 59:479,full,Murchison,WU 3f and/or WU NanoSIMS,,,2.05,2.1,4.02,0.03,281.41,10.46,,,12.9,22.3,-3.9,25.3,,
Gra-2014-AMA-000143,MD,KFA1e-462,Amari et al. (2014) GCA 59:479,full,Murchison,WU 3f and/or WU NanoSIMS,,,2.05,2.1,87.28,0.88,293.51,11.14,,,,,,,,
Gra-2014-AMA-000144,MD,KFA1e-463,Amari et al. (2014) GCA 59:479,full,Murchison,WU 3f and/or WU NanoSIMS,,,2.05,2.1,229.08,2,185.99,9.83,0.00737,0.000281,599.7,18.9,435.2,21,,
Gra-2014-AMA-000145,MD,KFA1e-464,Amari et al. (2014) GCA 59:479,full,Murchison,WU 3f and/or WU NanoSIMS,,,2.05,2.1,83.24,0.66,289.21,10.4,,,,,,,,
Gra-2014-AMA-000146,MD,KFA1e-465,Amari et al. (2014) GCA 59:479,full,Murchison,WU 3f and/or WU NanoSIMS,,,2.05,2.1,89.86,0.78,293.03,10.62,,,,,,,,
Gra-2014-AMA-000147,MD,KFA1e-466,Amari et al. (2014) GCA 59:479,full,Murchison,WU 3f and/or WU NanoSIMS,,,2.05,2.1,85.58,0.69,276.58,10.62,,,,,,,,
Gra-2014-AMA-000148,MD,KFA1e-511,Amari et al. (2014) GCA 59:479,full,Murchison,WU 3f and/or WU NanoSIMS,,,2.05,2.1,85.07,0.65,280.43,11.51,,,,,,,,
Gra-2014-AMA-000149,MD,KFA1e-512,Amari et al. (2014) GCA 59:479,full,Murchison,WU 3f and/or WU NanoSIMS,,,2.05,2.1,86.8,0.68,277.62,10.42,,,,,,,,
Gra-2014-AMA-000150,MD,KFA1e-513,Amari et al. (2014) GCA 59:479,full,Murchison,WU 3f and/or WU NanoSIMS,,,2.05,2.1,86.68,0.68,238.12,9.98,0.0862,0.000193,,,,,,
Gra-2014-AMA-000151,MD,KFA1e-514,Amari et al. (2014) GCA 59:479,full,Murchison,WU 3f and/or WU NanoSIMS,,,2.05,2.1,18.41,0.14,257.85,10.01,,,3.2,11,15.3,13.8,,
Gra-2014-AMA-000152,MD,KFA1e-515,Amari et al. (2014) GCA 59:479,full,Murchison,WU 3f and/or WU NanoSIMS,,,2.05,2.1,87.54,0.69,259.21,10.33,,,,,,,,
Gra-2014-AMA-000153,MD,KFA1e-516,Amari et al. (2014) GCA 59:479,full,Murchison,WU 3f and/or WU NanoSIMS,,,2.05,2.1,86.9,0.68,267.65,10.24,,,,,,,,
Gra-2014-AMA-000154,MD,KFA1e-551,Amari et al. (2014) GCA 59:479,full,Murchison,WU 3f and/or WU NanoSIMS,,,2.05,2.1,679.71,7.19,278.84,10.57,,,-5.7,17.1,2.9,20.1,,
Gra-2014-AMA-000155,MD,KFA1e-552,Amari et al. (2014) GCA 59:479,full,Murchison,WU 3f and/or WU NanoSIMS,,,2.05,2.1,85.91,0.67,265.17,10.88,,,,,,,,
Gra-2014-AMA-000156,MD,KFA1e-561,Amari et al. (2014) GCA 59:479,full,Murchison,WU 3f and/or WU NanoSIMS,,,2.05,2.1,85.93,0.67,283.84,10.32,,,,,,,,
Gra-2014-AMA-000157,MD,KFA1e-562,Amari et al. (2014) GCA 59:479,full,Murchison,WU 3f and/or WU NanoSIMS,,,2.05,2.1,21.47,0.16,288.93,10.28,0.00015,0.0000113,-22.5,22.8,-56.7,25.5,0.0101,0.00471
Gra-2014-AMA-000158,MD,KFA1e-563,Amari et al. (2014) GCA 59:479,full,Murchison,WU 3f and/or WU NanoSIMS,,,2.05,2.1,87.97,0.72,278.06,10.67,,,45.7,33.8,-105.3,35,,
Gra-2014-AMA-000159,MD,KFA1e-564,Amari et al. (2014) GCA 59:479,full,Murchison,WU 3f and/or WU NanoSIMS,,,2.05,2.1,84.82,0.68,280.87,10.79,,,,,,,,
Gra-2014-AMA-000160,MD,KFA1e-611,Amari et al. (2014) GCA 59:479,full,Murchison,WU 3f and/or WU NanoSIMS,,,2.05,2.1,87.73,0.71,268.54,10.18,,,,,,,,
Gra-2014-AMA-000161,MD,KFA1e-612,Amari et al. (2014) GCA 59:479,full,Murchison,WU 3f and/or WU NanoSIMS,,,2.05,2.1,87.94,0.7,279.46,10.34,,,,,,,,
Gra-2014-AMA-000162,MD,KFA1e-621,Amari et al. (2014) GCA 59:479,full,Murchison,WU 3f and/or WU NanoSIMS,,,2.05,2.1,89.19,0.72,277.8,10.24,,,,,,,,
Gra-2014-AMA-000163,MD,KFA1e-622,Amari et al. (2014) GCA 59:479,full,Murchison,WU 3f and/or WU NanoSIMS,,,2.05,2.1,7.795,0.059,276.15,10.21,,,,,,,,
Gra-2014-AMA-000164,MD,KFA1e-623,Amari et al. (2014) GCA 59:479,full,Murchison,WU 3f and/or WU NanoSIMS,,,2.05,2.1,133.39,1.13,272.34,10.33,0.0122,0.000322,,,,,,
Gra-2014-AMA-000165,MD,KFA1e-631,Amari et al. (2014) GCA 59:479,full,Murchison,WU 3f and/or WU NanoSIMS,,,2.05,2.1,15.69,0.12,239.47,10,0.0526,0.00038,-96.9,12.7,-119.8,14.8,,
Gra-2014-AMA-000166,MD,KFA1e-632,Amari et al. (2014) GCA 59:479,full,Murchison,WU 3f and/or WU NanoSIMS,,,2.05,2.1,89.54,0.72,279.19,10.26,,,,,,,,
Gra-2014-AMA-000167,MD,KFA1e-633,Amari et al. (2014) GCA 59:479,full,Murchison,WU 3f and/or WU NanoSIMS,,,2.05,2.1,89.35,0.74,274.78,10.1,,,,,,,,
Gra-2014-AMA-000168,MD,KFA1e-634,Amari et al. (2014) GCA 59:479,full,Murchison,WU 3f and/or WU NanoSIMS,,,2.05,2.1,87,0.7,277.36,10.4,,,,,,,,
Gra-2014-AMA-000169,MD,KFA1e-651,Amari et al. (2014) GCA 59:479,full,Murchison,WU 3f and/or WU NanoSIMS,,,2.05,2.1,8.27,0.06,279.02,10.21,,,,,,,,
Gra-2014-AMA-000170,MD,KFA1e-652,Amari et al. (2014) GCA 59:479,full,Murchison,WU 3f and/or WU NanoSIMS,,,2.05,2.1,89.1,0.72,271.84,10.15,,,,,,,,
Gra-2014-AMA-000171,MD,KFA1e-653,Amari et al. (2014) GCA 59:479,full,Murchison,WU 3f and/or WU NanoSIMS,,,2.05,2.1,87.03,0.69,272.09,10.25,,,,,,,,
Gra-2014-AMA-000172,MD,KFA1e-654,Amari et al. (2014) GCA 59:479,full,Murchison,WU 3f and/or WU NanoSIMS,,,2.05,2.1,87.79,0.8,274.53,10.51,,,,,,,,
Gra-2014-AMA-000173,MD,KFA1e-655,Amari et al. (2014) GCA 59:479,full,Murchison,WU 3f and/or WU NanoSIMS,,,2.05,2.1,62.88,0.51,264.7,10.01,,,-37.9,19.2,-59.5,21.9,,
Gra-2014-AMA-000174,MD,KFA1e-656,Amari et al. (2014) GCA 59:479,full,Murchison,WU 3f and/or WU NanoSIMS,,,2.05,2.1,652.45,13.12,243.61,9.93,0.0404,0.00015,18.6,29.3,-156,29.8,,
Gra-2014-AMA-000175,MD,KFA1e-661,Amari et al. (2014) GCA 59:479,full,Murchison,WU 3f and/or WU NanoSIMS,,,2.05,2.1,87.84,0.7,284.57,10.4,,,,,,,,
Gra-2014-AMA-000176,MD,KFA1e-701,Amari et al. (2014) GCA 59:479,full,Murchison,WU 3f and/or WU NanoSIMS,,,2.05,2.1,87.65,0.69,321.38,13.48,,,,,,,,
Gra-2014-AMA-000177,MD,KFA1e-721,Amari et al. (2014) GCA 59:479,full,Murchison,WU 3f and/or WU NanoSIMS,,,2.05,2.1,86.73,0.69,277.71,11.85,,,,,,,,
Gra-2014-AMA-000178,MD,KFA1e-731,Amari et al. (2014) GCA 59:479,full,Murchison,WU 3f and/or WU NanoSIMS,,,2.05,2.1,73.74,0.59,254.74,10.16,0.0191,0.000113,36.6,17.5,-78,18.8,,
Gra-2014-AMA-000179,MD,KFA1e-732,Amari et al. (2014) GCA 59:479,full,Murchison,WU 3f and/or WU NanoSIMS,,,2.05,2.1,11.88,0.09,350.45,12.16,,,2.4,14,-68,15.7,,
Gra-2014-AMA-000180,MD,KFA1e-741,Amari et al. (2014) GCA 59:479,full,Murchison,WU 3f and/or WU NanoSIMS,,,2.05,2.1,86.78,0.7,290.15,11.28,,,,,,,,
Gra-2014-AMA-000181,MD,KFA1e-742,Amari et al. (2014) GCA 59:479,full,Murchison,WU 3f and/or WU NanoSIMS,,,2.05,2.1,867.71,11.61,321.73,11.95,,,-50.4,17.1,-34.7,20.2,,
Gra-2014-AMA-000182,MD,KFA1e-743,Amari et al. (2014) GCA 59:479,full,Murchison,WU 3f and/or WU NanoSIMS,,,2.05,2.1,34.55,0.27,278.67,11.5,0.0836,0.000354,-21.1,16.3,-97.8,18,0.0111,0.00229
Gra-2014-AMA-000183,MD,KFA1e-744,Amari et al. (2014) GCA 59:479,full,Murchison,WU 3f and/or WU NanoSIMS,,,2.05,2.1,90.36,0.74,327.06,12.25,,,,,,,,
Gra-2014-AMA-000184,MD,KFA1e-745,Amari et al. (2014) GCA 59:479,full,Murchison,WU 3f and/or WU NanoSIMS,,,2.05,2.1,115.9,0.96,264.38,10.46,0.0404,0.000804,-12.8,18.2,-68.7,20.3,,
Gra-2014-AMA-000185,MD,KFA1e-751,Amari et al. (2014) GCA 59:479,full,Murchison,WU 3f and/or WU NanoSIMS,,,2.05,2.1,86.4,0.68,276.15,11.02,,,,,,,,
Gra-2014-AMA-000186,MD,KFA1e-752,Amari et al. (2014) GCA 59:479,full,Murchison,WU 3f and/or WU NanoSIMS,,,2.05,2.1,87.67,0.73,258.3,11.88,,,,,,,,
Gra-2014-AMA-000187,MD,KFA1e-753,Amari et al. (2014) GCA 59:479,full,Murchison,WU 3f and/or WU NanoSIMS,,,2.05,2.1,304.94,3.02,269.28,10.66,0.00137,0.000369,-22.5,34.7,109.6,42.1,,
Gra-2014-AMA-000188,MD,KFA1e-754,Amari et al. (2014) GCA 59:479,full,Murchison,WU 3f and/or WU NanoSIMS,,,2.05,2.1,10.87,0.08,258.07,10.13,0.00997,0.000511,,,,,,
Gra-2014-AMA-000189,MD,KFA1e-755,Amari et al. (2014) GCA 59:479,full,Murchison,WU 3f and/or WU NanoSIMS,,,2.05,2.1,23.45,0.19,262.5,10.37,0.0921,0.000189,5,27.1,-2.8,30.7,,
Gra-2014-AMA-000190,MD,KFA1e-761,Amari et al. (2014) GCA 59:479,full,Murchison,WU 3f and/or WU NanoSIMS,,,2.05,2.1,55.57,0.44,243.35,10.13,0.0102,0.000205,-17.6,11.2,25.6,14.4,,
Gra-2014-AMA-000191,MD,KFA1f-101,Amari et al. (2014) GCA 59:479,full,Murchison,WU 3f and/or WU NanoSIMS,,,2.05,2.1,89.2,0.9,268.2,6.6,0.000465,0.000722,-41,58,-11,55,,
Gra-2014-AMA-000192,MD,KFA1f-131,Amari et al. (2014) GCA 59:479,full,Murchison,WU 3f and/or WU NanoSIMS,,,2.05,2.1,147.4,1.5,123.1,4.9,0.0454,0.00397,318,29,-97,22,,
Gra-2014-AMA-000193,MD,KFA1f-132,Amari et al. (2014) GCA 59:479,full,Murchison,WU 3f and/or WU NanoSIMS,,,2.05,2.1,90.6,0.5,270.9,22.4,,,-18,229,260,251,,
Gra-2014-AMA-000194,MD,KFA1f-133,Amari et al. (2014) GCA 59:479,full,Murchison,WU 3f and/or WU NanoSIMS,,,2.05,2.1,82.2,0.6,243.8,5,0.0528,0.00309,-226,97,-176,95,,
Gra-2014-AMA-000195,MD,KFA1f-161,Amari et al. (2014) GCA 59:479,full,Murchison,WU 3f and/or WU NanoSIMS,,,2.05,2.1,24.9,0.1,291.2,19.5,,,-235,40,-329,35,,
Gra-2014-AMA-000196,MD,KFA1f-181,Amari et al. (2014) GCA 59:479,full,Murchison,WU 3f and/or WU NanoSIMS,,,2.05,2.1,88.61,0.49,311.4,3.1,,,,,,,,
Gra-2014-AMA-000197,MD,KFA1f-182,Amari et al. (2014) GCA 59:479,full,Murchison,WU 3f and/or WU NanoSIMS,,,2.05,2.1,17.2,0.2,265.1,10.7,0.000522,0.000045,-146,75,-267,64,,
Gra-2014-AMA-000198,MD,KFA1f-301,Amari et al. (2014) GCA 59:479,full,Murchison,WU 3f and/or WU NanoSIMS,,,2.05,2.1,90.79,0.75,276.5,14.3,,,-90,136,400,167,,
Gra-2014-AMA-000199,MD,KFA1f-303,Amari et al. (2014) GCA 59:479,full,Murchison,WU 3f and/or WU NanoSIMS,,,2.05,2.1,90.03,0.94,255.5,7,,,-43,87,-76,81,,
Gra-2014-AMA-000200,MD,KFA1f-311,Amari et al. (2014) GCA 59:479,full,Murchison,WU 3f and/or WU NanoSIMS,,,2.05,2.1,91.97,0.63,265.8,25.5,0.00112,0.0017,145,111,-137,88,,
Gra-2014-AMA-000201,MD,KFA1f-312,Amari et al. (2014) GCA 59:479,full,Murchison,WU 3f and/or WU NanoSIMS,,,2.05,2.1,90.42,0.48,248.6,12.1,0.000382,0.00101,-31,116,-25,110,,
Gra-2014-AMA-000202,MD,KFA1f-411,Amari et al. (2014) GCA 59:479,full,Murchison,WU 3f and/or WU NanoSIMS,,,2.05,2.1,77.79,0.47,174.4,29.1,0.0624,0.00536,-457,36,-609,28,,
Gra-2014-AMA-000203,MD,KFA1f-481,Amari et al. (2014) GCA 59:479,full,Murchison,WU 3f and/or WU NanoSIMS,,,2.05,2.1,91.31,0.77,271.8,9.8,,,-35,95,-89,86,,
Gra-2014-AMA-000204,MD,KFA1f-561,Amari et al. (2014) GCA 59:479,full,Murchison,WU 3f and/or WU NanoSIMS,,,2.05,2.1,1315.9,29.8,267.8,23.2,,,2,147,157,151,,
Gra-2014-AMA-000205,MD,KFA1f-581,Amari et al. (2014) GCA 59:479,full,Murchison,WU 3f and/or WU NanoSIMS,,,2.05,2.1,31.23,0.13,229.3,4.2,,,-66,43,-4,42,,
Gra-2014-AMA-000206,MD,KFA1f-651,Amari et al. (2014) GCA 59:479,full,Murchison,WU 3f and/or WU NanoSIMS,,,2.05,2.1,38.12,0.3,233.4,4.4,,,-230,70,-440,55,,
Gra-2014-AMA-000207,MD,KFA1f-711,Amari et al. (2014) GCA 59:479,full,Murchison,WU 3f and/or WU NanoSIMS,,,2.05,2.1,669.7,19.3,267.9,16.9,,,-126,171,-162,157,,
Gra-2014-AMA-000208,MD,KFA1f-712,Amari et al. (2014) GCA 59:479,full,Murchison,WU 3f and/or WU NanoSIMS,,,2.05,2.1,78.7,0.4,262.9,8.8,,,-26,81,-115,72,,
Gra-2014-AMA-000209,MD,KFA1f-713,Amari et al. (2014) GCA 59:479,full,Murchison,WU 3f and/or WU NanoSIMS,,,2.05,2.1,90.2,0.49,270,8.4,0.00132,0.000762,-83,95,-26,93,,
Gra-2014-AMA-000210,MD,KFA1f-714,Amari et al. (2014) GCA 59:479,full,Murchison,WU 3f and/or WU NanoSIMS,,,2.05,2.1,89.59,0.67,305.2,36.3,,,77,84,-84,72,,
Gra-2014-AMA-000211,MD,KFA1f-741,Amari et al. (2014) GCA 59:479,full,Murchison,WU 3f and/or WU NanoSIMS,,,2.05,2.1,92.03,0.37,278.5,10.3,0.0001,0.0013,,,,,,
Gra-2014-AMA-000212,MD,KFA1f-742,Amari et al. (2014) GCA 59:479,full,Murchison,WU 3f and/or WU NanoSIMS,,,2.05,2.1,93.22,0.62,259.3,9.6,0.000234,0.000369,165,168,121,156,,
Gra-2014-AMA-000213,MD,KFA1f-761,Amari et al. (2014) GCA 59:479,full,Murchison,WU 3f and/or WU NanoSIMS,,,2.05,2.1,9.44,0.11,261.7,4.8,0.00554,0.000751,-69,53,68,54,,
Gra-2014-AMA-000214,MD,KFA1f-762,Amari et al. (2014) GCA 59:479,full,Murchison,WU 3f and/or WU NanoSIMS,,,2.05,2.1,90.63,1.01,243.8,10.6,,,-48,177,-11,171,,
Gra-2014-AMA-000215,MD,KFA1g-021,Amari et al. (2014) GCA 59:479,full,Murchison,WU 3f and/or WU NanoSIMS,,,2.05,2.1,88.1,0.43,,,0.00077194,0.0014545,-25.19,13.35,-16.21,17.07,,
Gra-2014-AMA-000216,MD,KFA1g-121,Amari et al. (2014) GCA 59:479,full,Murchison,WU 3f and/or WU NanoSIMS,,,2.05,2.1,90.6,0.45,,,0.055105,0.0016234,-8.01,10.81,-36.63,13.88,,
Gra-2014-AMA-000217,MD,KFA1g-122,Amari et al. (2014) GCA 59:479,full,Murchison,WU 3f and/or WU NanoSIMS,,,2.05,2.1,87.73,0.44,,,,,-23.43,32.56,-28.52,39.23,,
Gra-2014-AMA-000218,MD,KFA1g-241,Amari et al. (2014) GCA 59:479,full,Murchison,WU 3f and/or WU NanoSIMS,,,2.05,2.1,88.17,0.43,,,0.00026117,0.0006014,8.98,7.66,22.82,11.02,,
Gra-2014-AMA-000219,MD,KFA1g-321,Amari et al. (2014) GCA 59:479,full,Murchison,WU 3f and/or WU NanoSIMS,,,2.05,2.1,103.54,0.51,,,,,5.08,12.43,-35.73,15.53,,
Gra-2014-AMA-000220,MD,KFA1g-451,Amari et al. (2014) GCA 59:479,full,Murchison,WU 3f and/or WU NanoSIMS,,,2.05,2.1,28.79,0.14,,,0.012067,0.0029562,-53.7,10.81,-52.24,14.09,,
Gra-2014-AMA-000221,MD,KFA1g-621,Amari et al. (2014) GCA 59:479,full,Murchison,WU 3f and/or WU NanoSIMS,,,2.05,2.1,6.22,0.03,,,,,26.36,26.99,35.73,33,,
Gra-2014-AMA-000222,MD,KFA1g-622a,Amari et al. (2014) GCA 59:479,full,Murchison,WU 3f and/or WU NanoSIMS,,,2.05,2.1,89.11,0.44,,,,,-16.79,12.9,-23.42,16.39,,
Gra-2014-AMA-000223,MD,KFA1g-622b,Amari et al. (2014) GCA 59:479,full,Murchison,WU 3f and/or WU NanoSIMS,,,2.05,2.1,89.28,0.45,,,,,-20.5,16.84,-51.64,20.51,,
Gra-2014-AMA-000224,MD,KFA1g-623,Amari et al. (2014) GCA 59:479,full,Murchison,WU 3f and/or WU NanoSIMS,,,2.05,2.1,88.14,0.43,,,,,-28.9,11.43,-33.32,14.77,,
Gra-2014-AMA-000225,MD,KFA1g-651,Amari et al. (2014) GCA 59:479,full,Murchison,WU 3f and/or WU NanoSIMS,,,2.05,2.1,87.52,0.43,,,0.00059199,0.00083869,4.1,18.86,-12.01,23.08,,
Gra-2014-AMA-000226,MD,KFA1g-652,Amari et al. (2014) GCA 59:479,full,Murchison,WU 3f and/or WU NanoSIMS,,,2.05,2.1,22.98,0.11,,,,,-42.37,13.73,-33.92,17.46,,
Gra-2014-AMA-000227,MD,KFA1g-653,Amari et al. (2014) GCA 59:479,full,Murchison,WU 3f and/or WU NanoSIMS,,,2.05,2.1,81.32,0.41,,,,,-19.33,13.68,-24.32,17.28,,
Gra-2014-AMA-000228,MD,KFA1g-711,Amari et al. (2014) GCA 59:479,full,Murchison,WU 3f and/or WU NanoSIMS,,,2.05,2.1,44.66,0.22,,,0.037925,0.0013744,1.56,20.14,-21.31,24.44,,
Gra-2014-AMA-000229,MD,KFA1g-712,Amari et al. (2014) GCA 59:479,full,Murchison,WU 3f and/or WU NanoSIMS,,,2.05,2.1,12.34,0.06,,,0.059648,0.0031457,-42.77,11.57,-69.05,14.65,,
Gra-2014-AMA-000230,MD,KFA1g-713,Amari et al. (2014) GCA 59:479,full,Murchison,WU 3f and/or WU NanoSIMS,,,2.05,2.1,88.48,0.47,,,,,-45.89,39.66,-24.92,48.38,,
Gra-2014-AMA-000231,MD,KFA1g-721,Amari et al. (2014) GCA 59:479,full,Murchison,WU 3f and/or WU NanoSIMS,,,2.05,2.1,24.05,0.12,,,0.001542,0.00078761,-21.28,10.35,-32.12,13.53,,
Gra-2014-AMA-000232,MD,KFA1g-722,Amari et al. (2014) GCA 59:479,full,Murchison,WU 3f and/or WU NanoSIMS,,,2.05,2.1,97.34,0.48,,,0.13784,0.0042667,-86.12,10.23,-94.87,13.27,,
Gra-2014-AMA-000233,MD,KFA1g-741,Amari et al. (2014) GCA 59:479,full,Murchison,WU 3f and/or WU NanoSIMS,,,2.05,2.1,89.24,0.45,,,,,-41.2,20.23,-33.62,24.97,,
Gra-2014-AMA-000234,MD,KFA1g-742,Amari et al. (2014) GCA 59:479,full,Murchison,WU 3f and/or WU NanoSIMS,,,2.05,2.1,90.25,0.45,,,,,15.82,18.51,-45.63,22.03,,
Gra-2014-AMA-000235,MD,KFA1g-743a,Amari et al. (2014) GCA 59:479,full,Murchison,WU 3f and/or WU NanoSIMS,,,2.05,2.1,89.16,0.46,,,,,3.91,30.19,19.21,36.9,,
Gra-2014-AMA-000236,MD,KFA1g-745,Amari et al. (2014) GCA 59:479,full,Murchison,WU 3f and/or WU NanoSIMS,,,2.05,2.1,10.58,0.05,,,0.1035,0.0029051,-54.68,10.34,-41.13,13.69,,
Gra-2014-AMA-000237,MD,KFA1g-746,Amari et al. (2014) GCA 59:479,full,Murchison,WU 3f and/or WU NanoSIMS,,,2.05,2.1,85.09,0.43,,,0.0062985,0.0043239,-49.21,29.45,-59.14,35.47,,
Gra-2014-AMA-000238,MD,KFA1g-747,Amari et al. (2014) GCA 59:479,full,Murchison,WU 3f and/or WU NanoSIMS,,,2.05,2.1,2146.11,15.61,,,,,25.39,23.14,26.12,28.32,,
Gra-2014-AMA-000239,MD,KFA1g-748,Amari et al. (2014) GCA 59:479,full,Murchison,WU 3f and/or WU NanoSIMS,,,2.05,2.1,88.82,0.44,,,,,-15.82,12.07,-24.02,15.44,,
Gra-2014-AMA-000240,MD,KFA1g-761a,Amari et al. (2014) GCA 59:479,full,Murchison,WU 3f and/or WU NanoSIMS,,,2.05,2.1,24.73,0.12,,,,,11.72,30.87,-91.56,35.04,,
Gra-2014-AMA-000241,MD,KFA1i-031,Amari et al. (2014) GCA 59:479,full,Murchison,WU 3f and/or WU NanoSIMS,,,2.05,2.1,87.01,0.73,249.8,3,,,11,21,-23,24,,
Gra-2014-AMA-000242,MD,KFA1i-061,Amari et al. (2014) GCA 59:479,full,Murchison,WU 3f and/or WU NanoSIMS,,,2.05,2.1,88.53,0.71,271.4,4.4,,,1,30,15,35,,
Gra-2014-AMA-000243,MD,KFA1i-101,Amari et al. (2014) GCA 59:479,full,Murchison,WU 3f and/or WU NanoSIMS,,,2.05,2.1,493.21,3.84,269.8,3.8,,,-20,26,13,31,,
Gra-2014-AMA-000244,MD,KFA1i-151,Amari et al. (2014) GCA 59:479,full,Murchison,WU 3f and/or WU NanoSIMS,,,2.05,2.1,49.99,0.42,302.9,5.2,,,2,21,34,24,,
Gra-2014-AMA-000245,MD,KFA1i-152,Amari et al. (2014) GCA 59:479,full,Murchison,WU 3f and/or WU NanoSIMS,,,2.05,2.1,88.61,0.7,271.2,3.5,,,-13,23,31,27,,
Gra-2014-AMA-000246,MD,KFA1i-201,Amari et al. (2014) GCA 59:479,full,Murchison,WU 3f and/or WU NanoSIMS,,,2.05,2.1,90.29,0.74,258,7,,,-6,40,29,48,0.00243,0.000608
Gra-2014-AMA-000247,MD,KFA1i-221,Amari et al. (2014) GCA 59:479,full,Murchison,WU 3f and/or WU NanoSIMS,,,2.05,2.1,88.53,0.7,267.9,3.4,,,37,20,47,24,,
Gra-2014-AMA-000248,MD,KFA1i-271,Amari et al. (2014) GCA 59:479,full,Murchison,WU 3f and/or WU NanoSIMS,,,2.05,2.1,75.16,0.64,213.5,2.4,,,16,26,-17,30,,
Gra-2014-AMA-000249,MD,KFA1i-381,Amari et al. (2014) GCA 59:479,full,Murchison,WU 3f and/or WU NanoSIMS,,,2.05,2.1,89.79,0.73,266,5,,,32,37,-2,43,,
Gra-2014-AMA-000250,MD,KFA1i-451,Amari et al. (2014) GCA 59:479,full,Murchison,WU 3f and/or WU NanoSIMS,,,2.05,2.1,7.7,0.09,292,5.1,,,-12,32,-27,38,,
Gra-2014-AMA-000251,MD,KFA1i-452,Amari et al. (2014) GCA 59:479,full,Murchison,WU 3f and/or WU NanoSIMS,,,2.05,2.1,14.54,0.13,285.3,4.5,,,7,25,31,30,,
Gra-2014-AMA-000252,MD,KFA1i-631,Amari et al. (2014) GCA 59:479,full,Murchison,WU 3f and/or WU NanoSIMS,,,2.05,2.1,87.69,0.7,271.4,3.1,,,33,23,7,26,,
Gra-2014-AMA-000253,MD,KFA1i-741,Amari et al. (2014) GCA 59:479,full,Murchison,WU 3f and/or WU NanoSIMS,,,2.05,2.1,13.89,0.13,307.4,6.2,,,19,32,-21,37,,
Gra-2014-AMA-000254,MD,KFA1i-742,Amari et al. (2014) GCA 59:479,full,Murchison,WU 3f and/or WU NanoSIMS,,,2.05,2.1,87.85,0.74,265.1,2.7,,,-14,29,-3,34,,
Gra-2014-AMA-000255,MD,KFA1i-m141,Amari et al. (2014) GCA 59:479,full,Murchison,WU 3f and/or WU NanoSIMS,,,2.05,2.1,90.46,0.72,261.7,3.5,,,15,21,15,24,0.0656,0.0219
Gra-2014-AMA-000256,HD,KFB1d-151,Amari et al. (2014) GCA 59:479,full,Murchison,WU 3f and/or WU NanoSIMS,,,2.1,2.15,93.4,2.7,264.2,4.6,,,,,,,,
Gra-2014-AMA-000257,HD,KFB1d-NR159,Amari et al. (2014) GCA 59:479,full,Murchison,WU 3f and/or WU NanoSIMS,,,2.1,2.15,323,16.9,272.8,14.9,,,,,,,,
Gra-2014-AMA-000258,HD,KFB1d-1513,Amari et al. (2014) GCA 59:479,full,Murchison,WU 3f and/or WU NanoSIMS,,,2.1,2.15,104.5,8.6,272.4,8.7,,,,,,,,
Gra-2014-AMA-000259,HD,KFB1d-NR1515,Amari et al. (2014) GCA 59:479,full,Murchison,WU 3f and/or WU NanoSIMS,,,2.1,2.15,94.6,4.6,257.4,9.9,,,,,,,,
Gra-2014-AMA-000260,HD,KFB1d-NR1516,Amari et al. (2014) GCA 59:479,full,Murchison,WU 3f and/or WU NanoSIMS,,,2.1,2.15,89,4.1,275.7,12,,,,,,,,
Gra-2014-AMA-000261,HD,KFB1d-1517,Amari et al. (2014) GCA 59:479,full,Murchison,WU 3f and/or WU NanoSIMS,,,2.1,2.15,94.4,5.1,249.6,7.8,,,,,,,,
Gra-2014-AMA-000262,HD,KFB1d-NR1519,Amari et al. (2014) GCA 59:479,full,Murchison,WU 3f and/or WU NanoSIMS,,,2.1,2.15,90.4,1.6,257.5,16.4,,,,,,,,
Gra-2014-AMA-000263,HD,KFB1d-NR1617,Amari et al. (2014) GCA 59:479,full,Murchison,WU 3f and/or WU NanoSIMS,,,2.1,2.15,460.9,19.7,307.4,23.7,,,,,,,,
Gra-2014-AMA-000264,HD,KFB1d-NR1618,Amari et al. (2014) GCA 59:479,full,Murchison,WU 3f and/or WU NanoSIMS,,,2.1,2.15,56.5,1,282.7,15.8,,,,,,,,
Gra-2014-AMA-000265,HD,KFB1d-NR1625,Amari et al. (2014) GCA 59:479,full,Murchison,WU 3f and/or WU NanoSIMS,,,2.1,2.15,89.5,3.2,242.5,11.1,,,,,,,,
Gra-2014-AMA-000266,HD,KFB1d-NR251,Amari et al. (2014) GCA 59:479,full,Murchison,WU 3f and/or WU NanoSIMS,,,2.1,2.15,99.1,3.4,254.2,8.3,,,,,,,,
Gra-2014-AMA-000267,HD,KFB1d-NR2630a,Amari et al. (2014) GCA 59:479,full,Murchison,WU 3f and/or WU NanoSIMS,,,2.1,2.15,534.2,29.9,272.5,19,,,,,,,,
Gra-2014-AMA-000268,HD,KFB1d-3519,Amari et al. (2014) GCA 59:479,full,Murchison,WU 3f and/or WU NanoSIMS,,,2.1,2.15,,,,,,,,,,,,
Gra-2014-AMA-000269,HD,KFB1d-NR369,Amari et al. (2014) GCA 59:479,full,Murchison,WU 3f and/or WU NanoSIMS,,,2.1,2.15,90,0.8,273.7,3.6,,,,,,,,
Gra-2014-AMA-000270,HD,KFB1d-NR449,Amari et al. (2014) GCA 59:479,full,Murchison,WU 3f and/or WU NanoSIMS,,,2.1,2.15,12.3,0.3,238.9,19,,,,,,,,
Gra-2014-AMA-000271,HD,KFB1d-4411,Amari et al. (2014) GCA 59:479,full,Murchison,WU 3f and/or WU NanoSIMS,,,2.1,2.15,90.1,3.3,245.3,14.7,,,,,,,,
Gra-2014-AMA-000272,HD,KFB1f-001,Amari et al. (2014) GCA 59:479,full,Murchison,WU 3f and/or WU NanoSIMS,,,2.1,2.15,851.506898386002,32.0790826063813,252.7,3.2,,,-25,13,1,17,,
Gra-2014-AMA-000273,HD,KFB1f-002,Amari et al. (2014) GCA 59:479,full,Murchison,WU 3f and/or WU NanoSIMS,,,2.1,2.15,86.3994625585063,3.08209809605613,265.5,3,,,-22,10,-13,13,,
Gra-2014-AMA-000274,HD,KFB1f-003,Amari et al. (2014) GCA 59:479,full,Murchison,WU 3f and/or WU NanoSIMS,,,2.1,2.15,453.617967523245,16.4721750835536,282.3,3.7,,,-5,13,102,17,,
Gra-2014-AMA-000275,HD,KFB1f-004a,Amari et al. (2014) GCA 59:479,full,Murchison,WU 3f and/or WU NanoSIMS,,,2.1,2.15,180.16401691768,6.48054877136939,265.3,3.5,,,-4,12,-1,15,,
Gra-2014-AMA-000276,HD,KFB1f-004b,Amari et al. (2014) GCA 59:479,full,Murchison,WU 3f and/or WU NanoSIMS,,,2.1,2.15,189.814364984556,6.85155527308817,253.5,3.5,,,-5,11,1,14,,
Gra-2014-AMA-000277,HD,KFB1f-005,Amari et al. (2014) GCA 59:479,full,Murchison,WU 3f and/or WU NanoSIMS,,,2.1,2.15,87.2794570845652,3.11330638050518,272.1,3,,,-24,9,-28,12,,
Gra-2014-AMA-000278,HD,KFB1f-011,Amari et al. (2014) GCA 59:479,full,Murchison,WU 3f and/or WU NanoSIMS,,,2.1,2.15,219.519826854519,7.91559559292105,242.9,3.1,,,-12,11,-12,14,,
Gra-2014-AMA-000279,HD,KFB1f-012,Amari et al. (2014) GCA 59:479,full,Murchison,WU 3f and/or WU NanoSIMS,,,2.1,2.15,243.193533672163,8.78833708474248,266.7,3.3,,,-26,13,0,16,,
Gra-2014-AMA-000280,HD,KFB1f-013,Amari et al. (2014) GCA 59:479,full,Murchison,WU 3f and/or WU NanoSIMS,,,2.1,2.15,14.3999104264177,0.511500563667233,,,,,,,,,,
Gra-2014-AMA-000281,HD,KFB1f-014,Amari et al. (2014) GCA 59:479,full,Murchison,WU 3f and/or WU NanoSIMS,,,2.1,2.15,612.4874181373,22.7199048893139,281.1,3.4,,,-16,11,-19,14,,
Gra-2014-AMA-000282,HD,KFB1f-015,Amari et al. (2014) GCA 59:479,full,Murchison,WU 3f and/or WU NanoSIMS,,,2.1,2.15,553.504484153437,20.476738267187,272.5,3.2,,,-6,10,-5,13,,
Gra-2014-AMA-000283,HD,KFB1f-016,Amari et al. (2014) GCA 59:479,full,Murchison,WU 3f and/or WU NanoSIMS,,,2.1,2.15,165.081985378862,5.96926467015344,226.7,2.4,,,-15,9,-19,12,,
Gra-2014-AMA-000284,HD,KFB1f-021,Amari et al. (2014) GCA 59:479,full,Murchison,WU 3f and/or WU NanoSIMS,,,2.1,2.15,855.370359812436,32.2629751361958,240.5,2.9,,,-8,12,6,15,,
Gra-2014-AMA-000285,HD,KFB1f-022,Amari et al. (2014) GCA 59:479,full,Murchison,WU 3f and/or WU NanoSIMS,,,2.1,2.15,9.71370709514946,0.344677659615014,262.3,3.2,,,-31,12,-32,15,,
Gra-2014-AMA-000286,HD,KFB1f-023,Amari et al. (2014) GCA 59:479,full,Murchison,WU 3f and/or WU NanoSIMS,,,2.1,2.15,4.45893158237135,0.158179137821169,259.5,2.9,,,-27,12,14,15,,
Gra-2014-AMA-000287,HD,KFB1f-024,Amari et al. (2014) GCA 59:479,full,Murchison,WU 3f and/or WU NanoSIMS,,,2.1,2.15,1531.21854534325,58.9461251774314,289.4,4.9,,,21,12,143,17,,
Gra-2014-AMA-000288,HD,KFB1f-025,Amari et al. (2014) GCA 59:479,full,Murchison,WU 3f and/or WU NanoSIMS,,,2.1,2.15,679.609326974264,25.2907762899857,267.7,3.2,,,-2,12,-9,14,,
Gra-2014-AMA-000289,HD,KFB1f-032,Amari et al. (2014) GCA 59:479,full,Murchison,WU 3f and/or WU NanoSIMS,,,2.1,2.15,188.977172516701,6.76854344953622,276.6,3.9,,,-9,18,-16,21,,
Gra-2014-AMA-000290,HD,KFB1f-033,Amari et al. (2014) GCA 59:479,full,Murchison,WU 3f and/or WU NanoSIMS,,,2.1,2.15,88.2601251416952,3.15301778003961,272,2.9,,,-24,9,-28,12,,
Gra-2014-AMA-000291,HD,KFB1f-041,Amari et al. (2014) GCA 59:479,full,Murchison,WU 3f and/or WU NanoSIMS,,,2.1,2.15,641.673340036286,24.2447155519398,252,2.7,,,-11,11,27,15,,
Gra-2014-AMA-000292,HD,KFB1f-042,Amari et al. (2014) GCA 59:479,full,Murchison,WU 3f and/or WU NanoSIMS,,,2.1,2.15,86.7173998632294,3.09825149741617,263,3.1,,,-12,11,-13,13,,
Gra-2014-AMA-000293,HD,KFB1f-051,Amari et al. (2014) GCA 59:479,full,Murchison,WU 3f and/or WU NanoSIMS,,,2.1,2.15,856.147262954863,32.2056764302632,260.8,3.3,,,-14,11,-3,14,,
Gra-2014-AMA-000294,HD,KFB1f-052,Amari et al. (2014) GCA 59:479,full,Murchison,WU 3f and/or WU NanoSIMS,,,2.1,2.15,249.832530218209,9.04315400687655,269.3,3.2,,,-4,10,13,13,,
Gra-2014-AMA-000295,HD,KFB1f-053,Amari et al. (2014) GCA 59:479,full,Murchison,WU 3f and/or WU NanoSIMS,,,2.1,2.15,544.865974863181,21.1449698791102,265,3.9,,,-18,11,-8,13,,
Gra-2014-AMA-000296,HD,KFB1f-054,Amari et al. (2014) GCA 59:479,full,Murchison,WU 3f and/or WU NanoSIMS,,,2.1,2.15,539.255226838275,21.0324944500946,261.8,4,,,-3,11,23,14,,
Gra-2014-AMA-000297,HD,KFB1f-055,Amari et al. (2014) GCA 59:479,full,Murchison,WU 3f and/or WU NanoSIMS,,,2.1,2.15,246.758674479923,8.90112916805857,270.8,3,,,32,11,22,13,,
Gra-2014-AMA-000298,HD,KFB1f-056,Amari et al. (2014) GCA 59:479,full,Murchison,WU 3f and/or WU NanoSIMS,,,2.1,2.15,350.025301341739,12.7313211001817,259,3.2,,,-13,10,9,13,,
Gra-2014-AMA-000299,HD,KFB1f-057,Amari et al. (2014) GCA 59:479,full,Murchison,WU 3f and/or WU NanoSIMS,,,2.1,2.15,515.937677347183,18.9068487477321,276.3,3.7,,,-29,12,108,17,,
Gra-2014-AMA-000300,HD,KFB1f-058,Amari et al. (2014) GCA 59:479,full,Murchison,WU 3f and/or WU NanoSIMS,,,2.1,2.15,550.594705907304,20.3463436409685,270.5,3.4,,,-32,13,-20,17,,
Gra-2014-AMA-000301,HD,KFB1f-059,Amari et al. (2014) GCA 59:479,full,Murchison,WU 3f and/or WU NanoSIMS,,,2.1,2.15,156.503094224357,5.67539084869405,263.4,4,,,-15,12,3,15,,
Gra-2014-AMA-000302,HD,KFB1f-0510,Amari et al. (2014) GCA 59:479,full,Murchison,WU 3f and/or WU NanoSIMS,,,2.1,2.15,9.52716936035278,0.338150594699632,265.3,2.9,,,-20,9,-33,12,,
Gra-2014-AMA-000303,HD,KFB1f-061,Amari et al. (2014) GCA 59:479,full,Murchison,WU 3f and/or WU NanoSIMS,,,2.1,2.15,114.132235926057,4.07695339804218,261.4,3.1,,,43,11,-175,11,,
Gra-2014-AMA-000304,HD,KFB1f-062,Amari et al. (2014) GCA 59:479,full,Murchison,WU 3f and/or WU NanoSIMS,,,2.1,2.15,170.270617144744,6.09904645527673,271.1,4,,,5,12,2,15,,
Gra-2014-AMA-000305,HD,KFB1f-063,Amari et al. (2014) GCA 59:479,full,Murchison,WU 3f and/or WU NanoSIMS,,,2.1,2.15,280.457642521066,10.1646532083967,274.7,3.4,,,-9,13,-20,16,,
Gra-2014-AMA-000306,HD,KFB1f-064,Amari et al. (2014) GCA 59:479,full,Murchison,WU 3f and/or WU NanoSIMS,,,2.1,2.15,701.352780143828,25.9673635182277,275.5,3.2,,,-14,11,-34,13,,
Gra-2014-AMA-000307,HD,KFB1f-065,Amari et al. (2014) GCA 59:479,full,Murchison,WU 3f and/or WU NanoSIMS,,,2.1,2.15,7.91450996232833,0.280559442768422,272.3,3.1,,,-16,11,-17,13,,
Gra-2014-AMA-000308,HD,KFB1f-066,Amari et al. (2014) GCA 59:479,full,Murchison,WU 3f and/or WU NanoSIMS,,,2.1,2.15,575.117838019099,21.1343396513446,271.5,3.5,,,-18,13,31,17,,
Gra-2014-AMA-000309,HD,KFB1f-067,Amari et al. (2014) GCA 59:479,full,Murchison,WU 3f and/or WU NanoSIMS,,,2.1,2.15,86.8772476049128,3.09262359405821,261.6,3.3,,,-10,11,-19,14,,
Gra-2014-AMA-000310,HD,KFB1f-068,Amari et al. (2014) GCA 59:479,full,Murchison,WU 3f and/or WU NanoSIMS,,,2.1,2.15,258.961026514644,9.31924791755396,279,4.4,,,3,13,-9,17,,
Gra-2014-AMA-000311,HD,KFB1f-069,Amari et al. (2014) GCA 59:479,full,Murchison,WU 3f and/or WU NanoSIMS,,,2.1,2.15,87.9307963165396,3.1403277725868,268.6,3,,,-16,10,-14,13,,
Gra-2014-AMA-000312,HD,KFB1f-071,Amari et al. (2014) GCA 59:479,full,Murchison,WU 3f and/or WU NanoSIMS,,,2.1,2.15,265.078216117352,9.66994039675997,270.5,3.1,,,-14,10,-8,13,,
Gra-2014-AMA-000313,HD,KFB1f-072,Amari et al. (2014) GCA 59:479,full,Murchison,WU 3f and/or WU NanoSIMS,,,2.1,2.15,37.1548339185378,1.33033090705536,266.4,3.2,,,-62,11,-89,13,,
Gra-2014-AMA-000314,HD,KFB1f-073,Amari et al. (2014) GCA 59:479,full,Murchison,WU 3f and/or WU NanoSIMS,,,2.1,2.15,6.03468717358069,0.213926636199674,261.6,3.2,,,-10,11,-20,14,,
Gra-2014-AMA-000315,HD,KFB1f-074,Amari et al. (2014) GCA 59:479,full,Murchison,WU 3f and/or WU NanoSIMS,,,2.1,2.15,402.828263467224,14.7681154049681,263.1,2.9,,,-10,11,-1,14,,
Gra-2014-AMA-000316,HD,KFB1f-076,Amari et al. (2014) GCA 59:479,full,Murchison,WU 3f and/or WU NanoSIMS,,,2.1,2.15,80.9809395629986,2.89768494757341,262.8,3.3,,,-25,14,-46,17,,
Gra-2014-AMA-000317,HD,KFB1f-101,Amari et al. (2014) GCA 59:479,full,Murchison,WU 3f and/or WU NanoSIMS,,,2.1,2.15,7.98828929248563,0.283288716110065,265.9,3.3,,,-5,11,-4,13,,
Gra-2014-AMA-000318,HD,KFB1f-102,Amari et al. (2014) GCA 59:479,full,Murchison,WU 3f and/or WU NanoSIMS,,,2.1,2.15,222.210781827747,8.24509464452022,263.4,4.5,,,-3,15,-15,19,,
Gra-2014-AMA-000319,HD,KFB1f-103,Amari et al. (2014) GCA 59:479,full,Murchison,WU 3f and/or WU NanoSIMS,,,2.1,2.15,252.374333738502,9.1335459784323,276.6,3.3,,,-7,13,-2,16,,
Gra-2014-AMA-000320,HD,KFB1f-104,Amari et al. (2014) GCA 59:479,full,Murchison,WU 3f and/or WU NanoSIMS,,,2.1,2.15,473.677455534324,17.1993290179257,268.6,4.6,,,-7,11,-6,14,,
Gra-2014-AMA-000321,HD,KFB1f-105,Amari et al. (2014) GCA 59:479,full,Murchison,WU 3f and/or WU NanoSIMS,,,2.1,2.15,455.15120063414,16.5658633568966,275.7,3.3,,,-10,11,11,14,,
Gra-2014-AMA-000322,HD,KFB1f-106,Amari et al. (2014) GCA 59:479,full,Murchison,WU 3f and/or WU NanoSIMS,,,2.1,2.15,425.945836653097,15.7289219026536,275.8,4.2,,,-19,11,53,15,,
Gra-2014-AMA-000323,HD,KFB1f-111,Amari et al. (2014) GCA 59:479,full,Murchison,WU 3f and/or WU NanoSIMS,,,2.1,2.15,337.734910968579,12.1886115271075,269.8,3.4,,,-23,13,-5,16,,
Gra-2014-AMA-000324,HD,KFB1f-112,Amari et al. (2014) GCA 59:479,full,Murchison,WU 3f and/or WU NanoSIMS,,,2.1,2.15,87.1987175312955,3.12178092243591,270.1,3.1,,,-13,11,-15,14,,
Gra-2014-AMA-000325,HD,KFB1f-113,Amari et al. (2014) GCA 59:479,full,Murchison,WU 3f and/or WU NanoSIMS,,,2.1,2.15,353.30514861818,13.0309626179707,268.3,3.2,,,-5,10,-21,13,,
Gra-2014-AMA-000326,HD,KFB1f-114,Amari et al. (2014) GCA 59:479,full,Murchison,WU 3f and/or WU NanoSIMS,,,2.1,2.15,173.052714615991,6.24716970805644,256.5,3.2,,,-11,12,-15,14,,
Gra-2014-AMA-000327,HD,KFB1f-115,Amari et al. (2014) GCA 59:479,full,Murchison,WU 3f and/or WU NanoSIMS,,,2.1,2.15,86.55813925742,3.09480364336837,253.8,3.1,,,-12,11,-27,13,,
Gra-2014-AMA-000328,HD,KFB1f-121,Amari et al. (2014) GCA 59:479,full,Murchison,WU 3f and/or WU NanoSIMS,,,2.1,2.15,660.096734253014,24.5017672434387,266.8,4.5,,,-10,11,41,14,,
Gra-2014-AMA-000329,HD,KFB1f-132,Amari et al. (2014) GCA 59:479,full,Murchison,WU 3f and/or WU NanoSIMS,,,2.1,2.15,614.483791729664,22.4853801593463,269.4,3.2,,,-13,13,4,17,,
Gra-2014-AMA-000330,HD,KFB1f-133,Amari et al. (2014) GCA 59:479,full,Murchison,WU 3f and/or WU NanoSIMS,,,2.1,2.15,398.907378973045,14.5594378436265,269.1,3.4,,,-14,12,-20,15,,
Gra-2014-AMA-000331,HD,KFB1f-161,Amari et al. (2014) GCA 59:479,full,Murchison,WU 3f and/or WU NanoSIMS,,,2.1,2.15,542.35796116991,20.2981291267779,260,3.9,,,-4,11,-14,14,,
Gra-2014-AMA-000332,HD,KFB1f-162,Amari et al. (2014) GCA 59:479,full,Murchison,WU 3f and/or WU NanoSIMS,,,2.1,2.15,509.523317034218,18.8250215873382,185.2,2.1,,,23,12,33,15,,
Gra-2014-AMA-000333,HD,KFB1f-163,Amari et al. (2014) GCA 59:479,full,Murchison,WU 3f and/or WU NanoSIMS,,,2.1,2.15,326.617510919371,11.9011532444198,265.4,3.2,,,-12,12,-8,15,,
Gra-2014-AMA-000334,HD,KFB1f-164,Amari et al. (2014) GCA 59:479,full,Murchison,WU 3f and/or WU NanoSIMS,,,2.1,2.15,87.1181272193442,3.11798051352822,256.7,2.9,,,-5,11,-30,14,,
Gra-2014-AMA-000335,HD,KFB1f-165,Amari et al. (2014) GCA 59:479,full,Murchison,WU 3f and/or WU NanoSIMS,,,2.1,2.15,76.5112123793266,2.74402320426284,219.9,2.4,,,-66,9,-91,11,,
Gra-2014-AMA-000336,HD,KFB1f-171,Amari et al. (2014) GCA 59:479,full,Murchison,WU 3f and/or WU NanoSIMS,,,2.1,2.15,156.555079972314,5.63286170943993,254.4,3.6,,,5,14,-23,17,,
Gra-2014-AMA-000337,HD,KFB1f-173,Amari et al. (2014) GCA 59:479,full,Murchison,WU 3f and/or WU NanoSIMS,,,2.1,2.15,395.062085713874,14.9994736632882,277.4,3.5,,,2,13,-10,16,,
Gra-2014-AMA-000338,HD,KFB1f-174,Amari et al. (2014) GCA 59:479,full,Murchison,WU 3f and/or WU NanoSIMS,,,2.1,2.15,507.329459910282,19.0641951014084,269.9,3.1,,,-4,11,-8,14,,
Gra-2014-AMA-000339,HD,KFB1f-201,Amari et al. (2014) GCA 59:479,full,Murchison,WU 3f and/or WU NanoSIMS,,,2.1,2.15,471.780849105758,17.236491390054,298.1,5,,,-59,19,-30,24,,
Gra-2014-AMA-000340,HD,KFB1f-202,Amari et al. (2014) GCA 59:479,full,Murchison,WU 3f and/or WU NanoSIMS,,,2.1,2.15,758.341220042884,28.3538686795263,270.3,4.3,,,2,12,68,16,,
Gra-2014-AMA-000341,HD,KFB1f-203,Amari et al. (2014) GCA 59:479,full,Murchison,WU 3f and/or WU NanoSIMS,,,2.1,2.15,76.2636032777754,2.74634233665246,271.8,4.5,,,-14,12,0,15,,
Gra-2014-AMA-000342,HD,KFB1f-204,Amari et al. (2014) GCA 59:479,full,Murchison,WU 3f and/or WU NanoSIMS,,,2.1,2.15,498.739754768944,18.4011801920999,259.1,4.6,,,1,13,-10,15,,
Gra-2014-AMA-000343,HD,KFB1f-205,Amari et al. (2014) GCA 59:479,full,Murchison,WU 3f and/or WU NanoSIMS,,,2.1,2.15,279.45986851862,10.1056129948889,271,4.9,,,8,17,-6,20,,
Gra-2014-AMA-000344,HD,KFB1f-206,Amari et al. (2014) GCA 59:479,full,Murchison,WU 3f and/or WU NanoSIMS,,,2.1,2.15,62.4664106370646,2.22417119121108,276.5,3.3,,,2,13,-2,16,,
Gra-2014-AMA-000345,HD,KFB1f-207,Amari et al. (2014) GCA 59:479,full,Murchison,WU 3f and/or WU NanoSIMS,,,2.1,2.15,92.413542795422,3.30252087301514,243.5,2.6,,,-92,9,-127,11,,
Gra-2014-AMA-000346,HD,KFB1f-221,Amari et al. (2014) GCA 59:479,full,Murchison,WU 3f and/or WU NanoSIMS,,,2.1,2.15,737.572876770973,27.6485311925368,253.2,3.5,,,-29,14,-18,17,,
Gra-2014-AMA-000347,HD,KFB1f-241,Amari et al. (2014) GCA 59:479,full,Murchison,WU 3f and/or WU NanoSIMS,,,2.1,2.15,367.063137271536,13.2500140848176,266.1,4.7,,,13,11,11,14,,
Gra-2014-AMA-000348,HD,KFB1f-242,Amari et al. (2014) GCA 59:479,full,Murchison,WU 3f and/or WU NanoSIMS,,,2.1,2.15,386.635823016122,14.1894074876436,263.3,3.4,,,51,11,132,15,,
Gra-2014-AMA-000349,HD,KFB1f-243,Amari et al. (2014) GCA 59:479,full,Murchison,WU 3f and/or WU NanoSIMS,,,2.1,2.15,439.859139763558,16.2769252827077,290.3,6.2,,,-5,16,60,20,,
Gra-2014-AMA-000350,HD,KFB1f-251,Amari et al. (2014) GCA 59:479,full,Murchison,WU 3f and/or WU NanoSIMS,,,2.1,2.15,142.024730527845,5.08516926254577,268.3,3.8,,,-15,13,-4,17,,
Gra-2014-AMA-000351,HD,KFB1f-261,Amari et al. (2014) GCA 59:479,full,Murchison,WU 3f and/or WU NanoSIMS,,,2.1,2.15,792.782284704209,29.7013917932761,271.9,3.4,,,-2,12,6,15,,
Gra-2014-AMA-000352,HD,KFB1f-262,Amari et al. (2014) GCA 59:479,full,Murchison,WU 3f and/or WU NanoSIMS,,,2.1,2.15,8.80951529451686,0.312347164133582,249.4,2.8,,,-9,11,5,14,,
Gra-2014-AMA-000353,HD,KFB1f-273,Amari et al. (2014) GCA 59:479,full,Murchison,WU 3f and/or WU NanoSIMS,,,2.1,2.15,73.0711733731244,2.60840887545581,263.9,3.7,,,23,13,5,15,,
Gra-2014-AMA-000354,HD,KFB1f-275,Amari et al. (2014) GCA 59:479,full,Murchison,WU 3f and/or WU NanoSIMS,,,2.1,2.15,286.684348087988,10.3745146717527,286.7,4.2,,,65,27,-11,31,,
Gra-2014-AMA-000355,HD,KFB1f-333,Amari et al. (2014) GCA 59:479,full,Murchison,WU 3f and/or WU NanoSIMS,,,2.1,2.15,537.717134348719,19.6727796190489,266.1,3.3,,,-11,12,-26,15,,
Gra-2014-AMA-000356,HD,KFB1f-341,Amari et al. (2014) GCA 59:479,full,Murchison,WU 3f and/or WU NanoSIMS,,,2.1,2.15,87.3603462940968,3.11623288499435,271.1,3.2,,,-4,11,7,14,,
Gra-2014-AMA-000357,HD,KFB1f-342,Amari et al. (2014) GCA 59:479,full,Murchison,WU 3f and/or WU NanoSIMS,,,2.1,2.15,559.085490221414,20.651067805121,273,3.6,,,-2,11,12,14,,
Gra-2014-AMA-000358,HD,KFB1f-362,Amari et al. (2014) GCA 59:479,full,Murchison,WU 3f and/or WU NanoSIMS,,,2.1,2.15,448.438694820792,16.3349222346621,269.8,3.5,,,-5,11,-4,14,,
Gra-2014-AMA-000359,HD,KFB1f-363,Amari et al. (2014) GCA 59:479,full,Murchison,WU 3f and/or WU NanoSIMS,,,2.1,2.15,7.28452964847994,0.258286128988735,268.6,3.2,,,-6,10,6,13,,
Gra-2014-AMA-000360,HD,KFB1f-364,Amari et al. (2014) GCA 59:479,full,Murchison,WU 3f and/or WU NanoSIMS,,,2.1,2.15,19.3436925202812,0.688205350074095,261.4,3.3,,,-1,11,8,14,,
Gra-2014-AMA-000361,HD,KFB1f-365,Amari et al. (2014) GCA 59:479,full,Murchison,WU 3f and/or WU NanoSIMS,,,2.1,2.15,634.332527936275,23.9092967544622,253.4,3.3,,,-3,13,24,16,,
Gra-2014-AMA-000362,HD,KFB1f-366,Amari et al. (2014) GCA 59:479,full,Murchison,WU 3f and/or WU NanoSIMS,,,2.1,2.15,197.821224871627,7.13338330760675,260.2,3.1,,,-5,12,23,15,,
Gra-2014-AMA-000363,HD,KFB1f-371,Amari et al. (2014) GCA 59:479,full,Murchison,WU 3f and/or WU NanoSIMS,,,2.1,2.15,78.6826491246498,2.80638584622843,261.2,3.7,,,0,11,-3,14,,
Gra-2014-AMA-000364,HD,KFB1f-372,Amari et al. (2014) GCA 59:479,full,Murchison,WU 3f and/or WU NanoSIMS,,,2.1,2.15,127.174600177186,4.6067254772893,268.8,3.3,,,-6,12,17,15,,
Gra-2014-AMA-000365,HD,KFB1f-373,Amari et al. (2014) GCA 59:479,full,Murchison,WU 3f and/or WU NanoSIMS,,,2.1,2.15,324.481286235217,11.8607087909223,272,3.9,,,-19,12,-10,15,,
Gra-2014-AMA-000366,HD,KFB1f-374,Amari et al. (2014) GCA 59:479,full,Murchison,WU 3f and/or WU NanoSIMS,,,2.1,2.15,432.195385838287,17.034099255464,272.5,4,,,1,12,-14,15,,
Gra-2014-AMA-000367,HD,KFB1f-375,Amari et al. (2014) GCA 59:479,full,Murchison,WU 3f and/or WU NanoSIMS,,,2.1,2.15,366.065295733322,13.2628935608737,273.6,3.2,,,-7,11,4,14,,
Gra-2014-AMA-000368,HD,KFB1f-376,Amari et al. (2014) GCA 59:479,full,Murchison,WU 3f and/or WU NanoSIMS,,,2.1,2.15,532.552619499042,19.5039084959888,272.1,3.7,,,31,12,-27,15,,
Gra-2014-AMA-000369,HD,KFB1f-377,Amari et al. (2014) GCA 59:479,full,Murchison,WU 3f and/or WU NanoSIMS,,,2.1,2.15,542.35796116991,19.9794800323307,262.2,3.1,,,-12,12,-25,14,,
Gra-2014-AMA-000370,HD,KFB1f-378,Amari et al. (2014) GCA 59:479,full,Murchison,WU 3f and/or WU NanoSIMS,,,2.1,2.15,333.43407729512,12.1569366961477,265.2,3,,,-9,12,-30,15,,
Gra-2014-AMA-000371,HD,KFB1f-401,Amari et al. (2014) GCA 59:479,full,Murchison,WU 3f and/or WU NanoSIMS,,,2.1,2.15,22.0650312854238,0.783306396838076,299.5,3.5,,,-82,11,-86,14,,
Gra-2014-AMA-000372,HD,KFB1f-451,Amari et al. (2014) GCA 59:479,full,Murchison,WU 3f and/or WU NanoSIMS,,,2.1,2.15,388.068397082464,14.1734504904901,258.1,3.9,,,3,12,-5,15,,
Gra-2014-AMA-000373,HD,KFB1f-452,Amari et al. (2014) GCA 59:479,full,Murchison,WU 3f and/or WU NanoSIMS,,,2.1,2.15,429.830431606614,16.1725018981266,263.1,3.3,,,-8,11,-17,14,,
Gra-2014-AMA-000374,HD,KFB1f-453,Amari et al. (2014) GCA 59:479,full,Murchison,WU 3f and/or WU NanoSIMS,,,2.1,2.15,353.702865483416,12.9338197426143,263.3,3.4,,,-9,12,2,15,,
Gra-2014-AMA-000375,HD,KFB1f-461,Amari et al. (2014) GCA 59:479,full,Murchison,WU 3f and/or WU NanoSIMS,,,2.1,2.15,677.168201518178,24.9628224676581,266.5,3.1,,,-6,10,-6,13,,
Gra-2014-AMA-000376,HD,KFB1f-471,Amari et al. (2014) GCA 59:479,full,Murchison,WU 3f and/or WU NanoSIMS,,,2.1,2.15,304.070366617195,10.9994244811912,266.9,3.3,,,4,10,16,13,,
Gra-2014-AMA-000377,HD,KFB1f-472,Amari et al. (2014) GCA 59:479,full,Murchison,WU 3f and/or WU NanoSIMS,,,2.1,2.15,16.1878436632888,0.574490996465821,166.8,1.9,,,-15,11,-1,14,,
Gra-2014-AMA-000378,HD,KFB1f-474,Amari et al. (2014) GCA 59:479,full,Murchison,WU 3f and/or WU NanoSIMS,,,2.1,2.15,307.141784461813,11.3384252870873,264.8,3.2,,,27,13,81,17,,
Gra-2014-AMA-000379,HD,KFB1f-501,Amari et al. (2014) GCA 59:479,full,Murchison,WU 3f and/or WU NanoSIMS,,,2.1,2.15,283.579463451656,10.3178328451552,261,3.1,,,-12,13,-25,16,,
Gra-2014-AMA-000380,HD,KFB1f-502,Amari et al. (2014) GCA 59:479,full,Murchison,WU 3f and/or WU NanoSIMS,,,2.1,2.15,403.863811702358,14.7451995455626,254.1,5.2,,,8,13,27,16,,
Gra-2014-AMA-000381,HD,KFB1f-503,Amari et al. (2014) GCA 59:479,full,Murchison,WU 3f and/or WU NanoSIMS,,,2.1,2.15,83.2701534022354,2.96922334702006,258.4,3.9,,,-13,13,-9,16,,
Gra-2014-AMA-000382,HD,KFB1f-521,Amari et al. (2014) GCA 59:479,full,Murchison,WU 3f and/or WU NanoSIMS,,,2.1,2.15,389.995091648037,14.1575978187151,261.7,3.6,,,-4,11,1,14,,
Gra-2014-AMA-000383,HD,KFB1f-531,Amari et al. (2014) GCA 59:479,full,Murchison,WU 3f and/or WU NanoSIMS,,,2.1,2.15,103.835441343171,3.70171471676713,335.7,3.9,,,41,11,-33,13,,
Gra-2014-AMA-000384,HD,KFB1f-532,Amari et al. (2014) GCA 59:479,full,Murchison,WU 3f and/or WU NanoSIMS,,,2.1,2.15,508.973075871115,19.0972266396252,262.7,3.6,,,-6,11,0,14,,
Gra-2014-AMA-000385,HD,KFB1f-551,Amari et al. (2014) GCA 59:479,full,Murchison,WU 3f and/or WU NanoSIMS,,,2.1,2.15,545.496606778533,20.0380416887262,266.5,3.2,,,-15,12,-21,15,,
Gra-2014-AMA-000386,HD,KFB1f-552,Amari et al. (2014) GCA 59:479,full,Murchison,WU 3f and/or WU NanoSIMS,,,2.1,2.15,459.365563602975,17.0600244046017,259.8,3.2,,,-10,11,-6,14,,
Gra-2014-AMA-000387,HD,KFB1f-553,Amari et al. (2014) GCA 59:479,full,Murchison,WU 3f and/or WU NanoSIMS,,,2.1,2.15,525.135452096549,19.408415411483,238.9,2.9,,,-11,14,-37,16,,
Gra-2014-AMA-000388,HD,KFB1f-562,Amari et al. (2014) GCA 59:479,full,Murchison,WU 3f and/or WU NanoSIMS,,,2.1,2.15,540.802143725361,20.2368439157705,273.9,3.3,,,-9,11,-22,13,,
Gra-2014-AMA-000389,HD,KFB1f-563,Amari et al. (2014) GCA 59:479,full,Murchison,WU 3f and/or WU NanoSIMS,,,2.1,2.15,810.505706374294,30.2995682474777,267.2,3.3,,,-1,11,13,14,,
Gra-2014-AMA-000390,HD,KFB1f-571,Amari et al. (2014) GCA 59:479,full,Murchison,WU 3f and/or WU NanoSIMS,,,2.1,2.15,478.486363712337,17.5675338260629,274.6,4.1,,,6,11,73,15,,
Gra-2014-AMA-000391,HD,KFB1f-572,Amari et al. (2014) GCA 59:479,full,Murchison,WU 3f and/or WU NanoSIMS,,,2.1,2.15,548.671790752796,20.1134970848455,271.9,3.1,,,-23,11,-17,14,,
Gra-2014-AMA-000392,HD,KFB1f-573,Amari et al. (2014) GCA 59:479,full,Murchison,WU 3f and/or WU NanoSIMS,,,2.1,2.15,581.145583547043,22.0832985142039,278.5,3.9,,,8,12,-2,15,,
Gra-2014-AMA-000393,HD,KFB1f-574,Amari et al. (2014) GCA 59:479,full,Murchison,WU 3f and/or WU NanoSIMS,,,2.1,2.15,183.032647866661,6.57903854431698,,,,,,,,,,
Gra-2014-AMA-000394,HD,KFB1f-575,Amari et al. (2014) GCA 59:479,full,Murchison,WU 3f and/or WU NanoSIMS,,,2.1,2.15,713.564070032781,27.5736886568927,271,3.8,,,-3,11,0,14,,
Gra-2014-AMA-000395,HD,KFB1f-602,Amari et al. (2014) GCA 59:479,full,Murchison,WU 3f and/or WU NanoSIMS,,,2.1,2.15,530.753455243978,19.6332936336663,262.1,3.1,,,-4,12,5,15,,
Gra-2014-AMA-000396,HD,KFB1f-603,Amari et al. (2014) GCA 59:479,full,Murchison,WU 3f and/or WU NanoSIMS,,,2.1,2.15,572.324308751247,21.3271767297972,257.9,3.5,,,8,14,18,18,,
Gra-2014-AMA-000397,HD,KFB1f-604,Amari et al. (2014) GCA 59:479,full,Murchison,WU 3f and/or WU NanoSIMS,,,2.1,2.15,175.730450505836,6.35400550487112,269.6,4.8,,,6,14,-3,17,,
Gra-2014-AMA-000398,HD,KFB1f-611,Amari et al. (2014) GCA 59:479,full,Murchison,WU 3f and/or WU NanoSIMS,,,2.1,2.15,429.438786566426,15.7056129433082,266.1,2.9,,,-5,10,2,13,,
Gra-2014-AMA-000399,HD,KFB1f-612,Amari et al. (2014) GCA 59:479,full,Murchison,WU 3f and/or WU NanoSIMS,,,2.1,2.15,606.185296793122,22.2931026661506,241.2,2.7,,,-25,11,-19,14,,
Gra-2014-AMA-000400,HD,KFB1f-613,Amari et al. (2014) GCA 59:479,full,Murchison,WU 3f and/or WU NanoSIMS,,,2.1,2.15,78.5515113761087,2.79744522158496,298.7,3.9,,,17,15,23,19,,
Gra-2014-AMA-000401,HD,KFB1f-614,Amari et al. (2014) GCA 59:479,full,Murchison,WU 3f and/or WU NanoSIMS,,,2.1,2.15,256.564544505526,9.24478988877676,270.7,3.4,,,18,11,68,15,,
Gra-2014-AMA-000402,HD,KFB1f-615,Amari et al. (2014) GCA 59:479,full,Murchison,WU 3f and/or WU NanoSIMS,,,2.1,2.15,85.5370359812436,3.04246355960093,274.1,3,,,-8,10,-5,13,,
Gra-2014-AMA-000403,HD,KFB1f-616,Amari et al. (2014) GCA 59:479,full,Murchison,WU 3f and/or WU NanoSIMS,,,2.1,2.15,474.392620288528,17.3877034051084,274.8,3.4,,,1,12,-2,15,,
Gra-2014-AMA-000404,HD,KFB1f-617,Amari et al. (2014) GCA 59:479,full,Murchison,WU 3f and/or WU NanoSIMS,,,2.1,2.15,200.301346475415,7.19828930772637,270.1,3.1,,,-1,10,12,13,,
Gra-2014-AMA-000405,HD,KFB1f-618,Amari et al. (2014) GCA 59:479,full,Murchison,WU 3f and/or WU NanoSIMS,,,2.1,2.15,5.84388181347368,0.207213353310547,259.9,3.3,,,-5,12,-6,15,,
Gra-2014-AMA-000406,HD,KFB1f-619,Amari et al. (2014) GCA 59:479,full,Murchison,WU 3f and/or WU NanoSIMS,,,2.1,2.15,73.7572876770974,2.63032276455622,261.7,3.1,,,13,14,-8,17,,
Gra-2014-AMA-000407,HD,KFB1f-621,Amari et al. (2014) GCA 59:479,full,Murchison,WU 3f and/or WU NanoSIMS,,,2.1,2.15,351.068207267525,12.6968018522896,284.4,3.6,,,-8,13,21,16,,
Gra-2014-AMA-000408,HD,KFB1f-622,Amari et al. (2014) GCA 59:479,full,Murchison,WU 3f and/or WU NanoSIMS,,,2.1,2.15,231.317334113694,8.30805032826902,296.1,4.5,,,82,13,176,17,,
Gra-2014-AMA-000409,HD,KFB1f-623,Amari et al. (2014) GCA 59:479,full,Murchison,WU 3f and/or WU NanoSIMS,,,2.1,2.15,304.660031193699,10.9509123213641,305.5,4.8,,,54,14,117,18,,
Gra-2014-AMA-000410,HD,KFB1f-624,Amari et al. (2014) GCA 59:479,full,Murchison,WU 3f and/or WU NanoSIMS,,,2.1,2.15,211.491616897757,7.69173494502896,267.3,3,,,-5,11,-15,14,,
Gra-2014-AMA-000411,HD,KFB1f-625,Amari et al. (2014) GCA 59:479,full,Murchison,WU 3f and/or WU NanoSIMS,,,2.1,2.15,121.990182025793,4.36698499117235,308.2,3.9,,,76,14,59,17,,
Gra-2014-AMA-000412,HD,KFB1f-631,Amari et al. (2014) GCA 59:479,full,Murchison,WU 3f and/or WU NanoSIMS,,,2.1,2.15,584.750705033067,21.3553087440227,274.4,3.2,,,1,10,-10,13,,
Gra-2014-AMA-000413,HD,KFB1f-632,Amari et al. (2014) GCA 59:479,full,Murchison,WU 3f and/or WU NanoSIMS,,,2.1,2.15,165.604029605289,5.90002473599079,238.9,2.7,,,-346,7,-501,7,,
Gra-2014-AMA-000414,HD,KFB1f-633,Amari et al. (2014) GCA 59:479,full,Murchison,WU 3f and/or WU NanoSIMS,,,2.1,2.15,254.486537935557,9.30479064557981,272.5,3.1,,,-1,10,-6,13,,
Gra-2014-AMA-000415,HD,KFB1f-634,Amari et al. (2014) GCA 59:479,full,Murchison,WU 3f and/or WU NanoSIMS,,,2.1,2.15,15.3221413607494,0.543352944635516,292.4,3.4,,,-18,11,-11,14,,
Gra-2014-AMA-000416,HD,KFB1f-635,Amari et al. (2014) GCA 59:479,full,Murchison,WU 3f and/or WU NanoSIMS,,,2.1,2.15,500.328097936998,18.26991625434,279.3,3.4,,,-11,13,12,17,,
Gra-2014-AMA-000417,HD,KFB1f-636,Amari et al. (2014) GCA 59:479,full,Murchison,WU 3f and/or WU NanoSIMS,,,2.1,2.15,181.377359344488,6.47438865028695,274.6,3.2,,,172,13,105,16,,
Gra-2014-AMA-000418,HD,KFB1f-641,Amari et al. (2014) GCA 59:479,full,Murchison,WU 3f and/or WU NanoSIMS,,,2.1,2.15,377.500254911215,13.7685795932274,274.7,3.1,,,0,11,-5,14,,
Gra-2014-AMA-000419,HD,KFB1f-642,Amari et al. (2014) GCA 59:479,full,Murchison,WU 3f and/or WU NanoSIMS,,,2.1,2.15,328.667411615517,12.1133278268811,262,3.1,,,8,11,-5,14,,
Gra-2014-AMA-000420,HD,KFB1f-643,Amari et al. (2014) GCA 59:479,full,Murchison,WU 3f and/or WU NanoSIMS,,,2.1,2.15,604.242395200836,22.4522109797662,274.5,4.9,,,9,12,32,15,,
Gra-2014-AMA-000421,HD,KFB1f-651,Amari et al. (2014) GCA 59:479,full,Murchison,WU 3f and/or WU NanoSIMS,,,2.1,2.15,748.109632153416,27.8935222856179,281.2,3.3,,,19,14,153,19,,
Gra-2014-AMA-000422,HD,KFB1f-661,Amari et al. (2014) GCA 59:479,full,Murchison,WU 3f and/or WU NanoSIMS,,,2.1,2.15,201.672686459843,7.23648517179188,268.1,3.2,,,23,13,57,16,,
Gra-2014-AMA-000423,HD,KFB1f-662,Amari et al. (2014) GCA 59:479,full,Murchison,WU 3f and/or WU NanoSIMS,,,2.1,2.15,383.48988466774,14.0173995492475,271.1,3,,,-9,12,-13,15,,
Gra-2014-AMA-000424,HD,KFB1f-671,Amari et al. (2014) GCA 59:479,full,Murchison,WU 3f and/or WU NanoSIMS,,,2.1,2.15,458.248972539283,19.0605770355435,278.5,3.4,,,-10,13,-5,16,,
Gra-2014-AMA-000425,HD,KFB1f-672,Amari et al. (2014) GCA 59:479,full,Murchison,WU 3f and/or WU NanoSIMS,,,2.1,2.15,576.524854136578,21.3776042628731,271.8,3,,,-13,10,-20,12,,
Gra-2014-AMA-000426,HD,KFB1f-711,Amari et al. (2014) GCA 59:479,full,Murchison,WU 3f and/or WU NanoSIMS,,,2.1,2.15,694.63385152049,26.3350280903416,255.8,4,,,0,11,5,14,,
Gra-2014-AMA-000427,HD,KFB1f-712,Amari et al. (2014) GCA 59:479,full,Murchison,WU 3f and/or WU NanoSIMS,,,2.1,2.15,442.751590659138,16.2849937749788,274.9,3.3,,,5,13,78,17,,
Gra-2014-AMA-000428,HD,KFB1f-713,Amari et al. (2014) GCA 59:479,full,Murchison,WU 3f and/or WU NanoSIMS,,,2.1,2.15,72.5649065830103,2.58893914172847,263.1,3.4,,,3,13,-2,15,,
Gra-2014-AMA-000429,HD,KFB1f-731,Amari et al. (2014) GCA 59:479,full,Murchison,WU 3f and/or WU NanoSIMS,,,2.1,2.15,87.3603462940968,3.14187930372593,261.2,6.5,,,8,13,22,16,,
Gra-2014-AMA-000430,HD,KFB1f-732,Amari et al. (2014) GCA 59:479,full,Murchison,WU 3f and/or WU NanoSIMS,,,2.1,2.15,787.483823319385,29.3666463523291,281.5,3.4,,,17,11,2,14,,
Gra-2014-AMA-000431,HD,KFB1f-734,Amari et al. (2014) GCA 59:479,full,Murchison,WU 3f and/or WU NanoSIMS,,,2.1,2.15,172.830608088248,6.19231911135394,276.3,3.4,,,-3,13,-10,16,,
Gra-2014-AMA-000432,HD,KFB1f-741,Amari et al. (2014) GCA 59:479,full,Murchison,WU 3f and/or WU NanoSIMS,,,2.1,2.15,260.535692789747,9.3978758951107,265.4,3,,,1,12,69,15,,
Gra-2014-AMA-000433,HD,KFB1f-742,Amari et al. (2014) GCA 59:479,full,Murchison,WU 3f and/or WU NanoSIMS,,,2.1,2.15,502.729672807096,18.3940980746837,282.8,3.5,,,6,13,87,17,,
Gra-2014-AMA-000434,HD,KFB1f-743,Amari et al. (2014) GCA 59:479,full,Murchison,WU 3f and/or WU NanoSIMS,,,2.1,2.15,225.776799164863,8.08638670473141,276.3,4.2,,,-7,10,87,14,,
Gra-2014-AMA-000435,HD,KFB1f-744,Amari et al. (2014) GCA 59:479,full,Murchison,WU 3f and/or WU NanoSIMS,,,2.1,2.15,87.1987175312955,3.11708199912435,258.9,3,,,-7,11,4,14,,
Gra-2014-AMA-000436,HD,KFB1f-745,Amari et al. (2014) GCA 59:479,full,Murchison,WU 3f and/or WU NanoSIMS,,,2.1,2.15,87.4413855763733,3.12990982689014,260.2,3.2,,,6,10,-1,13,,
Gra-2014-AMA-000437,HD,KFB1f-746,Amari et al. (2014) GCA 59:479,full,Murchison,WU 3f and/or WU NanoSIMS,,,2.1,2.15,585.840979809387,21.887066181638,254.1,3.4,,,5,11,57,14,,
Gra-2014-AMA-000438,HD,KFB1f-761,Amari et al. (2014) GCA 59:479,full,Murchison,WU 3f and/or WU NanoSIMS,,,2.1,2.15,25.1431884906189,0.893360858856132,427.5,4.8,,,-95,10,-91,13,,
Gra-2014-AMA-000439,HD,KFB1f-762,Amari et al. (2014) GCA 59:479,full,Murchison,WU 3f and/or WU NanoSIMS,,,2.1,2.15,265.750813790049,9.63623612672274,276.5,3.3,,,12,12,4,15,,
Gra-2014-AMA-000440,HD,KFB1f-763,Amari et al. (2014) GCA 59:479,full,Murchison,WU 3f and/or WU NanoSIMS,,,2.1,2.15,58.7667167402309,2.09714441224896,331.2,4.3,,,-82,11,-114,13,,
Gra-2014-AMA-000441,HD,KFB1f-764,Amari et al. (2014) GCA 59:479,full,Murchison,WU 3f and/or WU NanoSIMS,,,2.1,2.15,351.591994223537,12.8971992564313,280.7,5.6,,,-13,15,-34,18,,
Gra-2014-AMA-000442,HD,KFB1f-765,Amari et al. (2014) GCA 59:479,full,Murchison,WU 3f and/or WU NanoSIMS,,,2.1,2.15,674.261900224109,25.1966234461726,262.5,3.2,,,19,18,61,22,,
Gra-2014-AMA-000443,HD,KFB1f-766,Amari et al. (2014) GCA 59:479,full,Murchison,WU 3f and/or WU NanoSIMS,,,2.1,2.15,801.546034450088,30.0139435486154,269.5,3,,,-18,11,-20,13,,
Gra-2014-AMA-000444,HD,KFB1g-001,Amari et al. (2014) GCA 59:479,full,Murchison,WU 3f and/or WU NanoSIMS,,,2.1,2.15,143.053150505995,1.19198082623396,,,,,,,,,,
Gra-2014-AMA-000445,HD,KFB1g-002,Amari et al. (2014) GCA 59:479,full,Murchison,WU 3f and/or WU NanoSIMS,,,2.1,2.15,224.535244798489,2.0361694180916,,,,,,,,,,
Gra-2014-AMA-000446,HD,KFB1g-031,Amari et al. (2014) GCA 59:479,full,Murchison,WU 3f and/or WU NanoSIMS,,,2.1,2.15,432.106975223465,4.31910052784303,,,,,,,,,,
Gra-2014-AMA-000447,HD,KFB1g-032,Amari et al. (2014) GCA 59:479,full,Murchison,WU 3f and/or WU NanoSIMS,,,2.1,2.15,352.003593393528,3.23775248210404,,,,,,,,,,
Gra-2014-AMA-000448,HD,KFB1g-041,Amari et al. (2014) GCA 59:479,full,Murchison,WU 3f and/or WU NanoSIMS,,,2.1,2.15,198.219204765396,1.65930878925094,,,,,,,,,,
Gra-2014-AMA-000449,HD,KFB1g-042,Amari et al. (2014) GCA 59:479,full,Murchison,WU 3f and/or WU NanoSIMS,,,2.1,2.15,86.1846240993652,0.704134490094702,,,,,,,,,,
Gra-2014-AMA-000450,HD,KFB1g-043,Amari et al. (2014) GCA 59:479,full,Murchison,WU 3f and/or WU NanoSIMS,,,2.1,2.15,11.9006511209086,0.0948035470281227,,,,,,,,,,
Gra-2014-AMA-000451,HD,KFB1g-051,Amari et al. (2014) GCA 59:479,full,Murchison,WU 3f and/or WU NanoSIMS,,,2.1,2.15,353.189234239539,3.06989568746293,,,,,,,,,,
Gra-2014-AMA-000452,HD,KFB1g-052,Amari et al. (2014) GCA 59:479,full,Murchison,WU 3f and/or WU NanoSIMS,,,2.1,2.15,128.484905907154,1.05947346410388,,,,,,,,,,
Gra-2014-AMA-000453,HD,KFB1g-081,Amari et al. (2014) GCA 59:479,full,Murchison,WU 3f and/or WU NanoSIMS,,,2.1,2.15,485.703362783349,4.40433427412286,,,,,,,,,,
Gra-2014-AMA-000454,HD,KFB1g-082,Amari et al. (2014) GCA 59:479,full,Murchison,WU 3f and/or WU NanoSIMS,,,2.1,2.15,421.116302493551,3.82935108333154,,,,,,,,,,
Gra-2014-AMA-000455,HD,KFB1g-083,Amari et al. (2014) GCA 59:479,full,Murchison,WU 3f and/or WU NanoSIMS,,,2.1,2.15,28.9573990146686,0.231125375651951,,,,,,,,,,
Gra-2014-AMA-000456,HD,KFB1g-131,Amari et al. (2014) GCA 59:479,full,Murchison,WU 3f and/or WU NanoSIMS,,,2.1,2.15,267.570636203019,2.27765710805159,,,,,,,,,,
Gra-2014-AMA-000457,HD,KFB1g-132,Amari et al. (2014) GCA 59:479,full,Murchison,WU 3f and/or WU NanoSIMS,,,2.1,2.15,736.706974151482,8.89982615246734,,,,,,,,,,
Gra-2014-AMA-000458,HD,KFB1g-133,Amari et al. (2014) GCA 59:479,full,Murchison,WU 3f and/or WU NanoSIMS,,,2.1,2.15,459.231938631654,4.10634407133203,,,,,,,,,,
Gra-2014-AMA-000459,HD,KFB1g-134,Amari et al. (2014) GCA 59:479,full,Murchison,WU 3f and/or WU NanoSIMS,,,2.1,2.15,438.532357754669,4.05618096793081,,,,,,,,,,
Gra-2014-AMA-000460,HD,KFB1g-135,Amari et al. (2014) GCA 59:479,full,Murchison,WU 3f and/or WU NanoSIMS,,,2.1,2.15,846.387115594662,8.77213065120077,,,,,,,,,,
Gra-2014-AMA-000461,HD,KFB1g-136,Amari et al. (2014) GCA 59:479,full,Murchison,WU 3f and/or WU NanoSIMS,,,2.1,2.15,348.365313358453,3.20283745936243,,,,,,,,,,
Gra-2014-AMA-000462,HD,KFB1g-137,Amari et al. (2014) GCA 59:479,full,Murchison,WU 3f and/or WU NanoSIMS,,,2.1,2.15,11.6078921757448,0.0922966528239697,,,,,,,,,,
Gra-2014-AMA-000463,HD,KFB1g-138,Amari et al. (2014) GCA 59:479,full,Murchison,WU 3f and/or WU NanoSIMS,,,2.1,2.15,307.501346982095,2.65796438843647,,,,,,,,,,
Gra-2014-AMA-000464,HD,KFB1g-161,Amari et al. (2014) GCA 59:479,full,Murchison,WU 3f and/or WU NanoSIMS,,,2.1,2.15,294.085894013103,2.53089294121342,,,,,,,,,,
Gra-2014-AMA-000465,HD,KFB1g-162,Amari et al. (2014) GCA 59:479,full,Murchison,WU 3f and/or WU NanoSIMS,,,2.1,2.15,15.2286853943529,0.121563003902108,,,,,,,,,,
Gra-2014-AMA-000466,HD,KFB1g-181,Amari et al. (2014) GCA 59:479,full,Murchison,WU 3f and/or WU NanoSIMS,,,2.1,2.15,9.92659760058955,0.0788338438257335,,,,,,,,,,
Gra-2014-AMA-000467,HD,KFB1g-182,Amari et al. (2014) GCA 59:479,full,Murchison,WU 3f and/or WU NanoSIMS,,,2.1,2.15,8.87790812688663,0.0705615460544576,,,,,,,,,,
Gra-2014-AMA-000468,HD,KFB1g-1m11,Amari et al. (2014) GCA 59:479,full,Murchison,WU 3f and/or WU NanoSIMS,,,2.1,2.15,368.066159862733,3.22478315419452,,,,,,,,,,
Gra-2014-AMA-000469,HD,KFB1g-1m12,Amari et al. (2014) GCA 59:479,full,Murchison,WU 3f and/or WU NanoSIMS,,,2.1,2.15,17.3573962458718,0.138246537068739,,,,,,,,,,
Gra-2014-AMA-000470,HD,KFB1g-1m13,Amari et al. (2014) GCA 59:479,full,Murchison,WU 3f and/or WU NanoSIMS,,,2.1,2.15,86.5799664117476,0.702406448172767,,,,,,,,,,
Gra-2014-AMA-000471,HD,KFB1g-1m14,Amari et al. (2014) GCA 59:479,full,Murchison,WU 3f and/or WU NanoSIMS,,,2.1,2.15,491.521684316692,4.46093311891561,,,,,,,,,,
Gra-2014-AMA-000472,HD,KFB1g-201,Amari et al. (2014) GCA 59:479,full,Murchison,WU 3f and/or WU NanoSIMS,,,2.1,2.15,16.2430573818941,0.129952892026048,,,,,,,,,,
Gra-2014-AMA-000473,HD,KFB1g-202,Amari et al. (2014) GCA 59:479,full,Murchison,WU 3f and/or WU NanoSIMS,,,2.1,2.15,497.743477789055,4.53147701520178,,,,,,,,,,
Gra-2014-AMA-000474,HD,KFB1g-211,Amari et al. (2014) GCA 59:479,full,Murchison,WU 3f and/or WU NanoSIMS,,,2.1,2.15,1005.24247325101,10.8263151503086,,,,,,,,,,
Gra-2014-AMA-000475,HD,KFB1g-212,Amari et al. (2014) GCA 59:479,full,Murchison,WU 3f and/or WU NanoSIMS,,,2.1,2.15,1064.78803327096,10.7396080061834,,,,,,,,,,
Gra-2014-AMA-000476,HD,KFB1g-221,Amari et al. (2014) GCA 59:479,full,Murchison,WU 3f and/or WU NanoSIMS,,,2.1,2.15,411.925636790942,3.75424148572876,,,,,,,,,,
Gra-2014-AMA-000477,HD,KFB1g-222,Amari et al. (2014) GCA 59:479,full,Murchison,WU 3f and/or WU NanoSIMS,,,2.1,2.15,494.872382741504,4.43658644076761,,,,,,,,,,
Gra-2014-AMA-000478,HD,KFB1g-223,Amari et al. (2014) GCA 59:479,full,Murchison,WU 3f and/or WU NanoSIMS,,,2.1,2.15,772.908791063103,7.51709792809489,,,,,,,,,,
Gra-2014-AMA-000479,HD,KFB1g-231,Amari et al. (2014) GCA 59:479,full,Murchison,WU 3f and/or WU NanoSIMS,,,2.1,2.15,86.7391207617692,0.705748939728734,,,,,,,,,,
Gra-2014-AMA-000480,HD,KFB1g-232,Amari et al. (2014) GCA 59:479,full,Murchison,WU 3f and/or WU NanoSIMS,,,2.1,2.15,318.072677414239,2.834153836661,,,,,,,,,,
Gra-2014-AMA-000481,HD,KFB1g-233,Amari et al. (2014) GCA 59:479,full,Murchison,WU 3f and/or WU NanoSIMS,,,2.1,2.15,202.08172031864,1.68560091326754,,,,,,,,,,
Gra-2014-AMA-000482,HD,KFB1g-241,Amari et al. (2014) GCA 59:479,full,Murchison,WU 3f and/or WU NanoSIMS,,,2.1,2.15,345.179822197531,3.01612724453054,,,,,,,,,,
Gra-2014-AMA-000483,HD,KFB1g-251,Amari et al. (2014) GCA 59:479,full,Murchison,WU 3f and/or WU NanoSIMS,,,2.1,2.15,556.43964262267,5.33552294447434,,,,,,,,,,
Gra-2014-AMA-000484,HD,KFB1g-252,Amari et al. (2014) GCA 59:479,full,Murchison,WU 3f and/or WU NanoSIMS,,,2.1,2.15,88.4462637195922,0.74773598472618,,,,,,,,,,
Gra-2014-AMA-000485,HD,KFB1g-274,Amari et al. (2014) GCA 59:479,full,Murchison,WU 3f and/or WU NanoSIMS,,,2.1,2.15,195.468441153283,1.7475982982799,,,,,,,,,,
Gra-2014-AMA-000486,HD,KFB1g-2m13,Amari et al. (2014) GCA 59:479,full,Murchison,WU 3f and/or WU NanoSIMS,,,2.1,2.15,496.173309089405,4.43354783783925,,,,,,,,,,
Gra-2014-AMA-000487,HD,KFB1g-2m14,Amari et al. (2014) GCA 59:479,full,Murchison,WU 3f and/or WU NanoSIMS,,,2.1,2.15,31.8932623821578,0.258275931123489,,,,,,,,,,
Gra-2014-AMA-000488,HD,KFB1g-2m15,Amari et al. (2014) GCA 59:479,full,Murchison,WU 3f and/or WU NanoSIMS,,,2.1,2.15,86.9789524320782,0.711408260287503,,,,,,,,,,
Gra-2014-AMA-000489,HD,KFB1g-313,Amari et al. (2014) GCA 59:479,full,Murchison,WU 3f and/or WU NanoSIMS,,,2.1,2.15,562.408601840315,5.34846244329668,,,,,,,,,,
Gra-2014-AMA-000490,HD,KFB1g-323,Amari et al. (2014) GCA 59:479,full,Murchison,WU 3f and/or WU NanoSIMS,,,2.1,2.15,446.204082216571,4.12036075557955,,,,,,,,,,
Gra-2014-AMA-000491,HD,KFB1g-331,Amari et al. (2014) GCA 59:479,full,Murchison,WU 3f and/or WU NanoSIMS,,,2.1,2.15,1014.10018685584,10.6841143395268,,,,,,,,,,
Gra-2014-AMA-000492,HD,KFB1g-332,Amari et al. (2014) GCA 59:479,full,Murchison,WU 3f and/or WU NanoSIMS,,,2.1,2.15,87.6250356442013,0.717869144396102,,,,,,,,,,
Gra-2014-AMA-000493,HD,KFB1g-341,Amari et al. (2014) GCA 59:479,full,Murchison,WU 3f and/or WU NanoSIMS,,,2.1,2.15,407.831302458102,3.57518575166386,,,,,,,,,,
Gra-2014-AMA-000494,HD,KFB1g-342,Amari et al. (2014) GCA 59:479,full,Murchison,WU 3f and/or WU NanoSIMS,,,2.1,2.15,527.808520071615,4.82857103959288,,,,,,,,,,
Gra-2014-AMA-000495,HD,KFB1g-343,Amari et al. (2014) GCA 59:479,full,Murchison,WU 3f and/or WU NanoSIMS,,,2.1,2.15,546.135204796324,4.99018161793632,,,,,,,,,,
Gra-2014-AMA-000496,HD,KFB1g-343b,Amari et al. (2014) GCA 59:479,full,Murchison,WU 3f and/or WU NanoSIMS,,,2.1,2.15,663.657970385407,6.15561133396414,,,,,,,,,,
Gra-2014-AMA-000497,HD,KFB1g-351,Amari et al. (2014) GCA 59:479,full,Murchison,WU 3f and/or WU NanoSIMS,,,2.1,2.15,86.1059884934351,0.699320642865315,,,,,,,,,,
Gra-2014-AMA-000498,HD,KFB1g-352,Amari et al. (2014) GCA 59:479,full,Murchison,WU 3f and/or WU NanoSIMS,,,2.1,2.15,86.2634034632585,0.708611062072692,,,,,,,,,,
Gra-2014-AMA-000499,HD,KFB1g-361,Amari et al. (2014) GCA 59:479,full,Murchison,WU 3f and/or WU NanoSIMS,,,2.1,2.15,506.016961870267,4.62599986814999,,,,,,,,,,
Gra-2014-AMA-000500,HD,KFB1g-362,Amari et al. (2014) GCA 59:479,full,Murchison,WU 3f and/or WU NanoSIMS,,,2.1,2.15,16.9581605370718,0.135140047972905,,,,,,,,,,
Gra-2014-AMA-000501,HD,KFB1g-363,Amari et al. (2014) GCA 59:479,full,Murchison,WU 3f and/or WU NanoSIMS,,,2.1,2.15,521.393167893949,5.48345983314518,,,,,,,,,,
Gra-2014-AMA-000502,HD,KFB1g-3m11,Amari et al. (2014) GCA 59:479,full,Murchison,WU 3f and/or WU NanoSIMS,,,2.1,2.15,386.454395531551,3.4638874880005,,,,,,,,,,
Gra-2014-AMA-000503,HD,KFB1g-412,Amari et al. (2014) GCA 59:479,full,Murchison,WU 3f and/or WU NanoSIMS,,,2.1,2.15,178.127903716128,1.64226611749074,,,,,,,,,,
Gra-2014-AMA-000504,HD,KFB1g-513,Amari et al. (2014) GCA 59:479,full,Murchison,WU 3f and/or WU NanoSIMS,,,2.1,2.15,473.280658920786,5.00769943352692,,,,,,,,,,
Gra-2014-AMA-000505,HD,KFB1g-533,Amari et al. (2014) GCA 59:479,full,Murchison,WU 3f and/or WU NanoSIMS,,,2.1,2.15,554.47804576266,6.03129359517623,,,,,,,,,,
Gra-2014-AMA-000506,HD,KFB1g-562,Amari et al. (2014) GCA 59:479,full,Murchison,WU 3f and/or WU NanoSIMS,,,2.1,2.15,570.569307066535,5.90895634851677,,,,,,,,,,
Gra-2014-AMA-000507,HD,KFB1g-572,Amari et al. (2014) GCA 59:479,full,Murchison,WU 3f and/or WU NanoSIMS,,,2.1,2.15,523.127291512222,5.19319658923672,,,,,,,,,,
Gra-2014-AMA-000508,HD,KFB1g-574,Amari et al. (2014) GCA 59:479,full,Murchison,WU 3f and/or WU NanoSIMS,,,2.1,2.15,83.8863674567154,0.705788010006832,,,,,,,,,,
Gra-2014-AMA-000509,HD,KFB1g-582,Amari et al. (2014) GCA 59:479,full,Murchison,WU 3f and/or WU NanoSIMS,,,2.1,2.15,3.45559001789838,0.0274530492646927,,,,,,,,,,
Gra-2014-AMA-000510,HD,KFB1g-5m11,Amari et al. (2014) GCA 59:479,full,Murchison,WU 3f and/or WU NanoSIMS,,,2.1,2.15,84.4871650750267,0.684809000282047,,,,,,,,,,
Gra-2014-AMA-000511,HD,KFB1g-5m12,Amari et al. (2014) GCA 59:479,full,Murchison,WU 3f and/or WU NanoSIMS,,,2.1,2.15,124.880459691418,1.02319807660536,,,,,,,,,,
Gra-2014-AMA-000512,HD,KFB1g-612,Amari et al. (2014) GCA 59:479,full,Murchison,WU 3f and/or WU NanoSIMS,,,2.1,2.15,88.6123599894881,0.792810704978464,,,,,,,,,,
Gra-2014-AMA-000513,HD,KFB1g-632,Amari et al. (2014) GCA 59:479,full,Murchison,WU 3f and/or WU NanoSIMS,,,2.1,2.15,86.0274962523289,0.721037327188417,,,,,,,,,,
Gra-2014-AMA-000514,HD,KFB1g-633,Amari et al. (2014) GCA 59:479,full,Murchison,WU 3f and/or WU NanoSIMS,,,2.1,2.15,87.7880589663301,0.756382830910743,,,,,,,,,,
Gra-2014-AMA-000515,HD,KFB1g-642,Amari et al. (2014) GCA 59:479,full,Murchison,WU 3f and/or WU NanoSIMS,,,2.1,2.15,9.46086851015587,0.0751929674455104,,,,,,,,,,
Gra-2014-AMA-000516,HD,KFB1g-643,Amari et al. (2014) GCA 59:479,full,Murchison,WU 3f and/or WU NanoSIMS,,,2.1,2.15,829.280873363839,8.89290258317202,,,,,,,,,,
Gra-2014-AMA-000517,HD,KFB1g-645,Amari et al. (2014) GCA 59:479,full,Murchison,WU 3f and/or WU NanoSIMS,,,2.1,2.15,86.8988613156582,0.749398526332292,,,,,,,,,,
Gra-2014-AMA-000518,HD,KFB1g-652,Amari et al. (2014) GCA 59:479,full,Murchison,WU 3f and/or WU NanoSIMS,,,2.1,2.15,73.1567158052751,0.594774571044857,,,,,,,,,,
Gra-2014-AMA-000519,HD,KFB1g-6m12,Amari et al. (2014) GCA 59:479,full,Murchison,WU 3f and/or WU NanoSIMS,,,2.1,2.15,491.265816703825,4.480640683143,,,,,,,,,,
Gra-2014-AMA-000520,HD,KFB1g-721,Amari et al. (2014) GCA 59:479,full,Murchison,WU 3f and/or WU NanoSIMS,,,2.1,2.15,1435.31807435445,16.7246928830743,,,,,,,,,,
Gra-2014-AMA-000521,HD,KFB1g-734,Amari et al. (2014) GCA 59:479,full,Murchison,WU 3f and/or WU NanoSIMS,,,2.1,2.15,116.250509224938,1.00365177063112,,,,,,,,,,
Gra-2014-AMA-000522,HD,KFB1g-741,Amari et al. (2014) GCA 59:479,full,Murchison,WU 3f and/or WU NanoSIMS,,,2.1,2.15,9.58093029327968,0.0770793931477893,,,,,,,,,,
Gra-2014-AMA-000523,HD,KFB1g-771,Amari et al. (2014) GCA 59:479,full,Murchison,WU 3f and/or WU NanoSIMS,,,2.1,2.15,106.107671901062,0.869398471716695,,,,,,,,,,
Gra-2014-AMA-000524,HD,KFB1g-772a,Amari et al. (2014) GCA 59:479,full,Murchison,WU 3f and/or WU NanoSIMS,,,2.1,2.15,86.0274962523289,0.699796969995806,,,,,,,,,,
Gra-2014-AMA-000525,HD,KFB1g-772b,Amari et al. (2014) GCA 59:479,full,Murchison,WU 3f and/or WU NanoSIMS,,,2.1,2.15,173.605892915388,1.4714255435544,,,,,,,,,,
Gra-2014-AMA-000526,HD,KFB1g-781,Amari et al. (2014) GCA 59:479,full,Murchison,WU 3f and/or WU NanoSIMS,,,2.1,2.15,9.44288206812136,0.0750139447246909,,,,,,,,,,
Gra-2014-AMA-000527,HD,KFB1g-821,Amari et al. (2014) GCA 59:479,full,Murchison,WU 3f and/or WU NanoSIMS,,,2.1,2.15,158.077325609388,1.3237655188205,,,,,,,,,,
Gra-2014-AMA-000528,HD,KFB1g-822,Amari et al. (2014) GCA 59:479,full,Murchison,WU 3f and/or WU NanoSIMS,,,2.1,2.15,159.170456044535,1.35705382122143,,,,,,,,,,
Gra-2014-AMA-000529,HD,KFB1g-841,Amari et al. (2014) GCA 59:479,full,Murchison,WU 3f and/or WU NanoSIMS,,,2.1,2.15,85.7149531233468,0.698872833125875,,,,,,,,,,
Gra-2014-AMA-000530,HD,KFB1g-842,Amari et al. (2014) GCA 59:479,full,Murchison,WU 3f and/or WU NanoSIMS,,,2.1,2.15,86.7391207617692,0.709128915771167,,,,,,,,,,
Gra-2014-AMA-000531,HD,KFB1g-843,Amari et al. (2014) GCA 59:479,full,Murchison,WU 3f and/or WU NanoSIMS,,,2.1,2.15,1217.86247759459,13.0067865587663,,,,,,,,,,
Gra-2014-AMA-000532,HD,KFC1a-031,Amari et al. (2014) GCA 59:479,full,Murchison,WU 3f and/or WU NanoSIMS,,,2.15,2.2,47.63,0.5,307,60,,,-184.02,341.72,-225.58,320.07,,
Gra-2014-AMA-000533,HD,KFC1a-032,Amari et al. (2014) GCA 59:479,full,Murchison,WU 3f and/or WU NanoSIMS,,,2.15,2.2,,,,,,,,,,,,
Gra-2014-AMA-000534,HD,KFC1a-041b,Amari et al. (2014) GCA 59:479,full,Murchison,WU 3f and/or WU NanoSIMS,,,2.15,2.2,5.33,0.04,206,26,,,,,,,,
Gra-2014-AMA-000535,HD,KFC1a-042,Amari et al. (2014) GCA 59:479,full,Murchison,WU 3f and/or WU NanoSIMS,,,2.15,2.2,12.69,0.1,310,109,,,,,,,,
Gra-2014-AMA-000536,HD,KFC1a-043,Amari et al. (2014) GCA 59:479,full,Murchison,WU 3f and/or WU NanoSIMS,,,2.15,2.2,866.18,32.54,267,32,,,,,,,,
Gra-2014-AMA-000537,HD,KFC1a-051,Amari et al. (2014) GCA 59:479,full,Murchison,WU 3f and/or WU NanoSIMS,,,2.15,2.2,1645.56,244.64,283,48,,,-104.58,104.96,-190.42,95.57,,
Gra-2014-AMA-000538,HD,KFC1a-061,Amari et al. (2014) GCA 59:479,full,Murchison,WU 3f and/or WU NanoSIMS,,,2.15,2.2,526.08,12.19,275,28,,,-96.11,109.04,3.92,111.51,,
Gra-2014-AMA-000539,HD,KFC1a-112b,Amari et al. (2014) GCA 59:479,full,Murchison,WU 3f and/or WU NanoSIMS,,,2.15,2.2,292.11,4.21,262,22,,,,,,,,
Gra-2014-AMA-000540,HD,KFC1a-115,Amari et al. (2014) GCA 59:479,full,Murchison,WU 3f and/or WU NanoSIMS,,,2.15,2.2,186.53,2.25,245,28,,,-3.19,92.81,-44.26,87.37,,
Gra-2014-AMA-000541,HD,KFC1a-116,Amari et al. (2014) GCA 59:479,full,Murchison,WU 3f and/or WU NanoSIMS,,,2.15,2.2,65.26,0.93,313,43,,,5.74,177.03,-8.22,169.3,,
Gra-2014-AMA-000542,HD,KFC1a-117,Amari et al. (2014) GCA 59:479,full,Murchison,WU 3f and/or WU NanoSIMS,,,2.15,2.2,12.26,0.08,266,22,,,-24.99,246.03,-26.03,236.97,,
Gra-2014-AMA-000543,HD,KFC1a-142,Amari et al. (2014) GCA 59:479,full,Murchison,WU 3f and/or WU NanoSIMS,,,2.15,2.2,366.78,24.54,281,14,,,-182.82,118.66,-59.55,124.62,,
Gra-2014-AMA-000544,HD,KFC1a-171,Amari et al. (2014) GCA 59:479,full,Murchison,WU 3f and/or WU NanoSIMS,,,2.15,2.2,632.09,46.6,339,37,,,,,,,,
Gra-2014-AMA-000545,HD,KFC1a-172,Amari et al. (2014) GCA 59:479,full,Murchison,WU 3f and/or WU NanoSIMS,,,2.15,2.2,618.69,26.15,293,41,,,231.88,188.02,141.53,173.59,,
Gra-2014-AMA-000546,HD,KFC1a-173,Amari et al. (2014) GCA 59:479,full,Murchison,WU 3f and/or WU NanoSIMS,,,2.15,2.2,122.66,1.83,289,31,,,-57.09,119.32,-51.86,115.84,,
Gra-2014-AMA-000547,HD,KFC1a-174b,Amari et al. (2014) GCA 59:479,full,Murchison,WU 3f and/or WU NanoSIMS,,,2.15,2.2,138.73,1.9,219,14,,,,,,,,
Gra-2014-AMA-000548,HD,KFC1a-175b,Amari et al. (2014) GCA 59:479,full,Murchison,WU 3f and/or WU NanoSIMS,,,2.15,2.2,460.64,14.4,242,15,,,-15.41,44.86,-71.71,41.93,,
Gra-2014-AMA-000549,HD,KFC1a-177,Amari et al. (2014) GCA 59:479,full,Murchison,WU 3f and/or WU NanoSIMS,,,2.15,2.2,118.16,1.37,157,17,,,,,,,,
Gra-2014-AMA-000550,HD,KFC1a-178,Amari et al. (2014) GCA 59:479,full,Murchison,WU 3f and/or WU NanoSIMS,,,2.15,2.2,166.35,2.44,273,16,,,,,,,,
Gra-2014-AMA-000551,HD,KFC1a-179,Amari et al. (2014) GCA 59:479,full,Murchison,WU 3f and/or WU NanoSIMS,,,2.15,2.2,154.67,1.97,260,23,,,,,,,,
Gra-2014-AMA-000552,HD,KFC1a-2512,Amari et al. (2014) GCA 59:479,full,Murchison,WU 3f and/or WU NanoSIMS,,,2.15,2.2,14.24,0.08,247,21,,,-78.3,89.34,18.89,92.02,,
Gra-2014-AMA-000553,HD,KFC1a-271,Amari et al. (2014) GCA 59:479,full,Murchison,WU 3f and/or WU NanoSIMS,,,2.15,2.2,206.24,3.48,255,14,,,-213.68,95.62,96.44,113.47,,
Gra-2014-AMA-000554,HD,KFC1a-311,Amari et al. (2014) GCA 59:479,full,Murchison,WU 3f and/or WU NanoSIMS,,,2.15,2.2,12.69,0.09,270,16,,,-32.49,171.13,61.87,175.55,,
Gra-2014-AMA-000555,HD,KFC1a-312,Amari et al. (2014) GCA 59:479,full,Murchison,WU 3f and/or WU NanoSIMS,,,2.15,2.2,368.91,13.66,222,19,,,304.17,238.8,93.25,206.94,,
Gra-2014-AMA-000556,HD,KFC1a-341,Amari et al. (2014) GCA 59:479,full,Murchison,WU 3f and/or WU NanoSIMS,,,2.15,2.2,407.08,11.38,235,18,,,,,,,,
Gra-2014-AMA-000557,HD,KFC1a-343,Amari et al. (2014) GCA 59:479,full,Murchison,WU 3f and/or WU NanoSIMS,,,2.15,2.2,296.63,22.13,229,14,,,,,,,,
Gra-2014-AMA-000558,HD,KFC1a-3513,Amari et al. (2014) GCA 59:479,full,Murchison,WU 3f and/or WU NanoSIMS,,,2.15,2.2,99,1,258,19,,,,,,,,
Gra-2014-AMA-000559,HD,KFC1a-3514,Amari et al. (2014) GCA 59:479,full,Murchison,WU 3f and/or WU NanoSIMS,,,2.15,2.2,112.71,1.48,280,13,,,,,,,,
Gra-2014-AMA-000560,HD,KFC1a-3515,Amari et al. (2014) GCA 59:479,full,Murchison,WU 3f and/or WU NanoSIMS,,,2.15,2.2,63.79,0.55,233,8,,,,,,,,
Gra-2014-AMA-000561,HD,KFC1a-3516,Amari et al. (2014) GCA 59:479,full,Murchison,WU 3f and/or WU NanoSIMS,,,2.15,2.2,279.17,6.53,297,35,,,,,,,,
Gra-2014-AMA-000562,HD,KFC1a-361,Amari et al. (2014) GCA 59:479,full,Murchison,WU 3f and/or WU NanoSIMS,,,2.15,2.2,842.41,22.73,275,32,,,-135.47,104.04,-136.21,100.58,,
Gra-2014-AMA-000563,HD,KFC1a-362,Amari et al. (2014) GCA 59:479,full,Murchison,WU 3f and/or WU NanoSIMS,,,2.15,2.2,204.47,6.07,258,20,,,-243.07,175.03,-144.39,182.11,,
Gra-2014-AMA-000564,HD,KFC1a-364,Amari et al. (2014) GCA 59:479,full,Murchison,WU 3f and/or WU NanoSIMS,,,2.15,2.2,1292.73,60.84,280,26,,,72.22,211.04,208.36,220.57,,
Gra-2014-AMA-000565,HD,KFC1a-377,Amari et al. (2014) GCA 59:479,full,Murchison,WU 3f and/or WU NanoSIMS,,,2.15,2.2,444.47,12.72,287,19,,,,,,,,
Gra-2014-AMA-000566,HD,KFC1a-521,Amari et al. (2014) GCA 59:479,full,Murchison,WU 3f and/or WU NanoSIMS,,,2.15,2.2,2843.19,576.81,253,15,,,-84.11,394.63,-389.96,299.35,,
Gra-2014-AMA-000567,HD,KFC1a-572,Amari et al. (2014) GCA 59:479,full,Murchison,WU 3f and/or WU NanoSIMS,,,2.15,2.2,1971.46,214.88,281,20,,,,,,,,
Gra-2014-AMA-000568,HD,KFC1a-621,Amari et al. (2014) GCA 59:479,full,Murchison,WU 3f and/or WU NanoSIMS,,,2.15,2.2,351.72,20.92,257,44,,,,,,,,
Gra-2014-AMA-000569,HD,KFC1a-622,Amari et al. (2014) GCA 59:479,full,Murchison,WU 3f and/or WU NanoSIMS,,,2.15,2.2,54.57,0.4,253,52,,,85.85,57.19,203,59.2,,
Gra-2014-AMA-000570,HD,KFC1a-662,Amari et al. (2014) GCA 59:479,full,Murchison,WU 3f and/or WU NanoSIMS,,,2.15,2.2,1269.5,47.09,277,34,,,-529.26,262.47,-296.64,319.17,,
Gra-2014-AMA-000571,HD,KFC1a-761,Amari et al. (2014) GCA 59:479,full,Murchison,WU 3f and/or WU NanoSIMS,,,2.15,2.2,169.82,1.74,275,9,,,,,,,,
Gra-2014-AMA-000572,HD,KFC1a-762,Amari et al. (2014) GCA 59:479,full,Murchison,WU 3f and/or WU NanoSIMS,,,2.15,2.2,567.77,18.62,232,13,,,20.02,201.79,-16.7,190.99,,
Gra-2014-AMA-000573,HD,KFC1b-NR035,Amari et al. (2014) GCA 59:479,full,Murchison,WU 3f and/or WU NanoSIMS,,,2.15,2.2,2021.2,130.4,252,20,,,,,,,,
Gra-2014-AMA-000574,HD,KFC1b-NR152,Amari et al. (2014) GCA 59:479,full,Murchison,WU 3f and/or WU NanoSIMS,,,2.15,2.2,90.6,6.7,244,50,,,,,,,,
Gra-2014-AMA-000575,HD,KFC1b2-221,Amari et al. (2014) GCA 59:479,full,Murchison,WU 3f and/or WU NanoSIMS,,,2.15,2.2,755,16.08,279,20,,,79.12,76.91,182.26,80.05,,
Gra-2014-AMA-000576,HD,KFC1b2-231,Amari et al. (2014) GCA 59:479,full,Murchison,WU 3f and/or WU NanoSIMS,,,2.15,2.2,650.19,11.12,272,9,,,-8.55,22.34,-20.15,21.91,,
Gra-2014-AMA-000577,HD,KFC1b2-261,Amari et al. (2014) GCA 59:479,full,Murchison,WU 3f and/or WU NanoSIMS,,,2.15,2.2,417.63,8.09,270,13,,,-58.42,86.87,-46.72,86.08,,
Gra-2014-AMA-000578,HD,KFC1b2-262,Amari et al. (2014) GCA 59:479,full,Murchison,WU 3f and/or WU NanoSIMS,,,2.15,2.2,737.3,18.75,267,11,,,-9.01,54.57,-13.02,53.58,,
Gra-2014-AMA-000579,HD,KFC1b2-272,Amari et al. (2014) GCA 59:479,full,Murchison,WU 3f and/or WU NanoSIMS,,,2.15,2.2,670.83,14.77,260,18,,,,,,,,
Gra-2014-AMA-000580,HD,KFC1b2-301,Amari et al. (2014) GCA 59:479,full,Murchison,WU 3f and/or WU NanoSIMS,,,2.15,2.2,255.55,3.98,264,35,,,107.37,58.92,155.77,59.56,,
Gra-2014-AMA-000581,HD,KFC1b2-302,Amari et al. (2014) GCA 59:479,full,Murchison,WU 3f and/or WU NanoSIMS,,,2.15,2.2,438.86,6.88,277,17,,,1.18,36.57,126.98,38.72,,
Gra-2014-AMA-000582,HD,KFC1b2-303,Amari et al. (2014) GCA 59:479,full,Murchison,WU 3f and/or WU NanoSIMS,,,2.15,2.2,4.51,0.02,336,30,,,-38.91,110.28,-40.8,108.34,,
Gra-2014-AMA-000583,HD,KFC1b2-311,Amari et al. (2014) GCA 59:479,full,Murchison,WU 3f and/or WU NanoSIMS,,,2.15,2.2,602.84,11.6,259,18,,,-205.04,61.27,-284.51,56.65,,
Gra-2014-AMA-000584,HD,KFC1b2-331,Amari et al. (2014) GCA 59:479,full,Murchison,WU 3f and/or WU NanoSIMS,,,2.15,2.2,448.07,9.25,278,16,,,-173.78,61.3,98.86,71.51,,
Gra-2014-AMA-000585,HD,KFC1b2-401,Amari et al. (2014) GCA 59:479,full,Murchison,WU 3f and/or WU NanoSIMS,,,2.15,2.2,586.55,10.86,240,8,,,-86.47,50.67,-58.96,50.74,,
Gra-2014-AMA-000586,HD,KFC1b2-411,Amari et al. (2014) GCA 59:479,full,Murchison,WU 3f and/or WU NanoSIMS,,,2.15,2.2,688.84,14.18,280,12,,,,,,,,
Gra-2014-AMA-000587,HD,KFC1b2-412,Amari et al. (2014) GCA 59:479,full,Murchison,WU 3f and/or WU NanoSIMS,,,2.15,2.2,324.18,4.92,260,11,,,,,,,,
Gra-2014-AMA-000588,HD,KFC1b2-413,Amari et al. (2014) GCA 59:479,full,Murchison,WU 3f and/or WU NanoSIMS,,,2.15,2.2,1676.24,73.88,243,18,,,,,,,,
Gra-2014-AMA-000589,HD,KFC1b2-414,Amari et al. (2014) GCA 59:479,full,Murchison,WU 3f and/or WU NanoSIMS,,,2.15,2.2,353.68,5.89,261,12,,,,,,,,
Gra-2014-AMA-000590,HD,KFC1b2-415,Amari et al. (2014) GCA 59:479,full,Murchison,WU 3f and/or WU NanoSIMS,,,2.15,2.2,1104.53,38.25,290,17,,,,,,,,
Gra-2014-AMA-000591,HD,KFC1b2-421,Amari et al. (2014) GCA 59:479,full,Murchison,WU 3f and/or WU NanoSIMS,,,2.15,2.2,88.08,0.9,250,12,,,48.88,74.2,6.41,71.23,,
Gra-2014-AMA-000592,HD,KFC1b2-431,Amari et al. (2014) GCA 59:479,full,Murchison,WU 3f and/or WU NanoSIMS,,,2.15,2.2,93.79,1.63,267,4,,,,,,,,
Gra-2014-AMA-000593,HD,KFC1b2-441,Amari et al. (2014) GCA 59:479,full,Murchison,WU 3f and/or WU NanoSIMS,,,2.15,2.2,8.9,0.03,266,12,,,47.93,37.86,68.25,37.74,,
Gra-2014-AMA-000594,HD,KFC1b2-471,Amari et al. (2014) GCA 59:479,full,Murchison,WU 3f and/or WU NanoSIMS,,,2.15,2.2,602.97,14.79,264,16,,,18.61,64,-11.72,61.84,,
Gra-2014-AMA-000595,HD,KFC1b2-472,Amari et al. (2014) GCA 59:479,full,Murchison,WU 3f and/or WU NanoSIMS,,,2.15,2.2,37.51,0.22,247,15,,,,,,,,
Gra-2014-AMA-000596,HD,KFC1b2-501,Amari et al. (2014) GCA 59:479,full,Murchison,WU 3f and/or WU NanoSIMS,,,2.15,2.2,198.17,2.01,247,8,,,-75.57,57.65,91.33,62.7,,
Gra-2014-AMA-000597,HD,KFC1b2-511,Amari et al. (2014) GCA 59:479,full,Murchison,WU 3f and/or WU NanoSIMS,,,2.15,2.2,515.3,10.17,290,12,,,92.28,81.52,-109.01,70.97,,
Gra-2014-AMA-000598,HD,KFC1b2-521,Amari et al. (2014) GCA 59:479,full,Murchison,WU 3f and/or WU NanoSIMS,,,2.15,2.2,2006.58,91.39,274,27,,,166.81,58.02,256.54,59.84,,
Gra-2014-AMA-000599,HD,KFC1b2-531,Amari et al. (2014) GCA 59:479,full,Murchison,WU 3f and/or WU NanoSIMS,,,2.15,2.2,5.09,0.02,730,64,,,,,,,,
Gra-2014-AMA-000600,HD,KFC1b2-541,Amari et al. (2014) GCA 59:479,full,Murchison,WU 3f and/or WU NanoSIMS,,,2.15,2.2,1935.87,76.64,312,19,,,,,,,,
Gra-2014-AMA-000601,HD,KFC1b2-551,Amari et al. (2014) GCA 59:479,full,Murchison,WU 3f and/or WU NanoSIMS,,,2.15,2.2,254.32,3.05,251,13,,,,,,,,
Gra-2014-AMA-000602,HD,KFC1b2-611,Amari et al. (2014) GCA 59:479,full,Murchison,WU 3f and/or WU NanoSIMS,,,2.15,2.2,5.83,0.02,253,17,,,16.55,87.61,-32.94,83.64,,
Gra-2014-AMA-000603,HD,KFC1b2-612,Amari et al. (2014) GCA 59:479,full,Murchison,WU 3f and/or WU NanoSIMS,,,2.15,2.2,99.91,1.13,266,21,,,,,,,,
Gra-2014-AMA-000604,HD,KFC1b2-621,Amari et al. (2014) GCA 59:479,full,Murchison,WU 3f and/or WU NanoSIMS,,,2.15,2.2,77.09,0.75,249,17,,,,,,,,
Gra-2014-AMA-000605,HD,KFC1b2-651,Amari et al. (2014) GCA 59:479,full,Murchison,WU 3f and/or WU NanoSIMS,,,2.15,2.2,7.11,0.03,299,29,,,,,,,,
Gra-2014-AMA-000606,HD,KFC1b2-652,Amari et al. (2014) GCA 59:479,full,Murchison,WU 3f and/or WU NanoSIMS,,,2.15,2.2,852.74,25.25,257,12,,,,,,,,
Gra-2014-AMA-000607,HD,KFC1b2-661,Amari et al. (2014) GCA 59:479,full,Murchison,WU 3f and/or WU NanoSIMS,,,2.15,2.2,386.35,4.24,263,7,,,-27.54,26.58,9.11,26.81,,
Gra-2014-AMA-000608,HD,KFC1b2-671,Amari et al. (2014) GCA 59:479,full,Murchison,WU 3f and/or WU NanoSIMS,,,2.15,2.2,637.8,11.7,254,10,,,,,,,,
Gra-2014-AMA-000609,HD,KFC1b2-672,Amari et al. (2014) GCA 59:479,full,Murchison,WU 3f and/or WU NanoSIMS,,,2.15,2.2,53.7,0.4,266,30,,,88.03,91.56,40.96,87.7,,
Gra-2014-AMA-000610,HD,KFC1b2-731,Amari et al. (2014) GCA 59:479,full,Murchison,WU 3f and/or WU NanoSIMS,,,2.15,2.2,50.29,0.37,367,15,,,46.28,57.79,-34.48,54.19,,
Gra-2014-AMA-000611,HD,KFC1b2-741,Amari et al. (2014) GCA 59:479,full,Murchison,WU 3f and/or WU NanoSIMS,,,2.15,2.2,390.4,7.43,260,17,,,,,,,,
Gra-2014-AMA-000612,HD,KFC1b2-751,Amari et al. (2014) GCA 59:479,full,Murchison,WU 3f and/or WU NanoSIMS,,,2.15,2.2,559.1,11.87,264,16,,,48.29,45.18,36.79,44.2,,
Gra-2014-AMA-000613,HD,KFC1c-121,Amari et al. (2014) GCA 59:479,full,Murchison,WU 3f and/or WU NanoSIMS,,,2.15,2.2,386.25,3.77,281,15,,,12,66,146,68,,
Gra-2014-AMA-000614,HD,KFC1c-131c,Amari et al. (2014) GCA 59:479,full,Murchison,WU 3f and/or WU NanoSIMS,,,2.15,2.2,87.82,0.52,262,14,,,-82,63,-68,60,,
Gra-2014-AMA-000615,HD,KFC1c-132,Amari et al. (2014) GCA 59:479,full,Murchison,WU 3f and/or WU NanoSIMS,,,2.15,2.2,1512.69,36.26,273,15,,,,,,,,
Gra-2014-AMA-000616,HD,KFC1c-221,Amari et al. (2014) GCA 59:479,full,Murchison,WU 3f and/or WU NanoSIMS,,,2.15,2.2,528.05,6.83,273,5,,,-181,86,16,92,,
Gra-2014-AMA-000617,HD,KFC1c-222,Amari et al. (2014) GCA 59:479,full,Murchison,WU 3f and/or WU NanoSIMS,,,2.15,2.2,675,9.42,270,5,,,-13,36,-41,34,,
Gra-2014-AMA-000618,HD,KFC1c-241,Amari et al. (2014) GCA 59:479,full,Murchison,WU 3f and/or WU NanoSIMS,,,2.15,2.2,174.57,1.43,257,10,,,,,,,,
Gra-2014-AMA-000619,HD,KFC1c-242,Amari et al. (2014) GCA 59:479,full,Murchison,WU 3f and/or WU NanoSIMS,,,2.15,2.2,489.42,5.98,263,12,,,11,38,-14,35,,
Gra-2014-AMA-000620,HD,KFC1c-243,Amari et al. (2014) GCA 59:479,full,Murchison,WU 3f and/or WU NanoSIMS,,,2.15,2.2,11.15,0.03,280,8,,,,,,,,
Gra-2014-AMA-000621,HD,KFC1c-244,Amari et al. (2014) GCA 59:479,full,Murchison,WU 3f and/or WU NanoSIMS,,,2.15,2.2,90.66,0.59,252,8,,,,,,,,
Gra-2014-AMA-000622,HD,KFC1c-251,Amari et al. (2014) GCA 59:479,full,Murchison,WU 3f and/or WU NanoSIMS,,,2.15,2.2,89.12,0.58,264,7,,,,,,,,
Gra-2014-AMA-000623,HD,KFC1c-252,Amari et al. (2014) GCA 59:479,full,Murchison,WU 3f and/or WU NanoSIMS,,,2.15,2.2,949.95,14.6,274,7,,,-1,85,-61,78,,
Gra-2014-AMA-000624,HD,KFC1c-253,Amari et al. (2014) GCA 59:479,full,Murchison,WU 3f and/or WU NanoSIMS,,,2.15,2.2,86.83,0.55,266,6,,,,,,,,
Gra-2014-AMA-000625,HD,KFC1c-254,Amari et al. (2014) GCA 59:479,full,Murchison,WU 3f and/or WU NanoSIMS,,,2.15,2.2,806.45,16.44,287,5,,,,,,,,
Gra-2014-AMA-000626,HD,KFC1c-257,Amari et al. (2014) GCA 59:479,full,Murchison,WU 3f and/or WU NanoSIMS,,,2.15,2.2,396.21,5.12,267,7,,,38,63,85,61,,
Gra-2014-AMA-000627,HD,KFC1c-261,Amari et al. (2014) GCA 59:479,full,Murchison,WU 3f and/or WU NanoSIMS,,,2.15,2.2,248.39,2.46,276,12,,,25,28,27,27,,
Gra-2014-AMA-000628,HD,KFC1c-331,Amari et al. (2014) GCA 59:479,full,Murchison,WU 3f and/or WU NanoSIMS,,,2.15,2.2,69.75,0.36,265,8,,,-43,34,-40,32,,
Gra-2014-AMA-000629,HD,KFC1c-332,Amari et al. (2014) GCA 59:479,full,Murchison,WU 3f and/or WU NanoSIMS,,,2.15,2.2,180.43,1.47,291,17,,,,,,,,
Gra-2014-AMA-000630,HD,KFC1c-341,Amari et al. (2014) GCA 59:479,full,Murchison,WU 3f and/or WU NanoSIMS,,,2.15,2.2,148.02,1.02,266,6,,,,,,,,
Gra-2014-AMA-000631,HD,KFC1c-342,Amari et al. (2014) GCA 59:479,full,Murchison,WU 3f and/or WU NanoSIMS,,,2.15,2.2,305.34,3.08,262,21,,,11,53,127,54,,
Gra-2014-AMA-000632,HD,KFC1c-343,Amari et al. (2014) GCA 59:479,full,Murchison,WU 3f and/or WU NanoSIMS,,,2.15,2.2,506.67,7.38,272,14,,,56,40,-11,37,,
Gra-2014-AMA-000633,HD,KFC1c-345c,Amari et al. (2014) GCA 59:479,full,Murchison,WU 3f and/or WU NanoSIMS,,,2.15,2.2,615.73,11.67,263,10,,,125,117,536,118,,
Gra-2014-AMA-000634,HD,KFC1c-346c,Amari et al. (2014) GCA 59:479,full,Murchison,WU 3f and/or WU NanoSIMS,,,2.15,2.2,191.2,1.59,273,23,,,24,66,55,65,,
Gra-2014-AMA-000635,HD,KFC1c-351,Amari et al. (2014) GCA 59:479,full,Murchison,WU 3f and/or WU NanoSIMS,,,2.15,2.2,218.43,2.12,288,15,,,-34,32,70,33,,
Gra-2014-AMA-000636,HD,KFC1c-352,Amari et al. (2014) GCA 59:479,full,Murchison,WU 3f and/or WU NanoSIMS,,,2.15,2.2,10.13,0.03,258,8,,,,,,,,
Gra-2014-AMA-000637,HD,KFC1c-354b,Amari et al. (2014) GCA 59:479,full,Murchison,WU 3f and/or WU NanoSIMS,,,2.15,2.2,6.84,0.02,271,12,,,22,33,-36,31,,
Gra-2014-AMA-000638,HD,KFC1c-362,Amari et al. (2014) GCA 59:479,full,Murchison,WU 3f and/or WU NanoSIMS,,,2.15,2.2,1000.92,20.15,275,12,,,-66,35,-60,34,,
Gra-2014-AMA-000639,HD,KFC1c-411,Amari et al. (2014) GCA 59:479,full,Murchison,WU 3f and/or WU NanoSIMS,,,2.15,2.2,63.91,0.29,276,6,,,-6,54,-107,49,,
Gra-2014-AMA-000640,HD,KFC1c-421,Amari et al. (2014) GCA 59:479,full,Murchison,WU 3f and/or WU NanoSIMS,,,2.15,2.2,9.797,0.03,257,13,,,,,,,,
Gra-2014-AMA-000641,HD,KFC1c-423,Amari et al. (2014) GCA 59:479,full,Murchison,WU 3f and/or WU NanoSIMS,,,2.15,2.2,121.49,0.78,283,9,,,0,18,-22,17,,
Gra-2014-AMA-000642,HD,KFC1c-424,Amari et al. (2014) GCA 59:479,full,Murchison,WU 3f and/or WU NanoSIMS,,,2.15,2.2,411.52,4.62,279,10,,,-22,25,-38,24,,
Gra-2014-AMA-000643,HD,KFC1c-431,Amari et al. (2014) GCA 59:479,full,Murchison,WU 3f and/or WU NanoSIMS,,,2.15,2.2,90.47,0.65,285,6,,,,,,,,
Gra-2014-AMA-000644,HD,KFC1c-436,Amari et al. (2014) GCA 59:479,full,Murchison,WU 3f and/or WU NanoSIMS,,,2.15,2.2,618.94,9.56,277,9,,,,,,,,
Gra-2014-AMA-000645,HD,KFC1c-444,Amari et al. (2014) GCA 59:479,full,Murchison,WU 3f and/or WU NanoSIMS,,,2.15,2.2,89.59,0.53,302,26,,,,,,,,
Gra-2014-AMA-000646,HD,KFC1c-451,Amari et al. (2014) GCA 59:479,full,Murchison,WU 3f and/or WU NanoSIMS,,,2.15,2.2,10.81,0.03,271,7,,,-10,70,8,69,,
Gra-2014-AMA-000647,HD,KFC1c-453,Amari et al. (2014) GCA 59:479,full,Murchison,WU 3f and/or WU NanoSIMS,,,2.15,2.2,411.96,5.02,258,17,,,-29,87,16,87,,
Gra-2014-AMA-000648,HD,KFC1c-456,Amari et al. (2014) GCA 59:479,full,Murchison,WU 3f and/or WU NanoSIMS,,,2.15,2.2,169.39,1.23,262,8,,,8,24,40,24,,
Gra-2014-AMA-000649,HD,KFC1c-457,Amari et al. (2014) GCA 59:479,full,Murchison,WU 3f and/or WU NanoSIMS,,,2.15,2.2,92.38,0.47,280,14,,,36,36,-35,33,,
Gra-2014-AMA-000650,HD,KFC1c-462c,Amari et al. (2014) GCA 59:479,full,Murchison,WU 3f and/or WU NanoSIMS,,,2.15,2.2,358.58,5.06,282,11,,,0,58,37,57,,
Gra-2014-AMA-000651,HD,KFC1c-511,Amari et al. (2014) GCA 59:479,full,Murchison,WU 3f and/or WU NanoSIMS,,,2.15,2.2,89.93,4.1,279,8,,,-105,80,78,87,,
Gra-2014-AMA-000652,HD,KFC1c-523,Amari et al. (2014) GCA 59:479,full,Murchison,WU 3f and/or WU NanoSIMS,,,2.15,2.2,246.6,2.08,264,17,,,5,45,99,46,,
Gra-2014-AMA-000653,HD,KFC1c-531,Amari et al. (2014) GCA 59:479,full,Murchison,WU 3f and/or WU NanoSIMS,,,2.15,2.2,442.09,4.55,273,7,,,48,50,94,49,,
Gra-2014-AMA-000654,HD,KFC1c-532,Amari et al. (2014) GCA 59:479,full,Murchison,WU 3f and/or WU NanoSIMS,,,2.15,2.2,323.36,3.44,268,5,,,,,,,,
Gra-2014-AMA-000655,HD,KFC1c-533,Amari et al. (2014) GCA 59:479,full,Murchison,WU 3f and/or WU NanoSIMS,,,2.15,2.2,870.59,15.07,270,4,,,-117,41,-38,41,,
Gra-2014-AMA-000656,HD,KFC1c-534,Amari et al. (2014) GCA 59:479,full,Murchison,WU 3f and/or WU NanoSIMS,,,2.15,2.2,872.9,15.07,274,11,,,13,59,4,56,,
Gra-2014-AMA-000657,HD,KFC1c-537,Amari et al. (2014) GCA 59:479,full,Murchison,WU 3f and/or WU NanoSIMS,,,2.15,2.2,177.23,1.52,264,8,,,2,40,37,39,,
Gra-2014-AMA-000658,HD,KFC1c-539c,Amari et al. (2014) GCA 59:479,full,Murchison,WU 3f and/or WU NanoSIMS,,,2.15,2.2,539.54,7.1,281,29,,,,,,,,
Gra-2014-AMA-000659,HD,KFC1c-541,Amari et al. (2014) GCA 59:479,full,Murchison,WU 3f and/or WU NanoSIMS,,,2.15,2.2,97.08,0.63,272,5,,,-46,36,-28,35,,
Gra-2014-AMA-000660,HD,KFC1c-545,Amari et al. (2014) GCA 59:479,full,Murchison,WU 3f and/or WU NanoSIMS,,,2.15,2.2,33.46,0.13,291,15,,,111,52,5,47,,
Gra-2014-AMA-000661,HD,KFC1c-547,Amari et al. (2014) GCA 59:479,full,Murchison,WU 3f and/or WU NanoSIMS,,,2.15,2.2,1917.1,65.25,285,16,,,71,99,125,99,,
Gra-2014-AMA-000662,HD,KFC1c-548,Amari et al. (2014) GCA 59:479,full,Murchison,WU 3f and/or WU NanoSIMS,,,2.15,2.2,9.12,0.03,285,11,,,46,162,-18,151,,
Gra-2014-AMA-000663,HD,KFC1c-551,Amari et al. (2014) GCA 59:479,full,Murchison,WU 3f and/or WU NanoSIMS,,,2.15,2.2,262.45,2.74,268,7,,,1,53,91,54,,
Gra-2014-AMA-000664,HD,KFC1c-552,Amari et al. (2014) GCA 59:479,full,Murchison,WU 3f and/or WU NanoSIMS,,,2.15,2.2,92.32,0.51,280,5,,,,,,,,
Gra-2014-AMA-000665,HD,KFC1c-554,Amari et al. (2014) GCA 59:479,full,Murchison,WU 3f and/or WU NanoSIMS,,,2.15,2.2,90.77,0.41,275,11,,,-67,49,-35,48,,
Gra-2014-AMA-000666,HD,KFC1c-631,Amari et al. (2014) GCA 59:479,full,Murchison,WU 3f and/or WU NanoSIMS,,,2.15,2.2,302.85,2.45,284,9,,,-22,33,-3,32,,
Gra-2014-AMA-000667,HD,KFC1c-651,Amari et al. (2014) GCA 59:479,full,Murchison,WU 3f and/or WU NanoSIMS,,,2.15,2.2,135.72,0.95,266,8,,,,,,,,
Gra-2014-AMA-000668,HD,KFC1d-012,Amari et al. (2014) GCA 59:479,full,Murchison,WU 3f and/or WU NanoSIMS,,,2.15,2.2,410.6,4.1,257.65,3.44,,,-29,7,-41,10,,
Gra-2014-AMA-000669,HD,KFC1d-041,Amari et al. (2014) GCA 59:479,full,Murchison,WU 3f and/or WU NanoSIMS,,,2.15,2.2,137.2,1.2,267.46,3.57,,,-21,6,-15,9,,
Gra-2014-AMA-000670,HD,KFC1d-042,Amari et al. (2014) GCA 59:479,full,Murchison,WU 3f and/or WU NanoSIMS,,,2.15,2.2,137.7,1.4,263.62,4.6,,,-57,18,-9,23,,
Gra-2014-AMA-000671,HD,KFC1d-043,Amari et al. (2014) GCA 59:479,full,Murchison,WU 3f and/or WU NanoSIMS,,,2.15,2.2,217.4,8,257.78,4.13,,,-13,8,-21,11,,
Gra-2014-AMA-000672,HD,KFC1d-051,Amari et al. (2014) GCA 59:479,full,Murchison,WU 3f and/or WU NanoSIMS,,,2.15,2.2,486.3,5.5,275.34,3.81,,,-31,7,22,10,,
Gra-2014-AMA-000673,HD,KFC1d-061,Amari et al. (2014) GCA 59:479,full,Murchison,WU 3f and/or WU NanoSIMS,,,2.15,2.2,5.457,0.041,297.15,4.03,,,-137,6,-140,9,,
Gra-2014-AMA-000674,HD,KFC1d-101,Amari et al. (2014) GCA 59:479,full,Murchison,WU 3f and/or WU NanoSIMS,,,2.15,2.2,87.8,0.7,266.64,3.83,,,-18,8,-16,11,,
Gra-2014-AMA-000675,HD,KFC1d-102,Amari et al. (2014) GCA 59:479,full,Murchison,WU 3f and/or WU NanoSIMS,,,2.15,2.2,13.893,0.108,255.7,5.29,,,25,13,4,17,,
Gra-2014-AMA-000676,HD,KFC1d-111,Amari et al. (2014) GCA 59:479,full,Murchison,WU 3f and/or WU NanoSIMS,,,2.15,2.2,143.2,1.2,263.49,3.67,,,-26,8,-18,11,,
Gra-2014-AMA-000677,HD,KFC1d-112,Amari et al. (2014) GCA 59:479,full,Murchison,WU 3f and/or WU NanoSIMS,,,2.15,2.2,562.4,6.1,262.89,4.3,,,5,15,132,20,,
Gra-2014-AMA-000678,HD,KFC1d-121,Amari et al. (2014) GCA 59:479,full,Murchison,WU 3f and/or WU NanoSIMS,,,2.15,2.2,269.3,2.5,256.07,3.65,,,-25,6,-30,10,,
Gra-2014-AMA-000679,HD,KFC1d-131,Amari et al. (2014) GCA 59:479,full,Murchison,WU 3f and/or WU NanoSIMS,,,2.15,2.2,485.5,5.1,270.99,3.69,,,-13,6,16,10,,
Gra-2014-AMA-000680,HD,KFC1d-132,Amari et al. (2014) GCA 59:479,full,Murchison,WU 3f and/or WU NanoSIMS,,,2.15,2.2,448.9,4.4,258.54,3.48,,,-36,7,-35,10,,
Gra-2014-AMA-000681,HD,KFC1d-134,Amari et al. (2014) GCA 59:479,full,Murchison,WU 3f and/or WU NanoSIMS,,,2.15,2.2,121.9,1,264.09,3.67,,,-29,6,-43,9,,
Gra-2014-AMA-000682,HD,KFC1d-134b,Amari et al. (2014) GCA 59:479,full,Murchison,WU 3f and/or WU NanoSIMS,,,2.15,2.2,408.2,4.3,263.89,3.77,,,-32,7,-33,10,,
Gra-2014-AMA-000683,HD,KFC1d-141,Amari et al. (2014) GCA 59:479,full,Murchison,WU 3f and/or WU NanoSIMS,,,2.15,2.2,191.2,1.6,259.44,3.71,,,-10,7,6,11,,
Gra-2014-AMA-000684,HD,KFC1d-143,Amari et al. (2014) GCA 59:479,full,Murchison,WU 3f and/or WU NanoSIMS,,,2.15,2.2,451.7,4.3,259.12,3.66,,,-25,8,-34,11,,
Gra-2014-AMA-000685,HD,KFC1d-144,Amari et al. (2014) GCA 59:479,full,Murchison,WU 3f and/or WU NanoSIMS,,,2.15,2.2,8.351,0.063,275.13,3.78,,,-15,8,-35,11,,
Gra-2014-AMA-000686,HD,KFC1d-151,Amari et al. (2014) GCA 59:479,full,Murchison,WU 3f and/or WU NanoSIMS,,,2.15,2.2,99.2,0.8,578.86,9.86,,,-34,12,-86,15,,
Gra-2014-AMA-000687,HD,KFC1d-152,Amari et al. (2014) GCA 59:479,full,Murchison,WU 3f and/or WU NanoSIMS,,,2.15,2.2,104.5,0.8,261.32,3.76,,,7,12,-9,15,,
Gra-2014-AMA-000688,HD,KFC1d-161,Amari et al. (2014) GCA 59:479,full,Murchison,WU 3f and/or WU NanoSIMS,,,2.15,2.2,420.7,4.5,311.57,4.36,,,-53,8,-63,11,,
Gra-2014-AMA-000689,HD,KFC1d-171,Amari et al. (2014) GCA 59:479,full,Murchison,WU 3f and/or WU NanoSIMS,,,2.15,2.2,365.3,3.6,268.22,3.72,,,-45,10,-63,13,,
Gra-2014-AMA-000690,HD,KFC1d-171b,Amari et al. (2014) GCA 59:479,full,Murchison,WU 3f and/or WU NanoSIMS,,,2.15,2.2,529.9,7.7,271.84,4.4,,,-32,5,-43,9,,
Gra-2014-AMA-000691,HD,KFC1d-171c,Amari et al. (2014) GCA 59:479,full,Murchison,WU 3f and/or WU NanoSIMS,,,2.15,2.2,15,0.1,278.79,5.16,,,-25,15,-19,19,,
Gra-2014-AMA-000692,HD,KFC1d-201,Amari et al. (2014) GCA 59:479,full,Murchison,WU 3f and/or WU NanoSIMS,,,2.15,2.2,305.2,3.3,268.77,3.65,,,-26,8,-28,11,,
Gra-2014-AMA-000693,HD,KFC1d-202,Amari et al. (2014) GCA 59:479,full,Murchison,WU 3f and/or WU NanoSIMS,,,2.15,2.2,308.5,3.1,265.16,5.17,,,-33,10,24,14,,
Gra-2014-AMA-000694,HD,KFC1d-211,Amari et al. (2014) GCA 59:479,full,Murchison,WU 3f and/or WU NanoSIMS,,,2.15,2.2,426.3,4.4,350.61,4.86,,,-41,9,-50,12,,
Gra-2014-AMA-000695,HD,KFC1d-212,Amari et al. (2014) GCA 59:479,full,Murchison,WU 3f and/or WU NanoSIMS,,,2.15,2.2,58.6,0.5,,,,,88,13,229,16,,
Gra-2014-AMA-000696,HD,KFC1d-213,Amari et al. (2014) GCA 59:479,full,Murchison,WU 3f and/or WU NanoSIMS,,,2.15,2.2,7.511,0.057,256.77,3.55,,,-27,9,-36,12,,
Gra-2014-AMA-000697,HD,KFC1d-231,Amari et al. (2014) GCA 59:479,full,Murchison,WU 3f and/or WU NanoSIMS,,,2.15,2.2,377.1,3.7,264.29,3.66,,,-47,8,-59,11,,
Gra-2014-AMA-000698,HD,KFC1d-241,Amari et al. (2014) GCA 59:479,full,Murchison,WU 3f and/or WU NanoSIMS,,,2.15,2.2,802.1,9.1,263.82,3.6,,,-33,6,-43,9,,
Gra-2014-AMA-000699,HD,KFC1d-242,Amari et al. (2014) GCA 59:479,full,Murchison,WU 3f and/or WU NanoSIMS,,,2.15,2.2,16.06,0.12,277.46,3.99,,,-16,11,-24,14,,
Gra-2014-AMA-000700,HD,KFC1d-261,Amari et al. (2014) GCA 59:479,full,Murchison,WU 3f and/or WU NanoSIMS,,,2.15,2.2,588.3,6.4,269.74,3.74,,,-26,7,-37,10,,
Gra-2014-AMA-000701,HD,KFC1d-301,Amari et al. (2014) GCA 59:479,full,Murchison,WU 3f and/or WU NanoSIMS,,,2.15,2.2,437.1,4.4,260.41,3.74,,,3,9,66,13,,
Gra-2014-AMA-000702,HD,KFC1d-302,Amari et al. (2014) GCA 59:479,full,Murchison,WU 3f and/or WU NanoSIMS,,,2.15,2.2,732.8,7.8,259.89,3.56,,,-34,7,-56,10,,
Gra-2014-AMA-000703,HD,KFC1d-303,Amari et al. (2014) GCA 59:479,full,Murchison,WU 3f and/or WU NanoSIMS,,,2.15,2.2,147.3,1.2,266.44,3.52,,,-39,6,-61,9,,
Gra-2014-AMA-000704,HD,KFC1d-304,Amari et al. (2014) GCA 59:479,full,Murchison,WU 3f and/or WU NanoSIMS,,,2.15,2.2,115.5,0.9,258.73,3.8,,,-9,10,-17,13,,
Gra-2014-AMA-000705,HD,KFC1d-331,Amari et al. (2014) GCA 59:479,full,Murchison,WU 3f and/or WU NanoSIMS,,,2.15,2.2,16.2,0.1,284.47,4,,,-20,10,8,13,,
Gra-2014-AMA-000706,HD,KFC1d-334,Amari et al. (2014) GCA 59:479,full,Murchison,WU 3f and/or WU NanoSIMS,,,2.15,2.2,111.6,0.9,262.76,4.05,,,-41,9,-29,12,,
Gra-2014-AMA-000707,HD,KFC1d-342,Amari et al. (2014) GCA 59:479,full,Murchison,WU 3f and/or WU NanoSIMS,,,2.15,2.2,235.6,2.2,271.34,3.88,,,-25,10,-19,13,,
Gra-2014-AMA-000708,HD,KFC1d-343,Amari et al. (2014) GCA 59:479,full,Murchison,WU 3f and/or WU NanoSIMS,,,2.15,2.2,29.5,0.2,250.56,3.6,,,-27,8,-23,12,,
Gra-2014-AMA-000709,HD,KFC1d-344,Amari et al. (2014) GCA 59:479,full,Murchison,WU 3f and/or WU NanoSIMS,,,2.15,2.2,338.2,3.1,265.49,4.2,,,34,11,130,15,,
Gra-2014-AMA-000710,HD,KFC1d-345,Amari et al. (2014) GCA 59:479,full,Murchison,WU 3f and/or WU NanoSIMS,,,2.15,2.2,579.5,8.1,252.92,4.92,,,-22,12,-48,15,,
Gra-2014-AMA-000711,HD,KFC1d-346,Amari et al. (2014) GCA 59:479,full,Murchison,WU 3f and/or WU NanoSIMS,,,2.15,2.2,332.1,3.5,261.06,4.03,,,-15,8,9,12,,
Gra-2014-AMA-000712,HD,KFC1d-347,Amari et al. (2014) GCA 59:479,full,Murchison,WU 3f and/or WU NanoSIMS,,,2.15,2.2,15.22,0.12,264.76,4.58,,,-26,13,-33,16,,
Gra-2014-AMA-000713,HD,KFC1d-348,Amari et al. (2014) GCA 59:479,full,Murchison,WU 3f and/or WU NanoSIMS,,,2.15,2.2,547.6,6.6,269.32,3.75,,,-13,7,-19,10,,
Gra-2014-AMA-000714,HD,KFC1d-349,Amari et al. (2014) GCA 59:479,full,Murchison,WU 3f and/or WU NanoSIMS,,,2.15,2.2,488.8,5,248.83,3.43,,,-31,7,-39,10,,
Gra-2014-AMA-000715,HD,KFC1d-351,Amari et al. (2014) GCA 59:479,full,Murchison,WU 3f and/or WU NanoSIMS,,,2.15,2.2,623.3,7.1,260.41,3.66,,,-10,8,-11,11,,
Gra-2014-AMA-000716,HD,KFC1d-352,Amari et al. (2014) GCA 59:479,full,Murchison,WU 3f and/or WU NanoSIMS,,,2.15,2.2,274.8,2.6,268.15,3.75,,,-26,8,-40,11,,
Gra-2014-AMA-000717,HD,KFC1d-353,Amari et al. (2014) GCA 59:479,full,Murchison,WU 3f and/or WU NanoSIMS,,,2.15,2.2,109.2,0.9,271.77,3.61,,,-24,5,-2,9,,
Gra-2014-AMA-000718,HD,KFC1d-361,Amari et al. (2014) GCA 59:479,full,Murchison,WU 3f and/or WU NanoSIMS,,,2.15,2.2,15.8,0.1,268.7,4.21,,,-23,11,-18,15,,
Gra-2014-AMA-000719,HD,KFC1d-362,Amari et al. (2014) GCA 59:479,full,Murchison,WU 3f and/or WU NanoSIMS,,,2.15,2.2,392.3,4.7,276.14,3.84,,,-31,7,47,11,,
Gra-2014-AMA-000720,HD,KFC1d-363,Amari et al. (2014) GCA 59:479,full,Murchison,WU 3f and/or WU NanoSIMS,,,2.15,2.2,739.8,9.7,247.89,3.67,,,-26,7,-39,10,,
Gra-2014-AMA-000721,HD,KFC1d-401,Amari et al. (2014) GCA 59:479,full,Murchison,WU 3f and/or WU NanoSIMS,,,2.15,2.2,14.8,0.1,295.98,4.19,,,-37,10,-52,14,,
Gra-2014-AMA-000722,HD,KFC1d-402,Amari et al. (2014) GCA 59:479,full,Murchison,WU 3f and/or WU NanoSIMS,,,2.15,2.2,195.1,1.9,272.9,3.69,,,-23,7,-31,10,,
Gra-2014-AMA-000723,HD,KFC1d-403,Amari et al. (2014) GCA 59:479,full,Murchison,WU 3f and/or WU NanoSIMS,,,2.15,2.2,87.2,0.7,262.5,3.55,,,-28,7,-46,10,,
Gra-2014-AMA-000724,HD,KFC1d-432,Amari et al. (2014) GCA 59:479,full,Murchison,WU 3f and/or WU NanoSIMS,,,2.15,2.2,451,4.4,265.9,3.67,,,-27,9,-21,12,,
Gra-2014-AMA-000725,HD,KFC1d-462,Amari et al. (2014) GCA 59:479,full,Murchison,WU 3f and/or WU NanoSIMS,,,2.15,2.2,225.4,2.1,282.32,3.84,,,-25,9,-25,12,,
Gra-2014-AMA-000726,HD,KFC1d-463,Amari et al. (2014) GCA 59:479,full,Murchison,WU 3f and/or WU NanoSIMS,,,2.15,2.2,320.5,3.6,269.46,4.16,,,13,11,19,14,,
Gra-2014-AMA-000727,HD,KFC1d-471,Amari et al. (2014) GCA 59:479,full,Murchison,WU 3f and/or WU NanoSIMS,,,2.15,2.2,311.5,3.2,274.33,4.28,,,-17,8,-25,11,,
Gra-2014-AMA-000728,HD,KFC1d-472,Amari et al. (2014) GCA 59:479,full,Murchison,WU 3f and/or WU NanoSIMS,,,2.15,2.2,65.5,0.5,263.42,3.56,,,-25,8,-28,11,,
Gra-2014-AMA-000729,HD,KFC1d-501,Amari et al. (2014) GCA 59:479,full,Murchison,WU 3f and/or WU NanoSIMS,,,2.15,2.2,210.8,2,272.05,3.64,,,-15,6,-14,9,,
Gra-2014-AMA-000730,HD,KFC1d-502,Amari et al. (2014) GCA 59:479,full,Murchison,WU 3f and/or WU NanoSIMS,,,2.15,2.2,11.2,0.1,264.69,3.59,,,-20,7,-41,10,,
Gra-2014-AMA-000731,HD,KFC1d-521,Amari et al. (2014) GCA 59:479,full,Murchison,WU 3f and/or WU NanoSIMS,,,2.15,2.2,875,10.9,280.96,3.98,,,40,8,157,13,,
Gra-2014-AMA-000732,HD,KFC1d-522,Amari et al. (2014) GCA 59:479,full,Murchison,WU 3f and/or WU NanoSIMS,,,2.15,2.2,469.9,4.8,268.28,3.59,,,3,7,17,10,,
Gra-2014-AMA-000733,HD,KFC1d-561,Amari et al. (2014) GCA 59:479,full,Murchison,WU 3f and/or WU NanoSIMS,,,2.15,2.2,633,8.1,272.55,3.92,,,-29,10,-48,13,,
Gra-2014-AMA-000734,HD,KFC1d-562,Amari et al. (2014) GCA 59:479,full,Murchison,WU 3f and/or WU NanoSIMS,,,2.15,2.2,359.5,3.7,265.16,3.63,,,-23,10,-34,13,,
Gra-2014-AMA-000735,HD,KFC1d-563,Amari et al. (2014) GCA 59:479,full,Murchison,WU 3f and/or WU NanoSIMS,,,2.15,2.2,593.2,7.2,282.4,3.91,,,-31,7,-34,10,,
Gra-2014-AMA-000736,HD,KFC1d-622,Amari et al. (2014) GCA 59:479,full,Murchison,WU 3f and/or WU NanoSIMS,,,2.15,2.2,197.3,1.7,272.9,4.14,,,61,9,90,13,,
Gra-2014-AMA-000737,HD,KFC1d-623,Amari et al. (2014) GCA 59:479,full,Murchison,WU 3f and/or WU NanoSIMS,,,2.15,2.2,509.9,5.9,256.14,3.49,,,-31,9,-29,12,,
Gra-2014-AMA-000738,HD,KFC1d-624,Amari et al. (2014) GCA 59:479,full,Murchison,WU 3f and/or WU NanoSIMS,,,2.15,2.2,404.2,4,259.31,3.75,,,-24,10,-58,13,,
Gra-2014-AMA-000739,HD,KFC1d-625,Amari et al. (2014) GCA 59:479,full,Murchison,WU 3f and/or WU NanoSIMS,,,2.15,2.2,12.969,0.098,275.71,3.7,,,-24,7,-31,10,,
Gra-2014-AMA-000740,HD,KFC1d-626,Amari et al. (2014) GCA 59:479,full,Murchison,WU 3f and/or WU NanoSIMS,,,2.15,2.2,9.854,0.075,268.01,3.62,,,-25,8,-35,11,,
Gra-2014-AMA-000741,HD,KFC1d-627,Amari et al. (2014) GCA 59:479,full,Murchison,WU 3f and/or WU NanoSIMS,,,2.15,2.2,32.6,0.3,529.38,7.77,,,-34,10,-34,13,,
Gra-2014-AMA-000742,HD,KFC1d-631,Amari et al. (2014) GCA 59:479,full,Murchison,WU 3f and/or WU NanoSIMS,,,2.15,2.2,408.6,4,273.62,4.04,,,19,10,123,14,,
Gra-2014-AMA-000743,HD,KFC1d-632,Amari et al. (2014) GCA 59:479,full,Murchison,WU 3f and/or WU NanoSIMS,,,2.15,2.2,11.6,0.1,380.85,5.96,,,-37,12,-31,15,,
Gra-2014-AMA-000744,HD,KFC1d-633,Amari et al. (2014) GCA 59:479,full,Murchison,WU 3f and/or WU NanoSIMS,,,2.15,2.2,242.4,2.1,256.58,3.59,,,-36,8,-17,12,,
Gra-2014-AMA-000745,HD,KFC1d-634,Amari et al. (2014) GCA 59:479,full,Murchison,WU 3f and/or WU NanoSIMS,,,2.15,2.2,201.9,1.8,290.55,3.99,,,-17,8,-22,11,,
Gra-2014-AMA-000746,HD,KFC1d-641,Amari et al. (2014) GCA 59:479,full,Murchison,WU 3f and/or WU NanoSIMS,,,2.15,2.2,5.372,0.04,410.26,5.62,,,-13,7,13,11,,
Gra-2014-AMA-000747,HD,KFC1d-642,Amari et al. (2014) GCA 59:479,full,Murchison,WU 3f and/or WU NanoSIMS,,,2.15,2.2,251.9,2.3,269.6,4.25,,,-3,8,0,11,,
Gra-2014-AMA-000748,HD,KFC1d-662,Amari et al. (2014) GCA 59:479,full,Murchison,WU 3f and/or WU NanoSIMS,,,2.15,2.2,69.4,0.6,281.57,3.99,,,-15,15,-90,17,,
Gra-2014-AMA-000749,HD,KFC1d-663,Amari et al. (2014) GCA 59:479,full,Murchison,WU 3f and/or WU NanoSIMS,,,2.15,2.2,139,1.2,267.26,3.97,,,-2,9,-3,12,,
Gra-2014-AMA-000750,HD,KFC1d-664,Amari et al. (2014) GCA 59:479,full,Murchison,WU 3f and/or WU NanoSIMS,,,2.15,2.2,369.2,3.6,260.21,3.55,,,-16,8,-16,11,,
Gra-2014-AMA-000751,HD,KFC1d-665,Amari et al. (2014) GCA 59:479,full,Murchison,WU 3f and/or WU NanoSIMS,,,2.15,2.2,91.2,0.8,272.26,4.49,,,-11,13,5,16,,
Gra-2014-AMA-000752,HD,KFC1d-731,Amari et al. (2014) GCA 59:479,full,Murchison,WU 3f and/or WU NanoSIMS,,,2.15,2.2,653.4,8.1,274.98,3.7,,,-22,7,-30,10,,
Gra-2014-AMA-000753,HD,KFC1d-732,Amari et al. (2014) GCA 59:479,full,Murchison,WU 3f and/or WU NanoSIMS,,,2.15,2.2,462,5.1,267.67,3.85,,,15,8,62,12,,
Gra-2014-AMA-000754,HD,KFC1f-021,Amari et al. (2014) GCA 59:479,full,Murchison,WU 3f and/or WU NanoSIMS,,,2.15,2.2,73.464955940218,0.391721267373472,,,,,-31.7636949006221,16.959600396068,-39.345454330483,20.052611483279,,
Gra-2014-AMA-000755,HD,KFC1f-022,Amari et al. (2014) GCA 59:479,full,Murchison,WU 3f and/or WU NanoSIMS,,,2.15,2.2,276.341909902148,1.65460107829046,,,,,-33.7437282443835,13.7851109673261,-27.8175997824487,16.4781936991396,,
Gra-2014-AMA-000756,HD,KFC1f-023,Amari et al. (2014) GCA 59:479,full,Murchison,WU 3f and/or WU NanoSIMS,,,2.15,2.2,9.11665119905754,0.0467287615558955,,,,,-10.5773381223739,17.6594626173616,-24.270567613823,20.7943886801047,,
Gra-2014-AMA-000757,HD,KFC1f-024,Amari et al. (2014) GCA 59:479,full,Murchison,WU 3f and/or WU NanoSIMS,,,2.15,2.2,88.8810005479147,0.524168328773161,,,,,-8.79530811298856,29.3897567569982,-78.9539802134723,33.3135759193332,,
Gra-2014-AMA-000758,HD,KFC1f-031,Amari et al. (2014) GCA 59:479,full,Murchison,WU 3f and/or WU NanoSIMS,,,2.15,2.2,300.077860784025,2.13161404037827,,,,,-14.7354081442732,32.5336121386175,-28.9999438386575,38.1522270944828,,
Gra-2014-AMA-000759,HD,KFC1f-032,Amari et al. (2014) GCA 59:479,full,Murchison,WU 3f and/or WU NanoSIMS,,,2.15,2.2,378.20955191665,3.1844236130527,,,,,-1.27118140669491,20.9519836262809,-51.1688948925695,24.0814244611341,,
Gra-2014-AMA-000760,HD,KFC1f-033,Amari et al. (2014) GCA 59:479,full,Murchison,WU 3f and/or WU NanoSIMS,,,2.15,2.2,271.945561335523,2.34383447219832,,,,,-69.582331766467,32.1773178235766,-22.7926375435621,39.1827622354528,,
Gra-2014-AMA-000761,HD,KFC1f-034,Amari et al. (2014) GCA 59:479,full,Murchison,WU 3f and/or WU NanoSIMS,,,2.15,2.2,22.3343064839254,0.116602198810662,,,,,-7.01327810360319,70.2660581366462,27.7525708593571,84.7118766100875,,
Gra-2014-AMA-000762,HD,KFC1f-035,Amari et al. (2014) GCA 59:479,full,Murchison,WU 3f and/or WU NanoSIMS,,,2.15,2.2,33.4468335395193,0.179348169729783,,,,,9.42099864961721,22.5393989806106,-17.1765032765709,26.2874840628111,,
Gra-2014-AMA-000763,HD,KFC1f-036,Amari et al. (2014) GCA 59:479,full,Murchison,WU 3f and/or WU NanoSIMS,,,2.15,2.2,9.266683212982,0.0470153240029628,,,,,-11.963361463007,26.2471428038571,-52.9424109768823,30.31745190231,,
Gra-2014-AMA-000764,HD,KFC1f-037,Amari et al. (2014) GCA 59:479,full,Murchison,WU 3f and/or WU NanoSIMS,,,2.15,2.2,272.177530822019,2.15362410743728,,,,,-22.0615315161906,48.7211445720482,-56.4894431455083,56.433242606287,,
Gra-2014-AMA-000765,HD,KFC1f-051,Amari et al. (2014) GCA 59:479,full,Murchison,WU 3f and/or WU NanoSIMS,,,2.15,2.2,29.7097571663886,0.157571725512335,,,,,227.224666463383,161.692271950783,200.965975093922,187.933929889882,,
Gra-2014-AMA-000766,HD,KFC1f-061,Amari et al. (2014) GCA 59:479,full,Murchison,WU 3f and/or WU NanoSIMS,,,2.15,2.2,233.020539411159,1.79503711649204,,,,,-99.2828319228896,64.0396466036057,26.8658128172006,81.7314856564907,,
Gra-2014-AMA-000767,HD,KFC1f-062,Amari et al. (2014) GCA 59:479,full,Murchison,WU 3f and/or WU NanoSIMS,,,2.15,2.2,782.705131562585,8.23694838124696,,,,,-70.7703517727238,81.6479547987226,-154.623999810825,91.4858271642418,,
Gra-2014-AMA-000768,HD,KFC1f-071,Amari et al. (2014) GCA 59:479,full,Murchison,WU 3f and/or WU NanoSIMS,,,2.15,2.2,86.8646439111653,0.502084994473519,,,,,-28.0016315474753,22.7912207237231,-10.9691969814758,27.2905865748675,,
Gra-2014-AMA-000769,HD,KFC1f-072,Amari et al. (2014) GCA 59:479,full,Murchison,WU 3f and/or WU NanoSIMS,,,2.15,2.2,439.306276228105,4.07071998724077,,,,,-34.1397349131359,46.2497337795934,-32.2513899932312,54.7343995741752,,
Gra-2014-AMA-000770,HD,KFC1f-073,Amari et al. (2014) GCA 59:479,full,Murchison,WU 3f and/or WU NanoSIMS,,,2.15,2.2,748.435008523097,6.59461277750412,,,,,-41.2678549506774,30.1028949142195,84.2094995433194,38.3107273337311,,
Gra-2014-AMA-000771,HD,KFC1f-074,Amari et al. (2014) GCA 59:479,full,Murchison,WU 3f and/or WU NanoSIMS,,,2.15,2.2,298.208216791602,2.40634899032653,,,,,-1.46918474107094,63.4264233964459,70.9081289109723,78.0279830840014,,
Gra-2014-AMA-000772,HD,KFC1f-101,Amari et al. (2014) GCA 59:479,full,Murchison,WU 3f and/or WU NanoSIMS,,,2.15,2.2,464.683677621865,3.38702426240503,,,,,15.9551086840304,31.5431827250486,-32.2513899932312,36.2734657951345,,
Gra-2014-AMA-000773,HD,KFC1f-102,Amari et al. (2014) GCA 59:479,full,Murchison,WU 3f and/or WU NanoSIMS,,,2.15,2.2,336.348691462067,2.36403600749316,,,,,-50.3760083319802,30.7678664984536,-6.83099278474553,37.4031190642803,,
Gra-2014-AMA-000774,HD,KFC1f-111,Amari et al. (2014) GCA 59:479,full,Murchison,WU 3f and/or WU NanoSIMS,,,2.15,2.2,63.2682337013246,0.34918567456148,,,,,1.50086527457116,34.4493595998474,132.390019833821,43.7920300623238,,
Gra-2014-AMA-000775,HD,KFC1f-112,Amari et al. (2014) GCA 59:479,full,Murchison,WU 3f and/or WU NanoSIMS,,,2.15,2.2,597.906543348558,4.72340663007923,,,,,-35.1297515850166,26.392616818007,-64.1746795108643,30.7186431531358,,
Gra-2014-AMA-000776,HD,KFC1f-113,Amari et al. (2014) GCA 59:479,full,Murchison,WU 3f and/or WU NanoSIMS,,,2.15,2.2,415.472385373716,3.48932158826192,,,,,-25.6255915349615,23.7905265639504,-13.0382990798408,28.4101518113491,,
Gra-2014-AMA-000777,HD,KFC1f-121,Amari et al. (2014) GCA 59:479,full,Murchison,WU 3f and/or WU NanoSIMS,,,2.15,2.2,4.97013694652669,0.0252051593174909,,,,,49.4176721935997,35.058772620692,-5.05747670043244,40.1614062863095,,
Gra-2014-AMA-000778,HD,KFC1f-121b,Amari et al. (2014) GCA 59:479,full,Murchison,WU 3f and/or WU NanoSIMS,,,2.15,2.2,4.86901513683134,0.0245449557245118,,,,,75.3561089968755,53.9209652159449,119.679821229578,65.1931881720195,,
Gra-2014-AMA-000779,HD,KFC1f-131,Amari et al. (2014) GCA 59:479,full,Murchison,WU 3f and/or WU NanoSIMS,,,2.15,2.2,605.087468963996,5.40239823416722,,,,,22.2912153840671,53.3343763732405,-36.3895941899615,60.8904614570533,,
Gra-2014-AMA-000780,HD,KFC1f-132,Amari et al. (2014) GCA 59:479,full,Murchison,WU 3f and/or WU NanoSIMS,,,2.15,2.2,9.16904574617855,0.046997249454889,,,,,-33.9417315787598,50.4954964354893,-70.973157834064,58.3726000038422,,
Gra-2014-AMA-000781,HD,KFC1f-133,Amari et al. (2014) GCA 59:479,full,Murchison,WU 3f and/or WU NanoSIMS,,,2.15,2.2,84.2648218222748,0.465260374601635,,,,,113.372749197097,23.5596490090634,135.050293960291,28.2190747606199,,
Gra-2014-AMA-000782,HD,KFC1f-134a,Amari et al. (2014) GCA 59:479,full,Murchison,WU 3f and/or WU NanoSIMS,,,2.15,2.2,989.199520410294,9.27649979127405,,,,,-24.2395681943284,22.6369248848617,-41.7101424429003,26.5458629325487,,
Gra-2014-AMA-000783,HD,KFC1f-141,Amari et al. (2014) GCA 59:479,full,Murchison,WU 3f and/or WU NanoSIMS,,,2.15,2.2,36.8314111543302,0.193941441411987,,,,,-15.3294181474015,25.9120661800494,-19.5411913889884,30.6048819809817,,
Gra-2014-AMA-000784,HD,KFC1f-151,Amari et al. (2014) GCA 59:479,full,Murchison,WU 3f and/or WU NanoSIMS,,,2.15,2.2,280.22493439726,1.84538652861771,,,,,-11.1713481255025,11.2951470124619,-27.2264277543444,13.3687275019956,,
Gra-2014-AMA-000785,HD,KFC1f-152,Amari et al. (2014) GCA 59:479,full,Murchison,WU 3f and/or WU NanoSIMS,,,2.15,2.2,121.048100139231,0.749296927717064,,,,,-33.7437282443835,38.2589879743232,-38.7542823023786,45.1081234281543,,
Gra-2014-AMA-000786,HD,KFC1f-153,Amari et al. (2014) GCA 59:479,full,Murchison,WU 3f and/or WU NanoSIMS,,,2.15,2.2,63.8165583934027,0.35012917047164,,,,,-3.44921808483256,41.759454332428,-52.0556529347258,47.9549314391406,,
Gra-2014-AMA-000787,HD,KFC1f-154,Amari et al. (2014) GCA 59:479,full,Murchison,WU 3f and/or WU NanoSIMS,,,2.15,2.2,11.0998188300213,0.0576605604406875,,,,,-13.5473881380161,34.9555914590973,-26.339669712188,41.0594927545779,,
Gra-2014-AMA-000788,HD,KFC1f-155,Amari et al. (2014) GCA 59:479,full,Murchison,WU 3f and/or WU NanoSIMS,,,2.15,2.2,663.373787873209,5.53431168905506,,,,,-26.0215982037137,24.7500420569117,-54.1247550330909,28.8154362263924,,
Gra-2014-AMA-000789,HD,KFC1f-156,Amari et al. (2014) GCA 59:479,full,Murchison,WU 3f and/or WU NanoSIMS,,,2.15,2.2,74.7850293672688,0.406533067821169,,,,,-41.6638616194297,54.1483771649875,33.0731191122962,66.8695385614619,,
Gra-2014-AMA-000790,HD,KFC1f-161,Amari et al. (2014) GCA 59:479,full,Murchison,WU 3f and/or WU NanoSIMS,,,2.15,2.2,542.043247962085,4.08939354727541,,,,,-13.1513814692639,28.0520312588607,-42.3013144710046,32.6351003661274,,
Gra-2014-AMA-000791,HD,KFC1f-162,Amari et al. (2014) GCA 59:479,full,Murchison,WU 3f and/or WU NanoSIMS,,,2.15,2.2,211.968196612277,1.38632570195873,,,,,-0.677171403566379,35.0589307145484,-57.9673732157689,40.0730659330333,,
Gra-2014-AMA-000792,HD,KFC1f-163,Amari et al. (2014) GCA 59:479,full,Murchison,WU 3f and/or WU NanoSIMS,,,2.15,2.2,86.7858908341832,0.522345641959034,,,,,-49.7819983288519,35.1983369737257,-56.4894431455083,41.4838472183883,,
Gra-2014-AMA-000793,HD,KFC1f-164,Amari et al. (2014) GCA 59:479,full,Murchison,WU 3f and/or WU NanoSIMS,,,2.15,2.2,10.3307616652389,0.053486999017116,,,,,3.28289528395653,38.4096694352855,22.7276086204704,45.9328701146329,,
Gra-2014-AMA-000794,HD,KFC1f-171,Amari et al. (2014) GCA 59:479,full,Murchison,WU 3f and/or WU NanoSIMS,,,2.15,2.2,103.44157941442,0.667253627115004,,,,,-30.1796682256128,54.3486859161213,-125.952156447766,60.5052601210988,,
Gra-2014-AMA-000795,HD,KFC1f-172,Amari et al. (2014) GCA 59:479,full,Murchison,WU 3f and/or WU NanoSIMS,,,2.15,2.2,402.036277152894,3.96628835921273,,,,,-22.2595348505669,44.8318315572046,-89.59507671935,50.8528001778725,,
Gra-2014-AMA-000796,HD,KFC1f-173,Amari et al. (2014) GCA 59:479,full,Murchison,WU 3f and/or WU NanoSIMS,,,2.15,2.2,254.92633179788,2.00183322428894,,,,,-11.7653581286308,22.2532906044713,-18.6544333468318,26.2571270644146,,
Gra-2014-AMA-000797,HD,KFC1f-174,Amari et al. (2014) GCA 59:479,full,Murchison,WU 3f and/or WU NanoSIMS,,,2.15,2.2,297.097571663886,2.42092330901779,,,,,-57.1081217007694,45.2562026565143,-37.5719382461701,54.1726485950006,,
Gra-2014-AMA-000798,HD,KFC1f-201,Amari et al. (2014) GCA 59:479,full,Murchison,WU 3f and/or WU NanoSIMS,,,2.15,2.2,619.1774747096,5.46741444555408,,,,,-46.6139449788334,27.7026195545849,-19.8367774030405,33.3526767786804,,
Gra-2014-AMA-000799,HD,KFC1f-202,Amari et al. (2014) GCA 59:479,full,Murchison,WU 3f and/or WU NanoSIMS,,,2.15,2.2,21.4774147610734,0.115861437118081,,,,,56.5457922311412,66.0479567957172,175.841163899489,83.0165569432729,,
Gra-2014-AMA-000800,HD,KFC1f-203,Amari et al. (2014) GCA 59:479,full,Murchison,WU 3f and/or WU NanoSIMS,,,2.15,2.2,4.92411715998478,0.0253947312853804,,,,,38.1314821341592,54.6815581680109,20.067334494001,63.9468759375829,,
Gra-2014-AMA-000801,HD,KFC1f-204,Amari et al. (2014) GCA 59:479,full,Murchison,WU 3f and/or WU NanoSIMS,,,2.15,2.2,525.09510471807,5.25954120801075,,,,,-62.2562083945494,48.0390787004283,-80.7274962977853,56.1587606584213,,
Gra-2014-AMA-000802,HD,KFC1f-205,Amari et al. (2014) GCA 59:479,full,Murchison,WU 3f and/or WU NanoSIMS,,,2.15,2.2,622.398163784812,4.48588472100329,,,,,8.23297864336037,21.3870223202101,-4.46630467232811,25.168886242897,,
Gra-2014-AMA-000803,HD,KFC1f-206,Amari et al. (2014) GCA 59:479,full,Murchison,WU 3f and/or WU NanoSIMS,,,2.15,2.2,189.55413384179,1.37212423104013,,,,,-16.5174381536585,22.0355633765735,-50.2821368504129,25.5784309546715,,
Gra-2014-AMA-000804,HD,KFC1f-211,Amari et al. (2014) GCA 59:479,full,Murchison,WU 3f and/or WU NanoSIMS,,,2.15,2.2,410.483866166827,3.20237278902144,,,,,-32.5557082381267,19.7156856297552,-19.8367774030405,23.5687105044969,,
Gra-2014-AMA-000805,HD,KFC1f-212,Amari et al. (2014) GCA 59:479,full,Murchison,WU 3f and/or WU NanoSIMS,,,2.15,2.2,425.254720524674,3.82158899434749,,,,,-8.20129810986014,20.5186857598656,-52.0556529347258,23.6976319928,,
Gra-2014-AMA-000806,HD,KFC1f-213,Amari et al. (2014) GCA 59:479,full,Murchison,WU 3f and/or WU NanoSIMS,,,2.15,2.2,87.9015955831994,0.511772635170562,,,,,-3.05321141608028,18.5165396617765,-43.4836585272133,21.4400151717136,,
Gra-2014-AMA-000807,HD,KFC1f-214,Amari et al. (2014) GCA 59:479,full,Murchison,WU 3f and/or WU NanoSIMS,,,2.15,2.2,1054.12220669644,11.3046050979346,,,,,-15.7254248161539,19.8591995584924,-23.6793955857186,23.440478624563,,
Gra-2014-AMA-000808,HD,KFC1f-221,Amari et al. (2014) GCA 59:479,full,Murchison,WU 3f and/or WU NanoSIMS,,,2.15,2.2,69.3155956481565,0.408107365317346,,,,,-46.2179383100811,33.4071159031314,-33.1381480353875,39.8519203542153,,
Gra-2014-AMA-000809,HD,KFC1f-222,Amari et al. (2014) GCA 59:479,full,Murchison,WU 3f and/or WU NanoSIMS,,,2.15,2.2,90.4771621834632,0.506093465158118,,,,,-44.2379049663196,17.9395289721794,-44.3704165693698,21.2976600134037,,
Gra-2014-AMA-000810,HD,KFC1f-231,Amari et al. (2014) GCA 59:479,full,Murchison,WU 3f and/or WU NanoSIMS,,,2.15,2.2,536.574201738252,4.86947411764227,,,,,-47.9999683194665,21.0986849738399,-22.4970515295099,25.4051512794077,,
Gra-2014-AMA-000811,HD,KFC1f-232,Amari et al. (2014) GCA 59:479,full,Murchison,WU 3f and/or WU NanoSIMS,,,2.15,2.2,114.06677501204,0.660105168230314,,,,,-26.417604872466,20.4875422969015,-14.5162291501015,24.4721059618214,,
Gra-2014-AMA-000812,HD,KFC1f-241,Amari et al. (2014) GCA 59:479,full,Murchison,WU 3f and/or WU NanoSIMS,,,2.15,2.2,95.438522024032,0.531705973390921,,,,,1.50086527457116,24.549299458128,-23.3838095716664,28.6525841187596,,
Gra-2014-AMA-000813,HD,KFC1f-242,Amari et al. (2014) GCA 59:479,full,Murchison,WU 3f and/or WU NanoSIMS,,,2.15,2.2,67.6500619011337,0.372207659123323,,,,,-20.8735115099338,36.0954260419934,-30.7734599229704,42.4376008276282,,
Gra-2014-AMA-000814,HD,KFC1f-243,Amari et al. (2014) GCA 59:479,full,Murchison,WU 3f and/or WU NanoSIMS,,,2.15,2.2,391.032833292909,2.85945259530022,,,,,-22.4575381849431,16.6629469040698,-17.1765032765709,19.8707514172048,,
Gra-2014-AMA-000815,HD,KFC1f-261,Amari et al. (2014) GCA 59:479,full,Murchison,WU 3f and/or WU NanoSIMS,,,2.15,2.2,86.4723013460742,0.532688283566155,,,,,-42.4558749569343,48.7947367247704,-29.5911158667618,58.1525059930761,,
Gra-2014-AMA-000816,HD,KFC1f-263,Amari et al. (2014) GCA 59:479,full,Murchison,WU 3f and/or WU NanoSIMS,,,2.15,2.2,213.433305663554,1.4008687346826,,,,,-7.60728810673172,19.9716724924822,15.3379582691664,24.0168986884224,,
Gra-2014-AMA-000817,HD,KFC1f-271,Amari et al. (2014) GCA 59:479,full,Murchison,WU 3f and/or WU NanoSIMS,,,2.15,2.2,117.008724593698,0.699160085712515,,,,,-22.6555415193191,22.2077861326348,-60.036475314134,25.724274042557,,
Gra-2014-AMA-000818,HD,KFC1f-272,Amari et al. (2014) GCA 59:479,full,Murchison,WU 3f and/or WU NanoSIMS,,,2.15,2.2,350.768917515955,2.67187733013078,,,,,-17.5074548255393,52.8107653837403,51.9906240116341,64.9607534598516,,
Gra-2014-AMA-000819,HD,KFC1f-301,Amari et al. (2014) GCA 59:479,full,Murchison,WU 3f and/or WU NanoSIMS,,,2.15,2.2,688.667896331684,9.75224358058104,,,,,-7.80529144110786,49.8703014700845,-60.6276473422384,57.1093272568129,,
Gra-2014-AMA-000820,HD,KFC1f-311,Amari et al. (2014) GCA 59:479,full,Murchison,WU 3f and/or WU NanoSIMS,,,2.15,2.2,390.554212933921,2.84595164280336,,,,,-25.031581531833,37.670545977802,-36.3895941899615,44.256730011287,,
Gra-2014-AMA-000821,HD,KFC1f-313,Amari et al. (2014) GCA 59:479,full,Murchison,WU 3f and/or WU NanoSIMS,,,2.15,2.2,87.0225796273674,0.496886072813419,,,,,11.2030286590026,24.7112171504899,-48.2130347520477,28.2335432657793,,
Gra-2014-AMA-000822,HD,KFC1f-314,Amari et al. (2014) GCA 59:479,full,Murchison,WU 3f and/or WU NanoSIMS,,,2.15,2.2,523.086544208219,4.70689957172362,,,,,-13.3493848036401,16.6101837005954,-14.8118151641539,19.7213719172704,,
Gra-2014-AMA-000823,HD,KFC1f-321,Amari et al. (2014) GCA 59:479,full,Murchison,WU 3f and/or WU NanoSIMS,,,2.15,2.2,359.732572679835,2.72296206314224,,,,,-38.4958082694112,15.558732180052,-22.2014655154578,18.6927084408107,,
Gra-2014-AMA-000824,HD,KFC1f-322,Amari et al. (2014) GCA 59:479,full,Murchison,WU 3f and/or WU NanoSIMS,,,2.15,2.2,41.2429287333495,0.2286799506804,,,,,-43.0498849600628,18.6945030062408,-31.3646319510746,22.3536913622461,,
Gra-2014-AMA-000825,HD,KFC1f-331,Amari et al. (2014) GCA 59:479,full,Murchison,WU 3f and/or WU NanoSIMS,,,2.15,2.2,691.154062022413,5.79236293032074,,,,,5.46093196209418,25.1193546932653,-52.9424109768823,28.7112721711719,,
Gra-2014-AMA-000826,HD,KFC1f-332,Amari et al. (2014) GCA 59:479,full,Murchison,WU 3f and/or WU NanoSIMS,,,2.15,2.2,285.490121056081,1.96928760843789,,,,,-20.0814981724292,13.1184856931441,-18.0632613187275,15.6695085875296,,
Gra-2014-AMA-000827,HD,KFC1f-341,Amari et al. (2014) GCA 59:479,full,Murchison,WU 3f and/or WU NanoSIMS,,,2.15,2.2,226.246366320265,1.63977587174941,,,,,-18.2994681630438,17.1789989168646,-32.2513899932312,20.2273093206274,,
Gra-2014-AMA-000828,HD,KFC1f-343,Amari et al. (2014) GCA 59:479,full,Murchison,WU 3f and/or WU NanoSIMS,,,2.15,2.2,89.3789333240935,0.525989960714764,,,,,-31.1696848974936,26.4141740094522,-15.4029871922581,31.6012062170863,,
Gra-2014-AMA-000829,HD,KFC1f-351,Amari et al. (2014) GCA 59:479,full,Murchison,WU 3f and/or WU NanoSIMS,,,2.15,2.2,173.194929600333,1.20428257829921,,,,,5.85693863084646,30.0841002374028,-17.7676753046753,35.110579458179,,
Gra-2014-AMA-000830,HD,KFC1f-361,Amari et al. (2014) GCA 59:479,full,Murchison,WU 3f and/or WU NanoSIMS,,,2.15,2.2,76.5798700720833,0.433461219043986,,,,,-15.7254248161539,14.071843043506,-20.1323634170927,16.7069560502202,,
Gra-2014-AMA-000831,HD,KFC1f-362,Amari et al. (2014) GCA 59:479,full,Murchison,WU 3f and/or WU NanoSIMS,,,2.15,2.2,298.953271674279,2.04731621036698,,,,,-22.8535448536954,20.3338438963898,-6.53540677069331,24.3549506052589,,
Gra-2014-AMA-000832,HD,KFC1f-371,Amari et al. (2014) GCA 59:479,full,Murchison,WU 3f and/or WU NanoSIMS,,,2.15,2.2,41.7647633464678,0.221785264317326,,,,,5.85693863084646,17.1744223533112,-14.5162291501015,20.1494735725591,,
Gra-2014-AMA-000833,HD,KFC1f-401big,Amari et al. (2014) GCA 59:479,full,Murchison,WU 3f and/or WU NanoSIMS,,,2.15,2.2,92.1317012416786,0.526490390970997,,,,,-18.1014648286677,40.334653960741,12.9732701567493,48.5739033727496,,
Gra-2014-AMA-000834,HD,KFC1f-401small,Amari et al. (2014) GCA 59:479,full,Murchison,WU 3f and/or WU NanoSIMS,,,2.15,2.2,1185.8874825335,20.4730299232899,,,,,627.389405237584,302.211555604154,214.858517754374,298.303667200581,,
Gra-2014-AMA-000835,HD,KFC1f-402,Amari et al. (2014) GCA 59:479,full,Murchison,WU 3f and/or WU NanoSIMS,,,2.15,2.2,105.030543767944,0.692944471545424,,,,,0.51084860269035,28.5493519107354,-83.0921844102026,32.1101225827101,,
Gra-2014-AMA-000836,HD,KFC1f-403,Amari et al. (2014) GCA 59:479,full,Murchison,WU 3f and/or WU NanoSIMS,,,2.15,2.2,151.343616743248,0.944713370881926,,,,,-46.8119483132096,21.3142487352468,-39.6410403445352,25.3928885456164,,
Gra-2014-AMA-000837,HD,KFC1f-404,Amari et al. (2014) GCA 59:479,full,Murchison,WU 3f and/or WU NanoSIMS,,,2.15,2.2,490.896603026175,4.16147563253746,,,,,45.853612174829,34.5259753269936,-26.6352557262401,39.1511977817747,,
Gra-2014-AMA-000838,HD,KFC1f-405,Amari et al. (2014) GCA 59:479,full,Murchison,WU 3f and/or WU NanoSIMS,,,2.15,2.2,84.7872786449106,0.500296275215327,,,,,-2.26119807857572,19.794202230044,1.74100162276725,23.5289846589332,,
Gra-2014-AMA-000839,HD,KFC1f-406,Amari et al. (2014) GCA 59:479,full,Murchison,WU 3f and/or WU NanoSIMS,,,2.15,2.2,8.67858908341832,0.0444985496738865,,,,,12.3910486652596,26.0047087059954,-42.8924864991089,29.7990076706168,,
Gra-2014-AMA-000840,HD,KFC1f-408,Amari et al. (2014) GCA 59:479,full,Murchison,WU 3f and/or WU NanoSIMS,,,2.15,2.2,301.305752565641,2.39347283866407,,,,,-36.7137782600259,24.6268693083693,-26.0440836981358,29.3622204513919,,
Gra-2014-AMA-000841,HD,KFC1f-411,Amari et al. (2014) GCA 59:479,full,Murchison,WU 3f and/or WU NanoSIMS,,,2.15,2.2,155.802144515143,1.01623430690665,,,,,4.07490862146109,38.9618576736835,-76.2937060870028,43.8841014700526,,
Gra-2014-AMA-000842,HD,KFC1f-412,Amari et al. (2014) GCA 59:479,full,Murchison,WU 3f and/or WU NanoSIMS,,,2.15,2.2,10.504206912115,0.054348481058495,,,,,-16.9134448224107,24.833212484587,-51.4644809066215,28.7911981964074,,
Gra-2014-AMA-000843,HD,KFC1f-413,Amari et al. (2014) GCA 59:479,full,Murchison,WU 3f and/or WU NanoSIMS,,,2.15,2.2,408.034260827383,3.61639721300185,,,,,0.312845268314321,26.0376798392655,-37.2763522321178,30.1536386042502,,
Gra-2014-AMA-000844,HD,KFC1f-414,Amari et al. (2014) GCA 59:479,full,Murchison,WU 3f and/or WU NanoSIMS,,,2.15,2.2,740.331303867781,9.26598634802793,,,,,-17.111448156787,57.473809758156,-3.8751326442239,68.4486813382972,,
Gra-2014-AMA-000845,HD,KFC1f-421,Amari et al. (2014) GCA 59:479,full,Murchison,WU 3f and/or WU NanoSIMS,,,2.15,2.2,323.504013484637,2.47965613638406,,,,,-35.7237615881452,17.2956875867858,-49.3953788082564,20.3697051014248,,
Gra-2014-AMA-000846,HD,KFC1f-431,Amari et al. (2014) GCA 59:479,full,Murchison,WU 3f and/or WU NanoSIMS,,,2.15,2.2,84.6373453493405,0.491203667598368,,,,,-34.9317482506406,18.2122329482089,-35.798422161857,21.6009692506827,,
Gra-2014-AMA-000847,HD,KFC1f-433,Amari et al. (2014) GCA 59:479,full,Murchison,WU 3f and/or WU NanoSIMS,,,2.15,2.2,446.894666620467,4.0185694536622,,,,,-18.6954748317961,34.2249904886358,11.1997540724362,41.1979341952017,,
Gra-2014-AMA-000848,HD,KFC1f-434,Amari et al. (2014) GCA 59:479,full,Murchison,WU 3f and/or WU NanoSIMS,,,2.15,2.2,340.415496408621,3.01883790154323,,,,,-49.1879883257234,25.443969264812,-49.0997927942043,30.1449361458803,,
Gra-2014-AMA-000849,HD,KFC1f-461,Amari et al. (2014) GCA 59:479,full,Murchison,WU 3f and/or WU NanoSIMS,,,2.15,2.2,483.703070187489,3.94439974225842,,,,,-16.5174381536585,14.5752024802542,-24.270567613823,17.2637415583364,,
Gra-2014-AMA-000850,HD,KFC1f-471,Amari et al. (2014) GCA 59:479,full,Murchison,WU 3f and/or WU NanoSIMS,,,2.15,2.2,472.481922952143,3.78083750965708,,,,,-25.2295848662091,15.9439315290974,-34.9116641197006,18.8377489248099,,
Gra-2014-AMA-000851,HD,KFC1f-472,Amari et al. (2014) GCA 59:479,full,Murchison,WU 3f and/or WU NanoSIMS,,,2.15,2.2,431.971288764008,3.27884092878313,,,,,-15.7254248161539,17.9426279047069,-47.6218627239434,20.8903645288081,,
Gra-2014-AMA-000852,HD,KFC1f-473,Amari et al. (2014) GCA 59:479,full,Murchison,WU 3f and/or WU NanoSIMS,,,2.15,2.2,87.8209519175267,0.524502423536888,,,,,-1.66718807544719,36.2009414659249,-10.3780249533713,42.5953781577342,,
Gra-2014-AMA-000853,HD,KFC1f-474,Amari et al. (2014) GCA 59:479,full,Murchison,WU 3f and/or WU NanoSIMS,,,2.15,2.2,348.597369228347,2.92614094190832,,,,,10.8070219902503,54.1018424565749,-6.53540677069331,63.2887141802105,,
Gra-2014-AMA-000854,HD,KFC1f-4m11,Amari et al. (2014) GCA 59:479,full,Murchison,WU 3f and/or WU NanoSIMS,,,2.15,2.2,8.44879413857936,0.0432026098105355,,,,,-1.07317807231866,20.1531968372383,-27.2264277543444,23.5355378399812,,
Gra-2014-AMA-000855,HD,KFC1f-4m12,Amari et al. (2014) GCA 59:479,full,Murchison,WU 3f and/or WU NanoSIMS,,,2.15,2.2,177.993375957799,1.15261646532685,,,,,-6.22126476609863,18.6230097994774,-11.8559550236321,22.0385725421472,,
Gra-2014-AMA-000856,HD,KFC1f-4m13,Amari et al. (2014) GCA 59:479,full,Murchison,WU 3f and/or WU NanoSIMS,,,2.15,2.2,399.186145079667,3.9518681867984,,,,,-96.3127819072473,65.6221767167197,-17.1765032765709,81.4828557818202,,
Gra-2014-AMA-000857,HD,KFC1f-501,Amari et al. (2014) GCA 59:479,full,Murchison,WU 3f and/or WU NanoSIMS,,,2.15,2.2,265.239228567759,1.96369023525949,,,,,-12.1613647973833,16.3174779884702,-23.3838095716664,19.2697325462383,,
Gra-2014-AMA-000858,HD,KFC1f-502,Amari et al. (2014) GCA 59:479,full,Murchison,WU 3f and/or WU NanoSIMS,,,2.15,2.2,227.753598834414,1.45827921828295,,,,,4.27291195583734,24.8249377239744,-9.19568089716272,29.1565681611589,,
Gra-2014-AMA-000859,HD,KFC1f-503,Amari et al. (2014) GCA 59:479,full,Murchison,WU 3f and/or WU NanoSIMS,,,2.15,2.2,479.58335465984,4.16618182495383,,,,,19.7171720371772,22.7018228586324,-8.90009488311072,26.4603925935149,,
Gra-2014-AMA-000860,HD,KFC1f-504,Amari et al. (2014) GCA 59:479,full,Murchison,WU 3f and/or WU NanoSIMS,,,2.15,2.2,433.929454170916,3.70021382424847,,,,,-5.23124809421793,22.159507031441,-4.76189068638044,26.2779704639601,,
Gra-2014-AMA-000861,HD,KFC1f-511,Amari et al. (2014) GCA 59:479,full,Murchison,WU 3f and/or WU NanoSIMS,,,2.15,2.2,15.6669128625375,0.0848133466093926,,,,,-61.0681883882925,90.4535647675807,-71.2687438481162,106.239128068882,,
Gra-2014-AMA-000862,HD,KFC1f-512,Amari et al. (2014) GCA 59:479,full,Murchison,WU 3f and/or WU NanoSIMS,,,2.15,2.2,8.99669526222783,0.0460085075051789,,,,,-23.4475548568237,22.7155958806264,-42.5969004850567,26.606252557146,,
Gra-2014-AMA-000863,HD,KFC1f-513,Amari et al. (2014) GCA 59:479,full,Murchison,WU 3f and/or WU NanoSIMS,,,2.15,2.2,617.181415796931,5.81393160885232,,,,,-21.6655248474383,29.0302742877294,-10.9691969814758,34.5879431352065,,
Gra-2014-AMA-000864,HD,KFC1f-514,Amari et al. (2014) GCA 59:479,full,Murchison,WU 3f and/or WU NanoSIMS,,,2.15,2.2,302.352613992748,2.20773902661092,,,,,-27.0116148755944,20.8967928266828,-28.9999438386575,24.7488725098059,,
Gra-2014-AMA-000865,HD,KFC1f-515,Amari et al. (2014) GCA 59:479,full,Murchison,WU 3f and/or WU NanoSIMS,,,2.15,2.2,441.535228736643,3.61850131591705,,,,,-11.7653581286308,18.8774900563396,-14.5162291501015,22.3678759293004,,
Gra-2014-AMA-000866,HD,KFC1f-516,Amari et al. (2014) GCA 59:479,full,Murchison,WU 3f and/or WU NanoSIMS,,,2.15,2.2,88.5521161795598,0.514969398573183,,,,,-19.6854915036769,18.5182860354224,-43.4836585272133,21.6594680376271,,
Gra-2014-AMA-000867,HD,KFC1f-517,Amari et al. (2014) GCA 59:479,full,Murchison,WU 3f and/or WU NanoSIMS,,,2.15,2.2,374.950401841379,2.96998586763269,,,,,6.05494196522272,20.4695051454644,-14.2206431360495,23.965142973125,,
Gra-2014-AMA-000868,HD,KFC1f-518,Amari et al. (2014) GCA 59:479,full,Murchison,WU 3f and/or WU NanoSIMS,,,2.15,2.2,682.286796793329,6.75285162187172,,,,,-51.168021669485,71.8005035369993,231.115748527243,98.7855739932996,,
Gra-2014-AMA-000869,HD,KFC1f-519,Amari et al. (2014) GCA 59:479,full,Murchison,WU 3f and/or WU NanoSIMS,,,2.15,2.2,85.8518722781203,0.560705374166757,,,,,-50.5740116663564,33.7402652855882,-2.98837460206736,41.0724873142684,,
Gra-2014-AMA-000870,HD,KFC1f-521,Amari et al. (2014) GCA 59:479,full,Murchison,WU 3f and/or WU NanoSIMS,,,2.15,2.2,173.760823361961,1.12923069798719,,,,,-33.9417315787598,34.9479911156162,-26.339669712188,41.529371405719,,
Gra-2014-AMA-000871,HD,KFC1f-522,Amari et al. (2014) GCA 59:479,full,Murchison,WU 3f and/or WU NanoSIMS,,,2.15,2.2,132.988104459717,0.820900209840933,,,,,-0.87517473794263,21.2837764055319,-23.3838095716664,24.8846006811955,,
Gra-2014-AMA-000872,HD,KFC1f-523big,Amari et al. (2014) GCA 59:479,full,Murchison,WU 3f and/or WU NanoSIMS,,,2.15,2.2,195.277106466961,1.23033341560983,,,,,-21.4675215130623,15.8023166697692,-17.1765032765709,18.827531316086,,
Gra-2014-AMA-000873,HD,KFC1f-523small,Amari et al. (2014) GCA 59:479,full,Murchison,WU 3f and/or WU NanoSIMS,,,2.15,2.2,229.116413571336,1.52204024541005,,,,,-25.2295848662091,22.9101512845494,-17.1765032765709,27.2737410031779,,
Gra-2014-AMA-000874,HD,KFC1f-524,Amari et al. (2014) GCA 59:479,full,Murchison,WU 3f and/or WU NanoSIMS,,,2.15,2.2,11.4929568483736,0.0597655377842048,,,,,58.9218322436551,32.7020975249555,-23.9749815997707,36.8355599233512,,
Gra-2014-AMA-000875,HD,KFC1f-534,Amari et al. (2014) GCA 59:479,full,Murchison,WU 3f and/or WU NanoSIMS,,,2.15,2.2,286.087380723563,1.88793580258047,,,,,-3.44921808483256,25.9573339664743,-18.0632613187275,30.4891717708919,,
Gra-2014-AMA-000876,HD,KFC1f-551,Amari et al. (2014) GCA 59:479,full,Murchison,WU 3f and/or WU NanoSIMS,,,2.15,2.2,558.813996439604,3.77111561078727,,,,,-17.9034614942916,10.9742897345406,-36.6851802040136,12.9766299373602,,
Gra-2014-AMA-000877,HD,KFC1f-552,Amari et al. (2014) GCA 59:479,full,Murchison,WU 3f and/or WU NanoSIMS,,,2.15,2.2,328.499785827399,2.90036215265784,,,,,-45.0299183038242,39.5370412201,-51.7600669206737,46.5723138948931,,
Gra-2014-AMA-000878,HD,KFC1f-553,Amari et al. (2014) GCA 59:479,full,Murchison,WU 3f and/or WU NanoSIMS,,,2.15,2.2,199.634697789581,1.33990400160029,,,,,99.1165091220136,162.392568755232,-296.800872569914,148.215962246573,,
Gra-2014-AMA-000879,HD,KFC1f-561,Amari et al. (2014) GCA 59:479,full,Murchison,WU 3f and/or WU NanoSIMS,,,2.15,2.2,432.361506730371,3.38016736209879,,,,,-30.5756748943653,51.8000431517661,-24.270567613823,61.4548914496959,,
Gra-2014-AMA-000880,HD,KFC1f-561,Amari et al. (2014) GCA 59:479,full,Murchison,WU 3f and/or WU NanoSIMS,,,2.15,2.2,397.363377293915,3.28978906750662,,,,,-30.5756748943653,34.6143780238531,-0.623686489650166,41.6609772974474,,
Gra-2014-AMA-000881,HD,KFC1f-571,Amari et al. (2014) GCA 59:479,full,Murchison,WU 3f and/or WU NanoSIMS,,,2.15,2.2,8.47122456549594,0.043463577591394,,,,,-2.26119807857572,35.9446357058956,-57.9673732157689,41.1305108429154,,
Gra-2014-AMA-000882,HD,KFC1f-572,Amari et al. (2014) GCA 59:479,full,Murchison,WU 3f and/or WU NanoSIMS,,,2.15,2.2,115.233944372342,0.655507064626931,,,,,-6.61727143485091,17.0911990170259,3.51451770708011,20.4198647506831,,
Gra-2014-AMA-000883,HD,KFC1f-601,Amari et al. (2014) GCA 59:479,full,Murchison,WU 3f and/or WU NanoSIMS,,,2.15,2.2,14.6637312484841,0.0759581445988635,,,,,9.02499198086493,26.4734590494376,27.456984845305,31.6620305626353,,
Gra-2014-AMA-000884,HD,KFC1f-602,Amari et al. (2014) GCA 59:479,full,Murchison,WU 3f and/or WU NanoSIMS,,,2.15,2.2,425.822231272705,3.45379889515939,,,,,-24.4375715287045,37.0597387003314,58.7891023348337,45.9811927940417,,
Gra-2014-AMA-000885,HD,KFC1f-603,Amari et al. (2014) GCA 59:479,full,Murchison,WU 3f and/or WU NanoSIMS,,,2.15,2.2,524.232407393779,4.43469498266874,,,,,-28.5956415506037,20.48616284659,-48.8042067801521,24.0110445717213,,
Gra-2014-AMA-000886,HD,KFC1f-604,Amari et al. (2014) GCA 59:479,full,Murchison,WU 3f and/or WU NanoSIMS,,,2.15,2.2,330.998746853749,2.53186883392669,,,,,-13.7453914723924,30.5866039863805,-36.6851802040136,35.7138001666954,,
Gra-2014-AMA-000887,HD,KFC1f-621,Amari et al. (2014) GCA 59:479,full,Murchison,WU 3f and/or WU NanoSIMS,,,2.15,2.2,778.250712114668,8.00972652162519,,,,,-88.1946451978251,61.9062978495732,98.102042203771,81.5464845059192,,
Gra-2014-AMA-000888,HD,KFC1f-622,Amari et al. (2014) GCA 59:479,full,Murchison,WU 3f and/or WU NanoSIMS,,,2.15,2.2,9.0306450556702,0.0466776368664434,,,,,-49.9800016632279,28.7425282110454,-57.6717872017168,33.8838460572945,,
Gra-2014-AMA-000889,HD,KFC1f-623,Amari et al. (2014) GCA 59:479,full,Murchison,WU 3f and/or WU NanoSIMS,,,2.15,2.2,496.755773690213,4.16287226635353,,,,,-14.537404809897,19.4823457677499,-22.2014655154578,23.0048450704295,,
Gra-2014-AMA-000890,HD,KFC1f-631,Amari et al. (2014) GCA 59:479,full,Murchison,WU 3f and/or WU NanoSIMS,,,2.15,2.2,17.1734548959641,0.0903616448737601,,,,,-27.6056248787229,63.7768548290491,-57.3762011876646,74.03580710433,,
Gra-2014-AMA-000891,HD,KFC1f-651,Amari et al. (2014) GCA 59:479,full,Murchison,WU 3f and/or WU NanoSIMS,,,2.15,2.2,208.73274659857,1.40760565219,,,,,-26.2196015380899,24.3189333268562,-61.2188193703429,28.2088540226606,,
Gra-2014-AMA-000892,HD,KFC1f-652,Amari et al. (2014) GCA 59:479,full,Murchison,WU 3f and/or WU NanoSIMS,,,2.15,2.2,546.374643779133,4.51825998541358,,,,,-30.3776715599891,16.9587205040098,-32.2513899932312,20.1151499998907,,
Gra-2014-AMA-000893,HD,KFC1f-653,Amari et al. (2014) GCA 59:479,full,Murchison,WU 3f and/or WU NanoSIMS,,,2.15,2.2,9.75589457705912,0.0499120963418251,,,,,-11.3693514598785,23.152740154111,-14.2206431360495,27.3926525194582,,
Gra-2014-AMA-000894,HD,KFC1f-654,Amari et al. (2014) GCA 59:479,full,Murchison,WU 3f and/or WU NanoSIMS,,,2.15,2.2,238.477422994779,1.60791499183307,,,,,4.47091529021337,23.1422850605025,-10.9691969814758,27.1654444359189,,
Gra-2014-AMA-000895,HD,KFC1f-655,Amari et al. (2014) GCA 59:479,full,Murchison,WU 3f and/or WU NanoSIMS,,,2.15,2.2,47.224882876223,0.270973138090009,,,,,-37.5057915975304,34.8678804163331,-18.3588473327796,41.7393007265168,,
Gra-2014-AMA-000896,HD,KFC1f-661,Amari et al. (2014) GCA 59:479,full,Murchison,WU 3f and/or WU NanoSIMS,,,2.15,2.2,366.200602869564,2.76428562618312,,,,,-45.6239283069527,58.9695227001931,100.466730316188,75.7374349564989,,
Gra-2014-AMA-000897,HD,KFC1f-662,Amari et al. (2014) GCA 59:479,full,Murchison,WU 3f and/or WU NanoSIMS,,,2.15,2.2,484.682721975211,3.6859572643163,,,,,78.3261590125177,53.8032726706112,237.323054822338,68.8638046887592,,
Gra-2014-AMA-000898,HD,KFC1f-663,Amari et al. (2014) GCA 59:479,full,Murchison,WU 3f and/or WU NanoSIMS,,,2.15,2.2,316.341168506623,2.31951052986289,,,,,3.08489194958028,74.0647294493198,-164.378338274546,78.7583169882369,,
Gra-2014-AMA-000899,HD,KFC1f-701,Amari et al. (2014) GCA 59:479,full,Murchison,WU 3f and/or WU NanoSIMS,,,2.15,2.2,85.2402828050793,0.470021089517101,,,,,-20.2795015068052,15.0483147019282,-42.0057284569524,17.6654442290515,,
Gra-2014-AMA-000900,HD,KFC1f-721,Amari et al. (2014) GCA 59:479,full,Murchison,WU 3f and/or WU NanoSIMS,,,2.15,2.2,422.067185141552,3.45159466482662,,,,,-18.2994681630438,88.7977265273685,41.0539414917044,108.595860436276,,
Gra-2014-AMA-000901,HD,KFC1f-722,Amari et al. (2014) GCA 59:479,full,Murchison,WU 3f and/or WU NanoSIMS,,,2.15,2.2,495.470173861823,3.97238147325998,,,,,30.0133454247369,28.4455840294085,-21.6102934873535,32.6785811675584,,
Gra-2014-AMA-000902,HD,KFC1f-723,Amari et al. (2014) GCA 59:479,full,Murchison,WU 3f and/or WU NanoSIMS,,,2.15,2.2,73.1282181742583,0.410261742183985,,,,,-43.4458916288151,42.259997444155,24.5011247047835,51.9917446132642,,
Gra-2014-AMA-000903,HD,KFC1f-731,Amari et al. (2014) GCA 59:479,full,Murchison,WU 3f and/or WU NanoSIMS,,,2.15,2.2,91.3404938836871,0.511917961730286,,,,,-52.3560416757418,29.2526088984215,-24.566153627875,35.2233581316639,,
Gra-2014-AMA-000904,HD,KFC1f-732,Amari et al. (2014) GCA 59:479,full,Murchison,WU 3f and/or WU NanoSIMS,,,2.15,2.2,620.783641959171,6.60561530389106,,,,,-51.7620316726133,231.29383004094,75.933091149859,293.976400201102,,
Gra-2014-AMA-000905,HD,KFC1f-743,Amari et al. (2014) GCA 59:479,full,Murchison,WU 3f and/or WU NanoSIMS,,,2.15,2.2,360.138591384891,3.45792365334117,,,,,32.587388771627,93.8304165001585,-140.731457150374,99.6688698716504,,
Gra-2014-AMA-000906,HD,KFC1f-744,Amari et al. (2014) GCA 59:479,full,Murchison,WU 3f and/or WU NanoSIMS,,,2.15,2.2,84.8624446720781,0.538397657675452,,,,,87.8303190625731,118.314334475357,57.6067582786253,137.275988738161,,
Gra-2014-AMA-000907,HD,KFC1f-745,Amari et al. (2014) GCA 59:479,full,Murchison,WU 3f and/or WU NanoSIMS,,,2.15,2.2,1659.58456293523,28.6223812617405,,,,,-57.5041283695217,102.781801741753,305.603424068387,146.893085041801,,
Gra-2014-AMA-000908,HD,KFC1f-745b,Amari et al. (2014) GCA 59:479,full,Murchison,WU 3f and/or WU NanoSIMS,,,2.15,2.2,1908.009519436,23.9605212851905,,,,,-150.961702195065,94.0433326517566,288.755021267414,141.7807275864,,
Gra-2014-AMA-000909,HD,KFC1f-771,Amari et al. (2014) GCA 59:479,full,Murchison,WU 3f and/or WU NanoSIMS,,,2.15,2.2,155.271431614119,0.964108393609557,,,,,-67.008288419577,38.2874135683358,80.3668813606415,49.3423548167872,,
Gra-2015-GRO-000001,MD,OR1f4m-1,Groopman (2015) Dissertation; St. Louis,full,Orgueil,WU NanoSIMS,5.14,,2.02,2.04,465.347368421053,2.17931498417746,,,,,-55.8563214677951,28.4523942457808,-25.9436171209142,25.0405720648278,0.0481727311989116,0.00467021405854621
Gra-2015-GRO-000002,MD,OR1f4m-2,Groopman (2015) Dissertation; St. Louis,full,Orgueil,WU NanoSIMS,3.85,,2.02,2.04,127.668509591736,0.462481609047055,,,,,-98.6497835777503,48.0685060561084,-37.9320033717339,54.8172679343567,1.25387464841514,0.0995041938933309
Gra-2015-GRO-000003,MD,OR1f4m-3,Groopman (2015) Dissertation; St. Louis,full,Orgueil,WU NanoSIMS,3.81,,2.02,2.04,806.698750614855,4.17814516965139,,,,,99.8126493959557,67.632766135083,144.291467640723,77.6479261844834,0.246447648822083,0.0210603475180288
Gra-2015-GRO-000004,MD,OR1f4m-4,Groopman (2015) Dissertation; St. Louis,full,Orgueil,WU NanoSIMS,2.8,,2.02,2.04,11.9357009345794,0.0397154444197249,,,,,3.4756767233024,28.4093363220586,-19.9494239955045,22.5937031770013,0.134574648915233,0.00677513894676039
Gra-2015-GRO-000005,MD,OR1f4m-5,Groopman (2015) Dissertation; St. Louis,full,Orgueil,WU NanoSIMS,3.9,,2.02,2.04,474.238740777177,2.26498212390054,,,,,15.2593836811161,26.422851806109,9.72183197527388,18.8109413214244,0.29105672072727,0.0122273203216801
Gra-2015-GRO-000006,MD,OR1f4m-7,Groopman (2015) Dissertation; St. Louis,full,Orgueil,WU NanoSIMS,3.2,,2.02,2.04,89.4549375307427,0.320463591589614,,,,,-26.2936882227534,25.8181718483542,-22.9465205582094,19.0985489790268,0.0596581208128818,0.00160121311824298
Gra-2015-GRO-000007,MD,OR1f4m-8,Groopman (2015) Dissertation; St. Louis,full,Orgueil,WU NanoSIMS,4.2,,2.02,2.04,97.9983866207575,0.347665181208831,,,,,14.6391885780737,31.6260777600107,-18.1511660578816,27.5151459205579,,
Gra-2015-GRO-000008,MD,OR1f4m-9,Groopman (2015) Dissertation; St. Louis,full,Orgueil,WU NanoSIMS,4,,2.02,2.04,322.215602557796,1.31521830832048,,,,,54.1249434718005,28.6903359513536,-17.5517467453407,20.966831491065,0.0206480689252785,0.00174772160841434
Gra-2015-GRO-000009,MD,OR1f4m-10,Groopman (2015) Dissertation; St. Louis,full,Orgueil,WU NanoSIMS,2.9,,2.02,2.04,559.093359567142,2.54014285193935,,,,,-49.6543704373669,34.1014922470157,153.282757328838,37.1808448437668,,
Gra-2015-GRO-000010,MD,OR1f4m-11,Groopman (2015) Dissertation; St. Louis,full,Orgueil,WU NanoSIMS,5,,2.02,2.04,585.477540580423,2.59099363619247,,,,,18.9805542993733,29.0196523057306,11.8197995691671,23.5006887859129,,
Gra-2015-GRO-000011,MD,OR1f4m-12,Groopman (2015) Dissertation; St. Louis,full,Orgueil,WU NanoSIMS,2.9,,2.02,2.04,27.6115769798328,0.092221347584985,,,,,3.26894502228825,28.2924409829275,-6.76219911960285,22.6016861166668,0.277320495203707,0.0199487820536652
Gra-2015-GRO-000012,MD,OR1f4m-13,Groopman (2015) Dissertation; St. Louis,full,Orgueil,WU NanoSIMS,3.7,,2.02,2.04,444.955199212986,2.07384430932731,,,,,-56.476516570838,31.9904569648796,0.430832630888833,31.2232328773413,0.0798555490084684,0.00576140982037961
Gra-2015-GRO-000013,MD,OR1f4m-14,Groopman (2015) Dissertation; St. Louis,full,Orgueil,WU NanoSIMS,3.5,,2.02,2.04,9.74185145105755,0.0324870236005904,,,,,-69.2938820337232,23.8308707482172,-35.2346164652992,16.9854233859231,4.80817172886884,0.32944101654358
Gra-2015-GRO-000014,MD,OR1f4m-15,Groopman (2015) Dissertation; St. Louis,full,Orgueil,WU NanoSIMS,3.77,,2.02,2.04,345.410486965076,1.40008652884415,,,,,67.3557723367142,32.2200122633565,2.52880022478208,26.7427444625929,0.538871063819028,0.0787753623276074
Gra-2015-GRO-000015,MD,OR1f4m-16,Groopman (2015) Dissertation; St. Louis,full,Orgueil,WU NanoSIMS,2.3,,2.02,2.04,685.312188883424,2.88849457238635,,,,,-59.3707603850379,50.7955409549671,-22.0473915893978,57.2002652735504,0.738107778280777,0.0445184191027209
Gra-2015-GRO-000016,MD,OR1f4m-17,Groopman (2015) Dissertation; St. Louis,full,Orgueil,WU NanoSIMS,2.7,,2.02,2.04,197.253162813576,0.817584625065376,,,,,-16.1638348730537,39.4428771116148,6.12531610002809,40.7907784482227,0.64265443691191,0.0270869488608815
Gra-2015-GRO-000017,MD,OR1g2m-1,Groopman (2015) Dissertation; St. Louis,full,Orgueil,WU NanoSIMS,5.1,,2.04,2.12,146.514353172651,0.532593552001811,,,,,36.7594805866012,28.6847664947384,48.983796946708,22.6980475960098,,
Gra-2015-GRO-000018,MD,OR1g2m-2,Groopman (2015) Dissertation; St. Louis,full,Orgueil,WU NanoSIMS,3,,2.04,2.12,652.742705361535,3.29947194472421,,,,,-16.5772982750824,51.8868913100539,143.092629015641,61.8279625402229,0.333888489948559,0.0115703205759974
Gra-2015-GRO-000019,MD,OR1g2m-3,Groopman (2015) Dissertation; St. Louis,full,Orgueil,WU NanoSIMS,6.5,,2.04,2.12,313.034294146581,1.34873902253656,,,,,-56.2697848698236,36.196378287635,-4.96394118198007,37.4321947061256,,
Gra-2015-GRO-000020,MD,OR1g2m-4,Groopman (2015) Dissertation; St. Louis,full,Orgueil,WU NanoSIMS,7.6,,2.04,2.12,77.8285017215937,0.297785887383393,,,,,-67.4332967245949,28.6188332132069,-47.5227123723893,25.4352378023767,0.156073501815442,0.00427730990634172
Gra-2015-GRO-000021,MD,OR1g2m-5,Groopman (2015) Dissertation; St. Louis,full,Orgueil,WU NanoSIMS,3.7,,2.04,2.12,5.34545440236104,0.017632484582911,,,,,-50.0678338393954,31.7101786275095,22.3096375386345,30.9375137903413,1.60028586229767,0.0950916036871337
Gra-2015-GRO-000022,MD,OR1g2m-6,Groopman (2015) Dissertation; St. Louis,full,Orgueil,WU NanoSIMS,6.4,,2.04,2.12,89.4935956714215,0.324167859060806,,,,,-145.99134311002,23.3004548200008,-15.7534888077175,19.8441293728826,,
Gra-2015-GRO-000023,MD,OR1g2m-8,Groopman (2015) Dissertation; St. Louis,full,Orgueil,WU NanoSIMS,3,,2.04,2.12,396.535878012789,1.59481505202,,,,,93.4039666645132,40.3908710674043,239.299428678468,42.8346454775646,,
Gra-2015-GRO-000024,MD,OR1g2m-9,Groopman (2015) Dissertation; St. Louis,full,Orgueil,WU NanoSIMS,4,,2.04,2.12,462.834589276931,1.95018764249013,,,,,22.0815298145873,26.8029129365781,-2.26655427554567,19.0687048102495,,
Gra-2015-GRO-000025,MD,OR1g2m-11,Groopman (2015) Dissertation; St. Louis,full,Orgueil,WU NanoSIMS,4.57,,2.04,2.12,110.948863748155,0.412079952005289,,,,,3.4756767233024,30.0600191671261,29.8023789453965,26.2214171780445,0.00852094911634466,0.000946475735352298
Gra-2015-GRO-000026,MD,OR1g2m-12,Groopman (2015) Dissertation; St. Louis,full,Orgueil,WU NanoSIMS,4.4,,2.04,2.12,308.975189375307,1.30441250377823,,,,,-27.7408101298533,27.2354595834716,8.22328369392156,22.2719743285549,,
Gra-2015-GRO-000027,MD,OR1g2m-13,Groopman (2015) Dissertation; St. Louis,full,Orgueil,WU NanoSIMS,4.6,,2.04,2.12,287.713212001967,1.28521901911608,,,,,-52.9620776535953,35.0479274006251,-72.9980331553808,34.1770698052938,,
Gra-2016-HAE-000001,,LAP-141,Haenecour et al. (2016) ApJ 825:88,full,LAP 031117,WU NanoSIMS,0.3,,,,537,24,,,,,,,,,,
Gra-2016-HAE-000002,,LAP-149,Haenecour et al. (2016) ApJ 825:88,full,LAP 031117,WU NanoSIMS,1,,,,1.41,0.01,941,81,,,-8,24,-23,29,,
Gra-2016-XUY-000001,LD,QZR_J_2_17,Xu et al. (2016) ApJ 825:111,full,Qingzhen,IGGCAS NanoSIMS,2.7,,1.75,1.85,17.9,0.9,,,,,,,289,82,,
Gra-2016-XUY-000002,LD,QZR_J_2_24,Xu et al. (2016) ApJ 825:111,full,Qingzhen,IGGCAS NanoSIMS,1.1,,1.75,1.85,199,15,,,,,,,-109,52,,
Gra-2016-XUY-000003,LD,QZR-J-2-42-a,Xu et al. (2016) ApJ 825:111,full,Qingzhen,IGGCAS NanoSIMS,1,,1.75,1.85,130,6,,,,,,,-123,52,,
Gra-2016-XUY-000004,LD,QZR-J-2-42-b,Xu et al. (2016) ApJ 825:111,full,Qingzhen,IGGCAS NanoSIMS,2.6,,1.75,1.85,23.7,0.9,,,,,,,-76,132,,
Gra-2016-XUY-000005,LD,QZR-J-2-56,Xu et al. (2016) ApJ 825:111,full,Qingzhen,IGGCAS NanoSIMS,1.4,,1.75,1.85,18,0.7,,,,,,,281,69,,
Gra-2016-XUY-000006,LD,QZR-J-2-64,Xu et al. (2016) ApJ 825:111,full,Qingzhen,IGGCAS NanoSIMS,2.2,,1.75,1.85,8.7,0.5,,,,,,,123,172,,
Gra-2016-XUY-000007,LD,QZR-J-2-72,Xu et al. (2016) ApJ 825:111,full,Qingzhen,IGGCAS NanoSIMS,1.6,,1.75,1.85,56,2,,,,,,,-30,239,,
Gra-2016-XUY-000008,LD,QZR-J-2-73,Xu et al. (2016) ApJ 825:111,full,Qingzhen,IGGCAS NanoSIMS,1.7,,1.75,1.85,17.3,0.7,,,,,,,-140,288,,
Gra-2016-XUY-000009,LD,QZR-J-3-22,Xu et al. (2016) ApJ 825:111,full,Qingzhen,IGGCAS NanoSIMS,1.6,,1.75,1.85,19.5,0.9,,,,,,,33,211,,
Gra-2016-XUY-000010,LD,QZR-J-3-49,Xu et al. (2016) ApJ 825:111,full,Qingzhen,IGGCAS NanoSIMS,1.5,,1.75,1.85,11.1,0.5,,,,,,,-90,433,,
Gra-2016-XUY-000011,LD,QZR-J-3-67,Xu et al. (2016) ApJ 825:111,full,Qingzhen,IGGCAS NanoSIMS,3.3,,1.75,1.85,159,6,,,,,,,-256,32,,
Gra-2016-XUY-000012,LD,QZR-J-3-68,Xu et al. (2016) ApJ 825:111,full,Qingzhen,IGGCAS NanoSIMS,2,,1.75,1.85,10.9,0.5,,,,,,,53,15,,
Gra-2016-XUY-000013,LD,QZR-J-4-15,Xu et al. (2016) ApJ 825:111,full,Qingzhen,IGGCAS NanoSIMS,1.6,,1.75,1.85,224,6,,,,,,,117,32,,
Gra-2016-XUY-000014,LD,QZR-J-4-16,Xu et al. (2016) ApJ 825:111,full,Qingzhen,IGGCAS NanoSIMS,3.2,,1.75,1.85,245,12,,,,,,,93,41,,
Gra-2016-XUY-000015,LD,QZR-J-5-9,Xu et al. (2016) ApJ 825:111,full,Qingzhen,IGGCAS NanoSIMS,3.5,,1.75,1.85,123,43,,,,,,,2,313,,
Gra-2016-XUY-000016,LD,QZR-J-6-4,Xu et al. (2016) ApJ 825:111,full,Qingzhen,IGGCAS NanoSIMS,1.7,,1.75,1.85,22.8,0.6,,,,,,,-63,243,,
Gra-2016-XUY-000017,LD,QZR-J-6-11,Xu et al. (2016) ApJ 825:111,full,Qingzhen,IGGCAS NanoSIMS,1.3,,1.75,1.85,150.7,0.7,,,,,,,-256,35,,
Gra-2016-XUY-000018,LD,QZR-J-6-27,Xu et al. (2016) ApJ 825:111,full,Qingzhen,IGGCAS NanoSIMS,1.2,,1.75,1.85,48,3,,,,,,,152,374,,
Gra-2016-XUY-000019,LD,Mark-6,Xu et al. (2016) ApJ 825:111,full,Qingzhen,IGGCAS NanoSIMS,2.7,,1.75,1.85,21.3,0.4,,,,,218,43,36,30,,
Gra-2016-XUY-000020,LD,Mark-9,Xu et al. (2016) ApJ 825:111,full,Qingzhen,IGGCAS NanoSIMS,8.2,,1.75,1.85,7.6,0.2,,,,,40,51,23,61,,
Gra-2016-XUY-000021,LD,Pink-2,Xu et al. (2016) ApJ 825:111,full,Qingzhen,IGGCAS NanoSIMS,4.8,,1.75,1.85,29.5,0.4,,,,,-16,18,-55,18,,
Gra-2016-XUY-000022,LD,Pink-4,Xu et al. (2016) ApJ 825:111,full,Qingzhen,IGGCAS NanoSIMS,4.6,,1.75,1.85,580,52,,,,,13,36,-8,31,,
Gra-2016-XUY-000023,LD,Pink-5,Xu et al. (2016) ApJ 825:111,full,Qingzhen,IGGCAS NanoSIMS,1.7,,1.75,1.85,456,1,,,,,1,31,41,43,,
Gra-2016-XUY-000024,LD,Pink-6,Xu et al. (2016) ApJ 825:111,full,Qingzhen,IGGCAS NanoSIMS,4.9,,1.75,1.85,94.3,0.3,,,,,-26,58,22,58,,
Gra-2016-XUY-000025,LD,Pink-7,Xu et al. (2016) ApJ 825:111,full,Qingzhen,IGGCAS NanoSIMS,4.6,,1.75,1.85,51,1,,,,,-45,40,-54,63,,
Gra-2016-XUY-000026,LD,Pink-11-1,Xu et al. (2016) ApJ 825:111,full,Qingzhen,IGGCAS NanoSIMS,1.8,,1.75,1.85,13.7,0.5,,,,,-60,55,17,85,,
Gra-2016-XUY-000027,LD,Pink-13,Xu et al. (2016) ApJ 825:111,full,Qingzhen,IGGCAS NanoSIMS,3.3,,1.75,1.85,153,4,,,,,-330,50,-487,57,,
Gra-2016-XUY-000028,LD,Pink-13-1,Xu et al. (2016) ApJ 825:111,full,Qingzhen,IGGCAS NanoSIMS,1.5,,1.75,1.85,15.9,0.5,,,,,3,63,43,89,,
Gra-2016-XUY-000029,LD,Pink-14,Xu et al. (2016) ApJ 825:111,full,Qingzhen,IGGCAS NanoSIMS,4.4,,1.75,1.85,33.9,0.7,,,,,16,15,-10,22,,
Gra-2016-XUY-000030,LD,Pink-20a,Xu et al. (2016) ApJ 825:111,full,Qingzhen,IGGCAS NanoSIMS,5.2,,1.75,1.85,67.3,0.2,,,,,17,61,67,27,,
Gra-2016-XUY-000031,LD,Pink-24,Xu et al. (2016) ApJ 825:111,full,Qingzhen,IGGCAS NanoSIMS,2.4,,1.75,1.85,138,2,,,,,-178,25,-286,26,,
Gra-2016-XUY-000032,LD,Pink-35,Xu et al. (2016) ApJ 825:111,full,Qingzhen,IGGCAS NanoSIMS,3.1,,1.75,1.85,22.6,0.3,,,,,-67,17,-77,35,,
Gra-2016-XUY-000033,LD,Pink-40a,Xu et al. (2016) ApJ 825:111,full,Qingzhen,IGGCAS NanoSIMS,2.2,,1.75,1.85,755,30,,,,,58,69,-7,124,,
Gra-2016-XUY-000034,LD,Pink-41,Xu et al. (2016) ApJ 825:111,full,Qingzhen,IGGCAS NanoSIMS,5.3,,1.75,1.85,174.5,0.6,,,,,189,26,132,24,,
Gra-2016-XUY-000035,LD,Pink-43,Xu et al. (2016) ApJ 825:111,full,Qingzhen,IGGCAS NanoSIMS,3.6,,1.75,1.85,14.8,0.2,,,,,38,37,20,53,,
Gra-2016-XUY-000036,LD,Pink-52,Xu et al. (2016) ApJ 825:111,full,Qingzhen,IGGCAS NanoSIMS,3.9,,1.75,1.85,45.5,0.5,,,,,-295,21,-340,30,,
Gra-2016-XUY-000037,LD,Pink-55a,Xu et al. (2016) ApJ 825:111,full,Qingzhen,IGGCAS NanoSIMS,7.8,,1.75,1.85,99,2,,,,,172,36,69,81,,
Gra-2016-XUY-000038,LD,Pink-56,Xu et al. (2016) ApJ 825:111,full,Qingzhen,IGGCAS NanoSIMS,6.6,,1.75,1.85,139,3,,,,,60,32,35,64,,
Gra-2016-XUY-000039,LD,Pink-57,Xu et al. (2016) ApJ 825:111,full,Qingzhen,IGGCAS NanoSIMS,4.7,,1.75,1.85,84.4,0.7,,,,,47,30,52,61,,
Gra-2016-XUY-000040,LD,Pink-60,Xu et al. (2016) ApJ 825:111,full,Qingzhen,IGGCAS NanoSIMS,13.4,,1.75,1.85,118,2,,,,,79,64,144,139,,
Gra-2016-XUY-000041,LD,Pink-61,Xu et al. (2016) ApJ 825:111,full,Qingzhen,IGGCAS NanoSIMS,4.9,,1.75,1.85,174.8,0.9,,,,,220,62,183,86,,
Gra-2016-XUY-000042,LD,Pink-61-1,Xu et al. (2016) ApJ 825:111,full,Qingzhen,IGGCAS NanoSIMS,1.5,,1.75,1.85,66.4,0.8,,,,,-27,120,-156,180,,
Gra-2016-XUY-000043,LD,Point-6,Xu et al. (2016) ApJ 825:111,full,Qingzhen,IGGCAS NanoSIMS,5.1,,1.75,1.85,97.8,0.4,,,,,120,89,74,160,,
Gra-2016-XUY-000044,LD,Point-16,Xu et al. (2016) ApJ 825:111,full,Qingzhen,IGGCAS NanoSIMS,4.1,,1.75,1.85,147,4,,,,,20,48,67,70,,
Gra-2018-GRO-000001,LD,OR1d5m-15,Groopman & Nittler (2018) GCA 221:219,full,Orgueil,WU NanoSIMS,,,1.75,1.92,18.5,0.3,205.9,4.1,,,-41,26,-64,19,,
Gra-2018-GRO-000002,LD,OR1d5m-24,Groopman & Nittler (2018) GCA 221:219,full,Orgueil,WU NanoSIMS,,,1.75,1.92,318,4.8,229.4,4.5,,,2,26,-21,16,,
Gra-2018-HEC-000001,LD,OR1d8m-1,Heck et al. (2018) MAPS 53:2327,full,Orgueil,WU NanoSIMS,11.8,,1.75,1.92,11.998,2.211,,,,,,,,,,
Gra-2018-HEC-000002,LD,OR1d8m-5,Heck et al. (2018) MAPS 53:2327,full,Orgueil,WU NanoSIMS,,,1.75,1.92,95.979,1.489,,,,,,,,,,
Gra-2018-HEC-000003,LD,OR1d8m-6,Heck et al. (2018) MAPS 53:2327,full,Orgueil,WU NanoSIMS,5,,1.75,1.92,91.477,1.004,,,,,,,,,,
Gra-2018-HEC-000004,LD,OR1d8m-7,Heck et al. (2018) MAPS 53:2327,full,Orgueil,WU NanoSIMS,6.8,,1.75,1.92,77.216,7.28,,,,,,,,,,
Gra-2018-HEC-000005,LD,OR1d8m-8,Heck et al. (2018) MAPS 53:2327,full,Orgueil,WU NanoSIMS,6.2,,1.75,1.92,94.456,0.922,,,,,,,,,,
Gra-2018-HEC-000006,LD,OR1d8m-13,Heck et al. (2018) MAPS 53:2327,full,Orgueil,WU NanoSIMS,5.2,,1.75,1.92,97.977,4.959,,,,,,,,,,
Gra-2018-HEC-000007,LD,OR1d8m-16,Heck et al. (2018) MAPS 53:2327,full,Orgueil,WU NanoSIMS,5.2,,1.75,1.92,99.801,3.503,,,,,,,,,,
Gra-2022-BAR-000001,,HY2-C-27,Barosch et al. (2022) ApJL 935:L3,full,Ryugu,CIW NanoSIMS,0.4097056,,,,224.5498839037,3.43213289872254,267.785258986289,10.6886632604106,,,-6.679134,14.73162,14.45353,18.17299,,
Gra-2022-BAR-000002,,HY2-C-48,Barosch et al. (2022) ApJL 935:L3,full,Ryugu,CIW NanoSIMS,0.4495021,,,,36.9880620400229,0.334454170560378,298.119589797857,18.7263315340293,,,,,,,,
Gra-2022-BAR-100001,,N8276-C-01,Barosch et al. (2022) GCA 335:169,full,NWA 8276,CIW NanoSIMS,0.204796187964913,,,,11.4791282648341,1.59560940251795,,,,,,,,,,
Gra-2022-ITO-000001,,C0068_25_P.G-1,Ito et al. (2022) NatAs 6:1163,full,Ryugu,JAMSTEC NanoSIMS,,,,,2.797,0.015,420,62,,,132,31,133,34,,
Gra-2023-NGU-000001,,C0002-C9,Nguyen et al. (2023) SciAdv 9:eadh1003,full,Ryugu,JSC NanoSIMS,0.265,,,,53.4,3.3,223,17,,,14,104,-39,125,,
Gra-2023-NGU-000002,,C0002-10,Nguyen et al. (2023) SciAdv 9:eadh1003,full,Ryugu,JSC NanoSIMS,0.265,,,,49.8,3,,,,,,,,,,
Gra-2023-NGU-000003,,C0002-11,Nguyen et al. (2023) SciAdv 9:eadh1003,full,Ryugu,JSC NanoSIMS,0.23,,,,131.4,7.6,,,,,,,,,,
Gra-2023-NGU-000004,,C0002-12,Nguyen et al. (2023) SciAdv 9:eadh1003,full,Ryugu,JSC NanoSIMS,0.23,,,,125.3,8.3,451,101,,,37,48,69,60,,
Gra-2023-NGU-000005,,C0002-13,Nguyen et al. (2023) SciAdv 9:eadh1003,full,Ryugu,JSC NanoSIMS,0.175,,,,123.6,9.8,,,,,,,,,,
Gra-2023-NGU-000006,,A0040-F2-C17,Nguyen et al. (2023) SciAdv 9:eadh1003,full,Ryugu,JSC NanoSIMS,0.215,,,,148,19,323,65,,,-86,106,-73,131,,
Gra-2023-NGU-000007,,A0040-F2-C18,Nguyen et al. (2023) SciAdv 9:eadh1003,full,Ryugu,JSC NanoSIMS,0.29,,,,61.7,2.5,243,20,,,-127,51,33,64,,
Gra-2023-NGU-000008,,A0040-F2-C19,Nguyen et al. (2023) SciAdv 9:eadh1003,full,Ryugu,JSC NanoSIMS,0.25,,,,65.6,3.3,,,,,,,,,,
Gra-2023-NGU-000009,,A0040-F2-C-2,Nguyen et al. (2023) SciAdv 9:eadh1003,full,Ryugu,JSC NanoSIMS,0.265,,,,129,12,,,,,,,,,,
Gra-2023-NGU-000010,,A0040-F3-C7,Nguyen et al. (2023) SciAdv 9:eadh1003,full,Ryugu,JSC NanoSIMS,0.34,,,,128.4,7.8,,,,,,,,,,
Gra-2023-NGU-000011,,A0040-F3-C8,Nguyen et al. (2023) SciAdv 9:eadh1003,full,Ryugu,JSC NanoSIMS,0.32,,,,124.8,8.8,,,,,,,,,,
