chemin,octets,sha256,type,domaine,jeu,fournisseur,identifiant,licence,description,origine
RETRAITS.json,1967,54fa300dfdf435ae5f99cce8a92491c240628e3103d3c6a65f73baf69faf9a9f,documentation,provenance,tables candidates,ORI-C,construit le 2026-08-07 depuis 04_acquisitions_externes,suit la licence de la source primaire,Proposition non validee. Voir 05_tables_candidates/NOTICE.md.,derive des acquisitions externes
01_sources_primaires/astronomie_orbites/imcce_la2004/INSOLN.LA2004.BTL.ASC,4590090,3f13b9f8e69085baf40bc67a2669e6f6af4148fef9218ed2158772aa91e35f8c,source primaire,astronomie_orbites,imcce_la2004,IMCCE,"Laskar et al. 2004, La2004","usage academique, citation obligatoire",Solution d'insolation et d'elements orbitaux de la Terre sur 100 Ma.,depot ORI-C
01_sources_primaires/astronomie_orbites/imcce_la2004/La2004_README.TXT,8678,7b5ab619cbc629425fd19879ca81d0b8439e134668a8f26579e9bdf613ed8b9e,source primaire,astronomie_orbites,imcce_la2004,IMCCE,"Laskar et al. 2004, La2004","usage academique, citation obligatoire",Solution d'insolation et d'elements orbitaux de la Terre sur 100 Ma.,depot ORI-C
01_sources_primaires/astronomie_orbites/imcce_la2004/PROVENANCE.md,1225,ca6ce3606b309c291be2fe426cf9175fd569db18c30ec6861dc7f8909b957255,source primaire,astronomie_orbites,imcce_la2004,IMCCE,"Laskar et al. 2004, La2004","usage academique, citation obligatoire",Solution d'insolation et d'elements orbitaux de la Terre sur 100 Ma.,depot ORI-C
01_sources_primaires/astronomie_orbites/imcce_la2010/La2010a_ecc3.dat,1200000,2a7ec20683cb46f8fe1d50ab9fe40f04a3d7a1cfdab3b0f6ab90adb1b26bdf9c,source primaire,astronomie_orbites,imcce_la2010,IMCCE,"Laskar et al. 2011, La2010a-d","usage academique, citation obligatoire","Quatre solutions d'excentricite terrestre, reference independante de l'integration N-corps.",depot ORI-C
01_sources_primaires/astronomie_orbites/imcce_la2010/La2010a_ecc3L.dat,6000000,e96e8b5c006913afcb0efada16ef17f286bb8544f41b14623e02c9fbc05df26d,source primaire,astronomie_orbites,imcce_la2010,IMCCE,"Laskar et al. 2011, La2010a-d","usage academique, citation obligatoire","Quatre solutions d'excentricite terrestre, reference independante de l'integration N-corps.",depot ORI-C
01_sources_primaires/astronomie_orbites/imcce_la2010/La2010b_ecc3.dat,1200000,35fb5609133491b256d22b794a5634270ad062b531afe34009906377a6a4d43f,source primaire,astronomie_orbites,imcce_la2010,IMCCE,"Laskar et al. 2011, La2010a-d","usage academique, citation obligatoire","Quatre solutions d'excentricite terrestre, reference independante de l'integration N-corps.",depot ORI-C
01_sources_primaires/astronomie_orbites/imcce_la2010/La2010c_ecc3.dat,1200000,39024eb1e97a6f2cceb1ab8677d2c73f48d636a3c2909cf6e32431d7b4179649,source primaire,astronomie_orbites,imcce_la2010,IMCCE,"Laskar et al. 2011, La2010a-d","usage academique, citation obligatoire","Quatre solutions d'excentricite terrestre, reference independante de l'integration N-corps.",depot ORI-C
01_sources_primaires/astronomie_orbites/imcce_la2010/La2010d_ecc3.dat,1200000,c825c08f04b65f49808c9a1378b8aa2bddbab50449a708efd8b3a781ce80e6b9,source primaire,astronomie_orbites,imcce_la2010,IMCCE,"Laskar et al. 2011, La2010a-d","usage academique, citation obligatoire","Quatre solutions d'excentricite terrestre, reference independante de l'integration N-corps.",depot ORI-C
01_sources_primaires/astronomie_orbites/imcce_la2010/PROVENANCE.md,1592,5ff0918703478f5f256b2989e8ab8402c13f2b5cf4500b452b8df9c4256bb6f0,source primaire,astronomie_orbites,imcce_la2010,IMCCE,"Laskar et al. 2011, La2010a-d","usage academique, citation obligatoire","Quatre solutions d'excentricite terrestre, reference independante de l'integration N-corps.",depot ORI-C
01_sources_primaires/astronomie_orbites/imcce_la2010/README.TXT,3798,8c6bd60958738db3b2d688ce9cfe8bf05fcd6812ea4c0ea5ba7c948fe01fb93a,source primaire,astronomie_orbites,imcce_la2010,IMCCE,"Laskar et al. 2011, La2010a-d","usage academique, citation obligatoire","Quatre solutions d'excentricite terrestre, reference independante de l'integration N-corps.",depot ORI-C
01_sources_primaires/astronomie_orbites/jpl_horizons_de441/HORIZONS_PROVENANCE.md,1383,92e8e7ab2399d272ac57fa943052779d6c1d65c47ce4374973c3ef43f0bebea9,source primaire,astronomie_orbites,jpl_horizons_de441,NASA JPL,"Horizons, ephemeride DE441",domaine public NASA,"Positions et vitesses mesurees de 15 corps a J2000, plus elements terrestres J2000 a -6 ka.",depot ORI-C
01_sources_primaires/astronomie_orbites/jpl_horizons_de441/PROVENANCE_horizons.md,988,1688f5a2b64870036a82b58198d7b989e839575ea686f6aa1a1a78bee9f5b798,source primaire,astronomie_orbites,jpl_horizons_de441,NASA JPL,"Horizons, ephemeride DE441",domaine public NASA,"Positions et vitesses mesurees de 15 corps a J2000, plus elements terrestres J2000 a -6 ka.",depot ORI-C
01_sources_primaires/astronomie_orbites/jpl_horizons_de441/earth_elements_j2000_to_minus6kyr.csv,8585,e7b0c8815a372075c390191cf08cffade5658c5ba3c18a2d5487e9f0681b5446,source primaire,astronomie_orbites,jpl_horizons_de441,NASA JPL,"Horizons, ephemeride DE441",domaine public NASA,"Positions et vitesses mesurees de 15 corps a J2000, plus elements terrestres J2000 a -6 ka.",depot ORI-C
01_sources_primaires/astronomie_orbites/jpl_horizons_de441/earth_elements_j2000_to_minus6kyr_raw.json,27360,b90167aa7b68d00fdf1360f58871c3e105855e325f68eb790422a0356ed3c585,source primaire,astronomie_orbites,jpl_horizons_de441,NASA JPL,"Horizons, ephemeride DE441",domaine public NASA,"Positions et vitesses mesurees de 15 corps a J2000, plus elements terrestres J2000 a -6 ka.",depot ORI-C
01_sources_primaires/astronomie_orbites/jpl_horizons_de441/horizons_j2000_de441.csv,3410,81d85970b75ea46d750782f4a57a0ba7ecc4a6adf1c6a031d88ac34e3b98c1c2,source primaire,astronomie_orbites,jpl_horizons_de441,NASA JPL,"Horizons, ephemeride DE441",domaine public NASA,"Positions et vitesses mesurees de 15 corps a J2000, plus elements terrestres J2000 a -6 ka.",depot ORI-C
01_sources_primaires/astronomie_orbites/jpl_horizons_de441/horizons_j2000_de441_raw.json,90749,0076d4c24dc4faf952fa10fcd2519d8b963d81ad913ed7f555baf5a16909d660,source primaire,astronomie_orbites,jpl_horizons_de441,NASA JPL,"Horizons, ephemeride DE441",domaine public NASA,"Positions et vitesses mesurees de 15 corps a J2000, plus elements terrestres J2000 a -6 ka.",depot ORI-C
01_sources_primaires/astronomie_orbites/jpl_horizons_de441/planetary_j2000.csv,1076,2bcd34f8e92607c9d362133139ac86561b37108b55ca26ad9b6d7ee2a4d95c57,source primaire,astronomie_orbites,jpl_horizons_de441,NASA JPL,"Horizons, ephemeride DE441",domaine public NASA,"Positions et vitesses mesurees de 15 corps a J2000, plus elements terrestres J2000 a -6 ka.",depot ORI-C
01_sources_primaires/astronomie_orbites/nasa_exoplanet_archive/NASA_Exoplanet_Archive_PS_default.csv,3153921,2d07e1b00510911bbbf5bdd9174ea9c848f14c36f6f49865945b435bc8874c9a,source primaire,astronomie_orbites,nasa_exoplanet_archive,NASA / Caltech IPAC,"Planetary Systems, table par defaut",domaine public NASA,"Catalogue observationnel des systemes planetaires, requete TAP conservee.",depot ORI-C
01_sources_primaires/astronomie_orbites/nasa_exoplanet_archive/PROVENANCE_EXOPLANET_ARCHIVE.json,1457,1f0e47fbee621a959a995472f33bed18e5a388cfbf3acd4600635ea8796e9989,source primaire,astronomie_orbites,nasa_exoplanet_archive,NASA / Caltech IPAC,"Planetary Systems, table par defaut",domaine public NASA,"Catalogue observationnel des systemes planetaires, requete TAP conservee.",depot ORI-C
01_sources_primaires/biologie_evolution/dryad_card_2019_ltee/MICs_Ara5_population.csv,1023,489201e27119c1bc6865f4a60626b0b1d12ee88913a4a915bc2d2fe3e898666a,source primaire,biologie_evolution,dryad_card_2019_ltee,Dryad,10.5061/dryad.g41hg96,CC0-1.0,"MIC de la population Ara+5 du LTEE, replication externe temporelle.",depot ORI-C
01_sources_primaires/biologie_evolution/dryad_card_2019_ltee/SOURCE.json,711,9a323ac6d7399ed909b55b40698db9bbb149796de7166e28f030dfc653d0f22b,source primaire,biologie_evolution,dryad_card_2019_ltee,Dryad,10.5061/dryad.g41hg96,CC0-1.0,"MIC de la population Ara+5 du LTEE, replication externe temporelle.",depot ORI-C
01_sources_primaires/biologie_evolution/dryad_donofrio_2026_antibiotiques/SOURCE.json,1533,44910659200ba2a899b210402523ce68fa21f6cbf1a27c537bea92184b267172,source primaire,biologie_evolution,dryad_donofrio_2026_antibiotiques,Dryad,10.5061/dryad.1zcrjdg68,CC0-1.0,"MIC, fitness limitee en C et en N. Jeu du resultat positif histoire vs etat seul.",depot ORI-C
01_sources_primaires/biologie_evolution/dryad_donofrio_2026_antibiotiques/extracted/Figure_2_C-limited_Fitness.csv,5311,b64f982c5f08903c01fc66c43d27cf5cfdd32744d00893be9e051db35a5c47d6,source primaire,biologie_evolution,dryad_donofrio_2026_antibiotiques,Dryad,10.5061/dryad.1zcrjdg68,CC0-1.0,"MIC, fitness limitee en C et en N. Jeu du resultat positif histoire vs etat seul.",depot ORI-C
01_sources_primaires/biologie_evolution/dryad_donofrio_2026_antibiotiques/extracted/Figure_2_N-limited_Fitness.csv,5036,3887ef43e71660b887d6663cc424519e0a29af1cc37c0eb62d79ffb01a49a9d6,source primaire,biologie_evolution,dryad_donofrio_2026_antibiotiques,Dryad,10.5061/dryad.1zcrjdg68,CC0-1.0,"MIC, fitness limitee en C et en N. Jeu du resultat positif histoire vs etat seul.",depot ORI-C
01_sources_primaires/biologie_evolution/dryad_donofrio_2026_antibiotiques/extracted/Figure_3_N-lim_Expt_MIC_Raw_Data.csv,9309,ea4bbf2784a515354d246769820c5f547f1e5856f45da3e68c8898a0c91afbb4,source primaire,biologie_evolution,dryad_donofrio_2026_antibiotiques,Dryad,10.5061/dryad.1zcrjdg68,CC0-1.0,"MIC, fitness limitee en C et en N. Jeu du resultat positif histoire vs etat seul.",depot ORI-C
01_sources_primaires/biologie_evolution/dryad_donofrio_2026_antibiotiques/raw/doi_10_5061_dryad_1zcrjdg68__v20260310.zip,38793,dfdf9be1d21b01f997d2f9fc3c1ba92187ca58845bdd78ec2e3a16490fb2c00b,source primaire,biologie_evolution,dryad_donofrio_2026_antibiotiques,Dryad,10.5061/dryad.1zcrjdg68,CC0-1.0,"MIC, fitness limitee en C et en N. Jeu du resultat positif histoire vs etat seul.",depot ORI-C
01_sources_primaires/biologie_evolution/dryad_sokolskyi_baum_2026_vesicules/SOURCE.json,3325,c9bb76da46e2e4fc2332ae80a0234303f221ab4a93f81dc8a6089a7f493ac636,source primaire,biologie_evolution,dryad_sokolskyi_baum_2026_vesicules,Dryad,10.5061/dryad.fbg79cp99,CC0-1.0,"Douze classeurs de lignees experimentales de vesicules, 11 760 couples parent-descendant.",depot ORI-C
01_sources_primaires/biologie_evolution/dryad_sokolskyi_baum_2026_vesicules/extracted/FR1_log.xlsx,74939,40abcad0cf41b02c7fa2ea1d0ba36a8666fb0e5942b7edd62abbc2e59d706610,source primaire,biologie_evolution,dryad_sokolskyi_baum_2026_vesicules,Dryad,10.5061/dryad.fbg79cp99,CC0-1.0,"Douze classeurs de lignees experimentales de vesicules, 11 760 couples parent-descendant.",depot ORI-C
01_sources_primaires/biologie_evolution/dryad_sokolskyi_baum_2026_vesicules/extracted/FR2_log.xlsx,56484,fddf328c71d8b8f5afd3f4836c6923c6fcce3693ae2a6efeeb63cf8be870666b,source primaire,biologie_evolution,dryad_sokolskyi_baum_2026_vesicules,Dryad,10.5061/dryad.fbg79cp99,CC0-1.0,"Douze classeurs de lignees experimentales de vesicules, 11 760 couples parent-descendant.",depot ORI-C
01_sources_primaires/biologie_evolution/dryad_sokolskyi_baum_2026_vesicules/extracted/FR3_log.xlsx,158376,8263937ca6f465b0e0d859316d2aa4be6cb7105b79ee38c24c44f2ab97e3599a,source primaire,biologie_evolution,dryad_sokolskyi_baum_2026_vesicules,Dryad,10.5061/dryad.fbg79cp99,CC0-1.0,"Douze classeurs de lignees experimentales de vesicules, 11 760 couples parent-descendant.",depot ORI-C
01_sources_primaires/biologie_evolution/dryad_sokolskyi_baum_2026_vesicules/extracted/FU1_log.xlsx,44659,f3a4f3a86c4c230804d60a9768159feb504a2fa7d6aab07985fea147dd2e3215,source primaire,biologie_evolution,dryad_sokolskyi_baum_2026_vesicules,Dryad,10.5061/dryad.fbg79cp99,CC0-1.0,"Douze classeurs de lignees experimentales de vesicules, 11 760 couples parent-descendant.",depot ORI-C
01_sources_primaires/biologie_evolution/dryad_sokolskyi_baum_2026_vesicules/extracted/FU2_log.xlsx,44669,c170c3f0cbb8c0caea0c3b63201fbed2614e3971234b2817f9e97522620065f4,source primaire,biologie_evolution,dryad_sokolskyi_baum_2026_vesicules,Dryad,10.5061/dryad.fbg79cp99,CC0-1.0,"Douze classeurs de lignees experimentales de vesicules, 11 760 couples parent-descendant.",depot ORI-C
01_sources_primaires/biologie_evolution/dryad_sokolskyi_baum_2026_vesicules/extracted/FU3_log.xlsx,44636,dc2871350002bcefb1685327f9dfa827eee0e0df7f120932da56be33f953ee31,source primaire,biologie_evolution,dryad_sokolskyi_baum_2026_vesicules,Dryad,10.5061/dryad.fbg79cp99,CC0-1.0,"Douze classeurs de lignees experimentales de vesicules, 11 760 couples parent-descendant.",depot ORI-C
01_sources_primaires/biologie_evolution/dryad_sokolskyi_baum_2026_vesicules/extracted/UR1_log.xlsx,89765,b9d92cd4e88dc426d835284b9cc605b5ad39580ea9e2f5c96d7f3d9d5e2a7fdb,source primaire,biologie_evolution,dryad_sokolskyi_baum_2026_vesicules,Dryad,10.5061/dryad.fbg79cp99,CC0-1.0,"Douze classeurs de lignees experimentales de vesicules, 11 760 couples parent-descendant.",depot ORI-C
01_sources_primaires/biologie_evolution/dryad_sokolskyi_baum_2026_vesicules/extracted/UR2_log.xlsx,57089,6fb6164505e34f21dbeebe9998a67f7aeea30a0700423386f7fd63606aba9da5,source primaire,biologie_evolution,dryad_sokolskyi_baum_2026_vesicules,Dryad,10.5061/dryad.fbg79cp99,CC0-1.0,"Douze classeurs de lignees experimentales de vesicules, 11 760 couples parent-descendant.",depot ORI-C
01_sources_primaires/biologie_evolution/dryad_sokolskyi_baum_2026_vesicules/extracted/UR3_log.xlsx,54423,db23a66e1307bbf211b6fb84acb894fcaabaa4d3edbc7f40acf91bf749fed372,source primaire,biologie_evolution,dryad_sokolskyi_baum_2026_vesicules,Dryad,10.5061/dryad.fbg79cp99,CC0-1.0,"Douze classeurs de lignees experimentales de vesicules, 11 760 couples parent-descendant.",depot ORI-C
01_sources_primaires/biologie_evolution/dryad_sokolskyi_baum_2026_vesicules/extracted/UU1_log.xlsx,84792,97d77eea9ae541baf273d07d329a76e460b6600df220ce109495c24ee4c7f7b3,source primaire,biologie_evolution,dryad_sokolskyi_baum_2026_vesicules,Dryad,10.5061/dryad.fbg79cp99,CC0-1.0,"Douze classeurs de lignees experimentales de vesicules, 11 760 couples parent-descendant.",depot ORI-C
01_sources_primaires/biologie_evolution/dryad_sokolskyi_baum_2026_vesicules/extracted/UU2_log.xlsx,86495,5303fc2ec96035fd6a6f12926a807a737f4d91836a0a2a11378580159c0cfff5,source primaire,biologie_evolution,dryad_sokolskyi_baum_2026_vesicules,Dryad,10.5061/dryad.fbg79cp99,CC0-1.0,"Douze classeurs de lignees experimentales de vesicules, 11 760 couples parent-descendant.",depot ORI-C
01_sources_primaires/biologie_evolution/dryad_sokolskyi_baum_2026_vesicules/extracted/UU3_log.xlsx,56052,cab3f313517a1bdaa2736a40d654c04016f11d4462f178f6f131fad500e97d76,source primaire,biologie_evolution,dryad_sokolskyi_baum_2026_vesicules,Dryad,10.5061/dryad.fbg79cp99,CC0-1.0,"Douze classeurs de lignees experimentales de vesicules, 11 760 couples parent-descendant.",depot ORI-C
01_sources_primaires/biologie_evolution/dryad_sokolskyi_baum_2026_vesicules/raw/doi_10_5061_dryad_fbg79cp99__v20260309.zip,1494941,2cf96ae6906c5d41a889d8deced000237cb1da2e083a1df526dc730130687863,source primaire,biologie_evolution,dryad_sokolskyi_baum_2026_vesicules,Dryad,10.5061/dryad.fbg79cp99,CC0-1.0,"Douze classeurs de lignees experimentales de vesicules, 11 760 couples parent-descendant.",depot ORI-C
01_sources_primaires/biologie_evolution/zenodo_10714366_papastavrou_arn/PROVENANCE_PAPASTAVROU_RNA.json,945,03788dfb42c9ff17aa23d090eaeb1e8048f4cc1c70c1efa045b9da524d685528,source primaire,biologie_evolution,zenodo_10714366_papastavrou_arn,Zenodo / Dryad,"10.5061/dryad.rxwdbrvgs, Zenodo 10714366",CC0-1.0,"Evolution d'ARN catalytique, donnees de figures et trajectoires de population sur huit cycles.",depot ORI-C
01_sources_primaires/biologie_evolution/zenodo_10714366_papastavrou_arn/README.md,52005,9661855aabb9b61e371de01d962ebf632e40bf86e13b76d8f1b5754a452007de,source primaire,biologie_evolution,zenodo_10714366_papastavrou_arn,Zenodo / Dryad,"10.5061/dryad.rxwdbrvgs, Zenodo 10714366",CC0-1.0,"Evolution d'ARN catalytique, donnees de figures et trajectoires de population sur huit cycles.",depot ORI-C
01_sources_primaires/biologie_evolution/zenodo_10714366_papastavrou_arn/figure_data.zip,262392,6c13911fbdc6903daa02ac19c16c2cdc04c9d46577b2e962b74f592f93b08bab,source primaire,biologie_evolution,zenodo_10714366_papastavrou_arn,Zenodo / Dryad,"10.5061/dryad.rxwdbrvgs, Zenodo 10714366",CC0-1.0,"Evolution d'ARN catalytique, donnees de figures et trajectoires de population sur huit cycles.",depot ORI-C
01_sources_primaires/biologie_evolution/zenodo_10714366_papastavrou_arn/figure_data/figure_data/Papastavrou_23_fidelity_Table_S2_and_S3.xlsx,224933,5fa1beb6c9aa97ea68239deecddb564a3fab796023bde5db22eff54618347e5f,source primaire,biologie_evolution,zenodo_10714366_papastavrou_arn,Zenodo / Dryad,"10.5061/dryad.rxwdbrvgs, Zenodo 10714366",CC0-1.0,"Evolution d'ARN catalytique, donnees de figures et trajectoires de population sur huit cycles.",depot ORI-C
01_sources_primaires/biologie_evolution/zenodo_10714366_papastavrou_arn/figure_data/figure_data/Papastavrou_23_fig_2_and_S2_data.xlsx,16666,7d2eea0f489c55b7dcbb749040f9f60636b8f9f1fb53c7050f336e5618fe7bc0,source primaire,biologie_evolution,zenodo_10714366_papastavrou_arn,Zenodo / Dryad,"10.5061/dryad.rxwdbrvgs, Zenodo 10714366",CC0-1.0,"Evolution d'ARN catalytique, donnees de figures et trajectoires de population sur huit cycles.",depot ORI-C
01_sources_primaires/biologie_evolution/zenodo_10714366_papastavrou_arn/figure_data/figure_data/Papastavrou_23_fig_3_data.xlsx,17011,812de78e698aa56df773ca8a9133a6baa1603343730513c2a70b0d41cf1be714,source primaire,biologie_evolution,zenodo_10714366_papastavrou_arn,Zenodo / Dryad,"10.5061/dryad.rxwdbrvgs, Zenodo 10714366",CC0-1.0,"Evolution d'ARN catalytique, donnees de figures et trajectoires de population sur huit cycles.",depot ORI-C
01_sources_primaires/biologie_evolution/zenodo_10714366_papastavrou_arn/figure_data/figure_data/Papastavrou_23_fig_4B_data.xlsx,17082,b4b3760ce77f6fc4cdb51869dd5c03331e352806891a088bf9e0ce6076f8b999,source primaire,biologie_evolution,zenodo_10714366_papastavrou_arn,Zenodo / Dryad,"10.5061/dryad.rxwdbrvgs, Zenodo 10714366",CC0-1.0,"Evolution d'ARN catalytique, donnees de figures et trajectoires de population sur huit cycles.",depot ORI-C
01_sources_primaires/biologie_evolution/zenodo_10714366_papastavrou_arn/figure_data/figure_data/Papastavrou_23_fig_S3_data.xlsx,15710,3166821efe38d9fd6c4ba0fd1a23fa5e6658f1e0fc0c2202282e17795c3da022,source primaire,biologie_evolution,zenodo_10714366_papastavrou_arn,Zenodo / Dryad,"10.5061/dryad.rxwdbrvgs, Zenodo 10714366",CC0-1.0,"Evolution d'ARN catalytique, donnees de figures et trajectoires de population sur huit cycles.",depot ORI-C
01_sources_primaires/biologie_evolution/zenodo_10714366_papastavrou_arn/trajectoires_population/PROVENANCE.json,945,03788dfb42c9ff17aa23d090eaeb1e8048f4cc1c70c1efa045b9da524d685528,source primaire,biologie_evolution,zenodo_10714366_papastavrou_arn,Zenodo / Dryad,"10.5061/dryad.rxwdbrvgs, Zenodo 10714366",CC0-1.0,"Evolution d'ARN catalytique, donnees de figures et trajectoires de population sur huit cycles.",depot ORI-C
01_sources_primaires/biologie_evolution/zenodo_10714366_papastavrou_arn/trajectoires_population/papastavrou_rna_huit_cycles.csv,7695,9afd63ef76360bf9a561a059c7bce89132a91b5ba9dbea1fce3ff66a0e410729,source primaire,biologie_evolution,zenodo_10714366_papastavrou_arn,Zenodo / Dryad,"10.5061/dryad.rxwdbrvgs, Zenodo 10714366",CC0-1.0,"Evolution d'ARN catalytique, donnees de figures et trajectoires de population sur huit cycles.",depot ORI-C
01_sources_primaires/biologie_evolution/zenodo_10780716_hmm_endosymbiontes/HMM_raw_results.zip,9712259,2589803ddd674b479466cfaaf36f4985832d59ac59e49dacc21ecd806cf1ccf9,source primaire,biologie_evolution,zenodo_10780716_hmm_endosymbiontes,Zenodo,10.5281/zenodo.10780716,voir la notice Zenodo,"Recherches HMM dans 85 genomes endosymbiotiques reduits, resultats bruts et resumes.",depot ORI-C
01_sources_primaires/biologie_evolution/zenodo_10780716_hmm_endosymbiontes/HMM_summarized_results.zip,102842,3461bbc8bfb84e278e139c8d7bf61d7290f734ba6d107edc06c9e2696bfad328,source primaire,biologie_evolution,zenodo_10780716_hmm_endosymbiontes,Zenodo,10.5281/zenodo.10780716,voir la notice Zenodo,"Recherches HMM dans 85 genomes endosymbiotiques reduits, resultats bruts et resumes.",depot ORI-C
01_sources_primaires/biologie_evolution/zenodo_3588334_mesures/Measurement_data.csv,11081,91d40f825f50957f87781ab7a6a3ee1aa4e50d03f1b2f7eaa476d6c0b0dbcf63,source primaire,biologie_evolution,zenodo_3588334_mesures,Zenodo,10.5281/zenodo.3588334,voir la notice Zenodo,Table de mesures experimentales.,depot ORI-C
01_sources_primaires/biologie_evolution/zenodo_5517159_pucerons/aphid_PGN_count.csv,727,881e5fb137fef151c9c723c70480706ba784a2504afd85ece6bfe911cfccc232,source primaire,biologie_evolution,zenodo_5517159_pucerons,Zenodo,10.5281/zenodo.5517159,voir la notice Zenodo,"Comptages de familles de genes de pucerons, 253 lignes.",depot ORI-C
01_sources_primaires/biologie_evolution/zenodo_7550302_windels_antibiotiques/PROVENANCE_WINDELS_ANTIBIOTIC.json,1485,ed2fb9e97db3c94162c37a5e56d97ec572fdbb8eae19982982a72895523878e9,source primaire,biologie_evolution,zenodo_7550302_windels_antibiotiques,Zenodo,10.5281/zenodo.7550302,voir la notice Zenodo,"Dynamique evolutive et phenotypes finaux, E. coli sous amikacine, 24 populations par condition.",depot ORI-C
01_sources_primaires/biologie_evolution/zenodo_7550302_windels_antibiotiques/evol_dynamics.csv,18974,580f54822f20b3587e3ace971f1cc6a7d1bac5435a395b752efce27e0ac006c3,source primaire,biologie_evolution,zenodo_7550302_windels_antibiotiques,Zenodo,10.5281/zenodo.7550302,voir la notice Zenodo,"Dynamique evolutive et phenotypes finaux, E. coli sous amikacine, 24 populations par condition.",depot ORI-C
01_sources_primaires/biologie_evolution/zenodo_7550302_windels_antibiotiques/phenotypes_after_evol.csv,2784,1fd88ab281cd6763d7e6f162fec68a220e369817933a7a2578e91acb7057ec53,source primaire,biologie_evolution,zenodo_7550302_windels_antibiotiques,Zenodo,10.5281/zenodo.7550302,voir la notice Zenodo,"Dynamique evolutive et phenotypes finaux, E. coli sous amikacine, 24 populations par condition.",depot ORI-C
01_sources_primaires/climat_paleoclimat/cmip6_nasst_zenodo_13853454/CMIP6_NASST_historical-ssp585-ssp245.zip,1844988,d2c640c67f2d5ab1f26be5ef235d5978cbb49f91b210e2672dc67400bf6d7865,source primaire,climat_paleoclimat,cmip6_nasst_zenodo_13853454,Zenodo,10.5281/zenodo.13853454,voir la notice Zenodo,"Temperature de surface de l'Atlantique Nord, historique et scenarios SSP2-4.5 et SSP5-8.5.",depot ORI-C
01_sources_primaires/climat_paleoclimat/ensembles_originaux_zenodo_10137680/original_ensembles.tar.gz,42552626,00095544ffef4f0765fd0c467eedf2a598bd302e2c9b555c5c7b8016e68317e3,source primaire,climat_paleoclimat,ensembles_originaux_zenodo_10137680,Zenodo,10.5281/zenodo.10137680,voir la notice Zenodo,"Ensembles climatiques originaux, 42 Mo compresses.",depot ORI-C
01_sources_primaires/climat_paleoclimat/hadcrut5_met_office/HadCRUT.5.1.0.0.analysis.ensemble_series.global.monthly.csv,4910867,adc4b4b1f9511bae0529c9ba94d6ddb680f06e1d8727162c89ee1976ec6829aa,source primaire,climat_paleoclimat,hadcrut5_met_office,Met Office Hadley Centre / UEA CRU,HadCRUT.5.1.0.0,Open Government Licence v3,"Serie globale mensuelle 1850-2026, 200 realisations, avec couverture et incertitude.",depot ORI-C
01_sources_primaires/climat_paleoclimat/hadcrut5_met_office/HadCRUT.5.1.0.0.analysis.ensemble_series.global.monthly.nc,3011149,465d7ff51045d908f49bb5e12181b12ad69b76784eecca5a61965ac26204e852,source primaire,climat_paleoclimat,hadcrut5_met_office,Met Office Hadley Centre / UEA CRU,HadCRUT.5.1.0.0,Open Government Licence v3,"Serie globale mensuelle 1850-2026, 200 realisations, avec couverture et incertitude.",depot ORI-C
01_sources_primaires/climat_paleoclimat/moyennes_globales_zenodo_13760666/globalmean.zip,638263,d9cb7c1141529c0a82c83f58dfd634d1d624daef316556e72866dcb7b61bf6d1,source primaire,climat_paleoclimat,moyennes_globales_zenodo_13760666,Zenodo,10.5281/zenodo.13760666,voir la notice Zenodo,Moyennes globales de modeles climatiques.,depot ORI-C
01_sources_primaires/climat_paleoclimat/nasa_gistemp_v4/GLB.Ts+dSST.csv,12881,99d659d8c955c6599e93be3691467ff56eff80ee4b066c5cacfaaa6f7332ca9f,source primaire,climat_paleoclimat,nasa_gistemp_v4,NASA GISS,"GISTEMP v4, doi 10.1029/2023JD040179",domaine public NASA,"Anomalies de temperature observees et ensemble d'incertitude a 200 membres, LSAT, SST et combinee.",depot ORI-C
01_sources_primaires/climat_paleoclimat/nasa_gistemp_v4/KeySeries.zip,39023007,6eeeca3469c73dcf7e0b2c53f1305f3b3793ae0403d40c635a198a1d8dabf34c,source primaire,climat_paleoclimat,nasa_gistemp_v4,NASA GISS,"GISTEMP v4, doi 10.1029/2023JD040179",domaine public NASA,"Anomalies de temperature observees et ensemble d'incertitude a 200 membres, LSAT, SST et combinee.",depot ORI-C
01_sources_primaires/climat_paleoclimat/nasa_gistemp_v4/PROVENANCE_GISTEMP.json,1207,b99b8e9889873522642fbf6a76043e0bd9994c45cee5d7ecedab825a1a6a124e,source primaire,climat_paleoclimat,nasa_gistemp_v4,NASA GISS,"GISTEMP v4, doi 10.1029/2023JD040179",domaine public NASA,"Anomalies de temperature observees et ensemble d'incertitude a 200 membres, LSAT, SST et combinee.",depot ORI-C
01_sources_primaires/climat_paleoclimat/nasa_gistemp_v4/ZonAnn.Ts+dSST.csv,10190,d9fc1a2e279e951ec7c3f53efca16c877f9e24e9038756c019b79bdc24a23d31,source primaire,climat_paleoclimat,nasa_gistemp_v4,NASA GISS,"GISTEMP v4, doi 10.1029/2023JD040179",domaine public NASA,"Anomalies de temperature observees et ensemble d'incertitude a 200 membres, LSAT, SST et combinee.",depot ORI-C
01_sources_primaires/climat_paleoclimat/nasa_gistemp_v4/KeySeries/ensembleCombinedSeries_Band.nc,10845544,12f0e89a5103fcee0fb0861c82621ca49ca7a47496319358cfac49c2f0c97f23,source primaire,climat_paleoclimat,nasa_gistemp_v4,NASA GISS,"GISTEMP v4, doi 10.1029/2023JD040179",domaine public NASA,"Anomalies de temperature observees et ensemble d'incertitude a 200 membres, LSAT, SST et combinee.",depot ORI-C
01_sources_primaires/climat_paleoclimat/nasa_gistemp_v4/KeySeries/ensembleCombinedSeries_Global.nc,1369689,3d80ed9abcdefccead92aec9afe665cceac5674d4f35c81d3a250e9cb98f058d,source primaire,climat_paleoclimat,nasa_gistemp_v4,NASA GISS,"GISTEMP v4, doi 10.1029/2023JD040179",domaine public NASA,"Anomalies de temperature observees et ensemble d'incertitude a 200 membres, LSAT, SST et combinee.",depot ORI-C
01_sources_primaires/climat_paleoclimat/nasa_gistemp_v4/KeySeries/ensembleCombinedSeries_NH.nc,1369689,a7caab38b5cd42d0f70e373bb3e3495e7d8f856562b8e90add08c5a1d0e8613c,source primaire,climat_paleoclimat,nasa_gistemp_v4,NASA GISS,"GISTEMP v4, doi 10.1029/2023JD040179",domaine public NASA,"Anomalies de temperature observees et ensemble d'incertitude a 200 membres, LSAT, SST et combinee.",depot ORI-C
01_sources_primaires/climat_paleoclimat/nasa_gistemp_v4/KeySeries/ensembleCombinedSeries_SH.nc,1369689,9126a61f0a2b4f5d3a8f188118a99ec7669d0f8b0879990c06cfa13425115798,source primaire,climat_paleoclimat,nasa_gistemp_v4,NASA GISS,"GISTEMP v4, doi 10.1029/2023JD040179",domaine public NASA,"Anomalies de temperature observees et ensemble d'incertitude a 200 membres, LSAT, SST et combinee.",depot ORI-C
01_sources_primaires/climat_paleoclimat/nasa_gistemp_v4/KeySeries/ensembleLSATSeries_Band.nc,10845544,aa6a2736dd06ed15217a1d2cc1c3cd580fe2eadc2f0319d74784dc8085b5f30a,source primaire,climat_paleoclimat,nasa_gistemp_v4,NASA GISS,"GISTEMP v4, doi 10.1029/2023JD040179",domaine public NASA,"Anomalies de temperature observees et ensemble d'incertitude a 200 membres, LSAT, SST et combinee.",depot ORI-C
01_sources_primaires/climat_paleoclimat/nasa_gistemp_v4/KeySeries/ensembleLSATSeries_Global.nc,1369689,6a68797f6d2b78ce1e986d36b4f3242398e365219d6cfc78cde063f1b570111e,source primaire,climat_paleoclimat,nasa_gistemp_v4,NASA GISS,"GISTEMP v4, doi 10.1029/2023JD040179",domaine public NASA,"Anomalies de temperature observees et ensemble d'incertitude a 200 membres, LSAT, SST et combinee.",depot ORI-C
01_sources_primaires/climat_paleoclimat/nasa_gistemp_v4/KeySeries/ensembleLSATSeries_NH.nc,1369689,f61a5ad381e27e043c007b8c967c95db46f2dc05b39685b10ea7e69ee099760a,source primaire,climat_paleoclimat,nasa_gistemp_v4,NASA GISS,"GISTEMP v4, doi 10.1029/2023JD040179",domaine public NASA,"Anomalies de temperature observees et ensemble d'incertitude a 200 membres, LSAT, SST et combinee.",depot ORI-C
01_sources_primaires/climat_paleoclimat/nasa_gistemp_v4/KeySeries/ensembleLSATSeries_SH.nc,1369689,6a7853be8fdd92eb947cac28ea408860b80394cce182f2a8d18059e89abc4aa5,source primaire,climat_paleoclimat,nasa_gistemp_v4,NASA GISS,"GISTEMP v4, doi 10.1029/2023JD040179",domaine public NASA,"Anomalies de temperature observees et ensemble d'incertitude a 200 membres, LSAT, SST et combinee.",depot ORI-C
01_sources_primaires/climat_paleoclimat/nasa_gistemp_v4/KeySeries/ensembleSSTSeries_Band.nc,10845544,3cd8a1d27b61a258ea264ff2a0dc336441af31e7100b112c6aba72c8c220df54,source primaire,climat_paleoclimat,nasa_gistemp_v4,NASA GISS,"GISTEMP v4, doi 10.1029/2023JD040179",domaine public NASA,"Anomalies de temperature observees et ensemble d'incertitude a 200 membres, LSAT, SST et combinee.",depot ORI-C
01_sources_primaires/climat_paleoclimat/nasa_gistemp_v4/KeySeries/ensembleSSTSeries_Global.nc,1369689,a7ec8f3ff26af146e84f60f64beb08a26a192d5b7a1cd84b308abb5a98a571bd,source primaire,climat_paleoclimat,nasa_gistemp_v4,NASA GISS,"GISTEMP v4, doi 10.1029/2023JD040179",domaine public NASA,"Anomalies de temperature observees et ensemble d'incertitude a 200 membres, LSAT, SST et combinee.",depot ORI-C
01_sources_primaires/climat_paleoclimat/nasa_gistemp_v4/KeySeries/ensembleSSTSeries_NH.nc,1369689,d12540167b92154f2f081a4d79672268666408fa6eb59ed86c514da277ae9e30,source primaire,climat_paleoclimat,nasa_gistemp_v4,NASA GISS,"GISTEMP v4, doi 10.1029/2023JD040179",domaine public NASA,"Anomalies de temperature observees et ensemble d'incertitude a 200 membres, LSAT, SST et combinee.",depot ORI-C
01_sources_primaires/climat_paleoclimat/nasa_gistemp_v4/KeySeries/ensembleSSTSeries_SH.nc,1369689,d7ea912071a600fb690fa75411e08f3912b7220fcb0740d88147272c37233a7c,source primaire,climat_paleoclimat,nasa_gistemp_v4,NASA GISS,"GISTEMP v4, doi 10.1029/2023JD040179",domaine public NASA,"Anomalies de temperature observees et ensemble d'incertitude a 200 membres, LSAT, SST et combinee.",depot ORI-C
01_sources_primaires/climat_paleoclimat/noaa_lr04_lisiecki_raymo_2005/lisiecki2005-d18o-stack-noaa.txt,38409,7403573ba1ba1af04ffac0e7259a578864d9fed2e3a90cd012a3af152a6d66c4,source primaire,climat_paleoclimat,noaa_lr04_lisiecki_raymo_2005,NOAA Paleoclimatology,"Lisiecki & Raymo 2005, pile LR04",information publique NOAA,"Pile benthique de d18O sur 5,3 Ma, reference paleoclimatique.",depot ORI-C
01_sources_primaires/climat_paleoclimat/noaa_speleothemes_0_22ka/SOURCE.json,749,e95457f617e565a9adc9317a79adebec7c3048f2421730c3a6333b85e5bd21cf,source primaire,climat_paleoclimat,noaa_speleothemes_0_22ka,NOAA / NCEI,10.25921/edce-mr22,"information publique NOAA, citer les references du fichier","Compilation de d18O de speleothemes, 27 721 couples age-isotope sur 36 sites.",depot ORI-C
01_sources_primaires/climat_paleoclimat/noaa_speleothemes_0_22ka/speleothem-d18o-0-22k.csv,640117,bc56ecf45225f85dc7ba83bc7c03655ba03c3c144a572cb9343c4b7d58811025,source primaire,climat_paleoclimat,noaa_speleothemes_0_22ka,NOAA / NCEI,10.25921/edce-mr22,"information publique NOAA, citer les references du fichier","Compilation de d18O de speleothemes, 27 721 couples age-isotope sur 36 sites.",depot ORI-C
01_sources_primaires/matiere_astrochimie/kida_uva_2024/kida.uva.2024.zip,139550,24ea30c02345f90adb59844c0e89a7d8696243465d5a884c70b4e6125c295194,source primaire,matiere_astrochimie,kida_uva_2024,"KIDA, Universite de Bordeaux",kida.uva.2024,"usage academique, citation obligatoire",7 667 reactions de la base cinetique pour l'astrochimie.,depot ORI-C
01_sources_primaires/matiere_astrochimie/mesa_benchmark_stellaire/PROVENANCE.md,832,81dfec4ffcf49a40a540894532405dee2f8b1b22405854f4605814c4c767016b,source primaire,matiere_astrochimie,mesa_benchmark_stellaire,MESA test suite,1M_pre_ms_to_wd et 12M_pre_ms_to_core_collapse,voir la documentation MESA,Etapes et seuils transcrits de deux trajectoires stellaires documentees. Les sorties numeriques completes de MESA ne sont pas redistribuees.,depot ORI-C
01_sources_primaires/matiere_astrochimie/mesa_benchmark_stellaire/__init__.py,55,d7cc87d36b6371f9ad1262c2994ce0d4b085066123ef980b76a4ce0f621ec13d,source primaire,matiere_astrochimie,mesa_benchmark_stellaire,MESA test suite,1M_pre_ms_to_wd et 12M_pre_ms_to_core_collapse,voir la documentation MESA,Etapes et seuils transcrits de deux trajectoires stellaires documentees. Les sorties numeriques completes de MESA ne sont pas redistribuees.,depot ORI-C
01_sources_primaires/matiere_astrochimie/mesa_benchmark_stellaire/sources.csv,699,0fb3bd228567d5d3b810a6c598c2a83c7a66924c12f3aeb4e0d6ba812b764e31,source primaire,matiere_astrochimie,mesa_benchmark_stellaire,MESA test suite,1M_pre_ms_to_wd et 12M_pre_ms_to_core_collapse,voir la documentation MESA,Etapes et seuils transcrits de deux trajectoires stellaires documentees. Les sorties numeriques completes de MESA ne sont pas redistribuees.,depot ORI-C
01_sources_primaires/matiere_astrochimie/mesa_benchmark_stellaire/tester_transfert.py,2857,a10d927f68b030f51e2eff06818586dec45d6316740fa1b304aaa7c2f7991699,source primaire,matiere_astrochimie,mesa_benchmark_stellaire,MESA test suite,1M_pre_ms_to_wd et 12M_pre_ms_to_core_collapse,voir la documentation MESA,Etapes et seuils transcrits de deux trajectoires stellaires documentees. Les sorties numeriques completes de MESA ne sont pas redistribuees.,depot ORI-C
01_sources_primaires/matiere_astrochimie/mesa_benchmark_stellaire/trajectoires_mesa.csv,1529,ad7ab9dd5b83cfab429fad141b51fb61036023cb25051564d8a0b0af2efc401a,source primaire,matiere_astrochimie,mesa_benchmark_stellaire,MESA test suite,1M_pre_ms_to_wd et 12M_pre_ms_to_core_collapse,voir la documentation MESA,Etapes et seuils transcrits de deux trajectoires stellaires documentees. Les sorties numeriques completes de MESA ne sont pas redistribuees.,depot ORI-C
01_sources_primaires/matiere_astrochimie/nubase_nuclides/05_Nuclides_NUBASE.csv,1125643,3745afef51da29b62de4644779a7f95756a12ab1a4491b4ca4cdf1f7e3d4413c,source primaire,matiere_astrochimie,nubase_nuclides,AMDC / NUBASE,NUBASE,"usage academique, citation obligatoire","Table des nuclides, proprietes mesurees.",depot ORI-C
01_sources_primaires/matiere_astrochimie/umist_rate22/rate22_dipole.specs,36473,b6b63797fb902574fafe5283778d80ac0e74ff78bc893bfc71e2b7628fe95edd,source primaire,matiere_astrochimie,umist_rate22,UMIST Database for Astrochemistry,Rate22,"usage academique, citation obligatoire","8 767 reactions en phase gazeuse, especes et moments dipolaires.",depot ORI-C
01_sources_primaires/matiere_astrochimie/umist_rate22/rate22_final.rates,2694792,2f83cdd0905e5dd50494f23bc5faf559a617d866b365cf9d1c5fef3621a1a219,source primaire,matiere_astrochimie,umist_rate22,UMIST Database for Astrochemistry,Rate22,"usage academique, citation obligatoire","8 767 reactions en phase gazeuse, especes et moments dipolaires.",depot ORI-C
01_sources_primaires/matiere_astrochimie/umist_rate22/rate22_revised_CtoO_0.44.specs,17993,e460bd58e6bcb40eefd67fb71d26b77399c0bee87dae53979a5ccd3eb8b4a3c1,source primaire,matiere_astrochimie,umist_rate22,UMIST Database for Astrochemistry,Rate22,"usage academique, citation obligatoire","8 767 reactions en phase gazeuse, especes et moments dipolaires.",depot ORI-C
01_sources_primaires/matiere_astrochimie/zenodo_10958755_tables_supplementaires/TableS3.xlsx,621695,f8923df25241f2d920ec7f41b962b8d5129920fd1a4a21c763406f6df2437c18,source primaire,matiere_astrochimie,zenodo_10958755_tables_supplementaires,Zenodo,10.5281/zenodo.10958755,voir la notice Zenodo,"Standards et calibration SIMS, conserves separement des echantillons naturels.",depot ORI-C
01_sources_primaires/matiere_astrochimie/zenodo_10958755_tables_supplementaires/TableS4.xlsx,110116,05861bfb398608d8a3aacde1b56f158db815f097d3e2921c636b2f1f383a0b8b,source primaire,matiere_astrochimie,zenodo_10958755_tables_supplementaires,Zenodo,10.5281/zenodo.10958755,voir la notice Zenodo,"Standards et calibration SIMS, conserves separement des echantillons naturels.",depot ORI-C
01_sources_primaires/matiere_astrochimie/zenodo_17179896_rodriguez/Rodriguez_Supplementary_TableS1.xlsx,44987,32a4c6f21595ef20bce1d7a472a05f957496c2e02da6978b8b81036944172eb4,source primaire,matiere_astrochimie,zenodo_17179896_rodriguez,Zenodo,10.5281/zenodo.17179896,voir la notice Zenodo,"Table supplementaire S1, Rodriguez et al.",depot ORI-C
01_sources_primaires/matiere_astrochimie/zenodo_17357322_partage_carbone/Dataset_Fig4_FigS1_FigS2_DC_1.csv,5825,6040c58d3c19f069c2397f4a71b5de3da0ebb791ae3064e4baa8e407b3a2c583,source primaire,matiere_astrochimie,zenodo_17357322_partage_carbone,Zenodo,10.5281/zenodo.17357322,voir la notice Zenodo,"Partage metal-silicate du carbone, 32 experiences P-T-redox-logD.",depot ORI-C
01_sources_primaires/matiere_astrochimie/zenodo_17357322_partage_carbone/Dataset_Fig5_bulk_core.xlsx,11176,0dcde7aeea2e9ebcad2c2fe6aeec4742710c352656b08c4469b12303badb0f99,source primaire,matiere_astrochimie,zenodo_17357322_partage_carbone,Zenodo,10.5281/zenodo.17357322,voir la notice Zenodo,"Partage metal-silicate du carbone, 32 experiences P-T-redox-logD.",depot ORI-C
01_sources_primaires/matiere_astrochimie/zenodo_17357322_partage_carbone/SOURCE.json,563,a136ae9cd3656bd687b664fbb6e561f52019e5e87c1f0065f797e421ab59dd4c,source primaire,matiere_astrochimie,zenodo_17357322_partage_carbone,Zenodo,10.5281/zenodo.17357322,voir la notice Zenodo,"Partage metal-silicate du carbone, 32 experiences P-T-redox-logD.",depot ORI-C
01_sources_primaires/matiere_astrochimie/zenodo_18538333_acides_amines/AA_abundances.csv,11088,57091011dc2399fb3ef3ebd3224bd56ec22cb33667859b0909a4865de0c93110,source primaire,matiere_astrochimie,zenodo_18538333_acides_amines,Zenodo,10.5281/zenodo.18538333,voir la notice Zenodo,"1 387 mesures d'abondances d'acides amines dans 69 environnements, avec incertitudes.",depot ORI-C
01_sources_primaires/matiere_astrochimie/zenodo_18538333_acides_amines/AA_uncertainties.csv,13992,628539645e7329dcdf1ac352cefd5b7e2eb3ecfbf264c0ad4d8ba4f9755f36bf,source primaire,matiere_astrochimie,zenodo_18538333_acides_amines,Zenodo,10.5281/zenodo.18538333,voir la notice Zenodo,"1 387 mesures d'abondances d'acides amines dans 69 environnements, avec incertitudes.",depot ORI-C
01_sources_primaires/matiere_astrochimie/zenodo_19063105_ccsne_simple/SIMPLE_CCSNe_v3p1.hdf5,100443546,406950ed4203b778f249f4aa60817184d3dc5711a77ba93eafaffa24a36df16e,source primaire,matiere_astrochimie,zenodo_19063105_ccsne_simple,Zenodo,10.5281/zenodo.19063105,voir la notice Zenodo,"SIMPLE_CCSNe v3.1 : 1 383 rendements elementaires et 56 507 rendements isotopiques, 18 modeles.",depot ORI-C
01_sources_primaires/matiere_astrochimie/zenodo_8197851_isotopes_ca_lunaires/Ca_isotope_data_lunar_samples_Fu_2023.xlsx,14841,a433a4fcda76912672f198eb62a98551e8037ec89c7aeab3a53b5e54fefecea1,source primaire,matiere_astrochimie,zenodo_8197851_isotopes_ca_lunaires,Zenodo,10.5281/zenodo.8197851,voir la notice Zenodo,"Isotopes du calcium dans des echantillons lunaires analyses, Fu et al. 2023.",depot ORI-C
01_sources_primaires/matiere_astrochimie/zenodo_8304787_murchison_degazage/210210_MurchisonSteppedHeating_ICPMSData.csv,4156,b921603c112354b40d21336362d8363c87c9f8291f27d1b5f2274f40d0372633,source primaire,matiere_astrochimie,zenodo_8304787_murchison_degazage,Zenodo,10.5281/zenodo.8304787,voir la notice Zenodo,"Degazage par paliers de la meteorite de Murchison, 3 648 mesures dans trois conditions.",depot ORI-C
01_sources_primaires/matiere_astrochimie/zenodo_8304787_murchison_degazage/Murch-100airZn-GAS.csv,11673,dc86242d600869dc8990ecc5d9cd044b0017d419b0c9a3fca41fd171c023756b,source primaire,matiere_astrochimie,zenodo_8304787_murchison_degazage,Zenodo,10.5281/zenodo.8304787,voir la notice Zenodo,"Degazage par paliers de la meteorite de Murchison, 3 648 mesures dans trois conditions.",depot ORI-C
01_sources_primaires/matiere_astrochimie/zenodo_8304787_murchison_degazage/Murch-50airZn-GAS.csv,11667,7ec14e2814a8c6200547bfd1cd004947e856cf5c37b80527f31070a034ab9c4f,source primaire,matiere_astrochimie,zenodo_8304787_murchison_degazage,Zenodo,10.5281/zenodo.8304787,voir la notice Zenodo,"Degazage par paliers de la meteorite de Murchison, 3 648 mesures dans trois conditions.",depot ORI-C
01_sources_primaires/matiere_astrochimie/zenodo_8304787_murchison_degazage/Murchison-vacc-Zn-GAS.csv,11667,68b13ae0dc213560066ff30512380ae2abeb4c34929003a8058f59ab26613425,source primaire,matiere_astrochimie,zenodo_8304787_murchison_degazage,Zenodo,10.5281/zenodo.8304787,voir la notice Zenodo,"Degazage par paliers de la meteorite de Murchison, 3 648 mesures dans trois conditions.",depot ORI-C
02_tables_derivees/REAL_DATA_COVERAGE.json,13418,4326df14e15a20770dae33e02a92bcde0113ed080e4f9885d7b984e59fca4154,table derivee,tables canoniques ORI-C,campagne_maximale_reelle/data,ORI-C,derive des sources primaires ci-dessus,suit la licence de la source primaire,"Table canonique construite par integrer_donnees_existantes.py sans imputation, interpolation ni simulation.",depot ORI-C
02_tables_derivees/antibiotic_cycles.csv,42725,0bec85374e4669b13110368d201676799a362c1d9761e2a0afdf4a1fc07ca579,table derivee,tables canoniques ORI-C,campagne_maximale_reelle/data,ORI-C,derive des sources primaires ci-dessus,suit la licence de la source primaire,"Table canonique construite par integrer_donnees_existantes.py sans imputation, interpolation ni simulation.",depot ORI-C
02_tables_derivees/antibiotic_design.csv,1252,4540c923c5cf8043f12761185f5e166d7353cf1eec171286dac3d06f845ef7d9,table derivee,tables canoniques ORI-C,campagne_maximale_reelle/data,ORI-C,derive des sources primaires ci-dessus,suit la licence de la source primaire,"Table canonique construite par integrer_donnees_existantes.py sans imputation, interpolation ni simulation.",depot ORI-C
02_tables_derivees/antibiotic_fitness_real.csv,6891,ab26822c8efc8dacd38b8e67052201069d49d32d411a8d1aec2a51356e3b5e25,table derivee,tables canoniques ORI-C,campagne_maximale_reelle/data,ORI-C,derive des sources primaires ci-dessus,suit la licence de la source primaire,"Table canonique construite par integrer_donnees_existantes.py sans imputation, interpolation ni simulation.",depot ORI-C
02_tables_derivees/antibiotic_measurements.csv,38193,a537b7b3c15224b28744ce216492c6e2689dce3df139896bc19a996a37fc7cf2,table derivee,tables canoniques ORI-C,campagne_maximale_reelle/data,ORI-C,derive des sources primaires ci-dessus,suit la licence de la source primaire,"Table canonique construite par integrer_donnees_existantes.py sans imputation, interpolation ni simulation.",depot ORI-C
02_tables_derivees/aphid_pgn_gene_counts.csv,3760,465ec035aed8ebcd64ac68006c0d647bd68e772ca1a5ed7e6a229d1006452958,table derivee,tables canoniques ORI-C,campagne_maximale_reelle/data,ORI-C,derive des sources primaires ci-dessus,suit la licence de la source primaire,"Table canonique construite par integrer_donnees_existantes.py sans imputation, interpolation ni simulation.",depot ORI-C
02_tables_derivees/benchmark_cases.csv,5506428,1829227181bf359a96113866a76936dd0ce6bbff4b33402ce0f5410b269936bb,table derivee,tables canoniques ORI-C,campagne_maximale_reelle/data,ORI-C,derive des sources primaires ci-dessus,suit la licence de la source primaire,"Table canonique construite par integrer_donnees_existantes.py sans imputation, interpolation ni simulation.",depot ORI-C
02_tables_derivees/biology_cases.csv,4278110,0834b14fa3d7aebdf68f212a4dbc3f25cbc9d6cc76cba74e4b76e121bf0765fd,table derivee,tables canoniques ORI-C,campagne_maximale_reelle/data,ORI-C,derive des sources primaires ci-dessus,suit la licence de la source primaire,"Table canonique construite par integrer_donnees_existantes.py sans imputation, interpolation ni simulation.",depot ORI-C
02_tables_derivees/cell_architecture.csv,3161,c60eb54d46da5eff478a6ca4e709ca3a4da52ac49fb2a3e70b4a07921857a1a7,table derivee,tables canoniques ORI-C,campagne_maximale_reelle/data,ORI-C,derive des sources primaires ci-dessus,suit la licence de la source primaire,"Table canonique construite par integrer_donnees_existantes.py sans imputation, interpolation ni simulation.",depot ORI-C
02_tables_derivees/core_bulk_h_c_models.csv,973,da112c2cd826e301539eafc35ad3edb34ad6ce154a3772038d47fdb174225d5d,table derivee,tables canoniques ORI-C,campagne_maximale_reelle/data,ORI-C,derive des sources primaires ci-dessus,suit la licence de la source primaire,"Table canonique construite par integrer_donnees_existantes.py sans imputation, interpolation ni simulation.",depot ORI-C
02_tables_derivees/endosymbiont_hmm_presence_absence.csv,1592892,9184d23564402f36a32fde35db9eb978a07125046721d4e5c25d1ff3ab4d4637,table derivee,tables canoniques ORI-C,campagne_maximale_reelle/data,ORI-C,derive des sources primaires ci-dessus,suit la licence de la source primaire,"Table canonique construite par integrer_donnees_existantes.py sans imputation, interpolation ni simulation.",depot ORI-C
02_tables_derivees/endosymbiosis_events.csv,20166,dbac251d108e7f8e86c46fd9155f19c5796d1017dd6448b082327f4a198d0540,table derivee,tables canoniques ORI-C,campagne_maximale_reelle/data,ORI-C,derive des sources primaires ci-dessus,suit la licence de la source primaire,"Table canonique construite par integrer_donnees_existantes.py sans imputation, interpolation ni simulation.",depot ORI-C
02_tables_derivees/ephemerides.csv,2093,93568bb963d2dc2714c6d375f79b49bfb49f1e9db12b550a896bb74bc8b256d9,table derivee,tables canoniques ORI-C,campagne_maximale_reelle/data,ORI-C,derive des sources primaires ci-dessus,suit la licence de la source primaire,"Table canonique construite par integrer_donnees_existantes.py sans imputation, interpolation ni simulation.",depot ORI-C
02_tables_derivees/exoplanet_observations.csv,2249242,58661ca4db149083bc8e5ecc2d17396ebce9aa5e7cb807fa91aae7c283c4fe4a,table derivee,tables canoniques ORI-C,campagne_maximale_reelle/data,ORI-C,derive des sources primaires ci-dessus,suit la licence de la source primaire,"Table canonique construite par integrer_donnees_existantes.py sans imputation, interpolation ni simulation.",depot ORI-C
02_tables_derivees/import_report.json,1319,f881f2d109108e17b4829d31ea3d71d3f65924eaaf642c3b6be50f26d1a67e9d,table derivee,tables canoniques ORI-C,campagne_maximale_reelle/data,ORI-C,derive des sources primaires ci-dessus,suit la licence de la source primaire,"Table canonique construite par integrer_donnees_existantes.py sans imputation, interpolation ni simulation.",depot ORI-C
02_tables_derivees/isotope_tracers.csv,57975,17b074f11ddf5dfb5919faf93473c8cd915712a7375015f00103a0f1709fcb22,table derivee,tables canoniques ORI-C,campagne_maximale_reelle/data,ORI-C,derive des sources primaires ci-dessus,suit la licence de la source primaire,"Table canonique construite par integrer_donnees_existantes.py sans imputation, interpolation ni simulation.",depot ORI-C
02_tables_derivees/ivuna_mn_cr_isotopes.csv,865,2be16e79e9acdd813f4aa49562f9668567ca98af351633c38c7ea0ca9f626a89,table derivee,tables canoniques ORI-C,campagne_maximale_reelle/data,ORI-C,derive des sources primaires ci-dessus,suit la licence de la source primaire,"Table canonique construite par integrer_donnees_existantes.py sans imputation, interpolation ni simulation.",depot ORI-C
02_tables_derivees/lunar_calcium_isotopes.csv,1379,f81e2d7cf5e422a84462e583e4432454e7626191774e7ceccefadedda7478923,table derivee,tables canoniques ORI-C,campagne_maximale_reelle/data,ORI-C,derive des sources primaires ci-dessus,suit la licence de la source primaire,"Table canonique construite par integrer_donnees_existantes.py sans imputation, interpolation ni simulation.",depot ORI-C
02_tables_derivees/matter_transitions.csv,29234,0c75b8684a0c7dec500ae4365cb949078036565d7c8eed29a9a670089645a4db,table derivee,tables canoniques ORI-C,campagne_maximale_reelle/data,ORI-C,derive des sources primaires ci-dessus,suit la licence de la source primaire,"Table canonique construite par integrer_donnees_existantes.py sans imputation, interpolation ni simulation.",depot ORI-C
02_tables_derivees/meteorite_thermal_properties.csv,10935,ae7fdd9427025bd5a973e8b5590bbc38f13dc8965dc8d67f2bdc567f3e96dc69,table derivee,tables canoniques ORI-C,campagne_maximale_reelle/data,ORI-C,derive des sources primaires ci-dessus,suit la licence de la source primaire,"Table canonique construite par integrer_donnees_existantes.py sans imputation, interpolation ni simulation.",depot ORI-C
02_tables_derivees/modern_climate_ensemble.csv,14498199,34410d2d9ac65b6965e994b1e6b819ad883021b625c93f7b8affac26f7c5682b,table derivee,tables canoniques ORI-C,campagne_maximale_reelle/data,ORI-C,derive des sources primaires ci-dessus,suit la licence de la source primaire,"Table canonique construite par integrer_donnees_existantes.py sans imputation, interpolation ni simulation.",depot ORI-C
02_tables_derivees/modern_climate_timeseries.csv,536495,e2f08d75975cdfe6ff3cd6cc0e382439588b2bcd645ac04e06575e7ea261057e,table derivee,tables canoniques ORI-C,campagne_maximale_reelle/data,ORI-C,derive des sources primaires ci-dessus,suit la licence de la source primaire,"Table canonique construite par integrer_donnees_existantes.py sans imputation, interpolation ni simulation.",depot ORI-C
02_tables_derivees/molecular_inventory.csv,1945,fc349bd98f71d447cdcac05d8ab119935635cb56815fd416a03887cdd8c023ac,table derivee,tables canoniques ORI-C,campagne_maximale_reelle/data,ORI-C,derive des sources primaires ci-dessus,suit la licence de la source primaire,"Table canonique construite par integrer_donnees_existantes.py sans imputation, interpolation ni simulation.",depot ORI-C
02_tables_derivees/molecular_inventory_amino_acids_auxiliary.csv,120825,8c74d798a87892e586e0b0c55c5c6faa01e38f83aa9714e80e525829058017c1,table derivee,tables canoniques ORI-C,campagne_maximale_reelle/data,ORI-C,derive des sources primaires ci-dessus,suit la licence de la source primaire,"Table canonique construite par integrer_donnees_existantes.py sans imputation, interpolation ni simulation.",depot ORI-C
02_tables_derivees/murchison_degassing_profiles.csv,241647,db14e0e5f895b8db0b3f7b8426d3ce05287ab45f41e0720d3f19475f393a4d01,table derivee,tables canoniques ORI-C,campagne_maximale_reelle/data,ORI-C,derive des sources primaires ci-dessus,suit la licence de la source primaire,"Table canonique construite par integrer_donnees_existantes.py sans imputation, interpolation ni simulation.",depot ORI-C
02_tables_derivees/nucleosynthesis_isotope_yields.csv,10062766,3c582b53cad7f9341a4f033af44c6820bf795bce3aba6d982f7299e43363cdc9,table derivee,tables canoniques ORI-C,campagne_maximale_reelle/data,ORI-C,derive des sources primaires ci-dessus,suit la licence de la source primaire,"Table canonique construite par integrer_donnees_existantes.py sans imputation, interpolation ni simulation.",depot ORI-C
02_tables_derivees/nucleosynthesis_yields.csv,242070,5c367e37fb0e9a3ec4070f4c66391a32132710d9bf68d2024840b415f5964996,table derivee,tables canoniques ORI-C,campagne_maximale_reelle/data,ORI-C,derive des sources primaires ci-dessus,suit la licence de la source primaire,"Table canonique construite par integrer_donnees_existantes.py sans imputation, interpolation ni simulation.",depot ORI-C
02_tables_derivees/orbital_initial_conditions.csv,2402,9cc15cea2776374dc6425b2b4f65900bc6b1df60236aff0b070397d2e4193ee0,table derivee,tables canoniques ORI-C,campagne_maximale_reelle/data,ORI-C,derive des sources primaires ci-dessus,suit la licence de la source primaire,"Table canonique construite par integrer_donnees_existantes.py sans imputation, interpolation ni simulation.",depot ORI-C
02_tables_derivees/orbital_reference.csv,59194,369b86d20017b44efaf3a6427dfcbde0382a3a90f8c336b8e77d44730ef9759c,table derivee,tables canoniques ORI-C,campagne_maximale_reelle/data,ORI-C,derive des sources primaires ci-dessus,suit la licence de la source primaire,"Table canonique construite par integrer_donnees_existantes.py sans imputation, interpolation ni simulation.",depot ORI-C
02_tables_derivees/orbital_timeseries.csv,4069008,0afc12e1eed20099220876eb2c4f1c22db9ce6e906bb0009362c95697b0a8901,table derivee,tables canoniques ORI-C,campagne_maximale_reelle/data,ORI-C,derive des sources primaires ci-dessus,suit la licence de la source primaire,"Table canonique construite par integrer_donnees_existantes.py sans imputation, interpolation ni simulation.",depot ORI-C
02_tables_derivees/orbital_timeseries_nbody_dossier.csv,989982,7f4e6940c1763ee3f421f0493db63973e33b7f53db286ecf80b2207e41d5f5f2,table derivee,tables canoniques ORI-C,campagne_maximale_reelle/data,ORI-C,derive des sources primaires ci-dessus,suit la licence de la source primaire,"Table canonique construite par integrer_donnees_existantes.py sans imputation, interpolation ni simulation.",depot ORI-C
02_tables_derivees/paleoclimate_timeseries.csv,63778,f13a600cd722e9791bfb5acbf4b3db0f11ba9af14bc9a97e01a9db6b1a5b85d1,table derivee,tables canoniques ORI-C,campagne_maximale_reelle/data,ORI-C,derive des sources primaires ci-dessus,suit la licence de la source primaire,"Table canonique construite par integrer_donnees_existantes.py sans imputation, interpolation ni simulation.",depot ORI-C
02_tables_derivees/partition_experiments.csv,5957,7698cacbca1a52fadeb2ae066800dfe86d248dc80388604168871ab85f603be4,table derivee,tables canoniques ORI-C,campagne_maximale_reelle/data,ORI-C,derive des sources primaires ci-dessus,suit la licence de la source primaire,"Table canonique construite par integrer_donnees_existantes.py sans imputation, interpolation ni simulation.",depot ORI-C
02_tables_derivees/prebiotic_auxiliary_measurements.csv,26784,afca34e984a3cea9ecd4bf702a072cfbd6e185f205756c9669eee3f06b88988c,table derivee,tables canoniques ORI-C,campagne_maximale_reelle/data,ORI-C,derive des sources primaires ci-dessus,suit la licence de la source primaire,"Table canonique construite par integrer_donnees_existantes.py sans imputation, interpolation ni simulation.",depot ORI-C
02_tables_derivees/prebiotic_design.csv,2901,0dc21af952fd670004f6fb8d794436da9be9047f05e64026ef4e8cf724bc854e,table derivee,tables canoniques ORI-C,campagne_maximale_reelle/data,ORI-C,derive des sources primaires ci-dessus,suit la licence de la source primaire,"Table canonique construite par integrer_donnees_existantes.py sans imputation, interpolation ni simulation.",depot ORI-C
02_tables_derivees/prebiotic_lineages.csv,2685427,45239f4b8d33827deda589d8a43e695dc0558ed578c0740dc7660daafbd74fba,table derivee,tables canoniques ORI-C,campagne_maximale_reelle/data,ORI-C,derive des sources primaires ci-dessus,suit la licence de la source primaire,"Table canonique construite par integrer_donnees_existantes.py sans imputation, interpolation ni simulation.",depot ORI-C
02_tables_derivees/prebiotic_log_auxiliary_measurements.csv,1466773,ca4c37a9575d094b7300e8a35c6388201043b7ecda31f4ce19466b15c7b76350,table derivee,tables canoniques ORI-C,campagne_maximale_reelle/data,ORI-C,derive des sources primaires ci-dessus,suit la licence de la source primaire,"Table canonique construite par integrer_donnees_existantes.py sans imputation, interpolation ni simulation.",depot ORI-C
02_tables_derivees/prebiotic_parent_offspring_pairs.csv,1049123,3d4f649d25a8e32d8f730cf73a376b3e1fa002a47af6ecc52dc5c2501cb47643,table derivee,tables canoniques ORI-C,campagne_maximale_reelle/data,ORI-C,derive des sources primaires ci-dessus,suit la licence de la source primaire,"Table canonique construite par integrer_donnees_existantes.py sans imputation, interpolation ni simulation.",depot ORI-C
02_tables_derivees/prebiotic_rna_evolution.csv,7695,9afd63ef76360bf9a561a059c7bce89132a91b5ba9dbea1fce3ff66a0e410729,table derivee,tables canoniques ORI-C,campagne_maximale_reelle/data,ORI-C,derive des sources primaires ci-dessus,suit la licence de la source primaire,"Table canonique construite par integrer_donnees_existantes.py sans imputation, interpolation ni simulation.",depot ORI-C
02_tables_derivees/prebiotic_timecourse_summary.csv,57383,bec092b0c2fa680b5c08f5e15be65de610f382fa9997eced4571e7fe8b7c4850,table derivee,tables canoniques ORI-C,campagne_maximale_reelle/data,ORI-C,derive des sources primaires ci-dessus,suit la licence de la source primaire,"Table canonique construite par integrer_donnees_existantes.py sans imputation, interpolation ni simulation.",depot ORI-C
02_tables_derivees/prebiotic_timecourses.csv,2799709,d6efa7b5ee8a78989a41b7f097722a1de9be28f1420676188401cbc5b57d48fc,table derivee,tables canoniques ORI-C,campagne_maximale_reelle/data,ORI-C,derive des sources primaires ci-dessus,suit la licence de la source primaire,"Table canonique construite par integrer_donnees_existantes.py sans imputation, interpolation ni simulation.",depot ORI-C
02_tables_derivees/provenance_reelle.json,646,685cb2380944a630dbe6cfcc4745573a0b1ac6ac795ab7b95aee208a565ab8bc,table derivee,tables canoniques ORI-C,campagne_maximale_reelle/data,ORI-C,derive des sources primaires ci-dessus,suit la licence de la source primaire,"Table canonique construite par integrer_donnees_existantes.py sans imputation, interpolation ni simulation.",depot ORI-C
02_tables_derivees/reaction_network.csv,1690494,638a5c9ef1a2da69feda64b4a0ac3d85bb009050100c9367abba618a8b0243c1,table derivee,tables canoniques ORI-C,campagne_maximale_reelle/data,ORI-C,derive des sources primaires ci-dessus,suit la licence de la source primaire,"Table canonique construite par integrer_donnees_existantes.py sans imputation, interpolation ni simulation.",depot ORI-C
02_tables_derivees/relations.csv,921,8b1d36acdce610f68a061fec6d35e4a678893ebfef2418f8e9ee6d143fcb990d,table derivee,tables canoniques ORI-C,campagne_maximale_reelle/data,ORI-C,derive des sources primaires ci-dessus,suit la licence de la source primaire,"Table canonique construite par integrer_donnees_existantes.py sans imputation, interpolation ni simulation.",depot ORI-C
03_documentation_provenance/DATA_AVAILABILITY.md,7768,f812dfc8b061802c5fc5db8ee7209f4d3f75922e4186e14fd8e90f7e5241e5ec,documentation,provenance,documentation,ORI-C,DATA_AVAILABILITY.md,-,"Fichier de provenance copie du depot, sans modification.",depot ORI-C
03_documentation_provenance/EXCLUSIONS.md,2530,1d49a27484947832b2cb2481b1388ed9a331d631e01392940d48d7c015dfc165,documentation,provenance,documentation,ORI-C,plateforme/campagne_maximale_reelle/EXCLUSIONS.md,-,"Fichier de provenance copie du depot, sans modification.",depot ORI-C
03_documentation_provenance/EXTERNAL_DATA_MANIFEST_depot.csv,6299,de3317e5ca97df9cb5da6874f9ff9e6f5841db66a3f3fc26f0d6cb2605ebd4ef,documentation,provenance,documentation,ORI-C,EXTERNAL_DATA_MANIFEST.csv,-,"Fichier de provenance copie du depot, sans modification.",depot ORI-C
03_documentation_provenance/PROVENANCE_INTEGRATION_DEPOT.json,14374,a942c97b3a9ced197cbcb04ec9bdc4ee5bdd9df9f4e6167d31d94488b110019a,documentation,provenance,documentation,ORI-C,plateforme/campagne_maximale_reelle/PROVENANCE_INTEGRATION_DEPOT.json,-,"Fichier de provenance copie du depot, sans modification.",depot ORI-C
03_documentation_provenance/REAL_DATA_COVERAGE.json,13418,4326df14e15a20770dae33e02a92bcde0113ed080e4f9885d7b984e59fca4154,documentation,provenance,documentation,ORI-C,plateforme/campagne_maximale_reelle/data/REAL_DATA_COVERAGE.json,-,"Fichier de provenance copie du depot, sans modification.",depot ORI-C
03_documentation_provenance/SOURCE_lot_scientifique_2026_08_05.json,7999,ca30bfb3b21b9bf515850aafef0589cce228d80b3c61bbcdc3c4086743486000,documentation,provenance,documentation,ORI-C,donnees_externes/lot_scientifique_maximal_2026_08_05/SOURCE.json,-,"Fichier de provenance copie du depot, sans modification.",depot ORI-C
03_documentation_provenance/TRI_LOT_SCIENTIFIQUE_2026_08_05.json,948,e64bb53865cef240c31ddfaf801d5ebb3d4ef849f5826b0b43c070d491c65014,documentation,provenance,documentation,ORI-C,plateforme/campagne_maximale_reelle/TRI_LOT_SCIENTIFIQUE_2026_08_05.json,-,"Fichier de provenance copie du depot, sans modification.",depot ORI-C
03_documentation_provenance/donnees_externes_README.md,1517,3122fdb8d6926a103dcdb56e5d0ff4abf00130091761ff9f63b8a1805e548c70,documentation,provenance,documentation,ORI-C,donnees_externes/README.md,-,"Fichier de provenance copie du depot, sans modification.",depot ORI-C
03_documentation_provenance/provenance_reelle.json,646,685cb2380944a630dbe6cfcc4745573a0b1ac6ac795ab7b95aee208a565ab8bc,documentation,provenance,documentation,ORI-C,plateforme/campagne_maximale_reelle/data/provenance_reelle.json,-,"Fichier de provenance copie du depot, sans modification.",depot ORI-C
03_documentation_provenance/sources_externes_recherche_suivante.json,5733,a7bfdc9bd049f17df8a8e544a89a74cffa1e0fe30abc2733db5afa3c6f997412,documentation,provenance,documentation,ORI-C,plan_directeur/campagne_recherche_suivante/sources_externes.json,-,"Fichier de provenance copie du depot, sans modification.",depot ORI-C
04_acquisitions_externes_2026-08-07/ACQUISITION.json,29759,40162ff4647459b79bf6adb3b31c4dfa72de46566dd726df99acb230f528d19b,documentation,provenance,tables candidates,ORI-C,construit le 2026-08-07 depuis 04_acquisitions_externes,suit la licence de la source primaire,Proposition non validee. Voir 05_tables_candidates/NOTICE.md.,depot ORI-C
04_acquisitions_externes_2026-08-07/astronomie/NASA_Exoplanet_Archive_PS_2026-08-07.csv,5694229,5aa82b0428639d85a08859604956385558bff42182caa8cc14d17668d62afde1,acquisition externe,astronomie,astronomie,"NASA Exoplanet Archive, Caltech IPAC",table Planetary Systems,domaine public NASA,Extraction courante des parametres orbitaux et physiques mesures de tous les systemes planetaires connus.,"telecharge le 2026-08-07 depuis https://exoplanetarchive.ipac.caltech.edu/TAP/sync?query=select+pl_name,hostname,sy_snum,sy_pnum,discoverymethod,disc_ye"
04_acquisitions_externes_2026-08-07/astronomie/SILSO_SN_m_tot_V2.0.csv,126578,a78640e2e0c96a7c92cabcf367a8a0c56c9296e354daec1443b4a307200a1615,acquisition externe,astronomie,astronomie,"SILSO, Observatoire royal de Belgique",nombre de taches solaires v2.0,CC BY-NC 4.0,"Nombre mensuel de taches solaires depuis 1749, forcage solaire observe.",telecharge le 2026-08-07 depuis https://www.sidc.be/SILSO/DATA/SN_m_tot_V2.0.csv
04_acquisitions_externes_2026-08-07/climat_observationnel/Berkeley_Earth_Land_and_Ocean_complete.txt,416532,e2d57dc0efc309e1b9879bab2bf95ce93a4e8e162ccf2c8eb5b090c07378dd56,acquisition externe,climat_observationnel,climat_observationnel,Berkeley Earth,serie globale terre et ocean,CC BY 4.0,"Troisieme reconstruction observationnelle globale, independante de GISTEMP et HadCRUT, mensuelle depuis 1850 avec incertitudes.",telecharge le 2026-08-07 depuis https://berkeley-earth-temperature.s3.us-west-1.amazonaws.com/Global/Land_and_Ocean_complete.txt
04_acquisitions_externes_2026-08-07/climat_observationnel/GISTEMP_GLB.Ts+dSST_2026-08-07.csv,12881,99d659d8c955c6599e93be3691467ff56eff80ee4b066c5cacfaaa6f7332ca9f,acquisition externe,climat_observationnel,climat_observationnel,NASA GISS,GISTEMP v4,domaine public NASA,"Anomalies globales mensuelles, version courante au 7 aout 2026.",telecharge le 2026-08-07 depuis https://data.giss.nasa.gov/gistemp/tabledata_v4/GLB.Ts+dSST.csv
04_acquisitions_externes_2026-08-07/climat_observationnel/HadCRUT.5.0.2.0.analysis.summary_series.global.annual.csv,7022,a1441ab5aef8f3baf43cca417bca271f6d674d4f235ea01129f0432c948882e0,acquisition externe,climat_observationnel,climat_observationnel,Met Office Hadley Centre,HadCRUT.5.0.2.0,Open Government Licence v3,Serie annuelle globale resumee avec intervalle de confiance.,telecharge le 2026-08-07 depuis https://www.metoffice.gov.uk/hadobs/hadcrut5/data/HadCRUT.5.0.2.0/analysis/diagnostics/HadCRUT.5.0.2.0.analysis.summary_
04_acquisitions_externes_2026-08-07/climat_observationnel/ch4_mm_gl.csv,23917,609056ee3787e54553d7e2efd22d729bde428007834010b96cdd3992fce827bd,acquisition externe,climat_observationnel,climat_observationnel,NOAA GML,methane global,information publique NOAA,CH4 global mensuel.,telecharge le 2026-08-07 depuis https://gml.noaa.gov/webdata/ccgg/trends/ch4/ch4_mm_gl.csv
04_acquisitions_externes_2026-08-07/climat_observationnel/co2_annmean_gl.csv,2513,3cff0130e7c26ba36a6a2f7c89459d1d1dd8841297561d7e15f9a8f7676d1fe7,acquisition externe,climat_observationnel,climat_observationnel,NOAA GML,moyenne globale annuelle CO2,information publique NOAA,"CO2 global annuel moyen, reseau de surface.",telecharge le 2026-08-07 depuis https://gml.noaa.gov/webdata/ccgg/trends/co2/co2_annmean_gl.csv
04_acquisitions_externes_2026-08-07/climat_observationnel/co2_mm_mlo.csv,38688,eb751e4e858dc732efddff1e3484cf3d2be80230c8f3f4eba779924ba56ac8f8,acquisition externe,climat_observationnel,climat_observationnel,NOAA Global Monitoring Laboratory,"Mauna Loa CO2, doi 10.15138/wkgj-f215",information publique NOAA,CO2 atmospherique mensuel mesure a Mauna Loa depuis 1958.,telecharge le 2026-08-07 depuis https://gml.noaa.gov/webdata/ccgg/trends/co2/co2_mm_mlo.csv
04_acquisitions_externes_2026-08-07/climat_observationnel/n2o_mm_gl.csv,14435,32f3a7b42e3f7a746ee8769ead7c98024b3e4802522f0f87eae59797dcbea5fc,acquisition externe,climat_observationnel,climat_observationnel,NOAA GML,protoxyde d azote global,information publique NOAA,N2O global mensuel.,telecharge le 2026-08-07 depuis https://gml.noaa.gov/webdata/ccgg/trends/n2o/n2o_mm_gl.csv
04_acquisitions_externes_2026-08-07/geochimie/ACQUISITION_GEOROC.json,75782,de5b86a6e6c114a382a378d0f7d6c49bce05236233a7ea560f1b1c15905ff08f,documentation,provenance,tables candidates,ORI-C,construit le 2026-08-07 depuis 04_acquisitions_externes,suit la licence de la source primaire,Proposition non validee. Voir 05_tables_candidates/NOTICE.md.,depot ORI-C
04_acquisitions_externes_2026-08-07/geochimie/georoc_contextes_volcaniques_complexes/2026-06-1VOFM5_CENTRAL-NEW_YORK_KIMBERLITES.csv,55312,502ecd75c03b07b5b592421b06baa814f0ff9e1dc43b18786b69c3c52f524a7e,acquisition externe,geochimie,georoc_contextes_volcaniques_complexes,"GEOROC / DIGIS, Universite de Goettingen",10.25625/1VOFM5,CC BY-SA 4.0,"Analyses roche totale publiees de la compilation GEOROC Compilation: Complex Volcanic Settings, avec methode analytique, laboratoire et reference bibliographique.",telecharge le 2026-08-07 depuis https://data.goettingen-research-online.de/api/access/datafile/173934
04_acquisitions_externes_2026-08-07/geochimie/georoc_contextes_volcaniques_complexes/2026-06-1VOFM5_ETNA_SICILY.csv,1856704,0a28e36ae43763dff70682139ee34809c29117573de2b8ef162055dade490e20,acquisition externe,geochimie,georoc_contextes_volcaniques_complexes,"GEOROC / DIGIS, Universite de Goettingen",10.25625/1VOFM5,CC BY-SA 4.0,"Analyses roche totale publiees de la compilation GEOROC Compilation: Complex Volcanic Settings, avec methode analytique, laboratoire et reference bibliographique.",telecharge le 2026-08-07 depuis https://data.goettingen-research-online.de/api/access/datafile/173937
04_acquisitions_externes_2026-08-07/geochimie/georoc_contextes_volcaniques_complexes/2026-06-1VOFM5_FINGER_LAKES_FIELD_NEW_YORK.csv,3473,c8bc3ae4a5390312b9fa0f748c34e7bb03cc46c7a6f501167eaba18377381df3,acquisition externe,geochimie,georoc_contextes_volcaniques_complexes,"GEOROC / DIGIS, Universite de Goettingen",10.25625/1VOFM5,CC BY-SA 4.0,"Analyses roche totale publiees de la compilation GEOROC Compilation: Complex Volcanic Settings, avec methode analytique, laboratoire et reference bibliographique.",telecharge le 2026-08-07 depuis https://data.goettingen-research-online.de/api/access/datafile/173935
04_acquisitions_externes_2026-08-07/geochimie/georoc_contextes_volcaniques_complexes/2026-06-1VOFM5_GALLEGO_FORMATION.csv,7073,a953276d323be9a5a55faf9b6b5371af441ab692e6c3de99795ea915f54829ba,acquisition externe,geochimie,georoc_contextes_volcaniques_complexes,"GEOROC / DIGIS, Universite de Goettingen",10.25625/1VOFM5,CC BY-SA 4.0,"Analyses roche totale publiees de la compilation GEOROC Compilation: Complex Volcanic Settings, avec methode analytique, laboratoire et reference bibliographique.",telecharge le 2026-08-07 depuis https://data.goettingen-research-online.de/api/access/datafile/173940
04_acquisitions_externes_2026-08-07/geochimie/georoc_contextes_volcaniques_complexes/2026-06-1VOFM5_GUERRERO_MEXICO.csv,18635,7a851df10763c7bbd2e6e3d417b5bbaca34e075b393619bf4c6c5add256f0380,acquisition externe,geochimie,georoc_contextes_volcaniques_complexes,"GEOROC / DIGIS, Universite de Goettingen",10.25625/1VOFM5,CC BY-SA 4.0,"Analyses roche totale publiees de la compilation GEOROC Compilation: Complex Volcanic Settings, avec methode analytique, laboratoire et reference bibliographique.",telecharge le 2026-08-07 depuis https://data.goettingen-research-online.de/api/access/datafile/173941
04_acquisitions_externes_2026-08-07/geochimie/georoc_contextes_volcaniques_complexes/2026-06-1VOFM5_HYBLEAN_OR_IBLEAN_PLATEAU_SICILY.csv,330743,c2d4a33a57d231a606dbec2084c329531c0b3cb44c1016ed3fc458cbaf08a341,acquisition externe,geochimie,georoc_contextes_volcaniques_complexes,"GEOROC / DIGIS, Universite de Goettingen",10.25625/1VOFM5,CC BY-SA 4.0,"Analyses roche totale publiees de la compilation GEOROC Compilation: Complex Volcanic Settings, avec methode analytique, laboratoire et reference bibliographique.",telecharge le 2026-08-07 depuis https://data.goettingen-research-online.de/api/access/datafile/173943
04_acquisitions_externes_2026-08-07/geochimie/georoc_contextes_volcaniques_complexes/2026-06-1VOFM5_OAXACA_MEXICO.csv,18030,11a61311015c5358af769434cdd441ce2fa2961ecdac918b54ea381372cf323c,acquisition externe,geochimie,georoc_contextes_volcaniques_complexes,"GEOROC / DIGIS, Universite de Goettingen",10.25625/1VOFM5,CC BY-SA 4.0,"Analyses roche totale publiees de la compilation GEOROC Compilation: Complex Volcanic Settings, avec methode analytique, laboratoire et reference bibliographique.",telecharge le 2026-08-07 depuis https://data.goettingen-research-online.de/api/access/datafile/173942
04_acquisitions_externes_2026-08-07/geochimie/georoc_contextes_volcaniques_complexes/2026-06-1VOFM5_RODARTE_FLOW.csv,5647,b75242796a64b6310c3cd033beca34ac0aeb40b99a227d20f2e82395488f008c,acquisition externe,geochimie,georoc_contextes_volcaniques_complexes,"GEOROC / DIGIS, Universite de Goettingen",10.25625/1VOFM5,CC BY-SA 4.0,"Analyses roche totale publiees de la compilation GEOROC Compilation: Complex Volcanic Settings, avec methode analytique, laboratoire et reference bibliographique.",telecharge le 2026-08-07 depuis https://data.goettingen-research-online.de/api/access/datafile/173938
04_acquisitions_externes_2026-08-07/geochimie/georoc_contextes_volcaniques_complexes/2026-06-1VOFM5_TILZAPOTLA_MEXICO.csv,33379,6b54e65feb101d4946d4334563e2a2999d3e519205b35480c6c928dd48d8864b,acquisition externe,geochimie,georoc_contextes_volcaniques_complexes,"GEOROC / DIGIS, Universite de Goettingen",10.25625/1VOFM5,CC BY-SA 4.0,"Analyses roche totale publiees de la compilation GEOROC Compilation: Complex Volcanic Settings, avec methode analytique, laboratoire et reference bibliographique.",telecharge le 2026-08-07 depuis https://data.goettingen-research-online.de/api/access/datafile/173936
04_acquisitions_externes_2026-08-07/geochimie/georoc_contextes_volcaniques_complexes/2026-06-1VOFM5_USTICA_ISLAND_ITALY.csv,18678,6de5539e8f27727b7b1c6965070cff5f2915634fc444a5a92e4baabcef470180,acquisition externe,geochimie,georoc_contextes_volcaniques_complexes,"GEOROC / DIGIS, Universite de Goettingen",10.25625/1VOFM5,CC BY-SA 4.0,"Analyses roche totale publiees de la compilation GEOROC Compilation: Complex Volcanic Settings, avec methode analytique, laboratoire et reference bibliographique.",telecharge le 2026-08-07 depuis https://data.goettingen-research-online.de/api/access/datafile/173939
04_acquisitions_externes_2026-08-07/geochimie/georoc_cratons_archeens/2026-06-1KRR1P_ALDAN_SHIELD_ARCHEAN.csv,321067,6959b5f1d1ce74ba6608d11847cf12e6427535040bc10b5854ec5ef336fcf6aa,acquisition externe,geochimie,georoc_cratons_archeens,"GEOROC / DIGIS, Universite de Goettingen",10.25625/1KRR1P,CC BY-SA 4.0,"Analyses roche totale publiees de la compilation GEOROC Compilation: Archaean Cratons, avec methode analytique, laboratoire et reference bibliographique.",telecharge le 2026-08-07 depuis https://data.goettingen-research-online.de/api/access/datafile/173869
04_acquisitions_externes_2026-08-07/geochimie/georoc_cratons_archeens/2026-06-1KRR1P_AMAZONIAN_CRATON.csv,950780,2123a1cba47aa354555582fecdfff7540a9aa8b1527e0ee0a705db8f11d30b57,acquisition externe,geochimie,georoc_cratons_archeens,"GEOROC / DIGIS, Universite de Goettingen",10.25625/1KRR1P,CC BY-SA 4.0,"Analyses roche totale publiees de la compilation GEOROC Compilation: Archaean Cratons, avec methode analytique, laboratoire et reference bibliographique.",telecharge le 2026-08-07 depuis https://data.goettingen-research-online.de/api/access/datafile/173854
04_acquisitions_externes_2026-08-07/geochimie/georoc_cratons_archeens/2026-06-1KRR1P_BALTIC_SHIELD_ARCHEAN.csv,4209880,4469526c02cbb473fae14e1f69525bf865bb0197387b6368bf99aefdcc055f98,acquisition externe,geochimie,georoc_cratons_archeens,"GEOROC / DIGIS, Universite de Goettingen",10.25625/1KRR1P,CC BY-SA 4.0,"Analyses roche totale publiees de la compilation GEOROC Compilation: Archaean Cratons, avec methode analytique, laboratoire et reference bibliographique.",telecharge le 2026-08-07 depuis https://data.goettingen-research-online.de/api/access/datafile/173863
04_acquisitions_externes_2026-08-07/geochimie/georoc_cratons_archeens/2026-06-1KRR1P_BASTAR_CRATON.csv,94925,0fd5dca7583c256a35e91ab81ef120e38bc1fe283dbc16407f9ae2fe73ed5d19,acquisition externe,geochimie,georoc_cratons_archeens,"GEOROC / DIGIS, Universite de Goettingen",10.25625/1KRR1P,CC BY-SA 4.0,"Analyses roche totale publiees de la compilation GEOROC Compilation: Archaean Cratons, avec methode analytique, laboratoire et reference bibliographique.",telecharge le 2026-08-07 depuis https://data.goettingen-research-online.de/api/access/datafile/173852
04_acquisitions_externes_2026-08-07/geochimie/georoc_cratons_archeens/2026-06-1KRR1P_BUNDELKHAND_CRATON.csv,309858,013262ec45286f1aed276355e9a34b09159a0694dce6ddcd638ed8f1107c1679,acquisition externe,geochimie,georoc_cratons_archeens,"GEOROC / DIGIS, Universite de Goettingen",10.25625/1KRR1P,CC BY-SA 4.0,"Analyses roche totale publiees de la compilation GEOROC Compilation: Archaean Cratons, avec methode analytique, laboratoire et reference bibliographique.",telecharge le 2026-08-07 depuis https://data.goettingen-research-online.de/api/access/datafile/173848
04_acquisitions_externes_2026-08-07/geochimie/georoc_cratons_archeens/2026-06-1KRR1P_CHURCHILL_PROVINCE_ARCHEAN.csv,263824,fb3557f619a82676b2cc72fdc992180e2b233e3cad968aab95c65bb590d49df5,acquisition externe,geochimie,georoc_cratons_archeens,"GEOROC / DIGIS, Universite de Goettingen",10.25625/1KRR1P,CC BY-SA 4.0,"Analyses roche totale publiees de la compilation GEOROC Compilation: Archaean Cratons, avec methode analytique, laboratoire et reference bibliographique.",telecharge le 2026-08-07 depuis https://data.goettingen-research-online.de/api/access/datafile/173866
04_acquisitions_externes_2026-08-07/geochimie/georoc_cratons_archeens/2026-06-1KRR1P_CONGO_CRATON.csv,362845,1880b2971baa9e3c44e312f711a9d6a8da785739b6ec9504bc3d37c3d2d7efc2,acquisition externe,geochimie,georoc_cratons_archeens,"GEOROC / DIGIS, Universite de Goettingen",10.25625/1KRR1P,CC BY-SA 4.0,"Analyses roche totale publiees de la compilation GEOROC Compilation: Archaean Cratons, avec methode analytique, laboratoire et reference bibliographique.",telecharge le 2026-08-07 depuis https://data.goettingen-research-online.de/api/access/datafile/173870
04_acquisitions_externes_2026-08-07/geochimie/georoc_cratons_archeens/2026-06-1KRR1P_DHARWAR_CRATON_ARCHEAN.csv,2407194,43a5bd01d590f11313af717d6063dd60d83d110bf905c759737cedafb3e58f6f,acquisition externe,geochimie,georoc_cratons_archeens,"GEOROC / DIGIS, Universite de Goettingen",10.25625/1KRR1P,CC BY-SA 4.0,"Analyses roche totale publiees de la compilation GEOROC Compilation: Archaean Cratons, avec methode analytique, laboratoire et reference bibliographique.",telecharge le 2026-08-07 depuis https://data.goettingen-research-online.de/api/access/datafile/173871
04_acquisitions_externes_2026-08-07/geochimie/georoc_cratons_archeens/2026-06-1KRR1P_EAST_EUROPEAN_CRATON.csv,93085,d6df9261119b85e9a3941ea8cc5d144eb82651ea687792a6d377afb59d5177e6,acquisition externe,geochimie,georoc_cratons_archeens,"GEOROC / DIGIS, Universite de Goettingen",10.25625/1KRR1P,CC BY-SA 4.0,"Analyses roche totale publiees de la compilation GEOROC Compilation: Archaean Cratons, avec methode analytique, laboratoire et reference bibliographique.",telecharge le 2026-08-07 depuis https://data.goettingen-research-online.de/api/access/datafile/173853
04_acquisitions_externes_2026-08-07/geochimie/georoc_cratons_archeens/2026-06-1KRR1P_GAWLER_CRATON.csv,72890,88bee7dd6ee4ddafaaa918ab985ff56dcef2044ea900e7ae14cc9821dd318de4,acquisition externe,geochimie,georoc_cratons_archeens,"GEOROC / DIGIS, Universite de Goettingen",10.25625/1KRR1P,CC BY-SA 4.0,"Analyses roche totale publiees de la compilation GEOROC Compilation: Archaean Cratons, avec methode analytique, laboratoire et reference bibliographique.",telecharge le 2026-08-07 depuis https://data.goettingen-research-online.de/api/access/datafile/173855
04_acquisitions_externes_2026-08-07/geochimie/georoc_cratons_archeens/2026-06-1KRR1P_KAAPVAAL_CRATON_ARCHEAN.csv,3346850,d3c433c1d82bd80417bd70bd5e8cbaf81ab3428fe14eb6a9113ee0ebbc2cb45d,acquisition externe,geochimie,georoc_cratons_archeens,"GEOROC / DIGIS, Universite de Goettingen",10.25625/1KRR1P,CC BY-SA 4.0,"Analyses roche totale publiees de la compilation GEOROC Compilation: Archaean Cratons, avec methode analytique, laboratoire et reference bibliographique.",telecharge le 2026-08-07 depuis https://data.goettingen-research-online.de/api/access/datafile/173851
04_acquisitions_externes_2026-08-07/geochimie/georoc_cratons_archeens/2026-06-1KRR1P_LIMPOPO_BELT.csv,45706,6bb6ca5ee6f8890e69116ebd15bcab8fcbe7e52bd615182c425bd6afbd08e99e,acquisition externe,geochimie,georoc_cratons_archeens,"GEOROC / DIGIS, Universite de Goettingen",10.25625/1KRR1P,CC BY-SA 4.0,"Analyses roche totale publiees de la compilation GEOROC Compilation: Archaean Cratons, avec methode analytique, laboratoire et reference bibliographique.",telecharge le 2026-08-07 depuis https://data.goettingen-research-online.de/api/access/datafile/173857
04_acquisitions_externes_2026-08-07/geochimie/georoc_cratons_archeens/2026-06-1KRR1P_NORTH_ATLANTIC_CRATON_ARCHEAN.csv,2407458,c07811dd5f6133fccb531ce7932b17f171822270a750e0a84086d245ec476a0a,acquisition externe,geochimie,georoc_cratons_archeens,"GEOROC / DIGIS, Universite de Goettingen",10.25625/1KRR1P,CC BY-SA 4.0,"Analyses roche totale publiees de la compilation GEOROC Compilation: Archaean Cratons, avec methode analytique, laboratoire et reference bibliographique.",telecharge le 2026-08-07 depuis https://data.goettingen-research-online.de/api/access/datafile/173872
04_acquisitions_externes_2026-08-07/geochimie/georoc_cratons_archeens/2026-06-1KRR1P_NORTH_CHINA_CRATON.csv,2505963,62961707fa44760fa930564c1a0128d8f7570912d6bbf9bcc7a92fec1832f350,acquisition externe,geochimie,georoc_cratons_archeens,"GEOROC / DIGIS, Universite de Goettingen",10.25625/1KRR1P,CC BY-SA 4.0,"Analyses roche totale publiees de la compilation GEOROC Compilation: Archaean Cratons, avec methode analytique, laboratoire et reference bibliographique.",telecharge le 2026-08-07 depuis https://data.goettingen-research-online.de/api/access/datafile/173868
04_acquisitions_externes_2026-08-07/geochimie/georoc_cratons_archeens/2026-06-1KRR1P_OKHOTSK-OMOLON_CRATON.csv,6215,ce00f2a717de68801851a0df36bf17e2f1396d7f05e9925d81dd3f1bfdd545e8,acquisition externe,geochimie,georoc_cratons_archeens,"GEOROC / DIGIS, Universite de Goettingen",10.25625/1KRR1P,CC BY-SA 4.0,"Analyses roche totale publiees de la compilation GEOROC Compilation: Archaean Cratons, avec methode analytique, laboratoire et reference bibliographique.",telecharge le 2026-08-07 depuis https://data.goettingen-research-online.de/api/access/datafile/173861
04_acquisitions_externes_2026-08-07/geochimie/georoc_cratons_archeens/2026-06-1KRR1P_RAE_CRATON.csv,5874,4daf6e0e7e2bdd72e7d4962b85be630db268f8cde23359182e8648dfbcd9f6bb,acquisition externe,geochimie,georoc_cratons_archeens,"GEOROC / DIGIS, Universite de Goettingen",10.25625/1KRR1P,CC BY-SA 4.0,"Analyses roche totale publiees de la compilation GEOROC Compilation: Archaean Cratons, avec methode analytique, laboratoire et reference bibliographique.",telecharge le 2026-08-07 depuis https://data.goettingen-research-online.de/api/access/datafile/173850
04_acquisitions_externes_2026-08-07/geochimie/georoc_cratons_archeens/2026-06-1KRR1P_SAO_FRANCISCO_CRATON_ARCHEAN.csv,768400,e5b7b7e6bca5c6a3be58891ac44c534616dc46de9f57a48acec8b97d811de676,acquisition externe,geochimie,georoc_cratons_archeens,"GEOROC / DIGIS, Universite de Goettingen",10.25625/1KRR1P,CC BY-SA 4.0,"Analyses roche totale publiees de la compilation GEOROC Compilation: Archaean Cratons, avec methode analytique, laboratoire et reference bibliographique.",telecharge le 2026-08-07 depuis https://data.goettingen-research-online.de/api/access/datafile/173858
04_acquisitions_externes_2026-08-07/geochimie/georoc_cratons_archeens/2026-06-1KRR1P_SARMATIAN_CRATON.csv,120031,c514561947a98942151f3f5f2a61aee1dd8b88f8036f7f62c334e0d0f62a4e3f,acquisition externe,geochimie,georoc_cratons_archeens,"GEOROC / DIGIS, Universite de Goettingen",10.25625/1KRR1P,CC BY-SA 4.0,"Analyses roche totale publiees de la compilation GEOROC Compilation: Archaean Cratons, avec methode analytique, laboratoire et reference bibliographique.",telecharge le 2026-08-07 depuis https://data.goettingen-research-online.de/api/access/datafile/173867
04_acquisitions_externes_2026-08-07/geochimie/georoc_cratons_archeens/2026-06-1KRR1P_SIBERIAN_CRATON_ARCHEAN.csv,110489,6a4d2dbdfc5a097b8f07ff0d73d2df106a98edfe9a4b82f0afbe663d1c3e8534,acquisition externe,geochimie,georoc_cratons_archeens,"GEOROC / DIGIS, Universite de Goettingen",10.25625/1KRR1P,CC BY-SA 4.0,"Analyses roche totale publiees de la compilation GEOROC Compilation: Archaean Cratons, avec methode analytique, laboratoire et reference bibliographique.",telecharge le 2026-08-07 depuis https://data.goettingen-research-online.de/api/access/datafile/173873
04_acquisitions_externes_2026-08-07/geochimie/georoc_cratons_archeens/2026-06-1KRR1P_SINGHBHUM_CRATON_ARCHEAN.csv,727334,89406a328f89dc4e2f7796a059cf8d542ea31ca54664e35d466245fb20d5b331,acquisition externe,geochimie,georoc_cratons_archeens,"GEOROC / DIGIS, Universite de Goettingen",10.25625/1KRR1P,CC BY-SA 4.0,"Analyses roche totale publiees de la compilation GEOROC Compilation: Archaean Cratons, avec methode analytique, laboratoire et reference bibliographique.",telecharge le 2026-08-07 depuis https://data.goettingen-research-online.de/api/access/datafile/173859
04_acquisitions_externes_2026-08-07/geochimie/georoc_cratons_archeens/2026-06-1KRR1P_SLAVE_PROVINCE_ARCHEAN.csv,350444,b600a633281da3c4847944642856842b4c322165664ac443a642d00a4d9ca90a,acquisition externe,geochimie,georoc_cratons_archeens,"GEOROC / DIGIS, Universite de Goettingen",10.25625/1KRR1P,CC BY-SA 4.0,"Analyses roche totale publiees de la compilation GEOROC Compilation: Archaean Cratons, avec methode analytique, laboratoire et reference bibliographique.",telecharge le 2026-08-07 depuis https://data.goettingen-research-online.de/api/access/datafile/173864
04_acquisitions_externes_2026-08-07/geochimie/georoc_cratons_archeens/2026-06-1KRR1P_SUPERIOR_PROVINCE_ARCHEAN.csv,5921367,5bed283ed7a20e2d8c0b411e801c07df18fd50d2424f5127e074fff9faee6865,acquisition externe,geochimie,georoc_cratons_archeens,"GEOROC / DIGIS, Universite de Goettingen",10.25625/1KRR1P,CC BY-SA 4.0,"Analyses roche totale publiees de la compilation GEOROC Compilation: Archaean Cratons, avec methode analytique, laboratoire et reference bibliographique.",telecharge le 2026-08-07 depuis https://data.goettingen-research-online.de/api/access/datafile/173862
04_acquisitions_externes_2026-08-07/geochimie/georoc_cratons_archeens/2026-06-1KRR1P_TANZANIA_CRATON_ARCHEAN.csv,348082,222db38a0846b9e4a5e8749f4569aeb009d116190c554d052ea9b4061a6e5f77,acquisition externe,geochimie,georoc_cratons_archeens,"GEOROC / DIGIS, Universite de Goettingen",10.25625/1KRR1P,CC BY-SA 4.0,"Analyses roche totale publiees de la compilation GEOROC Compilation: Archaean Cratons, avec methode analytique, laboratoire et reference bibliographique.",telecharge le 2026-08-07 depuis https://data.goettingen-research-online.de/api/access/datafile/173849
04_acquisitions_externes_2026-08-07/geochimie/georoc_cratons_archeens/2026-06-1KRR1P_WEST_AFRICAN_CRATON.csv,53291,2197377ae969c9e0245898d16e6c745dbeaef1f28313c19822f9059dec6a96ab,acquisition externe,geochimie,georoc_cratons_archeens,"GEOROC / DIGIS, Universite de Goettingen",10.25625/1KRR1P,CC BY-SA 4.0,"Analyses roche totale publiees de la compilation GEOROC Compilation: Archaean Cratons, avec methode analytique, laboratoire et reference bibliographique.",telecharge le 2026-08-07 depuis https://data.goettingen-research-online.de/api/access/datafile/173865
04_acquisitions_externes_2026-08-07/geochimie/georoc_cratons_archeens/2026-06-1KRR1P_WEST_AUSTRALIAN_CRATON.csv,4953001,b7c774985e0cc5a27e24733ee89f908fa7792aed86a6390ae0637c0bca103da8,acquisition externe,geochimie,georoc_cratons_archeens,"GEOROC / DIGIS, Universite de Goettingen",10.25625/1KRR1P,CC BY-SA 4.0,"Analyses roche totale publiees de la compilation GEOROC Compilation: Archaean Cratons, avec methode analytique, laboratoire et reference bibliographique.",telecharge le 2026-08-07 depuis https://data.goettingen-research-online.de/api/access/datafile/173856
04_acquisitions_externes_2026-08-07/geochimie/georoc_cratons_archeens/2026-06-1KRR1P_WYOMING_PROVINCE.csv,259241,9488675e5d00b5070a850e96ced7aea4dafea6497b55aa7f9d7d92ff412c7e7a,acquisition externe,geochimie,georoc_cratons_archeens,"GEOROC / DIGIS, Universite de Goettingen",10.25625/1KRR1P,CC BY-SA 4.0,"Analyses roche totale publiees de la compilation GEOROC Compilation: Archaean Cratons, avec methode analytique, laboratoire et reference bibliographique.",telecharge le 2026-08-07 depuis https://data.goettingen-research-online.de/api/access/datafile/173875
04_acquisitions_externes_2026-08-07/geochimie/georoc_cratons_archeens/2026-06-1KRR1P_YANGTZE_BLOCK.csv,200350,d91ef95f5f051901c9eb52294de4b6cf3c8aedeef8aa61473eff55b4c8e6c35c,acquisition externe,geochimie,georoc_cratons_archeens,"GEOROC / DIGIS, Universite de Goettingen",10.25625/1KRR1P,CC BY-SA 4.0,"Analyses roche totale publiees de la compilation GEOROC Compilation: Archaean Cratons, avec methode analytique, laboratoire et reference bibliographique.",telecharge le 2026-08-07 depuis https://data.goettingen-research-online.de/api/access/datafile/173860
04_acquisitions_externes_2026-08-07/geochimie/georoc_cratons_archeens/2026-06-1KRR1P_ZIMBABWE_CRATON_ARCHEAN.csv,479724,0a57dc6ad45fbfeec7f2fee395b0b43dd96d21c109718267058657e59a7701f2,acquisition externe,geochimie,georoc_cratons_archeens,"GEOROC / DIGIS, Universite de Goettingen",10.25625/1KRR1P,CC BY-SA 4.0,"Analyses roche totale publiees de la compilation GEOROC Compilation: Archaean Cratons, avec methode analytique, laboratoire et reference bibliographique.",telecharge le 2026-08-07 depuis https://data.goettingen-research-online.de/api/access/datafile/173874
04_acquisitions_externes_2026-08-07/geochimie/georoc_plateaux_oceaniques/2026-06-JRZIJF_BERMUDA_RISE.csv,243978,8b7a6354a0de3355f62a046a6e5776eb1d58582fbffa690faa98b822d71b9e28,acquisition externe,geochimie,georoc_plateaux_oceaniques,"GEOROC / DIGIS, Universite de Goettingen",10.25625/JRZIJF,CC BY-SA 4.0,"Analyses roche totale publiees de la compilation GEOROC Compilation: Oceanic Plateaus, avec methode analytique, laboratoire et reference bibliographique.",telecharge le 2026-08-07 depuis https://data.goettingen-research-online.de/api/access/datafile/173834
04_acquisitions_externes_2026-08-07/geochimie/georoc_plateaux_oceaniques/2026-06-JRZIJF_BRAZIL_BASIN.csv,5872,ffb0014a9bbad402b9500720a602bece0921d7c1712c0c87ec94e04051621339,acquisition externe,geochimie,georoc_plateaux_oceaniques,"GEOROC / DIGIS, Universite de Goettingen",10.25625/JRZIJF,CC BY-SA 4.0,"Analyses roche totale publiees de la compilation GEOROC Compilation: Oceanic Plateaus, avec methode analytique, laboratoire et reference bibliographique.",telecharge le 2026-08-07 depuis https://data.goettingen-research-online.de/api/access/datafile/173835
04_acquisitions_externes_2026-08-07/geochimie/georoc_plateaux_oceaniques/2026-06-JRZIJF_CAPE_VERDE_RISE.csv,4938,87a908b38036f3ac01545cc4d7bb9819b043be6f75a59eac2eb13427dbc319f9,acquisition externe,geochimie,georoc_plateaux_oceaniques,"GEOROC / DIGIS, Universite de Goettingen",10.25625/JRZIJF,CC BY-SA 4.0,"Analyses roche totale publiees de la compilation GEOROC Compilation: Oceanic Plateaus, avec methode analytique, laboratoire et reference bibliographique.",telecharge le 2026-08-07 depuis https://data.goettingen-research-online.de/api/access/datafile/173841
04_acquisitions_externes_2026-08-07/geochimie/georoc_plateaux_oceaniques/2026-06-JRZIJF_CARIBBEAN-COLOMBIAN_PLATEAU.csv,853703,0e6d1786580314340a7e3b9d1a6dd14effdf1495101b298799770aa80c887fad,acquisition externe,geochimie,georoc_plateaux_oceaniques,"GEOROC / DIGIS, Universite de Goettingen",10.25625/JRZIJF,CC BY-SA 4.0,"Analyses roche totale publiees de la compilation GEOROC Compilation: Oceanic Plateaus, avec methode analytique, laboratoire et reference bibliographique.",telecharge le 2026-08-07 depuis https://data.goettingen-research-online.de/api/access/datafile/173844
04_acquisitions_externes_2026-08-07/geochimie/georoc_plateaux_oceaniques/2026-06-JRZIJF_CUVIER_OR_WALLABY_PLATEAU.csv,4308,964888634d50c00a163d1d61c2564f4a95955368e47ea01a420351b37f42810e,acquisition externe,geochimie,georoc_plateaux_oceaniques,"GEOROC / DIGIS, Universite de Goettingen",10.25625/JRZIJF,CC BY-SA 4.0,"Analyses roche totale publiees de la compilation GEOROC Compilation: Oceanic Plateaus, avec methode analytique, laboratoire et reference bibliographique.",telecharge le 2026-08-07 depuis https://data.goettingen-research-online.de/api/access/datafile/173840
04_acquisitions_externes_2026-08-07/geochimie/georoc_plateaux_oceaniques/2026-06-JRZIJF_HESS_RISE.csv,36440,023d715903387f355368d76aea9b281472b1a5afaea6792ab9e1608840a9af4b,acquisition externe,geochimie,georoc_plateaux_oceaniques,"GEOROC / DIGIS, Universite de Goettingen",10.25625/JRZIJF,CC BY-SA 4.0,"Analyses roche totale publiees de la compilation GEOROC Compilation: Oceanic Plateaus, avec methode analytique, laboratoire et reference bibliographique.",telecharge le 2026-08-07 depuis https://data.goettingen-research-online.de/api/access/datafile/173832
04_acquisitions_externes_2026-08-07/geochimie/georoc_plateaux_oceaniques/2026-06-JRZIJF_HIKURANGI_PLATEAU.csv,24646,bfc87c156980e5615e113bffd0d3a3e98665e84a2731285dca8317e358f8ecc8,acquisition externe,geochimie,georoc_plateaux_oceaniques,"GEOROC / DIGIS, Universite de Goettingen",10.25625/JRZIJF,CC BY-SA 4.0,"Analyses roche totale publiees de la compilation GEOROC Compilation: Oceanic Plateaus, avec methode analytique, laboratoire et reference bibliographique.",telecharge le 2026-08-07 depuis https://data.goettingen-research-online.de/api/access/datafile/173846
04_acquisitions_externes_2026-08-07/geochimie/georoc_plateaux_oceaniques/2026-06-JRZIJF_KERGUELEN_PLATEAU.csv,550764,159a49dd32b0bf27422ba1128149c68b8c46b329807cbb7057c5077611c853d7,acquisition externe,geochimie,georoc_plateaux_oceaniques,"GEOROC / DIGIS, Universite de Goettingen",10.25625/JRZIJF,CC BY-SA 4.0,"Analyses roche totale publiees de la compilation GEOROC Compilation: Oceanic Plateaus, avec methode analytique, laboratoire et reference bibliographique.",telecharge le 2026-08-07 depuis https://data.goettingen-research-online.de/api/access/datafile/173839
04_acquisitions_externes_2026-08-07/geochimie/georoc_plateaux_oceaniques/2026-06-JRZIJF_MAGELLAN_RISE.csv,4877,13b9abaa793a9cf01ac5ff61bae047cf0a5642779776ab8fa4ce714133104642,acquisition externe,geochimie,georoc_plateaux_oceaniques,"GEOROC / DIGIS, Universite de Goettingen",10.25625/JRZIJF,CC BY-SA 4.0,"Analyses roche totale publiees de la compilation GEOROC Compilation: Oceanic Plateaus, avec methode analytique, laboratoire et reference bibliographique.",telecharge le 2026-08-07 depuis https://data.goettingen-research-online.de/api/access/datafile/173843
04_acquisitions_externes_2026-08-07/geochimie/georoc_plateaux_oceaniques/2026-06-JRZIJF_MANIHIKI_PLATEAU.csv,168952,b03ea3130488c658a416498786400060a71151aac8561b448a5eb43991f7d883,acquisition externe,geochimie,georoc_plateaux_oceaniques,"GEOROC / DIGIS, Universite de Goettingen",10.25625/JRZIJF,CC BY-SA 4.0,"Analyses roche totale publiees de la compilation GEOROC Compilation: Oceanic Plateaus, avec methode analytique, laboratoire et reference bibliographique.",telecharge le 2026-08-07 depuis https://data.goettingen-research-online.de/api/access/datafile/173838
04_acquisitions_externes_2026-08-07/geochimie/georoc_plateaux_oceaniques/2026-06-JRZIJF_MASCARENE_PLATEAU.csv,14443,12583a8ade810d732d8504de73a21529bf2b8dcd52213b2e8be8edaeb55ddffa,acquisition externe,geochimie,georoc_plateaux_oceaniques,"GEOROC / DIGIS, Universite de Goettingen",10.25625/JRZIJF,CC BY-SA 4.0,"Analyses roche totale publiees de la compilation GEOROC Compilation: Oceanic Plateaus, avec methode analytique, laboratoire et reference bibliographique.",telecharge le 2026-08-07 depuis https://data.goettingen-research-online.de/api/access/datafile/173842
04_acquisitions_externes_2026-08-07/geochimie/georoc_plateaux_oceaniques/2026-06-JRZIJF_MATSUMAE_PLATEAU.csv,3362,11499b9de4c4fc702b25cb8fbee75e8402cb88130508085049cb03a0699ea92a,acquisition externe,geochimie,georoc_plateaux_oceaniques,"GEOROC / DIGIS, Universite de Goettingen",10.25625/JRZIJF,CC BY-SA 4.0,"Analyses roche totale publiees de la compilation GEOROC Compilation: Oceanic Plateaus, avec methode analytique, laboratoire et reference bibliographique.",telecharge le 2026-08-07 depuis https://data.goettingen-research-online.de/api/access/datafile/173833
04_acquisitions_externes_2026-08-07/geochimie/georoc_plateaux_oceaniques/2026-06-JRZIJF_MAUD_RISE.csv,9850,e9fe09397c90900d0a710af8ad946a35ecf2caa1a9f783a6319558f1d6e80c59,acquisition externe,geochimie,georoc_plateaux_oceaniques,"GEOROC / DIGIS, Universite de Goettingen",10.25625/JRZIJF,CC BY-SA 4.0,"Analyses roche totale publiees de la compilation GEOROC Compilation: Oceanic Plateaus, avec methode analytique, laboratoire et reference bibliographique.",telecharge le 2026-08-07 depuis https://data.goettingen-research-online.de/api/access/datafile/173847
04_acquisitions_externes_2026-08-07/geochimie/georoc_plateaux_oceaniques/2026-06-JRZIJF_NATURALISTE_PLATEAU.csv,22518,9901bf79e8454ff6b3adec9d81a09403759c80bf872a1ecce7206dba7edc9d0f,acquisition externe,geochimie,georoc_plateaux_oceaniques,"GEOROC / DIGIS, Universite de Goettingen",10.25625/JRZIJF,CC BY-SA 4.0,"Analyses roche totale publiees de la compilation GEOROC Compilation: Oceanic Plateaus, avec methode analytique, laboratoire et reference bibliographique.",telecharge le 2026-08-07 depuis https://data.goettingen-research-online.de/api/access/datafile/173830
04_acquisitions_externes_2026-08-07/geochimie/georoc_plateaux_oceaniques/2026-06-JRZIJF_ONTONG_JAVA.csv,583696,eeffa279c823076ed8c05c4cab954e1e05db0b11ee1e2ce8b56b3a1f10b8e48d,acquisition externe,geochimie,georoc_plateaux_oceaniques,"GEOROC / DIGIS, Universite de Goettingen",10.25625/JRZIJF,CC BY-SA 4.0,"Analyses roche totale publiees de la compilation GEOROC Compilation: Oceanic Plateaus, avec methode analytique, laboratoire et reference bibliographique.",telecharge le 2026-08-07 depuis https://data.goettingen-research-online.de/api/access/datafile/173837
04_acquisitions_externes_2026-08-07/geochimie/georoc_plateaux_oceaniques/2026-06-JRZIJF_RIO_GRANDE_RISE.csv,33824,d4661e6a7a4afafdb7f0432e29c4218d02622adb8fdbec9abb09125c536165f6,acquisition externe,geochimie,georoc_plateaux_oceaniques,"GEOROC / DIGIS, Universite de Goettingen",10.25625/JRZIJF,CC BY-SA 4.0,"Analyses roche totale publiees de la compilation GEOROC Compilation: Oceanic Plateaus, avec methode analytique, laboratoire et reference bibliographique.",telecharge le 2026-08-07 depuis https://data.goettingen-research-online.de/api/access/datafile/173836
04_acquisitions_externes_2026-08-07/geochimie/georoc_plateaux_oceaniques/2026-06-JRZIJF_SAO_PAULO_PLATEAU.csv,3419,1eea4d8064188f4dbf4141151b7d880b4881ed523bc54987ba97ad386a0e746f,acquisition externe,geochimie,georoc_plateaux_oceaniques,"GEOROC / DIGIS, Universite de Goettingen",10.25625/JRZIJF,CC BY-SA 4.0,"Analyses roche totale publiees de la compilation GEOROC Compilation: Oceanic Plateaus, avec methode analytique, laboratoire et reference bibliographique.",telecharge le 2026-08-07 depuis https://data.goettingen-research-online.de/api/access/datafile/173831
04_acquisitions_externes_2026-08-07/geochimie/georoc_plateaux_oceaniques/2026-06-JRZIJF_SHATSKY_RISE.csv,322441,bd7a109c23bdd5e2d8cb15103d801f21ea5099e39de0fc48dd2663d0e87c0601,acquisition externe,geochimie,georoc_plateaux_oceaniques,"GEOROC / DIGIS, Universite de Goettingen",10.25625/JRZIJF,CC BY-SA 4.0,"Analyses roche totale publiees de la compilation GEOROC Compilation: Oceanic Plateaus, avec methode analytique, laboratoire et reference bibliographique.",telecharge le 2026-08-07 depuis https://data.goettingen-research-online.de/api/access/datafile/173845
04_acquisitions_externes_2026-08-07/geochimie/georoc_roches_ultramafiques/2026-06-2JETOA_CLINOPYROXENITE.csv,920777,c34ce0270cdf261aea92cded5b72db2a36eda37d232f4d7bb947d1c4f6436b7e,acquisition externe,geochimie,georoc_roches_ultramafiques,"GEOROC / DIGIS, Universite de Goettingen",doi 10.25625/2JETOA,CC BY-SA 4.0,"Analyses roche totale publiees, incluant les elements fortement siderophiles Os, Ir, Ru, Pt, Pd, Re et Au lorsqu'ils ont ete mesures, avec methode analytique, laboratoire et reference bibliographique.",telecharge le 2026-08-07 depuis https://data.goettingen-research-online.de/api/access/datafile/173440
04_acquisitions_externes_2026-08-07/geochimie/georoc_roches_ultramafiques/2026-06-2JETOA_DUNITE.csv,1198222,43a0e81a4d11aab7294db2d6d5513f3238b31dc225ac28a00afa8444cebc0028,acquisition externe,geochimie,georoc_roches_ultramafiques,"GEOROC / DIGIS, Universite de Goettingen",doi 10.25625/2JETOA,CC BY-SA 4.0,"Analyses roche totale publiees, incluant les elements fortement siderophiles Os, Ir, Ru, Pt, Pd, Re et Au lorsqu'ils ont ete mesures, avec methode analytique, laboratoire et reference bibliographique.",telecharge le 2026-08-07 depuis https://data.goettingen-research-online.de/api/access/datafile/173505
04_acquisitions_externes_2026-08-07/geochimie/georoc_roches_ultramafiques/2026-06-2JETOA_HARZBURGITE.csv,2360300,aa20b46f7a33d683d7ad50b948f52b81cf3e65451bd9782059c72a25e170cf94,acquisition externe,geochimie,georoc_roches_ultramafiques,"GEOROC / DIGIS, Universite de Goettingen",doi 10.25625/2JETOA,CC BY-SA 4.0,"Analyses roche totale publiees, incluant les elements fortement siderophiles Os, Ir, Ru, Pt, Pd, Re et Au lorsqu'ils ont ete mesures, avec methode analytique, laboratoire et reference bibliographique.",telecharge le 2026-08-07 depuis https://data.goettingen-research-online.de/api/access/datafile/173498
04_acquisitions_externes_2026-08-07/geochimie/georoc_roches_ultramafiques/2026-06-2JETOA_KIMBERLITE.csv,4925391,f40fd39ea34f77f940e5f39ca9c59dde2cb0c63a0d384fa100c26c8bd2e587b4,acquisition externe,geochimie,georoc_roches_ultramafiques,"GEOROC / DIGIS, Universite de Goettingen",doi 10.25625/2JETOA,CC BY-SA 4.0,"Analyses roche totale publiees, incluant les elements fortement siderophiles Os, Ir, Ru, Pt, Pd, Re et Au lorsqu'ils ont ete mesures, avec methode analytique, laboratoire et reference bibliographique.",telecharge le 2026-08-07 depuis https://data.goettingen-research-online.de/api/access/datafile/173457
04_acquisitions_externes_2026-08-07/geochimie/georoc_roches_ultramafiques/2026-06-2JETOA_KOMATIITE.csv,4641117,d6ea2f1b5c18bfa38483c22514f3a19a18b6317d15f8d4734defa1c59479831f,acquisition externe,geochimie,georoc_roches_ultramafiques,"GEOROC / DIGIS, Universite de Goettingen",doi 10.25625/2JETOA,CC BY-SA 4.0,"Analyses roche totale publiees, incluant les elements fortement siderophiles Os, Ir, Ru, Pt, Pd, Re et Au lorsqu'ils ont ete mesures, avec methode analytique, laboratoire et reference bibliographique.",telecharge le 2026-08-07 depuis https://data.goettingen-research-online.de/api/access/datafile/173490
04_acquisitions_externes_2026-08-07/geochimie/georoc_roches_ultramafiques/2026-06-2JETOA_LHERZOLITE.csv,3960495,3a5790e324b49ea4414fe939bfe2d74f0472080454f6fa98927e1ca5b173680e,acquisition externe,geochimie,georoc_roches_ultramafiques,"GEOROC / DIGIS, Universite de Goettingen",doi 10.25625/2JETOA,CC BY-SA 4.0,"Analyses roche totale publiees, incluant les elements fortement siderophiles Os, Ir, Ru, Pt, Pd, Re et Au lorsqu'ils ont ete mesures, avec methode analytique, laboratoire et reference bibliographique.",telecharge le 2026-08-07 depuis https://data.goettingen-research-online.de/api/access/datafile/173510
04_acquisitions_externes_2026-08-07/geochimie/georoc_roches_ultramafiques/2026-06-2JETOA_ORTHOPYROXENITE.csv,287073,9e23c7e367ae547be9c1e6fd14504cd31045901fd0f80e37701120e85a36f97a,acquisition externe,geochimie,georoc_roches_ultramafiques,"GEOROC / DIGIS, Universite de Goettingen",doi 10.25625/2JETOA,CC BY-SA 4.0,"Analyses roche totale publiees, incluant les elements fortement siderophiles Os, Ir, Ru, Pt, Pd, Re et Au lorsqu'ils ont ete mesures, avec methode analytique, laboratoire et reference bibliographique.",telecharge le 2026-08-07 depuis https://data.goettingen-research-online.de/api/access/datafile/173507
04_acquisitions_externes_2026-08-07/geochimie/georoc_roches_ultramafiques/2026-06-2JETOA_PERIDOTITE.csv,3424328,8e479aa36ca7071a84d50a02dd3419efd8958a3fc17eae0379161a622c220bb7,acquisition externe,geochimie,georoc_roches_ultramafiques,"GEOROC / DIGIS, Universite de Goettingen",doi 10.25625/2JETOA,CC BY-SA 4.0,"Analyses roche totale publiees, incluant les elements fortement siderophiles Os, Ir, Ru, Pt, Pd, Re et Au lorsqu'ils ont ete mesures, avec methode analytique, laboratoire et reference bibliographique.",telecharge le 2026-08-07 depuis https://data.goettingen-research-online.de/api/access/datafile/173455
04_acquisitions_externes_2026-08-07/geochimie/georoc_roches_ultramafiques/2026-06-2JETOA_PICRITE.csv,2893933,143dcfc24314bc677b69f3f211654ed2e185737f5c80180f47e7a4e0cc1599d4,acquisition externe,geochimie,georoc_roches_ultramafiques,"GEOROC / DIGIS, Universite de Goettingen",doi 10.25625/2JETOA,CC BY-SA 4.0,"Analyses roche totale publiees, incluant les elements fortement siderophiles Os, Ir, Ru, Pt, Pd, Re et Au lorsqu'ils ont ete mesures, avec methode analytique, laboratoire et reference bibliographique.",telecharge le 2026-08-07 depuis https://data.goettingen-research-online.de/api/access/datafile/173481
04_acquisitions_externes_2026-08-07/geochimie/georoc_roches_ultramafiques/2026-06-2JETOA_PYROXENITE.csv,2288584,198787f8742fbaf0fa02bdc08b149331722e4156196a1baa5890e8d7ce0ef376,acquisition externe,geochimie,georoc_roches_ultramafiques,"GEOROC / DIGIS, Universite de Goettingen",doi 10.25625/2JETOA,CC BY-SA 4.0,"Analyses roche totale publiees, incluant les elements fortement siderophiles Os, Ir, Ru, Pt, Pd, Re et Au lorsqu'ils ont ete mesures, avec methode analytique, laboratoire et reference bibliographique.",telecharge le 2026-08-07 depuis https://data.goettingen-research-online.de/api/access/datafile/173439
04_acquisitions_externes_2026-08-07/geochimie/georoc_roches_ultramafiques/2026-06-2JETOA_WEBSTERITE.csv,664205,2d76afa62c44f5222de53e5865918e4935df8923ebe9ba434b755bec8ea98313,acquisition externe,geochimie,georoc_roches_ultramafiques,"GEOROC / DIGIS, Universite de Goettingen",doi 10.25625/2JETOA,CC BY-SA 4.0,"Analyses roche totale publiees, incluant les elements fortement siderophiles Os, Ir, Ru, Pt, Pd, Re et Au lorsqu'ils ont ete mesures, avec methode analytique, laboratoire et reference bibliographique.",telecharge le 2026-08-07 depuis https://data.goettingen-research-online.de/api/access/datafile/173456
04_acquisitions_externes_2026-08-07/geochimie/georoc_roches_ultramafiques/2026-06-2JETOA_WEHRLITE.csv,543968,60da58e965e96e15b042f75a29b8267616788635872e6a71d6ea8430ec66e837,acquisition externe,geochimie,georoc_roches_ultramafiques,"GEOROC / DIGIS, Universite de Goettingen",doi 10.25625/2JETOA,CC BY-SA 4.0,"Analyses roche totale publiees, incluant les elements fortement siderophiles Os, Ir, Ru, Pt, Pd, Re et Au lorsqu'ils ont ete mesures, avec methode analytique, laboratoire et reference bibliographique.",telecharge le 2026-08-07 depuis https://data.goettingen-research-online.de/api/access/datafile/173466
04_acquisitions_externes_2026-08-07/geochimie/georoc_trapps_bassins_oceaniques/2026-06-AVLFC2_ARGO_ABYSSAL_PLAIN_INDIAN_OCEAN.csv,35521,4459c7723dd8d6b020d0860d7f71f514204a8ef09af006e0ffeea5e22b961b50,acquisition externe,geochimie,georoc_trapps_bassins_oceaniques,"GEOROC / DIGIS, Universite de Goettingen",10.25625/AVLFC2,CC BY-SA 4.0,"Analyses roche totale publiees de la compilation GEOROC Compilation: Ocean Basin Flood Basalts, avec methode analytique, laboratoire et reference bibliographique.",telecharge le 2026-08-07 depuis https://data.goettingen-research-online.de/api/access/datafile/173932
04_acquisitions_externes_2026-08-07/geochimie/georoc_trapps_bassins_oceaniques/2026-06-AVLFC2_EAST_MARIANA_BASIN.csv,88492,734f321a8fe45a892ee0219b84166e0d1ac9bdf4bdcc33d916d5938fce193d51,acquisition externe,geochimie,georoc_trapps_bassins_oceaniques,"GEOROC / DIGIS, Universite de Goettingen",10.25625/AVLFC2,CC BY-SA 4.0,"Analyses roche totale publiees de la compilation GEOROC Compilation: Ocean Basin Flood Basalts, avec methode analytique, laboratoire et reference bibliographique.",telecharge le 2026-08-07 depuis https://data.goettingen-research-online.de/api/access/datafile/173931
04_acquisitions_externes_2026-08-07/geochimie/georoc_trapps_bassins_oceaniques/2026-06-AVLFC2_NAURU_BASIN.csv,281485,1b5f2fbf61d80354a3836391aeecadc516f4647a0caa68cfe5b336da21b602ba,acquisition externe,geochimie,georoc_trapps_bassins_oceaniques,"GEOROC / DIGIS, Universite de Goettingen",10.25625/AVLFC2,CC BY-SA 4.0,"Analyses roche totale publiees de la compilation GEOROC Compilation: Ocean Basin Flood Basalts, avec methode analytique, laboratoire et reference bibliographique.",telecharge le 2026-08-07 depuis https://data.goettingen-research-online.de/api/access/datafile/173929
04_acquisitions_externes_2026-08-07/geochimie/georoc_trapps_bassins_oceaniques/2026-06-AVLFC2_PANAMA_BASIN.csv,13659,288d25594d4ddc71d27cd825ed9e36144d34a438106a32bc2c579fda52067de0,acquisition externe,geochimie,georoc_trapps_bassins_oceaniques,"GEOROC / DIGIS, Universite de Goettingen",10.25625/AVLFC2,CC BY-SA 4.0,"Analyses roche totale publiees de la compilation GEOROC Compilation: Ocean Basin Flood Basalts, avec methode analytique, laboratoire et reference bibliographique.",telecharge le 2026-08-07 depuis https://data.goettingen-research-online.de/api/access/datafile/173930
04_acquisitions_externes_2026-08-07/geochimie/georoc_trapps_bassins_oceaniques/2026-06-AVLFC2_PIGAFETTA_BASIN.csv,359970,cac0394ff1f2072a682a6b8fd6c6fefd538f2ab7e1bb1f32c9ccff62ecce3ea1,acquisition externe,geochimie,georoc_trapps_bassins_oceaniques,"GEOROC / DIGIS, Universite de Goettingen",10.25625/AVLFC2,CC BY-SA 4.0,"Analyses roche totale publiees de la compilation GEOROC Compilation: Ocean Basin Flood Basalts, avec methode analytique, laboratoire et reference bibliographique.",telecharge le 2026-08-07 depuis https://data.goettingen-research-online.de/api/access/datafile/173933
04_acquisitions_externes_2026-08-07/geochimie/georoc_trapps_bassins_oceaniques/2026-06-AVLFC2_WHARTON_BASIN.csv,77410,5c8d998bb65c0c94ecf1de632be9ab7c2fde941767a7b02cb41e1d11d379e333,acquisition externe,geochimie,georoc_trapps_bassins_oceaniques,"GEOROC / DIGIS, Universite de Goettingen",10.25625/AVLFC2,CC BY-SA 4.0,"Analyses roche totale publiees de la compilation GEOROC Compilation: Ocean Basin Flood Basalts, avec methode analytique, laboratoire et reference bibliographique.",telecharge le 2026-08-07 depuis https://data.goettingen-research-online.de/api/access/datafile/173928
04_acquisitions_externes_2026-08-07/geochimie/georoc_trapps_continentaux/2026-06-WSTPOX_AUSTRALIA.csv,1116619,ae92be469da26f1421b5771481eaa507f885d945b65eac77697942096513a89a,acquisition externe,geochimie,georoc_trapps_continentaux,"GEOROC / DIGIS, Universite de Goettingen",10.25625/WSTPOX,CC BY-SA 4.0,"Analyses roche totale publiees de la compilation GEOROC Compilation: Continental Flood Basalts, avec methode analytique, laboratoire et reference bibliographique.",telecharge le 2026-08-07 depuis https://data.goettingen-research-online.de/api/access/datafile/173752
04_acquisitions_externes_2026-08-07/geochimie/georoc_trapps_continentaux/2026-06-WSTPOX_AVANAVERA_LARGE_IGNEOUS_PROVINCE.csv,10886,57e621620b2173b8c1c7eee45ff881d8459b3de88e92a8c6ba4f0b11a53e9422,acquisition externe,geochimie,georoc_trapps_continentaux,"GEOROC / DIGIS, Universite de Goettingen",10.25625/WSTPOX,CC BY-SA 4.0,"Analyses roche totale publiees de la compilation GEOROC Compilation: Continental Flood Basalts, avec methode analytique, laboratoire et reference bibliographique.",telecharge le 2026-08-07 depuis https://data.goettingen-research-online.de/api/access/datafile/173754
04_acquisitions_externes_2026-08-07/geochimie/georoc_trapps_continentaux/2026-06-WSTPOX_CENTRAL_ATLANTIC_MAGMATIC_PROVINCE_CAMP.csv,2933108,7c470d4f7872ccd20e4a8373958ad4a6020984f3b6a360d908c9ba468ca8b81f,acquisition externe,geochimie,georoc_trapps_continentaux,"GEOROC / DIGIS, Universite de Goettingen",10.25625/WSTPOX,CC BY-SA 4.0,"Analyses roche totale publiees de la compilation GEOROC Compilation: Continental Flood Basalts, avec methode analytique, laboratoire et reference bibliographique.",telecharge le 2026-08-07 depuis https://data.goettingen-research-online.de/api/access/datafile/173749
04_acquisitions_externes_2026-08-07/geochimie/georoc_trapps_continentaux/2026-06-WSTPOX_CHILCOTIN_PLATEAU_BASALTS.csv,41549,511e607f4a51a09a6b9ff559b6be2f47d5bd5463567e04ead707fc0307d4df09,acquisition externe,geochimie,georoc_trapps_continentaux,"GEOROC / DIGIS, Universite de Goettingen",10.25625/WSTPOX,CC BY-SA 4.0,"Analyses roche totale publiees de la compilation GEOROC Compilation: Continental Flood Basalts, avec methode analytique, laboratoire et reference bibliographique.",telecharge le 2026-08-07 depuis https://data.goettingen-research-online.de/api/access/datafile/173745
04_acquisitions_externes_2026-08-07/geochimie/georoc_trapps_continentaux/2026-06-WSTPOX_COMEI_LARGE_IGNEOUS_PROVINCE.csv,177159,fc0e5d347c6b48191032bbd327e0caf562aa7f812ae5ae64457ffd7762a80f07,acquisition externe,geochimie,georoc_trapps_continentaux,"GEOROC / DIGIS, Universite de Goettingen",10.25625/WSTPOX,CC BY-SA 4.0,"Analyses roche totale publiees de la compilation GEOROC Compilation: Continental Flood Basalts, avec methode analytique, laboratoire et reference bibliographique.",telecharge le 2026-08-07 depuis https://data.goettingen-research-online.de/api/access/datafile/173761
04_acquisitions_externes_2026-08-07/geochimie/georoc_trapps_continentaux/2026-06-WSTPOX_DECCAN.csv,3741102,23fab6a412c9849af7ddb94d3bc3e2994493dfd6ec11d15c6e33a821c54eece7,acquisition externe,geochimie,georoc_trapps_continentaux,"GEOROC / DIGIS, Universite de Goettingen",10.25625/WSTPOX,CC BY-SA 4.0,"Analyses roche totale publiees de la compilation GEOROC Compilation: Continental Flood Basalts, avec methode analytique, laboratoire et reference bibliographique.",telecharge le 2026-08-07 depuis https://data.goettingen-research-online.de/api/access/datafile/173758
04_acquisitions_externes_2026-08-07/geochimie/georoc_trapps_continentaux/2026-06-WSTPOX_EMEISHAN.csv,2530243,5f19bee25e165dd1194e666d3f07e310f6a6ccb2e9f6708994e0a5577c3d2c33,acquisition externe,geochimie,georoc_trapps_continentaux,"GEOROC / DIGIS, Universite de Goettingen",10.25625/WSTPOX,CC BY-SA 4.0,"Analyses roche totale publiees de la compilation GEOROC Compilation: Continental Flood Basalts, avec methode analytique, laboratoire et reference bibliographique.",telecharge le 2026-08-07 depuis https://data.goettingen-research-online.de/api/access/datafile/173764
04_acquisitions_externes_2026-08-07/geochimie/georoc_trapps_continentaux/2026-06-WSTPOX_ETENDEKA_PROVINCE.csv,1021383,b9af5ac68cfb3fc18a1c8fbc617c9365b4fcd4ed5511df76602b6d63a847c99a,acquisition externe,geochimie,georoc_trapps_continentaux,"GEOROC / DIGIS, Universite de Goettingen",10.25625/WSTPOX,CC BY-SA 4.0,"Analyses roche totale publiees de la compilation GEOROC Compilation: Continental Flood Basalts, avec methode analytique, laboratoire et reference bibliographique.",telecharge le 2026-08-07 depuis https://data.goettingen-research-online.de/api/access/datafile/173760
04_acquisitions_externes_2026-08-07/geochimie/georoc_trapps_continentaux/2026-06-WSTPOX_ETHIOPIAN_PLATEAU.csv,752492,72c4ae14522ee0762feb5db85fe4a365103333b131565562abfb609d3f0dd30d,acquisition externe,geochimie,georoc_trapps_continentaux,"GEOROC / DIGIS, Universite de Goettingen",10.25625/WSTPOX,CC BY-SA 4.0,"Analyses roche totale publiees de la compilation GEOROC Compilation: Continental Flood Basalts, avec methode analytique, laboratoire et reference bibliographique.",telecharge le 2026-08-07 depuis https://data.goettingen-research-online.de/api/access/datafile/173755
04_acquisitions_externes_2026-08-07/geochimie/georoc_trapps_continentaux/2026-06-WSTPOX_FRANKLIN_LARGE_IGNEOUS_PROVINCE.csv,221148,163e915574d41a6fbfbafb9535fa0aa1d28c680113862a34eba717409787f0cf,acquisition externe,geochimie,georoc_trapps_continentaux,"GEOROC / DIGIS, Universite de Goettingen",10.25625/WSTPOX,CC BY-SA 4.0,"Analyses roche totale publiees de la compilation GEOROC Compilation: Continental Flood Basalts, avec methode analytique, laboratoire et reference bibliographique.",telecharge le 2026-08-07 depuis https://data.goettingen-research-online.de/api/access/datafile/173756
04_acquisitions_externes_2026-08-07/geochimie/georoc_trapps_continentaux/2026-06-WSTPOX_GUNBARREL_IGNEOUS_EVENT_MAMMOTH-WESTERN_CHANNEL_LARGE_IGNEOUS_PROVINCE.csv,182031,4a058c07912d686d1d9bc9c4942b1da87d8e7ecc4100ce0d494b7c384ccfbf0d,acquisition externe,geochimie,georoc_trapps_continentaux,"GEOROC / DIGIS, Universite de Goettingen",10.25625/WSTPOX,CC BY-SA 4.0,"Analyses roche totale publiees de la compilation GEOROC Compilation: Continental Flood Basalts, avec methode analytique, laboratoire et reference bibliographique.",telecharge le 2026-08-07 depuis https://data.goettingen-research-online.de/api/access/datafile/173753
04_acquisitions_externes_2026-08-07/geochimie/georoc_trapps_continentaux/2026-06-WSTPOX_HIGH_ARCTIC_LARGE_IGNEOUS_PROVINCE.csv,715607,907c5b10235dc71fb8ed3408455ba25de4620e78594bf86dcc38cb74328c6706,acquisition externe,geochimie,georoc_trapps_continentaux,"GEOROC / DIGIS, Universite de Goettingen",10.25625/WSTPOX,CC BY-SA 4.0,"Analyses roche totale publiees de la compilation GEOROC Compilation: Continental Flood Basalts, avec methode analytique, laboratoire et reference bibliographique.",telecharge le 2026-08-07 depuis https://data.goettingen-research-online.de/api/access/datafile/173770
04_acquisitions_externes_2026-08-07/geochimie/georoc_trapps_continentaux/2026-06-WSTPOX_KAROO_AND_FERRAR_PROVINCES.csv,3723752,b8683160e68e517e0436bb643d7a094ac594bbd774c245a2d41d9ec22b442042,acquisition externe,geochimie,georoc_trapps_continentaux,"GEOROC / DIGIS, Universite de Goettingen",10.25625/WSTPOX,CC BY-SA 4.0,"Analyses roche totale publiees de la compilation GEOROC Compilation: Continental Flood Basalts, avec methode analytique, laboratoire et reference bibliographique.",telecharge le 2026-08-07 depuis https://data.goettingen-research-online.de/api/access/datafile/173743
04_acquisitions_externes_2026-08-07/geochimie/georoc_trapps_continentaux/2026-06-WSTPOX_KUONAMKA_LARGE_IGNEOUS_PROVINCE.csv,33898,c2ed0678cd69b363281821ab98a2424a8a6c9d3ba27d4fe0cf30c9f198a352cd,acquisition externe,geochimie,georoc_trapps_continentaux,"GEOROC / DIGIS, Universite de Goettingen",10.25625/WSTPOX,CC BY-SA 4.0,"Analyses roche totale publiees de la compilation GEOROC Compilation: Continental Flood Basalts, avec methode analytique, laboratoire et reference bibliographique.",telecharge le 2026-08-07 depuis https://data.goettingen-research-online.de/api/access/datafile/173768
04_acquisitions_externes_2026-08-07/geochimie/georoc_trapps_continentaux/2026-06-WSTPOX_KUZNETSK_BASIN_OR_KUZBASS_TRAPS.csv,51042,653dfb39ed6e5a82c9f417789a5007d48186d1294c681c25a73263a63ac56609,acquisition externe,geochimie,georoc_trapps_continentaux,"GEOROC / DIGIS, Universite de Goettingen",10.25625/WSTPOX,CC BY-SA 4.0,"Analyses roche totale publiees de la compilation GEOROC Compilation: Continental Flood Basalts, avec methode analytique, laboratoire et reference bibliographique.",telecharge le 2026-08-07 depuis https://data.goettingen-research-online.de/api/access/datafile/173748
04_acquisitions_externes_2026-08-07/geochimie/georoc_trapps_continentaux/2026-06-WSTPOX_LAKE_VICTORIA_LARGE_IGNEOUS_PROVINCE.csv,41906,7ef5e6d4c6be9d23043beb30f3db423e37c4e1bd560ba45588c8a3578c5960f4,acquisition externe,geochimie,georoc_trapps_continentaux,"GEOROC / DIGIS, Universite de Goettingen",10.25625/WSTPOX,CC BY-SA 4.0,"Analyses roche totale publiees de la compilation GEOROC Compilation: Continental Flood Basalts, avec methode analytique, laboratoire et reference bibliographique.",telecharge le 2026-08-07 depuis https://data.goettingen-research-online.de/api/access/datafile/173775
04_acquisitions_externes_2026-08-07/geochimie/georoc_trapps_continentaux/2026-06-WSTPOX_MACKENZIE_LARGE_IGNEOUS_PROVINCE.csv,837950,45c5d75af4df99d3cbe7224dd6e4762928e246ad27dc22666cbe24e9751635b8,acquisition externe,geochimie,georoc_trapps_continentaux,"GEOROC / DIGIS, Universite de Goettingen",10.25625/WSTPOX,CC BY-SA 4.0,"Analyses roche totale publiees de la compilation GEOROC Compilation: Continental Flood Basalts, avec methode analytique, laboratoire et reference bibliographique.",telecharge le 2026-08-07 depuis https://data.goettingen-research-online.de/api/access/datafile/173777
04_acquisitions_externes_2026-08-07/geochimie/georoc_trapps_continentaux/2026-06-WSTPOX_MADAGASCAR_FLOOD_BASALT.csv,429258,140a517da6fe16ca4829f59ef49220475243ceed4faa17d0768c0055e37a46a6,acquisition externe,geochimie,georoc_trapps_continentaux,"GEOROC / DIGIS, Universite de Goettingen",10.25625/WSTPOX,CC BY-SA 4.0,"Analyses roche totale publiees de la compilation GEOROC Compilation: Continental Flood Basalts, avec methode analytique, laboratoire et reference bibliographique.",telecharge le 2026-08-07 depuis https://data.goettingen-research-online.de/api/access/datafile/173771
04_acquisitions_externes_2026-08-07/geochimie/georoc_trapps_continentaux/2026-06-WSTPOX_MAIMECHA-KOTUI_PROVINCE.csv,43883,34ac16246c99210da086235a43015eff37a5c2b8cc3db5e85cab004535099720,acquisition externe,geochimie,georoc_trapps_continentaux,"GEOROC / DIGIS, Universite de Goettingen",10.25625/WSTPOX,CC BY-SA 4.0,"Analyses roche totale publiees de la compilation GEOROC Compilation: Continental Flood Basalts, avec methode analytique, laboratoire et reference bibliographique.",telecharge le 2026-08-07 depuis https://data.goettingen-research-online.de/api/access/datafile/173779
04_acquisitions_externes_2026-08-07/geochimie/georoc_trapps_continentaux/2026-06-WSTPOX_MALANI_MAGMATIC_PROVINCE_INDIA.csv,338300,ce695bc5d559842a062fd475fd563525ce0c1253d405b36bf13f5ecf310646a7,acquisition externe,geochimie,georoc_trapps_continentaux,"GEOROC / DIGIS, Universite de Goettingen",10.25625/WSTPOX,CC BY-SA 4.0,"Analyses roche totale publiees de la compilation GEOROC Compilation: Continental Flood Basalts, avec methode analytique, laboratoire et reference bibliographique.",telecharge le 2026-08-07 depuis https://data.goettingen-research-online.de/api/access/datafile/173781
04_acquisitions_externes_2026-08-07/geochimie/georoc_trapps_continentaux/2026-06-WSTPOX_MARATHON_LARGE_IGNEOUS_PROVINCE.csv,137697,3d92f193a0519cd137bb88a5d7e78380bb074836e13ef24df5ea5f723c94bd60,acquisition externe,geochimie,georoc_trapps_continentaux,"GEOROC / DIGIS, Universite de Goettingen",10.25625/WSTPOX,CC BY-SA 4.0,"Analyses roche totale publiees de la compilation GEOROC Compilation: Continental Flood Basalts, avec methode analytique, laboratoire et reference bibliographique.",telecharge le 2026-08-07 depuis https://data.goettingen-research-online.de/api/access/datafile/173772
04_acquisitions_externes_2026-08-07/geochimie/georoc_trapps_continentaux/2026-06-WSTPOX_MARNDA_MOORN_LARGE_IGNEOUS_PROVINCE.csv,53582,79333f9c6e1f08312b17fd90b74b17477b7f137f4257cdf45eec256a7ca0dad0,acquisition externe,geochimie,georoc_trapps_continentaux,"GEOROC / DIGIS, Universite de Goettingen",10.25625/WSTPOX,CC BY-SA 4.0,"Analyses roche totale publiees de la compilation GEOROC Compilation: Continental Flood Basalts, avec methode analytique, laboratoire et reference bibliographique.",telecharge le 2026-08-07 depuis https://data.goettingen-research-online.de/api/access/datafile/173780
04_acquisitions_externes_2026-08-07/geochimie/georoc_trapps_continentaux/2026-06-WSTPOX_MATACHEWAN_LARGE_IGNEOUS_PROVINCE.csv,1085768,a5e88c84cb5a97946adb679369b9a6030d50f8013cd2ff2dd6e6b6e1f46d4b4a,acquisition externe,geochimie,georoc_trapps_continentaux,"GEOROC / DIGIS, Universite de Goettingen",10.25625/WSTPOX,CC BY-SA 4.0,"Analyses roche totale publiees de la compilation GEOROC Compilation: Continental Flood Basalts, avec methode analytique, laboratoire et reference bibliographique.",telecharge le 2026-08-07 depuis https://data.goettingen-research-online.de/api/access/datafile/173776
04_acquisitions_externes_2026-08-07/geochimie/georoc_trapps_continentaux/2026-06-WSTPOX_MIDCONTINENT_RIFT_SYSTEM-KEWEENAWAN.csv,1175189,c61b9ba383ea20649e68aa0b2b33e8bbb911c7ed786d47450ba3ff7e68c60834,acquisition externe,geochimie,georoc_trapps_continentaux,"GEOROC / DIGIS, Universite de Goettingen",10.25625/WSTPOX,CC BY-SA 4.0,"Analyses roche totale publiees de la compilation GEOROC Compilation: Continental Flood Basalts, avec methode analytique, laboratoire et reference bibliographique.",telecharge le 2026-08-07 depuis https://data.goettingen-research-online.de/api/access/datafile/173763
04_acquisitions_externes_2026-08-07/geochimie/georoc_trapps_continentaux/2026-06-WSTPOX_NANDALING_YANSHAN_BELT.csv,42205,f7ae0c1bfb2941289033a30dcb03805ce724eb8b1b4d8a3d06864899b45e5ec1,acquisition externe,geochimie,georoc_trapps_continentaux,"GEOROC / DIGIS, Universite de Goettingen",10.25625/WSTPOX,CC BY-SA 4.0,"Analyses roche totale publiees de la compilation GEOROC Compilation: Continental Flood Basalts, avec methode analytique, laboratoire et reference bibliographique.",telecharge le 2026-08-07 depuis https://data.goettingen-research-online.de/api/access/datafile/173744
04_acquisitions_externes_2026-08-07/geochimie/georoc_trapps_continentaux/2026-06-WSTPOX_NILUFER_UNIT_YENISEHIR_ASSOCIATION_PONTIDES.csv,40656,9335dd831b1eef9b34dd635af21a1cdd1fa97f02d55f5f2246858cb57e629112,acquisition externe,geochimie,georoc_trapps_continentaux,"GEOROC / DIGIS, Universite de Goettingen",10.25625/WSTPOX,CC BY-SA 4.0,"Analyses roche totale publiees de la compilation GEOROC Compilation: Continental Flood Basalts, avec methode analytique, laboratoire et reference bibliographique.",telecharge le 2026-08-07 depuis https://data.goettingen-research-online.de/api/access/datafile/173742
04_acquisitions_externes_2026-08-07/geochimie/georoc_trapps_continentaux/2026-06-WSTPOX_NORTH_ATLANTIC_IGNEOUS_PROVINCE_OR_NAIP.csv,6070787,7ce5b26b022ecd21afb52dcbe784cde711d2df261612566909be8eaa17da2453,acquisition externe,geochimie,georoc_trapps_continentaux,"GEOROC / DIGIS, Universite de Goettingen",10.25625/WSTPOX,CC BY-SA 4.0,"Analyses roche totale publiees de la compilation GEOROC Compilation: Continental Flood Basalts, avec methode analytique, laboratoire et reference bibliographique.",telecharge le 2026-08-07 depuis https://data.goettingen-research-online.de/api/access/datafile/173759
04_acquisitions_externes_2026-08-07/geochimie/georoc_trapps_continentaux/2026-06-WSTPOX_NORTH_GREENLAND_PROTEROZOIC.csv,79599,0b7f08fa339e35247b6d1e4fe78a819575d17e0e28c4afe3c0abe9b949d78c74,acquisition externe,geochimie,georoc_trapps_continentaux,"GEOROC / DIGIS, Universite de Goettingen",10.25625/WSTPOX,CC BY-SA 4.0,"Analyses roche totale publiees de la compilation GEOROC Compilation: Continental Flood Basalts, avec methode analytique, laboratoire et reference bibliographique.",telecharge le 2026-08-07 depuis https://data.goettingen-research-online.de/api/access/datafile/173765
04_acquisitions_externes_2026-08-07/geochimie/georoc_trapps_continentaux/2026-06-WSTPOX_PANJAL-SOUTH_QIANGTANG_LARGE_IGNEOUS_PROVINCE.csv,153917,d3338a26cfa1d792df76fafdd38bde31bb2c2ae276318a440599c9ae23044697,acquisition externe,geochimie,georoc_trapps_continentaux,"GEOROC / DIGIS, Universite de Goettingen",10.25625/WSTPOX,CC BY-SA 4.0,"Analyses roche totale publiees de la compilation GEOROC Compilation: Continental Flood Basalts, avec methode analytique, laboratoire et reference bibliographique.",telecharge le 2026-08-07 depuis https://data.goettingen-research-online.de/api/access/datafile/173774
04_acquisitions_externes_2026-08-07/geochimie/georoc_trapps_continentaux/2026-06-WSTPOX_PARANA.csv,2493046,4542b890061564c32a4a7873919dbc347c67c66b45aa339aaebfdac257fd2482,acquisition externe,geochimie,georoc_trapps_continentaux,"GEOROC / DIGIS, Universite de Goettingen",10.25625/WSTPOX,CC BY-SA 4.0,"Analyses roche totale publiees de la compilation GEOROC Compilation: Continental Flood Basalts, avec methode analytique, laboratoire et reference bibliographique.",telecharge le 2026-08-07 depuis https://data.goettingen-research-online.de/api/access/datafile/173773
04_acquisitions_externes_2026-08-07/geochimie/georoc_trapps_continentaux/2026-06-WSTPOX_PESHAWAR_PLAIN_ALKALINE_IGNEOUS_PROVINCE.csv,10603,c98f4c26d2ec0ca666489b6295f931ce2c39360ed4331902b0f1acd2f79bb9ff,acquisition externe,geochimie,georoc_trapps_continentaux,"GEOROC / DIGIS, Universite de Goettingen",10.25625/WSTPOX,CC BY-SA 4.0,"Analyses roche totale publiees de la compilation GEOROC Compilation: Continental Flood Basalts, avec methode analytique, laboratoire et reference bibliographique.",telecharge le 2026-08-07 depuis https://data.goettingen-research-online.de/api/access/datafile/173762
04_acquisitions_externes_2026-08-07/geochimie/georoc_trapps_continentaux/2026-06-WSTPOX_QIANGTANG_FLOOD_BASALT_PROVINCE.csv,47878,076060d66afd9900279819b0f12dc3ee6c30395f4c2d427c6223887bcc2318dd,acquisition externe,geochimie,georoc_trapps_continentaux,"GEOROC / DIGIS, Universite de Goettingen",10.25625/WSTPOX,CC BY-SA 4.0,"Analyses roche totale publiees de la compilation GEOROC Compilation: Continental Flood Basalts, avec methode analytique, laboratoire et reference bibliographique.",telecharge le 2026-08-07 depuis https://data.goettingen-research-online.de/api/access/datafile/173767
04_acquisitions_externes_2026-08-07/geochimie/georoc_trapps_continentaux/2026-06-WSTPOX_RAJAHMUNDRY_TRAPS.csv,42577,3e644fb68eaa9561a141e675449b0d080f8f8707ba5317744d2469accbeb138a,acquisition externe,geochimie,georoc_trapps_continentaux,"GEOROC / DIGIS, Universite de Goettingen",10.25625/WSTPOX,CC BY-SA 4.0,"Analyses roche totale publiees de la compilation GEOROC Compilation: Continental Flood Basalts, avec methode analytique, laboratoire et reference bibliographique.",telecharge le 2026-08-07 depuis https://data.goettingen-research-online.de/api/access/datafile/173783
04_acquisitions_externes_2026-08-07/geochimie/georoc_trapps_continentaux/2026-06-WSTPOX_RAJMAHAL-BENGAL-SYLHET.csv,390796,c94c855150868462d381714bc0117d3a4599eda0b2ef40e7f11b2c8d8d45e159,acquisition externe,geochimie,georoc_trapps_continentaux,"GEOROC / DIGIS, Universite de Goettingen",10.25625/WSTPOX,CC BY-SA 4.0,"Analyses roche totale publiees de la compilation GEOROC Compilation: Continental Flood Basalts, avec methode analytique, laboratoire et reference bibliographique.",telecharge le 2026-08-07 depuis https://data.goettingen-research-online.de/api/access/datafile/173751
04_acquisitions_externes_2026-08-07/geochimie/georoc_trapps_continentaux/2026-06-WSTPOX_RAMPUR-GARHWAL-MANDI-DARLA_PROVINCE.csv,71136,e900b3abb559ec3c311a575cb196b6b45364b028da05ca70e997d8b8c42bfaae,acquisition externe,geochimie,georoc_trapps_continentaux,"GEOROC / DIGIS, Universite de Goettingen",10.25625/WSTPOX,CC BY-SA 4.0,"Analyses roche totale publiees de la compilation GEOROC Compilation: Continental Flood Basalts, avec methode analytique, laboratoire et reference bibliographique.",telecharge le 2026-08-07 depuis https://data.goettingen-research-online.de/api/access/datafile/173766
04_acquisitions_externes_2026-08-07/geochimie/georoc_trapps_continentaux/2026-06-WSTPOX_SEILAND_IGNEOUS_PROVINCE.csv,30359,1c11cf89beb18ef56519c8766e316ee49b609ac82764ea58845e41f2438419b1,acquisition externe,geochimie,georoc_trapps_continentaux,"GEOROC / DIGIS, Universite de Goettingen",10.25625/WSTPOX,CC BY-SA 4.0,"Analyses roche totale publiees de la compilation GEOROC Compilation: Continental Flood Basalts, avec methode analytique, laboratoire et reference bibliographique.",telecharge le 2026-08-07 depuis https://data.goettingen-research-online.de/api/access/datafile/173757
04_acquisitions_externes_2026-08-07/geochimie/georoc_trapps_continentaux/2026-06-WSTPOX_SIBERIAN_TRAPS.csv,4456766,580281e8700887fcd960ba4488dffd60b578c2162772ce493617ef11a9ec776c,acquisition externe,geochimie,georoc_trapps_continentaux,"GEOROC / DIGIS, Universite de Goettingen",10.25625/WSTPOX,CC BY-SA 4.0,"Analyses roche totale publiees de la compilation GEOROC Compilation: Continental Flood Basalts, avec methode analytique, laboratoire et reference bibliographique.",telecharge le 2026-08-07 depuis https://data.goettingen-research-online.de/api/access/datafile/173778
04_acquisitions_externes_2026-08-07/geochimie/georoc_trapps_continentaux/2026-06-WSTPOX_SOUTH_TETHYAN_SUTURE_ZONE_PAKISTAN.csv,13844,9b68feea5a023069afba68fe3d1c0fec45bbcc3ae3ce4aad95dcd6facf83c927,acquisition externe,geochimie,georoc_trapps_continentaux,"GEOROC / DIGIS, Universite de Goettingen",10.25625/WSTPOX,CC BY-SA 4.0,"Analyses roche totale publiees de la compilation GEOROC Compilation: Continental Flood Basalts, avec methode analytique, laboratoire et reference bibliographique.",telecharge le 2026-08-07 depuis https://data.goettingen-research-online.de/api/access/datafile/173740
04_acquisitions_externes_2026-08-07/geochimie/georoc_trapps_continentaux/2026-06-WSTPOX_TARIM_LARGE_IGNEOUS_PROVINCE.csv,821257,1ee987d4d99f949e89a454280993ba218f104401cbcfcc69d4f24e4076e368b4,acquisition externe,geochimie,georoc_trapps_continentaux,"GEOROC / DIGIS, Universite de Goettingen",10.25625/WSTPOX,CC BY-SA 4.0,"Analyses roche totale publiees de la compilation GEOROC Compilation: Continental Flood Basalts, avec methode analytique, laboratoire et reference bibliographique.",telecharge le 2026-08-07 depuis https://data.goettingen-research-online.de/api/access/datafile/173750
04_acquisitions_externes_2026-08-07/geochimie/georoc_trapps_continentaux/2026-06-WSTPOX_TIBESTI_VOLCANIC_PROVINCE.csv,20467,05fe5e2fbb0b2151fb81999a0933ecaf74ccac8fb77b8c06d9b9b509b036a669,acquisition externe,geochimie,georoc_trapps_continentaux,"GEOROC / DIGIS, Universite de Goettingen",10.25625/WSTPOX,CC BY-SA 4.0,"Analyses roche totale publiees de la compilation GEOROC Compilation: Continental Flood Basalts, avec methode analytique, laboratoire et reference bibliographique.",telecharge le 2026-08-07 depuis https://data.goettingen-research-online.de/api/access/datafile/173782
04_acquisitions_externes_2026-08-07/geochimie/georoc_trapps_continentaux/2026-06-WSTPOX_UMKONDO_LARGE_IGNEOUS_PROVINCE.csv,162315,a88cecdaecf28054b6850404e342a9762ff995973f788610d7395279e12d4e0c,acquisition externe,geochimie,georoc_trapps_continentaux,"GEOROC / DIGIS, Universite de Goettingen",10.25625/WSTPOX,CC BY-SA 4.0,"Analyses roche totale publiees de la compilation GEOROC Compilation: Continental Flood Basalts, avec methode analytique, laboratoire et reference bibliographique.",telecharge le 2026-08-07 depuis https://data.goettingen-research-online.de/api/access/datafile/173769
04_acquisitions_externes_2026-08-07/geochimie/georoc_trapps_continentaux/2026-06-WSTPOX_WRANGELLIA.csv,561415,008e2340fbcfd8c359243469b1bc9ec9593986a83fe56082257746feba5b2e09,acquisition externe,geochimie,georoc_trapps_continentaux,"GEOROC / DIGIS, Universite de Goettingen",10.25625/WSTPOX,CC BY-SA 4.0,"Analyses roche totale publiees de la compilation GEOROC Compilation: Continental Flood Basalts, avec methode analytique, laboratoire et reference bibliographique.",telecharge le 2026-08-07 depuis https://data.goettingen-research-online.de/api/access/datafile/173746
04_acquisitions_externes_2026-08-07/geochimie/georoc_trapps_continentaux/2026-06-WSTPOX_YANLIAO_LARGE_IGNEOUS_PROVINCE.csv,56910,873cdfeae0bb7d4fe0971fa44d31bc8025cd7a8312476523df2355a00eb1beec,acquisition externe,geochimie,georoc_trapps_continentaux,"GEOROC / DIGIS, Universite de Goettingen",10.25625/WSTPOX,CC BY-SA 4.0,"Analyses roche totale publiees de la compilation GEOROC Compilation: Continental Flood Basalts, avec methode analytique, laboratoire et reference bibliographique.",telecharge le 2026-08-07 depuis https://data.goettingen-research-online.de/api/access/datafile/173741
04_acquisitions_externes_2026-08-07/geochimie/georoc_trapps_continentaux/2026-06-WSTPOX_YELLOWSTONE-SNAKE_RIVER_PLAIN_VOLCANIC_PROVINCE.csv,7739536,a045f7dafc946af56b782ee725f73eabbd6336782599351d4d77171f4356eae6,acquisition externe,geochimie,georoc_trapps_continentaux,"GEOROC / DIGIS, Universite de Goettingen",10.25625/WSTPOX,CC BY-SA 4.0,"Analyses roche totale publiees de la compilation GEOROC Compilation: Continental Flood Basalts, avec methode analytique, laboratoire et reference bibliographique.",telecharge le 2026-08-07 depuis https://data.goettingen-research-online.de/api/access/datafile/173739
04_acquisitions_externes_2026-08-07/geochimie/georoc_trapps_continentaux/2026-06-WSTPOX_YEMEN_PLATEAU.csv,225713,857742fd8bad24a0ef713fbaef2865adfb02f45debde4916e958b1a32bfea277,acquisition externe,geochimie,georoc_trapps_continentaux,"GEOROC / DIGIS, Universite de Goettingen",10.25625/WSTPOX,CC BY-SA 4.0,"Analyses roche totale publiees de la compilation GEOROC Compilation: Continental Flood Basalts, avec methode analytique, laboratoire et reference bibliographique.",telecharge le 2026-08-07 depuis https://data.goettingen-research-online.de/api/access/datafile/173747
04_acquisitions_externes_2026-08-07/geochimie/georoc_types_de_roches/2026-06-2JETOA_ADAKITE.csv,1081073,0620e9e2890cdec9113cfe4895c2c494501626c095b82e340bf5a61dd2c8564b,acquisition externe,geochimie,georoc_types_de_roches,"GEOROC / DIGIS, Universite de Goettingen",10.25625/2JETOA,CC BY-SA 4.0,"Analyses roche totale publiees de la compilation GEOROC Compilation: Rock Types, avec methode analytique, laboratoire et reference bibliographique.",telecharge le 2026-08-07 depuis https://data.goettingen-research-online.de/api/access/datafile/173520
04_acquisitions_externes_2026-08-07/geochimie/georoc_types_de_roches/2026-06-2JETOA_ALKALI_BASALT_part1.csv,3974424,72a811d66ededcd4c256a3601a641ac20197d1a69691ca0b820d57dd265c304f,acquisition externe,geochimie,georoc_types_de_roches,"GEOROC / DIGIS, Universite de Goettingen",10.25625/2JETOA,CC BY-SA 4.0,"Analyses roche totale publiees de la compilation GEOROC Compilation: Rock Types, avec methode analytique, laboratoire et reference bibliographique.",telecharge le 2026-08-07 depuis https://data.goettingen-research-online.de/api/access/datafile/173464
04_acquisitions_externes_2026-08-07/geochimie/georoc_types_de_roches/2026-06-2JETOA_ALKALI_BASALT_part2.csv,6507625,acacdd30979d90cadf095d6a8834d54099044ce9cdfbb2791d1b491bc1329876,acquisition externe,geochimie,georoc_types_de_roches,"GEOROC / DIGIS, Universite de Goettingen",10.25625/2JETOA,CC BY-SA 4.0,"Analyses roche totale publiees de la compilation GEOROC Compilation: Rock Types, avec methode analytique, laboratoire et reference bibliographique.",telecharge le 2026-08-07 depuis https://data.goettingen-research-online.de/api/access/datafile/173462
04_acquisitions_externes_2026-08-07/geochimie/georoc_types_de_roches/2026-06-2JETOA_ANDESITE_part1.csv,10131108,669df1260c534b911c1f8ec253bca259a10fc57a11f7cde4cd9ed779d233b6a5,acquisition externe,geochimie,georoc_types_de_roches,"GEOROC / DIGIS, Universite de Goettingen",10.25625/2JETOA,CC BY-SA 4.0,"Analyses roche totale publiees de la compilation GEOROC Compilation: Rock Types, avec methode analytique, laboratoire et reference bibliographique.",telecharge le 2026-08-07 depuis https://data.goettingen-research-online.de/api/access/datafile/173495
04_acquisitions_externes_2026-08-07/geochimie/georoc_types_de_roches/2026-06-2JETOA_ANDESITE_part2.csv,7441105,a05437675bb5775ab5f4769b52fffc34b1e68a13cef170379b2c5accdfc622c3,acquisition externe,geochimie,georoc_types_de_roches,"GEOROC / DIGIS, Universite de Goettingen",10.25625/2JETOA,CC BY-SA 4.0,"Analyses roche totale publiees de la compilation GEOROC Compilation: Rock Types, avec methode analytique, laboratoire et reference bibliographique.",telecharge le 2026-08-07 depuis https://data.goettingen-research-online.de/api/access/datafile/173441
04_acquisitions_externes_2026-08-07/geochimie/georoc_types_de_roches/2026-06-2JETOA_ANDESITE_part3.csv,12466057,88ed19ac8c29959373776b4398cd61eeae068de2c65cee9fc91868e383b63ed3,acquisition externe,geochimie,georoc_types_de_roches,"GEOROC / DIGIS, Universite de Goettingen",10.25625/2JETOA,CC BY-SA 4.0,"Analyses roche totale publiees de la compilation GEOROC Compilation: Rock Types, avec methode analytique, laboratoire et reference bibliographique.",telecharge le 2026-08-07 depuis https://data.goettingen-research-online.de/api/access/datafile/173523
04_acquisitions_externes_2026-08-07/geochimie/georoc_types_de_roches/2026-06-2JETOA_ANKARAMITE.csv,633743,6451df95b7bc2a9ddd09f789612a91ec0f4405abb6c683a98985a01260afc923,acquisition externe,geochimie,georoc_types_de_roches,"GEOROC / DIGIS, Universite de Goettingen",10.25625/2JETOA,CC BY-SA 4.0,"Analyses roche totale publiees de la compilation GEOROC Compilation: Rock Types, avec methode analytique, laboratoire et reference bibliographique.",telecharge le 2026-08-07 depuis https://data.goettingen-research-online.de/api/access/datafile/173435
04_acquisitions_externes_2026-08-07/geochimie/georoc_types_de_roches/2026-06-2JETOA_ANORTHOSITE.csv,500226,6c1cb610bcf854b03de1e8969a8409a455740d2268439bfb893325948fca29f3,acquisition externe,geochimie,georoc_types_de_roches,"GEOROC / DIGIS, Universite de Goettingen",10.25625/2JETOA,CC BY-SA 4.0,"Analyses roche totale publiees de la compilation GEOROC Compilation: Rock Types, avec methode analytique, laboratoire et reference bibliographique.",telecharge le 2026-08-07 depuis https://data.goettingen-research-online.de/api/access/datafile/173482
04_acquisitions_externes_2026-08-07/geochimie/georoc_types_de_roches/2026-06-2JETOA_BASALTIC-ANDESITE_part1.csv,7563113,51ff151efc75673441b23ffb8db3b45387545d23aace9a35e13427ac4fbc0bed,acquisition externe,geochimie,georoc_types_de_roches,"GEOROC / DIGIS, Universite de Goettingen",10.25625/2JETOA,CC BY-SA 4.0,"Analyses roche totale publiees de la compilation GEOROC Compilation: Rock Types, avec methode analytique, laboratoire et reference bibliographique.",telecharge le 2026-08-07 depuis https://data.goettingen-research-online.de/api/access/datafile/173501
04_acquisitions_externes_2026-08-07/geochimie/georoc_types_de_roches/2026-06-2JETOA_BASALTIC-ANDESITE_part2.csv,9099241,7314e0ba0897f556e1900be4980434ea04a4bfe126fdaab2b9c4e62668d2bbef,acquisition externe,geochimie,georoc_types_de_roches,"GEOROC / DIGIS, Universite de Goettingen",10.25625/2JETOA,CC BY-SA 4.0,"Analyses roche totale publiees de la compilation GEOROC Compilation: Rock Types, avec methode analytique, laboratoire et reference bibliographique.",telecharge le 2026-08-07 depuis https://data.goettingen-research-online.de/api/access/datafile/173479
04_acquisitions_externes_2026-08-07/geochimie/georoc_types_de_roches/2026-06-2JETOA_BASALTIC-TRACHYANDESITE.csv,2333475,12629ce3684af186af741e5d2e0a9efe644e47aa5432b56a6c4ff2534afbcb80,acquisition externe,geochimie,georoc_types_de_roches,"GEOROC / DIGIS, Universite de Goettingen",10.25625/2JETOA,CC BY-SA 4.0,"Analyses roche totale publiees de la compilation GEOROC Compilation: Rock Types, avec methode analytique, laboratoire et reference bibliographique.",telecharge le 2026-08-07 depuis https://data.goettingen-research-online.de/api/access/datafile/173496
04_acquisitions_externes_2026-08-07/geochimie/georoc_types_de_roches/2026-06-2JETOA_BASALT_part1.csv,11170979,05a108e7ad36f43037b2e91e753fd59f94c4858f3627c58a3d9d6cf2871be0bf,acquisition externe,geochimie,georoc_types_de_roches,"GEOROC / DIGIS, Universite de Goettingen",10.25625/2JETOA,CC BY-SA 4.0,"Analyses roche totale publiees de la compilation GEOROC Compilation: Rock Types, avec methode analytique, laboratoire et reference bibliographique.",telecharge le 2026-08-07 depuis https://data.goettingen-research-online.de/api/access/datafile/173499
04_acquisitions_externes_2026-08-07/geochimie/georoc_types_de_roches/2026-06-2JETOA_BASALT_part2.csv,8647635,faff9968a76af6b4437cc7eb8e88a8ceecfdfcf0235a7d2662d1f649daa1bc61,acquisition externe,geochimie,georoc_types_de_roches,"GEOROC / DIGIS, Universite de Goettingen",10.25625/2JETOA,CC BY-SA 4.0,"Analyses roche totale publiees de la compilation GEOROC Compilation: Rock Types, avec methode analytique, laboratoire et reference bibliographique.",telecharge le 2026-08-07 depuis https://data.goettingen-research-online.de/api/access/datafile/173470
04_acquisitions_externes_2026-08-07/geochimie/georoc_types_de_roches/2026-06-2JETOA_BASALT_part3.csv,9146475,7324f018cf6385a4a972e238e66d30398937c6ff1a31518fd1b0f3804c8a0cb2,acquisition externe,geochimie,georoc_types_de_roches,"GEOROC / DIGIS, Universite de Goettingen",10.25625/2JETOA,CC BY-SA 4.0,"Analyses roche totale publiees de la compilation GEOROC Compilation: Rock Types, avec methode analytique, laboratoire et reference bibliographique.",telecharge le 2026-08-07 depuis https://data.goettingen-research-online.de/api/access/datafile/173491
04_acquisitions_externes_2026-08-07/geochimie/georoc_types_de_roches/2026-06-2JETOA_BASALT_part4.csv,7142202,8eb27106cc159ff6c3a6d9c9dce549601403eec29133af9a1552c0cf2e009c1e,acquisition externe,geochimie,georoc_types_de_roches,"GEOROC / DIGIS, Universite de Goettingen",10.25625/2JETOA,CC BY-SA 4.0,"Analyses roche totale publiees de la compilation GEOROC Compilation: Rock Types, avec methode analytique, laboratoire et reference bibliographique.",telecharge le 2026-08-07 depuis https://data.goettingen-research-online.de/api/access/datafile/173445
04_acquisitions_externes_2026-08-07/geochimie/georoc_types_de_roches/2026-06-2JETOA_BASALT_part5.csv,7138949,d621cc4e162f8fe3e40707cf7dbdf33265eb3b7871c48049612680a77ba291dd,acquisition externe,geochimie,georoc_types_de_roches,"GEOROC / DIGIS, Universite de Goettingen",10.25625/2JETOA,CC BY-SA 4.0,"Analyses roche totale publiees de la compilation GEOROC Compilation: Rock Types, avec methode analytique, laboratoire et reference bibliographique.",telecharge le 2026-08-07 depuis https://data.goettingen-research-online.de/api/access/datafile/173521
04_acquisitions_externes_2026-08-07/geochimie/georoc_types_de_roches/2026-06-2JETOA_BASALT_part6.csv,8470368,b7b7d86c7bb7821186d329b39d72e2a4bd53bab5f20bcfd493ce316e84be31e1,acquisition externe,geochimie,georoc_types_de_roches,"GEOROC / DIGIS, Universite de Goettingen",10.25625/2JETOA,CC BY-SA 4.0,"Analyses roche totale publiees de la compilation GEOROC Compilation: Rock Types, avec methode analytique, laboratoire et reference bibliographique.",telecharge le 2026-08-07 depuis https://data.goettingen-research-online.de/api/access/datafile/173450
04_acquisitions_externes_2026-08-07/geochimie/georoc_types_de_roches/2026-06-2JETOA_BASALT_part7.csv,12507299,9af69c82c99af70a35ca67f35a9c3f9b99cac3d5974e6b58005ec533c4c8724d,acquisition externe,geochimie,georoc_types_de_roches,"GEOROC / DIGIS, Universite de Goettingen",10.25625/2JETOA,CC BY-SA 4.0,"Analyses roche totale publiees de la compilation GEOROC Compilation: Rock Types, avec methode analytique, laboratoire et reference bibliographique.",telecharge le 2026-08-07 depuis https://data.goettingen-research-online.de/api/access/datafile/173475
04_acquisitions_externes_2026-08-07/geochimie/georoc_types_de_roches/2026-06-2JETOA_BASALT_part8.csv,13064013,672e26aeb6b1ac6edd96fd9f92092fb6fbf9d6c3b1aa73087a277328fdb73151,acquisition externe,geochimie,georoc_types_de_roches,"GEOROC / DIGIS, Universite de Goettingen",10.25625/2JETOA,CC BY-SA 4.0,"Analyses roche totale publiees de la compilation GEOROC Compilation: Rock Types, avec methode analytique, laboratoire et reference bibliographique.",telecharge le 2026-08-07 depuis https://data.goettingen-research-online.de/api/access/datafile/173451
04_acquisitions_externes_2026-08-07/geochimie/georoc_types_de_roches/2026-06-2JETOA_BASALT_part9.csv,12268403,aa077239e09366bdaec18bf3dffe990a9a2dabf665ba1b7678157eed8670d9dd,acquisition externe,geochimie,georoc_types_de_roches,"GEOROC / DIGIS, Universite de Goettingen",10.25625/2JETOA,CC BY-SA 4.0,"Analyses roche totale publiees de la compilation GEOROC Compilation: Rock Types, avec methode analytique, laboratoire et reference bibliographique.",telecharge le 2026-08-07 depuis https://data.goettingen-research-online.de/api/access/datafile/173453
04_acquisitions_externes_2026-08-07/geochimie/georoc_types_de_roches/2026-06-2JETOA_BASANITE.csv,6144555,8da01507ebc3d21c99e4510bcca240ed43d52cfb61b1d2fbaabb99b25eb6f4ed,acquisition externe,geochimie,georoc_types_de_roches,"GEOROC / DIGIS, Universite de Goettingen",10.25625/2JETOA,CC BY-SA 4.0,"Analyses roche totale publiees de la compilation GEOROC Compilation: Rock Types, avec methode analytique, laboratoire et reference bibliographique.",telecharge le 2026-08-07 depuis https://data.goettingen-research-online.de/api/access/datafile/173476
04_acquisitions_externes_2026-08-07/geochimie/georoc_types_de_roches/2026-06-2JETOA_BENMOREITE.csv,613563,ceb3a6e2a0a7e2aea08b00a8759dc5cfa48652cd49cd36a9bf514b0aadadc5a8,acquisition externe,geochimie,georoc_types_de_roches,"GEOROC / DIGIS, Universite de Goettingen",10.25625/2JETOA,CC BY-SA 4.0,"Analyses roche totale publiees de la compilation GEOROC Compilation: Rock Types, avec methode analytique, laboratoire et reference bibliographique.",telecharge le 2026-08-07 depuis https://data.goettingen-research-online.de/api/access/datafile/173522
04_acquisitions_externes_2026-08-07/geochimie/georoc_types_de_roches/2026-06-2JETOA_BONINITE.csv,1437743,59d62f10cf146aea5f19bcf6680a7966657617e7cee368117eae437cf26df569,acquisition externe,geochimie,georoc_types_de_roches,"GEOROC / DIGIS, Universite de Goettingen",10.25625/2JETOA,CC BY-SA 4.0,"Analyses roche totale publiees de la compilation GEOROC Compilation: Rock Types, avec methode analytique, laboratoire et reference bibliographique.",telecharge le 2026-08-07 depuis https://data.goettingen-research-online.de/api/access/datafile/173508
04_acquisitions_externes_2026-08-07/geochimie/georoc_types_de_roches/2026-06-2JETOA_CALC-ALKALI_BASALT.csv,709083,f7d5a0e5747a2e475ddef9f28d692ca465ae3f7525287282b18eac84ead2d1c2,acquisition externe,geochimie,georoc_types_de_roches,"GEOROC / DIGIS, Universite de Goettingen",10.25625/2JETOA,CC BY-SA 4.0,"Analyses roche totale publiees de la compilation GEOROC Compilation: Rock Types, avec methode analytique, laboratoire et reference bibliographique.",telecharge le 2026-08-07 depuis https://data.goettingen-research-online.de/api/access/datafile/173449
04_acquisitions_externes_2026-08-07/geochimie/georoc_types_de_roches/2026-06-2JETOA_CARBONATITE.csv,3544659,56c0bbd97c7b49bd83b269a8f759cabc229c241d205e85567143eaa32e81a71e,acquisition externe,geochimie,georoc_types_de_roches,"GEOROC / DIGIS, Universite de Goettingen",10.25625/2JETOA,CC BY-SA 4.0,"Analyses roche totale publiees de la compilation GEOROC Compilation: Rock Types, avec methode analytique, laboratoire et reference bibliographique.",telecharge le 2026-08-07 depuis https://data.goettingen-research-online.de/api/access/datafile/173463
04_acquisitions_externes_2026-08-07/geochimie/georoc_types_de_roches/2026-06-2JETOA_COMENDITIC_RHYOLITE.csv,601202,58046c626fb71dc9b4b41f10b112dcf5bda0d7dbc421c1a536aa6284da503de2,acquisition externe,geochimie,georoc_types_de_roches,"GEOROC / DIGIS, Universite de Goettingen",10.25625/2JETOA,CC BY-SA 4.0,"Analyses roche totale publiees de la compilation GEOROC Compilation: Rock Types, avec methode analytique, laboratoire et reference bibliographique.",telecharge le 2026-08-07 depuis https://data.goettingen-research-online.de/api/access/datafile/173515
04_acquisitions_externes_2026-08-07/geochimie/georoc_types_de_roches/2026-06-2JETOA_DACITE_part1.csv,5799155,e37b838a6a5accd807c6ccf43a0a19649b115422d6b898690bbe51f942da765a,acquisition externe,geochimie,georoc_types_de_roches,"GEOROC / DIGIS, Universite de Goettingen",10.25625/2JETOA,CC BY-SA 4.0,"Analyses roche totale publiees de la compilation GEOROC Compilation: Rock Types, avec methode analytique, laboratoire et reference bibliographique.",telecharge le 2026-08-07 depuis https://data.goettingen-research-online.de/api/access/datafile/173447
04_acquisitions_externes_2026-08-07/geochimie/georoc_types_de_roches/2026-06-2JETOA_DACITE_part2.csv,7872468,1442a7a2d41cd5f8765c1afdeeddcc11edcc41e36c2ce97bef54c2d58713db58,acquisition externe,geochimie,georoc_types_de_roches,"GEOROC / DIGIS, Universite de Goettingen",10.25625/2JETOA,CC BY-SA 4.0,"Analyses roche totale publiees de la compilation GEOROC Compilation: Rock Types, avec methode analytique, laboratoire et reference bibliographique.",telecharge le 2026-08-07 depuis https://data.goettingen-research-online.de/api/access/datafile/173437
04_acquisitions_externes_2026-08-07/geochimie/georoc_types_de_roches/2026-06-2JETOA_DIORITE.csv,6735864,81603317b83902f572b08adab1b1ed594837f648e0db7a89774f24ef596add4e,acquisition externe,geochimie,georoc_types_de_roches,"GEOROC / DIGIS, Universite de Goettingen",10.25625/2JETOA,CC BY-SA 4.0,"Analyses roche totale publiees de la compilation GEOROC Compilation: Rock Types, avec methode analytique, laboratoire et reference bibliographique.",telecharge le 2026-08-07 depuis https://data.goettingen-research-online.de/api/access/datafile/173519
04_acquisitions_externes_2026-08-07/geochimie/georoc_types_de_roches/2026-06-2JETOA_DOLERITE.csv,9085687,93b56f8638a109ce5d6ab87d29a58b923ce2b7182b1ed482c0874cf85bf129cc,acquisition externe,geochimie,georoc_types_de_roches,"GEOROC / DIGIS, Universite de Goettingen",10.25625/2JETOA,CC BY-SA 4.0,"Analyses roche totale publiees de la compilation GEOROC Compilation: Rock Types, avec methode analytique, laboratoire et reference bibliographique.",telecharge le 2026-08-07 depuis https://data.goettingen-research-online.de/api/access/datafile/173443
04_acquisitions_externes_2026-08-07/geochimie/georoc_types_de_roches/2026-06-2JETOA_FOIDITE.csv,370644,0b16410fe075bdc097503c11cfa5cf076f7f30969057e9ab30a378101fffdfdf,acquisition externe,geochimie,georoc_types_de_roches,"GEOROC / DIGIS, Universite de Goettingen",10.25625/2JETOA,CC BY-SA 4.0,"Analyses roche totale publiees de la compilation GEOROC Compilation: Rock Types, avec methode analytique, laboratoire et reference bibliographique.",telecharge le 2026-08-07 depuis https://data.goettingen-research-online.de/api/access/datafile/173516
04_acquisitions_externes_2026-08-07/geochimie/georoc_types_de_roches/2026-06-2JETOA_GABBRODIORITE.csv,673778,b0d20deae49a99b16199eb8d223eccc0b4e3301efefb01dffefbb57908d12b4c,acquisition externe,geochimie,georoc_types_de_roches,"GEOROC / DIGIS, Universite de Goettingen",10.25625/2JETOA,CC BY-SA 4.0,"Analyses roche totale publiees de la compilation GEOROC Compilation: Rock Types, avec methode analytique, laboratoire et reference bibliographique.",telecharge le 2026-08-07 depuis https://data.goettingen-research-online.de/api/access/datafile/173448
04_acquisitions_externes_2026-08-07/geochimie/georoc_types_de_roches/2026-06-2JETOA_GABBRONORITE.csv,1096065,289b3455b0f738371a0b4ec85a3931178ce16d78ce88088209f7eb4ef1a7ad13,acquisition externe,geochimie,georoc_types_de_roches,"GEOROC / DIGIS, Universite de Goettingen",10.25625/2JETOA,CC BY-SA 4.0,"Analyses roche totale publiees de la compilation GEOROC Compilation: Rock Types, avec methode analytique, laboratoire et reference bibliographique.",telecharge le 2026-08-07 depuis https://data.goettingen-research-online.de/api/access/datafile/173502
04_acquisitions_externes_2026-08-07/geochimie/georoc_types_de_roches/2026-06-2JETOA_GABBRO_part1.csv,7877419,07c38952900ec8b442bdd760e2c78ebc7220e265c696c090427088bd7faf5c45,acquisition externe,geochimie,georoc_types_de_roches,"GEOROC / DIGIS, Universite de Goettingen",10.25625/2JETOA,CC BY-SA 4.0,"Analyses roche totale publiees de la compilation GEOROC Compilation: Rock Types, avec methode analytique, laboratoire et reference bibliographique.",telecharge le 2026-08-07 depuis https://data.goettingen-research-online.de/api/access/datafile/173514
04_acquisitions_externes_2026-08-07/geochimie/georoc_types_de_roches/2026-06-2JETOA_GABBRO_part2.csv,5049032,e42b33618c28ea4f79d14072dfde88132b6a8ad645d3b69dc7f7187de2916717,acquisition externe,geochimie,georoc_types_de_roches,"GEOROC / DIGIS, Universite de Goettingen",10.25625/2JETOA,CC BY-SA 4.0,"Analyses roche totale publiees de la compilation GEOROC Compilation: Rock Types, avec methode analytique, laboratoire et reference bibliographique.",telecharge le 2026-08-07 depuis https://data.goettingen-research-online.de/api/access/datafile/173438
04_acquisitions_externes_2026-08-07/geochimie/georoc_types_de_roches/2026-06-2JETOA_GRANITE_part1.csv,9658909,0afde47e310808cca8b7b56aa2e1242a45bc0acd87777e9ae99d34696cdf432b,acquisition externe,geochimie,georoc_types_de_roches,"GEOROC / DIGIS, Universite de Goettingen",10.25625/2JETOA,CC BY-SA 4.0,"Analyses roche totale publiees de la compilation GEOROC Compilation: Rock Types, avec methode analytique, laboratoire et reference bibliographique.",telecharge le 2026-08-07 depuis https://data.goettingen-research-online.de/api/access/datafile/173469
04_acquisitions_externes_2026-08-07/geochimie/georoc_types_de_roches/2026-06-2JETOA_GRANITE_part2.csv,12964070,7bbb6ddba67e9a99d61909c2d5b87bdcf4c1310870c54c97dad90175f20801fe,acquisition externe,geochimie,georoc_types_de_roches,"GEOROC / DIGIS, Universite de Goettingen",10.25625/2JETOA,CC BY-SA 4.0,"Analyses roche totale publiees de la compilation GEOROC Compilation: Rock Types, avec methode analytique, laboratoire et reference bibliographique.",telecharge le 2026-08-07 depuis https://data.goettingen-research-online.de/api/access/datafile/173500
04_acquisitions_externes_2026-08-07/geochimie/georoc_types_de_roches/2026-06-2JETOA_GRANITE_part3.csv,2124783,b55d1113709a5e06a7e1f5923132b61d77d81a792b0fd881b7c2bedf56ccfe38,acquisition externe,geochimie,georoc_types_de_roches,"GEOROC / DIGIS, Universite de Goettingen",10.25625/2JETOA,CC BY-SA 4.0,"Analyses roche totale publiees de la compilation GEOROC Compilation: Rock Types, avec methode analytique, laboratoire et reference bibliographique.",telecharge le 2026-08-07 depuis https://data.goettingen-research-online.de/api/access/datafile/173465
04_acquisitions_externes_2026-08-07/geochimie/georoc_types_de_roches/2026-06-2JETOA_GRANODIORITE.csv,7778215,dda95db958a5305eddb450aaaddf43a56692ced08340283d78a7b529c12e8c81,acquisition externe,geochimie,georoc_types_de_roches,"GEOROC / DIGIS, Universite de Goettingen",10.25625/2JETOA,CC BY-SA 4.0,"Analyses roche totale publiees de la compilation GEOROC Compilation: Rock Types, avec methode analytique, laboratoire et reference bibliographique.",telecharge le 2026-08-07 depuis https://data.goettingen-research-online.de/api/access/datafile/173504
04_acquisitions_externes_2026-08-07/geochimie/georoc_types_de_roches/2026-06-2JETOA_HAWAIITE.csv,2671225,add438c9c5ea5bf18291c099d40f1f7596c68949df9fcaeb94d59ccbf99cd244,acquisition externe,geochimie,georoc_types_de_roches,"GEOROC / DIGIS, Universite de Goettingen",10.25625/2JETOA,CC BY-SA 4.0,"Analyses roche totale publiees de la compilation GEOROC Compilation: Rock Types, avec methode analytique, laboratoire et reference bibliographique.",telecharge le 2026-08-07 depuis https://data.goettingen-research-online.de/api/access/datafile/173471
04_acquisitions_externes_2026-08-07/geochimie/georoc_types_de_roches/2026-06-2JETOA_LAMPROITE.csv,1279171,c54d0325ee1041534262305db6846ae0a3249c01f3ccc2e5a216c2ef145077e6,acquisition externe,geochimie,georoc_types_de_roches,"GEOROC / DIGIS, Universite de Goettingen",10.25625/2JETOA,CC BY-SA 4.0,"Analyses roche totale publiees de la compilation GEOROC Compilation: Rock Types, avec methode analytique, laboratoire et reference bibliographique.",telecharge le 2026-08-07 depuis https://data.goettingen-research-online.de/api/access/datafile/173460
04_acquisitions_externes_2026-08-07/geochimie/georoc_types_de_roches/2026-06-2JETOA_LAMPROPHYRE.csv,1833271,191993b8f42ea2b3d4a128505e0ce49646ca4246ebf08b050098e172311657d3,acquisition externe,geochimie,georoc_types_de_roches,"GEOROC / DIGIS, Universite de Goettingen",10.25625/2JETOA,CC BY-SA 4.0,"Analyses roche totale publiees de la compilation GEOROC Compilation: Rock Types, avec methode analytique, laboratoire et reference bibliographique.",telecharge le 2026-08-07 depuis https://data.goettingen-research-online.de/api/access/datafile/173461
04_acquisitions_externes_2026-08-07/geochimie/georoc_types_de_roches/2026-06-2JETOA_LATITE.csv,1295494,3d4833d8b60e0422403e36ef40e83d19088dda6f99b6efc72fc2c1c60faec34a,acquisition externe,geochimie,georoc_types_de_roches,"GEOROC / DIGIS, Universite de Goettingen",10.25625/2JETOA,CC BY-SA 4.0,"Analyses roche totale publiees de la compilation GEOROC Compilation: Rock Types, avec methode analytique, laboratoire et reference bibliographique.",telecharge le 2026-08-07 depuis https://data.goettingen-research-online.de/api/access/datafile/173513
04_acquisitions_externes_2026-08-07/geochimie/georoc_types_de_roches/2026-06-2JETOA_LEUCITITE.csv,790576,1bec9fbf989da43038ea89e8ead0202a7f06c4694e824b16f807754962ee5a26,acquisition externe,geochimie,georoc_types_de_roches,"GEOROC / DIGIS, Universite de Goettingen",10.25625/2JETOA,CC BY-SA 4.0,"Analyses roche totale publiees de la compilation GEOROC Compilation: Rock Types, avec methode analytique, laboratoire et reference bibliographique.",telecharge le 2026-08-07 depuis https://data.goettingen-research-online.de/api/access/datafile/173509
04_acquisitions_externes_2026-08-07/geochimie/georoc_types_de_roches/2026-06-2JETOA_MELILITITE.csv,766876,5a92ef5c4963f0d0c28ce7c4e094d6d58aeddb57dbac5bbda9c4ac5697d22813,acquisition externe,geochimie,georoc_types_de_roches,"GEOROC / DIGIS, Universite de Goettingen",10.25625/2JETOA,CC BY-SA 4.0,"Analyses roche totale publiees de la compilation GEOROC Compilation: Rock Types, avec methode analytique, laboratoire et reference bibliographique.",telecharge le 2026-08-07 depuis https://data.goettingen-research-online.de/api/access/datafile/173454
04_acquisitions_externes_2026-08-07/geochimie/georoc_types_de_roches/2026-06-2JETOA_MONZODIORITE.csv,1518659,e5ca19a205423f05e8077cb734d88960ea80e8cc9cde72bcb5b9a3d3d07aec94,acquisition externe,geochimie,georoc_types_de_roches,"GEOROC / DIGIS, Universite de Goettingen",10.25625/2JETOA,CC BY-SA 4.0,"Analyses roche totale publiees de la compilation GEOROC Compilation: Rock Types, avec methode analytique, laboratoire et reference bibliographique.",telecharge le 2026-08-07 depuis https://data.goettingen-research-online.de/api/access/datafile/173518
04_acquisitions_externes_2026-08-07/geochimie/georoc_types_de_roches/2026-06-2JETOA_MONZOGABBRO.csv,258139,c8df359e66dcdc22b8dd9df9efaad485de3248c429e4dbb27576ac5325753e4c,acquisition externe,geochimie,georoc_types_de_roches,"GEOROC / DIGIS, Universite de Goettingen",10.25625/2JETOA,CC BY-SA 4.0,"Analyses roche totale publiees de la compilation GEOROC Compilation: Rock Types, avec methode analytique, laboratoire et reference bibliographique.",telecharge le 2026-08-07 depuis https://data.goettingen-research-online.de/api/access/datafile/173446
04_acquisitions_externes_2026-08-07/geochimie/georoc_types_de_roches/2026-06-2JETOA_MONZOGRANITE.csv,4591203,6f0924ffe76a4fc3658fb5b6fe128353712f5fac6fd3cca6a43e12b1a7072904,acquisition externe,geochimie,georoc_types_de_roches,"GEOROC / DIGIS, Universite de Goettingen",10.25625/2JETOA,CC BY-SA 4.0,"Analyses roche totale publiees de la compilation GEOROC Compilation: Rock Types, avec methode analytique, laboratoire et reference bibliographique.",telecharge le 2026-08-07 depuis https://data.goettingen-research-online.de/api/access/datafile/173473
04_acquisitions_externes_2026-08-07/geochimie/georoc_types_de_roches/2026-06-2JETOA_MONZONITE.csv,2576962,571889e1e650d829a8683e3e0d500587d433fbd2491d3fc155305ad12742f960,acquisition externe,geochimie,georoc_types_de_roches,"GEOROC / DIGIS, Universite de Goettingen",10.25625/2JETOA,CC BY-SA 4.0,"Analyses roche totale publiees de la compilation GEOROC Compilation: Rock Types, avec methode analytique, laboratoire et reference bibliographique.",telecharge le 2026-08-07 depuis https://data.goettingen-research-online.de/api/access/datafile/173511
04_acquisitions_externes_2026-08-07/geochimie/georoc_types_de_roches/2026-06-2JETOA_MUGEARITE.csv,1059369,3a563cc986b15524edded6faba6e14ee78281703b1d5d3fb4f83eb01cf51d961,acquisition externe,geochimie,georoc_types_de_roches,"GEOROC / DIGIS, Universite de Goettingen",10.25625/2JETOA,CC BY-SA 4.0,"Analyses roche totale publiees de la compilation GEOROC Compilation: Rock Types, avec methode analytique, laboratoire et reference bibliographique.",telecharge le 2026-08-07 depuis https://data.goettingen-research-online.de/api/access/datafile/173468
04_acquisitions_externes_2026-08-07/geochimie/georoc_types_de_roches/2026-06-2JETOA_NEPHELINITE.csv,2329524,cd488b3e5bc8893778069b75cddf8d12968136f7aa350a93ffd819b3fb18ad39,acquisition externe,geochimie,georoc_types_de_roches,"GEOROC / DIGIS, Universite de Goettingen",10.25625/2JETOA,CC BY-SA 4.0,"Analyses roche totale publiees de la compilation GEOROC Compilation: Rock Types, avec methode analytique, laboratoire et reference bibliographique.",telecharge le 2026-08-07 depuis https://data.goettingen-research-online.de/api/access/datafile/173512
04_acquisitions_externes_2026-08-07/geochimie/georoc_types_de_roches/2026-06-2JETOA_NORITE.csv,607666,0082e9ac7c91433d3a80dfcc0ccd193dd6cf30829a791ae4ce081be730c3b43f,acquisition externe,geochimie,georoc_types_de_roches,"GEOROC / DIGIS, Universite de Goettingen",10.25625/2JETOA,CC BY-SA 4.0,"Analyses roche totale publiees de la compilation GEOROC Compilation: Rock Types, avec methode analytique, laboratoire et reference bibliographique.",telecharge le 2026-08-07 depuis https://data.goettingen-research-online.de/api/access/datafile/173524
04_acquisitions_externes_2026-08-07/geochimie/georoc_types_de_roches/2026-06-2JETOA_OCEANITE.csv,217665,59dd3170dc1c526de51e82beb49b8a645af711fbd03450ff689e1bc0bc1f6d31,acquisition externe,geochimie,georoc_types_de_roches,"GEOROC / DIGIS, Universite de Goettingen",10.25625/2JETOA,CC BY-SA 4.0,"Analyses roche totale publiees de la compilation GEOROC Compilation: Rock Types, avec methode analytique, laboratoire et reference bibliographique.",telecharge le 2026-08-07 depuis https://data.goettingen-research-online.de/api/access/datafile/173483
04_acquisitions_externes_2026-08-07/geochimie/georoc_types_de_roches/2026-06-2JETOA_PANTELLERITIC_RHYOLITE.csv,478369,e329e86d6cdf2f26d110b4ccf1dabd9b25db19bd621b81c488b472ed73813cb3,acquisition externe,geochimie,georoc_types_de_roches,"GEOROC / DIGIS, Universite de Goettingen",10.25625/2JETOA,CC BY-SA 4.0,"Analyses roche totale publiees de la compilation GEOROC Compilation: Rock Types, avec methode analytique, laboratoire et reference bibliographique.",telecharge le 2026-08-07 depuis https://data.goettingen-research-online.de/api/access/datafile/173459
04_acquisitions_externes_2026-08-07/geochimie/georoc_types_de_roches/2026-06-2JETOA_PHONOLITE.csv,4070715,7947d89329bac51b3fe3c59e27679805e4ced60c112ecf899c68e1772dc609db,acquisition externe,geochimie,georoc_types_de_roches,"GEOROC / DIGIS, Universite de Goettingen",10.25625/2JETOA,CC BY-SA 4.0,"Analyses roche totale publiees de la compilation GEOROC Compilation: Rock Types, avec methode analytique, laboratoire et reference bibliographique.",telecharge le 2026-08-07 depuis https://data.goettingen-research-online.de/api/access/datafile/173444
04_acquisitions_externes_2026-08-07/geochimie/georoc_types_de_roches/2026-06-2JETOA_PHONOLITIC-TEPHRITE.csv,819863,81ac3e72f22f224bffe3763ed3330ac9cb11751504af6eb7f81728950eeb1000,acquisition externe,geochimie,georoc_types_de_roches,"GEOROC / DIGIS, Universite de Goettingen",10.25625/2JETOA,CC BY-SA 4.0,"Analyses roche totale publiees de la compilation GEOROC Compilation: Rock Types, avec methode analytique, laboratoire et reference bibliographique.",telecharge le 2026-08-07 depuis https://data.goettingen-research-online.de/api/access/datafile/173487
04_acquisitions_externes_2026-08-07/geochimie/georoc_types_de_roches/2026-06-2JETOA_PHOSCORITE.csv,143402,5f0fcdc65c7b20425b4684f9b06996c2209153bce0feef4f52503ecbcab3b205,acquisition externe,geochimie,georoc_types_de_roches,"GEOROC / DIGIS, Universite de Goettingen",10.25625/2JETOA,CC BY-SA 4.0,"Analyses roche totale publiees de la compilation GEOROC Compilation: Rock Types, avec methode analytique, laboratoire et reference bibliographique.",telecharge le 2026-08-07 depuis https://data.goettingen-research-online.de/api/access/datafile/173488
04_acquisitions_externes_2026-08-07/geochimie/georoc_types_de_roches/2026-06-2JETOA_PICROBASALT.csv,467709,a0f41f881fb9bf829636ffca8207ff50affda8d6917acc857abeeb88f52590a0,acquisition externe,geochimie,georoc_types_de_roches,"GEOROC / DIGIS, Universite de Goettingen",10.25625/2JETOA,CC BY-SA 4.0,"Analyses roche totale publiees de la compilation GEOROC Compilation: Rock Types, avec methode analytique, laboratoire et reference bibliographique.",telecharge le 2026-08-07 depuis https://data.goettingen-research-online.de/api/access/datafile/173480
04_acquisitions_externes_2026-08-07/geochimie/georoc_types_de_roches/2026-06-2JETOA_RHYODACITE.csv,1897554,552071641c83bc50a9fca4a9437c6e11a2fc8c9fdc407a3b784efc5ec12ecc43,acquisition externe,geochimie,georoc_types_de_roches,"GEOROC / DIGIS, Universite de Goettingen",10.25625/2JETOA,CC BY-SA 4.0,"Analyses roche totale publiees de la compilation GEOROC Compilation: Rock Types, avec methode analytique, laboratoire et reference bibliographique.",telecharge le 2026-08-07 depuis https://data.goettingen-research-online.de/api/access/datafile/173458
04_acquisitions_externes_2026-08-07/geochimie/georoc_types_de_roches/2026-06-2JETOA_RHYOLITE_part1.csv,7000911,045368f2e2c9cf5bec489851aaa3d8da78746f5404c787a243be1cc8bfb7a404,acquisition externe,geochimie,georoc_types_de_roches,"GEOROC / DIGIS, Universite de Goettingen",10.25625/2JETOA,CC BY-SA 4.0,"Analyses roche totale publiees de la compilation GEOROC Compilation: Rock Types, avec methode analytique, laboratoire et reference bibliographique.",telecharge le 2026-08-07 depuis https://data.goettingen-research-online.de/api/access/datafile/173494
04_acquisitions_externes_2026-08-07/geochimie/georoc_types_de_roches/2026-06-2JETOA_RHYOLITE_part2.csv,8278786,85f3b7b9f26e050c7e0781e3f4f49efaeec0019bbc6b44fc0024692655c615b4,acquisition externe,geochimie,georoc_types_de_roches,"GEOROC / DIGIS, Universite de Goettingen",10.25625/2JETOA,CC BY-SA 4.0,"Analyses roche totale publiees de la compilation GEOROC Compilation: Rock Types, avec methode analytique, laboratoire et reference bibliographique.",telecharge le 2026-08-07 depuis https://data.goettingen-research-online.de/api/access/datafile/173493
04_acquisitions_externes_2026-08-07/geochimie/georoc_types_de_roches/2026-06-2JETOA_RHYOLITE_part3.csv,10059850,d30ddaefc9ea14cafca17a9c10ea35edf310f1d7e04cb7d4af5a8fe920d06af8,acquisition externe,geochimie,georoc_types_de_roches,"GEOROC / DIGIS, Universite de Goettingen",10.25625/2JETOA,CC BY-SA 4.0,"Analyses roche totale publiees de la compilation GEOROC Compilation: Rock Types, avec methode analytique, laboratoire et reference bibliographique.",telecharge le 2026-08-07 depuis https://data.goettingen-research-online.de/api/access/datafile/173474
04_acquisitions_externes_2026-08-07/geochimie/georoc_types_de_roches/2026-06-2JETOA_SHOSHONITE.csv,1227111,849b35972b96ca78b2b1d63685a600e4d39c1a452ac1db4eeda2a570dd2d49aa,acquisition externe,geochimie,georoc_types_de_roches,"GEOROC / DIGIS, Universite de Goettingen",10.25625/2JETOA,CC BY-SA 4.0,"Analyses roche totale publiees de la compilation GEOROC Compilation: Rock Types, avec methode analytique, laboratoire et reference bibliographique.",telecharge le 2026-08-07 depuis https://data.goettingen-research-online.de/api/access/datafile/173478
04_acquisitions_externes_2026-08-07/geochimie/georoc_types_de_roches/2026-06-2JETOA_SUBALKALI_BASALT.csv,497436,14924c414f4d94d1a96fce0a2c30c3fa321cad87b22005bbec4e991644fccb61,acquisition externe,geochimie,georoc_types_de_roches,"GEOROC / DIGIS, Universite de Goettingen",10.25625/2JETOA,CC BY-SA 4.0,"Analyses roche totale publiees de la compilation GEOROC Compilation: Rock Types, avec methode analytique, laboratoire et reference bibliographique.",telecharge le 2026-08-07 depuis https://data.goettingen-research-online.de/api/access/datafile/173506
04_acquisitions_externes_2026-08-07/geochimie/georoc_types_de_roches/2026-06-2JETOA_SYENITE.csv,4080875,8e6917c59be968794b67132649a14aac73846bec9335e9fd053e5b70eea05ca3,acquisition externe,geochimie,georoc_types_de_roches,"GEOROC / DIGIS, Universite de Goettingen",10.25625/2JETOA,CC BY-SA 4.0,"Analyses roche totale publiees de la compilation GEOROC Compilation: Rock Types, avec methode analytique, laboratoire et reference bibliographique.",telecharge le 2026-08-07 depuis https://data.goettingen-research-online.de/api/access/datafile/173489
04_acquisitions_externes_2026-08-07/geochimie/georoc_types_de_roches/2026-06-2JETOA_SYENOGRANITE.csv,1529863,806546ba3e204bd5c2a9cb3a96f4f4cca23239d1e17b845ae0f4f8eb2608e940,acquisition externe,geochimie,georoc_types_de_roches,"GEOROC / DIGIS, Universite de Goettingen",10.25625/2JETOA,CC BY-SA 4.0,"Analyses roche totale publiees de la compilation GEOROC Compilation: Rock Types, avec methode analytique, laboratoire et reference bibliographique.",telecharge le 2026-08-07 depuis https://data.goettingen-research-online.de/api/access/datafile/173486
04_acquisitions_externes_2026-08-07/geochimie/georoc_types_de_roches/2026-06-2JETOA_TEPHRITE.csv,1506314,18ccee5cf88d4db1246d46459dc453c36c3e94ab48d9ece75fbbd87e9ba1562f,acquisition externe,geochimie,georoc_types_de_roches,"GEOROC / DIGIS, Universite de Goettingen",10.25625/2JETOA,CC BY-SA 4.0,"Analyses roche totale publiees de la compilation GEOROC Compilation: Rock Types, avec methode analytique, laboratoire et reference bibliographique.",telecharge le 2026-08-07 depuis https://data.goettingen-research-online.de/api/access/datafile/173497
04_acquisitions_externes_2026-08-07/geochimie/georoc_types_de_roches/2026-06-2JETOA_TEPHRITIC-PHONOLITE.csv,706042,fcd30f4be085840ef6e5bfb59801705f73199ed156c58de3381b9e9e5fc592f9,acquisition externe,geochimie,georoc_types_de_roches,"GEOROC / DIGIS, Universite de Goettingen",10.25625/2JETOA,CC BY-SA 4.0,"Analyses roche totale publiees de la compilation GEOROC Compilation: Rock Types, avec methode analytique, laboratoire et reference bibliographique.",telecharge le 2026-08-07 depuis https://data.goettingen-research-online.de/api/access/datafile/173467
04_acquisitions_externes_2026-08-07/geochimie/georoc_types_de_roches/2026-06-2JETOA_THOLEIITIC_ANDESITE.csv,362893,0e2ae31433f2908d32251d52530be0bbcb2f974d50ebd08259cbbbf60041a0fe,acquisition externe,geochimie,georoc_types_de_roches,"GEOROC / DIGIS, Universite de Goettingen",10.25625/2JETOA,CC BY-SA 4.0,"Analyses roche totale publiees de la compilation GEOROC Compilation: Rock Types, avec methode analytique, laboratoire et reference bibliographique.",telecharge le 2026-08-07 depuis https://data.goettingen-research-online.de/api/access/datafile/173503
04_acquisitions_externes_2026-08-07/geochimie/georoc_types_de_roches/2026-06-2JETOA_THOLEIITIC_BASALT_part1.csv,7442948,4d139681eb7c0258a5730ea43a8f4557bf53216cfe6c473bdee6b0a376b0bc9a,acquisition externe,geochimie,georoc_types_de_roches,"GEOROC / DIGIS, Universite de Goettingen",10.25625/2JETOA,CC BY-SA 4.0,"Analyses roche totale publiees de la compilation GEOROC Compilation: Rock Types, avec methode analytique, laboratoire et reference bibliographique.",telecharge le 2026-08-07 depuis https://data.goettingen-research-online.de/api/access/datafile/173484
04_acquisitions_externes_2026-08-07/geochimie/georoc_types_de_roches/2026-06-2JETOA_THOLEIITIC_BASALT_part2.csv,10572709,35b62eacf7c2d4c0e4516fc441c3eb0c1aed8aaaacca5c9166403b3e1bed2404,acquisition externe,geochimie,georoc_types_de_roches,"GEOROC / DIGIS, Universite de Goettingen",10.25625/2JETOA,CC BY-SA 4.0,"Analyses roche totale publiees de la compilation GEOROC Compilation: Rock Types, avec methode analytique, laboratoire et reference bibliographique.",telecharge le 2026-08-07 depuis https://data.goettingen-research-online.de/api/access/datafile/173517
04_acquisitions_externes_2026-08-07/geochimie/georoc_types_de_roches/2026-06-2JETOA_TONALITE.csv,2499843,03cde842fc2d527ed3b6bb6ed004271acaacfcc33d19e22c4dd458595501b53f,acquisition externe,geochimie,georoc_types_de_roches,"GEOROC / DIGIS, Universite de Goettingen",10.25625/2JETOA,CC BY-SA 4.0,"Analyses roche totale publiees de la compilation GEOROC Compilation: Rock Types, avec methode analytique, laboratoire et reference bibliographique.",telecharge le 2026-08-07 depuis https://data.goettingen-research-online.de/api/access/datafile/173436
04_acquisitions_externes_2026-08-07/geochimie/georoc_types_de_roches/2026-06-2JETOA_TRACHYANDESITE.csv,3623060,25a52d815530d67064b528bafc52d5aeb825a19cf28e8363ac7c195b2f0a9ff9,acquisition externe,geochimie,georoc_types_de_roches,"GEOROC / DIGIS, Universite de Goettingen",10.25625/2JETOA,CC BY-SA 4.0,"Analyses roche totale publiees de la compilation GEOROC Compilation: Rock Types, avec methode analytique, laboratoire et reference bibliographique.",telecharge le 2026-08-07 depuis https://data.goettingen-research-online.de/api/access/datafile/173452
04_acquisitions_externes_2026-08-07/geochimie/georoc_types_de_roches/2026-06-2JETOA_TRACHYBASALT.csv,3664037,dcb36ceaa17766e7eee8f4adac2a1d238ca9850fa6536598e90a04f6583d0fa4,acquisition externe,geochimie,georoc_types_de_roches,"GEOROC / DIGIS, Universite de Goettingen",10.25625/2JETOA,CC BY-SA 4.0,"Analyses roche totale publiees de la compilation GEOROC Compilation: Rock Types, avec methode analytique, laboratoire et reference bibliographique.",telecharge le 2026-08-07 depuis https://data.goettingen-research-online.de/api/access/datafile/173442
04_acquisitions_externes_2026-08-07/geochimie/georoc_types_de_roches/2026-06-2JETOA_TRACHYDACITE.csv,825694,ccaf49c98ec6ada99ff058194176d1eae45582bc054cbda00aa0012be55b20c4,acquisition externe,geochimie,georoc_types_de_roches,"GEOROC / DIGIS, Universite de Goettingen",10.25625/2JETOA,CC BY-SA 4.0,"Analyses roche totale publiees de la compilation GEOROC Compilation: Rock Types, avec methode analytique, laboratoire et reference bibliographique.",telecharge le 2026-08-07 depuis https://data.goettingen-research-online.de/api/access/datafile/173477
04_acquisitions_externes_2026-08-07/geochimie/georoc_types_de_roches/2026-06-2JETOA_TRACHYTE.csv,8009846,674656b2893a949e86bd63781d940bc05f1034e8386451a81b198f639e6ab89a,acquisition externe,geochimie,georoc_types_de_roches,"GEOROC / DIGIS, Universite de Goettingen",10.25625/2JETOA,CC BY-SA 4.0,"Analyses roche totale publiees de la compilation GEOROC Compilation: Rock Types, avec methode analytique, laboratoire et reference bibliographique.",telecharge le 2026-08-07 depuis https://data.goettingen-research-online.de/api/access/datafile/173485
04_acquisitions_externes_2026-08-07/geochimie/georoc_types_de_roches/2026-06-2JETOA_TRANSITIONAL_BASALT.csv,1346860,e2719e82fffe6423a290a82ec46b7d6fe6511ddac05385ae43d7e5950f2ea576,acquisition externe,geochimie,georoc_types_de_roches,"GEOROC / DIGIS, Universite de Goettingen",10.25625/2JETOA,CC BY-SA 4.0,"Analyses roche totale publiees de la compilation GEOROC Compilation: Rock Types, avec methode analytique, laboratoire et reference bibliographique.",telecharge le 2026-08-07 depuis https://data.goettingen-research-online.de/api/access/datafile/173472
04_acquisitions_externes_2026-08-07/geochimie/georoc_types_de_roches/2026-06-2JETOA_TRONDHJEMITE.csv,609151,d4fe0204895a531afd26e0c76ef2a11f306e8a106e930039c6b427ff9e9c1815,acquisition externe,geochimie,georoc_types_de_roches,"GEOROC / DIGIS, Universite de Goettingen",10.25625/2JETOA,CC BY-SA 4.0,"Analyses roche totale publiees de la compilation GEOROC Compilation: Rock Types, avec methode analytique, laboratoire et reference bibliographique.",telecharge le 2026-08-07 depuis https://data.goettingen-research-online.de/api/access/datafile/173492
04_acquisitions_externes_2026-08-07/matiere_noyaux/iaea_livechart_ground_states.csv,900613,8aee5dc431af1e35fcb49746387b83e927b3c300e7787defbda621a08212c795,acquisition externe,matiere_noyaux,matiere_noyaux,"AIEA, Nuclear Data Section",Live Chart of Nuclides,information publique AIEA,"Etats fondamentaux de tous les nuclides : energie de liaison par nucleon, exces de masse, abondance isotopique naturelle, demi-vie, rayon de charge.",telecharge le 2026-08-07 depuis https://www-nds.iaea.org/relnsd/v1/data?fields=ground_states&nuclides=all
04_acquisitions_externes_2026-08-07/matiere_noyaux/nubase_4.mas20,761906,1585a5eea86c5e17e90307c7e6e786d060049c4039e392a261ff6db977df9859,acquisition externe,matiere_noyaux,matiere_noyaux,AMDC / IMP CAS,"NUBASE2020, doi 10.1088/1674-1137/abddae","usage academique, citation obligatoire","Evaluation NUBASE2020 : masses, exces de masse, spins, parites, demi-vies et modes de decroissance mesures de tous les nuclides connus.",telecharge le 2026-08-07 depuis https://amdc.impcas.ac.cn/masstables/Ame2020/nubase_4.mas20
04_acquisitions_externes_2026-08-07/paleoclimat/edc-co2-2008.txt,107462,ae2ecff8e048c2357094c14742fb83eecc97c896707fc1f983614818427ae390,acquisition externe,paleoclimat,paleoclimat,NOAA Paleoclimatology,"EPICA Dome C CO2, Luthi et al. 2008",information publique NOAA,CO2 mesure dans la carotte EPICA Dome C sur 800 ka.,telecharge le 2026-08-07 depuis https://www.ncei.noaa.gov/pub/data/paleo/icecore/antarctica/epica_domec/edc-co2-2008.txt
04_acquisitions_externes_2026-08-07/paleoclimat/edc3deuttemp2007.txt,357470,b801fc2e422d427524619be25b50ee86fd63b36eb440eb5044d9bec12a4d1747,acquisition externe,paleoclimat,paleoclimat,NOAA Paleoclimatology,"EPICA Dome C dD et temperature, Jouzel et al. 2007",information publique NOAA,"Deuterium et temperature reconstruite sur 800 ka, chronologie EDC3.",telecharge le 2026-08-07 depuis https://www.ncei.noaa.gov/pub/data/paleo/icecore/antarctica/epica_domec/edc3deuttemp2007.txt
04_acquisitions_externes_2026-08-07/paleoclimat/lisiecki2005_LR04.txt,409959,973a52d988da04333c98c3fc0cb51babac2fa9bb1c05d42de3d6df726d96b6fc,acquisition externe,paleoclimat,paleoclimat,NOAA Paleoclimatology,"pile LR04, Lisiecki et Raymo 2005",information publique NOAA,"Pile benthique d18O de 57 enregistrements sur 5,3 Ma, version NOAA courante.",telecharge le 2026-08-07 depuis https://www.ncei.noaa.gov/pub/data/paleo/contributions_by_author/lisiecki2005/lisiecki2005.txt
04_acquisitions_externes_2026-08-07/paleoclimat/vostok_deutnat.txt,84230,c69eca96499bece4b2f65d4e40240f52e0bfb4027383b3f2db68a1b3e36c75f6,acquisition externe,paleoclimat,paleoclimat,NOAA Paleoclimatology,"Vostok, Petit et al. 1999",information publique NOAA,Deuterium et temperature Vostok sur 420 ka.,telecharge le 2026-08-07 depuis https://www.ncei.noaa.gov/pub/data/paleo/icecore/antarctica/vostok/deutnat.txt
04_acquisitions_externes_2026-08-07/thermochimie/chnosz_berman/BDat17_2017.csv,249,882389c90e92e7031c40d27a674df18d251ebe3e47395a3ec10baa3567e11745,acquisition externe,thermochimie,chnosz_berman,CHNOSZ / Berman,parametres d equation d etat Berman 1988 et derives,GPL-3,"Parametres publies de capacite calorifique et d equation d etat V(T,P) pour les mineraux.",telecharge le 2026-08-07 depuis https://github.com/jedick/CHNOSZ/tree/main/inst/extdata/Berman
04_acquisitions_externes_2026-08-07/thermochimie/chnosz_berman/Ber88_1988.csv,8730,2563b6a7782d6c24f58a070569d14b667a1f6c32457c687d176f8543592e850c,acquisition externe,thermochimie,chnosz_berman,CHNOSZ / Berman,parametres d equation d etat Berman 1988 et derives,GPL-3,"Parametres publies de capacite calorifique et d equation d etat V(T,P) pour les mineraux.",telecharge le 2026-08-07 depuis https://github.com/jedick/CHNOSZ/tree/main/inst/extdata/Berman
04_acquisitions_externes_2026-08-07/thermochimie/chnosz_berman/Ber90_1990.csv,611,e9d46a6552d5933f9ec361e15a96c82cc17507a9516c80136af7ab3c588c5f8d,acquisition externe,thermochimie,chnosz_berman,CHNOSZ / Berman,parametres d equation d etat Berman 1988 et derives,GPL-3,"Parametres publies de capacite calorifique et d equation d etat V(T,P) pour les mineraux.",telecharge le 2026-08-07 depuis https://github.com/jedick/CHNOSZ/tree/main/inst/extdata/Berman
04_acquisitions_externes_2026-08-07/thermochimie/chnosz_berman/DS10_2010.csv,785,f65b74f0da5ba6a7fa465a2b9ec9a0f7ef6a0ce58bb71ae687e17aa5d8de6515,acquisition externe,thermochimie,chnosz_berman,CHNOSZ / Berman,parametres d equation d etat Berman 1988 et derives,GPL-3,"Parametres publies de capacite calorifique et d equation d etat V(T,P) pour les mineraux.",telecharge le 2026-08-07 depuis https://github.com/jedick/CHNOSZ/tree/main/inst/extdata/Berman
04_acquisitions_externes_2026-08-07/thermochimie/chnosz_berman/FDM+14_2014.csv,234,222ee12592e41eba608b0a30123fdd3a6a34acd857da7562576c14a507d75734,acquisition externe,thermochimie,chnosz_berman,CHNOSZ / Berman,parametres d equation d etat Berman 1988 et derives,GPL-3,"Parametres publies de capacite calorifique et d equation d etat V(T,P) pour les mineraux.",telecharge le 2026-08-07 depuis https://github.com/jedick/CHNOSZ/tree/main/inst/extdata/Berman
04_acquisitions_externes_2026-08-07/thermochimie/chnosz_berman/Got04_2004.csv,563,f832d23e8a2281094e2981082e05da3619a4c881d0450991052ce457444466c8,acquisition externe,thermochimie,chnosz_berman,CHNOSZ / Berman,parametres d equation d etat Berman 1988 et derives,GPL-3,"Parametres publies de capacite calorifique et d equation d etat V(T,P) pour les mineraux.",telecharge le 2026-08-07 depuis https://github.com/jedick/CHNOSZ/tree/main/inst/extdata/Berman
04_acquisitions_externes_2026-08-07/thermochimie/chnosz_berman/JUN92_1992.csv,359,a6a6d2bbbb70a2743df2fc1ed827269e54b09ac1fca7f2ec19c023dbad6445a5,acquisition externe,thermochimie,chnosz_berman,CHNOSZ / Berman,parametres d equation d etat Berman 1988 et derives,GPL-3,"Parametres publies de capacite calorifique et d equation d etat V(T,P) pour les mineraux.",telecharge le 2026-08-07 depuis https://github.com/jedick/CHNOSZ/tree/main/inst/extdata/Berman
04_acquisitions_externes_2026-08-07/thermochimie/chnosz_berman/SHD91_1991.csv,1609,f681b07baf4ee48eb9a19ea78e2b696b33b5b4ca32839f50fa75ec6757fa5bc2,acquisition externe,thermochimie,chnosz_berman,CHNOSZ / Berman,parametres d equation d etat Berman 1988 et derives,GPL-3,"Parametres publies de capacite calorifique et d equation d etat V(T,P) pour les mineraux.",telecharge le 2026-08-07 depuis https://github.com/jedick/CHNOSZ/tree/main/inst/extdata/Berman
04_acquisitions_externes_2026-08-07/thermochimie/chnosz_berman/VGT92_1992.csv,228,74b882b1a5f54ebd8caedcd26cff383e066a7d443edc40fe8c2170afe51c2f52,acquisition externe,thermochimie,chnosz_berman,CHNOSZ / Berman,parametres d equation d etat Berman 1988 et derives,GPL-3,"Parametres publies de capacite calorifique et d equation d etat V(T,P) pour les mineraux.",telecharge le 2026-08-07 depuis https://github.com/jedick/CHNOSZ/tree/main/inst/extdata/Berman
04_acquisitions_externes_2026-08-07/thermochimie/chnosz_berman/VPT01_2001.csv,341,c08c60fab94be1083ec7ca46b37d78c91a34f358d08679d80a4c8022abb0fc3d,acquisition externe,thermochimie,chnosz_berman,CHNOSZ / Berman,parametres d equation d etat Berman 1988 et derives,GPL-3,"Parametres publies de capacite calorifique et d equation d etat V(T,P) pour les mineraux.",telecharge le 2026-08-07 depuis https://github.com/jedick/CHNOSZ/tree/main/inst/extdata/Berman
04_acquisitions_externes_2026-08-07/thermochimie/chnosz_berman/VPV05_2005.csv,231,00d6c261a0fcdef21d63b1fcdec3cbb864bfdff8d104d79b820a0282dac19cf0,acquisition externe,thermochimie,chnosz_berman,CHNOSZ / Berman,parametres d equation d etat Berman 1988 et derives,GPL-3,"Parametres publies de capacite calorifique et d equation d etat V(T,P) pour les mineraux.",telecharge le 2026-08-07 depuis https://github.com/jedick/CHNOSZ/tree/main/inst/extdata/Berman
04_acquisitions_externes_2026-08-07/thermochimie/chnosz_berman/ZS92_1992.csv,1542,c660579446c963aa2ad59dc57bef17e4db588b9ce896f908e6bce9dba531a0b8,acquisition externe,thermochimie,chnosz_berman,CHNOSZ / Berman,parametres d equation d etat Berman 1988 et derives,GPL-3,"Parametres publies de capacite calorifique et d equation d etat V(T,P) pour les mineraux.",telecharge le 2026-08-07 depuis https://github.com/jedick/CHNOSZ/tree/main/inst/extdata/Berman
04_acquisitions_externes_2026-08-07/thermochimie/chnosz_obigt/Berman_cr.csv,9100,bc535aa8b71507c33c4cf7d1f4c4411a75daddab671ade1a59fba348e5eff200,acquisition externe,thermochimie,chnosz_obigt,CHNOSZ / OBIGT,"base thermodynamique OBIGT, doi 10.1111/gbi.12491",GPL-3,"Proprietes thermodynamiques standard mesurees et compilees : energie de Gibbs de formation, enthalpie, entropie, capacite calorifique, volume, coefficients de Maier-Kelley, pour mineraux, gaz et especes aqueuses.",telecharge le 2026-08-07 depuis https://raw.githubusercontent.com/jedick/CHNOSZ/main/inst/extdata/OBIGT/Berman_cr.csv
04_acquisitions_externes_2026-08-07/thermochimie/chnosz_obigt/DESCRIPTION_licence_CHNOSZ.txt,1811,4f49b8000b6c4089c54aa52b20a4779b33bf89ab95d9d0d7aedc1467d6580806,acquisition externe,thermochimie,chnosz_obigt,CHNOSZ,metadonnees du paquet,GPL-3,Licence et auteurs de la base OBIGT.,telecharge le 2026-08-07 depuis https://raw.githubusercontent.com/jedick/CHNOSZ/main/DESCRIPTION
04_acquisitions_externes_2026-08-07/thermochimie/chnosz_obigt/H2O_aq.csv,342,716ade24a048c3bb04459a94449b8a72c95dcb358b5ef868918280584d715858,acquisition externe,thermochimie,chnosz_obigt,CHNOSZ / OBIGT,"base thermodynamique OBIGT, doi 10.1111/gbi.12491",GPL-3,"Proprietes thermodynamiques standard mesurees et compilees : energie de Gibbs de formation, enthalpie, entropie, capacite calorifique, volume, coefficients de Maier-Kelley, pour mineraux, gaz et especes aqueuses.",telecharge le 2026-08-07 depuis https://raw.githubusercontent.com/jedick/CHNOSZ/main/inst/extdata/OBIGT/H2O_aq.csv
04_acquisitions_externes_2026-08-07/thermochimie/chnosz_obigt/element.csv,5077,623f52c654efb0fbbde117b80ec6ff044e0d22f6098771873b188b079ecdd7c5,acquisition externe,thermochimie,chnosz_obigt,CHNOSZ / OBIGT,"base thermodynamique OBIGT, doi 10.1111/gbi.12491",GPL-3,"Proprietes thermodynamiques standard mesurees et compilees : energie de Gibbs de formation, enthalpie, entropie, capacite calorifique, volume, coefficients de Maier-Kelley, pour mineraux, gaz et especes aqueuses.",telecharge le 2026-08-07 depuis https://raw.githubusercontent.com/jedick/CHNOSZ/main/inst/extdata/thermo/element.csv
04_acquisitions_externes_2026-08-07/thermochimie/chnosz_obigt/inorganic_aq.csv,91137,d30093265c0fb6da4e595300463ed5e75e9a03a00db1787e19044bda8005b15b,acquisition externe,thermochimie,chnosz_obigt,CHNOSZ / OBIGT,"base thermodynamique OBIGT, doi 10.1111/gbi.12491",GPL-3,"Proprietes thermodynamiques standard mesurees et compilees : energie de Gibbs de formation, enthalpie, entropie, capacite calorifique, volume, coefficients de Maier-Kelley, pour mineraux, gaz et especes aqueuses.",telecharge le 2026-08-07 depuis https://raw.githubusercontent.com/jedick/CHNOSZ/main/inst/extdata/OBIGT/inorganic_aq.csv
04_acquisitions_externes_2026-08-07/thermochimie/chnosz_obigt/inorganic_cr.csv,43535,993e44229060f7f048ff61670bef4f825af8d9c1018ccf23ffa3c57248c6204f,acquisition externe,thermochimie,chnosz_obigt,CHNOSZ / OBIGT,"base thermodynamique OBIGT, doi 10.1111/gbi.12491",GPL-3,"Proprietes thermodynamiques standard mesurees et compilees : energie de Gibbs de formation, enthalpie, entropie, capacite calorifique, volume, coefficients de Maier-Kelley, pour mineraux, gaz et especes aqueuses.",telecharge le 2026-08-07 depuis https://raw.githubusercontent.com/jedick/CHNOSZ/main/inst/extdata/OBIGT/inorganic_cr.csv
04_acquisitions_externes_2026-08-07/thermochimie/chnosz_obigt/inorganic_gas.csv,2144,7fd70ba982484427cee1594df7608cae9156abcb916ca1eedd3f4cea65bcd394,acquisition externe,thermochimie,chnosz_obigt,CHNOSZ / OBIGT,"base thermodynamique OBIGT, doi 10.1111/gbi.12491",GPL-3,"Proprietes thermodynamiques standard mesurees et compilees : energie de Gibbs de formation, enthalpie, entropie, capacite calorifique, volume, coefficients de Maier-Kelley, pour mineraux, gaz et especes aqueuses.",telecharge le 2026-08-07 depuis https://raw.githubusercontent.com/jedick/CHNOSZ/main/inst/extdata/OBIGT/inorganic_gas.csv
04_acquisitions_externes_2026-08-07/thermochimie/chnosz_obigt/organic_aq.csv,89635,a35443760846d1fdba5c95857467b7fb7dc23c357b9d75ab6dd5a1f70464e8a8,acquisition externe,thermochimie,chnosz_obigt,CHNOSZ / OBIGT,"base thermodynamique OBIGT, doi 10.1111/gbi.12491",GPL-3,"Proprietes thermodynamiques standard mesurees et compilees : energie de Gibbs de formation, enthalpie, entropie, capacite calorifique, volume, coefficients de Maier-Kelley, pour mineraux, gaz et especes aqueuses.",telecharge le 2026-08-07 depuis https://raw.githubusercontent.com/jedick/CHNOSZ/main/inst/extdata/OBIGT/organic_aq.csv
04_acquisitions_externes_2026-08-07/thermochimie/chnosz_obigt/organic_cr.csv,61023,2b5de820bb40c5e65ef0cf4307eb8fd92243f1f8e5f81edfeaa4f6c056325e06,acquisition externe,thermochimie,chnosz_obigt,CHNOSZ / OBIGT,"base thermodynamique OBIGT, doi 10.1111/gbi.12491",GPL-3,"Proprietes thermodynamiques standard mesurees et compilees : energie de Gibbs de formation, enthalpie, entropie, capacite calorifique, volume, coefficients de Maier-Kelley, pour mineraux, gaz et especes aqueuses.",telecharge le 2026-08-07 depuis https://raw.githubusercontent.com/jedick/CHNOSZ/main/inst/extdata/OBIGT/organic_cr.csv
04_acquisitions_externes_2026-08-07/thermochimie/chnosz_obigt/organic_gas.csv,33395,54f014eb14078ecab25eb0e458382870cf95230c063386a5478667ee4499356d,acquisition externe,thermochimie,chnosz_obigt,CHNOSZ / OBIGT,"base thermodynamique OBIGT, doi 10.1111/gbi.12491",GPL-3,"Proprietes thermodynamiques standard mesurees et compilees : energie de Gibbs de formation, enthalpie, entropie, capacite calorifique, volume, coefficients de Maier-Kelley, pour mineraux, gaz et especes aqueuses.",telecharge le 2026-08-07 depuis https://raw.githubusercontent.com/jedick/CHNOSZ/main/inst/extdata/OBIGT/organic_gas.csv
04_acquisitions_externes_2026-08-07/thermochimie/chnosz_obigt/refs.csv,64532,97139e1a0c079b1a872845c4f17936936152c75e5be1acefa0c4eecc8cc6e594,acquisition externe,thermochimie,chnosz_obigt,CHNOSZ / OBIGT,"base thermodynamique OBIGT, doi 10.1111/gbi.12491",GPL-3,"Proprietes thermodynamiques standard mesurees et compilees : energie de Gibbs de formation, enthalpie, entropie, capacite calorifique, volume, coefficients de Maier-Kelley, pour mineraux, gaz et especes aqueuses.",telecharge le 2026-08-07 depuis https://raw.githubusercontent.com/jedick/CHNOSZ/main/inst/extdata/thermo/refs.csv
04_acquisitions_externes_2026-08-07/thermochimie/chnosz_obigt/stoich.csv.xz,17160,a336b23eba46c75be1bab75d7e376cd4ac4ccbfd9a67137526f679883886a75f,acquisition externe,thermochimie,chnosz_obigt,CHNOSZ / OBIGT,"base thermodynamique OBIGT, doi 10.1111/gbi.12491",GPL-3,"Proprietes thermodynamiques standard mesurees et compilees : energie de Gibbs de formation, enthalpie, entropie, capacite calorifique, volume, coefficients de Maier-Kelley, pour mineraux, gaz et especes aqueuses.",telecharge le 2026-08-07 depuis https://raw.githubusercontent.com/jedick/CHNOSZ/main/inst/extdata/thermo/stoich.csv.xz
05_tables_candidates/NOTICE.md,9403,d7ab7978cb171ec36cb35499c2a09999ff53d132b154bf842ae7087f64697357,table candidate,propositions,tables candidates,ORI-C,construit le 2026-08-07 depuis 04_acquisitions_externes,suit la licence de la source primaire,Proposition non validee. Voir 05_tables_candidates/NOTICE.md.,derive des acquisitions externes
05_tables_candidates/late_accretion_tracers.csv,11962067,570219a728e5df80ecc2a628c4fb79d9b67139cdf11d502660d855363141c91a,table candidate,propositions,tables candidates,ORI-C,construit le 2026-08-07 depuis 04_acquisitions_externes,suit la licence de la source primaire,Proposition non validee. Voir 05_tables_candidates/NOTICE.md.,derive des acquisitions externes
05_tables_candidates/thermochemical_phases.csv,7092658,60eebfa981cb9b5d13001c65e87f0eaaf0d0221afac6f84cac39ee16c5c04d45,table candidate,propositions,tables candidates,ORI-C,construit le 2026-08-07 depuis 04_acquisitions_externes,suit la licence de la source primaire,Proposition non validee. Voir 05_tables_candidates/NOTICE.md.,derive des acquisitions externes
05_tables_candidates/volatile_inventory.csv,4336,e93d43b9d287bba0ebf6da3bef9594f5ba95120b8c5398058616d094a9da3f9f,table candidate,propositions,tables candidates,ORI-C,construit le 2026-08-07 depuis 04_acquisitions_externes,suit la licence de la source primaire,Proposition non validee. Voir 05_tables_candidates/NOTICE.md.,derive des acquisitions externes
