dataset_id,source_id,age_ka_bp,age_uncertainty_ka,proxy_name,proxy_value,proxy_unit,quality_flag,sha256_source
insolation_convention_1,Berger-orbit91,-0.000000,0,65N_July_insolation,426.76,W_per_m2,observed;age_uncertainty_unavailable:deterministic_orbital_solution,3afc20dda7b385bdd366bc4c9cf60be02d8defdb4c0f317430ca8386d62f81a3
insolation_convention_1,Berger-orbit91,1.000000,0,65N_July_insolation,430.12,W_per_m2,observed;age_uncertainty_unavailable:deterministic_orbital_solution,3afc20dda7b385bdd366bc4c9cf60be02d8defdb4c0f317430ca8386d62f81a3
insolation_convention_1,Berger-orbit91,2.000000,0,65N_July_insolation,434.69,W_per_m2,observed;age_uncertainty_unavailable:deterministic_orbital_solution,3afc20dda7b385bdd366bc4c9cf60be02d8defdb4c0f317430ca8386d62f81a3
insolation_convention_1,Berger-orbit91,3.000000,0,65N_July_insolation,440.2,W_per_m2,observed;age_uncertainty_unavailable:deterministic_orbital_solution,3afc20dda7b385bdd366bc4c9cf60be02d8defdb4c0f317430ca8386d62f81a3
insolation_convention_1,Berger-orbit91,4.000000,0,65N_July_insolation,446.28,W_per_m2,observed;age_uncertainty_unavailable:deterministic_orbital_solution,3afc20dda7b385bdd366bc4c9cf60be02d8defdb4c0f317430ca8386d62f81a3
insolation_convention_1,Berger-orbit91,5.000000,0,65N_July_insolation,452.48,W_per_m2,observed;age_uncertainty_unavailable:deterministic_orbital_solution,3afc20dda7b385bdd366bc4c9cf60be02d8defdb4c0f317430ca8386d62f81a3
insolation_convention_1,Berger-orbit91,6.000000,0,65N_July_insolation,458.31,W_per_m2,observed;age_uncertainty_unavailable:deterministic_orbital_solution,3afc20dda7b385bdd366bc4c9cf60be02d8defdb4c0f317430ca8386d62f81a3
insolation_convention_1,Berger-orbit91,7.000000,0,65N_July_insolation,463.29,W_per_m2,observed;age_uncertainty_unavailable:deterministic_orbital_solution,3afc20dda7b385bdd366bc4c9cf60be02d8defdb4c0f317430ca8386d62f81a3
insolation_convention_1,Berger-orbit91,8.000000,0,65N_July_insolation,467,W_per_m2,observed;age_uncertainty_unavailable:deterministic_orbital_solution,3afc20dda7b385bdd366bc4c9cf60be02d8defdb4c0f317430ca8386d62f81a3
insolation_convention_1,Berger-orbit91,9.000000,0,65N_July_insolation,469.12,W_per_m2,observed;age_uncertainty_unavailable:deterministic_orbital_solution,3afc20dda7b385bdd366bc4c9cf60be02d8defdb4c0f317430ca8386d62f81a3
insolation_convention_1,Berger-orbit91,10.000000,0,65N_July_insolation,469.44,W_per_m2,observed;age_uncertainty_unavailable:deterministic_orbital_solution,3afc20dda7b385bdd366bc4c9cf60be02d8defdb4c0f317430ca8386d62f81a3
insolation_convention_1,Berger-orbit91,11.000000,0,65N_July_insolation,467.92,W_per_m2,observed;age_uncertainty_unavailable:deterministic_orbital_solution,3afc20dda7b385bdd366bc4c9cf60be02d8defdb4c0f317430ca8386d62f81a3
insolation_convention_1,Berger-orbit91,12.000000,0,65N_July_insolation,464.67,W_per_m2,observed;age_uncertainty_unavailable:deterministic_orbital_solution,3afc20dda7b385bdd366bc4c9cf60be02d8defdb4c0f317430ca8386d62f81a3
insolation_convention_1,Berger-orbit91,13.000000,0,65N_July_insolation,459.95,W_per_m2,observed;age_uncertainty_unavailable:deterministic_orbital_solution,3afc20dda7b385bdd366bc4c9cf60be02d8defdb4c0f317430ca8386d62f81a3
insolation_convention_1,Berger-orbit91,14.000000,0,65N_July_insolation,454.12,W_per_m2,observed;age_uncertainty_unavailable:deterministic_orbital_solution,3afc20dda7b385bdd366bc4c9cf60be02d8defdb4c0f317430ca8386d62f81a3
insolation_convention_1,Berger-orbit91,15.000000,0,65N_July_insolation,447.62,W_per_m2,observed;age_uncertainty_unavailable:deterministic_orbital_solution,3afc20dda7b385bdd366bc4c9cf60be02d8defdb4c0f317430ca8386d62f81a3
insolation_convention_1,Berger-orbit91,16.000000,0,65N_July_insolation,440.92,W_per_m2,observed;age_uncertainty_unavailable:deterministic_orbital_solution,3afc20dda7b385bdd366bc4c9cf60be02d8defdb4c0f317430ca8386d62f81a3
insolation_convention_1,Berger-orbit91,17.000000,0,65N_July_insolation,434.5,W_per_m2,observed;age_uncertainty_unavailable:deterministic_orbital_solution,3afc20dda7b385bdd366bc4c9cf60be02d8defdb4c0f317430ca8386d62f81a3
insolation_convention_1,Berger-orbit91,18.000000,0,65N_July_insolation,428.77,W_per_m2,observed;age_uncertainty_unavailable:deterministic_orbital_solution,3afc20dda7b385bdd366bc4c9cf60be02d8defdb4c0f317430ca8386d62f81a3
insolation_convention_1,Berger-orbit91,19.000000,0,65N_July_insolation,424.07,W_per_m2,observed;age_uncertainty_unavailable:deterministic_orbital_solution,3afc20dda7b385bdd366bc4c9cf60be02d8defdb4c0f317430ca8386d62f81a3
insolation_convention_1,Berger-orbit91,20.000000,0,65N_July_insolation,420.64,W_per_m2,observed;age_uncertainty_unavailable:deterministic_orbital_solution,3afc20dda7b385bdd366bc4c9cf60be02d8defdb4c0f317430ca8386d62f81a3
insolation_convention_1,Berger-orbit91,21.000000,0,65N_July_insolation,418.62,W_per_m2,observed;age_uncertainty_unavailable:deterministic_orbital_solution,3afc20dda7b385bdd366bc4c9cf60be02d8defdb4c0f317430ca8386d62f81a3
insolation_convention_1,Berger-orbit91,22.000000,0,65N_July_insolation,418,W_per_m2,observed;age_uncertainty_unavailable:deterministic_orbital_solution,3afc20dda7b385bdd366bc4c9cf60be02d8defdb4c0f317430ca8386d62f81a3
insolation_convention_1,Berger-orbit91,23.000000,0,65N_July_insolation,418.7,W_per_m2,observed;age_uncertainty_unavailable:deterministic_orbital_solution,3afc20dda7b385bdd366bc4c9cf60be02d8defdb4c0f317430ca8386d62f81a3
insolation_convention_1,Berger-orbit91,24.000000,0,65N_July_insolation,420.51,W_per_m2,observed;age_uncertainty_unavailable:deterministic_orbital_solution,3afc20dda7b385bdd366bc4c9cf60be02d8defdb4c0f317430ca8386d62f81a3
insolation_convention_1,Berger-orbit91,25.000000,0,65N_July_insolation,423.19,W_per_m2,observed;age_uncertainty_unavailable:deterministic_orbital_solution,3afc20dda7b385bdd366bc4c9cf60be02d8defdb4c0f317430ca8386d62f81a3
insolation_convention_1,Berger-orbit91,26.000000,0,65N_July_insolation,426.41,W_per_m2,observed;age_uncertainty_unavailable:deterministic_orbital_solution,3afc20dda7b385bdd366bc4c9cf60be02d8defdb4c0f317430ca8386d62f81a3
insolation_convention_1,Berger-orbit91,27.000000,0,65N_July_insolation,429.86,W_per_m2,observed;age_uncertainty_unavailable:deterministic_orbital_solution,3afc20dda7b385bdd366bc4c9cf60be02d8defdb4c0f317430ca8386d62f81a3
insolation_convention_1,Berger-orbit91,28.000000,0,65N_July_insolation,433.2,W_per_m2,observed;age_uncertainty_unavailable:deterministic_orbital_solution,3afc20dda7b385bdd366bc4c9cf60be02d8defdb4c0f317430ca8386d62f81a3
insolation_convention_1,Berger-orbit91,29.000000,0,65N_July_insolation,436.19,W_per_m2,observed;age_uncertainty_unavailable:deterministic_orbital_solution,3afc20dda7b385bdd366bc4c9cf60be02d8defdb4c0f317430ca8386d62f81a3
insolation_convention_1,Berger-orbit91,30.000000,0,65N_July_insolation,438.63,W_per_m2,observed;age_uncertainty_unavailable:deterministic_orbital_solution,3afc20dda7b385bdd366bc4c9cf60be02d8defdb4c0f317430ca8386d62f81a3
insolation_convention_1,Berger-orbit91,31.000000,0,65N_July_insolation,440.38,W_per_m2,observed;age_uncertainty_unavailable:deterministic_orbital_solution,3afc20dda7b385bdd366bc4c9cf60be02d8defdb4c0f317430ca8386d62f81a3
insolation_convention_1,Berger-orbit91,32.000000,0,65N_July_insolation,441.42,W_per_m2,observed;age_uncertainty_unavailable:deterministic_orbital_solution,3afc20dda7b385bdd366bc4c9cf60be02d8defdb4c0f317430ca8386d62f81a3
insolation_convention_1,Berger-orbit91,33.000000,0,65N_July_insolation,441.79,W_per_m2,observed;age_uncertainty_unavailable:deterministic_orbital_solution,3afc20dda7b385bdd366bc4c9cf60be02d8defdb4c0f317430ca8386d62f81a3
insolation_convention_1,Berger-orbit91,34.000000,0,65N_July_insolation,441.59,W_per_m2,observed;age_uncertainty_unavailable:deterministic_orbital_solution,3afc20dda7b385bdd366bc4c9cf60be02d8defdb4c0f317430ca8386d62f81a3
insolation_convention_1,Berger-orbit91,35.000000,0,65N_July_insolation,440.95,W_per_m2,observed;age_uncertainty_unavailable:deterministic_orbital_solution,3afc20dda7b385bdd366bc4c9cf60be02d8defdb4c0f317430ca8386d62f81a3
insolation_convention_1,Berger-orbit91,36.000000,0,65N_July_insolation,440.04,W_per_m2,observed;age_uncertainty_unavailable:deterministic_orbital_solution,3afc20dda7b385bdd366bc4c9cf60be02d8defdb4c0f317430ca8386d62f81a3
insolation_convention_1,Berger-orbit91,37.000000,0,65N_July_insolation,439.02,W_per_m2,observed;age_uncertainty_unavailable:deterministic_orbital_solution,3afc20dda7b385bdd366bc4c9cf60be02d8defdb4c0f317430ca8386d62f81a3
insolation_convention_1,Berger-orbit91,38.000000,0,65N_July_insolation,438.04,W_per_m2,observed;age_uncertainty_unavailable:deterministic_orbital_solution,3afc20dda7b385bdd366bc4c9cf60be02d8defdb4c0f317430ca8386d62f81a3
insolation_convention_1,Berger-orbit91,39.000000,0,65N_July_insolation,437.22,W_per_m2,observed;age_uncertainty_unavailable:deterministic_orbital_solution,3afc20dda7b385bdd366bc4c9cf60be02d8defdb4c0f317430ca8386d62f81a3
insolation_convention_1,Berger-orbit91,40.000000,0,65N_July_insolation,436.66,W_per_m2,observed;age_uncertainty_unavailable:deterministic_orbital_solution,3afc20dda7b385bdd366bc4c9cf60be02d8defdb4c0f317430ca8386d62f81a3
insolation_convention_1,Berger-orbit91,41.000000,0,65N_July_insolation,436.42,W_per_m2,observed;age_uncertainty_unavailable:deterministic_orbital_solution,3afc20dda7b385bdd366bc4c9cf60be02d8defdb4c0f317430ca8386d62f81a3
insolation_convention_1,Berger-orbit91,42.000000,0,65N_July_insolation,436.54,W_per_m2,observed;age_uncertainty_unavailable:deterministic_orbital_solution,3afc20dda7b385bdd366bc4c9cf60be02d8defdb4c0f317430ca8386d62f81a3
insolation_convention_1,Berger-orbit91,43.000000,0,65N_July_insolation,437.05,W_per_m2,observed;age_uncertainty_unavailable:deterministic_orbital_solution,3afc20dda7b385bdd366bc4c9cf60be02d8defdb4c0f317430ca8386d62f81a3
insolation_convention_1,Berger-orbit91,44.000000,0,65N_July_insolation,437.94,W_per_m2,observed;age_uncertainty_unavailable:deterministic_orbital_solution,3afc20dda7b385bdd366bc4c9cf60be02d8defdb4c0f317430ca8386d62f81a3
insolation_convention_1,Berger-orbit91,45.000000,0,65N_July_insolation,439.21,W_per_m2,observed;age_uncertainty_unavailable:deterministic_orbital_solution,3afc20dda7b385bdd366bc4c9cf60be02d8defdb4c0f317430ca8386d62f81a3
insolation_convention_1,Berger-orbit91,46.000000,0,65N_July_insolation,440.82,W_per_m2,observed;age_uncertainty_unavailable:deterministic_orbital_solution,3afc20dda7b385bdd366bc4c9cf60be02d8defdb4c0f317430ca8386d62f81a3
insolation_convention_1,Berger-orbit91,47.000000,0,65N_July_insolation,442.75,W_per_m2,observed;age_uncertainty_unavailable:deterministic_orbital_solution,3afc20dda7b385bdd366bc4c9cf60be02d8defdb4c0f317430ca8386d62f81a3
insolation_convention_1,Berger-orbit91,48.000000,0,65N_July_insolation,444.95,W_per_m2,observed;age_uncertainty_unavailable:deterministic_orbital_solution,3afc20dda7b385bdd366bc4c9cf60be02d8defdb4c0f317430ca8386d62f81a3
insolation_convention_1,Berger-orbit91,49.000000,0,65N_July_insolation,447.35,W_per_m2,observed;age_uncertainty_unavailable:deterministic_orbital_solution,3afc20dda7b385bdd366bc4c9cf60be02d8defdb4c0f317430ca8386d62f81a3
insolation_convention_1,Berger-orbit91,50.000000,0,65N_July_insolation,449.88,W_per_m2,observed;age_uncertainty_unavailable:deterministic_orbital_solution,3afc20dda7b385bdd366bc4c9cf60be02d8defdb4c0f317430ca8386d62f81a3
insolation_convention_1,Berger-orbit91,51.000000,0,65N_July_insolation,452.43,W_per_m2,observed;age_uncertainty_unavailable:deterministic_orbital_solution,3afc20dda7b385bdd366bc4c9cf60be02d8defdb4c0f317430ca8386d62f81a3
insolation_convention_1,Berger-orbit91,52.000000,0,65N_July_insolation,454.87,W_per_m2,observed;age_uncertainty_unavailable:deterministic_orbital_solution,3afc20dda7b385bdd366bc4c9cf60be02d8defdb4c0f317430ca8386d62f81a3
insolation_convention_1,Berger-orbit91,53.000000,0,65N_July_insolation,457.06,W_per_m2,observed;age_uncertainty_unavailable:deterministic_orbital_solution,3afc20dda7b385bdd366bc4c9cf60be02d8defdb4c0f317430ca8386d62f81a3
insolation_convention_1,Berger-orbit91,54.000000,0,65N_July_insolation,458.83,W_per_m2,observed;age_uncertainty_unavailable:deterministic_orbital_solution,3afc20dda7b385bdd366bc4c9cf60be02d8defdb4c0f317430ca8386d62f81a3
insolation_convention_1,Berger-orbit91,55.000000,0,65N_July_insolation,460,W_per_m2,observed;age_uncertainty_unavailable:deterministic_orbital_solution,3afc20dda7b385bdd366bc4c9cf60be02d8defdb4c0f317430ca8386d62f81a3
insolation_convention_1,Berger-orbit91,56.000000,0,65N_July_insolation,460.41,W_per_m2,observed;age_uncertainty_unavailable:deterministic_orbital_solution,3afc20dda7b385bdd366bc4c9cf60be02d8defdb4c0f317430ca8386d62f81a3
insolation_convention_1,Berger-orbit91,57.000000,0,65N_July_insolation,459.91,W_per_m2,observed;age_uncertainty_unavailable:deterministic_orbital_solution,3afc20dda7b385bdd366bc4c9cf60be02d8defdb4c0f317430ca8386d62f81a3
insolation_convention_1,Berger-orbit91,58.000000,0,65N_July_insolation,458.39,W_per_m2,observed;age_uncertainty_unavailable:deterministic_orbital_solution,3afc20dda7b385bdd366bc4c9cf60be02d8defdb4c0f317430ca8386d62f81a3
insolation_convention_1,Berger-orbit91,59.000000,0,65N_July_insolation,455.8,W_per_m2,observed;age_uncertainty_unavailable:deterministic_orbital_solution,3afc20dda7b385bdd366bc4c9cf60be02d8defdb4c0f317430ca8386d62f81a3
insolation_convention_1,Berger-orbit91,60.000000,0,65N_July_insolation,452.14,W_per_m2,observed;age_uncertainty_unavailable:deterministic_orbital_solution,3afc20dda7b385bdd366bc4c9cf60be02d8defdb4c0f317430ca8386d62f81a3
insolation_convention_1,Berger-orbit91,61.000000,0,65N_July_insolation,447.51,W_per_m2,observed;age_uncertainty_unavailable:deterministic_orbital_solution,3afc20dda7b385bdd366bc4c9cf60be02d8defdb4c0f317430ca8386d62f81a3
insolation_convention_1,Berger-orbit91,62.000000,0,65N_July_insolation,442.09,W_per_m2,observed;age_uncertainty_unavailable:deterministic_orbital_solution,3afc20dda7b385bdd366bc4c9cf60be02d8defdb4c0f317430ca8386d62f81a3
insolation_convention_1,Berger-orbit91,63.000000,0,65N_July_insolation,436.12,W_per_m2,observed;age_uncertainty_unavailable:deterministic_orbital_solution,3afc20dda7b385bdd366bc4c9cf60be02d8defdb4c0f317430ca8386d62f81a3
insolation_convention_1,Berger-orbit91,64.000000,0,65N_July_insolation,429.91,W_per_m2,observed;age_uncertainty_unavailable:deterministic_orbital_solution,3afc20dda7b385bdd366bc4c9cf60be02d8defdb4c0f317430ca8386d62f81a3
insolation_convention_1,Berger-orbit91,65.000000,0,65N_July_insolation,423.84,W_per_m2,observed;age_uncertainty_unavailable:deterministic_orbital_solution,3afc20dda7b385bdd366bc4c9cf60be02d8defdb4c0f317430ca8386d62f81a3
insolation_convention_1,Berger-orbit91,66.000000,0,65N_July_insolation,418.27,W_per_m2,observed;age_uncertainty_unavailable:deterministic_orbital_solution,3afc20dda7b385bdd366bc4c9cf60be02d8defdb4c0f317430ca8386d62f81a3
insolation_convention_1,Berger-orbit91,67.000000,0,65N_July_insolation,413.57,W_per_m2,observed;age_uncertainty_unavailable:deterministic_orbital_solution,3afc20dda7b385bdd366bc4c9cf60be02d8defdb4c0f317430ca8386d62f81a3
insolation_convention_1,Berger-orbit91,68.000000,0,65N_July_insolation,410.07,W_per_m2,observed;age_uncertainty_unavailable:deterministic_orbital_solution,3afc20dda7b385bdd366bc4c9cf60be02d8defdb4c0f317430ca8386d62f81a3
insolation_convention_1,Berger-orbit91,69.000000,0,65N_July_insolation,408.05,W_per_m2,observed;age_uncertainty_unavailable:deterministic_orbital_solution,3afc20dda7b385bdd366bc4c9cf60be02d8defdb4c0f317430ca8386d62f81a3
insolation_convention_1,Berger-orbit91,70.000000,0,65N_July_insolation,407.69,W_per_m2,observed;age_uncertainty_unavailable:deterministic_orbital_solution,3afc20dda7b385bdd366bc4c9cf60be02d8defdb4c0f317430ca8386d62f81a3
insolation_convention_1,Berger-orbit91,71.000000,0,65N_July_insolation,409.08,W_per_m2,observed;age_uncertainty_unavailable:deterministic_orbital_solution,3afc20dda7b385bdd366bc4c9cf60be02d8defdb4c0f317430ca8386d62f81a3
insolation_convention_1,Berger-orbit91,72.000000,0,65N_July_insolation,412.19,W_per_m2,observed;age_uncertainty_unavailable:deterministic_orbital_solution,3afc20dda7b385bdd366bc4c9cf60be02d8defdb4c0f317430ca8386d62f81a3
insolation_convention_1,Berger-orbit91,73.000000,0,65N_July_insolation,416.9,W_per_m2,observed;age_uncertainty_unavailable:deterministic_orbital_solution,3afc20dda7b385bdd366bc4c9cf60be02d8defdb4c0f317430ca8386d62f81a3
insolation_convention_1,Berger-orbit91,74.000000,0,65N_July_insolation,422.94,W_per_m2,observed;age_uncertainty_unavailable:deterministic_orbital_solution,3afc20dda7b385bdd366bc4c9cf60be02d8defdb4c0f317430ca8386d62f81a3
insolation_convention_1,Berger-orbit91,75.000000,0,65N_July_insolation,429.97,W_per_m2,observed;age_uncertainty_unavailable:deterministic_orbital_solution,3afc20dda7b385bdd366bc4c9cf60be02d8defdb4c0f317430ca8386d62f81a3
insolation_convention_1,Berger-orbit91,76.000000,0,65N_July_insolation,437.53,W_per_m2,observed;age_uncertainty_unavailable:deterministic_orbital_solution,3afc20dda7b385bdd366bc4c9cf60be02d8defdb4c0f317430ca8386d62f81a3
insolation_convention_1,Berger-orbit91,77.000000,0,65N_July_insolation,445.14,W_per_m2,observed;age_uncertainty_unavailable:deterministic_orbital_solution,3afc20dda7b385bdd366bc4c9cf60be02d8defdb4c0f317430ca8386d62f81a3
insolation_convention_1,Berger-orbit91,78.000000,0,65N_July_insolation,452.26,W_per_m2,observed;age_uncertainty_unavailable:deterministic_orbital_solution,3afc20dda7b385bdd366bc4c9cf60be02d8defdb4c0f317430ca8386d62f81a3
insolation_convention_1,Berger-orbit91,79.000000,0,65N_July_insolation,458.38,W_per_m2,observed;age_uncertainty_unavailable:deterministic_orbital_solution,3afc20dda7b385bdd366bc4c9cf60be02d8defdb4c0f317430ca8386d62f81a3
insolation_convention_1,Berger-orbit91,80.000000,0,65N_July_insolation,463.07,W_per_m2,observed;age_uncertainty_unavailable:deterministic_orbital_solution,3afc20dda7b385bdd366bc4c9cf60be02d8defdb4c0f317430ca8386d62f81a3
insolation_convention_1,Berger-orbit91,81.000000,0,65N_July_insolation,465.99,W_per_m2,observed;age_uncertainty_unavailable:deterministic_orbital_solution,3afc20dda7b385bdd366bc4c9cf60be02d8defdb4c0f317430ca8386d62f81a3
insolation_convention_1,Berger-orbit91,82.000000,0,65N_July_insolation,466.91,W_per_m2,observed;age_uncertainty_unavailable:deterministic_orbital_solution,3afc20dda7b385bdd366bc4c9cf60be02d8defdb4c0f317430ca8386d62f81a3
insolation_convention_1,Berger-orbit91,83.000000,0,65N_July_insolation,465.81,W_per_m2,observed;age_uncertainty_unavailable:deterministic_orbital_solution,3afc20dda7b385bdd366bc4c9cf60be02d8defdb4c0f317430ca8386d62f81a3
insolation_convention_1,Berger-orbit91,84.000000,0,65N_July_insolation,462.8,W_per_m2,observed;age_uncertainty_unavailable:deterministic_orbital_solution,3afc20dda7b385bdd366bc4c9cf60be02d8defdb4c0f317430ca8386d62f81a3
insolation_convention_1,Berger-orbit91,85.000000,0,65N_July_insolation,458.15,W_per_m2,observed;age_uncertainty_unavailable:deterministic_orbital_solution,3afc20dda7b385bdd366bc4c9cf60be02d8defdb4c0f317430ca8386d62f81a3
insolation_convention_1,Berger-orbit91,86.000000,0,65N_July_insolation,452.28,W_per_m2,observed;age_uncertainty_unavailable:deterministic_orbital_solution,3afc20dda7b385bdd366bc4c9cf60be02d8defdb4c0f317430ca8386d62f81a3
insolation_convention_1,Berger-orbit91,87.000000,0,65N_July_insolation,445.69,W_per_m2,observed;age_uncertainty_unavailable:deterministic_orbital_solution,3afc20dda7b385bdd366bc4c9cf60be02d8defdb4c0f317430ca8386d62f81a3
insolation_convention_1,Berger-orbit91,88.000000,0,65N_July_insolation,438.95,W_per_m2,observed;age_uncertainty_unavailable:deterministic_orbital_solution,3afc20dda7b385bdd366bc4c9cf60be02d8defdb4c0f317430ca8386d62f81a3
insolation_convention_1,Berger-orbit91,89.000000,0,65N_July_insolation,432.63,W_per_m2,observed;age_uncertainty_unavailable:deterministic_orbital_solution,3afc20dda7b385bdd366bc4c9cf60be02d8defdb4c0f317430ca8386d62f81a3
insolation_convention_1,Berger-orbit91,90.000000,0,65N_July_insolation,427.28,W_per_m2,observed;age_uncertainty_unavailable:deterministic_orbital_solution,3afc20dda7b385bdd366bc4c9cf60be02d8defdb4c0f317430ca8386d62f81a3
insolation_convention_1,Berger-orbit91,91.000000,0,65N_July_insolation,423.36,W_per_m2,observed;age_uncertainty_unavailable:deterministic_orbital_solution,3afc20dda7b385bdd366bc4c9cf60be02d8defdb4c0f317430ca8386d62f81a3
insolation_convention_1,Berger-orbit91,92.000000,0,65N_July_insolation,421.23,W_per_m2,observed;age_uncertainty_unavailable:deterministic_orbital_solution,3afc20dda7b385bdd366bc4c9cf60be02d8defdb4c0f317430ca8386d62f81a3
insolation_convention_1,Berger-orbit91,93.000000,0,65N_July_insolation,421.14,W_per_m2,observed;age_uncertainty_unavailable:deterministic_orbital_solution,3afc20dda7b385bdd366bc4c9cf60be02d8defdb4c0f317430ca8386d62f81a3
insolation_convention_1,Berger-orbit91,94.000000,0,65N_July_insolation,423.16,W_per_m2,observed;age_uncertainty_unavailable:deterministic_orbital_solution,3afc20dda7b385bdd366bc4c9cf60be02d8defdb4c0f317430ca8386d62f81a3
insolation_convention_1,Berger-orbit91,95.000000,0,65N_July_insolation,427.23,W_per_m2,observed;age_uncertainty_unavailable:deterministic_orbital_solution,3afc20dda7b385bdd366bc4c9cf60be02d8defdb4c0f317430ca8386d62f81a3
insolation_convention_1,Berger-orbit91,96.000000,0,65N_July_insolation,433.1,W_per_m2,observed;age_uncertainty_unavailable:deterministic_orbital_solution,3afc20dda7b385bdd366bc4c9cf60be02d8defdb4c0f317430ca8386d62f81a3
insolation_convention_1,Berger-orbit91,97.000000,0,65N_July_insolation,440.36,W_per_m2,observed;age_uncertainty_unavailable:deterministic_orbital_solution,3afc20dda7b385bdd366bc4c9cf60be02d8defdb4c0f317430ca8386d62f81a3
insolation_convention_1,Berger-orbit91,98.000000,0,65N_July_insolation,448.47,W_per_m2,observed;age_uncertainty_unavailable:deterministic_orbital_solution,3afc20dda7b385bdd366bc4c9cf60be02d8defdb4c0f317430ca8386d62f81a3
insolation_convention_1,Berger-orbit91,99.000000,0,65N_July_insolation,456.74,W_per_m2,observed;age_uncertainty_unavailable:deterministic_orbital_solution,3afc20dda7b385bdd366bc4c9cf60be02d8defdb4c0f317430ca8386d62f81a3
insolation_convention_1,Berger-orbit91,100.000000,0,65N_July_insolation,464.41,W_per_m2,observed;age_uncertainty_unavailable:deterministic_orbital_solution,3afc20dda7b385bdd366bc4c9cf60be02d8defdb4c0f317430ca8386d62f81a3
insolation_convention_1,Berger-orbit91,101.000000,0,65N_July_insolation,470.73,W_per_m2,observed;age_uncertainty_unavailable:deterministic_orbital_solution,3afc20dda7b385bdd366bc4c9cf60be02d8defdb4c0f317430ca8386d62f81a3
insolation_convention_1,Berger-orbit91,102.000000,0,65N_July_insolation,474.98,W_per_m2,observed;age_uncertainty_unavailable:deterministic_orbital_solution,3afc20dda7b385bdd366bc4c9cf60be02d8defdb4c0f317430ca8386d62f81a3
insolation_convention_1,Berger-orbit91,103.000000,0,65N_July_insolation,476.59,W_per_m2,observed;age_uncertainty_unavailable:deterministic_orbital_solution,3afc20dda7b385bdd366bc4c9cf60be02d8defdb4c0f317430ca8386d62f81a3
insolation_convention_1,Berger-orbit91,104.000000,0,65N_July_insolation,475.23,W_per_m2,observed;age_uncertainty_unavailable:deterministic_orbital_solution,3afc20dda7b385bdd366bc4c9cf60be02d8defdb4c0f317430ca8386d62f81a3
insolation_convention_1,Berger-orbit91,105.000000,0,65N_July_insolation,470.81,W_per_m2,observed;age_uncertainty_unavailable:deterministic_orbital_solution,3afc20dda7b385bdd366bc4c9cf60be02d8defdb4c0f317430ca8386d62f81a3
insolation_convention_1,Berger-orbit91,106.000000,0,65N_July_insolation,463.53,W_per_m2,observed;age_uncertainty_unavailable:deterministic_orbital_solution,3afc20dda7b385bdd366bc4c9cf60be02d8defdb4c0f317430ca8386d62f81a3
insolation_convention_1,Berger-orbit91,107.000000,0,65N_July_insolation,453.91,W_per_m2,observed;age_uncertainty_unavailable:deterministic_orbital_solution,3afc20dda7b385bdd366bc4c9cf60be02d8defdb4c0f317430ca8386d62f81a3
insolation_convention_1,Berger-orbit91,108.000000,0,65N_July_insolation,442.67,W_per_m2,observed;age_uncertainty_unavailable:deterministic_orbital_solution,3afc20dda7b385bdd366bc4c9cf60be02d8defdb4c0f317430ca8386d62f81a3
insolation_convention_1,Berger-orbit91,109.000000,0,65N_July_insolation,430.73,W_per_m2,observed;age_uncertainty_unavailable:deterministic_orbital_solution,3afc20dda7b385bdd366bc4c9cf60be02d8defdb4c0f317430ca8386d62f81a3
insolation_convention_1,Berger-orbit91,110.000000,0,65N_July_insolation,419.06,W_per_m2,observed;age_uncertainty_unavailable:deterministic_orbital_solution,3afc20dda7b385bdd366bc4c9cf60be02d8defdb4c0f317430ca8386d62f81a3
insolation_convention_1,Berger-orbit91,111.000000,0,65N_July_insolation,408.61,W_per_m2,observed;age_uncertainty_unavailable:deterministic_orbital_solution,3afc20dda7b385bdd366bc4c9cf60be02d8defdb4c0f317430ca8386d62f81a3
insolation_convention_1,Berger-orbit91,112.000000,0,65N_July_insolation,400.23,W_per_m2,observed;age_uncertainty_unavailable:deterministic_orbital_solution,3afc20dda7b385bdd366bc4c9cf60be02d8defdb4c0f317430ca8386d62f81a3
insolation_convention_1,Berger-orbit91,113.000000,0,65N_July_insolation,394.61,W_per_m2,observed;age_uncertainty_unavailable:deterministic_orbital_solution,3afc20dda7b385bdd366bc4c9cf60be02d8defdb4c0f317430ca8386d62f81a3
insolation_convention_1,Berger-orbit91,114.000000,0,65N_July_insolation,392.2,W_per_m2,observed;age_uncertainty_unavailable:deterministic_orbital_solution,3afc20dda7b385bdd366bc4c9cf60be02d8defdb4c0f317430ca8386d62f81a3
insolation_convention_1,Berger-orbit91,115.000000,0,65N_July_insolation,393.21,W_per_m2,observed;age_uncertainty_unavailable:deterministic_orbital_solution,3afc20dda7b385bdd366bc4c9cf60be02d8defdb4c0f317430ca8386d62f81a3
insolation_convention_1,Berger-orbit91,116.000000,0,65N_July_insolation,397.6,W_per_m2,observed;age_uncertainty_unavailable:deterministic_orbital_solution,3afc20dda7b385bdd366bc4c9cf60be02d8defdb4c0f317430ca8386d62f81a3
insolation_convention_1,Berger-orbit91,117.000000,0,65N_July_insolation,405.1,W_per_m2,observed;age_uncertainty_unavailable:deterministic_orbital_solution,3afc20dda7b385bdd366bc4c9cf60be02d8defdb4c0f317430ca8386d62f81a3
insolation_convention_1,Berger-orbit91,118.000000,0,65N_July_insolation,415.17,W_per_m2,observed;age_uncertainty_unavailable:deterministic_orbital_solution,3afc20dda7b385bdd366bc4c9cf60be02d8defdb4c0f317430ca8386d62f81a3
insolation_convention_1,Berger-orbit91,119.000000,0,65N_July_insolation,427.07,W_per_m2,observed;age_uncertainty_unavailable:deterministic_orbital_solution,3afc20dda7b385bdd366bc4c9cf60be02d8defdb4c0f317430ca8386d62f81a3
insolation_convention_1,Berger-orbit91,120.000000,0,65N_July_insolation,439.91,W_per_m2,observed;age_uncertainty_unavailable:deterministic_orbital_solution,3afc20dda7b385bdd366bc4c9cf60be02d8defdb4c0f317430ca8386d62f81a3
insolation_convention_1,Berger-orbit91,121.000000,0,65N_July_insolation,452.72,W_per_m2,observed;age_uncertainty_unavailable:deterministic_orbital_solution,3afc20dda7b385bdd366bc4c9cf60be02d8defdb4c0f317430ca8386d62f81a3
insolation_convention_1,Berger-orbit91,122.000000,0,65N_July_insolation,464.51,W_per_m2,observed;age_uncertainty_unavailable:deterministic_orbital_solution,3afc20dda7b385bdd366bc4c9cf60be02d8defdb4c0f317430ca8386d62f81a3
insolation_convention_1,Berger-orbit91,123.000000,0,65N_July_insolation,474.37,W_per_m2,observed;age_uncertainty_unavailable:deterministic_orbital_solution,3afc20dda7b385bdd366bc4c9cf60be02d8defdb4c0f317430ca8386d62f81a3
insolation_convention_1,Berger-orbit91,124.000000,0,65N_July_insolation,481.6,W_per_m2,observed;age_uncertainty_unavailable:deterministic_orbital_solution,3afc20dda7b385bdd366bc4c9cf60be02d8defdb4c0f317430ca8386d62f81a3
insolation_convention_1,Berger-orbit91,125.000000,0,65N_July_insolation,485.71,W_per_m2,observed;age_uncertainty_unavailable:deterministic_orbital_solution,3afc20dda7b385bdd366bc4c9cf60be02d8defdb4c0f317430ca8386d62f81a3
insolation_convention_1,Berger-orbit91,126.000000,0,65N_July_insolation,486.53,W_per_m2,observed;age_uncertainty_unavailable:deterministic_orbital_solution,3afc20dda7b385bdd366bc4c9cf60be02d8defdb4c0f317430ca8386d62f81a3
insolation_convention_1,Berger-orbit91,127.000000,0,65N_July_insolation,484.15,W_per_m2,observed;age_uncertainty_unavailable:deterministic_orbital_solution,3afc20dda7b385bdd366bc4c9cf60be02d8defdb4c0f317430ca8386d62f81a3
insolation_convention_1,Berger-orbit91,128.000000,0,65N_July_insolation,478.95,W_per_m2,observed;age_uncertainty_unavailable:deterministic_orbital_solution,3afc20dda7b385bdd366bc4c9cf60be02d8defdb4c0f317430ca8386d62f81a3
insolation_convention_1,Berger-orbit91,129.000000,0,65N_July_insolation,471.51,W_per_m2,observed;age_uncertainty_unavailable:deterministic_orbital_solution,3afc20dda7b385bdd366bc4c9cf60be02d8defdb4c0f317430ca8386d62f81a3
insolation_convention_1,Berger-orbit91,130.000000,0,65N_July_insolation,462.57,W_per_m2,observed;age_uncertainty_unavailable:deterministic_orbital_solution,3afc20dda7b385bdd366bc4c9cf60be02d8defdb4c0f317430ca8386d62f81a3
insolation_convention_1,Berger-orbit91,131.000000,0,65N_July_insolation,452.91,W_per_m2,observed;age_uncertainty_unavailable:deterministic_orbital_solution,3afc20dda7b385bdd366bc4c9cf60be02d8defdb4c0f317430ca8386d62f81a3
insolation_convention_1,Berger-orbit91,132.000000,0,65N_July_insolation,443.29,W_per_m2,observed;age_uncertainty_unavailable:deterministic_orbital_solution,3afc20dda7b385bdd366bc4c9cf60be02d8defdb4c0f317430ca8386d62f81a3
insolation_convention_1,Berger-orbit91,133.000000,0,65N_July_insolation,434.42,W_per_m2,observed;age_uncertainty_unavailable:deterministic_orbital_solution,3afc20dda7b385bdd366bc4c9cf60be02d8defdb4c0f317430ca8386d62f81a3
insolation_convention_1,Berger-orbit91,134.000000,0,65N_July_insolation,426.86,W_per_m2,observed;age_uncertainty_unavailable:deterministic_orbital_solution,3afc20dda7b385bdd366bc4c9cf60be02d8defdb4c0f317430ca8386d62f81a3
insolation_convention_1,Berger-orbit91,135.000000,0,65N_July_insolation,421.05,W_per_m2,observed;age_uncertainty_unavailable:deterministic_orbital_solution,3afc20dda7b385bdd366bc4c9cf60be02d8defdb4c0f317430ca8386d62f81a3
insolation_convention_1,Berger-orbit91,136.000000,0,65N_July_insolation,417.23,W_per_m2,observed;age_uncertainty_unavailable:deterministic_orbital_solution,3afc20dda7b385bdd366bc4c9cf60be02d8defdb4c0f317430ca8386d62f81a3
insolation_convention_1,Berger-orbit91,137.000000,0,65N_July_insolation,415.52,W_per_m2,observed;age_uncertainty_unavailable:deterministic_orbital_solution,3afc20dda7b385bdd366bc4c9cf60be02d8defdb4c0f317430ca8386d62f81a3
insolation_convention_1,Berger-orbit91,138.000000,0,65N_July_insolation,415.86,W_per_m2,observed;age_uncertainty_unavailable:deterministic_orbital_solution,3afc20dda7b385bdd366bc4c9cf60be02d8defdb4c0f317430ca8386d62f81a3
insolation_convention_1,Berger-orbit91,139.000000,0,65N_July_insolation,418.04,W_per_m2,observed;age_uncertainty_unavailable:deterministic_orbital_solution,3afc20dda7b385bdd366bc4c9cf60be02d8defdb4c0f317430ca8386d62f81a3
insolation_convention_1,Berger-orbit91,140.000000,0,65N_July_insolation,421.77,W_per_m2,observed;age_uncertainty_unavailable:deterministic_orbital_solution,3afc20dda7b385bdd366bc4c9cf60be02d8defdb4c0f317430ca8386d62f81a3
insolation_convention_1,Berger-orbit91,141.000000,0,65N_July_insolation,426.64,W_per_m2,observed;age_uncertainty_unavailable:deterministic_orbital_solution,3afc20dda7b385bdd366bc4c9cf60be02d8defdb4c0f317430ca8386d62f81a3
insolation_convention_1,Berger-orbit91,142.000000,0,65N_July_insolation,432.17,W_per_m2,observed;age_uncertainty_unavailable:deterministic_orbital_solution,3afc20dda7b385bdd366bc4c9cf60be02d8defdb4c0f317430ca8386d62f81a3
insolation_convention_1,Berger-orbit91,143.000000,0,65N_July_insolation,437.9,W_per_m2,observed;age_uncertainty_unavailable:deterministic_orbital_solution,3afc20dda7b385bdd366bc4c9cf60be02d8defdb4c0f317430ca8386d62f81a3
insolation_convention_1,Berger-orbit91,144.000000,0,65N_July_insolation,443.34,W_per_m2,observed;age_uncertainty_unavailable:deterministic_orbital_solution,3afc20dda7b385bdd366bc4c9cf60be02d8defdb4c0f317430ca8386d62f81a3
insolation_convention_1,Berger-orbit91,145.000000,0,65N_July_insolation,448.07,W_per_m2,observed;age_uncertainty_unavailable:deterministic_orbital_solution,3afc20dda7b385bdd366bc4c9cf60be02d8defdb4c0f317430ca8386d62f81a3
insolation_convention_1,Berger-orbit91,146.000000,0,65N_July_insolation,451.74,W_per_m2,observed;age_uncertainty_unavailable:deterministic_orbital_solution,3afc20dda7b385bdd366bc4c9cf60be02d8defdb4c0f317430ca8386d62f81a3
insolation_convention_1,Berger-orbit91,147.000000,0,65N_July_insolation,454.11,W_per_m2,observed;age_uncertainty_unavailable:deterministic_orbital_solution,3afc20dda7b385bdd366bc4c9cf60be02d8defdb4c0f317430ca8386d62f81a3
insolation_convention_1,Berger-orbit91,148.000000,0,65N_July_insolation,455.06,W_per_m2,observed;age_uncertainty_unavailable:deterministic_orbital_solution,3afc20dda7b385bdd366bc4c9cf60be02d8defdb4c0f317430ca8386d62f81a3
insolation_convention_1,Berger-orbit91,149.000000,0,65N_July_insolation,454.57,W_per_m2,observed;age_uncertainty_unavailable:deterministic_orbital_solution,3afc20dda7b385bdd366bc4c9cf60be02d8defdb4c0f317430ca8386d62f81a3
insolation_convention_1,Berger-orbit91,150.000000,0,65N_July_insolation,452.74,W_per_m2,observed;age_uncertainty_unavailable:deterministic_orbital_solution,3afc20dda7b385bdd366bc4c9cf60be02d8defdb4c0f317430ca8386d62f81a3
insolation_convention_1,Berger-orbit91,151.000000,0,65N_July_insolation,449.75,W_per_m2,observed;age_uncertainty_unavailable:deterministic_orbital_solution,3afc20dda7b385bdd366bc4c9cf60be02d8defdb4c0f317430ca8386d62f81a3
insolation_convention_1,Berger-orbit91,152.000000,0,65N_July_insolation,445.86,W_per_m2,observed;age_uncertainty_unavailable:deterministic_orbital_solution,3afc20dda7b385bdd366bc4c9cf60be02d8defdb4c0f317430ca8386d62f81a3
insolation_convention_1,Berger-orbit91,153.000000,0,65N_July_insolation,441.35,W_per_m2,observed;age_uncertainty_unavailable:deterministic_orbital_solution,3afc20dda7b385bdd366bc4c9cf60be02d8defdb4c0f317430ca8386d62f81a3
insolation_convention_1,Berger-orbit91,154.000000,0,65N_July_insolation,436.54,W_per_m2,observed;age_uncertainty_unavailable:deterministic_orbital_solution,3afc20dda7b385bdd366bc4c9cf60be02d8defdb4c0f317430ca8386d62f81a3
insolation_convention_1,Berger-orbit91,155.000000,0,65N_July_insolation,431.73,W_per_m2,observed;age_uncertainty_unavailable:deterministic_orbital_solution,3afc20dda7b385bdd366bc4c9cf60be02d8defdb4c0f317430ca8386d62f81a3
insolation_convention_1,Berger-orbit91,156.000000,0,65N_July_insolation,427.23,W_per_m2,observed;age_uncertainty_unavailable:deterministic_orbital_solution,3afc20dda7b385bdd366bc4c9cf60be02d8defdb4c0f317430ca8386d62f81a3
insolation_convention_1,Berger-orbit91,157.000000,0,65N_July_insolation,423.31,W_per_m2,observed;age_uncertainty_unavailable:deterministic_orbital_solution,3afc20dda7b385bdd366bc4c9cf60be02d8defdb4c0f317430ca8386d62f81a3
insolation_convention_1,Berger-orbit91,158.000000,0,65N_July_insolation,420.22,W_per_m2,observed;age_uncertainty_unavailable:deterministic_orbital_solution,3afc20dda7b385bdd366bc4c9cf60be02d8defdb4c0f317430ca8386d62f81a3
insolation_convention_1,Berger-orbit91,159.000000,0,65N_July_insolation,418.17,W_per_m2,observed;age_uncertainty_unavailable:deterministic_orbital_solution,3afc20dda7b385bdd366bc4c9cf60be02d8defdb4c0f317430ca8386d62f81a3
insolation_convention_1,Berger-orbit91,160.000000,0,65N_July_insolation,417.32,W_per_m2,observed;age_uncertainty_unavailable:deterministic_orbital_solution,3afc20dda7b385bdd366bc4c9cf60be02d8defdb4c0f317430ca8386d62f81a3
insolation_convention_1,Berger-orbit91,161.000000,0,65N_July_insolation,417.81,W_per_m2,observed;age_uncertainty_unavailable:deterministic_orbital_solution,3afc20dda7b385bdd366bc4c9cf60be02d8defdb4c0f317430ca8386d62f81a3
insolation_convention_1,Berger-orbit91,162.000000,0,65N_July_insolation,419.7,W_per_m2,observed;age_uncertainty_unavailable:deterministic_orbital_solution,3afc20dda7b385bdd366bc4c9cf60be02d8defdb4c0f317430ca8386d62f81a3
insolation_convention_1,Berger-orbit91,163.000000,0,65N_July_insolation,422.99,W_per_m2,observed;age_uncertainty_unavailable:deterministic_orbital_solution,3afc20dda7b385bdd366bc4c9cf60be02d8defdb4c0f317430ca8386d62f81a3
insolation_convention_1,Berger-orbit91,164.000000,0,65N_July_insolation,427.63,W_per_m2,observed;age_uncertainty_unavailable:deterministic_orbital_solution,3afc20dda7b385bdd366bc4c9cf60be02d8defdb4c0f317430ca8386d62f81a3
insolation_convention_1,Berger-orbit91,165.000000,0,65N_July_insolation,433.46,W_per_m2,observed;age_uncertainty_unavailable:deterministic_orbital_solution,3afc20dda7b385bdd366bc4c9cf60be02d8defdb4c0f317430ca8386d62f81a3
insolation_convention_1,Berger-orbit91,166.000000,0,65N_July_insolation,440.25,W_per_m2,observed;age_uncertainty_unavailable:deterministic_orbital_solution,3afc20dda7b385bdd366bc4c9cf60be02d8defdb4c0f317430ca8386d62f81a3
insolation_convention_1,Berger-orbit91,167.000000,0,65N_July_insolation,447.69,W_per_m2,observed;age_uncertainty_unavailable:deterministic_orbital_solution,3afc20dda7b385bdd366bc4c9cf60be02d8defdb4c0f317430ca8386d62f81a3
insolation_convention_1,Berger-orbit91,168.000000,0,65N_July_insolation,455.38,W_per_m2,observed;age_uncertainty_unavailable:deterministic_orbital_solution,3afc20dda7b385bdd366bc4c9cf60be02d8defdb4c0f317430ca8386d62f81a3
insolation_convention_1,Berger-orbit91,169.000000,0,65N_July_insolation,462.87,W_per_m2,observed;age_uncertainty_unavailable:deterministic_orbital_solution,3afc20dda7b385bdd366bc4c9cf60be02d8defdb4c0f317430ca8386d62f81a3
insolation_convention_1,Berger-orbit91,170.000000,0,65N_July_insolation,469.64,W_per_m2,observed;age_uncertainty_unavailable:deterministic_orbital_solution,3afc20dda7b385bdd366bc4c9cf60be02d8defdb4c0f317430ca8386d62f81a3
insolation_convention_1,Berger-orbit91,171.000000,0,65N_July_insolation,475.19,W_per_m2,observed;age_uncertainty_unavailable:deterministic_orbital_solution,3afc20dda7b385bdd366bc4c9cf60be02d8defdb4c0f317430ca8386d62f81a3
insolation_convention_1,Berger-orbit91,172.000000,0,65N_July_insolation,479.04,W_per_m2,observed;age_uncertainty_unavailable:deterministic_orbital_solution,3afc20dda7b385bdd366bc4c9cf60be02d8defdb4c0f317430ca8386d62f81a3
insolation_convention_1,Berger-orbit91,173.000000,0,65N_July_insolation,480.8,W_per_m2,observed;age_uncertainty_unavailable:deterministic_orbital_solution,3afc20dda7b385bdd366bc4c9cf60be02d8defdb4c0f317430ca8386d62f81a3
insolation_convention_1,Berger-orbit91,174.000000,0,65N_July_insolation,480.2,W_per_m2,observed;age_uncertainty_unavailable:deterministic_orbital_solution,3afc20dda7b385bdd366bc4c9cf60be02d8defdb4c0f317430ca8386d62f81a3
insolation_convention_1,Berger-orbit91,175.000000,0,65N_July_insolation,477.15,W_per_m2,observed;age_uncertainty_unavailable:deterministic_orbital_solution,3afc20dda7b385bdd366bc4c9cf60be02d8defdb4c0f317430ca8386d62f81a3
insolation_convention_1,Berger-orbit91,176.000000,0,65N_July_insolation,471.71,W_per_m2,observed;age_uncertainty_unavailable:deterministic_orbital_solution,3afc20dda7b385bdd366bc4c9cf60be02d8defdb4c0f317430ca8386d62f81a3
insolation_convention_1,Berger-orbit91,177.000000,0,65N_July_insolation,464.16,W_per_m2,observed;age_uncertainty_unavailable:deterministic_orbital_solution,3afc20dda7b385bdd366bc4c9cf60be02d8defdb4c0f317430ca8386d62f81a3
insolation_convention_1,Berger-orbit91,178.000000,0,65N_July_insolation,454.95,W_per_m2,observed;age_uncertainty_unavailable:deterministic_orbital_solution,3afc20dda7b385bdd366bc4c9cf60be02d8defdb4c0f317430ca8386d62f81a3
insolation_convention_1,Berger-orbit91,179.000000,0,65N_July_insolation,444.67,W_per_m2,observed;age_uncertainty_unavailable:deterministic_orbital_solution,3afc20dda7b385bdd366bc4c9cf60be02d8defdb4c0f317430ca8386d62f81a3
insolation_convention_1,Berger-orbit91,180.000000,0,65N_July_insolation,434.02,W_per_m2,observed;age_uncertainty_unavailable:deterministic_orbital_solution,3afc20dda7b385bdd366bc4c9cf60be02d8defdb4c0f317430ca8386d62f81a3
insolation_convention_1,Berger-orbit91,181.000000,0,65N_July_insolation,423.71,W_per_m2,observed;age_uncertainty_unavailable:deterministic_orbital_solution,3afc20dda7b385bdd366bc4c9cf60be02d8defdb4c0f317430ca8386d62f81a3
insolation_convention_1,Berger-orbit91,182.000000,0,65N_July_insolation,414.46,W_per_m2,observed;age_uncertainty_unavailable:deterministic_orbital_solution,3afc20dda7b385bdd366bc4c9cf60be02d8defdb4c0f317430ca8386d62f81a3
insolation_convention_1,Berger-orbit91,183.000000,0,65N_July_insolation,406.92,W_per_m2,observed;age_uncertainty_unavailable:deterministic_orbital_solution,3afc20dda7b385bdd366bc4c9cf60be02d8defdb4c0f317430ca8386d62f81a3
insolation_convention_1,Berger-orbit91,184.000000,0,65N_July_insolation,401.6,W_per_m2,observed;age_uncertainty_unavailable:deterministic_orbital_solution,3afc20dda7b385bdd366bc4c9cf60be02d8defdb4c0f317430ca8386d62f81a3
insolation_convention_1,Berger-orbit91,185.000000,0,65N_July_insolation,398.89,W_per_m2,observed;age_uncertainty_unavailable:deterministic_orbital_solution,3afc20dda7b385bdd366bc4c9cf60be02d8defdb4c0f317430ca8386d62f81a3
insolation_convention_1,Berger-orbit91,186.000000,0,65N_July_insolation,398.99,W_per_m2,observed;age_uncertainty_unavailable:deterministic_orbital_solution,3afc20dda7b385bdd366bc4c9cf60be02d8defdb4c0f317430ca8386d62f81a3
insolation_convention_1,Berger-orbit91,187.000000,0,65N_July_insolation,401.91,W_per_m2,observed;age_uncertainty_unavailable:deterministic_orbital_solution,3afc20dda7b385bdd366bc4c9cf60be02d8defdb4c0f317430ca8386d62f81a3
insolation_convention_1,Berger-orbit91,188.000000,0,65N_July_insolation,407.48,W_per_m2,observed;age_uncertainty_unavailable:deterministic_orbital_solution,3afc20dda7b385bdd366bc4c9cf60be02d8defdb4c0f317430ca8386d62f81a3
insolation_convention_1,Berger-orbit91,189.000000,0,65N_July_insolation,415.3,W_per_m2,observed;age_uncertainty_unavailable:deterministic_orbital_solution,3afc20dda7b385bdd366bc4c9cf60be02d8defdb4c0f317430ca8386d62f81a3
insolation_convention_1,Berger-orbit91,190.000000,0,65N_July_insolation,424.81,W_per_m2,observed;age_uncertainty_unavailable:deterministic_orbital_solution,3afc20dda7b385bdd366bc4c9cf60be02d8defdb4c0f317430ca8386d62f81a3
insolation_convention_1,Berger-orbit91,191.000000,0,65N_July_insolation,435.27,W_per_m2,observed;age_uncertainty_unavailable:deterministic_orbital_solution,3afc20dda7b385bdd366bc4c9cf60be02d8defdb4c0f317430ca8386d62f81a3
insolation_convention_1,Berger-orbit91,192.000000,0,65N_July_insolation,445.83,W_per_m2,observed;age_uncertainty_unavailable:deterministic_orbital_solution,3afc20dda7b385bdd366bc4c9cf60be02d8defdb4c0f317430ca8386d62f81a3
insolation_convention_1,Berger-orbit91,193.000000,0,65N_July_insolation,455.62,W_per_m2,observed;age_uncertainty_unavailable:deterministic_orbital_solution,3afc20dda7b385bdd366bc4c9cf60be02d8defdb4c0f317430ca8386d62f81a3
insolation_convention_1,Berger-orbit91,194.000000,0,65N_July_insolation,463.78,W_per_m2,observed;age_uncertainty_unavailable:deterministic_orbital_solution,3afc20dda7b385bdd366bc4c9cf60be02d8defdb4c0f317430ca8386d62f81a3
insolation_convention_1,Berger-orbit91,195.000000,0,65N_July_insolation,469.59,W_per_m2,observed;age_uncertainty_unavailable:deterministic_orbital_solution,3afc20dda7b385bdd366bc4c9cf60be02d8defdb4c0f317430ca8386d62f81a3
insolation_convention_1,Berger-orbit91,196.000000,0,65N_July_insolation,472.53,W_per_m2,observed;age_uncertainty_unavailable:deterministic_orbital_solution,3afc20dda7b385bdd366bc4c9cf60be02d8defdb4c0f317430ca8386d62f81a3
insolation_convention_1,Berger-orbit91,197.000000,0,65N_July_insolation,472.37,W_per_m2,observed;age_uncertainty_unavailable:deterministic_orbital_solution,3afc20dda7b385bdd366bc4c9cf60be02d8defdb4c0f317430ca8386d62f81a3
insolation_convention_1,Berger-orbit91,198.000000,0,65N_July_insolation,469.16,W_per_m2,observed;age_uncertainty_unavailable:deterministic_orbital_solution,3afc20dda7b385bdd366bc4c9cf60be02d8defdb4c0f317430ca8386d62f81a3
insolation_convention_1,Berger-orbit91,199.000000,0,65N_July_insolation,463.26,W_per_m2,observed;age_uncertainty_unavailable:deterministic_orbital_solution,3afc20dda7b385bdd366bc4c9cf60be02d8defdb4c0f317430ca8386d62f81a3
insolation_convention_1,Berger-orbit91,200.000000,0,65N_July_insolation,455.27,W_per_m2,observed;age_uncertainty_unavailable:deterministic_orbital_solution,3afc20dda7b385bdd366bc4c9cf60be02d8defdb4c0f317430ca8386d62f81a3
insolation_convention_1,Berger-orbit91,201.000000,0,65N_July_insolation,445.97,W_per_m2,observed;age_uncertainty_unavailable:deterministic_orbital_solution,3afc20dda7b385bdd366bc4c9cf60be02d8defdb4c0f317430ca8386d62f81a3
insolation_convention_1,Berger-orbit91,202.000000,0,65N_July_insolation,436.23,W_per_m2,observed;age_uncertainty_unavailable:deterministic_orbital_solution,3afc20dda7b385bdd366bc4c9cf60be02d8defdb4c0f317430ca8386d62f81a3
insolation_convention_1,Berger-orbit91,203.000000,0,65N_July_insolation,426.95,W_per_m2,observed;age_uncertainty_unavailable:deterministic_orbital_solution,3afc20dda7b385bdd366bc4c9cf60be02d8defdb4c0f317430ca8386d62f81a3
insolation_convention_1,Berger-orbit91,204.000000,0,65N_July_insolation,418.95,W_per_m2,observed;age_uncertainty_unavailable:deterministic_orbital_solution,3afc20dda7b385bdd366bc4c9cf60be02d8defdb4c0f317430ca8386d62f81a3
insolation_convention_1,Berger-orbit91,205.000000,0,65N_July_insolation,412.93,W_per_m2,observed;age_uncertainty_unavailable:deterministic_orbital_solution,3afc20dda7b385bdd366bc4c9cf60be02d8defdb4c0f317430ca8386d62f81a3
insolation_convention_1,Berger-orbit91,206.000000,0,65N_July_insolation,409.41,W_per_m2,observed;age_uncertainty_unavailable:deterministic_orbital_solution,3afc20dda7b385bdd366bc4c9cf60be02d8defdb4c0f317430ca8386d62f81a3
insolation_convention_1,Berger-orbit91,207.000000,0,65N_July_insolation,408.75,W_per_m2,observed;age_uncertainty_unavailable:deterministic_orbital_solution,3afc20dda7b385bdd366bc4c9cf60be02d8defdb4c0f317430ca8386d62f81a3
insolation_convention_1,Berger-orbit91,208.000000,0,65N_July_insolation,411.08,W_per_m2,observed;age_uncertainty_unavailable:deterministic_orbital_solution,3afc20dda7b385bdd366bc4c9cf60be02d8defdb4c0f317430ca8386d62f81a3
insolation_convention_1,Berger-orbit91,209.000000,0,65N_July_insolation,416.33,W_per_m2,observed;age_uncertainty_unavailable:deterministic_orbital_solution,3afc20dda7b385bdd366bc4c9cf60be02d8defdb4c0f317430ca8386d62f81a3
insolation_convention_1,Berger-orbit91,210.000000,0,65N_July_insolation,424.23,W_per_m2,observed;age_uncertainty_unavailable:deterministic_orbital_solution,3afc20dda7b385bdd366bc4c9cf60be02d8defdb4c0f317430ca8386d62f81a3
insolation_convention_1,Berger-orbit91,211.000000,0,65N_July_insolation,434.28,W_per_m2,observed;age_uncertainty_unavailable:deterministic_orbital_solution,3afc20dda7b385bdd366bc4c9cf60be02d8defdb4c0f317430ca8386d62f81a3
insolation_convention_1,Berger-orbit91,212.000000,0,65N_July_insolation,445.83,W_per_m2,observed;age_uncertainty_unavailable:deterministic_orbital_solution,3afc20dda7b385bdd366bc4c9cf60be02d8defdb4c0f317430ca8386d62f81a3
insolation_convention_1,Berger-orbit91,213.000000,0,65N_July_insolation,458.04,W_per_m2,observed;age_uncertainty_unavailable:deterministic_orbital_solution,3afc20dda7b385bdd366bc4c9cf60be02d8defdb4c0f317430ca8386d62f81a3
insolation_convention_1,Berger-orbit91,214.000000,0,65N_July_insolation,469.98,W_per_m2,observed;age_uncertainty_unavailable:deterministic_orbital_solution,3afc20dda7b385bdd366bc4c9cf60be02d8defdb4c0f317430ca8386d62f81a3
insolation_convention_1,Berger-orbit91,215.000000,0,65N_July_insolation,480.68,W_per_m2,observed;age_uncertainty_unavailable:deterministic_orbital_solution,3afc20dda7b385bdd366bc4c9cf60be02d8defdb4c0f317430ca8386d62f81a3
insolation_convention_1,Berger-orbit91,216.000000,0,65N_July_insolation,489.2,W_per_m2,observed;age_uncertainty_unavailable:deterministic_orbital_solution,3afc20dda7b385bdd366bc4c9cf60be02d8defdb4c0f317430ca8386d62f81a3
insolation_convention_1,Berger-orbit91,217.000000,0,65N_July_insolation,494.74,W_per_m2,observed;age_uncertainty_unavailable:deterministic_orbital_solution,3afc20dda7b385bdd366bc4c9cf60be02d8defdb4c0f317430ca8386d62f81a3
insolation_convention_1,Berger-orbit91,218.000000,0,65N_July_insolation,496.72,W_per_m2,observed;age_uncertainty_unavailable:deterministic_orbital_solution,3afc20dda7b385bdd366bc4c9cf60be02d8defdb4c0f317430ca8386d62f81a3
insolation_convention_1,Berger-orbit91,219.000000,0,65N_July_insolation,494.83,W_per_m2,observed;age_uncertainty_unavailable:deterministic_orbital_solution,3afc20dda7b385bdd366bc4c9cf60be02d8defdb4c0f317430ca8386d62f81a3
insolation_convention_1,Berger-orbit91,220.000000,0,65N_July_insolation,489.13,W_per_m2,observed;age_uncertainty_unavailable:deterministic_orbital_solution,3afc20dda7b385bdd366bc4c9cf60be02d8defdb4c0f317430ca8386d62f81a3
insolation_convention_1,Berger-orbit91,221.000000,0,65N_July_insolation,479.96,W_per_m2,observed;age_uncertainty_unavailable:deterministic_orbital_solution,3afc20dda7b385bdd366bc4c9cf60be02d8defdb4c0f317430ca8386d62f81a3
insolation_convention_1,Berger-orbit91,222.000000,0,65N_July_insolation,468,W_per_m2,observed;age_uncertainty_unavailable:deterministic_orbital_solution,3afc20dda7b385bdd366bc4c9cf60be02d8defdb4c0f317430ca8386d62f81a3
insolation_convention_1,Berger-orbit91,223.000000,0,65N_July_insolation,454.16,W_per_m2,observed;age_uncertainty_unavailable:deterministic_orbital_solution,3afc20dda7b385bdd366bc4c9cf60be02d8defdb4c0f317430ca8386d62f81a3
insolation_convention_1,Berger-orbit91,224.000000,0,65N_July_insolation,439.5,W_per_m2,observed;age_uncertainty_unavailable:deterministic_orbital_solution,3afc20dda7b385bdd366bc4c9cf60be02d8defdb4c0f317430ca8386d62f81a3
insolation_convention_1,Berger-orbit91,225.000000,0,65N_July_insolation,425.1,W_per_m2,observed;age_uncertainty_unavailable:deterministic_orbital_solution,3afc20dda7b385bdd366bc4c9cf60be02d8defdb4c0f317430ca8386d62f81a3
insolation_convention_1,Berger-orbit91,226.000000,0,65N_July_insolation,412.02,W_per_m2,observed;age_uncertainty_unavailable:deterministic_orbital_solution,3afc20dda7b385bdd366bc4c9cf60be02d8defdb4c0f317430ca8386d62f81a3
insolation_convention_1,Berger-orbit91,227.000000,0,65N_July_insolation,401.18,W_per_m2,observed;age_uncertainty_unavailable:deterministic_orbital_solution,3afc20dda7b385bdd366bc4c9cf60be02d8defdb4c0f317430ca8386d62f81a3
insolation_convention_1,Berger-orbit91,228.000000,0,65N_July_insolation,393.28,W_per_m2,observed;age_uncertainty_unavailable:deterministic_orbital_solution,3afc20dda7b385bdd366bc4c9cf60be02d8defdb4c0f317430ca8386d62f81a3
insolation_convention_1,Berger-orbit91,229.000000,0,65N_July_insolation,388.8,W_per_m2,observed;age_uncertainty_unavailable:deterministic_orbital_solution,3afc20dda7b385bdd366bc4c9cf60be02d8defdb4c0f317430ca8386d62f81a3
insolation_convention_1,Berger-orbit91,230.000000,0,65N_July_insolation,387.98,W_per_m2,observed;age_uncertainty_unavailable:deterministic_orbital_solution,3afc20dda7b385bdd366bc4c9cf60be02d8defdb4c0f317430ca8386d62f81a3
insolation_convention_1,Berger-orbit91,231.000000,0,65N_July_insolation,390.76,W_per_m2,observed;age_uncertainty_unavailable:deterministic_orbital_solution,3afc20dda7b385bdd366bc4c9cf60be02d8defdb4c0f317430ca8386d62f81a3
insolation_convention_1,Berger-orbit91,232.000000,0,65N_July_insolation,396.84,W_per_m2,observed;age_uncertainty_unavailable:deterministic_orbital_solution,3afc20dda7b385bdd366bc4c9cf60be02d8defdb4c0f317430ca8386d62f81a3
insolation_convention_1,Berger-orbit91,233.000000,0,65N_July_insolation,405.67,W_per_m2,observed;age_uncertainty_unavailable:deterministic_orbital_solution,3afc20dda7b385bdd366bc4c9cf60be02d8defdb4c0f317430ca8386d62f81a3
insolation_convention_1,Berger-orbit91,234.000000,0,65N_July_insolation,416.49,W_per_m2,observed;age_uncertainty_unavailable:deterministic_orbital_solution,3afc20dda7b385bdd366bc4c9cf60be02d8defdb4c0f317430ca8386d62f81a3
insolation_convention_1,Berger-orbit91,235.000000,0,65N_July_insolation,428.38,W_per_m2,observed;age_uncertainty_unavailable:deterministic_orbital_solution,3afc20dda7b385bdd366bc4c9cf60be02d8defdb4c0f317430ca8386d62f81a3
insolation_convention_1,Berger-orbit91,236.000000,0,65N_July_insolation,440.35,W_per_m2,observed;age_uncertainty_unavailable:deterministic_orbital_solution,3afc20dda7b385bdd366bc4c9cf60be02d8defdb4c0f317430ca8386d62f81a3
insolation_convention_1,Berger-orbit91,237.000000,0,65N_July_insolation,451.39,W_per_m2,observed;age_uncertainty_unavailable:deterministic_orbital_solution,3afc20dda7b385bdd366bc4c9cf60be02d8defdb4c0f317430ca8386d62f81a3
insolation_convention_1,Berger-orbit91,238.000000,0,65N_July_insolation,460.66,W_per_m2,observed;age_uncertainty_unavailable:deterministic_orbital_solution,3afc20dda7b385bdd366bc4c9cf60be02d8defdb4c0f317430ca8386d62f81a3
insolation_convention_1,Berger-orbit91,239.000000,0,65N_July_insolation,467.49,W_per_m2,observed;age_uncertainty_unavailable:deterministic_orbital_solution,3afc20dda7b385bdd366bc4c9cf60be02d8defdb4c0f317430ca8386d62f81a3
insolation_convention_1,Berger-orbit91,240.000000,0,65N_July_insolation,471.47,W_per_m2,observed;age_uncertainty_unavailable:deterministic_orbital_solution,3afc20dda7b385bdd366bc4c9cf60be02d8defdb4c0f317430ca8386d62f81a3
insolation_convention_1,Berger-orbit91,241.000000,0,65N_July_insolation,472.52,W_per_m2,observed;age_uncertainty_unavailable:deterministic_orbital_solution,3afc20dda7b385bdd366bc4c9cf60be02d8defdb4c0f317430ca8386d62f81a3
insolation_convention_1,Berger-orbit91,242.000000,0,65N_July_insolation,470.84,W_per_m2,observed;age_uncertainty_unavailable:deterministic_orbital_solution,3afc20dda7b385bdd366bc4c9cf60be02d8defdb4c0f317430ca8386d62f81a3
insolation_convention_1,Berger-orbit91,243.000000,0,65N_July_insolation,466.84,W_per_m2,observed;age_uncertainty_unavailable:deterministic_orbital_solution,3afc20dda7b385bdd366bc4c9cf60be02d8defdb4c0f317430ca8386d62f81a3
insolation_convention_1,Berger-orbit91,244.000000,0,65N_July_insolation,461.15,W_per_m2,observed;age_uncertainty_unavailable:deterministic_orbital_solution,3afc20dda7b385bdd366bc4c9cf60be02d8defdb4c0f317430ca8386d62f81a3
insolation_convention_1,Berger-orbit91,245.000000,0,65N_July_insolation,454.46,W_per_m2,observed;age_uncertainty_unavailable:deterministic_orbital_solution,3afc20dda7b385bdd366bc4c9cf60be02d8defdb4c0f317430ca8386d62f81a3
insolation_convention_1,Berger-orbit91,246.000000,0,65N_July_insolation,447.48,W_per_m2,observed;age_uncertainty_unavailable:deterministic_orbital_solution,3afc20dda7b385bdd366bc4c9cf60be02d8defdb4c0f317430ca8386d62f81a3
insolation_convention_1,Berger-orbit91,247.000000,0,65N_July_insolation,440.85,W_per_m2,observed;age_uncertainty_unavailable:deterministic_orbital_solution,3afc20dda7b385bdd366bc4c9cf60be02d8defdb4c0f317430ca8386d62f81a3
insolation_convention_1,Berger-orbit91,248.000000,0,65N_July_insolation,435.14,W_per_m2,observed;age_uncertainty_unavailable:deterministic_orbital_solution,3afc20dda7b385bdd366bc4c9cf60be02d8defdb4c0f317430ca8386d62f81a3
insolation_convention_1,Berger-orbit91,249.000000,0,65N_July_insolation,430.73,W_per_m2,observed;age_uncertainty_unavailable:deterministic_orbital_solution,3afc20dda7b385bdd366bc4c9cf60be02d8defdb4c0f317430ca8386d62f81a3
insolation_convention_1,Berger-orbit91,250.000000,0,65N_July_insolation,427.89,W_per_m2,observed;age_uncertainty_unavailable:deterministic_orbital_solution,3afc20dda7b385bdd366bc4c9cf60be02d8defdb4c0f317430ca8386d62f81a3
insolation_convention_1,Berger-orbit91,251.000000,0,65N_July_insolation,426.71,W_per_m2,observed;age_uncertainty_unavailable:deterministic_orbital_solution,3afc20dda7b385bdd366bc4c9cf60be02d8defdb4c0f317430ca8386d62f81a3
insolation_convention_1,Berger-orbit91,252.000000,0,65N_July_insolation,427.15,W_per_m2,observed;age_uncertainty_unavailable:deterministic_orbital_solution,3afc20dda7b385bdd366bc4c9cf60be02d8defdb4c0f317430ca8386d62f81a3
insolation_convention_1,Berger-orbit91,253.000000,0,65N_July_insolation,429.04,W_per_m2,observed;age_uncertainty_unavailable:deterministic_orbital_solution,3afc20dda7b385bdd366bc4c9cf60be02d8defdb4c0f317430ca8386d62f81a3
insolation_convention_1,Berger-orbit91,254.000000,0,65N_July_insolation,432.1,W_per_m2,observed;age_uncertainty_unavailable:deterministic_orbital_solution,3afc20dda7b385bdd366bc4c9cf60be02d8defdb4c0f317430ca8386d62f81a3
insolation_convention_1,Berger-orbit91,255.000000,0,65N_July_insolation,436,W_per_m2,observed;age_uncertainty_unavailable:deterministic_orbital_solution,3afc20dda7b385bdd366bc4c9cf60be02d8defdb4c0f317430ca8386d62f81a3
insolation_convention_1,Berger-orbit91,256.000000,0,65N_July_insolation,440.35,W_per_m2,observed;age_uncertainty_unavailable:deterministic_orbital_solution,3afc20dda7b385bdd366bc4c9cf60be02d8defdb4c0f317430ca8386d62f81a3
insolation_convention_1,Berger-orbit91,257.000000,0,65N_July_insolation,444.78,W_per_m2,observed;age_uncertainty_unavailable:deterministic_orbital_solution,3afc20dda7b385bdd366bc4c9cf60be02d8defdb4c0f317430ca8386d62f81a3
insolation_convention_1,Berger-orbit91,258.000000,0,65N_July_insolation,448.93,W_per_m2,observed;age_uncertainty_unavailable:deterministic_orbital_solution,3afc20dda7b385bdd366bc4c9cf60be02d8defdb4c0f317430ca8386d62f81a3
insolation_convention_1,Berger-orbit91,259.000000,0,65N_July_insolation,452.5,W_per_m2,observed;age_uncertainty_unavailable:deterministic_orbital_solution,3afc20dda7b385bdd366bc4c9cf60be02d8defdb4c0f317430ca8386d62f81a3
insolation_convention_1,Berger-orbit91,260.000000,0,65N_July_insolation,455.26,W_per_m2,observed;age_uncertainty_unavailable:deterministic_orbital_solution,3afc20dda7b385bdd366bc4c9cf60be02d8defdb4c0f317430ca8386d62f81a3
insolation_convention_1,Berger-orbit91,261.000000,0,65N_July_insolation,457.05,W_per_m2,observed;age_uncertainty_unavailable:deterministic_orbital_solution,3afc20dda7b385bdd366bc4c9cf60be02d8defdb4c0f317430ca8386d62f81a3
insolation_convention_1,Berger-orbit91,262.000000,0,65N_July_insolation,457.8,W_per_m2,observed;age_uncertainty_unavailable:deterministic_orbital_solution,3afc20dda7b385bdd366bc4c9cf60be02d8defdb4c0f317430ca8386d62f81a3
insolation_convention_1,Berger-orbit91,263.000000,0,65N_July_insolation,457.51,W_per_m2,observed;age_uncertainty_unavailable:deterministic_orbital_solution,3afc20dda7b385bdd366bc4c9cf60be02d8defdb4c0f317430ca8386d62f81a3
insolation_convention_1,Berger-orbit91,264.000000,0,65N_July_insolation,456.25,W_per_m2,observed;age_uncertainty_unavailable:deterministic_orbital_solution,3afc20dda7b385bdd366bc4c9cf60be02d8defdb4c0f317430ca8386d62f81a3
insolation_convention_1,Berger-orbit91,265.000000,0,65N_July_insolation,454.11,W_per_m2,observed;age_uncertainty_unavailable:deterministic_orbital_solution,3afc20dda7b385bdd366bc4c9cf60be02d8defdb4c0f317430ca8386d62f81a3
insolation_convention_1,Berger-orbit91,266.000000,0,65N_July_insolation,451.23,W_per_m2,observed;age_uncertainty_unavailable:deterministic_orbital_solution,3afc20dda7b385bdd366bc4c9cf60be02d8defdb4c0f317430ca8386d62f81a3
insolation_convention_1,Berger-orbit91,267.000000,0,65N_July_insolation,447.72,W_per_m2,observed;age_uncertainty_unavailable:deterministic_orbital_solution,3afc20dda7b385bdd366bc4c9cf60be02d8defdb4c0f317430ca8386d62f81a3
insolation_convention_1,Berger-orbit91,268.000000,0,65N_July_insolation,443.75,W_per_m2,observed;age_uncertainty_unavailable:deterministic_orbital_solution,3afc20dda7b385bdd366bc4c9cf60be02d8defdb4c0f317430ca8386d62f81a3
insolation_convention_1,Berger-orbit91,269.000000,0,65N_July_insolation,439.43,W_per_m2,observed;age_uncertainty_unavailable:deterministic_orbital_solution,3afc20dda7b385bdd366bc4c9cf60be02d8defdb4c0f317430ca8386d62f81a3
insolation_convention_1,Berger-orbit91,270.000000,0,65N_July_insolation,434.92,W_per_m2,observed;age_uncertainty_unavailable:deterministic_orbital_solution,3afc20dda7b385bdd366bc4c9cf60be02d8defdb4c0f317430ca8386d62f81a3
insolation_convention_1,Berger-orbit91,271.000000,0,65N_July_insolation,430.37,W_per_m2,observed;age_uncertainty_unavailable:deterministic_orbital_solution,3afc20dda7b385bdd366bc4c9cf60be02d8defdb4c0f317430ca8386d62f81a3
insolation_convention_1,Berger-orbit91,272.000000,0,65N_July_insolation,425.93,W_per_m2,observed;age_uncertainty_unavailable:deterministic_orbital_solution,3afc20dda7b385bdd366bc4c9cf60be02d8defdb4c0f317430ca8386d62f81a3
insolation_convention_1,Berger-orbit91,273.000000,0,65N_July_insolation,421.79,W_per_m2,observed;age_uncertainty_unavailable:deterministic_orbital_solution,3afc20dda7b385bdd366bc4c9cf60be02d8defdb4c0f317430ca8386d62f81a3
insolation_convention_1,Berger-orbit91,274.000000,0,65N_July_insolation,418.16,W_per_m2,observed;age_uncertainty_unavailable:deterministic_orbital_solution,3afc20dda7b385bdd366bc4c9cf60be02d8defdb4c0f317430ca8386d62f81a3
insolation_convention_1,Berger-orbit91,275.000000,0,65N_July_insolation,415.25,W_per_m2,observed;age_uncertainty_unavailable:deterministic_orbital_solution,3afc20dda7b385bdd366bc4c9cf60be02d8defdb4c0f317430ca8386d62f81a3
insolation_convention_1,Berger-orbit91,276.000000,0,65N_July_insolation,413.27,W_per_m2,observed;age_uncertainty_unavailable:deterministic_orbital_solution,3afc20dda7b385bdd366bc4c9cf60be02d8defdb4c0f317430ca8386d62f81a3
insolation_convention_1,Berger-orbit91,277.000000,0,65N_July_insolation,412.44,W_per_m2,observed;age_uncertainty_unavailable:deterministic_orbital_solution,3afc20dda7b385bdd366bc4c9cf60be02d8defdb4c0f317430ca8386d62f81a3
insolation_convention_1,Berger-orbit91,278.000000,0,65N_July_insolation,412.94,W_per_m2,observed;age_uncertainty_unavailable:deterministic_orbital_solution,3afc20dda7b385bdd366bc4c9cf60be02d8defdb4c0f317430ca8386d62f81a3
insolation_convention_1,Berger-orbit91,279.000000,0,65N_July_insolation,414.87,W_per_m2,observed;age_uncertainty_unavailable:deterministic_orbital_solution,3afc20dda7b385bdd366bc4c9cf60be02d8defdb4c0f317430ca8386d62f81a3
insolation_convention_1,Berger-orbit91,280.000000,0,65N_July_insolation,418.28,W_per_m2,observed;age_uncertainty_unavailable:deterministic_orbital_solution,3afc20dda7b385bdd366bc4c9cf60be02d8defdb4c0f317430ca8386d62f81a3
insolation_convention_1,Berger-orbit91,281.000000,0,65N_July_insolation,423.12,W_per_m2,observed;age_uncertainty_unavailable:deterministic_orbital_solution,3afc20dda7b385bdd366bc4c9cf60be02d8defdb4c0f317430ca8386d62f81a3
insolation_convention_1,Berger-orbit91,282.000000,0,65N_July_insolation,429.22,W_per_m2,observed;age_uncertainty_unavailable:deterministic_orbital_solution,3afc20dda7b385bdd366bc4c9cf60be02d8defdb4c0f317430ca8386d62f81a3
insolation_convention_1,Berger-orbit91,283.000000,0,65N_July_insolation,436.31,W_per_m2,observed;age_uncertainty_unavailable:deterministic_orbital_solution,3afc20dda7b385bdd366bc4c9cf60be02d8defdb4c0f317430ca8386d62f81a3
insolation_convention_1,Berger-orbit91,284.000000,0,65N_July_insolation,444,W_per_m2,observed;age_uncertainty_unavailable:deterministic_orbital_solution,3afc20dda7b385bdd366bc4c9cf60be02d8defdb4c0f317430ca8386d62f81a3
insolation_convention_1,Berger-orbit91,285.000000,0,65N_July_insolation,451.81,W_per_m2,observed;age_uncertainty_unavailable:deterministic_orbital_solution,3afc20dda7b385bdd366bc4c9cf60be02d8defdb4c0f317430ca8386d62f81a3
insolation_convention_1,Berger-orbit91,286.000000,0,65N_July_insolation,459.21,W_per_m2,observed;age_uncertainty_unavailable:deterministic_orbital_solution,3afc20dda7b385bdd366bc4c9cf60be02d8defdb4c0f317430ca8386d62f81a3
insolation_convention_1,Berger-orbit91,287.000000,0,65N_July_insolation,465.63,W_per_m2,observed;age_uncertainty_unavailable:deterministic_orbital_solution,3afc20dda7b385bdd366bc4c9cf60be02d8defdb4c0f317430ca8386d62f81a3
insolation_convention_1,Berger-orbit91,288.000000,0,65N_July_insolation,470.57,W_per_m2,observed;age_uncertainty_unavailable:deterministic_orbital_solution,3afc20dda7b385bdd366bc4c9cf60be02d8defdb4c0f317430ca8386d62f81a3
insolation_convention_1,Berger-orbit91,289.000000,0,65N_July_insolation,473.58,W_per_m2,observed;age_uncertainty_unavailable:deterministic_orbital_solution,3afc20dda7b385bdd366bc4c9cf60be02d8defdb4c0f317430ca8386d62f81a3
insolation_convention_1,Berger-orbit91,290.000000,0,65N_July_insolation,474.38,W_per_m2,observed;age_uncertainty_unavailable:deterministic_orbital_solution,3afc20dda7b385bdd366bc4c9cf60be02d8defdb4c0f317430ca8386d62f81a3
insolation_convention_1,Berger-orbit91,291.000000,0,65N_July_insolation,472.85,W_per_m2,observed;age_uncertainty_unavailable:deterministic_orbital_solution,3afc20dda7b385bdd366bc4c9cf60be02d8defdb4c0f317430ca8386d62f81a3
insolation_convention_1,Berger-orbit91,292.000000,0,65N_July_insolation,469.08,W_per_m2,observed;age_uncertainty_unavailable:deterministic_orbital_solution,3afc20dda7b385bdd366bc4c9cf60be02d8defdb4c0f317430ca8386d62f81a3
insolation_convention_1,Berger-orbit91,293.000000,0,65N_July_insolation,463.34,W_per_m2,observed;age_uncertainty_unavailable:deterministic_orbital_solution,3afc20dda7b385bdd366bc4c9cf60be02d8defdb4c0f317430ca8386d62f81a3
insolation_convention_1,Berger-orbit91,294.000000,0,65N_July_insolation,456.09,W_per_m2,observed;age_uncertainty_unavailable:deterministic_orbital_solution,3afc20dda7b385bdd366bc4c9cf60be02d8defdb4c0f317430ca8386d62f81a3
insolation_convention_1,Berger-orbit91,295.000000,0,65N_July_insolation,447.91,W_per_m2,observed;age_uncertainty_unavailable:deterministic_orbital_solution,3afc20dda7b385bdd366bc4c9cf60be02d8defdb4c0f317430ca8386d62f81a3
insolation_convention_1,Berger-orbit91,296.000000,0,65N_July_insolation,439.46,W_per_m2,observed;age_uncertainty_unavailable:deterministic_orbital_solution,3afc20dda7b385bdd366bc4c9cf60be02d8defdb4c0f317430ca8386d62f81a3
insolation_convention_1,Berger-orbit91,297.000000,0,65N_July_insolation,431.42,W_per_m2,observed;age_uncertainty_unavailable:deterministic_orbital_solution,3afc20dda7b385bdd366bc4c9cf60be02d8defdb4c0f317430ca8386d62f81a3
insolation_convention_1,Berger-orbit91,298.000000,0,65N_July_insolation,424.41,W_per_m2,observed;age_uncertainty_unavailable:deterministic_orbital_solution,3afc20dda7b385bdd366bc4c9cf60be02d8defdb4c0f317430ca8386d62f81a3
insolation_convention_1,Berger-orbit91,299.000000,0,65N_July_insolation,418.99,W_per_m2,observed;age_uncertainty_unavailable:deterministic_orbital_solution,3afc20dda7b385bdd366bc4c9cf60be02d8defdb4c0f317430ca8386d62f81a3
insolation_convention_1,Berger-orbit91,300.000000,0,65N_July_insolation,415.56,W_per_m2,observed;age_uncertainty_unavailable:deterministic_orbital_solution,3afc20dda7b385bdd366bc4c9cf60be02d8defdb4c0f317430ca8386d62f81a3
insolation_convention_1,Berger-orbit91,301.000000,0,65N_July_insolation,414.37,W_per_m2,observed;age_uncertainty_unavailable:deterministic_orbital_solution,3afc20dda7b385bdd366bc4c9cf60be02d8defdb4c0f317430ca8386d62f81a3
insolation_convention_1,Berger-orbit91,302.000000,0,65N_July_insolation,415.5,W_per_m2,observed;age_uncertainty_unavailable:deterministic_orbital_solution,3afc20dda7b385bdd366bc4c9cf60be02d8defdb4c0f317430ca8386d62f81a3
insolation_convention_1,Berger-orbit91,303.000000,0,65N_July_insolation,418.83,W_per_m2,observed;age_uncertainty_unavailable:deterministic_orbital_solution,3afc20dda7b385bdd366bc4c9cf60be02d8defdb4c0f317430ca8386d62f81a3
insolation_convention_1,Berger-orbit91,304.000000,0,65N_July_insolation,424.08,W_per_m2,observed;age_uncertainty_unavailable:deterministic_orbital_solution,3afc20dda7b385bdd366bc4c9cf60be02d8defdb4c0f317430ca8386d62f81a3
insolation_convention_1,Berger-orbit91,305.000000,0,65N_July_insolation,430.78,W_per_m2,observed;age_uncertainty_unavailable:deterministic_orbital_solution,3afc20dda7b385bdd366bc4c9cf60be02d8defdb4c0f317430ca8386d62f81a3
insolation_convention_1,Berger-orbit91,306.000000,0,65N_July_insolation,438.32,W_per_m2,observed;age_uncertainty_unavailable:deterministic_orbital_solution,3afc20dda7b385bdd366bc4c9cf60be02d8defdb4c0f317430ca8386d62f81a3
insolation_convention_1,Berger-orbit91,307.000000,0,65N_July_insolation,445.98,W_per_m2,observed;age_uncertainty_unavailable:deterministic_orbital_solution,3afc20dda7b385bdd366bc4c9cf60be02d8defdb4c0f317430ca8386d62f81a3
insolation_convention_1,Berger-orbit91,308.000000,0,65N_July_insolation,453.03,W_per_m2,observed;age_uncertainty_unavailable:deterministic_orbital_solution,3afc20dda7b385bdd366bc4c9cf60be02d8defdb4c0f317430ca8386d62f81a3
insolation_convention_1,Berger-orbit91,309.000000,0,65N_July_insolation,458.73,W_per_m2,observed;age_uncertainty_unavailable:deterministic_orbital_solution,3afc20dda7b385bdd366bc4c9cf60be02d8defdb4c0f317430ca8386d62f81a3
insolation_convention_1,Berger-orbit91,310.000000,0,65N_July_insolation,462.48,W_per_m2,observed;age_uncertainty_unavailable:deterministic_orbital_solution,3afc20dda7b385bdd366bc4c9cf60be02d8defdb4c0f317430ca8386d62f81a3
insolation_convention_1,Berger-orbit91,311.000000,0,65N_July_insolation,463.84,W_per_m2,observed;age_uncertainty_unavailable:deterministic_orbital_solution,3afc20dda7b385bdd366bc4c9cf60be02d8defdb4c0f317430ca8386d62f81a3
insolation_convention_1,Berger-orbit91,312.000000,0,65N_July_insolation,462.62,W_per_m2,observed;age_uncertainty_unavailable:deterministic_orbital_solution,3afc20dda7b385bdd366bc4c9cf60be02d8defdb4c0f317430ca8386d62f81a3
insolation_convention_1,Berger-orbit91,313.000000,0,65N_July_insolation,458.9,W_per_m2,observed;age_uncertainty_unavailable:deterministic_orbital_solution,3afc20dda7b385bdd366bc4c9cf60be02d8defdb4c0f317430ca8386d62f81a3
insolation_convention_1,Berger-orbit91,314.000000,0,65N_July_insolation,453.01,W_per_m2,observed;age_uncertainty_unavailable:deterministic_orbital_solution,3afc20dda7b385bdd366bc4c9cf60be02d8defdb4c0f317430ca8386d62f81a3
insolation_convention_1,Berger-orbit91,315.000000,0,65N_July_insolation,445.49,W_per_m2,observed;age_uncertainty_unavailable:deterministic_orbital_solution,3afc20dda7b385bdd366bc4c9cf60be02d8defdb4c0f317430ca8386d62f81a3
insolation_convention_1,Berger-orbit91,316.000000,0,65N_July_insolation,437.08,W_per_m2,observed;age_uncertainty_unavailable:deterministic_orbital_solution,3afc20dda7b385bdd366bc4c9cf60be02d8defdb4c0f317430ca8386d62f81a3
insolation_convention_1,Berger-orbit91,317.000000,0,65N_July_insolation,428.55,W_per_m2,observed;age_uncertainty_unavailable:deterministic_orbital_solution,3afc20dda7b385bdd366bc4c9cf60be02d8defdb4c0f317430ca8386d62f81a3
insolation_convention_1,Berger-orbit91,318.000000,0,65N_July_insolation,420.7,W_per_m2,observed;age_uncertainty_unavailable:deterministic_orbital_solution,3afc20dda7b385bdd366bc4c9cf60be02d8defdb4c0f317430ca8386d62f81a3
insolation_convention_1,Berger-orbit91,319.000000,0,65N_July_insolation,414.24,W_per_m2,observed;age_uncertainty_unavailable:deterministic_orbital_solution,3afc20dda7b385bdd366bc4c9cf60be02d8defdb4c0f317430ca8386d62f81a3
insolation_convention_1,Berger-orbit91,320.000000,0,65N_July_insolation,409.75,W_per_m2,observed;age_uncertainty_unavailable:deterministic_orbital_solution,3afc20dda7b385bdd366bc4c9cf60be02d8defdb4c0f317430ca8386d62f81a3
insolation_convention_1,Berger-orbit91,321.000000,0,65N_July_insolation,407.64,W_per_m2,observed;age_uncertainty_unavailable:deterministic_orbital_solution,3afc20dda7b385bdd366bc4c9cf60be02d8defdb4c0f317430ca8386d62f81a3
insolation_convention_1,Berger-orbit91,322.000000,0,65N_July_insolation,408.11,W_per_m2,observed;age_uncertainty_unavailable:deterministic_orbital_solution,3afc20dda7b385bdd366bc4c9cf60be02d8defdb4c0f317430ca8386d62f81a3
insolation_convention_1,Berger-orbit91,323.000000,0,65N_July_insolation,411.17,W_per_m2,observed;age_uncertainty_unavailable:deterministic_orbital_solution,3afc20dda7b385bdd366bc4c9cf60be02d8defdb4c0f317430ca8386d62f81a3
insolation_convention_1,Berger-orbit91,324.000000,0,65N_July_insolation,416.64,W_per_m2,observed;age_uncertainty_unavailable:deterministic_orbital_solution,3afc20dda7b385bdd366bc4c9cf60be02d8defdb4c0f317430ca8386d62f81a3
insolation_convention_1,Berger-orbit91,325.000000,0,65N_July_insolation,424.14,W_per_m2,observed;age_uncertainty_unavailable:deterministic_orbital_solution,3afc20dda7b385bdd366bc4c9cf60be02d8defdb4c0f317430ca8386d62f81a3
insolation_convention_1,Berger-orbit91,326.000000,0,65N_July_insolation,433.14,W_per_m2,observed;age_uncertainty_unavailable:deterministic_orbital_solution,3afc20dda7b385bdd366bc4c9cf60be02d8defdb4c0f317430ca8386d62f81a3
insolation_convention_1,Berger-orbit91,327.000000,0,65N_July_insolation,443,W_per_m2,observed;age_uncertainty_unavailable:deterministic_orbital_solution,3afc20dda7b385bdd366bc4c9cf60be02d8defdb4c0f317430ca8386d62f81a3
insolation_convention_1,Berger-orbit91,328.000000,0,65N_July_insolation,452.96,W_per_m2,observed;age_uncertainty_unavailable:deterministic_orbital_solution,3afc20dda7b385bdd366bc4c9cf60be02d8defdb4c0f317430ca8386d62f81a3
insolation_convention_1,Berger-orbit91,329.000000,0,65N_July_insolation,462.29,W_per_m2,observed;age_uncertainty_unavailable:deterministic_orbital_solution,3afc20dda7b385bdd366bc4c9cf60be02d8defdb4c0f317430ca8386d62f81a3
insolation_convention_1,Berger-orbit91,330.000000,0,65N_July_insolation,470.25,W_per_m2,observed;age_uncertainty_unavailable:deterministic_orbital_solution,3afc20dda7b385bdd366bc4c9cf60be02d8defdb4c0f317430ca8386d62f81a3
insolation_convention_1,Berger-orbit91,331.000000,0,65N_July_insolation,476.26,W_per_m2,observed;age_uncertainty_unavailable:deterministic_orbital_solution,3afc20dda7b385bdd366bc4c9cf60be02d8defdb4c0f317430ca8386d62f81a3
insolation_convention_1,Berger-orbit91,332.000000,0,65N_July_insolation,479.85,W_per_m2,observed;age_uncertainty_unavailable:deterministic_orbital_solution,3afc20dda7b385bdd366bc4c9cf60be02d8defdb4c0f317430ca8386d62f81a3
insolation_convention_1,Berger-orbit91,333.000000,0,65N_July_insolation,480.79,W_per_m2,observed;age_uncertainty_unavailable:deterministic_orbital_solution,3afc20dda7b385bdd366bc4c9cf60be02d8defdb4c0f317430ca8386d62f81a3
insolation_convention_1,Berger-orbit91,334.000000,0,65N_July_insolation,479.05,W_per_m2,observed;age_uncertainty_unavailable:deterministic_orbital_solution,3afc20dda7b385bdd366bc4c9cf60be02d8defdb4c0f317430ca8386d62f81a3
insolation_convention_1,Berger-orbit91,335.000000,0,65N_July_insolation,474.84,W_per_m2,observed;age_uncertainty_unavailable:deterministic_orbital_solution,3afc20dda7b385bdd366bc4c9cf60be02d8defdb4c0f317430ca8386d62f81a3
insolation_convention_1,Berger-orbit91,336.000000,0,65N_July_insolation,468.56,W_per_m2,observed;age_uncertainty_unavailable:deterministic_orbital_solution,3afc20dda7b385bdd366bc4c9cf60be02d8defdb4c0f317430ca8386d62f81a3
insolation_convention_1,Berger-orbit91,337.000000,0,65N_July_insolation,460.76,W_per_m2,observed;age_uncertainty_unavailable:deterministic_orbital_solution,3afc20dda7b385bdd366bc4c9cf60be02d8defdb4c0f317430ca8386d62f81a3
insolation_convention_1,Berger-orbit91,338.000000,0,65N_July_insolation,452.08,W_per_m2,observed;age_uncertainty_unavailable:deterministic_orbital_solution,3afc20dda7b385bdd366bc4c9cf60be02d8defdb4c0f317430ca8386d62f81a3
insolation_convention_1,Berger-orbit91,339.000000,0,65N_July_insolation,443.21,W_per_m2,observed;age_uncertainty_unavailable:deterministic_orbital_solution,3afc20dda7b385bdd366bc4c9cf60be02d8defdb4c0f317430ca8386d62f81a3
insolation_convention_1,Berger-orbit91,340.000000,0,65N_July_insolation,434.8,W_per_m2,observed;age_uncertainty_unavailable:deterministic_orbital_solution,3afc20dda7b385bdd366bc4c9cf60be02d8defdb4c0f317430ca8386d62f81a3
insolation_convention_1,Berger-orbit91,341.000000,0,65N_July_insolation,427.44,W_per_m2,observed;age_uncertainty_unavailable:deterministic_orbital_solution,3afc20dda7b385bdd366bc4c9cf60be02d8defdb4c0f317430ca8386d62f81a3
insolation_convention_1,Berger-orbit91,342.000000,0,65N_July_insolation,421.58,W_per_m2,observed;age_uncertainty_unavailable:deterministic_orbital_solution,3afc20dda7b385bdd366bc4c9cf60be02d8defdb4c0f317430ca8386d62f81a3
insolation_convention_1,Berger-orbit91,343.000000,0,65N_July_insolation,417.53,W_per_m2,observed;age_uncertainty_unavailable:deterministic_orbital_solution,3afc20dda7b385bdd366bc4c9cf60be02d8defdb4c0f317430ca8386d62f81a3
insolation_convention_1,Berger-orbit91,344.000000,0,65N_July_insolation,415.45,W_per_m2,observed;age_uncertainty_unavailable:deterministic_orbital_solution,3afc20dda7b385bdd366bc4c9cf60be02d8defdb4c0f317430ca8386d62f81a3
insolation_convention_1,Berger-orbit91,345.000000,0,65N_July_insolation,415.31,W_per_m2,observed;age_uncertainty_unavailable:deterministic_orbital_solution,3afc20dda7b385bdd366bc4c9cf60be02d8defdb4c0f317430ca8386d62f81a3
insolation_convention_1,Berger-orbit91,346.000000,0,65N_July_insolation,416.92,W_per_m2,observed;age_uncertainty_unavailable:deterministic_orbital_solution,3afc20dda7b385bdd366bc4c9cf60be02d8defdb4c0f317430ca8386d62f81a3
insolation_convention_1,Berger-orbit91,347.000000,0,65N_July_insolation,419.97,W_per_m2,observed;age_uncertainty_unavailable:deterministic_orbital_solution,3afc20dda7b385bdd366bc4c9cf60be02d8defdb4c0f317430ca8386d62f81a3
insolation_convention_1,Berger-orbit91,348.000000,0,65N_July_insolation,424.01,W_per_m2,observed;age_uncertainty_unavailable:deterministic_orbital_solution,3afc20dda7b385bdd366bc4c9cf60be02d8defdb4c0f317430ca8386d62f81a3
insolation_convention_1,Berger-orbit91,349.000000,0,65N_July_insolation,428.52,W_per_m2,observed;age_uncertainty_unavailable:deterministic_orbital_solution,3afc20dda7b385bdd366bc4c9cf60be02d8defdb4c0f317430ca8386d62f81a3
insolation_convention_1,Berger-orbit91,350.000000,0,65N_July_insolation,432.98,W_per_m2,observed;age_uncertainty_unavailable:deterministic_orbital_solution,3afc20dda7b385bdd366bc4c9cf60be02d8defdb4c0f317430ca8386d62f81a3
insolation_convention_1,Berger-orbit91,351.000000,0,65N_July_insolation,436.89,W_per_m2,observed;age_uncertainty_unavailable:deterministic_orbital_solution,3afc20dda7b385bdd366bc4c9cf60be02d8defdb4c0f317430ca8386d62f81a3
insolation_convention_1,Berger-orbit91,352.000000,0,65N_July_insolation,439.85,W_per_m2,observed;age_uncertainty_unavailable:deterministic_orbital_solution,3afc20dda7b385bdd366bc4c9cf60be02d8defdb4c0f317430ca8386d62f81a3
insolation_convention_1,Berger-orbit91,353.000000,0,65N_July_insolation,441.61,W_per_m2,observed;age_uncertainty_unavailable:deterministic_orbital_solution,3afc20dda7b385bdd366bc4c9cf60be02d8defdb4c0f317430ca8386d62f81a3
insolation_convention_1,Berger-orbit91,354.000000,0,65N_July_insolation,442.09,W_per_m2,observed;age_uncertainty_unavailable:deterministic_orbital_solution,3afc20dda7b385bdd366bc4c9cf60be02d8defdb4c0f317430ca8386d62f81a3
insolation_convention_1,Berger-orbit91,355.000000,0,65N_July_insolation,441.36,W_per_m2,observed;age_uncertainty_unavailable:deterministic_orbital_solution,3afc20dda7b385bdd366bc4c9cf60be02d8defdb4c0f317430ca8386d62f81a3
insolation_convention_1,Berger-orbit91,356.000000,0,65N_July_insolation,439.68,W_per_m2,observed;age_uncertainty_unavailable:deterministic_orbital_solution,3afc20dda7b385bdd366bc4c9cf60be02d8defdb4c0f317430ca8386d62f81a3
insolation_convention_1,Berger-orbit91,357.000000,0,65N_July_insolation,437.4,W_per_m2,observed;age_uncertainty_unavailable:deterministic_orbital_solution,3afc20dda7b385bdd366bc4c9cf60be02d8defdb4c0f317430ca8386d62f81a3
insolation_convention_1,Berger-orbit91,358.000000,0,65N_July_insolation,434.92,W_per_m2,observed;age_uncertainty_unavailable:deterministic_orbital_solution,3afc20dda7b385bdd366bc4c9cf60be02d8defdb4c0f317430ca8386d62f81a3
insolation_convention_1,Berger-orbit91,359.000000,0,65N_July_insolation,432.69,W_per_m2,observed;age_uncertainty_unavailable:deterministic_orbital_solution,3afc20dda7b385bdd366bc4c9cf60be02d8defdb4c0f317430ca8386d62f81a3
insolation_convention_1,Berger-orbit91,360.000000,0,65N_July_insolation,431.06,W_per_m2,observed;age_uncertainty_unavailable:deterministic_orbital_solution,3afc20dda7b385bdd366bc4c9cf60be02d8defdb4c0f317430ca8386d62f81a3
insolation_convention_1,Berger-orbit91,361.000000,0,65N_July_insolation,430.33,W_per_m2,observed;age_uncertainty_unavailable:deterministic_orbital_solution,3afc20dda7b385bdd366bc4c9cf60be02d8defdb4c0f317430ca8386d62f81a3
insolation_convention_1,Berger-orbit91,362.000000,0,65N_July_insolation,430.67,W_per_m2,observed;age_uncertainty_unavailable:deterministic_orbital_solution,3afc20dda7b385bdd366bc4c9cf60be02d8defdb4c0f317430ca8386d62f81a3
insolation_convention_1,Berger-orbit91,363.000000,0,65N_July_insolation,432.12,W_per_m2,observed;age_uncertainty_unavailable:deterministic_orbital_solution,3afc20dda7b385bdd366bc4c9cf60be02d8defdb4c0f317430ca8386d62f81a3
insolation_convention_1,Berger-orbit91,364.000000,0,65N_July_insolation,434.59,W_per_m2,observed;age_uncertainty_unavailable:deterministic_orbital_solution,3afc20dda7b385bdd366bc4c9cf60be02d8defdb4c0f317430ca8386d62f81a3
insolation_convention_1,Berger-orbit91,365.000000,0,65N_July_insolation,437.87,W_per_m2,observed;age_uncertainty_unavailable:deterministic_orbital_solution,3afc20dda7b385bdd366bc4c9cf60be02d8defdb4c0f317430ca8386d62f81a3
insolation_convention_1,Berger-orbit91,366.000000,0,65N_July_insolation,441.67,W_per_m2,observed;age_uncertainty_unavailable:deterministic_orbital_solution,3afc20dda7b385bdd366bc4c9cf60be02d8defdb4c0f317430ca8386d62f81a3
insolation_convention_1,Berger-orbit91,367.000000,0,65N_July_insolation,445.61,W_per_m2,observed;age_uncertainty_unavailable:deterministic_orbital_solution,3afc20dda7b385bdd366bc4c9cf60be02d8defdb4c0f317430ca8386d62f81a3
insolation_convention_1,Berger-orbit91,368.000000,0,65N_July_insolation,449.33,W_per_m2,observed;age_uncertainty_unavailable:deterministic_orbital_solution,3afc20dda7b385bdd366bc4c9cf60be02d8defdb4c0f317430ca8386d62f81a3
insolation_convention_1,Berger-orbit91,369.000000,0,65N_July_insolation,452.47,W_per_m2,observed;age_uncertainty_unavailable:deterministic_orbital_solution,3afc20dda7b385bdd366bc4c9cf60be02d8defdb4c0f317430ca8386d62f81a3
insolation_convention_1,Berger-orbit91,370.000000,0,65N_July_insolation,454.76,W_per_m2,observed;age_uncertainty_unavailable:deterministic_orbital_solution,3afc20dda7b385bdd366bc4c9cf60be02d8defdb4c0f317430ca8386d62f81a3
insolation_convention_1,Berger-orbit91,371.000000,0,65N_July_insolation,456,W_per_m2,observed;age_uncertainty_unavailable:deterministic_orbital_solution,3afc20dda7b385bdd366bc4c9cf60be02d8defdb4c0f317430ca8386d62f81a3
insolation_convention_1,Berger-orbit91,372.000000,0,65N_July_insolation,456.12,W_per_m2,observed;age_uncertainty_unavailable:deterministic_orbital_solution,3afc20dda7b385bdd366bc4c9cf60be02d8defdb4c0f317430ca8386d62f81a3
insolation_convention_1,Berger-orbit91,373.000000,0,65N_July_insolation,455.19,W_per_m2,observed;age_uncertainty_unavailable:deterministic_orbital_solution,3afc20dda7b385bdd366bc4c9cf60be02d8defdb4c0f317430ca8386d62f81a3
insolation_convention_1,Berger-orbit91,374.000000,0,65N_July_insolation,453.37,W_per_m2,observed;age_uncertainty_unavailable:deterministic_orbital_solution,3afc20dda7b385bdd366bc4c9cf60be02d8defdb4c0f317430ca8386d62f81a3
insolation_convention_1,Berger-orbit91,375.000000,0,65N_July_insolation,450.94,W_per_m2,observed;age_uncertainty_unavailable:deterministic_orbital_solution,3afc20dda7b385bdd366bc4c9cf60be02d8defdb4c0f317430ca8386d62f81a3
insolation_convention_1,Berger-orbit91,376.000000,0,65N_July_insolation,448.21,W_per_m2,observed;age_uncertainty_unavailable:deterministic_orbital_solution,3afc20dda7b385bdd366bc4c9cf60be02d8defdb4c0f317430ca8386d62f81a3
insolation_convention_1,Berger-orbit91,377.000000,0,65N_July_insolation,445.51,W_per_m2,observed;age_uncertainty_unavailable:deterministic_orbital_solution,3afc20dda7b385bdd366bc4c9cf60be02d8defdb4c0f317430ca8386d62f81a3
insolation_convention_1,Berger-orbit91,378.000000,0,65N_July_insolation,443.15,W_per_m2,observed;age_uncertainty_unavailable:deterministic_orbital_solution,3afc20dda7b385bdd366bc4c9cf60be02d8defdb4c0f317430ca8386d62f81a3
insolation_convention_1,Berger-orbit91,379.000000,0,65N_July_insolation,441.39,W_per_m2,observed;age_uncertainty_unavailable:deterministic_orbital_solution,3afc20dda7b385bdd366bc4c9cf60be02d8defdb4c0f317430ca8386d62f81a3
insolation_convention_1,Berger-orbit91,380.000000,0,65N_July_insolation,440.36,W_per_m2,observed;age_uncertainty_unavailable:deterministic_orbital_solution,3afc20dda7b385bdd366bc4c9cf60be02d8defdb4c0f317430ca8386d62f81a3
insolation_convention_1,Berger-orbit91,381.000000,0,65N_July_insolation,440.1,W_per_m2,observed;age_uncertainty_unavailable:deterministic_orbital_solution,3afc20dda7b385bdd366bc4c9cf60be02d8defdb4c0f317430ca8386d62f81a3
insolation_convention_1,Berger-orbit91,382.000000,0,65N_July_insolation,440.55,W_per_m2,observed;age_uncertainty_unavailable:deterministic_orbital_solution,3afc20dda7b385bdd366bc4c9cf60be02d8defdb4c0f317430ca8386d62f81a3
insolation_convention_1,Berger-orbit91,383.000000,0,65N_July_insolation,441.52,W_per_m2,observed;age_uncertainty_unavailable:deterministic_orbital_solution,3afc20dda7b385bdd366bc4c9cf60be02d8defdb4c0f317430ca8386d62f81a3
insolation_convention_1,Berger-orbit91,384.000000,0,65N_July_insolation,442.73,W_per_m2,observed;age_uncertainty_unavailable:deterministic_orbital_solution,3afc20dda7b385bdd366bc4c9cf60be02d8defdb4c0f317430ca8386d62f81a3
insolation_convention_1,Berger-orbit91,385.000000,0,65N_July_insolation,443.85,W_per_m2,observed;age_uncertainty_unavailable:deterministic_orbital_solution,3afc20dda7b385bdd366bc4c9cf60be02d8defdb4c0f317430ca8386d62f81a3
insolation_convention_1,Berger-orbit91,386.000000,0,65N_July_insolation,444.55,W_per_m2,observed;age_uncertainty_unavailable:deterministic_orbital_solution,3afc20dda7b385bdd366bc4c9cf60be02d8defdb4c0f317430ca8386d62f81a3
insolation_convention_1,Berger-orbit91,387.000000,0,65N_July_insolation,444.52,W_per_m2,observed;age_uncertainty_unavailable:deterministic_orbital_solution,3afc20dda7b385bdd366bc4c9cf60be02d8defdb4c0f317430ca8386d62f81a3
insolation_convention_1,Berger-orbit91,388.000000,0,65N_July_insolation,443.53,W_per_m2,observed;age_uncertainty_unavailable:deterministic_orbital_solution,3afc20dda7b385bdd366bc4c9cf60be02d8defdb4c0f317430ca8386d62f81a3
insolation_convention_1,Berger-orbit91,389.000000,0,65N_July_insolation,441.5,W_per_m2,observed;age_uncertainty_unavailable:deterministic_orbital_solution,3afc20dda7b385bdd366bc4c9cf60be02d8defdb4c0f317430ca8386d62f81a3
insolation_convention_1,Berger-orbit91,390.000000,0,65N_July_insolation,438.44,W_per_m2,observed;age_uncertainty_unavailable:deterministic_orbital_solution,3afc20dda7b385bdd366bc4c9cf60be02d8defdb4c0f317430ca8386d62f81a3
insolation_convention_1,Berger-orbit91,391.000000,0,65N_July_insolation,434.55,W_per_m2,observed;age_uncertainty_unavailable:deterministic_orbital_solution,3afc20dda7b385bdd366bc4c9cf60be02d8defdb4c0f317430ca8386d62f81a3
insolation_convention_1,Berger-orbit91,392.000000,0,65N_July_insolation,430.14,W_per_m2,observed;age_uncertainty_unavailable:deterministic_orbital_solution,3afc20dda7b385bdd366bc4c9cf60be02d8defdb4c0f317430ca8386d62f81a3
insolation_convention_1,Berger-orbit91,393.000000,0,65N_July_insolation,425.62,W_per_m2,observed;age_uncertainty_unavailable:deterministic_orbital_solution,3afc20dda7b385bdd366bc4c9cf60be02d8defdb4c0f317430ca8386d62f81a3
insolation_convention_1,Berger-orbit91,394.000000,0,65N_July_insolation,421.42,W_per_m2,observed;age_uncertainty_unavailable:deterministic_orbital_solution,3afc20dda7b385bdd366bc4c9cf60be02d8defdb4c0f317430ca8386d62f81a3
insolation_convention_1,Berger-orbit91,395.000000,0,65N_July_insolation,418.01,W_per_m2,observed;age_uncertainty_unavailable:deterministic_orbital_solution,3afc20dda7b385bdd366bc4c9cf60be02d8defdb4c0f317430ca8386d62f81a3
insolation_convention_1,Berger-orbit91,396.000000,0,65N_July_insolation,415.75,W_per_m2,observed;age_uncertainty_unavailable:deterministic_orbital_solution,3afc20dda7b385bdd366bc4c9cf60be02d8defdb4c0f317430ca8386d62f81a3
insolation_convention_1,Berger-orbit91,397.000000,0,65N_July_insolation,414.95,W_per_m2,observed;age_uncertainty_unavailable:deterministic_orbital_solution,3afc20dda7b385bdd366bc4c9cf60be02d8defdb4c0f317430ca8386d62f81a3
insolation_convention_1,Berger-orbit91,398.000000,0,65N_July_insolation,415.75,W_per_m2,observed;age_uncertainty_unavailable:deterministic_orbital_solution,3afc20dda7b385bdd366bc4c9cf60be02d8defdb4c0f317430ca8386d62f81a3
insolation_convention_1,Berger-orbit91,399.000000,0,65N_July_insolation,418.15,W_per_m2,observed;age_uncertainty_unavailable:deterministic_orbital_solution,3afc20dda7b385bdd366bc4c9cf60be02d8defdb4c0f317430ca8386d62f81a3
insolation_convention_1,Berger-orbit91,400.000000,0,65N_July_insolation,422.02,W_per_m2,observed;age_uncertainty_unavailable:deterministic_orbital_solution,3afc20dda7b385bdd366bc4c9cf60be02d8defdb4c0f317430ca8386d62f81a3
insolation_convention_1,Berger-orbit91,401.000000,0,65N_July_insolation,427.04,W_per_m2,observed;age_uncertainty_unavailable:deterministic_orbital_solution,3afc20dda7b385bdd366bc4c9cf60be02d8defdb4c0f317430ca8386d62f81a3
insolation_convention_1,Berger-orbit91,402.000000,0,65N_July_insolation,432.81,W_per_m2,observed;age_uncertainty_unavailable:deterministic_orbital_solution,3afc20dda7b385bdd366bc4c9cf60be02d8defdb4c0f317430ca8386d62f81a3
insolation_convention_1,Berger-orbit91,403.000000,0,65N_July_insolation,438.85,W_per_m2,observed;age_uncertainty_unavailable:deterministic_orbital_solution,3afc20dda7b385bdd366bc4c9cf60be02d8defdb4c0f317430ca8386d62f81a3
insolation_convention_1,Berger-orbit91,404.000000,0,65N_July_insolation,444.65,W_per_m2,observed;age_uncertainty_unavailable:deterministic_orbital_solution,3afc20dda7b385bdd366bc4c9cf60be02d8defdb4c0f317430ca8386d62f81a3
insolation_convention_1,Berger-orbit91,405.000000,0,65N_July_insolation,449.73,W_per_m2,observed;age_uncertainty_unavailable:deterministic_orbital_solution,3afc20dda7b385bdd366bc4c9cf60be02d8defdb4c0f317430ca8386d62f81a3
insolation_convention_1,Berger-orbit91,406.000000,0,65N_July_insolation,453.68,W_per_m2,observed;age_uncertainty_unavailable:deterministic_orbital_solution,3afc20dda7b385bdd366bc4c9cf60be02d8defdb4c0f317430ca8386d62f81a3
insolation_convention_1,Berger-orbit91,407.000000,0,65N_July_insolation,456.24,W_per_m2,observed;age_uncertainty_unavailable:deterministic_orbital_solution,3afc20dda7b385bdd366bc4c9cf60be02d8defdb4c0f317430ca8386d62f81a3
insolation_convention_1,Berger-orbit91,408.000000,0,65N_July_insolation,457.29,W_per_m2,observed;age_uncertainty_unavailable:deterministic_orbital_solution,3afc20dda7b385bdd366bc4c9cf60be02d8defdb4c0f317430ca8386d62f81a3
insolation_convention_1,Berger-orbit91,409.000000,0,65N_July_insolation,456.89,W_per_m2,observed;age_uncertainty_unavailable:deterministic_orbital_solution,3afc20dda7b385bdd366bc4c9cf60be02d8defdb4c0f317430ca8386d62f81a3
insolation_convention_1,Berger-orbit91,410.000000,0,65N_July_insolation,455.22,W_per_m2,observed;age_uncertainty_unavailable:deterministic_orbital_solution,3afc20dda7b385bdd366bc4c9cf60be02d8defdb4c0f317430ca8386d62f81a3
insolation_convention_1,Berger-orbit91,411.000000,0,65N_July_insolation,452.62,W_per_m2,observed;age_uncertainty_unavailable:deterministic_orbital_solution,3afc20dda7b385bdd366bc4c9cf60be02d8defdb4c0f317430ca8386d62f81a3
insolation_convention_1,Berger-orbit91,412.000000,0,65N_July_insolation,449.47,W_per_m2,observed;age_uncertainty_unavailable:deterministic_orbital_solution,3afc20dda7b385bdd366bc4c9cf60be02d8defdb4c0f317430ca8386d62f81a3
insolation_convention_1,Berger-orbit91,413.000000,0,65N_July_insolation,446.21,W_per_m2,observed;age_uncertainty_unavailable:deterministic_orbital_solution,3afc20dda7b385bdd366bc4c9cf60be02d8defdb4c0f317430ca8386d62f81a3
insolation_convention_1,Berger-orbit91,414.000000,0,65N_July_insolation,443.23,W_per_m2,observed;age_uncertainty_unavailable:deterministic_orbital_solution,3afc20dda7b385bdd366bc4c9cf60be02d8defdb4c0f317430ca8386d62f81a3
insolation_convention_1,Berger-orbit91,415.000000,0,65N_July_insolation,440.89,W_per_m2,observed;age_uncertainty_unavailable:deterministic_orbital_solution,3afc20dda7b385bdd366bc4c9cf60be02d8defdb4c0f317430ca8386d62f81a3
insolation_convention_1,Berger-orbit91,416.000000,0,65N_July_insolation,439.42,W_per_m2,observed;age_uncertainty_unavailable:deterministic_orbital_solution,3afc20dda7b385bdd366bc4c9cf60be02d8defdb4c0f317430ca8386d62f81a3
insolation_convention_1,Berger-orbit91,417.000000,0,65N_July_insolation,438.94,W_per_m2,observed;age_uncertainty_unavailable:deterministic_orbital_solution,3afc20dda7b385bdd366bc4c9cf60be02d8defdb4c0f317430ca8386d62f81a3
insolation_convention_1,Berger-orbit91,418.000000,0,65N_July_insolation,439.48,W_per_m2,observed;age_uncertainty_unavailable:deterministic_orbital_solution,3afc20dda7b385bdd366bc4c9cf60be02d8defdb4c0f317430ca8386d62f81a3
insolation_convention_1,Berger-orbit91,419.000000,0,65N_July_insolation,440.89,W_per_m2,observed;age_uncertainty_unavailable:deterministic_orbital_solution,3afc20dda7b385bdd366bc4c9cf60be02d8defdb4c0f317430ca8386d62f81a3
insolation_convention_1,Berger-orbit91,420.000000,0,65N_July_insolation,442.96,W_per_m2,observed;age_uncertainty_unavailable:deterministic_orbital_solution,3afc20dda7b385bdd366bc4c9cf60be02d8defdb4c0f317430ca8386d62f81a3
insolation_convention_1,Berger-orbit91,421.000000,0,65N_July_insolation,445.37,W_per_m2,observed;age_uncertainty_unavailable:deterministic_orbital_solution,3afc20dda7b385bdd366bc4c9cf60be02d8defdb4c0f317430ca8386d62f81a3
insolation_convention_1,Berger-orbit91,422.000000,0,65N_July_insolation,447.76,W_per_m2,observed;age_uncertainty_unavailable:deterministic_orbital_solution,3afc20dda7b385bdd366bc4c9cf60be02d8defdb4c0f317430ca8386d62f81a3
insolation_convention_1,Berger-orbit91,423.000000,0,65N_July_insolation,449.76,W_per_m2,observed;age_uncertainty_unavailable:deterministic_orbital_solution,3afc20dda7b385bdd366bc4c9cf60be02d8defdb4c0f317430ca8386d62f81a3
insolation_convention_1,Berger-orbit91,424.000000,0,65N_July_insolation,451.04,W_per_m2,observed;age_uncertainty_unavailable:deterministic_orbital_solution,3afc20dda7b385bdd366bc4c9cf60be02d8defdb4c0f317430ca8386d62f81a3
insolation_convention_1,Berger-orbit91,425.000000,0,65N_July_insolation,451.34,W_per_m2,observed;age_uncertainty_unavailable:deterministic_orbital_solution,3afc20dda7b385bdd366bc4c9cf60be02d8defdb4c0f317430ca8386d62f81a3
insolation_convention_1,Berger-orbit91,426.000000,0,65N_July_insolation,450.5,W_per_m2,observed;age_uncertainty_unavailable:deterministic_orbital_solution,3afc20dda7b385bdd366bc4c9cf60be02d8defdb4c0f317430ca8386d62f81a3
insolation_convention_1,Berger-orbit91,427.000000,0,65N_July_insolation,448.5,W_per_m2,observed;age_uncertainty_unavailable:deterministic_orbital_solution,3afc20dda7b385bdd366bc4c9cf60be02d8defdb4c0f317430ca8386d62f81a3
insolation_convention_1,Berger-orbit91,428.000000,0,65N_July_insolation,445.46,W_per_m2,observed;age_uncertainty_unavailable:deterministic_orbital_solution,3afc20dda7b385bdd366bc4c9cf60be02d8defdb4c0f317430ca8386d62f81a3
insolation_convention_1,Berger-orbit91,429.000000,0,65N_July_insolation,441.6,W_per_m2,observed;age_uncertainty_unavailable:deterministic_orbital_solution,3afc20dda7b385bdd366bc4c9cf60be02d8defdb4c0f317430ca8386d62f81a3
insolation_convention_1,Berger-orbit91,430.000000,0,65N_July_insolation,437.26,W_per_m2,observed;age_uncertainty_unavailable:deterministic_orbital_solution,3afc20dda7b385bdd366bc4c9cf60be02d8defdb4c0f317430ca8386d62f81a3
insolation_convention_1,Berger-orbit91,431.000000,0,65N_July_insolation,432.83,W_per_m2,observed;age_uncertainty_unavailable:deterministic_orbital_solution,3afc20dda7b385bdd366bc4c9cf60be02d8defdb4c0f317430ca8386d62f81a3
insolation_convention_1,Berger-orbit91,432.000000,0,65N_July_insolation,428.72,W_per_m2,observed;age_uncertainty_unavailable:deterministic_orbital_solution,3afc20dda7b385bdd366bc4c9cf60be02d8defdb4c0f317430ca8386d62f81a3
insolation_convention_1,Berger-orbit91,433.000000,0,65N_July_insolation,425.3,W_per_m2,observed;age_uncertainty_unavailable:deterministic_orbital_solution,3afc20dda7b385bdd366bc4c9cf60be02d8defdb4c0f317430ca8386d62f81a3
insolation_convention_1,Berger-orbit91,434.000000,0,65N_July_insolation,422.86,W_per_m2,observed;age_uncertainty_unavailable:deterministic_orbital_solution,3afc20dda7b385bdd366bc4c9cf60be02d8defdb4c0f317430ca8386d62f81a3
insolation_convention_1,Berger-orbit91,435.000000,0,65N_July_insolation,421.62,W_per_m2,observed;age_uncertainty_unavailable:deterministic_orbital_solution,3afc20dda7b385bdd366bc4c9cf60be02d8defdb4c0f317430ca8386d62f81a3
insolation_convention_1,Berger-orbit91,436.000000,0,65N_July_insolation,421.66,W_per_m2,observed;age_uncertainty_unavailable:deterministic_orbital_solution,3afc20dda7b385bdd366bc4c9cf60be02d8defdb4c0f317430ca8386d62f81a3
insolation_convention_1,Berger-orbit91,437.000000,0,65N_July_insolation,422.91,W_per_m2,observed;age_uncertainty_unavailable:deterministic_orbital_solution,3afc20dda7b385bdd366bc4c9cf60be02d8defdb4c0f317430ca8386d62f81a3
insolation_convention_1,Berger-orbit91,438.000000,0,65N_July_insolation,425.23,W_per_m2,observed;age_uncertainty_unavailable:deterministic_orbital_solution,3afc20dda7b385bdd366bc4c9cf60be02d8defdb4c0f317430ca8386d62f81a3
insolation_convention_1,Berger-orbit91,439.000000,0,65N_July_insolation,428.32,W_per_m2,observed;age_uncertainty_unavailable:deterministic_orbital_solution,3afc20dda7b385bdd366bc4c9cf60be02d8defdb4c0f317430ca8386d62f81a3
insolation_convention_1,Berger-orbit91,440.000000,0,65N_July_insolation,431.84,W_per_m2,observed;age_uncertainty_unavailable:deterministic_orbital_solution,3afc20dda7b385bdd366bc4c9cf60be02d8defdb4c0f317430ca8386d62f81a3
insolation_convention_1,Berger-orbit91,441.000000,0,65N_July_insolation,435.43,W_per_m2,observed;age_uncertainty_unavailable:deterministic_orbital_solution,3afc20dda7b385bdd366bc4c9cf60be02d8defdb4c0f317430ca8386d62f81a3
insolation_convention_1,Berger-orbit91,442.000000,0,65N_July_insolation,438.7,W_per_m2,observed;age_uncertainty_unavailable:deterministic_orbital_solution,3afc20dda7b385bdd366bc4c9cf60be02d8defdb4c0f317430ca8386d62f81a3
insolation_convention_1,Berger-orbit91,443.000000,0,65N_July_insolation,441.33,W_per_m2,observed;age_uncertainty_unavailable:deterministic_orbital_solution,3afc20dda7b385bdd366bc4c9cf60be02d8defdb4c0f317430ca8386d62f81a3
insolation_convention_1,Berger-orbit91,444.000000,0,65N_July_insolation,443.11,W_per_m2,observed;age_uncertainty_unavailable:deterministic_orbital_solution,3afc20dda7b385bdd366bc4c9cf60be02d8defdb4c0f317430ca8386d62f81a3
insolation_convention_1,Berger-orbit91,445.000000,0,65N_July_insolation,443.93,W_per_m2,observed;age_uncertainty_unavailable:deterministic_orbital_solution,3afc20dda7b385bdd366bc4c9cf60be02d8defdb4c0f317430ca8386d62f81a3
insolation_convention_1,Berger-orbit91,446.000000,0,65N_July_insolation,443.78,W_per_m2,observed;age_uncertainty_unavailable:deterministic_orbital_solution,3afc20dda7b385bdd366bc4c9cf60be02d8defdb4c0f317430ca8386d62f81a3
insolation_convention_1,Berger-orbit91,447.000000,0,65N_July_insolation,442.8,W_per_m2,observed;age_uncertainty_unavailable:deterministic_orbital_solution,3afc20dda7b385bdd366bc4c9cf60be02d8defdb4c0f317430ca8386d62f81a3
insolation_convention_1,Berger-orbit91,448.000000,0,65N_July_insolation,441.24,W_per_m2,observed;age_uncertainty_unavailable:deterministic_orbital_solution,3afc20dda7b385bdd366bc4c9cf60be02d8defdb4c0f317430ca8386d62f81a3
insolation_convention_1,Berger-orbit91,449.000000,0,65N_July_insolation,439.39,W_per_m2,observed;age_uncertainty_unavailable:deterministic_orbital_solution,3afc20dda7b385bdd366bc4c9cf60be02d8defdb4c0f317430ca8386d62f81a3
insolation_convention_1,Berger-orbit91,450.000000,0,65N_July_insolation,437.59,W_per_m2,observed;age_uncertainty_unavailable:deterministic_orbital_solution,3afc20dda7b385bdd366bc4c9cf60be02d8defdb4c0f317430ca8386d62f81a3
insolation_convention_1,Berger-orbit91,451.000000,0,65N_July_insolation,436.19,W_per_m2,observed;age_uncertainty_unavailable:deterministic_orbital_solution,3afc20dda7b385bdd366bc4c9cf60be02d8defdb4c0f317430ca8386d62f81a3
insolation_convention_1,Berger-orbit91,452.000000,0,65N_July_insolation,435.46,W_per_m2,observed;age_uncertainty_unavailable:deterministic_orbital_solution,3afc20dda7b385bdd366bc4c9cf60be02d8defdb4c0f317430ca8386d62f81a3
insolation_convention_1,Berger-orbit91,453.000000,0,65N_July_insolation,435.63,W_per_m2,observed;age_uncertainty_unavailable:deterministic_orbital_solution,3afc20dda7b385bdd366bc4c9cf60be02d8defdb4c0f317430ca8386d62f81a3
insolation_convention_1,Berger-orbit91,454.000000,0,65N_July_insolation,436.83,W_per_m2,observed;age_uncertainty_unavailable:deterministic_orbital_solution,3afc20dda7b385bdd366bc4c9cf60be02d8defdb4c0f317430ca8386d62f81a3
insolation_convention_1,Berger-orbit91,455.000000,0,65N_July_insolation,439.06,W_per_m2,observed;age_uncertainty_unavailable:deterministic_orbital_solution,3afc20dda7b385bdd366bc4c9cf60be02d8defdb4c0f317430ca8386d62f81a3
insolation_convention_1,Berger-orbit91,456.000000,0,65N_July_insolation,442.22,W_per_m2,observed;age_uncertainty_unavailable:deterministic_orbital_solution,3afc20dda7b385bdd366bc4c9cf60be02d8defdb4c0f317430ca8386d62f81a3
insolation_convention_1,Berger-orbit91,457.000000,0,65N_July_insolation,446.07,W_per_m2,observed;age_uncertainty_unavailable:deterministic_orbital_solution,3afc20dda7b385bdd366bc4c9cf60be02d8defdb4c0f317430ca8386d62f81a3
insolation_convention_1,Berger-orbit91,458.000000,0,65N_July_insolation,450.29,W_per_m2,observed;age_uncertainty_unavailable:deterministic_orbital_solution,3afc20dda7b385bdd366bc4c9cf60be02d8defdb4c0f317430ca8386d62f81a3
insolation_convention_1,Berger-orbit91,459.000000,0,65N_July_insolation,454.46,W_per_m2,observed;age_uncertainty_unavailable:deterministic_orbital_solution,3afc20dda7b385bdd366bc4c9cf60be02d8defdb4c0f317430ca8386d62f81a3
insolation_convention_1,Berger-orbit91,460.000000,0,65N_July_insolation,458.13,W_per_m2,observed;age_uncertainty_unavailable:deterministic_orbital_solution,3afc20dda7b385bdd366bc4c9cf60be02d8defdb4c0f317430ca8386d62f81a3
insolation_convention_1,Berger-orbit91,461.000000,0,65N_July_insolation,460.84,W_per_m2,observed;age_uncertainty_unavailable:deterministic_orbital_solution,3afc20dda7b385bdd366bc4c9cf60be02d8defdb4c0f317430ca8386d62f81a3
insolation_convention_1,Berger-orbit91,462.000000,0,65N_July_insolation,462.21,W_per_m2,observed;age_uncertainty_unavailable:deterministic_orbital_solution,3afc20dda7b385bdd366bc4c9cf60be02d8defdb4c0f317430ca8386d62f81a3
insolation_convention_1,Berger-orbit91,463.000000,0,65N_July_insolation,461.92,W_per_m2,observed;age_uncertainty_unavailable:deterministic_orbital_solution,3afc20dda7b385bdd366bc4c9cf60be02d8defdb4c0f317430ca8386d62f81a3
insolation_convention_1,Berger-orbit91,464.000000,0,65N_July_insolation,459.81,W_per_m2,observed;age_uncertainty_unavailable:deterministic_orbital_solution,3afc20dda7b385bdd366bc4c9cf60be02d8defdb4c0f317430ca8386d62f81a3
insolation_convention_1,Berger-orbit91,465.000000,0,65N_July_insolation,455.91,W_per_m2,observed;age_uncertainty_unavailable:deterministic_orbital_solution,3afc20dda7b385bdd366bc4c9cf60be02d8defdb4c0f317430ca8386d62f81a3
insolation_convention_1,Berger-orbit91,466.000000,0,65N_July_insolation,450.4,W_per_m2,observed;age_uncertainty_unavailable:deterministic_orbital_solution,3afc20dda7b385bdd366bc4c9cf60be02d8defdb4c0f317430ca8386d62f81a3
insolation_convention_1,Berger-orbit91,467.000000,0,65N_July_insolation,443.66,W_per_m2,observed;age_uncertainty_unavailable:deterministic_orbital_solution,3afc20dda7b385bdd366bc4c9cf60be02d8defdb4c0f317430ca8386d62f81a3
insolation_convention_1,Berger-orbit91,468.000000,0,65N_July_insolation,436.2,W_per_m2,observed;age_uncertainty_unavailable:deterministic_orbital_solution,3afc20dda7b385bdd366bc4c9cf60be02d8defdb4c0f317430ca8386d62f81a3
insolation_convention_1,Berger-orbit91,469.000000,0,65N_July_insolation,428.62,W_per_m2,observed;age_uncertainty_unavailable:deterministic_orbital_solution,3afc20dda7b385bdd366bc4c9cf60be02d8defdb4c0f317430ca8386d62f81a3
insolation_convention_1,Berger-orbit91,470.000000,0,65N_July_insolation,421.57,W_per_m2,observed;age_uncertainty_unavailable:deterministic_orbital_solution,3afc20dda7b385bdd366bc4c9cf60be02d8defdb4c0f317430ca8386d62f81a3
insolation_convention_1,Berger-orbit91,471.000000,0,65N_July_insolation,415.65,W_per_m2,observed;age_uncertainty_unavailable:deterministic_orbital_solution,3afc20dda7b385bdd366bc4c9cf60be02d8defdb4c0f317430ca8386d62f81a3
insolation_convention_1,Berger-orbit91,472.000000,0,65N_July_insolation,411.41,W_per_m2,observed;age_uncertainty_unavailable:deterministic_orbital_solution,3afc20dda7b385bdd366bc4c9cf60be02d8defdb4c0f317430ca8386d62f81a3
insolation_convention_1,Berger-orbit91,473.000000,0,65N_July_insolation,409.24,W_per_m2,observed;age_uncertainty_unavailable:deterministic_orbital_solution,3afc20dda7b385bdd366bc4c9cf60be02d8defdb4c0f317430ca8386d62f81a3
insolation_convention_1,Berger-orbit91,474.000000,0,65N_July_insolation,409.4,W_per_m2,observed;age_uncertainty_unavailable:deterministic_orbital_solution,3afc20dda7b385bdd366bc4c9cf60be02d8defdb4c0f317430ca8386d62f81a3
insolation_convention_1,Berger-orbit91,475.000000,0,65N_July_insolation,411.94,W_per_m2,observed;age_uncertainty_unavailable:deterministic_orbital_solution,3afc20dda7b385bdd366bc4c9cf60be02d8defdb4c0f317430ca8386d62f81a3
insolation_convention_1,Berger-orbit91,476.000000,0,65N_July_insolation,416.71,W_per_m2,observed;age_uncertainty_unavailable:deterministic_orbital_solution,3afc20dda7b385bdd366bc4c9cf60be02d8defdb4c0f317430ca8386d62f81a3
insolation_convention_1,Berger-orbit91,477.000000,0,65N_July_insolation,423.36,W_per_m2,observed;age_uncertainty_unavailable:deterministic_orbital_solution,3afc20dda7b385bdd366bc4c9cf60be02d8defdb4c0f317430ca8386d62f81a3
insolation_convention_1,Berger-orbit91,478.000000,0,65N_July_insolation,431.39,W_per_m2,observed;age_uncertainty_unavailable:deterministic_orbital_solution,3afc20dda7b385bdd366bc4c9cf60be02d8defdb4c0f317430ca8386d62f81a3
insolation_convention_1,Berger-orbit91,479.000000,0,65N_July_insolation,440.1,W_per_m2,observed;age_uncertainty_unavailable:deterministic_orbital_solution,3afc20dda7b385bdd366bc4c9cf60be02d8defdb4c0f317430ca8386d62f81a3
insolation_convention_1,Berger-orbit91,480.000000,0,65N_July_insolation,448.75,W_per_m2,observed;age_uncertainty_unavailable:deterministic_orbital_solution,3afc20dda7b385bdd366bc4c9cf60be02d8defdb4c0f317430ca8386d62f81a3
insolation_convention_1,Berger-orbit91,481.000000,0,65N_July_insolation,456.55,W_per_m2,observed;age_uncertainty_unavailable:deterministic_orbital_solution,3afc20dda7b385bdd366bc4c9cf60be02d8defdb4c0f317430ca8386d62f81a3
insolation_convention_1,Berger-orbit91,482.000000,0,65N_July_insolation,462.76,W_per_m2,observed;age_uncertainty_unavailable:deterministic_orbital_solution,3afc20dda7b385bdd366bc4c9cf60be02d8defdb4c0f317430ca8386d62f81a3
insolation_convention_1,Berger-orbit91,483.000000,0,65N_July_insolation,466.81,W_per_m2,observed;age_uncertainty_unavailable:deterministic_orbital_solution,3afc20dda7b385bdd366bc4c9cf60be02d8defdb4c0f317430ca8386d62f81a3
insolation_convention_1,Berger-orbit91,484.000000,0,65N_July_insolation,468.32,W_per_m2,observed;age_uncertainty_unavailable:deterministic_orbital_solution,3afc20dda7b385bdd366bc4c9cf60be02d8defdb4c0f317430ca8386d62f81a3
insolation_convention_1,Berger-orbit91,485.000000,0,65N_July_insolation,467.17,W_per_m2,observed;age_uncertainty_unavailable:deterministic_orbital_solution,3afc20dda7b385bdd366bc4c9cf60be02d8defdb4c0f317430ca8386d62f81a3
insolation_convention_1,Berger-orbit91,486.000000,0,65N_July_insolation,463.52,W_per_m2,observed;age_uncertainty_unavailable:deterministic_orbital_solution,3afc20dda7b385bdd366bc4c9cf60be02d8defdb4c0f317430ca8386d62f81a3
insolation_convention_1,Berger-orbit91,487.000000,0,65N_July_insolation,457.76,W_per_m2,observed;age_uncertainty_unavailable:deterministic_orbital_solution,3afc20dda7b385bdd366bc4c9cf60be02d8defdb4c0f317430ca8386d62f81a3
insolation_convention_1,Berger-orbit91,488.000000,0,65N_July_insolation,450.51,W_per_m2,observed;age_uncertainty_unavailable:deterministic_orbital_solution,3afc20dda7b385bdd366bc4c9cf60be02d8defdb4c0f317430ca8386d62f81a3
insolation_convention_1,Berger-orbit91,489.000000,0,65N_July_insolation,442.52,W_per_m2,observed;age_uncertainty_unavailable:deterministic_orbital_solution,3afc20dda7b385bdd366bc4c9cf60be02d8defdb4c0f317430ca8386d62f81a3
insolation_convention_1,Berger-orbit91,490.000000,0,65N_July_insolation,434.57,W_per_m2,observed;age_uncertainty_unavailable:deterministic_orbital_solution,3afc20dda7b385bdd366bc4c9cf60be02d8defdb4c0f317430ca8386d62f81a3
insolation_convention_1,Berger-orbit91,491.000000,0,65N_July_insolation,427.45,W_per_m2,observed;age_uncertainty_unavailable:deterministic_orbital_solution,3afc20dda7b385bdd366bc4c9cf60be02d8defdb4c0f317430ca8386d62f81a3
insolation_convention_1,Berger-orbit91,492.000000,0,65N_July_insolation,421.81,W_per_m2,observed;age_uncertainty_unavailable:deterministic_orbital_solution,3afc20dda7b385bdd366bc4c9cf60be02d8defdb4c0f317430ca8386d62f81a3
insolation_convention_1,Berger-orbit91,493.000000,0,65N_July_insolation,418.18,W_per_m2,observed;age_uncertainty_unavailable:deterministic_orbital_solution,3afc20dda7b385bdd366bc4c9cf60be02d8defdb4c0f317430ca8386d62f81a3
insolation_convention_1,Berger-orbit91,494.000000,0,65N_July_insolation,416.9,W_per_m2,observed;age_uncertainty_unavailable:deterministic_orbital_solution,3afc20dda7b385bdd366bc4c9cf60be02d8defdb4c0f317430ca8386d62f81a3
insolation_convention_1,Berger-orbit91,495.000000,0,65N_July_insolation,418.09,W_per_m2,observed;age_uncertainty_unavailable:deterministic_orbital_solution,3afc20dda7b385bdd366bc4c9cf60be02d8defdb4c0f317430ca8386d62f81a3
insolation_convention_1,Berger-orbit91,496.000000,0,65N_July_insolation,421.66,W_per_m2,observed;age_uncertainty_unavailable:deterministic_orbital_solution,3afc20dda7b385bdd366bc4c9cf60be02d8defdb4c0f317430ca8386d62f81a3
insolation_convention_1,Berger-orbit91,497.000000,0,65N_July_insolation,427.31,W_per_m2,observed;age_uncertainty_unavailable:deterministic_orbital_solution,3afc20dda7b385bdd366bc4c9cf60be02d8defdb4c0f317430ca8386d62f81a3
insolation_convention_1,Berger-orbit91,498.000000,0,65N_July_insolation,434.55,W_per_m2,observed;age_uncertainty_unavailable:deterministic_orbital_solution,3afc20dda7b385bdd366bc4c9cf60be02d8defdb4c0f317430ca8386d62f81a3
insolation_convention_1,Berger-orbit91,499.000000,0,65N_July_insolation,442.73,W_per_m2,observed;age_uncertainty_unavailable:deterministic_orbital_solution,3afc20dda7b385bdd366bc4c9cf60be02d8defdb4c0f317430ca8386d62f81a3
insolation_convention_1,Berger-orbit91,500.000000,0,65N_July_insolation,451.09,W_per_m2,observed;age_uncertainty_unavailable:deterministic_orbital_solution,3afc20dda7b385bdd366bc4c9cf60be02d8defdb4c0f317430ca8386d62f81a3
insolation_convention_1,Berger-orbit91,501.000000,0,65N_July_insolation,458.83,W_per_m2,observed;age_uncertainty_unavailable:deterministic_orbital_solution,3afc20dda7b385bdd366bc4c9cf60be02d8defdb4c0f317430ca8386d62f81a3
insolation_convention_1,Berger-orbit91,502.000000,0,65N_July_insolation,465.19,W_per_m2,observed;age_uncertainty_unavailable:deterministic_orbital_solution,3afc20dda7b385bdd366bc4c9cf60be02d8defdb4c0f317430ca8386d62f81a3
insolation_convention_1,Berger-orbit91,503.000000,0,65N_July_insolation,469.51,W_per_m2,observed;age_uncertainty_unavailable:deterministic_orbital_solution,3afc20dda7b385bdd366bc4c9cf60be02d8defdb4c0f317430ca8386d62f81a3
insolation_convention_1,Berger-orbit91,504.000000,0,65N_July_insolation,471.35,W_per_m2,observed;age_uncertainty_unavailable:deterministic_orbital_solution,3afc20dda7b385bdd366bc4c9cf60be02d8defdb4c0f317430ca8386d62f81a3
insolation_convention_1,Berger-orbit91,505.000000,0,65N_July_insolation,470.5,W_per_m2,observed;age_uncertainty_unavailable:deterministic_orbital_solution,3afc20dda7b385bdd366bc4c9cf60be02d8defdb4c0f317430ca8386d62f81a3
insolation_convention_1,Berger-orbit91,506.000000,0,65N_July_insolation,467.02,W_per_m2,observed;age_uncertainty_unavailable:deterministic_orbital_solution,3afc20dda7b385bdd366bc4c9cf60be02d8defdb4c0f317430ca8386d62f81a3
insolation_convention_1,Berger-orbit91,507.000000,0,65N_July_insolation,461.22,W_per_m2,observed;age_uncertainty_unavailable:deterministic_orbital_solution,3afc20dda7b385bdd366bc4c9cf60be02d8defdb4c0f317430ca8386d62f81a3
insolation_convention_1,Berger-orbit91,508.000000,0,65N_July_insolation,453.64,W_per_m2,observed;age_uncertainty_unavailable:deterministic_orbital_solution,3afc20dda7b385bdd366bc4c9cf60be02d8defdb4c0f317430ca8386d62f81a3
insolation_convention_1,Berger-orbit91,509.000000,0,65N_July_insolation,444.98,W_per_m2,observed;age_uncertainty_unavailable:deterministic_orbital_solution,3afc20dda7b385bdd366bc4c9cf60be02d8defdb4c0f317430ca8386d62f81a3
insolation_convention_1,Berger-orbit91,510.000000,0,65N_July_insolation,435.98,W_per_m2,observed;age_uncertainty_unavailable:deterministic_orbital_solution,3afc20dda7b385bdd366bc4c9cf60be02d8defdb4c0f317430ca8386d62f81a3
insolation_convention_1,Berger-orbit91,511.000000,0,65N_July_insolation,427.42,W_per_m2,observed;age_uncertainty_unavailable:deterministic_orbital_solution,3afc20dda7b385bdd366bc4c9cf60be02d8defdb4c0f317430ca8386d62f81a3
insolation_convention_1,Berger-orbit91,512.000000,0,65N_July_insolation,419.94,W_per_m2,observed;age_uncertainty_unavailable:deterministic_orbital_solution,3afc20dda7b385bdd366bc4c9cf60be02d8defdb4c0f317430ca8386d62f81a3
insolation_convention_1,Berger-orbit91,513.000000,0,65N_July_insolation,414.09,W_per_m2,observed;age_uncertainty_unavailable:deterministic_orbital_solution,3afc20dda7b385bdd366bc4c9cf60be02d8defdb4c0f317430ca8386d62f81a3
insolation_convention_1,Berger-orbit91,514.000000,0,65N_July_insolation,410.23,W_per_m2,observed;age_uncertainty_unavailable:deterministic_orbital_solution,3afc20dda7b385bdd366bc4c9cf60be02d8defdb4c0f317430ca8386d62f81a3
insolation_convention_1,Berger-orbit91,515.000000,0,65N_July_insolation,408.53,W_per_m2,observed;age_uncertainty_unavailable:deterministic_orbital_solution,3afc20dda7b385bdd366bc4c9cf60be02d8defdb4c0f317430ca8386d62f81a3
insolation_convention_1,Berger-orbit91,516.000000,0,65N_July_insolation,408.98,W_per_m2,observed;age_uncertainty_unavailable:deterministic_orbital_solution,3afc20dda7b385bdd366bc4c9cf60be02d8defdb4c0f317430ca8386d62f81a3
insolation_convention_1,Berger-orbit91,517.000000,0,65N_July_insolation,411.39,W_per_m2,observed;age_uncertainty_unavailable:deterministic_orbital_solution,3afc20dda7b385bdd366bc4c9cf60be02d8defdb4c0f317430ca8386d62f81a3
insolation_convention_1,Berger-orbit91,518.000000,0,65N_July_insolation,415.42,W_per_m2,observed;age_uncertainty_unavailable:deterministic_orbital_solution,3afc20dda7b385bdd366bc4c9cf60be02d8defdb4c0f317430ca8386d62f81a3
insolation_convention_1,Berger-orbit91,519.000000,0,65N_July_insolation,420.64,W_per_m2,observed;age_uncertainty_unavailable:deterministic_orbital_solution,3afc20dda7b385bdd366bc4c9cf60be02d8defdb4c0f317430ca8386d62f81a3
insolation_convention_1,Berger-orbit91,520.000000,0,65N_July_insolation,426.54,W_per_m2,observed;age_uncertainty_unavailable:deterministic_orbital_solution,3afc20dda7b385bdd366bc4c9cf60be02d8defdb4c0f317430ca8386d62f81a3
insolation_convention_1,Berger-orbit91,521.000000,0,65N_July_insolation,432.62,W_per_m2,observed;age_uncertainty_unavailable:deterministic_orbital_solution,3afc20dda7b385bdd366bc4c9cf60be02d8defdb4c0f317430ca8386d62f81a3
insolation_convention_1,Berger-orbit91,522.000000,0,65N_July_insolation,438.41,W_per_m2,observed;age_uncertainty_unavailable:deterministic_orbital_solution,3afc20dda7b385bdd366bc4c9cf60be02d8defdb4c0f317430ca8386d62f81a3
insolation_convention_1,Berger-orbit91,523.000000,0,65N_July_insolation,443.54,W_per_m2,observed;age_uncertainty_unavailable:deterministic_orbital_solution,3afc20dda7b385bdd366bc4c9cf60be02d8defdb4c0f317430ca8386d62f81a3
insolation_convention_1,Berger-orbit91,524.000000,0,65N_July_insolation,447.75,W_per_m2,observed;age_uncertainty_unavailable:deterministic_orbital_solution,3afc20dda7b385bdd366bc4c9cf60be02d8defdb4c0f317430ca8386d62f81a3
insolation_convention_1,Berger-orbit91,525.000000,0,65N_July_insolation,450.91,W_per_m2,observed;age_uncertainty_unavailable:deterministic_orbital_solution,3afc20dda7b385bdd366bc4c9cf60be02d8defdb4c0f317430ca8386d62f81a3
insolation_convention_1,Berger-orbit91,526.000000,0,65N_July_insolation,453.02,W_per_m2,observed;age_uncertainty_unavailable:deterministic_orbital_solution,3afc20dda7b385bdd366bc4c9cf60be02d8defdb4c0f317430ca8386d62f81a3
insolation_convention_1,Berger-orbit91,527.000000,0,65N_July_insolation,454.18,W_per_m2,observed;age_uncertainty_unavailable:deterministic_orbital_solution,3afc20dda7b385bdd366bc4c9cf60be02d8defdb4c0f317430ca8386d62f81a3
insolation_convention_1,Berger-orbit91,528.000000,0,65N_July_insolation,454.57,W_per_m2,observed;age_uncertainty_unavailable:deterministic_orbital_solution,3afc20dda7b385bdd366bc4c9cf60be02d8defdb4c0f317430ca8386d62f81a3
insolation_convention_1,Berger-orbit91,529.000000,0,65N_July_insolation,454.38,W_per_m2,observed;age_uncertainty_unavailable:deterministic_orbital_solution,3afc20dda7b385bdd366bc4c9cf60be02d8defdb4c0f317430ca8386d62f81a3
insolation_convention_1,Berger-orbit91,530.000000,0,65N_July_insolation,453.82,W_per_m2,observed;age_uncertainty_unavailable:deterministic_orbital_solution,3afc20dda7b385bdd366bc4c9cf60be02d8defdb4c0f317430ca8386d62f81a3
insolation_convention_1,Berger-orbit91,531.000000,0,65N_July_insolation,453.07,W_per_m2,observed;age_uncertainty_unavailable:deterministic_orbital_solution,3afc20dda7b385bdd366bc4c9cf60be02d8defdb4c0f317430ca8386d62f81a3
insolation_convention_1,Berger-orbit91,532.000000,0,65N_July_insolation,452.22,W_per_m2,observed;age_uncertainty_unavailable:deterministic_orbital_solution,3afc20dda7b385bdd366bc4c9cf60be02d8defdb4c0f317430ca8386d62f81a3
insolation_convention_1,Berger-orbit91,533.000000,0,65N_July_insolation,451.35,W_per_m2,observed;age_uncertainty_unavailable:deterministic_orbital_solution,3afc20dda7b385bdd366bc4c9cf60be02d8defdb4c0f317430ca8386d62f81a3
insolation_convention_1,Berger-orbit91,534.000000,0,65N_July_insolation,450.43,W_per_m2,observed;age_uncertainty_unavailable:deterministic_orbital_solution,3afc20dda7b385bdd366bc4c9cf60be02d8defdb4c0f317430ca8386d62f81a3
insolation_convention_1,Berger-orbit91,535.000000,0,65N_July_insolation,449.43,W_per_m2,observed;age_uncertainty_unavailable:deterministic_orbital_solution,3afc20dda7b385bdd366bc4c9cf60be02d8defdb4c0f317430ca8386d62f81a3
insolation_convention_1,Berger-orbit91,536.000000,0,65N_July_insolation,448.25,W_per_m2,observed;age_uncertainty_unavailable:deterministic_orbital_solution,3afc20dda7b385bdd366bc4c9cf60be02d8defdb4c0f317430ca8386d62f81a3
insolation_convention_1,Berger-orbit91,537.000000,0,65N_July_insolation,446.83,W_per_m2,observed;age_uncertainty_unavailable:deterministic_orbital_solution,3afc20dda7b385bdd366bc4c9cf60be02d8defdb4c0f317430ca8386d62f81a3
insolation_convention_1,Berger-orbit91,538.000000,0,65N_July_insolation,445.11,W_per_m2,observed;age_uncertainty_unavailable:deterministic_orbital_solution,3afc20dda7b385bdd366bc4c9cf60be02d8defdb4c0f317430ca8386d62f81a3
insolation_convention_1,Berger-orbit91,539.000000,0,65N_July_insolation,443.08,W_per_m2,observed;age_uncertainty_unavailable:deterministic_orbital_solution,3afc20dda7b385bdd366bc4c9cf60be02d8defdb4c0f317430ca8386d62f81a3
insolation_convention_1,Berger-orbit91,540.000000,0,65N_July_insolation,440.8,W_per_m2,observed;age_uncertainty_unavailable:deterministic_orbital_solution,3afc20dda7b385bdd366bc4c9cf60be02d8defdb4c0f317430ca8386d62f81a3
insolation_convention_1,Berger-orbit91,541.000000,0,65N_July_insolation,438.38,W_per_m2,observed;age_uncertainty_unavailable:deterministic_orbital_solution,3afc20dda7b385bdd366bc4c9cf60be02d8defdb4c0f317430ca8386d62f81a3
insolation_convention_1,Berger-orbit91,542.000000,0,65N_July_insolation,436,W_per_m2,observed;age_uncertainty_unavailable:deterministic_orbital_solution,3afc20dda7b385bdd366bc4c9cf60be02d8defdb4c0f317430ca8386d62f81a3
insolation_convention_1,Berger-orbit91,543.000000,0,65N_July_insolation,433.86,W_per_m2,observed;age_uncertainty_unavailable:deterministic_orbital_solution,3afc20dda7b385bdd366bc4c9cf60be02d8defdb4c0f317430ca8386d62f81a3
insolation_convention_1,Berger-orbit91,544.000000,0,65N_July_insolation,432.21,W_per_m2,observed;age_uncertainty_unavailable:deterministic_orbital_solution,3afc20dda7b385bdd366bc4c9cf60be02d8defdb4c0f317430ca8386d62f81a3
insolation_convention_1,Berger-orbit91,545.000000,0,65N_July_insolation,431.24,W_per_m2,observed;age_uncertainty_unavailable:deterministic_orbital_solution,3afc20dda7b385bdd366bc4c9cf60be02d8defdb4c0f317430ca8386d62f81a3
insolation_convention_1,Berger-orbit91,546.000000,0,65N_July_insolation,431.15,W_per_m2,observed;age_uncertainty_unavailable:deterministic_orbital_solution,3afc20dda7b385bdd366bc4c9cf60be02d8defdb4c0f317430ca8386d62f81a3
insolation_convention_1,Berger-orbit91,547.000000,0,65N_July_insolation,432.03,W_per_m2,observed;age_uncertainty_unavailable:deterministic_orbital_solution,3afc20dda7b385bdd366bc4c9cf60be02d8defdb4c0f317430ca8386d62f81a3
insolation_convention_1,Berger-orbit91,548.000000,0,65N_July_insolation,433.89,W_per_m2,observed;age_uncertainty_unavailable:deterministic_orbital_solution,3afc20dda7b385bdd366bc4c9cf60be02d8defdb4c0f317430ca8386d62f81a3
insolation_convention_1,Berger-orbit91,549.000000,0,65N_July_insolation,436.6,W_per_m2,observed;age_uncertainty_unavailable:deterministic_orbital_solution,3afc20dda7b385bdd366bc4c9cf60be02d8defdb4c0f317430ca8386d62f81a3
insolation_convention_1,Berger-orbit91,550.000000,0,65N_July_insolation,439.95,W_per_m2,observed;age_uncertainty_unavailable:deterministic_orbital_solution,3afc20dda7b385bdd366bc4c9cf60be02d8defdb4c0f317430ca8386d62f81a3
insolation_convention_1,Berger-orbit91,551.000000,0,65N_July_insolation,443.59,W_per_m2,observed;age_uncertainty_unavailable:deterministic_orbital_solution,3afc20dda7b385bdd366bc4c9cf60be02d8defdb4c0f317430ca8386d62f81a3
insolation_convention_1,Berger-orbit91,552.000000,0,65N_July_insolation,447.09,W_per_m2,observed;age_uncertainty_unavailable:deterministic_orbital_solution,3afc20dda7b385bdd366bc4c9cf60be02d8defdb4c0f317430ca8386d62f81a3
insolation_convention_1,Berger-orbit91,553.000000,0,65N_July_insolation,450,W_per_m2,observed;age_uncertainty_unavailable:deterministic_orbital_solution,3afc20dda7b385bdd366bc4c9cf60be02d8defdb4c0f317430ca8386d62f81a3
insolation_convention_1,Berger-orbit91,554.000000,0,65N_July_insolation,451.86,W_per_m2,observed;age_uncertainty_unavailable:deterministic_orbital_solution,3afc20dda7b385bdd366bc4c9cf60be02d8defdb4c0f317430ca8386d62f81a3
insolation_convention_1,Berger-orbit91,555.000000,0,65N_July_insolation,452.29,W_per_m2,observed;age_uncertainty_unavailable:deterministic_orbital_solution,3afc20dda7b385bdd366bc4c9cf60be02d8defdb4c0f317430ca8386d62f81a3
insolation_convention_1,Berger-orbit91,556.000000,0,65N_July_insolation,451.02,W_per_m2,observed;age_uncertainty_unavailable:deterministic_orbital_solution,3afc20dda7b385bdd366bc4c9cf60be02d8defdb4c0f317430ca8386d62f81a3
insolation_convention_1,Berger-orbit91,557.000000,0,65N_July_insolation,447.98,W_per_m2,observed;age_uncertainty_unavailable:deterministic_orbital_solution,3afc20dda7b385bdd366bc4c9cf60be02d8defdb4c0f317430ca8386d62f81a3
insolation_convention_1,Berger-orbit91,558.000000,0,65N_July_insolation,443.29,W_per_m2,observed;age_uncertainty_unavailable:deterministic_orbital_solution,3afc20dda7b385bdd366bc4c9cf60be02d8defdb4c0f317430ca8386d62f81a3
insolation_convention_1,Berger-orbit91,559.000000,0,65N_July_insolation,437.27,W_per_m2,observed;age_uncertainty_unavailable:deterministic_orbital_solution,3afc20dda7b385bdd366bc4c9cf60be02d8defdb4c0f317430ca8386d62f81a3
insolation_convention_1,Berger-orbit91,560.000000,0,65N_July_insolation,430.4,W_per_m2,observed;age_uncertainty_unavailable:deterministic_orbital_solution,3afc20dda7b385bdd366bc4c9cf60be02d8defdb4c0f317430ca8386d62f81a3
insolation_convention_1,Berger-orbit91,561.000000,0,65N_July_insolation,423.3,W_per_m2,observed;age_uncertainty_unavailable:deterministic_orbital_solution,3afc20dda7b385bdd366bc4c9cf60be02d8defdb4c0f317430ca8386d62f81a3
insolation_convention_1,Berger-orbit91,562.000000,0,65N_July_insolation,416.63,W_per_m2,observed;age_uncertainty_unavailable:deterministic_orbital_solution,3afc20dda7b385bdd366bc4c9cf60be02d8defdb4c0f317430ca8386d62f81a3
insolation_convention_1,Berger-orbit91,563.000000,0,65N_July_insolation,411.07,W_per_m2,observed;age_uncertainty_unavailable:deterministic_orbital_solution,3afc20dda7b385bdd366bc4c9cf60be02d8defdb4c0f317430ca8386d62f81a3
insolation_convention_1,Berger-orbit91,564.000000,0,65N_July_insolation,407.2,W_per_m2,observed;age_uncertainty_unavailable:deterministic_orbital_solution,3afc20dda7b385bdd366bc4c9cf60be02d8defdb4c0f317430ca8386d62f81a3
insolation_convention_1,Berger-orbit91,565.000000,0,65N_July_insolation,405.51,W_per_m2,observed;age_uncertainty_unavailable:deterministic_orbital_solution,3afc20dda7b385bdd366bc4c9cf60be02d8defdb4c0f317430ca8386d62f81a3
insolation_convention_1,Berger-orbit91,566.000000,0,65N_July_insolation,406.3,W_per_m2,observed;age_uncertainty_unavailable:deterministic_orbital_solution,3afc20dda7b385bdd366bc4c9cf60be02d8defdb4c0f317430ca8386d62f81a3
insolation_convention_1,Berger-orbit91,567.000000,0,65N_July_insolation,409.71,W_per_m2,observed;age_uncertainty_unavailable:deterministic_orbital_solution,3afc20dda7b385bdd366bc4c9cf60be02d8defdb4c0f317430ca8386d62f81a3
insolation_convention_1,Berger-orbit91,568.000000,0,65N_July_insolation,415.66,W_per_m2,observed;age_uncertainty_unavailable:deterministic_orbital_solution,3afc20dda7b385bdd366bc4c9cf60be02d8defdb4c0f317430ca8386d62f81a3
insolation_convention_1,Berger-orbit91,569.000000,0,65N_July_insolation,423.87,W_per_m2,observed;age_uncertainty_unavailable:deterministic_orbital_solution,3afc20dda7b385bdd366bc4c9cf60be02d8defdb4c0f317430ca8386d62f81a3
insolation_convention_1,Berger-orbit91,570.000000,0,65N_July_insolation,433.87,W_per_m2,observed;age_uncertainty_unavailable:deterministic_orbital_solution,3afc20dda7b385bdd366bc4c9cf60be02d8defdb4c0f317430ca8386d62f81a3
insolation_convention_1,Berger-orbit91,571.000000,0,65N_July_insolation,444.98,W_per_m2,observed;age_uncertainty_unavailable:deterministic_orbital_solution,3afc20dda7b385bdd366bc4c9cf60be02d8defdb4c0f317430ca8386d62f81a3
insolation_convention_1,Berger-orbit91,572.000000,0,65N_July_insolation,456.42,W_per_m2,observed;age_uncertainty_unavailable:deterministic_orbital_solution,3afc20dda7b385bdd366bc4c9cf60be02d8defdb4c0f317430ca8386d62f81a3
insolation_convention_1,Berger-orbit91,573.000000,0,65N_July_insolation,467.3,W_per_m2,observed;age_uncertainty_unavailable:deterministic_orbital_solution,3afc20dda7b385bdd366bc4c9cf60be02d8defdb4c0f317430ca8386d62f81a3
insolation_convention_1,Berger-orbit91,574.000000,0,65N_July_insolation,476.74,W_per_m2,observed;age_uncertainty_unavailable:deterministic_orbital_solution,3afc20dda7b385bdd366bc4c9cf60be02d8defdb4c0f317430ca8386d62f81a3
insolation_convention_1,Berger-orbit91,575.000000,0,65N_July_insolation,483.93,W_per_m2,observed;age_uncertainty_unavailable:deterministic_orbital_solution,3afc20dda7b385bdd366bc4c9cf60be02d8defdb4c0f317430ca8386d62f81a3
insolation_convention_1,Berger-orbit91,576.000000,0,65N_July_insolation,488.22,W_per_m2,observed;age_uncertainty_unavailable:deterministic_orbital_solution,3afc20dda7b385bdd366bc4c9cf60be02d8defdb4c0f317430ca8386d62f81a3
insolation_convention_1,Berger-orbit91,577.000000,0,65N_July_insolation,489.2,W_per_m2,observed;age_uncertainty_unavailable:deterministic_orbital_solution,3afc20dda7b385bdd366bc4c9cf60be02d8defdb4c0f317430ca8386d62f81a3
insolation_convention_1,Berger-orbit91,578.000000,0,65N_July_insolation,486.76,W_per_m2,observed;age_uncertainty_unavailable:deterministic_orbital_solution,3afc20dda7b385bdd366bc4c9cf60be02d8defdb4c0f317430ca8386d62f81a3
insolation_convention_1,Berger-orbit91,579.000000,0,65N_July_insolation,481.07,W_per_m2,observed;age_uncertainty_unavailable:deterministic_orbital_solution,3afc20dda7b385bdd366bc4c9cf60be02d8defdb4c0f317430ca8386d62f81a3
insolation_convention_1,Berger-orbit91,580.000000,0,65N_July_insolation,472.62,W_per_m2,observed;age_uncertainty_unavailable:deterministic_orbital_solution,3afc20dda7b385bdd366bc4c9cf60be02d8defdb4c0f317430ca8386d62f81a3
insolation_convention_1,Berger-orbit91,581.000000,0,65N_July_insolation,462.11,W_per_m2,observed;age_uncertainty_unavailable:deterministic_orbital_solution,3afc20dda7b385bdd366bc4c9cf60be02d8defdb4c0f317430ca8386d62f81a3
insolation_convention_1,Berger-orbit91,582.000000,0,65N_July_insolation,450.43,W_per_m2,observed;age_uncertainty_unavailable:deterministic_orbital_solution,3afc20dda7b385bdd366bc4c9cf60be02d8defdb4c0f317430ca8386d62f81a3
insolation_convention_1,Berger-orbit91,583.000000,0,65N_July_insolation,438.52,W_per_m2,observed;age_uncertainty_unavailable:deterministic_orbital_solution,3afc20dda7b385bdd366bc4c9cf60be02d8defdb4c0f317430ca8386d62f81a3
insolation_convention_1,Berger-orbit91,584.000000,0,65N_July_insolation,427.33,W_per_m2,observed;age_uncertainty_unavailable:deterministic_orbital_solution,3afc20dda7b385bdd366bc4c9cf60be02d8defdb4c0f317430ca8386d62f81a3
insolation_convention_1,Berger-orbit91,585.000000,0,65N_July_insolation,417.72,W_per_m2,observed;age_uncertainty_unavailable:deterministic_orbital_solution,3afc20dda7b385bdd366bc4c9cf60be02d8defdb4c0f317430ca8386d62f81a3
insolation_convention_1,Berger-orbit91,586.000000,0,65N_July_insolation,410.41,W_per_m2,observed;age_uncertainty_unavailable:deterministic_orbital_solution,3afc20dda7b385bdd366bc4c9cf60be02d8defdb4c0f317430ca8386d62f81a3
insolation_convention_1,Berger-orbit91,587.000000,0,65N_July_insolation,405.9,W_per_m2,observed;age_uncertainty_unavailable:deterministic_orbital_solution,3afc20dda7b385bdd366bc4c9cf60be02d8defdb4c0f317430ca8386d62f81a3
insolation_convention_1,Berger-orbit91,588.000000,0,65N_July_insolation,404.5,W_per_m2,observed;age_uncertainty_unavailable:deterministic_orbital_solution,3afc20dda7b385bdd366bc4c9cf60be02d8defdb4c0f317430ca8386d62f81a3
insolation_convention_1,Berger-orbit91,589.000000,0,65N_July_insolation,406.28,W_per_m2,observed;age_uncertainty_unavailable:deterministic_orbital_solution,3afc20dda7b385bdd366bc4c9cf60be02d8defdb4c0f317430ca8386d62f81a3
insolation_convention_1,Berger-orbit91,590.000000,0,65N_July_insolation,411.08,W_per_m2,observed;age_uncertainty_unavailable:deterministic_orbital_solution,3afc20dda7b385bdd366bc4c9cf60be02d8defdb4c0f317430ca8386d62f81a3
insolation_convention_1,Berger-orbit91,591.000000,0,65N_July_insolation,418.47,W_per_m2,observed;age_uncertainty_unavailable:deterministic_orbital_solution,3afc20dda7b385bdd366bc4c9cf60be02d8defdb4c0f317430ca8386d62f81a3
insolation_convention_1,Berger-orbit91,592.000000,0,65N_July_insolation,427.84,W_per_m2,observed;age_uncertainty_unavailable:deterministic_orbital_solution,3afc20dda7b385bdd366bc4c9cf60be02d8defdb4c0f317430ca8386d62f81a3
insolation_convention_1,Berger-orbit91,593.000000,0,65N_July_insolation,438.37,W_per_m2,observed;age_uncertainty_unavailable:deterministic_orbital_solution,3afc20dda7b385bdd366bc4c9cf60be02d8defdb4c0f317430ca8386d62f81a3
insolation_convention_1,Berger-orbit91,594.000000,0,65N_July_insolation,449.09,W_per_m2,observed;age_uncertainty_unavailable:deterministic_orbital_solution,3afc20dda7b385bdd366bc4c9cf60be02d8defdb4c0f317430ca8386d62f81a3
insolation_convention_1,Berger-orbit91,595.000000,0,65N_July_insolation,458.99,W_per_m2,observed;age_uncertainty_unavailable:deterministic_orbital_solution,3afc20dda7b385bdd366bc4c9cf60be02d8defdb4c0f317430ca8386d62f81a3
insolation_convention_1,Berger-orbit91,596.000000,0,65N_July_insolation,467.09,W_per_m2,observed;age_uncertainty_unavailable:deterministic_orbital_solution,3afc20dda7b385bdd366bc4c9cf60be02d8defdb4c0f317430ca8386d62f81a3
insolation_convention_1,Berger-orbit91,597.000000,0,65N_July_insolation,472.57,W_per_m2,observed;age_uncertainty_unavailable:deterministic_orbital_solution,3afc20dda7b385bdd366bc4c9cf60be02d8defdb4c0f317430ca8386d62f81a3
insolation_convention_1,Berger-orbit91,598.000000,0,65N_July_insolation,474.83,W_per_m2,observed;age_uncertainty_unavailable:deterministic_orbital_solution,3afc20dda7b385bdd366bc4c9cf60be02d8defdb4c0f317430ca8386d62f81a3
insolation_convention_1,Berger-orbit91,599.000000,0,65N_July_insolation,473.62,W_per_m2,observed;age_uncertainty_unavailable:deterministic_orbital_solution,3afc20dda7b385bdd366bc4c9cf60be02d8defdb4c0f317430ca8386d62f81a3
insolation_convention_1,Berger-orbit91,600.000000,0,65N_July_insolation,469.04,W_per_m2,observed;age_uncertainty_unavailable:deterministic_orbital_solution,3afc20dda7b385bdd366bc4c9cf60be02d8defdb4c0f317430ca8386d62f81a3
insolation_convention_1,Berger-orbit91,601.000000,0,65N_July_insolation,461.54,W_per_m2,observed;age_uncertainty_unavailable:deterministic_orbital_solution,3afc20dda7b385bdd366bc4c9cf60be02d8defdb4c0f317430ca8386d62f81a3
insolation_convention_1,Berger-orbit91,602.000000,0,65N_July_insolation,451.86,W_per_m2,observed;age_uncertainty_unavailable:deterministic_orbital_solution,3afc20dda7b385bdd366bc4c9cf60be02d8defdb4c0f317430ca8386d62f81a3
insolation_convention_1,Berger-orbit91,603.000000,0,65N_July_insolation,440.93,W_per_m2,observed;age_uncertainty_unavailable:deterministic_orbital_solution,3afc20dda7b385bdd366bc4c9cf60be02d8defdb4c0f317430ca8386d62f81a3
insolation_convention_1,Berger-orbit91,604.000000,0,65N_July_insolation,429.79,W_per_m2,observed;age_uncertainty_unavailable:deterministic_orbital_solution,3afc20dda7b385bdd366bc4c9cf60be02d8defdb4c0f317430ca8386d62f81a3
insolation_convention_1,Berger-orbit91,605.000000,0,65N_July_insolation,419.43,W_per_m2,observed;age_uncertainty_unavailable:deterministic_orbital_solution,3afc20dda7b385bdd366bc4c9cf60be02d8defdb4c0f317430ca8386d62f81a3
insolation_convention_1,Berger-orbit91,606.000000,0,65N_July_insolation,410.78,W_per_m2,observed;age_uncertainty_unavailable:deterministic_orbital_solution,3afc20dda7b385bdd366bc4c9cf60be02d8defdb4c0f317430ca8386d62f81a3
insolation_convention_1,Berger-orbit91,607.000000,0,65N_July_insolation,404.52,W_per_m2,observed;age_uncertainty_unavailable:deterministic_orbital_solution,3afc20dda7b385bdd366bc4c9cf60be02d8defdb4c0f317430ca8386d62f81a3
insolation_convention_1,Berger-orbit91,608.000000,0,65N_July_insolation,401.17,W_per_m2,observed;age_uncertainty_unavailable:deterministic_orbital_solution,3afc20dda7b385bdd366bc4c9cf60be02d8defdb4c0f317430ca8386d62f81a3
insolation_convention_1,Berger-orbit91,609.000000,0,65N_July_insolation,400.97,W_per_m2,observed;age_uncertainty_unavailable:deterministic_orbital_solution,3afc20dda7b385bdd366bc4c9cf60be02d8defdb4c0f317430ca8386d62f81a3
insolation_convention_1,Berger-orbit91,610.000000,0,65N_July_insolation,403.91,W_per_m2,observed;age_uncertainty_unavailable:deterministic_orbital_solution,3afc20dda7b385bdd366bc4c9cf60be02d8defdb4c0f317430ca8386d62f81a3
insolation_convention_1,Berger-orbit91,611.000000,0,65N_July_insolation,409.75,W_per_m2,observed;age_uncertainty_unavailable:deterministic_orbital_solution,3afc20dda7b385bdd366bc4c9cf60be02d8defdb4c0f317430ca8386d62f81a3
insolation_convention_1,Berger-orbit91,612.000000,0,65N_July_insolation,418.02,W_per_m2,observed;age_uncertainty_unavailable:deterministic_orbital_solution,3afc20dda7b385bdd366bc4c9cf60be02d8defdb4c0f317430ca8386d62f81a3
insolation_convention_1,Berger-orbit91,613.000000,0,65N_July_insolation,428.05,W_per_m2,observed;age_uncertainty_unavailable:deterministic_orbital_solution,3afc20dda7b385bdd366bc4c9cf60be02d8defdb4c0f317430ca8386d62f81a3
insolation_convention_1,Berger-orbit91,614.000000,0,65N_July_insolation,439.03,W_per_m2,observed;age_uncertainty_unavailable:deterministic_orbital_solution,3afc20dda7b385bdd366bc4c9cf60be02d8defdb4c0f317430ca8386d62f81a3
insolation_convention_1,Berger-orbit91,615.000000,0,65N_July_insolation,450.08,W_per_m2,observed;age_uncertainty_unavailable:deterministic_orbital_solution,3afc20dda7b385bdd366bc4c9cf60be02d8defdb4c0f317430ca8386d62f81a3
insolation_convention_1,Berger-orbit91,616.000000,0,65N_July_insolation,460.31,W_per_m2,observed;age_uncertainty_unavailable:deterministic_orbital_solution,3afc20dda7b385bdd366bc4c9cf60be02d8defdb4c0f317430ca8386d62f81a3
insolation_convention_1,Berger-orbit91,617.000000,0,65N_July_insolation,468.88,W_per_m2,observed;age_uncertainty_unavailable:deterministic_orbital_solution,3afc20dda7b385bdd366bc4c9cf60be02d8defdb4c0f317430ca8386d62f81a3
insolation_convention_1,Berger-orbit91,618.000000,0,65N_July_insolation,475.16,W_per_m2,observed;age_uncertainty_unavailable:deterministic_orbital_solution,3afc20dda7b385bdd366bc4c9cf60be02d8defdb4c0f317430ca8386d62f81a3
insolation_convention_1,Berger-orbit91,619.000000,0,65N_July_insolation,478.7,W_per_m2,observed;age_uncertainty_unavailable:deterministic_orbital_solution,3afc20dda7b385bdd366bc4c9cf60be02d8defdb4c0f317430ca8386d62f81a3
insolation_convention_1,Berger-orbit91,620.000000,0,65N_July_insolation,479.34,W_per_m2,observed;age_uncertainty_unavailable:deterministic_orbital_solution,3afc20dda7b385bdd366bc4c9cf60be02d8defdb4c0f317430ca8386d62f81a3
insolation_convention_1,Berger-orbit91,621.000000,0,65N_July_insolation,477.19,W_per_m2,observed;age_uncertainty_unavailable:deterministic_orbital_solution,3afc20dda7b385bdd366bc4c9cf60be02d8defdb4c0f317430ca8386d62f81a3
insolation_convention_1,Berger-orbit91,622.000000,0,65N_July_insolation,472.59,W_per_m2,observed;age_uncertainty_unavailable:deterministic_orbital_solution,3afc20dda7b385bdd366bc4c9cf60be02d8defdb4c0f317430ca8386d62f81a3
insolation_convention_1,Berger-orbit91,623.000000,0,65N_July_insolation,466.09,W_per_m2,observed;age_uncertainty_unavailable:deterministic_orbital_solution,3afc20dda7b385bdd366bc4c9cf60be02d8defdb4c0f317430ca8386d62f81a3
insolation_convention_1,Berger-orbit91,624.000000,0,65N_July_insolation,458.36,W_per_m2,observed;age_uncertainty_unavailable:deterministic_orbital_solution,3afc20dda7b385bdd366bc4c9cf60be02d8defdb4c0f317430ca8386d62f81a3
insolation_convention_1,Berger-orbit91,625.000000,0,65N_July_insolation,450.1,W_per_m2,observed;age_uncertainty_unavailable:deterministic_orbital_solution,3afc20dda7b385bdd366bc4c9cf60be02d8defdb4c0f317430ca8386d62f81a3
insolation_convention_1,Berger-orbit91,626.000000,0,65N_July_insolation,441.99,W_per_m2,observed;age_uncertainty_unavailable:deterministic_orbital_solution,3afc20dda7b385bdd366bc4c9cf60be02d8defdb4c0f317430ca8386d62f81a3
insolation_convention_1,Berger-orbit91,627.000000,0,65N_July_insolation,434.64,W_per_m2,observed;age_uncertainty_unavailable:deterministic_orbital_solution,3afc20dda7b385bdd366bc4c9cf60be02d8defdb4c0f317430ca8386d62f81a3
insolation_convention_1,Berger-orbit91,628.000000,0,65N_July_insolation,428.5,W_per_m2,observed;age_uncertainty_unavailable:deterministic_orbital_solution,3afc20dda7b385bdd366bc4c9cf60be02d8defdb4c0f317430ca8386d62f81a3
insolation_convention_1,Berger-orbit91,629.000000,0,65N_July_insolation,423.89,W_per_m2,observed;age_uncertainty_unavailable:deterministic_orbital_solution,3afc20dda7b385bdd366bc4c9cf60be02d8defdb4c0f317430ca8386d62f81a3
insolation_convention_1,Berger-orbit91,630.000000,0,65N_July_insolation,420.94,W_per_m2,observed;age_uncertainty_unavailable:deterministic_orbital_solution,3afc20dda7b385bdd366bc4c9cf60be02d8defdb4c0f317430ca8386d62f81a3
insolation_convention_1,Berger-orbit91,631.000000,0,65N_July_insolation,419.65,W_per_m2,observed;age_uncertainty_unavailable:deterministic_orbital_solution,3afc20dda7b385bdd366bc4c9cf60be02d8defdb4c0f317430ca8386d62f81a3
insolation_convention_1,Berger-orbit91,632.000000,0,65N_July_insolation,419.87,W_per_m2,observed;age_uncertainty_unavailable:deterministic_orbital_solution,3afc20dda7b385bdd366bc4c9cf60be02d8defdb4c0f317430ca8386d62f81a3
insolation_convention_1,Berger-orbit91,633.000000,0,65N_July_insolation,421.36,W_per_m2,observed;age_uncertainty_unavailable:deterministic_orbital_solution,3afc20dda7b385bdd366bc4c9cf60be02d8defdb4c0f317430ca8386d62f81a3
insolation_convention_1,Berger-orbit91,634.000000,0,65N_July_insolation,423.77,W_per_m2,observed;age_uncertainty_unavailable:deterministic_orbital_solution,3afc20dda7b385bdd366bc4c9cf60be02d8defdb4c0f317430ca8386d62f81a3
insolation_convention_1,Berger-orbit91,635.000000,0,65N_July_insolation,426.77,W_per_m2,observed;age_uncertainty_unavailable:deterministic_orbital_solution,3afc20dda7b385bdd366bc4c9cf60be02d8defdb4c0f317430ca8386d62f81a3
insolation_convention_1,Berger-orbit91,636.000000,0,65N_July_insolation,430,W_per_m2,observed;age_uncertainty_unavailable:deterministic_orbital_solution,3afc20dda7b385bdd366bc4c9cf60be02d8defdb4c0f317430ca8386d62f81a3
insolation_convention_1,Berger-orbit91,637.000000,0,65N_July_insolation,433.18,W_per_m2,observed;age_uncertainty_unavailable:deterministic_orbital_solution,3afc20dda7b385bdd366bc4c9cf60be02d8defdb4c0f317430ca8386d62f81a3
insolation_convention_1,Berger-orbit91,638.000000,0,65N_July_insolation,436.06,W_per_m2,observed;age_uncertainty_unavailable:deterministic_orbital_solution,3afc20dda7b385bdd366bc4c9cf60be02d8defdb4c0f317430ca8386d62f81a3
insolation_convention_1,Berger-orbit91,639.000000,0,65N_July_insolation,438.53,W_per_m2,observed;age_uncertainty_unavailable:deterministic_orbital_solution,3afc20dda7b385bdd366bc4c9cf60be02d8defdb4c0f317430ca8386d62f81a3
insolation_convention_1,Berger-orbit91,640.000000,0,65N_July_insolation,440.54,W_per_m2,observed;age_uncertainty_unavailable:deterministic_orbital_solution,3afc20dda7b385bdd366bc4c9cf60be02d8defdb4c0f317430ca8386d62f81a3
insolation_convention_1,Berger-orbit91,641.000000,0,65N_July_insolation,442.11,W_per_m2,observed;age_uncertainty_unavailable:deterministic_orbital_solution,3afc20dda7b385bdd366bc4c9cf60be02d8defdb4c0f317430ca8386d62f81a3
insolation_convention_1,Berger-orbit91,642.000000,0,65N_July_insolation,443.33,W_per_m2,observed;age_uncertainty_unavailable:deterministic_orbital_solution,3afc20dda7b385bdd366bc4c9cf60be02d8defdb4c0f317430ca8386d62f81a3
insolation_convention_1,Berger-orbit91,643.000000,0,65N_July_insolation,444.31,W_per_m2,observed;age_uncertainty_unavailable:deterministic_orbital_solution,3afc20dda7b385bdd366bc4c9cf60be02d8defdb4c0f317430ca8386d62f81a3
insolation_convention_1,Berger-orbit91,644.000000,0,65N_July_insolation,445.15,W_per_m2,observed;age_uncertainty_unavailable:deterministic_orbital_solution,3afc20dda7b385bdd366bc4c9cf60be02d8defdb4c0f317430ca8386d62f81a3
insolation_convention_1,Berger-orbit91,645.000000,0,65N_July_insolation,445.89,W_per_m2,observed;age_uncertainty_unavailable:deterministic_orbital_solution,3afc20dda7b385bdd366bc4c9cf60be02d8defdb4c0f317430ca8386d62f81a3
insolation_convention_1,Berger-orbit91,646.000000,0,65N_July_insolation,446.56,W_per_m2,observed;age_uncertainty_unavailable:deterministic_orbital_solution,3afc20dda7b385bdd366bc4c9cf60be02d8defdb4c0f317430ca8386d62f81a3
insolation_convention_1,Berger-orbit91,647.000000,0,65N_July_insolation,447.1,W_per_m2,observed;age_uncertainty_unavailable:deterministic_orbital_solution,3afc20dda7b385bdd366bc4c9cf60be02d8defdb4c0f317430ca8386d62f81a3
insolation_convention_1,Berger-orbit91,648.000000,0,65N_July_insolation,447.41,W_per_m2,observed;age_uncertainty_unavailable:deterministic_orbital_solution,3afc20dda7b385bdd366bc4c9cf60be02d8defdb4c0f317430ca8386d62f81a3
insolation_convention_1,Berger-orbit91,649.000000,0,65N_July_insolation,447.35,W_per_m2,observed;age_uncertainty_unavailable:deterministic_orbital_solution,3afc20dda7b385bdd366bc4c9cf60be02d8defdb4c0f317430ca8386d62f81a3
insolation_convention_1,Berger-orbit91,650.000000,0,65N_July_insolation,446.8,W_per_m2,observed;age_uncertainty_unavailable:deterministic_orbital_solution,3afc20dda7b385bdd366bc4c9cf60be02d8defdb4c0f317430ca8386d62f81a3
insolation_convention_1,Berger-orbit91,651.000000,0,65N_July_insolation,445.63,W_per_m2,observed;age_uncertainty_unavailable:deterministic_orbital_solution,3afc20dda7b385bdd366bc4c9cf60be02d8defdb4c0f317430ca8386d62f81a3
insolation_convention_1,Berger-orbit91,652.000000,0,65N_July_insolation,443.8,W_per_m2,observed;age_uncertainty_unavailable:deterministic_orbital_solution,3afc20dda7b385bdd366bc4c9cf60be02d8defdb4c0f317430ca8386d62f81a3
insolation_convention_1,Berger-orbit91,653.000000,0,65N_July_insolation,441.32,W_per_m2,observed;age_uncertainty_unavailable:deterministic_orbital_solution,3afc20dda7b385bdd366bc4c9cf60be02d8defdb4c0f317430ca8386d62f81a3
insolation_convention_1,Berger-orbit91,654.000000,0,65N_July_insolation,438.32,W_per_m2,observed;age_uncertainty_unavailable:deterministic_orbital_solution,3afc20dda7b385bdd366bc4c9cf60be02d8defdb4c0f317430ca8386d62f81a3
insolation_convention_1,Berger-orbit91,655.000000,0,65N_July_insolation,435,W_per_m2,observed;age_uncertainty_unavailable:deterministic_orbital_solution,3afc20dda7b385bdd366bc4c9cf60be02d8defdb4c0f317430ca8386d62f81a3
insolation_convention_1,Berger-orbit91,656.000000,0,65N_July_insolation,431.66,W_per_m2,observed;age_uncertainty_unavailable:deterministic_orbital_solution,3afc20dda7b385bdd366bc4c9cf60be02d8defdb4c0f317430ca8386d62f81a3
insolation_convention_1,Berger-orbit91,657.000000,0,65N_July_insolation,428.65,W_per_m2,observed;age_uncertainty_unavailable:deterministic_orbital_solution,3afc20dda7b385bdd366bc4c9cf60be02d8defdb4c0f317430ca8386d62f81a3
insolation_convention_1,Berger-orbit91,658.000000,0,65N_July_insolation,426.33,W_per_m2,observed;age_uncertainty_unavailable:deterministic_orbital_solution,3afc20dda7b385bdd366bc4c9cf60be02d8defdb4c0f317430ca8386d62f81a3
insolation_convention_1,Berger-orbit91,659.000000,0,65N_July_insolation,425.03,W_per_m2,observed;age_uncertainty_unavailable:deterministic_orbital_solution,3afc20dda7b385bdd366bc4c9cf60be02d8defdb4c0f317430ca8386d62f81a3
insolation_convention_1,Berger-orbit91,660.000000,0,65N_July_insolation,425.05,W_per_m2,observed;age_uncertainty_unavailable:deterministic_orbital_solution,3afc20dda7b385bdd366bc4c9cf60be02d8defdb4c0f317430ca8386d62f81a3
insolation_convention_1,Berger-orbit91,661.000000,0,65N_July_insolation,426.56,W_per_m2,observed;age_uncertainty_unavailable:deterministic_orbital_solution,3afc20dda7b385bdd366bc4c9cf60be02d8defdb4c0f317430ca8386d62f81a3
insolation_convention_1,Berger-orbit91,662.000000,0,65N_July_insolation,429.62,W_per_m2,observed;age_uncertainty_unavailable:deterministic_orbital_solution,3afc20dda7b385bdd366bc4c9cf60be02d8defdb4c0f317430ca8386d62f81a3
insolation_convention_1,Berger-orbit91,663.000000,0,65N_July_insolation,434.13,W_per_m2,observed;age_uncertainty_unavailable:deterministic_orbital_solution,3afc20dda7b385bdd366bc4c9cf60be02d8defdb4c0f317430ca8386d62f81a3
insolation_convention_1,Berger-orbit91,664.000000,0,65N_July_insolation,439.82,W_per_m2,observed;age_uncertainty_unavailable:deterministic_orbital_solution,3afc20dda7b385bdd366bc4c9cf60be02d8defdb4c0f317430ca8386d62f81a3
insolation_convention_1,Berger-orbit91,665.000000,0,65N_July_insolation,446.29,W_per_m2,observed;age_uncertainty_unavailable:deterministic_orbital_solution,3afc20dda7b385bdd366bc4c9cf60be02d8defdb4c0f317430ca8386d62f81a3
insolation_convention_1,Berger-orbit91,666.000000,0,65N_July_insolation,452.98,W_per_m2,observed;age_uncertainty_unavailable:deterministic_orbital_solution,3afc20dda7b385bdd366bc4c9cf60be02d8defdb4c0f317430ca8386d62f81a3
insolation_convention_1,Berger-orbit91,667.000000,0,65N_July_insolation,459.25,W_per_m2,observed;age_uncertainty_unavailable:deterministic_orbital_solution,3afc20dda7b385bdd366bc4c9cf60be02d8defdb4c0f317430ca8386d62f81a3
insolation_convention_1,Berger-orbit91,668.000000,0,65N_July_insolation,464.45,W_per_m2,observed;age_uncertainty_unavailable:deterministic_orbital_solution,3afc20dda7b385bdd366bc4c9cf60be02d8defdb4c0f317430ca8386d62f81a3
insolation_convention_1,Berger-orbit91,669.000000,0,65N_July_insolation,467.94,W_per_m2,observed;age_uncertainty_unavailable:deterministic_orbital_solution,3afc20dda7b385bdd366bc4c9cf60be02d8defdb4c0f317430ca8386d62f81a3
insolation_convention_1,Berger-orbit91,670.000000,0,65N_July_insolation,469.23,W_per_m2,observed;age_uncertainty_unavailable:deterministic_orbital_solution,3afc20dda7b385bdd366bc4c9cf60be02d8defdb4c0f317430ca8386d62f81a3
insolation_convention_1,Berger-orbit91,671.000000,0,65N_July_insolation,467.99,W_per_m2,observed;age_uncertainty_unavailable:deterministic_orbital_solution,3afc20dda7b385bdd366bc4c9cf60be02d8defdb4c0f317430ca8386d62f81a3
insolation_convention_1,Berger-orbit91,672.000000,0,65N_July_insolation,464.16,W_per_m2,observed;age_uncertainty_unavailable:deterministic_orbital_solution,3afc20dda7b385bdd366bc4c9cf60be02d8defdb4c0f317430ca8386d62f81a3
insolation_convention_1,Berger-orbit91,673.000000,0,65N_July_insolation,457.93,W_per_m2,observed;age_uncertainty_unavailable:deterministic_orbital_solution,3afc20dda7b385bdd366bc4c9cf60be02d8defdb4c0f317430ca8386d62f81a3
insolation_convention_1,Berger-orbit91,674.000000,0,65N_July_insolation,449.76,W_per_m2,observed;age_uncertainty_unavailable:deterministic_orbital_solution,3afc20dda7b385bdd366bc4c9cf60be02d8defdb4c0f317430ca8386d62f81a3
insolation_convention_1,Berger-orbit91,675.000000,0,65N_July_insolation,440.32,W_per_m2,observed;age_uncertainty_unavailable:deterministic_orbital_solution,3afc20dda7b385bdd366bc4c9cf60be02d8defdb4c0f317430ca8386d62f81a3
insolation_convention_1,Berger-orbit91,676.000000,0,65N_July_insolation,430.41,W_per_m2,observed;age_uncertainty_unavailable:deterministic_orbital_solution,3afc20dda7b385bdd366bc4c9cf60be02d8defdb4c0f317430ca8386d62f81a3
insolation_convention_1,Berger-orbit91,677.000000,0,65N_July_insolation,420.89,W_per_m2,observed;age_uncertainty_unavailable:deterministic_orbital_solution,3afc20dda7b385bdd366bc4c9cf60be02d8defdb4c0f317430ca8386d62f81a3
insolation_convention_1,Berger-orbit91,678.000000,0,65N_July_insolation,412.59,W_per_m2,observed;age_uncertainty_unavailable:deterministic_orbital_solution,3afc20dda7b385bdd366bc4c9cf60be02d8defdb4c0f317430ca8386d62f81a3
insolation_convention_1,Berger-orbit91,679.000000,0,65N_July_insolation,406.26,W_per_m2,observed;age_uncertainty_unavailable:deterministic_orbital_solution,3afc20dda7b385bdd366bc4c9cf60be02d8defdb4c0f317430ca8386d62f81a3
insolation_convention_1,Berger-orbit91,680.000000,0,65N_July_insolation,402.44,W_per_m2,observed;age_uncertainty_unavailable:deterministic_orbital_solution,3afc20dda7b385bdd366bc4c9cf60be02d8defdb4c0f317430ca8386d62f81a3
insolation_convention_1,Berger-orbit91,681.000000,0,65N_July_insolation,401.52,W_per_m2,observed;age_uncertainty_unavailable:deterministic_orbital_solution,3afc20dda7b385bdd366bc4c9cf60be02d8defdb4c0f317430ca8386d62f81a3
insolation_convention_1,Berger-orbit91,682.000000,0,65N_July_insolation,403.61,W_per_m2,observed;age_uncertainty_unavailable:deterministic_orbital_solution,3afc20dda7b385bdd366bc4c9cf60be02d8defdb4c0f317430ca8386d62f81a3
insolation_convention_1,Berger-orbit91,683.000000,0,65N_July_insolation,408.62,W_per_m2,observed;age_uncertainty_unavailable:deterministic_orbital_solution,3afc20dda7b385bdd366bc4c9cf60be02d8defdb4c0f317430ca8386d62f81a3
insolation_convention_1,Berger-orbit91,684.000000,0,65N_July_insolation,416.17,W_per_m2,observed;age_uncertainty_unavailable:deterministic_orbital_solution,3afc20dda7b385bdd366bc4c9cf60be02d8defdb4c0f317430ca8386d62f81a3
insolation_convention_1,Berger-orbit91,685.000000,0,65N_July_insolation,425.71,W_per_m2,observed;age_uncertainty_unavailable:deterministic_orbital_solution,3afc20dda7b385bdd366bc4c9cf60be02d8defdb4c0f317430ca8386d62f81a3
insolation_convention_1,Berger-orbit91,686.000000,0,65N_July_insolation,436.46,W_per_m2,observed;age_uncertainty_unavailable:deterministic_orbital_solution,3afc20dda7b385bdd366bc4c9cf60be02d8defdb4c0f317430ca8386d62f81a3
insolation_convention_1,Berger-orbit91,687.000000,0,65N_July_insolation,447.52,W_per_m2,observed;age_uncertainty_unavailable:deterministic_orbital_solution,3afc20dda7b385bdd366bc4c9cf60be02d8defdb4c0f317430ca8386d62f81a3
insolation_convention_1,Berger-orbit91,688.000000,0,65N_July_insolation,457.94,W_per_m2,observed;age_uncertainty_unavailable:deterministic_orbital_solution,3afc20dda7b385bdd366bc4c9cf60be02d8defdb4c0f317430ca8386d62f81a3
insolation_convention_1,Berger-orbit91,689.000000,0,65N_July_insolation,466.79,W_per_m2,observed;age_uncertainty_unavailable:deterministic_orbital_solution,3afc20dda7b385bdd366bc4c9cf60be02d8defdb4c0f317430ca8386d62f81a3
insolation_convention_1,Berger-orbit91,690.000000,0,65N_July_insolation,473.3,W_per_m2,observed;age_uncertainty_unavailable:deterministic_orbital_solution,3afc20dda7b385bdd366bc4c9cf60be02d8defdb4c0f317430ca8386d62f81a3
insolation_convention_1,Berger-orbit91,691.000000,0,65N_July_insolation,476.91,W_per_m2,observed;age_uncertainty_unavailable:deterministic_orbital_solution,3afc20dda7b385bdd366bc4c9cf60be02d8defdb4c0f317430ca8386d62f81a3
insolation_convention_1,Berger-orbit91,692.000000,0,65N_July_insolation,477.35,W_per_m2,observed;age_uncertainty_unavailable:deterministic_orbital_solution,3afc20dda7b385bdd366bc4c9cf60be02d8defdb4c0f317430ca8386d62f81a3
insolation_convention_1,Berger-orbit91,693.000000,0,65N_July_insolation,474.67,W_per_m2,observed;age_uncertainty_unavailable:deterministic_orbital_solution,3afc20dda7b385bdd366bc4c9cf60be02d8defdb4c0f317430ca8386d62f81a3
insolation_convention_1,Berger-orbit91,694.000000,0,65N_July_insolation,469.25,W_per_m2,observed;age_uncertainty_unavailable:deterministic_orbital_solution,3afc20dda7b385bdd366bc4c9cf60be02d8defdb4c0f317430ca8386d62f81a3
insolation_convention_1,Berger-orbit91,695.000000,0,65N_July_insolation,461.67,W_per_m2,observed;age_uncertainty_unavailable:deterministic_orbital_solution,3afc20dda7b385bdd366bc4c9cf60be02d8defdb4c0f317430ca8386d62f81a3
insolation_convention_1,Berger-orbit91,696.000000,0,65N_July_insolation,452.75,W_per_m2,observed;age_uncertainty_unavailable:deterministic_orbital_solution,3afc20dda7b385bdd366bc4c9cf60be02d8defdb4c0f317430ca8386d62f81a3
insolation_convention_1,Berger-orbit91,697.000000,0,65N_July_insolation,443.36,W_per_m2,observed;age_uncertainty_unavailable:deterministic_orbital_solution,3afc20dda7b385bdd366bc4c9cf60be02d8defdb4c0f317430ca8386d62f81a3
insolation_convention_1,Berger-orbit91,698.000000,0,65N_July_insolation,434.36,W_per_m2,observed;age_uncertainty_unavailable:deterministic_orbital_solution,3afc20dda7b385bdd366bc4c9cf60be02d8defdb4c0f317430ca8386d62f81a3
insolation_convention_1,Berger-orbit91,699.000000,0,65N_July_insolation,426.55,W_per_m2,observed;age_uncertainty_unavailable:deterministic_orbital_solution,3afc20dda7b385bdd366bc4c9cf60be02d8defdb4c0f317430ca8386d62f81a3
insolation_convention_1,Berger-orbit91,700.000000,0,65N_July_insolation,420.57,W_per_m2,observed;age_uncertainty_unavailable:deterministic_orbital_solution,3afc20dda7b385bdd366bc4c9cf60be02d8defdb4c0f317430ca8386d62f81a3
insolation_convention_1,Berger-orbit91,701.000000,0,65N_July_insolation,416.87,W_per_m2,observed;age_uncertainty_unavailable:deterministic_orbital_solution,3afc20dda7b385bdd366bc4c9cf60be02d8defdb4c0f317430ca8386d62f81a3
insolation_convention_1,Berger-orbit91,702.000000,0,65N_July_insolation,415.71,W_per_m2,observed;age_uncertainty_unavailable:deterministic_orbital_solution,3afc20dda7b385bdd366bc4c9cf60be02d8defdb4c0f317430ca8386d62f81a3
insolation_convention_1,Berger-orbit91,703.000000,0,65N_July_insolation,417.11,W_per_m2,observed;age_uncertainty_unavailable:deterministic_orbital_solution,3afc20dda7b385bdd366bc4c9cf60be02d8defdb4c0f317430ca8386d62f81a3
insolation_convention_1,Berger-orbit91,704.000000,0,65N_July_insolation,420.91,W_per_m2,observed;age_uncertainty_unavailable:deterministic_orbital_solution,3afc20dda7b385bdd366bc4c9cf60be02d8defdb4c0f317430ca8386d62f81a3
insolation_convention_1,Berger-orbit91,705.000000,0,65N_July_insolation,426.72,W_per_m2,observed;age_uncertainty_unavailable:deterministic_orbital_solution,3afc20dda7b385bdd366bc4c9cf60be02d8defdb4c0f317430ca8386d62f81a3
insolation_convention_1,Berger-orbit91,706.000000,0,65N_July_insolation,434,W_per_m2,observed;age_uncertainty_unavailable:deterministic_orbital_solution,3afc20dda7b385bdd366bc4c9cf60be02d8defdb4c0f317430ca8386d62f81a3
insolation_convention_1,Berger-orbit91,707.000000,0,65N_July_insolation,442.06,W_per_m2,observed;age_uncertainty_unavailable:deterministic_orbital_solution,3afc20dda7b385bdd366bc4c9cf60be02d8defdb4c0f317430ca8386d62f81a3
insolation_convention_1,Berger-orbit91,708.000000,0,65N_July_insolation,450.14,W_per_m2,observed;age_uncertainty_unavailable:deterministic_orbital_solution,3afc20dda7b385bdd366bc4c9cf60be02d8defdb4c0f317430ca8386d62f81a3
insolation_convention_1,Berger-orbit91,709.000000,0,65N_July_insolation,457.47,W_per_m2,observed;age_uncertainty_unavailable:deterministic_orbital_solution,3afc20dda7b385bdd366bc4c9cf60be02d8defdb4c0f317430ca8386d62f81a3
insolation_convention_1,Berger-orbit91,710.000000,0,65N_July_insolation,463.32,W_per_m2,observed;age_uncertainty_unavailable:deterministic_orbital_solution,3afc20dda7b385bdd366bc4c9cf60be02d8defdb4c0f317430ca8386d62f81a3
insolation_convention_1,Berger-orbit91,711.000000,0,65N_July_insolation,467.1,W_per_m2,observed;age_uncertainty_unavailable:deterministic_orbital_solution,3afc20dda7b385bdd366bc4c9cf60be02d8defdb4c0f317430ca8386d62f81a3
insolation_convention_1,Berger-orbit91,712.000000,0,65N_July_insolation,468.43,W_per_m2,observed;age_uncertainty_unavailable:deterministic_orbital_solution,3afc20dda7b385bdd366bc4c9cf60be02d8defdb4c0f317430ca8386d62f81a3
insolation_convention_1,Berger-orbit91,713.000000,0,65N_July_insolation,467.15,W_per_m2,observed;age_uncertainty_unavailable:deterministic_orbital_solution,3afc20dda7b385bdd366bc4c9cf60be02d8defdb4c0f317430ca8386d62f81a3
insolation_convention_1,Berger-orbit91,714.000000,0,65N_July_insolation,463.38,W_per_m2,observed;age_uncertainty_unavailable:deterministic_orbital_solution,3afc20dda7b385bdd366bc4c9cf60be02d8defdb4c0f317430ca8386d62f81a3
insolation_convention_1,Berger-orbit91,715.000000,0,65N_July_insolation,457.46,W_per_m2,observed;age_uncertainty_unavailable:deterministic_orbital_solution,3afc20dda7b385bdd366bc4c9cf60be02d8defdb4c0f317430ca8386d62f81a3
insolation_convention_1,Berger-orbit91,716.000000,0,65N_July_insolation,449.96,W_per_m2,observed;age_uncertainty_unavailable:deterministic_orbital_solution,3afc20dda7b385bdd366bc4c9cf60be02d8defdb4c0f317430ca8386d62f81a3
insolation_convention_1,Berger-orbit91,717.000000,0,65N_July_insolation,441.57,W_per_m2,observed;age_uncertainty_unavailable:deterministic_orbital_solution,3afc20dda7b385bdd366bc4c9cf60be02d8defdb4c0f317430ca8386d62f81a3
insolation_convention_1,Berger-orbit91,718.000000,0,65N_July_insolation,433.03,W_per_m2,observed;age_uncertainty_unavailable:deterministic_orbital_solution,3afc20dda7b385bdd366bc4c9cf60be02d8defdb4c0f317430ca8386d62f81a3
insolation_convention_1,Berger-orbit91,719.000000,0,65N_July_insolation,425.08,W_per_m2,observed;age_uncertainty_unavailable:deterministic_orbital_solution,3afc20dda7b385bdd366bc4c9cf60be02d8defdb4c0f317430ca8386d62f81a3
insolation_convention_1,Berger-orbit91,720.000000,0,65N_July_insolation,418.38,W_per_m2,observed;age_uncertainty_unavailable:deterministic_orbital_solution,3afc20dda7b385bdd366bc4c9cf60be02d8defdb4c0f317430ca8386d62f81a3
insolation_convention_1,Berger-orbit91,721.000000,0,65N_July_insolation,413.42,W_per_m2,observed;age_uncertainty_unavailable:deterministic_orbital_solution,3afc20dda7b385bdd366bc4c9cf60be02d8defdb4c0f317430ca8386d62f81a3
insolation_convention_1,Berger-orbit91,722.000000,0,65N_July_insolation,410.55,W_per_m2,observed;age_uncertainty_unavailable:deterministic_orbital_solution,3afc20dda7b385bdd366bc4c9cf60be02d8defdb4c0f317430ca8386d62f81a3
insolation_convention_1,Berger-orbit91,723.000000,0,65N_July_insolation,409.9,W_per_m2,observed;age_uncertainty_unavailable:deterministic_orbital_solution,3afc20dda7b385bdd366bc4c9cf60be02d8defdb4c0f317430ca8386d62f81a3
insolation_convention_1,Berger-orbit91,724.000000,0,65N_July_insolation,411.43,W_per_m2,observed;age_uncertainty_unavailable:deterministic_orbital_solution,3afc20dda7b385bdd366bc4c9cf60be02d8defdb4c0f317430ca8386d62f81a3
insolation_convention_1,Berger-orbit91,725.000000,0,65N_July_insolation,414.9,W_per_m2,observed;age_uncertainty_unavailable:deterministic_orbital_solution,3afc20dda7b385bdd366bc4c9cf60be02d8defdb4c0f317430ca8386d62f81a3
insolation_convention_1,Berger-orbit91,726.000000,0,65N_July_insolation,419.91,W_per_m2,observed;age_uncertainty_unavailable:deterministic_orbital_solution,3afc20dda7b385bdd366bc4c9cf60be02d8defdb4c0f317430ca8386d62f81a3
insolation_convention_1,Berger-orbit91,727.000000,0,65N_July_insolation,425.94,W_per_m2,observed;age_uncertainty_unavailable:deterministic_orbital_solution,3afc20dda7b385bdd366bc4c9cf60be02d8defdb4c0f317430ca8386d62f81a3
insolation_convention_1,Berger-orbit91,728.000000,0,65N_July_insolation,432.42,W_per_m2,observed;age_uncertainty_unavailable:deterministic_orbital_solution,3afc20dda7b385bdd366bc4c9cf60be02d8defdb4c0f317430ca8386d62f81a3
insolation_convention_1,Berger-orbit91,729.000000,0,65N_July_insolation,438.73,W_per_m2,observed;age_uncertainty_unavailable:deterministic_orbital_solution,3afc20dda7b385bdd366bc4c9cf60be02d8defdb4c0f317430ca8386d62f81a3
insolation_convention_1,Berger-orbit91,730.000000,0,65N_July_insolation,444.35,W_per_m2,observed;age_uncertainty_unavailable:deterministic_orbital_solution,3afc20dda7b385bdd366bc4c9cf60be02d8defdb4c0f317430ca8386d62f81a3
insolation_convention_1,Berger-orbit91,731.000000,0,65N_July_insolation,448.81,W_per_m2,observed;age_uncertainty_unavailable:deterministic_orbital_solution,3afc20dda7b385bdd366bc4c9cf60be02d8defdb4c0f317430ca8386d62f81a3
insolation_convention_1,Berger-orbit91,732.000000,0,65N_July_insolation,451.84,W_per_m2,observed;age_uncertainty_unavailable:deterministic_orbital_solution,3afc20dda7b385bdd366bc4c9cf60be02d8defdb4c0f317430ca8386d62f81a3
insolation_convention_1,Berger-orbit91,733.000000,0,65N_July_insolation,453.32,W_per_m2,observed;age_uncertainty_unavailable:deterministic_orbital_solution,3afc20dda7b385bdd366bc4c9cf60be02d8defdb4c0f317430ca8386d62f81a3
insolation_convention_1,Berger-orbit91,734.000000,0,65N_July_insolation,453.32,W_per_m2,observed;age_uncertainty_unavailable:deterministic_orbital_solution,3afc20dda7b385bdd366bc4c9cf60be02d8defdb4c0f317430ca8386d62f81a3
insolation_convention_1,Berger-orbit91,735.000000,0,65N_July_insolation,452.06,W_per_m2,observed;age_uncertainty_unavailable:deterministic_orbital_solution,3afc20dda7b385bdd366bc4c9cf60be02d8defdb4c0f317430ca8386d62f81a3
insolation_convention_1,Berger-orbit91,736.000000,0,65N_July_insolation,449.9,W_per_m2,observed;age_uncertainty_unavailable:deterministic_orbital_solution,3afc20dda7b385bdd366bc4c9cf60be02d8defdb4c0f317430ca8386d62f81a3
insolation_convention_1,Berger-orbit91,737.000000,0,65N_July_insolation,447.26,W_per_m2,observed;age_uncertainty_unavailable:deterministic_orbital_solution,3afc20dda7b385bdd366bc4c9cf60be02d8defdb4c0f317430ca8386d62f81a3
insolation_convention_1,Berger-orbit91,738.000000,0,65N_July_insolation,444.57,W_per_m2,observed;age_uncertainty_unavailable:deterministic_orbital_solution,3afc20dda7b385bdd366bc4c9cf60be02d8defdb4c0f317430ca8386d62f81a3
insolation_convention_1,Berger-orbit91,739.000000,0,65N_July_insolation,442.23,W_per_m2,observed;age_uncertainty_unavailable:deterministic_orbital_solution,3afc20dda7b385bdd366bc4c9cf60be02d8defdb4c0f317430ca8386d62f81a3
insolation_convention_1,Berger-orbit91,740.000000,0,65N_July_insolation,440.56,W_per_m2,observed;age_uncertainty_unavailable:deterministic_orbital_solution,3afc20dda7b385bdd366bc4c9cf60be02d8defdb4c0f317430ca8386d62f81a3
insolation_convention_1,Berger-orbit91,741.000000,0,65N_July_insolation,439.78,W_per_m2,observed;age_uncertainty_unavailable:deterministic_orbital_solution,3afc20dda7b385bdd366bc4c9cf60be02d8defdb4c0f317430ca8386d62f81a3
insolation_convention_1,Berger-orbit91,742.000000,0,65N_July_insolation,439.95,W_per_m2,observed;age_uncertainty_unavailable:deterministic_orbital_solution,3afc20dda7b385bdd366bc4c9cf60be02d8defdb4c0f317430ca8386d62f81a3
insolation_convention_1,Berger-orbit91,743.000000,0,65N_July_insolation,441.03,W_per_m2,observed;age_uncertainty_unavailable:deterministic_orbital_solution,3afc20dda7b385bdd366bc4c9cf60be02d8defdb4c0f317430ca8386d62f81a3
insolation_convention_1,Berger-orbit91,744.000000,0,65N_July_insolation,442.84,W_per_m2,observed;age_uncertainty_unavailable:deterministic_orbital_solution,3afc20dda7b385bdd366bc4c9cf60be02d8defdb4c0f317430ca8386d62f81a3
insolation_convention_1,Berger-orbit91,745.000000,0,65N_July_insolation,445.08,W_per_m2,observed;age_uncertainty_unavailable:deterministic_orbital_solution,3afc20dda7b385bdd366bc4c9cf60be02d8defdb4c0f317430ca8386d62f81a3
insolation_convention_1,Berger-orbit91,746.000000,0,65N_July_insolation,447.42,W_per_m2,observed;age_uncertainty_unavailable:deterministic_orbital_solution,3afc20dda7b385bdd366bc4c9cf60be02d8defdb4c0f317430ca8386d62f81a3
insolation_convention_1,Berger-orbit91,747.000000,0,65N_July_insolation,449.47,W_per_m2,observed;age_uncertainty_unavailable:deterministic_orbital_solution,3afc20dda7b385bdd366bc4c9cf60be02d8defdb4c0f317430ca8386d62f81a3
insolation_convention_1,Berger-orbit91,748.000000,0,65N_July_insolation,450.88,W_per_m2,observed;age_uncertainty_unavailable:deterministic_orbital_solution,3afc20dda7b385bdd366bc4c9cf60be02d8defdb4c0f317430ca8386d62f81a3
insolation_convention_1,Berger-orbit91,749.000000,0,65N_July_insolation,451.38,W_per_m2,observed;age_uncertainty_unavailable:deterministic_orbital_solution,3afc20dda7b385bdd366bc4c9cf60be02d8defdb4c0f317430ca8386d62f81a3
insolation_convention_1,Berger-orbit91,750.000000,0,65N_July_insolation,450.78,W_per_m2,observed;age_uncertainty_unavailable:deterministic_orbital_solution,3afc20dda7b385bdd366bc4c9cf60be02d8defdb4c0f317430ca8386d62f81a3
insolation_convention_1,Berger-orbit91,751.000000,0,65N_July_insolation,449.06,W_per_m2,observed;age_uncertainty_unavailable:deterministic_orbital_solution,3afc20dda7b385bdd366bc4c9cf60be02d8defdb4c0f317430ca8386d62f81a3
insolation_convention_1,Berger-orbit91,752.000000,0,65N_July_insolation,446.33,W_per_m2,observed;age_uncertainty_unavailable:deterministic_orbital_solution,3afc20dda7b385bdd366bc4c9cf60be02d8defdb4c0f317430ca8386d62f81a3
insolation_convention_1,Berger-orbit91,753.000000,0,65N_July_insolation,442.82,W_per_m2,observed;age_uncertainty_unavailable:deterministic_orbital_solution,3afc20dda7b385bdd366bc4c9cf60be02d8defdb4c0f317430ca8386d62f81a3
insolation_convention_1,Berger-orbit91,754.000000,0,65N_July_insolation,438.9,W_per_m2,observed;age_uncertainty_unavailable:deterministic_orbital_solution,3afc20dda7b385bdd366bc4c9cf60be02d8defdb4c0f317430ca8386d62f81a3
insolation_convention_1,Berger-orbit91,755.000000,0,65N_July_insolation,434.97,W_per_m2,observed;age_uncertainty_unavailable:deterministic_orbital_solution,3afc20dda7b385bdd366bc4c9cf60be02d8defdb4c0f317430ca8386d62f81a3
insolation_convention_1,Berger-orbit91,756.000000,0,65N_July_insolation,431.46,W_per_m2,observed;age_uncertainty_unavailable:deterministic_orbital_solution,3afc20dda7b385bdd366bc4c9cf60be02d8defdb4c0f317430ca8386d62f81a3
insolation_convention_1,Berger-orbit91,757.000000,0,65N_July_insolation,428.77,W_per_m2,observed;age_uncertainty_unavailable:deterministic_orbital_solution,3afc20dda7b385bdd366bc4c9cf60be02d8defdb4c0f317430ca8386d62f81a3
insolation_convention_1,Berger-orbit91,758.000000,0,65N_July_insolation,427.18,W_per_m2,observed;age_uncertainty_unavailable:deterministic_orbital_solution,3afc20dda7b385bdd366bc4c9cf60be02d8defdb4c0f317430ca8386d62f81a3
insolation_convention_1,Berger-orbit91,759.000000,0,65N_July_insolation,426.89,W_per_m2,observed;age_uncertainty_unavailable:deterministic_orbital_solution,3afc20dda7b385bdd366bc4c9cf60be02d8defdb4c0f317430ca8386d62f81a3
insolation_convention_1,Berger-orbit91,760.000000,0,65N_July_insolation,427.92,W_per_m2,observed;age_uncertainty_unavailable:deterministic_orbital_solution,3afc20dda7b385bdd366bc4c9cf60be02d8defdb4c0f317430ca8386d62f81a3
insolation_convention_1,Berger-orbit91,761.000000,0,65N_July_insolation,430.16,W_per_m2,observed;age_uncertainty_unavailable:deterministic_orbital_solution,3afc20dda7b385bdd366bc4c9cf60be02d8defdb4c0f317430ca8386d62f81a3
insolation_convention_1,Berger-orbit91,762.000000,0,65N_July_insolation,433.33,W_per_m2,observed;age_uncertainty_unavailable:deterministic_orbital_solution,3afc20dda7b385bdd366bc4c9cf60be02d8defdb4c0f317430ca8386d62f81a3
insolation_convention_1,Berger-orbit91,763.000000,0,65N_July_insolation,437.05,W_per_m2,observed;age_uncertainty_unavailable:deterministic_orbital_solution,3afc20dda7b385bdd366bc4c9cf60be02d8defdb4c0f317430ca8386d62f81a3
insolation_convention_1,Berger-orbit91,764.000000,0,65N_July_insolation,440.83,W_per_m2,observed;age_uncertainty_unavailable:deterministic_orbital_solution,3afc20dda7b385bdd366bc4c9cf60be02d8defdb4c0f317430ca8386d62f81a3
insolation_convention_1,Berger-orbit91,765.000000,0,65N_July_insolation,444.17,W_per_m2,observed;age_uncertainty_unavailable:deterministic_orbital_solution,3afc20dda7b385bdd366bc4c9cf60be02d8defdb4c0f317430ca8386d62f81a3
insolation_convention_1,Berger-orbit91,766.000000,0,65N_July_insolation,446.61,W_per_m2,observed;age_uncertainty_unavailable:deterministic_orbital_solution,3afc20dda7b385bdd366bc4c9cf60be02d8defdb4c0f317430ca8386d62f81a3
insolation_convention_1,Berger-orbit91,767.000000,0,65N_July_insolation,447.76,W_per_m2,observed;age_uncertainty_unavailable:deterministic_orbital_solution,3afc20dda7b385bdd366bc4c9cf60be02d8defdb4c0f317430ca8386d62f81a3
insolation_convention_1,Berger-orbit91,768.000000,0,65N_July_insolation,447.42,W_per_m2,observed;age_uncertainty_unavailable:deterministic_orbital_solution,3afc20dda7b385bdd366bc4c9cf60be02d8defdb4c0f317430ca8386d62f81a3
insolation_convention_1,Berger-orbit91,769.000000,0,65N_July_insolation,445.54,W_per_m2,observed;age_uncertainty_unavailable:deterministic_orbital_solution,3afc20dda7b385bdd366bc4c9cf60be02d8defdb4c0f317430ca8386d62f81a3
insolation_convention_1,Berger-orbit91,770.000000,0,65N_July_insolation,442.3,W_per_m2,observed;age_uncertainty_unavailable:deterministic_orbital_solution,3afc20dda7b385bdd366bc4c9cf60be02d8defdb4c0f317430ca8386d62f81a3
insolation_convention_1,Berger-orbit91,771.000000,0,65N_July_insolation,438.03,W_per_m2,observed;age_uncertainty_unavailable:deterministic_orbital_solution,3afc20dda7b385bdd366bc4c9cf60be02d8defdb4c0f317430ca8386d62f81a3
insolation_convention_1,Berger-orbit91,772.000000,0,65N_July_insolation,433.22,W_per_m2,observed;age_uncertainty_unavailable:deterministic_orbital_solution,3afc20dda7b385bdd366bc4c9cf60be02d8defdb4c0f317430ca8386d62f81a3
insolation_convention_1,Berger-orbit91,773.000000,0,65N_July_insolation,428.43,W_per_m2,observed;age_uncertainty_unavailable:deterministic_orbital_solution,3afc20dda7b385bdd366bc4c9cf60be02d8defdb4c0f317430ca8386d62f81a3
insolation_convention_1,Berger-orbit91,774.000000,0,65N_July_insolation,424.23,W_per_m2,observed;age_uncertainty_unavailable:deterministic_orbital_solution,3afc20dda7b385bdd366bc4c9cf60be02d8defdb4c0f317430ca8386d62f81a3
insolation_convention_1,Berger-orbit91,775.000000,0,65N_July_insolation,421.15,W_per_m2,observed;age_uncertainty_unavailable:deterministic_orbital_solution,3afc20dda7b385bdd366bc4c9cf60be02d8defdb4c0f317430ca8386d62f81a3
insolation_convention_1,Berger-orbit91,776.000000,0,65N_July_insolation,419.6,W_per_m2,observed;age_uncertainty_unavailable:deterministic_orbital_solution,3afc20dda7b385bdd366bc4c9cf60be02d8defdb4c0f317430ca8386d62f81a3
insolation_convention_1,Berger-orbit91,777.000000,0,65N_July_insolation,419.85,W_per_m2,observed;age_uncertainty_unavailable:deterministic_orbital_solution,3afc20dda7b385bdd366bc4c9cf60be02d8defdb4c0f317430ca8386d62f81a3
insolation_convention_1,Berger-orbit91,778.000000,0,65N_July_insolation,421.98,W_per_m2,observed;age_uncertainty_unavailable:deterministic_orbital_solution,3afc20dda7b385bdd366bc4c9cf60be02d8defdb4c0f317430ca8386d62f81a3
insolation_convention_1,Berger-orbit91,779.000000,0,65N_July_insolation,425.88,W_per_m2,observed;age_uncertainty_unavailable:deterministic_orbital_solution,3afc20dda7b385bdd366bc4c9cf60be02d8defdb4c0f317430ca8386d62f81a3
insolation_convention_1,Berger-orbit91,780.000000,0,65N_July_insolation,431.27,W_per_m2,observed;age_uncertainty_unavailable:deterministic_orbital_solution,3afc20dda7b385bdd366bc4c9cf60be02d8defdb4c0f317430ca8386d62f81a3
insolation_convention_1,Berger-orbit91,781.000000,0,65N_July_insolation,437.71,W_per_m2,observed;age_uncertainty_unavailable:deterministic_orbital_solution,3afc20dda7b385bdd366bc4c9cf60be02d8defdb4c0f317430ca8386d62f81a3
insolation_convention_1,Berger-orbit91,782.000000,0,65N_July_insolation,444.62,W_per_m2,observed;age_uncertainty_unavailable:deterministic_orbital_solution,3afc20dda7b385bdd366bc4c9cf60be02d8defdb4c0f317430ca8386d62f81a3
insolation_convention_1,Berger-orbit91,783.000000,0,65N_July_insolation,451.37,W_per_m2,observed;age_uncertainty_unavailable:deterministic_orbital_solution,3afc20dda7b385bdd366bc4c9cf60be02d8defdb4c0f317430ca8386d62f81a3
insolation_convention_1,Berger-orbit91,784.000000,0,65N_July_insolation,457.31,W_per_m2,observed;age_uncertainty_unavailable:deterministic_orbital_solution,3afc20dda7b385bdd366bc4c9cf60be02d8defdb4c0f317430ca8386d62f81a3
insolation_convention_1,Berger-orbit91,785.000000,0,65N_July_insolation,461.88,W_per_m2,observed;age_uncertainty_unavailable:deterministic_orbital_solution,3afc20dda7b385bdd366bc4c9cf60be02d8defdb4c0f317430ca8386d62f81a3
insolation_convention_1,Berger-orbit91,786.000000,0,65N_July_insolation,464.64,W_per_m2,observed;age_uncertainty_unavailable:deterministic_orbital_solution,3afc20dda7b385bdd366bc4c9cf60be02d8defdb4c0f317430ca8386d62f81a3
insolation_convention_1,Berger-orbit91,787.000000,0,65N_July_insolation,465.35,W_per_m2,observed;age_uncertainty_unavailable:deterministic_orbital_solution,3afc20dda7b385bdd366bc4c9cf60be02d8defdb4c0f317430ca8386d62f81a3
insolation_convention_1,Berger-orbit91,788.000000,0,65N_July_insolation,463.97,W_per_m2,observed;age_uncertainty_unavailable:deterministic_orbital_solution,3afc20dda7b385bdd366bc4c9cf60be02d8defdb4c0f317430ca8386d62f81a3
insolation_convention_1,Berger-orbit91,789.000000,0,65N_July_insolation,460.7,W_per_m2,observed;age_uncertainty_unavailable:deterministic_orbital_solution,3afc20dda7b385bdd366bc4c9cf60be02d8defdb4c0f317430ca8386d62f81a3
insolation_convention_1,Berger-orbit91,790.000000,0,65N_July_insolation,455.92,W_per_m2,observed;age_uncertainty_unavailable:deterministic_orbital_solution,3afc20dda7b385bdd366bc4c9cf60be02d8defdb4c0f317430ca8386d62f81a3
insolation_convention_1,Berger-orbit91,791.000000,0,65N_July_insolation,450.15,W_per_m2,observed;age_uncertainty_unavailable:deterministic_orbital_solution,3afc20dda7b385bdd366bc4c9cf60be02d8defdb4c0f317430ca8386d62f81a3
insolation_convention_1,Berger-orbit91,792.000000,0,65N_July_insolation,444,W_per_m2,observed;age_uncertainty_unavailable:deterministic_orbital_solution,3afc20dda7b385bdd366bc4c9cf60be02d8defdb4c0f317430ca8386d62f81a3
insolation_convention_1,Berger-orbit91,793.000000,0,65N_July_insolation,438.08,W_per_m2,observed;age_uncertainty_unavailable:deterministic_orbital_solution,3afc20dda7b385bdd366bc4c9cf60be02d8defdb4c0f317430ca8386d62f81a3
insolation_convention_1,Berger-orbit91,794.000000,0,65N_July_insolation,432.95,W_per_m2,observed;age_uncertainty_unavailable:deterministic_orbital_solution,3afc20dda7b385bdd366bc4c9cf60be02d8defdb4c0f317430ca8386d62f81a3
insolation_convention_1,Berger-orbit91,795.000000,0,65N_July_insolation,429.06,W_per_m2,observed;age_uncertainty_unavailable:deterministic_orbital_solution,3afc20dda7b385bdd366bc4c9cf60be02d8defdb4c0f317430ca8386d62f81a3
insolation_convention_1,Berger-orbit91,796.000000,0,65N_July_insolation,426.7,W_per_m2,observed;age_uncertainty_unavailable:deterministic_orbital_solution,3afc20dda7b385bdd366bc4c9cf60be02d8defdb4c0f317430ca8386d62f81a3
insolation_convention_1,Berger-orbit91,797.000000,0,65N_July_insolation,426,W_per_m2,observed;age_uncertainty_unavailable:deterministic_orbital_solution,3afc20dda7b385bdd366bc4c9cf60be02d8defdb4c0f317430ca8386d62f81a3
insolation_convention_1,Berger-orbit91,798.000000,0,65N_July_insolation,426.92,W_per_m2,observed;age_uncertainty_unavailable:deterministic_orbital_solution,3afc20dda7b385bdd366bc4c9cf60be02d8defdb4c0f317430ca8386d62f81a3
insolation_convention_1,Berger-orbit91,799.000000,0,65N_July_insolation,429.22,W_per_m2,observed;age_uncertainty_unavailable:deterministic_orbital_solution,3afc20dda7b385bdd366bc4c9cf60be02d8defdb4c0f317430ca8386d62f81a3
insolation_convention_1,Berger-orbit91,800.000000,0,65N_July_insolation,432.53,W_per_m2,observed;age_uncertainty_unavailable:deterministic_orbital_solution,3afc20dda7b385bdd366bc4c9cf60be02d8defdb4c0f317430ca8386d62f81a3
