dataset_id,source_id,age_ka_bp,age_uncertainty_ka,proxy_name,proxy_value,proxy_unit,quality_flag,sha256_source
LR04,Lisiecki-Raymo-2005,0.000000,,benthic_d18O,3.23,permil,observed;age_uncertainty_unavailable:LR04_file_has_proxy_error_not_age_error,973a52d988da04333c98c3fc0cb51babac2fa9bb1c05d42de3d6df726d96b6fc
LR04,Lisiecki-Raymo-2005,1.000000,,benthic_d18O,3.23,permil,observed;age_uncertainty_unavailable:LR04_file_has_proxy_error_not_age_error,973a52d988da04333c98c3fc0cb51babac2fa9bb1c05d42de3d6df726d96b6fc
LR04,Lisiecki-Raymo-2005,2.000000,,benthic_d18O,3.18,permil,observed;age_uncertainty_unavailable:LR04_file_has_proxy_error_not_age_error,973a52d988da04333c98c3fc0cb51babac2fa9bb1c05d42de3d6df726d96b6fc
LR04,Lisiecki-Raymo-2005,3.000000,,benthic_d18O,3.29,permil,observed;age_uncertainty_unavailable:LR04_file_has_proxy_error_not_age_error,973a52d988da04333c98c3fc0cb51babac2fa9bb1c05d42de3d6df726d96b6fc
LR04,Lisiecki-Raymo-2005,4.000000,,benthic_d18O,3.3,permil,observed;age_uncertainty_unavailable:LR04_file_has_proxy_error_not_age_error,973a52d988da04333c98c3fc0cb51babac2fa9bb1c05d42de3d6df726d96b6fc
LR04,Lisiecki-Raymo-2005,5.000000,,benthic_d18O,3.26,permil,observed;age_uncertainty_unavailable:LR04_file_has_proxy_error_not_age_error,973a52d988da04333c98c3fc0cb51babac2fa9bb1c05d42de3d6df726d96b6fc
LR04,Lisiecki-Raymo-2005,6.000000,,benthic_d18O,3.33,permil,observed;age_uncertainty_unavailable:LR04_file_has_proxy_error_not_age_error,973a52d988da04333c98c3fc0cb51babac2fa9bb1c05d42de3d6df726d96b6fc
LR04,Lisiecki-Raymo-2005,7.000000,,benthic_d18O,3.37,permil,observed;age_uncertainty_unavailable:LR04_file_has_proxy_error_not_age_error,973a52d988da04333c98c3fc0cb51babac2fa9bb1c05d42de3d6df726d96b6fc
LR04,Lisiecki-Raymo-2005,8.000000,,benthic_d18O,3.42,permil,observed;age_uncertainty_unavailable:LR04_file_has_proxy_error_not_age_error,973a52d988da04333c98c3fc0cb51babac2fa9bb1c05d42de3d6df726d96b6fc
LR04,Lisiecki-Raymo-2005,9.000000,,benthic_d18O,3.38,permil,observed;age_uncertainty_unavailable:LR04_file_has_proxy_error_not_age_error,973a52d988da04333c98c3fc0cb51babac2fa9bb1c05d42de3d6df726d96b6fc
LR04,Lisiecki-Raymo-2005,10.000000,,benthic_d18O,3.52,permil,observed;age_uncertainty_unavailable:LR04_file_has_proxy_error_not_age_error,973a52d988da04333c98c3fc0cb51babac2fa9bb1c05d42de3d6df726d96b6fc
LR04,Lisiecki-Raymo-2005,11.000000,,benthic_d18O,3.6,permil,observed;age_uncertainty_unavailable:LR04_file_has_proxy_error_not_age_error,973a52d988da04333c98c3fc0cb51babac2fa9bb1c05d42de3d6df726d96b6fc
LR04,Lisiecki-Raymo-2005,12.000000,,benthic_d18O,3.92,permil,observed;age_uncertainty_unavailable:LR04_file_has_proxy_error_not_age_error,973a52d988da04333c98c3fc0cb51babac2fa9bb1c05d42de3d6df726d96b6fc
LR04,Lisiecki-Raymo-2005,13.000000,,benthic_d18O,4.06,permil,observed;age_uncertainty_unavailable:LR04_file_has_proxy_error_not_age_error,973a52d988da04333c98c3fc0cb51babac2fa9bb1c05d42de3d6df726d96b6fc
LR04,Lisiecki-Raymo-2005,14.000000,,benthic_d18O,4.28,permil,observed;age_uncertainty_unavailable:LR04_file_has_proxy_error_not_age_error,973a52d988da04333c98c3fc0cb51babac2fa9bb1c05d42de3d6df726d96b6fc
LR04,Lisiecki-Raymo-2005,15.000000,,benthic_d18O,4.49,permil,observed;age_uncertainty_unavailable:LR04_file_has_proxy_error_not_age_error,973a52d988da04333c98c3fc0cb51babac2fa9bb1c05d42de3d6df726d96b6fc
LR04,Lisiecki-Raymo-2005,16.000000,,benthic_d18O,4.75,permil,observed;age_uncertainty_unavailable:LR04_file_has_proxy_error_not_age_error,973a52d988da04333c98c3fc0cb51babac2fa9bb1c05d42de3d6df726d96b6fc
LR04,Lisiecki-Raymo-2005,17.000000,,benthic_d18O,4.88,permil,observed;age_uncertainty_unavailable:LR04_file_has_proxy_error_not_age_error,973a52d988da04333c98c3fc0cb51babac2fa9bb1c05d42de3d6df726d96b6fc
LR04,Lisiecki-Raymo-2005,18.000000,,benthic_d18O,5.02,permil,observed;age_uncertainty_unavailable:LR04_file_has_proxy_error_not_age_error,973a52d988da04333c98c3fc0cb51babac2fa9bb1c05d42de3d6df726d96b6fc
LR04,Lisiecki-Raymo-2005,19.000000,,benthic_d18O,4.96,permil,observed;age_uncertainty_unavailable:LR04_file_has_proxy_error_not_age_error,973a52d988da04333c98c3fc0cb51babac2fa9bb1c05d42de3d6df726d96b6fc
LR04,Lisiecki-Raymo-2005,20.000000,,benthic_d18O,4.99,permil,observed;age_uncertainty_unavailable:LR04_file_has_proxy_error_not_age_error,973a52d988da04333c98c3fc0cb51babac2fa9bb1c05d42de3d6df726d96b6fc
LR04,Lisiecki-Raymo-2005,21.000000,,benthic_d18O,4.91,permil,observed;age_uncertainty_unavailable:LR04_file_has_proxy_error_not_age_error,973a52d988da04333c98c3fc0cb51babac2fa9bb1c05d42de3d6df726d96b6fc
LR04,Lisiecki-Raymo-2005,22.000000,,benthic_d18O,4.88,permil,observed;age_uncertainty_unavailable:LR04_file_has_proxy_error_not_age_error,973a52d988da04333c98c3fc0cb51babac2fa9bb1c05d42de3d6df726d96b6fc
LR04,Lisiecki-Raymo-2005,23.000000,,benthic_d18O,4.86,permil,observed;age_uncertainty_unavailable:LR04_file_has_proxy_error_not_age_error,973a52d988da04333c98c3fc0cb51babac2fa9bb1c05d42de3d6df726d96b6fc
LR04,Lisiecki-Raymo-2005,24.000000,,benthic_d18O,4.81,permil,observed;age_uncertainty_unavailable:LR04_file_has_proxy_error_not_age_error,973a52d988da04333c98c3fc0cb51babac2fa9bb1c05d42de3d6df726d96b6fc
LR04,Lisiecki-Raymo-2005,25.000000,,benthic_d18O,4.82,permil,observed;age_uncertainty_unavailable:LR04_file_has_proxy_error_not_age_error,973a52d988da04333c98c3fc0cb51babac2fa9bb1c05d42de3d6df726d96b6fc
LR04,Lisiecki-Raymo-2005,26.000000,,benthic_d18O,4.67,permil,observed;age_uncertainty_unavailable:LR04_file_has_proxy_error_not_age_error,973a52d988da04333c98c3fc0cb51babac2fa9bb1c05d42de3d6df726d96b6fc
LR04,Lisiecki-Raymo-2005,27.000000,,benthic_d18O,4.75,permil,observed;age_uncertainty_unavailable:LR04_file_has_proxy_error_not_age_error,973a52d988da04333c98c3fc0cb51babac2fa9bb1c05d42de3d6df726d96b6fc
LR04,Lisiecki-Raymo-2005,28.000000,,benthic_d18O,4.75,permil,observed;age_uncertainty_unavailable:LR04_file_has_proxy_error_not_age_error,973a52d988da04333c98c3fc0cb51babac2fa9bb1c05d42de3d6df726d96b6fc
LR04,Lisiecki-Raymo-2005,29.000000,,benthic_d18O,4.73,permil,observed;age_uncertainty_unavailable:LR04_file_has_proxy_error_not_age_error,973a52d988da04333c98c3fc0cb51babac2fa9bb1c05d42de3d6df726d96b6fc
LR04,Lisiecki-Raymo-2005,30.000000,,benthic_d18O,4.62,permil,observed;age_uncertainty_unavailable:LR04_file_has_proxy_error_not_age_error,973a52d988da04333c98c3fc0cb51babac2fa9bb1c05d42de3d6df726d96b6fc
LR04,Lisiecki-Raymo-2005,31.000000,,benthic_d18O,4.62,permil,observed;age_uncertainty_unavailable:LR04_file_has_proxy_error_not_age_error,973a52d988da04333c98c3fc0cb51babac2fa9bb1c05d42de3d6df726d96b6fc
LR04,Lisiecki-Raymo-2005,32.000000,,benthic_d18O,4.6,permil,observed;age_uncertainty_unavailable:LR04_file_has_proxy_error_not_age_error,973a52d988da04333c98c3fc0cb51babac2fa9bb1c05d42de3d6df726d96b6fc
LR04,Lisiecki-Raymo-2005,33.000000,,benthic_d18O,4.58,permil,observed;age_uncertainty_unavailable:LR04_file_has_proxy_error_not_age_error,973a52d988da04333c98c3fc0cb51babac2fa9bb1c05d42de3d6df726d96b6fc
LR04,Lisiecki-Raymo-2005,34.000000,,benthic_d18O,4.59,permil,observed;age_uncertainty_unavailable:LR04_file_has_proxy_error_not_age_error,973a52d988da04333c98c3fc0cb51babac2fa9bb1c05d42de3d6df726d96b6fc
LR04,Lisiecki-Raymo-2005,35.000000,,benthic_d18O,4.54,permil,observed;age_uncertainty_unavailable:LR04_file_has_proxy_error_not_age_error,973a52d988da04333c98c3fc0cb51babac2fa9bb1c05d42de3d6df726d96b6fc
LR04,Lisiecki-Raymo-2005,36.000000,,benthic_d18O,4.45,permil,observed;age_uncertainty_unavailable:LR04_file_has_proxy_error_not_age_error,973a52d988da04333c98c3fc0cb51babac2fa9bb1c05d42de3d6df726d96b6fc
LR04,Lisiecki-Raymo-2005,37.000000,,benthic_d18O,4.46,permil,observed;age_uncertainty_unavailable:LR04_file_has_proxy_error_not_age_error,973a52d988da04333c98c3fc0cb51babac2fa9bb1c05d42de3d6df726d96b6fc
LR04,Lisiecki-Raymo-2005,38.000000,,benthic_d18O,4.41,permil,observed;age_uncertainty_unavailable:LR04_file_has_proxy_error_not_age_error,973a52d988da04333c98c3fc0cb51babac2fa9bb1c05d42de3d6df726d96b6fc
LR04,Lisiecki-Raymo-2005,39.000000,,benthic_d18O,4.55,permil,observed;age_uncertainty_unavailable:LR04_file_has_proxy_error_not_age_error,973a52d988da04333c98c3fc0cb51babac2fa9bb1c05d42de3d6df726d96b6fc
LR04,Lisiecki-Raymo-2005,40.000000,,benthic_d18O,4.55,permil,observed;age_uncertainty_unavailable:LR04_file_has_proxy_error_not_age_error,973a52d988da04333c98c3fc0cb51babac2fa9bb1c05d42de3d6df726d96b6fc
LR04,Lisiecki-Raymo-2005,41.000000,,benthic_d18O,4.51,permil,observed;age_uncertainty_unavailable:LR04_file_has_proxy_error_not_age_error,973a52d988da04333c98c3fc0cb51babac2fa9bb1c05d42de3d6df726d96b6fc
LR04,Lisiecki-Raymo-2005,42.000000,,benthic_d18O,4.5,permil,observed;age_uncertainty_unavailable:LR04_file_has_proxy_error_not_age_error,973a52d988da04333c98c3fc0cb51babac2fa9bb1c05d42de3d6df726d96b6fc
LR04,Lisiecki-Raymo-2005,43.000000,,benthic_d18O,4.46,permil,observed;age_uncertainty_unavailable:LR04_file_has_proxy_error_not_age_error,973a52d988da04333c98c3fc0cb51babac2fa9bb1c05d42de3d6df726d96b6fc
LR04,Lisiecki-Raymo-2005,44.000000,,benthic_d18O,4.48,permil,observed;age_uncertainty_unavailable:LR04_file_has_proxy_error_not_age_error,973a52d988da04333c98c3fc0cb51babac2fa9bb1c05d42de3d6df726d96b6fc
LR04,Lisiecki-Raymo-2005,45.000000,,benthic_d18O,4.33,permil,observed;age_uncertainty_unavailable:LR04_file_has_proxy_error_not_age_error,973a52d988da04333c98c3fc0cb51babac2fa9bb1c05d42de3d6df726d96b6fc
LR04,Lisiecki-Raymo-2005,46.000000,,benthic_d18O,4.36,permil,observed;age_uncertainty_unavailable:LR04_file_has_proxy_error_not_age_error,973a52d988da04333c98c3fc0cb51babac2fa9bb1c05d42de3d6df726d96b6fc
LR04,Lisiecki-Raymo-2005,47.000000,,benthic_d18O,4.38,permil,observed;age_uncertainty_unavailable:LR04_file_has_proxy_error_not_age_error,973a52d988da04333c98c3fc0cb51babac2fa9bb1c05d42de3d6df726d96b6fc
LR04,Lisiecki-Raymo-2005,48.000000,,benthic_d18O,4.45,permil,observed;age_uncertainty_unavailable:LR04_file_has_proxy_error_not_age_error,973a52d988da04333c98c3fc0cb51babac2fa9bb1c05d42de3d6df726d96b6fc
LR04,Lisiecki-Raymo-2005,49.000000,,benthic_d18O,4.46,permil,observed;age_uncertainty_unavailable:LR04_file_has_proxy_error_not_age_error,973a52d988da04333c98c3fc0cb51babac2fa9bb1c05d42de3d6df726d96b6fc
LR04,Lisiecki-Raymo-2005,50.000000,,benthic_d18O,4.34,permil,observed;age_uncertainty_unavailable:LR04_file_has_proxy_error_not_age_error,973a52d988da04333c98c3fc0cb51babac2fa9bb1c05d42de3d6df726d96b6fc
LR04,Lisiecki-Raymo-2005,51.000000,,benthic_d18O,4.33,permil,observed;age_uncertainty_unavailable:LR04_file_has_proxy_error_not_age_error,973a52d988da04333c98c3fc0cb51babac2fa9bb1c05d42de3d6df726d96b6fc
LR04,Lisiecki-Raymo-2005,52.000000,,benthic_d18O,4.31,permil,observed;age_uncertainty_unavailable:LR04_file_has_proxy_error_not_age_error,973a52d988da04333c98c3fc0cb51babac2fa9bb1c05d42de3d6df726d96b6fc
LR04,Lisiecki-Raymo-2005,53.000000,,benthic_d18O,4.44,permil,observed;age_uncertainty_unavailable:LR04_file_has_proxy_error_not_age_error,973a52d988da04333c98c3fc0cb51babac2fa9bb1c05d42de3d6df726d96b6fc
LR04,Lisiecki-Raymo-2005,54.000000,,benthic_d18O,4.38,permil,observed;age_uncertainty_unavailable:LR04_file_has_proxy_error_not_age_error,973a52d988da04333c98c3fc0cb51babac2fa9bb1c05d42de3d6df726d96b6fc
LR04,Lisiecki-Raymo-2005,55.000000,,benthic_d18O,4.31,permil,observed;age_uncertainty_unavailable:LR04_file_has_proxy_error_not_age_error,973a52d988da04333c98c3fc0cb51babac2fa9bb1c05d42de3d6df726d96b6fc
LR04,Lisiecki-Raymo-2005,56.000000,,benthic_d18O,4.35,permil,observed;age_uncertainty_unavailable:LR04_file_has_proxy_error_not_age_error,973a52d988da04333c98c3fc0cb51babac2fa9bb1c05d42de3d6df726d96b6fc
LR04,Lisiecki-Raymo-2005,57.000000,,benthic_d18O,4.43,permil,observed;age_uncertainty_unavailable:LR04_file_has_proxy_error_not_age_error,973a52d988da04333c98c3fc0cb51babac2fa9bb1c05d42de3d6df726d96b6fc
LR04,Lisiecki-Raymo-2005,58.000000,,benthic_d18O,4.49,permil,observed;age_uncertainty_unavailable:LR04_file_has_proxy_error_not_age_error,973a52d988da04333c98c3fc0cb51babac2fa9bb1c05d42de3d6df726d96b6fc
LR04,Lisiecki-Raymo-2005,59.000000,,benthic_d18O,4.43,permil,observed;age_uncertainty_unavailable:LR04_file_has_proxy_error_not_age_error,973a52d988da04333c98c3fc0cb51babac2fa9bb1c05d42de3d6df726d96b6fc
LR04,Lisiecki-Raymo-2005,60.000000,,benthic_d18O,4.6,permil,observed;age_uncertainty_unavailable:LR04_file_has_proxy_error_not_age_error,973a52d988da04333c98c3fc0cb51babac2fa9bb1c05d42de3d6df726d96b6fc
LR04,Lisiecki-Raymo-2005,61.000000,,benthic_d18O,4.51,permil,observed;age_uncertainty_unavailable:LR04_file_has_proxy_error_not_age_error,973a52d988da04333c98c3fc0cb51babac2fa9bb1c05d42de3d6df726d96b6fc
LR04,Lisiecki-Raymo-2005,62.000000,,benthic_d18O,4.6,permil,observed;age_uncertainty_unavailable:LR04_file_has_proxy_error_not_age_error,973a52d988da04333c98c3fc0cb51babac2fa9bb1c05d42de3d6df726d96b6fc
LR04,Lisiecki-Raymo-2005,63.000000,,benthic_d18O,4.53,permil,observed;age_uncertainty_unavailable:LR04_file_has_proxy_error_not_age_error,973a52d988da04333c98c3fc0cb51babac2fa9bb1c05d42de3d6df726d96b6fc
LR04,Lisiecki-Raymo-2005,64.000000,,benthic_d18O,4.36,permil,observed;age_uncertainty_unavailable:LR04_file_has_proxy_error_not_age_error,973a52d988da04333c98c3fc0cb51babac2fa9bb1c05d42de3d6df726d96b6fc
LR04,Lisiecki-Raymo-2005,65.000000,,benthic_d18O,4.48,permil,observed;age_uncertainty_unavailable:LR04_file_has_proxy_error_not_age_error,973a52d988da04333c98c3fc0cb51babac2fa9bb1c05d42de3d6df726d96b6fc
LR04,Lisiecki-Raymo-2005,66.000000,,benthic_d18O,4.57,permil,observed;age_uncertainty_unavailable:LR04_file_has_proxy_error_not_age_error,973a52d988da04333c98c3fc0cb51babac2fa9bb1c05d42de3d6df726d96b6fc
LR04,Lisiecki-Raymo-2005,67.000000,,benthic_d18O,4.44,permil,observed;age_uncertainty_unavailable:LR04_file_has_proxy_error_not_age_error,973a52d988da04333c98c3fc0cb51babac2fa9bb1c05d42de3d6df726d96b6fc
LR04,Lisiecki-Raymo-2005,68.000000,,benthic_d18O,4.42,permil,observed;age_uncertainty_unavailable:LR04_file_has_proxy_error_not_age_error,973a52d988da04333c98c3fc0cb51babac2fa9bb1c05d42de3d6df726d96b6fc
LR04,Lisiecki-Raymo-2005,69.000000,,benthic_d18O,4.47,permil,observed;age_uncertainty_unavailable:LR04_file_has_proxy_error_not_age_error,973a52d988da04333c98c3fc0cb51babac2fa9bb1c05d42de3d6df726d96b6fc
LR04,Lisiecki-Raymo-2005,70.000000,,benthic_d18O,4.32,permil,observed;age_uncertainty_unavailable:LR04_file_has_proxy_error_not_age_error,973a52d988da04333c98c3fc0cb51babac2fa9bb1c05d42de3d6df726d96b6fc
LR04,Lisiecki-Raymo-2005,71.000000,,benthic_d18O,4.22,permil,observed;age_uncertainty_unavailable:LR04_file_has_proxy_error_not_age_error,973a52d988da04333c98c3fc0cb51babac2fa9bb1c05d42de3d6df726d96b6fc
LR04,Lisiecki-Raymo-2005,72.000000,,benthic_d18O,4.21,permil,observed;age_uncertainty_unavailable:LR04_file_has_proxy_error_not_age_error,973a52d988da04333c98c3fc0cb51babac2fa9bb1c05d42de3d6df726d96b6fc
LR04,Lisiecki-Raymo-2005,73.000000,,benthic_d18O,4.23,permil,observed;age_uncertainty_unavailable:LR04_file_has_proxy_error_not_age_error,973a52d988da04333c98c3fc0cb51babac2fa9bb1c05d42de3d6df726d96b6fc
LR04,Lisiecki-Raymo-2005,74.000000,,benthic_d18O,4.03,permil,observed;age_uncertainty_unavailable:LR04_file_has_proxy_error_not_age_error,973a52d988da04333c98c3fc0cb51babac2fa9bb1c05d42de3d6df726d96b6fc
LR04,Lisiecki-Raymo-2005,75.000000,,benthic_d18O,3.95,permil,observed;age_uncertainty_unavailable:LR04_file_has_proxy_error_not_age_error,973a52d988da04333c98c3fc0cb51babac2fa9bb1c05d42de3d6df726d96b6fc
LR04,Lisiecki-Raymo-2005,76.000000,,benthic_d18O,4.06,permil,observed;age_uncertainty_unavailable:LR04_file_has_proxy_error_not_age_error,973a52d988da04333c98c3fc0cb51babac2fa9bb1c05d42de3d6df726d96b6fc
LR04,Lisiecki-Raymo-2005,77.000000,,benthic_d18O,4.08,permil,observed;age_uncertainty_unavailable:LR04_file_has_proxy_error_not_age_error,973a52d988da04333c98c3fc0cb51babac2fa9bb1c05d42de3d6df726d96b6fc
LR04,Lisiecki-Raymo-2005,78.000000,,benthic_d18O,4.05,permil,observed;age_uncertainty_unavailable:LR04_file_has_proxy_error_not_age_error,973a52d988da04333c98c3fc0cb51babac2fa9bb1c05d42de3d6df726d96b6fc
LR04,Lisiecki-Raymo-2005,79.000000,,benthic_d18O,4.05,permil,observed;age_uncertainty_unavailable:LR04_file_has_proxy_error_not_age_error,973a52d988da04333c98c3fc0cb51babac2fa9bb1c05d42de3d6df726d96b6fc
LR04,Lisiecki-Raymo-2005,80.000000,,benthic_d18O,3.9,permil,observed;age_uncertainty_unavailable:LR04_file_has_proxy_error_not_age_error,973a52d988da04333c98c3fc0cb51babac2fa9bb1c05d42de3d6df726d96b6fc
LR04,Lisiecki-Raymo-2005,81.000000,,benthic_d18O,3.82,permil,observed;age_uncertainty_unavailable:LR04_file_has_proxy_error_not_age_error,973a52d988da04333c98c3fc0cb51babac2fa9bb1c05d42de3d6df726d96b6fc
LR04,Lisiecki-Raymo-2005,82.000000,,benthic_d18O,3.8,permil,observed;age_uncertainty_unavailable:LR04_file_has_proxy_error_not_age_error,973a52d988da04333c98c3fc0cb51babac2fa9bb1c05d42de3d6df726d96b6fc
LR04,Lisiecki-Raymo-2005,83.000000,,benthic_d18O,3.83,permil,observed;age_uncertainty_unavailable:LR04_file_has_proxy_error_not_age_error,973a52d988da04333c98c3fc0cb51babac2fa9bb1c05d42de3d6df726d96b6fc
LR04,Lisiecki-Raymo-2005,84.000000,,benthic_d18O,3.82,permil,observed;age_uncertainty_unavailable:LR04_file_has_proxy_error_not_age_error,973a52d988da04333c98c3fc0cb51babac2fa9bb1c05d42de3d6df726d96b6fc
LR04,Lisiecki-Raymo-2005,85.000000,,benthic_d18O,3.95,permil,observed;age_uncertainty_unavailable:LR04_file_has_proxy_error_not_age_error,973a52d988da04333c98c3fc0cb51babac2fa9bb1c05d42de3d6df726d96b6fc
LR04,Lisiecki-Raymo-2005,86.000000,,benthic_d18O,4.06,permil,observed;age_uncertainty_unavailable:LR04_file_has_proxy_error_not_age_error,973a52d988da04333c98c3fc0cb51babac2fa9bb1c05d42de3d6df726d96b6fc
LR04,Lisiecki-Raymo-2005,87.000000,,benthic_d18O,4.18,permil,observed;age_uncertainty_unavailable:LR04_file_has_proxy_error_not_age_error,973a52d988da04333c98c3fc0cb51babac2fa9bb1c05d42de3d6df726d96b6fc
LR04,Lisiecki-Raymo-2005,88.000000,,benthic_d18O,4.11,permil,observed;age_uncertainty_unavailable:LR04_file_has_proxy_error_not_age_error,973a52d988da04333c98c3fc0cb51babac2fa9bb1c05d42de3d6df726d96b6fc
LR04,Lisiecki-Raymo-2005,89.000000,,benthic_d18O,4.08,permil,observed;age_uncertainty_unavailable:LR04_file_has_proxy_error_not_age_error,973a52d988da04333c98c3fc0cb51babac2fa9bb1c05d42de3d6df726d96b6fc
LR04,Lisiecki-Raymo-2005,90.000000,,benthic_d18O,4.06,permil,observed;age_uncertainty_unavailable:LR04_file_has_proxy_error_not_age_error,973a52d988da04333c98c3fc0cb51babac2fa9bb1c05d42de3d6df726d96b6fc
LR04,Lisiecki-Raymo-2005,91.000000,,benthic_d18O,4.03,permil,observed;age_uncertainty_unavailable:LR04_file_has_proxy_error_not_age_error,973a52d988da04333c98c3fc0cb51babac2fa9bb1c05d42de3d6df726d96b6fc
LR04,Lisiecki-Raymo-2005,92.000000,,benthic_d18O,3.98,permil,observed;age_uncertainty_unavailable:LR04_file_has_proxy_error_not_age_error,973a52d988da04333c98c3fc0cb51babac2fa9bb1c05d42de3d6df726d96b6fc
LR04,Lisiecki-Raymo-2005,93.000000,,benthic_d18O,3.9,permil,observed;age_uncertainty_unavailable:LR04_file_has_proxy_error_not_age_error,973a52d988da04333c98c3fc0cb51babac2fa9bb1c05d42de3d6df726d96b6fc
LR04,Lisiecki-Raymo-2005,94.000000,,benthic_d18O,3.84,permil,observed;age_uncertainty_unavailable:LR04_file_has_proxy_error_not_age_error,973a52d988da04333c98c3fc0cb51babac2fa9bb1c05d42de3d6df726d96b6fc
LR04,Lisiecki-Raymo-2005,95.000000,,benthic_d18O,3.77,permil,observed;age_uncertainty_unavailable:LR04_file_has_proxy_error_not_age_error,973a52d988da04333c98c3fc0cb51babac2fa9bb1c05d42de3d6df726d96b6fc
LR04,Lisiecki-Raymo-2005,96.000000,,benthic_d18O,3.75,permil,observed;age_uncertainty_unavailable:LR04_file_has_proxy_error_not_age_error,973a52d988da04333c98c3fc0cb51babac2fa9bb1c05d42de3d6df726d96b6fc
LR04,Lisiecki-Raymo-2005,97.000000,,benthic_d18O,3.83,permil,observed;age_uncertainty_unavailable:LR04_file_has_proxy_error_not_age_error,973a52d988da04333c98c3fc0cb51babac2fa9bb1c05d42de3d6df726d96b6fc
LR04,Lisiecki-Raymo-2005,98.000000,,benthic_d18O,3.9,permil,observed;age_uncertainty_unavailable:LR04_file_has_proxy_error_not_age_error,973a52d988da04333c98c3fc0cb51babac2fa9bb1c05d42de3d6df726d96b6fc
LR04,Lisiecki-Raymo-2005,99.000000,,benthic_d18O,3.78,permil,observed;age_uncertainty_unavailable:LR04_file_has_proxy_error_not_age_error,973a52d988da04333c98c3fc0cb51babac2fa9bb1c05d42de3d6df726d96b6fc
LR04,Lisiecki-Raymo-2005,100.000000,,benthic_d18O,3.81,permil,observed;age_uncertainty_unavailable:LR04_file_has_proxy_error_not_age_error,973a52d988da04333c98c3fc0cb51babac2fa9bb1c05d42de3d6df726d96b6fc
LR04,Lisiecki-Raymo-2005,101.000000,,benthic_d18O,3.92,permil,observed;age_uncertainty_unavailable:LR04_file_has_proxy_error_not_age_error,973a52d988da04333c98c3fc0cb51babac2fa9bb1c05d42de3d6df726d96b6fc
LR04,Lisiecki-Raymo-2005,102.000000,,benthic_d18O,3.86,permil,observed;age_uncertainty_unavailable:LR04_file_has_proxy_error_not_age_error,973a52d988da04333c98c3fc0cb51babac2fa9bb1c05d42de3d6df726d96b6fc
LR04,Lisiecki-Raymo-2005,103.000000,,benthic_d18O,3.88,permil,observed;age_uncertainty_unavailable:LR04_file_has_proxy_error_not_age_error,973a52d988da04333c98c3fc0cb51babac2fa9bb1c05d42de3d6df726d96b6fc
LR04,Lisiecki-Raymo-2005,104.000000,,benthic_d18O,3.92,permil,observed;age_uncertainty_unavailable:LR04_file_has_proxy_error_not_age_error,973a52d988da04333c98c3fc0cb51babac2fa9bb1c05d42de3d6df726d96b6fc
LR04,Lisiecki-Raymo-2005,105.000000,,benthic_d18O,3.85,permil,observed;age_uncertainty_unavailable:LR04_file_has_proxy_error_not_age_error,973a52d988da04333c98c3fc0cb51babac2fa9bb1c05d42de3d6df726d96b6fc
LR04,Lisiecki-Raymo-2005,106.000000,,benthic_d18O,4,permil,observed;age_uncertainty_unavailable:LR04_file_has_proxy_error_not_age_error,973a52d988da04333c98c3fc0cb51babac2fa9bb1c05d42de3d6df726d96b6fc
LR04,Lisiecki-Raymo-2005,107.000000,,benthic_d18O,4.04,permil,observed;age_uncertainty_unavailable:LR04_file_has_proxy_error_not_age_error,973a52d988da04333c98c3fc0cb51babac2fa9bb1c05d42de3d6df726d96b6fc
LR04,Lisiecki-Raymo-2005,108.000000,,benthic_d18O,4.11,permil,observed;age_uncertainty_unavailable:LR04_file_has_proxy_error_not_age_error,973a52d988da04333c98c3fc0cb51babac2fa9bb1c05d42de3d6df726d96b6fc
LR04,Lisiecki-Raymo-2005,109.000000,,benthic_d18O,4.12,permil,observed;age_uncertainty_unavailable:LR04_file_has_proxy_error_not_age_error,973a52d988da04333c98c3fc0cb51babac2fa9bb1c05d42de3d6df726d96b6fc
LR04,Lisiecki-Raymo-2005,110.000000,,benthic_d18O,4.04,permil,observed;age_uncertainty_unavailable:LR04_file_has_proxy_error_not_age_error,973a52d988da04333c98c3fc0cb51babac2fa9bb1c05d42de3d6df726d96b6fc
LR04,Lisiecki-Raymo-2005,111.000000,,benthic_d18O,4.02,permil,observed;age_uncertainty_unavailable:LR04_file_has_proxy_error_not_age_error,973a52d988da04333c98c3fc0cb51babac2fa9bb1c05d42de3d6df726d96b6fc
LR04,Lisiecki-Raymo-2005,112.000000,,benthic_d18O,4.03,permil,observed;age_uncertainty_unavailable:LR04_file_has_proxy_error_not_age_error,973a52d988da04333c98c3fc0cb51babac2fa9bb1c05d42de3d6df726d96b6fc
LR04,Lisiecki-Raymo-2005,113.000000,,benthic_d18O,3.93,permil,observed;age_uncertainty_unavailable:LR04_file_has_proxy_error_not_age_error,973a52d988da04333c98c3fc0cb51babac2fa9bb1c05d42de3d6df726d96b6fc
LR04,Lisiecki-Raymo-2005,114.000000,,benthic_d18O,3.81,permil,observed;age_uncertainty_unavailable:LR04_file_has_proxy_error_not_age_error,973a52d988da04333c98c3fc0cb51babac2fa9bb1c05d42de3d6df726d96b6fc
LR04,Lisiecki-Raymo-2005,115.000000,,benthic_d18O,3.71,permil,observed;age_uncertainty_unavailable:LR04_file_has_proxy_error_not_age_error,973a52d988da04333c98c3fc0cb51babac2fa9bb1c05d42de3d6df726d96b6fc
LR04,Lisiecki-Raymo-2005,116.000000,,benthic_d18O,3.58,permil,observed;age_uncertainty_unavailable:LR04_file_has_proxy_error_not_age_error,973a52d988da04333c98c3fc0cb51babac2fa9bb1c05d42de3d6df726d96b6fc
LR04,Lisiecki-Raymo-2005,117.000000,,benthic_d18O,3.54,permil,observed;age_uncertainty_unavailable:LR04_file_has_proxy_error_not_age_error,973a52d988da04333c98c3fc0cb51babac2fa9bb1c05d42de3d6df726d96b6fc
LR04,Lisiecki-Raymo-2005,118.000000,,benthic_d18O,3.44,permil,observed;age_uncertainty_unavailable:LR04_file_has_proxy_error_not_age_error,973a52d988da04333c98c3fc0cb51babac2fa9bb1c05d42de3d6df726d96b6fc
LR04,Lisiecki-Raymo-2005,119.000000,,benthic_d18O,3.3,permil,observed;age_uncertainty_unavailable:LR04_file_has_proxy_error_not_age_error,973a52d988da04333c98c3fc0cb51babac2fa9bb1c05d42de3d6df726d96b6fc
LR04,Lisiecki-Raymo-2005,120.000000,,benthic_d18O,3.27,permil,observed;age_uncertainty_unavailable:LR04_file_has_proxy_error_not_age_error,973a52d988da04333c98c3fc0cb51babac2fa9bb1c05d42de3d6df726d96b6fc
LR04,Lisiecki-Raymo-2005,121.000000,,benthic_d18O,3.26,permil,observed;age_uncertainty_unavailable:LR04_file_has_proxy_error_not_age_error,973a52d988da04333c98c3fc0cb51babac2fa9bb1c05d42de3d6df726d96b6fc
LR04,Lisiecki-Raymo-2005,122.000000,,benthic_d18O,3.18,permil,observed;age_uncertainty_unavailable:LR04_file_has_proxy_error_not_age_error,973a52d988da04333c98c3fc0cb51babac2fa9bb1c05d42de3d6df726d96b6fc
LR04,Lisiecki-Raymo-2005,123.000000,,benthic_d18O,3.1,permil,observed;age_uncertainty_unavailable:LR04_file_has_proxy_error_not_age_error,973a52d988da04333c98c3fc0cb51babac2fa9bb1c05d42de3d6df726d96b6fc
LR04,Lisiecki-Raymo-2005,124.000000,,benthic_d18O,3.27,permil,observed;age_uncertainty_unavailable:LR04_file_has_proxy_error_not_age_error,973a52d988da04333c98c3fc0cb51babac2fa9bb1c05d42de3d6df726d96b6fc
LR04,Lisiecki-Raymo-2005,125.000000,,benthic_d18O,3.14,permil,observed;age_uncertainty_unavailable:LR04_file_has_proxy_error_not_age_error,973a52d988da04333c98c3fc0cb51babac2fa9bb1c05d42de3d6df726d96b6fc
LR04,Lisiecki-Raymo-2005,126.000000,,benthic_d18O,3.16,permil,observed;age_uncertainty_unavailable:LR04_file_has_proxy_error_not_age_error,973a52d988da04333c98c3fc0cb51babac2fa9bb1c05d42de3d6df726d96b6fc
LR04,Lisiecki-Raymo-2005,127.000000,,benthic_d18O,3.37,permil,observed;age_uncertainty_unavailable:LR04_file_has_proxy_error_not_age_error,973a52d988da04333c98c3fc0cb51babac2fa9bb1c05d42de3d6df726d96b6fc
LR04,Lisiecki-Raymo-2005,128.000000,,benthic_d18O,3.71,permil,observed;age_uncertainty_unavailable:LR04_file_has_proxy_error_not_age_error,973a52d988da04333c98c3fc0cb51babac2fa9bb1c05d42de3d6df726d96b6fc
LR04,Lisiecki-Raymo-2005,129.000000,,benthic_d18O,3.9,permil,observed;age_uncertainty_unavailable:LR04_file_has_proxy_error_not_age_error,973a52d988da04333c98c3fc0cb51babac2fa9bb1c05d42de3d6df726d96b6fc
LR04,Lisiecki-Raymo-2005,130.000000,,benthic_d18O,3.67,permil,observed;age_uncertainty_unavailable:LR04_file_has_proxy_error_not_age_error,973a52d988da04333c98c3fc0cb51babac2fa9bb1c05d42de3d6df726d96b6fc
LR04,Lisiecki-Raymo-2005,131.000000,,benthic_d18O,3.81,permil,observed;age_uncertainty_unavailable:LR04_file_has_proxy_error_not_age_error,973a52d988da04333c98c3fc0cb51babac2fa9bb1c05d42de3d6df726d96b6fc
LR04,Lisiecki-Raymo-2005,132.000000,,benthic_d18O,4.2,permil,observed;age_uncertainty_unavailable:LR04_file_has_proxy_error_not_age_error,973a52d988da04333c98c3fc0cb51babac2fa9bb1c05d42de3d6df726d96b6fc
LR04,Lisiecki-Raymo-2005,133.000000,,benthic_d18O,4.41,permil,observed;age_uncertainty_unavailable:LR04_file_has_proxy_error_not_age_error,973a52d988da04333c98c3fc0cb51babac2fa9bb1c05d42de3d6df726d96b6fc
LR04,Lisiecki-Raymo-2005,134.000000,,benthic_d18O,4.7,permil,observed;age_uncertainty_unavailable:LR04_file_has_proxy_error_not_age_error,973a52d988da04333c98c3fc0cb51babac2fa9bb1c05d42de3d6df726d96b6fc
LR04,Lisiecki-Raymo-2005,135.000000,,benthic_d18O,4.86,permil,observed;age_uncertainty_unavailable:LR04_file_has_proxy_error_not_age_error,973a52d988da04333c98c3fc0cb51babac2fa9bb1c05d42de3d6df726d96b6fc
LR04,Lisiecki-Raymo-2005,136.000000,,benthic_d18O,4.82,permil,observed;age_uncertainty_unavailable:LR04_file_has_proxy_error_not_age_error,973a52d988da04333c98c3fc0cb51babac2fa9bb1c05d42de3d6df726d96b6fc
LR04,Lisiecki-Raymo-2005,137.000000,,benthic_d18O,4.8,permil,observed;age_uncertainty_unavailable:LR04_file_has_proxy_error_not_age_error,973a52d988da04333c98c3fc0cb51babac2fa9bb1c05d42de3d6df726d96b6fc
LR04,Lisiecki-Raymo-2005,138.000000,,benthic_d18O,4.89,permil,observed;age_uncertainty_unavailable:LR04_file_has_proxy_error_not_age_error,973a52d988da04333c98c3fc0cb51babac2fa9bb1c05d42de3d6df726d96b6fc
LR04,Lisiecki-Raymo-2005,139.000000,,benthic_d18O,4.87,permil,observed;age_uncertainty_unavailable:LR04_file_has_proxy_error_not_age_error,973a52d988da04333c98c3fc0cb51babac2fa9bb1c05d42de3d6df726d96b6fc
LR04,Lisiecki-Raymo-2005,140.000000,,benthic_d18O,4.98,permil,observed;age_uncertainty_unavailable:LR04_file_has_proxy_error_not_age_error,973a52d988da04333c98c3fc0cb51babac2fa9bb1c05d42de3d6df726d96b6fc
LR04,Lisiecki-Raymo-2005,141.000000,,benthic_d18O,4.81,permil,observed;age_uncertainty_unavailable:LR04_file_has_proxy_error_not_age_error,973a52d988da04333c98c3fc0cb51babac2fa9bb1c05d42de3d6df726d96b6fc
LR04,Lisiecki-Raymo-2005,142.000000,,benthic_d18O,4.75,permil,observed;age_uncertainty_unavailable:LR04_file_has_proxy_error_not_age_error,973a52d988da04333c98c3fc0cb51babac2fa9bb1c05d42de3d6df726d96b6fc
LR04,Lisiecki-Raymo-2005,143.000000,,benthic_d18O,4.78,permil,observed;age_uncertainty_unavailable:LR04_file_has_proxy_error_not_age_error,973a52d988da04333c98c3fc0cb51babac2fa9bb1c05d42de3d6df726d96b6fc
LR04,Lisiecki-Raymo-2005,144.000000,,benthic_d18O,4.82,permil,observed;age_uncertainty_unavailable:LR04_file_has_proxy_error_not_age_error,973a52d988da04333c98c3fc0cb51babac2fa9bb1c05d42de3d6df726d96b6fc
LR04,Lisiecki-Raymo-2005,145.000000,,benthic_d18O,4.74,permil,observed;age_uncertainty_unavailable:LR04_file_has_proxy_error_not_age_error,973a52d988da04333c98c3fc0cb51babac2fa9bb1c05d42de3d6df726d96b6fc
LR04,Lisiecki-Raymo-2005,146.000000,,benthic_d18O,4.77,permil,observed;age_uncertainty_unavailable:LR04_file_has_proxy_error_not_age_error,973a52d988da04333c98c3fc0cb51babac2fa9bb1c05d42de3d6df726d96b6fc
LR04,Lisiecki-Raymo-2005,147.000000,,benthic_d18O,4.82,permil,observed;age_uncertainty_unavailable:LR04_file_has_proxy_error_not_age_error,973a52d988da04333c98c3fc0cb51babac2fa9bb1c05d42de3d6df726d96b6fc
LR04,Lisiecki-Raymo-2005,148.000000,,benthic_d18O,4.71,permil,observed;age_uncertainty_unavailable:LR04_file_has_proxy_error_not_age_error,973a52d988da04333c98c3fc0cb51babac2fa9bb1c05d42de3d6df726d96b6fc
LR04,Lisiecki-Raymo-2005,149.000000,,benthic_d18O,4.75,permil,observed;age_uncertainty_unavailable:LR04_file_has_proxy_error_not_age_error,973a52d988da04333c98c3fc0cb51babac2fa9bb1c05d42de3d6df726d96b6fc
LR04,Lisiecki-Raymo-2005,150.000000,,benthic_d18O,4.75,permil,observed;age_uncertainty_unavailable:LR04_file_has_proxy_error_not_age_error,973a52d988da04333c98c3fc0cb51babac2fa9bb1c05d42de3d6df726d96b6fc
LR04,Lisiecki-Raymo-2005,151.000000,,benthic_d18O,4.66,permil,observed;age_uncertainty_unavailable:LR04_file_has_proxy_error_not_age_error,973a52d988da04333c98c3fc0cb51babac2fa9bb1c05d42de3d6df726d96b6fc
LR04,Lisiecki-Raymo-2005,152.000000,,benthic_d18O,4.64,permil,observed;age_uncertainty_unavailable:LR04_file_has_proxy_error_not_age_error,973a52d988da04333c98c3fc0cb51babac2fa9bb1c05d42de3d6df726d96b6fc
LR04,Lisiecki-Raymo-2005,153.000000,,benthic_d18O,4.62,permil,observed;age_uncertainty_unavailable:LR04_file_has_proxy_error_not_age_error,973a52d988da04333c98c3fc0cb51babac2fa9bb1c05d42de3d6df726d96b6fc
LR04,Lisiecki-Raymo-2005,154.000000,,benthic_d18O,4.66,permil,observed;age_uncertainty_unavailable:LR04_file_has_proxy_error_not_age_error,973a52d988da04333c98c3fc0cb51babac2fa9bb1c05d42de3d6df726d96b6fc
LR04,Lisiecki-Raymo-2005,155.000000,,benthic_d18O,4.51,permil,observed;age_uncertainty_unavailable:LR04_file_has_proxy_error_not_age_error,973a52d988da04333c98c3fc0cb51babac2fa9bb1c05d42de3d6df726d96b6fc
LR04,Lisiecki-Raymo-2005,156.000000,,benthic_d18O,4.78,permil,observed;age_uncertainty_unavailable:LR04_file_has_proxy_error_not_age_error,973a52d988da04333c98c3fc0cb51babac2fa9bb1c05d42de3d6df726d96b6fc
LR04,Lisiecki-Raymo-2005,157.000000,,benthic_d18O,4.74,permil,observed;age_uncertainty_unavailable:LR04_file_has_proxy_error_not_age_error,973a52d988da04333c98c3fc0cb51babac2fa9bb1c05d42de3d6df726d96b6fc
LR04,Lisiecki-Raymo-2005,158.000000,,benthic_d18O,4.69,permil,observed;age_uncertainty_unavailable:LR04_file_has_proxy_error_not_age_error,973a52d988da04333c98c3fc0cb51babac2fa9bb1c05d42de3d6df726d96b6fc
LR04,Lisiecki-Raymo-2005,159.000000,,benthic_d18O,4.66,permil,observed;age_uncertainty_unavailable:LR04_file_has_proxy_error_not_age_error,973a52d988da04333c98c3fc0cb51babac2fa9bb1c05d42de3d6df726d96b6fc
LR04,Lisiecki-Raymo-2005,160.000000,,benthic_d18O,4.69,permil,observed;age_uncertainty_unavailable:LR04_file_has_proxy_error_not_age_error,973a52d988da04333c98c3fc0cb51babac2fa9bb1c05d42de3d6df726d96b6fc
LR04,Lisiecki-Raymo-2005,161.000000,,benthic_d18O,4.65,permil,observed;age_uncertainty_unavailable:LR04_file_has_proxy_error_not_age_error,973a52d988da04333c98c3fc0cb51babac2fa9bb1c05d42de3d6df726d96b6fc
LR04,Lisiecki-Raymo-2005,162.000000,,benthic_d18O,4.66,permil,observed;age_uncertainty_unavailable:LR04_file_has_proxy_error_not_age_error,973a52d988da04333c98c3fc0cb51babac2fa9bb1c05d42de3d6df726d96b6fc
LR04,Lisiecki-Raymo-2005,163.000000,,benthic_d18O,4.7,permil,observed;age_uncertainty_unavailable:LR04_file_has_proxy_error_not_age_error,973a52d988da04333c98c3fc0cb51babac2fa9bb1c05d42de3d6df726d96b6fc
LR04,Lisiecki-Raymo-2005,164.000000,,benthic_d18O,4.68,permil,observed;age_uncertainty_unavailable:LR04_file_has_proxy_error_not_age_error,973a52d988da04333c98c3fc0cb51babac2fa9bb1c05d42de3d6df726d96b6fc
LR04,Lisiecki-Raymo-2005,165.000000,,benthic_d18O,4.68,permil,observed;age_uncertainty_unavailable:LR04_file_has_proxy_error_not_age_error,973a52d988da04333c98c3fc0cb51babac2fa9bb1c05d42de3d6df726d96b6fc
LR04,Lisiecki-Raymo-2005,166.000000,,benthic_d18O,4.48,permil,observed;age_uncertainty_unavailable:LR04_file_has_proxy_error_not_age_error,973a52d988da04333c98c3fc0cb51babac2fa9bb1c05d42de3d6df726d96b6fc
LR04,Lisiecki-Raymo-2005,167.000000,,benthic_d18O,4.41,permil,observed;age_uncertainty_unavailable:LR04_file_has_proxy_error_not_age_error,973a52d988da04333c98c3fc0cb51babac2fa9bb1c05d42de3d6df726d96b6fc
LR04,Lisiecki-Raymo-2005,168.000000,,benthic_d18O,4.48,permil,observed;age_uncertainty_unavailable:LR04_file_has_proxy_error_not_age_error,973a52d988da04333c98c3fc0cb51babac2fa9bb1c05d42de3d6df726d96b6fc
LR04,Lisiecki-Raymo-2005,169.000000,,benthic_d18O,4.5,permil,observed;age_uncertainty_unavailable:LR04_file_has_proxy_error_not_age_error,973a52d988da04333c98c3fc0cb51babac2fa9bb1c05d42de3d6df726d96b6fc
LR04,Lisiecki-Raymo-2005,170.000000,,benthic_d18O,4.5,permil,observed;age_uncertainty_unavailable:LR04_file_has_proxy_error_not_age_error,973a52d988da04333c98c3fc0cb51babac2fa9bb1c05d42de3d6df726d96b6fc
LR04,Lisiecki-Raymo-2005,171.000000,,benthic_d18O,4.53,permil,observed;age_uncertainty_unavailable:LR04_file_has_proxy_error_not_age_error,973a52d988da04333c98c3fc0cb51babac2fa9bb1c05d42de3d6df726d96b6fc
LR04,Lisiecki-Raymo-2005,172.000000,,benthic_d18O,4.46,permil,observed;age_uncertainty_unavailable:LR04_file_has_proxy_error_not_age_error,973a52d988da04333c98c3fc0cb51babac2fa9bb1c05d42de3d6df726d96b6fc
LR04,Lisiecki-Raymo-2005,173.000000,,benthic_d18O,4.38,permil,observed;age_uncertainty_unavailable:LR04_file_has_proxy_error_not_age_error,973a52d988da04333c98c3fc0cb51babac2fa9bb1c05d42de3d6df726d96b6fc
LR04,Lisiecki-Raymo-2005,174.000000,,benthic_d18O,4.28,permil,observed;age_uncertainty_unavailable:LR04_file_has_proxy_error_not_age_error,973a52d988da04333c98c3fc0cb51babac2fa9bb1c05d42de3d6df726d96b6fc
LR04,Lisiecki-Raymo-2005,175.000000,,benthic_d18O,4.32,permil,observed;age_uncertainty_unavailable:LR04_file_has_proxy_error_not_age_error,973a52d988da04333c98c3fc0cb51babac2fa9bb1c05d42de3d6df726d96b6fc
LR04,Lisiecki-Raymo-2005,176.000000,,benthic_d18O,4.39,permil,observed;age_uncertainty_unavailable:LR04_file_has_proxy_error_not_age_error,973a52d988da04333c98c3fc0cb51babac2fa9bb1c05d42de3d6df726d96b6fc
LR04,Lisiecki-Raymo-2005,177.000000,,benthic_d18O,4.46,permil,observed;age_uncertainty_unavailable:LR04_file_has_proxy_error_not_age_error,973a52d988da04333c98c3fc0cb51babac2fa9bb1c05d42de3d6df726d96b6fc
LR04,Lisiecki-Raymo-2005,178.000000,,benthic_d18O,4.44,permil,observed;age_uncertainty_unavailable:LR04_file_has_proxy_error_not_age_error,973a52d988da04333c98c3fc0cb51babac2fa9bb1c05d42de3d6df726d96b6fc
LR04,Lisiecki-Raymo-2005,179.000000,,benthic_d18O,4.48,permil,observed;age_uncertainty_unavailable:LR04_file_has_proxy_error_not_age_error,973a52d988da04333c98c3fc0cb51babac2fa9bb1c05d42de3d6df726d96b6fc
LR04,Lisiecki-Raymo-2005,180.000000,,benthic_d18O,4.39,permil,observed;age_uncertainty_unavailable:LR04_file_has_proxy_error_not_age_error,973a52d988da04333c98c3fc0cb51babac2fa9bb1c05d42de3d6df726d96b6fc
LR04,Lisiecki-Raymo-2005,181.000000,,benthic_d18O,4.46,permil,observed;age_uncertainty_unavailable:LR04_file_has_proxy_error_not_age_error,973a52d988da04333c98c3fc0cb51babac2fa9bb1c05d42de3d6df726d96b6fc
LR04,Lisiecki-Raymo-2005,182.000000,,benthic_d18O,4.48,permil,observed;age_uncertainty_unavailable:LR04_file_has_proxy_error_not_age_error,973a52d988da04333c98c3fc0cb51babac2fa9bb1c05d42de3d6df726d96b6fc
LR04,Lisiecki-Raymo-2005,183.000000,,benthic_d18O,4.37,permil,observed;age_uncertainty_unavailable:LR04_file_has_proxy_error_not_age_error,973a52d988da04333c98c3fc0cb51babac2fa9bb1c05d42de3d6df726d96b6fc
LR04,Lisiecki-Raymo-2005,184.000000,,benthic_d18O,4.4,permil,observed;age_uncertainty_unavailable:LR04_file_has_proxy_error_not_age_error,973a52d988da04333c98c3fc0cb51babac2fa9bb1c05d42de3d6df726d96b6fc
LR04,Lisiecki-Raymo-2005,185.000000,,benthic_d18O,4.59,permil,observed;age_uncertainty_unavailable:LR04_file_has_proxy_error_not_age_error,973a52d988da04333c98c3fc0cb51babac2fa9bb1c05d42de3d6df726d96b6fc
LR04,Lisiecki-Raymo-2005,186.000000,,benthic_d18O,4.47,permil,observed;age_uncertainty_unavailable:LR04_file_has_proxy_error_not_age_error,973a52d988da04333c98c3fc0cb51babac2fa9bb1c05d42de3d6df726d96b6fc
LR04,Lisiecki-Raymo-2005,187.000000,,benthic_d18O,4.4,permil,observed;age_uncertainty_unavailable:LR04_file_has_proxy_error_not_age_error,973a52d988da04333c98c3fc0cb51babac2fa9bb1c05d42de3d6df726d96b6fc
LR04,Lisiecki-Raymo-2005,188.000000,,benthic_d18O,4.46,permil,observed;age_uncertainty_unavailable:LR04_file_has_proxy_error_not_age_error,973a52d988da04333c98c3fc0cb51babac2fa9bb1c05d42de3d6df726d96b6fc
LR04,Lisiecki-Raymo-2005,189.000000,,benthic_d18O,4.39,permil,observed;age_uncertainty_unavailable:LR04_file_has_proxy_error_not_age_error,973a52d988da04333c98c3fc0cb51babac2fa9bb1c05d42de3d6df726d96b6fc
LR04,Lisiecki-Raymo-2005,190.000000,,benthic_d18O,4.28,permil,observed;age_uncertainty_unavailable:LR04_file_has_proxy_error_not_age_error,973a52d988da04333c98c3fc0cb51babac2fa9bb1c05d42de3d6df726d96b6fc
LR04,Lisiecki-Raymo-2005,191.000000,,benthic_d18O,4.13,permil,observed;age_uncertainty_unavailable:LR04_file_has_proxy_error_not_age_error,973a52d988da04333c98c3fc0cb51babac2fa9bb1c05d42de3d6df726d96b6fc
LR04,Lisiecki-Raymo-2005,192.000000,,benthic_d18O,3.76,permil,observed;age_uncertainty_unavailable:LR04_file_has_proxy_error_not_age_error,973a52d988da04333c98c3fc0cb51babac2fa9bb1c05d42de3d6df726d96b6fc
LR04,Lisiecki-Raymo-2005,193.000000,,benthic_d18O,3.92,permil,observed;age_uncertainty_unavailable:LR04_file_has_proxy_error_not_age_error,973a52d988da04333c98c3fc0cb51babac2fa9bb1c05d42de3d6df726d96b6fc
LR04,Lisiecki-Raymo-2005,194.000000,,benthic_d18O,3.84,permil,observed;age_uncertainty_unavailable:LR04_file_has_proxy_error_not_age_error,973a52d988da04333c98c3fc0cb51babac2fa9bb1c05d42de3d6df726d96b6fc
LR04,Lisiecki-Raymo-2005,195.000000,,benthic_d18O,3.91,permil,observed;age_uncertainty_unavailable:LR04_file_has_proxy_error_not_age_error,973a52d988da04333c98c3fc0cb51babac2fa9bb1c05d42de3d6df726d96b6fc
LR04,Lisiecki-Raymo-2005,196.000000,,benthic_d18O,3.82,permil,observed;age_uncertainty_unavailable:LR04_file_has_proxy_error_not_age_error,973a52d988da04333c98c3fc0cb51babac2fa9bb1c05d42de3d6df726d96b6fc
LR04,Lisiecki-Raymo-2005,197.000000,,benthic_d18O,3.74,permil,observed;age_uncertainty_unavailable:LR04_file_has_proxy_error_not_age_error,973a52d988da04333c98c3fc0cb51babac2fa9bb1c05d42de3d6df726d96b6fc
LR04,Lisiecki-Raymo-2005,198.000000,,benthic_d18O,3.82,permil,observed;age_uncertainty_unavailable:LR04_file_has_proxy_error_not_age_error,973a52d988da04333c98c3fc0cb51babac2fa9bb1c05d42de3d6df726d96b6fc
LR04,Lisiecki-Raymo-2005,199.000000,,benthic_d18O,3.57,permil,observed;age_uncertainty_unavailable:LR04_file_has_proxy_error_not_age_error,973a52d988da04333c98c3fc0cb51babac2fa9bb1c05d42de3d6df726d96b6fc
LR04,Lisiecki-Raymo-2005,200.000000,,benthic_d18O,3.53,permil,observed;age_uncertainty_unavailable:LR04_file_has_proxy_error_not_age_error,973a52d988da04333c98c3fc0cb51babac2fa9bb1c05d42de3d6df726d96b6fc
LR04,Lisiecki-Raymo-2005,201.000000,,benthic_d18O,3.53,permil,observed;age_uncertainty_unavailable:LR04_file_has_proxy_error_not_age_error,973a52d988da04333c98c3fc0cb51babac2fa9bb1c05d42de3d6df726d96b6fc
LR04,Lisiecki-Raymo-2005,202.000000,,benthic_d18O,3.63,permil,observed;age_uncertainty_unavailable:LR04_file_has_proxy_error_not_age_error,973a52d988da04333c98c3fc0cb51babac2fa9bb1c05d42de3d6df726d96b6fc
LR04,Lisiecki-Raymo-2005,203.000000,,benthic_d18O,3.61,permil,observed;age_uncertainty_unavailable:LR04_file_has_proxy_error_not_age_error,973a52d988da04333c98c3fc0cb51babac2fa9bb1c05d42de3d6df726d96b6fc
LR04,Lisiecki-Raymo-2005,204.000000,,benthic_d18O,3.78,permil,observed;age_uncertainty_unavailable:LR04_file_has_proxy_error_not_age_error,973a52d988da04333c98c3fc0cb51babac2fa9bb1c05d42de3d6df726d96b6fc
LR04,Lisiecki-Raymo-2005,205.000000,,benthic_d18O,3.82,permil,observed;age_uncertainty_unavailable:LR04_file_has_proxy_error_not_age_error,973a52d988da04333c98c3fc0cb51babac2fa9bb1c05d42de3d6df726d96b6fc
LR04,Lisiecki-Raymo-2005,206.000000,,benthic_d18O,3.77,permil,observed;age_uncertainty_unavailable:LR04_file_has_proxy_error_not_age_error,973a52d988da04333c98c3fc0cb51babac2fa9bb1c05d42de3d6df726d96b6fc
LR04,Lisiecki-Raymo-2005,207.000000,,benthic_d18O,3.78,permil,observed;age_uncertainty_unavailable:LR04_file_has_proxy_error_not_age_error,973a52d988da04333c98c3fc0cb51babac2fa9bb1c05d42de3d6df726d96b6fc
LR04,Lisiecki-Raymo-2005,208.000000,,benthic_d18O,3.71,permil,observed;age_uncertainty_unavailable:LR04_file_has_proxy_error_not_age_error,973a52d988da04333c98c3fc0cb51babac2fa9bb1c05d42de3d6df726d96b6fc
LR04,Lisiecki-Raymo-2005,209.000000,,benthic_d18O,3.64,permil,observed;age_uncertainty_unavailable:LR04_file_has_proxy_error_not_age_error,973a52d988da04333c98c3fc0cb51babac2fa9bb1c05d42de3d6df726d96b6fc
LR04,Lisiecki-Raymo-2005,210.000000,,benthic_d18O,3.57,permil,observed;age_uncertainty_unavailable:LR04_file_has_proxy_error_not_age_error,973a52d988da04333c98c3fc0cb51babac2fa9bb1c05d42de3d6df726d96b6fc
LR04,Lisiecki-Raymo-2005,211.000000,,benthic_d18O,3.6,permil,observed;age_uncertainty_unavailable:LR04_file_has_proxy_error_not_age_error,973a52d988da04333c98c3fc0cb51babac2fa9bb1c05d42de3d6df726d96b6fc
LR04,Lisiecki-Raymo-2005,212.000000,,benthic_d18O,3.61,permil,observed;age_uncertainty_unavailable:LR04_file_has_proxy_error_not_age_error,973a52d988da04333c98c3fc0cb51babac2fa9bb1c05d42de3d6df726d96b6fc
LR04,Lisiecki-Raymo-2005,213.000000,,benthic_d18O,3.65,permil,observed;age_uncertainty_unavailable:LR04_file_has_proxy_error_not_age_error,973a52d988da04333c98c3fc0cb51babac2fa9bb1c05d42de3d6df726d96b6fc
LR04,Lisiecki-Raymo-2005,214.000000,,benthic_d18O,3.56,permil,observed;age_uncertainty_unavailable:LR04_file_has_proxy_error_not_age_error,973a52d988da04333c98c3fc0cb51babac2fa9bb1c05d42de3d6df726d96b6fc
LR04,Lisiecki-Raymo-2005,215.000000,,benthic_d18O,3.54,permil,observed;age_uncertainty_unavailable:LR04_file_has_proxy_error_not_age_error,973a52d988da04333c98c3fc0cb51babac2fa9bb1c05d42de3d6df726d96b6fc
LR04,Lisiecki-Raymo-2005,216.000000,,benthic_d18O,3.53,permil,observed;age_uncertainty_unavailable:LR04_file_has_proxy_error_not_age_error,973a52d988da04333c98c3fc0cb51babac2fa9bb1c05d42de3d6df726d96b6fc
LR04,Lisiecki-Raymo-2005,217.000000,,benthic_d18O,3.48,permil,observed;age_uncertainty_unavailable:LR04_file_has_proxy_error_not_age_error,973a52d988da04333c98c3fc0cb51babac2fa9bb1c05d42de3d6df726d96b6fc
LR04,Lisiecki-Raymo-2005,218.000000,,benthic_d18O,3.72,permil,observed;age_uncertainty_unavailable:LR04_file_has_proxy_error_not_age_error,973a52d988da04333c98c3fc0cb51babac2fa9bb1c05d42de3d6df726d96b6fc
LR04,Lisiecki-Raymo-2005,219.000000,,benthic_d18O,3.94,permil,observed;age_uncertainty_unavailable:LR04_file_has_proxy_error_not_age_error,973a52d988da04333c98c3fc0cb51babac2fa9bb1c05d42de3d6df726d96b6fc
LR04,Lisiecki-Raymo-2005,220.000000,,benthic_d18O,3.98,permil,observed;age_uncertainty_unavailable:LR04_file_has_proxy_error_not_age_error,973a52d988da04333c98c3fc0cb51babac2fa9bb1c05d42de3d6df726d96b6fc
LR04,Lisiecki-Raymo-2005,221.000000,,benthic_d18O,4.23,permil,observed;age_uncertainty_unavailable:LR04_file_has_proxy_error_not_age_error,973a52d988da04333c98c3fc0cb51babac2fa9bb1c05d42de3d6df726d96b6fc
LR04,Lisiecki-Raymo-2005,222.000000,,benthic_d18O,4.38,permil,observed;age_uncertainty_unavailable:LR04_file_has_proxy_error_not_age_error,973a52d988da04333c98c3fc0cb51babac2fa9bb1c05d42de3d6df726d96b6fc
LR04,Lisiecki-Raymo-2005,223.000000,,benthic_d18O,4.44,permil,observed;age_uncertainty_unavailable:LR04_file_has_proxy_error_not_age_error,973a52d988da04333c98c3fc0cb51babac2fa9bb1c05d42de3d6df726d96b6fc
LR04,Lisiecki-Raymo-2005,224.000000,,benthic_d18O,4.39,permil,observed;age_uncertainty_unavailable:LR04_file_has_proxy_error_not_age_error,973a52d988da04333c98c3fc0cb51babac2fa9bb1c05d42de3d6df726d96b6fc
LR04,Lisiecki-Raymo-2005,225.000000,,benthic_d18O,4.28,permil,observed;age_uncertainty_unavailable:LR04_file_has_proxy_error_not_age_error,973a52d988da04333c98c3fc0cb51babac2fa9bb1c05d42de3d6df726d96b6fc
LR04,Lisiecki-Raymo-2005,226.000000,,benthic_d18O,4.29,permil,observed;age_uncertainty_unavailable:LR04_file_has_proxy_error_not_age_error,973a52d988da04333c98c3fc0cb51babac2fa9bb1c05d42de3d6df726d96b6fc
LR04,Lisiecki-Raymo-2005,227.000000,,benthic_d18O,4.19,permil,observed;age_uncertainty_unavailable:LR04_file_has_proxy_error_not_age_error,973a52d988da04333c98c3fc0cb51babac2fa9bb1c05d42de3d6df726d96b6fc
LR04,Lisiecki-Raymo-2005,228.000000,,benthic_d18O,4.19,permil,observed;age_uncertainty_unavailable:LR04_file_has_proxy_error_not_age_error,973a52d988da04333c98c3fc0cb51babac2fa9bb1c05d42de3d6df726d96b6fc
LR04,Lisiecki-Raymo-2005,229.000000,,benthic_d18O,4.02,permil,observed;age_uncertainty_unavailable:LR04_file_has_proxy_error_not_age_error,973a52d988da04333c98c3fc0cb51babac2fa9bb1c05d42de3d6df726d96b6fc
LR04,Lisiecki-Raymo-2005,230.000000,,benthic_d18O,4.3,permil,observed;age_uncertainty_unavailable:LR04_file_has_proxy_error_not_age_error,973a52d988da04333c98c3fc0cb51babac2fa9bb1c05d42de3d6df726d96b6fc
LR04,Lisiecki-Raymo-2005,231.000000,,benthic_d18O,4.22,permil,observed;age_uncertainty_unavailable:LR04_file_has_proxy_error_not_age_error,973a52d988da04333c98c3fc0cb51babac2fa9bb1c05d42de3d6df726d96b6fc
LR04,Lisiecki-Raymo-2005,232.000000,,benthic_d18O,4.17,permil,observed;age_uncertainty_unavailable:LR04_file_has_proxy_error_not_age_error,973a52d988da04333c98c3fc0cb51babac2fa9bb1c05d42de3d6df726d96b6fc
LR04,Lisiecki-Raymo-2005,233.000000,,benthic_d18O,3.97,permil,observed;age_uncertainty_unavailable:LR04_file_has_proxy_error_not_age_error,973a52d988da04333c98c3fc0cb51babac2fa9bb1c05d42de3d6df726d96b6fc
LR04,Lisiecki-Raymo-2005,234.000000,,benthic_d18O,3.84,permil,observed;age_uncertainty_unavailable:LR04_file_has_proxy_error_not_age_error,973a52d988da04333c98c3fc0cb51babac2fa9bb1c05d42de3d6df726d96b6fc
LR04,Lisiecki-Raymo-2005,235.000000,,benthic_d18O,3.71,permil,observed;age_uncertainty_unavailable:LR04_file_has_proxy_error_not_age_error,973a52d988da04333c98c3fc0cb51babac2fa9bb1c05d42de3d6df726d96b6fc
LR04,Lisiecki-Raymo-2005,236.000000,,benthic_d18O,3.66,permil,observed;age_uncertainty_unavailable:LR04_file_has_proxy_error_not_age_error,973a52d988da04333c98c3fc0cb51babac2fa9bb1c05d42de3d6df726d96b6fc
LR04,Lisiecki-Raymo-2005,237.000000,,benthic_d18O,3.47,permil,observed;age_uncertainty_unavailable:LR04_file_has_proxy_error_not_age_error,973a52d988da04333c98c3fc0cb51babac2fa9bb1c05d42de3d6df726d96b6fc
LR04,Lisiecki-Raymo-2005,238.000000,,benthic_d18O,3.51,permil,observed;age_uncertainty_unavailable:LR04_file_has_proxy_error_not_age_error,973a52d988da04333c98c3fc0cb51babac2fa9bb1c05d42de3d6df726d96b6fc
LR04,Lisiecki-Raymo-2005,239.000000,,benthic_d18O,3.44,permil,observed;age_uncertainty_unavailable:LR04_file_has_proxy_error_not_age_error,973a52d988da04333c98c3fc0cb51babac2fa9bb1c05d42de3d6df726d96b6fc
LR04,Lisiecki-Raymo-2005,240.000000,,benthic_d18O,3.44,permil,observed;age_uncertainty_unavailable:LR04_file_has_proxy_error_not_age_error,973a52d988da04333c98c3fc0cb51babac2fa9bb1c05d42de3d6df726d96b6fc
LR04,Lisiecki-Raymo-2005,241.000000,,benthic_d18O,3.54,permil,observed;age_uncertainty_unavailable:LR04_file_has_proxy_error_not_age_error,973a52d988da04333c98c3fc0cb51babac2fa9bb1c05d42de3d6df726d96b6fc
LR04,Lisiecki-Raymo-2005,242.000000,,benthic_d18O,3.68,permil,observed;age_uncertainty_unavailable:LR04_file_has_proxy_error_not_age_error,973a52d988da04333c98c3fc0cb51babac2fa9bb1c05d42de3d6df726d96b6fc
LR04,Lisiecki-Raymo-2005,243.000000,,benthic_d18O,3.78,permil,observed;age_uncertainty_unavailable:LR04_file_has_proxy_error_not_age_error,973a52d988da04333c98c3fc0cb51babac2fa9bb1c05d42de3d6df726d96b6fc
LR04,Lisiecki-Raymo-2005,244.000000,,benthic_d18O,4.05,permil,observed;age_uncertainty_unavailable:LR04_file_has_proxy_error_not_age_error,973a52d988da04333c98c3fc0cb51babac2fa9bb1c05d42de3d6df726d96b6fc
LR04,Lisiecki-Raymo-2005,245.000000,,benthic_d18O,4.17,permil,observed;age_uncertainty_unavailable:LR04_file_has_proxy_error_not_age_error,973a52d988da04333c98c3fc0cb51babac2fa9bb1c05d42de3d6df726d96b6fc
LR04,Lisiecki-Raymo-2005,246.000000,,benthic_d18O,4.38,permil,observed;age_uncertainty_unavailable:LR04_file_has_proxy_error_not_age_error,973a52d988da04333c98c3fc0cb51babac2fa9bb1c05d42de3d6df726d96b6fc
LR04,Lisiecki-Raymo-2005,247.000000,,benthic_d18O,4.31,permil,observed;age_uncertainty_unavailable:LR04_file_has_proxy_error_not_age_error,973a52d988da04333c98c3fc0cb51babac2fa9bb1c05d42de3d6df726d96b6fc
LR04,Lisiecki-Raymo-2005,248.000000,,benthic_d18O,4.38,permil,observed;age_uncertainty_unavailable:LR04_file_has_proxy_error_not_age_error,973a52d988da04333c98c3fc0cb51babac2fa9bb1c05d42de3d6df726d96b6fc
LR04,Lisiecki-Raymo-2005,249.000000,,benthic_d18O,4.36,permil,observed;age_uncertainty_unavailable:LR04_file_has_proxy_error_not_age_error,973a52d988da04333c98c3fc0cb51babac2fa9bb1c05d42de3d6df726d96b6fc
LR04,Lisiecki-Raymo-2005,250.000000,,benthic_d18O,4.5,permil,observed;age_uncertainty_unavailable:LR04_file_has_proxy_error_not_age_error,973a52d988da04333c98c3fc0cb51babac2fa9bb1c05d42de3d6df726d96b6fc
LR04,Lisiecki-Raymo-2005,251.000000,,benthic_d18O,4.58,permil,observed;age_uncertainty_unavailable:LR04_file_has_proxy_error_not_age_error,973a52d988da04333c98c3fc0cb51babac2fa9bb1c05d42de3d6df726d96b6fc
LR04,Lisiecki-Raymo-2005,252.000000,,benthic_d18O,4.63,permil,observed;age_uncertainty_unavailable:LR04_file_has_proxy_error_not_age_error,973a52d988da04333c98c3fc0cb51babac2fa9bb1c05d42de3d6df726d96b6fc
LR04,Lisiecki-Raymo-2005,253.000000,,benthic_d18O,4.52,permil,observed;age_uncertainty_unavailable:LR04_file_has_proxy_error_not_age_error,973a52d988da04333c98c3fc0cb51babac2fa9bb1c05d42de3d6df726d96b6fc
LR04,Lisiecki-Raymo-2005,254.000000,,benthic_d18O,4.57,permil,observed;age_uncertainty_unavailable:LR04_file_has_proxy_error_not_age_error,973a52d988da04333c98c3fc0cb51babac2fa9bb1c05d42de3d6df726d96b6fc
LR04,Lisiecki-Raymo-2005,255.000000,,benthic_d18O,4.37,permil,observed;age_uncertainty_unavailable:LR04_file_has_proxy_error_not_age_error,973a52d988da04333c98c3fc0cb51babac2fa9bb1c05d42de3d6df726d96b6fc
LR04,Lisiecki-Raymo-2005,256.000000,,benthic_d18O,4.43,permil,observed;age_uncertainty_unavailable:LR04_file_has_proxy_error_not_age_error,973a52d988da04333c98c3fc0cb51babac2fa9bb1c05d42de3d6df726d96b6fc
LR04,Lisiecki-Raymo-2005,257.000000,,benthic_d18O,4.55,permil,observed;age_uncertainty_unavailable:LR04_file_has_proxy_error_not_age_error,973a52d988da04333c98c3fc0cb51babac2fa9bb1c05d42de3d6df726d96b6fc
LR04,Lisiecki-Raymo-2005,258.000000,,benthic_d18O,4.51,permil,observed;age_uncertainty_unavailable:LR04_file_has_proxy_error_not_age_error,973a52d988da04333c98c3fc0cb51babac2fa9bb1c05d42de3d6df726d96b6fc
LR04,Lisiecki-Raymo-2005,259.000000,,benthic_d18O,4.52,permil,observed;age_uncertainty_unavailable:LR04_file_has_proxy_error_not_age_error,973a52d988da04333c98c3fc0cb51babac2fa9bb1c05d42de3d6df726d96b6fc
LR04,Lisiecki-Raymo-2005,260.000000,,benthic_d18O,4.46,permil,observed;age_uncertainty_unavailable:LR04_file_has_proxy_error_not_age_error,973a52d988da04333c98c3fc0cb51babac2fa9bb1c05d42de3d6df726d96b6fc
LR04,Lisiecki-Raymo-2005,261.000000,,benthic_d18O,4.52,permil,observed;age_uncertainty_unavailable:LR04_file_has_proxy_error_not_age_error,973a52d988da04333c98c3fc0cb51babac2fa9bb1c05d42de3d6df726d96b6fc
LR04,Lisiecki-Raymo-2005,262.000000,,benthic_d18O,4.45,permil,observed;age_uncertainty_unavailable:LR04_file_has_proxy_error_not_age_error,973a52d988da04333c98c3fc0cb51babac2fa9bb1c05d42de3d6df726d96b6fc
LR04,Lisiecki-Raymo-2005,263.000000,,benthic_d18O,4.46,permil,observed;age_uncertainty_unavailable:LR04_file_has_proxy_error_not_age_error,973a52d988da04333c98c3fc0cb51babac2fa9bb1c05d42de3d6df726d96b6fc
LR04,Lisiecki-Raymo-2005,264.000000,,benthic_d18O,4.42,permil,observed;age_uncertainty_unavailable:LR04_file_has_proxy_error_not_age_error,973a52d988da04333c98c3fc0cb51babac2fa9bb1c05d42de3d6df726d96b6fc
LR04,Lisiecki-Raymo-2005,265.000000,,benthic_d18O,4.44,permil,observed;age_uncertainty_unavailable:LR04_file_has_proxy_error_not_age_error,973a52d988da04333c98c3fc0cb51babac2fa9bb1c05d42de3d6df726d96b6fc
LR04,Lisiecki-Raymo-2005,266.000000,,benthic_d18O,4.5,permil,observed;age_uncertainty_unavailable:LR04_file_has_proxy_error_not_age_error,973a52d988da04333c98c3fc0cb51babac2fa9bb1c05d42de3d6df726d96b6fc
LR04,Lisiecki-Raymo-2005,267.000000,,benthic_d18O,4.5,permil,observed;age_uncertainty_unavailable:LR04_file_has_proxy_error_not_age_error,973a52d988da04333c98c3fc0cb51babac2fa9bb1c05d42de3d6df726d96b6fc
LR04,Lisiecki-Raymo-2005,268.000000,,benthic_d18O,4.33,permil,observed;age_uncertainty_unavailable:LR04_file_has_proxy_error_not_age_error,973a52d988da04333c98c3fc0cb51babac2fa9bb1c05d42de3d6df726d96b6fc
LR04,Lisiecki-Raymo-2005,269.000000,,benthic_d18O,4.52,permil,observed;age_uncertainty_unavailable:LR04_file_has_proxy_error_not_age_error,973a52d988da04333c98c3fc0cb51babac2fa9bb1c05d42de3d6df726d96b6fc
LR04,Lisiecki-Raymo-2005,270.000000,,benthic_d18O,4.51,permil,observed;age_uncertainty_unavailable:LR04_file_has_proxy_error_not_age_error,973a52d988da04333c98c3fc0cb51babac2fa9bb1c05d42de3d6df726d96b6fc
LR04,Lisiecki-Raymo-2005,271.000000,,benthic_d18O,4.5,permil,observed;age_uncertainty_unavailable:LR04_file_has_proxy_error_not_age_error,973a52d988da04333c98c3fc0cb51babac2fa9bb1c05d42de3d6df726d96b6fc
LR04,Lisiecki-Raymo-2005,272.000000,,benthic_d18O,4.44,permil,observed;age_uncertainty_unavailable:LR04_file_has_proxy_error_not_age_error,973a52d988da04333c98c3fc0cb51babac2fa9bb1c05d42de3d6df726d96b6fc
LR04,Lisiecki-Raymo-2005,273.000000,,benthic_d18O,4.44,permil,observed;age_uncertainty_unavailable:LR04_file_has_proxy_error_not_age_error,973a52d988da04333c98c3fc0cb51babac2fa9bb1c05d42de3d6df726d96b6fc
LR04,Lisiecki-Raymo-2005,274.000000,,benthic_d18O,4.38,permil,observed;age_uncertainty_unavailable:LR04_file_has_proxy_error_not_age_error,973a52d988da04333c98c3fc0cb51babac2fa9bb1c05d42de3d6df726d96b6fc
LR04,Lisiecki-Raymo-2005,275.000000,,benthic_d18O,4.38,permil,observed;age_uncertainty_unavailable:LR04_file_has_proxy_error_not_age_error,973a52d988da04333c98c3fc0cb51babac2fa9bb1c05d42de3d6df726d96b6fc
LR04,Lisiecki-Raymo-2005,276.000000,,benthic_d18O,4.3,permil,observed;age_uncertainty_unavailable:LR04_file_has_proxy_error_not_age_error,973a52d988da04333c98c3fc0cb51babac2fa9bb1c05d42de3d6df726d96b6fc
LR04,Lisiecki-Raymo-2005,277.000000,,benthic_d18O,4.44,permil,observed;age_uncertainty_unavailable:LR04_file_has_proxy_error_not_age_error,973a52d988da04333c98c3fc0cb51babac2fa9bb1c05d42de3d6df726d96b6fc
LR04,Lisiecki-Raymo-2005,278.000000,,benthic_d18O,4.31,permil,observed;age_uncertainty_unavailable:LR04_file_has_proxy_error_not_age_error,973a52d988da04333c98c3fc0cb51babac2fa9bb1c05d42de3d6df726d96b6fc
LR04,Lisiecki-Raymo-2005,279.000000,,benthic_d18O,4.23,permil,observed;age_uncertainty_unavailable:LR04_file_has_proxy_error_not_age_error,973a52d988da04333c98c3fc0cb51babac2fa9bb1c05d42de3d6df726d96b6fc
LR04,Lisiecki-Raymo-2005,280.000000,,benthic_d18O,4.14,permil,observed;age_uncertainty_unavailable:LR04_file_has_proxy_error_not_age_error,973a52d988da04333c98c3fc0cb51babac2fa9bb1c05d42de3d6df726d96b6fc
LR04,Lisiecki-Raymo-2005,281.000000,,benthic_d18O,4.21,permil,observed;age_uncertainty_unavailable:LR04_file_has_proxy_error_not_age_error,973a52d988da04333c98c3fc0cb51babac2fa9bb1c05d42de3d6df726d96b6fc
LR04,Lisiecki-Raymo-2005,282.000000,,benthic_d18O,3.98,permil,observed;age_uncertainty_unavailable:LR04_file_has_proxy_error_not_age_error,973a52d988da04333c98c3fc0cb51babac2fa9bb1c05d42de3d6df726d96b6fc
LR04,Lisiecki-Raymo-2005,283.000000,,benthic_d18O,3.87,permil,observed;age_uncertainty_unavailable:LR04_file_has_proxy_error_not_age_error,973a52d988da04333c98c3fc0cb51babac2fa9bb1c05d42de3d6df726d96b6fc
LR04,Lisiecki-Raymo-2005,284.000000,,benthic_d18O,3.86,permil,observed;age_uncertainty_unavailable:LR04_file_has_proxy_error_not_age_error,973a52d988da04333c98c3fc0cb51babac2fa9bb1c05d42de3d6df726d96b6fc
LR04,Lisiecki-Raymo-2005,285.000000,,benthic_d18O,3.84,permil,observed;age_uncertainty_unavailable:LR04_file_has_proxy_error_not_age_error,973a52d988da04333c98c3fc0cb51babac2fa9bb1c05d42de3d6df726d96b6fc
LR04,Lisiecki-Raymo-2005,286.000000,,benthic_d18O,3.82,permil,observed;age_uncertainty_unavailable:LR04_file_has_proxy_error_not_age_error,973a52d988da04333c98c3fc0cb51babac2fa9bb1c05d42de3d6df726d96b6fc
LR04,Lisiecki-Raymo-2005,287.000000,,benthic_d18O,3.89,permil,observed;age_uncertainty_unavailable:LR04_file_has_proxy_error_not_age_error,973a52d988da04333c98c3fc0cb51babac2fa9bb1c05d42de3d6df726d96b6fc
LR04,Lisiecki-Raymo-2005,288.000000,,benthic_d18O,4.02,permil,observed;age_uncertainty_unavailable:LR04_file_has_proxy_error_not_age_error,973a52d988da04333c98c3fc0cb51babac2fa9bb1c05d42de3d6df726d96b6fc
LR04,Lisiecki-Raymo-2005,289.000000,,benthic_d18O,4.06,permil,observed;age_uncertainty_unavailable:LR04_file_has_proxy_error_not_age_error,973a52d988da04333c98c3fc0cb51babac2fa9bb1c05d42de3d6df726d96b6fc
LR04,Lisiecki-Raymo-2005,290.000000,,benthic_d18O,4.1,permil,observed;age_uncertainty_unavailable:LR04_file_has_proxy_error_not_age_error,973a52d988da04333c98c3fc0cb51babac2fa9bb1c05d42de3d6df726d96b6fc
LR04,Lisiecki-Raymo-2005,291.000000,,benthic_d18O,4.11,permil,observed;age_uncertainty_unavailable:LR04_file_has_proxy_error_not_age_error,973a52d988da04333c98c3fc0cb51babac2fa9bb1c05d42de3d6df726d96b6fc
LR04,Lisiecki-Raymo-2005,292.000000,,benthic_d18O,4.27,permil,observed;age_uncertainty_unavailable:LR04_file_has_proxy_error_not_age_error,973a52d988da04333c98c3fc0cb51babac2fa9bb1c05d42de3d6df726d96b6fc
LR04,Lisiecki-Raymo-2005,293.000000,,benthic_d18O,4.22,permil,observed;age_uncertainty_unavailable:LR04_file_has_proxy_error_not_age_error,973a52d988da04333c98c3fc0cb51babac2fa9bb1c05d42de3d6df726d96b6fc
LR04,Lisiecki-Raymo-2005,294.000000,,benthic_d18O,4.33,permil,observed;age_uncertainty_unavailable:LR04_file_has_proxy_error_not_age_error,973a52d988da04333c98c3fc0cb51babac2fa9bb1c05d42de3d6df726d96b6fc
LR04,Lisiecki-Raymo-2005,295.000000,,benthic_d18O,4.31,permil,observed;age_uncertainty_unavailable:LR04_file_has_proxy_error_not_age_error,973a52d988da04333c98c3fc0cb51babac2fa9bb1c05d42de3d6df726d96b6fc
LR04,Lisiecki-Raymo-2005,296.000000,,benthic_d18O,4.23,permil,observed;age_uncertainty_unavailable:LR04_file_has_proxy_error_not_age_error,973a52d988da04333c98c3fc0cb51babac2fa9bb1c05d42de3d6df726d96b6fc
LR04,Lisiecki-Raymo-2005,297.000000,,benthic_d18O,4.3,permil,observed;age_uncertainty_unavailable:LR04_file_has_proxy_error_not_age_error,973a52d988da04333c98c3fc0cb51babac2fa9bb1c05d42de3d6df726d96b6fc
LR04,Lisiecki-Raymo-2005,298.000000,,benthic_d18O,4.17,permil,observed;age_uncertainty_unavailable:LR04_file_has_proxy_error_not_age_error,973a52d988da04333c98c3fc0cb51babac2fa9bb1c05d42de3d6df726d96b6fc
LR04,Lisiecki-Raymo-2005,299.000000,,benthic_d18O,4.23,permil,observed;age_uncertainty_unavailable:LR04_file_has_proxy_error_not_age_error,973a52d988da04333c98c3fc0cb51babac2fa9bb1c05d42de3d6df726d96b6fc
LR04,Lisiecki-Raymo-2005,300.000000,,benthic_d18O,4.02,permil,observed;age_uncertainty_unavailable:LR04_file_has_proxy_error_not_age_error,973a52d988da04333c98c3fc0cb51babac2fa9bb1c05d42de3d6df726d96b6fc
LR04,Lisiecki-Raymo-2005,301.000000,,benthic_d18O,4.06,permil,observed;age_uncertainty_unavailable:LR04_file_has_proxy_error_not_age_error,973a52d988da04333c98c3fc0cb51babac2fa9bb1c05d42de3d6df726d96b6fc
LR04,Lisiecki-Raymo-2005,302.000000,,benthic_d18O,4.06,permil,observed;age_uncertainty_unavailable:LR04_file_has_proxy_error_not_age_error,973a52d988da04333c98c3fc0cb51babac2fa9bb1c05d42de3d6df726d96b6fc
LR04,Lisiecki-Raymo-2005,303.000000,,benthic_d18O,4,permil,observed;age_uncertainty_unavailable:LR04_file_has_proxy_error_not_age_error,973a52d988da04333c98c3fc0cb51babac2fa9bb1c05d42de3d6df726d96b6fc
LR04,Lisiecki-Raymo-2005,304.000000,,benthic_d18O,4.07,permil,observed;age_uncertainty_unavailable:LR04_file_has_proxy_error_not_age_error,973a52d988da04333c98c3fc0cb51babac2fa9bb1c05d42de3d6df726d96b6fc
LR04,Lisiecki-Raymo-2005,305.000000,,benthic_d18O,4.07,permil,observed;age_uncertainty_unavailable:LR04_file_has_proxy_error_not_age_error,973a52d988da04333c98c3fc0cb51babac2fa9bb1c05d42de3d6df726d96b6fc
LR04,Lisiecki-Raymo-2005,306.000000,,benthic_d18O,4.05,permil,observed;age_uncertainty_unavailable:LR04_file_has_proxy_error_not_age_error,973a52d988da04333c98c3fc0cb51babac2fa9bb1c05d42de3d6df726d96b6fc
LR04,Lisiecki-Raymo-2005,307.000000,,benthic_d18O,4,permil,observed;age_uncertainty_unavailable:LR04_file_has_proxy_error_not_age_error,973a52d988da04333c98c3fc0cb51babac2fa9bb1c05d42de3d6df726d96b6fc
LR04,Lisiecki-Raymo-2005,308.000000,,benthic_d18O,3.85,permil,observed;age_uncertainty_unavailable:LR04_file_has_proxy_error_not_age_error,973a52d988da04333c98c3fc0cb51babac2fa9bb1c05d42de3d6df726d96b6fc
LR04,Lisiecki-Raymo-2005,309.000000,,benthic_d18O,3.86,permil,observed;age_uncertainty_unavailable:LR04_file_has_proxy_error_not_age_error,973a52d988da04333c98c3fc0cb51babac2fa9bb1c05d42de3d6df726d96b6fc
LR04,Lisiecki-Raymo-2005,310.000000,,benthic_d18O,3.8,permil,observed;age_uncertainty_unavailable:LR04_file_has_proxy_error_not_age_error,973a52d988da04333c98c3fc0cb51babac2fa9bb1c05d42de3d6df726d96b6fc
LR04,Lisiecki-Raymo-2005,311.000000,,benthic_d18O,3.7,permil,observed;age_uncertainty_unavailable:LR04_file_has_proxy_error_not_age_error,973a52d988da04333c98c3fc0cb51babac2fa9bb1c05d42de3d6df726d96b6fc
LR04,Lisiecki-Raymo-2005,312.000000,,benthic_d18O,3.79,permil,observed;age_uncertainty_unavailable:LR04_file_has_proxy_error_not_age_error,973a52d988da04333c98c3fc0cb51babac2fa9bb1c05d42de3d6df726d96b6fc
LR04,Lisiecki-Raymo-2005,313.000000,,benthic_d18O,3.69,permil,observed;age_uncertainty_unavailable:LR04_file_has_proxy_error_not_age_error,973a52d988da04333c98c3fc0cb51babac2fa9bb1c05d42de3d6df726d96b6fc
LR04,Lisiecki-Raymo-2005,314.000000,,benthic_d18O,3.77,permil,observed;age_uncertainty_unavailable:LR04_file_has_proxy_error_not_age_error,973a52d988da04333c98c3fc0cb51babac2fa9bb1c05d42de3d6df726d96b6fc
LR04,Lisiecki-Raymo-2005,315.000000,,benthic_d18O,3.62,permil,observed;age_uncertainty_unavailable:LR04_file_has_proxy_error_not_age_error,973a52d988da04333c98c3fc0cb51babac2fa9bb1c05d42de3d6df726d96b6fc
LR04,Lisiecki-Raymo-2005,316.000000,,benthic_d18O,3.69,permil,observed;age_uncertainty_unavailable:LR04_file_has_proxy_error_not_age_error,973a52d988da04333c98c3fc0cb51babac2fa9bb1c05d42de3d6df726d96b6fc
LR04,Lisiecki-Raymo-2005,317.000000,,benthic_d18O,3.89,permil,observed;age_uncertainty_unavailable:LR04_file_has_proxy_error_not_age_error,973a52d988da04333c98c3fc0cb51babac2fa9bb1c05d42de3d6df726d96b6fc
LR04,Lisiecki-Raymo-2005,318.000000,,benthic_d18O,3.76,permil,observed;age_uncertainty_unavailable:LR04_file_has_proxy_error_not_age_error,973a52d988da04333c98c3fc0cb51babac2fa9bb1c05d42de3d6df726d96b6fc
LR04,Lisiecki-Raymo-2005,319.000000,,benthic_d18O,3.58,permil,observed;age_uncertainty_unavailable:LR04_file_has_proxy_error_not_age_error,973a52d988da04333c98c3fc0cb51babac2fa9bb1c05d42de3d6df726d96b6fc
LR04,Lisiecki-Raymo-2005,320.000000,,benthic_d18O,3.66,permil,observed;age_uncertainty_unavailable:LR04_file_has_proxy_error_not_age_error,973a52d988da04333c98c3fc0cb51babac2fa9bb1c05d42de3d6df726d96b6fc
LR04,Lisiecki-Raymo-2005,321.000000,,benthic_d18O,3.53,permil,observed;age_uncertainty_unavailable:LR04_file_has_proxy_error_not_age_error,973a52d988da04333c98c3fc0cb51babac2fa9bb1c05d42de3d6df726d96b6fc
LR04,Lisiecki-Raymo-2005,322.000000,,benthic_d18O,3.53,permil,observed;age_uncertainty_unavailable:LR04_file_has_proxy_error_not_age_error,973a52d988da04333c98c3fc0cb51babac2fa9bb1c05d42de3d6df726d96b6fc
LR04,Lisiecki-Raymo-2005,323.000000,,benthic_d18O,3.47,permil,observed;age_uncertainty_unavailable:LR04_file_has_proxy_error_not_age_error,973a52d988da04333c98c3fc0cb51babac2fa9bb1c05d42de3d6df726d96b6fc
LR04,Lisiecki-Raymo-2005,324.000000,,benthic_d18O,3.21,permil,observed;age_uncertainty_unavailable:LR04_file_has_proxy_error_not_age_error,973a52d988da04333c98c3fc0cb51babac2fa9bb1c05d42de3d6df726d96b6fc
LR04,Lisiecki-Raymo-2005,325.000000,,benthic_d18O,3.31,permil,observed;age_uncertainty_unavailable:LR04_file_has_proxy_error_not_age_error,973a52d988da04333c98c3fc0cb51babac2fa9bb1c05d42de3d6df726d96b6fc
LR04,Lisiecki-Raymo-2005,326.000000,,benthic_d18O,3.23,permil,observed;age_uncertainty_unavailable:LR04_file_has_proxy_error_not_age_error,973a52d988da04333c98c3fc0cb51babac2fa9bb1c05d42de3d6df726d96b6fc
LR04,Lisiecki-Raymo-2005,327.000000,,benthic_d18O,3.22,permil,observed;age_uncertainty_unavailable:LR04_file_has_proxy_error_not_age_error,973a52d988da04333c98c3fc0cb51babac2fa9bb1c05d42de3d6df726d96b6fc
LR04,Lisiecki-Raymo-2005,328.000000,,benthic_d18O,3.23,permil,observed;age_uncertainty_unavailable:LR04_file_has_proxy_error_not_age_error,973a52d988da04333c98c3fc0cb51babac2fa9bb1c05d42de3d6df726d96b6fc
LR04,Lisiecki-Raymo-2005,329.000000,,benthic_d18O,3.19,permil,observed;age_uncertainty_unavailable:LR04_file_has_proxy_error_not_age_error,973a52d988da04333c98c3fc0cb51babac2fa9bb1c05d42de3d6df726d96b6fc
LR04,Lisiecki-Raymo-2005,330.000000,,benthic_d18O,3.3,permil,observed;age_uncertainty_unavailable:LR04_file_has_proxy_error_not_age_error,973a52d988da04333c98c3fc0cb51babac2fa9bb1c05d42de3d6df726d96b6fc
LR04,Lisiecki-Raymo-2005,331.000000,,benthic_d18O,3.29,permil,observed;age_uncertainty_unavailable:LR04_file_has_proxy_error_not_age_error,973a52d988da04333c98c3fc0cb51babac2fa9bb1c05d42de3d6df726d96b6fc
LR04,Lisiecki-Raymo-2005,332.000000,,benthic_d18O,3.39,permil,observed;age_uncertainty_unavailable:LR04_file_has_proxy_error_not_age_error,973a52d988da04333c98c3fc0cb51babac2fa9bb1c05d42de3d6df726d96b6fc
LR04,Lisiecki-Raymo-2005,333.000000,,benthic_d18O,3.38,permil,observed;age_uncertainty_unavailable:LR04_file_has_proxy_error_not_age_error,973a52d988da04333c98c3fc0cb51babac2fa9bb1c05d42de3d6df726d96b6fc
LR04,Lisiecki-Raymo-2005,334.000000,,benthic_d18O,3.51,permil,observed;age_uncertainty_unavailable:LR04_file_has_proxy_error_not_age_error,973a52d988da04333c98c3fc0cb51babac2fa9bb1c05d42de3d6df726d96b6fc
LR04,Lisiecki-Raymo-2005,335.000000,,benthic_d18O,3.75,permil,observed;age_uncertainty_unavailable:LR04_file_has_proxy_error_not_age_error,973a52d988da04333c98c3fc0cb51babac2fa9bb1c05d42de3d6df726d96b6fc
LR04,Lisiecki-Raymo-2005,336.000000,,benthic_d18O,4.08,permil,observed;age_uncertainty_unavailable:LR04_file_has_proxy_error_not_age_error,973a52d988da04333c98c3fc0cb51babac2fa9bb1c05d42de3d6df726d96b6fc
LR04,Lisiecki-Raymo-2005,337.000000,,benthic_d18O,4.23,permil,observed;age_uncertainty_unavailable:LR04_file_has_proxy_error_not_age_error,973a52d988da04333c98c3fc0cb51babac2fa9bb1c05d42de3d6df726d96b6fc
LR04,Lisiecki-Raymo-2005,338.000000,,benthic_d18O,4.17,permil,observed;age_uncertainty_unavailable:LR04_file_has_proxy_error_not_age_error,973a52d988da04333c98c3fc0cb51babac2fa9bb1c05d42de3d6df726d96b6fc
LR04,Lisiecki-Raymo-2005,339.000000,,benthic_d18O,4.42,permil,observed;age_uncertainty_unavailable:LR04_file_has_proxy_error_not_age_error,973a52d988da04333c98c3fc0cb51babac2fa9bb1c05d42de3d6df726d96b6fc
LR04,Lisiecki-Raymo-2005,340.000000,,benthic_d18O,4.6,permil,observed;age_uncertainty_unavailable:LR04_file_has_proxy_error_not_age_error,973a52d988da04333c98c3fc0cb51babac2fa9bb1c05d42de3d6df726d96b6fc
LR04,Lisiecki-Raymo-2005,341.000000,,benthic_d18O,4.84,permil,observed;age_uncertainty_unavailable:LR04_file_has_proxy_error_not_age_error,973a52d988da04333c98c3fc0cb51babac2fa9bb1c05d42de3d6df726d96b6fc
LR04,Lisiecki-Raymo-2005,342.000000,,benthic_d18O,4.83,permil,observed;age_uncertainty_unavailable:LR04_file_has_proxy_error_not_age_error,973a52d988da04333c98c3fc0cb51babac2fa9bb1c05d42de3d6df726d96b6fc
LR04,Lisiecki-Raymo-2005,343.000000,,benthic_d18O,4.8,permil,observed;age_uncertainty_unavailable:LR04_file_has_proxy_error_not_age_error,973a52d988da04333c98c3fc0cb51babac2fa9bb1c05d42de3d6df726d96b6fc
LR04,Lisiecki-Raymo-2005,344.000000,,benthic_d18O,4.76,permil,observed;age_uncertainty_unavailable:LR04_file_has_proxy_error_not_age_error,973a52d988da04333c98c3fc0cb51babac2fa9bb1c05d42de3d6df726d96b6fc
LR04,Lisiecki-Raymo-2005,345.000000,,benthic_d18O,4.79,permil,observed;age_uncertainty_unavailable:LR04_file_has_proxy_error_not_age_error,973a52d988da04333c98c3fc0cb51babac2fa9bb1c05d42de3d6df726d96b6fc
LR04,Lisiecki-Raymo-2005,346.000000,,benthic_d18O,4.68,permil,observed;age_uncertainty_unavailable:LR04_file_has_proxy_error_not_age_error,973a52d988da04333c98c3fc0cb51babac2fa9bb1c05d42de3d6df726d96b6fc
LR04,Lisiecki-Raymo-2005,347.000000,,benthic_d18O,4.53,permil,observed;age_uncertainty_unavailable:LR04_file_has_proxy_error_not_age_error,973a52d988da04333c98c3fc0cb51babac2fa9bb1c05d42de3d6df726d96b6fc
LR04,Lisiecki-Raymo-2005,348.000000,,benthic_d18O,4.49,permil,observed;age_uncertainty_unavailable:LR04_file_has_proxy_error_not_age_error,973a52d988da04333c98c3fc0cb51babac2fa9bb1c05d42de3d6df726d96b6fc
LR04,Lisiecki-Raymo-2005,349.000000,,benthic_d18O,4.62,permil,observed;age_uncertainty_unavailable:LR04_file_has_proxy_error_not_age_error,973a52d988da04333c98c3fc0cb51babac2fa9bb1c05d42de3d6df726d96b6fc
LR04,Lisiecki-Raymo-2005,350.000000,,benthic_d18O,4.67,permil,observed;age_uncertainty_unavailable:LR04_file_has_proxy_error_not_age_error,973a52d988da04333c98c3fc0cb51babac2fa9bb1c05d42de3d6df726d96b6fc
LR04,Lisiecki-Raymo-2005,351.000000,,benthic_d18O,4.64,permil,observed;age_uncertainty_unavailable:LR04_file_has_proxy_error_not_age_error,973a52d988da04333c98c3fc0cb51babac2fa9bb1c05d42de3d6df726d96b6fc
LR04,Lisiecki-Raymo-2005,352.000000,,benthic_d18O,4.47,permil,observed;age_uncertainty_unavailable:LR04_file_has_proxy_error_not_age_error,973a52d988da04333c98c3fc0cb51babac2fa9bb1c05d42de3d6df726d96b6fc
LR04,Lisiecki-Raymo-2005,353.000000,,benthic_d18O,4.47,permil,observed;age_uncertainty_unavailable:LR04_file_has_proxy_error_not_age_error,973a52d988da04333c98c3fc0cb51babac2fa9bb1c05d42de3d6df726d96b6fc
LR04,Lisiecki-Raymo-2005,354.000000,,benthic_d18O,4.4,permil,observed;age_uncertainty_unavailable:LR04_file_has_proxy_error_not_age_error,973a52d988da04333c98c3fc0cb51babac2fa9bb1c05d42de3d6df726d96b6fc
LR04,Lisiecki-Raymo-2005,355.000000,,benthic_d18O,4.59,permil,observed;age_uncertainty_unavailable:LR04_file_has_proxy_error_not_age_error,973a52d988da04333c98c3fc0cb51babac2fa9bb1c05d42de3d6df726d96b6fc
LR04,Lisiecki-Raymo-2005,356.000000,,benthic_d18O,4.46,permil,observed;age_uncertainty_unavailable:LR04_file_has_proxy_error_not_age_error,973a52d988da04333c98c3fc0cb51babac2fa9bb1c05d42de3d6df726d96b6fc
LR04,Lisiecki-Raymo-2005,357.000000,,benthic_d18O,4.55,permil,observed;age_uncertainty_unavailable:LR04_file_has_proxy_error_not_age_error,973a52d988da04333c98c3fc0cb51babac2fa9bb1c05d42de3d6df726d96b6fc
LR04,Lisiecki-Raymo-2005,358.000000,,benthic_d18O,4.58,permil,observed;age_uncertainty_unavailable:LR04_file_has_proxy_error_not_age_error,973a52d988da04333c98c3fc0cb51babac2fa9bb1c05d42de3d6df726d96b6fc
LR04,Lisiecki-Raymo-2005,359.000000,,benthic_d18O,4.49,permil,observed;age_uncertainty_unavailable:LR04_file_has_proxy_error_not_age_error,973a52d988da04333c98c3fc0cb51babac2fa9bb1c05d42de3d6df726d96b6fc
LR04,Lisiecki-Raymo-2005,360.000000,,benthic_d18O,4.54,permil,observed;age_uncertainty_unavailable:LR04_file_has_proxy_error_not_age_error,973a52d988da04333c98c3fc0cb51babac2fa9bb1c05d42de3d6df726d96b6fc
LR04,Lisiecki-Raymo-2005,361.000000,,benthic_d18O,4.5,permil,observed;age_uncertainty_unavailable:LR04_file_has_proxy_error_not_age_error,973a52d988da04333c98c3fc0cb51babac2fa9bb1c05d42de3d6df726d96b6fc
LR04,Lisiecki-Raymo-2005,362.000000,,benthic_d18O,4.5,permil,observed;age_uncertainty_unavailable:LR04_file_has_proxy_error_not_age_error,973a52d988da04333c98c3fc0cb51babac2fa9bb1c05d42de3d6df726d96b6fc
LR04,Lisiecki-Raymo-2005,363.000000,,benthic_d18O,4.53,permil,observed;age_uncertainty_unavailable:LR04_file_has_proxy_error_not_age_error,973a52d988da04333c98c3fc0cb51babac2fa9bb1c05d42de3d6df726d96b6fc
LR04,Lisiecki-Raymo-2005,364.000000,,benthic_d18O,4.36,permil,observed;age_uncertainty_unavailable:LR04_file_has_proxy_error_not_age_error,973a52d988da04333c98c3fc0cb51babac2fa9bb1c05d42de3d6df726d96b6fc
LR04,Lisiecki-Raymo-2005,365.000000,,benthic_d18O,4.46,permil,observed;age_uncertainty_unavailable:LR04_file_has_proxy_error_not_age_error,973a52d988da04333c98c3fc0cb51babac2fa9bb1c05d42de3d6df726d96b6fc
LR04,Lisiecki-Raymo-2005,366.000000,,benthic_d18O,4.32,permil,observed;age_uncertainty_unavailable:LR04_file_has_proxy_error_not_age_error,973a52d988da04333c98c3fc0cb51babac2fa9bb1c05d42de3d6df726d96b6fc
LR04,Lisiecki-Raymo-2005,367.000000,,benthic_d18O,4.37,permil,observed;age_uncertainty_unavailable:LR04_file_has_proxy_error_not_age_error,973a52d988da04333c98c3fc0cb51babac2fa9bb1c05d42de3d6df726d96b6fc
LR04,Lisiecki-Raymo-2005,368.000000,,benthic_d18O,4.4,permil,observed;age_uncertainty_unavailable:LR04_file_has_proxy_error_not_age_error,973a52d988da04333c98c3fc0cb51babac2fa9bb1c05d42de3d6df726d96b6fc
LR04,Lisiecki-Raymo-2005,369.000000,,benthic_d18O,4.38,permil,observed;age_uncertainty_unavailable:LR04_file_has_proxy_error_not_age_error,973a52d988da04333c98c3fc0cb51babac2fa9bb1c05d42de3d6df726d96b6fc
LR04,Lisiecki-Raymo-2005,370.000000,,benthic_d18O,4.36,permil,observed;age_uncertainty_unavailable:LR04_file_has_proxy_error_not_age_error,973a52d988da04333c98c3fc0cb51babac2fa9bb1c05d42de3d6df726d96b6fc
LR04,Lisiecki-Raymo-2005,371.000000,,benthic_d18O,4.27,permil,observed;age_uncertainty_unavailable:LR04_file_has_proxy_error_not_age_error,973a52d988da04333c98c3fc0cb51babac2fa9bb1c05d42de3d6df726d96b6fc
LR04,Lisiecki-Raymo-2005,372.000000,,benthic_d18O,4.42,permil,observed;age_uncertainty_unavailable:LR04_file_has_proxy_error_not_age_error,973a52d988da04333c98c3fc0cb51babac2fa9bb1c05d42de3d6df726d96b6fc
LR04,Lisiecki-Raymo-2005,373.000000,,benthic_d18O,4.29,permil,observed;age_uncertainty_unavailable:LR04_file_has_proxy_error_not_age_error,973a52d988da04333c98c3fc0cb51babac2fa9bb1c05d42de3d6df726d96b6fc
LR04,Lisiecki-Raymo-2005,374.000000,,benthic_d18O,4.34,permil,observed;age_uncertainty_unavailable:LR04_file_has_proxy_error_not_age_error,973a52d988da04333c98c3fc0cb51babac2fa9bb1c05d42de3d6df726d96b6fc
LR04,Lisiecki-Raymo-2005,375.000000,,benthic_d18O,4.2,permil,observed;age_uncertainty_unavailable:LR04_file_has_proxy_error_not_age_error,973a52d988da04333c98c3fc0cb51babac2fa9bb1c05d42de3d6df726d96b6fc
LR04,Lisiecki-Raymo-2005,376.000000,,benthic_d18O,4.21,permil,observed;age_uncertainty_unavailable:LR04_file_has_proxy_error_not_age_error,973a52d988da04333c98c3fc0cb51babac2fa9bb1c05d42de3d6df726d96b6fc
LR04,Lisiecki-Raymo-2005,377.000000,,benthic_d18O,4.2,permil,observed;age_uncertainty_unavailable:LR04_file_has_proxy_error_not_age_error,973a52d988da04333c98c3fc0cb51babac2fa9bb1c05d42de3d6df726d96b6fc
LR04,Lisiecki-Raymo-2005,378.000000,,benthic_d18O,4.19,permil,observed;age_uncertainty_unavailable:LR04_file_has_proxy_error_not_age_error,973a52d988da04333c98c3fc0cb51babac2fa9bb1c05d42de3d6df726d96b6fc
LR04,Lisiecki-Raymo-2005,379.000000,,benthic_d18O,4.17,permil,observed;age_uncertainty_unavailable:LR04_file_has_proxy_error_not_age_error,973a52d988da04333c98c3fc0cb51babac2fa9bb1c05d42de3d6df726d96b6fc
LR04,Lisiecki-Raymo-2005,380.000000,,benthic_d18O,4.19,permil,observed;age_uncertainty_unavailable:LR04_file_has_proxy_error_not_age_error,973a52d988da04333c98c3fc0cb51babac2fa9bb1c05d42de3d6df726d96b6fc
LR04,Lisiecki-Raymo-2005,381.000000,,benthic_d18O,4.15,permil,observed;age_uncertainty_unavailable:LR04_file_has_proxy_error_not_age_error,973a52d988da04333c98c3fc0cb51babac2fa9bb1c05d42de3d6df726d96b6fc
LR04,Lisiecki-Raymo-2005,382.000000,,benthic_d18O,4.05,permil,observed;age_uncertainty_unavailable:LR04_file_has_proxy_error_not_age_error,973a52d988da04333c98c3fc0cb51babac2fa9bb1c05d42de3d6df726d96b6fc
LR04,Lisiecki-Raymo-2005,383.000000,,benthic_d18O,4.12,permil,observed;age_uncertainty_unavailable:LR04_file_has_proxy_error_not_age_error,973a52d988da04333c98c3fc0cb51babac2fa9bb1c05d42de3d6df726d96b6fc
LR04,Lisiecki-Raymo-2005,384.000000,,benthic_d18O,4.08,permil,observed;age_uncertainty_unavailable:LR04_file_has_proxy_error_not_age_error,973a52d988da04333c98c3fc0cb51babac2fa9bb1c05d42de3d6df726d96b6fc
LR04,Lisiecki-Raymo-2005,385.000000,,benthic_d18O,4.14,permil,observed;age_uncertainty_unavailable:LR04_file_has_proxy_error_not_age_error,973a52d988da04333c98c3fc0cb51babac2fa9bb1c05d42de3d6df726d96b6fc
LR04,Lisiecki-Raymo-2005,386.000000,,benthic_d18O,4.02,permil,observed;age_uncertainty_unavailable:LR04_file_has_proxy_error_not_age_error,973a52d988da04333c98c3fc0cb51babac2fa9bb1c05d42de3d6df726d96b6fc
LR04,Lisiecki-Raymo-2005,387.000000,,benthic_d18O,3.99,permil,observed;age_uncertainty_unavailable:LR04_file_has_proxy_error_not_age_error,973a52d988da04333c98c3fc0cb51babac2fa9bb1c05d42de3d6df726d96b6fc
LR04,Lisiecki-Raymo-2005,388.000000,,benthic_d18O,3.92,permil,observed;age_uncertainty_unavailable:LR04_file_has_proxy_error_not_age_error,973a52d988da04333c98c3fc0cb51babac2fa9bb1c05d42de3d6df726d96b6fc
LR04,Lisiecki-Raymo-2005,389.000000,,benthic_d18O,3.89,permil,observed;age_uncertainty_unavailable:LR04_file_has_proxy_error_not_age_error,973a52d988da04333c98c3fc0cb51babac2fa9bb1c05d42de3d6df726d96b6fc
LR04,Lisiecki-Raymo-2005,390.000000,,benthic_d18O,3.96,permil,observed;age_uncertainty_unavailable:LR04_file_has_proxy_error_not_age_error,973a52d988da04333c98c3fc0cb51babac2fa9bb1c05d42de3d6df726d96b6fc
LR04,Lisiecki-Raymo-2005,391.000000,,benthic_d18O,4,permil,observed;age_uncertainty_unavailable:LR04_file_has_proxy_error_not_age_error,973a52d988da04333c98c3fc0cb51babac2fa9bb1c05d42de3d6df726d96b6fc
LR04,Lisiecki-Raymo-2005,392.000000,,benthic_d18O,3.97,permil,observed;age_uncertainty_unavailable:LR04_file_has_proxy_error_not_age_error,973a52d988da04333c98c3fc0cb51babac2fa9bb1c05d42de3d6df726d96b6fc
LR04,Lisiecki-Raymo-2005,393.000000,,benthic_d18O,3.86,permil,observed;age_uncertainty_unavailable:LR04_file_has_proxy_error_not_age_error,973a52d988da04333c98c3fc0cb51babac2fa9bb1c05d42de3d6df726d96b6fc
LR04,Lisiecki-Raymo-2005,394.000000,,benthic_d18O,3.92,permil,observed;age_uncertainty_unavailable:LR04_file_has_proxy_error_not_age_error,973a52d988da04333c98c3fc0cb51babac2fa9bb1c05d42de3d6df726d96b6fc
LR04,Lisiecki-Raymo-2005,395.000000,,benthic_d18O,3.76,permil,observed;age_uncertainty_unavailable:LR04_file_has_proxy_error_not_age_error,973a52d988da04333c98c3fc0cb51babac2fa9bb1c05d42de3d6df726d96b6fc
LR04,Lisiecki-Raymo-2005,396.000000,,benthic_d18O,3.72,permil,observed;age_uncertainty_unavailable:LR04_file_has_proxy_error_not_age_error,973a52d988da04333c98c3fc0cb51babac2fa9bb1c05d42de3d6df726d96b6fc
LR04,Lisiecki-Raymo-2005,397.000000,,benthic_d18O,3.47,permil,observed;age_uncertainty_unavailable:LR04_file_has_proxy_error_not_age_error,973a52d988da04333c98c3fc0cb51babac2fa9bb1c05d42de3d6df726d96b6fc
LR04,Lisiecki-Raymo-2005,398.000000,,benthic_d18O,3.54,permil,observed;age_uncertainty_unavailable:LR04_file_has_proxy_error_not_age_error,973a52d988da04333c98c3fc0cb51babac2fa9bb1c05d42de3d6df726d96b6fc
LR04,Lisiecki-Raymo-2005,399.000000,,benthic_d18O,3.48,permil,observed;age_uncertainty_unavailable:LR04_file_has_proxy_error_not_age_error,973a52d988da04333c98c3fc0cb51babac2fa9bb1c05d42de3d6df726d96b6fc
LR04,Lisiecki-Raymo-2005,400.000000,,benthic_d18O,3.32,permil,observed;age_uncertainty_unavailable:LR04_file_has_proxy_error_not_age_error,973a52d988da04333c98c3fc0cb51babac2fa9bb1c05d42de3d6df726d96b6fc
LR04,Lisiecki-Raymo-2005,401.000000,,benthic_d18O,3.2,permil,observed;age_uncertainty_unavailable:LR04_file_has_proxy_error_not_age_error,973a52d988da04333c98c3fc0cb51babac2fa9bb1c05d42de3d6df726d96b6fc
LR04,Lisiecki-Raymo-2005,402.000000,,benthic_d18O,3.17,permil,observed;age_uncertainty_unavailable:LR04_file_has_proxy_error_not_age_error,973a52d988da04333c98c3fc0cb51babac2fa9bb1c05d42de3d6df726d96b6fc
LR04,Lisiecki-Raymo-2005,403.000000,,benthic_d18O,3.15,permil,observed;age_uncertainty_unavailable:LR04_file_has_proxy_error_not_age_error,973a52d988da04333c98c3fc0cb51babac2fa9bb1c05d42de3d6df726d96b6fc
LR04,Lisiecki-Raymo-2005,404.000000,,benthic_d18O,3.2,permil,observed;age_uncertainty_unavailable:LR04_file_has_proxy_error_not_age_error,973a52d988da04333c98c3fc0cb51babac2fa9bb1c05d42de3d6df726d96b6fc
LR04,Lisiecki-Raymo-2005,405.000000,,benthic_d18O,3.11,permil,observed;age_uncertainty_unavailable:LR04_file_has_proxy_error_not_age_error,973a52d988da04333c98c3fc0cb51babac2fa9bb1c05d42de3d6df726d96b6fc
LR04,Lisiecki-Raymo-2005,406.000000,,benthic_d18O,3.19,permil,observed;age_uncertainty_unavailable:LR04_file_has_proxy_error_not_age_error,973a52d988da04333c98c3fc0cb51babac2fa9bb1c05d42de3d6df726d96b6fc
LR04,Lisiecki-Raymo-2005,407.000000,,benthic_d18O,3.21,permil,observed;age_uncertainty_unavailable:LR04_file_has_proxy_error_not_age_error,973a52d988da04333c98c3fc0cb51babac2fa9bb1c05d42de3d6df726d96b6fc
LR04,Lisiecki-Raymo-2005,408.000000,,benthic_d18O,3.17,permil,observed;age_uncertainty_unavailable:LR04_file_has_proxy_error_not_age_error,973a52d988da04333c98c3fc0cb51babac2fa9bb1c05d42de3d6df726d96b6fc
LR04,Lisiecki-Raymo-2005,409.000000,,benthic_d18O,3.22,permil,observed;age_uncertainty_unavailable:LR04_file_has_proxy_error_not_age_error,973a52d988da04333c98c3fc0cb51babac2fa9bb1c05d42de3d6df726d96b6fc
LR04,Lisiecki-Raymo-2005,410.000000,,benthic_d18O,3.15,permil,observed;age_uncertainty_unavailable:LR04_file_has_proxy_error_not_age_error,973a52d988da04333c98c3fc0cb51babac2fa9bb1c05d42de3d6df726d96b6fc
LR04,Lisiecki-Raymo-2005,411.000000,,benthic_d18O,3.29,permil,observed;age_uncertainty_unavailable:LR04_file_has_proxy_error_not_age_error,973a52d988da04333c98c3fc0cb51babac2fa9bb1c05d42de3d6df726d96b6fc
LR04,Lisiecki-Raymo-2005,412.000000,,benthic_d18O,3.31,permil,observed;age_uncertainty_unavailable:LR04_file_has_proxy_error_not_age_error,973a52d988da04333c98c3fc0cb51babac2fa9bb1c05d42de3d6df726d96b6fc
LR04,Lisiecki-Raymo-2005,413.000000,,benthic_d18O,3.38,permil,observed;age_uncertainty_unavailable:LR04_file_has_proxy_error_not_age_error,973a52d988da04333c98c3fc0cb51babac2fa9bb1c05d42de3d6df726d96b6fc
LR04,Lisiecki-Raymo-2005,414.000000,,benthic_d18O,3.41,permil,observed;age_uncertainty_unavailable:LR04_file_has_proxy_error_not_age_error,973a52d988da04333c98c3fc0cb51babac2fa9bb1c05d42de3d6df726d96b6fc
LR04,Lisiecki-Raymo-2005,415.000000,,benthic_d18O,3.41,permil,observed;age_uncertainty_unavailable:LR04_file_has_proxy_error_not_age_error,973a52d988da04333c98c3fc0cb51babac2fa9bb1c05d42de3d6df726d96b6fc
LR04,Lisiecki-Raymo-2005,416.000000,,benthic_d18O,3.51,permil,observed;age_uncertainty_unavailable:LR04_file_has_proxy_error_not_age_error,973a52d988da04333c98c3fc0cb51babac2fa9bb1c05d42de3d6df726d96b6fc
LR04,Lisiecki-Raymo-2005,417.000000,,benthic_d18O,3.57,permil,observed;age_uncertainty_unavailable:LR04_file_has_proxy_error_not_age_error,973a52d988da04333c98c3fc0cb51babac2fa9bb1c05d42de3d6df726d96b6fc
LR04,Lisiecki-Raymo-2005,418.000000,,benthic_d18O,3.75,permil,observed;age_uncertainty_unavailable:LR04_file_has_proxy_error_not_age_error,973a52d988da04333c98c3fc0cb51babac2fa9bb1c05d42de3d6df726d96b6fc
LR04,Lisiecki-Raymo-2005,419.000000,,benthic_d18O,3.81,permil,observed;age_uncertainty_unavailable:LR04_file_has_proxy_error_not_age_error,973a52d988da04333c98c3fc0cb51babac2fa9bb1c05d42de3d6df726d96b6fc
LR04,Lisiecki-Raymo-2005,420.000000,,benthic_d18O,3.77,permil,observed;age_uncertainty_unavailable:LR04_file_has_proxy_error_not_age_error,973a52d988da04333c98c3fc0cb51babac2fa9bb1c05d42de3d6df726d96b6fc
LR04,Lisiecki-Raymo-2005,421.000000,,benthic_d18O,3.85,permil,observed;age_uncertainty_unavailable:LR04_file_has_proxy_error_not_age_error,973a52d988da04333c98c3fc0cb51babac2fa9bb1c05d42de3d6df726d96b6fc
LR04,Lisiecki-Raymo-2005,422.000000,,benthic_d18O,3.94,permil,observed;age_uncertainty_unavailable:LR04_file_has_proxy_error_not_age_error,973a52d988da04333c98c3fc0cb51babac2fa9bb1c05d42de3d6df726d96b6fc
LR04,Lisiecki-Raymo-2005,423.000000,,benthic_d18O,4.02,permil,observed;age_uncertainty_unavailable:LR04_file_has_proxy_error_not_age_error,973a52d988da04333c98c3fc0cb51babac2fa9bb1c05d42de3d6df726d96b6fc
LR04,Lisiecki-Raymo-2005,424.000000,,benthic_d18O,3.92,permil,observed;age_uncertainty_unavailable:LR04_file_has_proxy_error_not_age_error,973a52d988da04333c98c3fc0cb51babac2fa9bb1c05d42de3d6df726d96b6fc
LR04,Lisiecki-Raymo-2005,425.000000,,benthic_d18O,4.3,permil,observed;age_uncertainty_unavailable:LR04_file_has_proxy_error_not_age_error,973a52d988da04333c98c3fc0cb51babac2fa9bb1c05d42de3d6df726d96b6fc
LR04,Lisiecki-Raymo-2005,426.000000,,benthic_d18O,4.5,permil,observed;age_uncertainty_unavailable:LR04_file_has_proxy_error_not_age_error,973a52d988da04333c98c3fc0cb51babac2fa9bb1c05d42de3d6df726d96b6fc
LR04,Lisiecki-Raymo-2005,427.000000,,benthic_d18O,4.3,permil,observed;age_uncertainty_unavailable:LR04_file_has_proxy_error_not_age_error,973a52d988da04333c98c3fc0cb51babac2fa9bb1c05d42de3d6df726d96b6fc
LR04,Lisiecki-Raymo-2005,428.000000,,benthic_d18O,4.72,permil,observed;age_uncertainty_unavailable:LR04_file_has_proxy_error_not_age_error,973a52d988da04333c98c3fc0cb51babac2fa9bb1c05d42de3d6df726d96b6fc
LR04,Lisiecki-Raymo-2005,429.000000,,benthic_d18O,4.91,permil,observed;age_uncertainty_unavailable:LR04_file_has_proxy_error_not_age_error,973a52d988da04333c98c3fc0cb51babac2fa9bb1c05d42de3d6df726d96b6fc
LR04,Lisiecki-Raymo-2005,430.000000,,benthic_d18O,4.98,permil,observed;age_uncertainty_unavailable:LR04_file_has_proxy_error_not_age_error,973a52d988da04333c98c3fc0cb51babac2fa9bb1c05d42de3d6df726d96b6fc
LR04,Lisiecki-Raymo-2005,431.000000,,benthic_d18O,5.05,permil,observed;age_uncertainty_unavailable:LR04_file_has_proxy_error_not_age_error,973a52d988da04333c98c3fc0cb51babac2fa9bb1c05d42de3d6df726d96b6fc
LR04,Lisiecki-Raymo-2005,432.000000,,benthic_d18O,5.05,permil,observed;age_uncertainty_unavailable:LR04_file_has_proxy_error_not_age_error,973a52d988da04333c98c3fc0cb51babac2fa9bb1c05d42de3d6df726d96b6fc
LR04,Lisiecki-Raymo-2005,433.000000,,benthic_d18O,5.08,permil,observed;age_uncertainty_unavailable:LR04_file_has_proxy_error_not_age_error,973a52d988da04333c98c3fc0cb51babac2fa9bb1c05d42de3d6df726d96b6fc
LR04,Lisiecki-Raymo-2005,434.000000,,benthic_d18O,5.08,permil,observed;age_uncertainty_unavailable:LR04_file_has_proxy_error_not_age_error,973a52d988da04333c98c3fc0cb51babac2fa9bb1c05d42de3d6df726d96b6fc
LR04,Lisiecki-Raymo-2005,435.000000,,benthic_d18O,5.02,permil,observed;age_uncertainty_unavailable:LR04_file_has_proxy_error_not_age_error,973a52d988da04333c98c3fc0cb51babac2fa9bb1c05d42de3d6df726d96b6fc
LR04,Lisiecki-Raymo-2005,436.000000,,benthic_d18O,5.07,permil,observed;age_uncertainty_unavailable:LR04_file_has_proxy_error_not_age_error,973a52d988da04333c98c3fc0cb51babac2fa9bb1c05d42de3d6df726d96b6fc
LR04,Lisiecki-Raymo-2005,437.000000,,benthic_d18O,4.9,permil,observed;age_uncertainty_unavailable:LR04_file_has_proxy_error_not_age_error,973a52d988da04333c98c3fc0cb51babac2fa9bb1c05d42de3d6df726d96b6fc
LR04,Lisiecki-Raymo-2005,438.000000,,benthic_d18O,4.79,permil,observed;age_uncertainty_unavailable:LR04_file_has_proxy_error_not_age_error,973a52d988da04333c98c3fc0cb51babac2fa9bb1c05d42de3d6df726d96b6fc
LR04,Lisiecki-Raymo-2005,439.000000,,benthic_d18O,4.87,permil,observed;age_uncertainty_unavailable:LR04_file_has_proxy_error_not_age_error,973a52d988da04333c98c3fc0cb51babac2fa9bb1c05d42de3d6df726d96b6fc
LR04,Lisiecki-Raymo-2005,440.000000,,benthic_d18O,4.76,permil,observed;age_uncertainty_unavailable:LR04_file_has_proxy_error_not_age_error,973a52d988da04333c98c3fc0cb51babac2fa9bb1c05d42de3d6df726d96b6fc
LR04,Lisiecki-Raymo-2005,441.000000,,benthic_d18O,4.95,permil,observed;age_uncertainty_unavailable:LR04_file_has_proxy_error_not_age_error,973a52d988da04333c98c3fc0cb51babac2fa9bb1c05d42de3d6df726d96b6fc
LR04,Lisiecki-Raymo-2005,442.000000,,benthic_d18O,4.96,permil,observed;age_uncertainty_unavailable:LR04_file_has_proxy_error_not_age_error,973a52d988da04333c98c3fc0cb51babac2fa9bb1c05d42de3d6df726d96b6fc
LR04,Lisiecki-Raymo-2005,443.000000,,benthic_d18O,4.91,permil,observed;age_uncertainty_unavailable:LR04_file_has_proxy_error_not_age_error,973a52d988da04333c98c3fc0cb51babac2fa9bb1c05d42de3d6df726d96b6fc
LR04,Lisiecki-Raymo-2005,444.000000,,benthic_d18O,4.82,permil,observed;age_uncertainty_unavailable:LR04_file_has_proxy_error_not_age_error,973a52d988da04333c98c3fc0cb51babac2fa9bb1c05d42de3d6df726d96b6fc
LR04,Lisiecki-Raymo-2005,445.000000,,benthic_d18O,4.91,permil,observed;age_uncertainty_unavailable:LR04_file_has_proxy_error_not_age_error,973a52d988da04333c98c3fc0cb51babac2fa9bb1c05d42de3d6df726d96b6fc
LR04,Lisiecki-Raymo-2005,446.000000,,benthic_d18O,4.82,permil,observed;age_uncertainty_unavailable:LR04_file_has_proxy_error_not_age_error,973a52d988da04333c98c3fc0cb51babac2fa9bb1c05d42de3d6df726d96b6fc
LR04,Lisiecki-Raymo-2005,447.000000,,benthic_d18O,4.51,permil,observed;age_uncertainty_unavailable:LR04_file_has_proxy_error_not_age_error,973a52d988da04333c98c3fc0cb51babac2fa9bb1c05d42de3d6df726d96b6fc
LR04,Lisiecki-Raymo-2005,448.000000,,benthic_d18O,4.77,permil,observed;age_uncertainty_unavailable:LR04_file_has_proxy_error_not_age_error,973a52d988da04333c98c3fc0cb51babac2fa9bb1c05d42de3d6df726d96b6fc
LR04,Lisiecki-Raymo-2005,449.000000,,benthic_d18O,4.73,permil,observed;age_uncertainty_unavailable:LR04_file_has_proxy_error_not_age_error,973a52d988da04333c98c3fc0cb51babac2fa9bb1c05d42de3d6df726d96b6fc
LR04,Lisiecki-Raymo-2005,450.000000,,benthic_d18O,4.75,permil,observed;age_uncertainty_unavailable:LR04_file_has_proxy_error_not_age_error,973a52d988da04333c98c3fc0cb51babac2fa9bb1c05d42de3d6df726d96b6fc
LR04,Lisiecki-Raymo-2005,451.000000,,benthic_d18O,4.58,permil,observed;age_uncertainty_unavailable:LR04_file_has_proxy_error_not_age_error,973a52d988da04333c98c3fc0cb51babac2fa9bb1c05d42de3d6df726d96b6fc
LR04,Lisiecki-Raymo-2005,452.000000,,benthic_d18O,4.73,permil,observed;age_uncertainty_unavailable:LR04_file_has_proxy_error_not_age_error,973a52d988da04333c98c3fc0cb51babac2fa9bb1c05d42de3d6df726d96b6fc
LR04,Lisiecki-Raymo-2005,453.000000,,benthic_d18O,4.56,permil,observed;age_uncertainty_unavailable:LR04_file_has_proxy_error_not_age_error,973a52d988da04333c98c3fc0cb51babac2fa9bb1c05d42de3d6df726d96b6fc
LR04,Lisiecki-Raymo-2005,454.000000,,benthic_d18O,4.6,permil,observed;age_uncertainty_unavailable:LR04_file_has_proxy_error_not_age_error,973a52d988da04333c98c3fc0cb51babac2fa9bb1c05d42de3d6df726d96b6fc
LR04,Lisiecki-Raymo-2005,455.000000,,benthic_d18O,4.41,permil,observed;age_uncertainty_unavailable:LR04_file_has_proxy_error_not_age_error,973a52d988da04333c98c3fc0cb51babac2fa9bb1c05d42de3d6df726d96b6fc
LR04,Lisiecki-Raymo-2005,456.000000,,benthic_d18O,4.62,permil,observed;age_uncertainty_unavailable:LR04_file_has_proxy_error_not_age_error,973a52d988da04333c98c3fc0cb51babac2fa9bb1c05d42de3d6df726d96b6fc
LR04,Lisiecki-Raymo-2005,457.000000,,benthic_d18O,4.63,permil,observed;age_uncertainty_unavailable:LR04_file_has_proxy_error_not_age_error,973a52d988da04333c98c3fc0cb51babac2fa9bb1c05d42de3d6df726d96b6fc
LR04,Lisiecki-Raymo-2005,458.000000,,benthic_d18O,4.55,permil,observed;age_uncertainty_unavailable:LR04_file_has_proxy_error_not_age_error,973a52d988da04333c98c3fc0cb51babac2fa9bb1c05d42de3d6df726d96b6fc
LR04,Lisiecki-Raymo-2005,459.000000,,benthic_d18O,4.63,permil,observed;age_uncertainty_unavailable:LR04_file_has_proxy_error_not_age_error,973a52d988da04333c98c3fc0cb51babac2fa9bb1c05d42de3d6df726d96b6fc
LR04,Lisiecki-Raymo-2005,460.000000,,benthic_d18O,4.56,permil,observed;age_uncertainty_unavailable:LR04_file_has_proxy_error_not_age_error,973a52d988da04333c98c3fc0cb51babac2fa9bb1c05d42de3d6df726d96b6fc
LR04,Lisiecki-Raymo-2005,461.000000,,benthic_d18O,4.59,permil,observed;age_uncertainty_unavailable:LR04_file_has_proxy_error_not_age_error,973a52d988da04333c98c3fc0cb51babac2fa9bb1c05d42de3d6df726d96b6fc
LR04,Lisiecki-Raymo-2005,462.000000,,benthic_d18O,4.61,permil,observed;age_uncertainty_unavailable:LR04_file_has_proxy_error_not_age_error,973a52d988da04333c98c3fc0cb51babac2fa9bb1c05d42de3d6df726d96b6fc
LR04,Lisiecki-Raymo-2005,463.000000,,benthic_d18O,4.61,permil,observed;age_uncertainty_unavailable:LR04_file_has_proxy_error_not_age_error,973a52d988da04333c98c3fc0cb51babac2fa9bb1c05d42de3d6df726d96b6fc
LR04,Lisiecki-Raymo-2005,464.000000,,benthic_d18O,4.44,permil,observed;age_uncertainty_unavailable:LR04_file_has_proxy_error_not_age_error,973a52d988da04333c98c3fc0cb51babac2fa9bb1c05d42de3d6df726d96b6fc
LR04,Lisiecki-Raymo-2005,465.000000,,benthic_d18O,4.57,permil,observed;age_uncertainty_unavailable:LR04_file_has_proxy_error_not_age_error,973a52d988da04333c98c3fc0cb51babac2fa9bb1c05d42de3d6df726d96b6fc
LR04,Lisiecki-Raymo-2005,466.000000,,benthic_d18O,4.46,permil,observed;age_uncertainty_unavailable:LR04_file_has_proxy_error_not_age_error,973a52d988da04333c98c3fc0cb51babac2fa9bb1c05d42de3d6df726d96b6fc
LR04,Lisiecki-Raymo-2005,467.000000,,benthic_d18O,4.44,permil,observed;age_uncertainty_unavailable:LR04_file_has_proxy_error_not_age_error,973a52d988da04333c98c3fc0cb51babac2fa9bb1c05d42de3d6df726d96b6fc
LR04,Lisiecki-Raymo-2005,468.000000,,benthic_d18O,4.38,permil,observed;age_uncertainty_unavailable:LR04_file_has_proxy_error_not_age_error,973a52d988da04333c98c3fc0cb51babac2fa9bb1c05d42de3d6df726d96b6fc
LR04,Lisiecki-Raymo-2005,469.000000,,benthic_d18O,4.51,permil,observed;age_uncertainty_unavailable:LR04_file_has_proxy_error_not_age_error,973a52d988da04333c98c3fc0cb51babac2fa9bb1c05d42de3d6df726d96b6fc
LR04,Lisiecki-Raymo-2005,470.000000,,benthic_d18O,4.33,permil,observed;age_uncertainty_unavailable:LR04_file_has_proxy_error_not_age_error,973a52d988da04333c98c3fc0cb51babac2fa9bb1c05d42de3d6df726d96b6fc
LR04,Lisiecki-Raymo-2005,471.000000,,benthic_d18O,4.25,permil,observed;age_uncertainty_unavailable:LR04_file_has_proxy_error_not_age_error,973a52d988da04333c98c3fc0cb51babac2fa9bb1c05d42de3d6df726d96b6fc
LR04,Lisiecki-Raymo-2005,472.000000,,benthic_d18O,4.32,permil,observed;age_uncertainty_unavailable:LR04_file_has_proxy_error_not_age_error,973a52d988da04333c98c3fc0cb51babac2fa9bb1c05d42de3d6df726d96b6fc
LR04,Lisiecki-Raymo-2005,473.000000,,benthic_d18O,4.36,permil,observed;age_uncertainty_unavailable:LR04_file_has_proxy_error_not_age_error,973a52d988da04333c98c3fc0cb51babac2fa9bb1c05d42de3d6df726d96b6fc
LR04,Lisiecki-Raymo-2005,474.000000,,benthic_d18O,4.39,permil,observed;age_uncertainty_unavailable:LR04_file_has_proxy_error_not_age_error,973a52d988da04333c98c3fc0cb51babac2fa9bb1c05d42de3d6df726d96b6fc
LR04,Lisiecki-Raymo-2005,475.000000,,benthic_d18O,4.35,permil,observed;age_uncertainty_unavailable:LR04_file_has_proxy_error_not_age_error,973a52d988da04333c98c3fc0cb51babac2fa9bb1c05d42de3d6df726d96b6fc
LR04,Lisiecki-Raymo-2005,476.000000,,benthic_d18O,4.3,permil,observed;age_uncertainty_unavailable:LR04_file_has_proxy_error_not_age_error,973a52d988da04333c98c3fc0cb51babac2fa9bb1c05d42de3d6df726d96b6fc
LR04,Lisiecki-Raymo-2005,477.000000,,benthic_d18O,4.27,permil,observed;age_uncertainty_unavailable:LR04_file_has_proxy_error_not_age_error,973a52d988da04333c98c3fc0cb51babac2fa9bb1c05d42de3d6df726d96b6fc
LR04,Lisiecki-Raymo-2005,478.000000,,benthic_d18O,4.22,permil,observed;age_uncertainty_unavailable:LR04_file_has_proxy_error_not_age_error,973a52d988da04333c98c3fc0cb51babac2fa9bb1c05d42de3d6df726d96b6fc
LR04,Lisiecki-Raymo-2005,479.000000,,benthic_d18O,4.12,permil,observed;age_uncertainty_unavailable:LR04_file_has_proxy_error_not_age_error,973a52d988da04333c98c3fc0cb51babac2fa9bb1c05d42de3d6df726d96b6fc
LR04,Lisiecki-Raymo-2005,480.000000,,benthic_d18O,4.12,permil,observed;age_uncertainty_unavailable:LR04_file_has_proxy_error_not_age_error,973a52d988da04333c98c3fc0cb51babac2fa9bb1c05d42de3d6df726d96b6fc
LR04,Lisiecki-Raymo-2005,481.000000,,benthic_d18O,4.17,permil,observed;age_uncertainty_unavailable:LR04_file_has_proxy_error_not_age_error,973a52d988da04333c98c3fc0cb51babac2fa9bb1c05d42de3d6df726d96b6fc
LR04,Lisiecki-Raymo-2005,482.000000,,benthic_d18O,4.01,permil,observed;age_uncertainty_unavailable:LR04_file_has_proxy_error_not_age_error,973a52d988da04333c98c3fc0cb51babac2fa9bb1c05d42de3d6df726d96b6fc
LR04,Lisiecki-Raymo-2005,483.000000,,benthic_d18O,3.97,permil,observed;age_uncertainty_unavailable:LR04_file_has_proxy_error_not_age_error,973a52d988da04333c98c3fc0cb51babac2fa9bb1c05d42de3d6df726d96b6fc
LR04,Lisiecki-Raymo-2005,484.000000,,benthic_d18O,3.79,permil,observed;age_uncertainty_unavailable:LR04_file_has_proxy_error_not_age_error,973a52d988da04333c98c3fc0cb51babac2fa9bb1c05d42de3d6df726d96b6fc
LR04,Lisiecki-Raymo-2005,485.000000,,benthic_d18O,3.81,permil,observed;age_uncertainty_unavailable:LR04_file_has_proxy_error_not_age_error,973a52d988da04333c98c3fc0cb51babac2fa9bb1c05d42de3d6df726d96b6fc
LR04,Lisiecki-Raymo-2005,486.000000,,benthic_d18O,3.76,permil,observed;age_uncertainty_unavailable:LR04_file_has_proxy_error_not_age_error,973a52d988da04333c98c3fc0cb51babac2fa9bb1c05d42de3d6df726d96b6fc
LR04,Lisiecki-Raymo-2005,487.000000,,benthic_d18O,3.72,permil,observed;age_uncertainty_unavailable:LR04_file_has_proxy_error_not_age_error,973a52d988da04333c98c3fc0cb51babac2fa9bb1c05d42de3d6df726d96b6fc
LR04,Lisiecki-Raymo-2005,488.000000,,benthic_d18O,3.67,permil,observed;age_uncertainty_unavailable:LR04_file_has_proxy_error_not_age_error,973a52d988da04333c98c3fc0cb51babac2fa9bb1c05d42de3d6df726d96b6fc
LR04,Lisiecki-Raymo-2005,489.000000,,benthic_d18O,3.6,permil,observed;age_uncertainty_unavailable:LR04_file_has_proxy_error_not_age_error,973a52d988da04333c98c3fc0cb51babac2fa9bb1c05d42de3d6df726d96b6fc
LR04,Lisiecki-Raymo-2005,490.000000,,benthic_d18O,3.54,permil,observed;age_uncertainty_unavailable:LR04_file_has_proxy_error_not_age_error,973a52d988da04333c98c3fc0cb51babac2fa9bb1c05d42de3d6df726d96b6fc
LR04,Lisiecki-Raymo-2005,491.000000,,benthic_d18O,3.47,permil,observed;age_uncertainty_unavailable:LR04_file_has_proxy_error_not_age_error,973a52d988da04333c98c3fc0cb51babac2fa9bb1c05d42de3d6df726d96b6fc
LR04,Lisiecki-Raymo-2005,492.000000,,benthic_d18O,3.63,permil,observed;age_uncertainty_unavailable:LR04_file_has_proxy_error_not_age_error,973a52d988da04333c98c3fc0cb51babac2fa9bb1c05d42de3d6df726d96b6fc
LR04,Lisiecki-Raymo-2005,493.000000,,benthic_d18O,3.72,permil,observed;age_uncertainty_unavailable:LR04_file_has_proxy_error_not_age_error,973a52d988da04333c98c3fc0cb51babac2fa9bb1c05d42de3d6df726d96b6fc
LR04,Lisiecki-Raymo-2005,494.000000,,benthic_d18O,3.83,permil,observed;age_uncertainty_unavailable:LR04_file_has_proxy_error_not_age_error,973a52d988da04333c98c3fc0cb51babac2fa9bb1c05d42de3d6df726d96b6fc
LR04,Lisiecki-Raymo-2005,495.000000,,benthic_d18O,3.83,permil,observed;age_uncertainty_unavailable:LR04_file_has_proxy_error_not_age_error,973a52d988da04333c98c3fc0cb51babac2fa9bb1c05d42de3d6df726d96b6fc
LR04,Lisiecki-Raymo-2005,496.000000,,benthic_d18O,3.83,permil,observed;age_uncertainty_unavailable:LR04_file_has_proxy_error_not_age_error,973a52d988da04333c98c3fc0cb51babac2fa9bb1c05d42de3d6df726d96b6fc
LR04,Lisiecki-Raymo-2005,497.000000,,benthic_d18O,3.68,permil,observed;age_uncertainty_unavailable:LR04_file_has_proxy_error_not_age_error,973a52d988da04333c98c3fc0cb51babac2fa9bb1c05d42de3d6df726d96b6fc
LR04,Lisiecki-Raymo-2005,498.000000,,benthic_d18O,3.82,permil,observed;age_uncertainty_unavailable:LR04_file_has_proxy_error_not_age_error,973a52d988da04333c98c3fc0cb51babac2fa9bb1c05d42de3d6df726d96b6fc
LR04,Lisiecki-Raymo-2005,499.000000,,benthic_d18O,3.75,permil,observed;age_uncertainty_unavailable:LR04_file_has_proxy_error_not_age_error,973a52d988da04333c98c3fc0cb51babac2fa9bb1c05d42de3d6df726d96b6fc
LR04,Lisiecki-Raymo-2005,500.000000,,benthic_d18O,3.84,permil,observed;age_uncertainty_unavailable:LR04_file_has_proxy_error_not_age_error,973a52d988da04333c98c3fc0cb51babac2fa9bb1c05d42de3d6df726d96b6fc
LR04,Lisiecki-Raymo-2005,501.000000,,benthic_d18O,3.78,permil,observed;age_uncertainty_unavailable:LR04_file_has_proxy_error_not_age_error,973a52d988da04333c98c3fc0cb51babac2fa9bb1c05d42de3d6df726d96b6fc
LR04,Lisiecki-Raymo-2005,502.000000,,benthic_d18O,3.75,permil,observed;age_uncertainty_unavailable:LR04_file_has_proxy_error_not_age_error,973a52d988da04333c98c3fc0cb51babac2fa9bb1c05d42de3d6df726d96b6fc
LR04,Lisiecki-Raymo-2005,503.000000,,benthic_d18O,3.81,permil,observed;age_uncertainty_unavailable:LR04_file_has_proxy_error_not_age_error,973a52d988da04333c98c3fc0cb51babac2fa9bb1c05d42de3d6df726d96b6fc
LR04,Lisiecki-Raymo-2005,504.000000,,benthic_d18O,3.91,permil,observed;age_uncertainty_unavailable:LR04_file_has_proxy_error_not_age_error,973a52d988da04333c98c3fc0cb51babac2fa9bb1c05d42de3d6df726d96b6fc
LR04,Lisiecki-Raymo-2005,505.000000,,benthic_d18O,3.86,permil,observed;age_uncertainty_unavailable:LR04_file_has_proxy_error_not_age_error,973a52d988da04333c98c3fc0cb51babac2fa9bb1c05d42de3d6df726d96b6fc
LR04,Lisiecki-Raymo-2005,506.000000,,benthic_d18O,4.01,permil,observed;age_uncertainty_unavailable:LR04_file_has_proxy_error_not_age_error,973a52d988da04333c98c3fc0cb51babac2fa9bb1c05d42de3d6df726d96b6fc
LR04,Lisiecki-Raymo-2005,507.000000,,benthic_d18O,3.93,permil,observed;age_uncertainty_unavailable:LR04_file_has_proxy_error_not_age_error,973a52d988da04333c98c3fc0cb51babac2fa9bb1c05d42de3d6df726d96b6fc
LR04,Lisiecki-Raymo-2005,508.000000,,benthic_d18O,4.16,permil,observed;age_uncertainty_unavailable:LR04_file_has_proxy_error_not_age_error,973a52d988da04333c98c3fc0cb51babac2fa9bb1c05d42de3d6df726d96b6fc
LR04,Lisiecki-Raymo-2005,509.000000,,benthic_d18O,4.06,permil,observed;age_uncertainty_unavailable:LR04_file_has_proxy_error_not_age_error,973a52d988da04333c98c3fc0cb51babac2fa9bb1c05d42de3d6df726d96b6fc
LR04,Lisiecki-Raymo-2005,510.000000,,benthic_d18O,4.14,permil,observed;age_uncertainty_unavailable:LR04_file_has_proxy_error_not_age_error,973a52d988da04333c98c3fc0cb51babac2fa9bb1c05d42de3d6df726d96b6fc
LR04,Lisiecki-Raymo-2005,511.000000,,benthic_d18O,4.06,permil,observed;age_uncertainty_unavailable:LR04_file_has_proxy_error_not_age_error,973a52d988da04333c98c3fc0cb51babac2fa9bb1c05d42de3d6df726d96b6fc
LR04,Lisiecki-Raymo-2005,512.000000,,benthic_d18O,4.22,permil,observed;age_uncertainty_unavailable:LR04_file_has_proxy_error_not_age_error,973a52d988da04333c98c3fc0cb51babac2fa9bb1c05d42de3d6df726d96b6fc
LR04,Lisiecki-Raymo-2005,513.000000,,benthic_d18O,4.25,permil,observed;age_uncertainty_unavailable:LR04_file_has_proxy_error_not_age_error,973a52d988da04333c98c3fc0cb51babac2fa9bb1c05d42de3d6df726d96b6fc
LR04,Lisiecki-Raymo-2005,514.000000,,benthic_d18O,4.1,permil,observed;age_uncertainty_unavailable:LR04_file_has_proxy_error_not_age_error,973a52d988da04333c98c3fc0cb51babac2fa9bb1c05d42de3d6df726d96b6fc
LR04,Lisiecki-Raymo-2005,515.000000,,benthic_d18O,4.1,permil,observed;age_uncertainty_unavailable:LR04_file_has_proxy_error_not_age_error,973a52d988da04333c98c3fc0cb51babac2fa9bb1c05d42de3d6df726d96b6fc
LR04,Lisiecki-Raymo-2005,516.000000,,benthic_d18O,4.01,permil,observed;age_uncertainty_unavailable:LR04_file_has_proxy_error_not_age_error,973a52d988da04333c98c3fc0cb51babac2fa9bb1c05d42de3d6df726d96b6fc
LR04,Lisiecki-Raymo-2005,517.000000,,benthic_d18O,3.96,permil,observed;age_uncertainty_unavailable:LR04_file_has_proxy_error_not_age_error,973a52d988da04333c98c3fc0cb51babac2fa9bb1c05d42de3d6df726d96b6fc
LR04,Lisiecki-Raymo-2005,518.000000,,benthic_d18O,4.07,permil,observed;age_uncertainty_unavailable:LR04_file_has_proxy_error_not_age_error,973a52d988da04333c98c3fc0cb51babac2fa9bb1c05d42de3d6df726d96b6fc
LR04,Lisiecki-Raymo-2005,519.000000,,benthic_d18O,3.96,permil,observed;age_uncertainty_unavailable:LR04_file_has_proxy_error_not_age_error,973a52d988da04333c98c3fc0cb51babac2fa9bb1c05d42de3d6df726d96b6fc
LR04,Lisiecki-Raymo-2005,520.000000,,benthic_d18O,3.95,permil,observed;age_uncertainty_unavailable:LR04_file_has_proxy_error_not_age_error,973a52d988da04333c98c3fc0cb51babac2fa9bb1c05d42de3d6df726d96b6fc
LR04,Lisiecki-Raymo-2005,521.000000,,benthic_d18O,3.91,permil,observed;age_uncertainty_unavailable:LR04_file_has_proxy_error_not_age_error,973a52d988da04333c98c3fc0cb51babac2fa9bb1c05d42de3d6df726d96b6fc
LR04,Lisiecki-Raymo-2005,522.000000,,benthic_d18O,3.88,permil,observed;age_uncertainty_unavailable:LR04_file_has_proxy_error_not_age_error,973a52d988da04333c98c3fc0cb51babac2fa9bb1c05d42de3d6df726d96b6fc
LR04,Lisiecki-Raymo-2005,523.000000,,benthic_d18O,3.93,permil,observed;age_uncertainty_unavailable:LR04_file_has_proxy_error_not_age_error,973a52d988da04333c98c3fc0cb51babac2fa9bb1c05d42de3d6df726d96b6fc
LR04,Lisiecki-Raymo-2005,524.000000,,benthic_d18O,3.83,permil,observed;age_uncertainty_unavailable:LR04_file_has_proxy_error_not_age_error,973a52d988da04333c98c3fc0cb51babac2fa9bb1c05d42de3d6df726d96b6fc
LR04,Lisiecki-Raymo-2005,525.000000,,benthic_d18O,3.92,permil,observed;age_uncertainty_unavailable:LR04_file_has_proxy_error_not_age_error,973a52d988da04333c98c3fc0cb51babac2fa9bb1c05d42de3d6df726d96b6fc
LR04,Lisiecki-Raymo-2005,526.000000,,benthic_d18O,3.97,permil,observed;age_uncertainty_unavailable:LR04_file_has_proxy_error_not_age_error,973a52d988da04333c98c3fc0cb51babac2fa9bb1c05d42de3d6df726d96b6fc
LR04,Lisiecki-Raymo-2005,527.000000,,benthic_d18O,3.96,permil,observed;age_uncertainty_unavailable:LR04_file_has_proxy_error_not_age_error,973a52d988da04333c98c3fc0cb51babac2fa9bb1c05d42de3d6df726d96b6fc
LR04,Lisiecki-Raymo-2005,528.000000,,benthic_d18O,3.92,permil,observed;age_uncertainty_unavailable:LR04_file_has_proxy_error_not_age_error,973a52d988da04333c98c3fc0cb51babac2fa9bb1c05d42de3d6df726d96b6fc
LR04,Lisiecki-Raymo-2005,529.000000,,benthic_d18O,3.99,permil,observed;age_uncertainty_unavailable:LR04_file_has_proxy_error_not_age_error,973a52d988da04333c98c3fc0cb51babac2fa9bb1c05d42de3d6df726d96b6fc
LR04,Lisiecki-Raymo-2005,530.000000,,benthic_d18O,3.97,permil,observed;age_uncertainty_unavailable:LR04_file_has_proxy_error_not_age_error,973a52d988da04333c98c3fc0cb51babac2fa9bb1c05d42de3d6df726d96b6fc
LR04,Lisiecki-Raymo-2005,531.000000,,benthic_d18O,3.92,permil,observed;age_uncertainty_unavailable:LR04_file_has_proxy_error_not_age_error,973a52d988da04333c98c3fc0cb51babac2fa9bb1c05d42de3d6df726d96b6fc
LR04,Lisiecki-Raymo-2005,532.000000,,benthic_d18O,4.01,permil,observed;age_uncertainty_unavailable:LR04_file_has_proxy_error_not_age_error,973a52d988da04333c98c3fc0cb51babac2fa9bb1c05d42de3d6df726d96b6fc
LR04,Lisiecki-Raymo-2005,533.000000,,benthic_d18O,4.11,permil,observed;age_uncertainty_unavailable:LR04_file_has_proxy_error_not_age_error,973a52d988da04333c98c3fc0cb51babac2fa9bb1c05d42de3d6df726d96b6fc
LR04,Lisiecki-Raymo-2005,534.000000,,benthic_d18O,4.27,permil,observed;age_uncertainty_unavailable:LR04_file_has_proxy_error_not_age_error,973a52d988da04333c98c3fc0cb51babac2fa9bb1c05d42de3d6df726d96b6fc
LR04,Lisiecki-Raymo-2005,535.000000,,benthic_d18O,4.29,permil,observed;age_uncertainty_unavailable:LR04_file_has_proxy_error_not_age_error,973a52d988da04333c98c3fc0cb51babac2fa9bb1c05d42de3d6df726d96b6fc
LR04,Lisiecki-Raymo-2005,536.000000,,benthic_d18O,4.55,permil,observed;age_uncertainty_unavailable:LR04_file_has_proxy_error_not_age_error,973a52d988da04333c98c3fc0cb51babac2fa9bb1c05d42de3d6df726d96b6fc
LR04,Lisiecki-Raymo-2005,537.000000,,benthic_d18O,4.43,permil,observed;age_uncertainty_unavailable:LR04_file_has_proxy_error_not_age_error,973a52d988da04333c98c3fc0cb51babac2fa9bb1c05d42de3d6df726d96b6fc
LR04,Lisiecki-Raymo-2005,538.000000,,benthic_d18O,4.54,permil,observed;age_uncertainty_unavailable:LR04_file_has_proxy_error_not_age_error,973a52d988da04333c98c3fc0cb51babac2fa9bb1c05d42de3d6df726d96b6fc
LR04,Lisiecki-Raymo-2005,539.000000,,benthic_d18O,4.48,permil,observed;age_uncertainty_unavailable:LR04_file_has_proxy_error_not_age_error,973a52d988da04333c98c3fc0cb51babac2fa9bb1c05d42de3d6df726d96b6fc
LR04,Lisiecki-Raymo-2005,540.000000,,benthic_d18O,4.53,permil,observed;age_uncertainty_unavailable:LR04_file_has_proxy_error_not_age_error,973a52d988da04333c98c3fc0cb51babac2fa9bb1c05d42de3d6df726d96b6fc
LR04,Lisiecki-Raymo-2005,541.000000,,benthic_d18O,4.5,permil,observed;age_uncertainty_unavailable:LR04_file_has_proxy_error_not_age_error,973a52d988da04333c98c3fc0cb51babac2fa9bb1c05d42de3d6df726d96b6fc
LR04,Lisiecki-Raymo-2005,542.000000,,benthic_d18O,4.45,permil,observed;age_uncertainty_unavailable:LR04_file_has_proxy_error_not_age_error,973a52d988da04333c98c3fc0cb51babac2fa9bb1c05d42de3d6df726d96b6fc
LR04,Lisiecki-Raymo-2005,543.000000,,benthic_d18O,4.45,permil,observed;age_uncertainty_unavailable:LR04_file_has_proxy_error_not_age_error,973a52d988da04333c98c3fc0cb51babac2fa9bb1c05d42de3d6df726d96b6fc
LR04,Lisiecki-Raymo-2005,544.000000,,benthic_d18O,4.46,permil,observed;age_uncertainty_unavailable:LR04_file_has_proxy_error_not_age_error,973a52d988da04333c98c3fc0cb51babac2fa9bb1c05d42de3d6df726d96b6fc
LR04,Lisiecki-Raymo-2005,545.000000,,benthic_d18O,4.43,permil,observed;age_uncertainty_unavailable:LR04_file_has_proxy_error_not_age_error,973a52d988da04333c98c3fc0cb51babac2fa9bb1c05d42de3d6df726d96b6fc
LR04,Lisiecki-Raymo-2005,546.000000,,benthic_d18O,4.51,permil,observed;age_uncertainty_unavailable:LR04_file_has_proxy_error_not_age_error,973a52d988da04333c98c3fc0cb51babac2fa9bb1c05d42de3d6df726d96b6fc
LR04,Lisiecki-Raymo-2005,547.000000,,benthic_d18O,4.53,permil,observed;age_uncertainty_unavailable:LR04_file_has_proxy_error_not_age_error,973a52d988da04333c98c3fc0cb51babac2fa9bb1c05d42de3d6df726d96b6fc
LR04,Lisiecki-Raymo-2005,548.000000,,benthic_d18O,4.55,permil,observed;age_uncertainty_unavailable:LR04_file_has_proxy_error_not_age_error,973a52d988da04333c98c3fc0cb51babac2fa9bb1c05d42de3d6df726d96b6fc
LR04,Lisiecki-Raymo-2005,549.000000,,benthic_d18O,4.53,permil,observed;age_uncertainty_unavailable:LR04_file_has_proxy_error_not_age_error,973a52d988da04333c98c3fc0cb51babac2fa9bb1c05d42de3d6df726d96b6fc
LR04,Lisiecki-Raymo-2005,550.000000,,benthic_d18O,4.5,permil,observed;age_uncertainty_unavailable:LR04_file_has_proxy_error_not_age_error,973a52d988da04333c98c3fc0cb51babac2fa9bb1c05d42de3d6df726d96b6fc
LR04,Lisiecki-Raymo-2005,551.000000,,benthic_d18O,4.45,permil,observed;age_uncertainty_unavailable:LR04_file_has_proxy_error_not_age_error,973a52d988da04333c98c3fc0cb51babac2fa9bb1c05d42de3d6df726d96b6fc
LR04,Lisiecki-Raymo-2005,552.000000,,benthic_d18O,4.52,permil,observed;age_uncertainty_unavailable:LR04_file_has_proxy_error_not_age_error,973a52d988da04333c98c3fc0cb51babac2fa9bb1c05d42de3d6df726d96b6fc
LR04,Lisiecki-Raymo-2005,553.000000,,benthic_d18O,4.46,permil,observed;age_uncertainty_unavailable:LR04_file_has_proxy_error_not_age_error,973a52d988da04333c98c3fc0cb51babac2fa9bb1c05d42de3d6df726d96b6fc
LR04,Lisiecki-Raymo-2005,554.000000,,benthic_d18O,4.29,permil,observed;age_uncertainty_unavailable:LR04_file_has_proxy_error_not_age_error,973a52d988da04333c98c3fc0cb51babac2fa9bb1c05d42de3d6df726d96b6fc
LR04,Lisiecki-Raymo-2005,555.000000,,benthic_d18O,4.25,permil,observed;age_uncertainty_unavailable:LR04_file_has_proxy_error_not_age_error,973a52d988da04333c98c3fc0cb51babac2fa9bb1c05d42de3d6df726d96b6fc
LR04,Lisiecki-Raymo-2005,556.000000,,benthic_d18O,4.39,permil,observed;age_uncertainty_unavailable:LR04_file_has_proxy_error_not_age_error,973a52d988da04333c98c3fc0cb51babac2fa9bb1c05d42de3d6df726d96b6fc
LR04,Lisiecki-Raymo-2005,557.000000,,benthic_d18O,4.35,permil,observed;age_uncertainty_unavailable:LR04_file_has_proxy_error_not_age_error,973a52d988da04333c98c3fc0cb51babac2fa9bb1c05d42de3d6df726d96b6fc
LR04,Lisiecki-Raymo-2005,558.000000,,benthic_d18O,4.25,permil,observed;age_uncertainty_unavailable:LR04_file_has_proxy_error_not_age_error,973a52d988da04333c98c3fc0cb51babac2fa9bb1c05d42de3d6df726d96b6fc
LR04,Lisiecki-Raymo-2005,559.000000,,benthic_d18O,4.17,permil,observed;age_uncertainty_unavailable:LR04_file_has_proxy_error_not_age_error,973a52d988da04333c98c3fc0cb51babac2fa9bb1c05d42de3d6df726d96b6fc
LR04,Lisiecki-Raymo-2005,560.000000,,benthic_d18O,4.14,permil,observed;age_uncertainty_unavailable:LR04_file_has_proxy_error_not_age_error,973a52d988da04333c98c3fc0cb51babac2fa9bb1c05d42de3d6df726d96b6fc
LR04,Lisiecki-Raymo-2005,561.000000,,benthic_d18O,4.21,permil,observed;age_uncertainty_unavailable:LR04_file_has_proxy_error_not_age_error,973a52d988da04333c98c3fc0cb51babac2fa9bb1c05d42de3d6df726d96b6fc
LR04,Lisiecki-Raymo-2005,562.000000,,benthic_d18O,4.14,permil,observed;age_uncertainty_unavailable:LR04_file_has_proxy_error_not_age_error,973a52d988da04333c98c3fc0cb51babac2fa9bb1c05d42de3d6df726d96b6fc
LR04,Lisiecki-Raymo-2005,563.000000,,benthic_d18O,4.17,permil,observed;age_uncertainty_unavailable:LR04_file_has_proxy_error_not_age_error,973a52d988da04333c98c3fc0cb51babac2fa9bb1c05d42de3d6df726d96b6fc
LR04,Lisiecki-Raymo-2005,564.000000,,benthic_d18O,4.01,permil,observed;age_uncertainty_unavailable:LR04_file_has_proxy_error_not_age_error,973a52d988da04333c98c3fc0cb51babac2fa9bb1c05d42de3d6df726d96b6fc
LR04,Lisiecki-Raymo-2005,565.000000,,benthic_d18O,3.96,permil,observed;age_uncertainty_unavailable:LR04_file_has_proxy_error_not_age_error,973a52d988da04333c98c3fc0cb51babac2fa9bb1c05d42de3d6df726d96b6fc
LR04,Lisiecki-Raymo-2005,566.000000,,benthic_d18O,3.86,permil,observed;age_uncertainty_unavailable:LR04_file_has_proxy_error_not_age_error,973a52d988da04333c98c3fc0cb51babac2fa9bb1c05d42de3d6df726d96b6fc
LR04,Lisiecki-Raymo-2005,567.000000,,benthic_d18O,3.94,permil,observed;age_uncertainty_unavailable:LR04_file_has_proxy_error_not_age_error,973a52d988da04333c98c3fc0cb51babac2fa9bb1c05d42de3d6df726d96b6fc
LR04,Lisiecki-Raymo-2005,568.000000,,benthic_d18O,4,permil,observed;age_uncertainty_unavailable:LR04_file_has_proxy_error_not_age_error,973a52d988da04333c98c3fc0cb51babac2fa9bb1c05d42de3d6df726d96b6fc
LR04,Lisiecki-Raymo-2005,569.000000,,benthic_d18O,3.97,permil,observed;age_uncertainty_unavailable:LR04_file_has_proxy_error_not_age_error,973a52d988da04333c98c3fc0cb51babac2fa9bb1c05d42de3d6df726d96b6fc
LR04,Lisiecki-Raymo-2005,570.000000,,benthic_d18O,3.91,permil,observed;age_uncertainty_unavailable:LR04_file_has_proxy_error_not_age_error,973a52d988da04333c98c3fc0cb51babac2fa9bb1c05d42de3d6df726d96b6fc
LR04,Lisiecki-Raymo-2005,571.000000,,benthic_d18O,3.89,permil,observed;age_uncertainty_unavailable:LR04_file_has_proxy_error_not_age_error,973a52d988da04333c98c3fc0cb51babac2fa9bb1c05d42de3d6df726d96b6fc
LR04,Lisiecki-Raymo-2005,572.000000,,benthic_d18O,3.59,permil,observed;age_uncertainty_unavailable:LR04_file_has_proxy_error_not_age_error,973a52d988da04333c98c3fc0cb51babac2fa9bb1c05d42de3d6df726d96b6fc
LR04,Lisiecki-Raymo-2005,573.000000,,benthic_d18O,3.65,permil,observed;age_uncertainty_unavailable:LR04_file_has_proxy_error_not_age_error,973a52d988da04333c98c3fc0cb51babac2fa9bb1c05d42de3d6df726d96b6fc
LR04,Lisiecki-Raymo-2005,574.000000,,benthic_d18O,3.73,permil,observed;age_uncertainty_unavailable:LR04_file_has_proxy_error_not_age_error,973a52d988da04333c98c3fc0cb51babac2fa9bb1c05d42de3d6df726d96b6fc
LR04,Lisiecki-Raymo-2005,575.000000,,benthic_d18O,3.39,permil,observed;age_uncertainty_unavailable:LR04_file_has_proxy_error_not_age_error,973a52d988da04333c98c3fc0cb51babac2fa9bb1c05d42de3d6df726d96b6fc
LR04,Lisiecki-Raymo-2005,576.000000,,benthic_d18O,3.46,permil,observed;age_uncertainty_unavailable:LR04_file_has_proxy_error_not_age_error,973a52d988da04333c98c3fc0cb51babac2fa9bb1c05d42de3d6df726d96b6fc
LR04,Lisiecki-Raymo-2005,577.000000,,benthic_d18O,3.48,permil,observed;age_uncertainty_unavailable:LR04_file_has_proxy_error_not_age_error,973a52d988da04333c98c3fc0cb51babac2fa9bb1c05d42de3d6df726d96b6fc
LR04,Lisiecki-Raymo-2005,578.000000,,benthic_d18O,3.5,permil,observed;age_uncertainty_unavailable:LR04_file_has_proxy_error_not_age_error,973a52d988da04333c98c3fc0cb51babac2fa9bb1c05d42de3d6df726d96b6fc
LR04,Lisiecki-Raymo-2005,579.000000,,benthic_d18O,3.57,permil,observed;age_uncertainty_unavailable:LR04_file_has_proxy_error_not_age_error,973a52d988da04333c98c3fc0cb51babac2fa9bb1c05d42de3d6df726d96b6fc
LR04,Lisiecki-Raymo-2005,580.000000,,benthic_d18O,3.69,permil,observed;age_uncertainty_unavailable:LR04_file_has_proxy_error_not_age_error,973a52d988da04333c98c3fc0cb51babac2fa9bb1c05d42de3d6df726d96b6fc
LR04,Lisiecki-Raymo-2005,581.000000,,benthic_d18O,4,permil,observed;age_uncertainty_unavailable:LR04_file_has_proxy_error_not_age_error,973a52d988da04333c98c3fc0cb51babac2fa9bb1c05d42de3d6df726d96b6fc
LR04,Lisiecki-Raymo-2005,582.000000,,benthic_d18O,4.13,permil,observed;age_uncertainty_unavailable:LR04_file_has_proxy_error_not_age_error,973a52d988da04333c98c3fc0cb51babac2fa9bb1c05d42de3d6df726d96b6fc
LR04,Lisiecki-Raymo-2005,583.000000,,benthic_d18O,4.29,permil,observed;age_uncertainty_unavailable:LR04_file_has_proxy_error_not_age_error,973a52d988da04333c98c3fc0cb51babac2fa9bb1c05d42de3d6df726d96b6fc
LR04,Lisiecki-Raymo-2005,584.000000,,benthic_d18O,4.31,permil,observed;age_uncertainty_unavailable:LR04_file_has_proxy_error_not_age_error,973a52d988da04333c98c3fc0cb51babac2fa9bb1c05d42de3d6df726d96b6fc
LR04,Lisiecki-Raymo-2005,585.000000,,benthic_d18O,4.33,permil,observed;age_uncertainty_unavailable:LR04_file_has_proxy_error_not_age_error,973a52d988da04333c98c3fc0cb51babac2fa9bb1c05d42de3d6df726d96b6fc
LR04,Lisiecki-Raymo-2005,586.000000,,benthic_d18O,4.18,permil,observed;age_uncertainty_unavailable:LR04_file_has_proxy_error_not_age_error,973a52d988da04333c98c3fc0cb51babac2fa9bb1c05d42de3d6df726d96b6fc
LR04,Lisiecki-Raymo-2005,587.000000,,benthic_d18O,4.11,permil,observed;age_uncertainty_unavailable:LR04_file_has_proxy_error_not_age_error,973a52d988da04333c98c3fc0cb51babac2fa9bb1c05d42de3d6df726d96b6fc
LR04,Lisiecki-Raymo-2005,588.000000,,benthic_d18O,4.19,permil,observed;age_uncertainty_unavailable:LR04_file_has_proxy_error_not_age_error,973a52d988da04333c98c3fc0cb51babac2fa9bb1c05d42de3d6df726d96b6fc
LR04,Lisiecki-Raymo-2005,589.000000,,benthic_d18O,4.07,permil,observed;age_uncertainty_unavailable:LR04_file_has_proxy_error_not_age_error,973a52d988da04333c98c3fc0cb51babac2fa9bb1c05d42de3d6df726d96b6fc
LR04,Lisiecki-Raymo-2005,590.000000,,benthic_d18O,4.09,permil,observed;age_uncertainty_unavailable:LR04_file_has_proxy_error_not_age_error,973a52d988da04333c98c3fc0cb51babac2fa9bb1c05d42de3d6df726d96b6fc
LR04,Lisiecki-Raymo-2005,591.000000,,benthic_d18O,4.07,permil,observed;age_uncertainty_unavailable:LR04_file_has_proxy_error_not_age_error,973a52d988da04333c98c3fc0cb51babac2fa9bb1c05d42de3d6df726d96b6fc
LR04,Lisiecki-Raymo-2005,592.000000,,benthic_d18O,4.02,permil,observed;age_uncertainty_unavailable:LR04_file_has_proxy_error_not_age_error,973a52d988da04333c98c3fc0cb51babac2fa9bb1c05d42de3d6df726d96b6fc
LR04,Lisiecki-Raymo-2005,593.000000,,benthic_d18O,3.99,permil,observed;age_uncertainty_unavailable:LR04_file_has_proxy_error_not_age_error,973a52d988da04333c98c3fc0cb51babac2fa9bb1c05d42de3d6df726d96b6fc
LR04,Lisiecki-Raymo-2005,594.000000,,benthic_d18O,3.9,permil,observed;age_uncertainty_unavailable:LR04_file_has_proxy_error_not_age_error,973a52d988da04333c98c3fc0cb51babac2fa9bb1c05d42de3d6df726d96b6fc
LR04,Lisiecki-Raymo-2005,595.000000,,benthic_d18O,3.88,permil,observed;age_uncertainty_unavailable:LR04_file_has_proxy_error_not_age_error,973a52d988da04333c98c3fc0cb51babac2fa9bb1c05d42de3d6df726d96b6fc
LR04,Lisiecki-Raymo-2005,596.000000,,benthic_d18O,3.89,permil,observed;age_uncertainty_unavailable:LR04_file_has_proxy_error_not_age_error,973a52d988da04333c98c3fc0cb51babac2fa9bb1c05d42de3d6df726d96b6fc
LR04,Lisiecki-Raymo-2005,597.000000,,benthic_d18O,3.8,permil,observed;age_uncertainty_unavailable:LR04_file_has_proxy_error_not_age_error,973a52d988da04333c98c3fc0cb51babac2fa9bb1c05d42de3d6df726d96b6fc
LR04,Lisiecki-Raymo-2005,598.000000,,benthic_d18O,3.99,permil,observed;age_uncertainty_unavailable:LR04_file_has_proxy_error_not_age_error,973a52d988da04333c98c3fc0cb51babac2fa9bb1c05d42de3d6df726d96b6fc
LR04,Lisiecki-Raymo-2005,599.000000,,benthic_d18O,4.02,permil,observed;age_uncertainty_unavailable:LR04_file_has_proxy_error_not_age_error,973a52d988da04333c98c3fc0cb51babac2fa9bb1c05d42de3d6df726d96b6fc
LR04,Lisiecki-Raymo-2005,600.000000,,benthic_d18O,4.07,permil,observed;age_uncertainty_unavailable:LR04_file_has_proxy_error_not_age_error,973a52d988da04333c98c3fc0cb51babac2fa9bb1c05d42de3d6df726d96b6fc
LR04,Lisiecki-Raymo-2005,602.000000,,benthic_d18O,3.97,permil,observed;age_uncertainty_unavailable:LR04_file_has_proxy_error_not_age_error,973a52d988da04333c98c3fc0cb51babac2fa9bb1c05d42de3d6df726d96b6fc
LR04,Lisiecki-Raymo-2005,604.000000,,benthic_d18O,3.77,permil,observed;age_uncertainty_unavailable:LR04_file_has_proxy_error_not_age_error,973a52d988da04333c98c3fc0cb51babac2fa9bb1c05d42de3d6df726d96b6fc
LR04,Lisiecki-Raymo-2005,606.000000,,benthic_d18O,3.8,permil,observed;age_uncertainty_unavailable:LR04_file_has_proxy_error_not_age_error,973a52d988da04333c98c3fc0cb51babac2fa9bb1c05d42de3d6df726d96b6fc
LR04,Lisiecki-Raymo-2005,608.000000,,benthic_d18O,3.8,permil,observed;age_uncertainty_unavailable:LR04_file_has_proxy_error_not_age_error,973a52d988da04333c98c3fc0cb51babac2fa9bb1c05d42de3d6df726d96b6fc
LR04,Lisiecki-Raymo-2005,610.000000,,benthic_d18O,3.49,permil,observed;age_uncertainty_unavailable:LR04_file_has_proxy_error_not_age_error,973a52d988da04333c98c3fc0cb51babac2fa9bb1c05d42de3d6df726d96b6fc
LR04,Lisiecki-Raymo-2005,612.000000,,benthic_d18O,3.52,permil,observed;age_uncertainty_unavailable:LR04_file_has_proxy_error_not_age_error,973a52d988da04333c98c3fc0cb51babac2fa9bb1c05d42de3d6df726d96b6fc
LR04,Lisiecki-Raymo-2005,614.000000,,benthic_d18O,3.53,permil,observed;age_uncertainty_unavailable:LR04_file_has_proxy_error_not_age_error,973a52d988da04333c98c3fc0cb51babac2fa9bb1c05d42de3d6df726d96b6fc
LR04,Lisiecki-Raymo-2005,616.000000,,benthic_d18O,3.66,permil,observed;age_uncertainty_unavailable:LR04_file_has_proxy_error_not_age_error,973a52d988da04333c98c3fc0cb51babac2fa9bb1c05d42de3d6df726d96b6fc
LR04,Lisiecki-Raymo-2005,618.000000,,benthic_d18O,3.81,permil,observed;age_uncertainty_unavailable:LR04_file_has_proxy_error_not_age_error,973a52d988da04333c98c3fc0cb51babac2fa9bb1c05d42de3d6df726d96b6fc
LR04,Lisiecki-Raymo-2005,620.000000,,benthic_d18O,4.09,permil,observed;age_uncertainty_unavailable:LR04_file_has_proxy_error_not_age_error,973a52d988da04333c98c3fc0cb51babac2fa9bb1c05d42de3d6df726d96b6fc
LR04,Lisiecki-Raymo-2005,622.000000,,benthic_d18O,4.31,permil,observed;age_uncertainty_unavailable:LR04_file_has_proxy_error_not_age_error,973a52d988da04333c98c3fc0cb51babac2fa9bb1c05d42de3d6df726d96b6fc
LR04,Lisiecki-Raymo-2005,624.000000,,benthic_d18O,4.63,permil,observed;age_uncertainty_unavailable:LR04_file_has_proxy_error_not_age_error,973a52d988da04333c98c3fc0cb51babac2fa9bb1c05d42de3d6df726d96b6fc
LR04,Lisiecki-Raymo-2005,626.000000,,benthic_d18O,4.9,permil,observed;age_uncertainty_unavailable:LR04_file_has_proxy_error_not_age_error,973a52d988da04333c98c3fc0cb51babac2fa9bb1c05d42de3d6df726d96b6fc
LR04,Lisiecki-Raymo-2005,628.000000,,benthic_d18O,5.01,permil,observed;age_uncertainty_unavailable:LR04_file_has_proxy_error_not_age_error,973a52d988da04333c98c3fc0cb51babac2fa9bb1c05d42de3d6df726d96b6fc
LR04,Lisiecki-Raymo-2005,630.000000,,benthic_d18O,5.08,permil,observed;age_uncertainty_unavailable:LR04_file_has_proxy_error_not_age_error,973a52d988da04333c98c3fc0cb51babac2fa9bb1c05d42de3d6df726d96b6fc
LR04,Lisiecki-Raymo-2005,632.000000,,benthic_d18O,5.05,permil,observed;age_uncertainty_unavailable:LR04_file_has_proxy_error_not_age_error,973a52d988da04333c98c3fc0cb51babac2fa9bb1c05d42de3d6df726d96b6fc
LR04,Lisiecki-Raymo-2005,634.000000,,benthic_d18O,4.93,permil,observed;age_uncertainty_unavailable:LR04_file_has_proxy_error_not_age_error,973a52d988da04333c98c3fc0cb51babac2fa9bb1c05d42de3d6df726d96b6fc
LR04,Lisiecki-Raymo-2005,636.000000,,benthic_d18O,5,permil,observed;age_uncertainty_unavailable:LR04_file_has_proxy_error_not_age_error,973a52d988da04333c98c3fc0cb51babac2fa9bb1c05d42de3d6df726d96b6fc
LR04,Lisiecki-Raymo-2005,638.000000,,benthic_d18O,4.8,permil,observed;age_uncertainty_unavailable:LR04_file_has_proxy_error_not_age_error,973a52d988da04333c98c3fc0cb51babac2fa9bb1c05d42de3d6df726d96b6fc
LR04,Lisiecki-Raymo-2005,640.000000,,benthic_d18O,5.01,permil,observed;age_uncertainty_unavailable:LR04_file_has_proxy_error_not_age_error,973a52d988da04333c98c3fc0cb51babac2fa9bb1c05d42de3d6df726d96b6fc
LR04,Lisiecki-Raymo-2005,642.000000,,benthic_d18O,4.75,permil,observed;age_uncertainty_unavailable:LR04_file_has_proxy_error_not_age_error,973a52d988da04333c98c3fc0cb51babac2fa9bb1c05d42de3d6df726d96b6fc
LR04,Lisiecki-Raymo-2005,644.000000,,benthic_d18O,4.68,permil,observed;age_uncertainty_unavailable:LR04_file_has_proxy_error_not_age_error,973a52d988da04333c98c3fc0cb51babac2fa9bb1c05d42de3d6df726d96b6fc
LR04,Lisiecki-Raymo-2005,646.000000,,benthic_d18O,4.72,permil,observed;age_uncertainty_unavailable:LR04_file_has_proxy_error_not_age_error,973a52d988da04333c98c3fc0cb51babac2fa9bb1c05d42de3d6df726d96b6fc
LR04,Lisiecki-Raymo-2005,648.000000,,benthic_d18O,4.75,permil,observed;age_uncertainty_unavailable:LR04_file_has_proxy_error_not_age_error,973a52d988da04333c98c3fc0cb51babac2fa9bb1c05d42de3d6df726d96b6fc
LR04,Lisiecki-Raymo-2005,650.000000,,benthic_d18O,4.71,permil,observed;age_uncertainty_unavailable:LR04_file_has_proxy_error_not_age_error,973a52d988da04333c98c3fc0cb51babac2fa9bb1c05d42de3d6df726d96b6fc
LR04,Lisiecki-Raymo-2005,652.000000,,benthic_d18O,4.79,permil,observed;age_uncertainty_unavailable:LR04_file_has_proxy_error_not_age_error,973a52d988da04333c98c3fc0cb51babac2fa9bb1c05d42de3d6df726d96b6fc
LR04,Lisiecki-Raymo-2005,654.000000,,benthic_d18O,4.77,permil,observed;age_uncertainty_unavailable:LR04_file_has_proxy_error_not_age_error,973a52d988da04333c98c3fc0cb51babac2fa9bb1c05d42de3d6df726d96b6fc
LR04,Lisiecki-Raymo-2005,656.000000,,benthic_d18O,4.57,permil,observed;age_uncertainty_unavailable:LR04_file_has_proxy_error_not_age_error,973a52d988da04333c98c3fc0cb51babac2fa9bb1c05d42de3d6df726d96b6fc
LR04,Lisiecki-Raymo-2005,658.000000,,benthic_d18O,4.58,permil,observed;age_uncertainty_unavailable:LR04_file_has_proxy_error_not_age_error,973a52d988da04333c98c3fc0cb51babac2fa9bb1c05d42de3d6df726d96b6fc
LR04,Lisiecki-Raymo-2005,660.000000,,benthic_d18O,4.64,permil,observed;age_uncertainty_unavailable:LR04_file_has_proxy_error_not_age_error,973a52d988da04333c98c3fc0cb51babac2fa9bb1c05d42de3d6df726d96b6fc
LR04,Lisiecki-Raymo-2005,662.000000,,benthic_d18O,4.8,permil,observed;age_uncertainty_unavailable:LR04_file_has_proxy_error_not_age_error,973a52d988da04333c98c3fc0cb51babac2fa9bb1c05d42de3d6df726d96b6fc
LR04,Lisiecki-Raymo-2005,664.000000,,benthic_d18O,4.58,permil,observed;age_uncertainty_unavailable:LR04_file_has_proxy_error_not_age_error,973a52d988da04333c98c3fc0cb51babac2fa9bb1c05d42de3d6df726d96b6fc
LR04,Lisiecki-Raymo-2005,666.000000,,benthic_d18O,4.5,permil,observed;age_uncertainty_unavailable:LR04_file_has_proxy_error_not_age_error,973a52d988da04333c98c3fc0cb51babac2fa9bb1c05d42de3d6df726d96b6fc
LR04,Lisiecki-Raymo-2005,668.000000,,benthic_d18O,4.65,permil,observed;age_uncertainty_unavailable:LR04_file_has_proxy_error_not_age_error,973a52d988da04333c98c3fc0cb51babac2fa9bb1c05d42de3d6df726d96b6fc
LR04,Lisiecki-Raymo-2005,670.000000,,benthic_d18O,4.42,permil,observed;age_uncertainty_unavailable:LR04_file_has_proxy_error_not_age_error,973a52d988da04333c98c3fc0cb51babac2fa9bb1c05d42de3d6df726d96b6fc
LR04,Lisiecki-Raymo-2005,672.000000,,benthic_d18O,4.52,permil,observed;age_uncertainty_unavailable:LR04_file_has_proxy_error_not_age_error,973a52d988da04333c98c3fc0cb51babac2fa9bb1c05d42de3d6df726d96b6fc
LR04,Lisiecki-Raymo-2005,674.000000,,benthic_d18O,4.46,permil,observed;age_uncertainty_unavailable:LR04_file_has_proxy_error_not_age_error,973a52d988da04333c98c3fc0cb51babac2fa9bb1c05d42de3d6df726d96b6fc
LR04,Lisiecki-Raymo-2005,676.000000,,benthic_d18O,4.4,permil,observed;age_uncertainty_unavailable:LR04_file_has_proxy_error_not_age_error,973a52d988da04333c98c3fc0cb51babac2fa9bb1c05d42de3d6df726d96b6fc
LR04,Lisiecki-Raymo-2005,678.000000,,benthic_d18O,4.26,permil,observed;age_uncertainty_unavailable:LR04_file_has_proxy_error_not_age_error,973a52d988da04333c98c3fc0cb51babac2fa9bb1c05d42de3d6df726d96b6fc
LR04,Lisiecki-Raymo-2005,680.000000,,benthic_d18O,4.14,permil,observed;age_uncertainty_unavailable:LR04_file_has_proxy_error_not_age_error,973a52d988da04333c98c3fc0cb51babac2fa9bb1c05d42de3d6df726d96b6fc
LR04,Lisiecki-Raymo-2005,682.000000,,benthic_d18O,4.15,permil,observed;age_uncertainty_unavailable:LR04_file_has_proxy_error_not_age_error,973a52d988da04333c98c3fc0cb51babac2fa9bb1c05d42de3d6df726d96b6fc
LR04,Lisiecki-Raymo-2005,684.000000,,benthic_d18O,4.03,permil,observed;age_uncertainty_unavailable:LR04_file_has_proxy_error_not_age_error,973a52d988da04333c98c3fc0cb51babac2fa9bb1c05d42de3d6df726d96b6fc
LR04,Lisiecki-Raymo-2005,686.000000,,benthic_d18O,4.13,permil,observed;age_uncertainty_unavailable:LR04_file_has_proxy_error_not_age_error,973a52d988da04333c98c3fc0cb51babac2fa9bb1c05d42de3d6df726d96b6fc
LR04,Lisiecki-Raymo-2005,688.000000,,benthic_d18O,3.95,permil,observed;age_uncertainty_unavailable:LR04_file_has_proxy_error_not_age_error,973a52d988da04333c98c3fc0cb51babac2fa9bb1c05d42de3d6df726d96b6fc
LR04,Lisiecki-Raymo-2005,690.000000,,benthic_d18O,3.7,permil,observed;age_uncertainty_unavailable:LR04_file_has_proxy_error_not_age_error,973a52d988da04333c98c3fc0cb51babac2fa9bb1c05d42de3d6df726d96b6fc
LR04,Lisiecki-Raymo-2005,692.000000,,benthic_d18O,3.71,permil,observed;age_uncertainty_unavailable:LR04_file_has_proxy_error_not_age_error,973a52d988da04333c98c3fc0cb51babac2fa9bb1c05d42de3d6df726d96b6fc
LR04,Lisiecki-Raymo-2005,694.000000,,benthic_d18O,3.64,permil,observed;age_uncertainty_unavailable:LR04_file_has_proxy_error_not_age_error,973a52d988da04333c98c3fc0cb51babac2fa9bb1c05d42de3d6df726d96b6fc
LR04,Lisiecki-Raymo-2005,696.000000,,benthic_d18O,3.5,permil,observed;age_uncertainty_unavailable:LR04_file_has_proxy_error_not_age_error,973a52d988da04333c98c3fc0cb51babac2fa9bb1c05d42de3d6df726d96b6fc
LR04,Lisiecki-Raymo-2005,698.000000,,benthic_d18O,3.57,permil,observed;age_uncertainty_unavailable:LR04_file_has_proxy_error_not_age_error,973a52d988da04333c98c3fc0cb51babac2fa9bb1c05d42de3d6df726d96b6fc
LR04,Lisiecki-Raymo-2005,700.000000,,benthic_d18O,3.65,permil,observed;age_uncertainty_unavailable:LR04_file_has_proxy_error_not_age_error,973a52d988da04333c98c3fc0cb51babac2fa9bb1c05d42de3d6df726d96b6fc
LR04,Lisiecki-Raymo-2005,702.000000,,benthic_d18O,3.76,permil,observed;age_uncertainty_unavailable:LR04_file_has_proxy_error_not_age_error,973a52d988da04333c98c3fc0cb51babac2fa9bb1c05d42de3d6df726d96b6fc
LR04,Lisiecki-Raymo-2005,704.000000,,benthic_d18O,3.84,permil,observed;age_uncertainty_unavailable:LR04_file_has_proxy_error_not_age_error,973a52d988da04333c98c3fc0cb51babac2fa9bb1c05d42de3d6df726d96b6fc
LR04,Lisiecki-Raymo-2005,706.000000,,benthic_d18O,3.93,permil,observed;age_uncertainty_unavailable:LR04_file_has_proxy_error_not_age_error,973a52d988da04333c98c3fc0cb51babac2fa9bb1c05d42de3d6df726d96b6fc
LR04,Lisiecki-Raymo-2005,708.000000,,benthic_d18O,4.03,permil,observed;age_uncertainty_unavailable:LR04_file_has_proxy_error_not_age_error,973a52d988da04333c98c3fc0cb51babac2fa9bb1c05d42de3d6df726d96b6fc
LR04,Lisiecki-Raymo-2005,710.000000,,benthic_d18O,3.98,permil,observed;age_uncertainty_unavailable:LR04_file_has_proxy_error_not_age_error,973a52d988da04333c98c3fc0cb51babac2fa9bb1c05d42de3d6df726d96b6fc
LR04,Lisiecki-Raymo-2005,712.000000,,benthic_d18O,4.06,permil,observed;age_uncertainty_unavailable:LR04_file_has_proxy_error_not_age_error,973a52d988da04333c98c3fc0cb51babac2fa9bb1c05d42de3d6df726d96b6fc
LR04,Lisiecki-Raymo-2005,714.000000,,benthic_d18O,4.29,permil,observed;age_uncertainty_unavailable:LR04_file_has_proxy_error_not_age_error,973a52d988da04333c98c3fc0cb51babac2fa9bb1c05d42de3d6df726d96b6fc
LR04,Lisiecki-Raymo-2005,716.000000,,benthic_d18O,4.61,permil,observed;age_uncertainty_unavailable:LR04_file_has_proxy_error_not_age_error,973a52d988da04333c98c3fc0cb51babac2fa9bb1c05d42de3d6df726d96b6fc
LR04,Lisiecki-Raymo-2005,718.000000,,benthic_d18O,4.75,permil,observed;age_uncertainty_unavailable:LR04_file_has_proxy_error_not_age_error,973a52d988da04333c98c3fc0cb51babac2fa9bb1c05d42de3d6df726d96b6fc
LR04,Lisiecki-Raymo-2005,720.000000,,benthic_d18O,4.66,permil,observed;age_uncertainty_unavailable:LR04_file_has_proxy_error_not_age_error,973a52d988da04333c98c3fc0cb51babac2fa9bb1c05d42de3d6df726d96b6fc
LR04,Lisiecki-Raymo-2005,722.000000,,benthic_d18O,4.65,permil,observed;age_uncertainty_unavailable:LR04_file_has_proxy_error_not_age_error,973a52d988da04333c98c3fc0cb51babac2fa9bb1c05d42de3d6df726d96b6fc
LR04,Lisiecki-Raymo-2005,724.000000,,benthic_d18O,4.44,permil,observed;age_uncertainty_unavailable:LR04_file_has_proxy_error_not_age_error,973a52d988da04333c98c3fc0cb51babac2fa9bb1c05d42de3d6df726d96b6fc
LR04,Lisiecki-Raymo-2005,726.000000,,benthic_d18O,4.32,permil,observed;age_uncertainty_unavailable:LR04_file_has_proxy_error_not_age_error,973a52d988da04333c98c3fc0cb51babac2fa9bb1c05d42de3d6df726d96b6fc
LR04,Lisiecki-Raymo-2005,728.000000,,benthic_d18O,4.16,permil,observed;age_uncertainty_unavailable:LR04_file_has_proxy_error_not_age_error,973a52d988da04333c98c3fc0cb51babac2fa9bb1c05d42de3d6df726d96b6fc
LR04,Lisiecki-Raymo-2005,730.000000,,benthic_d18O,4.16,permil,observed;age_uncertainty_unavailable:LR04_file_has_proxy_error_not_age_error,973a52d988da04333c98c3fc0cb51babac2fa9bb1c05d42de3d6df726d96b6fc
LR04,Lisiecki-Raymo-2005,732.000000,,benthic_d18O,4.02,permil,observed;age_uncertainty_unavailable:LR04_file_has_proxy_error_not_age_error,973a52d988da04333c98c3fc0cb51babac2fa9bb1c05d42de3d6df726d96b6fc
LR04,Lisiecki-Raymo-2005,734.000000,,benthic_d18O,4.15,permil,observed;age_uncertainty_unavailable:LR04_file_has_proxy_error_not_age_error,973a52d988da04333c98c3fc0cb51babac2fa9bb1c05d42de3d6df726d96b6fc
LR04,Lisiecki-Raymo-2005,736.000000,,benthic_d18O,4.19,permil,observed;age_uncertainty_unavailable:LR04_file_has_proxy_error_not_age_error,973a52d988da04333c98c3fc0cb51babac2fa9bb1c05d42de3d6df726d96b6fc
LR04,Lisiecki-Raymo-2005,738.000000,,benthic_d18O,4.21,permil,observed;age_uncertainty_unavailable:LR04_file_has_proxy_error_not_age_error,973a52d988da04333c98c3fc0cb51babac2fa9bb1c05d42de3d6df726d96b6fc
LR04,Lisiecki-Raymo-2005,740.000000,,benthic_d18O,4.11,permil,observed;age_uncertainty_unavailable:LR04_file_has_proxy_error_not_age_error,973a52d988da04333c98c3fc0cb51babac2fa9bb1c05d42de3d6df726d96b6fc
LR04,Lisiecki-Raymo-2005,742.000000,,benthic_d18O,4.17,permil,observed;age_uncertainty_unavailable:LR04_file_has_proxy_error_not_age_error,973a52d988da04333c98c3fc0cb51babac2fa9bb1c05d42de3d6df726d96b6fc
LR04,Lisiecki-Raymo-2005,744.000000,,benthic_d18O,4.48,permil,observed;age_uncertainty_unavailable:LR04_file_has_proxy_error_not_age_error,973a52d988da04333c98c3fc0cb51babac2fa9bb1c05d42de3d6df726d96b6fc
LR04,Lisiecki-Raymo-2005,746.000000,,benthic_d18O,4.67,permil,observed;age_uncertainty_unavailable:LR04_file_has_proxy_error_not_age_error,973a52d988da04333c98c3fc0cb51babac2fa9bb1c05d42de3d6df726d96b6fc
LR04,Lisiecki-Raymo-2005,748.000000,,benthic_d18O,4.59,permil,observed;age_uncertainty_unavailable:LR04_file_has_proxy_error_not_age_error,973a52d988da04333c98c3fc0cb51babac2fa9bb1c05d42de3d6df726d96b6fc
LR04,Lisiecki-Raymo-2005,750.000000,,benthic_d18O,4.6,permil,observed;age_uncertainty_unavailable:LR04_file_has_proxy_error_not_age_error,973a52d988da04333c98c3fc0cb51babac2fa9bb1c05d42de3d6df726d96b6fc
LR04,Lisiecki-Raymo-2005,752.000000,,benthic_d18O,4.48,permil,observed;age_uncertainty_unavailable:LR04_file_has_proxy_error_not_age_error,973a52d988da04333c98c3fc0cb51babac2fa9bb1c05d42de3d6df726d96b6fc
LR04,Lisiecki-Raymo-2005,754.000000,,benthic_d18O,4.55,permil,observed;age_uncertainty_unavailable:LR04_file_has_proxy_error_not_age_error,973a52d988da04333c98c3fc0cb51babac2fa9bb1c05d42de3d6df726d96b6fc
LR04,Lisiecki-Raymo-2005,756.000000,,benthic_d18O,4.59,permil,observed;age_uncertainty_unavailable:LR04_file_has_proxy_error_not_age_error,973a52d988da04333c98c3fc0cb51babac2fa9bb1c05d42de3d6df726d96b6fc
LR04,Lisiecki-Raymo-2005,758.000000,,benthic_d18O,4.26,permil,observed;age_uncertainty_unavailable:LR04_file_has_proxy_error_not_age_error,973a52d988da04333c98c3fc0cb51babac2fa9bb1c05d42de3d6df726d96b6fc
LR04,Lisiecki-Raymo-2005,760.000000,,benthic_d18O,4.33,permil,observed;age_uncertainty_unavailable:LR04_file_has_proxy_error_not_age_error,973a52d988da04333c98c3fc0cb51babac2fa9bb1c05d42de3d6df726d96b6fc
LR04,Lisiecki-Raymo-2005,762.000000,,benthic_d18O,4.11,permil,observed;age_uncertainty_unavailable:LR04_file_has_proxy_error_not_age_error,973a52d988da04333c98c3fc0cb51babac2fa9bb1c05d42de3d6df726d96b6fc
LR04,Lisiecki-Raymo-2005,764.000000,,benthic_d18O,4.28,permil,observed;age_uncertainty_unavailable:LR04_file_has_proxy_error_not_age_error,973a52d988da04333c98c3fc0cb51babac2fa9bb1c05d42de3d6df726d96b6fc
LR04,Lisiecki-Raymo-2005,766.000000,,benthic_d18O,4.11,permil,observed;age_uncertainty_unavailable:LR04_file_has_proxy_error_not_age_error,973a52d988da04333c98c3fc0cb51babac2fa9bb1c05d42de3d6df726d96b6fc
LR04,Lisiecki-Raymo-2005,768.000000,,benthic_d18O,4.07,permil,observed;age_uncertainty_unavailable:LR04_file_has_proxy_error_not_age_error,973a52d988da04333c98c3fc0cb51babac2fa9bb1c05d42de3d6df726d96b6fc
LR04,Lisiecki-Raymo-2005,770.000000,,benthic_d18O,3.99,permil,observed;age_uncertainty_unavailable:LR04_file_has_proxy_error_not_age_error,973a52d988da04333c98c3fc0cb51babac2fa9bb1c05d42de3d6df726d96b6fc
LR04,Lisiecki-Raymo-2005,772.000000,,benthic_d18O,3.87,permil,observed;age_uncertainty_unavailable:LR04_file_has_proxy_error_not_age_error,973a52d988da04333c98c3fc0cb51babac2fa9bb1c05d42de3d6df726d96b6fc
LR04,Lisiecki-Raymo-2005,774.000000,,benthic_d18O,3.76,permil,observed;age_uncertainty_unavailable:LR04_file_has_proxy_error_not_age_error,973a52d988da04333c98c3fc0cb51babac2fa9bb1c05d42de3d6df726d96b6fc
LR04,Lisiecki-Raymo-2005,776.000000,,benthic_d18O,3.64,permil,observed;age_uncertainty_unavailable:LR04_file_has_proxy_error_not_age_error,973a52d988da04333c98c3fc0cb51babac2fa9bb1c05d42de3d6df726d96b6fc
LR04,Lisiecki-Raymo-2005,778.000000,,benthic_d18O,3.56,permil,observed;age_uncertainty_unavailable:LR04_file_has_proxy_error_not_age_error,973a52d988da04333c98c3fc0cb51babac2fa9bb1c05d42de3d6df726d96b6fc
LR04,Lisiecki-Raymo-2005,780.000000,,benthic_d18O,3.48,permil,observed;age_uncertainty_unavailable:LR04_file_has_proxy_error_not_age_error,973a52d988da04333c98c3fc0cb51babac2fa9bb1c05d42de3d6df726d96b6fc
LR04,Lisiecki-Raymo-2005,782.000000,,benthic_d18O,3.54,permil,observed;age_uncertainty_unavailable:LR04_file_has_proxy_error_not_age_error,973a52d988da04333c98c3fc0cb51babac2fa9bb1c05d42de3d6df726d96b6fc
LR04,Lisiecki-Raymo-2005,784.000000,,benthic_d18O,3.55,permil,observed;age_uncertainty_unavailable:LR04_file_has_proxy_error_not_age_error,973a52d988da04333c98c3fc0cb51babac2fa9bb1c05d42de3d6df726d96b6fc
LR04,Lisiecki-Raymo-2005,786.000000,,benthic_d18O,3.68,permil,observed;age_uncertainty_unavailable:LR04_file_has_proxy_error_not_age_error,973a52d988da04333c98c3fc0cb51babac2fa9bb1c05d42de3d6df726d96b6fc
LR04,Lisiecki-Raymo-2005,788.000000,,benthic_d18O,3.7,permil,observed;age_uncertainty_unavailable:LR04_file_has_proxy_error_not_age_error,973a52d988da04333c98c3fc0cb51babac2fa9bb1c05d42de3d6df726d96b6fc
LR04,Lisiecki-Raymo-2005,790.000000,,benthic_d18O,4.16,permil,observed;age_uncertainty_unavailable:LR04_file_has_proxy_error_not_age_error,973a52d988da04333c98c3fc0cb51babac2fa9bb1c05d42de3d6df726d96b6fc
LR04,Lisiecki-Raymo-2005,792.000000,,benthic_d18O,4.27,permil,observed;age_uncertainty_unavailable:LR04_file_has_proxy_error_not_age_error,973a52d988da04333c98c3fc0cb51babac2fa9bb1c05d42de3d6df726d96b6fc
LR04,Lisiecki-Raymo-2005,794.000000,,benthic_d18O,4.74,permil,observed;age_uncertainty_unavailable:LR04_file_has_proxy_error_not_age_error,973a52d988da04333c98c3fc0cb51babac2fa9bb1c05d42de3d6df726d96b6fc
LR04,Lisiecki-Raymo-2005,796.000000,,benthic_d18O,4.67,permil,observed;age_uncertainty_unavailable:LR04_file_has_proxy_error_not_age_error,973a52d988da04333c98c3fc0cb51babac2fa9bb1c05d42de3d6df726d96b6fc
LR04,Lisiecki-Raymo-2005,798.000000,,benthic_d18O,4.68,permil,observed;age_uncertainty_unavailable:LR04_file_has_proxy_error_not_age_error,973a52d988da04333c98c3fc0cb51babac2fa9bb1c05d42de3d6df726d96b6fc
LR04,Lisiecki-Raymo-2005,800.000000,,benthic_d18O,4.68,permil,observed;age_uncertainty_unavailable:LR04_file_has_proxy_error_not_age_error,973a52d988da04333c98c3fc0cb51babac2fa9bb1c05d42de3d6df726d96b6fc
LR04,Lisiecki-Raymo-2005,7.000000,,benthic_d18O,6.92,permil,observed;age_uncertainty_unavailable:LR04_file_has_proxy_error_not_age_error,973a52d988da04333c98c3fc0cb51babac2fa9bb1c05d42de3d6df726d96b6fc
LR04,Lisiecki-Raymo-2005,9.000000,,benthic_d18O,7.07,permil,observed;age_uncertainty_unavailable:LR04_file_has_proxy_error_not_age_error,973a52d988da04333c98c3fc0cb51babac2fa9bb1c05d42de3d6df726d96b6fc
LR04,Lisiecki-Raymo-2005,11.000000,,benthic_d18O,7.03,permil,observed;age_uncertainty_unavailable:LR04_file_has_proxy_error_not_age_error,973a52d988da04333c98c3fc0cb51babac2fa9bb1c05d42de3d6df726d96b6fc
LR04,Lisiecki-Raymo-2005,13.000000,,benthic_d18O,7.27,permil,observed;age_uncertainty_unavailable:LR04_file_has_proxy_error_not_age_error,973a52d988da04333c98c3fc0cb51babac2fa9bb1c05d42de3d6df726d96b6fc
LR04,Lisiecki-Raymo-2005,15.000000,,benthic_d18O,7.7,permil,observed;age_uncertainty_unavailable:LR04_file_has_proxy_error_not_age_error,973a52d988da04333c98c3fc0cb51babac2fa9bb1c05d42de3d6df726d96b6fc
LR04,Lisiecki-Raymo-2005,17.000000,,benthic_d18O,8.09,permil,observed;age_uncertainty_unavailable:LR04_file_has_proxy_error_not_age_error,973a52d988da04333c98c3fc0cb51babac2fa9bb1c05d42de3d6df726d96b6fc
LR04,Lisiecki-Raymo-2005,19.000000,,benthic_d18O,8.09,permil,observed;age_uncertainty_unavailable:LR04_file_has_proxy_error_not_age_error,973a52d988da04333c98c3fc0cb51babac2fa9bb1c05d42de3d6df726d96b6fc
LR04,Lisiecki-Raymo-2005,21.000000,,benthic_d18O,7.92,permil,observed;age_uncertainty_unavailable:LR04_file_has_proxy_error_not_age_error,973a52d988da04333c98c3fc0cb51babac2fa9bb1c05d42de3d6df726d96b6fc
LR04,Lisiecki-Raymo-2005,23.000000,,benthic_d18O,7.78,permil,observed;age_uncertainty_unavailable:LR04_file_has_proxy_error_not_age_error,973a52d988da04333c98c3fc0cb51babac2fa9bb1c05d42de3d6df726d96b6fc
LR04,Lisiecki-Raymo-2005,25.000000,,benthic_d18O,7.71,permil,observed;age_uncertainty_unavailable:LR04_file_has_proxy_error_not_age_error,973a52d988da04333c98c3fc0cb51babac2fa9bb1c05d42de3d6df726d96b6fc
LR04,Lisiecki-Raymo-2005,27.000000,,benthic_d18O,7.88,permil,observed;age_uncertainty_unavailable:LR04_file_has_proxy_error_not_age_error,973a52d988da04333c98c3fc0cb51babac2fa9bb1c05d42de3d6df726d96b6fc
LR04,Lisiecki-Raymo-2005,29.000000,,benthic_d18O,8.03,permil,observed;age_uncertainty_unavailable:LR04_file_has_proxy_error_not_age_error,973a52d988da04333c98c3fc0cb51babac2fa9bb1c05d42de3d6df726d96b6fc
LR04,Lisiecki-Raymo-2005,31.000000,,benthic_d18O,8.06,permil,observed;age_uncertainty_unavailable:LR04_file_has_proxy_error_not_age_error,973a52d988da04333c98c3fc0cb51babac2fa9bb1c05d42de3d6df726d96b6fc
LR04,Lisiecki-Raymo-2005,33.000000,,benthic_d18O,8.15,permil,observed;age_uncertainty_unavailable:LR04_file_has_proxy_error_not_age_error,973a52d988da04333c98c3fc0cb51babac2fa9bb1c05d42de3d6df726d96b6fc
LR04,Lisiecki-Raymo-2005,35.000000,,benthic_d18O,8.06,permil,observed;age_uncertainty_unavailable:LR04_file_has_proxy_error_not_age_error,973a52d988da04333c98c3fc0cb51babac2fa9bb1c05d42de3d6df726d96b6fc
LR04,Lisiecki-Raymo-2005,37.000000,,benthic_d18O,7.71,permil,observed;age_uncertainty_unavailable:LR04_file_has_proxy_error_not_age_error,973a52d988da04333c98c3fc0cb51babac2fa9bb1c05d42de3d6df726d96b6fc
LR04,Lisiecki-Raymo-2005,39.000000,,benthic_d18O,7.07,permil,observed;age_uncertainty_unavailable:LR04_file_has_proxy_error_not_age_error,973a52d988da04333c98c3fc0cb51babac2fa9bb1c05d42de3d6df726d96b6fc
LR04,Lisiecki-Raymo-2005,41.000000,,benthic_d18O,6.34,permil,observed;age_uncertainty_unavailable:LR04_file_has_proxy_error_not_age_error,973a52d988da04333c98c3fc0cb51babac2fa9bb1c05d42de3d6df726d96b6fc
LR04,Lisiecki-Raymo-2005,43.000000,,benthic_d18O,5.85,permil,observed;age_uncertainty_unavailable:LR04_file_has_proxy_error_not_age_error,973a52d988da04333c98c3fc0cb51babac2fa9bb1c05d42de3d6df726d96b6fc
LR04,Lisiecki-Raymo-2005,45.000000,,benthic_d18O,5.45,permil,observed;age_uncertainty_unavailable:LR04_file_has_proxy_error_not_age_error,973a52d988da04333c98c3fc0cb51babac2fa9bb1c05d42de3d6df726d96b6fc
LR04,Lisiecki-Raymo-2005,47.000000,,benthic_d18O,5.23,permil,observed;age_uncertainty_unavailable:LR04_file_has_proxy_error_not_age_error,973a52d988da04333c98c3fc0cb51babac2fa9bb1c05d42de3d6df726d96b6fc
LR04,Lisiecki-Raymo-2005,49.000000,,benthic_d18O,5.19,permil,observed;age_uncertainty_unavailable:LR04_file_has_proxy_error_not_age_error,973a52d988da04333c98c3fc0cb51babac2fa9bb1c05d42de3d6df726d96b6fc
LR04,Lisiecki-Raymo-2005,51.000000,,benthic_d18O,5.16,permil,observed;age_uncertainty_unavailable:LR04_file_has_proxy_error_not_age_error,973a52d988da04333c98c3fc0cb51babac2fa9bb1c05d42de3d6df726d96b6fc
LR04,Lisiecki-Raymo-2005,53.000000,,benthic_d18O,5.08,permil,observed;age_uncertainty_unavailable:LR04_file_has_proxy_error_not_age_error,973a52d988da04333c98c3fc0cb51babac2fa9bb1c05d42de3d6df726d96b6fc
LR04,Lisiecki-Raymo-2005,55.000000,,benthic_d18O,4.97,permil,observed;age_uncertainty_unavailable:LR04_file_has_proxy_error_not_age_error,973a52d988da04333c98c3fc0cb51babac2fa9bb1c05d42de3d6df726d96b6fc
LR04,Lisiecki-Raymo-2005,57.000000,,benthic_d18O,4.84,permil,observed;age_uncertainty_unavailable:LR04_file_has_proxy_error_not_age_error,973a52d988da04333c98c3fc0cb51babac2fa9bb1c05d42de3d6df726d96b6fc
LR04,Lisiecki-Raymo-2005,59.000000,,benthic_d18O,4.67,permil,observed;age_uncertainty_unavailable:LR04_file_has_proxy_error_not_age_error,973a52d988da04333c98c3fc0cb51babac2fa9bb1c05d42de3d6df726d96b6fc
LR04,Lisiecki-Raymo-2005,61.000000,,benthic_d18O,4.49,permil,observed;age_uncertainty_unavailable:LR04_file_has_proxy_error_not_age_error,973a52d988da04333c98c3fc0cb51babac2fa9bb1c05d42de3d6df726d96b6fc
LR04,Lisiecki-Raymo-2005,63.000000,,benthic_d18O,4.34,permil,observed;age_uncertainty_unavailable:LR04_file_has_proxy_error_not_age_error,973a52d988da04333c98c3fc0cb51babac2fa9bb1c05d42de3d6df726d96b6fc
LR04,Lisiecki-Raymo-2005,65.000000,,benthic_d18O,4.24,permil,observed;age_uncertainty_unavailable:LR04_file_has_proxy_error_not_age_error,973a52d988da04333c98c3fc0cb51babac2fa9bb1c05d42de3d6df726d96b6fc
LR04,Lisiecki-Raymo-2005,67.000000,,benthic_d18O,4.2,permil,observed;age_uncertainty_unavailable:LR04_file_has_proxy_error_not_age_error,973a52d988da04333c98c3fc0cb51babac2fa9bb1c05d42de3d6df726d96b6fc
LR04,Lisiecki-Raymo-2005,69.000000,,benthic_d18O,4.2,permil,observed;age_uncertainty_unavailable:LR04_file_has_proxy_error_not_age_error,973a52d988da04333c98c3fc0cb51babac2fa9bb1c05d42de3d6df726d96b6fc
LR04,Lisiecki-Raymo-2005,71.000000,,benthic_d18O,4.23,permil,observed;age_uncertainty_unavailable:LR04_file_has_proxy_error_not_age_error,973a52d988da04333c98c3fc0cb51babac2fa9bb1c05d42de3d6df726d96b6fc
LR04,Lisiecki-Raymo-2005,73.000000,,benthic_d18O,4.28,permil,observed;age_uncertainty_unavailable:LR04_file_has_proxy_error_not_age_error,973a52d988da04333c98c3fc0cb51babac2fa9bb1c05d42de3d6df726d96b6fc
LR04,Lisiecki-Raymo-2005,75.000000,,benthic_d18O,4.34,permil,observed;age_uncertainty_unavailable:LR04_file_has_proxy_error_not_age_error,973a52d988da04333c98c3fc0cb51babac2fa9bb1c05d42de3d6df726d96b6fc
LR04,Lisiecki-Raymo-2005,77.000000,,benthic_d18O,4.4,permil,observed;age_uncertainty_unavailable:LR04_file_has_proxy_error_not_age_error,973a52d988da04333c98c3fc0cb51babac2fa9bb1c05d42de3d6df726d96b6fc
LR04,Lisiecki-Raymo-2005,79.000000,,benthic_d18O,4.44,permil,observed;age_uncertainty_unavailable:LR04_file_has_proxy_error_not_age_error,973a52d988da04333c98c3fc0cb51babac2fa9bb1c05d42de3d6df726d96b6fc
LR04,Lisiecki-Raymo-2005,81.000000,,benthic_d18O,4.47,permil,observed;age_uncertainty_unavailable:LR04_file_has_proxy_error_not_age_error,973a52d988da04333c98c3fc0cb51babac2fa9bb1c05d42de3d6df726d96b6fc
LR04,Lisiecki-Raymo-2005,83.000000,,benthic_d18O,4.53,permil,observed;age_uncertainty_unavailable:LR04_file_has_proxy_error_not_age_error,973a52d988da04333c98c3fc0cb51babac2fa9bb1c05d42de3d6df726d96b6fc
LR04,Lisiecki-Raymo-2005,85.000000,,benthic_d18O,4.66,permil,observed;age_uncertainty_unavailable:LR04_file_has_proxy_error_not_age_error,973a52d988da04333c98c3fc0cb51babac2fa9bb1c05d42de3d6df726d96b6fc
LR04,Lisiecki-Raymo-2005,87.000000,,benthic_d18O,4.84,permil,observed;age_uncertainty_unavailable:LR04_file_has_proxy_error_not_age_error,973a52d988da04333c98c3fc0cb51babac2fa9bb1c05d42de3d6df726d96b6fc
LR04,Lisiecki-Raymo-2005,89.000000,,benthic_d18O,5.03,permil,observed;age_uncertainty_unavailable:LR04_file_has_proxy_error_not_age_error,973a52d988da04333c98c3fc0cb51babac2fa9bb1c05d42de3d6df726d96b6fc
LR04,Lisiecki-Raymo-2005,91.000000,,benthic_d18O,5.17,permil,observed;age_uncertainty_unavailable:LR04_file_has_proxy_error_not_age_error,973a52d988da04333c98c3fc0cb51babac2fa9bb1c05d42de3d6df726d96b6fc
LR04,Lisiecki-Raymo-2005,93.000000,,benthic_d18O,5.13,permil,observed;age_uncertainty_unavailable:LR04_file_has_proxy_error_not_age_error,973a52d988da04333c98c3fc0cb51babac2fa9bb1c05d42de3d6df726d96b6fc
LR04,Lisiecki-Raymo-2005,95.000000,,benthic_d18O,4.97,permil,observed;age_uncertainty_unavailable:LR04_file_has_proxy_error_not_age_error,973a52d988da04333c98c3fc0cb51babac2fa9bb1c05d42de3d6df726d96b6fc
LR04,Lisiecki-Raymo-2005,97.000000,,benthic_d18O,4.72,permil,observed;age_uncertainty_unavailable:LR04_file_has_proxy_error_not_age_error,973a52d988da04333c98c3fc0cb51babac2fa9bb1c05d42de3d6df726d96b6fc
LR04,Lisiecki-Raymo-2005,99.000000,,benthic_d18O,4.41,permil,observed;age_uncertainty_unavailable:LR04_file_has_proxy_error_not_age_error,973a52d988da04333c98c3fc0cb51babac2fa9bb1c05d42de3d6df726d96b6fc
LR04,Lisiecki-Raymo-2005,101.000000,,benthic_d18O,4.08,permil,observed;age_uncertainty_unavailable:LR04_file_has_proxy_error_not_age_error,973a52d988da04333c98c3fc0cb51babac2fa9bb1c05d42de3d6df726d96b6fc
LR04,Lisiecki-Raymo-2005,103.000000,,benthic_d18O,3.8,permil,observed;age_uncertainty_unavailable:LR04_file_has_proxy_error_not_age_error,973a52d988da04333c98c3fc0cb51babac2fa9bb1c05d42de3d6df726d96b6fc
LR04,Lisiecki-Raymo-2005,105.000000,,benthic_d18O,3.7,permil,observed;age_uncertainty_unavailable:LR04_file_has_proxy_error_not_age_error,973a52d988da04333c98c3fc0cb51babac2fa9bb1c05d42de3d6df726d96b6fc
LR04,Lisiecki-Raymo-2005,107.000000,,benthic_d18O,3.72,permil,observed;age_uncertainty_unavailable:LR04_file_has_proxy_error_not_age_error,973a52d988da04333c98c3fc0cb51babac2fa9bb1c05d42de3d6df726d96b6fc
LR04,Lisiecki-Raymo-2005,109.000000,,benthic_d18O,3.81,permil,observed;age_uncertainty_unavailable:LR04_file_has_proxy_error_not_age_error,973a52d988da04333c98c3fc0cb51babac2fa9bb1c05d42de3d6df726d96b6fc
LR04,Lisiecki-Raymo-2005,111.000000,,benthic_d18O,3.94,permil,observed;age_uncertainty_unavailable:LR04_file_has_proxy_error_not_age_error,973a52d988da04333c98c3fc0cb51babac2fa9bb1c05d42de3d6df726d96b6fc
LR04,Lisiecki-Raymo-2005,113.000000,,benthic_d18O,4.09,permil,observed;age_uncertainty_unavailable:LR04_file_has_proxy_error_not_age_error,973a52d988da04333c98c3fc0cb51babac2fa9bb1c05d42de3d6df726d96b6fc
LR04,Lisiecki-Raymo-2005,115.000000,,benthic_d18O,4.2,permil,observed;age_uncertainty_unavailable:LR04_file_has_proxy_error_not_age_error,973a52d988da04333c98c3fc0cb51babac2fa9bb1c05d42de3d6df726d96b6fc
LR04,Lisiecki-Raymo-2005,117.000000,,benthic_d18O,4.26,permil,observed;age_uncertainty_unavailable:LR04_file_has_proxy_error_not_age_error,973a52d988da04333c98c3fc0cb51babac2fa9bb1c05d42de3d6df726d96b6fc
LR04,Lisiecki-Raymo-2005,119.000000,,benthic_d18O,4.28,permil,observed;age_uncertainty_unavailable:LR04_file_has_proxy_error_not_age_error,973a52d988da04333c98c3fc0cb51babac2fa9bb1c05d42de3d6df726d96b6fc
LR04,Lisiecki-Raymo-2005,121.000000,,benthic_d18O,4.37,permil,observed;age_uncertainty_unavailable:LR04_file_has_proxy_error_not_age_error,973a52d988da04333c98c3fc0cb51babac2fa9bb1c05d42de3d6df726d96b6fc
LR04,Lisiecki-Raymo-2005,123.000000,,benthic_d18O,4.49,permil,observed;age_uncertainty_unavailable:LR04_file_has_proxy_error_not_age_error,973a52d988da04333c98c3fc0cb51babac2fa9bb1c05d42de3d6df726d96b6fc
LR04,Lisiecki-Raymo-2005,125.000000,,benthic_d18O,4.58,permil,observed;age_uncertainty_unavailable:LR04_file_has_proxy_error_not_age_error,973a52d988da04333c98c3fc0cb51babac2fa9bb1c05d42de3d6df726d96b6fc
LR04,Lisiecki-Raymo-2005,127.000000,,benthic_d18O,4.7,permil,observed;age_uncertainty_unavailable:LR04_file_has_proxy_error_not_age_error,973a52d988da04333c98c3fc0cb51babac2fa9bb1c05d42de3d6df726d96b6fc
LR04,Lisiecki-Raymo-2005,129.000000,,benthic_d18O,4.86,permil,observed;age_uncertainty_unavailable:LR04_file_has_proxy_error_not_age_error,973a52d988da04333c98c3fc0cb51babac2fa9bb1c05d42de3d6df726d96b6fc
LR04,Lisiecki-Raymo-2005,131.000000,,benthic_d18O,4.99,permil,observed;age_uncertainty_unavailable:LR04_file_has_proxy_error_not_age_error,973a52d988da04333c98c3fc0cb51babac2fa9bb1c05d42de3d6df726d96b6fc
LR04,Lisiecki-Raymo-2005,133.000000,,benthic_d18O,4.99,permil,observed;age_uncertainty_unavailable:LR04_file_has_proxy_error_not_age_error,973a52d988da04333c98c3fc0cb51babac2fa9bb1c05d42de3d6df726d96b6fc
LR04,Lisiecki-Raymo-2005,135.000000,,benthic_d18O,4.92,permil,observed;age_uncertainty_unavailable:LR04_file_has_proxy_error_not_age_error,973a52d988da04333c98c3fc0cb51babac2fa9bb1c05d42de3d6df726d96b6fc
LR04,Lisiecki-Raymo-2005,137.000000,,benthic_d18O,4.87,permil,observed;age_uncertainty_unavailable:LR04_file_has_proxy_error_not_age_error,973a52d988da04333c98c3fc0cb51babac2fa9bb1c05d42de3d6df726d96b6fc
LR04,Lisiecki-Raymo-2005,139.000000,,benthic_d18O,4.81,permil,observed;age_uncertainty_unavailable:LR04_file_has_proxy_error_not_age_error,973a52d988da04333c98c3fc0cb51babac2fa9bb1c05d42de3d6df726d96b6fc
LR04,Lisiecki-Raymo-2005,141.000000,,benthic_d18O,4.78,permil,observed;age_uncertainty_unavailable:LR04_file_has_proxy_error_not_age_error,973a52d988da04333c98c3fc0cb51babac2fa9bb1c05d42de3d6df726d96b6fc
LR04,Lisiecki-Raymo-2005,143.000000,,benthic_d18O,4.81,permil,observed;age_uncertainty_unavailable:LR04_file_has_proxy_error_not_age_error,973a52d988da04333c98c3fc0cb51babac2fa9bb1c05d42de3d6df726d96b6fc
LR04,Lisiecki-Raymo-2005,145.000000,,benthic_d18O,4.88,permil,observed;age_uncertainty_unavailable:LR04_file_has_proxy_error_not_age_error,973a52d988da04333c98c3fc0cb51babac2fa9bb1c05d42de3d6df726d96b6fc
LR04,Lisiecki-Raymo-2005,147.000000,,benthic_d18O,4.98,permil,observed;age_uncertainty_unavailable:LR04_file_has_proxy_error_not_age_error,973a52d988da04333c98c3fc0cb51babac2fa9bb1c05d42de3d6df726d96b6fc
LR04,Lisiecki-Raymo-2005,149.000000,,benthic_d18O,5.1,permil,observed;age_uncertainty_unavailable:LR04_file_has_proxy_error_not_age_error,973a52d988da04333c98c3fc0cb51babac2fa9bb1c05d42de3d6df726d96b6fc
LR04,Lisiecki-Raymo-2005,151.000000,,benthic_d18O,5.14,permil,observed;age_uncertainty_unavailable:LR04_file_has_proxy_error_not_age_error,973a52d988da04333c98c3fc0cb51babac2fa9bb1c05d42de3d6df726d96b6fc
LR04,Lisiecki-Raymo-2005,153.000000,,benthic_d18O,5.11,permil,observed;age_uncertainty_unavailable:LR04_file_has_proxy_error_not_age_error,973a52d988da04333c98c3fc0cb51babac2fa9bb1c05d42de3d6df726d96b6fc
LR04,Lisiecki-Raymo-2005,155.000000,,benthic_d18O,5.05,permil,observed;age_uncertainty_unavailable:LR04_file_has_proxy_error_not_age_error,973a52d988da04333c98c3fc0cb51babac2fa9bb1c05d42de3d6df726d96b6fc
LR04,Lisiecki-Raymo-2005,157.000000,,benthic_d18O,4.96,permil,observed;age_uncertainty_unavailable:LR04_file_has_proxy_error_not_age_error,973a52d988da04333c98c3fc0cb51babac2fa9bb1c05d42de3d6df726d96b6fc
LR04,Lisiecki-Raymo-2005,159.000000,,benthic_d18O,4.85,permil,observed;age_uncertainty_unavailable:LR04_file_has_proxy_error_not_age_error,973a52d988da04333c98c3fc0cb51babac2fa9bb1c05d42de3d6df726d96b6fc
LR04,Lisiecki-Raymo-2005,161.000000,,benthic_d18O,4.72,permil,observed;age_uncertainty_unavailable:LR04_file_has_proxy_error_not_age_error,973a52d988da04333c98c3fc0cb51babac2fa9bb1c05d42de3d6df726d96b6fc
LR04,Lisiecki-Raymo-2005,163.000000,,benthic_d18O,4.66,permil,observed;age_uncertainty_unavailable:LR04_file_has_proxy_error_not_age_error,973a52d988da04333c98c3fc0cb51babac2fa9bb1c05d42de3d6df726d96b6fc
LR04,Lisiecki-Raymo-2005,165.000000,,benthic_d18O,4.66,permil,observed;age_uncertainty_unavailable:LR04_file_has_proxy_error_not_age_error,973a52d988da04333c98c3fc0cb51babac2fa9bb1c05d42de3d6df726d96b6fc
LR04,Lisiecki-Raymo-2005,167.000000,,benthic_d18O,4.71,permil,observed;age_uncertainty_unavailable:LR04_file_has_proxy_error_not_age_error,973a52d988da04333c98c3fc0cb51babac2fa9bb1c05d42de3d6df726d96b6fc
LR04,Lisiecki-Raymo-2005,169.000000,,benthic_d18O,4.76,permil,observed;age_uncertainty_unavailable:LR04_file_has_proxy_error_not_age_error,973a52d988da04333c98c3fc0cb51babac2fa9bb1c05d42de3d6df726d96b6fc
LR04,Lisiecki-Raymo-2005,171.000000,,benthic_d18O,4.74,permil,observed;age_uncertainty_unavailable:LR04_file_has_proxy_error_not_age_error,973a52d988da04333c98c3fc0cb51babac2fa9bb1c05d42de3d6df726d96b6fc
LR04,Lisiecki-Raymo-2005,173.000000,,benthic_d18O,4.68,permil,observed;age_uncertainty_unavailable:LR04_file_has_proxy_error_not_age_error,973a52d988da04333c98c3fc0cb51babac2fa9bb1c05d42de3d6df726d96b6fc
LR04,Lisiecki-Raymo-2005,175.000000,,benthic_d18O,4.64,permil,observed;age_uncertainty_unavailable:LR04_file_has_proxy_error_not_age_error,973a52d988da04333c98c3fc0cb51babac2fa9bb1c05d42de3d6df726d96b6fc
LR04,Lisiecki-Raymo-2005,177.000000,,benthic_d18O,4.6,permil,observed;age_uncertainty_unavailable:LR04_file_has_proxy_error_not_age_error,973a52d988da04333c98c3fc0cb51babac2fa9bb1c05d42de3d6df726d96b6fc
LR04,Lisiecki-Raymo-2005,179.000000,,benthic_d18O,4.55,permil,observed;age_uncertainty_unavailable:LR04_file_has_proxy_error_not_age_error,973a52d988da04333c98c3fc0cb51babac2fa9bb1c05d42de3d6df726d96b6fc
LR04,Lisiecki-Raymo-2005,181.000000,,benthic_d18O,4.52,permil,observed;age_uncertainty_unavailable:LR04_file_has_proxy_error_not_age_error,973a52d988da04333c98c3fc0cb51babac2fa9bb1c05d42de3d6df726d96b6fc
LR04,Lisiecki-Raymo-2005,183.000000,,benthic_d18O,4.56,permil,observed;age_uncertainty_unavailable:LR04_file_has_proxy_error_not_age_error,973a52d988da04333c98c3fc0cb51babac2fa9bb1c05d42de3d6df726d96b6fc
LR04,Lisiecki-Raymo-2005,185.000000,,benthic_d18O,4.65,permil,observed;age_uncertainty_unavailable:LR04_file_has_proxy_error_not_age_error,973a52d988da04333c98c3fc0cb51babac2fa9bb1c05d42de3d6df726d96b6fc
LR04,Lisiecki-Raymo-2005,187.000000,,benthic_d18O,4.7,permil,observed;age_uncertainty_unavailable:LR04_file_has_proxy_error_not_age_error,973a52d988da04333c98c3fc0cb51babac2fa9bb1c05d42de3d6df726d96b6fc
LR04,Lisiecki-Raymo-2005,189.000000,,benthic_d18O,4.74,permil,observed;age_uncertainty_unavailable:LR04_file_has_proxy_error_not_age_error,973a52d988da04333c98c3fc0cb51babac2fa9bb1c05d42de3d6df726d96b6fc
LR04,Lisiecki-Raymo-2005,191.000000,,benthic_d18O,4.73,permil,observed;age_uncertainty_unavailable:LR04_file_has_proxy_error_not_age_error,973a52d988da04333c98c3fc0cb51babac2fa9bb1c05d42de3d6df726d96b6fc
LR04,Lisiecki-Raymo-2005,193.000000,,benthic_d18O,4.68,permil,observed;age_uncertainty_unavailable:LR04_file_has_proxy_error_not_age_error,973a52d988da04333c98c3fc0cb51babac2fa9bb1c05d42de3d6df726d96b6fc
LR04,Lisiecki-Raymo-2005,195.000000,,benthic_d18O,4.59,permil,observed;age_uncertainty_unavailable:LR04_file_has_proxy_error_not_age_error,973a52d988da04333c98c3fc0cb51babac2fa9bb1c05d42de3d6df726d96b6fc
LR04,Lisiecki-Raymo-2005,197.000000,,benthic_d18O,4.46,permil,observed;age_uncertainty_unavailable:LR04_file_has_proxy_error_not_age_error,973a52d988da04333c98c3fc0cb51babac2fa9bb1c05d42de3d6df726d96b6fc
LR04,Lisiecki-Raymo-2005,199.000000,,benthic_d18O,4.34,permil,observed;age_uncertainty_unavailable:LR04_file_has_proxy_error_not_age_error,973a52d988da04333c98c3fc0cb51babac2fa9bb1c05d42de3d6df726d96b6fc
LR04,Lisiecki-Raymo-2005,201.000000,,benthic_d18O,4.23,permil,observed;age_uncertainty_unavailable:LR04_file_has_proxy_error_not_age_error,973a52d988da04333c98c3fc0cb51babac2fa9bb1c05d42de3d6df726d96b6fc
LR04,Lisiecki-Raymo-2005,203.000000,,benthic_d18O,4.14,permil,observed;age_uncertainty_unavailable:LR04_file_has_proxy_error_not_age_error,973a52d988da04333c98c3fc0cb51babac2fa9bb1c05d42de3d6df726d96b6fc
LR04,Lisiecki-Raymo-2005,205.000000,,benthic_d18O,4.09,permil,observed;age_uncertainty_unavailable:LR04_file_has_proxy_error_not_age_error,973a52d988da04333c98c3fc0cb51babac2fa9bb1c05d42de3d6df726d96b6fc
LR04,Lisiecki-Raymo-2005,207.000000,,benthic_d18O,4.06,permil,observed;age_uncertainty_unavailable:LR04_file_has_proxy_error_not_age_error,973a52d988da04333c98c3fc0cb51babac2fa9bb1c05d42de3d6df726d96b6fc
LR04,Lisiecki-Raymo-2005,209.000000,,benthic_d18O,4.07,permil,observed;age_uncertainty_unavailable:LR04_file_has_proxy_error_not_age_error,973a52d988da04333c98c3fc0cb51babac2fa9bb1c05d42de3d6df726d96b6fc
LR04,Lisiecki-Raymo-2005,211.000000,,benthic_d18O,4.12,permil,observed;age_uncertainty_unavailable:LR04_file_has_proxy_error_not_age_error,973a52d988da04333c98c3fc0cb51babac2fa9bb1c05d42de3d6df726d96b6fc
LR04,Lisiecki-Raymo-2005,213.000000,,benthic_d18O,4.19,permil,observed;age_uncertainty_unavailable:LR04_file_has_proxy_error_not_age_error,973a52d988da04333c98c3fc0cb51babac2fa9bb1c05d42de3d6df726d96b6fc
LR04,Lisiecki-Raymo-2005,215.000000,,benthic_d18O,4.26,permil,observed;age_uncertainty_unavailable:LR04_file_has_proxy_error_not_age_error,973a52d988da04333c98c3fc0cb51babac2fa9bb1c05d42de3d6df726d96b6fc
LR04,Lisiecki-Raymo-2005,217.000000,,benthic_d18O,4.31,permil,observed;age_uncertainty_unavailable:LR04_file_has_proxy_error_not_age_error,973a52d988da04333c98c3fc0cb51babac2fa9bb1c05d42de3d6df726d96b6fc
LR04,Lisiecki-Raymo-2005,219.000000,,benthic_d18O,4.34,permil,observed;age_uncertainty_unavailable:LR04_file_has_proxy_error_not_age_error,973a52d988da04333c98c3fc0cb51babac2fa9bb1c05d42de3d6df726d96b6fc
LR04,Lisiecki-Raymo-2005,221.000000,,benthic_d18O,4.38,permil,observed;age_uncertainty_unavailable:LR04_file_has_proxy_error_not_age_error,973a52d988da04333c98c3fc0cb51babac2fa9bb1c05d42de3d6df726d96b6fc
LR04,Lisiecki-Raymo-2005,223.000000,,benthic_d18O,4.39,permil,observed;age_uncertainty_unavailable:LR04_file_has_proxy_error_not_age_error,973a52d988da04333c98c3fc0cb51babac2fa9bb1c05d42de3d6df726d96b6fc
LR04,Lisiecki-Raymo-2005,225.000000,,benthic_d18O,4.38,permil,observed;age_uncertainty_unavailable:LR04_file_has_proxy_error_not_age_error,973a52d988da04333c98c3fc0cb51babac2fa9bb1c05d42de3d6df726d96b6fc
LR04,Lisiecki-Raymo-2005,227.000000,,benthic_d18O,4.36,permil,observed;age_uncertainty_unavailable:LR04_file_has_proxy_error_not_age_error,973a52d988da04333c98c3fc0cb51babac2fa9bb1c05d42de3d6df726d96b6fc
LR04,Lisiecki-Raymo-2005,229.000000,,benthic_d18O,4.36,permil,observed;age_uncertainty_unavailable:LR04_file_has_proxy_error_not_age_error,973a52d988da04333c98c3fc0cb51babac2fa9bb1c05d42de3d6df726d96b6fc
LR04,Lisiecki-Raymo-2005,231.000000,,benthic_d18O,4.37,permil,observed;age_uncertainty_unavailable:LR04_file_has_proxy_error_not_age_error,973a52d988da04333c98c3fc0cb51babac2fa9bb1c05d42de3d6df726d96b6fc
LR04,Lisiecki-Raymo-2005,233.000000,,benthic_d18O,4.37,permil,observed;age_uncertainty_unavailable:LR04_file_has_proxy_error_not_age_error,973a52d988da04333c98c3fc0cb51babac2fa9bb1c05d42de3d6df726d96b6fc
LR04,Lisiecki-Raymo-2005,235.000000,,benthic_d18O,4.38,permil,observed;age_uncertainty_unavailable:LR04_file_has_proxy_error_not_age_error,973a52d988da04333c98c3fc0cb51babac2fa9bb1c05d42de3d6df726d96b6fc
LR04,Lisiecki-Raymo-2005,237.000000,,benthic_d18O,4.35,permil,observed;age_uncertainty_unavailable:LR04_file_has_proxy_error_not_age_error,973a52d988da04333c98c3fc0cb51babac2fa9bb1c05d42de3d6df726d96b6fc
LR04,Lisiecki-Raymo-2005,239.000000,,benthic_d18O,4.33,permil,observed;age_uncertainty_unavailable:LR04_file_has_proxy_error_not_age_error,973a52d988da04333c98c3fc0cb51babac2fa9bb1c05d42de3d6df726d96b6fc
LR04,Lisiecki-Raymo-2005,241.000000,,benthic_d18O,4.32,permil,observed;age_uncertainty_unavailable:LR04_file_has_proxy_error_not_age_error,973a52d988da04333c98c3fc0cb51babac2fa9bb1c05d42de3d6df726d96b6fc
LR04,Lisiecki-Raymo-2005,243.000000,,benthic_d18O,4.3,permil,observed;age_uncertainty_unavailable:LR04_file_has_proxy_error_not_age_error,973a52d988da04333c98c3fc0cb51babac2fa9bb1c05d42de3d6df726d96b6fc
LR04,Lisiecki-Raymo-2005,245.000000,,benthic_d18O,4.29,permil,observed;age_uncertainty_unavailable:LR04_file_has_proxy_error_not_age_error,973a52d988da04333c98c3fc0cb51babac2fa9bb1c05d42de3d6df726d96b6fc
LR04,Lisiecki-Raymo-2005,247.000000,,benthic_d18O,4.28,permil,observed;age_uncertainty_unavailable:LR04_file_has_proxy_error_not_age_error,973a52d988da04333c98c3fc0cb51babac2fa9bb1c05d42de3d6df726d96b6fc
LR04,Lisiecki-Raymo-2005,249.000000,,benthic_d18O,4.3,permil,observed;age_uncertainty_unavailable:LR04_file_has_proxy_error_not_age_error,973a52d988da04333c98c3fc0cb51babac2fa9bb1c05d42de3d6df726d96b6fc
LR04,Lisiecki-Raymo-2005,251.000000,,benthic_d18O,4.31,permil,observed;age_uncertainty_unavailable:LR04_file_has_proxy_error_not_age_error,973a52d988da04333c98c3fc0cb51babac2fa9bb1c05d42de3d6df726d96b6fc
LR04,Lisiecki-Raymo-2005,253.000000,,benthic_d18O,4.3,permil,observed;age_uncertainty_unavailable:LR04_file_has_proxy_error_not_age_error,973a52d988da04333c98c3fc0cb51babac2fa9bb1c05d42de3d6df726d96b6fc
LR04,Lisiecki-Raymo-2005,255.000000,,benthic_d18O,4.31,permil,observed;age_uncertainty_unavailable:LR04_file_has_proxy_error_not_age_error,973a52d988da04333c98c3fc0cb51babac2fa9bb1c05d42de3d6df726d96b6fc
LR04,Lisiecki-Raymo-2005,257.000000,,benthic_d18O,4.33,permil,observed;age_uncertainty_unavailable:LR04_file_has_proxy_error_not_age_error,973a52d988da04333c98c3fc0cb51babac2fa9bb1c05d42de3d6df726d96b6fc
LR04,Lisiecki-Raymo-2005,259.000000,,benthic_d18O,4.38,permil,observed;age_uncertainty_unavailable:LR04_file_has_proxy_error_not_age_error,973a52d988da04333c98c3fc0cb51babac2fa9bb1c05d42de3d6df726d96b6fc
LR04,Lisiecki-Raymo-2005,261.000000,,benthic_d18O,4.44,permil,observed;age_uncertainty_unavailable:LR04_file_has_proxy_error_not_age_error,973a52d988da04333c98c3fc0cb51babac2fa9bb1c05d42de3d6df726d96b6fc
LR04,Lisiecki-Raymo-2005,263.000000,,benthic_d18O,4.52,permil,observed;age_uncertainty_unavailable:LR04_file_has_proxy_error_not_age_error,973a52d988da04333c98c3fc0cb51babac2fa9bb1c05d42de3d6df726d96b6fc
LR04,Lisiecki-Raymo-2005,265.000000,,benthic_d18O,4.61,permil,observed;age_uncertainty_unavailable:LR04_file_has_proxy_error_not_age_error,973a52d988da04333c98c3fc0cb51babac2fa9bb1c05d42de3d6df726d96b6fc
LR04,Lisiecki-Raymo-2005,267.000000,,benthic_d18O,4.67,permil,observed;age_uncertainty_unavailable:LR04_file_has_proxy_error_not_age_error,973a52d988da04333c98c3fc0cb51babac2fa9bb1c05d42de3d6df726d96b6fc
LR04,Lisiecki-Raymo-2005,269.000000,,benthic_d18O,4.72,permil,observed;age_uncertainty_unavailable:LR04_file_has_proxy_error_not_age_error,973a52d988da04333c98c3fc0cb51babac2fa9bb1c05d42de3d6df726d96b6fc
LR04,Lisiecki-Raymo-2005,271.000000,,benthic_d18O,4.72,permil,observed;age_uncertainty_unavailable:LR04_file_has_proxy_error_not_age_error,973a52d988da04333c98c3fc0cb51babac2fa9bb1c05d42de3d6df726d96b6fc
LR04,Lisiecki-Raymo-2005,273.000000,,benthic_d18O,4.71,permil,observed;age_uncertainty_unavailable:LR04_file_has_proxy_error_not_age_error,973a52d988da04333c98c3fc0cb51babac2fa9bb1c05d42de3d6df726d96b6fc
LR04,Lisiecki-Raymo-2005,275.000000,,benthic_d18O,4.68,permil,observed;age_uncertainty_unavailable:LR04_file_has_proxy_error_not_age_error,973a52d988da04333c98c3fc0cb51babac2fa9bb1c05d42de3d6df726d96b6fc
LR04,Lisiecki-Raymo-2005,277.000000,,benthic_d18O,4.67,permil,observed;age_uncertainty_unavailable:LR04_file_has_proxy_error_not_age_error,973a52d988da04333c98c3fc0cb51babac2fa9bb1c05d42de3d6df726d96b6fc
LR04,Lisiecki-Raymo-2005,279.000000,,benthic_d18O,4.67,permil,observed;age_uncertainty_unavailable:LR04_file_has_proxy_error_not_age_error,973a52d988da04333c98c3fc0cb51babac2fa9bb1c05d42de3d6df726d96b6fc
LR04,Lisiecki-Raymo-2005,281.000000,,benthic_d18O,4.62,permil,observed;age_uncertainty_unavailable:LR04_file_has_proxy_error_not_age_error,973a52d988da04333c98c3fc0cb51babac2fa9bb1c05d42de3d6df726d96b6fc
LR04,Lisiecki-Raymo-2005,283.000000,,benthic_d18O,4.55,permil,observed;age_uncertainty_unavailable:LR04_file_has_proxy_error_not_age_error,973a52d988da04333c98c3fc0cb51babac2fa9bb1c05d42de3d6df726d96b6fc
LR04,Lisiecki-Raymo-2005,285.000000,,benthic_d18O,4.48,permil,observed;age_uncertainty_unavailable:LR04_file_has_proxy_error_not_age_error,973a52d988da04333c98c3fc0cb51babac2fa9bb1c05d42de3d6df726d96b6fc
LR04,Lisiecki-Raymo-2005,287.000000,,benthic_d18O,4.43,permil,observed;age_uncertainty_unavailable:LR04_file_has_proxy_error_not_age_error,973a52d988da04333c98c3fc0cb51babac2fa9bb1c05d42de3d6df726d96b6fc
LR04,Lisiecki-Raymo-2005,289.000000,,benthic_d18O,4.38,permil,observed;age_uncertainty_unavailable:LR04_file_has_proxy_error_not_age_error,973a52d988da04333c98c3fc0cb51babac2fa9bb1c05d42de3d6df726d96b6fc
LR04,Lisiecki-Raymo-2005,291.000000,,benthic_d18O,4.32,permil,observed;age_uncertainty_unavailable:LR04_file_has_proxy_error_not_age_error,973a52d988da04333c98c3fc0cb51babac2fa9bb1c05d42de3d6df726d96b6fc
LR04,Lisiecki-Raymo-2005,293.000000,,benthic_d18O,4.29,permil,observed;age_uncertainty_unavailable:LR04_file_has_proxy_error_not_age_error,973a52d988da04333c98c3fc0cb51babac2fa9bb1c05d42de3d6df726d96b6fc
LR04,Lisiecki-Raymo-2005,295.000000,,benthic_d18O,4.3,permil,observed;age_uncertainty_unavailable:LR04_file_has_proxy_error_not_age_error,973a52d988da04333c98c3fc0cb51babac2fa9bb1c05d42de3d6df726d96b6fc
LR04,Lisiecki-Raymo-2005,297.000000,,benthic_d18O,4.32,permil,observed;age_uncertainty_unavailable:LR04_file_has_proxy_error_not_age_error,973a52d988da04333c98c3fc0cb51babac2fa9bb1c05d42de3d6df726d96b6fc
LR04,Lisiecki-Raymo-2005,299.000000,,benthic_d18O,4.32,permil,observed;age_uncertainty_unavailable:LR04_file_has_proxy_error_not_age_error,973a52d988da04333c98c3fc0cb51babac2fa9bb1c05d42de3d6df726d96b6fc
LR04,Lisiecki-Raymo-2005,301.000000,,benthic_d18O,4.29,permil,observed;age_uncertainty_unavailable:LR04_file_has_proxy_error_not_age_error,973a52d988da04333c98c3fc0cb51babac2fa9bb1c05d42de3d6df726d96b6fc
LR04,Lisiecki-Raymo-2005,303.000000,,benthic_d18O,4.27,permil,observed;age_uncertainty_unavailable:LR04_file_has_proxy_error_not_age_error,973a52d988da04333c98c3fc0cb51babac2fa9bb1c05d42de3d6df726d96b6fc
LR04,Lisiecki-Raymo-2005,305.000000,,benthic_d18O,4.28,permil,observed;age_uncertainty_unavailable:LR04_file_has_proxy_error_not_age_error,973a52d988da04333c98c3fc0cb51babac2fa9bb1c05d42de3d6df726d96b6fc
LR04,Lisiecki-Raymo-2005,307.000000,,benthic_d18O,4.28,permil,observed;age_uncertainty_unavailable:LR04_file_has_proxy_error_not_age_error,973a52d988da04333c98c3fc0cb51babac2fa9bb1c05d42de3d6df726d96b6fc
LR04,Lisiecki-Raymo-2005,309.000000,,benthic_d18O,4.29,permil,observed;age_uncertainty_unavailable:LR04_file_has_proxy_error_not_age_error,973a52d988da04333c98c3fc0cb51babac2fa9bb1c05d42de3d6df726d96b6fc
LR04,Lisiecki-Raymo-2005,311.000000,,benthic_d18O,4.35,permil,observed;age_uncertainty_unavailable:LR04_file_has_proxy_error_not_age_error,973a52d988da04333c98c3fc0cb51babac2fa9bb1c05d42de3d6df726d96b6fc
LR04,Lisiecki-Raymo-2005,313.000000,,benthic_d18O,4.44,permil,observed;age_uncertainty_unavailable:LR04_file_has_proxy_error_not_age_error,973a52d988da04333c98c3fc0cb51babac2fa9bb1c05d42de3d6df726d96b6fc
LR04,Lisiecki-Raymo-2005,315.000000,,benthic_d18O,4.56,permil,observed;age_uncertainty_unavailable:LR04_file_has_proxy_error_not_age_error,973a52d988da04333c98c3fc0cb51babac2fa9bb1c05d42de3d6df726d96b6fc
LR04,Lisiecki-Raymo-2005,317.000000,,benthic_d18O,4.68,permil,observed;age_uncertainty_unavailable:LR04_file_has_proxy_error_not_age_error,973a52d988da04333c98c3fc0cb51babac2fa9bb1c05d42de3d6df726d96b6fc
LR04,Lisiecki-Raymo-2005,319.000000,,benthic_d18O,4.78,permil,observed;age_uncertainty_unavailable:LR04_file_has_proxy_error_not_age_error,973a52d988da04333c98c3fc0cb51babac2fa9bb1c05d42de3d6df726d96b6fc
LR04,Lisiecki-Raymo-2005,321.000000,,benthic_d18O,4.85,permil,observed;age_uncertainty_unavailable:LR04_file_has_proxy_error_not_age_error,973a52d988da04333c98c3fc0cb51babac2fa9bb1c05d42de3d6df726d96b6fc
LR04,Lisiecki-Raymo-2005,323.000000,,benthic_d18O,4.87,permil,observed;age_uncertainty_unavailable:LR04_file_has_proxy_error_not_age_error,973a52d988da04333c98c3fc0cb51babac2fa9bb1c05d42de3d6df726d96b6fc
LR04,Lisiecki-Raymo-2005,325.000000,,benthic_d18O,4.82,permil,observed;age_uncertainty_unavailable:LR04_file_has_proxy_error_not_age_error,973a52d988da04333c98c3fc0cb51babac2fa9bb1c05d42de3d6df726d96b6fc
LR04,Lisiecki-Raymo-2005,327.000000,,benthic_d18O,4.75,permil,observed;age_uncertainty_unavailable:LR04_file_has_proxy_error_not_age_error,973a52d988da04333c98c3fc0cb51babac2fa9bb1c05d42de3d6df726d96b6fc
LR04,Lisiecki-Raymo-2005,329.000000,,benthic_d18O,4.65,permil,observed;age_uncertainty_unavailable:LR04_file_has_proxy_error_not_age_error,973a52d988da04333c98c3fc0cb51babac2fa9bb1c05d42de3d6df726d96b6fc
LR04,Lisiecki-Raymo-2005,331.000000,,benthic_d18O,4.58,permil,observed;age_uncertainty_unavailable:LR04_file_has_proxy_error_not_age_error,973a52d988da04333c98c3fc0cb51babac2fa9bb1c05d42de3d6df726d96b6fc
LR04,Lisiecki-Raymo-2005,333.000000,,benthic_d18O,4.57,permil,observed;age_uncertainty_unavailable:LR04_file_has_proxy_error_not_age_error,973a52d988da04333c98c3fc0cb51babac2fa9bb1c05d42de3d6df726d96b6fc
LR04,Lisiecki-Raymo-2005,335.000000,,benthic_d18O,4.58,permil,observed;age_uncertainty_unavailable:LR04_file_has_proxy_error_not_age_error,973a52d988da04333c98c3fc0cb51babac2fa9bb1c05d42de3d6df726d96b6fc
LR04,Lisiecki-Raymo-2005,337.000000,,benthic_d18O,4.61,permil,observed;age_uncertainty_unavailable:LR04_file_has_proxy_error_not_age_error,973a52d988da04333c98c3fc0cb51babac2fa9bb1c05d42de3d6df726d96b6fc
LR04,Lisiecki-Raymo-2005,339.000000,,benthic_d18O,4.68,permil,observed;age_uncertainty_unavailable:LR04_file_has_proxy_error_not_age_error,973a52d988da04333c98c3fc0cb51babac2fa9bb1c05d42de3d6df726d96b6fc
LR04,Lisiecki-Raymo-2005,341.000000,,benthic_d18O,4.79,permil,observed;age_uncertainty_unavailable:LR04_file_has_proxy_error_not_age_error,973a52d988da04333c98c3fc0cb51babac2fa9bb1c05d42de3d6df726d96b6fc
LR04,Lisiecki-Raymo-2005,343.000000,,benthic_d18O,4.87,permil,observed;age_uncertainty_unavailable:LR04_file_has_proxy_error_not_age_error,973a52d988da04333c98c3fc0cb51babac2fa9bb1c05d42de3d6df726d96b6fc
LR04,Lisiecki-Raymo-2005,345.000000,,benthic_d18O,4.9,permil,observed;age_uncertainty_unavailable:LR04_file_has_proxy_error_not_age_error,973a52d988da04333c98c3fc0cb51babac2fa9bb1c05d42de3d6df726d96b6fc
LR04,Lisiecki-Raymo-2005,347.000000,,benthic_d18O,4.91,permil,observed;age_uncertainty_unavailable:LR04_file_has_proxy_error_not_age_error,973a52d988da04333c98c3fc0cb51babac2fa9bb1c05d42de3d6df726d96b6fc
LR04,Lisiecki-Raymo-2005,349.000000,,benthic_d18O,4.91,permil,observed;age_uncertainty_unavailable:LR04_file_has_proxy_error_not_age_error,973a52d988da04333c98c3fc0cb51babac2fa9bb1c05d42de3d6df726d96b6fc
LR04,Lisiecki-Raymo-2005,351.000000,,benthic_d18O,4.87,permil,observed;age_uncertainty_unavailable:LR04_file_has_proxy_error_not_age_error,973a52d988da04333c98c3fc0cb51babac2fa9bb1c05d42de3d6df726d96b6fc
LR04,Lisiecki-Raymo-2005,353.000000,,benthic_d18O,4.8,permil,observed;age_uncertainty_unavailable:LR04_file_has_proxy_error_not_age_error,973a52d988da04333c98c3fc0cb51babac2fa9bb1c05d42de3d6df726d96b6fc
LR04,Lisiecki-Raymo-2005,355.000000,,benthic_d18O,4.74,permil,observed;age_uncertainty_unavailable:LR04_file_has_proxy_error_not_age_error,973a52d988da04333c98c3fc0cb51babac2fa9bb1c05d42de3d6df726d96b6fc
LR04,Lisiecki-Raymo-2005,357.000000,,benthic_d18O,4.72,permil,observed;age_uncertainty_unavailable:LR04_file_has_proxy_error_not_age_error,973a52d988da04333c98c3fc0cb51babac2fa9bb1c05d42de3d6df726d96b6fc
LR04,Lisiecki-Raymo-2005,359.000000,,benthic_d18O,4.73,permil,observed;age_uncertainty_unavailable:LR04_file_has_proxy_error_not_age_error,973a52d988da04333c98c3fc0cb51babac2fa9bb1c05d42de3d6df726d96b6fc
LR04,Lisiecki-Raymo-2005,361.000000,,benthic_d18O,4.75,permil,observed;age_uncertainty_unavailable:LR04_file_has_proxy_error_not_age_error,973a52d988da04333c98c3fc0cb51babac2fa9bb1c05d42de3d6df726d96b6fc
LR04,Lisiecki-Raymo-2005,363.000000,,benthic_d18O,4.77,permil,observed;age_uncertainty_unavailable:LR04_file_has_proxy_error_not_age_error,973a52d988da04333c98c3fc0cb51babac2fa9bb1c05d42de3d6df726d96b6fc
LR04,Lisiecki-Raymo-2005,365.000000,,benthic_d18O,4.82,permil,observed;age_uncertainty_unavailable:LR04_file_has_proxy_error_not_age_error,973a52d988da04333c98c3fc0cb51babac2fa9bb1c05d42de3d6df726d96b6fc
LR04,Lisiecki-Raymo-2005,367.000000,,benthic_d18O,4.87,permil,observed;age_uncertainty_unavailable:LR04_file_has_proxy_error_not_age_error,973a52d988da04333c98c3fc0cb51babac2fa9bb1c05d42de3d6df726d96b6fc
LR04,Lisiecki-Raymo-2005,369.000000,,benthic_d18O,4.91,permil,observed;age_uncertainty_unavailable:LR04_file_has_proxy_error_not_age_error,973a52d988da04333c98c3fc0cb51babac2fa9bb1c05d42de3d6df726d96b6fc
LR04,Lisiecki-Raymo-2005,371.000000,,benthic_d18O,4.95,permil,observed;age_uncertainty_unavailable:LR04_file_has_proxy_error_not_age_error,973a52d988da04333c98c3fc0cb51babac2fa9bb1c05d42de3d6df726d96b6fc
LR04,Lisiecki-Raymo-2005,373.000000,,benthic_d18O,5.02,permil,observed;age_uncertainty_unavailable:LR04_file_has_proxy_error_not_age_error,973a52d988da04333c98c3fc0cb51babac2fa9bb1c05d42de3d6df726d96b6fc
LR04,Lisiecki-Raymo-2005,375.000000,,benthic_d18O,5.1,permil,observed;age_uncertainty_unavailable:LR04_file_has_proxy_error_not_age_error,973a52d988da04333c98c3fc0cb51babac2fa9bb1c05d42de3d6df726d96b6fc
LR04,Lisiecki-Raymo-2005,377.000000,,benthic_d18O,5.17,permil,observed;age_uncertainty_unavailable:LR04_file_has_proxy_error_not_age_error,973a52d988da04333c98c3fc0cb51babac2fa9bb1c05d42de3d6df726d96b6fc
LR04,Lisiecki-Raymo-2005,379.000000,,benthic_d18O,5.22,permil,observed;age_uncertainty_unavailable:LR04_file_has_proxy_error_not_age_error,973a52d988da04333c98c3fc0cb51babac2fa9bb1c05d42de3d6df726d96b6fc
LR04,Lisiecki-Raymo-2005,381.000000,,benthic_d18O,5.23,permil,observed;age_uncertainty_unavailable:LR04_file_has_proxy_error_not_age_error,973a52d988da04333c98c3fc0cb51babac2fa9bb1c05d42de3d6df726d96b6fc
LR04,Lisiecki-Raymo-2005,383.000000,,benthic_d18O,5.19,permil,observed;age_uncertainty_unavailable:LR04_file_has_proxy_error_not_age_error,973a52d988da04333c98c3fc0cb51babac2fa9bb1c05d42de3d6df726d96b6fc
LR04,Lisiecki-Raymo-2005,385.000000,,benthic_d18O,5.13,permil,observed;age_uncertainty_unavailable:LR04_file_has_proxy_error_not_age_error,973a52d988da04333c98c3fc0cb51babac2fa9bb1c05d42de3d6df726d96b6fc
LR04,Lisiecki-Raymo-2005,387.000000,,benthic_d18O,5.08,permil,observed;age_uncertainty_unavailable:LR04_file_has_proxy_error_not_age_error,973a52d988da04333c98c3fc0cb51babac2fa9bb1c05d42de3d6df726d96b6fc
LR04,Lisiecki-Raymo-2005,389.000000,,benthic_d18O,5.03,permil,observed;age_uncertainty_unavailable:LR04_file_has_proxy_error_not_age_error,973a52d988da04333c98c3fc0cb51babac2fa9bb1c05d42de3d6df726d96b6fc
LR04,Lisiecki-Raymo-2005,391.000000,,benthic_d18O,5,permil,observed;age_uncertainty_unavailable:LR04_file_has_proxy_error_not_age_error,973a52d988da04333c98c3fc0cb51babac2fa9bb1c05d42de3d6df726d96b6fc
LR04,Lisiecki-Raymo-2005,393.000000,,benthic_d18O,4.96,permil,observed;age_uncertainty_unavailable:LR04_file_has_proxy_error_not_age_error,973a52d988da04333c98c3fc0cb51babac2fa9bb1c05d42de3d6df726d96b6fc
LR04,Lisiecki-Raymo-2005,395.000000,,benthic_d18O,4.93,permil,observed;age_uncertainty_unavailable:LR04_file_has_proxy_error_not_age_error,973a52d988da04333c98c3fc0cb51babac2fa9bb1c05d42de3d6df726d96b6fc
LR04,Lisiecki-Raymo-2005,397.000000,,benthic_d18O,4.9,permil,observed;age_uncertainty_unavailable:LR04_file_has_proxy_error_not_age_error,973a52d988da04333c98c3fc0cb51babac2fa9bb1c05d42de3d6df726d96b6fc
LR04,Lisiecki-Raymo-2005,399.000000,,benthic_d18O,4.84,permil,observed;age_uncertainty_unavailable:LR04_file_has_proxy_error_not_age_error,973a52d988da04333c98c3fc0cb51babac2fa9bb1c05d42de3d6df726d96b6fc
LR04,Lisiecki-Raymo-2005,401.000000,,benthic_d18O,4.74,permil,observed;age_uncertainty_unavailable:LR04_file_has_proxy_error_not_age_error,973a52d988da04333c98c3fc0cb51babac2fa9bb1c05d42de3d6df726d96b6fc
LR04,Lisiecki-Raymo-2005,403.000000,,benthic_d18O,4.62,permil,observed;age_uncertainty_unavailable:LR04_file_has_proxy_error_not_age_error,973a52d988da04333c98c3fc0cb51babac2fa9bb1c05d42de3d6df726d96b6fc
LR04,Lisiecki-Raymo-2005,405.000000,,benthic_d18O,4.52,permil,observed;age_uncertainty_unavailable:LR04_file_has_proxy_error_not_age_error,973a52d988da04333c98c3fc0cb51babac2fa9bb1c05d42de3d6df726d96b6fc
LR04,Lisiecki-Raymo-2005,407.000000,,benthic_d18O,4.47,permil,observed;age_uncertainty_unavailable:LR04_file_has_proxy_error_not_age_error,973a52d988da04333c98c3fc0cb51babac2fa9bb1c05d42de3d6df726d96b6fc
LR04,Lisiecki-Raymo-2005,409.000000,,benthic_d18O,4.46,permil,observed;age_uncertainty_unavailable:LR04_file_has_proxy_error_not_age_error,973a52d988da04333c98c3fc0cb51babac2fa9bb1c05d42de3d6df726d96b6fc
LR04,Lisiecki-Raymo-2005,411.000000,,benthic_d18O,4.46,permil,observed;age_uncertainty_unavailable:LR04_file_has_proxy_error_not_age_error,973a52d988da04333c98c3fc0cb51babac2fa9bb1c05d42de3d6df726d96b6fc
LR04,Lisiecki-Raymo-2005,413.000000,,benthic_d18O,4.49,permil,observed;age_uncertainty_unavailable:LR04_file_has_proxy_error_not_age_error,973a52d988da04333c98c3fc0cb51babac2fa9bb1c05d42de3d6df726d96b6fc
LR04,Lisiecki-Raymo-2005,415.000000,,benthic_d18O,4.58,permil,observed;age_uncertainty_unavailable:LR04_file_has_proxy_error_not_age_error,973a52d988da04333c98c3fc0cb51babac2fa9bb1c05d42de3d6df726d96b6fc
LR04,Lisiecki-Raymo-2005,417.000000,,benthic_d18O,4.67,permil,observed;age_uncertainty_unavailable:LR04_file_has_proxy_error_not_age_error,973a52d988da04333c98c3fc0cb51babac2fa9bb1c05d42de3d6df726d96b6fc
LR04,Lisiecki-Raymo-2005,419.000000,,benthic_d18O,4.78,permil,observed;age_uncertainty_unavailable:LR04_file_has_proxy_error_not_age_error,973a52d988da04333c98c3fc0cb51babac2fa9bb1c05d42de3d6df726d96b6fc
LR04,Lisiecki-Raymo-2005,421.000000,,benthic_d18O,4.87,permil,observed;age_uncertainty_unavailable:LR04_file_has_proxy_error_not_age_error,973a52d988da04333c98c3fc0cb51babac2fa9bb1c05d42de3d6df726d96b6fc
LR04,Lisiecki-Raymo-2005,423.000000,,benthic_d18O,4.88,permil,observed;age_uncertainty_unavailable:LR04_file_has_proxy_error_not_age_error,973a52d988da04333c98c3fc0cb51babac2fa9bb1c05d42de3d6df726d96b6fc
LR04,Lisiecki-Raymo-2005,425.000000,,benthic_d18O,4.82,permil,observed;age_uncertainty_unavailable:LR04_file_has_proxy_error_not_age_error,973a52d988da04333c98c3fc0cb51babac2fa9bb1c05d42de3d6df726d96b6fc
LR04,Lisiecki-Raymo-2005,427.000000,,benthic_d18O,4.76,permil,observed;age_uncertainty_unavailable:LR04_file_has_proxy_error_not_age_error,973a52d988da04333c98c3fc0cb51babac2fa9bb1c05d42de3d6df726d96b6fc
LR04,Lisiecki-Raymo-2005,429.000000,,benthic_d18O,4.7,permil,observed;age_uncertainty_unavailable:LR04_file_has_proxy_error_not_age_error,973a52d988da04333c98c3fc0cb51babac2fa9bb1c05d42de3d6df726d96b6fc
LR04,Lisiecki-Raymo-2005,431.000000,,benthic_d18O,4.62,permil,observed;age_uncertainty_unavailable:LR04_file_has_proxy_error_not_age_error,973a52d988da04333c98c3fc0cb51babac2fa9bb1c05d42de3d6df726d96b6fc
LR04,Lisiecki-Raymo-2005,433.000000,,benthic_d18O,4.58,permil,observed;age_uncertainty_unavailable:LR04_file_has_proxy_error_not_age_error,973a52d988da04333c98c3fc0cb51babac2fa9bb1c05d42de3d6df726d96b6fc
LR04,Lisiecki-Raymo-2005,435.000000,,benthic_d18O,4.65,permil,observed;age_uncertainty_unavailable:LR04_file_has_proxy_error_not_age_error,973a52d988da04333c98c3fc0cb51babac2fa9bb1c05d42de3d6df726d96b6fc
LR04,Lisiecki-Raymo-2005,437.000000,,benthic_d18O,4.8,permil,observed;age_uncertainty_unavailable:LR04_file_has_proxy_error_not_age_error,973a52d988da04333c98c3fc0cb51babac2fa9bb1c05d42de3d6df726d96b6fc
LR04,Lisiecki-Raymo-2005,439.000000,,benthic_d18O,4.95,permil,observed;age_uncertainty_unavailable:LR04_file_has_proxy_error_not_age_error,973a52d988da04333c98c3fc0cb51babac2fa9bb1c05d42de3d6df726d96b6fc
LR04,Lisiecki-Raymo-2005,441.000000,,benthic_d18O,5.07,permil,observed;age_uncertainty_unavailable:LR04_file_has_proxy_error_not_age_error,973a52d988da04333c98c3fc0cb51babac2fa9bb1c05d42de3d6df726d96b6fc
LR04,Lisiecki-Raymo-2005,443.000000,,benthic_d18O,5.14,permil,observed;age_uncertainty_unavailable:LR04_file_has_proxy_error_not_age_error,973a52d988da04333c98c3fc0cb51babac2fa9bb1c05d42de3d6df726d96b6fc
LR04,Lisiecki-Raymo-2005,445.000000,,benthic_d18O,5.14,permil,observed;age_uncertainty_unavailable:LR04_file_has_proxy_error_not_age_error,973a52d988da04333c98c3fc0cb51babac2fa9bb1c05d42de3d6df726d96b6fc
LR04,Lisiecki-Raymo-2005,447.000000,,benthic_d18O,5.09,permil,observed;age_uncertainty_unavailable:LR04_file_has_proxy_error_not_age_error,973a52d988da04333c98c3fc0cb51babac2fa9bb1c05d42de3d6df726d96b6fc
LR04,Lisiecki-Raymo-2005,449.000000,,benthic_d18O,5.03,permil,observed;age_uncertainty_unavailable:LR04_file_has_proxy_error_not_age_error,973a52d988da04333c98c3fc0cb51babac2fa9bb1c05d42de3d6df726d96b6fc
LR04,Lisiecki-Raymo-2005,451.000000,,benthic_d18O,4.97,permil,observed;age_uncertainty_unavailable:LR04_file_has_proxy_error_not_age_error,973a52d988da04333c98c3fc0cb51babac2fa9bb1c05d42de3d6df726d96b6fc
LR04,Lisiecki-Raymo-2005,453.000000,,benthic_d18O,4.96,permil,observed;age_uncertainty_unavailable:LR04_file_has_proxy_error_not_age_error,973a52d988da04333c98c3fc0cb51babac2fa9bb1c05d42de3d6df726d96b6fc
LR04,Lisiecki-Raymo-2005,455.000000,,benthic_d18O,4.98,permil,observed;age_uncertainty_unavailable:LR04_file_has_proxy_error_not_age_error,973a52d988da04333c98c3fc0cb51babac2fa9bb1c05d42de3d6df726d96b6fc
LR04,Lisiecki-Raymo-2005,457.000000,,benthic_d18O,5.07,permil,observed;age_uncertainty_unavailable:LR04_file_has_proxy_error_not_age_error,973a52d988da04333c98c3fc0cb51babac2fa9bb1c05d42de3d6df726d96b6fc
LR04,Lisiecki-Raymo-2005,459.000000,,benthic_d18O,5.24,permil,observed;age_uncertainty_unavailable:LR04_file_has_proxy_error_not_age_error,973a52d988da04333c98c3fc0cb51babac2fa9bb1c05d42de3d6df726d96b6fc
LR04,Lisiecki-Raymo-2005,461.000000,,benthic_d18O,5.46,permil,observed;age_uncertainty_unavailable:LR04_file_has_proxy_error_not_age_error,973a52d988da04333c98c3fc0cb51babac2fa9bb1c05d42de3d6df726d96b6fc
LR04,Lisiecki-Raymo-2005,463.000000,,benthic_d18O,5.67,permil,observed;age_uncertainty_unavailable:LR04_file_has_proxy_error_not_age_error,973a52d988da04333c98c3fc0cb51babac2fa9bb1c05d42de3d6df726d96b6fc
LR04,Lisiecki-Raymo-2005,465.000000,,benthic_d18O,5.87,permil,observed;age_uncertainty_unavailable:LR04_file_has_proxy_error_not_age_error,973a52d988da04333c98c3fc0cb51babac2fa9bb1c05d42de3d6df726d96b6fc
LR04,Lisiecki-Raymo-2005,467.000000,,benthic_d18O,6.02,permil,observed;age_uncertainty_unavailable:LR04_file_has_proxy_error_not_age_error,973a52d988da04333c98c3fc0cb51babac2fa9bb1c05d42de3d6df726d96b6fc
LR04,Lisiecki-Raymo-2005,469.000000,,benthic_d18O,6.13,permil,observed;age_uncertainty_unavailable:LR04_file_has_proxy_error_not_age_error,973a52d988da04333c98c3fc0cb51babac2fa9bb1c05d42de3d6df726d96b6fc
LR04,Lisiecki-Raymo-2005,471.000000,,benthic_d18O,6.17,permil,observed;age_uncertainty_unavailable:LR04_file_has_proxy_error_not_age_error,973a52d988da04333c98c3fc0cb51babac2fa9bb1c05d42de3d6df726d96b6fc
LR04,Lisiecki-Raymo-2005,473.000000,,benthic_d18O,6.17,permil,observed;age_uncertainty_unavailable:LR04_file_has_proxy_error_not_age_error,973a52d988da04333c98c3fc0cb51babac2fa9bb1c05d42de3d6df726d96b6fc
LR04,Lisiecki-Raymo-2005,475.000000,,benthic_d18O,6.18,permil,observed;age_uncertainty_unavailable:LR04_file_has_proxy_error_not_age_error,973a52d988da04333c98c3fc0cb51babac2fa9bb1c05d42de3d6df726d96b6fc
LR04,Lisiecki-Raymo-2005,477.000000,,benthic_d18O,6.13,permil,observed;age_uncertainty_unavailable:LR04_file_has_proxy_error_not_age_error,973a52d988da04333c98c3fc0cb51babac2fa9bb1c05d42de3d6df726d96b6fc
LR04,Lisiecki-Raymo-2005,479.000000,,benthic_d18O,6.04,permil,observed;age_uncertainty_unavailable:LR04_file_has_proxy_error_not_age_error,973a52d988da04333c98c3fc0cb51babac2fa9bb1c05d42de3d6df726d96b6fc
LR04,Lisiecki-Raymo-2005,481.000000,,benthic_d18O,5.91,permil,observed;age_uncertainty_unavailable:LR04_file_has_proxy_error_not_age_error,973a52d988da04333c98c3fc0cb51babac2fa9bb1c05d42de3d6df726d96b6fc
LR04,Lisiecki-Raymo-2005,483.000000,,benthic_d18O,5.75,permil,observed;age_uncertainty_unavailable:LR04_file_has_proxy_error_not_age_error,973a52d988da04333c98c3fc0cb51babac2fa9bb1c05d42de3d6df726d96b6fc
LR04,Lisiecki-Raymo-2005,485.000000,,benthic_d18O,5.54,permil,observed;age_uncertainty_unavailable:LR04_file_has_proxy_error_not_age_error,973a52d988da04333c98c3fc0cb51babac2fa9bb1c05d42de3d6df726d96b6fc
LR04,Lisiecki-Raymo-2005,487.000000,,benthic_d18O,5.3,permil,observed;age_uncertainty_unavailable:LR04_file_has_proxy_error_not_age_error,973a52d988da04333c98c3fc0cb51babac2fa9bb1c05d42de3d6df726d96b6fc
LR04,Lisiecki-Raymo-2005,489.000000,,benthic_d18O,5.08,permil,observed;age_uncertainty_unavailable:LR04_file_has_proxy_error_not_age_error,973a52d988da04333c98c3fc0cb51babac2fa9bb1c05d42de3d6df726d96b6fc
LR04,Lisiecki-Raymo-2005,491.000000,,benthic_d18O,4.9,permil,observed;age_uncertainty_unavailable:LR04_file_has_proxy_error_not_age_error,973a52d988da04333c98c3fc0cb51babac2fa9bb1c05d42de3d6df726d96b6fc
LR04,Lisiecki-Raymo-2005,493.000000,,benthic_d18O,4.78,permil,observed;age_uncertainty_unavailable:LR04_file_has_proxy_error_not_age_error,973a52d988da04333c98c3fc0cb51babac2fa9bb1c05d42de3d6df726d96b6fc
LR04,Lisiecki-Raymo-2005,495.000000,,benthic_d18O,4.65,permil,observed;age_uncertainty_unavailable:LR04_file_has_proxy_error_not_age_error,973a52d988da04333c98c3fc0cb51babac2fa9bb1c05d42de3d6df726d96b6fc
LR04,Lisiecki-Raymo-2005,497.000000,,benthic_d18O,4.55,permil,observed;age_uncertainty_unavailable:LR04_file_has_proxy_error_not_age_error,973a52d988da04333c98c3fc0cb51babac2fa9bb1c05d42de3d6df726d96b6fc
LR04,Lisiecki-Raymo-2005,499.000000,,benthic_d18O,4.47,permil,observed;age_uncertainty_unavailable:LR04_file_has_proxy_error_not_age_error,973a52d988da04333c98c3fc0cb51babac2fa9bb1c05d42de3d6df726d96b6fc
LR04,Lisiecki-Raymo-2005,501.000000,,benthic_d18O,4.46,permil,observed;age_uncertainty_unavailable:LR04_file_has_proxy_error_not_age_error,973a52d988da04333c98c3fc0cb51babac2fa9bb1c05d42de3d6df726d96b6fc
LR04,Lisiecki-Raymo-2005,503.000000,,benthic_d18O,4.51,permil,observed;age_uncertainty_unavailable:LR04_file_has_proxy_error_not_age_error,973a52d988da04333c98c3fc0cb51babac2fa9bb1c05d42de3d6df726d96b6fc
LR04,Lisiecki-Raymo-2005,505.000000,,benthic_d18O,4.59,permil,observed;age_uncertainty_unavailable:LR04_file_has_proxy_error_not_age_error,973a52d988da04333c98c3fc0cb51babac2fa9bb1c05d42de3d6df726d96b6fc
LR04,Lisiecki-Raymo-2005,507.000000,,benthic_d18O,4.67,permil,observed;age_uncertainty_unavailable:LR04_file_has_proxy_error_not_age_error,973a52d988da04333c98c3fc0cb51babac2fa9bb1c05d42de3d6df726d96b6fc
LR04,Lisiecki-Raymo-2005,509.000000,,benthic_d18O,4.72,permil,observed;age_uncertainty_unavailable:LR04_file_has_proxy_error_not_age_error,973a52d988da04333c98c3fc0cb51babac2fa9bb1c05d42de3d6df726d96b6fc
LR04,Lisiecki-Raymo-2005,511.000000,,benthic_d18O,4.75,permil,observed;age_uncertainty_unavailable:LR04_file_has_proxy_error_not_age_error,973a52d988da04333c98c3fc0cb51babac2fa9bb1c05d42de3d6df726d96b6fc
LR04,Lisiecki-Raymo-2005,513.000000,,benthic_d18O,4.73,permil,observed;age_uncertainty_unavailable:LR04_file_has_proxy_error_not_age_error,973a52d988da04333c98c3fc0cb51babac2fa9bb1c05d42de3d6df726d96b6fc
LR04,Lisiecki-Raymo-2005,515.000000,,benthic_d18O,4.65,permil,observed;age_uncertainty_unavailable:LR04_file_has_proxy_error_not_age_error,973a52d988da04333c98c3fc0cb51babac2fa9bb1c05d42de3d6df726d96b6fc
LR04,Lisiecki-Raymo-2005,517.000000,,benthic_d18O,4.55,permil,observed;age_uncertainty_unavailable:LR04_file_has_proxy_error_not_age_error,973a52d988da04333c98c3fc0cb51babac2fa9bb1c05d42de3d6df726d96b6fc
LR04,Lisiecki-Raymo-2005,519.000000,,benthic_d18O,4.46,permil,observed;age_uncertainty_unavailable:LR04_file_has_proxy_error_not_age_error,973a52d988da04333c98c3fc0cb51babac2fa9bb1c05d42de3d6df726d96b6fc
LR04,Lisiecki-Raymo-2005,521.000000,,benthic_d18O,4.38,permil,observed;age_uncertainty_unavailable:LR04_file_has_proxy_error_not_age_error,973a52d988da04333c98c3fc0cb51babac2fa9bb1c05d42de3d6df726d96b6fc
LR04,Lisiecki-Raymo-2005,523.000000,,benthic_d18O,4.34,permil,observed;age_uncertainty_unavailable:LR04_file_has_proxy_error_not_age_error,973a52d988da04333c98c3fc0cb51babac2fa9bb1c05d42de3d6df726d96b6fc
LR04,Lisiecki-Raymo-2005,525.000000,,benthic_d18O,4.34,permil,observed;age_uncertainty_unavailable:LR04_file_has_proxy_error_not_age_error,973a52d988da04333c98c3fc0cb51babac2fa9bb1c05d42de3d6df726d96b6fc
LR04,Lisiecki-Raymo-2005,527.000000,,benthic_d18O,4.39,permil,observed;age_uncertainty_unavailable:LR04_file_has_proxy_error_not_age_error,973a52d988da04333c98c3fc0cb51babac2fa9bb1c05d42de3d6df726d96b6fc
LR04,Lisiecki-Raymo-2005,529.000000,,benthic_d18O,4.45,permil,observed;age_uncertainty_unavailable:LR04_file_has_proxy_error_not_age_error,973a52d988da04333c98c3fc0cb51babac2fa9bb1c05d42de3d6df726d96b6fc
LR04,Lisiecki-Raymo-2005,531.000000,,benthic_d18O,4.48,permil,observed;age_uncertainty_unavailable:LR04_file_has_proxy_error_not_age_error,973a52d988da04333c98c3fc0cb51babac2fa9bb1c05d42de3d6df726d96b6fc
LR04,Lisiecki-Raymo-2005,533.000000,,benthic_d18O,4.54,permil,observed;age_uncertainty_unavailable:LR04_file_has_proxy_error_not_age_error,973a52d988da04333c98c3fc0cb51babac2fa9bb1c05d42de3d6df726d96b6fc
LR04,Lisiecki-Raymo-2005,535.000000,,benthic_d18O,4.59,permil,observed;age_uncertainty_unavailable:LR04_file_has_proxy_error_not_age_error,973a52d988da04333c98c3fc0cb51babac2fa9bb1c05d42de3d6df726d96b6fc
LR04,Lisiecki-Raymo-2005,537.000000,,benthic_d18O,4.63,permil,observed;age_uncertainty_unavailable:LR04_file_has_proxy_error_not_age_error,973a52d988da04333c98c3fc0cb51babac2fa9bb1c05d42de3d6df726d96b6fc
LR04,Lisiecki-Raymo-2005,539.000000,,benthic_d18O,4.64,permil,observed;age_uncertainty_unavailable:LR04_file_has_proxy_error_not_age_error,973a52d988da04333c98c3fc0cb51babac2fa9bb1c05d42de3d6df726d96b6fc
LR04,Lisiecki-Raymo-2005,541.000000,,benthic_d18O,4.67,permil,observed;age_uncertainty_unavailable:LR04_file_has_proxy_error_not_age_error,973a52d988da04333c98c3fc0cb51babac2fa9bb1c05d42de3d6df726d96b6fc
LR04,Lisiecki-Raymo-2005,543.000000,,benthic_d18O,4.74,permil,observed;age_uncertainty_unavailable:LR04_file_has_proxy_error_not_age_error,973a52d988da04333c98c3fc0cb51babac2fa9bb1c05d42de3d6df726d96b6fc
LR04,Lisiecki-Raymo-2005,545.000000,,benthic_d18O,4.78,permil,observed;age_uncertainty_unavailable:LR04_file_has_proxy_error_not_age_error,973a52d988da04333c98c3fc0cb51babac2fa9bb1c05d42de3d6df726d96b6fc
LR04,Lisiecki-Raymo-2005,547.000000,,benthic_d18O,4.79,permil,observed;age_uncertainty_unavailable:LR04_file_has_proxy_error_not_age_error,973a52d988da04333c98c3fc0cb51babac2fa9bb1c05d42de3d6df726d96b6fc
LR04,Lisiecki-Raymo-2005,549.000000,,benthic_d18O,4.79,permil,observed;age_uncertainty_unavailable:LR04_file_has_proxy_error_not_age_error,973a52d988da04333c98c3fc0cb51babac2fa9bb1c05d42de3d6df726d96b6fc
LR04,Lisiecki-Raymo-2005,551.000000,,benthic_d18O,4.81,permil,observed;age_uncertainty_unavailable:LR04_file_has_proxy_error_not_age_error,973a52d988da04333c98c3fc0cb51babac2fa9bb1c05d42de3d6df726d96b6fc
LR04,Lisiecki-Raymo-2005,553.000000,,benthic_d18O,4.82,permil,observed;age_uncertainty_unavailable:LR04_file_has_proxy_error_not_age_error,973a52d988da04333c98c3fc0cb51babac2fa9bb1c05d42de3d6df726d96b6fc
LR04,Lisiecki-Raymo-2005,555.000000,,benthic_d18O,4.82,permil,observed;age_uncertainty_unavailable:LR04_file_has_proxy_error_not_age_error,973a52d988da04333c98c3fc0cb51babac2fa9bb1c05d42de3d6df726d96b6fc
LR04,Lisiecki-Raymo-2005,557.000000,,benthic_d18O,4.8,permil,observed;age_uncertainty_unavailable:LR04_file_has_proxy_error_not_age_error,973a52d988da04333c98c3fc0cb51babac2fa9bb1c05d42de3d6df726d96b6fc
LR04,Lisiecki-Raymo-2005,559.000000,,benthic_d18O,4.78,permil,observed;age_uncertainty_unavailable:LR04_file_has_proxy_error_not_age_error,973a52d988da04333c98c3fc0cb51babac2fa9bb1c05d42de3d6df726d96b6fc
LR04,Lisiecki-Raymo-2005,561.000000,,benthic_d18O,4.78,permil,observed;age_uncertainty_unavailable:LR04_file_has_proxy_error_not_age_error,973a52d988da04333c98c3fc0cb51babac2fa9bb1c05d42de3d6df726d96b6fc
LR04,Lisiecki-Raymo-2005,563.000000,,benthic_d18O,4.82,permil,observed;age_uncertainty_unavailable:LR04_file_has_proxy_error_not_age_error,973a52d988da04333c98c3fc0cb51babac2fa9bb1c05d42de3d6df726d96b6fc
LR04,Lisiecki-Raymo-2005,565.000000,,benthic_d18O,4.86,permil,observed;age_uncertainty_unavailable:LR04_file_has_proxy_error_not_age_error,973a52d988da04333c98c3fc0cb51babac2fa9bb1c05d42de3d6df726d96b6fc
LR04,Lisiecki-Raymo-2005,567.000000,,benthic_d18O,4.94,permil,observed;age_uncertainty_unavailable:LR04_file_has_proxy_error_not_age_error,973a52d988da04333c98c3fc0cb51babac2fa9bb1c05d42de3d6df726d96b6fc
LR04,Lisiecki-Raymo-2005,569.000000,,benthic_d18O,5.08,permil,observed;age_uncertainty_unavailable:LR04_file_has_proxy_error_not_age_error,973a52d988da04333c98c3fc0cb51babac2fa9bb1c05d42de3d6df726d96b6fc
LR04,Lisiecki-Raymo-2005,571.000000,,benthic_d18O,5.23,permil,observed;age_uncertainty_unavailable:LR04_file_has_proxy_error_not_age_error,973a52d988da04333c98c3fc0cb51babac2fa9bb1c05d42de3d6df726d96b6fc
LR04,Lisiecki-Raymo-2005,573.000000,,benthic_d18O,5.35,permil,observed;age_uncertainty_unavailable:LR04_file_has_proxy_error_not_age_error,973a52d988da04333c98c3fc0cb51babac2fa9bb1c05d42de3d6df726d96b6fc
LR04,Lisiecki-Raymo-2005,575.000000,,benthic_d18O,5.34,permil,observed;age_uncertainty_unavailable:LR04_file_has_proxy_error_not_age_error,973a52d988da04333c98c3fc0cb51babac2fa9bb1c05d42de3d6df726d96b6fc
LR04,Lisiecki-Raymo-2005,577.000000,,benthic_d18O,5.3,permil,observed;age_uncertainty_unavailable:LR04_file_has_proxy_error_not_age_error,973a52d988da04333c98c3fc0cb51babac2fa9bb1c05d42de3d6df726d96b6fc
LR04,Lisiecki-Raymo-2005,579.000000,,benthic_d18O,5.22,permil,observed;age_uncertainty_unavailable:LR04_file_has_proxy_error_not_age_error,973a52d988da04333c98c3fc0cb51babac2fa9bb1c05d42de3d6df726d96b6fc
LR04,Lisiecki-Raymo-2005,581.000000,,benthic_d18O,5.11,permil,observed;age_uncertainty_unavailable:LR04_file_has_proxy_error_not_age_error,973a52d988da04333c98c3fc0cb51babac2fa9bb1c05d42de3d6df726d96b6fc
LR04,Lisiecki-Raymo-2005,583.000000,,benthic_d18O,4.99,permil,observed;age_uncertainty_unavailable:LR04_file_has_proxy_error_not_age_error,973a52d988da04333c98c3fc0cb51babac2fa9bb1c05d42de3d6df726d96b6fc
LR04,Lisiecki-Raymo-2005,585.000000,,benthic_d18O,4.86,permil,observed;age_uncertainty_unavailable:LR04_file_has_proxy_error_not_age_error,973a52d988da04333c98c3fc0cb51babac2fa9bb1c05d42de3d6df726d96b6fc
LR04,Lisiecki-Raymo-2005,587.000000,,benthic_d18O,4.77,permil,observed;age_uncertainty_unavailable:LR04_file_has_proxy_error_not_age_error,973a52d988da04333c98c3fc0cb51babac2fa9bb1c05d42de3d6df726d96b6fc
LR04,Lisiecki-Raymo-2005,589.000000,,benthic_d18O,4.68,permil,observed;age_uncertainty_unavailable:LR04_file_has_proxy_error_not_age_error,973a52d988da04333c98c3fc0cb51babac2fa9bb1c05d42de3d6df726d96b6fc
LR04,Lisiecki-Raymo-2005,591.000000,,benthic_d18O,4.58,permil,observed;age_uncertainty_unavailable:LR04_file_has_proxy_error_not_age_error,973a52d988da04333c98c3fc0cb51babac2fa9bb1c05d42de3d6df726d96b6fc
LR04,Lisiecki-Raymo-2005,593.000000,,benthic_d18O,4.49,permil,observed;age_uncertainty_unavailable:LR04_file_has_proxy_error_not_age_error,973a52d988da04333c98c3fc0cb51babac2fa9bb1c05d42de3d6df726d96b6fc
LR04,Lisiecki-Raymo-2005,595.000000,,benthic_d18O,4.45,permil,observed;age_uncertainty_unavailable:LR04_file_has_proxy_error_not_age_error,973a52d988da04333c98c3fc0cb51babac2fa9bb1c05d42de3d6df726d96b6fc
LR04,Lisiecki-Raymo-2005,597.000000,,benthic_d18O,4.47,permil,observed;age_uncertainty_unavailable:LR04_file_has_proxy_error_not_age_error,973a52d988da04333c98c3fc0cb51babac2fa9bb1c05d42de3d6df726d96b6fc
LR04,Lisiecki-Raymo-2005,599.000000,,benthic_d18O,4.52,permil,observed;age_uncertainty_unavailable:LR04_file_has_proxy_error_not_age_error,973a52d988da04333c98c3fc0cb51babac2fa9bb1c05d42de3d6df726d96b6fc
LR04,Lisiecki-Raymo-2005,601.000000,,benthic_d18O,4.58,permil,observed;age_uncertainty_unavailable:LR04_file_has_proxy_error_not_age_error,973a52d988da04333c98c3fc0cb51babac2fa9bb1c05d42de3d6df726d96b6fc
LR04,Lisiecki-Raymo-2005,603.000000,,benthic_d18O,4.64,permil,observed;age_uncertainty_unavailable:LR04_file_has_proxy_error_not_age_error,973a52d988da04333c98c3fc0cb51babac2fa9bb1c05d42de3d6df726d96b6fc
LR04,Lisiecki-Raymo-2005,605.000000,,benthic_d18O,4.68,permil,observed;age_uncertainty_unavailable:LR04_file_has_proxy_error_not_age_error,973a52d988da04333c98c3fc0cb51babac2fa9bb1c05d42de3d6df726d96b6fc
LR04,Lisiecki-Raymo-2005,607.000000,,benthic_d18O,4.67,permil,observed;age_uncertainty_unavailable:LR04_file_has_proxy_error_not_age_error,973a52d988da04333c98c3fc0cb51babac2fa9bb1c05d42de3d6df726d96b6fc
LR04,Lisiecki-Raymo-2005,609.000000,,benthic_d18O,4.64,permil,observed;age_uncertainty_unavailable:LR04_file_has_proxy_error_not_age_error,973a52d988da04333c98c3fc0cb51babac2fa9bb1c05d42de3d6df726d96b6fc
LR04,Lisiecki-Raymo-2005,611.000000,,benthic_d18O,4.63,permil,observed;age_uncertainty_unavailable:LR04_file_has_proxy_error_not_age_error,973a52d988da04333c98c3fc0cb51babac2fa9bb1c05d42de3d6df726d96b6fc
LR04,Lisiecki-Raymo-2005,613.000000,,benthic_d18O,4.65,permil,observed;age_uncertainty_unavailable:LR04_file_has_proxy_error_not_age_error,973a52d988da04333c98c3fc0cb51babac2fa9bb1c05d42de3d6df726d96b6fc
LR04,Lisiecki-Raymo-2005,615.000000,,benthic_d18O,4.67,permil,observed;age_uncertainty_unavailable:LR04_file_has_proxy_error_not_age_error,973a52d988da04333c98c3fc0cb51babac2fa9bb1c05d42de3d6df726d96b6fc
LR04,Lisiecki-Raymo-2005,617.000000,,benthic_d18O,4.69,permil,observed;age_uncertainty_unavailable:LR04_file_has_proxy_error_not_age_error,973a52d988da04333c98c3fc0cb51babac2fa9bb1c05d42de3d6df726d96b6fc
LR04,Lisiecki-Raymo-2005,619.000000,,benthic_d18O,4.71,permil,observed;age_uncertainty_unavailable:LR04_file_has_proxy_error_not_age_error,973a52d988da04333c98c3fc0cb51babac2fa9bb1c05d42de3d6df726d96b6fc
LR04,Lisiecki-Raymo-2005,621.000000,,benthic_d18O,4.71,permil,observed;age_uncertainty_unavailable:LR04_file_has_proxy_error_not_age_error,973a52d988da04333c98c3fc0cb51babac2fa9bb1c05d42de3d6df726d96b6fc
LR04,Lisiecki-Raymo-2005,623.000000,,benthic_d18O,4.66,permil,observed;age_uncertainty_unavailable:LR04_file_has_proxy_error_not_age_error,973a52d988da04333c98c3fc0cb51babac2fa9bb1c05d42de3d6df726d96b6fc
LR04,Lisiecki-Raymo-2005,625.000000,,benthic_d18O,4.58,permil,observed;age_uncertainty_unavailable:LR04_file_has_proxy_error_not_age_error,973a52d988da04333c98c3fc0cb51babac2fa9bb1c05d42de3d6df726d96b6fc
LR04,Lisiecki-Raymo-2005,627.000000,,benthic_d18O,4.53,permil,observed;age_uncertainty_unavailable:LR04_file_has_proxy_error_not_age_error,973a52d988da04333c98c3fc0cb51babac2fa9bb1c05d42de3d6df726d96b6fc
LR04,Lisiecki-Raymo-2005,629.000000,,benthic_d18O,4.53,permil,observed;age_uncertainty_unavailable:LR04_file_has_proxy_error_not_age_error,973a52d988da04333c98c3fc0cb51babac2fa9bb1c05d42de3d6df726d96b6fc
LR04,Lisiecki-Raymo-2005,631.000000,,benthic_d18O,4.55,permil,observed;age_uncertainty_unavailable:LR04_file_has_proxy_error_not_age_error,973a52d988da04333c98c3fc0cb51babac2fa9bb1c05d42de3d6df726d96b6fc
LR04,Lisiecki-Raymo-2005,633.000000,,benthic_d18O,4.58,permil,observed;age_uncertainty_unavailable:LR04_file_has_proxy_error_not_age_error,973a52d988da04333c98c3fc0cb51babac2fa9bb1c05d42de3d6df726d96b6fc
LR04,Lisiecki-Raymo-2005,635.000000,,benthic_d18O,4.62,permil,observed;age_uncertainty_unavailable:LR04_file_has_proxy_error_not_age_error,973a52d988da04333c98c3fc0cb51babac2fa9bb1c05d42de3d6df726d96b6fc
LR04,Lisiecki-Raymo-2005,637.000000,,benthic_d18O,4.67,permil,observed;age_uncertainty_unavailable:LR04_file_has_proxy_error_not_age_error,973a52d988da04333c98c3fc0cb51babac2fa9bb1c05d42de3d6df726d96b6fc
LR04,Lisiecki-Raymo-2005,639.000000,,benthic_d18O,4.73,permil,observed;age_uncertainty_unavailable:LR04_file_has_proxy_error_not_age_error,973a52d988da04333c98c3fc0cb51babac2fa9bb1c05d42de3d6df726d96b6fc
LR04,Lisiecki-Raymo-2005,641.000000,,benthic_d18O,4.76,permil,observed;age_uncertainty_unavailable:LR04_file_has_proxy_error_not_age_error,973a52d988da04333c98c3fc0cb51babac2fa9bb1c05d42de3d6df726d96b6fc
LR04,Lisiecki-Raymo-2005,643.000000,,benthic_d18O,4.78,permil,observed;age_uncertainty_unavailable:LR04_file_has_proxy_error_not_age_error,973a52d988da04333c98c3fc0cb51babac2fa9bb1c05d42de3d6df726d96b6fc
LR04,Lisiecki-Raymo-2005,645.000000,,benthic_d18O,4.83,permil,observed;age_uncertainty_unavailable:LR04_file_has_proxy_error_not_age_error,973a52d988da04333c98c3fc0cb51babac2fa9bb1c05d42de3d6df726d96b6fc
LR04,Lisiecki-Raymo-2005,647.000000,,benthic_d18O,4.88,permil,observed;age_uncertainty_unavailable:LR04_file_has_proxy_error_not_age_error,973a52d988da04333c98c3fc0cb51babac2fa9bb1c05d42de3d6df726d96b6fc
LR04,Lisiecki-Raymo-2005,649.000000,,benthic_d18O,4.89,permil,observed;age_uncertainty_unavailable:LR04_file_has_proxy_error_not_age_error,973a52d988da04333c98c3fc0cb51babac2fa9bb1c05d42de3d6df726d96b6fc
LR04,Lisiecki-Raymo-2005,651.000000,,benthic_d18O,4.87,permil,observed;age_uncertainty_unavailable:LR04_file_has_proxy_error_not_age_error,973a52d988da04333c98c3fc0cb51babac2fa9bb1c05d42de3d6df726d96b6fc
LR04,Lisiecki-Raymo-2005,653.000000,,benthic_d18O,4.85,permil,observed;age_uncertainty_unavailable:LR04_file_has_proxy_error_not_age_error,973a52d988da04333c98c3fc0cb51babac2fa9bb1c05d42de3d6df726d96b6fc
LR04,Lisiecki-Raymo-2005,655.000000,,benthic_d18O,4.84,permil,observed;age_uncertainty_unavailable:LR04_file_has_proxy_error_not_age_error,973a52d988da04333c98c3fc0cb51babac2fa9bb1c05d42de3d6df726d96b6fc
LR04,Lisiecki-Raymo-2005,657.000000,,benthic_d18O,4.88,permil,observed;age_uncertainty_unavailable:LR04_file_has_proxy_error_not_age_error,973a52d988da04333c98c3fc0cb51babac2fa9bb1c05d42de3d6df726d96b6fc
LR04,Lisiecki-Raymo-2005,659.000000,,benthic_d18O,4.97,permil,observed;age_uncertainty_unavailable:LR04_file_has_proxy_error_not_age_error,973a52d988da04333c98c3fc0cb51babac2fa9bb1c05d42de3d6df726d96b6fc
LR04,Lisiecki-Raymo-2005,661.000000,,benthic_d18O,5.13,permil,observed;age_uncertainty_unavailable:LR04_file_has_proxy_error_not_age_error,973a52d988da04333c98c3fc0cb51babac2fa9bb1c05d42de3d6df726d96b6fc
LR04,Lisiecki-Raymo-2005,663.000000,,benthic_d18O,5.3,permil,observed;age_uncertainty_unavailable:LR04_file_has_proxy_error_not_age_error,973a52d988da04333c98c3fc0cb51babac2fa9bb1c05d42de3d6df726d96b6fc
LR04,Lisiecki-Raymo-2005,665.000000,,benthic_d18O,5.46,permil,observed;age_uncertainty_unavailable:LR04_file_has_proxy_error_not_age_error,973a52d988da04333c98c3fc0cb51babac2fa9bb1c05d42de3d6df726d96b6fc
LR04,Lisiecki-Raymo-2005,667.000000,,benthic_d18O,5.59,permil,observed;age_uncertainty_unavailable:LR04_file_has_proxy_error_not_age_error,973a52d988da04333c98c3fc0cb51babac2fa9bb1c05d42de3d6df726d96b6fc
LR04,Lisiecki-Raymo-2005,669.000000,,benthic_d18O,5.64,permil,observed;age_uncertainty_unavailable:LR04_file_has_proxy_error_not_age_error,973a52d988da04333c98c3fc0cb51babac2fa9bb1c05d42de3d6df726d96b6fc
LR04,Lisiecki-Raymo-2005,671.000000,,benthic_d18O,5.61,permil,observed;age_uncertainty_unavailable:LR04_file_has_proxy_error_not_age_error,973a52d988da04333c98c3fc0cb51babac2fa9bb1c05d42de3d6df726d96b6fc
LR04,Lisiecki-Raymo-2005,673.000000,,benthic_d18O,5.53,permil,observed;age_uncertainty_unavailable:LR04_file_has_proxy_error_not_age_error,973a52d988da04333c98c3fc0cb51babac2fa9bb1c05d42de3d6df726d96b6fc
LR04,Lisiecki-Raymo-2005,675.000000,,benthic_d18O,5.47,permil,observed;age_uncertainty_unavailable:LR04_file_has_proxy_error_not_age_error,973a52d988da04333c98c3fc0cb51babac2fa9bb1c05d42de3d6df726d96b6fc
LR04,Lisiecki-Raymo-2005,677.000000,,benthic_d18O,5.41,permil,observed;age_uncertainty_unavailable:LR04_file_has_proxy_error_not_age_error,973a52d988da04333c98c3fc0cb51babac2fa9bb1c05d42de3d6df726d96b6fc
LR04,Lisiecki-Raymo-2005,679.000000,,benthic_d18O,5.32,permil,observed;age_uncertainty_unavailable:LR04_file_has_proxy_error_not_age_error,973a52d988da04333c98c3fc0cb51babac2fa9bb1c05d42de3d6df726d96b6fc
LR04,Lisiecki-Raymo-2005,681.000000,,benthic_d18O,5.21,permil,observed;age_uncertainty_unavailable:LR04_file_has_proxy_error_not_age_error,973a52d988da04333c98c3fc0cb51babac2fa9bb1c05d42de3d6df726d96b6fc
LR04,Lisiecki-Raymo-2005,683.000000,,benthic_d18O,5.11,permil,observed;age_uncertainty_unavailable:LR04_file_has_proxy_error_not_age_error,973a52d988da04333c98c3fc0cb51babac2fa9bb1c05d42de3d6df726d96b6fc
LR04,Lisiecki-Raymo-2005,685.000000,,benthic_d18O,5,permil,observed;age_uncertainty_unavailable:LR04_file_has_proxy_error_not_age_error,973a52d988da04333c98c3fc0cb51babac2fa9bb1c05d42de3d6df726d96b6fc
LR04,Lisiecki-Raymo-2005,687.000000,,benthic_d18O,4.86,permil,observed;age_uncertainty_unavailable:LR04_file_has_proxy_error_not_age_error,973a52d988da04333c98c3fc0cb51babac2fa9bb1c05d42de3d6df726d96b6fc
LR04,Lisiecki-Raymo-2005,689.000000,,benthic_d18O,4.71,permil,observed;age_uncertainty_unavailable:LR04_file_has_proxy_error_not_age_error,973a52d988da04333c98c3fc0cb51babac2fa9bb1c05d42de3d6df726d96b6fc
LR04,Lisiecki-Raymo-2005,691.000000,,benthic_d18O,4.59,permil,observed;age_uncertainty_unavailable:LR04_file_has_proxy_error_not_age_error,973a52d988da04333c98c3fc0cb51babac2fa9bb1c05d42de3d6df726d96b6fc
LR04,Lisiecki-Raymo-2005,693.000000,,benthic_d18O,4.56,permil,observed;age_uncertainty_unavailable:LR04_file_has_proxy_error_not_age_error,973a52d988da04333c98c3fc0cb51babac2fa9bb1c05d42de3d6df726d96b6fc
LR04,Lisiecki-Raymo-2005,695.000000,,benthic_d18O,4.58,permil,observed;age_uncertainty_unavailable:LR04_file_has_proxy_error_not_age_error,973a52d988da04333c98c3fc0cb51babac2fa9bb1c05d42de3d6df726d96b6fc
LR04,Lisiecki-Raymo-2005,697.000000,,benthic_d18O,4.6,permil,observed;age_uncertainty_unavailable:LR04_file_has_proxy_error_not_age_error,973a52d988da04333c98c3fc0cb51babac2fa9bb1c05d42de3d6df726d96b6fc
LR04,Lisiecki-Raymo-2005,699.000000,,benthic_d18O,4.62,permil,observed;age_uncertainty_unavailable:LR04_file_has_proxy_error_not_age_error,973a52d988da04333c98c3fc0cb51babac2fa9bb1c05d42de3d6df726d96b6fc
LR04,Lisiecki-Raymo-2005,701.000000,,benthic_d18O,4.65,permil,observed;age_uncertainty_unavailable:LR04_file_has_proxy_error_not_age_error,973a52d988da04333c98c3fc0cb51babac2fa9bb1c05d42de3d6df726d96b6fc
LR04,Lisiecki-Raymo-2005,703.000000,,benthic_d18O,4.7,permil,observed;age_uncertainty_unavailable:LR04_file_has_proxy_error_not_age_error,973a52d988da04333c98c3fc0cb51babac2fa9bb1c05d42de3d6df726d96b6fc
LR04,Lisiecki-Raymo-2005,705.000000,,benthic_d18O,4.64,permil,observed;age_uncertainty_unavailable:LR04_file_has_proxy_error_not_age_error,973a52d988da04333c98c3fc0cb51babac2fa9bb1c05d42de3d6df726d96b6fc
LR04,Lisiecki-Raymo-2005,707.000000,,benthic_d18O,4.56,permil,observed;age_uncertainty_unavailable:LR04_file_has_proxy_error_not_age_error,973a52d988da04333c98c3fc0cb51babac2fa9bb1c05d42de3d6df726d96b6fc
LR04,Lisiecki-Raymo-2005,709.000000,,benthic_d18O,4.52,permil,observed;age_uncertainty_unavailable:LR04_file_has_proxy_error_not_age_error,973a52d988da04333c98c3fc0cb51babac2fa9bb1c05d42de3d6df726d96b6fc
LR04,Lisiecki-Raymo-2005,711.000000,,benthic_d18O,4.53,permil,observed;age_uncertainty_unavailable:LR04_file_has_proxy_error_not_age_error,973a52d988da04333c98c3fc0cb51babac2fa9bb1c05d42de3d6df726d96b6fc
LR04,Lisiecki-Raymo-2005,713.000000,,benthic_d18O,4.55,permil,observed;age_uncertainty_unavailable:LR04_file_has_proxy_error_not_age_error,973a52d988da04333c98c3fc0cb51babac2fa9bb1c05d42de3d6df726d96b6fc
LR04,Lisiecki-Raymo-2005,715.000000,,benthic_d18O,4.54,permil,observed;age_uncertainty_unavailable:LR04_file_has_proxy_error_not_age_error,973a52d988da04333c98c3fc0cb51babac2fa9bb1c05d42de3d6df726d96b6fc
LR04,Lisiecki-Raymo-2005,717.000000,,benthic_d18O,4.61,permil,observed;age_uncertainty_unavailable:LR04_file_has_proxy_error_not_age_error,973a52d988da04333c98c3fc0cb51babac2fa9bb1c05d42de3d6df726d96b6fc
LR04,Lisiecki-Raymo-2005,719.000000,,benthic_d18O,4.65,permil,observed;age_uncertainty_unavailable:LR04_file_has_proxy_error_not_age_error,973a52d988da04333c98c3fc0cb51babac2fa9bb1c05d42de3d6df726d96b6fc
LR04,Lisiecki-Raymo-2005,721.000000,,benthic_d18O,4.63,permil,observed;age_uncertainty_unavailable:LR04_file_has_proxy_error_not_age_error,973a52d988da04333c98c3fc0cb51babac2fa9bb1c05d42de3d6df726d96b6fc
LR04,Lisiecki-Raymo-2005,723.000000,,benthic_d18O,4.58,permil,observed;age_uncertainty_unavailable:LR04_file_has_proxy_error_not_age_error,973a52d988da04333c98c3fc0cb51babac2fa9bb1c05d42de3d6df726d96b6fc
LR04,Lisiecki-Raymo-2005,725.000000,,benthic_d18O,4.52,permil,observed;age_uncertainty_unavailable:LR04_file_has_proxy_error_not_age_error,973a52d988da04333c98c3fc0cb51babac2fa9bb1c05d42de3d6df726d96b6fc
LR04,Lisiecki-Raymo-2005,727.000000,,benthic_d18O,4.45,permil,observed;age_uncertainty_unavailable:LR04_file_has_proxy_error_not_age_error,973a52d988da04333c98c3fc0cb51babac2fa9bb1c05d42de3d6df726d96b6fc
LR04,Lisiecki-Raymo-2005,729.000000,,benthic_d18O,4.37,permil,observed;age_uncertainty_unavailable:LR04_file_has_proxy_error_not_age_error,973a52d988da04333c98c3fc0cb51babac2fa9bb1c05d42de3d6df726d96b6fc
LR04,Lisiecki-Raymo-2005,731.000000,,benthic_d18O,4.32,permil,observed;age_uncertainty_unavailable:LR04_file_has_proxy_error_not_age_error,973a52d988da04333c98c3fc0cb51babac2fa9bb1c05d42de3d6df726d96b6fc
LR04,Lisiecki-Raymo-2005,733.000000,,benthic_d18O,4.29,permil,observed;age_uncertainty_unavailable:LR04_file_has_proxy_error_not_age_error,973a52d988da04333c98c3fc0cb51babac2fa9bb1c05d42de3d6df726d96b6fc
LR04,Lisiecki-Raymo-2005,735.000000,,benthic_d18O,4.26,permil,observed;age_uncertainty_unavailable:LR04_file_has_proxy_error_not_age_error,973a52d988da04333c98c3fc0cb51babac2fa9bb1c05d42de3d6df726d96b6fc
LR04,Lisiecki-Raymo-2005,737.000000,,benthic_d18O,4.25,permil,observed;age_uncertainty_unavailable:LR04_file_has_proxy_error_not_age_error,973a52d988da04333c98c3fc0cb51babac2fa9bb1c05d42de3d6df726d96b6fc
LR04,Lisiecki-Raymo-2005,739.000000,,benthic_d18O,4.24,permil,observed;age_uncertainty_unavailable:LR04_file_has_proxy_error_not_age_error,973a52d988da04333c98c3fc0cb51babac2fa9bb1c05d42de3d6df726d96b6fc
LR04,Lisiecki-Raymo-2005,741.000000,,benthic_d18O,4.26,permil,observed;age_uncertainty_unavailable:LR04_file_has_proxy_error_not_age_error,973a52d988da04333c98c3fc0cb51babac2fa9bb1c05d42de3d6df726d96b6fc
LR04,Lisiecki-Raymo-2005,743.000000,,benthic_d18O,4.31,permil,observed;age_uncertainty_unavailable:LR04_file_has_proxy_error_not_age_error,973a52d988da04333c98c3fc0cb51babac2fa9bb1c05d42de3d6df726d96b6fc
LR04,Lisiecki-Raymo-2005,745.000000,,benthic_d18O,4.38,permil,observed;age_uncertainty_unavailable:LR04_file_has_proxy_error_not_age_error,973a52d988da04333c98c3fc0cb51babac2fa9bb1c05d42de3d6df726d96b6fc
LR04,Lisiecki-Raymo-2005,747.000000,,benthic_d18O,4.47,permil,observed;age_uncertainty_unavailable:LR04_file_has_proxy_error_not_age_error,973a52d988da04333c98c3fc0cb51babac2fa9bb1c05d42de3d6df726d96b6fc
LR04,Lisiecki-Raymo-2005,749.000000,,benthic_d18O,4.57,permil,observed;age_uncertainty_unavailable:LR04_file_has_proxy_error_not_age_error,973a52d988da04333c98c3fc0cb51babac2fa9bb1c05d42de3d6df726d96b6fc
LR04,Lisiecki-Raymo-2005,751.000000,,benthic_d18O,4.72,permil,observed;age_uncertainty_unavailable:LR04_file_has_proxy_error_not_age_error,973a52d988da04333c98c3fc0cb51babac2fa9bb1c05d42de3d6df726d96b6fc
LR04,Lisiecki-Raymo-2005,753.000000,,benthic_d18O,4.81,permil,observed;age_uncertainty_unavailable:LR04_file_has_proxy_error_not_age_error,973a52d988da04333c98c3fc0cb51babac2fa9bb1c05d42de3d6df726d96b6fc
LR04,Lisiecki-Raymo-2005,755.000000,,benthic_d18O,4.8,permil,observed;age_uncertainty_unavailable:LR04_file_has_proxy_error_not_age_error,973a52d988da04333c98c3fc0cb51babac2fa9bb1c05d42de3d6df726d96b6fc
LR04,Lisiecki-Raymo-2005,757.000000,,benthic_d18O,4.77,permil,observed;age_uncertainty_unavailable:LR04_file_has_proxy_error_not_age_error,973a52d988da04333c98c3fc0cb51babac2fa9bb1c05d42de3d6df726d96b6fc
LR04,Lisiecki-Raymo-2005,759.000000,,benthic_d18O,4.7,permil,observed;age_uncertainty_unavailable:LR04_file_has_proxy_error_not_age_error,973a52d988da04333c98c3fc0cb51babac2fa9bb1c05d42de3d6df726d96b6fc
LR04,Lisiecki-Raymo-2005,761.000000,,benthic_d18O,4.62,permil,observed;age_uncertainty_unavailable:LR04_file_has_proxy_error_not_age_error,973a52d988da04333c98c3fc0cb51babac2fa9bb1c05d42de3d6df726d96b6fc
LR04,Lisiecki-Raymo-2005,763.000000,,benthic_d18O,4.54,permil,observed;age_uncertainty_unavailable:LR04_file_has_proxy_error_not_age_error,973a52d988da04333c98c3fc0cb51babac2fa9bb1c05d42de3d6df726d96b6fc
LR04,Lisiecki-Raymo-2005,765.000000,,benthic_d18O,4.52,permil,observed;age_uncertainty_unavailable:LR04_file_has_proxy_error_not_age_error,973a52d988da04333c98c3fc0cb51babac2fa9bb1c05d42de3d6df726d96b6fc
LR04,Lisiecki-Raymo-2005,767.000000,,benthic_d18O,4.58,permil,observed;age_uncertainty_unavailable:LR04_file_has_proxy_error_not_age_error,973a52d988da04333c98c3fc0cb51babac2fa9bb1c05d42de3d6df726d96b6fc
LR04,Lisiecki-Raymo-2005,769.000000,,benthic_d18O,4.66,permil,observed;age_uncertainty_unavailable:LR04_file_has_proxy_error_not_age_error,973a52d988da04333c98c3fc0cb51babac2fa9bb1c05d42de3d6df726d96b6fc
LR04,Lisiecki-Raymo-2005,771.000000,,benthic_d18O,4.74,permil,observed;age_uncertainty_unavailable:LR04_file_has_proxy_error_not_age_error,973a52d988da04333c98c3fc0cb51babac2fa9bb1c05d42de3d6df726d96b6fc
LR04,Lisiecki-Raymo-2005,773.000000,,benthic_d18O,4.79,permil,observed;age_uncertainty_unavailable:LR04_file_has_proxy_error_not_age_error,973a52d988da04333c98c3fc0cb51babac2fa9bb1c05d42de3d6df726d96b6fc
LR04,Lisiecki-Raymo-2005,775.000000,,benthic_d18O,4.78,permil,observed;age_uncertainty_unavailable:LR04_file_has_proxy_error_not_age_error,973a52d988da04333c98c3fc0cb51babac2fa9bb1c05d42de3d6df726d96b6fc
LR04,Lisiecki-Raymo-2005,777.000000,,benthic_d18O,4.7,permil,observed;age_uncertainty_unavailable:LR04_file_has_proxy_error_not_age_error,973a52d988da04333c98c3fc0cb51babac2fa9bb1c05d42de3d6df726d96b6fc
LR04,Lisiecki-Raymo-2005,779.000000,,benthic_d18O,4.64,permil,observed;age_uncertainty_unavailable:LR04_file_has_proxy_error_not_age_error,973a52d988da04333c98c3fc0cb51babac2fa9bb1c05d42de3d6df726d96b6fc
LR04,Lisiecki-Raymo-2005,781.000000,,benthic_d18O,4.61,permil,observed;age_uncertainty_unavailable:LR04_file_has_proxy_error_not_age_error,973a52d988da04333c98c3fc0cb51babac2fa9bb1c05d42de3d6df726d96b6fc
LR04,Lisiecki-Raymo-2005,783.000000,,benthic_d18O,4.61,permil,observed;age_uncertainty_unavailable:LR04_file_has_proxy_error_not_age_error,973a52d988da04333c98c3fc0cb51babac2fa9bb1c05d42de3d6df726d96b6fc
LR04,Lisiecki-Raymo-2005,785.000000,,benthic_d18O,4.63,permil,observed;age_uncertainty_unavailable:LR04_file_has_proxy_error_not_age_error,973a52d988da04333c98c3fc0cb51babac2fa9bb1c05d42de3d6df726d96b6fc
LR04,Lisiecki-Raymo-2005,787.000000,,benthic_d18O,4.65,permil,observed;age_uncertainty_unavailable:LR04_file_has_proxy_error_not_age_error,973a52d988da04333c98c3fc0cb51babac2fa9bb1c05d42de3d6df726d96b6fc
LR04,Lisiecki-Raymo-2005,789.000000,,benthic_d18O,4.66,permil,observed;age_uncertainty_unavailable:LR04_file_has_proxy_error_not_age_error,973a52d988da04333c98c3fc0cb51babac2fa9bb1c05d42de3d6df726d96b6fc
LR04,Lisiecki-Raymo-2005,791.000000,,benthic_d18O,4.63,permil,observed;age_uncertainty_unavailable:LR04_file_has_proxy_error_not_age_error,973a52d988da04333c98c3fc0cb51babac2fa9bb1c05d42de3d6df726d96b6fc
LR04,Lisiecki-Raymo-2005,793.000000,,benthic_d18O,4.56,permil,observed;age_uncertainty_unavailable:LR04_file_has_proxy_error_not_age_error,973a52d988da04333c98c3fc0cb51babac2fa9bb1c05d42de3d6df726d96b6fc
LR04,Lisiecki-Raymo-2005,795.000000,,benthic_d18O,4.47,permil,observed;age_uncertainty_unavailable:LR04_file_has_proxy_error_not_age_error,973a52d988da04333c98c3fc0cb51babac2fa9bb1c05d42de3d6df726d96b6fc
LR04,Lisiecki-Raymo-2005,797.000000,,benthic_d18O,4.39,permil,observed;age_uncertainty_unavailable:LR04_file_has_proxy_error_not_age_error,973a52d988da04333c98c3fc0cb51babac2fa9bb1c05d42de3d6df726d96b6fc
LR04,Lisiecki-Raymo-2005,799.000000,,benthic_d18O,4.34,permil,observed;age_uncertainty_unavailable:LR04_file_has_proxy_error_not_age_error,973a52d988da04333c98c3fc0cb51babac2fa9bb1c05d42de3d6df726d96b6fc
LR04,Lisiecki-Raymo-2005,0.000000,,benthic_d18O,3.8,permil,observed;age_uncertainty_unavailable:LR04_file_has_proxy_error_not_age_error,973a52d988da04333c98c3fc0cb51babac2fa9bb1c05d42de3d6df726d96b6fc
LR04,Lisiecki-Raymo-2005,3.000000,,benthic_d18O,6.8,permil,observed;age_uncertainty_unavailable:LR04_file_has_proxy_error_not_age_error,973a52d988da04333c98c3fc0cb51babac2fa9bb1c05d42de3d6df726d96b6fc
LR04,Lisiecki-Raymo-2005,6.000000,,benthic_d18O,9.4,permil,observed;age_uncertainty_unavailable:LR04_file_has_proxy_error_not_age_error,973a52d988da04333c98c3fc0cb51babac2fa9bb1c05d42de3d6df726d96b6fc
LR04,Lisiecki-Raymo-2005,9.000000,,benthic_d18O,11.8,permil,observed;age_uncertainty_unavailable:LR04_file_has_proxy_error_not_age_error,973a52d988da04333c98c3fc0cb51babac2fa9bb1c05d42de3d6df726d96b6fc
LR04,Lisiecki-Raymo-2005,12.000000,,benthic_d18O,14.2,permil,observed;age_uncertainty_unavailable:LR04_file_has_proxy_error_not_age_error,973a52d988da04333c98c3fc0cb51babac2fa9bb1c05d42de3d6df726d96b6fc
LR04,Lisiecki-Raymo-2005,15.000000,,benthic_d18O,16.6,permil,observed;age_uncertainty_unavailable:LR04_file_has_proxy_error_not_age_error,973a52d988da04333c98c3fc0cb51babac2fa9bb1c05d42de3d6df726d96b6fc
LR04,Lisiecki-Raymo-2005,18.000000,,benthic_d18O,19,permil,observed;age_uncertainty_unavailable:LR04_file_has_proxy_error_not_age_error,973a52d988da04333c98c3fc0cb51babac2fa9bb1c05d42de3d6df726d96b6fc
LR04,Lisiecki-Raymo-2005,21.000000,,benthic_d18O,21.4,permil,observed;age_uncertainty_unavailable:LR04_file_has_proxy_error_not_age_error,973a52d988da04333c98c3fc0cb51babac2fa9bb1c05d42de3d6df726d96b6fc
LR04,Lisiecki-Raymo-2005,24.000000,,benthic_d18O,23.8,permil,observed;age_uncertainty_unavailable:LR04_file_has_proxy_error_not_age_error,973a52d988da04333c98c3fc0cb51babac2fa9bb1c05d42de3d6df726d96b6fc
LR04,Lisiecki-Raymo-2005,27.000000,,benthic_d18O,26.2,permil,observed;age_uncertainty_unavailable:LR04_file_has_proxy_error_not_age_error,973a52d988da04333c98c3fc0cb51babac2fa9bb1c05d42de3d6df726d96b6fc
LR04,Lisiecki-Raymo-2005,30.000000,,benthic_d18O,28.6,permil,observed;age_uncertainty_unavailable:LR04_file_has_proxy_error_not_age_error,973a52d988da04333c98c3fc0cb51babac2fa9bb1c05d42de3d6df726d96b6fc
LR04,Lisiecki-Raymo-2005,33.000000,,benthic_d18O,31,permil,observed;age_uncertainty_unavailable:LR04_file_has_proxy_error_not_age_error,973a52d988da04333c98c3fc0cb51babac2fa9bb1c05d42de3d6df726d96b6fc
LR04,Lisiecki-Raymo-2005,36.000000,,benthic_d18O,33.4,permil,observed;age_uncertainty_unavailable:LR04_file_has_proxy_error_not_age_error,973a52d988da04333c98c3fc0cb51babac2fa9bb1c05d42de3d6df726d96b6fc
LR04,Lisiecki-Raymo-2005,39.000000,,benthic_d18O,35.9,permil,observed;age_uncertainty_unavailable:LR04_file_has_proxy_error_not_age_error,973a52d988da04333c98c3fc0cb51babac2fa9bb1c05d42de3d6df726d96b6fc
LR04,Lisiecki-Raymo-2005,42.000000,,benthic_d18O,38.3,permil,observed;age_uncertainty_unavailable:LR04_file_has_proxy_error_not_age_error,973a52d988da04333c98c3fc0cb51babac2fa9bb1c05d42de3d6df726d96b6fc
LR04,Lisiecki-Raymo-2005,45.000000,,benthic_d18O,41.3,permil,observed;age_uncertainty_unavailable:LR04_file_has_proxy_error_not_age_error,973a52d988da04333c98c3fc0cb51babac2fa9bb1c05d42de3d6df726d96b6fc
LR04,Lisiecki-Raymo-2005,48.000000,,benthic_d18O,44.3,permil,observed;age_uncertainty_unavailable:LR04_file_has_proxy_error_not_age_error,973a52d988da04333c98c3fc0cb51babac2fa9bb1c05d42de3d6df726d96b6fc
LR04,Lisiecki-Raymo-2005,51.000000,,benthic_d18O,47.3,permil,observed;age_uncertainty_unavailable:LR04_file_has_proxy_error_not_age_error,973a52d988da04333c98c3fc0cb51babac2fa9bb1c05d42de3d6df726d96b6fc
LR04,Lisiecki-Raymo-2005,54.000000,,benthic_d18O,50.3,permil,observed;age_uncertainty_unavailable:LR04_file_has_proxy_error_not_age_error,973a52d988da04333c98c3fc0cb51babac2fa9bb1c05d42de3d6df726d96b6fc
LR04,Lisiecki-Raymo-2005,57.000000,,benthic_d18O,53.4,permil,observed;age_uncertainty_unavailable:LR04_file_has_proxy_error_not_age_error,973a52d988da04333c98c3fc0cb51babac2fa9bb1c05d42de3d6df726d96b6fc
LR04,Lisiecki-Raymo-2005,60.000000,,benthic_d18O,56.4,permil,observed;age_uncertainty_unavailable:LR04_file_has_proxy_error_not_age_error,973a52d988da04333c98c3fc0cb51babac2fa9bb1c05d42de3d6df726d96b6fc
LR04,Lisiecki-Raymo-2005,63.000000,,benthic_d18O,59.4,permil,observed;age_uncertainty_unavailable:LR04_file_has_proxy_error_not_age_error,973a52d988da04333c98c3fc0cb51babac2fa9bb1c05d42de3d6df726d96b6fc
LR04,Lisiecki-Raymo-2005,66.000000,,benthic_d18O,62.4,permil,observed;age_uncertainty_unavailable:LR04_file_has_proxy_error_not_age_error,973a52d988da04333c98c3fc0cb51babac2fa9bb1c05d42de3d6df726d96b6fc
LR04,Lisiecki-Raymo-2005,69.000000,,benthic_d18O,65.4,permil,observed;age_uncertainty_unavailable:LR04_file_has_proxy_error_not_age_error,973a52d988da04333c98c3fc0cb51babac2fa9bb1c05d42de3d6df726d96b6fc
LR04,Lisiecki-Raymo-2005,72.000000,,benthic_d18O,68.4,permil,observed;age_uncertainty_unavailable:LR04_file_has_proxy_error_not_age_error,973a52d988da04333c98c3fc0cb51babac2fa9bb1c05d42de3d6df726d96b6fc
LR04,Lisiecki-Raymo-2005,75.000000,,benthic_d18O,71.4,permil,observed;age_uncertainty_unavailable:LR04_file_has_proxy_error_not_age_error,973a52d988da04333c98c3fc0cb51babac2fa9bb1c05d42de3d6df726d96b6fc
LR04,Lisiecki-Raymo-2005,78.000000,,benthic_d18O,74.4,permil,observed;age_uncertainty_unavailable:LR04_file_has_proxy_error_not_age_error,973a52d988da04333c98c3fc0cb51babac2fa9bb1c05d42de3d6df726d96b6fc
LR04,Lisiecki-Raymo-2005,81.000000,,benthic_d18O,77.4,permil,observed;age_uncertainty_unavailable:LR04_file_has_proxy_error_not_age_error,973a52d988da04333c98c3fc0cb51babac2fa9bb1c05d42de3d6df726d96b6fc
LR04,Lisiecki-Raymo-2005,84.000000,,benthic_d18O,80.4,permil,observed;age_uncertainty_unavailable:LR04_file_has_proxy_error_not_age_error,973a52d988da04333c98c3fc0cb51babac2fa9bb1c05d42de3d6df726d96b6fc
LR04,Lisiecki-Raymo-2005,87.000000,,benthic_d18O,83.4,permil,observed;age_uncertainty_unavailable:LR04_file_has_proxy_error_not_age_error,973a52d988da04333c98c3fc0cb51babac2fa9bb1c05d42de3d6df726d96b6fc
LR04,Lisiecki-Raymo-2005,90.000000,,benthic_d18O,86.5,permil,observed;age_uncertainty_unavailable:LR04_file_has_proxy_error_not_age_error,973a52d988da04333c98c3fc0cb51babac2fa9bb1c05d42de3d6df726d96b6fc
LR04,Lisiecki-Raymo-2005,93.000000,,benthic_d18O,89.5,permil,observed;age_uncertainty_unavailable:LR04_file_has_proxy_error_not_age_error,973a52d988da04333c98c3fc0cb51babac2fa9bb1c05d42de3d6df726d96b6fc
LR04,Lisiecki-Raymo-2005,96.000000,,benthic_d18O,92.8,permil,observed;age_uncertainty_unavailable:LR04_file_has_proxy_error_not_age_error,973a52d988da04333c98c3fc0cb51babac2fa9bb1c05d42de3d6df726d96b6fc
LR04,Lisiecki-Raymo-2005,99.000000,,benthic_d18O,96.5,permil,observed;age_uncertainty_unavailable:LR04_file_has_proxy_error_not_age_error,973a52d988da04333c98c3fc0cb51babac2fa9bb1c05d42de3d6df726d96b6fc
LR04,Lisiecki-Raymo-2005,102.000000,,benthic_d18O,100.3,permil,observed;age_uncertainty_unavailable:LR04_file_has_proxy_error_not_age_error,973a52d988da04333c98c3fc0cb51babac2fa9bb1c05d42de3d6df726d96b6fc
LR04,Lisiecki-Raymo-2005,105.000000,,benthic_d18O,104,permil,observed;age_uncertainty_unavailable:LR04_file_has_proxy_error_not_age_error,973a52d988da04333c98c3fc0cb51babac2fa9bb1c05d42de3d6df726d96b6fc
LR04,Lisiecki-Raymo-2005,108.000000,,benthic_d18O,107.8,permil,observed;age_uncertainty_unavailable:LR04_file_has_proxy_error_not_age_error,973a52d988da04333c98c3fc0cb51babac2fa9bb1c05d42de3d6df726d96b6fc
LR04,Lisiecki-Raymo-2005,111.000000,,benthic_d18O,111.6,permil,observed;age_uncertainty_unavailable:LR04_file_has_proxy_error_not_age_error,973a52d988da04333c98c3fc0cb51babac2fa9bb1c05d42de3d6df726d96b6fc
LR04,Lisiecki-Raymo-2005,114.000000,,benthic_d18O,115.3,permil,observed;age_uncertainty_unavailable:LR04_file_has_proxy_error_not_age_error,973a52d988da04333c98c3fc0cb51babac2fa9bb1c05d42de3d6df726d96b6fc
LR04,Lisiecki-Raymo-2005,117.000000,,benthic_d18O,119.1,permil,observed;age_uncertainty_unavailable:LR04_file_has_proxy_error_not_age_error,973a52d988da04333c98c3fc0cb51babac2fa9bb1c05d42de3d6df726d96b6fc
LR04,Lisiecki-Raymo-2005,120.000000,,benthic_d18O,122.8,permil,observed;age_uncertainty_unavailable:LR04_file_has_proxy_error_not_age_error,973a52d988da04333c98c3fc0cb51babac2fa9bb1c05d42de3d6df726d96b6fc
LR04,Lisiecki-Raymo-2005,123.000000,,benthic_d18O,126.6,permil,observed;age_uncertainty_unavailable:LR04_file_has_proxy_error_not_age_error,973a52d988da04333c98c3fc0cb51babac2fa9bb1c05d42de3d6df726d96b6fc
LR04,Lisiecki-Raymo-2005,126.000000,,benthic_d18O,130.2,permil,observed;age_uncertainty_unavailable:LR04_file_has_proxy_error_not_age_error,973a52d988da04333c98c3fc0cb51babac2fa9bb1c05d42de3d6df726d96b6fc
LR04,Lisiecki-Raymo-2005,129.000000,,benthic_d18O,133.2,permil,observed;age_uncertainty_unavailable:LR04_file_has_proxy_error_not_age_error,973a52d988da04333c98c3fc0cb51babac2fa9bb1c05d42de3d6df726d96b6fc
LR04,Lisiecki-Raymo-2005,132.000000,,benthic_d18O,135.6,permil,observed;age_uncertainty_unavailable:LR04_file_has_proxy_error_not_age_error,973a52d988da04333c98c3fc0cb51babac2fa9bb1c05d42de3d6df726d96b6fc
LR04,Lisiecki-Raymo-2005,135.000000,,benthic_d18O,138,permil,observed;age_uncertainty_unavailable:LR04_file_has_proxy_error_not_age_error,973a52d988da04333c98c3fc0cb51babac2fa9bb1c05d42de3d6df726d96b6fc
LR04,Lisiecki-Raymo-2005,138.000000,,benthic_d18O,140.4,permil,observed;age_uncertainty_unavailable:LR04_file_has_proxy_error_not_age_error,973a52d988da04333c98c3fc0cb51babac2fa9bb1c05d42de3d6df726d96b6fc
LR04,Lisiecki-Raymo-2005,141.000000,,benthic_d18O,142.8,permil,observed;age_uncertainty_unavailable:LR04_file_has_proxy_error_not_age_error,973a52d988da04333c98c3fc0cb51babac2fa9bb1c05d42de3d6df726d96b6fc
LR04,Lisiecki-Raymo-2005,144.000000,,benthic_d18O,145.2,permil,observed;age_uncertainty_unavailable:LR04_file_has_proxy_error_not_age_error,973a52d988da04333c98c3fc0cb51babac2fa9bb1c05d42de3d6df726d96b6fc
LR04,Lisiecki-Raymo-2005,147.000000,,benthic_d18O,147.6,permil,observed;age_uncertainty_unavailable:LR04_file_has_proxy_error_not_age_error,973a52d988da04333c98c3fc0cb51babac2fa9bb1c05d42de3d6df726d96b6fc
LR04,Lisiecki-Raymo-2005,150.000000,,benthic_d18O,150.4,permil,observed;age_uncertainty_unavailable:LR04_file_has_proxy_error_not_age_error,973a52d988da04333c98c3fc0cb51babac2fa9bb1c05d42de3d6df726d96b6fc
LR04,Lisiecki-Raymo-2005,153.000000,,benthic_d18O,153.4,permil,observed;age_uncertainty_unavailable:LR04_file_has_proxy_error_not_age_error,973a52d988da04333c98c3fc0cb51babac2fa9bb1c05d42de3d6df726d96b6fc
LR04,Lisiecki-Raymo-2005,156.000000,,benthic_d18O,156.4,permil,observed;age_uncertainty_unavailable:LR04_file_has_proxy_error_not_age_error,973a52d988da04333c98c3fc0cb51babac2fa9bb1c05d42de3d6df726d96b6fc
LR04,Lisiecki-Raymo-2005,159.000000,,benthic_d18O,159.4,permil,observed;age_uncertainty_unavailable:LR04_file_has_proxy_error_not_age_error,973a52d988da04333c98c3fc0cb51babac2fa9bb1c05d42de3d6df726d96b6fc
LR04,Lisiecki-Raymo-2005,162.000000,,benthic_d18O,162.5,permil,observed;age_uncertainty_unavailable:LR04_file_has_proxy_error_not_age_error,973a52d988da04333c98c3fc0cb51babac2fa9bb1c05d42de3d6df726d96b6fc
LR04,Lisiecki-Raymo-2005,165.000000,,benthic_d18O,165.5,permil,observed;age_uncertainty_unavailable:LR04_file_has_proxy_error_not_age_error,973a52d988da04333c98c3fc0cb51babac2fa9bb1c05d42de3d6df726d96b6fc
LR04,Lisiecki-Raymo-2005,168.000000,,benthic_d18O,168.5,permil,observed;age_uncertainty_unavailable:LR04_file_has_proxy_error_not_age_error,973a52d988da04333c98c3fc0cb51babac2fa9bb1c05d42de3d6df726d96b6fc
LR04,Lisiecki-Raymo-2005,171.000000,,benthic_d18O,171.5,permil,observed;age_uncertainty_unavailable:LR04_file_has_proxy_error_not_age_error,973a52d988da04333c98c3fc0cb51babac2fa9bb1c05d42de3d6df726d96b6fc
LR04,Lisiecki-Raymo-2005,174.000000,,benthic_d18O,174.5,permil,observed;age_uncertainty_unavailable:LR04_file_has_proxy_error_not_age_error,973a52d988da04333c98c3fc0cb51babac2fa9bb1c05d42de3d6df726d96b6fc
LR04,Lisiecki-Raymo-2005,177.000000,,benthic_d18O,177.5,permil,observed;age_uncertainty_unavailable:LR04_file_has_proxy_error_not_age_error,973a52d988da04333c98c3fc0cb51babac2fa9bb1c05d42de3d6df726d96b6fc
LR04,Lisiecki-Raymo-2005,180.000000,,benthic_d18O,180.5,permil,observed;age_uncertainty_unavailable:LR04_file_has_proxy_error_not_age_error,973a52d988da04333c98c3fc0cb51babac2fa9bb1c05d42de3d6df726d96b6fc
LR04,Lisiecki-Raymo-2005,183.000000,,benthic_d18O,183.5,permil,observed;age_uncertainty_unavailable:LR04_file_has_proxy_error_not_age_error,973a52d988da04333c98c3fc0cb51babac2fa9bb1c05d42de3d6df726d96b6fc
LR04,Lisiecki-Raymo-2005,186.000000,,benthic_d18O,186.5,permil,observed;age_uncertainty_unavailable:LR04_file_has_proxy_error_not_age_error,973a52d988da04333c98c3fc0cb51babac2fa9bb1c05d42de3d6df726d96b6fc
LR04,Lisiecki-Raymo-2005,189.000000,,benthic_d18O,189.5,permil,observed;age_uncertainty_unavailable:LR04_file_has_proxy_error_not_age_error,973a52d988da04333c98c3fc0cb51babac2fa9bb1c05d42de3d6df726d96b6fc
LR04,Lisiecki-Raymo-2005,192.000000,,benthic_d18O,192.5,permil,observed;age_uncertainty_unavailable:LR04_file_has_proxy_error_not_age_error,973a52d988da04333c98c3fc0cb51babac2fa9bb1c05d42de3d6df726d96b6fc
LR04,Lisiecki-Raymo-2005,195.000000,,benthic_d18O,195.6,permil,observed;age_uncertainty_unavailable:LR04_file_has_proxy_error_not_age_error,973a52d988da04333c98c3fc0cb51babac2fa9bb1c05d42de3d6df726d96b6fc
LR04,Lisiecki-Raymo-2005,198.000000,,benthic_d18O,198.6,permil,observed;age_uncertainty_unavailable:LR04_file_has_proxy_error_not_age_error,973a52d988da04333c98c3fc0cb51babac2fa9bb1c05d42de3d6df726d96b6fc
LR04,Lisiecki-Raymo-2005,201.000000,,benthic_d18O,201.6,permil,observed;age_uncertainty_unavailable:LR04_file_has_proxy_error_not_age_error,973a52d988da04333c98c3fc0cb51babac2fa9bb1c05d42de3d6df726d96b6fc
LR04,Lisiecki-Raymo-2005,204.000000,,benthic_d18O,204.6,permil,observed;age_uncertainty_unavailable:LR04_file_has_proxy_error_not_age_error,973a52d988da04333c98c3fc0cb51babac2fa9bb1c05d42de3d6df726d96b6fc
LR04,Lisiecki-Raymo-2005,207.000000,,benthic_d18O,207.6,permil,observed;age_uncertainty_unavailable:LR04_file_has_proxy_error_not_age_error,973a52d988da04333c98c3fc0cb51babac2fa9bb1c05d42de3d6df726d96b6fc
LR04,Lisiecki-Raymo-2005,210.000000,,benthic_d18O,210.6,permil,observed;age_uncertainty_unavailable:LR04_file_has_proxy_error_not_age_error,973a52d988da04333c98c3fc0cb51babac2fa9bb1c05d42de3d6df726d96b6fc
LR04,Lisiecki-Raymo-2005,213.000000,,benthic_d18O,213.6,permil,observed;age_uncertainty_unavailable:LR04_file_has_proxy_error_not_age_error,973a52d988da04333c98c3fc0cb51babac2fa9bb1c05d42de3d6df726d96b6fc
LR04,Lisiecki-Raymo-2005,216.000000,,benthic_d18O,216.6,permil,observed;age_uncertainty_unavailable:LR04_file_has_proxy_error_not_age_error,973a52d988da04333c98c3fc0cb51babac2fa9bb1c05d42de3d6df726d96b6fc
LR04,Lisiecki-Raymo-2005,219.000000,,benthic_d18O,219.6,permil,observed;age_uncertainty_unavailable:LR04_file_has_proxy_error_not_age_error,973a52d988da04333c98c3fc0cb51babac2fa9bb1c05d42de3d6df726d96b6fc
LR04,Lisiecki-Raymo-2005,222.000000,,benthic_d18O,222.6,permil,observed;age_uncertainty_unavailable:LR04_file_has_proxy_error_not_age_error,973a52d988da04333c98c3fc0cb51babac2fa9bb1c05d42de3d6df726d96b6fc
LR04,Lisiecki-Raymo-2005,225.000000,,benthic_d18O,225.6,permil,observed;age_uncertainty_unavailable:LR04_file_has_proxy_error_not_age_error,973a52d988da04333c98c3fc0cb51babac2fa9bb1c05d42de3d6df726d96b6fc
LR04,Lisiecki-Raymo-2005,228.000000,,benthic_d18O,228.6,permil,observed;age_uncertainty_unavailable:LR04_file_has_proxy_error_not_age_error,973a52d988da04333c98c3fc0cb51babac2fa9bb1c05d42de3d6df726d96b6fc
LR04,Lisiecki-Raymo-2005,231.000000,,benthic_d18O,231.7,permil,observed;age_uncertainty_unavailable:LR04_file_has_proxy_error_not_age_error,973a52d988da04333c98c3fc0cb51babac2fa9bb1c05d42de3d6df726d96b6fc
LR04,Lisiecki-Raymo-2005,234.000000,,benthic_d18O,235.3,permil,observed;age_uncertainty_unavailable:LR04_file_has_proxy_error_not_age_error,973a52d988da04333c98c3fc0cb51babac2fa9bb1c05d42de3d6df726d96b6fc
LR04,Lisiecki-Raymo-2005,237.000000,,benthic_d18O,239.1,permil,observed;age_uncertainty_unavailable:LR04_file_has_proxy_error_not_age_error,973a52d988da04333c98c3fc0cb51babac2fa9bb1c05d42de3d6df726d96b6fc
LR04,Lisiecki-Raymo-2005,240.000000,,benthic_d18O,242.8,permil,observed;age_uncertainty_unavailable:LR04_file_has_proxy_error_not_age_error,973a52d988da04333c98c3fc0cb51babac2fa9bb1c05d42de3d6df726d96b6fc
LR04,Lisiecki-Raymo-2005,243.000000,,benthic_d18O,246.6,permil,observed;age_uncertainty_unavailable:LR04_file_has_proxy_error_not_age_error,973a52d988da04333c98c3fc0cb51babac2fa9bb1c05d42de3d6df726d96b6fc
LR04,Lisiecki-Raymo-2005,246.000000,,benthic_d18O,250.4,permil,observed;age_uncertainty_unavailable:LR04_file_has_proxy_error_not_age_error,973a52d988da04333c98c3fc0cb51babac2fa9bb1c05d42de3d6df726d96b6fc
LR04,Lisiecki-Raymo-2005,249.000000,,benthic_d18O,253.5,permil,observed;age_uncertainty_unavailable:LR04_file_has_proxy_error_not_age_error,973a52d988da04333c98c3fc0cb51babac2fa9bb1c05d42de3d6df726d96b6fc
LR04,Lisiecki-Raymo-2005,252.000000,,benthic_d18O,256.5,permil,observed;age_uncertainty_unavailable:LR04_file_has_proxy_error_not_age_error,973a52d988da04333c98c3fc0cb51babac2fa9bb1c05d42de3d6df726d96b6fc
LR04,Lisiecki-Raymo-2005,255.000000,,benthic_d18O,259.5,permil,observed;age_uncertainty_unavailable:LR04_file_has_proxy_error_not_age_error,973a52d988da04333c98c3fc0cb51babac2fa9bb1c05d42de3d6df726d96b6fc
LR04,Lisiecki-Raymo-2005,258.000000,,benthic_d18O,262.5,permil,observed;age_uncertainty_unavailable:LR04_file_has_proxy_error_not_age_error,973a52d988da04333c98c3fc0cb51babac2fa9bb1c05d42de3d6df726d96b6fc
LR04,Lisiecki-Raymo-2005,261.000000,,benthic_d18O,264.9,permil,observed;age_uncertainty_unavailable:LR04_file_has_proxy_error_not_age_error,973a52d988da04333c98c3fc0cb51babac2fa9bb1c05d42de3d6df726d96b6fc
LR04,Lisiecki-Raymo-2005,264.000000,,benthic_d18O,267.3,permil,observed;age_uncertainty_unavailable:LR04_file_has_proxy_error_not_age_error,973a52d988da04333c98c3fc0cb51babac2fa9bb1c05d42de3d6df726d96b6fc
LR04,Lisiecki-Raymo-2005,267.000000,,benthic_d18O,269.7,permil,observed;age_uncertainty_unavailable:LR04_file_has_proxy_error_not_age_error,973a52d988da04333c98c3fc0cb51babac2fa9bb1c05d42de3d6df726d96b6fc
LR04,Lisiecki-Raymo-2005,270.000000,,benthic_d18O,272.1,permil,observed;age_uncertainty_unavailable:LR04_file_has_proxy_error_not_age_error,973a52d988da04333c98c3fc0cb51babac2fa9bb1c05d42de3d6df726d96b6fc
LR04,Lisiecki-Raymo-2005,273.000000,,benthic_d18O,274.5,permil,observed;age_uncertainty_unavailable:LR04_file_has_proxy_error_not_age_error,973a52d988da04333c98c3fc0cb51babac2fa9bb1c05d42de3d6df726d96b6fc
LR04,Lisiecki-Raymo-2005,276.000000,,benthic_d18O,277,permil,observed;age_uncertainty_unavailable:LR04_file_has_proxy_error_not_age_error,973a52d988da04333c98c3fc0cb51babac2fa9bb1c05d42de3d6df726d96b6fc
LR04,Lisiecki-Raymo-2005,279.000000,,benthic_d18O,279.4,permil,observed;age_uncertainty_unavailable:LR04_file_has_proxy_error_not_age_error,973a52d988da04333c98c3fc0cb51babac2fa9bb1c05d42de3d6df726d96b6fc
LR04,Lisiecki-Raymo-2005,282.000000,,benthic_d18O,281.8,permil,observed;age_uncertainty_unavailable:LR04_file_has_proxy_error_not_age_error,973a52d988da04333c98c3fc0cb51babac2fa9bb1c05d42de3d6df726d96b6fc
LR04,Lisiecki-Raymo-2005,285.000000,,benthic_d18O,284.2,permil,observed;age_uncertainty_unavailable:LR04_file_has_proxy_error_not_age_error,973a52d988da04333c98c3fc0cb51babac2fa9bb1c05d42de3d6df726d96b6fc
LR04,Lisiecki-Raymo-2005,288.000000,,benthic_d18O,286.6,permil,observed;age_uncertainty_unavailable:LR04_file_has_proxy_error_not_age_error,973a52d988da04333c98c3fc0cb51babac2fa9bb1c05d42de3d6df726d96b6fc
LR04,Lisiecki-Raymo-2005,291.000000,,benthic_d18O,289,permil,observed;age_uncertainty_unavailable:LR04_file_has_proxy_error_not_age_error,973a52d988da04333c98c3fc0cb51babac2fa9bb1c05d42de3d6df726d96b6fc
LR04,Lisiecki-Raymo-2005,294.000000,,benthic_d18O,291.4,permil,observed;age_uncertainty_unavailable:LR04_file_has_proxy_error_not_age_error,973a52d988da04333c98c3fc0cb51babac2fa9bb1c05d42de3d6df726d96b6fc
LR04,Lisiecki-Raymo-2005,297.000000,,benthic_d18O,294,permil,observed;age_uncertainty_unavailable:LR04_file_has_proxy_error_not_age_error,973a52d988da04333c98c3fc0cb51babac2fa9bb1c05d42de3d6df726d96b6fc
LR04,Lisiecki-Raymo-2005,300.000000,,benthic_d18O,297,permil,observed;age_uncertainty_unavailable:LR04_file_has_proxy_error_not_age_error,973a52d988da04333c98c3fc0cb51babac2fa9bb1c05d42de3d6df726d96b6fc
LR04,Lisiecki-Raymo-2005,303.000000,,benthic_d18O,300.1,permil,observed;age_uncertainty_unavailable:LR04_file_has_proxy_error_not_age_error,973a52d988da04333c98c3fc0cb51babac2fa9bb1c05d42de3d6df726d96b6fc
LR04,Lisiecki-Raymo-2005,306.000000,,benthic_d18O,303.1,permil,observed;age_uncertainty_unavailable:LR04_file_has_proxy_error_not_age_error,973a52d988da04333c98c3fc0cb51babac2fa9bb1c05d42de3d6df726d96b6fc
LR04,Lisiecki-Raymo-2005,309.000000,,benthic_d18O,306.1,permil,observed;age_uncertainty_unavailable:LR04_file_has_proxy_error_not_age_error,973a52d988da04333c98c3fc0cb51babac2fa9bb1c05d42de3d6df726d96b6fc
LR04,Lisiecki-Raymo-2005,312.000000,,benthic_d18O,309.1,permil,observed;age_uncertainty_unavailable:LR04_file_has_proxy_error_not_age_error,973a52d988da04333c98c3fc0cb51babac2fa9bb1c05d42de3d6df726d96b6fc
LR04,Lisiecki-Raymo-2005,315.000000,,benthic_d18O,312.1,permil,observed;age_uncertainty_unavailable:LR04_file_has_proxy_error_not_age_error,973a52d988da04333c98c3fc0cb51babac2fa9bb1c05d42de3d6df726d96b6fc
LR04,Lisiecki-Raymo-2005,318.000000,,benthic_d18O,315.9,permil,observed;age_uncertainty_unavailable:LR04_file_has_proxy_error_not_age_error,973a52d988da04333c98c3fc0cb51babac2fa9bb1c05d42de3d6df726d96b6fc
LR04,Lisiecki-Raymo-2005,321.000000,,benthic_d18O,319.7,permil,observed;age_uncertainty_unavailable:LR04_file_has_proxy_error_not_age_error,973a52d988da04333c98c3fc0cb51babac2fa9bb1c05d42de3d6df726d96b6fc
LR04,Lisiecki-Raymo-2005,324.000000,,benthic_d18O,323.4,permil,observed;age_uncertainty_unavailable:LR04_file_has_proxy_error_not_age_error,973a52d988da04333c98c3fc0cb51babac2fa9bb1c05d42de3d6df726d96b6fc
LR04,Lisiecki-Raymo-2005,327.000000,,benthic_d18O,327.2,permil,observed;age_uncertainty_unavailable:LR04_file_has_proxy_error_not_age_error,973a52d988da04333c98c3fc0cb51babac2fa9bb1c05d42de3d6df726d96b6fc
LR04,Lisiecki-Raymo-2005,330.000000,,benthic_d18O,330.9,permil,observed;age_uncertainty_unavailable:LR04_file_has_proxy_error_not_age_error,973a52d988da04333c98c3fc0cb51babac2fa9bb1c05d42de3d6df726d96b6fc
LR04,Lisiecki-Raymo-2005,333.000000,,benthic_d18O,333.9,permil,observed;age_uncertainty_unavailable:LR04_file_has_proxy_error_not_age_error,973a52d988da04333c98c3fc0cb51babac2fa9bb1c05d42de3d6df726d96b6fc
LR04,Lisiecki-Raymo-2005,336.000000,,benthic_d18O,336.5,permil,observed;age_uncertainty_unavailable:LR04_file_has_proxy_error_not_age_error,973a52d988da04333c98c3fc0cb51babac2fa9bb1c05d42de3d6df726d96b6fc
LR04,Lisiecki-Raymo-2005,339.000000,,benthic_d18O,338.9,permil,observed;age_uncertainty_unavailable:LR04_file_has_proxy_error_not_age_error,973a52d988da04333c98c3fc0cb51babac2fa9bb1c05d42de3d6df726d96b6fc
LR04,Lisiecki-Raymo-2005,342.000000,,benthic_d18O,341.3,permil,observed;age_uncertainty_unavailable:LR04_file_has_proxy_error_not_age_error,973a52d988da04333c98c3fc0cb51babac2fa9bb1c05d42de3d6df726d96b6fc
LR04,Lisiecki-Raymo-2005,345.000000,,benthic_d18O,343.7,permil,observed;age_uncertainty_unavailable:LR04_file_has_proxy_error_not_age_error,973a52d988da04333c98c3fc0cb51babac2fa9bb1c05d42de3d6df726d96b6fc
LR04,Lisiecki-Raymo-2005,348.000000,,benthic_d18O,346.1,permil,observed;age_uncertainty_unavailable:LR04_file_has_proxy_error_not_age_error,973a52d988da04333c98c3fc0cb51babac2fa9bb1c05d42de3d6df726d96b6fc
LR04,Lisiecki-Raymo-2005,351.000000,,benthic_d18O,348.5,permil,observed;age_uncertainty_unavailable:LR04_file_has_proxy_error_not_age_error,973a52d988da04333c98c3fc0cb51babac2fa9bb1c05d42de3d6df726d96b6fc
LR04,Lisiecki-Raymo-2005,354.000000,,benthic_d18O,350.9,permil,observed;age_uncertainty_unavailable:LR04_file_has_proxy_error_not_age_error,973a52d988da04333c98c3fc0cb51babac2fa9bb1c05d42de3d6df726d96b6fc
LR04,Lisiecki-Raymo-2005,357.000000,,benthic_d18O,353.3,permil,observed;age_uncertainty_unavailable:LR04_file_has_proxy_error_not_age_error,973a52d988da04333c98c3fc0cb51babac2fa9bb1c05d42de3d6df726d96b6fc
LR04,Lisiecki-Raymo-2005,360.000000,,benthic_d18O,355.8,permil,observed;age_uncertainty_unavailable:LR04_file_has_proxy_error_not_age_error,973a52d988da04333c98c3fc0cb51babac2fa9bb1c05d42de3d6df726d96b6fc
LR04,Lisiecki-Raymo-2005,363.000000,,benthic_d18O,358.2,permil,observed;age_uncertainty_unavailable:LR04_file_has_proxy_error_not_age_error,973a52d988da04333c98c3fc0cb51babac2fa9bb1c05d42de3d6df726d96b6fc
LR04,Lisiecki-Raymo-2005,366.000000,,benthic_d18O,360.6,permil,observed;age_uncertainty_unavailable:LR04_file_has_proxy_error_not_age_error,973a52d988da04333c98c3fc0cb51babac2fa9bb1c05d42de3d6df726d96b6fc
LR04,Lisiecki-Raymo-2005,369.000000,,benthic_d18O,363,permil,observed;age_uncertainty_unavailable:LR04_file_has_proxy_error_not_age_error,973a52d988da04333c98c3fc0cb51babac2fa9bb1c05d42de3d6df726d96b6fc
LR04,Lisiecki-Raymo-2005,372.000000,,benthic_d18O,365.4,permil,observed;age_uncertainty_unavailable:LR04_file_has_proxy_error_not_age_error,973a52d988da04333c98c3fc0cb51babac2fa9bb1c05d42de3d6df726d96b6fc
LR04,Lisiecki-Raymo-2005,375.000000,,benthic_d18O,368.5,permil,observed;age_uncertainty_unavailable:LR04_file_has_proxy_error_not_age_error,973a52d988da04333c98c3fc0cb51babac2fa9bb1c05d42de3d6df726d96b6fc
LR04,Lisiecki-Raymo-2005,378.000000,,benthic_d18O,372.3,permil,observed;age_uncertainty_unavailable:LR04_file_has_proxy_error_not_age_error,973a52d988da04333c98c3fc0cb51babac2fa9bb1c05d42de3d6df726d96b6fc
LR04,Lisiecki-Raymo-2005,381.000000,,benthic_d18O,376.3,permil,observed;age_uncertainty_unavailable:LR04_file_has_proxy_error_not_age_error,973a52d988da04333c98c3fc0cb51babac2fa9bb1c05d42de3d6df726d96b6fc
LR04,Lisiecki-Raymo-2005,384.000000,,benthic_d18O,380.3,permil,observed;age_uncertainty_unavailable:LR04_file_has_proxy_error_not_age_error,973a52d988da04333c98c3fc0cb51babac2fa9bb1c05d42de3d6df726d96b6fc
LR04,Lisiecki-Raymo-2005,387.000000,,benthic_d18O,384.4,permil,observed;age_uncertainty_unavailable:LR04_file_has_proxy_error_not_age_error,973a52d988da04333c98c3fc0cb51babac2fa9bb1c05d42de3d6df726d96b6fc
LR04,Lisiecki-Raymo-2005,390.000000,,benthic_d18O,389.4,permil,observed;age_uncertainty_unavailable:LR04_file_has_proxy_error_not_age_error,973a52d988da04333c98c3fc0cb51babac2fa9bb1c05d42de3d6df726d96b6fc
LR04,Lisiecki-Raymo-2005,393.000000,,benthic_d18O,394.4,permil,observed;age_uncertainty_unavailable:LR04_file_has_proxy_error_not_age_error,973a52d988da04333c98c3fc0cb51babac2fa9bb1c05d42de3d6df726d96b6fc
LR04,Lisiecki-Raymo-2005,396.000000,,benthic_d18O,399.4,permil,observed;age_uncertainty_unavailable:LR04_file_has_proxy_error_not_age_error,973a52d988da04333c98c3fc0cb51babac2fa9bb1c05d42de3d6df726d96b6fc
LR04,Lisiecki-Raymo-2005,399.000000,,benthic_d18O,404.4,permil,observed;age_uncertainty_unavailable:LR04_file_has_proxy_error_not_age_error,973a52d988da04333c98c3fc0cb51babac2fa9bb1c05d42de3d6df726d96b6fc
LR04,Lisiecki-Raymo-2005,402.000000,,benthic_d18O,409.4,permil,observed;age_uncertainty_unavailable:LR04_file_has_proxy_error_not_age_error,973a52d988da04333c98c3fc0cb51babac2fa9bb1c05d42de3d6df726d96b6fc
LR04,Lisiecki-Raymo-2005,405.000000,,benthic_d18O,414.5,permil,observed;age_uncertainty_unavailable:LR04_file_has_proxy_error_not_age_error,973a52d988da04333c98c3fc0cb51babac2fa9bb1c05d42de3d6df726d96b6fc
LR04,Lisiecki-Raymo-2005,408.000000,,benthic_d18O,419.5,permil,observed;age_uncertainty_unavailable:LR04_file_has_proxy_error_not_age_error,973a52d988da04333c98c3fc0cb51babac2fa9bb1c05d42de3d6df726d96b6fc
LR04,Lisiecki-Raymo-2005,411.000000,,benthic_d18O,424.3,permil,observed;age_uncertainty_unavailable:LR04_file_has_proxy_error_not_age_error,973a52d988da04333c98c3fc0cb51babac2fa9bb1c05d42de3d6df726d96b6fc
LR04,Lisiecki-Raymo-2005,414.000000,,benthic_d18O,428.8,permil,observed;age_uncertainty_unavailable:LR04_file_has_proxy_error_not_age_error,973a52d988da04333c98c3fc0cb51babac2fa9bb1c05d42de3d6df726d96b6fc
LR04,Lisiecki-Raymo-2005,426.000000,,benthic_d18O,445.4,permil,observed;age_uncertainty_unavailable:LR04_file_has_proxy_error_not_age_error,973a52d988da04333c98c3fc0cb51babac2fa9bb1c05d42de3d6df726d96b6fc
LR04,Lisiecki-Raymo-2005,429.000000,,benthic_d18O,449.2,permil,observed;age_uncertainty_unavailable:LR04_file_has_proxy_error_not_age_error,973a52d988da04333c98c3fc0cb51babac2fa9bb1c05d42de3d6df726d96b6fc
LR04,Lisiecki-Raymo-2005,432.000000,,benthic_d18O,452.2,permil,observed;age_uncertainty_unavailable:LR04_file_has_proxy_error_not_age_error,973a52d988da04333c98c3fc0cb51babac2fa9bb1c05d42de3d6df726d96b6fc
LR04,Lisiecki-Raymo-2005,435.000000,,benthic_d18O,454.7,permil,observed;age_uncertainty_unavailable:LR04_file_has_proxy_error_not_age_error,973a52d988da04333c98c3fc0cb51babac2fa9bb1c05d42de3d6df726d96b6fc
LR04,Lisiecki-Raymo-2005,438.000000,,benthic_d18O,457.1,permil,observed;age_uncertainty_unavailable:LR04_file_has_proxy_error_not_age_error,973a52d988da04333c98c3fc0cb51babac2fa9bb1c05d42de3d6df726d96b6fc
LR04,Lisiecki-Raymo-2005,441.000000,,benthic_d18O,459.5,permil,observed;age_uncertainty_unavailable:LR04_file_has_proxy_error_not_age_error,973a52d988da04333c98c3fc0cb51babac2fa9bb1c05d42de3d6df726d96b6fc
LR04,Lisiecki-Raymo-2005,444.000000,,benthic_d18O,461.9,permil,observed;age_uncertainty_unavailable:LR04_file_has_proxy_error_not_age_error,973a52d988da04333c98c3fc0cb51babac2fa9bb1c05d42de3d6df726d96b6fc
LR04,Lisiecki-Raymo-2005,447.000000,,benthic_d18O,464.3,permil,observed;age_uncertainty_unavailable:LR04_file_has_proxy_error_not_age_error,973a52d988da04333c98c3fc0cb51babac2fa9bb1c05d42de3d6df726d96b6fc
LR04,Lisiecki-Raymo-2005,450.000000,,benthic_d18O,466.8,permil,observed;age_uncertainty_unavailable:LR04_file_has_proxy_error_not_age_error,973a52d988da04333c98c3fc0cb51babac2fa9bb1c05d42de3d6df726d96b6fc
LR04,Lisiecki-Raymo-2005,453.000000,,benthic_d18O,469.5,permil,observed;age_uncertainty_unavailable:LR04_file_has_proxy_error_not_age_error,973a52d988da04333c98c3fc0cb51babac2fa9bb1c05d42de3d6df726d96b6fc
LR04,Lisiecki-Raymo-2005,456.000000,,benthic_d18O,472.5,permil,observed;age_uncertainty_unavailable:LR04_file_has_proxy_error_not_age_error,973a52d988da04333c98c3fc0cb51babac2fa9bb1c05d42de3d6df726d96b6fc
LR04,Lisiecki-Raymo-2005,459.000000,,benthic_d18O,475.5,permil,observed;age_uncertainty_unavailable:LR04_file_has_proxy_error_not_age_error,973a52d988da04333c98c3fc0cb51babac2fa9bb1c05d42de3d6df726d96b6fc
LR04,Lisiecki-Raymo-2005,462.000000,,benthic_d18O,478.5,permil,observed;age_uncertainty_unavailable:LR04_file_has_proxy_error_not_age_error,973a52d988da04333c98c3fc0cb51babac2fa9bb1c05d42de3d6df726d96b6fc
LR04,Lisiecki-Raymo-2005,465.000000,,benthic_d18O,481.5,permil,observed;age_uncertainty_unavailable:LR04_file_has_proxy_error_not_age_error,973a52d988da04333c98c3fc0cb51babac2fa9bb1c05d42de3d6df726d96b6fc
LR04,Lisiecki-Raymo-2005,468.000000,,benthic_d18O,484.9,permil,observed;age_uncertainty_unavailable:LR04_file_has_proxy_error_not_age_error,973a52d988da04333c98c3fc0cb51babac2fa9bb1c05d42de3d6df726d96b6fc
LR04,Lisiecki-Raymo-2005,471.000000,,benthic_d18O,488.7,permil,observed;age_uncertainty_unavailable:LR04_file_has_proxy_error_not_age_error,973a52d988da04333c98c3fc0cb51babac2fa9bb1c05d42de3d6df726d96b6fc
LR04,Lisiecki-Raymo-2005,474.000000,,benthic_d18O,492.4,permil,observed;age_uncertainty_unavailable:LR04_file_has_proxy_error_not_age_error,973a52d988da04333c98c3fc0cb51babac2fa9bb1c05d42de3d6df726d96b6fc
LR04,Lisiecki-Raymo-2005,477.000000,,benthic_d18O,496.2,permil,observed;age_uncertainty_unavailable:LR04_file_has_proxy_error_not_age_error,973a52d988da04333c98c3fc0cb51babac2fa9bb1c05d42de3d6df726d96b6fc
LR04,Lisiecki-Raymo-2005,480.000000,,benthic_d18O,499.9,permil,observed;age_uncertainty_unavailable:LR04_file_has_proxy_error_not_age_error,973a52d988da04333c98c3fc0cb51babac2fa9bb1c05d42de3d6df726d96b6fc
LR04,Lisiecki-Raymo-2005,483.000000,,benthic_d18O,503.7,permil,observed;age_uncertainty_unavailable:LR04_file_has_proxy_error_not_age_error,973a52d988da04333c98c3fc0cb51babac2fa9bb1c05d42de3d6df726d96b6fc
LR04,Lisiecki-Raymo-2005,486.000000,,benthic_d18O,507.5,permil,observed;age_uncertainty_unavailable:LR04_file_has_proxy_error_not_age_error,973a52d988da04333c98c3fc0cb51babac2fa9bb1c05d42de3d6df726d96b6fc
LR04,Lisiecki-Raymo-2005,489.000000,,benthic_d18O,511.2,permil,observed;age_uncertainty_unavailable:LR04_file_has_proxy_error_not_age_error,973a52d988da04333c98c3fc0cb51babac2fa9bb1c05d42de3d6df726d96b6fc
LR04,Lisiecki-Raymo-2005,492.000000,,benthic_d18O,515,permil,observed;age_uncertainty_unavailable:LR04_file_has_proxy_error_not_age_error,973a52d988da04333c98c3fc0cb51babac2fa9bb1c05d42de3d6df726d96b6fc
LR04,Lisiecki-Raymo-2005,495.000000,,benthic_d18O,518.8,permil,observed;age_uncertainty_unavailable:LR04_file_has_proxy_error_not_age_error,973a52d988da04333c98c3fc0cb51babac2fa9bb1c05d42de3d6df726d96b6fc
LR04,Lisiecki-Raymo-2005,498.000000,,benthic_d18O,522.2,permil,observed;age_uncertainty_unavailable:LR04_file_has_proxy_error_not_age_error,973a52d988da04333c98c3fc0cb51babac2fa9bb1c05d42de3d6df726d96b6fc
LR04,Lisiecki-Raymo-2005,501.000000,,benthic_d18O,525.2,permil,observed;age_uncertainty_unavailable:LR04_file_has_proxy_error_not_age_error,973a52d988da04333c98c3fc0cb51babac2fa9bb1c05d42de3d6df726d96b6fc
LR04,Lisiecki-Raymo-2005,504.000000,,benthic_d18O,527.6,permil,observed;age_uncertainty_unavailable:LR04_file_has_proxy_error_not_age_error,973a52d988da04333c98c3fc0cb51babac2fa9bb1c05d42de3d6df726d96b6fc
LR04,Lisiecki-Raymo-2005,507.000000,,benthic_d18O,530,permil,observed;age_uncertainty_unavailable:LR04_file_has_proxy_error_not_age_error,973a52d988da04333c98c3fc0cb51babac2fa9bb1c05d42de3d6df726d96b6fc
LR04,Lisiecki-Raymo-2005,510.000000,,benthic_d18O,532.4,permil,observed;age_uncertainty_unavailable:LR04_file_has_proxy_error_not_age_error,973a52d988da04333c98c3fc0cb51babac2fa9bb1c05d42de3d6df726d96b6fc
LR04,Lisiecki-Raymo-2005,513.000000,,benthic_d18O,534.8,permil,observed;age_uncertainty_unavailable:LR04_file_has_proxy_error_not_age_error,973a52d988da04333c98c3fc0cb51babac2fa9bb1c05d42de3d6df726d96b6fc
LR04,Lisiecki-Raymo-2005,516.000000,,benthic_d18O,537.2,permil,observed;age_uncertainty_unavailable:LR04_file_has_proxy_error_not_age_error,973a52d988da04333c98c3fc0cb51babac2fa9bb1c05d42de3d6df726d96b6fc
LR04,Lisiecki-Raymo-2005,519.000000,,benthic_d18O,539.6,permil,observed;age_uncertainty_unavailable:LR04_file_has_proxy_error_not_age_error,973a52d988da04333c98c3fc0cb51babac2fa9bb1c05d42de3d6df726d96b6fc
LR04,Lisiecki-Raymo-2005,522.000000,,benthic_d18O,541.9,permil,observed;age_uncertainty_unavailable:LR04_file_has_proxy_error_not_age_error,973a52d988da04333c98c3fc0cb51babac2fa9bb1c05d42de3d6df726d96b6fc
LR04,Lisiecki-Raymo-2005,525.000000,,benthic_d18O,544.2,permil,observed;age_uncertainty_unavailable:LR04_file_has_proxy_error_not_age_error,973a52d988da04333c98c3fc0cb51babac2fa9bb1c05d42de3d6df726d96b6fc
LR04,Lisiecki-Raymo-2005,528.000000,,benthic_d18O,546.4,permil,observed;age_uncertainty_unavailable:LR04_file_has_proxy_error_not_age_error,973a52d988da04333c98c3fc0cb51babac2fa9bb1c05d42de3d6df726d96b6fc
LR04,Lisiecki-Raymo-2005,531.000000,,benthic_d18O,548.7,permil,observed;age_uncertainty_unavailable:LR04_file_has_proxy_error_not_age_error,973a52d988da04333c98c3fc0cb51babac2fa9bb1c05d42de3d6df726d96b6fc
LR04,Lisiecki-Raymo-2005,543.000000,,benthic_d18O,557.7,permil,observed;age_uncertainty_unavailable:LR04_file_has_proxy_error_not_age_error,973a52d988da04333c98c3fc0cb51babac2fa9bb1c05d42de3d6df726d96b6fc
LR04,Lisiecki-Raymo-2005,546.000000,,benthic_d18O,559.9,permil,observed;age_uncertainty_unavailable:LR04_file_has_proxy_error_not_age_error,973a52d988da04333c98c3fc0cb51babac2fa9bb1c05d42de3d6df726d96b6fc
LR04,Lisiecki-Raymo-2005,549.000000,,benthic_d18O,562.2,permil,observed;age_uncertainty_unavailable:LR04_file_has_proxy_error_not_age_error,973a52d988da04333c98c3fc0cb51babac2fa9bb1c05d42de3d6df726d96b6fc
LR04,Lisiecki-Raymo-2005,552.000000,,benthic_d18O,564.5,permil,observed;age_uncertainty_unavailable:LR04_file_has_proxy_error_not_age_error,973a52d988da04333c98c3fc0cb51babac2fa9bb1c05d42de3d6df726d96b6fc
LR04,Lisiecki-Raymo-2005,555.000000,,benthic_d18O,566.7,permil,observed;age_uncertainty_unavailable:LR04_file_has_proxy_error_not_age_error,973a52d988da04333c98c3fc0cb51babac2fa9bb1c05d42de3d6df726d96b6fc
LR04,Lisiecki-Raymo-2005,558.000000,,benthic_d18O,569,permil,observed;age_uncertainty_unavailable:LR04_file_has_proxy_error_not_age_error,973a52d988da04333c98c3fc0cb51babac2fa9bb1c05d42de3d6df726d96b6fc
LR04,Lisiecki-Raymo-2005,561.000000,,benthic_d18O,571.2,permil,observed;age_uncertainty_unavailable:LR04_file_has_proxy_error_not_age_error,973a52d988da04333c98c3fc0cb51babac2fa9bb1c05d42de3d6df726d96b6fc
LR04,Lisiecki-Raymo-2005,564.000000,,benthic_d18O,573.5,permil,observed;age_uncertainty_unavailable:LR04_file_has_proxy_error_not_age_error,973a52d988da04333c98c3fc0cb51babac2fa9bb1c05d42de3d6df726d96b6fc
LR04,Lisiecki-Raymo-2005,567.000000,,benthic_d18O,575.7,permil,observed;age_uncertainty_unavailable:LR04_file_has_proxy_error_not_age_error,973a52d988da04333c98c3fc0cb51babac2fa9bb1c05d42de3d6df726d96b6fc
LR04,Lisiecki-Raymo-2005,570.000000,,benthic_d18O,578,permil,observed;age_uncertainty_unavailable:LR04_file_has_proxy_error_not_age_error,973a52d988da04333c98c3fc0cb51babac2fa9bb1c05d42de3d6df726d96b6fc
LR04,Lisiecki-Raymo-2005,573.000000,,benthic_d18O,580.3,permil,observed;age_uncertainty_unavailable:LR04_file_has_proxy_error_not_age_error,973a52d988da04333c98c3fc0cb51babac2fa9bb1c05d42de3d6df726d96b6fc
LR04,Lisiecki-Raymo-2005,576.000000,,benthic_d18O,582.5,permil,observed;age_uncertainty_unavailable:LR04_file_has_proxy_error_not_age_error,973a52d988da04333c98c3fc0cb51babac2fa9bb1c05d42de3d6df726d96b6fc
LR04,Lisiecki-Raymo-2005,579.000000,,benthic_d18O,584.8,permil,observed;age_uncertainty_unavailable:LR04_file_has_proxy_error_not_age_error,973a52d988da04333c98c3fc0cb51babac2fa9bb1c05d42de3d6df726d96b6fc
LR04,Lisiecki-Raymo-2005,582.000000,,benthic_d18O,587.1,permil,observed;age_uncertainty_unavailable:LR04_file_has_proxy_error_not_age_error,973a52d988da04333c98c3fc0cb51babac2fa9bb1c05d42de3d6df726d96b6fc
LR04,Lisiecki-Raymo-2005,585.000000,,benthic_d18O,589.5,permil,observed;age_uncertainty_unavailable:LR04_file_has_proxy_error_not_age_error,973a52d988da04333c98c3fc0cb51babac2fa9bb1c05d42de3d6df726d96b6fc
LR04,Lisiecki-Raymo-2005,597.000000,,benthic_d18O,599.1,permil,observed;age_uncertainty_unavailable:LR04_file_has_proxy_error_not_age_error,973a52d988da04333c98c3fc0cb51babac2fa9bb1c05d42de3d6df726d96b6fc
LR04,Lisiecki-Raymo-2005,600.000000,,benthic_d18O,601.7,permil,observed;age_uncertainty_unavailable:LR04_file_has_proxy_error_not_age_error,973a52d988da04333c98c3fc0cb51babac2fa9bb1c05d42de3d6df726d96b6fc
LR04,Lisiecki-Raymo-2005,603.000000,,benthic_d18O,604.7,permil,observed;age_uncertainty_unavailable:LR04_file_has_proxy_error_not_age_error,973a52d988da04333c98c3fc0cb51babac2fa9bb1c05d42de3d6df726d96b6fc
LR04,Lisiecki-Raymo-2005,606.000000,,benthic_d18O,607.7,permil,observed;age_uncertainty_unavailable:LR04_file_has_proxy_error_not_age_error,973a52d988da04333c98c3fc0cb51babac2fa9bb1c05d42de3d6df726d96b6fc
LR04,Lisiecki-Raymo-2005,609.000000,,benthic_d18O,610.7,permil,observed;age_uncertainty_unavailable:LR04_file_has_proxy_error_not_age_error,973a52d988da04333c98c3fc0cb51babac2fa9bb1c05d42de3d6df726d96b6fc
LR04,Lisiecki-Raymo-2005,612.000000,,benthic_d18O,613.7,permil,observed;age_uncertainty_unavailable:LR04_file_has_proxy_error_not_age_error,973a52d988da04333c98c3fc0cb51babac2fa9bb1c05d42de3d6df726d96b6fc
LR04,Lisiecki-Raymo-2005,615.000000,,benthic_d18O,616.7,permil,observed;age_uncertainty_unavailable:LR04_file_has_proxy_error_not_age_error,973a52d988da04333c98c3fc0cb51babac2fa9bb1c05d42de3d6df726d96b6fc
LR04,Lisiecki-Raymo-2005,618.000000,,benthic_d18O,619.7,permil,observed;age_uncertainty_unavailable:LR04_file_has_proxy_error_not_age_error,973a52d988da04333c98c3fc0cb51babac2fa9bb1c05d42de3d6df726d96b6fc
LR04,Lisiecki-Raymo-2005,621.000000,,benthic_d18O,622.2,permil,observed;age_uncertainty_unavailable:LR04_file_has_proxy_error_not_age_error,973a52d988da04333c98c3fc0cb51babac2fa9bb1c05d42de3d6df726d96b6fc
LR04,Lisiecki-Raymo-2005,624.000000,,benthic_d18O,624.6,permil,observed;age_uncertainty_unavailable:LR04_file_has_proxy_error_not_age_error,973a52d988da04333c98c3fc0cb51babac2fa9bb1c05d42de3d6df726d96b6fc
LR04,Lisiecki-Raymo-2005,627.000000,,benthic_d18O,627,permil,observed;age_uncertainty_unavailable:LR04_file_has_proxy_error_not_age_error,973a52d988da04333c98c3fc0cb51babac2fa9bb1c05d42de3d6df726d96b6fc
LR04,Lisiecki-Raymo-2005,630.000000,,benthic_d18O,629.4,permil,observed;age_uncertainty_unavailable:LR04_file_has_proxy_error_not_age_error,973a52d988da04333c98c3fc0cb51babac2fa9bb1c05d42de3d6df726d96b6fc
LR04,Lisiecki-Raymo-2005,633.000000,,benthic_d18O,631.8,permil,observed;age_uncertainty_unavailable:LR04_file_has_proxy_error_not_age_error,973a52d988da04333c98c3fc0cb51babac2fa9bb1c05d42de3d6df726d96b6fc
LR04,Lisiecki-Raymo-2005,636.000000,,benthic_d18O,634.2,permil,observed;age_uncertainty_unavailable:LR04_file_has_proxy_error_not_age_error,973a52d988da04333c98c3fc0cb51babac2fa9bb1c05d42de3d6df726d96b6fc
LR04,Lisiecki-Raymo-2005,639.000000,,benthic_d18O,637,permil,observed;age_uncertainty_unavailable:LR04_file_has_proxy_error_not_age_error,973a52d988da04333c98c3fc0cb51babac2fa9bb1c05d42de3d6df726d96b6fc
LR04,Lisiecki-Raymo-2005,642.000000,,benthic_d18O,640,permil,observed;age_uncertainty_unavailable:LR04_file_has_proxy_error_not_age_error,973a52d988da04333c98c3fc0cb51babac2fa9bb1c05d42de3d6df726d96b6fc
LR04,Lisiecki-Raymo-2005,645.000000,,benthic_d18O,643,permil,observed;age_uncertainty_unavailable:LR04_file_has_proxy_error_not_age_error,973a52d988da04333c98c3fc0cb51babac2fa9bb1c05d42de3d6df726d96b6fc
LR04,Lisiecki-Raymo-2005,648.000000,,benthic_d18O,646,permil,observed;age_uncertainty_unavailable:LR04_file_has_proxy_error_not_age_error,973a52d988da04333c98c3fc0cb51babac2fa9bb1c05d42de3d6df726d96b6fc
LR04,Lisiecki-Raymo-2005,651.000000,,benthic_d18O,649,permil,observed;age_uncertainty_unavailable:LR04_file_has_proxy_error_not_age_error,973a52d988da04333c98c3fc0cb51babac2fa9bb1c05d42de3d6df726d96b6fc
LR04,Lisiecki-Raymo-2005,654.000000,,benthic_d18O,652,permil,observed;age_uncertainty_unavailable:LR04_file_has_proxy_error_not_age_error,973a52d988da04333c98c3fc0cb51babac2fa9bb1c05d42de3d6df726d96b6fc
LR04,Lisiecki-Raymo-2005,657.000000,,benthic_d18O,655.1,permil,observed;age_uncertainty_unavailable:LR04_file_has_proxy_error_not_age_error,973a52d988da04333c98c3fc0cb51babac2fa9bb1c05d42de3d6df726d96b6fc
LR04,Lisiecki-Raymo-2005,660.000000,,benthic_d18O,658.1,permil,observed;age_uncertainty_unavailable:LR04_file_has_proxy_error_not_age_error,973a52d988da04333c98c3fc0cb51babac2fa9bb1c05d42de3d6df726d96b6fc
LR04,Lisiecki-Raymo-2005,663.000000,,benthic_d18O,661.1,permil,observed;age_uncertainty_unavailable:LR04_file_has_proxy_error_not_age_error,973a52d988da04333c98c3fc0cb51babac2fa9bb1c05d42de3d6df726d96b6fc
LR04,Lisiecki-Raymo-2005,666.000000,,benthic_d18O,664.1,permil,observed;age_uncertainty_unavailable:LR04_file_has_proxy_error_not_age_error,973a52d988da04333c98c3fc0cb51babac2fa9bb1c05d42de3d6df726d96b6fc
LR04,Lisiecki-Raymo-2005,669.000000,,benthic_d18O,667.5,permil,observed;age_uncertainty_unavailable:LR04_file_has_proxy_error_not_age_error,973a52d988da04333c98c3fc0cb51babac2fa9bb1c05d42de3d6df726d96b6fc
LR04,Lisiecki-Raymo-2005,672.000000,,benthic_d18O,671.2,permil,observed;age_uncertainty_unavailable:LR04_file_has_proxy_error_not_age_error,973a52d988da04333c98c3fc0cb51babac2fa9bb1c05d42de3d6df726d96b6fc
LR04,Lisiecki-Raymo-2005,675.000000,,benthic_d18O,675,permil,observed;age_uncertainty_unavailable:LR04_file_has_proxy_error_not_age_error,973a52d988da04333c98c3fc0cb51babac2fa9bb1c05d42de3d6df726d96b6fc
LR04,Lisiecki-Raymo-2005,678.000000,,benthic_d18O,678.7,permil,observed;age_uncertainty_unavailable:LR04_file_has_proxy_error_not_age_error,973a52d988da04333c98c3fc0cb51babac2fa9bb1c05d42de3d6df726d96b6fc
LR04,Lisiecki-Raymo-2005,681.000000,,benthic_d18O,682.5,permil,observed;age_uncertainty_unavailable:LR04_file_has_proxy_error_not_age_error,973a52d988da04333c98c3fc0cb51babac2fa9bb1c05d42de3d6df726d96b6fc
LR04,Lisiecki-Raymo-2005,684.000000,,benthic_d18O,686.3,permil,observed;age_uncertainty_unavailable:LR04_file_has_proxy_error_not_age_error,973a52d988da04333c98c3fc0cb51babac2fa9bb1c05d42de3d6df726d96b6fc
LR04,Lisiecki-Raymo-2005,687.000000,,benthic_d18O,690,permil,observed;age_uncertainty_unavailable:LR04_file_has_proxy_error_not_age_error,973a52d988da04333c98c3fc0cb51babac2fa9bb1c05d42de3d6df726d96b6fc
LR04,Lisiecki-Raymo-2005,690.000000,,benthic_d18O,693.8,permil,observed;age_uncertainty_unavailable:LR04_file_has_proxy_error_not_age_error,973a52d988da04333c98c3fc0cb51babac2fa9bb1c05d42de3d6df726d96b6fc
LR04,Lisiecki-Raymo-2005,693.000000,,benthic_d18O,697.5,permil,observed;age_uncertainty_unavailable:LR04_file_has_proxy_error_not_age_error,973a52d988da04333c98c3fc0cb51babac2fa9bb1c05d42de3d6df726d96b6fc
LR04,Lisiecki-Raymo-2005,696.000000,,benthic_d18O,701.3,permil,observed;age_uncertainty_unavailable:LR04_file_has_proxy_error_not_age_error,973a52d988da04333c98c3fc0cb51babac2fa9bb1c05d42de3d6df726d96b6fc
LR04,Lisiecki-Raymo-2005,699.000000,,benthic_d18O,704.8,permil,observed;age_uncertainty_unavailable:LR04_file_has_proxy_error_not_age_error,973a52d988da04333c98c3fc0cb51babac2fa9bb1c05d42de3d6df726d96b6fc
LR04,Lisiecki-Raymo-2005,702.000000,,benthic_d18O,707.7,permil,observed;age_uncertainty_unavailable:LR04_file_has_proxy_error_not_age_error,973a52d988da04333c98c3fc0cb51babac2fa9bb1c05d42de3d6df726d96b6fc
LR04,Lisiecki-Raymo-2005,705.000000,,benthic_d18O,710.1,permil,observed;age_uncertainty_unavailable:LR04_file_has_proxy_error_not_age_error,973a52d988da04333c98c3fc0cb51babac2fa9bb1c05d42de3d6df726d96b6fc
LR04,Lisiecki-Raymo-2005,708.000000,,benthic_d18O,712.5,permil,observed;age_uncertainty_unavailable:LR04_file_has_proxy_error_not_age_error,973a52d988da04333c98c3fc0cb51babac2fa9bb1c05d42de3d6df726d96b6fc
LR04,Lisiecki-Raymo-2005,711.000000,,benthic_d18O,714.9,permil,observed;age_uncertainty_unavailable:LR04_file_has_proxy_error_not_age_error,973a52d988da04333c98c3fc0cb51babac2fa9bb1c05d42de3d6df726d96b6fc
LR04,Lisiecki-Raymo-2005,714.000000,,benthic_d18O,717.3,permil,observed;age_uncertainty_unavailable:LR04_file_has_proxy_error_not_age_error,973a52d988da04333c98c3fc0cb51babac2fa9bb1c05d42de3d6df726d96b6fc
LR04,Lisiecki-Raymo-2005,717.000000,,benthic_d18O,719.8,permil,observed;age_uncertainty_unavailable:LR04_file_has_proxy_error_not_age_error,973a52d988da04333c98c3fc0cb51babac2fa9bb1c05d42de3d6df726d96b6fc
LR04,Lisiecki-Raymo-2005,720.000000,,benthic_d18O,722.2,permil,observed;age_uncertainty_unavailable:LR04_file_has_proxy_error_not_age_error,973a52d988da04333c98c3fc0cb51babac2fa9bb1c05d42de3d6df726d96b6fc
LR04,Lisiecki-Raymo-2005,723.000000,,benthic_d18O,724.6,permil,observed;age_uncertainty_unavailable:LR04_file_has_proxy_error_not_age_error,973a52d988da04333c98c3fc0cb51babac2fa9bb1c05d42de3d6df726d96b6fc
LR04,Lisiecki-Raymo-2005,726.000000,,benthic_d18O,727,permil,observed;age_uncertainty_unavailable:LR04_file_has_proxy_error_not_age_error,973a52d988da04333c98c3fc0cb51babac2fa9bb1c05d42de3d6df726d96b6fc
LR04,Lisiecki-Raymo-2005,729.000000,,benthic_d18O,729.4,permil,observed;age_uncertainty_unavailable:LR04_file_has_proxy_error_not_age_error,973a52d988da04333c98c3fc0cb51babac2fa9bb1c05d42de3d6df726d96b6fc
LR04,Lisiecki-Raymo-2005,732.000000,,benthic_d18O,731.8,permil,observed;age_uncertainty_unavailable:LR04_file_has_proxy_error_not_age_error,973a52d988da04333c98c3fc0cb51babac2fa9bb1c05d42de3d6df726d96b6fc
LR04,Lisiecki-Raymo-2005,735.000000,,benthic_d18O,734.2,permil,observed;age_uncertainty_unavailable:LR04_file_has_proxy_error_not_age_error,973a52d988da04333c98c3fc0cb51babac2fa9bb1c05d42de3d6df726d96b6fc
LR04,Lisiecki-Raymo-2005,741.000000,,benthic_d18O,739,permil,observed;age_uncertainty_unavailable:LR04_file_has_proxy_error_not_age_error,973a52d988da04333c98c3fc0cb51babac2fa9bb1c05d42de3d6df726d96b6fc
LR04,Lisiecki-Raymo-2005,744.000000,,benthic_d18O,741.4,permil,observed;age_uncertainty_unavailable:LR04_file_has_proxy_error_not_age_error,973a52d988da04333c98c3fc0cb51babac2fa9bb1c05d42de3d6df726d96b6fc
LR04,Lisiecki-Raymo-2005,747.000000,,benthic_d18O,743.8,permil,observed;age_uncertainty_unavailable:LR04_file_has_proxy_error_not_age_error,973a52d988da04333c98c3fc0cb51babac2fa9bb1c05d42de3d6df726d96b6fc
LR04,Lisiecki-Raymo-2005,750.000000,,benthic_d18O,746.2,permil,observed;age_uncertainty_unavailable:LR04_file_has_proxy_error_not_age_error,973a52d988da04333c98c3fc0cb51babac2fa9bb1c05d42de3d6df726d96b6fc
LR04,Lisiecki-Raymo-2005,753.000000,,benthic_d18O,748.6,permil,observed;age_uncertainty_unavailable:LR04_file_has_proxy_error_not_age_error,973a52d988da04333c98c3fc0cb51babac2fa9bb1c05d42de3d6df726d96b6fc
LR04,Lisiecki-Raymo-2005,756.000000,,benthic_d18O,751,permil,observed;age_uncertainty_unavailable:LR04_file_has_proxy_error_not_age_error,973a52d988da04333c98c3fc0cb51babac2fa9bb1c05d42de3d6df726d96b6fc
LR04,Lisiecki-Raymo-2005,759.000000,,benthic_d18O,753.5,permil,observed;age_uncertainty_unavailable:LR04_file_has_proxy_error_not_age_error,973a52d988da04333c98c3fc0cb51babac2fa9bb1c05d42de3d6df726d96b6fc
LR04,Lisiecki-Raymo-2005,762.000000,,benthic_d18O,756.5,permil,observed;age_uncertainty_unavailable:LR04_file_has_proxy_error_not_age_error,973a52d988da04333c98c3fc0cb51babac2fa9bb1c05d42de3d6df726d96b6fc
LR04,Lisiecki-Raymo-2005,765.000000,,benthic_d18O,760.2,permil,observed;age_uncertainty_unavailable:LR04_file_has_proxy_error_not_age_error,973a52d988da04333c98c3fc0cb51babac2fa9bb1c05d42de3d6df726d96b6fc
LR04,Lisiecki-Raymo-2005,768.000000,,benthic_d18O,764,permil,observed;age_uncertainty_unavailable:LR04_file_has_proxy_error_not_age_error,973a52d988da04333c98c3fc0cb51babac2fa9bb1c05d42de3d6df726d96b6fc
LR04,Lisiecki-Raymo-2005,771.000000,,benthic_d18O,767.7,permil,observed;age_uncertainty_unavailable:LR04_file_has_proxy_error_not_age_error,973a52d988da04333c98c3fc0cb51babac2fa9bb1c05d42de3d6df726d96b6fc
LR04,Lisiecki-Raymo-2005,774.000000,,benthic_d18O,771.5,permil,observed;age_uncertainty_unavailable:LR04_file_has_proxy_error_not_age_error,973a52d988da04333c98c3fc0cb51babac2fa9bb1c05d42de3d6df726d96b6fc
LR04,Lisiecki-Raymo-2005,777.000000,,benthic_d18O,775.3,permil,observed;age_uncertainty_unavailable:LR04_file_has_proxy_error_not_age_error,973a52d988da04333c98c3fc0cb51babac2fa9bb1c05d42de3d6df726d96b6fc
LR04,Lisiecki-Raymo-2005,780.000000,,benthic_d18O,779,permil,observed;age_uncertainty_unavailable:LR04_file_has_proxy_error_not_age_error,973a52d988da04333c98c3fc0cb51babac2fa9bb1c05d42de3d6df726d96b6fc
LR04,Lisiecki-Raymo-2005,783.000000,,benthic_d18O,782.8,permil,observed;age_uncertainty_unavailable:LR04_file_has_proxy_error_not_age_error,973a52d988da04333c98c3fc0cb51babac2fa9bb1c05d42de3d6df726d96b6fc
LR04,Lisiecki-Raymo-2005,786.000000,,benthic_d18O,786.5,permil,observed;age_uncertainty_unavailable:LR04_file_has_proxy_error_not_age_error,973a52d988da04333c98c3fc0cb51babac2fa9bb1c05d42de3d6df726d96b6fc
LR04,Lisiecki-Raymo-2005,789.000000,,benthic_d18O,790.3,permil,observed;age_uncertainty_unavailable:LR04_file_has_proxy_error_not_age_error,973a52d988da04333c98c3fc0cb51babac2fa9bb1c05d42de3d6df726d96b6fc
LR04,Lisiecki-Raymo-2005,792.000000,,benthic_d18O,794.1,permil,observed;age_uncertainty_unavailable:LR04_file_has_proxy_error_not_age_error,973a52d988da04333c98c3fc0cb51babac2fa9bb1c05d42de3d6df726d96b6fc
LR04,Lisiecki-Raymo-2005,795.000000,,benthic_d18O,797.2,permil,observed;age_uncertainty_unavailable:LR04_file_has_proxy_error_not_age_error,973a52d988da04333c98c3fc0cb51babac2fa9bb1c05d42de3d6df726d96b6fc
LR04,Lisiecki-Raymo-2005,798.000000,,benthic_d18O,800.3,permil,observed;age_uncertainty_unavailable:LR04_file_has_proxy_error_not_age_error,973a52d988da04333c98c3fc0cb51babac2fa9bb1c05d42de3d6df726d96b6fc
