dataset_id,source_id,age_ka_bp,age_uncertainty_ka,proxy_name,proxy_value,proxy_unit,quality_flag,sha256_source
Vostok,Petit-et-al-2001,0.000000,,temperature_anomaly,0,degC,observed;age_uncertainty_unavailable:GT4_has_no_point_age_distribution_in_source,c69eca96499bece4b2f65d4e40240f52e0bfb4027383b3f2db68a1b3e36c75f6
Vostok,Petit-et-al-2001,0.017000,,temperature_anomaly,0,degC,observed;age_uncertainty_unavailable:GT4_has_no_point_age_distribution_in_source,c69eca96499bece4b2f65d4e40240f52e0bfb4027383b3f2db68a1b3e36c75f6
Vostok,Petit-et-al-2001,0.035000,,temperature_anomaly,0,degC,observed;age_uncertainty_unavailable:GT4_has_no_point_age_distribution_in_source,c69eca96499bece4b2f65d4e40240f52e0bfb4027383b3f2db68a1b3e36c75f6
Vostok,Petit-et-al-2001,0.053000,,temperature_anomaly,0,degC,observed;age_uncertainty_unavailable:GT4_has_no_point_age_distribution_in_source,c69eca96499bece4b2f65d4e40240f52e0bfb4027383b3f2db68a1b3e36c75f6
Vostok,Petit-et-al-2001,0.072000,,temperature_anomaly,0,degC,observed;age_uncertainty_unavailable:GT4_has_no_point_age_distribution_in_source,c69eca96499bece4b2f65d4e40240f52e0bfb4027383b3f2db68a1b3e36c75f6
Vostok,Petit-et-al-2001,0.091000,,temperature_anomaly,0,degC,observed;age_uncertainty_unavailable:GT4_has_no_point_age_distribution_in_source,c69eca96499bece4b2f65d4e40240f52e0bfb4027383b3f2db68a1b3e36c75f6
Vostok,Petit-et-al-2001,0.110000,,temperature_anomaly,0,degC,observed;age_uncertainty_unavailable:GT4_has_no_point_age_distribution_in_source,c69eca96499bece4b2f65d4e40240f52e0bfb4027383b3f2db68a1b3e36c75f6
Vostok,Petit-et-al-2001,0.129000,,temperature_anomaly,0,degC,observed;age_uncertainty_unavailable:GT4_has_no_point_age_distribution_in_source,c69eca96499bece4b2f65d4e40240f52e0bfb4027383b3f2db68a1b3e36c75f6
Vostok,Petit-et-al-2001,0.149000,,temperature_anomaly,-0.81,degC,observed;age_uncertainty_unavailable:GT4_has_no_point_age_distribution_in_source,c69eca96499bece4b2f65d4e40240f52e0bfb4027383b3f2db68a1b3e36c75f6
Vostok,Petit-et-al-2001,0.170000,,temperature_anomaly,0.02,degC,observed;age_uncertainty_unavailable:GT4_has_no_point_age_distribution_in_source,c69eca96499bece4b2f65d4e40240f52e0bfb4027383b3f2db68a1b3e36c75f6
Vostok,Petit-et-al-2001,0.190000,,temperature_anomaly,0.36,degC,observed;age_uncertainty_unavailable:GT4_has_no_point_age_distribution_in_source,c69eca96499bece4b2f65d4e40240f52e0bfb4027383b3f2db68a1b3e36c75f6
Vostok,Petit-et-al-2001,0.211000,,temperature_anomaly,-0.95,degC,observed;age_uncertainty_unavailable:GT4_has_no_point_age_distribution_in_source,c69eca96499bece4b2f65d4e40240f52e0bfb4027383b3f2db68a1b3e36c75f6
Vostok,Petit-et-al-2001,0.234000,,temperature_anomaly,-1.84,degC,observed;age_uncertainty_unavailable:GT4_has_no_point_age_distribution_in_source,c69eca96499bece4b2f65d4e40240f52e0bfb4027383b3f2db68a1b3e36c75f6
Vostok,Petit-et-al-2001,0.258000,,temperature_anomaly,-1.09,degC,observed;age_uncertainty_unavailable:GT4_has_no_point_age_distribution_in_source,c69eca96499bece4b2f65d4e40240f52e0bfb4027383b3f2db68a1b3e36c75f6
Vostok,Petit-et-al-2001,0.281000,,temperature_anomaly,-0.75,degC,observed;age_uncertainty_unavailable:GT4_has_no_point_age_distribution_in_source,c69eca96499bece4b2f65d4e40240f52e0bfb4027383b3f2db68a1b3e36c75f6
Vostok,Petit-et-al-2001,0.304000,,temperature_anomaly,-0.22,degC,observed;age_uncertainty_unavailable:GT4_has_no_point_age_distribution_in_source,c69eca96499bece4b2f65d4e40240f52e0bfb4027383b3f2db68a1b3e36c75f6
Vostok,Petit-et-al-2001,0.327000,,temperature_anomaly,-0.48,degC,observed;age_uncertainty_unavailable:GT4_has_no_point_age_distribution_in_source,c69eca96499bece4b2f65d4e40240f52e0bfb4027383b3f2db68a1b3e36c75f6
Vostok,Petit-et-al-2001,0.351000,,temperature_anomaly,-0.75,degC,observed;age_uncertainty_unavailable:GT4_has_no_point_age_distribution_in_source,c69eca96499bece4b2f65d4e40240f52e0bfb4027383b3f2db68a1b3e36c75f6
Vostok,Petit-et-al-2001,0.375000,,temperature_anomaly,0.23,degC,observed;age_uncertainty_unavailable:GT4_has_no_point_age_distribution_in_source,c69eca96499bece4b2f65d4e40240f52e0bfb4027383b3f2db68a1b3e36c75f6
Vostok,Petit-et-al-2001,0.397000,,temperature_anomaly,1.33,degC,observed;age_uncertainty_unavailable:GT4_has_no_point_age_distribution_in_source,c69eca96499bece4b2f65d4e40240f52e0bfb4027383b3f2db68a1b3e36c75f6
Vostok,Petit-et-al-2001,0.420000,,temperature_anomaly,0.35,degC,observed;age_uncertainty_unavailable:GT4_has_no_point_age_distribution_in_source,c69eca96499bece4b2f65d4e40240f52e0bfb4027383b3f2db68a1b3e36c75f6
Vostok,Petit-et-al-2001,0.444000,,temperature_anomaly,0.18,degC,observed;age_uncertainty_unavailable:GT4_has_no_point_age_distribution_in_source,c69eca96499bece4b2f65d4e40240f52e0bfb4027383b3f2db68a1b3e36c75f6
Vostok,Petit-et-al-2001,0.469000,,temperature_anomaly,-0.08,degC,observed;age_uncertainty_unavailable:GT4_has_no_point_age_distribution_in_source,c69eca96499bece4b2f65d4e40240f52e0bfb4027383b3f2db68a1b3e36c75f6
Vostok,Petit-et-al-2001,0.495000,,temperature_anomaly,-1.08,degC,observed;age_uncertainty_unavailable:GT4_has_no_point_age_distribution_in_source,c69eca96499bece4b2f65d4e40240f52e0bfb4027383b3f2db68a1b3e36c75f6
Vostok,Petit-et-al-2001,0.523000,,temperature_anomaly,-1.39,degC,observed;age_uncertainty_unavailable:GT4_has_no_point_age_distribution_in_source,c69eca96499bece4b2f65d4e40240f52e0bfb4027383b3f2db68a1b3e36c75f6
Vostok,Petit-et-al-2001,0.552000,,temperature_anomaly,-1.61,degC,observed;age_uncertainty_unavailable:GT4_has_no_point_age_distribution_in_source,c69eca96499bece4b2f65d4e40240f52e0bfb4027383b3f2db68a1b3e36c75f6
Vostok,Petit-et-al-2001,0.581000,,temperature_anomaly,-0.9,degC,observed;age_uncertainty_unavailable:GT4_has_no_point_age_distribution_in_source,c69eca96499bece4b2f65d4e40240f52e0bfb4027383b3f2db68a1b3e36c75f6
Vostok,Petit-et-al-2001,0.609000,,temperature_anomaly,-0.6,degC,observed;age_uncertainty_unavailable:GT4_has_no_point_age_distribution_in_source,c69eca96499bece4b2f65d4e40240f52e0bfb4027383b3f2db68a1b3e36c75f6
Vostok,Petit-et-al-2001,0.637000,,temperature_anomaly,-0.02,degC,observed;age_uncertainty_unavailable:GT4_has_no_point_age_distribution_in_source,c69eca96499bece4b2f65d4e40240f52e0bfb4027383b3f2db68a1b3e36c75f6
Vostok,Petit-et-al-2001,0.665000,,temperature_anomaly,-0.18,degC,observed;age_uncertainty_unavailable:GT4_has_no_point_age_distribution_in_source,c69eca96499bece4b2f65d4e40240f52e0bfb4027383b3f2db68a1b3e36c75f6
Vostok,Petit-et-al-2001,0.695000,,temperature_anomaly,-1.23,degC,observed;age_uncertainty_unavailable:GT4_has_no_point_age_distribution_in_source,c69eca96499bece4b2f65d4e40240f52e0bfb4027383b3f2db68a1b3e36c75f6
Vostok,Petit-et-al-2001,0.726000,,temperature_anomaly,-1.54,degC,observed;age_uncertainty_unavailable:GT4_has_no_point_age_distribution_in_source,c69eca96499bece4b2f65d4e40240f52e0bfb4027383b3f2db68a1b3e36c75f6
Vostok,Petit-et-al-2001,0.757000,,temperature_anomaly,-0.85,degC,observed;age_uncertainty_unavailable:GT4_has_no_point_age_distribution_in_source,c69eca96499bece4b2f65d4e40240f52e0bfb4027383b3f2db68a1b3e36c75f6
Vostok,Petit-et-al-2001,0.788000,,temperature_anomaly,-0.1,degC,observed;age_uncertainty_unavailable:GT4_has_no_point_age_distribution_in_source,c69eca96499bece4b2f65d4e40240f52e0bfb4027383b3f2db68a1b3e36c75f6
Vostok,Petit-et-al-2001,0.817000,,temperature_anomaly,-0.17,degC,observed;age_uncertainty_unavailable:GT4_has_no_point_age_distribution_in_source,c69eca96499bece4b2f65d4e40240f52e0bfb4027383b3f2db68a1b3e36c75f6
Vostok,Petit-et-al-2001,0.848000,,temperature_anomaly,-0.78,degC,observed;age_uncertainty_unavailable:GT4_has_no_point_age_distribution_in_source,c69eca96499bece4b2f65d4e40240f52e0bfb4027383b3f2db68a1b3e36c75f6
Vostok,Petit-et-al-2001,0.881000,,temperature_anomaly,-0.78,degC,observed;age_uncertainty_unavailable:GT4_has_no_point_age_distribution_in_source,c69eca96499bece4b2f65d4e40240f52e0bfb4027383b3f2db68a1b3e36c75f6
Vostok,Petit-et-al-2001,0.912000,,temperature_anomaly,-0.17,degC,observed;age_uncertainty_unavailable:GT4_has_no_point_age_distribution_in_source,c69eca96499bece4b2f65d4e40240f52e0bfb4027383b3f2db68a1b3e36c75f6
Vostok,Petit-et-al-2001,0.944000,,temperature_anomaly,-0.25,degC,observed;age_uncertainty_unavailable:GT4_has_no_point_age_distribution_in_source,c69eca96499bece4b2f65d4e40240f52e0bfb4027383b3f2db68a1b3e36c75f6
Vostok,Petit-et-al-2001,0.976000,,temperature_anomaly,-0.28,degC,observed;age_uncertainty_unavailable:GT4_has_no_point_age_distribution_in_source,c69eca96499bece4b2f65d4e40240f52e0bfb4027383b3f2db68a1b3e36c75f6
Vostok,Petit-et-al-2001,1.009000,,temperature_anomaly,-0.81,degC,observed;age_uncertainty_unavailable:GT4_has_no_point_age_distribution_in_source,c69eca96499bece4b2f65d4e40240f52e0bfb4027383b3f2db68a1b3e36c75f6
Vostok,Petit-et-al-2001,1.042000,,temperature_anomaly,-0.05,degC,observed;age_uncertainty_unavailable:GT4_has_no_point_age_distribution_in_source,c69eca96499bece4b2f65d4e40240f52e0bfb4027383b3f2db68a1b3e36c75f6
Vostok,Petit-et-al-2001,1.074000,,temperature_anomaly,0.27,degC,observed;age_uncertainty_unavailable:GT4_has_no_point_age_distribution_in_source,c69eca96499bece4b2f65d4e40240f52e0bfb4027383b3f2db68a1b3e36c75f6
Vostok,Petit-et-al-2001,1.107000,,temperature_anomaly,-0.83,degC,observed;age_uncertainty_unavailable:GT4_has_no_point_age_distribution_in_source,c69eca96499bece4b2f65d4e40240f52e0bfb4027383b3f2db68a1b3e36c75f6
Vostok,Petit-et-al-2001,1.142000,,temperature_anomaly,-0.65,degC,observed;age_uncertainty_unavailable:GT4_has_no_point_age_distribution_in_source,c69eca96499bece4b2f65d4e40240f52e0bfb4027383b3f2db68a1b3e36c75f6
Vostok,Petit-et-al-2001,1.176000,,temperature_anomaly,-0.27,degC,observed;age_uncertainty_unavailable:GT4_has_no_point_age_distribution_in_source,c69eca96499bece4b2f65d4e40240f52e0bfb4027383b3f2db68a1b3e36c75f6
Vostok,Petit-et-al-2001,1.211000,,temperature_anomaly,-0.65,degC,observed;age_uncertainty_unavailable:GT4_has_no_point_age_distribution_in_source,c69eca96499bece4b2f65d4e40240f52e0bfb4027383b3f2db68a1b3e36c75f6
Vostok,Petit-et-al-2001,1.247000,,temperature_anomaly,-1.48,degC,observed;age_uncertainty_unavailable:GT4_has_no_point_age_distribution_in_source,c69eca96499bece4b2f65d4e40240f52e0bfb4027383b3f2db68a1b3e36c75f6
Vostok,Petit-et-al-2001,1.285000,,temperature_anomaly,-1.64,degC,observed;age_uncertainty_unavailable:GT4_has_no_point_age_distribution_in_source,c69eca96499bece4b2f65d4e40240f52e0bfb4027383b3f2db68a1b3e36c75f6
Vostok,Petit-et-al-2001,1.321000,,temperature_anomaly,-0.4,degC,observed;age_uncertainty_unavailable:GT4_has_no_point_age_distribution_in_source,c69eca96499bece4b2f65d4e40240f52e0bfb4027383b3f2db68a1b3e36c75f6
Vostok,Petit-et-al-2001,1.356000,,temperature_anomaly,0.33,degC,observed;age_uncertainty_unavailable:GT4_has_no_point_age_distribution_in_source,c69eca96499bece4b2f65d4e40240f52e0bfb4027383b3f2db68a1b3e36c75f6
Vostok,Petit-et-al-2001,1.390000,,temperature_anomaly,-0.05,degC,observed;age_uncertainty_unavailable:GT4_has_no_point_age_distribution_in_source,c69eca96499bece4b2f65d4e40240f52e0bfb4027383b3f2db68a1b3e36c75f6
Vostok,Petit-et-al-2001,1.426000,,temperature_anomaly,-0.13,degC,observed;age_uncertainty_unavailable:GT4_has_no_point_age_distribution_in_source,c69eca96499bece4b2f65d4e40240f52e0bfb4027383b3f2db68a1b3e36c75f6
Vostok,Petit-et-al-2001,1.461000,,temperature_anomaly,-0.03,degC,observed;age_uncertainty_unavailable:GT4_has_no_point_age_distribution_in_source,c69eca96499bece4b2f65d4e40240f52e0bfb4027383b3f2db68a1b3e36c75f6
Vostok,Petit-et-al-2001,1.497000,,temperature_anomaly,-0.46,degC,observed;age_uncertainty_unavailable:GT4_has_no_point_age_distribution_in_source,c69eca96499bece4b2f65d4e40240f52e0bfb4027383b3f2db68a1b3e36c75f6
Vostok,Petit-et-al-2001,1.535000,,temperature_anomaly,-1,degC,observed;age_uncertainty_unavailable:GT4_has_no_point_age_distribution_in_source,c69eca96499bece4b2f65d4e40240f52e0bfb4027383b3f2db68a1b3e36c75f6
Vostok,Petit-et-al-2001,1.573000,,temperature_anomaly,-0.96,degC,observed;age_uncertainty_unavailable:GT4_has_no_point_age_distribution_in_source,c69eca96499bece4b2f65d4e40240f52e0bfb4027383b3f2db68a1b3e36c75f6
Vostok,Petit-et-al-2001,1.612000,,temperature_anomaly,-1.33,degC,observed;age_uncertainty_unavailable:GT4_has_no_point_age_distribution_in_source,c69eca96499bece4b2f65d4e40240f52e0bfb4027383b3f2db68a1b3e36c75f6
Vostok,Petit-et-al-2001,1.652000,,temperature_anomaly,-1.51,degC,observed;age_uncertainty_unavailable:GT4_has_no_point_age_distribution_in_source,c69eca96499bece4b2f65d4e40240f52e0bfb4027383b3f2db68a1b3e36c75f6
Vostok,Petit-et-al-2001,1.692000,,temperature_anomaly,-0.88,degC,observed;age_uncertainty_unavailable:GT4_has_no_point_age_distribution_in_source,c69eca96499bece4b2f65d4e40240f52e0bfb4027383b3f2db68a1b3e36c75f6
Vostok,Petit-et-al-2001,1.732000,,temperature_anomaly,-1.06,degC,observed;age_uncertainty_unavailable:GT4_has_no_point_age_distribution_in_source,c69eca96499bece4b2f65d4e40240f52e0bfb4027383b3f2db68a1b3e36c75f6
Vostok,Petit-et-al-2001,1.772000,,temperature_anomaly,-1.21,degC,observed;age_uncertainty_unavailable:GT4_has_no_point_age_distribution_in_source,c69eca96499bece4b2f65d4e40240f52e0bfb4027383b3f2db68a1b3e36c75f6
Vostok,Petit-et-al-2001,1.812000,,temperature_anomaly,-1.24,degC,observed;age_uncertainty_unavailable:GT4_has_no_point_age_distribution_in_source,c69eca96499bece4b2f65d4e40240f52e0bfb4027383b3f2db68a1b3e36c75f6
Vostok,Petit-et-al-2001,1.853000,,temperature_anomaly,-0.96,degC,observed;age_uncertainty_unavailable:GT4_has_no_point_age_distribution_in_source,c69eca96499bece4b2f65d4e40240f52e0bfb4027383b3f2db68a1b3e36c75f6
Vostok,Petit-et-al-2001,1.893000,,temperature_anomaly,-0.53,degC,observed;age_uncertainty_unavailable:GT4_has_no_point_age_distribution_in_source,c69eca96499bece4b2f65d4e40240f52e0bfb4027383b3f2db68a1b3e36c75f6
Vostok,Petit-et-al-2001,1.931000,,temperature_anomaly,0.15,degC,observed;age_uncertainty_unavailable:GT4_has_no_point_age_distribution_in_source,c69eca96499bece4b2f65d4e40240f52e0bfb4027383b3f2db68a1b3e36c75f6
Vostok,Petit-et-al-2001,1.970000,,temperature_anomaly,-0.28,degC,observed;age_uncertainty_unavailable:GT4_has_no_point_age_distribution_in_source,c69eca96499bece4b2f65d4e40240f52e0bfb4027383b3f2db68a1b3e36c75f6
Vostok,Petit-et-al-2001,2.009000,,temperature_anomaly,-0.45,degC,observed;age_uncertainty_unavailable:GT4_has_no_point_age_distribution_in_source,c69eca96499bece4b2f65d4e40240f52e0bfb4027383b3f2db68a1b3e36c75f6
Vostok,Petit-et-al-2001,2.049000,,temperature_anomaly,-0.38,degC,observed;age_uncertainty_unavailable:GT4_has_no_point_age_distribution_in_source,c69eca96499bece4b2f65d4e40240f52e0bfb4027383b3f2db68a1b3e36c75f6
Vostok,Petit-et-al-2001,2.089000,,temperature_anomaly,-0.53,degC,observed;age_uncertainty_unavailable:GT4_has_no_point_age_distribution_in_source,c69eca96499bece4b2f65d4e40240f52e0bfb4027383b3f2db68a1b3e36c75f6
Vostok,Petit-et-al-2001,2.129000,,temperature_anomaly,-0.61,degC,observed;age_uncertainty_unavailable:GT4_has_no_point_age_distribution_in_source,c69eca96499bece4b2f65d4e40240f52e0bfb4027383b3f2db68a1b3e36c75f6
Vostok,Petit-et-al-2001,2.171000,,temperature_anomaly,-0.95,degC,observed;age_uncertainty_unavailable:GT4_has_no_point_age_distribution_in_source,c69eca96499bece4b2f65d4e40240f52e0bfb4027383b3f2db68a1b3e36c75f6
Vostok,Petit-et-al-2001,2.212000,,temperature_anomaly,-0.73,degC,observed;age_uncertainty_unavailable:GT4_has_no_point_age_distribution_in_source,c69eca96499bece4b2f65d4e40240f52e0bfb4027383b3f2db68a1b3e36c75f6
Vostok,Petit-et-al-2001,2.253000,,temperature_anomaly,0.12,degC,observed;age_uncertainty_unavailable:GT4_has_no_point_age_distribution_in_source,c69eca96499bece4b2f65d4e40240f52e0bfb4027383b3f2db68a1b3e36c75f6
Vostok,Petit-et-al-2001,2.291000,,temperature_anomaly,1.16,degC,observed;age_uncertainty_unavailable:GT4_has_no_point_age_distribution_in_source,c69eca96499bece4b2f65d4e40240f52e0bfb4027383b3f2db68a1b3e36c75f6
Vostok,Petit-et-al-2001,2.331000,,temperature_anomaly,-0.98,degC,observed;age_uncertainty_unavailable:GT4_has_no_point_age_distribution_in_source,c69eca96499bece4b2f65d4e40240f52e0bfb4027383b3f2db68a1b3e36c75f6
Vostok,Petit-et-al-2001,2.374000,,temperature_anomaly,-1.44,degC,observed;age_uncertainty_unavailable:GT4_has_no_point_age_distribution_in_source,c69eca96499bece4b2f65d4e40240f52e0bfb4027383b3f2db68a1b3e36c75f6
Vostok,Petit-et-al-2001,2.418000,,temperature_anomaly,-0.73,degC,observed;age_uncertainty_unavailable:GT4_has_no_point_age_distribution_in_source,c69eca96499bece4b2f65d4e40240f52e0bfb4027383b3f2db68a1b3e36c75f6
Vostok,Petit-et-al-2001,2.460000,,temperature_anomaly,-0.63,degC,observed;age_uncertainty_unavailable:GT4_has_no_point_age_distribution_in_source,c69eca96499bece4b2f65d4e40240f52e0bfb4027383b3f2db68a1b3e36c75f6
Vostok,Petit-et-al-2001,2.501000,,temperature_anomaly,0.3,degC,observed;age_uncertainty_unavailable:GT4_has_no_point_age_distribution_in_source,c69eca96499bece4b2f65d4e40240f52e0bfb4027383b3f2db68a1b3e36c75f6
Vostok,Petit-et-al-2001,2.542000,,temperature_anomaly,-0.27,degC,observed;age_uncertainty_unavailable:GT4_has_no_point_age_distribution_in_source,c69eca96499bece4b2f65d4e40240f52e0bfb4027383b3f2db68a1b3e36c75f6
Vostok,Petit-et-al-2001,2.585000,,temperature_anomaly,-1.36,degC,observed;age_uncertainty_unavailable:GT4_has_no_point_age_distribution_in_source,c69eca96499bece4b2f65d4e40240f52e0bfb4027383b3f2db68a1b3e36c75f6
Vostok,Petit-et-al-2001,2.628000,,temperature_anomaly,-0.17,degC,observed;age_uncertainty_unavailable:GT4_has_no_point_age_distribution_in_source,c69eca96499bece4b2f65d4e40240f52e0bfb4027383b3f2db68a1b3e36c75f6
Vostok,Petit-et-al-2001,2.670000,,temperature_anomaly,-0.02,degC,observed;age_uncertainty_unavailable:GT4_has_no_point_age_distribution_in_source,c69eca96499bece4b2f65d4e40240f52e0bfb4027383b3f2db68a1b3e36c75f6
Vostok,Petit-et-al-2001,2.713000,,temperature_anomaly,-1.19,degC,observed;age_uncertainty_unavailable:GT4_has_no_point_age_distribution_in_source,c69eca96499bece4b2f65d4e40240f52e0bfb4027383b3f2db68a1b3e36c75f6
Vostok,Petit-et-al-2001,2.760000,,temperature_anomaly,-1.97,degC,observed;age_uncertainty_unavailable:GT4_has_no_point_age_distribution_in_source,c69eca96499bece4b2f65d4e40240f52e0bfb4027383b3f2db68a1b3e36c75f6
Vostok,Petit-et-al-2001,2.805000,,temperature_anomaly,-0.61,degC,observed;age_uncertainty_unavailable:GT4_has_no_point_age_distribution_in_source,c69eca96499bece4b2f65d4e40240f52e0bfb4027383b3f2db68a1b3e36c75f6
Vostok,Petit-et-al-2001,2.847000,,temperature_anomaly,0.58,degC,observed;age_uncertainty_unavailable:GT4_has_no_point_age_distribution_in_source,c69eca96499bece4b2f65d4e40240f52e0bfb4027383b3f2db68a1b3e36c75f6
Vostok,Petit-et-al-2001,2.889000,,temperature_anomaly,-0.38,degC,observed;age_uncertainty_unavailable:GT4_has_no_point_age_distribution_in_source,c69eca96499bece4b2f65d4e40240f52e0bfb4027383b3f2db68a1b3e36c75f6
Vostok,Petit-et-al-2001,2.934000,,temperature_anomaly,-1.34,degC,observed;age_uncertainty_unavailable:GT4_has_no_point_age_distribution_in_source,c69eca96499bece4b2f65d4e40240f52e0bfb4027383b3f2db68a1b3e36c75f6
Vostok,Petit-et-al-2001,2.980000,,temperature_anomaly,-1.41,degC,observed;age_uncertainty_unavailable:GT4_has_no_point_age_distribution_in_source,c69eca96499bece4b2f65d4e40240f52e0bfb4027383b3f2db68a1b3e36c75f6
Vostok,Petit-et-al-2001,3.026000,,temperature_anomaly,-0.73,degC,observed;age_uncertainty_unavailable:GT4_has_no_point_age_distribution_in_source,c69eca96499bece4b2f65d4e40240f52e0bfb4027383b3f2db68a1b3e36c75f6
Vostok,Petit-et-al-2001,3.070000,,temperature_anomaly,-0.25,degC,observed;age_uncertainty_unavailable:GT4_has_no_point_age_distribution_in_source,c69eca96499bece4b2f65d4e40240f52e0bfb4027383b3f2db68a1b3e36c75f6
Vostok,Petit-et-al-2001,3.114000,,temperature_anomaly,-0.53,degC,observed;age_uncertainty_unavailable:GT4_has_no_point_age_distribution_in_source,c69eca96499bece4b2f65d4e40240f52e0bfb4027383b3f2db68a1b3e36c75f6
Vostok,Petit-et-al-2001,3.158000,,temperature_anomaly,-0.08,degC,observed;age_uncertainty_unavailable:GT4_has_no_point_age_distribution_in_source,c69eca96499bece4b2f65d4e40240f52e0bfb4027383b3f2db68a1b3e36c75f6
Vostok,Petit-et-al-2001,3.201000,,temperature_anomaly,0.15,degC,observed;age_uncertainty_unavailable:GT4_has_no_point_age_distribution_in_source,c69eca96499bece4b2f65d4e40240f52e0bfb4027383b3f2db68a1b3e36c75f6
Vostok,Petit-et-al-2001,3.245000,,temperature_anomaly,-0.43,degC,observed;age_uncertainty_unavailable:GT4_has_no_point_age_distribution_in_source,c69eca96499bece4b2f65d4e40240f52e0bfb4027383b3f2db68a1b3e36c75f6
Vostok,Petit-et-al-2001,3.289000,,temperature_anomaly,-0.61,degC,observed;age_uncertainty_unavailable:GT4_has_no_point_age_distribution_in_source,c69eca96499bece4b2f65d4e40240f52e0bfb4027383b3f2db68a1b3e36c75f6
Vostok,Petit-et-al-2001,3.334000,,temperature_anomaly,-0.3,degC,observed;age_uncertainty_unavailable:GT4_has_no_point_age_distribution_in_source,c69eca96499bece4b2f65d4e40240f52e0bfb4027383b3f2db68a1b3e36c75f6
Vostok,Petit-et-al-2001,3.379000,,temperature_anomaly,-0.13,degC,observed;age_uncertainty_unavailable:GT4_has_no_point_age_distribution_in_source,c69eca96499bece4b2f65d4e40240f52e0bfb4027383b3f2db68a1b3e36c75f6
Vostok,Petit-et-al-2001,3.422000,,temperature_anomaly,0.22,degC,observed;age_uncertainty_unavailable:GT4_has_no_point_age_distribution_in_source,c69eca96499bece4b2f65d4e40240f52e0bfb4027383b3f2db68a1b3e36c75f6
Vostok,Petit-et-al-2001,3.466000,,temperature_anomaly,0.17,degC,observed;age_uncertainty_unavailable:GT4_has_no_point_age_distribution_in_source,c69eca96499bece4b2f65d4e40240f52e0bfb4027383b3f2db68a1b3e36c75f6
Vostok,Petit-et-al-2001,3.511000,,temperature_anomaly,-0.91,degC,observed;age_uncertainty_unavailable:GT4_has_no_point_age_distribution_in_source,c69eca96499bece4b2f65d4e40240f52e0bfb4027383b3f2db68a1b3e36c75f6
Vostok,Petit-et-al-2001,3.558000,,temperature_anomaly,-0.9,degC,observed;age_uncertainty_unavailable:GT4_has_no_point_age_distribution_in_source,c69eca96499bece4b2f65d4e40240f52e0bfb4027383b3f2db68a1b3e36c75f6
Vostok,Petit-et-al-2001,3.603000,,temperature_anomaly,0.3,degC,observed;age_uncertainty_unavailable:GT4_has_no_point_age_distribution_in_source,c69eca96499bece4b2f65d4e40240f52e0bfb4027383b3f2db68a1b3e36c75f6
Vostok,Petit-et-al-2001,3.646000,,temperature_anomaly,0.65,degC,observed;age_uncertainty_unavailable:GT4_has_no_point_age_distribution_in_source,c69eca96499bece4b2f65d4e40240f52e0bfb4027383b3f2db68a1b3e36c75f6
Vostok,Petit-et-al-2001,3.689000,,temperature_anomaly,0.58,degC,observed;age_uncertainty_unavailable:GT4_has_no_point_age_distribution_in_source,c69eca96499bece4b2f65d4e40240f52e0bfb4027383b3f2db68a1b3e36c75f6
Vostok,Petit-et-al-2001,3.732000,,temperature_anomaly,0.03,degC,observed;age_uncertainty_unavailable:GT4_has_no_point_age_distribution_in_source,c69eca96499bece4b2f65d4e40240f52e0bfb4027383b3f2db68a1b3e36c75f6
Vostok,Petit-et-al-2001,3.778000,,temperature_anomaly,-0.63,degC,observed;age_uncertainty_unavailable:GT4_has_no_point_age_distribution_in_source,c69eca96499bece4b2f65d4e40240f52e0bfb4027383b3f2db68a1b3e36c75f6
Vostok,Petit-et-al-2001,3.824000,,temperature_anomaly,-0.46,degC,observed;age_uncertainty_unavailable:GT4_has_no_point_age_distribution_in_source,c69eca96499bece4b2f65d4e40240f52e0bfb4027383b3f2db68a1b3e36c75f6
Vostok,Petit-et-al-2001,3.870000,,temperature_anomaly,0,degC,observed;age_uncertainty_unavailable:GT4_has_no_point_age_distribution_in_source,c69eca96499bece4b2f65d4e40240f52e0bfb4027383b3f2db68a1b3e36c75f6
Vostok,Petit-et-al-2001,3.915000,,temperature_anomaly,-0.23,degC,observed;age_uncertainty_unavailable:GT4_has_no_point_age_distribution_in_source,c69eca96499bece4b2f65d4e40240f52e0bfb4027383b3f2db68a1b3e36c75f6
Vostok,Petit-et-al-2001,3.962000,,temperature_anomaly,-0.66,degC,observed;age_uncertainty_unavailable:GT4_has_no_point_age_distribution_in_source,c69eca96499bece4b2f65d4e40240f52e0bfb4027383b3f2db68a1b3e36c75f6
Vostok,Petit-et-al-2001,4.009000,,temperature_anomaly,-0.73,degC,observed;age_uncertainty_unavailable:GT4_has_no_point_age_distribution_in_source,c69eca96499bece4b2f65d4e40240f52e0bfb4027383b3f2db68a1b3e36c75f6
Vostok,Petit-et-al-2001,4.057000,,temperature_anomaly,-0.75,degC,observed;age_uncertainty_unavailable:GT4_has_no_point_age_distribution_in_source,c69eca96499bece4b2f65d4e40240f52e0bfb4027383b3f2db68a1b3e36c75f6
Vostok,Petit-et-al-2001,4.104000,,temperature_anomaly,-0.91,degC,observed;age_uncertainty_unavailable:GT4_has_no_point_age_distribution_in_source,c69eca96499bece4b2f65d4e40240f52e0bfb4027383b3f2db68a1b3e36c75f6
Vostok,Petit-et-al-2001,4.153000,,temperature_anomaly,-1.09,degC,observed;age_uncertainty_unavailable:GT4_has_no_point_age_distribution_in_source,c69eca96499bece4b2f65d4e40240f52e0bfb4027383b3f2db68a1b3e36c75f6
Vostok,Petit-et-al-2001,4.202000,,temperature_anomaly,-1,degC,observed;age_uncertainty_unavailable:GT4_has_no_point_age_distribution_in_source,c69eca96499bece4b2f65d4e40240f52e0bfb4027383b3f2db68a1b3e36c75f6
Vostok,Petit-et-al-2001,4.250000,,temperature_anomaly,-0.53,degC,observed;age_uncertainty_unavailable:GT4_has_no_point_age_distribution_in_source,c69eca96499bece4b2f65d4e40240f52e0bfb4027383b3f2db68a1b3e36c75f6
Vostok,Petit-et-al-2001,4.295000,,temperature_anomaly,0.55,degC,observed;age_uncertainty_unavailable:GT4_has_no_point_age_distribution_in_source,c69eca96499bece4b2f65d4e40240f52e0bfb4027383b3f2db68a1b3e36c75f6
Vostok,Petit-et-al-2001,4.339000,,temperature_anomaly,1.13,degC,observed;age_uncertainty_unavailable:GT4_has_no_point_age_distribution_in_source,c69eca96499bece4b2f65d4e40240f52e0bfb4027383b3f2db68a1b3e36c75f6
Vostok,Petit-et-al-2001,4.381000,,temperature_anomaly,1.13,degC,observed;age_uncertainty_unavailable:GT4_has_no_point_age_distribution_in_source,c69eca96499bece4b2f65d4e40240f52e0bfb4027383b3f2db68a1b3e36c75f6
Vostok,Petit-et-al-2001,4.423000,,temperature_anomaly,1.13,degC,observed;age_uncertainty_unavailable:GT4_has_no_point_age_distribution_in_source,c69eca96499bece4b2f65d4e40240f52e0bfb4027383b3f2db68a1b3e36c75f6
Vostok,Petit-et-al-2001,4.466000,,temperature_anomaly,1.13,degC,observed;age_uncertainty_unavailable:GT4_has_no_point_age_distribution_in_source,c69eca96499bece4b2f65d4e40240f52e0bfb4027383b3f2db68a1b3e36c75f6
Vostok,Petit-et-al-2001,4.509000,,temperature_anomaly,1.13,degC,observed;age_uncertainty_unavailable:GT4_has_no_point_age_distribution_in_source,c69eca96499bece4b2f65d4e40240f52e0bfb4027383b3f2db68a1b3e36c75f6
Vostok,Petit-et-al-2001,4.552000,,temperature_anomaly,0.88,degC,observed;age_uncertainty_unavailable:GT4_has_no_point_age_distribution_in_source,c69eca96499bece4b2f65d4e40240f52e0bfb4027383b3f2db68a1b3e36c75f6
Vostok,Petit-et-al-2001,4.596000,,temperature_anomaly,0.2,degC,observed;age_uncertainty_unavailable:GT4_has_no_point_age_distribution_in_source,c69eca96499bece4b2f65d4e40240f52e0bfb4027383b3f2db68a1b3e36c75f6
Vostok,Petit-et-al-2001,4.642000,,temperature_anomaly,-0.33,degC,observed;age_uncertainty_unavailable:GT4_has_no_point_age_distribution_in_source,c69eca96499bece4b2f65d4e40240f52e0bfb4027383b3f2db68a1b3e36c75f6
Vostok,Petit-et-al-2001,4.690000,,temperature_anomaly,-0.88,degC,observed;age_uncertainty_unavailable:GT4_has_no_point_age_distribution_in_source,c69eca96499bece4b2f65d4e40240f52e0bfb4027383b3f2db68a1b3e36c75f6
Vostok,Petit-et-al-2001,4.739000,,temperature_anomaly,-0.58,degC,observed;age_uncertainty_unavailable:GT4_has_no_point_age_distribution_in_source,c69eca96499bece4b2f65d4e40240f52e0bfb4027383b3f2db68a1b3e36c75f6
Vostok,Petit-et-al-2001,4.786000,,temperature_anomaly,0.25,degC,observed;age_uncertainty_unavailable:GT4_has_no_point_age_distribution_in_source,c69eca96499bece4b2f65d4e40240f52e0bfb4027383b3f2db68a1b3e36c75f6
Vostok,Petit-et-al-2001,4.831000,,temperature_anomaly,0,degC,observed;age_uncertainty_unavailable:GT4_has_no_point_age_distribution_in_source,c69eca96499bece4b2f65d4e40240f52e0bfb4027383b3f2db68a1b3e36c75f6
Vostok,Petit-et-al-2001,4.880000,,temperature_anomaly,-1.14,degC,observed;age_uncertainty_unavailable:GT4_has_no_point_age_distribution_in_source,c69eca96499bece4b2f65d4e40240f52e0bfb4027383b3f2db68a1b3e36c75f6
Vostok,Petit-et-al-2001,4.929000,,temperature_anomaly,-0.66,degC,observed;age_uncertainty_unavailable:GT4_has_no_point_age_distribution_in_source,c69eca96499bece4b2f65d4e40240f52e0bfb4027383b3f2db68a1b3e36c75f6
Vostok,Petit-et-al-2001,4.977000,,temperature_anomaly,-0.36,degC,observed;age_uncertainty_unavailable:GT4_has_no_point_age_distribution_in_source,c69eca96499bece4b2f65d4e40240f52e0bfb4027383b3f2db68a1b3e36c75f6
Vostok,Petit-et-al-2001,5.025000,,temperature_anomaly,-0.66,degC,observed;age_uncertainty_unavailable:GT4_has_no_point_age_distribution_in_source,c69eca96499bece4b2f65d4e40240f52e0bfb4027383b3f2db68a1b3e36c75f6
Vostok,Petit-et-al-2001,5.072000,,temperature_anomaly,0.13,degC,observed;age_uncertainty_unavailable:GT4_has_no_point_age_distribution_in_source,c69eca96499bece4b2f65d4e40240f52e0bfb4027383b3f2db68a1b3e36c75f6
Vostok,Petit-et-al-2001,5.118000,,temperature_anomaly,0.18,degC,observed;age_uncertainty_unavailable:GT4_has_no_point_age_distribution_in_source,c69eca96499bece4b2f65d4e40240f52e0bfb4027383b3f2db68a1b3e36c75f6
Vostok,Petit-et-al-2001,5.165000,,temperature_anomaly,-0.38,degC,observed;age_uncertainty_unavailable:GT4_has_no_point_age_distribution_in_source,c69eca96499bece4b2f65d4e40240f52e0bfb4027383b3f2db68a1b3e36c75f6
Vostok,Petit-et-al-2001,5.212000,,temperature_anomaly,-0.22,degC,observed;age_uncertainty_unavailable:GT4_has_no_point_age_distribution_in_source,c69eca96499bece4b2f65d4e40240f52e0bfb4027383b3f2db68a1b3e36c75f6
Vostok,Petit-et-al-2001,5.259000,,temperature_anomaly,0.28,degC,observed;age_uncertainty_unavailable:GT4_has_no_point_age_distribution_in_source,c69eca96499bece4b2f65d4e40240f52e0bfb4027383b3f2db68a1b3e36c75f6
Vostok,Petit-et-al-2001,5.305000,,temperature_anomaly,0.1,degC,observed;age_uncertainty_unavailable:GT4_has_no_point_age_distribution_in_source,c69eca96499bece4b2f65d4e40240f52e0bfb4027383b3f2db68a1b3e36c75f6
Vostok,Petit-et-al-2001,5.351000,,temperature_anomaly,0.08,degC,observed;age_uncertainty_unavailable:GT4_has_no_point_age_distribution_in_source,c69eca96499bece4b2f65d4e40240f52e0bfb4027383b3f2db68a1b3e36c75f6
Vostok,Petit-et-al-2001,5.397000,,temperature_anomaly,0.5,degC,observed;age_uncertainty_unavailable:GT4_has_no_point_age_distribution_in_source,c69eca96499bece4b2f65d4e40240f52e0bfb4027383b3f2db68a1b3e36c75f6
Vostok,Petit-et-al-2001,5.442000,,temperature_anomaly,0.5,degC,observed;age_uncertainty_unavailable:GT4_has_no_point_age_distribution_in_source,c69eca96499bece4b2f65d4e40240f52e0bfb4027383b3f2db68a1b3e36c75f6
Vostok,Petit-et-al-2001,5.488000,,temperature_anomaly,0.2,degC,observed;age_uncertainty_unavailable:GT4_has_no_point_age_distribution_in_source,c69eca96499bece4b2f65d4e40240f52e0bfb4027383b3f2db68a1b3e36c75f6
Vostok,Petit-et-al-2001,5.534000,,temperature_anomaly,0.02,degC,observed;age_uncertainty_unavailable:GT4_has_no_point_age_distribution_in_source,c69eca96499bece4b2f65d4e40240f52e0bfb4027383b3f2db68a1b3e36c75f6
Vostok,Petit-et-al-2001,5.581000,,temperature_anomaly,0.08,degC,observed;age_uncertainty_unavailable:GT4_has_no_point_age_distribution_in_source,c69eca96499bece4b2f65d4e40240f52e0bfb4027383b3f2db68a1b3e36c75f6
Vostok,Petit-et-al-2001,5.627000,,temperature_anomaly,0.03,degC,observed;age_uncertainty_unavailable:GT4_has_no_point_age_distribution_in_source,c69eca96499bece4b2f65d4e40240f52e0bfb4027383b3f2db68a1b3e36c75f6
Vostok,Petit-et-al-2001,5.674000,,temperature_anomaly,-0.06,degC,observed;age_uncertainty_unavailable:GT4_has_no_point_age_distribution_in_source,c69eca96499bece4b2f65d4e40240f52e0bfb4027383b3f2db68a1b3e36c75f6
Vostok,Petit-et-al-2001,5.721000,,temperature_anomaly,-0.15,degC,observed;age_uncertainty_unavailable:GT4_has_no_point_age_distribution_in_source,c69eca96499bece4b2f65d4e40240f52e0bfb4027383b3f2db68a1b3e36c75f6
Vostok,Petit-et-al-2001,5.769000,,temperature_anomaly,-0.25,degC,observed;age_uncertainty_unavailable:GT4_has_no_point_age_distribution_in_source,c69eca96499bece4b2f65d4e40240f52e0bfb4027383b3f2db68a1b3e36c75f6
Vostok,Petit-et-al-2001,5.816000,,temperature_anomaly,-0.22,degC,observed;age_uncertainty_unavailable:GT4_has_no_point_age_distribution_in_source,c69eca96499bece4b2f65d4e40240f52e0bfb4027383b3f2db68a1b3e36c75f6
Vostok,Petit-et-al-2001,5.863000,,temperature_anomaly,0.15,degC,observed;age_uncertainty_unavailable:GT4_has_no_point_age_distribution_in_source,c69eca96499bece4b2f65d4e40240f52e0bfb4027383b3f2db68a1b3e36c75f6
Vostok,Petit-et-al-2001,5.909000,,temperature_anomaly,0.45,degC,observed;age_uncertainty_unavailable:GT4_has_no_point_age_distribution_in_source,c69eca96499bece4b2f65d4e40240f52e0bfb4027383b3f2db68a1b3e36c75f6
Vostok,Petit-et-al-2001,5.955000,,temperature_anomaly,-0.13,degC,observed;age_uncertainty_unavailable:GT4_has_no_point_age_distribution_in_source,c69eca96499bece4b2f65d4e40240f52e0bfb4027383b3f2db68a1b3e36c75f6
Vostok,Petit-et-al-2001,6.004000,,temperature_anomaly,-0.73,degC,observed;age_uncertainty_unavailable:GT4_has_no_point_age_distribution_in_source,c69eca96499bece4b2f65d4e40240f52e0bfb4027383b3f2db68a1b3e36c75f6
Vostok,Petit-et-al-2001,6.052000,,temperature_anomaly,-0.21,degC,observed;age_uncertainty_unavailable:GT4_has_no_point_age_distribution_in_source,c69eca96499bece4b2f65d4e40240f52e0bfb4027383b3f2db68a1b3e36c75f6
Vostok,Petit-et-al-2001,6.099000,,temperature_anomaly,0.32,degC,observed;age_uncertainty_unavailable:GT4_has_no_point_age_distribution_in_source,c69eca96499bece4b2f65d4e40240f52e0bfb4027383b3f2db68a1b3e36c75f6
Vostok,Petit-et-al-2001,6.145000,,temperature_anomaly,-0.17,degC,observed;age_uncertainty_unavailable:GT4_has_no_point_age_distribution_in_source,c69eca96499bece4b2f65d4e40240f52e0bfb4027383b3f2db68a1b3e36c75f6
Vostok,Petit-et-al-2001,6.193000,,temperature_anomaly,-0.33,degC,observed;age_uncertainty_unavailable:GT4_has_no_point_age_distribution_in_source,c69eca96499bece4b2f65d4e40240f52e0bfb4027383b3f2db68a1b3e36c75f6
Vostok,Petit-et-al-2001,6.241000,,temperature_anomaly,0.09,degC,observed;age_uncertainty_unavailable:GT4_has_no_point_age_distribution_in_source,c69eca96499bece4b2f65d4e40240f52e0bfb4027383b3f2db68a1b3e36c75f6
Vostok,Petit-et-al-2001,6.287000,,temperature_anomaly,0.28,degC,observed;age_uncertainty_unavailable:GT4_has_no_point_age_distribution_in_source,c69eca96499bece4b2f65d4e40240f52e0bfb4027383b3f2db68a1b3e36c75f6
Vostok,Petit-et-al-2001,6.334000,,temperature_anomaly,-0.55,degC,observed;age_uncertainty_unavailable:GT4_has_no_point_age_distribution_in_source,c69eca96499bece4b2f65d4e40240f52e0bfb4027383b3f2db68a1b3e36c75f6
Vostok,Petit-et-al-2001,6.385000,,temperature_anomaly,-1.59,degC,observed;age_uncertainty_unavailable:GT4_has_no_point_age_distribution_in_source,c69eca96499bece4b2f65d4e40240f52e0bfb4027383b3f2db68a1b3e36c75f6
Vostok,Petit-et-al-2001,6.436000,,temperature_anomaly,-1.09,degC,observed;age_uncertainty_unavailable:GT4_has_no_point_age_distribution_in_source,c69eca96499bece4b2f65d4e40240f52e0bfb4027383b3f2db68a1b3e36c75f6
Vostok,Petit-et-al-2001,6.486000,,temperature_anomaly,-0.31,degC,observed;age_uncertainty_unavailable:GT4_has_no_point_age_distribution_in_source,c69eca96499bece4b2f65d4e40240f52e0bfb4027383b3f2db68a1b3e36c75f6
Vostok,Petit-et-al-2001,6.534000,,temperature_anomaly,-0.62,degC,observed;age_uncertainty_unavailable:GT4_has_no_point_age_distribution_in_source,c69eca96499bece4b2f65d4e40240f52e0bfb4027383b3f2db68a1b3e36c75f6
Vostok,Petit-et-al-2001,6.583000,,temperature_anomaly,-0.65,degC,observed;age_uncertainty_unavailable:GT4_has_no_point_age_distribution_in_source,c69eca96499bece4b2f65d4e40240f52e0bfb4027383b3f2db68a1b3e36c75f6
Vostok,Petit-et-al-2001,6.631000,,temperature_anomaly,0.37,degC,observed;age_uncertainty_unavailable:GT4_has_no_point_age_distribution_in_source,c69eca96499bece4b2f65d4e40240f52e0bfb4027383b3f2db68a1b3e36c75f6
Vostok,Petit-et-al-2001,6.677000,,temperature_anomaly,0.37,degC,observed;age_uncertainty_unavailable:GT4_has_no_point_age_distribution_in_source,c69eca96499bece4b2f65d4e40240f52e0bfb4027383b3f2db68a1b3e36c75f6
Vostok,Petit-et-al-2001,6.724000,,temperature_anomaly,-0.36,degC,observed;age_uncertainty_unavailable:GT4_has_no_point_age_distribution_in_source,c69eca96499bece4b2f65d4e40240f52e0bfb4027383b3f2db68a1b3e36c75f6
Vostok,Petit-et-al-2001,6.773000,,temperature_anomaly,-0.84,degC,observed;age_uncertainty_unavailable:GT4_has_no_point_age_distribution_in_source,c69eca96499bece4b2f65d4e40240f52e0bfb4027383b3f2db68a1b3e36c75f6
Vostok,Petit-et-al-2001,6.823000,,temperature_anomaly,-1.28,degC,observed;age_uncertainty_unavailable:GT4_has_no_point_age_distribution_in_source,c69eca96499bece4b2f65d4e40240f52e0bfb4027383b3f2db68a1b3e36c75f6
Vostok,Petit-et-al-2001,6.874000,,temperature_anomaly,-1.14,degC,observed;age_uncertainty_unavailable:GT4_has_no_point_age_distribution_in_source,c69eca96499bece4b2f65d4e40240f52e0bfb4027383b3f2db68a1b3e36c75f6
Vostok,Petit-et-al-2001,6.924000,,temperature_anomaly,-0.58,degC,observed;age_uncertainty_unavailable:GT4_has_no_point_age_distribution_in_source,c69eca96499bece4b2f65d4e40240f52e0bfb4027383b3f2db68a1b3e36c75f6
Vostok,Petit-et-al-2001,6.973000,,temperature_anomaly,-0.59,degC,observed;age_uncertainty_unavailable:GT4_has_no_point_age_distribution_in_source,c69eca96499bece4b2f65d4e40240f52e0bfb4027383b3f2db68a1b3e36c75f6
Vostok,Petit-et-al-2001,7.023000,,temperature_anomaly,-1.05,degC,observed;age_uncertainty_unavailable:GT4_has_no_point_age_distribution_in_source,c69eca96499bece4b2f65d4e40240f52e0bfb4027383b3f2db68a1b3e36c75f6
Vostok,Petit-et-al-2001,7.074000,,temperature_anomaly,-1.2,degC,observed;age_uncertainty_unavailable:GT4_has_no_point_age_distribution_in_source,c69eca96499bece4b2f65d4e40240f52e0bfb4027383b3f2db68a1b3e36c75f6
Vostok,Petit-et-al-2001,7.124000,,temperature_anomaly,-0.63,degC,observed;age_uncertainty_unavailable:GT4_has_no_point_age_distribution_in_source,c69eca96499bece4b2f65d4e40240f52e0bfb4027383b3f2db68a1b3e36c75f6
Vostok,Petit-et-al-2001,7.172000,,temperature_anomaly,0.02,degC,observed;age_uncertainty_unavailable:GT4_has_no_point_age_distribution_in_source,c69eca96499bece4b2f65d4e40240f52e0bfb4027383b3f2db68a1b3e36c75f6
Vostok,Petit-et-al-2001,7.220000,,temperature_anomaly,-0.04,degC,observed;age_uncertainty_unavailable:GT4_has_no_point_age_distribution_in_source,c69eca96499bece4b2f65d4e40240f52e0bfb4027383b3f2db68a1b3e36c75f6
Vostok,Petit-et-al-2001,7.267000,,temperature_anomaly,-0.11,degC,observed;age_uncertainty_unavailable:GT4_has_no_point_age_distribution_in_source,c69eca96499bece4b2f65d4e40240f52e0bfb4027383b3f2db68a1b3e36c75f6
Vostok,Petit-et-al-2001,7.315000,,temperature_anomaly,-0.29,degC,observed;age_uncertainty_unavailable:GT4_has_no_point_age_distribution_in_source,c69eca96499bece4b2f65d4e40240f52e0bfb4027383b3f2db68a1b3e36c75f6
Vostok,Petit-et-al-2001,7.364000,,temperature_anomaly,-0.81,degC,observed;age_uncertainty_unavailable:GT4_has_no_point_age_distribution_in_source,c69eca96499bece4b2f65d4e40240f52e0bfb4027383b3f2db68a1b3e36c75f6
Vostok,Petit-et-al-2001,7.413000,,temperature_anomaly,-0.58,degC,observed;age_uncertainty_unavailable:GT4_has_no_point_age_distribution_in_source,c69eca96499bece4b2f65d4e40240f52e0bfb4027383b3f2db68a1b3e36c75f6
Vostok,Petit-et-al-2001,7.462000,,temperature_anomaly,0.02,degC,observed;age_uncertainty_unavailable:GT4_has_no_point_age_distribution_in_source,c69eca96499bece4b2f65d4e40240f52e0bfb4027383b3f2db68a1b3e36c75f6
Vostok,Petit-et-al-2001,7.509000,,temperature_anomaly,-0.03,degC,observed;age_uncertainty_unavailable:GT4_has_no_point_age_distribution_in_source,c69eca96499bece4b2f65d4e40240f52e0bfb4027383b3f2db68a1b3e36c75f6
Vostok,Petit-et-al-2001,7.555000,,temperature_anomaly,0.48,degC,observed;age_uncertainty_unavailable:GT4_has_no_point_age_distribution_in_source,c69eca96499bece4b2f65d4e40240f52e0bfb4027383b3f2db68a1b3e36c75f6
Vostok,Petit-et-al-2001,7.602000,,temperature_anomaly,-0.02,degC,observed;age_uncertainty_unavailable:GT4_has_no_point_age_distribution_in_source,c69eca96499bece4b2f65d4e40240f52e0bfb4027383b3f2db68a1b3e36c75f6
Vostok,Petit-et-al-2001,7.649000,,temperature_anomaly,0.02,degC,observed;age_uncertainty_unavailable:GT4_has_no_point_age_distribution_in_source,c69eca96499bece4b2f65d4e40240f52e0bfb4027383b3f2db68a1b3e36c75f6
Vostok,Petit-et-al-2001,7.697000,,temperature_anomaly,-0.04,degC,observed;age_uncertainty_unavailable:GT4_has_no_point_age_distribution_in_source,c69eca96499bece4b2f65d4e40240f52e0bfb4027383b3f2db68a1b3e36c75f6
Vostok,Petit-et-al-2001,7.745000,,temperature_anomaly,-0.72,degC,observed;age_uncertainty_unavailable:GT4_has_no_point_age_distribution_in_source,c69eca96499bece4b2f65d4e40240f52e0bfb4027383b3f2db68a1b3e36c75f6
Vostok,Petit-et-al-2001,7.794000,,temperature_anomaly,-0.57,degC,observed;age_uncertainty_unavailable:GT4_has_no_point_age_distribution_in_source,c69eca96499bece4b2f65d4e40240f52e0bfb4027383b3f2db68a1b3e36c75f6
Vostok,Petit-et-al-2001,7.844000,,temperature_anomaly,-0.9,degC,observed;age_uncertainty_unavailable:GT4_has_no_point_age_distribution_in_source,c69eca96499bece4b2f65d4e40240f52e0bfb4027383b3f2db68a1b3e36c75f6
Vostok,Petit-et-al-2001,7.894000,,temperature_anomaly,-0.93,degC,observed;age_uncertainty_unavailable:GT4_has_no_point_age_distribution_in_source,c69eca96499bece4b2f65d4e40240f52e0bfb4027383b3f2db68a1b3e36c75f6
Vostok,Petit-et-al-2001,7.944000,,temperature_anomaly,-0.69,degC,observed;age_uncertainty_unavailable:GT4_has_no_point_age_distribution_in_source,c69eca96499bece4b2f65d4e40240f52e0bfb4027383b3f2db68a1b3e36c75f6
Vostok,Petit-et-al-2001,7.994000,,temperature_anomaly,-0.54,degC,observed;age_uncertainty_unavailable:GT4_has_no_point_age_distribution_in_source,c69eca96499bece4b2f65d4e40240f52e0bfb4027383b3f2db68a1b3e36c75f6
Vostok,Petit-et-al-2001,8.043000,,temperature_anomaly,-0.64,degC,observed;age_uncertainty_unavailable:GT4_has_no_point_age_distribution_in_source,c69eca96499bece4b2f65d4e40240f52e0bfb4027383b3f2db68a1b3e36c75f6
Vostok,Petit-et-al-2001,8.091000,,temperature_anomaly,0.3,degC,observed;age_uncertainty_unavailable:GT4_has_no_point_age_distribution_in_source,c69eca96499bece4b2f65d4e40240f52e0bfb4027383b3f2db68a1b3e36c75f6
Vostok,Petit-et-al-2001,8.135000,,temperature_anomaly,2.06,degC,observed;age_uncertainty_unavailable:GT4_has_no_point_age_distribution_in_source,c69eca96499bece4b2f65d4e40240f52e0bfb4027383b3f2db68a1b3e36c75f6
Vostok,Petit-et-al-2001,8.178000,,temperature_anomaly,0.59,degC,observed;age_uncertainty_unavailable:GT4_has_no_point_age_distribution_in_source,c69eca96499bece4b2f65d4e40240f52e0bfb4027383b3f2db68a1b3e36c75f6
Vostok,Petit-et-al-2001,8.226000,,temperature_anomaly,-0.87,degC,observed;age_uncertainty_unavailable:GT4_has_no_point_age_distribution_in_source,c69eca96499bece4b2f65d4e40240f52e0bfb4027383b3f2db68a1b3e36c75f6
Vostok,Petit-et-al-2001,8.276000,,temperature_anomaly,-0.78,degC,observed;age_uncertainty_unavailable:GT4_has_no_point_age_distribution_in_source,c69eca96499bece4b2f65d4e40240f52e0bfb4027383b3f2db68a1b3e36c75f6
Vostok,Petit-et-al-2001,8.325000,,temperature_anomaly,-0.55,degC,observed;age_uncertainty_unavailable:GT4_has_no_point_age_distribution_in_source,c69eca96499bece4b2f65d4e40240f52e0bfb4027383b3f2db68a1b3e36c75f6
Vostok,Petit-et-al-2001,8.374000,,temperature_anomaly,-0.21,degC,observed;age_uncertainty_unavailable:GT4_has_no_point_age_distribution_in_source,c69eca96499bece4b2f65d4e40240f52e0bfb4027383b3f2db68a1b3e36c75f6
Vostok,Petit-et-al-2001,8.422000,,temperature_anomaly,-0.26,degC,observed;age_uncertainty_unavailable:GT4_has_no_point_age_distribution_in_source,c69eca96499bece4b2f65d4e40240f52e0bfb4027383b3f2db68a1b3e36c75f6
Vostok,Petit-et-al-2001,8.471000,,temperature_anomaly,-0.52,degC,observed;age_uncertainty_unavailable:GT4_has_no_point_age_distribution_in_source,c69eca96499bece4b2f65d4e40240f52e0bfb4027383b3f2db68a1b3e36c75f6
Vostok,Petit-et-al-2001,8.520000,,temperature_anomaly,-0.65,degC,observed;age_uncertainty_unavailable:GT4_has_no_point_age_distribution_in_source,c69eca96499bece4b2f65d4e40240f52e0bfb4027383b3f2db68a1b3e36c75f6
Vostok,Petit-et-al-2001,8.569000,,temperature_anomaly,-0.68,degC,observed;age_uncertainty_unavailable:GT4_has_no_point_age_distribution_in_source,c69eca96499bece4b2f65d4e40240f52e0bfb4027383b3f2db68a1b3e36c75f6
Vostok,Petit-et-al-2001,8.619000,,temperature_anomaly,-0.73,degC,observed;age_uncertainty_unavailable:GT4_has_no_point_age_distribution_in_source,c69eca96499bece4b2f65d4e40240f52e0bfb4027383b3f2db68a1b3e36c75f6
Vostok,Petit-et-al-2001,8.668000,,temperature_anomaly,-0.56,degC,observed;age_uncertainty_unavailable:GT4_has_no_point_age_distribution_in_source,c69eca96499bece4b2f65d4e40240f52e0bfb4027383b3f2db68a1b3e36c75f6
Vostok,Petit-et-al-2001,8.716000,,temperature_anomaly,0.34,degC,observed;age_uncertainty_unavailable:GT4_has_no_point_age_distribution_in_source,c69eca96499bece4b2f65d4e40240f52e0bfb4027383b3f2db68a1b3e36c75f6
Vostok,Petit-et-al-2001,8.763000,,temperature_anomaly,0.13,degC,observed;age_uncertainty_unavailable:GT4_has_no_point_age_distribution_in_source,c69eca96499bece4b2f65d4e40240f52e0bfb4027383b3f2db68a1b3e36c75f6
Vostok,Petit-et-al-2001,8.811000,,temperature_anomaly,-0.81,degC,observed;age_uncertainty_unavailable:GT4_has_no_point_age_distribution_in_source,c69eca96499bece4b2f65d4e40240f52e0bfb4027383b3f2db68a1b3e36c75f6
Vostok,Petit-et-al-2001,8.861000,,temperature_anomaly,-0.53,degC,observed;age_uncertainty_unavailable:GT4_has_no_point_age_distribution_in_source,c69eca96499bece4b2f65d4e40240f52e0bfb4027383b3f2db68a1b3e36c75f6
Vostok,Petit-et-al-2001,8.910000,,temperature_anomaly,-0.54,degC,observed;age_uncertainty_unavailable:GT4_has_no_point_age_distribution_in_source,c69eca96499bece4b2f65d4e40240f52e0bfb4027383b3f2db68a1b3e36c75f6
Vostok,Petit-et-al-2001,8.960000,,temperature_anomaly,-0.88,degC,observed;age_uncertainty_unavailable:GT4_has_no_point_age_distribution_in_source,c69eca96499bece4b2f65d4e40240f52e0bfb4027383b3f2db68a1b3e36c75f6
Vostok,Petit-et-al-2001,9.009000,,temperature_anomaly,-0.48,degC,observed;age_uncertainty_unavailable:GT4_has_no_point_age_distribution_in_source,c69eca96499bece4b2f65d4e40240f52e0bfb4027383b3f2db68a1b3e36c75f6
Vostok,Petit-et-al-2001,9.058000,,temperature_anomaly,-0.41,degC,observed;age_uncertainty_unavailable:GT4_has_no_point_age_distribution_in_source,c69eca96499bece4b2f65d4e40240f52e0bfb4027383b3f2db68a1b3e36c75f6
Vostok,Petit-et-al-2001,9.107000,,temperature_anomaly,-0.6,degC,observed;age_uncertainty_unavailable:GT4_has_no_point_age_distribution_in_source,c69eca96499bece4b2f65d4e40240f52e0bfb4027383b3f2db68a1b3e36c75f6
Vostok,Petit-et-al-2001,9.156000,,temperature_anomaly,-0.51,degC,observed;age_uncertainty_unavailable:GT4_has_no_point_age_distribution_in_source,c69eca96499bece4b2f65d4e40240f52e0bfb4027383b3f2db68a1b3e36c75f6
Vostok,Petit-et-al-2001,9.204000,,temperature_anomaly,-0.13,degC,observed;age_uncertainty_unavailable:GT4_has_no_point_age_distribution_in_source,c69eca96499bece4b2f65d4e40240f52e0bfb4027383b3f2db68a1b3e36c75f6
Vostok,Petit-et-al-2001,9.252000,,temperature_anomaly,0.26,degC,observed;age_uncertainty_unavailable:GT4_has_no_point_age_distribution_in_source,c69eca96499bece4b2f65d4e40240f52e0bfb4027383b3f2db68a1b3e36c75f6
Vostok,Petit-et-al-2001,9.298000,,temperature_anomaly,0.03,degC,observed;age_uncertainty_unavailable:GT4_has_no_point_age_distribution_in_source,c69eca96499bece4b2f65d4e40240f52e0bfb4027383b3f2db68a1b3e36c75f6
Vostok,Petit-et-al-2001,9.346000,,temperature_anomaly,-0.39,degC,observed;age_uncertainty_unavailable:GT4_has_no_point_age_distribution_in_source,c69eca96499bece4b2f65d4e40240f52e0bfb4027383b3f2db68a1b3e36c75f6
Vostok,Petit-et-al-2001,9.396000,,temperature_anomaly,-0.82,degC,observed;age_uncertainty_unavailable:GT4_has_no_point_age_distribution_in_source,c69eca96499bece4b2f65d4e40240f52e0bfb4027383b3f2db68a1b3e36c75f6
Vostok,Petit-et-al-2001,9.445000,,temperature_anomaly,-0.7,degC,observed;age_uncertainty_unavailable:GT4_has_no_point_age_distribution_in_source,c69eca96499bece4b2f65d4e40240f52e0bfb4027383b3f2db68a1b3e36c75f6
Vostok,Petit-et-al-2001,9.494000,,temperature_anomaly,-0.16,degC,observed;age_uncertainty_unavailable:GT4_has_no_point_age_distribution_in_source,c69eca96499bece4b2f65d4e40240f52e0bfb4027383b3f2db68a1b3e36c75f6
Vostok,Petit-et-al-2001,9.542000,,temperature_anomaly,-0.16,degC,observed;age_uncertainty_unavailable:GT4_has_no_point_age_distribution_in_source,c69eca96499bece4b2f65d4e40240f52e0bfb4027383b3f2db68a1b3e36c75f6
Vostok,Petit-et-al-2001,9.589000,,temperature_anomaly,0.43,degC,observed;age_uncertainty_unavailable:GT4_has_no_point_age_distribution_in_source,c69eca96499bece4b2f65d4e40240f52e0bfb4027383b3f2db68a1b3e36c75f6
Vostok,Petit-et-al-2001,9.635000,,temperature_anomaly,0.51,degC,observed;age_uncertainty_unavailable:GT4_has_no_point_age_distribution_in_source,c69eca96499bece4b2f65d4e40240f52e0bfb4027383b3f2db68a1b3e36c75f6
Vostok,Petit-et-al-2001,9.682000,,temperature_anomaly,-0.46,degC,observed;age_uncertainty_unavailable:GT4_has_no_point_age_distribution_in_source,c69eca96499bece4b2f65d4e40240f52e0bfb4027383b3f2db68a1b3e36c75f6
Vostok,Petit-et-al-2001,9.732000,,temperature_anomaly,-0.8,degC,observed;age_uncertainty_unavailable:GT4_has_no_point_age_distribution_in_source,c69eca96499bece4b2f65d4e40240f52e0bfb4027383b3f2db68a1b3e36c75f6
Vostok,Petit-et-al-2001,9.782000,,temperature_anomaly,-0.85,degC,observed;age_uncertainty_unavailable:GT4_has_no_point_age_distribution_in_source,c69eca96499bece4b2f65d4e40240f52e0bfb4027383b3f2db68a1b3e36c75f6
Vostok,Petit-et-al-2001,9.831000,,temperature_anomaly,-0.74,degC,observed;age_uncertainty_unavailable:GT4_has_no_point_age_distribution_in_source,c69eca96499bece4b2f65d4e40240f52e0bfb4027383b3f2db68a1b3e36c75f6
Vostok,Petit-et-al-2001,9.881000,,temperature_anomaly,-0.36,degC,observed;age_uncertainty_unavailable:GT4_has_no_point_age_distribution_in_source,c69eca96499bece4b2f65d4e40240f52e0bfb4027383b3f2db68a1b3e36c75f6
Vostok,Petit-et-al-2001,9.929000,,temperature_anomaly,-0.37,degC,observed;age_uncertainty_unavailable:GT4_has_no_point_age_distribution_in_source,c69eca96499bece4b2f65d4e40240f52e0bfb4027383b3f2db68a1b3e36c75f6
Vostok,Petit-et-al-2001,9.978000,,temperature_anomaly,-0.65,degC,observed;age_uncertainty_unavailable:GT4_has_no_point_age_distribution_in_source,c69eca96499bece4b2f65d4e40240f52e0bfb4027383b3f2db68a1b3e36c75f6
Vostok,Petit-et-al-2001,10.027000,,temperature_anomaly,-0.28,degC,observed;age_uncertainty_unavailable:GT4_has_no_point_age_distribution_in_source,c69eca96499bece4b2f65d4e40240f52e0bfb4027383b3f2db68a1b3e36c75f6
Vostok,Petit-et-al-2001,10.075000,,temperature_anomaly,-0.47,degC,observed;age_uncertainty_unavailable:GT4_has_no_point_age_distribution_in_source,c69eca96499bece4b2f65d4e40240f52e0bfb4027383b3f2db68a1b3e36c75f6
Vostok,Petit-et-al-2001,10.124000,,temperature_anomaly,-0.58,degC,observed;age_uncertainty_unavailable:GT4_has_no_point_age_distribution_in_source,c69eca96499bece4b2f65d4e40240f52e0bfb4027383b3f2db68a1b3e36c75f6
Vostok,Petit-et-al-2001,10.172000,,temperature_anomaly,0.31,degC,observed;age_uncertainty_unavailable:GT4_has_no_point_age_distribution_in_source,c69eca96499bece4b2f65d4e40240f52e0bfb4027383b3f2db68a1b3e36c75f6
Vostok,Petit-et-al-2001,10.218000,,temperature_anomaly,0.52,degC,observed;age_uncertainty_unavailable:GT4_has_no_point_age_distribution_in_source,c69eca96499bece4b2f65d4e40240f52e0bfb4027383b3f2db68a1b3e36c75f6
Vostok,Petit-et-al-2001,10.265000,,temperature_anomaly,-0.18,degC,observed;age_uncertainty_unavailable:GT4_has_no_point_age_distribution_in_source,c69eca96499bece4b2f65d4e40240f52e0bfb4027383b3f2db68a1b3e36c75f6
Vostok,Petit-et-al-2001,10.315000,,temperature_anomaly,-1.3,degC,observed;age_uncertainty_unavailable:GT4_has_no_point_age_distribution_in_source,c69eca96499bece4b2f65d4e40240f52e0bfb4027383b3f2db68a1b3e36c75f6
Vostok,Petit-et-al-2001,10.366000,,temperature_anomaly,-0.97,degC,observed;age_uncertainty_unavailable:GT4_has_no_point_age_distribution_in_source,c69eca96499bece4b2f65d4e40240f52e0bfb4027383b3f2db68a1b3e36c75f6
Vostok,Petit-et-al-2001,10.415000,,temperature_anomaly,-0.43,degC,observed;age_uncertainty_unavailable:GT4_has_no_point_age_distribution_in_source,c69eca96499bece4b2f65d4e40240f52e0bfb4027383b3f2db68a1b3e36c75f6
Vostok,Petit-et-al-2001,10.465000,,temperature_anomaly,-0.76,degC,observed;age_uncertainty_unavailable:GT4_has_no_point_age_distribution_in_source,c69eca96499bece4b2f65d4e40240f52e0bfb4027383b3f2db68a1b3e36c75f6
Vostok,Petit-et-al-2001,10.515000,,temperature_anomaly,-0.77,degC,observed;age_uncertainty_unavailable:GT4_has_no_point_age_distribution_in_source,c69eca96499bece4b2f65d4e40240f52e0bfb4027383b3f2db68a1b3e36c75f6
Vostok,Petit-et-al-2001,10.564000,,temperature_anomaly,-0.79,degC,observed;age_uncertainty_unavailable:GT4_has_no_point_age_distribution_in_source,c69eca96499bece4b2f65d4e40240f52e0bfb4027383b3f2db68a1b3e36c75f6
Vostok,Petit-et-al-2001,10.614000,,temperature_anomaly,-0.9,degC,observed;age_uncertainty_unavailable:GT4_has_no_point_age_distribution_in_source,c69eca96499bece4b2f65d4e40240f52e0bfb4027383b3f2db68a1b3e36c75f6
Vostok,Petit-et-al-2001,10.665000,,temperature_anomaly,-0.96,degC,observed;age_uncertainty_unavailable:GT4_has_no_point_age_distribution_in_source,c69eca96499bece4b2f65d4e40240f52e0bfb4027383b3f2db68a1b3e36c75f6
Vostok,Petit-et-al-2001,10.715000,,temperature_anomaly,-0.7,degC,observed;age_uncertainty_unavailable:GT4_has_no_point_age_distribution_in_source,c69eca96499bece4b2f65d4e40240f52e0bfb4027383b3f2db68a1b3e36c75f6
Vostok,Petit-et-al-2001,10.764000,,temperature_anomaly,-0.26,degC,observed;age_uncertainty_unavailable:GT4_has_no_point_age_distribution_in_source,c69eca96499bece4b2f65d4e40240f52e0bfb4027383b3f2db68a1b3e36c75f6
Vostok,Petit-et-al-2001,10.812000,,temperature_anomaly,-0.44,degC,observed;age_uncertainty_unavailable:GT4_has_no_point_age_distribution_in_source,c69eca96499bece4b2f65d4e40240f52e0bfb4027383b3f2db68a1b3e36c75f6
Vostok,Petit-et-al-2001,10.861000,,temperature_anomaly,-0.62,degC,observed;age_uncertainty_unavailable:GT4_has_no_point_age_distribution_in_source,c69eca96499bece4b2f65d4e40240f52e0bfb4027383b3f2db68a1b3e36c75f6
Vostok,Petit-et-al-2001,10.910000,,temperature_anomaly,-0.15,degC,observed;age_uncertainty_unavailable:GT4_has_no_point_age_distribution_in_source,c69eca96499bece4b2f65d4e40240f52e0bfb4027383b3f2db68a1b3e36c75f6
Vostok,Petit-et-al-2001,10.957000,,temperature_anomaly,-0.12,degC,observed;age_uncertainty_unavailable:GT4_has_no_point_age_distribution_in_source,c69eca96499bece4b2f65d4e40240f52e0bfb4027383b3f2db68a1b3e36c75f6
Vostok,Petit-et-al-2001,11.005000,,temperature_anomaly,-0.23,degC,observed;age_uncertainty_unavailable:GT4_has_no_point_age_distribution_in_source,c69eca96499bece4b2f65d4e40240f52e0bfb4027383b3f2db68a1b3e36c75f6
Vostok,Petit-et-al-2001,11.053000,,temperature_anomaly,0.02,degC,observed;age_uncertainty_unavailable:GT4_has_no_point_age_distribution_in_source,c69eca96499bece4b2f65d4e40240f52e0bfb4027383b3f2db68a1b3e36c75f6
Vostok,Petit-et-al-2001,11.100000,,temperature_anomaly,0.09,degC,observed;age_uncertainty_unavailable:GT4_has_no_point_age_distribution_in_source,c69eca96499bece4b2f65d4e40240f52e0bfb4027383b3f2db68a1b3e36c75f6
Vostok,Petit-et-al-2001,11.146000,,temperature_anomaly,0.74,degC,observed;age_uncertainty_unavailable:GT4_has_no_point_age_distribution_in_source,c69eca96499bece4b2f65d4e40240f52e0bfb4027383b3f2db68a1b3e36c75f6
Vostok,Petit-et-al-2001,11.191000,,temperature_anomaly,0.81,degC,observed;age_uncertainty_unavailable:GT4_has_no_point_age_distribution_in_source,c69eca96499bece4b2f65d4e40240f52e0bfb4027383b3f2db68a1b3e36c75f6
Vostok,Petit-et-al-2001,11.237000,,temperature_anomaly,-0.18,degC,observed;age_uncertainty_unavailable:GT4_has_no_point_age_distribution_in_source,c69eca96499bece4b2f65d4e40240f52e0bfb4027383b3f2db68a1b3e36c75f6
Vostok,Petit-et-al-2001,11.286000,,temperature_anomaly,-0.48,degC,observed;age_uncertainty_unavailable:GT4_has_no_point_age_distribution_in_source,c69eca96499bece4b2f65d4e40240f52e0bfb4027383b3f2db68a1b3e36c75f6
Vostok,Petit-et-al-2001,11.334000,,temperature_anomaly,-0.27,degC,observed;age_uncertainty_unavailable:GT4_has_no_point_age_distribution_in_source,c69eca96499bece4b2f65d4e40240f52e0bfb4027383b3f2db68a1b3e36c75f6
Vostok,Petit-et-al-2001,11.383000,,temperature_anomaly,-0.73,degC,observed;age_uncertainty_unavailable:GT4_has_no_point_age_distribution_in_source,c69eca96499bece4b2f65d4e40240f52e0bfb4027383b3f2db68a1b3e36c75f6
Vostok,Petit-et-al-2001,11.434000,,temperature_anomaly,-1.22,degC,observed;age_uncertainty_unavailable:GT4_has_no_point_age_distribution_in_source,c69eca96499bece4b2f65d4e40240f52e0bfb4027383b3f2db68a1b3e36c75f6
Vostok,Petit-et-al-2001,11.485000,,temperature_anomaly,-1.29,degC,observed;age_uncertainty_unavailable:GT4_has_no_point_age_distribution_in_source,c69eca96499bece4b2f65d4e40240f52e0bfb4027383b3f2db68a1b3e36c75f6
Vostok,Petit-et-al-2001,11.537000,,temperature_anomaly,-1.57,degC,observed;age_uncertainty_unavailable:GT4_has_no_point_age_distribution_in_source,c69eca96499bece4b2f65d4e40240f52e0bfb4027383b3f2db68a1b3e36c75f6
Vostok,Petit-et-al-2001,11.590000,,temperature_anomaly,-1.59,degC,observed;age_uncertainty_unavailable:GT4_has_no_point_age_distribution_in_source,c69eca96499bece4b2f65d4e40240f52e0bfb4027383b3f2db68a1b3e36c75f6
Vostok,Petit-et-al-2001,11.642000,,temperature_anomaly,-1.61,degC,observed;age_uncertainty_unavailable:GT4_has_no_point_age_distribution_in_source,c69eca96499bece4b2f65d4e40240f52e0bfb4027383b3f2db68a1b3e36c75f6
Vostok,Petit-et-al-2001,11.695000,,temperature_anomaly,-1.83,degC,observed;age_uncertainty_unavailable:GT4_has_no_point_age_distribution_in_source,c69eca96499bece4b2f65d4e40240f52e0bfb4027383b3f2db68a1b3e36c75f6
Vostok,Petit-et-al-2001,11.749000,,temperature_anomaly,-2.2,degC,observed;age_uncertainty_unavailable:GT4_has_no_point_age_distribution_in_source,c69eca96499bece4b2f65d4e40240f52e0bfb4027383b3f2db68a1b3e36c75f6
Vostok,Petit-et-al-2001,11.805000,,temperature_anomaly,-2.37,degC,observed;age_uncertainty_unavailable:GT4_has_no_point_age_distribution_in_source,c69eca96499bece4b2f65d4e40240f52e0bfb4027383b3f2db68a1b3e36c75f6
Vostok,Petit-et-al-2001,11.861000,,temperature_anomaly,-2.85,degC,observed;age_uncertainty_unavailable:GT4_has_no_point_age_distribution_in_source,c69eca96499bece4b2f65d4e40240f52e0bfb4027383b3f2db68a1b3e36c75f6
Vostok,Petit-et-al-2001,11.918000,,temperature_anomaly,-2.55,degC,observed;age_uncertainty_unavailable:GT4_has_no_point_age_distribution_in_source,c69eca96499bece4b2f65d4e40240f52e0bfb4027383b3f2db68a1b3e36c75f6
Vostok,Petit-et-al-2001,11.973000,,temperature_anomaly,-2.19,degC,observed;age_uncertainty_unavailable:GT4_has_no_point_age_distribution_in_source,c69eca96499bece4b2f65d4e40240f52e0bfb4027383b3f2db68a1b3e36c75f6
Vostok,Petit-et-al-2001,12.029000,,temperature_anomaly,-2.84,degC,observed;age_uncertainty_unavailable:GT4_has_no_point_age_distribution_in_source,c69eca96499bece4b2f65d4e40240f52e0bfb4027383b3f2db68a1b3e36c75f6
Vostok,Petit-et-al-2001,12.087000,,temperature_anomaly,-3.09,degC,observed;age_uncertainty_unavailable:GT4_has_no_point_age_distribution_in_source,c69eca96499bece4b2f65d4e40240f52e0bfb4027383b3f2db68a1b3e36c75f6
Vostok,Petit-et-al-2001,12.144000,,temperature_anomaly,-2.77,degC,observed;age_uncertainty_unavailable:GT4_has_no_point_age_distribution_in_source,c69eca96499bece4b2f65d4e40240f52e0bfb4027383b3f2db68a1b3e36c75f6
Vostok,Petit-et-al-2001,12.202000,,temperature_anomaly,-2.9,degC,observed;age_uncertainty_unavailable:GT4_has_no_point_age_distribution_in_source,c69eca96499bece4b2f65d4e40240f52e0bfb4027383b3f2db68a1b3e36c75f6
Vostok,Petit-et-al-2001,12.261000,,temperature_anomaly,-3.88,degC,observed;age_uncertainty_unavailable:GT4_has_no_point_age_distribution_in_source,c69eca96499bece4b2f65d4e40240f52e0bfb4027383b3f2db68a1b3e36c75f6
Vostok,Petit-et-al-2001,12.323000,,temperature_anomaly,-4.18,degC,observed;age_uncertainty_unavailable:GT4_has_no_point_age_distribution_in_source,c69eca96499bece4b2f65d4e40240f52e0bfb4027383b3f2db68a1b3e36c75f6
Vostok,Petit-et-al-2001,12.385000,,temperature_anomaly,-3.96,degC,observed;age_uncertainty_unavailable:GT4_has_no_point_age_distribution_in_source,c69eca96499bece4b2f65d4e40240f52e0bfb4027383b3f2db68a1b3e36c75f6
Vostok,Petit-et-al-2001,12.446000,,temperature_anomaly,-3.61,degC,observed;age_uncertainty_unavailable:GT4_has_no_point_age_distribution_in_source,c69eca96499bece4b2f65d4e40240f52e0bfb4027383b3f2db68a1b3e36c75f6
Vostok,Petit-et-al-2001,12.507000,,temperature_anomaly,-3.76,degC,observed;age_uncertainty_unavailable:GT4_has_no_point_age_distribution_in_source,c69eca96499bece4b2f65d4e40240f52e0bfb4027383b3f2db68a1b3e36c75f6
Vostok,Petit-et-al-2001,12.569000,,temperature_anomaly,-4.25,degC,observed;age_uncertainty_unavailable:GT4_has_no_point_age_distribution_in_source,c69eca96499bece4b2f65d4e40240f52e0bfb4027383b3f2db68a1b3e36c75f6
Vostok,Petit-et-al-2001,12.632000,,temperature_anomaly,-4.25,degC,observed;age_uncertainty_unavailable:GT4_has_no_point_age_distribution_in_source,c69eca96499bece4b2f65d4e40240f52e0bfb4027383b3f2db68a1b3e36c75f6
Vostok,Petit-et-al-2001,12.694000,,temperature_anomaly,-3.91,degC,observed;age_uncertainty_unavailable:GT4_has_no_point_age_distribution_in_source,c69eca96499bece4b2f65d4e40240f52e0bfb4027383b3f2db68a1b3e36c75f6
Vostok,Petit-et-al-2001,12.755000,,temperature_anomaly,-3.57,degC,observed;age_uncertainty_unavailable:GT4_has_no_point_age_distribution_in_source,c69eca96499bece4b2f65d4e40240f52e0bfb4027383b3f2db68a1b3e36c75f6
Vostok,Petit-et-al-2001,12.815000,,temperature_anomaly,-3.24,degC,observed;age_uncertainty_unavailable:GT4_has_no_point_age_distribution_in_source,c69eca96499bece4b2f65d4e40240f52e0bfb4027383b3f2db68a1b3e36c75f6
Vostok,Petit-et-al-2001,12.874000,,temperature_anomaly,-3.4,degC,observed;age_uncertainty_unavailable:GT4_has_no_point_age_distribution_in_source,c69eca96499bece4b2f65d4e40240f52e0bfb4027383b3f2db68a1b3e36c75f6
Vostok,Petit-et-al-2001,12.934000,,temperature_anomaly,-3.5,degC,observed;age_uncertainty_unavailable:GT4_has_no_point_age_distribution_in_source,c69eca96499bece4b2f65d4e40240f52e0bfb4027383b3f2db68a1b3e36c75f6
Vostok,Petit-et-al-2001,12.994000,,temperature_anomaly,-3.67,degC,observed;age_uncertainty_unavailable:GT4_has_no_point_age_distribution_in_source,c69eca96499bece4b2f65d4e40240f52e0bfb4027383b3f2db68a1b3e36c75f6
Vostok,Petit-et-al-2001,13.055000,,temperature_anomaly,-3.85,degC,observed;age_uncertainty_unavailable:GT4_has_no_point_age_distribution_in_source,c69eca96499bece4b2f65d4e40240f52e0bfb4027383b3f2db68a1b3e36c75f6
Vostok,Petit-et-al-2001,13.116000,,temperature_anomaly,-3.75,degC,observed;age_uncertainty_unavailable:GT4_has_no_point_age_distribution_in_source,c69eca96499bece4b2f65d4e40240f52e0bfb4027383b3f2db68a1b3e36c75f6
Vostok,Petit-et-al-2001,13.177000,,temperature_anomaly,-3.72,degC,observed;age_uncertainty_unavailable:GT4_has_no_point_age_distribution_in_source,c69eca96499bece4b2f65d4e40240f52e0bfb4027383b3f2db68a1b3e36c75f6
Vostok,Petit-et-al-2001,13.237000,,temperature_anomaly,-3.45,degC,observed;age_uncertainty_unavailable:GT4_has_no_point_age_distribution_in_source,c69eca96499bece4b2f65d4e40240f52e0bfb4027383b3f2db68a1b3e36c75f6
Vostok,Petit-et-al-2001,13.296000,,temperature_anomaly,-3.17,degC,observed;age_uncertainty_unavailable:GT4_has_no_point_age_distribution_in_source,c69eca96499bece4b2f65d4e40240f52e0bfb4027383b3f2db68a1b3e36c75f6
Vostok,Petit-et-al-2001,13.355000,,temperature_anomaly,-3.17,degC,observed;age_uncertainty_unavailable:GT4_has_no_point_age_distribution_in_source,c69eca96499bece4b2f65d4e40240f52e0bfb4027383b3f2db68a1b3e36c75f6
Vostok,Petit-et-al-2001,13.414000,,temperature_anomaly,-3.67,degC,observed;age_uncertainty_unavailable:GT4_has_no_point_age_distribution_in_source,c69eca96499bece4b2f65d4e40240f52e0bfb4027383b3f2db68a1b3e36c75f6
Vostok,Petit-et-al-2001,13.476000,,temperature_anomaly,-4.28,degC,observed;age_uncertainty_unavailable:GT4_has_no_point_age_distribution_in_source,c69eca96499bece4b2f65d4e40240f52e0bfb4027383b3f2db68a1b3e36c75f6
Vostok,Petit-et-al-2001,13.539000,,temperature_anomaly,-4.02,degC,observed;age_uncertainty_unavailable:GT4_has_no_point_age_distribution_in_source,c69eca96499bece4b2f65d4e40240f52e0bfb4027383b3f2db68a1b3e36c75f6
Vostok,Petit-et-al-2001,13.600000,,temperature_anomaly,-3.57,degC,observed;age_uncertainty_unavailable:GT4_has_no_point_age_distribution_in_source,c69eca96499bece4b2f65d4e40240f52e0bfb4027383b3f2db68a1b3e36c75f6
Vostok,Petit-et-al-2001,13.659000,,temperature_anomaly,-3.27,degC,observed;age_uncertainty_unavailable:GT4_has_no_point_age_distribution_in_source,c69eca96499bece4b2f65d4e40240f52e0bfb4027383b3f2db68a1b3e36c75f6
Vostok,Petit-et-al-2001,13.718000,,temperature_anomaly,-2.91,degC,observed;age_uncertainty_unavailable:GT4_has_no_point_age_distribution_in_source,c69eca96499bece4b2f65d4e40240f52e0bfb4027383b3f2db68a1b3e36c75f6
Vostok,Petit-et-al-2001,13.774000,,temperature_anomaly,-2.19,degC,observed;age_uncertainty_unavailable:GT4_has_no_point_age_distribution_in_source,c69eca96499bece4b2f65d4e40240f52e0bfb4027383b3f2db68a1b3e36c75f6
Vostok,Petit-et-al-2001,13.828000,,temperature_anomaly,-2.04,degC,observed;age_uncertainty_unavailable:GT4_has_no_point_age_distribution_in_source,c69eca96499bece4b2f65d4e40240f52e0bfb4027383b3f2db68a1b3e36c75f6
Vostok,Petit-et-al-2001,13.883000,,temperature_anomaly,-2.24,degC,observed;age_uncertainty_unavailable:GT4_has_no_point_age_distribution_in_source,c69eca96499bece4b2f65d4e40240f52e0bfb4027383b3f2db68a1b3e36c75f6
Vostok,Petit-et-al-2001,13.938000,,temperature_anomaly,-2.06,degC,observed;age_uncertainty_unavailable:GT4_has_no_point_age_distribution_in_source,c69eca96499bece4b2f65d4e40240f52e0bfb4027383b3f2db68a1b3e36c75f6
Vostok,Petit-et-al-2001,13.992000,,temperature_anomaly,-2.32,degC,observed;age_uncertainty_unavailable:GT4_has_no_point_age_distribution_in_source,c69eca96499bece4b2f65d4e40240f52e0bfb4027383b3f2db68a1b3e36c75f6
Vostok,Petit-et-al-2001,14.048000,,temperature_anomaly,-2.57,degC,observed;age_uncertainty_unavailable:GT4_has_no_point_age_distribution_in_source,c69eca96499bece4b2f65d4e40240f52e0bfb4027383b3f2db68a1b3e36c75f6
Vostok,Petit-et-al-2001,14.105000,,temperature_anomaly,-2.83,degC,observed;age_uncertainty_unavailable:GT4_has_no_point_age_distribution_in_source,c69eca96499bece4b2f65d4e40240f52e0bfb4027383b3f2db68a1b3e36c75f6
Vostok,Petit-et-al-2001,14.163000,,temperature_anomaly,-3.08,degC,observed;age_uncertainty_unavailable:GT4_has_no_point_age_distribution_in_source,c69eca96499bece4b2f65d4e40240f52e0bfb4027383b3f2db68a1b3e36c75f6
Vostok,Petit-et-al-2001,14.221000,,temperature_anomaly,-3.34,degC,observed;age_uncertainty_unavailable:GT4_has_no_point_age_distribution_in_source,c69eca96499bece4b2f65d4e40240f52e0bfb4027383b3f2db68a1b3e36c75f6
Vostok,Petit-et-al-2001,14.281000,,temperature_anomaly,-3.6,degC,observed;age_uncertainty_unavailable:GT4_has_no_point_age_distribution_in_source,c69eca96499bece4b2f65d4e40240f52e0bfb4027383b3f2db68a1b3e36c75f6
Vostok,Petit-et-al-2001,14.342000,,temperature_anomaly,-3.85,degC,observed;age_uncertainty_unavailable:GT4_has_no_point_age_distribution_in_source,c69eca96499bece4b2f65d4e40240f52e0bfb4027383b3f2db68a1b3e36c75f6
Vostok,Petit-et-al-2001,14.404000,,temperature_anomaly,-4.11,degC,observed;age_uncertainty_unavailable:GT4_has_no_point_age_distribution_in_source,c69eca96499bece4b2f65d4e40240f52e0bfb4027383b3f2db68a1b3e36c75f6
Vostok,Petit-et-al-2001,14.466000,,temperature_anomaly,-3.64,degC,observed;age_uncertainty_unavailable:GT4_has_no_point_age_distribution_in_source,c69eca96499bece4b2f65d4e40240f52e0bfb4027383b3f2db68a1b3e36c75f6
Vostok,Petit-et-al-2001,14.526000,,temperature_anomaly,-3.82,degC,observed;age_uncertainty_unavailable:GT4_has_no_point_age_distribution_in_source,c69eca96499bece4b2f65d4e40240f52e0bfb4027383b3f2db68a1b3e36c75f6
Vostok,Petit-et-al-2001,14.589000,,temperature_anomaly,-4.34,degC,observed;age_uncertainty_unavailable:GT4_has_no_point_age_distribution_in_source,c69eca96499bece4b2f65d4e40240f52e0bfb4027383b3f2db68a1b3e36c75f6
Vostok,Petit-et-al-2001,14.651000,,temperature_anomaly,-3.98,degC,observed;age_uncertainty_unavailable:GT4_has_no_point_age_distribution_in_source,c69eca96499bece4b2f65d4e40240f52e0bfb4027383b3f2db68a1b3e36c75f6
Vostok,Petit-et-al-2001,14.713000,,temperature_anomaly,-3.92,degC,observed;age_uncertainty_unavailable:GT4_has_no_point_age_distribution_in_source,c69eca96499bece4b2f65d4e40240f52e0bfb4027383b3f2db68a1b3e36c75f6
Vostok,Petit-et-al-2001,14.775000,,temperature_anomaly,-4.14,degC,observed;age_uncertainty_unavailable:GT4_has_no_point_age_distribution_in_source,c69eca96499bece4b2f65d4e40240f52e0bfb4027383b3f2db68a1b3e36c75f6
Vostok,Petit-et-al-2001,14.839000,,temperature_anomaly,-4.52,degC,observed;age_uncertainty_unavailable:GT4_has_no_point_age_distribution_in_source,c69eca96499bece4b2f65d4e40240f52e0bfb4027383b3f2db68a1b3e36c75f6
Vostok,Petit-et-al-2001,14.904000,,temperature_anomaly,-4.68,degC,observed;age_uncertainty_unavailable:GT4_has_no_point_age_distribution_in_source,c69eca96499bece4b2f65d4e40240f52e0bfb4027383b3f2db68a1b3e36c75f6
Vostok,Petit-et-al-2001,14.968000,,temperature_anomaly,-4.44,degC,observed;age_uncertainty_unavailable:GT4_has_no_point_age_distribution_in_source,c69eca96499bece4b2f65d4e40240f52e0bfb4027383b3f2db68a1b3e36c75f6
Vostok,Petit-et-al-2001,15.032000,,temperature_anomaly,-4.66,degC,observed;age_uncertainty_unavailable:GT4_has_no_point_age_distribution_in_source,c69eca96499bece4b2f65d4e40240f52e0bfb4027383b3f2db68a1b3e36c75f6
Vostok,Petit-et-al-2001,15.099000,,temperature_anomaly,-5.32,degC,observed;age_uncertainty_unavailable:GT4_has_no_point_age_distribution_in_source,c69eca96499bece4b2f65d4e40240f52e0bfb4027383b3f2db68a1b3e36c75f6
Vostok,Petit-et-al-2001,15.167000,,temperature_anomaly,-5.4,degC,observed;age_uncertainty_unavailable:GT4_has_no_point_age_distribution_in_source,c69eca96499bece4b2f65d4e40240f52e0bfb4027383b3f2db68a1b3e36c75f6
Vostok,Petit-et-al-2001,15.234000,,temperature_anomaly,-5,degC,observed;age_uncertainty_unavailable:GT4_has_no_point_age_distribution_in_source,c69eca96499bece4b2f65d4e40240f52e0bfb4027383b3f2db68a1b3e36c75f6
Vostok,Petit-et-al-2001,15.300000,,temperature_anomaly,-4.81,degC,observed;age_uncertainty_unavailable:GT4_has_no_point_age_distribution_in_source,c69eca96499bece4b2f65d4e40240f52e0bfb4027383b3f2db68a1b3e36c75f6
Vostok,Petit-et-al-2001,15.366000,,temperature_anomaly,-4.74,degC,observed;age_uncertainty_unavailable:GT4_has_no_point_age_distribution_in_source,c69eca96499bece4b2f65d4e40240f52e0bfb4027383b3f2db68a1b3e36c75f6
Vostok,Petit-et-al-2001,15.432000,,temperature_anomaly,-5.15,degC,observed;age_uncertainty_unavailable:GT4_has_no_point_age_distribution_in_source,c69eca96499bece4b2f65d4e40240f52e0bfb4027383b3f2db68a1b3e36c75f6
Vostok,Petit-et-al-2001,15.501000,,temperature_anomaly,-5.71,degC,observed;age_uncertainty_unavailable:GT4_has_no_point_age_distribution_in_source,c69eca96499bece4b2f65d4e40240f52e0bfb4027383b3f2db68a1b3e36c75f6
Vostok,Petit-et-al-2001,15.570000,,temperature_anomaly,-5.6,degC,observed;age_uncertainty_unavailable:GT4_has_no_point_age_distribution_in_source,c69eca96499bece4b2f65d4e40240f52e0bfb4027383b3f2db68a1b3e36c75f6
Vostok,Petit-et-al-2001,15.639000,,temperature_anomaly,-5.44,degC,observed;age_uncertainty_unavailable:GT4_has_no_point_age_distribution_in_source,c69eca96499bece4b2f65d4e40240f52e0bfb4027383b3f2db68a1b3e36c75f6
Vostok,Petit-et-al-2001,15.708000,,temperature_anomaly,-5.57,degC,observed;age_uncertainty_unavailable:GT4_has_no_point_age_distribution_in_source,c69eca96499bece4b2f65d4e40240f52e0bfb4027383b3f2db68a1b3e36c75f6
Vostok,Petit-et-al-2001,15.777000,,temperature_anomaly,-5.29,degC,observed;age_uncertainty_unavailable:GT4_has_no_point_age_distribution_in_source,c69eca96499bece4b2f65d4e40240f52e0bfb4027383b3f2db68a1b3e36c75f6
Vostok,Petit-et-al-2001,15.845000,,temperature_anomaly,-5.35,degC,observed;age_uncertainty_unavailable:GT4_has_no_point_age_distribution_in_source,c69eca96499bece4b2f65d4e40240f52e0bfb4027383b3f2db68a1b3e36c75f6
Vostok,Petit-et-al-2001,15.915000,,temperature_anomaly,-6.19,degC,observed;age_uncertainty_unavailable:GT4_has_no_point_age_distribution_in_source,c69eca96499bece4b2f65d4e40240f52e0bfb4027383b3f2db68a1b3e36c75f6
Vostok,Petit-et-al-2001,15.987000,,temperature_anomaly,-5.99,degC,observed;age_uncertainty_unavailable:GT4_has_no_point_age_distribution_in_source,c69eca96499bece4b2f65d4e40240f52e0bfb4027383b3f2db68a1b3e36c75f6
Vostok,Petit-et-al-2001,16.057000,,temperature_anomaly,-5.75,degC,observed;age_uncertainty_unavailable:GT4_has_no_point_age_distribution_in_source,c69eca96499bece4b2f65d4e40240f52e0bfb4027383b3f2db68a1b3e36c75f6
Vostok,Petit-et-al-2001,16.128000,,temperature_anomaly,-6.08,degC,observed;age_uncertainty_unavailable:GT4_has_no_point_age_distribution_in_source,c69eca96499bece4b2f65d4e40240f52e0bfb4027383b3f2db68a1b3e36c75f6
Vostok,Petit-et-al-2001,16.201000,,temperature_anomaly,-6.34,degC,observed;age_uncertainty_unavailable:GT4_has_no_point_age_distribution_in_source,c69eca96499bece4b2f65d4e40240f52e0bfb4027383b3f2db68a1b3e36c75f6
Vostok,Petit-et-al-2001,16.275000,,temperature_anomaly,-6.74,degC,observed;age_uncertainty_unavailable:GT4_has_no_point_age_distribution_in_source,c69eca96499bece4b2f65d4e40240f52e0bfb4027383b3f2db68a1b3e36c75f6
Vostok,Petit-et-al-2001,16.350000,,temperature_anomaly,-6.88,degC,observed;age_uncertainty_unavailable:GT4_has_no_point_age_distribution_in_source,c69eca96499bece4b2f65d4e40240f52e0bfb4027383b3f2db68a1b3e36c75f6
Vostok,Petit-et-al-2001,16.426000,,temperature_anomaly,-6.88,degC,observed;age_uncertainty_unavailable:GT4_has_no_point_age_distribution_in_source,c69eca96499bece4b2f65d4e40240f52e0bfb4027383b3f2db68a1b3e36c75f6
Vostok,Petit-et-al-2001,16.502000,,temperature_anomaly,-6.74,degC,observed;age_uncertainty_unavailable:GT4_has_no_point_age_distribution_in_source,c69eca96499bece4b2f65d4e40240f52e0bfb4027383b3f2db68a1b3e36c75f6
Vostok,Petit-et-al-2001,16.577000,,temperature_anomaly,-6.77,degC,observed;age_uncertainty_unavailable:GT4_has_no_point_age_distribution_in_source,c69eca96499bece4b2f65d4e40240f52e0bfb4027383b3f2db68a1b3e36c75f6
Vostok,Petit-et-al-2001,16.653000,,temperature_anomaly,-6.97,degC,observed;age_uncertainty_unavailable:GT4_has_no_point_age_distribution_in_source,c69eca96499bece4b2f65d4e40240f52e0bfb4027383b3f2db68a1b3e36c75f6
Vostok,Petit-et-al-2001,16.729000,,temperature_anomaly,-7.16,degC,observed;age_uncertainty_unavailable:GT4_has_no_point_age_distribution_in_source,c69eca96499bece4b2f65d4e40240f52e0bfb4027383b3f2db68a1b3e36c75f6
Vostok,Petit-et-al-2001,16.808000,,temperature_anomaly,-7.49,degC,observed;age_uncertainty_unavailable:GT4_has_no_point_age_distribution_in_source,c69eca96499bece4b2f65d4e40240f52e0bfb4027383b3f2db68a1b3e36c75f6
Vostok,Petit-et-al-2001,16.889000,,temperature_anomaly,-8.33,degC,observed;age_uncertainty_unavailable:GT4_has_no_point_age_distribution_in_source,c69eca96499bece4b2f65d4e40240f52e0bfb4027383b3f2db68a1b3e36c75f6
Vostok,Petit-et-al-2001,16.974000,,temperature_anomaly,-8.51,degC,observed;age_uncertainty_unavailable:GT4_has_no_point_age_distribution_in_source,c69eca96499bece4b2f65d4e40240f52e0bfb4027383b3f2db68a1b3e36c75f6
Vostok,Petit-et-al-2001,17.058000,,temperature_anomaly,-8.04,degC,observed;age_uncertainty_unavailable:GT4_has_no_point_age_distribution_in_source,c69eca96499bece4b2f65d4e40240f52e0bfb4027383b3f2db68a1b3e36c75f6
Vostok,Petit-et-al-2001,17.139000,,temperature_anomaly,-7.6,degC,observed;age_uncertainty_unavailable:GT4_has_no_point_age_distribution_in_source,c69eca96499bece4b2f65d4e40240f52e0bfb4027383b3f2db68a1b3e36c75f6
Vostok,Petit-et-al-2001,17.219000,,temperature_anomaly,-7.53,degC,observed;age_uncertainty_unavailable:GT4_has_no_point_age_distribution_in_source,c69eca96499bece4b2f65d4e40240f52e0bfb4027383b3f2db68a1b3e36c75f6
Vostok,Petit-et-al-2001,17.298000,,temperature_anomaly,-7.45,degC,observed;age_uncertainty_unavailable:GT4_has_no_point_age_distribution_in_source,c69eca96499bece4b2f65d4e40240f52e0bfb4027383b3f2db68a1b3e36c75f6
Vostok,Petit-et-al-2001,17.379000,,temperature_anomaly,-8.09,degC,observed;age_uncertainty_unavailable:GT4_has_no_point_age_distribution_in_source,c69eca96499bece4b2f65d4e40240f52e0bfb4027383b3f2db68a1b3e36c75f6
Vostok,Petit-et-al-2001,17.462000,,temperature_anomaly,-8.27,degC,observed;age_uncertainty_unavailable:GT4_has_no_point_age_distribution_in_source,c69eca96499bece4b2f65d4e40240f52e0bfb4027383b3f2db68a1b3e36c75f6
Vostok,Petit-et-al-2001,17.544000,,temperature_anomaly,-7.68,degC,observed;age_uncertainty_unavailable:GT4_has_no_point_age_distribution_in_source,c69eca96499bece4b2f65d4e40240f52e0bfb4027383b3f2db68a1b3e36c75f6
Vostok,Petit-et-al-2001,17.625000,,temperature_anomaly,-7.78,degC,observed;age_uncertainty_unavailable:GT4_has_no_point_age_distribution_in_source,c69eca96499bece4b2f65d4e40240f52e0bfb4027383b3f2db68a1b3e36c75f6
Vostok,Petit-et-al-2001,17.706000,,temperature_anomaly,-7.84,degC,observed;age_uncertainty_unavailable:GT4_has_no_point_age_distribution_in_source,c69eca96499bece4b2f65d4e40240f52e0bfb4027383b3f2db68a1b3e36c75f6
Vostok,Petit-et-al-2001,17.787000,,temperature_anomaly,-7.82,degC,observed;age_uncertainty_unavailable:GT4_has_no_point_age_distribution_in_source,c69eca96499bece4b2f65d4e40240f52e0bfb4027383b3f2db68a1b3e36c75f6
Vostok,Petit-et-al-2001,17.868000,,temperature_anomaly,-7.72,degC,observed;age_uncertainty_unavailable:GT4_has_no_point_age_distribution_in_source,c69eca96499bece4b2f65d4e40240f52e0bfb4027383b3f2db68a1b3e36c75f6
Vostok,Petit-et-al-2001,17.949000,,temperature_anomaly,-7.75,degC,observed;age_uncertainty_unavailable:GT4_has_no_point_age_distribution_in_source,c69eca96499bece4b2f65d4e40240f52e0bfb4027383b3f2db68a1b3e36c75f6
Vostok,Petit-et-al-2001,18.031000,,temperature_anomaly,-8.19,degC,observed;age_uncertainty_unavailable:GT4_has_no_point_age_distribution_in_source,c69eca96499bece4b2f65d4e40240f52e0bfb4027383b3f2db68a1b3e36c75f6
Vostok,Petit-et-al-2001,18.116000,,temperature_anomaly,-8.63,degC,observed;age_uncertainty_unavailable:GT4_has_no_point_age_distribution_in_source,c69eca96499bece4b2f65d4e40240f52e0bfb4027383b3f2db68a1b3e36c75f6
Vostok,Petit-et-al-2001,18.201000,,temperature_anomaly,-8.16,degC,observed;age_uncertainty_unavailable:GT4_has_no_point_age_distribution_in_source,c69eca96499bece4b2f65d4e40240f52e0bfb4027383b3f2db68a1b3e36c75f6
Vostok,Petit-et-al-2001,18.283000,,temperature_anomaly,-7.89,degC,observed;age_uncertainty_unavailable:GT4_has_no_point_age_distribution_in_source,c69eca96499bece4b2f65d4e40240f52e0bfb4027383b3f2db68a1b3e36c75f6
Vostok,Petit-et-al-2001,18.365000,,temperature_anomaly,-7.74,degC,observed;age_uncertainty_unavailable:GT4_has_no_point_age_distribution_in_source,c69eca96499bece4b2f65d4e40240f52e0bfb4027383b3f2db68a1b3e36c75f6
Vostok,Petit-et-al-2001,18.446000,,temperature_anomaly,-7.97,degC,observed;age_uncertainty_unavailable:GT4_has_no_point_age_distribution_in_source,c69eca96499bece4b2f65d4e40240f52e0bfb4027383b3f2db68a1b3e36c75f6
Vostok,Petit-et-al-2001,18.530000,,temperature_anomaly,-8.5,degC,observed;age_uncertainty_unavailable:GT4_has_no_point_age_distribution_in_source,c69eca96499bece4b2f65d4e40240f52e0bfb4027383b3f2db68a1b3e36c75f6
Vostok,Petit-et-al-2001,18.615000,,temperature_anomaly,-8.43,degC,observed;age_uncertainty_unavailable:GT4_has_no_point_age_distribution_in_source,c69eca96499bece4b2f65d4e40240f52e0bfb4027383b3f2db68a1b3e36c75f6
Vostok,Petit-et-al-2001,18.701000,,temperature_anomaly,-8.73,degC,observed;age_uncertainty_unavailable:GT4_has_no_point_age_distribution_in_source,c69eca96499bece4b2f65d4e40240f52e0bfb4027383b3f2db68a1b3e36c75f6
Vostok,Petit-et-al-2001,18.787000,,temperature_anomaly,-8.46,degC,observed;age_uncertainty_unavailable:GT4_has_no_point_age_distribution_in_source,c69eca96499bece4b2f65d4e40240f52e0bfb4027383b3f2db68a1b3e36c75f6
Vostok,Petit-et-al-2001,18.870000,,temperature_anomaly,-7.58,degC,observed;age_uncertainty_unavailable:GT4_has_no_point_age_distribution_in_source,c69eca96499bece4b2f65d4e40240f52e0bfb4027383b3f2db68a1b3e36c75f6
Vostok,Petit-et-al-2001,18.950000,,temperature_anomaly,-7.63,degC,observed;age_uncertainty_unavailable:GT4_has_no_point_age_distribution_in_source,c69eca96499bece4b2f65d4e40240f52e0bfb4027383b3f2db68a1b3e36c75f6
Vostok,Petit-et-al-2001,19.032000,,temperature_anomaly,-8.11,degC,observed;age_uncertainty_unavailable:GT4_has_no_point_age_distribution_in_source,c69eca96499bece4b2f65d4e40240f52e0bfb4027383b3f2db68a1b3e36c75f6
Vostok,Petit-et-al-2001,19.116000,,temperature_anomaly,-8.26,degC,observed;age_uncertainty_unavailable:GT4_has_no_point_age_distribution_in_source,c69eca96499bece4b2f65d4e40240f52e0bfb4027383b3f2db68a1b3e36c75f6
Vostok,Petit-et-al-2001,19.199000,,temperature_anomaly,-8.03,degC,observed;age_uncertainty_unavailable:GT4_has_no_point_age_distribution_in_source,c69eca96499bece4b2f65d4e40240f52e0bfb4027383b3f2db68a1b3e36c75f6
Vostok,Petit-et-al-2001,19.282000,,temperature_anomaly,-7.81,degC,observed;age_uncertainty_unavailable:GT4_has_no_point_age_distribution_in_source,c69eca96499bece4b2f65d4e40240f52e0bfb4027383b3f2db68a1b3e36c75f6
Vostok,Petit-et-al-2001,19.362000,,temperature_anomaly,-7.54,degC,observed;age_uncertainty_unavailable:GT4_has_no_point_age_distribution_in_source,c69eca96499bece4b2f65d4e40240f52e0bfb4027383b3f2db68a1b3e36c75f6
Vostok,Petit-et-al-2001,19.443000,,temperature_anomaly,-7.7,degC,observed;age_uncertainty_unavailable:GT4_has_no_point_age_distribution_in_source,c69eca96499bece4b2f65d4e40240f52e0bfb4027383b3f2db68a1b3e36c75f6
Vostok,Petit-et-al-2001,19.525000,,temperature_anomaly,-8.15,degC,observed;age_uncertainty_unavailable:GT4_has_no_point_age_distribution_in_source,c69eca96499bece4b2f65d4e40240f52e0bfb4027383b3f2db68a1b3e36c75f6
Vostok,Petit-et-al-2001,19.610000,,temperature_anomaly,-8.45,degC,observed;age_uncertainty_unavailable:GT4_has_no_point_age_distribution_in_source,c69eca96499bece4b2f65d4e40240f52e0bfb4027383b3f2db68a1b3e36c75f6
Vostok,Petit-et-al-2001,19.696000,,temperature_anomaly,-8.71,degC,observed;age_uncertainty_unavailable:GT4_has_no_point_age_distribution_in_source,c69eca96499bece4b2f65d4e40240f52e0bfb4027383b3f2db68a1b3e36c75f6
Vostok,Petit-et-al-2001,19.782000,,temperature_anomaly,-8.52,degC,observed;age_uncertainty_unavailable:GT4_has_no_point_age_distribution_in_source,c69eca96499bece4b2f65d4e40240f52e0bfb4027383b3f2db68a1b3e36c75f6
Vostok,Petit-et-al-2001,19.868000,,temperature_anomaly,-8.61,degC,observed;age_uncertainty_unavailable:GT4_has_no_point_age_distribution_in_source,c69eca96499bece4b2f65d4e40240f52e0bfb4027383b3f2db68a1b3e36c75f6
Vostok,Petit-et-al-2001,19.953000,,temperature_anomaly,-7.99,degC,observed;age_uncertainty_unavailable:GT4_has_no_point_age_distribution_in_source,c69eca96499bece4b2f65d4e40240f52e0bfb4027383b3f2db68a1b3e36c75f6
Vostok,Petit-et-al-2001,20.035000,,temperature_anomaly,-7.62,degC,observed;age_uncertainty_unavailable:GT4_has_no_point_age_distribution_in_source,c69eca96499bece4b2f65d4e40240f52e0bfb4027383b3f2db68a1b3e36c75f6
Vostok,Petit-et-al-2001,20.116000,,temperature_anomaly,-7.84,degC,observed;age_uncertainty_unavailable:GT4_has_no_point_age_distribution_in_source,c69eca96499bece4b2f65d4e40240f52e0bfb4027383b3f2db68a1b3e36c75f6
Vostok,Petit-et-al-2001,20.197000,,temperature_anomaly,-7.52,degC,observed;age_uncertainty_unavailable:GT4_has_no_point_age_distribution_in_source,c69eca96499bece4b2f65d4e40240f52e0bfb4027383b3f2db68a1b3e36c75f6
Vostok,Petit-et-al-2001,20.278000,,temperature_anomaly,-7.82,degC,observed;age_uncertainty_unavailable:GT4_has_no_point_age_distribution_in_source,c69eca96499bece4b2f65d4e40240f52e0bfb4027383b3f2db68a1b3e36c75f6
Vostok,Petit-et-al-2001,20.361000,,temperature_anomaly,-8.11,degC,observed;age_uncertainty_unavailable:GT4_has_no_point_age_distribution_in_source,c69eca96499bece4b2f65d4e40240f52e0bfb4027383b3f2db68a1b3e36c75f6
Vostok,Petit-et-al-2001,20.444000,,temperature_anomaly,-8.08,degC,observed;age_uncertainty_unavailable:GT4_has_no_point_age_distribution_in_source,c69eca96499bece4b2f65d4e40240f52e0bfb4027383b3f2db68a1b3e36c75f6
Vostok,Petit-et-al-2001,20.528000,,temperature_anomaly,-8.03,degC,observed;age_uncertainty_unavailable:GT4_has_no_point_age_distribution_in_source,c69eca96499bece4b2f65d4e40240f52e0bfb4027383b3f2db68a1b3e36c75f6
Vostok,Petit-et-al-2001,20.611000,,temperature_anomaly,-8.04,degC,observed;age_uncertainty_unavailable:GT4_has_no_point_age_distribution_in_source,c69eca96499bece4b2f65d4e40240f52e0bfb4027383b3f2db68a1b3e36c75f6
Vostok,Petit-et-al-2001,20.694000,,temperature_anomaly,-7.96,degC,observed;age_uncertainty_unavailable:GT4_has_no_point_age_distribution_in_source,c69eca96499bece4b2f65d4e40240f52e0bfb4027383b3f2db68a1b3e36c75f6
Vostok,Petit-et-al-2001,20.777000,,temperature_anomaly,-7.87,degC,observed;age_uncertainty_unavailable:GT4_has_no_point_age_distribution_in_source,c69eca96499bece4b2f65d4e40240f52e0bfb4027383b3f2db68a1b3e36c75f6
Vostok,Petit-et-al-2001,20.859000,,temperature_anomaly,-7.94,degC,observed;age_uncertainty_unavailable:GT4_has_no_point_age_distribution_in_source,c69eca96499bece4b2f65d4e40240f52e0bfb4027383b3f2db68a1b3e36c75f6
Vostok,Petit-et-al-2001,20.943000,,temperature_anomaly,-8.12,degC,observed;age_uncertainty_unavailable:GT4_has_no_point_age_distribution_in_source,c69eca96499bece4b2f65d4e40240f52e0bfb4027383b3f2db68a1b3e36c75f6
Vostok,Petit-et-al-2001,21.026000,,temperature_anomaly,-8.1,degC,observed;age_uncertainty_unavailable:GT4_has_no_point_age_distribution_in_source,c69eca96499bece4b2f65d4e40240f52e0bfb4027383b3f2db68a1b3e36c75f6
Vostok,Petit-et-al-2001,21.110000,,temperature_anomaly,-7.93,degC,observed;age_uncertainty_unavailable:GT4_has_no_point_age_distribution_in_source,c69eca96499bece4b2f65d4e40240f52e0bfb4027383b3f2db68a1b3e36c75f6
Vostok,Petit-et-al-2001,21.192000,,temperature_anomaly,-7.91,degC,observed;age_uncertainty_unavailable:GT4_has_no_point_age_distribution_in_source,c69eca96499bece4b2f65d4e40240f52e0bfb4027383b3f2db68a1b3e36c75f6
Vostok,Petit-et-al-2001,21.275000,,temperature_anomaly,-7.91,degC,observed;age_uncertainty_unavailable:GT4_has_no_point_age_distribution_in_source,c69eca96499bece4b2f65d4e40240f52e0bfb4027383b3f2db68a1b3e36c75f6
Vostok,Petit-et-al-2001,21.358000,,temperature_anomaly,-8,degC,observed;age_uncertainty_unavailable:GT4_has_no_point_age_distribution_in_source,c69eca96499bece4b2f65d4e40240f52e0bfb4027383b3f2db68a1b3e36c75f6
Vostok,Petit-et-al-2001,21.442000,,temperature_anomaly,-8.09,degC,observed;age_uncertainty_unavailable:GT4_has_no_point_age_distribution_in_source,c69eca96499bece4b2f65d4e40240f52e0bfb4027383b3f2db68a1b3e36c75f6
Vostok,Petit-et-al-2001,21.525000,,temperature_anomaly,-7.73,degC,observed;age_uncertainty_unavailable:GT4_has_no_point_age_distribution_in_source,c69eca96499bece4b2f65d4e40240f52e0bfb4027383b3f2db68a1b3e36c75f6
Vostok,Petit-et-al-2001,21.605000,,temperature_anomaly,-7.36,degC,observed;age_uncertainty_unavailable:GT4_has_no_point_age_distribution_in_source,c69eca96499bece4b2f65d4e40240f52e0bfb4027383b3f2db68a1b3e36c75f6
Vostok,Petit-et-al-2001,21.686000,,temperature_anomaly,-7.66,degC,observed;age_uncertainty_unavailable:GT4_has_no_point_age_distribution_in_source,c69eca96499bece4b2f65d4e40240f52e0bfb4027383b3f2db68a1b3e36c75f6
Vostok,Petit-et-al-2001,21.769000,,temperature_anomaly,-8.24,degC,observed;age_uncertainty_unavailable:GT4_has_no_point_age_distribution_in_source,c69eca96499bece4b2f65d4e40240f52e0bfb4027383b3f2db68a1b3e36c75f6
Vostok,Petit-et-al-2001,21.854000,,temperature_anomaly,-8.33,degC,observed;age_uncertainty_unavailable:GT4_has_no_point_age_distribution_in_source,c69eca96499bece4b2f65d4e40240f52e0bfb4027383b3f2db68a1b3e36c75f6
Vostok,Petit-et-al-2001,21.939000,,temperature_anomaly,-8.12,degC,observed;age_uncertainty_unavailable:GT4_has_no_point_age_distribution_in_source,c69eca96499bece4b2f65d4e40240f52e0bfb4027383b3f2db68a1b3e36c75f6
Vostok,Petit-et-al-2001,22.023000,,temperature_anomaly,-8.15,degC,observed;age_uncertainty_unavailable:GT4_has_no_point_age_distribution_in_source,c69eca96499bece4b2f65d4e40240f52e0bfb4027383b3f2db68a1b3e36c75f6
Vostok,Petit-et-al-2001,22.108000,,temperature_anomaly,-8.41,degC,observed;age_uncertainty_unavailable:GT4_has_no_point_age_distribution_in_source,c69eca96499bece4b2f65d4e40240f52e0bfb4027383b3f2db68a1b3e36c75f6
Vostok,Petit-et-al-2001,22.196000,,temperature_anomaly,-8.82,degC,observed;age_uncertainty_unavailable:GT4_has_no_point_age_distribution_in_source,c69eca96499bece4b2f65d4e40240f52e0bfb4027383b3f2db68a1b3e36c75f6
Vostok,Petit-et-al-2001,22.284000,,temperature_anomaly,-8.82,degC,observed;age_uncertainty_unavailable:GT4_has_no_point_age_distribution_in_source,c69eca96499bece4b2f65d4e40240f52e0bfb4027383b3f2db68a1b3e36c75f6
Vostok,Petit-et-al-2001,22.371000,,temperature_anomaly,-8.45,degC,observed;age_uncertainty_unavailable:GT4_has_no_point_age_distribution_in_source,c69eca96499bece4b2f65d4e40240f52e0bfb4027383b3f2db68a1b3e36c75f6
Vostok,Petit-et-al-2001,22.457000,,temperature_anomaly,-8.3,degC,observed;age_uncertainty_unavailable:GT4_has_no_point_age_distribution_in_source,c69eca96499bece4b2f65d4e40240f52e0bfb4027383b3f2db68a1b3e36c75f6
Vostok,Petit-et-al-2001,22.543000,,temperature_anomaly,-8.37,degC,observed;age_uncertainty_unavailable:GT4_has_no_point_age_distribution_in_source,c69eca96499bece4b2f65d4e40240f52e0bfb4027383b3f2db68a1b3e36c75f6
Vostok,Petit-et-al-2001,22.629000,,temperature_anomaly,-8.45,degC,observed;age_uncertainty_unavailable:GT4_has_no_point_age_distribution_in_source,c69eca96499bece4b2f65d4e40240f52e0bfb4027383b3f2db68a1b3e36c75f6
Vostok,Petit-et-al-2001,22.716000,,temperature_anomaly,-8.52,degC,observed;age_uncertainty_unavailable:GT4_has_no_point_age_distribution_in_source,c69eca96499bece4b2f65d4e40240f52e0bfb4027383b3f2db68a1b3e36c75f6
Vostok,Petit-et-al-2001,22.803000,,temperature_anomaly,-8.59,degC,observed;age_uncertainty_unavailable:GT4_has_no_point_age_distribution_in_source,c69eca96499bece4b2f65d4e40240f52e0bfb4027383b3f2db68a1b3e36c75f6
Vostok,Petit-et-al-2001,22.888000,,temperature_anomaly,-7.97,degC,observed;age_uncertainty_unavailable:GT4_has_no_point_age_distribution_in_source,c69eca96499bece4b2f65d4e40240f52e0bfb4027383b3f2db68a1b3e36c75f6
Vostok,Petit-et-al-2001,22.972000,,temperature_anomaly,-7.92,degC,observed;age_uncertainty_unavailable:GT4_has_no_point_age_distribution_in_source,c69eca96499bece4b2f65d4e40240f52e0bfb4027383b3f2db68a1b3e36c75f6
Vostok,Petit-et-al-2001,23.057000,,temperature_anomaly,-8.5,degC,observed;age_uncertainty_unavailable:GT4_has_no_point_age_distribution_in_source,c69eca96499bece4b2f65d4e40240f52e0bfb4027383b3f2db68a1b3e36c75f6
Vostok,Petit-et-al-2001,23.145000,,temperature_anomaly,-8.8,degC,observed;age_uncertainty_unavailable:GT4_has_no_point_age_distribution_in_source,c69eca96499bece4b2f65d4e40240f52e0bfb4027383b3f2db68a1b3e36c75f6
Vostok,Petit-et-al-2001,23.234000,,temperature_anomaly,-8.89,degC,observed;age_uncertainty_unavailable:GT4_has_no_point_age_distribution_in_source,c69eca96499bece4b2f65d4e40240f52e0bfb4027383b3f2db68a1b3e36c75f6
Vostok,Petit-et-al-2001,23.324000,,temperature_anomaly,-9.01,degC,observed;age_uncertainty_unavailable:GT4_has_no_point_age_distribution_in_source,c69eca96499bece4b2f65d4e40240f52e0bfb4027383b3f2db68a1b3e36c75f6
Vostok,Petit-et-al-2001,23.412000,,temperature_anomaly,-8.54,degC,observed;age_uncertainty_unavailable:GT4_has_no_point_age_distribution_in_source,c69eca96499bece4b2f65d4e40240f52e0bfb4027383b3f2db68a1b3e36c75f6
Vostok,Petit-et-al-2001,23.497000,,temperature_anomaly,-7.76,degC,observed;age_uncertainty_unavailable:GT4_has_no_point_age_distribution_in_source,c69eca96499bece4b2f65d4e40240f52e0bfb4027383b3f2db68a1b3e36c75f6
Vostok,Petit-et-al-2001,23.581000,,temperature_anomaly,-8.2,degC,observed;age_uncertainty_unavailable:GT4_has_no_point_age_distribution_in_source,c69eca96499bece4b2f65d4e40240f52e0bfb4027383b3f2db68a1b3e36c75f6
Vostok,Petit-et-al-2001,23.668000,,temperature_anomaly,-8.63,degC,observed;age_uncertainty_unavailable:GT4_has_no_point_age_distribution_in_source,c69eca96499bece4b2f65d4e40240f52e0bfb4027383b3f2db68a1b3e36c75f6
Vostok,Petit-et-al-2001,23.755000,,temperature_anomaly,-8.63,degC,observed;age_uncertainty_unavailable:GT4_has_no_point_age_distribution_in_source,c69eca96499bece4b2f65d4e40240f52e0bfb4027383b3f2db68a1b3e36c75f6
Vostok,Petit-et-al-2001,23.843000,,temperature_anomaly,-8.63,degC,observed;age_uncertainty_unavailable:GT4_has_no_point_age_distribution_in_source,c69eca96499bece4b2f65d4e40240f52e0bfb4027383b3f2db68a1b3e36c75f6
Vostok,Petit-et-al-2001,23.931000,,temperature_anomaly,-8.44,degC,observed;age_uncertainty_unavailable:GT4_has_no_point_age_distribution_in_source,c69eca96499bece4b2f65d4e40240f52e0bfb4027383b3f2db68a1b3e36c75f6
Vostok,Petit-et-al-2001,24.017000,,temperature_anomaly,-8.26,degC,observed;age_uncertainty_unavailable:GT4_has_no_point_age_distribution_in_source,c69eca96499bece4b2f65d4e40240f52e0bfb4027383b3f2db68a1b3e36c75f6
Vostok,Petit-et-al-2001,24.102000,,temperature_anomaly,-8.03,degC,observed;age_uncertainty_unavailable:GT4_has_no_point_age_distribution_in_source,c69eca96499bece4b2f65d4e40240f52e0bfb4027383b3f2db68a1b3e36c75f6
Vostok,Petit-et-al-2001,24.186000,,temperature_anomaly,-7.87,degC,observed;age_uncertainty_unavailable:GT4_has_no_point_age_distribution_in_source,c69eca96499bece4b2f65d4e40240f52e0bfb4027383b3f2db68a1b3e36c75f6
Vostok,Petit-et-al-2001,24.272000,,temperature_anomaly,-8.68,degC,observed;age_uncertainty_unavailable:GT4_has_no_point_age_distribution_in_source,c69eca96499bece4b2f65d4e40240f52e0bfb4027383b3f2db68a1b3e36c75f6
Vostok,Petit-et-al-2001,24.363000,,temperature_anomaly,-9.39,degC,observed;age_uncertainty_unavailable:GT4_has_no_point_age_distribution_in_source,c69eca96499bece4b2f65d4e40240f52e0bfb4027383b3f2db68a1b3e36c75f6
Vostok,Petit-et-al-2001,24.453000,,temperature_anomaly,-8.46,degC,observed;age_uncertainty_unavailable:GT4_has_no_point_age_distribution_in_source,c69eca96499bece4b2f65d4e40240f52e0bfb4027383b3f2db68a1b3e36c75f6
Vostok,Petit-et-al-2001,24.537000,,temperature_anomaly,-7.53,degC,observed;age_uncertainty_unavailable:GT4_has_no_point_age_distribution_in_source,c69eca96499bece4b2f65d4e40240f52e0bfb4027383b3f2db68a1b3e36c75f6
Vostok,Petit-et-al-2001,24.619000,,temperature_anomaly,-7.51,degC,observed;age_uncertainty_unavailable:GT4_has_no_point_age_distribution_in_source,c69eca96499bece4b2f65d4e40240f52e0bfb4027383b3f2db68a1b3e36c75f6
Vostok,Petit-et-al-2001,24.700000,,temperature_anomaly,-7.5,degC,observed;age_uncertainty_unavailable:GT4_has_no_point_age_distribution_in_source,c69eca96499bece4b2f65d4e40240f52e0bfb4027383b3f2db68a1b3e36c75f6
Vostok,Petit-et-al-2001,24.781000,,temperature_anomaly,-7.25,degC,observed;age_uncertainty_unavailable:GT4_has_no_point_age_distribution_in_source,c69eca96499bece4b2f65d4e40240f52e0bfb4027383b3f2db68a1b3e36c75f6
Vostok,Petit-et-al-2001,24.860000,,temperature_anomaly,-7,degC,observed;age_uncertainty_unavailable:GT4_has_no_point_age_distribution_in_source,c69eca96499bece4b2f65d4e40240f52e0bfb4027383b3f2db68a1b3e36c75f6
Vostok,Petit-et-al-2001,24.941000,,temperature_anomaly,-7.57,degC,observed;age_uncertainty_unavailable:GT4_has_no_point_age_distribution_in_source,c69eca96499bece4b2f65d4e40240f52e0bfb4027383b3f2db68a1b3e36c75f6
Vostok,Petit-et-al-2001,25.024000,,temperature_anomaly,-8.14,degC,observed;age_uncertainty_unavailable:GT4_has_no_point_age_distribution_in_source,c69eca96499bece4b2f65d4e40240f52e0bfb4027383b3f2db68a1b3e36c75f6
Vostok,Petit-et-al-2001,25.109000,,temperature_anomaly,-7.98,degC,observed;age_uncertainty_unavailable:GT4_has_no_point_age_distribution_in_source,c69eca96499bece4b2f65d4e40240f52e0bfb4027383b3f2db68a1b3e36c75f6
Vostok,Petit-et-al-2001,25.193000,,temperature_anomaly,-7.83,degC,observed;age_uncertainty_unavailable:GT4_has_no_point_age_distribution_in_source,c69eca96499bece4b2f65d4e40240f52e0bfb4027383b3f2db68a1b3e36c75f6
Vostok,Petit-et-al-2001,25.277000,,temperature_anomaly,-7.68,degC,observed;age_uncertainty_unavailable:GT4_has_no_point_age_distribution_in_source,c69eca96499bece4b2f65d4e40240f52e0bfb4027383b3f2db68a1b3e36c75f6
Vostok,Petit-et-al-2001,25.360000,,temperature_anomaly,-7.89,degC,observed;age_uncertainty_unavailable:GT4_has_no_point_age_distribution_in_source,c69eca96499bece4b2f65d4e40240f52e0bfb4027383b3f2db68a1b3e36c75f6
Vostok,Petit-et-al-2001,25.445000,,temperature_anomaly,-8.27,degC,observed;age_uncertainty_unavailable:GT4_has_no_point_age_distribution_in_source,c69eca96499bece4b2f65d4e40240f52e0bfb4027383b3f2db68a1b3e36c75f6
Vostok,Petit-et-al-2001,25.531000,,temperature_anomaly,-8.13,degC,observed;age_uncertainty_unavailable:GT4_has_no_point_age_distribution_in_source,c69eca96499bece4b2f65d4e40240f52e0bfb4027383b3f2db68a1b3e36c75f6
Vostok,Petit-et-al-2001,25.615000,,temperature_anomaly,-7.7,degC,observed;age_uncertainty_unavailable:GT4_has_no_point_age_distribution_in_source,c69eca96499bece4b2f65d4e40240f52e0bfb4027383b3f2db68a1b3e36c75f6
Vostok,Petit-et-al-2001,25.697000,,temperature_anomaly,-7.05,degC,observed;age_uncertainty_unavailable:GT4_has_no_point_age_distribution_in_source,c69eca96499bece4b2f65d4e40240f52e0bfb4027383b3f2db68a1b3e36c75f6
Vostok,Petit-et-al-2001,25.776000,,temperature_anomaly,-6.98,degC,observed;age_uncertainty_unavailable:GT4_has_no_point_age_distribution_in_source,c69eca96499bece4b2f65d4e40240f52e0bfb4027383b3f2db68a1b3e36c75f6
Vostok,Petit-et-al-2001,25.855000,,temperature_anomaly,-7.26,degC,observed;age_uncertainty_unavailable:GT4_has_no_point_age_distribution_in_source,c69eca96499bece4b2f65d4e40240f52e0bfb4027383b3f2db68a1b3e36c75f6
Vostok,Petit-et-al-2001,25.936000,,temperature_anomaly,-7.29,degC,observed;age_uncertainty_unavailable:GT4_has_no_point_age_distribution_in_source,c69eca96499bece4b2f65d4e40240f52e0bfb4027383b3f2db68a1b3e36c75f6
Vostok,Petit-et-al-2001,26.017000,,temperature_anomaly,-7.47,degC,observed;age_uncertainty_unavailable:GT4_has_no_point_age_distribution_in_source,c69eca96499bece4b2f65d4e40240f52e0bfb4027383b3f2db68a1b3e36c75f6
Vostok,Petit-et-al-2001,26.099000,,temperature_anomaly,-7.48,degC,observed;age_uncertainty_unavailable:GT4_has_no_point_age_distribution_in_source,c69eca96499bece4b2f65d4e40240f52e0bfb4027383b3f2db68a1b3e36c75f6
Vostok,Petit-et-al-2001,26.180000,,temperature_anomaly,-7.16,degC,observed;age_uncertainty_unavailable:GT4_has_no_point_age_distribution_in_source,c69eca96499bece4b2f65d4e40240f52e0bfb4027383b3f2db68a1b3e36c75f6
Vostok,Petit-et-al-2001,26.261000,,temperature_anomaly,-7.24,degC,observed;age_uncertainty_unavailable:GT4_has_no_point_age_distribution_in_source,c69eca96499bece4b2f65d4e40240f52e0bfb4027383b3f2db68a1b3e36c75f6
Vostok,Petit-et-al-2001,26.342000,,temperature_anomaly,-7.55,degC,observed;age_uncertainty_unavailable:GT4_has_no_point_age_distribution_in_source,c69eca96499bece4b2f65d4e40240f52e0bfb4027383b3f2db68a1b3e36c75f6
Vostok,Petit-et-al-2001,26.425000,,temperature_anomaly,-7.82,degC,observed;age_uncertainty_unavailable:GT4_has_no_point_age_distribution_in_source,c69eca96499bece4b2f65d4e40240f52e0bfb4027383b3f2db68a1b3e36c75f6
Vostok,Petit-et-al-2001,26.510000,,temperature_anomaly,-8.05,degC,observed;age_uncertainty_unavailable:GT4_has_no_point_age_distribution_in_source,c69eca96499bece4b2f65d4e40240f52e0bfb4027383b3f2db68a1b3e36c75f6
Vostok,Petit-et-al-2001,26.595000,,temperature_anomaly,-8.09,degC,observed;age_uncertainty_unavailable:GT4_has_no_point_age_distribution_in_source,c69eca96499bece4b2f65d4e40240f52e0bfb4027383b3f2db68a1b3e36c75f6
Vostok,Petit-et-al-2001,26.681000,,temperature_anomaly,-8.09,degC,observed;age_uncertainty_unavailable:GT4_has_no_point_age_distribution_in_source,c69eca96499bece4b2f65d4e40240f52e0bfb4027383b3f2db68a1b3e36c75f6
Vostok,Petit-et-al-2001,26.766000,,temperature_anomaly,-7.74,degC,observed;age_uncertainty_unavailable:GT4_has_no_point_age_distribution_in_source,c69eca96499bece4b2f65d4e40240f52e0bfb4027383b3f2db68a1b3e36c75f6
Vostok,Petit-et-al-2001,26.849000,,temperature_anomaly,-7.56,degC,observed;age_uncertainty_unavailable:GT4_has_no_point_age_distribution_in_source,c69eca96499bece4b2f65d4e40240f52e0bfb4027383b3f2db68a1b3e36c75f6
Vostok,Petit-et-al-2001,26.933000,,temperature_anomaly,-7.9,degC,observed;age_uncertainty_unavailable:GT4_has_no_point_age_distribution_in_source,c69eca96499bece4b2f65d4e40240f52e0bfb4027383b3f2db68a1b3e36c75f6
Vostok,Petit-et-al-2001,27.019000,,temperature_anomaly,-8.64,degC,observed;age_uncertainty_unavailable:GT4_has_no_point_age_distribution_in_source,c69eca96499bece4b2f65d4e40240f52e0bfb4027383b3f2db68a1b3e36c75f6
Vostok,Petit-et-al-2001,27.110000,,temperature_anomaly,-9.02,degC,observed;age_uncertainty_unavailable:GT4_has_no_point_age_distribution_in_source,c69eca96499bece4b2f65d4e40240f52e0bfb4027383b3f2db68a1b3e36c75f6
Vostok,Petit-et-al-2001,27.202000,,temperature_anomaly,-9.02,degC,observed;age_uncertainty_unavailable:GT4_has_no_point_age_distribution_in_source,c69eca96499bece4b2f65d4e40240f52e0bfb4027383b3f2db68a1b3e36c75f6
Vostok,Petit-et-al-2001,27.293000,,temperature_anomaly,-8.82,degC,observed;age_uncertainty_unavailable:GT4_has_no_point_age_distribution_in_source,c69eca96499bece4b2f65d4e40240f52e0bfb4027383b3f2db68a1b3e36c75f6
Vostok,Petit-et-al-2001,27.382000,,temperature_anomaly,-8.62,degC,observed;age_uncertainty_unavailable:GT4_has_no_point_age_distribution_in_source,c69eca96499bece4b2f65d4e40240f52e0bfb4027383b3f2db68a1b3e36c75f6
Vostok,Petit-et-al-2001,27.470000,,temperature_anomaly,-8.14,degC,observed;age_uncertainty_unavailable:GT4_has_no_point_age_distribution_in_source,c69eca96499bece4b2f65d4e40240f52e0bfb4027383b3f2db68a1b3e36c75f6
Vostok,Petit-et-al-2001,27.555000,,temperature_anomaly,-7.84,degC,observed;age_uncertainty_unavailable:GT4_has_no_point_age_distribution_in_source,c69eca96499bece4b2f65d4e40240f52e0bfb4027383b3f2db68a1b3e36c75f6
Vostok,Petit-et-al-2001,27.641000,,temperature_anomaly,-8.28,degC,observed;age_uncertainty_unavailable:GT4_has_no_point_age_distribution_in_source,c69eca96499bece4b2f65d4e40240f52e0bfb4027383b3f2db68a1b3e36c75f6
Vostok,Petit-et-al-2001,27.730000,,temperature_anomaly,-8.66,degC,observed;age_uncertainty_unavailable:GT4_has_no_point_age_distribution_in_source,c69eca96499bece4b2f65d4e40240f52e0bfb4027383b3f2db68a1b3e36c75f6
Vostok,Petit-et-al-2001,27.819000,,temperature_anomaly,-8.52,degC,observed;age_uncertainty_unavailable:GT4_has_no_point_age_distribution_in_source,c69eca96499bece4b2f65d4e40240f52e0bfb4027383b3f2db68a1b3e36c75f6
Vostok,Petit-et-al-2001,27.907000,,temperature_anomaly,-8.27,degC,observed;age_uncertainty_unavailable:GT4_has_no_point_age_distribution_in_source,c69eca96499bece4b2f65d4e40240f52e0bfb4027383b3f2db68a1b3e36c75f6
Vostok,Petit-et-al-2001,27.993000,,temperature_anomaly,-8.09,degC,observed;age_uncertainty_unavailable:GT4_has_no_point_age_distribution_in_source,c69eca96499bece4b2f65d4e40240f52e0bfb4027383b3f2db68a1b3e36c75f6
Vostok,Petit-et-al-2001,28.079000,,temperature_anomaly,-7.9,degC,observed;age_uncertainty_unavailable:GT4_has_no_point_age_distribution_in_source,c69eca96499bece4b2f65d4e40240f52e0bfb4027383b3f2db68a1b3e36c75f6
Vostok,Petit-et-al-2001,28.163000,,temperature_anomaly,-7.69,degC,observed;age_uncertainty_unavailable:GT4_has_no_point_age_distribution_in_source,c69eca96499bece4b2f65d4e40240f52e0bfb4027383b3f2db68a1b3e36c75f6
Vostok,Petit-et-al-2001,28.247000,,temperature_anomaly,-7.49,degC,observed;age_uncertainty_unavailable:GT4_has_no_point_age_distribution_in_source,c69eca96499bece4b2f65d4e40240f52e0bfb4027383b3f2db68a1b3e36c75f6
Vostok,Petit-et-al-2001,28.331000,,temperature_anomaly,-8.16,degC,observed;age_uncertainty_unavailable:GT4_has_no_point_age_distribution_in_source,c69eca96499bece4b2f65d4e40240f52e0bfb4027383b3f2db68a1b3e36c75f6
Vostok,Petit-et-al-2001,28.420000,,temperature_anomaly,-8.82,degC,observed;age_uncertainty_unavailable:GT4_has_no_point_age_distribution_in_source,c69eca96499bece4b2f65d4e40240f52e0bfb4027383b3f2db68a1b3e36c75f6
Vostok,Petit-et-al-2001,28.510000,,temperature_anomaly,-8.47,degC,observed;age_uncertainty_unavailable:GT4_has_no_point_age_distribution_in_source,c69eca96499bece4b2f65d4e40240f52e0bfb4027383b3f2db68a1b3e36c75f6
Vostok,Petit-et-al-2001,28.597000,,temperature_anomaly,-8.12,degC,observed;age_uncertainty_unavailable:GT4_has_no_point_age_distribution_in_source,c69eca96499bece4b2f65d4e40240f52e0bfb4027383b3f2db68a1b3e36c75f6
Vostok,Petit-et-al-2001,28.683000,,temperature_anomaly,-7.77,degC,observed;age_uncertainty_unavailable:GT4_has_no_point_age_distribution_in_source,c69eca96499bece4b2f65d4e40240f52e0bfb4027383b3f2db68a1b3e36c75f6
Vostok,Petit-et-al-2001,28.766000,,temperature_anomaly,-7.42,degC,observed;age_uncertainty_unavailable:GT4_has_no_point_age_distribution_in_source,c69eca96499bece4b2f65d4e40240f52e0bfb4027383b3f2db68a1b3e36c75f6
Vostok,Petit-et-al-2001,28.848000,,temperature_anomaly,-7.07,degC,observed;age_uncertainty_unavailable:GT4_has_no_point_age_distribution_in_source,c69eca96499bece4b2f65d4e40240f52e0bfb4027383b3f2db68a1b3e36c75f6
Vostok,Petit-et-al-2001,28.927000,,temperature_anomaly,-6.71,degC,observed;age_uncertainty_unavailable:GT4_has_no_point_age_distribution_in_source,c69eca96499bece4b2f65d4e40240f52e0bfb4027383b3f2db68a1b3e36c75f6
Vostok,Petit-et-al-2001,29.006000,,temperature_anomaly,-6.71,degC,observed;age_uncertainty_unavailable:GT4_has_no_point_age_distribution_in_source,c69eca96499bece4b2f65d4e40240f52e0bfb4027383b3f2db68a1b3e36c75f6
Vostok,Petit-et-al-2001,29.085000,,temperature_anomaly,-6.98,degC,observed;age_uncertainty_unavailable:GT4_has_no_point_age_distribution_in_source,c69eca96499bece4b2f65d4e40240f52e0bfb4027383b3f2db68a1b3e36c75f6
Vostok,Petit-et-al-2001,29.166000,,temperature_anomaly,-7.25,degC,observed;age_uncertainty_unavailable:GT4_has_no_point_age_distribution_in_source,c69eca96499bece4b2f65d4e40240f52e0bfb4027383b3f2db68a1b3e36c75f6
Vostok,Petit-et-al-2001,29.249000,,temperature_anomaly,-7.52,degC,observed;age_uncertainty_unavailable:GT4_has_no_point_age_distribution_in_source,c69eca96499bece4b2f65d4e40240f52e0bfb4027383b3f2db68a1b3e36c75f6
Vostok,Petit-et-al-2001,29.332000,,temperature_anomaly,-7.79,degC,observed;age_uncertainty_unavailable:GT4_has_no_point_age_distribution_in_source,c69eca96499bece4b2f65d4e40240f52e0bfb4027383b3f2db68a1b3e36c75f6
Vostok,Petit-et-al-2001,29.418000,,temperature_anomaly,-8.05,degC,observed;age_uncertainty_unavailable:GT4_has_no_point_age_distribution_in_source,c69eca96499bece4b2f65d4e40240f52e0bfb4027383b3f2db68a1b3e36c75f6
Vostok,Petit-et-al-2001,29.505000,,temperature_anomaly,-8.35,degC,observed;age_uncertainty_unavailable:GT4_has_no_point_age_distribution_in_source,c69eca96499bece4b2f65d4e40240f52e0bfb4027383b3f2db68a1b3e36c75f6
Vostok,Petit-et-al-2001,29.594000,,temperature_anomaly,-8.37,degC,observed;age_uncertainty_unavailable:GT4_has_no_point_age_distribution_in_source,c69eca96499bece4b2f65d4e40240f52e0bfb4027383b3f2db68a1b3e36c75f6
Vostok,Petit-et-al-2001,29.682000,,temperature_anomaly,-8.33,degC,observed;age_uncertainty_unavailable:GT4_has_no_point_age_distribution_in_source,c69eca96499bece4b2f65d4e40240f52e0bfb4027383b3f2db68a1b3e36c75f6
Vostok,Petit-et-al-2001,29.771000,,temperature_anomaly,-8.58,degC,observed;age_uncertainty_unavailable:GT4_has_no_point_age_distribution_in_source,c69eca96499bece4b2f65d4e40240f52e0bfb4027383b3f2db68a1b3e36c75f6
Vostok,Petit-et-al-2001,29.861000,,temperature_anomaly,-8.43,degC,observed;age_uncertainty_unavailable:GT4_has_no_point_age_distribution_in_source,c69eca96499bece4b2f65d4e40240f52e0bfb4027383b3f2db68a1b3e36c75f6
Vostok,Petit-et-al-2001,29.949000,,temperature_anomaly,-8.3,degC,observed;age_uncertainty_unavailable:GT4_has_no_point_age_distribution_in_source,c69eca96499bece4b2f65d4e40240f52e0bfb4027383b3f2db68a1b3e36c75f6
Vostok,Petit-et-al-2001,30.036000,,temperature_anomaly,-7.95,degC,observed;age_uncertainty_unavailable:GT4_has_no_point_age_distribution_in_source,c69eca96499bece4b2f65d4e40240f52e0bfb4027383b3f2db68a1b3e36c75f6
Vostok,Petit-et-al-2001,30.120000,,temperature_anomaly,-7.14,degC,observed;age_uncertainty_unavailable:GT4_has_no_point_age_distribution_in_source,c69eca96499bece4b2f65d4e40240f52e0bfb4027383b3f2db68a1b3e36c75f6
Vostok,Petit-et-al-2001,30.201000,,temperature_anomaly,-7.02,degC,observed;age_uncertainty_unavailable:GT4_has_no_point_age_distribution_in_source,c69eca96499bece4b2f65d4e40240f52e0bfb4027383b3f2db68a1b3e36c75f6
Vostok,Petit-et-al-2001,30.283000,,temperature_anomaly,-7.62,degC,observed;age_uncertainty_unavailable:GT4_has_no_point_age_distribution_in_source,c69eca96499bece4b2f65d4e40240f52e0bfb4027383b3f2db68a1b3e36c75f6
Vostok,Petit-et-al-2001,30.368000,,temperature_anomaly,-7.83,degC,observed;age_uncertainty_unavailable:GT4_has_no_point_age_distribution_in_source,c69eca96499bece4b2f65d4e40240f52e0bfb4027383b3f2db68a1b3e36c75f6
Vostok,Petit-et-al-2001,30.453000,,temperature_anomaly,-7.75,degC,observed;age_uncertainty_unavailable:GT4_has_no_point_age_distribution_in_source,c69eca96499bece4b2f65d4e40240f52e0bfb4027383b3f2db68a1b3e36c75f6
Vostok,Petit-et-al-2001,30.538000,,temperature_anomaly,-7.64,degC,observed;age_uncertainty_unavailable:GT4_has_no_point_age_distribution_in_source,c69eca96499bece4b2f65d4e40240f52e0bfb4027383b3f2db68a1b3e36c75f6
Vostok,Petit-et-al-2001,30.622000,,temperature_anomaly,-7.52,degC,observed;age_uncertainty_unavailable:GT4_has_no_point_age_distribution_in_source,c69eca96499bece4b2f65d4e40240f52e0bfb4027383b3f2db68a1b3e36c75f6
Vostok,Petit-et-al-2001,30.705000,,temperature_anomaly,-7.41,degC,observed;age_uncertainty_unavailable:GT4_has_no_point_age_distribution_in_source,c69eca96499bece4b2f65d4e40240f52e0bfb4027383b3f2db68a1b3e36c75f6
Vostok,Petit-et-al-2001,30.788000,,temperature_anomaly,-7.3,degC,observed;age_uncertainty_unavailable:GT4_has_no_point_age_distribution_in_source,c69eca96499bece4b2f65d4e40240f52e0bfb4027383b3f2db68a1b3e36c75f6
Vostok,Petit-et-al-2001,30.871000,,temperature_anomaly,-7.63,degC,observed;age_uncertainty_unavailable:GT4_has_no_point_age_distribution_in_source,c69eca96499bece4b2f65d4e40240f52e0bfb4027383b3f2db68a1b3e36c75f6
Vostok,Petit-et-al-2001,30.957000,,temperature_anomaly,-7.95,degC,observed;age_uncertainty_unavailable:GT4_has_no_point_age_distribution_in_source,c69eca96499bece4b2f65d4e40240f52e0bfb4027383b3f2db68a1b3e36c75f6
Vostok,Petit-et-al-2001,31.043000,,temperature_anomaly,-8,degC,observed;age_uncertainty_unavailable:GT4_has_no_point_age_distribution_in_source,c69eca96499bece4b2f65d4e40240f52e0bfb4027383b3f2db68a1b3e36c75f6
Vostok,Petit-et-al-2001,31.130000,,temperature_anomaly,-8.05,degC,observed;age_uncertainty_unavailable:GT4_has_no_point_age_distribution_in_source,c69eca96499bece4b2f65d4e40240f52e0bfb4027383b3f2db68a1b3e36c75f6
Vostok,Petit-et-al-2001,31.216000,,temperature_anomaly,-7.85,degC,observed;age_uncertainty_unavailable:GT4_has_no_point_age_distribution_in_source,c69eca96499bece4b2f65d4e40240f52e0bfb4027383b3f2db68a1b3e36c75f6
Vostok,Petit-et-al-2001,31.302000,,temperature_anomaly,-7.65,degC,observed;age_uncertainty_unavailable:GT4_has_no_point_age_distribution_in_source,c69eca96499bece4b2f65d4e40240f52e0bfb4027383b3f2db68a1b3e36c75f6
Vostok,Petit-et-al-2001,31.387000,,temperature_anomaly,-7.77,degC,observed;age_uncertainty_unavailable:GT4_has_no_point_age_distribution_in_source,c69eca96499bece4b2f65d4e40240f52e0bfb4027383b3f2db68a1b3e36c75f6
Vostok,Petit-et-al-2001,31.473000,,temperature_anomaly,-8.03,degC,observed;age_uncertainty_unavailable:GT4_has_no_point_age_distribution_in_source,c69eca96499bece4b2f65d4e40240f52e0bfb4027383b3f2db68a1b3e36c75f6
Vostok,Petit-et-al-2001,31.560000,,temperature_anomaly,-8.2,degC,observed;age_uncertainty_unavailable:GT4_has_no_point_age_distribution_in_source,c69eca96499bece4b2f65d4e40240f52e0bfb4027383b3f2db68a1b3e36c75f6
Vostok,Petit-et-al-2001,31.648000,,temperature_anomaly,-7.93,degC,observed;age_uncertainty_unavailable:GT4_has_no_point_age_distribution_in_source,c69eca96499bece4b2f65d4e40240f52e0bfb4027383b3f2db68a1b3e36c75f6
Vostok,Petit-et-al-2001,31.733000,,temperature_anomaly,-7.4,degC,observed;age_uncertainty_unavailable:GT4_has_no_point_age_distribution_in_source,c69eca96499bece4b2f65d4e40240f52e0bfb4027383b3f2db68a1b3e36c75f6
Vostok,Petit-et-al-2001,31.815000,,temperature_anomaly,-7.14,degC,observed;age_uncertainty_unavailable:GT4_has_no_point_age_distribution_in_source,c69eca96499bece4b2f65d4e40240f52e0bfb4027383b3f2db68a1b3e36c75f6
Vostok,Petit-et-al-2001,31.896000,,temperature_anomaly,-6.77,degC,observed;age_uncertainty_unavailable:GT4_has_no_point_age_distribution_in_source,c69eca96499bece4b2f65d4e40240f52e0bfb4027383b3f2db68a1b3e36c75f6
Vostok,Petit-et-al-2001,31.976000,,temperature_anomaly,-6.74,degC,observed;age_uncertainty_unavailable:GT4_has_no_point_age_distribution_in_source,c69eca96499bece4b2f65d4e40240f52e0bfb4027383b3f2db68a1b3e36c75f6
Vostok,Petit-et-al-2001,32.056000,,temperature_anomaly,-6.79,degC,observed;age_uncertainty_unavailable:GT4_has_no_point_age_distribution_in_source,c69eca96499bece4b2f65d4e40240f52e0bfb4027383b3f2db68a1b3e36c75f6
Vostok,Petit-et-al-2001,32.137000,,temperature_anomaly,-7.09,degC,observed;age_uncertainty_unavailable:GT4_has_no_point_age_distribution_in_source,c69eca96499bece4b2f65d4e40240f52e0bfb4027383b3f2db68a1b3e36c75f6
Vostok,Petit-et-al-2001,32.219000,,temperature_anomaly,-7.27,degC,observed;age_uncertainty_unavailable:GT4_has_no_point_age_distribution_in_source,c69eca96499bece4b2f65d4e40240f52e0bfb4027383b3f2db68a1b3e36c75f6
Vostok,Petit-et-al-2001,32.300000,,temperature_anomaly,-6.61,degC,observed;age_uncertainty_unavailable:GT4_has_no_point_age_distribution_in_source,c69eca96499bece4b2f65d4e40240f52e0bfb4027383b3f2db68a1b3e36c75f6
Vostok,Petit-et-al-2001,32.380000,,temperature_anomaly,-7.07,degC,observed;age_uncertainty_unavailable:GT4_has_no_point_age_distribution_in_source,c69eca96499bece4b2f65d4e40240f52e0bfb4027383b3f2db68a1b3e36c75f6
Vostok,Petit-et-al-2001,32.463000,,temperature_anomaly,-7.49,degC,observed;age_uncertainty_unavailable:GT4_has_no_point_age_distribution_in_source,c69eca96499bece4b2f65d4e40240f52e0bfb4027383b3f2db68a1b3e36c75f6
Vostok,Petit-et-al-2001,32.546000,,temperature_anomaly,-6.99,degC,observed;age_uncertainty_unavailable:GT4_has_no_point_age_distribution_in_source,c69eca96499bece4b2f65d4e40240f52e0bfb4027383b3f2db68a1b3e36c75f6
Vostok,Petit-et-al-2001,32.626000,,temperature_anomaly,-6.62,degC,observed;age_uncertainty_unavailable:GT4_has_no_point_age_distribution_in_source,c69eca96499bece4b2f65d4e40240f52e0bfb4027383b3f2db68a1b3e36c75f6
Vostok,Petit-et-al-2001,32.705000,,temperature_anomaly,-6.71,degC,observed;age_uncertainty_unavailable:GT4_has_no_point_age_distribution_in_source,c69eca96499bece4b2f65d4e40240f52e0bfb4027383b3f2db68a1b3e36c75f6
Vostok,Petit-et-al-2001,32.787000,,temperature_anomaly,-7.47,degC,observed;age_uncertainty_unavailable:GT4_has_no_point_age_distribution_in_source,c69eca96499bece4b2f65d4e40240f52e0bfb4027383b3f2db68a1b3e36c75f6
Vostok,Petit-et-al-2001,32.871000,,temperature_anomaly,-7.47,degC,observed;age_uncertainty_unavailable:GT4_has_no_point_age_distribution_in_source,c69eca96499bece4b2f65d4e40240f52e0bfb4027383b3f2db68a1b3e36c75f6
Vostok,Petit-et-al-2001,32.955000,,temperature_anomaly,-7.29,degC,observed;age_uncertainty_unavailable:GT4_has_no_point_age_distribution_in_source,c69eca96499bece4b2f65d4e40240f52e0bfb4027383b3f2db68a1b3e36c75f6
Vostok,Petit-et-al-2001,33.039000,,temperature_anomaly,-7.59,degC,observed;age_uncertainty_unavailable:GT4_has_no_point_age_distribution_in_source,c69eca96499bece4b2f65d4e40240f52e0bfb4027383b3f2db68a1b3e36c75f6
Vostok,Petit-et-al-2001,33.124000,,temperature_anomaly,-7.6,degC,observed;age_uncertainty_unavailable:GT4_has_no_point_age_distribution_in_source,c69eca96499bece4b2f65d4e40240f52e0bfb4027383b3f2db68a1b3e36c75f6
Vostok,Petit-et-al-2001,33.209000,,temperature_anomaly,-7.6,degC,observed;age_uncertainty_unavailable:GT4_has_no_point_age_distribution_in_source,c69eca96499bece4b2f65d4e40240f52e0bfb4027383b3f2db68a1b3e36c75f6
Vostok,Petit-et-al-2001,33.293000,,temperature_anomaly,-7.34,degC,observed;age_uncertainty_unavailable:GT4_has_no_point_age_distribution_in_source,c69eca96499bece4b2f65d4e40240f52e0bfb4027383b3f2db68a1b3e36c75f6
Vostok,Petit-et-al-2001,33.376000,,temperature_anomaly,-7.07,degC,observed;age_uncertainty_unavailable:GT4_has_no_point_age_distribution_in_source,c69eca96499bece4b2f65d4e40240f52e0bfb4027383b3f2db68a1b3e36c75f6
Vostok,Petit-et-al-2001,33.459000,,temperature_anomaly,-7.44,degC,observed;age_uncertainty_unavailable:GT4_has_no_point_age_distribution_in_source,c69eca96499bece4b2f65d4e40240f52e0bfb4027383b3f2db68a1b3e36c75f6
Vostok,Petit-et-al-2001,33.544000,,temperature_anomaly,-7.54,degC,observed;age_uncertainty_unavailable:GT4_has_no_point_age_distribution_in_source,c69eca96499bece4b2f65d4e40240f52e0bfb4027383b3f2db68a1b3e36c75f6
Vostok,Petit-et-al-2001,33.628000,,temperature_anomaly,-7.31,degC,observed;age_uncertainty_unavailable:GT4_has_no_point_age_distribution_in_source,c69eca96499bece4b2f65d4e40240f52e0bfb4027383b3f2db68a1b3e36c75f6
Vostok,Petit-et-al-2001,33.711000,,temperature_anomaly,-7.12,degC,observed;age_uncertainty_unavailable:GT4_has_no_point_age_distribution_in_source,c69eca96499bece4b2f65d4e40240f52e0bfb4027383b3f2db68a1b3e36c75f6
Vostok,Petit-et-al-2001,33.793000,,temperature_anomaly,-7.17,degC,observed;age_uncertainty_unavailable:GT4_has_no_point_age_distribution_in_source,c69eca96499bece4b2f65d4e40240f52e0bfb4027383b3f2db68a1b3e36c75f6
Vostok,Petit-et-al-2001,33.877000,,temperature_anomaly,-7.36,degC,observed;age_uncertainty_unavailable:GT4_has_no_point_age_distribution_in_source,c69eca96499bece4b2f65d4e40240f52e0bfb4027383b3f2db68a1b3e36c75f6
Vostok,Petit-et-al-2001,33.960000,,temperature_anomaly,-7.17,degC,observed;age_uncertainty_unavailable:GT4_has_no_point_age_distribution_in_source,c69eca96499bece4b2f65d4e40240f52e0bfb4027383b3f2db68a1b3e36c75f6
Vostok,Petit-et-al-2001,34.041000,,temperature_anomaly,-6.53,degC,observed;age_uncertainty_unavailable:GT4_has_no_point_age_distribution_in_source,c69eca96499bece4b2f65d4e40240f52e0bfb4027383b3f2db68a1b3e36c75f6
Vostok,Petit-et-al-2001,34.121000,,temperature_anomaly,-6.88,degC,observed;age_uncertainty_unavailable:GT4_has_no_point_age_distribution_in_source,c69eca96499bece4b2f65d4e40240f52e0bfb4027383b3f2db68a1b3e36c75f6
Vostok,Petit-et-al-2001,34.202000,,temperature_anomaly,-6.76,degC,observed;age_uncertainty_unavailable:GT4_has_no_point_age_distribution_in_source,c69eca96499bece4b2f65d4e40240f52e0bfb4027383b3f2db68a1b3e36c75f6
Vostok,Petit-et-al-2001,34.281000,,temperature_anomaly,-6.25,degC,observed;age_uncertainty_unavailable:GT4_has_no_point_age_distribution_in_source,c69eca96499bece4b2f65d4e40240f52e0bfb4027383b3f2db68a1b3e36c75f6
Vostok,Petit-et-al-2001,34.360000,,temperature_anomaly,-6.59,degC,observed;age_uncertainty_unavailable:GT4_has_no_point_age_distribution_in_source,c69eca96499bece4b2f65d4e40240f52e0bfb4027383b3f2db68a1b3e36c75f6
Vostok,Petit-et-al-2001,34.438000,,temperature_anomaly,-6.08,degC,observed;age_uncertainty_unavailable:GT4_has_no_point_age_distribution_in_source,c69eca96499bece4b2f65d4e40240f52e0bfb4027383b3f2db68a1b3e36c75f6
Vostok,Petit-et-al-2001,34.515000,,temperature_anomaly,-6.01,degC,observed;age_uncertainty_unavailable:GT4_has_no_point_age_distribution_in_source,c69eca96499bece4b2f65d4e40240f52e0bfb4027383b3f2db68a1b3e36c75f6
Vostok,Petit-et-al-2001,34.592000,,temperature_anomaly,-6.15,degC,observed;age_uncertainty_unavailable:GT4_has_no_point_age_distribution_in_source,c69eca96499bece4b2f65d4e40240f52e0bfb4027383b3f2db68a1b3e36c75f6
Vostok,Petit-et-al-2001,34.669000,,temperature_anomaly,-5.87,degC,observed;age_uncertainty_unavailable:GT4_has_no_point_age_distribution_in_source,c69eca96499bece4b2f65d4e40240f52e0bfb4027383b3f2db68a1b3e36c75f6
Vostok,Petit-et-al-2001,34.744000,,temperature_anomaly,-5.7,degC,observed;age_uncertainty_unavailable:GT4_has_no_point_age_distribution_in_source,c69eca96499bece4b2f65d4e40240f52e0bfb4027383b3f2db68a1b3e36c75f6
Vostok,Petit-et-al-2001,34.818000,,temperature_anomaly,-5.14,degC,observed;age_uncertainty_unavailable:GT4_has_no_point_age_distribution_in_source,c69eca96499bece4b2f65d4e40240f52e0bfb4027383b3f2db68a1b3e36c75f6
Vostok,Petit-et-al-2001,34.889000,,temperature_anomaly,-4.82,degC,observed;age_uncertainty_unavailable:GT4_has_no_point_age_distribution_in_source,c69eca96499bece4b2f65d4e40240f52e0bfb4027383b3f2db68a1b3e36c75f6
Vostok,Petit-et-al-2001,34.960000,,temperature_anomaly,-5.05,degC,observed;age_uncertainty_unavailable:GT4_has_no_point_age_distribution_in_source,c69eca96499bece4b2f65d4e40240f52e0bfb4027383b3f2db68a1b3e36c75f6
Vostok,Petit-et-al-2001,35.033000,,temperature_anomaly,-5.52,degC,observed;age_uncertainty_unavailable:GT4_has_no_point_age_distribution_in_source,c69eca96499bece4b2f65d4e40240f52e0bfb4027383b3f2db68a1b3e36c75f6
Vostok,Petit-et-al-2001,35.108000,,temperature_anomaly,-5.98,degC,observed;age_uncertainty_unavailable:GT4_has_no_point_age_distribution_in_source,c69eca96499bece4b2f65d4e40240f52e0bfb4027383b3f2db68a1b3e36c75f6
Vostok,Petit-et-al-2001,35.185000,,temperature_anomaly,-5.9,degC,observed;age_uncertainty_unavailable:GT4_has_no_point_age_distribution_in_source,c69eca96499bece4b2f65d4e40240f52e0bfb4027383b3f2db68a1b3e36c75f6
Vostok,Petit-et-al-2001,35.261000,,temperature_anomaly,-5.82,degC,observed;age_uncertainty_unavailable:GT4_has_no_point_age_distribution_in_source,c69eca96499bece4b2f65d4e40240f52e0bfb4027383b3f2db68a1b3e36c75f6
Vostok,Petit-et-al-2001,35.336000,,temperature_anomaly,-5.39,degC,observed;age_uncertainty_unavailable:GT4_has_no_point_age_distribution_in_source,c69eca96499bece4b2f65d4e40240f52e0bfb4027383b3f2db68a1b3e36c75f6
Vostok,Petit-et-al-2001,35.409000,,temperature_anomaly,-5.24,degC,observed;age_uncertainty_unavailable:GT4_has_no_point_age_distribution_in_source,c69eca96499bece4b2f65d4e40240f52e0bfb4027383b3f2db68a1b3e36c75f6
Vostok,Petit-et-al-2001,35.482000,,temperature_anomaly,-5.37,degC,observed;age_uncertainty_unavailable:GT4_has_no_point_age_distribution_in_source,c69eca96499bece4b2f65d4e40240f52e0bfb4027383b3f2db68a1b3e36c75f6
Vostok,Petit-et-al-2001,35.556000,,temperature_anomaly,-5.55,degC,observed;age_uncertainty_unavailable:GT4_has_no_point_age_distribution_in_source,c69eca96499bece4b2f65d4e40240f52e0bfb4027383b3f2db68a1b3e36c75f6
Vostok,Petit-et-al-2001,35.631000,,temperature_anomaly,-5.65,degC,observed;age_uncertainty_unavailable:GT4_has_no_point_age_distribution_in_source,c69eca96499bece4b2f65d4e40240f52e0bfb4027383b3f2db68a1b3e36c75f6
Vostok,Petit-et-al-2001,35.705000,,temperature_anomaly,-5.41,degC,observed;age_uncertainty_unavailable:GT4_has_no_point_age_distribution_in_source,c69eca96499bece4b2f65d4e40240f52e0bfb4027383b3f2db68a1b3e36c75f6
Vostok,Petit-et-al-2001,35.780000,,temperature_anomaly,-5.62,degC,observed;age_uncertainty_unavailable:GT4_has_no_point_age_distribution_in_source,c69eca96499bece4b2f65d4e40240f52e0bfb4027383b3f2db68a1b3e36c75f6
Vostok,Petit-et-al-2001,35.855000,,temperature_anomaly,-5.72,degC,observed;age_uncertainty_unavailable:GT4_has_no_point_age_distribution_in_source,c69eca96499bece4b2f65d4e40240f52e0bfb4027383b3f2db68a1b3e36c75f6
Vostok,Petit-et-al-2001,35.930000,,temperature_anomaly,-5.77,degC,observed;age_uncertainty_unavailable:GT4_has_no_point_age_distribution_in_source,c69eca96499bece4b2f65d4e40240f52e0bfb4027383b3f2db68a1b3e36c75f6
Vostok,Petit-et-al-2001,36.007000,,temperature_anomaly,-6.22,degC,observed;age_uncertainty_unavailable:GT4_has_no_point_age_distribution_in_source,c69eca96499bece4b2f65d4e40240f52e0bfb4027383b3f2db68a1b3e36c75f6
Vostok,Petit-et-al-2001,36.086000,,temperature_anomaly,-6.4,degC,observed;age_uncertainty_unavailable:GT4_has_no_point_age_distribution_in_source,c69eca96499bece4b2f65d4e40240f52e0bfb4027383b3f2db68a1b3e36c75f6
Vostok,Petit-et-al-2001,36.166000,,temperature_anomaly,-6.7,degC,observed;age_uncertainty_unavailable:GT4_has_no_point_age_distribution_in_source,c69eca96499bece4b2f65d4e40240f52e0bfb4027383b3f2db68a1b3e36c75f6
Vostok,Petit-et-al-2001,36.248000,,temperature_anomaly,-7.03,degC,observed;age_uncertainty_unavailable:GT4_has_no_point_age_distribution_in_source,c69eca96499bece4b2f65d4e40240f52e0bfb4027383b3f2db68a1b3e36c75f6
Vostok,Petit-et-al-2001,36.331000,,temperature_anomaly,-7.22,degC,observed;age_uncertainty_unavailable:GT4_has_no_point_age_distribution_in_source,c69eca96499bece4b2f65d4e40240f52e0bfb4027383b3f2db68a1b3e36c75f6
Vostok,Petit-et-al-2001,36.416000,,temperature_anomaly,-7.7,degC,observed;age_uncertainty_unavailable:GT4_has_no_point_age_distribution_in_source,c69eca96499bece4b2f65d4e40240f52e0bfb4027383b3f2db68a1b3e36c75f6
Vostok,Petit-et-al-2001,36.502000,,temperature_anomaly,-7.3,degC,observed;age_uncertainty_unavailable:GT4_has_no_point_age_distribution_in_source,c69eca96499bece4b2f65d4e40240f52e0bfb4027383b3f2db68a1b3e36c75f6
Vostok,Petit-et-al-2001,36.585000,,temperature_anomaly,-6.67,degC,observed;age_uncertainty_unavailable:GT4_has_no_point_age_distribution_in_source,c69eca96499bece4b2f65d4e40240f52e0bfb4027383b3f2db68a1b3e36c75f6
Vostok,Petit-et-al-2001,36.666000,,temperature_anomaly,-6.97,degC,observed;age_uncertainty_unavailable:GT4_has_no_point_age_distribution_in_source,c69eca96499bece4b2f65d4e40240f52e0bfb4027383b3f2db68a1b3e36c75f6
Vostok,Petit-et-al-2001,36.748000,,temperature_anomaly,-6.65,degC,observed;age_uncertainty_unavailable:GT4_has_no_point_age_distribution_in_source,c69eca96499bece4b2f65d4e40240f52e0bfb4027383b3f2db68a1b3e36c75f6
Vostok,Petit-et-al-2001,36.827000,,temperature_anomaly,-6.02,degC,observed;age_uncertainty_unavailable:GT4_has_no_point_age_distribution_in_source,c69eca96499bece4b2f65d4e40240f52e0bfb4027383b3f2db68a1b3e36c75f6
Vostok,Petit-et-al-2001,36.905000,,temperature_anomaly,-6.32,degC,observed;age_uncertainty_unavailable:GT4_has_no_point_age_distribution_in_source,c69eca96499bece4b2f65d4e40240f52e0bfb4027383b3f2db68a1b3e36c75f6
Vostok,Petit-et-al-2001,36.985000,,temperature_anomaly,-6.62,degC,observed;age_uncertainty_unavailable:GT4_has_no_point_age_distribution_in_source,c69eca96499bece4b2f65d4e40240f52e0bfb4027383b3f2db68a1b3e36c75f6
Vostok,Petit-et-al-2001,37.066000,,temperature_anomaly,-6.76,degC,observed;age_uncertainty_unavailable:GT4_has_no_point_age_distribution_in_source,c69eca96499bece4b2f65d4e40240f52e0bfb4027383b3f2db68a1b3e36c75f6
Vostok,Petit-et-al-2001,37.148000,,temperature_anomaly,-6.9,degC,observed;age_uncertainty_unavailable:GT4_has_no_point_age_distribution_in_source,c69eca96499bece4b2f65d4e40240f52e0bfb4027383b3f2db68a1b3e36c75f6
Vostok,Petit-et-al-2001,37.230000,,temperature_anomaly,-6.9,degC,observed;age_uncertainty_unavailable:GT4_has_no_point_age_distribution_in_source,c69eca96499bece4b2f65d4e40240f52e0bfb4027383b3f2db68a1b3e36c75f6
Vostok,Petit-et-al-2001,37.313000,,temperature_anomaly,-6.97,degC,observed;age_uncertainty_unavailable:GT4_has_no_point_age_distribution_in_source,c69eca96499bece4b2f65d4e40240f52e0bfb4027383b3f2db68a1b3e36c75f6
Vostok,Petit-et-al-2001,37.396000,,temperature_anomaly,-7.2,degC,observed;age_uncertainty_unavailable:GT4_has_no_point_age_distribution_in_source,c69eca96499bece4b2f65d4e40240f52e0bfb4027383b3f2db68a1b3e36c75f6
Vostok,Petit-et-al-2001,37.479000,,temperature_anomaly,-6.8,degC,observed;age_uncertainty_unavailable:GT4_has_no_point_age_distribution_in_source,c69eca96499bece4b2f65d4e40240f52e0bfb4027383b3f2db68a1b3e36c75f6
Vostok,Petit-et-al-2001,37.558000,,temperature_anomaly,-5.97,degC,observed;age_uncertainty_unavailable:GT4_has_no_point_age_distribution_in_source,c69eca96499bece4b2f65d4e40240f52e0bfb4027383b3f2db68a1b3e36c75f6
Vostok,Petit-et-al-2001,37.637000,,temperature_anomaly,-6.38,degC,observed;age_uncertainty_unavailable:GT4_has_no_point_age_distribution_in_source,c69eca96499bece4b2f65d4e40240f52e0bfb4027383b3f2db68a1b3e36c75f6
Vostok,Petit-et-al-2001,37.718000,,temperature_anomaly,-6.88,degC,observed;age_uncertainty_unavailable:GT4_has_no_point_age_distribution_in_source,c69eca96499bece4b2f65d4e40240f52e0bfb4027383b3f2db68a1b3e36c75f6
Vostok,Petit-et-al-2001,37.799000,,temperature_anomaly,-6.6,degC,observed;age_uncertainty_unavailable:GT4_has_no_point_age_distribution_in_source,c69eca96499bece4b2f65d4e40240f52e0bfb4027383b3f2db68a1b3e36c75f6
Vostok,Petit-et-al-2001,37.880000,,temperature_anomaly,-6.45,degC,observed;age_uncertainty_unavailable:GT4_has_no_point_age_distribution_in_source,c69eca96499bece4b2f65d4e40240f52e0bfb4027383b3f2db68a1b3e36c75f6
Vostok,Petit-et-al-2001,37.959000,,temperature_anomaly,-6.3,degC,observed;age_uncertainty_unavailable:GT4_has_no_point_age_distribution_in_source,c69eca96499bece4b2f65d4e40240f52e0bfb4027383b3f2db68a1b3e36c75f6
Vostok,Petit-et-al-2001,38.039000,,temperature_anomaly,-6.43,degC,observed;age_uncertainty_unavailable:GT4_has_no_point_age_distribution_in_source,c69eca96499bece4b2f65d4e40240f52e0bfb4027383b3f2db68a1b3e36c75f6
Vostok,Petit-et-al-2001,38.120000,,temperature_anomaly,-6.66,degC,observed;age_uncertainty_unavailable:GT4_has_no_point_age_distribution_in_source,c69eca96499bece4b2f65d4e40240f52e0bfb4027383b3f2db68a1b3e36c75f6
Vostok,Petit-et-al-2001,38.201000,,temperature_anomaly,-6.8,degC,observed;age_uncertainty_unavailable:GT4_has_no_point_age_distribution_in_source,c69eca96499bece4b2f65d4e40240f52e0bfb4027383b3f2db68a1b3e36c75f6
Vostok,Petit-et-al-2001,38.284000,,temperature_anomaly,-6.96,degC,observed;age_uncertainty_unavailable:GT4_has_no_point_age_distribution_in_source,c69eca96499bece4b2f65d4e40240f52e0bfb4027383b3f2db68a1b3e36c75f6
Vostok,Petit-et-al-2001,38.367000,,temperature_anomaly,-7.09,degC,observed;age_uncertainty_unavailable:GT4_has_no_point_age_distribution_in_source,c69eca96499bece4b2f65d4e40240f52e0bfb4027383b3f2db68a1b3e36c75f6
Vostok,Petit-et-al-2001,38.451000,,temperature_anomaly,-7.18,degC,observed;age_uncertainty_unavailable:GT4_has_no_point_age_distribution_in_source,c69eca96499bece4b2f65d4e40240f52e0bfb4027383b3f2db68a1b3e36c75f6
Vostok,Petit-et-al-2001,38.535000,,temperature_anomaly,-7.18,degC,observed;age_uncertainty_unavailable:GT4_has_no_point_age_distribution_in_source,c69eca96499bece4b2f65d4e40240f52e0bfb4027383b3f2db68a1b3e36c75f6
Vostok,Petit-et-al-2001,38.619000,,temperature_anomaly,-6.94,degC,observed;age_uncertainty_unavailable:GT4_has_no_point_age_distribution_in_source,c69eca96499bece4b2f65d4e40240f52e0bfb4027383b3f2db68a1b3e36c75f6
Vostok,Petit-et-al-2001,38.702000,,temperature_anomaly,-6.73,degC,observed;age_uncertainty_unavailable:GT4_has_no_point_age_distribution_in_source,c69eca96499bece4b2f65d4e40240f52e0bfb4027383b3f2db68a1b3e36c75f6
Vostok,Petit-et-al-2001,38.783000,,temperature_anomaly,-6.69,degC,observed;age_uncertainty_unavailable:GT4_has_no_point_age_distribution_in_source,c69eca96499bece4b2f65d4e40240f52e0bfb4027383b3f2db68a1b3e36c75f6
Vostok,Petit-et-al-2001,38.865000,,temperature_anomaly,-6.64,degC,observed;age_uncertainty_unavailable:GT4_has_no_point_age_distribution_in_source,c69eca96499bece4b2f65d4e40240f52e0bfb4027383b3f2db68a1b3e36c75f6
Vostok,Petit-et-al-2001,38.946000,,temperature_anomaly,-6.6,degC,observed;age_uncertainty_unavailable:GT4_has_no_point_age_distribution_in_source,c69eca96499bece4b2f65d4e40240f52e0bfb4027383b3f2db68a1b3e36c75f6
Vostok,Petit-et-al-2001,39.027000,,temperature_anomaly,-6.56,degC,observed;age_uncertainty_unavailable:GT4_has_no_point_age_distribution_in_source,c69eca96499bece4b2f65d4e40240f52e0bfb4027383b3f2db68a1b3e36c75f6
Vostok,Petit-et-al-2001,39.107000,,temperature_anomaly,-6.21,degC,observed;age_uncertainty_unavailable:GT4_has_no_point_age_distribution_in_source,c69eca96499bece4b2f65d4e40240f52e0bfb4027383b3f2db68a1b3e36c75f6
Vostok,Petit-et-al-2001,39.185000,,temperature_anomaly,-5.93,degC,observed;age_uncertainty_unavailable:GT4_has_no_point_age_distribution_in_source,c69eca96499bece4b2f65d4e40240f52e0bfb4027383b3f2db68a1b3e36c75f6
Vostok,Petit-et-al-2001,39.263000,,temperature_anomaly,-5.93,degC,observed;age_uncertainty_unavailable:GT4_has_no_point_age_distribution_in_source,c69eca96499bece4b2f65d4e40240f52e0bfb4027383b3f2db68a1b3e36c75f6
Vostok,Petit-et-al-2001,39.341000,,temperature_anomaly,-6.16,degC,observed;age_uncertainty_unavailable:GT4_has_no_point_age_distribution_in_source,c69eca96499bece4b2f65d4e40240f52e0bfb4027383b3f2db68a1b3e36c75f6
Vostok,Petit-et-al-2001,39.420000,,temperature_anomaly,-6.24,degC,observed;age_uncertainty_unavailable:GT4_has_no_point_age_distribution_in_source,c69eca96499bece4b2f65d4e40240f52e0bfb4027383b3f2db68a1b3e36c75f6
Vostok,Petit-et-al-2001,39.499000,,temperature_anomaly,-6.24,degC,observed;age_uncertainty_unavailable:GT4_has_no_point_age_distribution_in_source,c69eca96499bece4b2f65d4e40240f52e0bfb4027383b3f2db68a1b3e36c75f6
Vostok,Petit-et-al-2001,39.579000,,temperature_anomaly,-6.13,degC,observed;age_uncertainty_unavailable:GT4_has_no_point_age_distribution_in_source,c69eca96499bece4b2f65d4e40240f52e0bfb4027383b3f2db68a1b3e36c75f6
Vostok,Petit-et-al-2001,39.657000,,temperature_anomaly,-6.13,degC,observed;age_uncertainty_unavailable:GT4_has_no_point_age_distribution_in_source,c69eca96499bece4b2f65d4e40240f52e0bfb4027383b3f2db68a1b3e36c75f6
Vostok,Petit-et-al-2001,39.735000,,temperature_anomaly,-5.91,degC,observed;age_uncertainty_unavailable:GT4_has_no_point_age_distribution_in_source,c69eca96499bece4b2f65d4e40240f52e0bfb4027383b3f2db68a1b3e36c75f6
Vostok,Petit-et-al-2001,39.812000,,temperature_anomaly,-5.48,degC,observed;age_uncertainty_unavailable:GT4_has_no_point_age_distribution_in_source,c69eca96499bece4b2f65d4e40240f52e0bfb4027383b3f2db68a1b3e36c75f6
Vostok,Petit-et-al-2001,39.889000,,temperature_anomaly,-6.24,degC,observed;age_uncertainty_unavailable:GT4_has_no_point_age_distribution_in_source,c69eca96499bece4b2f65d4e40240f52e0bfb4027383b3f2db68a1b3e36c75f6
Vostok,Petit-et-al-2001,39.971000,,temperature_anomaly,-6.96,degC,observed;age_uncertainty_unavailable:GT4_has_no_point_age_distribution_in_source,c69eca96499bece4b2f65d4e40240f52e0bfb4027383b3f2db68a1b3e36c75f6
Vostok,Petit-et-al-2001,40.054000,,temperature_anomaly,-6.91,degC,observed;age_uncertainty_unavailable:GT4_has_no_point_age_distribution_in_source,c69eca96499bece4b2f65d4e40240f52e0bfb4027383b3f2db68a1b3e36c75f6
Vostok,Petit-et-al-2001,40.138000,,temperature_anomaly,-7.21,degC,observed;age_uncertainty_unavailable:GT4_has_no_point_age_distribution_in_source,c69eca96499bece4b2f65d4e40240f52e0bfb4027383b3f2db68a1b3e36c75f6
Vostok,Petit-et-al-2001,40.223000,,temperature_anomaly,-7.07,degC,observed;age_uncertainty_unavailable:GT4_has_no_point_age_distribution_in_source,c69eca96499bece4b2f65d4e40240f52e0bfb4027383b3f2db68a1b3e36c75f6
Vostok,Petit-et-al-2001,40.305000,,temperature_anomaly,-6.31,degC,observed;age_uncertainty_unavailable:GT4_has_no_point_age_distribution_in_source,c69eca96499bece4b2f65d4e40240f52e0bfb4027383b3f2db68a1b3e36c75f6
Vostok,Petit-et-al-2001,40.386000,,temperature_anomaly,-6.51,degC,observed;age_uncertainty_unavailable:GT4_has_no_point_age_distribution_in_source,c69eca96499bece4b2f65d4e40240f52e0bfb4027383b3f2db68a1b3e36c75f6
Vostok,Petit-et-al-2001,40.468000,,temperature_anomaly,-6.91,degC,observed;age_uncertainty_unavailable:GT4_has_no_point_age_distribution_in_source,c69eca96499bece4b2f65d4e40240f52e0bfb4027383b3f2db68a1b3e36c75f6
Vostok,Petit-et-al-2001,40.551000,,temperature_anomaly,-6.71,degC,observed;age_uncertainty_unavailable:GT4_has_no_point_age_distribution_in_source,c69eca96499bece4b2f65d4e40240f52e0bfb4027383b3f2db68a1b3e36c75f6
Vostok,Petit-et-al-2001,40.632000,,temperature_anomaly,-6.56,degC,observed;age_uncertainty_unavailable:GT4_has_no_point_age_distribution_in_source,c69eca96499bece4b2f65d4e40240f52e0bfb4027383b3f2db68a1b3e36c75f6
Vostok,Petit-et-al-2001,40.714000,,temperature_anomaly,-6.67,degC,observed;age_uncertainty_unavailable:GT4_has_no_point_age_distribution_in_source,c69eca96499bece4b2f65d4e40240f52e0bfb4027383b3f2db68a1b3e36c75f6
Vostok,Petit-et-al-2001,40.796000,,temperature_anomaly,-6.46,degC,observed;age_uncertainty_unavailable:GT4_has_no_point_age_distribution_in_source,c69eca96499bece4b2f65d4e40240f52e0bfb4027383b3f2db68a1b3e36c75f6
Vostok,Petit-et-al-2001,40.875000,,temperature_anomaly,-5.74,degC,observed;age_uncertainty_unavailable:GT4_has_no_point_age_distribution_in_source,c69eca96499bece4b2f65d4e40240f52e0bfb4027383b3f2db68a1b3e36c75f6
Vostok,Petit-et-al-2001,40.952000,,temperature_anomaly,-5.74,degC,observed;age_uncertainty_unavailable:GT4_has_no_point_age_distribution_in_source,c69eca96499bece4b2f65d4e40240f52e0bfb4027383b3f2db68a1b3e36c75f6
Vostok,Petit-et-al-2001,41.031000,,temperature_anomaly,-6.37,degC,observed;age_uncertainty_unavailable:GT4_has_no_point_age_distribution_in_source,c69eca96499bece4b2f65d4e40240f52e0bfb4027383b3f2db68a1b3e36c75f6
Vostok,Petit-et-al-2001,41.112000,,temperature_anomaly,-6.59,degC,observed;age_uncertainty_unavailable:GT4_has_no_point_age_distribution_in_source,c69eca96499bece4b2f65d4e40240f52e0bfb4027383b3f2db68a1b3e36c75f6
Vostok,Petit-et-al-2001,41.191000,,temperature_anomaly,-5.89,degC,observed;age_uncertainty_unavailable:GT4_has_no_point_age_distribution_in_source,c69eca96499bece4b2f65d4e40240f52e0bfb4027383b3f2db68a1b3e36c75f6
Vostok,Petit-et-al-2001,41.268000,,temperature_anomaly,-5.19,degC,observed;age_uncertainty_unavailable:GT4_has_no_point_age_distribution_in_source,c69eca96499bece4b2f65d4e40240f52e0bfb4027383b3f2db68a1b3e36c75f6
Vostok,Petit-et-al-2001,41.342000,,temperature_anomaly,-5.11,degC,observed;age_uncertainty_unavailable:GT4_has_no_point_age_distribution_in_source,c69eca96499bece4b2f65d4e40240f52e0bfb4027383b3f2db68a1b3e36c75f6
Vostok,Petit-et-al-2001,41.415000,,temperature_anomaly,-5.02,degC,observed;age_uncertainty_unavailable:GT4_has_no_point_age_distribution_in_source,c69eca96499bece4b2f65d4e40240f52e0bfb4027383b3f2db68a1b3e36c75f6
Vostok,Petit-et-al-2001,41.489000,,temperature_anomaly,-5.09,degC,observed;age_uncertainty_unavailable:GT4_has_no_point_age_distribution_in_source,c69eca96499bece4b2f65d4e40240f52e0bfb4027383b3f2db68a1b3e36c75f6
Vostok,Petit-et-al-2001,41.564000,,temperature_anomaly,-5.48,degC,observed;age_uncertainty_unavailable:GT4_has_no_point_age_distribution_in_source,c69eca96499bece4b2f65d4e40240f52e0bfb4027383b3f2db68a1b3e36c75f6
Vostok,Petit-et-al-2001,41.638000,,temperature_anomaly,-4.8,degC,observed;age_uncertainty_unavailable:GT4_has_no_point_age_distribution_in_source,c69eca96499bece4b2f65d4e40240f52e0bfb4027383b3f2db68a1b3e36c75f6
Vostok,Petit-et-al-2001,41.710000,,temperature_anomaly,-4.53,degC,observed;age_uncertainty_unavailable:GT4_has_no_point_age_distribution_in_source,c69eca96499bece4b2f65d4e40240f52e0bfb4027383b3f2db68a1b3e36c75f6
Vostok,Petit-et-al-2001,41.782000,,temperature_anomaly,-5.08,degC,observed;age_uncertainty_unavailable:GT4_has_no_point_age_distribution_in_source,c69eca96499bece4b2f65d4e40240f52e0bfb4027383b3f2db68a1b3e36c75f6
Vostok,Petit-et-al-2001,41.855000,,temperature_anomaly,-4.81,degC,observed;age_uncertainty_unavailable:GT4_has_no_point_age_distribution_in_source,c69eca96499bece4b2f65d4e40240f52e0bfb4027383b3f2db68a1b3e36c75f6
Vostok,Petit-et-al-2001,41.927000,,temperature_anomaly,-4.68,degC,observed;age_uncertainty_unavailable:GT4_has_no_point_age_distribution_in_source,c69eca96499bece4b2f65d4e40240f52e0bfb4027383b3f2db68a1b3e36c75f6
Vostok,Petit-et-al-2001,42.001000,,temperature_anomaly,-5.27,degC,observed;age_uncertainty_unavailable:GT4_has_no_point_age_distribution_in_source,c69eca96499bece4b2f65d4e40240f52e0bfb4027383b3f2db68a1b3e36c75f6
Vostok,Petit-et-al-2001,42.077000,,temperature_anomaly,-5.69,degC,observed;age_uncertainty_unavailable:GT4_has_no_point_age_distribution_in_source,c69eca96499bece4b2f65d4e40240f52e0bfb4027383b3f2db68a1b3e36c75f6
Vostok,Petit-et-al-2001,42.152000,,temperature_anomaly,-4.99,degC,observed;age_uncertainty_unavailable:GT4_has_no_point_age_distribution_in_source,c69eca96499bece4b2f65d4e40240f52e0bfb4027383b3f2db68a1b3e36c75f6
Vostok,Petit-et-al-2001,42.225000,,temperature_anomaly,-4.65,degC,observed;age_uncertainty_unavailable:GT4_has_no_point_age_distribution_in_source,c69eca96499bece4b2f65d4e40240f52e0bfb4027383b3f2db68a1b3e36c75f6
Vostok,Petit-et-al-2001,42.298000,,temperature_anomaly,-5.3,degC,observed;age_uncertainty_unavailable:GT4_has_no_point_age_distribution_in_source,c69eca96499bece4b2f65d4e40240f52e0bfb4027383b3f2db68a1b3e36c75f6
Vostok,Petit-et-al-2001,42.374000,,temperature_anomaly,-5.7,degC,observed;age_uncertainty_unavailable:GT4_has_no_point_age_distribution_in_source,c69eca96499bece4b2f65d4e40240f52e0bfb4027383b3f2db68a1b3e36c75f6
Vostok,Petit-et-al-2001,42.451000,,temperature_anomaly,-5.4,degC,observed;age_uncertainty_unavailable:GT4_has_no_point_age_distribution_in_source,c69eca96499bece4b2f65d4e40240f52e0bfb4027383b3f2db68a1b3e36c75f6
Vostok,Petit-et-al-2001,42.527000,,temperature_anomaly,-5.49,degC,observed;age_uncertainty_unavailable:GT4_has_no_point_age_distribution_in_source,c69eca96499bece4b2f65d4e40240f52e0bfb4027383b3f2db68a1b3e36c75f6
Vostok,Petit-et-al-2001,42.603000,,temperature_anomaly,-5.43,degC,observed;age_uncertainty_unavailable:GT4_has_no_point_age_distribution_in_source,c69eca96499bece4b2f65d4e40240f52e0bfb4027383b3f2db68a1b3e36c75f6
Vostok,Petit-et-al-2001,42.679000,,temperature_anomaly,-5.69,degC,observed;age_uncertainty_unavailable:GT4_has_no_point_age_distribution_in_source,c69eca96499bece4b2f65d4e40240f52e0bfb4027383b3f2db68a1b3e36c75f6
Vostok,Petit-et-al-2001,42.758000,,temperature_anomaly,-6.13,degC,observed;age_uncertainty_unavailable:GT4_has_no_point_age_distribution_in_source,c69eca96499bece4b2f65d4e40240f52e0bfb4027383b3f2db68a1b3e36c75f6
Vostok,Petit-et-al-2001,42.837000,,temperature_anomaly,-5.95,degC,observed;age_uncertainty_unavailable:GT4_has_no_point_age_distribution_in_source,c69eca96499bece4b2f65d4e40240f52e0bfb4027383b3f2db68a1b3e36c75f6
Vostok,Petit-et-al-2001,42.916000,,temperature_anomaly,-5.88,degC,observed;age_uncertainty_unavailable:GT4_has_no_point_age_distribution_in_source,c69eca96499bece4b2f65d4e40240f52e0bfb4027383b3f2db68a1b3e36c75f6
Vostok,Petit-et-al-2001,42.994000,,temperature_anomaly,-5.93,degC,observed;age_uncertainty_unavailable:GT4_has_no_point_age_distribution_in_source,c69eca96499bece4b2f65d4e40240f52e0bfb4027383b3f2db68a1b3e36c75f6
Vostok,Petit-et-al-2001,43.073000,,temperature_anomaly,-5.8,degC,observed;age_uncertainty_unavailable:GT4_has_no_point_age_distribution_in_source,c69eca96499bece4b2f65d4e40240f52e0bfb4027383b3f2db68a1b3e36c75f6
Vostok,Petit-et-al-2001,43.150000,,temperature_anomaly,-5.53,degC,observed;age_uncertainty_unavailable:GT4_has_no_point_age_distribution_in_source,c69eca96499bece4b2f65d4e40240f52e0bfb4027383b3f2db68a1b3e36c75f6
Vostok,Petit-et-al-2001,43.226000,,temperature_anomaly,-5.5,degC,observed;age_uncertainty_unavailable:GT4_has_no_point_age_distribution_in_source,c69eca96499bece4b2f65d4e40240f52e0bfb4027383b3f2db68a1b3e36c75f6
Vostok,Petit-et-al-2001,43.304000,,temperature_anomaly,-6.04,degC,observed;age_uncertainty_unavailable:GT4_has_no_point_age_distribution_in_source,c69eca96499bece4b2f65d4e40240f52e0bfb4027383b3f2db68a1b3e36c75f6
Vostok,Petit-et-al-2001,43.385000,,temperature_anomaly,-6.45,degC,observed;age_uncertainty_unavailable:GT4_has_no_point_age_distribution_in_source,c69eca96499bece4b2f65d4e40240f52e0bfb4027383b3f2db68a1b3e36c75f6
Vostok,Petit-et-al-2001,43.464000,,temperature_anomaly,-5.42,degC,observed;age_uncertainty_unavailable:GT4_has_no_point_age_distribution_in_source,c69eca96499bece4b2f65d4e40240f52e0bfb4027383b3f2db68a1b3e36c75f6
Vostok,Petit-et-al-2001,43.540000,,temperature_anomaly,-5.47,degC,observed;age_uncertainty_unavailable:GT4_has_no_point_age_distribution_in_source,c69eca96499bece4b2f65d4e40240f52e0bfb4027383b3f2db68a1b3e36c75f6
Vostok,Petit-et-al-2001,43.619000,,temperature_anomaly,-6.68,degC,observed;age_uncertainty_unavailable:GT4_has_no_point_age_distribution_in_source,c69eca96499bece4b2f65d4e40240f52e0bfb4027383b3f2db68a1b3e36c75f6
Vostok,Petit-et-al-2001,43.702000,,temperature_anomaly,-6.6,degC,observed;age_uncertainty_unavailable:GT4_has_no_point_age_distribution_in_source,c69eca96499bece4b2f65d4e40240f52e0bfb4027383b3f2db68a1b3e36c75f6
Vostok,Petit-et-al-2001,43.785000,,temperature_anomaly,-6.48,degC,observed;age_uncertainty_unavailable:GT4_has_no_point_age_distribution_in_source,c69eca96499bece4b2f65d4e40240f52e0bfb4027383b3f2db68a1b3e36c75f6
Vostok,Petit-et-al-2001,43.868000,,temperature_anomaly,-6.94,degC,observed;age_uncertainty_unavailable:GT4_has_no_point_age_distribution_in_source,c69eca96499bece4b2f65d4e40240f52e0bfb4027383b3f2db68a1b3e36c75f6
Vostok,Petit-et-al-2001,43.952000,,temperature_anomaly,-6.88,degC,observed;age_uncertainty_unavailable:GT4_has_no_point_age_distribution_in_source,c69eca96499bece4b2f65d4e40240f52e0bfb4027383b3f2db68a1b3e36c75f6
Vostok,Petit-et-al-2001,44.036000,,temperature_anomaly,-6.72,degC,observed;age_uncertainty_unavailable:GT4_has_no_point_age_distribution_in_source,c69eca96499bece4b2f65d4e40240f52e0bfb4027383b3f2db68a1b3e36c75f6
Vostok,Petit-et-al-2001,44.120000,,temperature_anomaly,-6.99,degC,observed;age_uncertainty_unavailable:GT4_has_no_point_age_distribution_in_source,c69eca96499bece4b2f65d4e40240f52e0bfb4027383b3f2db68a1b3e36c75f6
Vostok,Petit-et-al-2001,44.206000,,temperature_anomaly,-7.27,degC,observed;age_uncertainty_unavailable:GT4_has_no_point_age_distribution_in_source,c69eca96499bece4b2f65d4e40240f52e0bfb4027383b3f2db68a1b3e36c75f6
Vostok,Petit-et-al-2001,44.292000,,temperature_anomaly,-6.94,degC,observed;age_uncertainty_unavailable:GT4_has_no_point_age_distribution_in_source,c69eca96499bece4b2f65d4e40240f52e0bfb4027383b3f2db68a1b3e36c75f6
Vostok,Petit-et-al-2001,44.377000,,temperature_anomaly,-6.97,degC,observed;age_uncertainty_unavailable:GT4_has_no_point_age_distribution_in_source,c69eca96499bece4b2f65d4e40240f52e0bfb4027383b3f2db68a1b3e36c75f6
Vostok,Petit-et-al-2001,44.463000,,temperature_anomaly,-7.51,degC,observed;age_uncertainty_unavailable:GT4_has_no_point_age_distribution_in_source,c69eca96499bece4b2f65d4e40240f52e0bfb4027383b3f2db68a1b3e36c75f6
Vostok,Petit-et-al-2001,44.551000,,temperature_anomaly,-7.13,degC,observed;age_uncertainty_unavailable:GT4_has_no_point_age_distribution_in_source,c69eca96499bece4b2f65d4e40240f52e0bfb4027383b3f2db68a1b3e36c75f6
Vostok,Petit-et-al-2001,44.634000,,temperature_anomaly,-6.15,degC,observed;age_uncertainty_unavailable:GT4_has_no_point_age_distribution_in_source,c69eca96499bece4b2f65d4e40240f52e0bfb4027383b3f2db68a1b3e36c75f6
Vostok,Petit-et-al-2001,44.715000,,temperature_anomaly,-6.55,degC,observed;age_uncertainty_unavailable:GT4_has_no_point_age_distribution_in_source,c69eca96499bece4b2f65d4e40240f52e0bfb4027383b3f2db68a1b3e36c75f6
Vostok,Petit-et-al-2001,44.800000,,temperature_anomaly,-7.44,degC,observed;age_uncertainty_unavailable:GT4_has_no_point_age_distribution_in_source,c69eca96499bece4b2f65d4e40240f52e0bfb4027383b3f2db68a1b3e36c75f6
Vostok,Petit-et-al-2001,44.887000,,temperature_anomaly,-7.04,degC,observed;age_uncertainty_unavailable:GT4_has_no_point_age_distribution_in_source,c69eca96499bece4b2f65d4e40240f52e0bfb4027383b3f2db68a1b3e36c75f6
Vostok,Petit-et-al-2001,44.972000,,temperature_anomaly,-6.68,degC,observed;age_uncertainty_unavailable:GT4_has_no_point_age_distribution_in_source,c69eca96499bece4b2f65d4e40240f52e0bfb4027383b3f2db68a1b3e36c75f6
Vostok,Petit-et-al-2001,45.055000,,temperature_anomaly,-6.72,degC,observed;age_uncertainty_unavailable:GT4_has_no_point_age_distribution_in_source,c69eca96499bece4b2f65d4e40240f52e0bfb4027383b3f2db68a1b3e36c75f6
Vostok,Petit-et-al-2001,45.139000,,temperature_anomaly,-6.69,degC,observed;age_uncertainty_unavailable:GT4_has_no_point_age_distribution_in_source,c69eca96499bece4b2f65d4e40240f52e0bfb4027383b3f2db68a1b3e36c75f6
Vostok,Petit-et-al-2001,45.225000,,temperature_anomaly,-7.4,degC,observed;age_uncertainty_unavailable:GT4_has_no_point_age_distribution_in_source,c69eca96499bece4b2f65d4e40240f52e0bfb4027383b3f2db68a1b3e36c75f6
Vostok,Petit-et-al-2001,45.315000,,temperature_anomaly,-8.16,degC,observed;age_uncertainty_unavailable:GT4_has_no_point_age_distribution_in_source,c69eca96499bece4b2f65d4e40240f52e0bfb4027383b3f2db68a1b3e36c75f6
Vostok,Petit-et-al-2001,45.407000,,temperature_anomaly,-7.91,degC,observed;age_uncertainty_unavailable:GT4_has_no_point_age_distribution_in_source,c69eca96499bece4b2f65d4e40240f52e0bfb4027383b3f2db68a1b3e36c75f6
Vostok,Petit-et-al-2001,45.497000,,temperature_anomaly,-7.64,degC,observed;age_uncertainty_unavailable:GT4_has_no_point_age_distribution_in_source,c69eca96499bece4b2f65d4e40240f52e0bfb4027383b3f2db68a1b3e36c75f6
Vostok,Petit-et-al-2001,45.587000,,temperature_anomaly,-7.94,degC,observed;age_uncertainty_unavailable:GT4_has_no_point_age_distribution_in_source,c69eca96499bece4b2f65d4e40240f52e0bfb4027383b3f2db68a1b3e36c75f6
Vostok,Petit-et-al-2001,45.677000,,temperature_anomaly,-7.38,degC,observed;age_uncertainty_unavailable:GT4_has_no_point_age_distribution_in_source,c69eca96499bece4b2f65d4e40240f52e0bfb4027383b3f2db68a1b3e36c75f6
Vostok,Petit-et-al-2001,45.762000,,temperature_anomaly,-6.55,degC,observed;age_uncertainty_unavailable:GT4_has_no_point_age_distribution_in_source,c69eca96499bece4b2f65d4e40240f52e0bfb4027383b3f2db68a1b3e36c75f6
Vostok,Petit-et-al-2001,45.846000,,temperature_anomaly,-6.93,degC,observed;age_uncertainty_unavailable:GT4_has_no_point_age_distribution_in_source,c69eca96499bece4b2f65d4e40240f52e0bfb4027383b3f2db68a1b3e36c75f6
Vostok,Petit-et-al-2001,45.932000,,temperature_anomaly,-7.01,degC,observed;age_uncertainty_unavailable:GT4_has_no_point_age_distribution_in_source,c69eca96499bece4b2f65d4e40240f52e0bfb4027383b3f2db68a1b3e36c75f6
Vostok,Petit-et-al-2001,46.018000,,temperature_anomaly,-7.02,degC,observed;age_uncertainty_unavailable:GT4_has_no_point_age_distribution_in_source,c69eca96499bece4b2f65d4e40240f52e0bfb4027383b3f2db68a1b3e36c75f6
Vostok,Petit-et-al-2001,46.104000,,temperature_anomaly,-7.39,degC,observed;age_uncertainty_unavailable:GT4_has_no_point_age_distribution_in_source,c69eca96499bece4b2f65d4e40240f52e0bfb4027383b3f2db68a1b3e36c75f6
Vostok,Petit-et-al-2001,46.193000,,temperature_anomaly,-7.38,degC,observed;age_uncertainty_unavailable:GT4_has_no_point_age_distribution_in_source,c69eca96499bece4b2f65d4e40240f52e0bfb4027383b3f2db68a1b3e36c75f6
Vostok,Petit-et-al-2001,46.281000,,temperature_anomaly,-7.47,degC,observed;age_uncertainty_unavailable:GT4_has_no_point_age_distribution_in_source,c69eca96499bece4b2f65d4e40240f52e0bfb4027383b3f2db68a1b3e36c75f6
Vostok,Petit-et-al-2001,46.370000,,temperature_anomaly,-7.51,degC,observed;age_uncertainty_unavailable:GT4_has_no_point_age_distribution_in_source,c69eca96499bece4b2f65d4e40240f52e0bfb4027383b3f2db68a1b3e36c75f6
Vostok,Petit-et-al-2001,46.457000,,temperature_anomaly,-7.15,degC,observed;age_uncertainty_unavailable:GT4_has_no_point_age_distribution_in_source,c69eca96499bece4b2f65d4e40240f52e0bfb4027383b3f2db68a1b3e36c75f6
Vostok,Petit-et-al-2001,46.543000,,temperature_anomaly,-6.78,degC,observed;age_uncertainty_unavailable:GT4_has_no_point_age_distribution_in_source,c69eca96499bece4b2f65d4e40240f52e0bfb4027383b3f2db68a1b3e36c75f6
Vostok,Petit-et-al-2001,46.628000,,temperature_anomaly,-6.9,degC,observed;age_uncertainty_unavailable:GT4_has_no_point_age_distribution_in_source,c69eca96499bece4b2f65d4e40240f52e0bfb4027383b3f2db68a1b3e36c75f6
Vostok,Petit-et-al-2001,46.713000,,temperature_anomaly,-6.91,degC,observed;age_uncertainty_unavailable:GT4_has_no_point_age_distribution_in_source,c69eca96499bece4b2f65d4e40240f52e0bfb4027383b3f2db68a1b3e36c75f6
Vostok,Petit-et-al-2001,46.797000,,temperature_anomaly,-6.48,degC,observed;age_uncertainty_unavailable:GT4_has_no_point_age_distribution_in_source,c69eca96499bece4b2f65d4e40240f52e0bfb4027383b3f2db68a1b3e36c75f6
Vostok,Petit-et-al-2001,46.881000,,temperature_anomaly,-6.71,degC,observed;age_uncertainty_unavailable:GT4_has_no_point_age_distribution_in_source,c69eca96499bece4b2f65d4e40240f52e0bfb4027383b3f2db68a1b3e36c75f6
Vostok,Petit-et-al-2001,46.966000,,temperature_anomaly,-6.92,degC,observed;age_uncertainty_unavailable:GT4_has_no_point_age_distribution_in_source,c69eca96499bece4b2f65d4e40240f52e0bfb4027383b3f2db68a1b3e36c75f6
Vostok,Petit-et-al-2001,47.050000,,temperature_anomaly,-6.67,degC,observed;age_uncertainty_unavailable:GT4_has_no_point_age_distribution_in_source,c69eca96499bece4b2f65d4e40240f52e0bfb4027383b3f2db68a1b3e36c75f6
Vostok,Petit-et-al-2001,47.133000,,temperature_anomaly,-6.29,degC,observed;age_uncertainty_unavailable:GT4_has_no_point_age_distribution_in_source,c69eca96499bece4b2f65d4e40240f52e0bfb4027383b3f2db68a1b3e36c75f6
Vostok,Petit-et-al-2001,47.214000,,temperature_anomaly,-5.92,degC,observed;age_uncertainty_unavailable:GT4_has_no_point_age_distribution_in_source,c69eca96499bece4b2f65d4e40240f52e0bfb4027383b3f2db68a1b3e36c75f6
Vostok,Petit-et-al-2001,47.295000,,temperature_anomaly,-6.17,degC,observed;age_uncertainty_unavailable:GT4_has_no_point_age_distribution_in_source,c69eca96499bece4b2f65d4e40240f52e0bfb4027383b3f2db68a1b3e36c75f6
Vostok,Petit-et-al-2001,47.378000,,temperature_anomaly,-6.73,degC,observed;age_uncertainty_unavailable:GT4_has_no_point_age_distribution_in_source,c69eca96499bece4b2f65d4e40240f52e0bfb4027383b3f2db68a1b3e36c75f6
Vostok,Petit-et-al-2001,47.462000,,temperature_anomaly,-6.55,degC,observed;age_uncertainty_unavailable:GT4_has_no_point_age_distribution_in_source,c69eca96499bece4b2f65d4e40240f52e0bfb4027383b3f2db68a1b3e36c75f6
Vostok,Petit-et-al-2001,47.546000,,temperature_anomaly,-6.78,degC,observed;age_uncertainty_unavailable:GT4_has_no_point_age_distribution_in_source,c69eca96499bece4b2f65d4e40240f52e0bfb4027383b3f2db68a1b3e36c75f6
Vostok,Petit-et-al-2001,47.631000,,temperature_anomaly,-6.99,degC,observed;age_uncertainty_unavailable:GT4_has_no_point_age_distribution_in_source,c69eca96499bece4b2f65d4e40240f52e0bfb4027383b3f2db68a1b3e36c75f6
Vostok,Petit-et-al-2001,47.716000,,temperature_anomaly,-6.36,degC,observed;age_uncertainty_unavailable:GT4_has_no_point_age_distribution_in_source,c69eca96499bece4b2f65d4e40240f52e0bfb4027383b3f2db68a1b3e36c75f6
Vostok,Petit-et-al-2001,47.798000,,temperature_anomaly,-6.28,degC,observed;age_uncertainty_unavailable:GT4_has_no_point_age_distribution_in_source,c69eca96499bece4b2f65d4e40240f52e0bfb4027383b3f2db68a1b3e36c75f6
Vostok,Petit-et-al-2001,47.881000,,temperature_anomaly,-6.74,degC,observed;age_uncertainty_unavailable:GT4_has_no_point_age_distribution_in_source,c69eca96499bece4b2f65d4e40240f52e0bfb4027383b3f2db68a1b3e36c75f6
Vostok,Petit-et-al-2001,47.966000,,temperature_anomaly,-6.85,degC,observed;age_uncertainty_unavailable:GT4_has_no_point_age_distribution_in_source,c69eca96499bece4b2f65d4e40240f52e0bfb4027383b3f2db68a1b3e36c75f6
Vostok,Petit-et-al-2001,48.050000,,temperature_anomaly,-6.46,degC,observed;age_uncertainty_unavailable:GT4_has_no_point_age_distribution_in_source,c69eca96499bece4b2f65d4e40240f52e0bfb4027383b3f2db68a1b3e36c75f6
Vostok,Petit-et-al-2001,48.134000,,temperature_anomaly,-6.65,degC,observed;age_uncertainty_unavailable:GT4_has_no_point_age_distribution_in_source,c69eca96499bece4b2f65d4e40240f52e0bfb4027383b3f2db68a1b3e36c75f6
Vostok,Petit-et-al-2001,48.218000,,temperature_anomaly,-6.49,degC,observed;age_uncertainty_unavailable:GT4_has_no_point_age_distribution_in_source,c69eca96499bece4b2f65d4e40240f52e0bfb4027383b3f2db68a1b3e36c75f6
Vostok,Petit-et-al-2001,48.300000,,temperature_anomaly,-6.02,degC,observed;age_uncertainty_unavailable:GT4_has_no_point_age_distribution_in_source,c69eca96499bece4b2f65d4e40240f52e0bfb4027383b3f2db68a1b3e36c75f6
Vostok,Petit-et-al-2001,48.381000,,temperature_anomaly,-6.05,degC,observed;age_uncertainty_unavailable:GT4_has_no_point_age_distribution_in_source,c69eca96499bece4b2f65d4e40240f52e0bfb4027383b3f2db68a1b3e36c75f6
Vostok,Petit-et-al-2001,48.461000,,temperature_anomaly,-5.8,degC,observed;age_uncertainty_unavailable:GT4_has_no_point_age_distribution_in_source,c69eca96499bece4b2f65d4e40240f52e0bfb4027383b3f2db68a1b3e36c75f6
Vostok,Petit-et-al-2001,48.541000,,temperature_anomaly,-5.83,degC,observed;age_uncertainty_unavailable:GT4_has_no_point_age_distribution_in_source,c69eca96499bece4b2f65d4e40240f52e0bfb4027383b3f2db68a1b3e36c75f6
Vostok,Petit-et-al-2001,48.622000,,temperature_anomaly,-6.26,degC,observed;age_uncertainty_unavailable:GT4_has_no_point_age_distribution_in_source,c69eca96499bece4b2f65d4e40240f52e0bfb4027383b3f2db68a1b3e36c75f6
Vostok,Petit-et-al-2001,48.704000,,temperature_anomaly,-6.36,degC,observed;age_uncertainty_unavailable:GT4_has_no_point_age_distribution_in_source,c69eca96499bece4b2f65d4e40240f52e0bfb4027383b3f2db68a1b3e36c75f6
Vostok,Petit-et-al-2001,48.787000,,temperature_anomaly,-6.48,degC,observed;age_uncertainty_unavailable:GT4_has_no_point_age_distribution_in_source,c69eca96499bece4b2f65d4e40240f52e0bfb4027383b3f2db68a1b3e36c75f6
Vostok,Petit-et-al-2001,48.870000,,temperature_anomaly,-6.39,degC,observed;age_uncertainty_unavailable:GT4_has_no_point_age_distribution_in_source,c69eca96499bece4b2f65d4e40240f52e0bfb4027383b3f2db68a1b3e36c75f6
Vostok,Petit-et-al-2001,48.953000,,temperature_anomaly,-6.24,degC,observed;age_uncertainty_unavailable:GT4_has_no_point_age_distribution_in_source,c69eca96499bece4b2f65d4e40240f52e0bfb4027383b3f2db68a1b3e36c75f6
Vostok,Petit-et-al-2001,49.034000,,temperature_anomaly,-5.76,degC,observed;age_uncertainty_unavailable:GT4_has_no_point_age_distribution_in_source,c69eca96499bece4b2f65d4e40240f52e0bfb4027383b3f2db68a1b3e36c75f6
Vostok,Petit-et-al-2001,49.113000,,temperature_anomaly,-5.77,degC,observed;age_uncertainty_unavailable:GT4_has_no_point_age_distribution_in_source,c69eca96499bece4b2f65d4e40240f52e0bfb4027383b3f2db68a1b3e36c75f6
Vostok,Petit-et-al-2001,49.193000,,temperature_anomaly,-5.89,degC,observed;age_uncertainty_unavailable:GT4_has_no_point_age_distribution_in_source,c69eca96499bece4b2f65d4e40240f52e0bfb4027383b3f2db68a1b3e36c75f6
Vostok,Petit-et-al-2001,49.272000,,temperature_anomaly,-5.51,degC,observed;age_uncertainty_unavailable:GT4_has_no_point_age_distribution_in_source,c69eca96499bece4b2f65d4e40240f52e0bfb4027383b3f2db68a1b3e36c75f6
Vostok,Petit-et-al-2001,49.350000,,temperature_anomaly,-5.51,degC,observed;age_uncertainty_unavailable:GT4_has_no_point_age_distribution_in_source,c69eca96499bece4b2f65d4e40240f52e0bfb4027383b3f2db68a1b3e36c75f6
Vostok,Petit-et-al-2001,49.430000,,temperature_anomaly,-5.89,degC,observed;age_uncertainty_unavailable:GT4_has_no_point_age_distribution_in_source,c69eca96499bece4b2f65d4e40240f52e0bfb4027383b3f2db68a1b3e36c75f6
Vostok,Petit-et-al-2001,49.510000,,temperature_anomaly,-5.97,degC,observed;age_uncertainty_unavailable:GT4_has_no_point_age_distribution_in_source,c69eca96499bece4b2f65d4e40240f52e0bfb4027383b3f2db68a1b3e36c75f6
Vostok,Petit-et-al-2001,49.591000,,temperature_anomaly,-6.07,degC,observed;age_uncertainty_unavailable:GT4_has_no_point_age_distribution_in_source,c69eca96499bece4b2f65d4e40240f52e0bfb4027383b3f2db68a1b3e36c75f6
Vostok,Petit-et-al-2001,49.672000,,temperature_anomaly,-5.78,degC,observed;age_uncertainty_unavailable:GT4_has_no_point_age_distribution_in_source,c69eca96499bece4b2f65d4e40240f52e0bfb4027383b3f2db68a1b3e36c75f6
Vostok,Petit-et-al-2001,49.750000,,temperature_anomaly,-5.3,degC,observed;age_uncertainty_unavailable:GT4_has_no_point_age_distribution_in_source,c69eca96499bece4b2f65d4e40240f52e0bfb4027383b3f2db68a1b3e36c75f6
Vostok,Petit-et-al-2001,49.828000,,temperature_anomaly,-5.58,degC,observed;age_uncertainty_unavailable:GT4_has_no_point_age_distribution_in_source,c69eca96499bece4b2f65d4e40240f52e0bfb4027383b3f2db68a1b3e36c75f6
Vostok,Petit-et-al-2001,49.907000,,temperature_anomaly,-5.6,degC,observed;age_uncertainty_unavailable:GT4_has_no_point_age_distribution_in_source,c69eca96499bece4b2f65d4e40240f52e0bfb4027383b3f2db68a1b3e36c75f6
Vostok,Petit-et-al-2001,49.985000,,temperature_anomaly,-5.18,degC,observed;age_uncertainty_unavailable:GT4_has_no_point_age_distribution_in_source,c69eca96499bece4b2f65d4e40240f52e0bfb4027383b3f2db68a1b3e36c75f6
Vostok,Petit-et-al-2001,50.061000,,temperature_anomaly,-5.03,degC,observed;age_uncertainty_unavailable:GT4_has_no_point_age_distribution_in_source,c69eca96499bece4b2f65d4e40240f52e0bfb4027383b3f2db68a1b3e36c75f6
Vostok,Petit-et-al-2001,50.138000,,temperature_anomaly,-5.45,degC,observed;age_uncertainty_unavailable:GT4_has_no_point_age_distribution_in_source,c69eca96499bece4b2f65d4e40240f52e0bfb4027383b3f2db68a1b3e36c75f6
Vostok,Petit-et-al-2001,50.217000,,temperature_anomaly,-5.7,degC,observed;age_uncertainty_unavailable:GT4_has_no_point_age_distribution_in_source,c69eca96499bece4b2f65d4e40240f52e0bfb4027383b3f2db68a1b3e36c75f6
Vostok,Petit-et-al-2001,50.295000,,temperature_anomaly,-5.37,degC,observed;age_uncertainty_unavailable:GT4_has_no_point_age_distribution_in_source,c69eca96499bece4b2f65d4e40240f52e0bfb4027383b3f2db68a1b3e36c75f6
Vostok,Petit-et-al-2001,50.374000,,temperature_anomaly,-5.54,degC,observed;age_uncertainty_unavailable:GT4_has_no_point_age_distribution_in_source,c69eca96499bece4b2f65d4e40240f52e0bfb4027383b3f2db68a1b3e36c75f6
Vostok,Petit-et-al-2001,50.452000,,temperature_anomaly,-5.54,degC,observed;age_uncertainty_unavailable:GT4_has_no_point_age_distribution_in_source,c69eca96499bece4b2f65d4e40240f52e0bfb4027383b3f2db68a1b3e36c75f6
Vostok,Petit-et-al-2001,50.531000,,temperature_anomaly,-5.65,degC,observed;age_uncertainty_unavailable:GT4_has_no_point_age_distribution_in_source,c69eca96499bece4b2f65d4e40240f52e0bfb4027383b3f2db68a1b3e36c75f6
Vostok,Petit-et-al-2001,50.610000,,temperature_anomaly,-5.57,degC,observed;age_uncertainty_unavailable:GT4_has_no_point_age_distribution_in_source,c69eca96499bece4b2f65d4e40240f52e0bfb4027383b3f2db68a1b3e36c75f6
Vostok,Petit-et-al-2001,50.688000,,temperature_anomaly,-5.19,degC,observed;age_uncertainty_unavailable:GT4_has_no_point_age_distribution_in_source,c69eca96499bece4b2f65d4e40240f52e0bfb4027383b3f2db68a1b3e36c75f6
Vostok,Petit-et-al-2001,50.766000,,temperature_anomaly,-5.72,degC,observed;age_uncertainty_unavailable:GT4_has_no_point_age_distribution_in_source,c69eca96499bece4b2f65d4e40240f52e0bfb4027383b3f2db68a1b3e36c75f6
Vostok,Petit-et-al-2001,50.847000,,temperature_anomaly,-6.07,degC,observed;age_uncertainty_unavailable:GT4_has_no_point_age_distribution_in_source,c69eca96499bece4b2f65d4e40240f52e0bfb4027383b3f2db68a1b3e36c75f6
Vostok,Petit-et-al-2001,50.928000,,temperature_anomaly,-5.89,degC,observed;age_uncertainty_unavailable:GT4_has_no_point_age_distribution_in_source,c69eca96499bece4b2f65d4e40240f52e0bfb4027383b3f2db68a1b3e36c75f6
Vostok,Petit-et-al-2001,51.009000,,temperature_anomaly,-5.74,degC,observed;age_uncertainty_unavailable:GT4_has_no_point_age_distribution_in_source,c69eca96499bece4b2f65d4e40240f52e0bfb4027383b3f2db68a1b3e36c75f6
Vostok,Petit-et-al-2001,51.086000,,temperature_anomaly,-4.91,degC,observed;age_uncertainty_unavailable:GT4_has_no_point_age_distribution_in_source,c69eca96499bece4b2f65d4e40240f52e0bfb4027383b3f2db68a1b3e36c75f6
Vostok,Petit-et-al-2001,51.159000,,temperature_anomaly,-3.77,degC,observed;age_uncertainty_unavailable:GT4_has_no_point_age_distribution_in_source,c69eca96499bece4b2f65d4e40240f52e0bfb4027383b3f2db68a1b3e36c75f6
Vostok,Petit-et-al-2001,51.230000,,temperature_anomaly,-4.34,degC,observed;age_uncertainty_unavailable:GT4_has_no_point_age_distribution_in_source,c69eca96499bece4b2f65d4e40240f52e0bfb4027383b3f2db68a1b3e36c75f6
Vostok,Petit-et-al-2001,51.306000,,temperature_anomaly,-5.38,degC,observed;age_uncertainty_unavailable:GT4_has_no_point_age_distribution_in_source,c69eca96499bece4b2f65d4e40240f52e0bfb4027383b3f2db68a1b3e36c75f6
Vostok,Petit-et-al-2001,51.384000,,temperature_anomaly,-5.6,degC,observed;age_uncertainty_unavailable:GT4_has_no_point_age_distribution_in_source,c69eca96499bece4b2f65d4e40240f52e0bfb4027383b3f2db68a1b3e36c75f6
Vostok,Petit-et-al-2001,51.465000,,temperature_anomaly,-6.21,degC,observed;age_uncertainty_unavailable:GT4_has_no_point_age_distribution_in_source,c69eca96499bece4b2f65d4e40240f52e0bfb4027383b3f2db68a1b3e36c75f6
Vostok,Petit-et-al-2001,51.549000,,temperature_anomaly,-6.6,degC,observed;age_uncertainty_unavailable:GT4_has_no_point_age_distribution_in_source,c69eca96499bece4b2f65d4e40240f52e0bfb4027383b3f2db68a1b3e36c75f6
Vostok,Petit-et-al-2001,51.633000,,temperature_anomaly,-6.43,degC,observed;age_uncertainty_unavailable:GT4_has_no_point_age_distribution_in_source,c69eca96499bece4b2f65d4e40240f52e0bfb4027383b3f2db68a1b3e36c75f6
Vostok,Petit-et-al-2001,51.715000,,temperature_anomaly,-5.47,degC,observed;age_uncertainty_unavailable:GT4_has_no_point_age_distribution_in_source,c69eca96499bece4b2f65d4e40240f52e0bfb4027383b3f2db68a1b3e36c75f6
Vostok,Petit-et-al-2001,51.794000,,temperature_anomaly,-5.59,degC,observed;age_uncertainty_unavailable:GT4_has_no_point_age_distribution_in_source,c69eca96499bece4b2f65d4e40240f52e0bfb4027383b3f2db68a1b3e36c75f6
Vostok,Petit-et-al-2001,51.874000,,temperature_anomaly,-6.02,degC,observed;age_uncertainty_unavailable:GT4_has_no_point_age_distribution_in_source,c69eca96499bece4b2f65d4e40240f52e0bfb4027383b3f2db68a1b3e36c75f6
Vostok,Petit-et-al-2001,51.955000,,temperature_anomaly,-5.56,degC,observed;age_uncertainty_unavailable:GT4_has_no_point_age_distribution_in_source,c69eca96499bece4b2f65d4e40240f52e0bfb4027383b3f2db68a1b3e36c75f6
Vostok,Petit-et-al-2001,52.034000,,temperature_anomaly,-5.56,degC,observed;age_uncertainty_unavailable:GT4_has_no_point_age_distribution_in_source,c69eca96499bece4b2f65d4e40240f52e0bfb4027383b3f2db68a1b3e36c75f6
Vostok,Petit-et-al-2001,52.114000,,temperature_anomaly,-5.81,degC,observed;age_uncertainty_unavailable:GT4_has_no_point_age_distribution_in_source,c69eca96499bece4b2f65d4e40240f52e0bfb4027383b3f2db68a1b3e36c75f6
Vostok,Petit-et-al-2001,52.195000,,temperature_anomaly,-5.84,degC,observed;age_uncertainty_unavailable:GT4_has_no_point_age_distribution_in_source,c69eca96499bece4b2f65d4e40240f52e0bfb4027383b3f2db68a1b3e36c75f6
Vostok,Petit-et-al-2001,52.275000,,temperature_anomaly,-5.55,degC,observed;age_uncertainty_unavailable:GT4_has_no_point_age_distribution_in_source,c69eca96499bece4b2f65d4e40240f52e0bfb4027383b3f2db68a1b3e36c75f6
Vostok,Petit-et-al-2001,52.352000,,temperature_anomaly,-5.03,degC,observed;age_uncertainty_unavailable:GT4_has_no_point_age_distribution_in_source,c69eca96499bece4b2f65d4e40240f52e0bfb4027383b3f2db68a1b3e36c75f6
Vostok,Petit-et-al-2001,52.430000,,temperature_anomaly,-5.6,degC,observed;age_uncertainty_unavailable:GT4_has_no_point_age_distribution_in_source,c69eca96499bece4b2f65d4e40240f52e0bfb4027383b3f2db68a1b3e36c75f6
Vostok,Petit-et-al-2001,52.511000,,temperature_anomaly,-6.13,degC,observed;age_uncertainty_unavailable:GT4_has_no_point_age_distribution_in_source,c69eca96499bece4b2f65d4e40240f52e0bfb4027383b3f2db68a1b3e36c75f6
Vostok,Petit-et-al-2001,52.594000,,temperature_anomaly,-6.23,degC,observed;age_uncertainty_unavailable:GT4_has_no_point_age_distribution_in_source,c69eca96499bece4b2f65d4e40240f52e0bfb4027383b3f2db68a1b3e36c75f6
Vostok,Petit-et-al-2001,52.679000,,temperature_anomaly,-6.71,degC,observed;age_uncertainty_unavailable:GT4_has_no_point_age_distribution_in_source,c69eca96499bece4b2f65d4e40240f52e0bfb4027383b3f2db68a1b3e36c75f6
Vostok,Petit-et-al-2001,52.763000,,temperature_anomaly,-6.15,degC,observed;age_uncertainty_unavailable:GT4_has_no_point_age_distribution_in_source,c69eca96499bece4b2f65d4e40240f52e0bfb4027383b3f2db68a1b3e36c75f6
Vostok,Petit-et-al-2001,52.846000,,temperature_anomaly,-6.1,degC,observed;age_uncertainty_unavailable:GT4_has_no_point_age_distribution_in_source,c69eca96499bece4b2f65d4e40240f52e0bfb4027383b3f2db68a1b3e36c75f6
Vostok,Petit-et-al-2001,52.931000,,temperature_anomaly,-6.93,degC,observed;age_uncertainty_unavailable:GT4_has_no_point_age_distribution_in_source,c69eca96499bece4b2f65d4e40240f52e0bfb4027383b3f2db68a1b3e36c75f6
Vostok,Petit-et-al-2001,53.019000,,temperature_anomaly,-7.18,degC,observed;age_uncertainty_unavailable:GT4_has_no_point_age_distribution_in_source,c69eca96499bece4b2f65d4e40240f52e0bfb4027383b3f2db68a1b3e36c75f6
Vostok,Petit-et-al-2001,53.107000,,temperature_anomaly,-7.07,degC,observed;age_uncertainty_unavailable:GT4_has_no_point_age_distribution_in_source,c69eca96499bece4b2f65d4e40240f52e0bfb4027383b3f2db68a1b3e36c75f6
Vostok,Petit-et-al-2001,53.193000,,temperature_anomaly,-6.36,degC,observed;age_uncertainty_unavailable:GT4_has_no_point_age_distribution_in_source,c69eca96499bece4b2f65d4e40240f52e0bfb4027383b3f2db68a1b3e36c75f6
Vostok,Petit-et-al-2001,53.275000,,temperature_anomaly,-5.65,degC,observed;age_uncertainty_unavailable:GT4_has_no_point_age_distribution_in_source,c69eca96499bece4b2f65d4e40240f52e0bfb4027383b3f2db68a1b3e36c75f6
Vostok,Petit-et-al-2001,53.355000,,temperature_anomaly,-5.55,degC,observed;age_uncertainty_unavailable:GT4_has_no_point_age_distribution_in_source,c69eca96499bece4b2f65d4e40240f52e0bfb4027383b3f2db68a1b3e36c75f6
Vostok,Petit-et-al-2001,53.436000,,temperature_anomaly,-6.05,degC,observed;age_uncertainty_unavailable:GT4_has_no_point_age_distribution_in_source,c69eca96499bece4b2f65d4e40240f52e0bfb4027383b3f2db68a1b3e36c75f6
Vostok,Petit-et-al-2001,53.520000,,temperature_anomaly,-6.65,degC,observed;age_uncertainty_unavailable:GT4_has_no_point_age_distribution_in_source,c69eca96499bece4b2f65d4e40240f52e0bfb4027383b3f2db68a1b3e36c75f6
Vostok,Petit-et-al-2001,53.606000,,temperature_anomaly,-6.65,degC,observed;age_uncertainty_unavailable:GT4_has_no_point_age_distribution_in_source,c69eca96499bece4b2f65d4e40240f52e0bfb4027383b3f2db68a1b3e36c75f6
Vostok,Petit-et-al-2001,53.692000,,temperature_anomaly,-6.55,degC,observed;age_uncertainty_unavailable:GT4_has_no_point_age_distribution_in_source,c69eca96499bece4b2f65d4e40240f52e0bfb4027383b3f2db68a1b3e36c75f6
Vostok,Petit-et-al-2001,53.775000,,temperature_anomaly,-6.04,degC,observed;age_uncertainty_unavailable:GT4_has_no_point_age_distribution_in_source,c69eca96499bece4b2f65d4e40240f52e0bfb4027383b3f2db68a1b3e36c75f6
Vostok,Petit-et-al-2001,53.858000,,temperature_anomaly,-6.22,degC,observed;age_uncertainty_unavailable:GT4_has_no_point_age_distribution_in_source,c69eca96499bece4b2f65d4e40240f52e0bfb4027383b3f2db68a1b3e36c75f6
Vostok,Petit-et-al-2001,53.942000,,temperature_anomaly,-6.49,degC,observed;age_uncertainty_unavailable:GT4_has_no_point_age_distribution_in_source,c69eca96499bece4b2f65d4e40240f52e0bfb4027383b3f2db68a1b3e36c75f6
Vostok,Petit-et-al-2001,54.026000,,temperature_anomaly,-6.14,degC,observed;age_uncertainty_unavailable:GT4_has_no_point_age_distribution_in_source,c69eca96499bece4b2f65d4e40240f52e0bfb4027383b3f2db68a1b3e36c75f6
Vostok,Petit-et-al-2001,54.111000,,temperature_anomaly,-6.6,degC,observed;age_uncertainty_unavailable:GT4_has_no_point_age_distribution_in_source,c69eca96499bece4b2f65d4e40240f52e0bfb4027383b3f2db68a1b3e36c75f6
Vostok,Petit-et-al-2001,54.198000,,temperature_anomaly,-7.06,degC,observed;age_uncertainty_unavailable:GT4_has_no_point_age_distribution_in_source,c69eca96499bece4b2f65d4e40240f52e0bfb4027383b3f2db68a1b3e36c75f6
Vostok,Petit-et-al-2001,54.286000,,temperature_anomaly,-6.96,degC,observed;age_uncertainty_unavailable:GT4_has_no_point_age_distribution_in_source,c69eca96499bece4b2f65d4e40240f52e0bfb4027383b3f2db68a1b3e36c75f6
Vostok,Petit-et-al-2001,54.372000,,temperature_anomaly,-6.4,degC,observed;age_uncertainty_unavailable:GT4_has_no_point_age_distribution_in_source,c69eca96499bece4b2f65d4e40240f52e0bfb4027383b3f2db68a1b3e36c75f6
Vostok,Petit-et-al-2001,54.457000,,temperature_anomaly,-6.53,degC,observed;age_uncertainty_unavailable:GT4_has_no_point_age_distribution_in_source,c69eca96499bece4b2f65d4e40240f52e0bfb4027383b3f2db68a1b3e36c75f6
Vostok,Petit-et-al-2001,54.544000,,temperature_anomaly,-6.8,degC,observed;age_uncertainty_unavailable:GT4_has_no_point_age_distribution_in_source,c69eca96499bece4b2f65d4e40240f52e0bfb4027383b3f2db68a1b3e36c75f6
Vostok,Petit-et-al-2001,54.629000,,temperature_anomaly,-6.17,degC,observed;age_uncertainty_unavailable:GT4_has_no_point_age_distribution_in_source,c69eca96499bece4b2f65d4e40240f52e0bfb4027383b3f2db68a1b3e36c75f6
Vostok,Petit-et-al-2001,54.713000,,temperature_anomaly,-6.35,degC,observed;age_uncertainty_unavailable:GT4_has_no_point_age_distribution_in_source,c69eca96499bece4b2f65d4e40240f52e0bfb4027383b3f2db68a1b3e36c75f6
Vostok,Petit-et-al-2001,54.797000,,temperature_anomaly,-6.29,degC,observed;age_uncertainty_unavailable:GT4_has_no_point_age_distribution_in_source,c69eca96499bece4b2f65d4e40240f52e0bfb4027383b3f2db68a1b3e36c75f6
Vostok,Petit-et-al-2001,54.881000,,temperature_anomaly,-6.36,degC,observed;age_uncertainty_unavailable:GT4_has_no_point_age_distribution_in_source,c69eca96499bece4b2f65d4e40240f52e0bfb4027383b3f2db68a1b3e36c75f6
Vostok,Petit-et-al-2001,54.967000,,temperature_anomaly,-6.71,degC,observed;age_uncertainty_unavailable:GT4_has_no_point_age_distribution_in_source,c69eca96499bece4b2f65d4e40240f52e0bfb4027383b3f2db68a1b3e36c75f6
Vostok,Petit-et-al-2001,55.052000,,temperature_anomaly,-6.31,degC,observed;age_uncertainty_unavailable:GT4_has_no_point_age_distribution_in_source,c69eca96499bece4b2f65d4e40240f52e0bfb4027383b3f2db68a1b3e36c75f6
Vostok,Petit-et-al-2001,55.136000,,temperature_anomaly,-6.16,degC,observed;age_uncertainty_unavailable:GT4_has_no_point_age_distribution_in_source,c69eca96499bece4b2f65d4e40240f52e0bfb4027383b3f2db68a1b3e36c75f6
Vostok,Petit-et-al-2001,55.218000,,temperature_anomaly,-5.58,degC,observed;age_uncertainty_unavailable:GT4_has_no_point_age_distribution_in_source,c69eca96499bece4b2f65d4e40240f52e0bfb4027383b3f2db68a1b3e36c75f6
Vostok,Petit-et-al-2001,55.297000,,temperature_anomaly,-5.34,degC,observed;age_uncertainty_unavailable:GT4_has_no_point_age_distribution_in_source,c69eca96499bece4b2f65d4e40240f52e0bfb4027383b3f2db68a1b3e36c75f6
Vostok,Petit-et-al-2001,55.377000,,temperature_anomaly,-5.65,degC,observed;age_uncertainty_unavailable:GT4_has_no_point_age_distribution_in_source,c69eca96499bece4b2f65d4e40240f52e0bfb4027383b3f2db68a1b3e36c75f6
Vostok,Petit-et-al-2001,55.457000,,temperature_anomaly,-5.42,degC,observed;age_uncertainty_unavailable:GT4_has_no_point_age_distribution_in_source,c69eca96499bece4b2f65d4e40240f52e0bfb4027383b3f2db68a1b3e36c75f6
Vostok,Petit-et-al-2001,55.536000,,temperature_anomaly,-5.21,degC,observed;age_uncertainty_unavailable:GT4_has_no_point_age_distribution_in_source,c69eca96499bece4b2f65d4e40240f52e0bfb4027383b3f2db68a1b3e36c75f6
Vostok,Petit-et-al-2001,55.615000,,temperature_anomaly,-5.43,degC,observed;age_uncertainty_unavailable:GT4_has_no_point_age_distribution_in_source,c69eca96499bece4b2f65d4e40240f52e0bfb4027383b3f2db68a1b3e36c75f6
Vostok,Petit-et-al-2001,55.694000,,temperature_anomaly,-5.54,degC,observed;age_uncertainty_unavailable:GT4_has_no_point_age_distribution_in_source,c69eca96499bece4b2f65d4e40240f52e0bfb4027383b3f2db68a1b3e36c75f6
Vostok,Petit-et-al-2001,55.775000,,temperature_anomaly,-5.81,degC,observed;age_uncertainty_unavailable:GT4_has_no_point_age_distribution_in_source,c69eca96499bece4b2f65d4e40240f52e0bfb4027383b3f2db68a1b3e36c75f6
Vostok,Petit-et-al-2001,55.855000,,temperature_anomaly,-5.23,degC,observed;age_uncertainty_unavailable:GT4_has_no_point_age_distribution_in_source,c69eca96499bece4b2f65d4e40240f52e0bfb4027383b3f2db68a1b3e36c75f6
Vostok,Petit-et-al-2001,55.933000,,temperature_anomaly,-4.8,degC,observed;age_uncertainty_unavailable:GT4_has_no_point_age_distribution_in_source,c69eca96499bece4b2f65d4e40240f52e0bfb4027383b3f2db68a1b3e36c75f6
Vostok,Petit-et-al-2001,56.009000,,temperature_anomaly,-5.09,degC,observed;age_uncertainty_unavailable:GT4_has_no_point_age_distribution_in_source,c69eca96499bece4b2f65d4e40240f52e0bfb4027383b3f2db68a1b3e36c75f6
Vostok,Petit-et-al-2001,56.087000,,temperature_anomaly,-4.95,degC,observed;age_uncertainty_unavailable:GT4_has_no_point_age_distribution_in_source,c69eca96499bece4b2f65d4e40240f52e0bfb4027383b3f2db68a1b3e36c75f6
Vostok,Petit-et-al-2001,56.163000,,temperature_anomaly,-4.71,degC,observed;age_uncertainty_unavailable:GT4_has_no_point_age_distribution_in_source,c69eca96499bece4b2f65d4e40240f52e0bfb4027383b3f2db68a1b3e36c75f6
Vostok,Petit-et-al-2001,56.239000,,temperature_anomaly,-4.92,degC,observed;age_uncertainty_unavailable:GT4_has_no_point_age_distribution_in_source,c69eca96499bece4b2f65d4e40240f52e0bfb4027383b3f2db68a1b3e36c75f6
Vostok,Petit-et-al-2001,56.317000,,temperature_anomaly,-5.11,degC,observed;age_uncertainty_unavailable:GT4_has_no_point_age_distribution_in_source,c69eca96499bece4b2f65d4e40240f52e0bfb4027383b3f2db68a1b3e36c75f6
Vostok,Petit-et-al-2001,56.394000,,temperature_anomaly,-4.76,degC,observed;age_uncertainty_unavailable:GT4_has_no_point_age_distribution_in_source,c69eca96499bece4b2f65d4e40240f52e0bfb4027383b3f2db68a1b3e36c75f6
Vostok,Petit-et-al-2001,56.471000,,temperature_anomaly,-5.09,degC,observed;age_uncertainty_unavailable:GT4_has_no_point_age_distribution_in_source,c69eca96499bece4b2f65d4e40240f52e0bfb4027383b3f2db68a1b3e36c75f6
Vostok,Petit-et-al-2001,56.548000,,temperature_anomaly,-5.1,degC,observed;age_uncertainty_unavailable:GT4_has_no_point_age_distribution_in_source,c69eca96499bece4b2f65d4e40240f52e0bfb4027383b3f2db68a1b3e36c75f6
Vostok,Petit-et-al-2001,56.624000,,temperature_anomaly,-4.35,degC,observed;age_uncertainty_unavailable:GT4_has_no_point_age_distribution_in_source,c69eca96499bece4b2f65d4e40240f52e0bfb4027383b3f2db68a1b3e36c75f6
Vostok,Petit-et-al-2001,56.698000,,temperature_anomaly,-4.42,degC,observed;age_uncertainty_unavailable:GT4_has_no_point_age_distribution_in_source,c69eca96499bece4b2f65d4e40240f52e0bfb4027383b3f2db68a1b3e36c75f6
Vostok,Petit-et-al-2001,56.774000,,temperature_anomaly,-4.88,degC,observed;age_uncertainty_unavailable:GT4_has_no_point_age_distribution_in_source,c69eca96499bece4b2f65d4e40240f52e0bfb4027383b3f2db68a1b3e36c75f6
Vostok,Petit-et-al-2001,56.850000,,temperature_anomaly,-4.47,degC,observed;age_uncertainty_unavailable:GT4_has_no_point_age_distribution_in_source,c69eca96499bece4b2f65d4e40240f52e0bfb4027383b3f2db68a1b3e36c75f6
Vostok,Petit-et-al-2001,56.922000,,temperature_anomaly,-3.71,degC,observed;age_uncertainty_unavailable:GT4_has_no_point_age_distribution_in_source,c69eca96499bece4b2f65d4e40240f52e0bfb4027383b3f2db68a1b3e36c75f6
Vostok,Petit-et-al-2001,56.993000,,temperature_anomaly,-3.68,degC,observed;age_uncertainty_unavailable:GT4_has_no_point_age_distribution_in_source,c69eca96499bece4b2f65d4e40240f52e0bfb4027383b3f2db68a1b3e36c75f6
Vostok,Petit-et-al-2001,57.065000,,temperature_anomaly,-4.18,degC,observed;age_uncertainty_unavailable:GT4_has_no_point_age_distribution_in_source,c69eca96499bece4b2f65d4e40240f52e0bfb4027383b3f2db68a1b3e36c75f6
Vostok,Petit-et-al-2001,57.139000,,temperature_anomaly,-4.54,degC,observed;age_uncertainty_unavailable:GT4_has_no_point_age_distribution_in_source,c69eca96499bece4b2f65d4e40240f52e0bfb4027383b3f2db68a1b3e36c75f6
Vostok,Petit-et-al-2001,57.215000,,temperature_anomaly,-4.73,degC,observed;age_uncertainty_unavailable:GT4_has_no_point_age_distribution_in_source,c69eca96499bece4b2f65d4e40240f52e0bfb4027383b3f2db68a1b3e36c75f6
Vostok,Petit-et-al-2001,57.289000,,temperature_anomaly,-4.01,degC,observed;age_uncertainty_unavailable:GT4_has_no_point_age_distribution_in_source,c69eca96499bece4b2f65d4e40240f52e0bfb4027383b3f2db68a1b3e36c75f6
Vostok,Petit-et-al-2001,57.362000,,temperature_anomaly,-4.05,degC,observed;age_uncertainty_unavailable:GT4_has_no_point_age_distribution_in_source,c69eca96499bece4b2f65d4e40240f52e0bfb4027383b3f2db68a1b3e36c75f6
Vostok,Petit-et-al-2001,57.436000,,temperature_anomaly,-4.85,degC,observed;age_uncertainty_unavailable:GT4_has_no_point_age_distribution_in_source,c69eca96499bece4b2f65d4e40240f52e0bfb4027383b3f2db68a1b3e36c75f6
Vostok,Petit-et-al-2001,57.513000,,temperature_anomaly,-4.85,degC,observed;age_uncertainty_unavailable:GT4_has_no_point_age_distribution_in_source,c69eca96499bece4b2f65d4e40240f52e0bfb4027383b3f2db68a1b3e36c75f6
Vostok,Petit-et-al-2001,57.590000,,temperature_anomaly,-4.86,degC,observed;age_uncertainty_unavailable:GT4_has_no_point_age_distribution_in_source,c69eca96499bece4b2f65d4e40240f52e0bfb4027383b3f2db68a1b3e36c75f6
Vostok,Petit-et-al-2001,57.669000,,temperature_anomaly,-5.78,degC,observed;age_uncertainty_unavailable:GT4_has_no_point_age_distribution_in_source,c69eca96499bece4b2f65d4e40240f52e0bfb4027383b3f2db68a1b3e36c75f6
Vostok,Petit-et-al-2001,57.750000,,temperature_anomaly,-5.51,degC,observed;age_uncertainty_unavailable:GT4_has_no_point_age_distribution_in_source,c69eca96499bece4b2f65d4e40240f52e0bfb4027383b3f2db68a1b3e36c75f6
Vostok,Petit-et-al-2001,57.828000,,temperature_anomaly,-4.65,degC,observed;age_uncertainty_unavailable:GT4_has_no_point_age_distribution_in_source,c69eca96499bece4b2f65d4e40240f52e0bfb4027383b3f2db68a1b3e36c75f6
Vostok,Petit-et-al-2001,57.905000,,temperature_anomaly,-4.98,degC,observed;age_uncertainty_unavailable:GT4_has_no_point_age_distribution_in_source,c69eca96499bece4b2f65d4e40240f52e0bfb4027383b3f2db68a1b3e36c75f6
Vostok,Petit-et-al-2001,57.981000,,temperature_anomaly,-4.65,degC,observed;age_uncertainty_unavailable:GT4_has_no_point_age_distribution_in_source,c69eca96499bece4b2f65d4e40240f52e0bfb4027383b3f2db68a1b3e36c75f6
Vostok,Petit-et-al-2001,58.057000,,temperature_anomaly,-4.62,degC,observed;age_uncertainty_unavailable:GT4_has_no_point_age_distribution_in_source,c69eca96499bece4b2f65d4e40240f52e0bfb4027383b3f2db68a1b3e36c75f6
Vostok,Petit-et-al-2001,58.133000,,temperature_anomaly,-4.9,degC,observed;age_uncertainty_unavailable:GT4_has_no_point_age_distribution_in_source,c69eca96499bece4b2f65d4e40240f52e0bfb4027383b3f2db68a1b3e36c75f6
Vostok,Petit-et-al-2001,58.211000,,temperature_anomaly,-4.96,degC,observed;age_uncertainty_unavailable:GT4_has_no_point_age_distribution_in_source,c69eca96499bece4b2f65d4e40240f52e0bfb4027383b3f2db68a1b3e36c75f6
Vostok,Petit-et-al-2001,58.286000,,temperature_anomaly,-4.27,degC,observed;age_uncertainty_unavailable:GT4_has_no_point_age_distribution_in_source,c69eca96499bece4b2f65d4e40240f52e0bfb4027383b3f2db68a1b3e36c75f6
Vostok,Petit-et-al-2001,58.360000,,temperature_anomaly,-4.22,degC,observed;age_uncertainty_unavailable:GT4_has_no_point_age_distribution_in_source,c69eca96499bece4b2f65d4e40240f52e0bfb4027383b3f2db68a1b3e36c75f6
Vostok,Petit-et-al-2001,58.436000,,temperature_anomaly,-4.93,degC,observed;age_uncertainty_unavailable:GT4_has_no_point_age_distribution_in_source,c69eca96499bece4b2f65d4e40240f52e0bfb4027383b3f2db68a1b3e36c75f6
Vostok,Petit-et-al-2001,58.514000,,temperature_anomaly,-5.21,degC,observed;age_uncertainty_unavailable:GT4_has_no_point_age_distribution_in_source,c69eca96499bece4b2f65d4e40240f52e0bfb4027383b3f2db68a1b3e36c75f6
Vostok,Petit-et-al-2001,58.594000,,temperature_anomaly,-5.66,degC,observed;age_uncertainty_unavailable:GT4_has_no_point_age_distribution_in_source,c69eca96499bece4b2f65d4e40240f52e0bfb4027383b3f2db68a1b3e36c75f6
Vostok,Petit-et-al-2001,58.676000,,temperature_anomaly,-5.86,degC,observed;age_uncertainty_unavailable:GT4_has_no_point_age_distribution_in_source,c69eca96499bece4b2f65d4e40240f52e0bfb4027383b3f2db68a1b3e36c75f6
Vostok,Petit-et-al-2001,58.759000,,temperature_anomaly,-6.06,degC,observed;age_uncertainty_unavailable:GT4_has_no_point_age_distribution_in_source,c69eca96499bece4b2f65d4e40240f52e0bfb4027383b3f2db68a1b3e36c75f6
Vostok,Petit-et-al-2001,58.842000,,temperature_anomaly,-5.93,degC,observed;age_uncertainty_unavailable:GT4_has_no_point_age_distribution_in_source,c69eca96499bece4b2f65d4e40240f52e0bfb4027383b3f2db68a1b3e36c75f6
Vostok,Petit-et-al-2001,58.925000,,temperature_anomaly,-5.85,degC,observed;age_uncertainty_unavailable:GT4_has_no_point_age_distribution_in_source,c69eca96499bece4b2f65d4e40240f52e0bfb4027383b3f2db68a1b3e36c75f6
Vostok,Petit-et-al-2001,59.008000,,temperature_anomaly,-6.04,degC,observed;age_uncertainty_unavailable:GT4_has_no_point_age_distribution_in_source,c69eca96499bece4b2f65d4e40240f52e0bfb4027383b3f2db68a1b3e36c75f6
Vostok,Petit-et-al-2001,59.093000,,temperature_anomaly,-6.41,degC,observed;age_uncertainty_unavailable:GT4_has_no_point_age_distribution_in_source,c69eca96499bece4b2f65d4e40240f52e0bfb4027383b3f2db68a1b3e36c75f6
Vostok,Petit-et-al-2001,59.178000,,temperature_anomaly,-6.31,degC,observed;age_uncertainty_unavailable:GT4_has_no_point_age_distribution_in_source,c69eca96499bece4b2f65d4e40240f52e0bfb4027383b3f2db68a1b3e36c75f6
Vostok,Petit-et-al-2001,59.262000,,temperature_anomaly,-5.86,degC,observed;age_uncertainty_unavailable:GT4_has_no_point_age_distribution_in_source,c69eca96499bece4b2f65d4e40240f52e0bfb4027383b3f2db68a1b3e36c75f6
Vostok,Petit-et-al-2001,59.345000,,temperature_anomaly,-5.85,degC,observed;age_uncertainty_unavailable:GT4_has_no_point_age_distribution_in_source,c69eca96499bece4b2f65d4e40240f52e0bfb4027383b3f2db68a1b3e36c75f6
Vostok,Petit-et-al-2001,59.428000,,temperature_anomaly,-6.03,degC,observed;age_uncertainty_unavailable:GT4_has_no_point_age_distribution_in_source,c69eca96499bece4b2f65d4e40240f52e0bfb4027383b3f2db68a1b3e36c75f6
Vostok,Petit-et-al-2001,59.511000,,temperature_anomaly,-5.86,degC,observed;age_uncertainty_unavailable:GT4_has_no_point_age_distribution_in_source,c69eca96499bece4b2f65d4e40240f52e0bfb4027383b3f2db68a1b3e36c75f6
Vostok,Petit-et-al-2001,59.593000,,temperature_anomaly,-5.53,degC,observed;age_uncertainty_unavailable:GT4_has_no_point_age_distribution_in_source,c69eca96499bece4b2f65d4e40240f52e0bfb4027383b3f2db68a1b3e36c75f6
Vostok,Petit-et-al-2001,59.674000,,temperature_anomaly,-5.53,degC,observed;age_uncertainty_unavailable:GT4_has_no_point_age_distribution_in_source,c69eca96499bece4b2f65d4e40240f52e0bfb4027383b3f2db68a1b3e36c75f6
Vostok,Petit-et-al-2001,59.755000,,temperature_anomaly,-5.53,degC,observed;age_uncertainty_unavailable:GT4_has_no_point_age_distribution_in_source,c69eca96499bece4b2f65d4e40240f52e0bfb4027383b3f2db68a1b3e36c75f6
Vostok,Petit-et-al-2001,59.836000,,temperature_anomaly,-5.81,degC,observed;age_uncertainty_unavailable:GT4_has_no_point_age_distribution_in_source,c69eca96499bece4b2f65d4e40240f52e0bfb4027383b3f2db68a1b3e36c75f6
Vostok,Petit-et-al-2001,59.921000,,temperature_anomaly,-6.49,degC,observed;age_uncertainty_unavailable:GT4_has_no_point_age_distribution_in_source,c69eca96499bece4b2f65d4e40240f52e0bfb4027383b3f2db68a1b3e36c75f6
Vostok,Petit-et-al-2001,60.007000,,temperature_anomaly,-6.53,degC,observed;age_uncertainty_unavailable:GT4_has_no_point_age_distribution_in_source,c69eca96499bece4b2f65d4e40240f52e0bfb4027383b3f2db68a1b3e36c75f6
Vostok,Petit-et-al-2001,60.093000,,temperature_anomaly,-6.15,degC,observed;age_uncertainty_unavailable:GT4_has_no_point_age_distribution_in_source,c69eca96499bece4b2f65d4e40240f52e0bfb4027383b3f2db68a1b3e36c75f6
Vostok,Petit-et-al-2001,60.177000,,temperature_anomaly,-6.11,degC,observed;age_uncertainty_unavailable:GT4_has_no_point_age_distribution_in_source,c69eca96499bece4b2f65d4e40240f52e0bfb4027383b3f2db68a1b3e36c75f6
Vostok,Petit-et-al-2001,60.262000,,temperature_anomaly,-6.2,degC,observed;age_uncertainty_unavailable:GT4_has_no_point_age_distribution_in_source,c69eca96499bece4b2f65d4e40240f52e0bfb4027383b3f2db68a1b3e36c75f6
Vostok,Petit-et-al-2001,60.348000,,temperature_anomaly,-6.45,degC,observed;age_uncertainty_unavailable:GT4_has_no_point_age_distribution_in_source,c69eca96499bece4b2f65d4e40240f52e0bfb4027383b3f2db68a1b3e36c75f6
Vostok,Petit-et-al-2001,60.433000,,temperature_anomaly,-6.3,degC,observed;age_uncertainty_unavailable:GT4_has_no_point_age_distribution_in_source,c69eca96499bece4b2f65d4e40240f52e0bfb4027383b3f2db68a1b3e36c75f6
Vostok,Petit-et-al-2001,60.519000,,temperature_anomaly,-6.28,degC,observed;age_uncertainty_unavailable:GT4_has_no_point_age_distribution_in_source,c69eca96499bece4b2f65d4e40240f52e0bfb4027383b3f2db68a1b3e36c75f6
Vostok,Petit-et-al-2001,60.605000,,temperature_anomaly,-6.53,degC,observed;age_uncertainty_unavailable:GT4_has_no_point_age_distribution_in_source,c69eca96499bece4b2f65d4e40240f52e0bfb4027383b3f2db68a1b3e36c75f6
Vostok,Petit-et-al-2001,60.692000,,temperature_anomaly,-6.58,degC,observed;age_uncertainty_unavailable:GT4_has_no_point_age_distribution_in_source,c69eca96499bece4b2f65d4e40240f52e0bfb4027383b3f2db68a1b3e36c75f6
Vostok,Petit-et-al-2001,60.779000,,temperature_anomaly,-6.61,degC,observed;age_uncertainty_unavailable:GT4_has_no_point_age_distribution_in_source,c69eca96499bece4b2f65d4e40240f52e0bfb4027383b3f2db68a1b3e36c75f6
Vostok,Petit-et-al-2001,60.869000,,temperature_anomaly,-7.31,degC,observed;age_uncertainty_unavailable:GT4_has_no_point_age_distribution_in_source,c69eca96499bece4b2f65d4e40240f52e0bfb4027383b3f2db68a1b3e36c75f6
Vostok,Petit-et-al-2001,60.961000,,temperature_anomaly,-7.48,degC,observed;age_uncertainty_unavailable:GT4_has_no_point_age_distribution_in_source,c69eca96499bece4b2f65d4e40240f52e0bfb4027383b3f2db68a1b3e36c75f6
Vostok,Petit-et-al-2001,61.052000,,temperature_anomaly,-6.98,degC,observed;age_uncertainty_unavailable:GT4_has_no_point_age_distribution_in_source,c69eca96499bece4b2f65d4e40240f52e0bfb4027383b3f2db68a1b3e36c75f6
Vostok,Petit-et-al-2001,61.141000,,temperature_anomaly,-6.81,degC,observed;age_uncertainty_unavailable:GT4_has_no_point_age_distribution_in_source,c69eca96499bece4b2f65d4e40240f52e0bfb4027383b3f2db68a1b3e36c75f6
Vostok,Petit-et-al-2001,61.229000,,temperature_anomaly,-6.53,degC,observed;age_uncertainty_unavailable:GT4_has_no_point_age_distribution_in_source,c69eca96499bece4b2f65d4e40240f52e0bfb4027383b3f2db68a1b3e36c75f6
Vostok,Petit-et-al-2001,61.317000,,temperature_anomaly,-6.88,degC,observed;age_uncertainty_unavailable:GT4_has_no_point_age_distribution_in_source,c69eca96499bece4b2f65d4e40240f52e0bfb4027383b3f2db68a1b3e36c75f6
Vostok,Petit-et-al-2001,61.406000,,temperature_anomaly,-6.86,degC,observed;age_uncertainty_unavailable:GT4_has_no_point_age_distribution_in_source,c69eca96499bece4b2f65d4e40240f52e0bfb4027383b3f2db68a1b3e36c75f6
Vostok,Petit-et-al-2001,61.496000,,temperature_anomaly,-7,degC,observed;age_uncertainty_unavailable:GT4_has_no_point_age_distribution_in_source,c69eca96499bece4b2f65d4e40240f52e0bfb4027383b3f2db68a1b3e36c75f6
Vostok,Petit-et-al-2001,61.586000,,temperature_anomaly,-7.26,degC,observed;age_uncertainty_unavailable:GT4_has_no_point_age_distribution_in_source,c69eca96499bece4b2f65d4e40240f52e0bfb4027383b3f2db68a1b3e36c75f6
Vostok,Petit-et-al-2001,61.677000,,temperature_anomaly,-6.86,degC,observed;age_uncertainty_unavailable:GT4_has_no_point_age_distribution_in_source,c69eca96499bece4b2f65d4e40240f52e0bfb4027383b3f2db68a1b3e36c75f6
Vostok,Petit-et-al-2001,61.765000,,temperature_anomaly,-6.5,degC,observed;age_uncertainty_unavailable:GT4_has_no_point_age_distribution_in_source,c69eca96499bece4b2f65d4e40240f52e0bfb4027383b3f2db68a1b3e36c75f6
Vostok,Petit-et-al-2001,61.852000,,temperature_anomaly,-6.6,degC,observed;age_uncertainty_unavailable:GT4_has_no_point_age_distribution_in_source,c69eca96499bece4b2f65d4e40240f52e0bfb4027383b3f2db68a1b3e36c75f6
Vostok,Petit-et-al-2001,61.941000,,temperature_anomaly,-7,degC,observed;age_uncertainty_unavailable:GT4_has_no_point_age_distribution_in_source,c69eca96499bece4b2f65d4e40240f52e0bfb4027383b3f2db68a1b3e36c75f6
Vostok,Petit-et-al-2001,62.031000,,temperature_anomaly,-7.1,degC,observed;age_uncertainty_unavailable:GT4_has_no_point_age_distribution_in_source,c69eca96499bece4b2f65d4e40240f52e0bfb4027383b3f2db68a1b3e36c75f6
Vostok,Petit-et-al-2001,62.121000,,temperature_anomaly,-7.05,degC,observed;age_uncertainty_unavailable:GT4_has_no_point_age_distribution_in_source,c69eca96499bece4b2f65d4e40240f52e0bfb4027383b3f2db68a1b3e36c75f6
Vostok,Petit-et-al-2001,62.213000,,temperature_anomaly,-7.44,degC,observed;age_uncertainty_unavailable:GT4_has_no_point_age_distribution_in_source,c69eca96499bece4b2f65d4e40240f52e0bfb4027383b3f2db68a1b3e36c75f6
Vostok,Petit-et-al-2001,62.307000,,temperature_anomaly,-7.72,degC,observed;age_uncertainty_unavailable:GT4_has_no_point_age_distribution_in_source,c69eca96499bece4b2f65d4e40240f52e0bfb4027383b3f2db68a1b3e36c75f6
Vostok,Petit-et-al-2001,62.401000,,temperature_anomaly,-7.64,degC,observed;age_uncertainty_unavailable:GT4_has_no_point_age_distribution_in_source,c69eca96499bece4b2f65d4e40240f52e0bfb4027383b3f2db68a1b3e36c75f6
Vostok,Petit-et-al-2001,62.497000,,temperature_anomaly,-8.09,degC,observed;age_uncertainty_unavailable:GT4_has_no_point_age_distribution_in_source,c69eca96499bece4b2f65d4e40240f52e0bfb4027383b3f2db68a1b3e36c75f6
Vostok,Petit-et-al-2001,62.594000,,temperature_anomaly,-8.02,degC,observed;age_uncertainty_unavailable:GT4_has_no_point_age_distribution_in_source,c69eca96499bece4b2f65d4e40240f52e0bfb4027383b3f2db68a1b3e36c75f6
Vostok,Petit-et-al-2001,62.689000,,temperature_anomaly,-7.67,degC,observed;age_uncertainty_unavailable:GT4_has_no_point_age_distribution_in_source,c69eca96499bece4b2f65d4e40240f52e0bfb4027383b3f2db68a1b3e36c75f6
Vostok,Petit-et-al-2001,62.783000,,temperature_anomaly,-7.54,degC,observed;age_uncertainty_unavailable:GT4_has_no_point_age_distribution_in_source,c69eca96499bece4b2f65d4e40240f52e0bfb4027383b3f2db68a1b3e36c75f6
Vostok,Petit-et-al-2001,62.877000,,temperature_anomaly,-7.51,degC,observed;age_uncertainty_unavailable:GT4_has_no_point_age_distribution_in_source,c69eca96499bece4b2f65d4e40240f52e0bfb4027383b3f2db68a1b3e36c75f6
Vostok,Petit-et-al-2001,62.970000,,temperature_anomaly,-7.51,degC,observed;age_uncertainty_unavailable:GT4_has_no_point_age_distribution_in_source,c69eca96499bece4b2f65d4e40240f52e0bfb4027383b3f2db68a1b3e36c75f6
Vostok,Petit-et-al-2001,63.064000,,temperature_anomaly,-7.51,degC,observed;age_uncertainty_unavailable:GT4_has_no_point_age_distribution_in_source,c69eca96499bece4b2f65d4e40240f52e0bfb4027383b3f2db68a1b3e36c75f6
Vostok,Petit-et-al-2001,63.157000,,temperature_anomaly,-7.51,degC,observed;age_uncertainty_unavailable:GT4_has_no_point_age_distribution_in_source,c69eca96499bece4b2f65d4e40240f52e0bfb4027383b3f2db68a1b3e36c75f6
Vostok,Petit-et-al-2001,63.249000,,temperature_anomaly,-7.11,degC,observed;age_uncertainty_unavailable:GT4_has_no_point_age_distribution_in_source,c69eca96499bece4b2f65d4e40240f52e0bfb4027383b3f2db68a1b3e36c75f6
Vostok,Petit-et-al-2001,63.338000,,temperature_anomaly,-6.43,degC,observed;age_uncertainty_unavailable:GT4_has_no_point_age_distribution_in_source,c69eca96499bece4b2f65d4e40240f52e0bfb4027383b3f2db68a1b3e36c75f6
Vostok,Petit-et-al-2001,63.424000,,temperature_anomaly,-6.26,degC,observed;age_uncertainty_unavailable:GT4_has_no_point_age_distribution_in_source,c69eca96499bece4b2f65d4e40240f52e0bfb4027383b3f2db68a1b3e36c75f6
Vostok,Petit-et-al-2001,63.512000,,temperature_anomaly,-6.84,degC,observed;age_uncertainty_unavailable:GT4_has_no_point_age_distribution_in_source,c69eca96499bece4b2f65d4e40240f52e0bfb4027383b3f2db68a1b3e36c75f6
Vostok,Petit-et-al-2001,63.600000,,temperature_anomaly,-6.66,degC,observed;age_uncertainty_unavailable:GT4_has_no_point_age_distribution_in_source,c69eca96499bece4b2f65d4e40240f52e0bfb4027383b3f2db68a1b3e36c75f6
Vostok,Petit-et-al-2001,63.688000,,temperature_anomaly,-6.41,degC,observed;age_uncertainty_unavailable:GT4_has_no_point_age_distribution_in_source,c69eca96499bece4b2f65d4e40240f52e0bfb4027383b3f2db68a1b3e36c75f6
Vostok,Petit-et-al-2001,63.776000,,temperature_anomaly,-6.83,degC,observed;age_uncertainty_unavailable:GT4_has_no_point_age_distribution_in_source,c69eca96499bece4b2f65d4e40240f52e0bfb4027383b3f2db68a1b3e36c75f6
Vostok,Petit-et-al-2001,63.865000,,temperature_anomaly,-6.82,degC,observed;age_uncertainty_unavailable:GT4_has_no_point_age_distribution_in_source,c69eca96499bece4b2f65d4e40240f52e0bfb4027383b3f2db68a1b3e36c75f6
Vostok,Petit-et-al-2001,63.954000,,temperature_anomaly,-6.79,degC,observed;age_uncertainty_unavailable:GT4_has_no_point_age_distribution_in_source,c69eca96499bece4b2f65d4e40240f52e0bfb4027383b3f2db68a1b3e36c75f6
Vostok,Petit-et-al-2001,64.043000,,temperature_anomaly,-6.94,degC,observed;age_uncertainty_unavailable:GT4_has_no_point_age_distribution_in_source,c69eca96499bece4b2f65d4e40240f52e0bfb4027383b3f2db68a1b3e36c75f6
Vostok,Petit-et-al-2001,64.134000,,temperature_anomaly,-7.27,degC,observed;age_uncertainty_unavailable:GT4_has_no_point_age_distribution_in_source,c69eca96499bece4b2f65d4e40240f52e0bfb4027383b3f2db68a1b3e36c75f6
Vostok,Petit-et-al-2001,64.228000,,temperature_anomaly,-7.7,degC,observed;age_uncertainty_unavailable:GT4_has_no_point_age_distribution_in_source,c69eca96499bece4b2f65d4e40240f52e0bfb4027383b3f2db68a1b3e36c75f6
Vostok,Petit-et-al-2001,64.322000,,temperature_anomaly,-7.55,degC,observed;age_uncertainty_unavailable:GT4_has_no_point_age_distribution_in_source,c69eca96499bece4b2f65d4e40240f52e0bfb4027383b3f2db68a1b3e36c75f6
Vostok,Petit-et-al-2001,64.416000,,temperature_anomaly,-7.4,degC,observed;age_uncertainty_unavailable:GT4_has_no_point_age_distribution_in_source,c69eca96499bece4b2f65d4e40240f52e0bfb4027383b3f2db68a1b3e36c75f6
Vostok,Petit-et-al-2001,64.510000,,temperature_anomaly,-7.91,degC,observed;age_uncertainty_unavailable:GT4_has_no_point_age_distribution_in_source,c69eca96499bece4b2f65d4e40240f52e0bfb4027383b3f2db68a1b3e36c75f6
Vostok,Petit-et-al-2001,64.605000,,temperature_anomaly,-7.43,degC,observed;age_uncertainty_unavailable:GT4_has_no_point_age_distribution_in_source,c69eca96499bece4b2f65d4e40240f52e0bfb4027383b3f2db68a1b3e36c75f6
Vostok,Petit-et-al-2001,64.698000,,temperature_anomaly,-7.49,degC,observed;age_uncertainty_unavailable:GT4_has_no_point_age_distribution_in_source,c69eca96499bece4b2f65d4e40240f52e0bfb4027383b3f2db68a1b3e36c75f6
Vostok,Petit-et-al-2001,64.793000,,temperature_anomaly,-7.97,degC,observed;age_uncertainty_unavailable:GT4_has_no_point_age_distribution_in_source,c69eca96499bece4b2f65d4e40240f52e0bfb4027383b3f2db68a1b3e36c75f6
Vostok,Petit-et-al-2001,64.890000,,temperature_anomaly,-7.92,degC,observed;age_uncertainty_unavailable:GT4_has_no_point_age_distribution_in_source,c69eca96499bece4b2f65d4e40240f52e0bfb4027383b3f2db68a1b3e36c75f6
Vostok,Petit-et-al-2001,64.987000,,temperature_anomaly,-8.17,degC,observed;age_uncertainty_unavailable:GT4_has_no_point_age_distribution_in_source,c69eca96499bece4b2f65d4e40240f52e0bfb4027383b3f2db68a1b3e36c75f6
Vostok,Petit-et-al-2001,65.085000,,temperature_anomaly,-7.98,degC,observed;age_uncertainty_unavailable:GT4_has_no_point_age_distribution_in_source,c69eca96499bece4b2f65d4e40240f52e0bfb4027383b3f2db68a1b3e36c75f6
Vostok,Petit-et-al-2001,65.182000,,temperature_anomaly,-7.95,degC,observed;age_uncertainty_unavailable:GT4_has_no_point_age_distribution_in_source,c69eca96499bece4b2f65d4e40240f52e0bfb4027383b3f2db68a1b3e36c75f6
Vostok,Petit-et-al-2001,65.278000,,temperature_anomaly,-7.76,degC,observed;age_uncertainty_unavailable:GT4_has_no_point_age_distribution_in_source,c69eca96499bece4b2f65d4e40240f52e0bfb4027383b3f2db68a1b3e36c75f6
Vostok,Petit-et-al-2001,65.371000,,temperature_anomaly,-7.25,degC,observed;age_uncertainty_unavailable:GT4_has_no_point_age_distribution_in_source,c69eca96499bece4b2f65d4e40240f52e0bfb4027383b3f2db68a1b3e36c75f6
Vostok,Petit-et-al-2001,65.464000,,temperature_anomaly,-7.49,degC,observed;age_uncertainty_unavailable:GT4_has_no_point_age_distribution_in_source,c69eca96499bece4b2f65d4e40240f52e0bfb4027383b3f2db68a1b3e36c75f6
Vostok,Petit-et-al-2001,65.559000,,temperature_anomaly,-7.71,degC,observed;age_uncertainty_unavailable:GT4_has_no_point_age_distribution_in_source,c69eca96499bece4b2f65d4e40240f52e0bfb4027383b3f2db68a1b3e36c75f6
Vostok,Petit-et-al-2001,65.655000,,temperature_anomaly,-8.15,degC,observed;age_uncertainty_unavailable:GT4_has_no_point_age_distribution_in_source,c69eca96499bece4b2f65d4e40240f52e0bfb4027383b3f2db68a1b3e36c75f6
Vostok,Petit-et-al-2001,65.756000,,temperature_anomaly,-8.85,degC,observed;age_uncertainty_unavailable:GT4_has_no_point_age_distribution_in_source,c69eca96499bece4b2f65d4e40240f52e0bfb4027383b3f2db68a1b3e36c75f6
Vostok,Petit-et-al-2001,65.855000,,temperature_anomaly,-7.75,degC,observed;age_uncertainty_unavailable:GT4_has_no_point_age_distribution_in_source,c69eca96499bece4b2f65d4e40240f52e0bfb4027383b3f2db68a1b3e36c75f6
Vostok,Petit-et-al-2001,65.949000,,temperature_anomaly,-7.4,degC,observed;age_uncertainty_unavailable:GT4_has_no_point_age_distribution_in_source,c69eca96499bece4b2f65d4e40240f52e0bfb4027383b3f2db68a1b3e36c75f6
Vostok,Petit-et-al-2001,66.045000,,temperature_anomaly,-8.21,degC,observed;age_uncertainty_unavailable:GT4_has_no_point_age_distribution_in_source,c69eca96499bece4b2f65d4e40240f52e0bfb4027383b3f2db68a1b3e36c75f6
Vostok,Petit-et-al-2001,66.144000,,temperature_anomaly,-8.31,degC,observed;age_uncertainty_unavailable:GT4_has_no_point_age_distribution_in_source,c69eca96499bece4b2f65d4e40240f52e0bfb4027383b3f2db68a1b3e36c75f6
Vostok,Petit-et-al-2001,66.243000,,temperature_anomaly,-8.06,degC,observed;age_uncertainty_unavailable:GT4_has_no_point_age_distribution_in_source,c69eca96499bece4b2f65d4e40240f52e0bfb4027383b3f2db68a1b3e36c75f6
Vostok,Petit-et-al-2001,66.338000,,temperature_anomaly,-7.33,degC,observed;age_uncertainty_unavailable:GT4_has_no_point_age_distribution_in_source,c69eca96499bece4b2f65d4e40240f52e0bfb4027383b3f2db68a1b3e36c75f6
Vostok,Petit-et-al-2001,66.429000,,temperature_anomaly,-6.88,degC,observed;age_uncertainty_unavailable:GT4_has_no_point_age_distribution_in_source,c69eca96499bece4b2f65d4e40240f52e0bfb4027383b3f2db68a1b3e36c75f6
Vostok,Petit-et-al-2001,66.520000,,temperature_anomaly,-7.07,degC,observed;age_uncertainty_unavailable:GT4_has_no_point_age_distribution_in_source,c69eca96499bece4b2f65d4e40240f52e0bfb4027383b3f2db68a1b3e36c75f6
Vostok,Petit-et-al-2001,66.613000,,temperature_anomaly,-7.73,degC,observed;age_uncertainty_unavailable:GT4_has_no_point_age_distribution_in_source,c69eca96499bece4b2f65d4e40240f52e0bfb4027383b3f2db68a1b3e36c75f6
Vostok,Petit-et-al-2001,66.708000,,temperature_anomaly,-7.76,degC,observed;age_uncertainty_unavailable:GT4_has_no_point_age_distribution_in_source,c69eca96499bece4b2f65d4e40240f52e0bfb4027383b3f2db68a1b3e36c75f6
Vostok,Petit-et-al-2001,66.803000,,temperature_anomaly,-7.54,degC,observed;age_uncertainty_unavailable:GT4_has_no_point_age_distribution_in_source,c69eca96499bece4b2f65d4e40240f52e0bfb4027383b3f2db68a1b3e36c75f6
Vostok,Petit-et-al-2001,66.898000,,temperature_anomaly,-7.73,degC,observed;age_uncertainty_unavailable:GT4_has_no_point_age_distribution_in_source,c69eca96499bece4b2f65d4e40240f52e0bfb4027383b3f2db68a1b3e36c75f6
Vostok,Petit-et-al-2001,66.992000,,temperature_anomaly,-7.44,degC,observed;age_uncertainty_unavailable:GT4_has_no_point_age_distribution_in_source,c69eca96499bece4b2f65d4e40240f52e0bfb4027383b3f2db68a1b3e36c75f6
Vostok,Petit-et-al-2001,67.085000,,temperature_anomaly,-7.22,degC,observed;age_uncertainty_unavailable:GT4_has_no_point_age_distribution_in_source,c69eca96499bece4b2f65d4e40240f52e0bfb4027383b3f2db68a1b3e36c75f6
Vostok,Petit-et-al-2001,67.178000,,temperature_anomaly,-7.47,degC,observed;age_uncertainty_unavailable:GT4_has_no_point_age_distribution_in_source,c69eca96499bece4b2f65d4e40240f52e0bfb4027383b3f2db68a1b3e36c75f6
Vostok,Petit-et-al-2001,67.272000,,temperature_anomaly,-7.63,degC,observed;age_uncertainty_unavailable:GT4_has_no_point_age_distribution_in_source,c69eca96499bece4b2f65d4e40240f52e0bfb4027383b3f2db68a1b3e36c75f6
Vostok,Petit-et-al-2001,67.367000,,temperature_anomaly,-7.52,degC,observed;age_uncertainty_unavailable:GT4_has_no_point_age_distribution_in_source,c69eca96499bece4b2f65d4e40240f52e0bfb4027383b3f2db68a1b3e36c75f6
Vostok,Petit-et-al-2001,67.462000,,temperature_anomaly,-7.8,degC,observed;age_uncertainty_unavailable:GT4_has_no_point_age_distribution_in_source,c69eca96499bece4b2f65d4e40240f52e0bfb4027383b3f2db68a1b3e36c75f6
Vostok,Petit-et-al-2001,67.557000,,temperature_anomaly,-7.71,degC,observed;age_uncertainty_unavailable:GT4_has_no_point_age_distribution_in_source,c69eca96499bece4b2f65d4e40240f52e0bfb4027383b3f2db68a1b3e36c75f6
Vostok,Petit-et-al-2001,67.653000,,temperature_anomaly,-7.86,degC,observed;age_uncertainty_unavailable:GT4_has_no_point_age_distribution_in_source,c69eca96499bece4b2f65d4e40240f52e0bfb4027383b3f2db68a1b3e36c75f6
Vostok,Petit-et-al-2001,67.750000,,temperature_anomaly,-8.15,degC,observed;age_uncertainty_unavailable:GT4_has_no_point_age_distribution_in_source,c69eca96499bece4b2f65d4e40240f52e0bfb4027383b3f2db68a1b3e36c75f6
Vostok,Petit-et-al-2001,67.848000,,temperature_anomaly,-8.04,degC,observed;age_uncertainty_unavailable:GT4_has_no_point_age_distribution_in_source,c69eca96499bece4b2f65d4e40240f52e0bfb4027383b3f2db68a1b3e36c75f6
Vostok,Petit-et-al-2001,67.945000,,temperature_anomaly,-7.89,degC,observed;age_uncertainty_unavailable:GT4_has_no_point_age_distribution_in_source,c69eca96499bece4b2f65d4e40240f52e0bfb4027383b3f2db68a1b3e36c75f6
Vostok,Petit-et-al-2001,68.041000,,temperature_anomaly,-7.55,degC,observed;age_uncertainty_unavailable:GT4_has_no_point_age_distribution_in_source,c69eca96499bece4b2f65d4e40240f52e0bfb4027383b3f2db68a1b3e36c75f6
Vostok,Petit-et-al-2001,68.136000,,temperature_anomaly,-7.8,degC,observed;age_uncertainty_unavailable:GT4_has_no_point_age_distribution_in_source,c69eca96499bece4b2f65d4e40240f52e0bfb4027383b3f2db68a1b3e36c75f6
Vostok,Petit-et-al-2001,68.233000,,temperature_anomaly,-8.27,degC,observed;age_uncertainty_unavailable:GT4_has_no_point_age_distribution_in_source,c69eca96499bece4b2f65d4e40240f52e0bfb4027383b3f2db68a1b3e36c75f6
Vostok,Petit-et-al-2001,68.330000,,temperature_anomaly,-7.65,degC,observed;age_uncertainty_unavailable:GT4_has_no_point_age_distribution_in_source,c69eca96499bece4b2f65d4e40240f52e0bfb4027383b3f2db68a1b3e36c75f6
Vostok,Petit-et-al-2001,68.424000,,temperature_anomaly,-7.45,degC,observed;age_uncertainty_unavailable:GT4_has_no_point_age_distribution_in_source,c69eca96499bece4b2f65d4e40240f52e0bfb4027383b3f2db68a1b3e36c75f6
Vostok,Petit-et-al-2001,68.520000,,temperature_anomaly,-8.01,degC,observed;age_uncertainty_unavailable:GT4_has_no_point_age_distribution_in_source,c69eca96499bece4b2f65d4e40240f52e0bfb4027383b3f2db68a1b3e36c75f6
Vostok,Petit-et-al-2001,68.617000,,temperature_anomaly,-7.94,degC,observed;age_uncertainty_unavailable:GT4_has_no_point_age_distribution_in_source,c69eca96499bece4b2f65d4e40240f52e0bfb4027383b3f2db68a1b3e36c75f6
Vostok,Petit-et-al-2001,68.715000,,temperature_anomaly,-8.2,degC,observed;age_uncertainty_unavailable:GT4_has_no_point_age_distribution_in_source,c69eca96499bece4b2f65d4e40240f52e0bfb4027383b3f2db68a1b3e36c75f6
Vostok,Petit-et-al-2001,68.811000,,temperature_anomaly,-7.59,degC,observed;age_uncertainty_unavailable:GT4_has_no_point_age_distribution_in_source,c69eca96499bece4b2f65d4e40240f52e0bfb4027383b3f2db68a1b3e36c75f6
Vostok,Petit-et-al-2001,68.902000,,temperature_anomaly,-6.36,degC,observed;age_uncertainty_unavailable:GT4_has_no_point_age_distribution_in_source,c69eca96499bece4b2f65d4e40240f52e0bfb4027383b3f2db68a1b3e36c75f6
Vostok,Petit-et-al-2001,68.987000,,temperature_anomaly,-5.81,degC,observed;age_uncertainty_unavailable:GT4_has_no_point_age_distribution_in_source,c69eca96499bece4b2f65d4e40240f52e0bfb4027383b3f2db68a1b3e36c75f6
Vostok,Petit-et-al-2001,69.071000,,temperature_anomaly,-6.12,degC,observed;age_uncertainty_unavailable:GT4_has_no_point_age_distribution_in_source,c69eca96499bece4b2f65d4e40240f52e0bfb4027383b3f2db68a1b3e36c75f6
Vostok,Petit-et-al-2001,69.155000,,temperature_anomaly,-5.62,degC,observed;age_uncertainty_unavailable:GT4_has_no_point_age_distribution_in_source,c69eca96499bece4b2f65d4e40240f52e0bfb4027383b3f2db68a1b3e36c75f6
Vostok,Petit-et-al-2001,69.238000,,temperature_anomaly,-5.75,degC,observed;age_uncertainty_unavailable:GT4_has_no_point_age_distribution_in_source,c69eca96499bece4b2f65d4e40240f52e0bfb4027383b3f2db68a1b3e36c75f6
Vostok,Petit-et-al-2001,69.324000,,temperature_anomaly,-6.69,degC,observed;age_uncertainty_unavailable:GT4_has_no_point_age_distribution_in_source,c69eca96499bece4b2f65d4e40240f52e0bfb4027383b3f2db68a1b3e36c75f6
Vostok,Petit-et-al-2001,69.413000,,temperature_anomaly,-6.92,degC,observed;age_uncertainty_unavailable:GT4_has_no_point_age_distribution_in_source,c69eca96499bece4b2f65d4e40240f52e0bfb4027383b3f2db68a1b3e36c75f6
Vostok,Petit-et-al-2001,69.506000,,temperature_anomaly,-7.54,degC,observed;age_uncertainty_unavailable:GT4_has_no_point_age_distribution_in_source,c69eca96499bece4b2f65d4e40240f52e0bfb4027383b3f2db68a1b3e36c75f6
Vostok,Petit-et-al-2001,69.599000,,temperature_anomaly,-7.33,degC,observed;age_uncertainty_unavailable:GT4_has_no_point_age_distribution_in_source,c69eca96499bece4b2f65d4e40240f52e0bfb4027383b3f2db68a1b3e36c75f6
Vostok,Petit-et-al-2001,69.691000,,temperature_anomaly,-6.97,degC,observed;age_uncertainty_unavailable:GT4_has_no_point_age_distribution_in_source,c69eca96499bece4b2f65d4e40240f52e0bfb4027383b3f2db68a1b3e36c75f6
Vostok,Petit-et-al-2001,69.780000,,temperature_anomaly,-6.55,degC,observed;age_uncertainty_unavailable:GT4_has_no_point_age_distribution_in_source,c69eca96499bece4b2f65d4e40240f52e0bfb4027383b3f2db68a1b3e36c75f6
Vostok,Petit-et-al-2001,69.869000,,temperature_anomaly,-6.75,degC,observed;age_uncertainty_unavailable:GT4_has_no_point_age_distribution_in_source,c69eca96499bece4b2f65d4e40240f52e0bfb4027383b3f2db68a1b3e36c75f6
Vostok,Petit-et-al-2001,69.959000,,temperature_anomaly,-7.31,degC,observed;age_uncertainty_unavailable:GT4_has_no_point_age_distribution_in_source,c69eca96499bece4b2f65d4e40240f52e0bfb4027383b3f2db68a1b3e36c75f6
Vostok,Petit-et-al-2001,70.054000,,temperature_anomaly,-7.84,degC,observed;age_uncertainty_unavailable:GT4_has_no_point_age_distribution_in_source,c69eca96499bece4b2f65d4e40240f52e0bfb4027383b3f2db68a1b3e36c75f6
Vostok,Petit-et-al-2001,70.149000,,temperature_anomaly,-7.72,degC,observed;age_uncertainty_unavailable:GT4_has_no_point_age_distribution_in_source,c69eca96499bece4b2f65d4e40240f52e0bfb4027383b3f2db68a1b3e36c75f6
Vostok,Petit-et-al-2001,70.243000,,temperature_anomaly,-7.05,degC,observed;age_uncertainty_unavailable:GT4_has_no_point_age_distribution_in_source,c69eca96499bece4b2f65d4e40240f52e0bfb4027383b3f2db68a1b3e36c75f6
Vostok,Petit-et-al-2001,70.334000,,temperature_anomaly,-7.08,degC,observed;age_uncertainty_unavailable:GT4_has_no_point_age_distribution_in_source,c69eca96499bece4b2f65d4e40240f52e0bfb4027383b3f2db68a1b3e36c75f6
Vostok,Petit-et-al-2001,70.425000,,temperature_anomaly,-7.26,degC,observed;age_uncertainty_unavailable:GT4_has_no_point_age_distribution_in_source,c69eca96499bece4b2f65d4e40240f52e0bfb4027383b3f2db68a1b3e36c75f6
Vostok,Petit-et-al-2001,70.515000,,temperature_anomaly,-6.52,degC,observed;age_uncertainty_unavailable:GT4_has_no_point_age_distribution_in_source,c69eca96499bece4b2f65d4e40240f52e0bfb4027383b3f2db68a1b3e36c75f6
Vostok,Petit-et-al-2001,70.600000,,temperature_anomaly,-5.67,degC,observed;age_uncertainty_unavailable:GT4_has_no_point_age_distribution_in_source,c69eca96499bece4b2f65d4e40240f52e0bfb4027383b3f2db68a1b3e36c75f6
Vostok,Petit-et-al-2001,70.683000,,temperature_anomaly,-5.67,degC,observed;age_uncertainty_unavailable:GT4_has_no_point_age_distribution_in_source,c69eca96499bece4b2f65d4e40240f52e0bfb4027383b3f2db68a1b3e36c75f6
Vostok,Petit-et-al-2001,70.766000,,temperature_anomaly,-5.67,degC,observed;age_uncertainty_unavailable:GT4_has_no_point_age_distribution_in_source,c69eca96499bece4b2f65d4e40240f52e0bfb4027383b3f2db68a1b3e36c75f6
Vostok,Petit-et-al-2001,70.848000,,temperature_anomaly,-5.66,degC,observed;age_uncertainty_unavailable:GT4_has_no_point_age_distribution_in_source,c69eca96499bece4b2f65d4e40240f52e0bfb4027383b3f2db68a1b3e36c75f6
Vostok,Petit-et-al-2001,70.931000,,temperature_anomaly,-5.66,degC,observed;age_uncertainty_unavailable:GT4_has_no_point_age_distribution_in_source,c69eca96499bece4b2f65d4e40240f52e0bfb4027383b3f2db68a1b3e36c75f6
Vostok,Petit-et-al-2001,71.013000,,temperature_anomaly,-5.7,degC,observed;age_uncertainty_unavailable:GT4_has_no_point_age_distribution_in_source,c69eca96499bece4b2f65d4e40240f52e0bfb4027383b3f2db68a1b3e36c75f6
Vostok,Petit-et-al-2001,71.096000,,temperature_anomaly,-5.75,degC,observed;age_uncertainty_unavailable:GT4_has_no_point_age_distribution_in_source,c69eca96499bece4b2f65d4e40240f52e0bfb4027383b3f2db68a1b3e36c75f6
Vostok,Petit-et-al-2001,71.180000,,temperature_anomaly,-5.93,degC,observed;age_uncertainty_unavailable:GT4_has_no_point_age_distribution_in_source,c69eca96499bece4b2f65d4e40240f52e0bfb4027383b3f2db68a1b3e36c75f6
Vostok,Petit-et-al-2001,71.264000,,temperature_anomaly,-5.99,degC,observed;age_uncertainty_unavailable:GT4_has_no_point_age_distribution_in_source,c69eca96499bece4b2f65d4e40240f52e0bfb4027383b3f2db68a1b3e36c75f6
Vostok,Petit-et-al-2001,71.347000,,temperature_anomaly,-5.44,degC,observed;age_uncertainty_unavailable:GT4_has_no_point_age_distribution_in_source,c69eca96499bece4b2f65d4e40240f52e0bfb4027383b3f2db68a1b3e36c75f6
Vostok,Petit-et-al-2001,71.427000,,temperature_anomaly,-5.15,degC,observed;age_uncertainty_unavailable:GT4_has_no_point_age_distribution_in_source,c69eca96499bece4b2f65d4e40240f52e0bfb4027383b3f2db68a1b3e36c75f6
Vostok,Petit-et-al-2001,71.506000,,temperature_anomaly,-4.6,degC,observed;age_uncertainty_unavailable:GT4_has_no_point_age_distribution_in_source,c69eca96499bece4b2f65d4e40240f52e0bfb4027383b3f2db68a1b3e36c75f6
Vostok,Petit-et-al-2001,71.584000,,temperature_anomaly,-5.3,degC,observed;age_uncertainty_unavailable:GT4_has_no_point_age_distribution_in_source,c69eca96499bece4b2f65d4e40240f52e0bfb4027383b3f2db68a1b3e36c75f6
Vostok,Petit-et-al-2001,71.664000,,temperature_anomaly,-5.2,degC,observed;age_uncertainty_unavailable:GT4_has_no_point_age_distribution_in_source,c69eca96499bece4b2f65d4e40240f52e0bfb4027383b3f2db68a1b3e36c75f6
Vostok,Petit-et-al-2001,71.743000,,temperature_anomaly,-4.81,degC,observed;age_uncertainty_unavailable:GT4_has_no_point_age_distribution_in_source,c69eca96499bece4b2f65d4e40240f52e0bfb4027383b3f2db68a1b3e36c75f6
Vostok,Petit-et-al-2001,71.822000,,temperature_anomaly,-5.36,degC,observed;age_uncertainty_unavailable:GT4_has_no_point_age_distribution_in_source,c69eca96499bece4b2f65d4e40240f52e0bfb4027383b3f2db68a1b3e36c75f6
Vostok,Petit-et-al-2001,71.905000,,temperature_anomaly,-6.13,degC,observed;age_uncertainty_unavailable:GT4_has_no_point_age_distribution_in_source,c69eca96499bece4b2f65d4e40240f52e0bfb4027383b3f2db68a1b3e36c75f6
Vostok,Petit-et-al-2001,71.989000,,temperature_anomaly,-5.55,degC,observed;age_uncertainty_unavailable:GT4_has_no_point_age_distribution_in_source,c69eca96499bece4b2f65d4e40240f52e0bfb4027383b3f2db68a1b3e36c75f6
Vostok,Petit-et-al-2001,72.070000,,temperature_anomaly,-5.38,degC,observed;age_uncertainty_unavailable:GT4_has_no_point_age_distribution_in_source,c69eca96499bece4b2f65d4e40240f52e0bfb4027383b3f2db68a1b3e36c75f6
Vostok,Petit-et-al-2001,72.152000,,temperature_anomaly,-5.69,degC,observed;age_uncertainty_unavailable:GT4_has_no_point_age_distribution_in_source,c69eca96499bece4b2f65d4e40240f52e0bfb4027383b3f2db68a1b3e36c75f6
Vostok,Petit-et-al-2001,72.235000,,temperature_anomaly,-5.81,degC,observed;age_uncertainty_unavailable:GT4_has_no_point_age_distribution_in_source,c69eca96499bece4b2f65d4e40240f52e0bfb4027383b3f2db68a1b3e36c75f6
Vostok,Petit-et-al-2001,72.318000,,temperature_anomaly,-5.82,degC,observed;age_uncertainty_unavailable:GT4_has_no_point_age_distribution_in_source,c69eca96499bece4b2f65d4e40240f52e0bfb4027383b3f2db68a1b3e36c75f6
Vostok,Petit-et-al-2001,72.403000,,temperature_anomaly,-6.28,degC,observed;age_uncertainty_unavailable:GT4_has_no_point_age_distribution_in_source,c69eca96499bece4b2f65d4e40240f52e0bfb4027383b3f2db68a1b3e36c75f6
Vostok,Petit-et-al-2001,72.489000,,temperature_anomaly,-6.53,degC,observed;age_uncertainty_unavailable:GT4_has_no_point_age_distribution_in_source,c69eca96499bece4b2f65d4e40240f52e0bfb4027383b3f2db68a1b3e36c75f6
Vostok,Petit-et-al-2001,72.578000,,temperature_anomaly,-6.89,degC,observed;age_uncertainty_unavailable:GT4_has_no_point_age_distribution_in_source,c69eca96499bece4b2f65d4e40240f52e0bfb4027383b3f2db68a1b3e36c75f6
Vostok,Petit-et-al-2001,72.666000,,temperature_anomaly,-6.39,degC,observed;age_uncertainty_unavailable:GT4_has_no_point_age_distribution_in_source,c69eca96499bece4b2f65d4e40240f52e0bfb4027383b3f2db68a1b3e36c75f6
Vostok,Petit-et-al-2001,72.753000,,temperature_anomaly,-6.64,degC,observed;age_uncertainty_unavailable:GT4_has_no_point_age_distribution_in_source,c69eca96499bece4b2f65d4e40240f52e0bfb4027383b3f2db68a1b3e36c75f6
Vostok,Petit-et-al-2001,72.840000,,temperature_anomaly,-5.97,degC,observed;age_uncertainty_unavailable:GT4_has_no_point_age_distribution_in_source,c69eca96499bece4b2f65d4e40240f52e0bfb4027383b3f2db68a1b3e36c75f6
Vostok,Petit-et-al-2001,72.922000,,temperature_anomaly,-5.29,degC,observed;age_uncertainty_unavailable:GT4_has_no_point_age_distribution_in_source,c69eca96499bece4b2f65d4e40240f52e0bfb4027383b3f2db68a1b3e36c75f6
Vostok,Petit-et-al-2001,73.003000,,temperature_anomaly,-5.77,degC,observed;age_uncertainty_unavailable:GT4_has_no_point_age_distribution_in_source,c69eca96499bece4b2f65d4e40240f52e0bfb4027383b3f2db68a1b3e36c75f6
Vostok,Petit-et-al-2001,73.087000,,temperature_anomaly,-6,degC,observed;age_uncertainty_unavailable:GT4_has_no_point_age_distribution_in_source,c69eca96499bece4b2f65d4e40240f52e0bfb4027383b3f2db68a1b3e36c75f6
Vostok,Petit-et-al-2001,73.172000,,temperature_anomaly,-6.31,degC,observed;age_uncertainty_unavailable:GT4_has_no_point_age_distribution_in_source,c69eca96499bece4b2f65d4e40240f52e0bfb4027383b3f2db68a1b3e36c75f6
Vostok,Petit-et-al-2001,73.258000,,temperature_anomaly,-6.44,degC,observed;age_uncertainty_unavailable:GT4_has_no_point_age_distribution_in_source,c69eca96499bece4b2f65d4e40240f52e0bfb4027383b3f2db68a1b3e36c75f6
Vostok,Petit-et-al-2001,73.347000,,temperature_anomaly,-7.1,degC,observed;age_uncertainty_unavailable:GT4_has_no_point_age_distribution_in_source,c69eca96499bece4b2f65d4e40240f52e0bfb4027383b3f2db68a1b3e36c75f6
Vostok,Petit-et-al-2001,73.440000,,temperature_anomaly,-7.81,degC,observed;age_uncertainty_unavailable:GT4_has_no_point_age_distribution_in_source,c69eca96499bece4b2f65d4e40240f52e0bfb4027383b3f2db68a1b3e36c75f6
Vostok,Petit-et-al-2001,73.533000,,temperature_anomaly,-6.96,degC,observed;age_uncertainty_unavailable:GT4_has_no_point_age_distribution_in_source,c69eca96499bece4b2f65d4e40240f52e0bfb4027383b3f2db68a1b3e36c75f6
Vostok,Petit-et-al-2001,73.620000,,temperature_anomaly,-6.1,degC,observed;age_uncertainty_unavailable:GT4_has_no_point_age_distribution_in_source,c69eca96499bece4b2f65d4e40240f52e0bfb4027383b3f2db68a1b3e36c75f6
Vostok,Petit-et-al-2001,73.706000,,temperature_anomaly,-6.61,degC,observed;age_uncertainty_unavailable:GT4_has_no_point_age_distribution_in_source,c69eca96499bece4b2f65d4e40240f52e0bfb4027383b3f2db68a1b3e36c75f6
Vostok,Petit-et-al-2001,73.795000,,temperature_anomaly,-7.12,degC,observed;age_uncertainty_unavailable:GT4_has_no_point_age_distribution_in_source,c69eca96499bece4b2f65d4e40240f52e0bfb4027383b3f2db68a1b3e36c75f6
Vostok,Petit-et-al-2001,73.885000,,temperature_anomaly,-6.85,degC,observed;age_uncertainty_unavailable:GT4_has_no_point_age_distribution_in_source,c69eca96499bece4b2f65d4e40240f52e0bfb4027383b3f2db68a1b3e36c75f6
Vostok,Petit-et-al-2001,73.973000,,temperature_anomaly,-6.45,degC,observed;age_uncertainty_unavailable:GT4_has_no_point_age_distribution_in_source,c69eca96499bece4b2f65d4e40240f52e0bfb4027383b3f2db68a1b3e36c75f6
Vostok,Petit-et-al-2001,74.060000,,temperature_anomaly,-6.56,degC,observed;age_uncertainty_unavailable:GT4_has_no_point_age_distribution_in_source,c69eca96499bece4b2f65d4e40240f52e0bfb4027383b3f2db68a1b3e36c75f6
Vostok,Petit-et-al-2001,74.150000,,temperature_anomaly,-7.17,degC,observed;age_uncertainty_unavailable:GT4_has_no_point_age_distribution_in_source,c69eca96499bece4b2f65d4e40240f52e0bfb4027383b3f2db68a1b3e36c75f6
Vostok,Petit-et-al-2001,74.238000,,temperature_anomaly,-6.31,degC,observed;age_uncertainty_unavailable:GT4_has_no_point_age_distribution_in_source,c69eca96499bece4b2f65d4e40240f52e0bfb4027383b3f2db68a1b3e36c75f6
Vostok,Petit-et-al-2001,74.322000,,temperature_anomaly,-5.91,degC,observed;age_uncertainty_unavailable:GT4_has_no_point_age_distribution_in_source,c69eca96499bece4b2f65d4e40240f52e0bfb4027383b3f2db68a1b3e36c75f6
Vostok,Petit-et-al-2001,74.405000,,temperature_anomaly,-5.62,degC,observed;age_uncertainty_unavailable:GT4_has_no_point_age_distribution_in_source,c69eca96499bece4b2f65d4e40240f52e0bfb4027383b3f2db68a1b3e36c75f6
Vostok,Petit-et-al-2001,74.484000,,temperature_anomaly,-4.74,degC,observed;age_uncertainty_unavailable:GT4_has_no_point_age_distribution_in_source,c69eca96499bece4b2f65d4e40240f52e0bfb4027383b3f2db68a1b3e36c75f6
Vostok,Petit-et-al-2001,74.565000,,temperature_anomaly,-6.03,degC,observed;age_uncertainty_unavailable:GT4_has_no_point_age_distribution_in_source,c69eca96499bece4b2f65d4e40240f52e0bfb4027383b3f2db68a1b3e36c75f6
Vostok,Petit-et-al-2001,74.651000,,temperature_anomaly,-6.92,degC,observed;age_uncertainty_unavailable:GT4_has_no_point_age_distribution_in_source,c69eca96499bece4b2f65d4e40240f52e0bfb4027383b3f2db68a1b3e36c75f6
Vostok,Petit-et-al-2001,74.738000,,temperature_anomaly,-5.87,degC,observed;age_uncertainty_unavailable:GT4_has_no_point_age_distribution_in_source,c69eca96499bece4b2f65d4e40240f52e0bfb4027383b3f2db68a1b3e36c75f6
Vostok,Petit-et-al-2001,74.821000,,temperature_anomaly,-5.85,degC,observed;age_uncertainty_unavailable:GT4_has_no_point_age_distribution_in_source,c69eca96499bece4b2f65d4e40240f52e0bfb4027383b3f2db68a1b3e36c75f6
Vostok,Petit-et-al-2001,74.903000,,temperature_anomaly,-5.68,degC,observed;age_uncertainty_unavailable:GT4_has_no_point_age_distribution_in_source,c69eca96499bece4b2f65d4e40240f52e0bfb4027383b3f2db68a1b3e36c75f6
Vostok,Petit-et-al-2001,74.985000,,temperature_anomaly,-5.61,degC,observed;age_uncertainty_unavailable:GT4_has_no_point_age_distribution_in_source,c69eca96499bece4b2f65d4e40240f52e0bfb4027383b3f2db68a1b3e36c75f6
Vostok,Petit-et-al-2001,75.066000,,temperature_anomaly,-5.41,degC,observed;age_uncertainty_unavailable:GT4_has_no_point_age_distribution_in_source,c69eca96499bece4b2f65d4e40240f52e0bfb4027383b3f2db68a1b3e36c75f6
Vostok,Petit-et-al-2001,75.147000,,temperature_anomaly,-5.72,degC,observed;age_uncertainty_unavailable:GT4_has_no_point_age_distribution_in_source,c69eca96499bece4b2f65d4e40240f52e0bfb4027383b3f2db68a1b3e36c75f6
Vostok,Petit-et-al-2001,75.229000,,temperature_anomaly,-5.42,degC,observed;age_uncertainty_unavailable:GT4_has_no_point_age_distribution_in_source,c69eca96499bece4b2f65d4e40240f52e0bfb4027383b3f2db68a1b3e36c75f6
Vostok,Petit-et-al-2001,75.308000,,temperature_anomaly,-5.12,degC,observed;age_uncertainty_unavailable:GT4_has_no_point_age_distribution_in_source,c69eca96499bece4b2f65d4e40240f52e0bfb4027383b3f2db68a1b3e36c75f6
Vostok,Petit-et-al-2001,75.388000,,temperature_anomaly,-5.32,degC,observed;age_uncertainty_unavailable:GT4_has_no_point_age_distribution_in_source,c69eca96499bece4b2f65d4e40240f52e0bfb4027383b3f2db68a1b3e36c75f6
Vostok,Petit-et-al-2001,75.468000,,temperature_anomaly,-5.41,degC,observed;age_uncertainty_unavailable:GT4_has_no_point_age_distribution_in_source,c69eca96499bece4b2f65d4e40240f52e0bfb4027383b3f2db68a1b3e36c75f6
Vostok,Petit-et-al-2001,75.547000,,temperature_anomaly,-5.13,degC,observed;age_uncertainty_unavailable:GT4_has_no_point_age_distribution_in_source,c69eca96499bece4b2f65d4e40240f52e0bfb4027383b3f2db68a1b3e36c75f6
Vostok,Petit-et-al-2001,75.625000,,temperature_anomaly,-4.66,degC,observed;age_uncertainty_unavailable:GT4_has_no_point_age_distribution_in_source,c69eca96499bece4b2f65d4e40240f52e0bfb4027383b3f2db68a1b3e36c75f6
Vostok,Petit-et-al-2001,75.701000,,temperature_anomaly,-4.53,degC,observed;age_uncertainty_unavailable:GT4_has_no_point_age_distribution_in_source,c69eca96499bece4b2f65d4e40240f52e0bfb4027383b3f2db68a1b3e36c75f6
Vostok,Petit-et-al-2001,75.776000,,temperature_anomaly,-4.39,degC,observed;age_uncertainty_unavailable:GT4_has_no_point_age_distribution_in_source,c69eca96499bece4b2f65d4e40240f52e0bfb4027383b3f2db68a1b3e36c75f6
Vostok,Petit-et-al-2001,75.850000,,temperature_anomaly,-4.35,degC,observed;age_uncertainty_unavailable:GT4_has_no_point_age_distribution_in_source,c69eca96499bece4b2f65d4e40240f52e0bfb4027383b3f2db68a1b3e36c75f6
Vostok,Petit-et-al-2001,75.928000,,temperature_anomaly,-5.41,degC,observed;age_uncertainty_unavailable:GT4_has_no_point_age_distribution_in_source,c69eca96499bece4b2f65d4e40240f52e0bfb4027383b3f2db68a1b3e36c75f6
Vostok,Petit-et-al-2001,76.007000,,temperature_anomaly,-5,degC,observed;age_uncertainty_unavailable:GT4_has_no_point_age_distribution_in_source,c69eca96499bece4b2f65d4e40240f52e0bfb4027383b3f2db68a1b3e36c75f6
Vostok,Petit-et-al-2001,76.084000,,temperature_anomaly,-4.83,degC,observed;age_uncertainty_unavailable:GT4_has_no_point_age_distribution_in_source,c69eca96499bece4b2f65d4e40240f52e0bfb4027383b3f2db68a1b3e36c75f6
Vostok,Petit-et-al-2001,76.162000,,temperature_anomaly,-5.23,degC,observed;age_uncertainty_unavailable:GT4_has_no_point_age_distribution_in_source,c69eca96499bece4b2f65d4e40240f52e0bfb4027383b3f2db68a1b3e36c75f6
Vostok,Petit-et-al-2001,76.239000,,temperature_anomaly,-4.37,degC,observed;age_uncertainty_unavailable:GT4_has_no_point_age_distribution_in_source,c69eca96499bece4b2f65d4e40240f52e0bfb4027383b3f2db68a1b3e36c75f6
Vostok,Petit-et-al-2001,76.313000,,temperature_anomaly,-4.05,degC,observed;age_uncertainty_unavailable:GT4_has_no_point_age_distribution_in_source,c69eca96499bece4b2f65d4e40240f52e0bfb4027383b3f2db68a1b3e36c75f6
Vostok,Petit-et-al-2001,76.388000,,temperature_anomaly,-4.8,degC,observed;age_uncertainty_unavailable:GT4_has_no_point_age_distribution_in_source,c69eca96499bece4b2f65d4e40240f52e0bfb4027383b3f2db68a1b3e36c75f6
Vostok,Petit-et-al-2001,76.465000,,temperature_anomaly,-5.08,degC,observed;age_uncertainty_unavailable:GT4_has_no_point_age_distribution_in_source,c69eca96499bece4b2f65d4e40240f52e0bfb4027383b3f2db68a1b3e36c75f6
Vostok,Petit-et-al-2001,76.543000,,temperature_anomaly,-5.16,degC,observed;age_uncertainty_unavailable:GT4_has_no_point_age_distribution_in_source,c69eca96499bece4b2f65d4e40240f52e0bfb4027383b3f2db68a1b3e36c75f6
Vostok,Petit-et-al-2001,76.622000,,temperature_anomaly,-5.22,degC,observed;age_uncertainty_unavailable:GT4_has_no_point_age_distribution_in_source,c69eca96499bece4b2f65d4e40240f52e0bfb4027383b3f2db68a1b3e36c75f6
Vostok,Petit-et-al-2001,76.700000,,temperature_anomaly,-4.92,degC,observed;age_uncertainty_unavailable:GT4_has_no_point_age_distribution_in_source,c69eca96499bece4b2f65d4e40240f52e0bfb4027383b3f2db68a1b3e36c75f6
Vostok,Petit-et-al-2001,76.777000,,temperature_anomaly,-4.67,degC,observed;age_uncertainty_unavailable:GT4_has_no_point_age_distribution_in_source,c69eca96499bece4b2f65d4e40240f52e0bfb4027383b3f2db68a1b3e36c75f6
Vostok,Petit-et-al-2001,76.854000,,temperature_anomaly,-5.09,degC,observed;age_uncertainty_unavailable:GT4_has_no_point_age_distribution_in_source,c69eca96499bece4b2f65d4e40240f52e0bfb4027383b3f2db68a1b3e36c75f6
Vostok,Petit-et-al-2001,76.933000,,temperature_anomaly,-5.5,degC,observed;age_uncertainty_unavailable:GT4_has_no_point_age_distribution_in_source,c69eca96499bece4b2f65d4e40240f52e0bfb4027383b3f2db68a1b3e36c75f6
Vostok,Petit-et-al-2001,77.014000,,temperature_anomaly,-5.47,degC,observed;age_uncertainty_unavailable:GT4_has_no_point_age_distribution_in_source,c69eca96499bece4b2f65d4e40240f52e0bfb4027383b3f2db68a1b3e36c75f6
Vostok,Petit-et-al-2001,77.094000,,temperature_anomaly,-5.42,degC,observed;age_uncertainty_unavailable:GT4_has_no_point_age_distribution_in_source,c69eca96499bece4b2f65d4e40240f52e0bfb4027383b3f2db68a1b3e36c75f6
Vostok,Petit-et-al-2001,77.175000,,temperature_anomaly,-5.9,degC,observed;age_uncertainty_unavailable:GT4_has_no_point_age_distribution_in_source,c69eca96499bece4b2f65d4e40240f52e0bfb4027383b3f2db68a1b3e36c75f6
Vostok,Petit-et-al-2001,77.259000,,temperature_anomaly,-6.33,degC,observed;age_uncertainty_unavailable:GT4_has_no_point_age_distribution_in_source,c69eca96499bece4b2f65d4e40240f52e0bfb4027383b3f2db68a1b3e36c75f6
Vostok,Petit-et-al-2001,77.345000,,temperature_anomaly,-6.71,degC,observed;age_uncertainty_unavailable:GT4_has_no_point_age_distribution_in_source,c69eca96499bece4b2f65d4e40240f52e0bfb4027383b3f2db68a1b3e36c75f6
Vostok,Petit-et-al-2001,77.433000,,temperature_anomaly,-7.14,degC,observed;age_uncertainty_unavailable:GT4_has_no_point_age_distribution_in_source,c69eca96499bece4b2f65d4e40240f52e0bfb4027383b3f2db68a1b3e36c75f6
Vostok,Petit-et-al-2001,77.521000,,temperature_anomaly,-6.59,degC,observed;age_uncertainty_unavailable:GT4_has_no_point_age_distribution_in_source,c69eca96499bece4b2f65d4e40240f52e0bfb4027383b3f2db68a1b3e36c75f6
Vostok,Petit-et-al-2001,77.606000,,temperature_anomaly,-5.81,degC,observed;age_uncertainty_unavailable:GT4_has_no_point_age_distribution_in_source,c69eca96499bece4b2f65d4e40240f52e0bfb4027383b3f2db68a1b3e36c75f6
Vostok,Petit-et-al-2001,77.687000,,temperature_anomaly,-5.76,degC,observed;age_uncertainty_unavailable:GT4_has_no_point_age_distribution_in_source,c69eca96499bece4b2f65d4e40240f52e0bfb4027383b3f2db68a1b3e36c75f6
Vostok,Petit-et-al-2001,77.769000,,temperature_anomaly,-5.81,degC,observed;age_uncertainty_unavailable:GT4_has_no_point_age_distribution_in_source,c69eca96499bece4b2f65d4e40240f52e0bfb4027383b3f2db68a1b3e36c75f6
Vostok,Petit-et-al-2001,77.853000,,temperature_anomaly,-6.45,degC,observed;age_uncertainty_unavailable:GT4_has_no_point_age_distribution_in_source,c69eca96499bece4b2f65d4e40240f52e0bfb4027383b3f2db68a1b3e36c75f6
Vostok,Petit-et-al-2001,77.938000,,temperature_anomaly,-6.52,degC,observed;age_uncertainty_unavailable:GT4_has_no_point_age_distribution_in_source,c69eca96499bece4b2f65d4e40240f52e0bfb4027383b3f2db68a1b3e36c75f6
Vostok,Petit-et-al-2001,78.025000,,temperature_anomaly,-6.62,degC,observed;age_uncertainty_unavailable:GT4_has_no_point_age_distribution_in_source,c69eca96499bece4b2f65d4e40240f52e0bfb4027383b3f2db68a1b3e36c75f6
Vostok,Petit-et-al-2001,78.113000,,temperature_anomaly,-7.28,degC,observed;age_uncertainty_unavailable:GT4_has_no_point_age_distribution_in_source,c69eca96499bece4b2f65d4e40240f52e0bfb4027383b3f2db68a1b3e36c75f6
Vostok,Petit-et-al-2001,78.200000,,temperature_anomaly,-6.06,degC,observed;age_uncertainty_unavailable:GT4_has_no_point_age_distribution_in_source,c69eca96499bece4b2f65d4e40240f52e0bfb4027383b3f2db68a1b3e36c75f6
Vostok,Petit-et-al-2001,78.277000,,temperature_anomaly,-3.82,degC,observed;age_uncertainty_unavailable:GT4_has_no_point_age_distribution_in_source,c69eca96499bece4b2f65d4e40240f52e0bfb4027383b3f2db68a1b3e36c75f6
Vostok,Petit-et-al-2001,78.353000,,temperature_anomaly,-5.71,degC,observed;age_uncertainty_unavailable:GT4_has_no_point_age_distribution_in_source,c69eca96499bece4b2f65d4e40240f52e0bfb4027383b3f2db68a1b3e36c75f6
Vostok,Petit-et-al-2001,78.437000,,temperature_anomaly,-6.79,degC,observed;age_uncertainty_unavailable:GT4_has_no_point_age_distribution_in_source,c69eca96499bece4b2f65d4e40240f52e0bfb4027383b3f2db68a1b3e36c75f6
Vostok,Petit-et-al-2001,78.522000,,temperature_anomaly,-6.12,degC,observed;age_uncertainty_unavailable:GT4_has_no_point_age_distribution_in_source,c69eca96499bece4b2f65d4e40240f52e0bfb4027383b3f2db68a1b3e36c75f6
Vostok,Petit-et-al-2001,78.606000,,temperature_anomaly,-6.32,degC,observed;age_uncertainty_unavailable:GT4_has_no_point_age_distribution_in_source,c69eca96499bece4b2f65d4e40240f52e0bfb4027383b3f2db68a1b3e36c75f6
Vostok,Petit-et-al-2001,78.690000,,temperature_anomaly,-6.06,degC,observed;age_uncertainty_unavailable:GT4_has_no_point_age_distribution_in_source,c69eca96499bece4b2f65d4e40240f52e0bfb4027383b3f2db68a1b3e36c75f6
Vostok,Petit-et-al-2001,78.772000,,temperature_anomaly,-5.78,degC,observed;age_uncertainty_unavailable:GT4_has_no_point_age_distribution_in_source,c69eca96499bece4b2f65d4e40240f52e0bfb4027383b3f2db68a1b3e36c75f6
Vostok,Petit-et-al-2001,78.854000,,temperature_anomaly,-5.87,degC,observed;age_uncertainty_unavailable:GT4_has_no_point_age_distribution_in_source,c69eca96499bece4b2f65d4e40240f52e0bfb4027383b3f2db68a1b3e36c75f6
Vostok,Petit-et-al-2001,78.937000,,temperature_anomaly,-6.24,degC,observed;age_uncertainty_unavailable:GT4_has_no_point_age_distribution_in_source,c69eca96499bece4b2f65d4e40240f52e0bfb4027383b3f2db68a1b3e36c75f6
Vostok,Petit-et-al-2001,79.020000,,temperature_anomaly,-5.91,degC,observed;age_uncertainty_unavailable:GT4_has_no_point_age_distribution_in_source,c69eca96499bece4b2f65d4e40240f52e0bfb4027383b3f2db68a1b3e36c75f6
Vostok,Petit-et-al-2001,79.098000,,temperature_anomaly,-4.8,degC,observed;age_uncertainty_unavailable:GT4_has_no_point_age_distribution_in_source,c69eca96499bece4b2f65d4e40240f52e0bfb4027383b3f2db68a1b3e36c75f6
Vostok,Petit-et-al-2001,79.174000,,temperature_anomaly,-4.8,degC,observed;age_uncertainty_unavailable:GT4_has_no_point_age_distribution_in_source,c69eca96499bece4b2f65d4e40240f52e0bfb4027383b3f2db68a1b3e36c75f6
Vostok,Petit-et-al-2001,79.251000,,temperature_anomaly,-5,degC,observed;age_uncertainty_unavailable:GT4_has_no_point_age_distribution_in_source,c69eca96499bece4b2f65d4e40240f52e0bfb4027383b3f2db68a1b3e36c75f6
Vostok,Petit-et-al-2001,79.327000,,temperature_anomaly,-4.76,degC,observed;age_uncertainty_unavailable:GT4_has_no_point_age_distribution_in_source,c69eca96499bece4b2f65d4e40240f52e0bfb4027383b3f2db68a1b3e36c75f6
Vostok,Petit-et-al-2001,79.402000,,temperature_anomaly,-4.33,degC,observed;age_uncertainty_unavailable:GT4_has_no_point_age_distribution_in_source,c69eca96499bece4b2f65d4e40240f52e0bfb4027383b3f2db68a1b3e36c75f6
Vostok,Petit-et-al-2001,79.478000,,temperature_anomaly,-5.43,degC,observed;age_uncertainty_unavailable:GT4_has_no_point_age_distribution_in_source,c69eca96499bece4b2f65d4e40240f52e0bfb4027383b3f2db68a1b3e36c75f6
Vostok,Petit-et-al-2001,79.557000,,temperature_anomaly,-5.5,degC,observed;age_uncertainty_unavailable:GT4_has_no_point_age_distribution_in_source,c69eca96499bece4b2f65d4e40240f52e0bfb4027383b3f2db68a1b3e36c75f6
Vostok,Petit-et-al-2001,79.636000,,temperature_anomaly,-5.23,degC,observed;age_uncertainty_unavailable:GT4_has_no_point_age_distribution_in_source,c69eca96499bece4b2f65d4e40240f52e0bfb4027383b3f2db68a1b3e36c75f6
Vostok,Petit-et-al-2001,79.714000,,temperature_anomaly,-4.93,degC,observed;age_uncertainty_unavailable:GT4_has_no_point_age_distribution_in_source,c69eca96499bece4b2f65d4e40240f52e0bfb4027383b3f2db68a1b3e36c75f6
Vostok,Petit-et-al-2001,79.791000,,temperature_anomaly,-5.28,degC,observed;age_uncertainty_unavailable:GT4_has_no_point_age_distribution_in_source,c69eca96499bece4b2f65d4e40240f52e0bfb4027383b3f2db68a1b3e36c75f6
Vostok,Petit-et-al-2001,79.870000,,temperature_anomaly,-5.41,degC,observed;age_uncertainty_unavailable:GT4_has_no_point_age_distribution_in_source,c69eca96499bece4b2f65d4e40240f52e0bfb4027383b3f2db68a1b3e36c75f6
Vostok,Petit-et-al-2001,79.947000,,temperature_anomaly,-4.95,degC,observed;age_uncertainty_unavailable:GT4_has_no_point_age_distribution_in_source,c69eca96499bece4b2f65d4e40240f52e0bfb4027383b3f2db68a1b3e36c75f6
Vostok,Petit-et-al-2001,80.020000,,temperature_anomaly,-3.66,degC,observed;age_uncertainty_unavailable:GT4_has_no_point_age_distribution_in_source,c69eca96499bece4b2f65d4e40240f52e0bfb4027383b3f2db68a1b3e36c75f6
Vostok,Petit-et-al-2001,80.093000,,temperature_anomaly,-4.87,degC,observed;age_uncertainty_unavailable:GT4_has_no_point_age_distribution_in_source,c69eca96499bece4b2f65d4e40240f52e0bfb4027383b3f2db68a1b3e36c75f6
Vostok,Petit-et-al-2001,80.173000,,temperature_anomaly,-6.38,degC,observed;age_uncertainty_unavailable:GT4_has_no_point_age_distribution_in_source,c69eca96499bece4b2f65d4e40240f52e0bfb4027383b3f2db68a1b3e36c75f6
Vostok,Petit-et-al-2001,80.257000,,temperature_anomaly,-6.11,degC,observed;age_uncertainty_unavailable:GT4_has_no_point_age_distribution_in_source,c69eca96499bece4b2f65d4e40240f52e0bfb4027383b3f2db68a1b3e36c75f6
Vostok,Petit-et-al-2001,80.341000,,temperature_anomaly,-6.39,degC,observed;age_uncertainty_unavailable:GT4_has_no_point_age_distribution_in_source,c69eca96499bece4b2f65d4e40240f52e0bfb4027383b3f2db68a1b3e36c75f6
Vostok,Petit-et-al-2001,80.422000,,temperature_anomaly,-5.41,degC,observed;age_uncertainty_unavailable:GT4_has_no_point_age_distribution_in_source,c69eca96499bece4b2f65d4e40240f52e0bfb4027383b3f2db68a1b3e36c75f6
Vostok,Petit-et-al-2001,80.498000,,temperature_anomaly,-4.45,degC,observed;age_uncertainty_unavailable:GT4_has_no_point_age_distribution_in_source,c69eca96499bece4b2f65d4e40240f52e0bfb4027383b3f2db68a1b3e36c75f6
Vostok,Petit-et-al-2001,80.572000,,temperature_anomaly,-4.25,degC,observed;age_uncertainty_unavailable:GT4_has_no_point_age_distribution_in_source,c69eca96499bece4b2f65d4e40240f52e0bfb4027383b3f2db68a1b3e36c75f6
Vostok,Petit-et-al-2001,80.645000,,temperature_anomaly,-4.4,degC,observed;age_uncertainty_unavailable:GT4_has_no_point_age_distribution_in_source,c69eca96499bece4b2f65d4e40240f52e0bfb4027383b3f2db68a1b3e36c75f6
Vostok,Petit-et-al-2001,80.719000,,temperature_anomaly,-4.75,degC,observed;age_uncertainty_unavailable:GT4_has_no_point_age_distribution_in_source,c69eca96499bece4b2f65d4e40240f52e0bfb4027383b3f2db68a1b3e36c75f6
Vostok,Petit-et-al-2001,80.794000,,temperature_anomaly,-4.75,degC,observed;age_uncertainty_unavailable:GT4_has_no_point_age_distribution_in_source,c69eca96499bece4b2f65d4e40240f52e0bfb4027383b3f2db68a1b3e36c75f6
Vostok,Petit-et-al-2001,80.869000,,temperature_anomaly,-4.5,degC,observed;age_uncertainty_unavailable:GT4_has_no_point_age_distribution_in_source,c69eca96499bece4b2f65d4e40240f52e0bfb4027383b3f2db68a1b3e36c75f6
Vostok,Petit-et-al-2001,80.943000,,temperature_anomaly,-4.67,degC,observed;age_uncertainty_unavailable:GT4_has_no_point_age_distribution_in_source,c69eca96499bece4b2f65d4e40240f52e0bfb4027383b3f2db68a1b3e36c75f6
Vostok,Petit-et-al-2001,81.019000,,temperature_anomaly,-4.93,degC,observed;age_uncertainty_unavailable:GT4_has_no_point_age_distribution_in_source,c69eca96499bece4b2f65d4e40240f52e0bfb4027383b3f2db68a1b3e36c75f6
Vostok,Petit-et-al-2001,81.096000,,temperature_anomaly,-5.2,degC,observed;age_uncertainty_unavailable:GT4_has_no_point_age_distribution_in_source,c69eca96499bece4b2f65d4e40240f52e0bfb4027383b3f2db68a1b3e36c75f6
Vostok,Petit-et-al-2001,81.170000,,temperature_anomaly,-4.04,degC,observed;age_uncertainty_unavailable:GT4_has_no_point_age_distribution_in_source,c69eca96499bece4b2f65d4e40240f52e0bfb4027383b3f2db68a1b3e36c75f6
Vostok,Petit-et-al-2001,81.240000,,temperature_anomaly,-3.29,degC,observed;age_uncertainty_unavailable:GT4_has_no_point_age_distribution_in_source,c69eca96499bece4b2f65d4e40240f52e0bfb4027383b3f2db68a1b3e36c75f6
Vostok,Petit-et-al-2001,81.309000,,temperature_anomaly,-3.87,degC,observed;age_uncertainty_unavailable:GT4_has_no_point_age_distribution_in_source,c69eca96499bece4b2f65d4e40240f52e0bfb4027383b3f2db68a1b3e36c75f6
Vostok,Petit-et-al-2001,81.381000,,temperature_anomaly,-4.45,degC,observed;age_uncertainty_unavailable:GT4_has_no_point_age_distribution_in_source,c69eca96499bece4b2f65d4e40240f52e0bfb4027383b3f2db68a1b3e36c75f6
Vostok,Petit-et-al-2001,81.453000,,temperature_anomaly,-3.89,degC,observed;age_uncertainty_unavailable:GT4_has_no_point_age_distribution_in_source,c69eca96499bece4b2f65d4e40240f52e0bfb4027383b3f2db68a1b3e36c75f6
Vostok,Petit-et-al-2001,81.523000,,temperature_anomaly,-3.33,degC,observed;age_uncertainty_unavailable:GT4_has_no_point_age_distribution_in_source,c69eca96499bece4b2f65d4e40240f52e0bfb4027383b3f2db68a1b3e36c75f6
Vostok,Petit-et-al-2001,81.592000,,temperature_anomaly,-3.79,degC,observed;age_uncertainty_unavailable:GT4_has_no_point_age_distribution_in_source,c69eca96499bece4b2f65d4e40240f52e0bfb4027383b3f2db68a1b3e36c75f6
Vostok,Petit-et-al-2001,81.662000,,temperature_anomaly,-3.79,degC,observed;age_uncertainty_unavailable:GT4_has_no_point_age_distribution_in_source,c69eca96499bece4b2f65d4e40240f52e0bfb4027383b3f2db68a1b3e36c75f6
Vostok,Petit-et-al-2001,81.732000,,temperature_anomaly,-3.81,degC,observed;age_uncertainty_unavailable:GT4_has_no_point_age_distribution_in_source,c69eca96499bece4b2f65d4e40240f52e0bfb4027383b3f2db68a1b3e36c75f6
Vostok,Petit-et-al-2001,81.802000,,temperature_anomaly,-3.74,degC,observed;age_uncertainty_unavailable:GT4_has_no_point_age_distribution_in_source,c69eca96499bece4b2f65d4e40240f52e0bfb4027383b3f2db68a1b3e36c75f6
Vostok,Petit-et-al-2001,81.872000,,temperature_anomaly,-3.73,degC,observed;age_uncertainty_unavailable:GT4_has_no_point_age_distribution_in_source,c69eca96499bece4b2f65d4e40240f52e0bfb4027383b3f2db68a1b3e36c75f6
Vostok,Petit-et-al-2001,81.942000,,temperature_anomaly,-3.83,degC,observed;age_uncertainty_unavailable:GT4_has_no_point_age_distribution_in_source,c69eca96499bece4b2f65d4e40240f52e0bfb4027383b3f2db68a1b3e36c75f6
Vostok,Petit-et-al-2001,82.012000,,temperature_anomaly,-3.48,degC,observed;age_uncertainty_unavailable:GT4_has_no_point_age_distribution_in_source,c69eca96499bece4b2f65d4e40240f52e0bfb4027383b3f2db68a1b3e36c75f6
Vostok,Petit-et-al-2001,82.080000,,temperature_anomaly,-3.56,degC,observed;age_uncertainty_unavailable:GT4_has_no_point_age_distribution_in_source,c69eca96499bece4b2f65d4e40240f52e0bfb4027383b3f2db68a1b3e36c75f6
Vostok,Petit-et-al-2001,82.148000,,temperature_anomaly,-3.01,degC,observed;age_uncertainty_unavailable:GT4_has_no_point_age_distribution_in_source,c69eca96499bece4b2f65d4e40240f52e0bfb4027383b3f2db68a1b3e36c75f6
Vostok,Petit-et-al-2001,82.213000,,temperature_anomaly,-2.54,degC,observed;age_uncertainty_unavailable:GT4_has_no_point_age_distribution_in_source,c69eca96499bece4b2f65d4e40240f52e0bfb4027383b3f2db68a1b3e36c75f6
Vostok,Petit-et-al-2001,82.280000,,temperature_anomaly,-3.65,degC,observed;age_uncertainty_unavailable:GT4_has_no_point_age_distribution_in_source,c69eca96499bece4b2f65d4e40240f52e0bfb4027383b3f2db68a1b3e36c75f6
Vostok,Petit-et-al-2001,82.352000,,temperature_anomaly,-4.85,degC,observed;age_uncertainty_unavailable:GT4_has_no_point_age_distribution_in_source,c69eca96499bece4b2f65d4e40240f52e0bfb4027383b3f2db68a1b3e36c75f6
Vostok,Petit-et-al-2001,82.427000,,temperature_anomaly,-4.59,degC,observed;age_uncertainty_unavailable:GT4_has_no_point_age_distribution_in_source,c69eca96499bece4b2f65d4e40240f52e0bfb4027383b3f2db68a1b3e36c75f6
Vostok,Petit-et-al-2001,82.500000,,temperature_anomaly,-4.31,degC,observed;age_uncertainty_unavailable:GT4_has_no_point_age_distribution_in_source,c69eca96499bece4b2f65d4e40240f52e0bfb4027383b3f2db68a1b3e36c75f6
Vostok,Petit-et-al-2001,82.573000,,temperature_anomaly,-4.53,degC,observed;age_uncertainty_unavailable:GT4_has_no_point_age_distribution_in_source,c69eca96499bece4b2f65d4e40240f52e0bfb4027383b3f2db68a1b3e36c75f6
Vostok,Petit-et-al-2001,82.647000,,temperature_anomaly,-4.75,degC,observed;age_uncertainty_unavailable:GT4_has_no_point_age_distribution_in_source,c69eca96499bece4b2f65d4e40240f52e0bfb4027383b3f2db68a1b3e36c75f6
Vostok,Petit-et-al-2001,82.721000,,temperature_anomaly,-4.27,degC,observed;age_uncertainty_unavailable:GT4_has_no_point_age_distribution_in_source,c69eca96499bece4b2f65d4e40240f52e0bfb4027383b3f2db68a1b3e36c75f6
Vostok,Petit-et-al-2001,82.792000,,temperature_anomaly,-3.78,degC,observed;age_uncertainty_unavailable:GT4_has_no_point_age_distribution_in_source,c69eca96499bece4b2f65d4e40240f52e0bfb4027383b3f2db68a1b3e36c75f6
Vostok,Petit-et-al-2001,82.860000,,temperature_anomaly,-3.1,degC,observed;age_uncertainty_unavailable:GT4_has_no_point_age_distribution_in_source,c69eca96499bece4b2f65d4e40240f52e0bfb4027383b3f2db68a1b3e36c75f6
Vostok,Petit-et-al-2001,82.925000,,temperature_anomaly,-2.42,degC,observed;age_uncertainty_unavailable:GT4_has_no_point_age_distribution_in_source,c69eca96499bece4b2f65d4e40240f52e0bfb4027383b3f2db68a1b3e36c75f6
Vostok,Petit-et-al-2001,82.990000,,temperature_anomaly,-2.98,degC,observed;age_uncertainty_unavailable:GT4_has_no_point_age_distribution_in_source,c69eca96499bece4b2f65d4e40240f52e0bfb4027383b3f2db68a1b3e36c75f6
Vostok,Petit-et-al-2001,83.055000,,temperature_anomaly,-2.58,degC,observed;age_uncertainty_unavailable:GT4_has_no_point_age_distribution_in_source,c69eca96499bece4b2f65d4e40240f52e0bfb4027383b3f2db68a1b3e36c75f6
Vostok,Petit-et-al-2001,83.121000,,temperature_anomaly,-3.46,degC,observed;age_uncertainty_unavailable:GT4_has_no_point_age_distribution_in_source,c69eca96499bece4b2f65d4e40240f52e0bfb4027383b3f2db68a1b3e36c75f6
Vostok,Petit-et-al-2001,83.190000,,temperature_anomaly,-3.92,degC,observed;age_uncertainty_unavailable:GT4_has_no_point_age_distribution_in_source,c69eca96499bece4b2f65d4e40240f52e0bfb4027383b3f2db68a1b3e36c75f6
Vostok,Petit-et-al-2001,83.261000,,temperature_anomaly,-3.94,degC,observed;age_uncertainty_unavailable:GT4_has_no_point_age_distribution_in_source,c69eca96499bece4b2f65d4e40240f52e0bfb4027383b3f2db68a1b3e36c75f6
Vostok,Petit-et-al-2001,83.331000,,temperature_anomaly,-3.94,degC,observed;age_uncertainty_unavailable:GT4_has_no_point_age_distribution_in_source,c69eca96499bece4b2f65d4e40240f52e0bfb4027383b3f2db68a1b3e36c75f6
Vostok,Petit-et-al-2001,83.401000,,temperature_anomaly,-3.7,degC,observed;age_uncertainty_unavailable:GT4_has_no_point_age_distribution_in_source,c69eca96499bece4b2f65d4e40240f52e0bfb4027383b3f2db68a1b3e36c75f6
Vostok,Petit-et-al-2001,83.470000,,temperature_anomaly,-3.62,degC,observed;age_uncertainty_unavailable:GT4_has_no_point_age_distribution_in_source,c69eca96499bece4b2f65d4e40240f52e0bfb4027383b3f2db68a1b3e36c75f6
Vostok,Petit-et-al-2001,83.538000,,temperature_anomaly,-3.27,degC,observed;age_uncertainty_unavailable:GT4_has_no_point_age_distribution_in_source,c69eca96499bece4b2f65d4e40240f52e0bfb4027383b3f2db68a1b3e36c75f6
Vostok,Petit-et-al-2001,83.608000,,temperature_anomaly,-4.39,degC,observed;age_uncertainty_unavailable:GT4_has_no_point_age_distribution_in_source,c69eca96499bece4b2f65d4e40240f52e0bfb4027383b3f2db68a1b3e36c75f6
Vostok,Petit-et-al-2001,83.679000,,temperature_anomaly,-3.71,degC,observed;age_uncertainty_unavailable:GT4_has_no_point_age_distribution_in_source,c69eca96499bece4b2f65d4e40240f52e0bfb4027383b3f2db68a1b3e36c75f6
Vostok,Petit-et-al-2001,83.747000,,temperature_anomaly,-3.23,degC,observed;age_uncertainty_unavailable:GT4_has_no_point_age_distribution_in_source,c69eca96499bece4b2f65d4e40240f52e0bfb4027383b3f2db68a1b3e36c75f6
Vostok,Petit-et-al-2001,83.814000,,temperature_anomaly,-3.2,degC,observed;age_uncertainty_unavailable:GT4_has_no_point_age_distribution_in_source,c69eca96499bece4b2f65d4e40240f52e0bfb4027383b3f2db68a1b3e36c75f6
Vostok,Petit-et-al-2001,83.881000,,temperature_anomaly,-3.54,degC,observed;age_uncertainty_unavailable:GT4_has_no_point_age_distribution_in_source,c69eca96499bece4b2f65d4e40240f52e0bfb4027383b3f2db68a1b3e36c75f6
Vostok,Petit-et-al-2001,83.952000,,temperature_anomaly,-4.32,degC,observed;age_uncertainty_unavailable:GT4_has_no_point_age_distribution_in_source,c69eca96499bece4b2f65d4e40240f52e0bfb4027383b3f2db68a1b3e36c75f6
Vostok,Petit-et-al-2001,84.025000,,temperature_anomaly,-4.64,degC,observed;age_uncertainty_unavailable:GT4_has_no_point_age_distribution_in_source,c69eca96499bece4b2f65d4e40240f52e0bfb4027383b3f2db68a1b3e36c75f6
Vostok,Petit-et-al-2001,84.097000,,temperature_anomaly,-4.27,degC,observed;age_uncertainty_unavailable:GT4_has_no_point_age_distribution_in_source,c69eca96499bece4b2f65d4e40240f52e0bfb4027383b3f2db68a1b3e36c75f6
Vostok,Petit-et-al-2001,84.168000,,temperature_anomaly,-3.91,degC,observed;age_uncertainty_unavailable:GT4_has_no_point_age_distribution_in_source,c69eca96499bece4b2f65d4e40240f52e0bfb4027383b3f2db68a1b3e36c75f6
Vostok,Petit-et-al-2001,84.238000,,temperature_anomaly,-3.91,degC,observed;age_uncertainty_unavailable:GT4_has_no_point_age_distribution_in_source,c69eca96499bece4b2f65d4e40240f52e0bfb4027383b3f2db68a1b3e36c75f6
Vostok,Petit-et-al-2001,84.308000,,temperature_anomaly,-3.92,degC,observed;age_uncertainty_unavailable:GT4_has_no_point_age_distribution_in_source,c69eca96499bece4b2f65d4e40240f52e0bfb4027383b3f2db68a1b3e36c75f6
Vostok,Petit-et-al-2001,84.378000,,temperature_anomaly,-4.01,degC,observed;age_uncertainty_unavailable:GT4_has_no_point_age_distribution_in_source,c69eca96499bece4b2f65d4e40240f52e0bfb4027383b3f2db68a1b3e36c75f6
Vostok,Petit-et-al-2001,84.448000,,temperature_anomaly,-3.76,degC,observed;age_uncertainty_unavailable:GT4_has_no_point_age_distribution_in_source,c69eca96499bece4b2f65d4e40240f52e0bfb4027383b3f2db68a1b3e36c75f6
Vostok,Petit-et-al-2001,84.515000,,temperature_anomaly,-2.53,degC,observed;age_uncertainty_unavailable:GT4_has_no_point_age_distribution_in_source,c69eca96499bece4b2f65d4e40240f52e0bfb4027383b3f2db68a1b3e36c75f6
Vostok,Petit-et-al-2001,84.576000,,temperature_anomaly,-1.64,degC,observed;age_uncertainty_unavailable:GT4_has_no_point_age_distribution_in_source,c69eca96499bece4b2f65d4e40240f52e0bfb4027383b3f2db68a1b3e36c75f6
Vostok,Petit-et-al-2001,84.638000,,temperature_anomaly,-2.65,degC,observed;age_uncertainty_unavailable:GT4_has_no_point_age_distribution_in_source,c69eca96499bece4b2f65d4e40240f52e0bfb4027383b3f2db68a1b3e36c75f6
Vostok,Petit-et-al-2001,84.703000,,temperature_anomaly,-3.03,degC,observed;age_uncertainty_unavailable:GT4_has_no_point_age_distribution_in_source,c69eca96499bece4b2f65d4e40240f52e0bfb4027383b3f2db68a1b3e36c75f6
Vostok,Petit-et-al-2001,84.770000,,temperature_anomaly,-3.43,degC,observed;age_uncertainty_unavailable:GT4_has_no_point_age_distribution_in_source,c69eca96499bece4b2f65d4e40240f52e0bfb4027383b3f2db68a1b3e36c75f6
Vostok,Petit-et-al-2001,84.838000,,temperature_anomaly,-3.49,degC,observed;age_uncertainty_unavailable:GT4_has_no_point_age_distribution_in_source,c69eca96499bece4b2f65d4e40240f52e0bfb4027383b3f2db68a1b3e36c75f6
Vostok,Petit-et-al-2001,84.905000,,temperature_anomaly,-3.29,degC,observed;age_uncertainty_unavailable:GT4_has_no_point_age_distribution_in_source,c69eca96499bece4b2f65d4e40240f52e0bfb4027383b3f2db68a1b3e36c75f6
Vostok,Petit-et-al-2001,84.971000,,temperature_anomaly,-2.92,degC,observed;age_uncertainty_unavailable:GT4_has_no_point_age_distribution_in_source,c69eca96499bece4b2f65d4e40240f52e0bfb4027383b3f2db68a1b3e36c75f6
Vostok,Petit-et-al-2001,85.036000,,temperature_anomaly,-2.64,degC,observed;age_uncertainty_unavailable:GT4_has_no_point_age_distribution_in_source,c69eca96499bece4b2f65d4e40240f52e0bfb4027383b3f2db68a1b3e36c75f6
Vostok,Petit-et-al-2001,85.100000,,temperature_anomaly,-2.48,degC,observed;age_uncertainty_unavailable:GT4_has_no_point_age_distribution_in_source,c69eca96499bece4b2f65d4e40240f52e0bfb4027383b3f2db68a1b3e36c75f6
Vostok,Petit-et-al-2001,85.164000,,temperature_anomaly,-2.92,degC,observed;age_uncertainty_unavailable:GT4_has_no_point_age_distribution_in_source,c69eca96499bece4b2f65d4e40240f52e0bfb4027383b3f2db68a1b3e36c75f6
Vostok,Petit-et-al-2001,85.229000,,temperature_anomaly,-3.12,degC,observed;age_uncertainty_unavailable:GT4_has_no_point_age_distribution_in_source,c69eca96499bece4b2f65d4e40240f52e0bfb4027383b3f2db68a1b3e36c75f6
Vostok,Petit-et-al-2001,85.296000,,temperature_anomaly,-3.23,degC,observed;age_uncertainty_unavailable:GT4_has_no_point_age_distribution_in_source,c69eca96499bece4b2f65d4e40240f52e0bfb4027383b3f2db68a1b3e36c75f6
Vostok,Petit-et-al-2001,85.361000,,temperature_anomaly,-2.69,degC,observed;age_uncertainty_unavailable:GT4_has_no_point_age_distribution_in_source,c69eca96499bece4b2f65d4e40240f52e0bfb4027383b3f2db68a1b3e36c75f6
Vostok,Petit-et-al-2001,85.425000,,temperature_anomaly,-2.64,degC,observed;age_uncertainty_unavailable:GT4_has_no_point_age_distribution_in_source,c69eca96499bece4b2f65d4e40240f52e0bfb4027383b3f2db68a1b3e36c75f6
Vostok,Petit-et-al-2001,85.489000,,temperature_anomaly,-2.47,degC,observed;age_uncertainty_unavailable:GT4_has_no_point_age_distribution_in_source,c69eca96499bece4b2f65d4e40240f52e0bfb4027383b3f2db68a1b3e36c75f6
Vostok,Petit-et-al-2001,85.551000,,temperature_anomaly,-2.34,degC,observed;age_uncertainty_unavailable:GT4_has_no_point_age_distribution_in_source,c69eca96499bece4b2f65d4e40240f52e0bfb4027383b3f2db68a1b3e36c75f6
Vostok,Petit-et-al-2001,85.615000,,temperature_anomaly,-2.71,degC,observed;age_uncertainty_unavailable:GT4_has_no_point_age_distribution_in_source,c69eca96499bece4b2f65d4e40240f52e0bfb4027383b3f2db68a1b3e36c75f6
Vostok,Petit-et-al-2001,85.680000,,temperature_anomaly,-3,degC,observed;age_uncertainty_unavailable:GT4_has_no_point_age_distribution_in_source,c69eca96499bece4b2f65d4e40240f52e0bfb4027383b3f2db68a1b3e36c75f6
Vostok,Petit-et-al-2001,85.746000,,temperature_anomaly,-3.53,degC,observed;age_uncertainty_unavailable:GT4_has_no_point_age_distribution_in_source,c69eca96499bece4b2f65d4e40240f52e0bfb4027383b3f2db68a1b3e36c75f6
Vostok,Petit-et-al-2001,85.814000,,temperature_anomaly,-3.42,degC,observed;age_uncertainty_unavailable:GT4_has_no_point_age_distribution_in_source,c69eca96499bece4b2f65d4e40240f52e0bfb4027383b3f2db68a1b3e36c75f6
Vostok,Petit-et-al-2001,85.881000,,temperature_anomaly,-3.53,degC,observed;age_uncertainty_unavailable:GT4_has_no_point_age_distribution_in_source,c69eca96499bece4b2f65d4e40240f52e0bfb4027383b3f2db68a1b3e36c75f6
Vostok,Petit-et-al-2001,85.949000,,temperature_anomaly,-3.51,degC,observed;age_uncertainty_unavailable:GT4_has_no_point_age_distribution_in_source,c69eca96499bece4b2f65d4e40240f52e0bfb4027383b3f2db68a1b3e36c75f6
Vostok,Petit-et-al-2001,86.016000,,temperature_anomaly,-3.38,degC,observed;age_uncertainty_unavailable:GT4_has_no_point_age_distribution_in_source,c69eca96499bece4b2f65d4e40240f52e0bfb4027383b3f2db68a1b3e36c75f6
Vostok,Petit-et-al-2001,86.083000,,temperature_anomaly,-3.38,degC,observed;age_uncertainty_unavailable:GT4_has_no_point_age_distribution_in_source,c69eca96499bece4b2f65d4e40240f52e0bfb4027383b3f2db68a1b3e36c75f6
Vostok,Petit-et-al-2001,86.150000,,temperature_anomaly,-3.38,degC,observed;age_uncertainty_unavailable:GT4_has_no_point_age_distribution_in_source,c69eca96499bece4b2f65d4e40240f52e0bfb4027383b3f2db68a1b3e36c75f6
Vostok,Petit-et-al-2001,86.218000,,temperature_anomaly,-3.63,degC,observed;age_uncertainty_unavailable:GT4_has_no_point_age_distribution_in_source,c69eca96499bece4b2f65d4e40240f52e0bfb4027383b3f2db68a1b3e36c75f6
Vostok,Petit-et-al-2001,86.286000,,temperature_anomaly,-3.76,degC,observed;age_uncertainty_unavailable:GT4_has_no_point_age_distribution_in_source,c69eca96499bece4b2f65d4e40240f52e0bfb4027383b3f2db68a1b3e36c75f6
Vostok,Petit-et-al-2001,86.355000,,temperature_anomaly,-3.64,degC,observed;age_uncertainty_unavailable:GT4_has_no_point_age_distribution_in_source,c69eca96499bece4b2f65d4e40240f52e0bfb4027383b3f2db68a1b3e36c75f6
Vostok,Petit-et-al-2001,86.423000,,temperature_anomaly,-3.78,degC,observed;age_uncertainty_unavailable:GT4_has_no_point_age_distribution_in_source,c69eca96499bece4b2f65d4e40240f52e0bfb4027383b3f2db68a1b3e36c75f6
Vostok,Petit-et-al-2001,86.492000,,temperature_anomaly,-3.91,degC,observed;age_uncertainty_unavailable:GT4_has_no_point_age_distribution_in_source,c69eca96499bece4b2f65d4e40240f52e0bfb4027383b3f2db68a1b3e36c75f6
Vostok,Petit-et-al-2001,86.562000,,temperature_anomaly,-4.34,degC,observed;age_uncertainty_unavailable:GT4_has_no_point_age_distribution_in_source,c69eca96499bece4b2f65d4e40240f52e0bfb4027383b3f2db68a1b3e36c75f6
Vostok,Petit-et-al-2001,86.635000,,temperature_anomaly,-4.87,degC,observed;age_uncertainty_unavailable:GT4_has_no_point_age_distribution_in_source,c69eca96499bece4b2f65d4e40240f52e0bfb4027383b3f2db68a1b3e36c75f6
Vostok,Petit-et-al-2001,86.707000,,temperature_anomaly,-3.99,degC,observed;age_uncertainty_unavailable:GT4_has_no_point_age_distribution_in_source,c69eca96499bece4b2f65d4e40240f52e0bfb4027383b3f2db68a1b3e36c75f6
Vostok,Petit-et-al-2001,86.777000,,temperature_anomaly,-4.35,degC,observed;age_uncertainty_unavailable:GT4_has_no_point_age_distribution_in_source,c69eca96499bece4b2f65d4e40240f52e0bfb4027383b3f2db68a1b3e36c75f6
Vostok,Petit-et-al-2001,86.848000,,temperature_anomaly,-4.14,degC,observed;age_uncertainty_unavailable:GT4_has_no_point_age_distribution_in_source,c69eca96499bece4b2f65d4e40240f52e0bfb4027383b3f2db68a1b3e36c75f6
Vostok,Petit-et-al-2001,86.919000,,temperature_anomaly,-4.12,degC,observed;age_uncertainty_unavailable:GT4_has_no_point_age_distribution_in_source,c69eca96499bece4b2f65d4e40240f52e0bfb4027383b3f2db68a1b3e36c75f6
Vostok,Petit-et-al-2001,86.989000,,temperature_anomaly,-4.17,degC,observed;age_uncertainty_unavailable:GT4_has_no_point_age_distribution_in_source,c69eca96499bece4b2f65d4e40240f52e0bfb4027383b3f2db68a1b3e36c75f6
Vostok,Petit-et-al-2001,87.060000,,temperature_anomaly,-4.4,degC,observed;age_uncertainty_unavailable:GT4_has_no_point_age_distribution_in_source,c69eca96499bece4b2f65d4e40240f52e0bfb4027383b3f2db68a1b3e36c75f6
Vostok,Petit-et-al-2001,87.132000,,temperature_anomaly,-4.49,degC,observed;age_uncertainty_unavailable:GT4_has_no_point_age_distribution_in_source,c69eca96499bece4b2f65d4e40240f52e0bfb4027383b3f2db68a1b3e36c75f6
Vostok,Petit-et-al-2001,87.203000,,temperature_anomaly,-4.39,degC,observed;age_uncertainty_unavailable:GT4_has_no_point_age_distribution_in_source,c69eca96499bece4b2f65d4e40240f52e0bfb4027383b3f2db68a1b3e36c75f6
Vostok,Petit-et-al-2001,87.274000,,temperature_anomaly,-3.86,degC,observed;age_uncertainty_unavailable:GT4_has_no_point_age_distribution_in_source,c69eca96499bece4b2f65d4e40240f52e0bfb4027383b3f2db68a1b3e36c75f6
Vostok,Petit-et-al-2001,87.342000,,temperature_anomaly,-3.46,degC,observed;age_uncertainty_unavailable:GT4_has_no_point_age_distribution_in_source,c69eca96499bece4b2f65d4e40240f52e0bfb4027383b3f2db68a1b3e36c75f6
Vostok,Petit-et-al-2001,87.410000,,temperature_anomaly,-4.15,degC,observed;age_uncertainty_unavailable:GT4_has_no_point_age_distribution_in_source,c69eca96499bece4b2f65d4e40240f52e0bfb4027383b3f2db68a1b3e36c75f6
Vostok,Petit-et-al-2001,87.482000,,temperature_anomaly,-4.83,degC,observed;age_uncertainty_unavailable:GT4_has_no_point_age_distribution_in_source,c69eca96499bece4b2f65d4e40240f52e0bfb4027383b3f2db68a1b3e36c75f6
Vostok,Petit-et-al-2001,87.554000,,temperature_anomaly,-4.35,degC,observed;age_uncertainty_unavailable:GT4_has_no_point_age_distribution_in_source,c69eca96499bece4b2f65d4e40240f52e0bfb4027383b3f2db68a1b3e36c75f6
Vostok,Petit-et-al-2001,87.624000,,temperature_anomaly,-3.8,degC,observed;age_uncertainty_unavailable:GT4_has_no_point_age_distribution_in_source,c69eca96499bece4b2f65d4e40240f52e0bfb4027383b3f2db68a1b3e36c75f6
Vostok,Petit-et-al-2001,87.695000,,temperature_anomaly,-4.55,degC,observed;age_uncertainty_unavailable:GT4_has_no_point_age_distribution_in_source,c69eca96499bece4b2f65d4e40240f52e0bfb4027383b3f2db68a1b3e36c75f6
Vostok,Petit-et-al-2001,87.766000,,temperature_anomaly,-4.28,degC,observed;age_uncertainty_unavailable:GT4_has_no_point_age_distribution_in_source,c69eca96499bece4b2f65d4e40240f52e0bfb4027383b3f2db68a1b3e36c75f6
Vostok,Petit-et-al-2001,87.837000,,temperature_anomaly,-4.13,degC,observed;age_uncertainty_unavailable:GT4_has_no_point_age_distribution_in_source,c69eca96499bece4b2f65d4e40240f52e0bfb4027383b3f2db68a1b3e36c75f6
Vostok,Petit-et-al-2001,87.907000,,temperature_anomaly,-4.21,degC,observed;age_uncertainty_unavailable:GT4_has_no_point_age_distribution_in_source,c69eca96499bece4b2f65d4e40240f52e0bfb4027383b3f2db68a1b3e36c75f6
Vostok,Petit-et-al-2001,87.978000,,temperature_anomaly,-4.43,degC,observed;age_uncertainty_unavailable:GT4_has_no_point_age_distribution_in_source,c69eca96499bece4b2f65d4e40240f52e0bfb4027383b3f2db68a1b3e36c75f6
Vostok,Petit-et-al-2001,88.049000,,temperature_anomaly,-4.43,degC,observed;age_uncertainty_unavailable:GT4_has_no_point_age_distribution_in_source,c69eca96499bece4b2f65d4e40240f52e0bfb4027383b3f2db68a1b3e36c75f6
Vostok,Petit-et-al-2001,88.122000,,temperature_anomaly,-4.79,degC,observed;age_uncertainty_unavailable:GT4_has_no_point_age_distribution_in_source,c69eca96499bece4b2f65d4e40240f52e0bfb4027383b3f2db68a1b3e36c75f6
Vostok,Petit-et-al-2001,88.196000,,temperature_anomaly,-5.13,degC,observed;age_uncertainty_unavailable:GT4_has_no_point_age_distribution_in_source,c69eca96499bece4b2f65d4e40240f52e0bfb4027383b3f2db68a1b3e36c75f6
Vostok,Petit-et-al-2001,88.271000,,temperature_anomaly,-5.12,degC,observed;age_uncertainty_unavailable:GT4_has_no_point_age_distribution_in_source,c69eca96499bece4b2f65d4e40240f52e0bfb4027383b3f2db68a1b3e36c75f6
Vostok,Petit-et-al-2001,88.345000,,temperature_anomaly,-5.12,degC,observed;age_uncertainty_unavailable:GT4_has_no_point_age_distribution_in_source,c69eca96499bece4b2f65d4e40240f52e0bfb4027383b3f2db68a1b3e36c75f6
Vostok,Petit-et-al-2001,88.420000,,temperature_anomaly,-5.11,degC,observed;age_uncertainty_unavailable:GT4_has_no_point_age_distribution_in_source,c69eca96499bece4b2f65d4e40240f52e0bfb4027383b3f2db68a1b3e36c75f6
Vostok,Petit-et-al-2001,88.495000,,temperature_anomaly,-5.1,degC,observed;age_uncertainty_unavailable:GT4_has_no_point_age_distribution_in_source,c69eca96499bece4b2f65d4e40240f52e0bfb4027383b3f2db68a1b3e36c75f6
Vostok,Petit-et-al-2001,88.570000,,temperature_anomaly,-5.07,degC,observed;age_uncertainty_unavailable:GT4_has_no_point_age_distribution_in_source,c69eca96499bece4b2f65d4e40240f52e0bfb4027383b3f2db68a1b3e36c75f6
Vostok,Petit-et-al-2001,88.644000,,temperature_anomaly,-5.03,degC,observed;age_uncertainty_unavailable:GT4_has_no_point_age_distribution_in_source,c69eca96499bece4b2f65d4e40240f52e0bfb4027383b3f2db68a1b3e36c75f6
Vostok,Petit-et-al-2001,88.719000,,temperature_anomaly,-5.07,degC,observed;age_uncertainty_unavailable:GT4_has_no_point_age_distribution_in_source,c69eca96499bece4b2f65d4e40240f52e0bfb4027383b3f2db68a1b3e36c75f6
Vostok,Petit-et-al-2001,88.793000,,temperature_anomaly,-4.93,degC,observed;age_uncertainty_unavailable:GT4_has_no_point_age_distribution_in_source,c69eca96499bece4b2f65d4e40240f52e0bfb4027383b3f2db68a1b3e36c75f6
Vostok,Petit-et-al-2001,88.866000,,temperature_anomaly,-4.86,degC,observed;age_uncertainty_unavailable:GT4_has_no_point_age_distribution_in_source,c69eca96499bece4b2f65d4e40240f52e0bfb4027383b3f2db68a1b3e36c75f6
Vostok,Petit-et-al-2001,88.938000,,temperature_anomaly,-4.09,degC,observed;age_uncertainty_unavailable:GT4_has_no_point_age_distribution_in_source,c69eca96499bece4b2f65d4e40240f52e0bfb4027383b3f2db68a1b3e36c75f6
Vostok,Petit-et-al-2001,89.008000,,temperature_anomaly,-4.1,degC,observed;age_uncertainty_unavailable:GT4_has_no_point_age_distribution_in_source,c69eca96499bece4b2f65d4e40240f52e0bfb4027383b3f2db68a1b3e36c75f6
Vostok,Petit-et-al-2001,89.077000,,temperature_anomaly,-4.11,degC,observed;age_uncertainty_unavailable:GT4_has_no_point_age_distribution_in_source,c69eca96499bece4b2f65d4e40240f52e0bfb4027383b3f2db68a1b3e36c75f6
Vostok,Petit-et-al-2001,89.148000,,temperature_anomaly,-4.65,degC,observed;age_uncertainty_unavailable:GT4_has_no_point_age_distribution_in_source,c69eca96499bece4b2f65d4e40240f52e0bfb4027383b3f2db68a1b3e36c75f6
Vostok,Petit-et-al-2001,89.221000,,temperature_anomaly,-4.91,degC,observed;age_uncertainty_unavailable:GT4_has_no_point_age_distribution_in_source,c69eca96499bece4b2f65d4e40240f52e0bfb4027383b3f2db68a1b3e36c75f6
Vostok,Petit-et-al-2001,89.296000,,temperature_anomaly,-5.34,degC,observed;age_uncertainty_unavailable:GT4_has_no_point_age_distribution_in_source,c69eca96499bece4b2f65d4e40240f52e0bfb4027383b3f2db68a1b3e36c75f6
Vostok,Petit-et-al-2001,89.373000,,temperature_anomaly,-5.76,degC,observed;age_uncertainty_unavailable:GT4_has_no_point_age_distribution_in_source,c69eca96499bece4b2f65d4e40240f52e0bfb4027383b3f2db68a1b3e36c75f6
Vostok,Petit-et-al-2001,89.450000,,temperature_anomaly,-5.23,degC,observed;age_uncertainty_unavailable:GT4_has_no_point_age_distribution_in_source,c69eca96499bece4b2f65d4e40240f52e0bfb4027383b3f2db68a1b3e36c75f6
Vostok,Petit-et-al-2001,89.523000,,temperature_anomaly,-4.69,degC,observed;age_uncertainty_unavailable:GT4_has_no_point_age_distribution_in_source,c69eca96499bece4b2f65d4e40240f52e0bfb4027383b3f2db68a1b3e36c75f6
Vostok,Petit-et-al-2001,89.597000,,temperature_anomaly,-5.1,degC,observed;age_uncertainty_unavailable:GT4_has_no_point_age_distribution_in_source,c69eca96499bece4b2f65d4e40240f52e0bfb4027383b3f2db68a1b3e36c75f6
Vostok,Petit-et-al-2001,89.672000,,temperature_anomaly,-5.43,degC,observed;age_uncertainty_unavailable:GT4_has_no_point_age_distribution_in_source,c69eca96499bece4b2f65d4e40240f52e0bfb4027383b3f2db68a1b3e36c75f6
Vostok,Petit-et-al-2001,89.748000,,temperature_anomaly,-5.42,degC,observed;age_uncertainty_unavailable:GT4_has_no_point_age_distribution_in_source,c69eca96499bece4b2f65d4e40240f52e0bfb4027383b3f2db68a1b3e36c75f6
Vostok,Petit-et-al-2001,89.825000,,temperature_anomaly,-5.41,degC,observed;age_uncertainty_unavailable:GT4_has_no_point_age_distribution_in_source,c69eca96499bece4b2f65d4e40240f52e0bfb4027383b3f2db68a1b3e36c75f6
Vostok,Petit-et-al-2001,89.900000,,temperature_anomaly,-5.06,degC,observed;age_uncertainty_unavailable:GT4_has_no_point_age_distribution_in_source,c69eca96499bece4b2f65d4e40240f52e0bfb4027383b3f2db68a1b3e36c75f6
Vostok,Petit-et-al-2001,89.973000,,temperature_anomaly,-4.69,degC,observed;age_uncertainty_unavailable:GT4_has_no_point_age_distribution_in_source,c69eca96499bece4b2f65d4e40240f52e0bfb4027383b3f2db68a1b3e36c75f6
Vostok,Petit-et-al-2001,90.048000,,temperature_anomaly,-5.61,degC,observed;age_uncertainty_unavailable:GT4_has_no_point_age_distribution_in_source,c69eca96499bece4b2f65d4e40240f52e0bfb4027383b3f2db68a1b3e36c75f6
Vostok,Petit-et-al-2001,90.128000,,temperature_anomaly,-6.68,degC,observed;age_uncertainty_unavailable:GT4_has_no_point_age_distribution_in_source,c69eca96499bece4b2f65d4e40240f52e0bfb4027383b3f2db68a1b3e36c75f6
Vostok,Petit-et-al-2001,90.209000,,temperature_anomaly,-5.94,degC,observed;age_uncertainty_unavailable:GT4_has_no_point_age_distribution_in_source,c69eca96499bece4b2f65d4e40240f52e0bfb4027383b3f2db68a1b3e36c75f6
Vostok,Petit-et-al-2001,90.286000,,temperature_anomaly,-5.34,degC,observed;age_uncertainty_unavailable:GT4_has_no_point_age_distribution_in_source,c69eca96499bece4b2f65d4e40240f52e0bfb4027383b3f2db68a1b3e36c75f6
Vostok,Petit-et-al-2001,90.362000,,temperature_anomaly,-5.58,degC,observed;age_uncertainty_unavailable:GT4_has_no_point_age_distribution_in_source,c69eca96499bece4b2f65d4e40240f52e0bfb4027383b3f2db68a1b3e36c75f6
Vostok,Petit-et-al-2001,90.440000,,temperature_anomaly,-5.73,degC,observed;age_uncertainty_unavailable:GT4_has_no_point_age_distribution_in_source,c69eca96499bece4b2f65d4e40240f52e0bfb4027383b3f2db68a1b3e36c75f6
Vostok,Petit-et-al-2001,90.517000,,temperature_anomaly,-5.77,degC,observed;age_uncertainty_unavailable:GT4_has_no_point_age_distribution_in_source,c69eca96499bece4b2f65d4e40240f52e0bfb4027383b3f2db68a1b3e36c75f6
Vostok,Petit-et-al-2001,90.594000,,temperature_anomaly,-5.18,degC,observed;age_uncertainty_unavailable:GT4_has_no_point_age_distribution_in_source,c69eca96499bece4b2f65d4e40240f52e0bfb4027383b3f2db68a1b3e36c75f6
Vostok,Petit-et-al-2001,90.668000,,temperature_anomaly,-5.11,degC,observed;age_uncertainty_unavailable:GT4_has_no_point_age_distribution_in_source,c69eca96499bece4b2f65d4e40240f52e0bfb4027383b3f2db68a1b3e36c75f6
Vostok,Petit-et-al-2001,90.740000,,temperature_anomaly,-4.16,degC,observed;age_uncertainty_unavailable:GT4_has_no_point_age_distribution_in_source,c69eca96499bece4b2f65d4e40240f52e0bfb4027383b3f2db68a1b3e36c75f6
Vostok,Petit-et-al-2001,90.812000,,temperature_anomaly,-5,degC,observed;age_uncertainty_unavailable:GT4_has_no_point_age_distribution_in_source,c69eca96499bece4b2f65d4e40240f52e0bfb4027383b3f2db68a1b3e36c75f6
Vostok,Petit-et-al-2001,90.885000,,temperature_anomaly,-4.79,degC,observed;age_uncertainty_unavailable:GT4_has_no_point_age_distribution_in_source,c69eca96499bece4b2f65d4e40240f52e0bfb4027383b3f2db68a1b3e36c75f6
Vostok,Petit-et-al-2001,90.959000,,temperature_anomaly,-5.02,degC,observed;age_uncertainty_unavailable:GT4_has_no_point_age_distribution_in_source,c69eca96499bece4b2f65d4e40240f52e0bfb4027383b3f2db68a1b3e36c75f6
Vostok,Petit-et-al-2001,91.033000,,temperature_anomaly,-4.99,degC,observed;age_uncertainty_unavailable:GT4_has_no_point_age_distribution_in_source,c69eca96499bece4b2f65d4e40240f52e0bfb4027383b3f2db68a1b3e36c75f6
Vostok,Petit-et-al-2001,91.107000,,temperature_anomaly,-5.19,degC,observed;age_uncertainty_unavailable:GT4_has_no_point_age_distribution_in_source,c69eca96499bece4b2f65d4e40240f52e0bfb4027383b3f2db68a1b3e36c75f6
Vostok,Petit-et-al-2001,91.182000,,temperature_anomaly,-5.21,degC,observed;age_uncertainty_unavailable:GT4_has_no_point_age_distribution_in_source,c69eca96499bece4b2f65d4e40240f52e0bfb4027383b3f2db68a1b3e36c75f6
Vostok,Petit-et-al-2001,91.258000,,temperature_anomaly,-5.72,degC,observed;age_uncertainty_unavailable:GT4_has_no_point_age_distribution_in_source,c69eca96499bece4b2f65d4e40240f52e0bfb4027383b3f2db68a1b3e36c75f6
Vostok,Petit-et-al-2001,91.336000,,temperature_anomaly,-5.81,degC,observed;age_uncertainty_unavailable:GT4_has_no_point_age_distribution_in_source,c69eca96499bece4b2f65d4e40240f52e0bfb4027383b3f2db68a1b3e36c75f6
Vostok,Petit-et-al-2001,91.411000,,temperature_anomaly,-4.73,degC,observed;age_uncertainty_unavailable:GT4_has_no_point_age_distribution_in_source,c69eca96499bece4b2f65d4e40240f52e0bfb4027383b3f2db68a1b3e36c75f6
Vostok,Petit-et-al-2001,91.480000,,temperature_anomaly,-3.53,degC,observed;age_uncertainty_unavailable:GT4_has_no_point_age_distribution_in_source,c69eca96499bece4b2f65d4e40240f52e0bfb4027383b3f2db68a1b3e36c75f6
Vostok,Petit-et-al-2001,91.547000,,temperature_anomaly,-3.61,degC,observed;age_uncertainty_unavailable:GT4_has_no_point_age_distribution_in_source,c69eca96499bece4b2f65d4e40240f52e0bfb4027383b3f2db68a1b3e36c75f6
Vostok,Petit-et-al-2001,91.615000,,temperature_anomaly,-4.05,degC,observed;age_uncertainty_unavailable:GT4_has_no_point_age_distribution_in_source,c69eca96499bece4b2f65d4e40240f52e0bfb4027383b3f2db68a1b3e36c75f6
Vostok,Petit-et-al-2001,91.685000,,temperature_anomaly,-4.12,degC,observed;age_uncertainty_unavailable:GT4_has_no_point_age_distribution_in_source,c69eca96499bece4b2f65d4e40240f52e0bfb4027383b3f2db68a1b3e36c75f6
Vostok,Petit-et-al-2001,91.753000,,temperature_anomaly,-3.85,degC,observed;age_uncertainty_unavailable:GT4_has_no_point_age_distribution_in_source,c69eca96499bece4b2f65d4e40240f52e0bfb4027383b3f2db68a1b3e36c75f6
Vostok,Petit-et-al-2001,91.823000,,temperature_anomaly,-4.61,degC,observed;age_uncertainty_unavailable:GT4_has_no_point_age_distribution_in_source,c69eca96499bece4b2f65d4e40240f52e0bfb4027383b3f2db68a1b3e36c75f6
Vostok,Petit-et-al-2001,91.896000,,temperature_anomaly,-4.85,degC,observed;age_uncertainty_unavailable:GT4_has_no_point_age_distribution_in_source,c69eca96499bece4b2f65d4e40240f52e0bfb4027383b3f2db68a1b3e36c75f6
Vostok,Petit-et-al-2001,91.968000,,temperature_anomaly,-4.59,degC,observed;age_uncertainty_unavailable:GT4_has_no_point_age_distribution_in_source,c69eca96499bece4b2f65d4e40240f52e0bfb4027383b3f2db68a1b3e36c75f6
Vostok,Petit-et-al-2001,92.040000,,temperature_anomaly,-4.83,degC,observed;age_uncertainty_unavailable:GT4_has_no_point_age_distribution_in_source,c69eca96499bece4b2f65d4e40240f52e0bfb4027383b3f2db68a1b3e36c75f6
Vostok,Petit-et-al-2001,92.114000,,temperature_anomaly,-5.1,degC,observed;age_uncertainty_unavailable:GT4_has_no_point_age_distribution_in_source,c69eca96499bece4b2f65d4e40240f52e0bfb4027383b3f2db68a1b3e36c75f6
Vostok,Petit-et-al-2001,92.187000,,temperature_anomaly,-4.71,degC,observed;age_uncertainty_unavailable:GT4_has_no_point_age_distribution_in_source,c69eca96499bece4b2f65d4e40240f52e0bfb4027383b3f2db68a1b3e36c75f6
Vostok,Petit-et-al-2001,92.259000,,temperature_anomaly,-4.54,degC,observed;age_uncertainty_unavailable:GT4_has_no_point_age_distribution_in_source,c69eca96499bece4b2f65d4e40240f52e0bfb4027383b3f2db68a1b3e36c75f6
Vostok,Petit-et-al-2001,92.329000,,temperature_anomaly,-3.99,degC,observed;age_uncertainty_unavailable:GT4_has_no_point_age_distribution_in_source,c69eca96499bece4b2f65d4e40240f52e0bfb4027383b3f2db68a1b3e36c75f6
Vostok,Petit-et-al-2001,92.398000,,temperature_anomaly,-4.12,degC,observed;age_uncertainty_unavailable:GT4_has_no_point_age_distribution_in_source,c69eca96499bece4b2f65d4e40240f52e0bfb4027383b3f2db68a1b3e36c75f6
Vostok,Petit-et-al-2001,92.470000,,temperature_anomaly,-4.94,degC,observed;age_uncertainty_unavailable:GT4_has_no_point_age_distribution_in_source,c69eca96499bece4b2f65d4e40240f52e0bfb4027383b3f2db68a1b3e36c75f6
Vostok,Petit-et-al-2001,92.542000,,temperature_anomaly,-4.77,degC,observed;age_uncertainty_unavailable:GT4_has_no_point_age_distribution_in_source,c69eca96499bece4b2f65d4e40240f52e0bfb4027383b3f2db68a1b3e36c75f6
Vostok,Petit-et-al-2001,92.617000,,temperature_anomaly,-5.45,degC,observed;age_uncertainty_unavailable:GT4_has_no_point_age_distribution_in_source,c69eca96499bece4b2f65d4e40240f52e0bfb4027383b3f2db68a1b3e36c75f6
Vostok,Petit-et-al-2001,92.690000,,temperature_anomaly,-4.58,degC,observed;age_uncertainty_unavailable:GT4_has_no_point_age_distribution_in_source,c69eca96499bece4b2f65d4e40240f52e0bfb4027383b3f2db68a1b3e36c75f6
Vostok,Petit-et-al-2001,92.759000,,temperature_anomaly,-3.32,degC,observed;age_uncertainty_unavailable:GT4_has_no_point_age_distribution_in_source,c69eca96499bece4b2f65d4e40240f52e0bfb4027383b3f2db68a1b3e36c75f6
Vostok,Petit-et-al-2001,92.827000,,temperature_anomaly,-4.28,degC,observed;age_uncertainty_unavailable:GT4_has_no_point_age_distribution_in_source,c69eca96499bece4b2f65d4e40240f52e0bfb4027383b3f2db68a1b3e36c75f6
Vostok,Petit-et-al-2001,92.897000,,temperature_anomaly,-4.46,degC,observed;age_uncertainty_unavailable:GT4_has_no_point_age_distribution_in_source,c69eca96499bece4b2f65d4e40240f52e0bfb4027383b3f2db68a1b3e36c75f6
Vostok,Petit-et-al-2001,92.967000,,temperature_anomaly,-4.06,degC,observed;age_uncertainty_unavailable:GT4_has_no_point_age_distribution_in_source,c69eca96499bece4b2f65d4e40240f52e0bfb4027383b3f2db68a1b3e36c75f6
Vostok,Petit-et-al-2001,93.037000,,temperature_anomaly,-4.14,degC,observed;age_uncertainty_unavailable:GT4_has_no_point_age_distribution_in_source,c69eca96499bece4b2f65d4e40240f52e0bfb4027383b3f2db68a1b3e36c75f6
Vostok,Petit-et-al-2001,93.107000,,temperature_anomaly,-4.62,degC,observed;age_uncertainty_unavailable:GT4_has_no_point_age_distribution_in_source,c69eca96499bece4b2f65d4e40240f52e0bfb4027383b3f2db68a1b3e36c75f6
Vostok,Petit-et-al-2001,93.180000,,temperature_anomaly,-5.15,degC,observed;age_uncertainty_unavailable:GT4_has_no_point_age_distribution_in_source,c69eca96499bece4b2f65d4e40240f52e0bfb4027383b3f2db68a1b3e36c75f6
Vostok,Petit-et-al-2001,93.254000,,temperature_anomaly,-4.7,degC,observed;age_uncertainty_unavailable:GT4_has_no_point_age_distribution_in_source,c69eca96499bece4b2f65d4e40240f52e0bfb4027383b3f2db68a1b3e36c75f6
Vostok,Petit-et-al-2001,93.325000,,temperature_anomaly,-4.48,degC,observed;age_uncertainty_unavailable:GT4_has_no_point_age_distribution_in_source,c69eca96499bece4b2f65d4e40240f52e0bfb4027383b3f2db68a1b3e36c75f6
Vostok,Petit-et-al-2001,93.397000,,temperature_anomaly,-4.69,degC,observed;age_uncertainty_unavailable:GT4_has_no_point_age_distribution_in_source,c69eca96499bece4b2f65d4e40240f52e0bfb4027383b3f2db68a1b3e36c75f6
Vostok,Petit-et-al-2001,93.468000,,temperature_anomaly,-4.44,degC,observed;age_uncertainty_unavailable:GT4_has_no_point_age_distribution_in_source,c69eca96499bece4b2f65d4e40240f52e0bfb4027383b3f2db68a1b3e36c75f6
Vostok,Petit-et-al-2001,93.540000,,temperature_anomaly,-4.92,degC,observed;age_uncertainty_unavailable:GT4_has_no_point_age_distribution_in_source,c69eca96499bece4b2f65d4e40240f52e0bfb4027383b3f2db68a1b3e36c75f6
Vostok,Petit-et-al-2001,93.615000,,temperature_anomaly,-5.61,degC,observed;age_uncertainty_unavailable:GT4_has_no_point_age_distribution_in_source,c69eca96499bece4b2f65d4e40240f52e0bfb4027383b3f2db68a1b3e36c75f6
Vostok,Petit-et-al-2001,93.690000,,temperature_anomaly,-4.68,degC,observed;age_uncertainty_unavailable:GT4_has_no_point_age_distribution_in_source,c69eca96499bece4b2f65d4e40240f52e0bfb4027383b3f2db68a1b3e36c75f6
Vostok,Petit-et-al-2001,93.761000,,temperature_anomaly,-4.27,degC,observed;age_uncertainty_unavailable:GT4_has_no_point_age_distribution_in_source,c69eca96499bece4b2f65d4e40240f52e0bfb4027383b3f2db68a1b3e36c75f6
Vostok,Petit-et-al-2001,93.829000,,temperature_anomaly,-3.45,degC,observed;age_uncertainty_unavailable:GT4_has_no_point_age_distribution_in_source,c69eca96499bece4b2f65d4e40240f52e0bfb4027383b3f2db68a1b3e36c75f6
Vostok,Petit-et-al-2001,93.895000,,temperature_anomaly,-3.27,degC,observed;age_uncertainty_unavailable:GT4_has_no_point_age_distribution_in_source,c69eca96499bece4b2f65d4e40240f52e0bfb4027383b3f2db68a1b3e36c75f6
Vostok,Petit-et-al-2001,93.961000,,temperature_anomaly,-3.45,degC,observed;age_uncertainty_unavailable:GT4_has_no_point_age_distribution_in_source,c69eca96499bece4b2f65d4e40240f52e0bfb4027383b3f2db68a1b3e36c75f6
Vostok,Petit-et-al-2001,94.026000,,temperature_anomaly,-3.25,degC,observed;age_uncertainty_unavailable:GT4_has_no_point_age_distribution_in_source,c69eca96499bece4b2f65d4e40240f52e0bfb4027383b3f2db68a1b3e36c75f6
Vostok,Petit-et-al-2001,94.093000,,temperature_anomaly,-3.88,degC,observed;age_uncertainty_unavailable:GT4_has_no_point_age_distribution_in_source,c69eca96499bece4b2f65d4e40240f52e0bfb4027383b3f2db68a1b3e36c75f6
Vostok,Petit-et-al-2001,94.164000,,temperature_anomaly,-4.97,degC,observed;age_uncertainty_unavailable:GT4_has_no_point_age_distribution_in_source,c69eca96499bece4b2f65d4e40240f52e0bfb4027383b3f2db68a1b3e36c75f6
Vostok,Petit-et-al-2001,94.238000,,temperature_anomaly,-4.97,degC,observed;age_uncertainty_unavailable:GT4_has_no_point_age_distribution_in_source,c69eca96499bece4b2f65d4e40240f52e0bfb4027383b3f2db68a1b3e36c75f6
Vostok,Petit-et-al-2001,94.311000,,temperature_anomaly,-4.84,degC,observed;age_uncertainty_unavailable:GT4_has_no_point_age_distribution_in_source,c69eca96499bece4b2f65d4e40240f52e0bfb4027383b3f2db68a1b3e36c75f6
Vostok,Petit-et-al-2001,94.382000,,temperature_anomaly,-4.12,degC,observed;age_uncertainty_unavailable:GT4_has_no_point_age_distribution_in_source,c69eca96499bece4b2f65d4e40240f52e0bfb4027383b3f2db68a1b3e36c75f6
Vostok,Petit-et-al-2001,94.450000,,temperature_anomaly,-3.66,degC,observed;age_uncertainty_unavailable:GT4_has_no_point_age_distribution_in_source,c69eca96499bece4b2f65d4e40240f52e0bfb4027383b3f2db68a1b3e36c75f6
Vostok,Petit-et-al-2001,94.517000,,temperature_anomaly,-3.51,degC,observed;age_uncertainty_unavailable:GT4_has_no_point_age_distribution_in_source,c69eca96499bece4b2f65d4e40240f52e0bfb4027383b3f2db68a1b3e36c75f6
Vostok,Petit-et-al-2001,94.585000,,temperature_anomaly,-4.15,degC,observed;age_uncertainty_unavailable:GT4_has_no_point_age_distribution_in_source,c69eca96499bece4b2f65d4e40240f52e0bfb4027383b3f2db68a1b3e36c75f6
Vostok,Petit-et-al-2001,94.655000,,temperature_anomaly,-4.35,degC,observed;age_uncertainty_unavailable:GT4_has_no_point_age_distribution_in_source,c69eca96499bece4b2f65d4e40240f52e0bfb4027383b3f2db68a1b3e36c75f6
Vostok,Petit-et-al-2001,94.725000,,temperature_anomaly,-4.45,degC,observed;age_uncertainty_unavailable:GT4_has_no_point_age_distribution_in_source,c69eca96499bece4b2f65d4e40240f52e0bfb4027383b3f2db68a1b3e36c75f6
Vostok,Petit-et-al-2001,94.795000,,temperature_anomaly,-4.05,degC,observed;age_uncertainty_unavailable:GT4_has_no_point_age_distribution_in_source,c69eca96499bece4b2f65d4e40240f52e0bfb4027383b3f2db68a1b3e36c75f6
Vostok,Petit-et-al-2001,94.864000,,temperature_anomaly,-3.87,degC,observed;age_uncertainty_unavailable:GT4_has_no_point_age_distribution_in_source,c69eca96499bece4b2f65d4e40240f52e0bfb4027383b3f2db68a1b3e36c75f6
Vostok,Petit-et-al-2001,94.932000,,temperature_anomaly,-3.8,degC,observed;age_uncertainty_unavailable:GT4_has_no_point_age_distribution_in_source,c69eca96499bece4b2f65d4e40240f52e0bfb4027383b3f2db68a1b3e36c75f6
Vostok,Petit-et-al-2001,95.000000,,temperature_anomaly,-3.96,degC,observed;age_uncertainty_unavailable:GT4_has_no_point_age_distribution_in_source,c69eca96499bece4b2f65d4e40240f52e0bfb4027383b3f2db68a1b3e36c75f6
Vostok,Petit-et-al-2001,95.070000,,temperature_anomaly,-4.39,degC,observed;age_uncertainty_unavailable:GT4_has_no_point_age_distribution_in_source,c69eca96499bece4b2f65d4e40240f52e0bfb4027383b3f2db68a1b3e36c75f6
Vostok,Petit-et-al-2001,95.141000,,temperature_anomaly,-4.77,degC,observed;age_uncertainty_unavailable:GT4_has_no_point_age_distribution_in_source,c69eca96499bece4b2f65d4e40240f52e0bfb4027383b3f2db68a1b3e36c75f6
Vostok,Petit-et-al-2001,95.214000,,temperature_anomaly,-4.9,degC,observed;age_uncertainty_unavailable:GT4_has_no_point_age_distribution_in_source,c69eca96499bece4b2f65d4e40240f52e0bfb4027383b3f2db68a1b3e36c75f6
Vostok,Petit-et-al-2001,95.284000,,temperature_anomaly,-3.64,degC,observed;age_uncertainty_unavailable:GT4_has_no_point_age_distribution_in_source,c69eca96499bece4b2f65d4e40240f52e0bfb4027383b3f2db68a1b3e36c75f6
Vostok,Petit-et-al-2001,95.351000,,temperature_anomaly,-3.39,degC,observed;age_uncertainty_unavailable:GT4_has_no_point_age_distribution_in_source,c69eca96499bece4b2f65d4e40240f52e0bfb4027383b3f2db68a1b3e36c75f6
Vostok,Petit-et-al-2001,95.418000,,temperature_anomaly,-3.89,degC,observed;age_uncertainty_unavailable:GT4_has_no_point_age_distribution_in_source,c69eca96499bece4b2f65d4e40240f52e0bfb4027383b3f2db68a1b3e36c75f6
Vostok,Petit-et-al-2001,95.487000,,temperature_anomaly,-4,degC,observed;age_uncertainty_unavailable:GT4_has_no_point_age_distribution_in_source,c69eca96499bece4b2f65d4e40240f52e0bfb4027383b3f2db68a1b3e36c75f6
Vostok,Petit-et-al-2001,95.556000,,temperature_anomaly,-4,degC,observed;age_uncertainty_unavailable:GT4_has_no_point_age_distribution_in_source,c69eca96499bece4b2f65d4e40240f52e0bfb4027383b3f2db68a1b3e36c75f6
Vostok,Petit-et-al-2001,95.624000,,temperature_anomaly,-4,degC,observed;age_uncertainty_unavailable:GT4_has_no_point_age_distribution_in_source,c69eca96499bece4b2f65d4e40240f52e0bfb4027383b3f2db68a1b3e36c75f6
Vostok,Petit-et-al-2001,95.693000,,temperature_anomaly,-3.85,degC,observed;age_uncertainty_unavailable:GT4_has_no_point_age_distribution_in_source,c69eca96499bece4b2f65d4e40240f52e0bfb4027383b3f2db68a1b3e36c75f6
Vostok,Petit-et-al-2001,95.761000,,temperature_anomaly,-3.7,degC,observed;age_uncertainty_unavailable:GT4_has_no_point_age_distribution_in_source,c69eca96499bece4b2f65d4e40240f52e0bfb4027383b3f2db68a1b3e36c75f6
Vostok,Petit-et-al-2001,95.828000,,temperature_anomaly,-3.7,degC,observed;age_uncertainty_unavailable:GT4_has_no_point_age_distribution_in_source,c69eca96499bece4b2f65d4e40240f52e0bfb4027383b3f2db68a1b3e36c75f6
Vostok,Petit-et-al-2001,95.895000,,temperature_anomaly,-3.7,degC,observed;age_uncertainty_unavailable:GT4_has_no_point_age_distribution_in_source,c69eca96499bece4b2f65d4e40240f52e0bfb4027383b3f2db68a1b3e36c75f6
Vostok,Petit-et-al-2001,95.964000,,temperature_anomaly,-4,degC,observed;age_uncertainty_unavailable:GT4_has_no_point_age_distribution_in_source,c69eca96499bece4b2f65d4e40240f52e0bfb4027383b3f2db68a1b3e36c75f6
Vostok,Petit-et-al-2001,96.033000,,temperature_anomaly,-4.3,degC,observed;age_uncertainty_unavailable:GT4_has_no_point_age_distribution_in_source,c69eca96499bece4b2f65d4e40240f52e0bfb4027383b3f2db68a1b3e36c75f6
Vostok,Petit-et-al-2001,96.103000,,temperature_anomaly,-3.95,degC,observed;age_uncertainty_unavailable:GT4_has_no_point_age_distribution_in_source,c69eca96499bece4b2f65d4e40240f52e0bfb4027383b3f2db68a1b3e36c75f6
Vostok,Petit-et-al-2001,96.170000,,temperature_anomaly,-3.5,degC,observed;age_uncertainty_unavailable:GT4_has_no_point_age_distribution_in_source,c69eca96499bece4b2f65d4e40240f52e0bfb4027383b3f2db68a1b3e36c75f6
Vostok,Petit-et-al-2001,96.237000,,temperature_anomaly,-3.5,degC,observed;age_uncertainty_unavailable:GT4_has_no_point_age_distribution_in_source,c69eca96499bece4b2f65d4e40240f52e0bfb4027383b3f2db68a1b3e36c75f6
Vostok,Petit-et-al-2001,96.304000,,temperature_anomaly,-3.8,degC,observed;age_uncertainty_unavailable:GT4_has_no_point_age_distribution_in_source,c69eca96499bece4b2f65d4e40240f52e0bfb4027383b3f2db68a1b3e36c75f6
Vostok,Petit-et-al-2001,96.372000,,temperature_anomaly,-3.87,degC,observed;age_uncertainty_unavailable:GT4_has_no_point_age_distribution_in_source,c69eca96499bece4b2f65d4e40240f52e0bfb4027383b3f2db68a1b3e36c75f6
Vostok,Petit-et-al-2001,96.441000,,temperature_anomaly,-4.23,degC,observed;age_uncertainty_unavailable:GT4_has_no_point_age_distribution_in_source,c69eca96499bece4b2f65d4e40240f52e0bfb4027383b3f2db68a1b3e36c75f6
Vostok,Petit-et-al-2001,96.511000,,temperature_anomaly,-4.35,degC,observed;age_uncertainty_unavailable:GT4_has_no_point_age_distribution_in_source,c69eca96499bece4b2f65d4e40240f52e0bfb4027383b3f2db68a1b3e36c75f6
Vostok,Petit-et-al-2001,96.582000,,temperature_anomaly,-4.28,degC,observed;age_uncertainty_unavailable:GT4_has_no_point_age_distribution_in_source,c69eca96499bece4b2f65d4e40240f52e0bfb4027383b3f2db68a1b3e36c75f6
Vostok,Petit-et-al-2001,96.652000,,temperature_anomaly,-4.35,degC,observed;age_uncertainty_unavailable:GT4_has_no_point_age_distribution_in_source,c69eca96499bece4b2f65d4e40240f52e0bfb4027383b3f2db68a1b3e36c75f6
Vostok,Petit-et-al-2001,96.722000,,temperature_anomaly,-3.88,degC,observed;age_uncertainty_unavailable:GT4_has_no_point_age_distribution_in_source,c69eca96499bece4b2f65d4e40240f52e0bfb4027383b3f2db68a1b3e36c75f6
Vostok,Petit-et-al-2001,96.791000,,temperature_anomaly,-4.2,degC,observed;age_uncertainty_unavailable:GT4_has_no_point_age_distribution_in_source,c69eca96499bece4b2f65d4e40240f52e0bfb4027383b3f2db68a1b3e36c75f6
Vostok,Petit-et-al-2001,96.861000,,temperature_anomaly,-4.51,degC,observed;age_uncertainty_unavailable:GT4_has_no_point_age_distribution_in_source,c69eca96499bece4b2f65d4e40240f52e0bfb4027383b3f2db68a1b3e36c75f6
Vostok,Petit-et-al-2001,96.933000,,temperature_anomaly,-4.51,degC,observed;age_uncertainty_unavailable:GT4_has_no_point_age_distribution_in_source,c69eca96499bece4b2f65d4e40240f52e0bfb4027383b3f2db68a1b3e36c75f6
Vostok,Petit-et-al-2001,97.004000,,temperature_anomaly,-4.51,degC,observed;age_uncertainty_unavailable:GT4_has_no_point_age_distribution_in_source,c69eca96499bece4b2f65d4e40240f52e0bfb4027383b3f2db68a1b3e36c75f6
Vostok,Petit-et-al-2001,97.075000,,temperature_anomaly,-4.42,degC,observed;age_uncertainty_unavailable:GT4_has_no_point_age_distribution_in_source,c69eca96499bece4b2f65d4e40240f52e0bfb4027383b3f2db68a1b3e36c75f6
Vostok,Petit-et-al-2001,97.148000,,temperature_anomaly,-5.24,degC,observed;age_uncertainty_unavailable:GT4_has_no_point_age_distribution_in_source,c69eca96499bece4b2f65d4e40240f52e0bfb4027383b3f2db68a1b3e36c75f6
Vostok,Petit-et-al-2001,97.222000,,temperature_anomaly,-4.9,degC,observed;age_uncertainty_unavailable:GT4_has_no_point_age_distribution_in_source,c69eca96499bece4b2f65d4e40240f52e0bfb4027383b3f2db68a1b3e36c75f6
Vostok,Petit-et-al-2001,97.294000,,temperature_anomaly,-4.35,degC,observed;age_uncertainty_unavailable:GT4_has_no_point_age_distribution_in_source,c69eca96499bece4b2f65d4e40240f52e0bfb4027383b3f2db68a1b3e36c75f6
Vostok,Petit-et-al-2001,97.365000,,temperature_anomaly,-4.57,degC,observed;age_uncertainty_unavailable:GT4_has_no_point_age_distribution_in_source,c69eca96499bece4b2f65d4e40240f52e0bfb4027383b3f2db68a1b3e36c75f6
Vostok,Petit-et-al-2001,97.439000,,temperature_anomaly,-5.46,degC,observed;age_uncertainty_unavailable:GT4_has_no_point_age_distribution_in_source,c69eca96499bece4b2f65d4e40240f52e0bfb4027383b3f2db68a1b3e36c75f6
Vostok,Petit-et-al-2001,97.514000,,temperature_anomaly,-4.98,degC,observed;age_uncertainty_unavailable:GT4_has_no_point_age_distribution_in_source,c69eca96499bece4b2f65d4e40240f52e0bfb4027383b3f2db68a1b3e36c75f6
Vostok,Petit-et-al-2001,97.588000,,temperature_anomaly,-4.88,degC,observed;age_uncertainty_unavailable:GT4_has_no_point_age_distribution_in_source,c69eca96499bece4b2f65d4e40240f52e0bfb4027383b3f2db68a1b3e36c75f6
Vostok,Petit-et-al-2001,97.659000,,temperature_anomaly,-4.12,degC,observed;age_uncertainty_unavailable:GT4_has_no_point_age_distribution_in_source,c69eca96499bece4b2f65d4e40240f52e0bfb4027383b3f2db68a1b3e36c75f6
Vostok,Petit-et-al-2001,97.727000,,temperature_anomaly,-3.36,degC,observed;age_uncertainty_unavailable:GT4_has_no_point_age_distribution_in_source,c69eca96499bece4b2f65d4e40240f52e0bfb4027383b3f2db68a1b3e36c75f6
Vostok,Petit-et-al-2001,97.794000,,temperature_anomaly,-4.1,degC,observed;age_uncertainty_unavailable:GT4_has_no_point_age_distribution_in_source,c69eca96499bece4b2f65d4e40240f52e0bfb4027383b3f2db68a1b3e36c75f6
Vostok,Petit-et-al-2001,97.864000,,temperature_anomaly,-4.24,degC,observed;age_uncertainty_unavailable:GT4_has_no_point_age_distribution_in_source,c69eca96499bece4b2f65d4e40240f52e0bfb4027383b3f2db68a1b3e36c75f6
Vostok,Petit-et-al-2001,97.936000,,temperature_anomaly,-4.82,degC,observed;age_uncertainty_unavailable:GT4_has_no_point_age_distribution_in_source,c69eca96499bece4b2f65d4e40240f52e0bfb4027383b3f2db68a1b3e36c75f6
Vostok,Petit-et-al-2001,98.010000,,temperature_anomaly,-5.38,degC,observed;age_uncertainty_unavailable:GT4_has_no_point_age_distribution_in_source,c69eca96499bece4b2f65d4e40240f52e0bfb4027383b3f2db68a1b3e36c75f6
Vostok,Petit-et-al-2001,98.085000,,temperature_anomaly,-4.87,degC,observed;age_uncertainty_unavailable:GT4_has_no_point_age_distribution_in_source,c69eca96499bece4b2f65d4e40240f52e0bfb4027383b3f2db68a1b3e36c75f6
Vostok,Petit-et-al-2001,98.157000,,temperature_anomaly,-4.38,degC,observed;age_uncertainty_unavailable:GT4_has_no_point_age_distribution_in_source,c69eca96499bece4b2f65d4e40240f52e0bfb4027383b3f2db68a1b3e36c75f6
Vostok,Petit-et-al-2001,98.228000,,temperature_anomaly,-4.51,degC,observed;age_uncertainty_unavailable:GT4_has_no_point_age_distribution_in_source,c69eca96499bece4b2f65d4e40240f52e0bfb4027383b3f2db68a1b3e36c75f6
Vostok,Petit-et-al-2001,98.300000,,temperature_anomaly,-4.84,degC,observed;age_uncertainty_unavailable:GT4_has_no_point_age_distribution_in_source,c69eca96499bece4b2f65d4e40240f52e0bfb4027383b3f2db68a1b3e36c75f6
Vostok,Petit-et-al-2001,98.371000,,temperature_anomaly,-3.93,degC,observed;age_uncertainty_unavailable:GT4_has_no_point_age_distribution_in_source,c69eca96499bece4b2f65d4e40240f52e0bfb4027383b3f2db68a1b3e36c75f6
Vostok,Petit-et-al-2001,98.439000,,temperature_anomaly,-3.5,degC,observed;age_uncertainty_unavailable:GT4_has_no_point_age_distribution_in_source,c69eca96499bece4b2f65d4e40240f52e0bfb4027383b3f2db68a1b3e36c75f6
Vostok,Petit-et-al-2001,98.505000,,temperature_anomaly,-3.51,degC,observed;age_uncertainty_unavailable:GT4_has_no_point_age_distribution_in_source,c69eca96499bece4b2f65d4e40240f52e0bfb4027383b3f2db68a1b3e36c75f6
Vostok,Petit-et-al-2001,98.572000,,temperature_anomaly,-3.51,degC,observed;age_uncertainty_unavailable:GT4_has_no_point_age_distribution_in_source,c69eca96499bece4b2f65d4e40240f52e0bfb4027383b3f2db68a1b3e36c75f6
Vostok,Petit-et-al-2001,98.640000,,temperature_anomaly,-4.12,degC,observed;age_uncertainty_unavailable:GT4_has_no_point_age_distribution_in_source,c69eca96499bece4b2f65d4e40240f52e0bfb4027383b3f2db68a1b3e36c75f6
Vostok,Petit-et-al-2001,98.712000,,temperature_anomaly,-4.75,degC,observed;age_uncertainty_unavailable:GT4_has_no_point_age_distribution_in_source,c69eca96499bece4b2f65d4e40240f52e0bfb4027383b3f2db68a1b3e36c75f6
Vostok,Petit-et-al-2001,98.783000,,temperature_anomaly,-4.39,degC,observed;age_uncertainty_unavailable:GT4_has_no_point_age_distribution_in_source,c69eca96499bece4b2f65d4e40240f52e0bfb4027383b3f2db68a1b3e36c75f6
Vostok,Petit-et-al-2001,98.855000,,temperature_anomaly,-4.56,degC,observed;age_uncertainty_unavailable:GT4_has_no_point_age_distribution_in_source,c69eca96499bece4b2f65d4e40240f52e0bfb4027383b3f2db68a1b3e36c75f6
Vostok,Petit-et-al-2001,98.925000,,temperature_anomaly,-4,degC,observed;age_uncertainty_unavailable:GT4_has_no_point_age_distribution_in_source,c69eca96499bece4b2f65d4e40240f52e0bfb4027383b3f2db68a1b3e36c75f6
Vostok,Petit-et-al-2001,98.994000,,temperature_anomaly,-3.8,degC,observed;age_uncertainty_unavailable:GT4_has_no_point_age_distribution_in_source,c69eca96499bece4b2f65d4e40240f52e0bfb4027383b3f2db68a1b3e36c75f6
Vostok,Petit-et-al-2001,99.063000,,temperature_anomaly,-4.17,degC,observed;age_uncertainty_unavailable:GT4_has_no_point_age_distribution_in_source,c69eca96499bece4b2f65d4e40240f52e0bfb4027383b3f2db68a1b3e36c75f6
Vostok,Petit-et-al-2001,99.134000,,temperature_anomaly,-4.58,degC,observed;age_uncertainty_unavailable:GT4_has_no_point_age_distribution_in_source,c69eca96499bece4b2f65d4e40240f52e0bfb4027383b3f2db68a1b3e36c75f6
Vostok,Petit-et-al-2001,99.205000,,temperature_anomaly,-4.35,degC,observed;age_uncertainty_unavailable:GT4_has_no_point_age_distribution_in_source,c69eca96499bece4b2f65d4e40240f52e0bfb4027383b3f2db68a1b3e36c75f6
Vostok,Petit-et-al-2001,99.275000,,temperature_anomaly,-4.12,degC,observed;age_uncertainty_unavailable:GT4_has_no_point_age_distribution_in_source,c69eca96499bece4b2f65d4e40240f52e0bfb4027383b3f2db68a1b3e36c75f6
Vostok,Petit-et-al-2001,99.345000,,temperature_anomaly,-4.07,degC,observed;age_uncertainty_unavailable:GT4_has_no_point_age_distribution_in_source,c69eca96499bece4b2f65d4e40240f52e0bfb4027383b3f2db68a1b3e36c75f6
Vostok,Petit-et-al-2001,99.414000,,temperature_anomaly,-4.03,degC,observed;age_uncertainty_unavailable:GT4_has_no_point_age_distribution_in_source,c69eca96499bece4b2f65d4e40240f52e0bfb4027383b3f2db68a1b3e36c75f6
Vostok,Petit-et-al-2001,99.484000,,temperature_anomaly,-4.01,degC,observed;age_uncertainty_unavailable:GT4_has_no_point_age_distribution_in_source,c69eca96499bece4b2f65d4e40240f52e0bfb4027383b3f2db68a1b3e36c75f6
Vostok,Petit-et-al-2001,99.553000,,temperature_anomaly,-3.95,degC,observed;age_uncertainty_unavailable:GT4_has_no_point_age_distribution_in_source,c69eca96499bece4b2f65d4e40240f52e0bfb4027383b3f2db68a1b3e36c75f6
Vostok,Petit-et-al-2001,99.622000,,temperature_anomaly,-3.92,degC,observed;age_uncertainty_unavailable:GT4_has_no_point_age_distribution_in_source,c69eca96499bece4b2f65d4e40240f52e0bfb4027383b3f2db68a1b3e36c75f6
Vostok,Petit-et-al-2001,99.691000,,temperature_anomaly,-4.08,degC,observed;age_uncertainty_unavailable:GT4_has_no_point_age_distribution_in_source,c69eca96499bece4b2f65d4e40240f52e0bfb4027383b3f2db68a1b3e36c75f6
Vostok,Petit-et-al-2001,99.760000,,temperature_anomaly,-3.89,degC,observed;age_uncertainty_unavailable:GT4_has_no_point_age_distribution_in_source,c69eca96499bece4b2f65d4e40240f52e0bfb4027383b3f2db68a1b3e36c75f6
Vostok,Petit-et-al-2001,99.828000,,temperature_anomaly,-3.49,degC,observed;age_uncertainty_unavailable:GT4_has_no_point_age_distribution_in_source,c69eca96499bece4b2f65d4e40240f52e0bfb4027383b3f2db68a1b3e36c75f6
Vostok,Petit-et-al-2001,99.894000,,temperature_anomaly,-3.49,degC,observed;age_uncertainty_unavailable:GT4_has_no_point_age_distribution_in_source,c69eca96499bece4b2f65d4e40240f52e0bfb4027383b3f2db68a1b3e36c75f6
Vostok,Petit-et-al-2001,99.961000,,temperature_anomaly,-3.49,degC,observed;age_uncertainty_unavailable:GT4_has_no_point_age_distribution_in_source,c69eca96499bece4b2f65d4e40240f52e0bfb4027383b3f2db68a1b3e36c75f6
Vostok,Petit-et-al-2001,100.028000,,temperature_anomaly,-3.45,degC,observed;age_uncertainty_unavailable:GT4_has_no_point_age_distribution_in_source,c69eca96499bece4b2f65d4e40240f52e0bfb4027383b3f2db68a1b3e36c75f6
Vostok,Petit-et-al-2001,100.095000,,temperature_anomaly,-3.65,degC,observed;age_uncertainty_unavailable:GT4_has_no_point_age_distribution_in_source,c69eca96499bece4b2f65d4e40240f52e0bfb4027383b3f2db68a1b3e36c75f6
Vostok,Petit-et-al-2001,100.163000,,temperature_anomaly,-3.83,degC,observed;age_uncertainty_unavailable:GT4_has_no_point_age_distribution_in_source,c69eca96499bece4b2f65d4e40240f52e0bfb4027383b3f2db68a1b3e36c75f6
Vostok,Petit-et-al-2001,100.232000,,temperature_anomaly,-4.08,degC,observed;age_uncertainty_unavailable:GT4_has_no_point_age_distribution_in_source,c69eca96499bece4b2f65d4e40240f52e0bfb4027383b3f2db68a1b3e36c75f6
Vostok,Petit-et-al-2001,100.301000,,temperature_anomaly,-3.59,degC,observed;age_uncertainty_unavailable:GT4_has_no_point_age_distribution_in_source,c69eca96499bece4b2f65d4e40240f52e0bfb4027383b3f2db68a1b3e36c75f6
Vostok,Petit-et-al-2001,100.367000,,temperature_anomaly,-3.11,degC,observed;age_uncertainty_unavailable:GT4_has_no_point_age_distribution_in_source,c69eca96499bece4b2f65d4e40240f52e0bfb4027383b3f2db68a1b3e36c75f6
Vostok,Petit-et-al-2001,100.432000,,temperature_anomaly,-3.11,degC,observed;age_uncertainty_unavailable:GT4_has_no_point_age_distribution_in_source,c69eca96499bece4b2f65d4e40240f52e0bfb4027383b3f2db68a1b3e36c75f6
Vostok,Petit-et-al-2001,100.498000,,temperature_anomaly,-3.39,degC,observed;age_uncertainty_unavailable:GT4_has_no_point_age_distribution_in_source,c69eca96499bece4b2f65d4e40240f52e0bfb4027383b3f2db68a1b3e36c75f6
Vostok,Petit-et-al-2001,100.565000,,temperature_anomaly,-3.68,degC,observed;age_uncertainty_unavailable:GT4_has_no_point_age_distribution_in_source,c69eca96499bece4b2f65d4e40240f52e0bfb4027383b3f2db68a1b3e36c75f6
Vostok,Petit-et-al-2001,100.633000,,temperature_anomaly,-3.68,degC,observed;age_uncertainty_unavailable:GT4_has_no_point_age_distribution_in_source,c69eca96499bece4b2f65d4e40240f52e0bfb4027383b3f2db68a1b3e36c75f6
Vostok,Petit-et-al-2001,100.700000,,temperature_anomaly,-3.61,degC,observed;age_uncertainty_unavailable:GT4_has_no_point_age_distribution_in_source,c69eca96499bece4b2f65d4e40240f52e0bfb4027383b3f2db68a1b3e36c75f6
Vostok,Petit-et-al-2001,100.768000,,temperature_anomaly,-3.53,degC,observed;age_uncertainty_unavailable:GT4_has_no_point_age_distribution_in_source,c69eca96499bece4b2f65d4e40240f52e0bfb4027383b3f2db68a1b3e36c75f6
Vostok,Petit-et-al-2001,100.835000,,temperature_anomaly,-3.42,degC,observed;age_uncertainty_unavailable:GT4_has_no_point_age_distribution_in_source,c69eca96499bece4b2f65d4e40240f52e0bfb4027383b3f2db68a1b3e36c75f6
Vostok,Petit-et-al-2001,100.902000,,temperature_anomaly,-3.64,degC,observed;age_uncertainty_unavailable:GT4_has_no_point_age_distribution_in_source,c69eca96499bece4b2f65d4e40240f52e0bfb4027383b3f2db68a1b3e36c75f6
Vostok,Petit-et-al-2001,100.969000,,temperature_anomaly,-3.52,degC,observed;age_uncertainty_unavailable:GT4_has_no_point_age_distribution_in_source,c69eca96499bece4b2f65d4e40240f52e0bfb4027383b3f2db68a1b3e36c75f6
Vostok,Petit-et-al-2001,101.036000,,temperature_anomaly,-3.41,degC,observed;age_uncertainty_unavailable:GT4_has_no_point_age_distribution_in_source,c69eca96499bece4b2f65d4e40240f52e0bfb4027383b3f2db68a1b3e36c75f6
Vostok,Petit-et-al-2001,101.102000,,temperature_anomaly,-3.29,degC,observed;age_uncertainty_unavailable:GT4_has_no_point_age_distribution_in_source,c69eca96499bece4b2f65d4e40240f52e0bfb4027383b3f2db68a1b3e36c75f6
Vostok,Petit-et-al-2001,101.168000,,temperature_anomaly,-3.18,degC,observed;age_uncertainty_unavailable:GT4_has_no_point_age_distribution_in_source,c69eca96499bece4b2f65d4e40240f52e0bfb4027383b3f2db68a1b3e36c75f6
Vostok,Petit-et-al-2001,101.234000,,temperature_anomaly,-3.18,degC,observed;age_uncertainty_unavailable:GT4_has_no_point_age_distribution_in_source,c69eca96499bece4b2f65d4e40240f52e0bfb4027383b3f2db68a1b3e36c75f6
Vostok,Petit-et-al-2001,101.299000,,temperature_anomaly,-2.99,degC,observed;age_uncertainty_unavailable:GT4_has_no_point_age_distribution_in_source,c69eca96499bece4b2f65d4e40240f52e0bfb4027383b3f2db68a1b3e36c75f6
Vostok,Petit-et-al-2001,101.363000,,temperature_anomaly,-2.77,degC,observed;age_uncertainty_unavailable:GT4_has_no_point_age_distribution_in_source,c69eca96499bece4b2f65d4e40240f52e0bfb4027383b3f2db68a1b3e36c75f6
Vostok,Petit-et-al-2001,101.427000,,temperature_anomaly,-2.67,degC,observed;age_uncertainty_unavailable:GT4_has_no_point_age_distribution_in_source,c69eca96499bece4b2f65d4e40240f52e0bfb4027383b3f2db68a1b3e36c75f6
Vostok,Petit-et-al-2001,101.490000,,temperature_anomaly,-2.58,degC,observed;age_uncertainty_unavailable:GT4_has_no_point_age_distribution_in_source,c69eca96499bece4b2f65d4e40240f52e0bfb4027383b3f2db68a1b3e36c75f6
Vostok,Petit-et-al-2001,101.554000,,temperature_anomaly,-2.96,degC,observed;age_uncertainty_unavailable:GT4_has_no_point_age_distribution_in_source,c69eca96499bece4b2f65d4e40240f52e0bfb4027383b3f2db68a1b3e36c75f6
Vostok,Petit-et-al-2001,101.618000,,temperature_anomaly,-2.81,degC,observed;age_uncertainty_unavailable:GT4_has_no_point_age_distribution_in_source,c69eca96499bece4b2f65d4e40240f52e0bfb4027383b3f2db68a1b3e36c75f6
Vostok,Petit-et-al-2001,101.681000,,temperature_anomaly,-2.27,degC,observed;age_uncertainty_unavailable:GT4_has_no_point_age_distribution_in_source,c69eca96499bece4b2f65d4e40240f52e0bfb4027383b3f2db68a1b3e36c75f6
Vostok,Petit-et-al-2001,101.743000,,temperature_anomaly,-2.37,degC,observed;age_uncertainty_unavailable:GT4_has_no_point_age_distribution_in_source,c69eca96499bece4b2f65d4e40240f52e0bfb4027383b3f2db68a1b3e36c75f6
Vostok,Petit-et-al-2001,101.806000,,temperature_anomaly,-2.49,degC,observed;age_uncertainty_unavailable:GT4_has_no_point_age_distribution_in_source,c69eca96499bece4b2f65d4e40240f52e0bfb4027383b3f2db68a1b3e36c75f6
Vostok,Petit-et-al-2001,101.868000,,temperature_anomaly,-2.36,degC,observed;age_uncertainty_unavailable:GT4_has_no_point_age_distribution_in_source,c69eca96499bece4b2f65d4e40240f52e0bfb4027383b3f2db68a1b3e36c75f6
Vostok,Petit-et-al-2001,101.930000,,temperature_anomaly,-2.23,degC,observed;age_uncertainty_unavailable:GT4_has_no_point_age_distribution_in_source,c69eca96499bece4b2f65d4e40240f52e0bfb4027383b3f2db68a1b3e36c75f6
Vostok,Petit-et-al-2001,101.991000,,temperature_anomaly,-2.1,degC,observed;age_uncertainty_unavailable:GT4_has_no_point_age_distribution_in_source,c69eca96499bece4b2f65d4e40240f52e0bfb4027383b3f2db68a1b3e36c75f6
Vostok,Petit-et-al-2001,102.052000,,temperature_anomaly,-1.97,degC,observed;age_uncertainty_unavailable:GT4_has_no_point_age_distribution_in_source,c69eca96499bece4b2f65d4e40240f52e0bfb4027383b3f2db68a1b3e36c75f6
Vostok,Petit-et-al-2001,102.114000,,temperature_anomaly,-2.42,degC,observed;age_uncertainty_unavailable:GT4_has_no_point_age_distribution_in_source,c69eca96499bece4b2f65d4e40240f52e0bfb4027383b3f2db68a1b3e36c75f6
Vostok,Petit-et-al-2001,102.177000,,temperature_anomaly,-2.86,degC,observed;age_uncertainty_unavailable:GT4_has_no_point_age_distribution_in_source,c69eca96499bece4b2f65d4e40240f52e0bfb4027383b3f2db68a1b3e36c75f6
Vostok,Petit-et-al-2001,102.241000,,temperature_anomaly,-2.63,degC,observed;age_uncertainty_unavailable:GT4_has_no_point_age_distribution_in_source,c69eca96499bece4b2f65d4e40240f52e0bfb4027383b3f2db68a1b3e36c75f6
Vostok,Petit-et-al-2001,102.304000,,temperature_anomaly,-2.42,degC,observed;age_uncertainty_unavailable:GT4_has_no_point_age_distribution_in_source,c69eca96499bece4b2f65d4e40240f52e0bfb4027383b3f2db68a1b3e36c75f6
Vostok,Petit-et-al-2001,102.366000,,temperature_anomaly,-2.26,degC,observed;age_uncertainty_unavailable:GT4_has_no_point_age_distribution_in_source,c69eca96499bece4b2f65d4e40240f52e0bfb4027383b3f2db68a1b3e36c75f6
Vostok,Petit-et-al-2001,102.427000,,temperature_anomaly,-2.11,degC,observed;age_uncertainty_unavailable:GT4_has_no_point_age_distribution_in_source,c69eca96499bece4b2f65d4e40240f52e0bfb4027383b3f2db68a1b3e36c75f6
Vostok,Petit-et-al-2001,102.489000,,temperature_anomaly,-2.48,degC,observed;age_uncertainty_unavailable:GT4_has_no_point_age_distribution_in_source,c69eca96499bece4b2f65d4e40240f52e0bfb4027383b3f2db68a1b3e36c75f6
Vostok,Petit-et-al-2001,102.553000,,temperature_anomaly,-2.85,degC,observed;age_uncertainty_unavailable:GT4_has_no_point_age_distribution_in_source,c69eca96499bece4b2f65d4e40240f52e0bfb4027383b3f2db68a1b3e36c75f6
Vostok,Petit-et-al-2001,102.618000,,temperature_anomaly,-3.08,degC,observed;age_uncertainty_unavailable:GT4_has_no_point_age_distribution_in_source,c69eca96499bece4b2f65d4e40240f52e0bfb4027383b3f2db68a1b3e36c75f6
Vostok,Petit-et-al-2001,102.684000,,temperature_anomaly,-3.32,degC,observed;age_uncertainty_unavailable:GT4_has_no_point_age_distribution_in_source,c69eca96499bece4b2f65d4e40240f52e0bfb4027383b3f2db68a1b3e36c75f6
Vostok,Petit-et-al-2001,102.749000,,temperature_anomaly,-2.82,degC,observed;age_uncertainty_unavailable:GT4_has_no_point_age_distribution_in_source,c69eca96499bece4b2f65d4e40240f52e0bfb4027383b3f2db68a1b3e36c75f6
Vostok,Petit-et-al-2001,102.812000,,temperature_anomaly,-2.33,degC,observed;age_uncertainty_unavailable:GT4_has_no_point_age_distribution_in_source,c69eca96499bece4b2f65d4e40240f52e0bfb4027383b3f2db68a1b3e36c75f6
Vostok,Petit-et-al-2001,102.876000,,temperature_anomaly,-2.93,degC,observed;age_uncertainty_unavailable:GT4_has_no_point_age_distribution_in_source,c69eca96499bece4b2f65d4e40240f52e0bfb4027383b3f2db68a1b3e36c75f6
Vostok,Petit-et-al-2001,102.942000,,temperature_anomaly,-3.55,degC,observed;age_uncertainty_unavailable:GT4_has_no_point_age_distribution_in_source,c69eca96499bece4b2f65d4e40240f52e0bfb4027383b3f2db68a1b3e36c75f6
Vostok,Petit-et-al-2001,103.008000,,temperature_anomaly,-3.09,degC,observed;age_uncertainty_unavailable:GT4_has_no_point_age_distribution_in_source,c69eca96499bece4b2f65d4e40240f52e0bfb4027383b3f2db68a1b3e36c75f6
Vostok,Petit-et-al-2001,103.073000,,temperature_anomaly,-2.61,degC,observed;age_uncertainty_unavailable:GT4_has_no_point_age_distribution_in_source,c69eca96499bece4b2f65d4e40240f52e0bfb4027383b3f2db68a1b3e36c75f6
Vostok,Petit-et-al-2001,103.137000,,temperature_anomaly,-3.19,degC,observed;age_uncertainty_unavailable:GT4_has_no_point_age_distribution_in_source,c69eca96499bece4b2f65d4e40240f52e0bfb4027383b3f2db68a1b3e36c75f6
Vostok,Petit-et-al-2001,103.205000,,temperature_anomaly,-3.78,degC,observed;age_uncertainty_unavailable:GT4_has_no_point_age_distribution_in_source,c69eca96499bece4b2f65d4e40240f52e0bfb4027383b3f2db68a1b3e36c75f6
Vostok,Petit-et-al-2001,103.273000,,temperature_anomaly,-3.67,degC,observed;age_uncertainty_unavailable:GT4_has_no_point_age_distribution_in_source,c69eca96499bece4b2f65d4e40240f52e0bfb4027383b3f2db68a1b3e36c75f6
Vostok,Petit-et-al-2001,103.341000,,temperature_anomaly,-3.55,degC,observed;age_uncertainty_unavailable:GT4_has_no_point_age_distribution_in_source,c69eca96499bece4b2f65d4e40240f52e0bfb4027383b3f2db68a1b3e36c75f6
Vostok,Petit-et-al-2001,103.410000,,temperature_anomaly,-4.04,degC,observed;age_uncertainty_unavailable:GT4_has_no_point_age_distribution_in_source,c69eca96499bece4b2f65d4e40240f52e0bfb4027383b3f2db68a1b3e36c75f6
Vostok,Petit-et-al-2001,103.481000,,temperature_anomaly,-4.52,degC,observed;age_uncertainty_unavailable:GT4_has_no_point_age_distribution_in_source,c69eca96499bece4b2f65d4e40240f52e0bfb4027383b3f2db68a1b3e36c75f6
Vostok,Petit-et-al-2001,103.553000,,temperature_anomaly,-4.46,degC,observed;age_uncertainty_unavailable:GT4_has_no_point_age_distribution_in_source,c69eca96499bece4b2f65d4e40240f52e0bfb4027383b3f2db68a1b3e36c75f6
Vostok,Petit-et-al-2001,103.625000,,temperature_anomaly,-4.41,degC,observed;age_uncertainty_unavailable:GT4_has_no_point_age_distribution_in_source,c69eca96499bece4b2f65d4e40240f52e0bfb4027383b3f2db68a1b3e36c75f6
Vostok,Petit-et-al-2001,103.697000,,temperature_anomaly,-4.41,degC,observed;age_uncertainty_unavailable:GT4_has_no_point_age_distribution_in_source,c69eca96499bece4b2f65d4e40240f52e0bfb4027383b3f2db68a1b3e36c75f6
Vostok,Petit-et-al-2001,103.769000,,temperature_anomaly,-4.5,degC,observed;age_uncertainty_unavailable:GT4_has_no_point_age_distribution_in_source,c69eca96499bece4b2f65d4e40240f52e0bfb4027383b3f2db68a1b3e36c75f6
Vostok,Petit-et-al-2001,103.841000,,temperature_anomaly,-4.45,degC,observed;age_uncertainty_unavailable:GT4_has_no_point_age_distribution_in_source,c69eca96499bece4b2f65d4e40240f52e0bfb4027383b3f2db68a1b3e36c75f6
Vostok,Petit-et-al-2001,103.912000,,temperature_anomaly,-4.3,degC,observed;age_uncertainty_unavailable:GT4_has_no_point_age_distribution_in_source,c69eca96499bece4b2f65d4e40240f52e0bfb4027383b3f2db68a1b3e36c75f6
Vostok,Petit-et-al-2001,103.984000,,temperature_anomaly,-4.24,degC,observed;age_uncertainty_unavailable:GT4_has_no_point_age_distribution_in_source,c69eca96499bece4b2f65d4e40240f52e0bfb4027383b3f2db68a1b3e36c75f6
Vostok,Petit-et-al-2001,104.054000,,temperature_anomaly,-4.16,degC,observed;age_uncertainty_unavailable:GT4_has_no_point_age_distribution_in_source,c69eca96499bece4b2f65d4e40240f52e0bfb4027383b3f2db68a1b3e36c75f6
Vostok,Petit-et-al-2001,104.125000,,temperature_anomaly,-4.11,degC,observed;age_uncertainty_unavailable:GT4_has_no_point_age_distribution_in_source,c69eca96499bece4b2f65d4e40240f52e0bfb4027383b3f2db68a1b3e36c75f6
Vostok,Petit-et-al-2001,104.195000,,temperature_anomaly,-4.05,degC,observed;age_uncertainty_unavailable:GT4_has_no_point_age_distribution_in_source,c69eca96499bece4b2f65d4e40240f52e0bfb4027383b3f2db68a1b3e36c75f6
Vostok,Petit-et-al-2001,104.266000,,temperature_anomaly,-4.22,degC,observed;age_uncertainty_unavailable:GT4_has_no_point_age_distribution_in_source,c69eca96499bece4b2f65d4e40240f52e0bfb4027383b3f2db68a1b3e36c75f6
Vostok,Petit-et-al-2001,104.337000,,temperature_anomaly,-4.4,degC,observed;age_uncertainty_unavailable:GT4_has_no_point_age_distribution_in_source,c69eca96499bece4b2f65d4e40240f52e0bfb4027383b3f2db68a1b3e36c75f6
Vostok,Petit-et-al-2001,104.409000,,temperature_anomaly,-4.37,degC,observed;age_uncertainty_unavailable:GT4_has_no_point_age_distribution_in_source,c69eca96499bece4b2f65d4e40240f52e0bfb4027383b3f2db68a1b3e36c75f6
Vostok,Petit-et-al-2001,104.480000,,temperature_anomaly,-4.32,degC,observed;age_uncertainty_unavailable:GT4_has_no_point_age_distribution_in_source,c69eca96499bece4b2f65d4e40240f52e0bfb4027383b3f2db68a1b3e36c75f6
Vostok,Petit-et-al-2001,104.552000,,temperature_anomaly,-4.33,degC,observed;age_uncertainty_unavailable:GT4_has_no_point_age_distribution_in_source,c69eca96499bece4b2f65d4e40240f52e0bfb4027383b3f2db68a1b3e36c75f6
Vostok,Petit-et-al-2001,104.623000,,temperature_anomaly,-4.33,degC,observed;age_uncertainty_unavailable:GT4_has_no_point_age_distribution_in_source,c69eca96499bece4b2f65d4e40240f52e0bfb4027383b3f2db68a1b3e36c75f6
Vostok,Petit-et-al-2001,104.695000,,temperature_anomaly,-4.25,degC,observed;age_uncertainty_unavailable:GT4_has_no_point_age_distribution_in_source,c69eca96499bece4b2f65d4e40240f52e0bfb4027383b3f2db68a1b3e36c75f6
Vostok,Petit-et-al-2001,104.766000,,temperature_anomaly,-4.17,degC,observed;age_uncertainty_unavailable:GT4_has_no_point_age_distribution_in_source,c69eca96499bece4b2f65d4e40240f52e0bfb4027383b3f2db68a1b3e36c75f6
Vostok,Petit-et-al-2001,104.837000,,temperature_anomaly,-4.17,degC,observed;age_uncertainty_unavailable:GT4_has_no_point_age_distribution_in_source,c69eca96499bece4b2f65d4e40240f52e0bfb4027383b3f2db68a1b3e36c75f6
Vostok,Petit-et-al-2001,104.908000,,temperature_anomaly,-4.52,degC,observed;age_uncertainty_unavailable:GT4_has_no_point_age_distribution_in_source,c69eca96499bece4b2f65d4e40240f52e0bfb4027383b3f2db68a1b3e36c75f6
Vostok,Petit-et-al-2001,104.982000,,temperature_anomaly,-4.85,degC,observed;age_uncertainty_unavailable:GT4_has_no_point_age_distribution_in_source,c69eca96499bece4b2f65d4e40240f52e0bfb4027383b3f2db68a1b3e36c75f6
Vostok,Petit-et-al-2001,105.055000,,temperature_anomaly,-4.66,degC,observed;age_uncertainty_unavailable:GT4_has_no_point_age_distribution_in_source,c69eca96499bece4b2f65d4e40240f52e0bfb4027383b3f2db68a1b3e36c75f6
Vostok,Petit-et-al-2001,105.128000,,temperature_anomaly,-4.48,degC,observed;age_uncertainty_unavailable:GT4_has_no_point_age_distribution_in_source,c69eca96499bece4b2f65d4e40240f52e0bfb4027383b3f2db68a1b3e36c75f6
Vostok,Petit-et-al-2001,105.200000,,temperature_anomaly,-4.28,degC,observed;age_uncertainty_unavailable:GT4_has_no_point_age_distribution_in_source,c69eca96499bece4b2f65d4e40240f52e0bfb4027383b3f2db68a1b3e36c75f6
Vostok,Petit-et-al-2001,105.271000,,temperature_anomaly,-4.1,degC,observed;age_uncertainty_unavailable:GT4_has_no_point_age_distribution_in_source,c69eca96499bece4b2f65d4e40240f52e0bfb4027383b3f2db68a1b3e36c75f6
Vostok,Petit-et-al-2001,105.342000,,temperature_anomaly,-4.2,degC,observed;age_uncertainty_unavailable:GT4_has_no_point_age_distribution_in_source,c69eca96499bece4b2f65d4e40240f52e0bfb4027383b3f2db68a1b3e36c75f6
Vostok,Petit-et-al-2001,105.413000,,temperature_anomaly,-4.29,degC,observed;age_uncertainty_unavailable:GT4_has_no_point_age_distribution_in_source,c69eca96499bece4b2f65d4e40240f52e0bfb4027383b3f2db68a1b3e36c75f6
Vostok,Petit-et-al-2001,105.485000,,temperature_anomaly,-4.51,degC,observed;age_uncertainty_unavailable:GT4_has_no_point_age_distribution_in_source,c69eca96499bece4b2f65d4e40240f52e0bfb4027383b3f2db68a1b3e36c75f6
Vostok,Petit-et-al-2001,105.559000,,temperature_anomaly,-4.71,degC,observed;age_uncertainty_unavailable:GT4_has_no_point_age_distribution_in_source,c69eca96499bece4b2f65d4e40240f52e0bfb4027383b3f2db68a1b3e36c75f6
Vostok,Petit-et-al-2001,105.631000,,temperature_anomaly,-4.33,degC,observed;age_uncertainty_unavailable:GT4_has_no_point_age_distribution_in_source,c69eca96499bece4b2f65d4e40240f52e0bfb4027383b3f2db68a1b3e36c75f6
Vostok,Petit-et-al-2001,105.702000,,temperature_anomaly,-3.93,degC,observed;age_uncertainty_unavailable:GT4_has_no_point_age_distribution_in_source,c69eca96499bece4b2f65d4e40240f52e0bfb4027383b3f2db68a1b3e36c75f6
Vostok,Petit-et-al-2001,105.772000,,temperature_anomaly,-3.93,degC,observed;age_uncertainty_unavailable:GT4_has_no_point_age_distribution_in_source,c69eca96499bece4b2f65d4e40240f52e0bfb4027383b3f2db68a1b3e36c75f6
Vostok,Petit-et-al-2001,105.842000,,temperature_anomaly,-3.92,degC,observed;age_uncertainty_unavailable:GT4_has_no_point_age_distribution_in_source,c69eca96499bece4b2f65d4e40240f52e0bfb4027383b3f2db68a1b3e36c75f6
Vostok,Petit-et-al-2001,105.911000,,temperature_anomaly,-3.82,degC,observed;age_uncertainty_unavailable:GT4_has_no_point_age_distribution_in_source,c69eca96499bece4b2f65d4e40240f52e0bfb4027383b3f2db68a1b3e36c75f6
Vostok,Petit-et-al-2001,105.980000,,temperature_anomaly,-3.71,degC,observed;age_uncertainty_unavailable:GT4_has_no_point_age_distribution_in_source,c69eca96499bece4b2f65d4e40240f52e0bfb4027383b3f2db68a1b3e36c75f6
Vostok,Petit-et-al-2001,106.048000,,temperature_anomaly,-3.21,degC,observed;age_uncertainty_unavailable:GT4_has_no_point_age_distribution_in_source,c69eca96499bece4b2f65d4e40240f52e0bfb4027383b3f2db68a1b3e36c75f6
Vostok,Petit-et-al-2001,106.114000,,temperature_anomaly,-2.71,degC,observed;age_uncertainty_unavailable:GT4_has_no_point_age_distribution_in_source,c69eca96499bece4b2f65d4e40240f52e0bfb4027383b3f2db68a1b3e36c75f6
Vostok,Petit-et-al-2001,106.179000,,temperature_anomaly,-3.37,degC,observed;age_uncertainty_unavailable:GT4_has_no_point_age_distribution_in_source,c69eca96499bece4b2f65d4e40240f52e0bfb4027383b3f2db68a1b3e36c75f6
Vostok,Petit-et-al-2001,106.248000,,temperature_anomaly,-4.02,degC,observed;age_uncertainty_unavailable:GT4_has_no_point_age_distribution_in_source,c69eca96499bece4b2f65d4e40240f52e0bfb4027383b3f2db68a1b3e36c75f6
Vostok,Petit-et-al-2001,106.319000,,temperature_anomaly,-4.25,degC,observed;age_uncertainty_unavailable:GT4_has_no_point_age_distribution_in_source,c69eca96499bece4b2f65d4e40240f52e0bfb4027383b3f2db68a1b3e36c75f6
Vostok,Petit-et-al-2001,106.391000,,temperature_anomaly,-4.48,degC,observed;age_uncertainty_unavailable:GT4_has_no_point_age_distribution_in_source,c69eca96499bece4b2f65d4e40240f52e0bfb4027383b3f2db68a1b3e36c75f6
Vostok,Petit-et-al-2001,106.463000,,temperature_anomaly,-4.26,degC,observed;age_uncertainty_unavailable:GT4_has_no_point_age_distribution_in_source,c69eca96499bece4b2f65d4e40240f52e0bfb4027383b3f2db68a1b3e36c75f6
Vostok,Petit-et-al-2001,106.535000,,temperature_anomaly,-4.04,degC,observed;age_uncertainty_unavailable:GT4_has_no_point_age_distribution_in_source,c69eca96499bece4b2f65d4e40240f52e0bfb4027383b3f2db68a1b3e36c75f6
Vostok,Petit-et-al-2001,106.606000,,temperature_anomaly,-4.32,degC,observed;age_uncertainty_unavailable:GT4_has_no_point_age_distribution_in_source,c69eca96499bece4b2f65d4e40240f52e0bfb4027383b3f2db68a1b3e36c75f6
Vostok,Petit-et-al-2001,106.678000,,temperature_anomaly,-4.6,degC,observed;age_uncertainty_unavailable:GT4_has_no_point_age_distribution_in_source,c69eca96499bece4b2f65d4e40240f52e0bfb4027383b3f2db68a1b3e36c75f6
Vostok,Petit-et-al-2001,106.752000,,temperature_anomaly,-4.84,degC,observed;age_uncertainty_unavailable:GT4_has_no_point_age_distribution_in_source,c69eca96499bece4b2f65d4e40240f52e0bfb4027383b3f2db68a1b3e36c75f6
Vostok,Petit-et-al-2001,106.828000,,temperature_anomaly,-5.07,degC,observed;age_uncertainty_unavailable:GT4_has_no_point_age_distribution_in_source,c69eca96499bece4b2f65d4e40240f52e0bfb4027383b3f2db68a1b3e36c75f6
Vostok,Petit-et-al-2001,106.902000,,temperature_anomaly,-4.73,degC,observed;age_uncertainty_unavailable:GT4_has_no_point_age_distribution_in_source,c69eca96499bece4b2f65d4e40240f52e0bfb4027383b3f2db68a1b3e36c75f6
Vostok,Petit-et-al-2001,106.976000,,temperature_anomaly,-4.4,degC,observed;age_uncertainty_unavailable:GT4_has_no_point_age_distribution_in_source,c69eca96499bece4b2f65d4e40240f52e0bfb4027383b3f2db68a1b3e36c75f6
Vostok,Petit-et-al-2001,107.048000,,temperature_anomaly,-4.4,degC,observed;age_uncertainty_unavailable:GT4_has_no_point_age_distribution_in_source,c69eca96499bece4b2f65d4e40240f52e0bfb4027383b3f2db68a1b3e36c75f6
Vostok,Petit-et-al-2001,107.121000,,temperature_anomaly,-4.4,degC,observed;age_uncertainty_unavailable:GT4_has_no_point_age_distribution_in_source,c69eca96499bece4b2f65d4e40240f52e0bfb4027383b3f2db68a1b3e36c75f6
Vostok,Petit-et-al-2001,107.194000,,temperature_anomaly,-4.88,degC,observed;age_uncertainty_unavailable:GT4_has_no_point_age_distribution_in_source,c69eca96499bece4b2f65d4e40240f52e0bfb4027383b3f2db68a1b3e36c75f6
Vostok,Petit-et-al-2001,107.270000,,temperature_anomaly,-5.36,degC,observed;age_uncertainty_unavailable:GT4_has_no_point_age_distribution_in_source,c69eca96499bece4b2f65d4e40240f52e0bfb4027383b3f2db68a1b3e36c75f6
Vostok,Petit-et-al-2001,107.349000,,temperature_anomaly,-5.92,degC,observed;age_uncertainty_unavailable:GT4_has_no_point_age_distribution_in_source,c69eca96499bece4b2f65d4e40240f52e0bfb4027383b3f2db68a1b3e36c75f6
Vostok,Petit-et-al-2001,107.431000,,temperature_anomaly,-6.48,degC,observed;age_uncertainty_unavailable:GT4_has_no_point_age_distribution_in_source,c69eca96499bece4b2f65d4e40240f52e0bfb4027383b3f2db68a1b3e36c75f6
Vostok,Petit-et-al-2001,107.515000,,temperature_anomaly,-6.48,degC,observed;age_uncertainty_unavailable:GT4_has_no_point_age_distribution_in_source,c69eca96499bece4b2f65d4e40240f52e0bfb4027383b3f2db68a1b3e36c75f6
Vostok,Petit-et-al-2001,107.599000,,temperature_anomaly,-6.48,degC,observed;age_uncertainty_unavailable:GT4_has_no_point_age_distribution_in_source,c69eca96499bece4b2f65d4e40240f52e0bfb4027383b3f2db68a1b3e36c75f6
Vostok,Petit-et-al-2001,107.683000,,temperature_anomaly,-6.48,degC,observed;age_uncertainty_unavailable:GT4_has_no_point_age_distribution_in_source,c69eca96499bece4b2f65d4e40240f52e0bfb4027383b3f2db68a1b3e36c75f6
Vostok,Petit-et-al-2001,107.767000,,temperature_anomaly,-6.67,degC,observed;age_uncertainty_unavailable:GT4_has_no_point_age_distribution_in_source,c69eca96499bece4b2f65d4e40240f52e0bfb4027383b3f2db68a1b3e36c75f6
Vostok,Petit-et-al-2001,107.852000,,temperature_anomaly,-6.85,degC,observed;age_uncertainty_unavailable:GT4_has_no_point_age_distribution_in_source,c69eca96499bece4b2f65d4e40240f52e0bfb4027383b3f2db68a1b3e36c75f6
Vostok,Petit-et-al-2001,107.938000,,temperature_anomaly,-6.9,degC,observed;age_uncertainty_unavailable:GT4_has_no_point_age_distribution_in_source,c69eca96499bece4b2f65d4e40240f52e0bfb4027383b3f2db68a1b3e36c75f6
Vostok,Petit-et-al-2001,108.025000,,temperature_anomaly,-6.95,degC,observed;age_uncertainty_unavailable:GT4_has_no_point_age_distribution_in_source,c69eca96499bece4b2f65d4e40240f52e0bfb4027383b3f2db68a1b3e36c75f6
Vostok,Petit-et-al-2001,108.111000,,temperature_anomaly,-6.95,degC,observed;age_uncertainty_unavailable:GT4_has_no_point_age_distribution_in_source,c69eca96499bece4b2f65d4e40240f52e0bfb4027383b3f2db68a1b3e36c75f6
Vostok,Petit-et-al-2001,108.198000,,temperature_anomaly,-6.83,degC,observed;age_uncertainty_unavailable:GT4_has_no_point_age_distribution_in_source,c69eca96499bece4b2f65d4e40240f52e0bfb4027383b3f2db68a1b3e36c75f6
Vostok,Petit-et-al-2001,108.283000,,temperature_anomaly,-6.71,degC,observed;age_uncertainty_unavailable:GT4_has_no_point_age_distribution_in_source,c69eca96499bece4b2f65d4e40240f52e0bfb4027383b3f2db68a1b3e36c75f6
Vostok,Petit-et-al-2001,108.369000,,temperature_anomaly,-6.71,degC,observed;age_uncertainty_unavailable:GT4_has_no_point_age_distribution_in_source,c69eca96499bece4b2f65d4e40240f52e0bfb4027383b3f2db68a1b3e36c75f6
Vostok,Petit-et-al-2001,108.454000,,temperature_anomaly,-6.64,degC,observed;age_uncertainty_unavailable:GT4_has_no_point_age_distribution_in_source,c69eca96499bece4b2f65d4e40240f52e0bfb4027383b3f2db68a1b3e36c75f6
Vostok,Petit-et-al-2001,108.538000,,temperature_anomaly,-6.57,degC,observed;age_uncertainty_unavailable:GT4_has_no_point_age_distribution_in_source,c69eca96499bece4b2f65d4e40240f52e0bfb4027383b3f2db68a1b3e36c75f6
Vostok,Petit-et-al-2001,108.622000,,temperature_anomaly,-6.43,degC,observed;age_uncertainty_unavailable:GT4_has_no_point_age_distribution_in_source,c69eca96499bece4b2f65d4e40240f52e0bfb4027383b3f2db68a1b3e36c75f6
Vostok,Petit-et-al-2001,108.706000,,temperature_anomaly,-6.28,degC,observed;age_uncertainty_unavailable:GT4_has_no_point_age_distribution_in_source,c69eca96499bece4b2f65d4e40240f52e0bfb4027383b3f2db68a1b3e36c75f6
Vostok,Petit-et-al-2001,108.789000,,temperature_anomaly,-6.28,degC,observed;age_uncertainty_unavailable:GT4_has_no_point_age_distribution_in_source,c69eca96499bece4b2f65d4e40240f52e0bfb4027383b3f2db68a1b3e36c75f6
Vostok,Petit-et-al-2001,108.872000,,temperature_anomaly,-6.28,degC,observed;age_uncertainty_unavailable:GT4_has_no_point_age_distribution_in_source,c69eca96499bece4b2f65d4e40240f52e0bfb4027383b3f2db68a1b3e36c75f6
Vostok,Petit-et-al-2001,108.954000,,temperature_anomaly,-6.27,degC,observed;age_uncertainty_unavailable:GT4_has_no_point_age_distribution_in_source,c69eca96499bece4b2f65d4e40240f52e0bfb4027383b3f2db68a1b3e36c75f6
Vostok,Petit-et-al-2001,109.037000,,temperature_anomaly,-6.27,degC,observed;age_uncertainty_unavailable:GT4_has_no_point_age_distribution_in_source,c69eca96499bece4b2f65d4e40240f52e0bfb4027383b3f2db68a1b3e36c75f6
Vostok,Petit-et-al-2001,109.121000,,temperature_anomaly,-6.53,degC,observed;age_uncertainty_unavailable:GT4_has_no_point_age_distribution_in_source,c69eca96499bece4b2f65d4e40240f52e0bfb4027383b3f2db68a1b3e36c75f6
Vostok,Petit-et-al-2001,109.206000,,temperature_anomaly,-6.81,degC,observed;age_uncertainty_unavailable:GT4_has_no_point_age_distribution_in_source,c69eca96499bece4b2f65d4e40240f52e0bfb4027383b3f2db68a1b3e36c75f6
Vostok,Petit-et-al-2001,109.292000,,temperature_anomaly,-6.81,degC,observed;age_uncertainty_unavailable:GT4_has_no_point_age_distribution_in_source,c69eca96499bece4b2f65d4e40240f52e0bfb4027383b3f2db68a1b3e36c75f6
Vostok,Petit-et-al-2001,109.378000,,temperature_anomaly,-6.44,degC,observed;age_uncertainty_unavailable:GT4_has_no_point_age_distribution_in_source,c69eca96499bece4b2f65d4e40240f52e0bfb4027383b3f2db68a1b3e36c75f6
Vostok,Petit-et-al-2001,109.461000,,temperature_anomaly,-6.09,degC,observed;age_uncertainty_unavailable:GT4_has_no_point_age_distribution_in_source,c69eca96499bece4b2f65d4e40240f52e0bfb4027383b3f2db68a1b3e36c75f6
Vostok,Petit-et-al-2001,109.543000,,temperature_anomaly,-6.09,degC,observed;age_uncertainty_unavailable:GT4_has_no_point_age_distribution_in_source,c69eca96499bece4b2f65d4e40240f52e0bfb4027383b3f2db68a1b3e36c75f6
Vostok,Petit-et-al-2001,109.625000,,temperature_anomaly,-6.09,degC,observed;age_uncertainty_unavailable:GT4_has_no_point_age_distribution_in_source,c69eca96499bece4b2f65d4e40240f52e0bfb4027383b3f2db68a1b3e36c75f6
Vostok,Petit-et-al-2001,109.707000,,temperature_anomaly,-6.2,degC,observed;age_uncertainty_unavailable:GT4_has_no_point_age_distribution_in_source,c69eca96499bece4b2f65d4e40240f52e0bfb4027383b3f2db68a1b3e36c75f6
Vostok,Petit-et-al-2001,109.790000,,temperature_anomaly,-6.3,degC,observed;age_uncertainty_unavailable:GT4_has_no_point_age_distribution_in_source,c69eca96499bece4b2f65d4e40240f52e0bfb4027383b3f2db68a1b3e36c75f6
Vostok,Petit-et-al-2001,109.872000,,temperature_anomaly,-5.88,degC,observed;age_uncertainty_unavailable:GT4_has_no_point_age_distribution_in_source,c69eca96499bece4b2f65d4e40240f52e0bfb4027383b3f2db68a1b3e36c75f6
Vostok,Petit-et-al-2001,109.952000,,temperature_anomaly,-5.47,degC,observed;age_uncertainty_unavailable:GT4_has_no_point_age_distribution_in_source,c69eca96499bece4b2f65d4e40240f52e0bfb4027383b3f2db68a1b3e36c75f6
Vostok,Petit-et-al-2001,110.031000,,temperature_anomaly,-5.53,degC,observed;age_uncertainty_unavailable:GT4_has_no_point_age_distribution_in_source,c69eca96499bece4b2f65d4e40240f52e0bfb4027383b3f2db68a1b3e36c75f6
Vostok,Petit-et-al-2001,110.110000,,temperature_anomaly,-5.58,degC,observed;age_uncertainty_unavailable:GT4_has_no_point_age_distribution_in_source,c69eca96499bece4b2f65d4e40240f52e0bfb4027383b3f2db68a1b3e36c75f6
Vostok,Petit-et-al-2001,110.189000,,temperature_anomaly,-5.58,degC,observed;age_uncertainty_unavailable:GT4_has_no_point_age_distribution_in_source,c69eca96499bece4b2f65d4e40240f52e0bfb4027383b3f2db68a1b3e36c75f6
Vostok,Petit-et-al-2001,110.269000,,temperature_anomaly,-5.58,degC,observed;age_uncertainty_unavailable:GT4_has_no_point_age_distribution_in_source,c69eca96499bece4b2f65d4e40240f52e0bfb4027383b3f2db68a1b3e36c75f6
Vostok,Petit-et-al-2001,110.348000,,temperature_anomaly,-5.58,degC,observed;age_uncertainty_unavailable:GT4_has_no_point_age_distribution_in_source,c69eca96499bece4b2f65d4e40240f52e0bfb4027383b3f2db68a1b3e36c75f6
Vostok,Petit-et-al-2001,110.427000,,temperature_anomaly,-5.57,degC,observed;age_uncertainty_unavailable:GT4_has_no_point_age_distribution_in_source,c69eca96499bece4b2f65d4e40240f52e0bfb4027383b3f2db68a1b3e36c75f6
Vostok,Petit-et-al-2001,110.507000,,temperature_anomaly,-5.57,degC,observed;age_uncertainty_unavailable:GT4_has_no_point_age_distribution_in_source,c69eca96499bece4b2f65d4e40240f52e0bfb4027383b3f2db68a1b3e36c75f6
Vostok,Petit-et-al-2001,110.586000,,temperature_anomaly,-5.57,degC,observed;age_uncertainty_unavailable:GT4_has_no_point_age_distribution_in_source,c69eca96499bece4b2f65d4e40240f52e0bfb4027383b3f2db68a1b3e36c75f6
Vostok,Petit-et-al-2001,110.666000,,temperature_anomaly,-5.57,degC,observed;age_uncertainty_unavailable:GT4_has_no_point_age_distribution_in_source,c69eca96499bece4b2f65d4e40240f52e0bfb4027383b3f2db68a1b3e36c75f6
Vostok,Petit-et-al-2001,110.746000,,temperature_anomaly,-6,degC,observed;age_uncertainty_unavailable:GT4_has_no_point_age_distribution_in_source,c69eca96499bece4b2f65d4e40240f52e0bfb4027383b3f2db68a1b3e36c75f6
Vostok,Petit-et-al-2001,110.829000,,temperature_anomaly,-6.42,degC,observed;age_uncertainty_unavailable:GT4_has_no_point_age_distribution_in_source,c69eca96499bece4b2f65d4e40240f52e0bfb4027383b3f2db68a1b3e36c75f6
Vostok,Petit-et-al-2001,110.913000,,temperature_anomaly,-6.25,degC,observed;age_uncertainty_unavailable:GT4_has_no_point_age_distribution_in_source,c69eca96499bece4b2f65d4e40240f52e0bfb4027383b3f2db68a1b3e36c75f6
Vostok,Petit-et-al-2001,110.996000,,temperature_anomaly,-6.08,degC,observed;age_uncertainty_unavailable:GT4_has_no_point_age_distribution_in_source,c69eca96499bece4b2f65d4e40240f52e0bfb4027383b3f2db68a1b3e36c75f6
Vostok,Petit-et-al-2001,111.078000,,temperature_anomaly,-5.88,degC,observed;age_uncertainty_unavailable:GT4_has_no_point_age_distribution_in_source,c69eca96499bece4b2f65d4e40240f52e0bfb4027383b3f2db68a1b3e36c75f6
Vostok,Petit-et-al-2001,111.159000,,temperature_anomaly,-5.68,degC,observed;age_uncertainty_unavailable:GT4_has_no_point_age_distribution_in_source,c69eca96499bece4b2f65d4e40240f52e0bfb4027383b3f2db68a1b3e36c75f6
Vostok,Petit-et-al-2001,111.239000,,temperature_anomaly,-5.68,degC,observed;age_uncertainty_unavailable:GT4_has_no_point_age_distribution_in_source,c69eca96499bece4b2f65d4e40240f52e0bfb4027383b3f2db68a1b3e36c75f6
Vostok,Petit-et-al-2001,111.319000,,temperature_anomaly,-5.68,degC,observed;age_uncertainty_unavailable:GT4_has_no_point_age_distribution_in_source,c69eca96499bece4b2f65d4e40240f52e0bfb4027383b3f2db68a1b3e36c75f6
Vostok,Petit-et-al-2001,111.399000,,temperature_anomaly,-5.68,degC,observed;age_uncertainty_unavailable:GT4_has_no_point_age_distribution_in_source,c69eca96499bece4b2f65d4e40240f52e0bfb4027383b3f2db68a1b3e36c75f6
Vostok,Petit-et-al-2001,111.480000,,temperature_anomaly,-5.68,degC,observed;age_uncertainty_unavailable:GT4_has_no_point_age_distribution_in_source,c69eca96499bece4b2f65d4e40240f52e0bfb4027383b3f2db68a1b3e36c75f6
Vostok,Petit-et-al-2001,111.560000,,temperature_anomaly,-5.68,degC,observed;age_uncertainty_unavailable:GT4_has_no_point_age_distribution_in_source,c69eca96499bece4b2f65d4e40240f52e0bfb4027383b3f2db68a1b3e36c75f6
Vostok,Petit-et-al-2001,111.640000,,temperature_anomaly,-5.68,degC,observed;age_uncertainty_unavailable:GT4_has_no_point_age_distribution_in_source,c69eca96499bece4b2f65d4e40240f52e0bfb4027383b3f2db68a1b3e36c75f6
Vostok,Petit-et-al-2001,111.721000,,temperature_anomaly,-6.02,degC,observed;age_uncertainty_unavailable:GT4_has_no_point_age_distribution_in_source,c69eca96499bece4b2f65d4e40240f52e0bfb4027383b3f2db68a1b3e36c75f6
Vostok,Petit-et-al-2001,111.805000,,temperature_anomaly,-6.37,degC,observed;age_uncertainty_unavailable:GT4_has_no_point_age_distribution_in_source,c69eca96499bece4b2f65d4e40240f52e0bfb4027383b3f2db68a1b3e36c75f6
Vostok,Petit-et-al-2001,111.889000,,temperature_anomaly,-6.37,degC,observed;age_uncertainty_unavailable:GT4_has_no_point_age_distribution_in_source,c69eca96499bece4b2f65d4e40240f52e0bfb4027383b3f2db68a1b3e36c75f6
Vostok,Petit-et-al-2001,111.973000,,temperature_anomaly,-6.16,degC,observed;age_uncertainty_unavailable:GT4_has_no_point_age_distribution_in_source,c69eca96499bece4b2f65d4e40240f52e0bfb4027383b3f2db68a1b3e36c75f6
Vostok,Petit-et-al-2001,112.055000,,temperature_anomaly,-5.94,degC,observed;age_uncertainty_unavailable:GT4_has_no_point_age_distribution_in_source,c69eca96499bece4b2f65d4e40240f52e0bfb4027383b3f2db68a1b3e36c75f6
Vostok,Petit-et-al-2001,112.137000,,temperature_anomaly,-5.94,degC,observed;age_uncertainty_unavailable:GT4_has_no_point_age_distribution_in_source,c69eca96499bece4b2f65d4e40240f52e0bfb4027383b3f2db68a1b3e36c75f6
Vostok,Petit-et-al-2001,112.219000,,temperature_anomaly,-5.94,degC,observed;age_uncertainty_unavailable:GT4_has_no_point_age_distribution_in_source,c69eca96499bece4b2f65d4e40240f52e0bfb4027383b3f2db68a1b3e36c75f6
Vostok,Petit-et-al-2001,112.301000,,temperature_anomaly,-5.94,degC,observed;age_uncertainty_unavailable:GT4_has_no_point_age_distribution_in_source,c69eca96499bece4b2f65d4e40240f52e0bfb4027383b3f2db68a1b3e36c75f6
Vostok,Petit-et-al-2001,112.383000,,temperature_anomaly,-5.94,degC,observed;age_uncertainty_unavailable:GT4_has_no_point_age_distribution_in_source,c69eca96499bece4b2f65d4e40240f52e0bfb4027383b3f2db68a1b3e36c75f6
Vostok,Petit-et-al-2001,112.465000,,temperature_anomaly,-5.93,degC,observed;age_uncertainty_unavailable:GT4_has_no_point_age_distribution_in_source,c69eca96499bece4b2f65d4e40240f52e0bfb4027383b3f2db68a1b3e36c75f6
Vostok,Petit-et-al-2001,112.547000,,temperature_anomaly,-5.82,degC,observed;age_uncertainty_unavailable:GT4_has_no_point_age_distribution_in_source,c69eca96499bece4b2f65d4e40240f52e0bfb4027383b3f2db68a1b3e36c75f6
Vostok,Petit-et-al-2001,112.628000,,temperature_anomaly,-5.7,degC,observed;age_uncertainty_unavailable:GT4_has_no_point_age_distribution_in_source,c69eca96499bece4b2f65d4e40240f52e0bfb4027383b3f2db68a1b3e36c75f6
Vostok,Petit-et-al-2001,112.708000,,temperature_anomaly,-5.67,degC,observed;age_uncertainty_unavailable:GT4_has_no_point_age_distribution_in_source,c69eca96499bece4b2f65d4e40240f52e0bfb4027383b3f2db68a1b3e36c75f6
Vostok,Petit-et-al-2001,112.790000,,temperature_anomaly,-5.86,degC,observed;age_uncertainty_unavailable:GT4_has_no_point_age_distribution_in_source,c69eca96499bece4b2f65d4e40240f52e0bfb4027383b3f2db68a1b3e36c75f6
Vostok,Petit-et-al-2001,112.872000,,temperature_anomaly,-6.06,degC,observed;age_uncertainty_unavailable:GT4_has_no_point_age_distribution_in_source,c69eca96499bece4b2f65d4e40240f52e0bfb4027383b3f2db68a1b3e36c75f6
Vostok,Petit-et-al-2001,112.954000,,temperature_anomaly,-5.93,degC,observed;age_uncertainty_unavailable:GT4_has_no_point_age_distribution_in_source,c69eca96499bece4b2f65d4e40240f52e0bfb4027383b3f2db68a1b3e36c75f6
Vostok,Petit-et-al-2001,113.036000,,temperature_anomaly,-5.8,degC,observed;age_uncertainty_unavailable:GT4_has_no_point_age_distribution_in_source,c69eca96499bece4b2f65d4e40240f52e0bfb4027383b3f2db68a1b3e36c75f6
Vostok,Petit-et-al-2001,113.116000,,temperature_anomaly,-5.4,degC,observed;age_uncertainty_unavailable:GT4_has_no_point_age_distribution_in_source,c69eca96499bece4b2f65d4e40240f52e0bfb4027383b3f2db68a1b3e36c75f6
Vostok,Petit-et-al-2001,113.195000,,temperature_anomaly,-4.98,degC,observed;age_uncertainty_unavailable:GT4_has_no_point_age_distribution_in_source,c69eca96499bece4b2f65d4e40240f52e0bfb4027383b3f2db68a1b3e36c75f6
Vostok,Petit-et-al-2001,113.272000,,temperature_anomaly,-4.98,degC,observed;age_uncertainty_unavailable:GT4_has_no_point_age_distribution_in_source,c69eca96499bece4b2f65d4e40240f52e0bfb4027383b3f2db68a1b3e36c75f6
Vostok,Petit-et-al-2001,113.348000,,temperature_anomaly,-4.86,degC,observed;age_uncertainty_unavailable:GT4_has_no_point_age_distribution_in_source,c69eca96499bece4b2f65d4e40240f52e0bfb4027383b3f2db68a1b3e36c75f6
Vostok,Petit-et-al-2001,113.425000,,temperature_anomaly,-4.85,degC,observed;age_uncertainty_unavailable:GT4_has_no_point_age_distribution_in_source,c69eca96499bece4b2f65d4e40240f52e0bfb4027383b3f2db68a1b3e36c75f6
Vostok,Petit-et-al-2001,113.501000,,temperature_anomaly,-4.89,degC,observed;age_uncertainty_unavailable:GT4_has_no_point_age_distribution_in_source,c69eca96499bece4b2f65d4e40240f52e0bfb4027383b3f2db68a1b3e36c75f6
Vostok,Petit-et-al-2001,113.578000,,temperature_anomaly,-4.94,degC,observed;age_uncertainty_unavailable:GT4_has_no_point_age_distribution_in_source,c69eca96499bece4b2f65d4e40240f52e0bfb4027383b3f2db68a1b3e36c75f6
Vostok,Petit-et-al-2001,113.656000,,temperature_anomaly,-5.27,degC,observed;age_uncertainty_unavailable:GT4_has_no_point_age_distribution_in_source,c69eca96499bece4b2f65d4e40240f52e0bfb4027383b3f2db68a1b3e36c75f6
Vostok,Petit-et-al-2001,113.736000,,temperature_anomaly,-5.62,degC,observed;age_uncertainty_unavailable:GT4_has_no_point_age_distribution_in_source,c69eca96499bece4b2f65d4e40240f52e0bfb4027383b3f2db68a1b3e36c75f6
Vostok,Petit-et-al-2001,113.815000,,temperature_anomaly,-5.1,degC,observed;age_uncertainty_unavailable:GT4_has_no_point_age_distribution_in_source,c69eca96499bece4b2f65d4e40240f52e0bfb4027383b3f2db68a1b3e36c75f6
Vostok,Petit-et-al-2001,113.891000,,temperature_anomaly,-4.57,degC,observed;age_uncertainty_unavailable:GT4_has_no_point_age_distribution_in_source,c69eca96499bece4b2f65d4e40240f52e0bfb4027383b3f2db68a1b3e36c75f6
Vostok,Petit-et-al-2001,113.966000,,temperature_anomaly,-4.57,degC,observed;age_uncertainty_unavailable:GT4_has_no_point_age_distribution_in_source,c69eca96499bece4b2f65d4e40240f52e0bfb4027383b3f2db68a1b3e36c75f6
Vostok,Petit-et-al-2001,114.041000,,temperature_anomaly,-4.45,degC,observed;age_uncertainty_unavailable:GT4_has_no_point_age_distribution_in_source,c69eca96499bece4b2f65d4e40240f52e0bfb4027383b3f2db68a1b3e36c75f6
Vostok,Petit-et-al-2001,114.115000,,temperature_anomaly,-4.33,degC,observed;age_uncertainty_unavailable:GT4_has_no_point_age_distribution_in_source,c69eca96499bece4b2f65d4e40240f52e0bfb4027383b3f2db68a1b3e36c75f6
Vostok,Petit-et-al-2001,114.189000,,temperature_anomaly,-4.36,degC,observed;age_uncertainty_unavailable:GT4_has_no_point_age_distribution_in_source,c69eca96499bece4b2f65d4e40240f52e0bfb4027383b3f2db68a1b3e36c75f6
Vostok,Petit-et-al-2001,114.264000,,temperature_anomaly,-4.39,degC,observed;age_uncertainty_unavailable:GT4_has_no_point_age_distribution_in_source,c69eca96499bece4b2f65d4e40240f52e0bfb4027383b3f2db68a1b3e36c75f6
Vostok,Petit-et-al-2001,114.338000,,temperature_anomaly,-4.31,degC,observed;age_uncertainty_unavailable:GT4_has_no_point_age_distribution_in_source,c69eca96499bece4b2f65d4e40240f52e0bfb4027383b3f2db68a1b3e36c75f6
Vostok,Petit-et-al-2001,114.411000,,temperature_anomaly,-4.24,degC,observed;age_uncertainty_unavailable:GT4_has_no_point_age_distribution_in_source,c69eca96499bece4b2f65d4e40240f52e0bfb4027383b3f2db68a1b3e36c75f6
Vostok,Petit-et-al-2001,114.486000,,temperature_anomaly,-4.59,degC,observed;age_uncertainty_unavailable:GT4_has_no_point_age_distribution_in_source,c69eca96499bece4b2f65d4e40240f52e0bfb4027383b3f2db68a1b3e36c75f6
Vostok,Petit-et-al-2001,114.562000,,temperature_anomaly,-4.95,degC,observed;age_uncertainty_unavailable:GT4_has_no_point_age_distribution_in_source,c69eca96499bece4b2f65d4e40240f52e0bfb4027383b3f2db68a1b3e36c75f6
Vostok,Petit-et-al-2001,114.639000,,temperature_anomaly,-4.78,degC,observed;age_uncertainty_unavailable:GT4_has_no_point_age_distribution_in_source,c69eca96499bece4b2f65d4e40240f52e0bfb4027383b3f2db68a1b3e36c75f6
Vostok,Petit-et-al-2001,114.715000,,temperature_anomaly,-4.6,degC,observed;age_uncertainty_unavailable:GT4_has_no_point_age_distribution_in_source,c69eca96499bece4b2f65d4e40240f52e0bfb4027383b3f2db68a1b3e36c75f6
Vostok,Petit-et-al-2001,114.790000,,temperature_anomaly,-4.33,degC,observed;age_uncertainty_unavailable:GT4_has_no_point_age_distribution_in_source,c69eca96499bece4b2f65d4e40240f52e0bfb4027383b3f2db68a1b3e36c75f6
Vostok,Petit-et-al-2001,114.863000,,temperature_anomaly,-4.06,degC,observed;age_uncertainty_unavailable:GT4_has_no_point_age_distribution_in_source,c69eca96499bece4b2f65d4e40240f52e0bfb4027383b3f2db68a1b3e36c75f6
Vostok,Petit-et-al-2001,114.935000,,temperature_anomaly,-3.75,degC,observed;age_uncertainty_unavailable:GT4_has_no_point_age_distribution_in_source,c69eca96499bece4b2f65d4e40240f52e0bfb4027383b3f2db68a1b3e36c75f6
Vostok,Petit-et-al-2001,115.006000,,temperature_anomaly,-3.45,degC,observed;age_uncertainty_unavailable:GT4_has_no_point_age_distribution_in_source,c69eca96499bece4b2f65d4e40240f52e0bfb4027383b3f2db68a1b3e36c75f6
Vostok,Petit-et-al-2001,115.077000,,temperature_anomaly,-3.89,degC,observed;age_uncertainty_unavailable:GT4_has_no_point_age_distribution_in_source,c69eca96499bece4b2f65d4e40240f52e0bfb4027383b3f2db68a1b3e36c75f6
Vostok,Petit-et-al-2001,115.150000,,temperature_anomaly,-4.32,degC,observed;age_uncertainty_unavailable:GT4_has_no_point_age_distribution_in_source,c69eca96499bece4b2f65d4e40240f52e0bfb4027383b3f2db68a1b3e36c75f6
Vostok,Petit-et-al-2001,115.222000,,temperature_anomaly,-3.41,degC,observed;age_uncertainty_unavailable:GT4_has_no_point_age_distribution_in_source,c69eca96499bece4b2f65d4e40240f52e0bfb4027383b3f2db68a1b3e36c75f6
Vostok,Petit-et-al-2001,115.289000,,temperature_anomaly,-2.48,degC,observed;age_uncertainty_unavailable:GT4_has_no_point_age_distribution_in_source,c69eca96499bece4b2f65d4e40240f52e0bfb4027383b3f2db68a1b3e36c75f6
Vostok,Petit-et-al-2001,115.355000,,temperature_anomaly,-2.47,degC,observed;age_uncertainty_unavailable:GT4_has_no_point_age_distribution_in_source,c69eca96499bece4b2f65d4e40240f52e0bfb4027383b3f2db68a1b3e36c75f6
Vostok,Petit-et-al-2001,115.420000,,temperature_anomaly,-2.47,degC,observed;age_uncertainty_unavailable:GT4_has_no_point_age_distribution_in_source,c69eca96499bece4b2f65d4e40240f52e0bfb4027383b3f2db68a1b3e36c75f6
Vostok,Petit-et-al-2001,115.486000,,temperature_anomaly,-2.47,degC,observed;age_uncertainty_unavailable:GT4_has_no_point_age_distribution_in_source,c69eca96499bece4b2f65d4e40240f52e0bfb4027383b3f2db68a1b3e36c75f6
Vostok,Petit-et-al-2001,115.551000,,temperature_anomaly,-2.47,degC,observed;age_uncertainty_unavailable:GT4_has_no_point_age_distribution_in_source,c69eca96499bece4b2f65d4e40240f52e0bfb4027383b3f2db68a1b3e36c75f6
Vostok,Petit-et-al-2001,115.617000,,temperature_anomaly,-2.47,degC,observed;age_uncertainty_unavailable:GT4_has_no_point_age_distribution_in_source,c69eca96499bece4b2f65d4e40240f52e0bfb4027383b3f2db68a1b3e36c75f6
Vostok,Petit-et-al-2001,115.683000,,temperature_anomaly,-2.56,degC,observed;age_uncertainty_unavailable:GT4_has_no_point_age_distribution_in_source,c69eca96499bece4b2f65d4e40240f52e0bfb4027383b3f2db68a1b3e36c75f6
Vostok,Petit-et-al-2001,115.749000,,temperature_anomaly,-2.64,degC,observed;age_uncertainty_unavailable:GT4_has_no_point_age_distribution_in_source,c69eca96499bece4b2f65d4e40240f52e0bfb4027383b3f2db68a1b3e36c75f6
Vostok,Petit-et-al-2001,115.816000,,temperature_anomaly,-3.11,degC,observed;age_uncertainty_unavailable:GT4_has_no_point_age_distribution_in_source,c69eca96499bece4b2f65d4e40240f52e0bfb4027383b3f2db68a1b3e36c75f6
Vostok,Petit-et-al-2001,115.886000,,temperature_anomaly,-3.57,degC,observed;age_uncertainty_unavailable:GT4_has_no_point_age_distribution_in_source,c69eca96499bece4b2f65d4e40240f52e0bfb4027383b3f2db68a1b3e36c75f6
Vostok,Petit-et-al-2001,115.956000,,temperature_anomaly,-3.34,degC,observed;age_uncertainty_unavailable:GT4_has_no_point_age_distribution_in_source,c69eca96499bece4b2f65d4e40240f52e0bfb4027383b3f2db68a1b3e36c75f6
Vostok,Petit-et-al-2001,116.025000,,temperature_anomaly,-3.08,degC,observed;age_uncertainty_unavailable:GT4_has_no_point_age_distribution_in_source,c69eca96499bece4b2f65d4e40240f52e0bfb4027383b3f2db68a1b3e36c75f6
Vostok,Petit-et-al-2001,116.093000,,temperature_anomaly,-2.97,degC,observed;age_uncertainty_unavailable:GT4_has_no_point_age_distribution_in_source,c69eca96499bece4b2f65d4e40240f52e0bfb4027383b3f2db68a1b3e36c75f6
Vostok,Petit-et-al-2001,116.161000,,temperature_anomaly,-2.86,degC,observed;age_uncertainty_unavailable:GT4_has_no_point_age_distribution_in_source,c69eca96499bece4b2f65d4e40240f52e0bfb4027383b3f2db68a1b3e36c75f6
Vostok,Petit-et-al-2001,116.228000,,temperature_anomaly,-2.88,degC,observed;age_uncertainty_unavailable:GT4_has_no_point_age_distribution_in_source,c69eca96499bece4b2f65d4e40240f52e0bfb4027383b3f2db68a1b3e36c75f6
Vostok,Petit-et-al-2001,116.296000,,temperature_anomaly,-2.83,degC,observed;age_uncertainty_unavailable:GT4_has_no_point_age_distribution_in_source,c69eca96499bece4b2f65d4e40240f52e0bfb4027383b3f2db68a1b3e36c75f6
Vostok,Petit-et-al-2001,116.363000,,temperature_anomaly,-2.76,degC,observed;age_uncertainty_unavailable:GT4_has_no_point_age_distribution_in_source,c69eca96499bece4b2f65d4e40240f52e0bfb4027383b3f2db68a1b3e36c75f6
Vostok,Petit-et-al-2001,116.430000,,temperature_anomaly,-2.71,degC,observed;age_uncertainty_unavailable:GT4_has_no_point_age_distribution_in_source,c69eca96499bece4b2f65d4e40240f52e0bfb4027383b3f2db68a1b3e36c75f6
Vostok,Petit-et-al-2001,116.497000,,temperature_anomaly,-2.67,degC,observed;age_uncertainty_unavailable:GT4_has_no_point_age_distribution_in_source,c69eca96499bece4b2f65d4e40240f52e0bfb4027383b3f2db68a1b3e36c75f6
Vostok,Petit-et-al-2001,116.563000,,temperature_anomaly,-2.67,degC,observed;age_uncertainty_unavailable:GT4_has_no_point_age_distribution_in_source,c69eca96499bece4b2f65d4e40240f52e0bfb4027383b3f2db68a1b3e36c75f6
Vostok,Petit-et-al-2001,116.630000,,temperature_anomaly,-2.67,degC,observed;age_uncertainty_unavailable:GT4_has_no_point_age_distribution_in_source,c69eca96499bece4b2f65d4e40240f52e0bfb4027383b3f2db68a1b3e36c75f6
Vostok,Petit-et-al-2001,116.697000,,temperature_anomaly,-2.53,degC,observed;age_uncertainty_unavailable:GT4_has_no_point_age_distribution_in_source,c69eca96499bece4b2f65d4e40240f52e0bfb4027383b3f2db68a1b3e36c75f6
Vostok,Petit-et-al-2001,116.762000,,temperature_anomaly,-2.41,degC,observed;age_uncertainty_unavailable:GT4_has_no_point_age_distribution_in_source,c69eca96499bece4b2f65d4e40240f52e0bfb4027383b3f2db68a1b3e36c75f6
Vostok,Petit-et-al-2001,116.827000,,temperature_anomaly,-2.11,degC,observed;age_uncertainty_unavailable:GT4_has_no_point_age_distribution_in_source,c69eca96499bece4b2f65d4e40240f52e0bfb4027383b3f2db68a1b3e36c75f6
Vostok,Petit-et-al-2001,116.891000,,temperature_anomaly,-1.83,degC,observed;age_uncertainty_unavailable:GT4_has_no_point_age_distribution_in_source,c69eca96499bece4b2f65d4e40240f52e0bfb4027383b3f2db68a1b3e36c75f6
Vostok,Petit-et-al-2001,116.954000,,temperature_anomaly,-1.62,degC,observed;age_uncertainty_unavailable:GT4_has_no_point_age_distribution_in_source,c69eca96499bece4b2f65d4e40240f52e0bfb4027383b3f2db68a1b3e36c75f6
Vostok,Petit-et-al-2001,117.016000,,temperature_anomaly,-1.44,degC,observed;age_uncertainty_unavailable:GT4_has_no_point_age_distribution_in_source,c69eca96499bece4b2f65d4e40240f52e0bfb4027383b3f2db68a1b3e36c75f6
Vostok,Petit-et-al-2001,117.077000,,temperature_anomaly,-1.44,degC,observed;age_uncertainty_unavailable:GT4_has_no_point_age_distribution_in_source,c69eca96499bece4b2f65d4e40240f52e0bfb4027383b3f2db68a1b3e36c75f6
Vostok,Petit-et-al-2001,117.139000,,temperature_anomaly,-1.63,degC,observed;age_uncertainty_unavailable:GT4_has_no_point_age_distribution_in_source,c69eca96499bece4b2f65d4e40240f52e0bfb4027383b3f2db68a1b3e36c75f6
Vostok,Petit-et-al-2001,117.202000,,temperature_anomaly,-1.83,degC,observed;age_uncertainty_unavailable:GT4_has_no_point_age_distribution_in_source,c69eca96499bece4b2f65d4e40240f52e0bfb4027383b3f2db68a1b3e36c75f6
Vostok,Petit-et-al-2001,117.264000,,temperature_anomaly,-1.59,degC,observed;age_uncertainty_unavailable:GT4_has_no_point_age_distribution_in_source,c69eca96499bece4b2f65d4e40240f52e0bfb4027383b3f2db68a1b3e36c75f6
Vostok,Petit-et-al-2001,117.326000,,temperature_anomaly,-1.36,degC,observed;age_uncertainty_unavailable:GT4_has_no_point_age_distribution_in_source,c69eca96499bece4b2f65d4e40240f52e0bfb4027383b3f2db68a1b3e36c75f6
Vostok,Petit-et-al-2001,117.388000,,temperature_anomaly,-1.67,degC,observed;age_uncertainty_unavailable:GT4_has_no_point_age_distribution_in_source,c69eca96499bece4b2f65d4e40240f52e0bfb4027383b3f2db68a1b3e36c75f6
Vostok,Petit-et-al-2001,117.451000,,temperature_anomaly,-2,degC,observed;age_uncertainty_unavailable:GT4_has_no_point_age_distribution_in_source,c69eca96499bece4b2f65d4e40240f52e0bfb4027383b3f2db68a1b3e36c75f6
Vostok,Petit-et-al-2001,117.514000,,temperature_anomaly,-1.5,degC,observed;age_uncertainty_unavailable:GT4_has_no_point_age_distribution_in_source,c69eca96499bece4b2f65d4e40240f52e0bfb4027383b3f2db68a1b3e36c75f6
Vostok,Petit-et-al-2001,117.575000,,temperature_anomaly,-0.98,degC,observed;age_uncertainty_unavailable:GT4_has_no_point_age_distribution_in_source,c69eca96499bece4b2f65d4e40240f52e0bfb4027383b3f2db68a1b3e36c75f6
Vostok,Petit-et-al-2001,117.635000,,temperature_anomaly,-1.26,degC,observed;age_uncertainty_unavailable:GT4_has_no_point_age_distribution_in_source,c69eca96499bece4b2f65d4e40240f52e0bfb4027383b3f2db68a1b3e36c75f6
Vostok,Petit-et-al-2001,117.697000,,temperature_anomaly,-1.54,degC,observed;age_uncertainty_unavailable:GT4_has_no_point_age_distribution_in_source,c69eca96499bece4b2f65d4e40240f52e0bfb4027383b3f2db68a1b3e36c75f6
Vostok,Petit-et-al-2001,117.759000,,temperature_anomaly,-1.67,degC,observed;age_uncertainty_unavailable:GT4_has_no_point_age_distribution_in_source,c69eca96499bece4b2f65d4e40240f52e0bfb4027383b3f2db68a1b3e36c75f6
Vostok,Petit-et-al-2001,117.822000,,temperature_anomaly,-1.85,degC,observed;age_uncertainty_unavailable:GT4_has_no_point_age_distribution_in_source,c69eca96499bece4b2f65d4e40240f52e0bfb4027383b3f2db68a1b3e36c75f6
Vostok,Petit-et-al-2001,117.886000,,temperature_anomaly,-1.88,degC,observed;age_uncertainty_unavailable:GT4_has_no_point_age_distribution_in_source,c69eca96499bece4b2f65d4e40240f52e0bfb4027383b3f2db68a1b3e36c75f6
Vostok,Petit-et-al-2001,117.949000,,temperature_anomaly,-1.78,degC,observed;age_uncertainty_unavailable:GT4_has_no_point_age_distribution_in_source,c69eca96499bece4b2f65d4e40240f52e0bfb4027383b3f2db68a1b3e36c75f6
Vostok,Petit-et-al-2001,118.012000,,temperature_anomaly,-1.66,degC,observed;age_uncertainty_unavailable:GT4_has_no_point_age_distribution_in_source,c69eca96499bece4b2f65d4e40240f52e0bfb4027383b3f2db68a1b3e36c75f6
Vostok,Petit-et-al-2001,118.074000,,temperature_anomaly,-1.31,degC,observed;age_uncertainty_unavailable:GT4_has_no_point_age_distribution_in_source,c69eca96499bece4b2f65d4e40240f52e0bfb4027383b3f2db68a1b3e36c75f6
Vostok,Petit-et-al-2001,118.135000,,temperature_anomaly,-0.94,degC,observed;age_uncertainty_unavailable:GT4_has_no_point_age_distribution_in_source,c69eca96499bece4b2f65d4e40240f52e0bfb4027383b3f2db68a1b3e36c75f6
Vostok,Petit-et-al-2001,118.194000,,temperature_anomaly,-0.93,degC,observed;age_uncertainty_unavailable:GT4_has_no_point_age_distribution_in_source,c69eca96499bece4b2f65d4e40240f52e0bfb4027383b3f2db68a1b3e36c75f6
Vostok,Petit-et-al-2001,118.254000,,temperature_anomaly,-0.93,degC,observed;age_uncertainty_unavailable:GT4_has_no_point_age_distribution_in_source,c69eca96499bece4b2f65d4e40240f52e0bfb4027383b3f2db68a1b3e36c75f6
Vostok,Petit-et-al-2001,118.314000,,temperature_anomaly,-1.19,degC,observed;age_uncertainty_unavailable:GT4_has_no_point_age_distribution_in_source,c69eca96499bece4b2f65d4e40240f52e0bfb4027383b3f2db68a1b3e36c75f6
Vostok,Petit-et-al-2001,118.376000,,temperature_anomaly,-1.46,degC,observed;age_uncertainty_unavailable:GT4_has_no_point_age_distribution_in_source,c69eca96499bece4b2f65d4e40240f52e0bfb4027383b3f2db68a1b3e36c75f6
Vostok,Petit-et-al-2001,118.438000,,temperature_anomaly,-1.45,degC,observed;age_uncertainty_unavailable:GT4_has_no_point_age_distribution_in_source,c69eca96499bece4b2f65d4e40240f52e0bfb4027383b3f2db68a1b3e36c75f6
Vostok,Petit-et-al-2001,118.499000,,temperature_anomaly,-1.12,degC,observed;age_uncertainty_unavailable:GT4_has_no_point_age_distribution_in_source,c69eca96499bece4b2f65d4e40240f52e0bfb4027383b3f2db68a1b3e36c75f6
Vostok,Petit-et-al-2001,118.559000,,temperature_anomaly,-0.8,degC,observed;age_uncertainty_unavailable:GT4_has_no_point_age_distribution_in_source,c69eca96499bece4b2f65d4e40240f52e0bfb4027383b3f2db68a1b3e36c75f6
Vostok,Petit-et-al-2001,118.618000,,temperature_anomaly,-0.57,degC,observed;age_uncertainty_unavailable:GT4_has_no_point_age_distribution_in_source,c69eca96499bece4b2f65d4e40240f52e0bfb4027383b3f2db68a1b3e36c75f6
Vostok,Petit-et-al-2001,118.676000,,temperature_anomaly,-0.31,degC,observed;age_uncertainty_unavailable:GT4_has_no_point_age_distribution_in_source,c69eca96499bece4b2f65d4e40240f52e0bfb4027383b3f2db68a1b3e36c75f6
Vostok,Petit-et-al-2001,118.735000,,temperature_anomaly,-1.04,degC,observed;age_uncertainty_unavailable:GT4_has_no_point_age_distribution_in_source,c69eca96499bece4b2f65d4e40240f52e0bfb4027383b3f2db68a1b3e36c75f6
Vostok,Petit-et-al-2001,118.796000,,temperature_anomaly,-1.77,degC,observed;age_uncertainty_unavailable:GT4_has_no_point_age_distribution_in_source,c69eca96499bece4b2f65d4e40240f52e0bfb4027383b3f2db68a1b3e36c75f6
Vostok,Petit-et-al-2001,118.859000,,temperature_anomaly,-1.47,degC,observed;age_uncertainty_unavailable:GT4_has_no_point_age_distribution_in_source,c69eca96499bece4b2f65d4e40240f52e0bfb4027383b3f2db68a1b3e36c75f6
Vostok,Petit-et-al-2001,118.921000,,temperature_anomaly,-1.16,degC,observed;age_uncertainty_unavailable:GT4_has_no_point_age_distribution_in_source,c69eca96499bece4b2f65d4e40240f52e0bfb4027383b3f2db68a1b3e36c75f6
Vostok,Petit-et-al-2001,118.981000,,temperature_anomaly,-1.16,degC,observed;age_uncertainty_unavailable:GT4_has_no_point_age_distribution_in_source,c69eca96499bece4b2f65d4e40240f52e0bfb4027383b3f2db68a1b3e36c75f6
Vostok,Petit-et-al-2001,119.042000,,temperature_anomaly,-0.84,degC,observed;age_uncertainty_unavailable:GT4_has_no_point_age_distribution_in_source,c69eca96499bece4b2f65d4e40240f52e0bfb4027383b3f2db68a1b3e36c75f6
Vostok,Petit-et-al-2001,119.101000,,temperature_anomaly,-0.51,degC,observed;age_uncertainty_unavailable:GT4_has_no_point_age_distribution_in_source,c69eca96499bece4b2f65d4e40240f52e0bfb4027383b3f2db68a1b3e36c75f6
Vostok,Petit-et-al-2001,119.160000,,temperature_anomaly,-0.95,degC,observed;age_uncertainty_unavailable:GT4_has_no_point_age_distribution_in_source,c69eca96499bece4b2f65d4e40240f52e0bfb4027383b3f2db68a1b3e36c75f6
Vostok,Petit-et-al-2001,119.221000,,temperature_anomaly,-1.4,degC,observed;age_uncertainty_unavailable:GT4_has_no_point_age_distribution_in_source,c69eca96499bece4b2f65d4e40240f52e0bfb4027383b3f2db68a1b3e36c75f6
Vostok,Petit-et-al-2001,119.283000,,temperature_anomaly,-1.4,degC,observed;age_uncertainty_unavailable:GT4_has_no_point_age_distribution_in_source,c69eca96499bece4b2f65d4e40240f52e0bfb4027383b3f2db68a1b3e36c75f6
Vostok,Petit-et-al-2001,119.345000,,temperature_anomaly,-1.33,degC,observed;age_uncertainty_unavailable:GT4_has_no_point_age_distribution_in_source,c69eca96499bece4b2f65d4e40240f52e0bfb4027383b3f2db68a1b3e36c75f6
Vostok,Petit-et-al-2001,119.406000,,temperature_anomaly,-1.27,degC,observed;age_uncertainty_unavailable:GT4_has_no_point_age_distribution_in_source,c69eca96499bece4b2f65d4e40240f52e0bfb4027383b3f2db68a1b3e36c75f6
Vostok,Petit-et-al-2001,119.467000,,temperature_anomaly,-1.07,degC,observed;age_uncertainty_unavailable:GT4_has_no_point_age_distribution_in_source,c69eca96499bece4b2f65d4e40240f52e0bfb4027383b3f2db68a1b3e36c75f6
Vostok,Petit-et-al-2001,119.528000,,temperature_anomaly,-1.09,degC,observed;age_uncertainty_unavailable:GT4_has_no_point_age_distribution_in_source,c69eca96499bece4b2f65d4e40240f52e0bfb4027383b3f2db68a1b3e36c75f6
Vostok,Petit-et-al-2001,119.589000,,temperature_anomaly,-1.31,degC,observed;age_uncertainty_unavailable:GT4_has_no_point_age_distribution_in_source,c69eca96499bece4b2f65d4e40240f52e0bfb4027383b3f2db68a1b3e36c75f6
Vostok,Petit-et-al-2001,119.650000,,temperature_anomaly,-1,degC,observed;age_uncertainty_unavailable:GT4_has_no_point_age_distribution_in_source,c69eca96499bece4b2f65d4e40240f52e0bfb4027383b3f2db68a1b3e36c75f6
Vostok,Petit-et-al-2001,119.710000,,temperature_anomaly,-0.68,degC,observed;age_uncertainty_unavailable:GT4_has_no_point_age_distribution_in_source,c69eca96499bece4b2f65d4e40240f52e0bfb4027383b3f2db68a1b3e36c75f6
Vostok,Petit-et-al-2001,119.770000,,temperature_anomaly,-1.07,degC,observed;age_uncertainty_unavailable:GT4_has_no_point_age_distribution_in_source,c69eca96499bece4b2f65d4e40240f52e0bfb4027383b3f2db68a1b3e36c75f6
Vostok,Petit-et-al-2001,119.831000,,temperature_anomaly,-1.47,degC,observed;age_uncertainty_unavailable:GT4_has_no_point_age_distribution_in_source,c69eca96499bece4b2f65d4e40240f52e0bfb4027383b3f2db68a1b3e36c75f6
Vostok,Petit-et-al-2001,119.894000,,temperature_anomaly,-1.47,degC,observed;age_uncertainty_unavailable:GT4_has_no_point_age_distribution_in_source,c69eca96499bece4b2f65d4e40240f52e0bfb4027383b3f2db68a1b3e36c75f6
Vostok,Petit-et-al-2001,119.955000,,temperature_anomaly,-1.16,degC,observed;age_uncertainty_unavailable:GT4_has_no_point_age_distribution_in_source,c69eca96499bece4b2f65d4e40240f52e0bfb4027383b3f2db68a1b3e36c75f6
Vostok,Petit-et-al-2001,120.016000,,temperature_anomaly,-0.86,degC,observed;age_uncertainty_unavailable:GT4_has_no_point_age_distribution_in_source,c69eca96499bece4b2f65d4e40240f52e0bfb4027383b3f2db68a1b3e36c75f6
Vostok,Petit-et-al-2001,120.076000,,temperature_anomaly,-1.08,degC,observed;age_uncertainty_unavailable:GT4_has_no_point_age_distribution_in_source,c69eca96499bece4b2f65d4e40240f52e0bfb4027383b3f2db68a1b3e36c75f6
Vostok,Petit-et-al-2001,120.138000,,temperature_anomaly,-1.29,degC,observed;age_uncertainty_unavailable:GT4_has_no_point_age_distribution_in_source,c69eca96499bece4b2f65d4e40240f52e0bfb4027383b3f2db68a1b3e36c75f6
Vostok,Petit-et-al-2001,120.199000,,temperature_anomaly,-1.09,degC,observed;age_uncertainty_unavailable:GT4_has_no_point_age_distribution_in_source,c69eca96499bece4b2f65d4e40240f52e0bfb4027383b3f2db68a1b3e36c75f6
Vostok,Petit-et-al-2001,120.259000,,temperature_anomaly,-0.87,degC,observed;age_uncertainty_unavailable:GT4_has_no_point_age_distribution_in_source,c69eca96499bece4b2f65d4e40240f52e0bfb4027383b3f2db68a1b3e36c75f6
Vostok,Petit-et-al-2001,120.319000,,temperature_anomaly,-0.86,degC,observed;age_uncertainty_unavailable:GT4_has_no_point_age_distribution_in_source,c69eca96499bece4b2f65d4e40240f52e0bfb4027383b3f2db68a1b3e36c75f6
Vostok,Petit-et-al-2001,120.379000,,temperature_anomaly,-0.86,degC,observed;age_uncertainty_unavailable:GT4_has_no_point_age_distribution_in_source,c69eca96499bece4b2f65d4e40240f52e0bfb4027383b3f2db68a1b3e36c75f6
Vostok,Petit-et-al-2001,120.439000,,temperature_anomaly,-0.63,degC,observed;age_uncertainty_unavailable:GT4_has_no_point_age_distribution_in_source,c69eca96499bece4b2f65d4e40240f52e0bfb4027383b3f2db68a1b3e36c75f6
Vostok,Petit-et-al-2001,120.498000,,temperature_anomaly,-0.41,degC,observed;age_uncertainty_unavailable:GT4_has_no_point_age_distribution_in_source,c69eca96499bece4b2f65d4e40240f52e0bfb4027383b3f2db68a1b3e36c75f6
Vostok,Petit-et-al-2001,120.555000,,temperature_anomaly,-0.14,degC,observed;age_uncertainty_unavailable:GT4_has_no_point_age_distribution_in_source,c69eca96499bece4b2f65d4e40240f52e0bfb4027383b3f2db68a1b3e36c75f6
Vostok,Petit-et-al-2001,120.612000,,temperature_anomaly,0.13,degC,observed;age_uncertainty_unavailable:GT4_has_no_point_age_distribution_in_source,c69eca96499bece4b2f65d4e40240f52e0bfb4027383b3f2db68a1b3e36c75f6
Vostok,Petit-et-al-2001,120.669000,,temperature_anomaly,0.02,degC,observed;age_uncertainty_unavailable:GT4_has_no_point_age_distribution_in_source,c69eca96499bece4b2f65d4e40240f52e0bfb4027383b3f2db68a1b3e36c75f6
Vostok,Petit-et-al-2001,120.726000,,temperature_anomaly,-0.1,degC,observed;age_uncertainty_unavailable:GT4_has_no_point_age_distribution_in_source,c69eca96499bece4b2f65d4e40240f52e0bfb4027383b3f2db68a1b3e36c75f6
Vostok,Petit-et-al-2001,120.783000,,temperature_anomaly,-0.24,degC,observed;age_uncertainty_unavailable:GT4_has_no_point_age_distribution_in_source,c69eca96499bece4b2f65d4e40240f52e0bfb4027383b3f2db68a1b3e36c75f6
Vostok,Petit-et-al-2001,120.841000,,temperature_anomaly,-0.49,degC,observed;age_uncertainty_unavailable:GT4_has_no_point_age_distribution_in_source,c69eca96499bece4b2f65d4e40240f52e0bfb4027383b3f2db68a1b3e36c75f6
Vostok,Petit-et-al-2001,120.900000,,temperature_anomaly,-0.59,degC,observed;age_uncertainty_unavailable:GT4_has_no_point_age_distribution_in_source,c69eca96499bece4b2f65d4e40240f52e0bfb4027383b3f2db68a1b3e36c75f6
Vostok,Petit-et-al-2001,120.959000,,temperature_anomaly,-0.58,degC,observed;age_uncertainty_unavailable:GT4_has_no_point_age_distribution_in_source,c69eca96499bece4b2f65d4e40240f52e0bfb4027383b3f2db68a1b3e36c75f6
Vostok,Petit-et-al-2001,121.018000,,temperature_anomaly,-0.75,degC,observed;age_uncertainty_unavailable:GT4_has_no_point_age_distribution_in_source,c69eca96499bece4b2f65d4e40240f52e0bfb4027383b3f2db68a1b3e36c75f6
Vostok,Petit-et-al-2001,121.079000,,temperature_anomaly,-0.93,degC,observed;age_uncertainty_unavailable:GT4_has_no_point_age_distribution_in_source,c69eca96499bece4b2f65d4e40240f52e0bfb4027383b3f2db68a1b3e36c75f6
Vostok,Petit-et-al-2001,121.139000,,temperature_anomaly,-0.92,degC,observed;age_uncertainty_unavailable:GT4_has_no_point_age_distribution_in_source,c69eca96499bece4b2f65d4e40240f52e0bfb4027383b3f2db68a1b3e36c75f6
Vostok,Petit-et-al-2001,121.199000,,temperature_anomaly,-0.47,degC,observed;age_uncertainty_unavailable:GT4_has_no_point_age_distribution_in_source,c69eca96499bece4b2f65d4e40240f52e0bfb4027383b3f2db68a1b3e36c75f6
Vostok,Petit-et-al-2001,121.256000,,temperature_anomaly,0,degC,observed;age_uncertainty_unavailable:GT4_has_no_point_age_distribution_in_source,c69eca96499bece4b2f65d4e40240f52e0bfb4027383b3f2db68a1b3e36c75f6
Vostok,Petit-et-al-2001,121.314000,,temperature_anomaly,-0.32,degC,observed;age_uncertainty_unavailable:GT4_has_no_point_age_distribution_in_source,c69eca96499bece4b2f65d4e40240f52e0bfb4027383b3f2db68a1b3e36c75f6
Vostok,Petit-et-al-2001,121.373000,,temperature_anomaly,-0.65,degC,observed;age_uncertainty_unavailable:GT4_has_no_point_age_distribution_in_source,c69eca96499bece4b2f65d4e40240f52e0bfb4027383b3f2db68a1b3e36c75f6
Vostok,Petit-et-al-2001,121.432000,,temperature_anomaly,-0.64,degC,observed;age_uncertainty_unavailable:GT4_has_no_point_age_distribution_in_source,c69eca96499bece4b2f65d4e40240f52e0bfb4027383b3f2db68a1b3e36c75f6
Vostok,Petit-et-al-2001,121.492000,,temperature_anomaly,-0.62,degC,observed;age_uncertainty_unavailable:GT4_has_no_point_age_distribution_in_source,c69eca96499bece4b2f65d4e40240f52e0bfb4027383b3f2db68a1b3e36c75f6
Vostok,Petit-et-al-2001,121.551000,,temperature_anomaly,-0.6,degC,observed;age_uncertainty_unavailable:GT4_has_no_point_age_distribution_in_source,c69eca96499bece4b2f65d4e40240f52e0bfb4027383b3f2db68a1b3e36c75f6
Vostok,Petit-et-al-2001,121.610000,,temperature_anomaly,-0.6,degC,observed;age_uncertainty_unavailable:GT4_has_no_point_age_distribution_in_source,c69eca96499bece4b2f65d4e40240f52e0bfb4027383b3f2db68a1b3e36c75f6
Vostok,Petit-et-al-2001,121.669000,,temperature_anomaly,-0.32,degC,observed;age_uncertainty_unavailable:GT4_has_no_point_age_distribution_in_source,c69eca96499bece4b2f65d4e40240f52e0bfb4027383b3f2db68a1b3e36c75f6
Vostok,Petit-et-al-2001,121.727000,,temperature_anomaly,-0.03,degC,observed;age_uncertainty_unavailable:GT4_has_no_point_age_distribution_in_source,c69eca96499bece4b2f65d4e40240f52e0bfb4027383b3f2db68a1b3e36c75f6
Vostok,Petit-et-al-2001,121.784000,,temperature_anomaly,-0.03,degC,observed;age_uncertainty_unavailable:GT4_has_no_point_age_distribution_in_source,c69eca96499bece4b2f65d4e40240f52e0bfb4027383b3f2db68a1b3e36c75f6
Vostok,Petit-et-al-2001,121.840000,,temperature_anomaly,0.28,degC,observed;age_uncertainty_unavailable:GT4_has_no_point_age_distribution_in_source,c69eca96499bece4b2f65d4e40240f52e0bfb4027383b3f2db68a1b3e36c75f6
Vostok,Petit-et-al-2001,121.896000,,temperature_anomaly,0.58,degC,observed;age_uncertainty_unavailable:GT4_has_no_point_age_distribution_in_source,c69eca96499bece4b2f65d4e40240f52e0bfb4027383b3f2db68a1b3e36c75f6
Vostok,Petit-et-al-2001,121.951000,,temperature_anomaly,0.59,degC,observed;age_uncertainty_unavailable:GT4_has_no_point_age_distribution_in_source,c69eca96499bece4b2f65d4e40240f52e0bfb4027383b3f2db68a1b3e36c75f6
Vostok,Petit-et-al-2001,122.006000,,temperature_anomaly,0.11,degC,observed;age_uncertainty_unavailable:GT4_has_no_point_age_distribution_in_source,c69eca96499bece4b2f65d4e40240f52e0bfb4027383b3f2db68a1b3e36c75f6
Vostok,Petit-et-al-2001,122.064000,,temperature_anomaly,-0.37,degC,observed;age_uncertainty_unavailable:GT4_has_no_point_age_distribution_in_source,c69eca96499bece4b2f65d4e40240f52e0bfb4027383b3f2db68a1b3e36c75f6
Vostok,Petit-et-al-2001,122.122000,,temperature_anomaly,-0.01,degC,observed;age_uncertainty_unavailable:GT4_has_no_point_age_distribution_in_source,c69eca96499bece4b2f65d4e40240f52e0bfb4027383b3f2db68a1b3e36c75f6
Vostok,Petit-et-al-2001,122.178000,,temperature_anomaly,0.32,degC,observed;age_uncertainty_unavailable:GT4_has_no_point_age_distribution_in_source,c69eca96499bece4b2f65d4e40240f52e0bfb4027383b3f2db68a1b3e36c75f6
Vostok,Petit-et-al-2001,122.234000,,temperature_anomaly,0.41,degC,observed;age_uncertainty_unavailable:GT4_has_no_point_age_distribution_in_source,c69eca96499bece4b2f65d4e40240f52e0bfb4027383b3f2db68a1b3e36c75f6
Vostok,Petit-et-al-2001,122.290000,,temperature_anomaly,0.5,degC,observed;age_uncertainty_unavailable:GT4_has_no_point_age_distribution_in_source,c69eca96499bece4b2f65d4e40240f52e0bfb4027383b3f2db68a1b3e36c75f6
Vostok,Petit-et-al-2001,122.345000,,temperature_anomaly,0.32,degC,observed;age_uncertainty_unavailable:GT4_has_no_point_age_distribution_in_source,c69eca96499bece4b2f65d4e40240f52e0bfb4027383b3f2db68a1b3e36c75f6
Vostok,Petit-et-al-2001,122.402000,,temperature_anomaly,0.13,degC,observed;age_uncertainty_unavailable:GT4_has_no_point_age_distribution_in_source,c69eca96499bece4b2f65d4e40240f52e0bfb4027383b3f2db68a1b3e36c75f6
Vostok,Petit-et-al-2001,122.458000,,temperature_anomaly,0.13,degC,observed;age_uncertainty_unavailable:GT4_has_no_point_age_distribution_in_source,c69eca96499bece4b2f65d4e40240f52e0bfb4027383b3f2db68a1b3e36c75f6
Vostok,Petit-et-al-2001,122.515000,,temperature_anomaly,0.27,degC,observed;age_uncertainty_unavailable:GT4_has_no_point_age_distribution_in_source,c69eca96499bece4b2f65d4e40240f52e0bfb4027383b3f2db68a1b3e36c75f6
Vostok,Petit-et-al-2001,122.571000,,temperature_anomaly,0.39,degC,observed;age_uncertainty_unavailable:GT4_has_no_point_age_distribution_in_source,c69eca96499bece4b2f65d4e40240f52e0bfb4027383b3f2db68a1b3e36c75f6
Vostok,Petit-et-al-2001,122.627000,,temperature_anomaly,0.18,degC,observed;age_uncertainty_unavailable:GT4_has_no_point_age_distribution_in_source,c69eca96499bece4b2f65d4e40240f52e0bfb4027383b3f2db68a1b3e36c75f6
Vostok,Petit-et-al-2001,122.684000,,temperature_anomaly,-0.05,degC,observed;age_uncertainty_unavailable:GT4_has_no_point_age_distribution_in_source,c69eca96499bece4b2f65d4e40240f52e0bfb4027383b3f2db68a1b3e36c75f6
Vostok,Petit-et-al-2001,122.742000,,temperature_anomaly,-0.39,degC,observed;age_uncertainty_unavailable:GT4_has_no_point_age_distribution_in_source,c69eca96499bece4b2f65d4e40240f52e0bfb4027383b3f2db68a1b3e36c75f6
Vostok,Petit-et-al-2001,122.801000,,temperature_anomaly,-0.75,degC,observed;age_uncertainty_unavailable:GT4_has_no_point_age_distribution_in_source,c69eca96499bece4b2f65d4e40240f52e0bfb4027383b3f2db68a1b3e36c75f6
Vostok,Petit-et-al-2001,122.861000,,temperature_anomaly,-0.3,degC,observed;age_uncertainty_unavailable:GT4_has_no_point_age_distribution_in_source,c69eca96499bece4b2f65d4e40240f52e0bfb4027383b3f2db68a1b3e36c75f6
Vostok,Petit-et-al-2001,122.919000,,temperature_anomaly,-0.09,degC,observed;age_uncertainty_unavailable:GT4_has_no_point_age_distribution_in_source,c69eca96499bece4b2f65d4e40240f52e0bfb4027383b3f2db68a1b3e36c75f6
Vostok,Petit-et-al-2001,122.977000,,temperature_anomaly,-0.32,degC,observed;age_uncertainty_unavailable:GT4_has_no_point_age_distribution_in_source,c69eca96499bece4b2f65d4e40240f52e0bfb4027383b3f2db68a1b3e36c75f6
Vostok,Petit-et-al-2001,123.036000,,temperature_anomaly,-0.41,degC,observed;age_uncertainty_unavailable:GT4_has_no_point_age_distribution_in_source,c69eca96499bece4b2f65d4e40240f52e0bfb4027383b3f2db68a1b3e36c75f6
Vostok,Petit-et-al-2001,123.095000,,temperature_anomaly,-0.51,degC,observed;age_uncertainty_unavailable:GT4_has_no_point_age_distribution_in_source,c69eca96499bece4b2f65d4e40240f52e0bfb4027383b3f2db68a1b3e36c75f6
Vostok,Petit-et-al-2001,123.154000,,temperature_anomaly,-0.24,degC,observed;age_uncertainty_unavailable:GT4_has_no_point_age_distribution_in_source,c69eca96499bece4b2f65d4e40240f52e0bfb4027383b3f2db68a1b3e36c75f6
Vostok,Petit-et-al-2001,123.211000,,temperature_anomaly,0.05,degC,observed;age_uncertainty_unavailable:GT4_has_no_point_age_distribution_in_source,c69eca96499bece4b2f65d4e40240f52e0bfb4027383b3f2db68a1b3e36c75f6
Vostok,Petit-et-al-2001,123.268000,,temperature_anomaly,0.54,degC,observed;age_uncertainty_unavailable:GT4_has_no_point_age_distribution_in_source,c69eca96499bece4b2f65d4e40240f52e0bfb4027383b3f2db68a1b3e36c75f6
Vostok,Petit-et-al-2001,123.322000,,temperature_anomaly,1.02,degC,observed;age_uncertainty_unavailable:GT4_has_no_point_age_distribution_in_source,c69eca96499bece4b2f65d4e40240f52e0bfb4027383b3f2db68a1b3e36c75f6
Vostok,Petit-et-al-2001,123.377000,,temperature_anomaly,0.63,degC,observed;age_uncertainty_unavailable:GT4_has_no_point_age_distribution_in_source,c69eca96499bece4b2f65d4e40240f52e0bfb4027383b3f2db68a1b3e36c75f6
Vostok,Petit-et-al-2001,123.432000,,temperature_anomaly,0.22,degC,observed;age_uncertainty_unavailable:GT4_has_no_point_age_distribution_in_source,c69eca96499bece4b2f65d4e40240f52e0bfb4027383b3f2db68a1b3e36c75f6
Vostok,Petit-et-al-2001,123.489000,,temperature_anomaly,0.27,degC,observed;age_uncertainty_unavailable:GT4_has_no_point_age_distribution_in_source,c69eca96499bece4b2f65d4e40240f52e0bfb4027383b3f2db68a1b3e36c75f6
Vostok,Petit-et-al-2001,123.545000,,temperature_anomaly,0.34,degC,observed;age_uncertainty_unavailable:GT4_has_no_point_age_distribution_in_source,c69eca96499bece4b2f65d4e40240f52e0bfb4027383b3f2db68a1b3e36c75f6
Vostok,Petit-et-al-2001,123.602000,,temperature_anomaly,0.25,degC,observed;age_uncertainty_unavailable:GT4_has_no_point_age_distribution_in_source,c69eca96499bece4b2f65d4e40240f52e0bfb4027383b3f2db68a1b3e36c75f6
Vostok,Petit-et-al-2001,123.658000,,temperature_anomaly,0.16,degC,observed;age_uncertainty_unavailable:GT4_has_no_point_age_distribution_in_source,c69eca96499bece4b2f65d4e40240f52e0bfb4027383b3f2db68a1b3e36c75f6
Vostok,Petit-et-al-2001,123.715000,,temperature_anomaly,0.44,degC,observed;age_uncertainty_unavailable:GT4_has_no_point_age_distribution_in_source,c69eca96499bece4b2f65d4e40240f52e0bfb4027383b3f2db68a1b3e36c75f6
Vostok,Petit-et-al-2001,123.770000,,temperature_anomaly,0.71,degC,observed;age_uncertainty_unavailable:GT4_has_no_point_age_distribution_in_source,c69eca96499bece4b2f65d4e40240f52e0bfb4027383b3f2db68a1b3e36c75f6
Vostok,Petit-et-al-2001,123.825000,,temperature_anomaly,0.72,degC,observed;age_uncertainty_unavailable:GT4_has_no_point_age_distribution_in_source,c69eca96499bece4b2f65d4e40240f52e0bfb4027383b3f2db68a1b3e36c75f6
Vostok,Petit-et-al-2001,123.880000,,temperature_anomaly,0.62,degC,observed;age_uncertainty_unavailable:GT4_has_no_point_age_distribution_in_source,c69eca96499bece4b2f65d4e40240f52e0bfb4027383b3f2db68a1b3e36c75f6
Vostok,Petit-et-al-2001,123.936000,,temperature_anomaly,0.51,degC,observed;age_uncertainty_unavailable:GT4_has_no_point_age_distribution_in_source,c69eca96499bece4b2f65d4e40240f52e0bfb4027383b3f2db68a1b3e36c75f6
Vostok,Petit-et-al-2001,123.991000,,temperature_anomaly,0.4,degC,observed;age_uncertainty_unavailable:GT4_has_no_point_age_distribution_in_source,c69eca96499bece4b2f65d4e40240f52e0bfb4027383b3f2db68a1b3e36c75f6
Vostok,Petit-et-al-2001,124.046000,,temperature_anomaly,1.07,degC,observed;age_uncertainty_unavailable:GT4_has_no_point_age_distribution_in_source,c69eca96499bece4b2f65d4e40240f52e0bfb4027383b3f2db68a1b3e36c75f6
Vostok,Petit-et-al-2001,124.100000,,temperature_anomaly,1.24,degC,observed;age_uncertainty_unavailable:GT4_has_no_point_age_distribution_in_source,c69eca96499bece4b2f65d4e40240f52e0bfb4027383b3f2db68a1b3e36c75f6
Vostok,Petit-et-al-2001,124.154000,,temperature_anomaly,0.59,degC,observed;age_uncertainty_unavailable:GT4_has_no_point_age_distribution_in_source,c69eca96499bece4b2f65d4e40240f52e0bfb4027383b3f2db68a1b3e36c75f6
Vostok,Petit-et-al-2001,124.209000,,temperature_anomaly,0.6,degC,observed;age_uncertainty_unavailable:GT4_has_no_point_age_distribution_in_source,c69eca96499bece4b2f65d4e40240f52e0bfb4027383b3f2db68a1b3e36c75f6
Vostok,Petit-et-al-2001,124.265000,,temperature_anomaly,0.6,degC,observed;age_uncertainty_unavailable:GT4_has_no_point_age_distribution_in_source,c69eca96499bece4b2f65d4e40240f52e0bfb4027383b3f2db68a1b3e36c75f6
Vostok,Petit-et-al-2001,124.320000,,temperature_anomaly,0.5,degC,observed;age_uncertainty_unavailable:GT4_has_no_point_age_distribution_in_source,c69eca96499bece4b2f65d4e40240f52e0bfb4027383b3f2db68a1b3e36c75f6
Vostok,Petit-et-al-2001,124.376000,,temperature_anomaly,0.4,degC,observed;age_uncertainty_unavailable:GT4_has_no_point_age_distribution_in_source,c69eca96499bece4b2f65d4e40240f52e0bfb4027383b3f2db68a1b3e36c75f6
Vostok,Petit-et-al-2001,124.432000,,temperature_anomaly,0.5,degC,observed;age_uncertainty_unavailable:GT4_has_no_point_age_distribution_in_source,c69eca96499bece4b2f65d4e40240f52e0bfb4027383b3f2db68a1b3e36c75f6
Vostok,Petit-et-al-2001,124.488000,,temperature_anomaly,0.58,degC,observed;age_uncertainty_unavailable:GT4_has_no_point_age_distribution_in_source,c69eca96499bece4b2f65d4e40240f52e0bfb4027383b3f2db68a1b3e36c75f6
Vostok,Petit-et-al-2001,124.544000,,temperature_anomaly,0.62,degC,observed;age_uncertainty_unavailable:GT4_has_no_point_age_distribution_in_source,c69eca96499bece4b2f65d4e40240f52e0bfb4027383b3f2db68a1b3e36c75f6
Vostok,Petit-et-al-2001,124.599000,,temperature_anomaly,0.65,degC,observed;age_uncertainty_unavailable:GT4_has_no_point_age_distribution_in_source,c69eca96499bece4b2f65d4e40240f52e0bfb4027383b3f2db68a1b3e36c75f6
Vostok,Petit-et-al-2001,124.654000,,temperature_anomaly,0.62,degC,observed;age_uncertainty_unavailable:GT4_has_no_point_age_distribution_in_source,c69eca96499bece4b2f65d4e40240f52e0bfb4027383b3f2db68a1b3e36c75f6
Vostok,Petit-et-al-2001,124.710000,,temperature_anomaly,0.6,degC,observed;age_uncertainty_unavailable:GT4_has_no_point_age_distribution_in_source,c69eca96499bece4b2f65d4e40240f52e0bfb4027383b3f2db68a1b3e36c75f6
Vostok,Petit-et-al-2001,124.765000,,temperature_anomaly,0.6,degC,observed;age_uncertainty_unavailable:GT4_has_no_point_age_distribution_in_source,c69eca96499bece4b2f65d4e40240f52e0bfb4027383b3f2db68a1b3e36c75f6
Vostok,Petit-et-al-2001,124.821000,,temperature_anomaly,0.65,degC,observed;age_uncertainty_unavailable:GT4_has_no_point_age_distribution_in_source,c69eca96499bece4b2f65d4e40240f52e0bfb4027383b3f2db68a1b3e36c75f6
Vostok,Petit-et-al-2001,124.877000,,temperature_anomaly,0.27,degC,observed;age_uncertainty_unavailable:GT4_has_no_point_age_distribution_in_source,c69eca96499bece4b2f65d4e40240f52e0bfb4027383b3f2db68a1b3e36c75f6
Vostok,Petit-et-al-2001,124.935000,,temperature_anomaly,-0.14,degC,observed;age_uncertainty_unavailable:GT4_has_no_point_age_distribution_in_source,c69eca96499bece4b2f65d4e40240f52e0bfb4027383b3f2db68a1b3e36c75f6
Vostok,Petit-et-al-2001,124.993000,,temperature_anomaly,0.04,degC,observed;age_uncertainty_unavailable:GT4_has_no_point_age_distribution_in_source,c69eca96499bece4b2f65d4e40240f52e0bfb4027383b3f2db68a1b3e36c75f6
Vostok,Petit-et-al-2001,125.050000,,temperature_anomaly,0.24,degC,observed;age_uncertainty_unavailable:GT4_has_no_point_age_distribution_in_source,c69eca96499bece4b2f65d4e40240f52e0bfb4027383b3f2db68a1b3e36c75f6
Vostok,Petit-et-al-2001,125.107000,,temperature_anomaly,0.47,degC,observed;age_uncertainty_unavailable:GT4_has_no_point_age_distribution_in_source,c69eca96499bece4b2f65d4e40240f52e0bfb4027383b3f2db68a1b3e36c75f6
Vostok,Petit-et-al-2001,125.162000,,temperature_anomaly,0.69,degC,observed;age_uncertainty_unavailable:GT4_has_no_point_age_distribution_in_source,c69eca96499bece4b2f65d4e40240f52e0bfb4027383b3f2db68a1b3e36c75f6
Vostok,Petit-et-al-2001,125.217000,,temperature_anomaly,0.95,degC,observed;age_uncertainty_unavailable:GT4_has_no_point_age_distribution_in_source,c69eca96499bece4b2f65d4e40240f52e0bfb4027383b3f2db68a1b3e36c75f6
Vostok,Petit-et-al-2001,125.271000,,temperature_anomaly,1.22,degC,observed;age_uncertainty_unavailable:GT4_has_no_point_age_distribution_in_source,c69eca96499bece4b2f65d4e40240f52e0bfb4027383b3f2db68a1b3e36c75f6
Vostok,Petit-et-al-2001,125.325000,,temperature_anomaly,0.92,degC,observed;age_uncertainty_unavailable:GT4_has_no_point_age_distribution_in_source,c69eca96499bece4b2f65d4e40240f52e0bfb4027383b3f2db68a1b3e36c75f6
Vostok,Petit-et-al-2001,125.380000,,temperature_anomaly,0.61,degC,observed;age_uncertainty_unavailable:GT4_has_no_point_age_distribution_in_source,c69eca96499bece4b2f65d4e40240f52e0bfb4027383b3f2db68a1b3e36c75f6
Vostok,Petit-et-al-2001,125.435000,,temperature_anomaly,0.82,degC,observed;age_uncertainty_unavailable:GT4_has_no_point_age_distribution_in_source,c69eca96499bece4b2f65d4e40240f52e0bfb4027383b3f2db68a1b3e36c75f6
Vostok,Petit-et-al-2001,125.490000,,temperature_anomaly,1.02,degC,observed;age_uncertainty_unavailable:GT4_has_no_point_age_distribution_in_source,c69eca96499bece4b2f65d4e40240f52e0bfb4027383b3f2db68a1b3e36c75f6
Vostok,Petit-et-al-2001,125.544000,,temperature_anomaly,1.07,degC,observed;age_uncertainty_unavailable:GT4_has_no_point_age_distribution_in_source,c69eca96499bece4b2f65d4e40240f52e0bfb4027383b3f2db68a1b3e36c75f6
Vostok,Petit-et-al-2001,125.598000,,temperature_anomaly,1.11,degC,observed;age_uncertainty_unavailable:GT4_has_no_point_age_distribution_in_source,c69eca96499bece4b2f65d4e40240f52e0bfb4027383b3f2db68a1b3e36c75f6
Vostok,Petit-et-al-2001,125.653000,,temperature_anomaly,0.76,degC,observed;age_uncertainty_unavailable:GT4_has_no_point_age_distribution_in_source,c69eca96499bece4b2f65d4e40240f52e0bfb4027383b3f2db68a1b3e36c75f6
Vostok,Petit-et-al-2001,125.708000,,temperature_anomaly,0.43,degC,observed;age_uncertainty_unavailable:GT4_has_no_point_age_distribution_in_source,c69eca96499bece4b2f65d4e40240f52e0bfb4027383b3f2db68a1b3e36c75f6
Vostok,Petit-et-al-2001,125.765000,,temperature_anomaly,0.45,degC,observed;age_uncertainty_unavailable:GT4_has_no_point_age_distribution_in_source,c69eca96499bece4b2f65d4e40240f52e0bfb4027383b3f2db68a1b3e36c75f6
Vostok,Petit-et-al-2001,125.821000,,temperature_anomaly,0.53,degC,observed;age_uncertainty_unavailable:GT4_has_no_point_age_distribution_in_source,c69eca96499bece4b2f65d4e40240f52e0bfb4027383b3f2db68a1b3e36c75f6
Vostok,Petit-et-al-2001,125.877000,,temperature_anomaly,0.61,degC,observed;age_uncertainty_unavailable:GT4_has_no_point_age_distribution_in_source,c69eca96499bece4b2f65d4e40240f52e0bfb4027383b3f2db68a1b3e36c75f6
Vostok,Petit-et-al-2001,125.933000,,temperature_anomaly,0.55,degC,observed;age_uncertainty_unavailable:GT4_has_no_point_age_distribution_in_source,c69eca96499bece4b2f65d4e40240f52e0bfb4027383b3f2db68a1b3e36c75f6
Vostok,Petit-et-al-2001,125.989000,,temperature_anomaly,0.47,degC,observed;age_uncertainty_unavailable:GT4_has_no_point_age_distribution_in_source,c69eca96499bece4b2f65d4e40240f52e0bfb4027383b3f2db68a1b3e36c75f6
Vostok,Petit-et-al-2001,126.046000,,temperature_anomaly,0.38,degC,observed;age_uncertainty_unavailable:GT4_has_no_point_age_distribution_in_source,c69eca96499bece4b2f65d4e40240f52e0bfb4027383b3f2db68a1b3e36c75f6
Vostok,Petit-et-al-2001,126.103000,,temperature_anomaly,0.28,degC,observed;age_uncertainty_unavailable:GT4_has_no_point_age_distribution_in_source,c69eca96499bece4b2f65d4e40240f52e0bfb4027383b3f2db68a1b3e36c75f6
Vostok,Petit-et-al-2001,126.160000,,temperature_anomaly,0.17,degC,observed;age_uncertainty_unavailable:GT4_has_no_point_age_distribution_in_source,c69eca96499bece4b2f65d4e40240f52e0bfb4027383b3f2db68a1b3e36c75f6
Vostok,Petit-et-al-2001,126.217000,,temperature_anomaly,0.53,degC,observed;age_uncertainty_unavailable:GT4_has_no_point_age_distribution_in_source,c69eca96499bece4b2f65d4e40240f52e0bfb4027383b3f2db68a1b3e36c75f6
Vostok,Petit-et-al-2001,126.272000,,temperature_anomaly,1.03,degC,observed;age_uncertainty_unavailable:GT4_has_no_point_age_distribution_in_source,c69eca96499bece4b2f65d4e40240f52e0bfb4027383b3f2db68a1b3e36c75f6
Vostok,Petit-et-al-2001,126.327000,,temperature_anomaly,1,degC,observed;age_uncertainty_unavailable:GT4_has_no_point_age_distribution_in_source,c69eca96499bece4b2f65d4e40240f52e0bfb4027383b3f2db68a1b3e36c75f6
Vostok,Petit-et-al-2001,126.381000,,temperature_anomaly,0.97,degC,observed;age_uncertainty_unavailable:GT4_has_no_point_age_distribution_in_source,c69eca96499bece4b2f65d4e40240f52e0bfb4027383b3f2db68a1b3e36c75f6
Vostok,Petit-et-al-2001,126.436000,,temperature_anomaly,0.93,degC,observed;age_uncertainty_unavailable:GT4_has_no_point_age_distribution_in_source,c69eca96499bece4b2f65d4e40240f52e0bfb4027383b3f2db68a1b3e36c75f6
Vostok,Petit-et-al-2001,126.491000,,temperature_anomaly,0.9,degC,observed;age_uncertainty_unavailable:GT4_has_no_point_age_distribution_in_source,c69eca96499bece4b2f65d4e40240f52e0bfb4027383b3f2db68a1b3e36c75f6
Vostok,Petit-et-al-2001,126.545000,,temperature_anomaly,1.26,degC,observed;age_uncertainty_unavailable:GT4_has_no_point_age_distribution_in_source,c69eca96499bece4b2f65d4e40240f52e0bfb4027383b3f2db68a1b3e36c75f6
Vostok,Petit-et-al-2001,126.598000,,temperature_anomaly,1.61,degC,observed;age_uncertainty_unavailable:GT4_has_no_point_age_distribution_in_source,c69eca96499bece4b2f65d4e40240f52e0bfb4027383b3f2db68a1b3e36c75f6
Vostok,Petit-et-al-2001,126.650000,,temperature_anomaly,1.93,degC,observed;age_uncertainty_unavailable:GT4_has_no_point_age_distribution_in_source,c69eca96499bece4b2f65d4e40240f52e0bfb4027383b3f2db68a1b3e36c75f6
Vostok,Petit-et-al-2001,126.700000,,temperature_anomaly,2.5,degC,observed;age_uncertainty_unavailable:GT4_has_no_point_age_distribution_in_source,c69eca96499bece4b2f65d4e40240f52e0bfb4027383b3f2db68a1b3e36c75f6
Vostok,Petit-et-al-2001,126.749000,,temperature_anomaly,2.74,degC,observed;age_uncertainty_unavailable:GT4_has_no_point_age_distribution_in_source,c69eca96499bece4b2f65d4e40240f52e0bfb4027383b3f2db68a1b3e36c75f6
Vostok,Petit-et-al-2001,126.799000,,temperature_anomaly,2.07,degC,observed;age_uncertainty_unavailable:GT4_has_no_point_age_distribution_in_source,c69eca96499bece4b2f65d4e40240f52e0bfb4027383b3f2db68a1b3e36c75f6
Vostok,Petit-et-al-2001,126.851000,,temperature_anomaly,1.41,degC,observed;age_uncertainty_unavailable:GT4_has_no_point_age_distribution_in_source,c69eca96499bece4b2f65d4e40240f52e0bfb4027383b3f2db68a1b3e36c75f6
Vostok,Petit-et-al-2001,126.904000,,temperature_anomaly,1.73,degC,observed;age_uncertainty_unavailable:GT4_has_no_point_age_distribution_in_source,c69eca96499bece4b2f65d4e40240f52e0bfb4027383b3f2db68a1b3e36c75f6
Vostok,Petit-et-al-2001,126.955000,,temperature_anomaly,2.07,degC,observed;age_uncertainty_unavailable:GT4_has_no_point_age_distribution_in_source,c69eca96499bece4b2f65d4e40240f52e0bfb4027383b3f2db68a1b3e36c75f6
Vostok,Petit-et-al-2001,127.006000,,temperature_anomaly,2.06,degC,observed;age_uncertainty_unavailable:GT4_has_no_point_age_distribution_in_source,c69eca96499bece4b2f65d4e40240f52e0bfb4027383b3f2db68a1b3e36c75f6
Vostok,Petit-et-al-2001,127.057000,,temperature_anomaly,2.05,degC,observed;age_uncertainty_unavailable:GT4_has_no_point_age_distribution_in_source,c69eca96499bece4b2f65d4e40240f52e0bfb4027383b3f2db68a1b3e36c75f6
Vostok,Petit-et-al-2001,127.108000,,temperature_anomaly,2.04,degC,observed;age_uncertainty_unavailable:GT4_has_no_point_age_distribution_in_source,c69eca96499bece4b2f65d4e40240f52e0bfb4027383b3f2db68a1b3e36c75f6
Vostok,Petit-et-al-2001,127.159000,,temperature_anomaly,2.13,degC,observed;age_uncertainty_unavailable:GT4_has_no_point_age_distribution_in_source,c69eca96499bece4b2f65d4e40240f52e0bfb4027383b3f2db68a1b3e36c75f6
Vostok,Petit-et-al-2001,127.210000,,temperature_anomaly,2.22,degC,observed;age_uncertainty_unavailable:GT4_has_no_point_age_distribution_in_source,c69eca96499bece4b2f65d4e40240f52e0bfb4027383b3f2db68a1b3e36c75f6
Vostok,Petit-et-al-2001,127.260000,,temperature_anomaly,2.33,degC,observed;age_uncertainty_unavailable:GT4_has_no_point_age_distribution_in_source,c69eca96499bece4b2f65d4e40240f52e0bfb4027383b3f2db68a1b3e36c75f6
Vostok,Petit-et-al-2001,127.310000,,temperature_anomaly,2.44,degC,observed;age_uncertainty_unavailable:GT4_has_no_point_age_distribution_in_source,c69eca96499bece4b2f65d4e40240f52e0bfb4027383b3f2db68a1b3e36c75f6
Vostok,Petit-et-al-2001,127.360000,,temperature_anomaly,2.44,degC,observed;age_uncertainty_unavailable:GT4_has_no_point_age_distribution_in_source,c69eca96499bece4b2f65d4e40240f52e0bfb4027383b3f2db68a1b3e36c75f6
Vostok,Petit-et-al-2001,127.410000,,temperature_anomaly,2.46,degC,observed;age_uncertainty_unavailable:GT4_has_no_point_age_distribution_in_source,c69eca96499bece4b2f65d4e40240f52e0bfb4027383b3f2db68a1b3e36c75f6
Vostok,Petit-et-al-2001,127.460000,,temperature_anomaly,2.37,degC,observed;age_uncertainty_unavailable:GT4_has_no_point_age_distribution_in_source,c69eca96499bece4b2f65d4e40240f52e0bfb4027383b3f2db68a1b3e36c75f6
Vostok,Petit-et-al-2001,127.510000,,temperature_anomaly,2.29,degC,observed;age_uncertainty_unavailable:GT4_has_no_point_age_distribution_in_source,c69eca96499bece4b2f65d4e40240f52e0bfb4027383b3f2db68a1b3e36c75f6
Vostok,Petit-et-al-2001,127.560000,,temperature_anomaly,2.4,degC,observed;age_uncertainty_unavailable:GT4_has_no_point_age_distribution_in_source,c69eca96499bece4b2f65d4e40240f52e0bfb4027383b3f2db68a1b3e36c75f6
Vostok,Petit-et-al-2001,127.610000,,temperature_anomaly,2.52,degC,observed;age_uncertainty_unavailable:GT4_has_no_point_age_distribution_in_source,c69eca96499bece4b2f65d4e40240f52e0bfb4027383b3f2db68a1b3e36c75f6
Vostok,Petit-et-al-2001,127.660000,,temperature_anomaly,2.37,degC,observed;age_uncertainty_unavailable:GT4_has_no_point_age_distribution_in_source,c69eca96499bece4b2f65d4e40240f52e0bfb4027383b3f2db68a1b3e36c75f6
Vostok,Petit-et-al-2001,127.710000,,temperature_anomaly,2.22,degC,observed;age_uncertainty_unavailable:GT4_has_no_point_age_distribution_in_source,c69eca96499bece4b2f65d4e40240f52e0bfb4027383b3f2db68a1b3e36c75f6
Vostok,Petit-et-al-2001,127.760000,,temperature_anomaly,2.43,degC,observed;age_uncertainty_unavailable:GT4_has_no_point_age_distribution_in_source,c69eca96499bece4b2f65d4e40240f52e0bfb4027383b3f2db68a1b3e36c75f6
Vostok,Petit-et-al-2001,127.810000,,temperature_anomaly,2.58,degC,observed;age_uncertainty_unavailable:GT4_has_no_point_age_distribution_in_source,c69eca96499bece4b2f65d4e40240f52e0bfb4027383b3f2db68a1b3e36c75f6
Vostok,Petit-et-al-2001,127.860000,,temperature_anomaly,2.49,degC,observed;age_uncertainty_unavailable:GT4_has_no_point_age_distribution_in_source,c69eca96499bece4b2f65d4e40240f52e0bfb4027383b3f2db68a1b3e36c75f6
Vostok,Petit-et-al-2001,127.910000,,temperature_anomaly,2.16,degC,observed;age_uncertainty_unavailable:GT4_has_no_point_age_distribution_in_source,c69eca96499bece4b2f65d4e40240f52e0bfb4027383b3f2db68a1b3e36c75f6
Vostok,Petit-et-al-2001,127.961000,,temperature_anomaly,2.06,degC,observed;age_uncertainty_unavailable:GT4_has_no_point_age_distribution_in_source,c69eca96499bece4b2f65d4e40240f52e0bfb4027383b3f2db68a1b3e36c75f6
Vostok,Petit-et-al-2001,128.012000,,temperature_anomaly,2.26,degC,observed;age_uncertainty_unavailable:GT4_has_no_point_age_distribution_in_source,c69eca96499bece4b2f65d4e40240f52e0bfb4027383b3f2db68a1b3e36c75f6
Vostok,Petit-et-al-2001,128.062000,,temperature_anomaly,2.49,degC,observed;age_uncertainty_unavailable:GT4_has_no_point_age_distribution_in_source,c69eca96499bece4b2f65d4e40240f52e0bfb4027383b3f2db68a1b3e36c75f6
Vostok,Petit-et-al-2001,128.112000,,temperature_anomaly,2.72,degC,observed;age_uncertainty_unavailable:GT4_has_no_point_age_distribution_in_source,c69eca96499bece4b2f65d4e40240f52e0bfb4027383b3f2db68a1b3e36c75f6
Vostok,Petit-et-al-2001,128.161000,,temperature_anomaly,2.7,degC,observed;age_uncertainty_unavailable:GT4_has_no_point_age_distribution_in_source,c69eca96499bece4b2f65d4e40240f52e0bfb4027383b3f2db68a1b3e36c75f6
Vostok,Petit-et-al-2001,128.210000,,temperature_anomaly,2.68,degC,observed;age_uncertainty_unavailable:GT4_has_no_point_age_distribution_in_source,c69eca96499bece4b2f65d4e40240f52e0bfb4027383b3f2db68a1b3e36c75f6
Vostok,Petit-et-al-2001,128.259000,,temperature_anomaly,2.5,degC,observed;age_uncertainty_unavailable:GT4_has_no_point_age_distribution_in_source,c69eca96499bece4b2f65d4e40240f52e0bfb4027383b3f2db68a1b3e36c75f6
Vostok,Petit-et-al-2001,128.309000,,temperature_anomaly,2.78,degC,observed;age_uncertainty_unavailable:GT4_has_no_point_age_distribution_in_source,c69eca96499bece4b2f65d4e40240f52e0bfb4027383b3f2db68a1b3e36c75f6
Vostok,Petit-et-al-2001,128.357000,,temperature_anomaly,3.23,degC,observed;age_uncertainty_unavailable:GT4_has_no_point_age_distribution_in_source,c69eca96499bece4b2f65d4e40240f52e0bfb4027383b3f2db68a1b3e36c75f6
Vostok,Petit-et-al-2001,128.405000,,temperature_anomaly,3.16,degC,observed;age_uncertainty_unavailable:GT4_has_no_point_age_distribution_in_source,c69eca96499bece4b2f65d4e40240f52e0bfb4027383b3f2db68a1b3e36c75f6
Vostok,Petit-et-al-2001,128.453000,,temperature_anomaly,3.08,degC,observed;age_uncertainty_unavailable:GT4_has_no_point_age_distribution_in_source,c69eca96499bece4b2f65d4e40240f52e0bfb4027383b3f2db68a1b3e36c75f6
Vostok,Petit-et-al-2001,128.501000,,temperature_anomaly,3.06,degC,observed;age_uncertainty_unavailable:GT4_has_no_point_age_distribution_in_source,c69eca96499bece4b2f65d4e40240f52e0bfb4027383b3f2db68a1b3e36c75f6
Vostok,Petit-et-al-2001,128.549000,,temperature_anomaly,2.71,degC,observed;age_uncertainty_unavailable:GT4_has_no_point_age_distribution_in_source,c69eca96499bece4b2f65d4e40240f52e0bfb4027383b3f2db68a1b3e36c75f6
Vostok,Petit-et-al-2001,128.599000,,temperature_anomaly,2.37,degC,observed;age_uncertainty_unavailable:GT4_has_no_point_age_distribution_in_source,c69eca96499bece4b2f65d4e40240f52e0bfb4027383b3f2db68a1b3e36c75f6
Vostok,Petit-et-al-2001,128.650000,,temperature_anomaly,2.11,degC,observed;age_uncertainty_unavailable:GT4_has_no_point_age_distribution_in_source,c69eca96499bece4b2f65d4e40240f52e0bfb4027383b3f2db68a1b3e36c75f6
Vostok,Petit-et-al-2001,128.702000,,temperature_anomaly,1.87,degC,observed;age_uncertainty_unavailable:GT4_has_no_point_age_distribution_in_source,c69eca96499bece4b2f65d4e40240f52e0bfb4027383b3f2db68a1b3e36c75f6
Vostok,Petit-et-al-2001,128.753000,,temperature_anomaly,2.16,degC,observed;age_uncertainty_unavailable:GT4_has_no_point_age_distribution_in_source,c69eca96499bece4b2f65d4e40240f52e0bfb4027383b3f2db68a1b3e36c75f6
Vostok,Petit-et-al-2001,128.804000,,temperature_anomaly,2.45,degC,observed;age_uncertainty_unavailable:GT4_has_no_point_age_distribution_in_source,c69eca96499bece4b2f65d4e40240f52e0bfb4027383b3f2db68a1b3e36c75f6
Vostok,Petit-et-al-2001,128.854000,,temperature_anomaly,2.2,degC,observed;age_uncertainty_unavailable:GT4_has_no_point_age_distribution_in_source,c69eca96499bece4b2f65d4e40240f52e0bfb4027383b3f2db68a1b3e36c75f6
Vostok,Petit-et-al-2001,128.906000,,temperature_anomaly,1.96,degC,observed;age_uncertainty_unavailable:GT4_has_no_point_age_distribution_in_source,c69eca96499bece4b2f65d4e40240f52e0bfb4027383b3f2db68a1b3e36c75f6
Vostok,Petit-et-al-2001,128.958000,,temperature_anomaly,1.7,degC,observed;age_uncertainty_unavailable:GT4_has_no_point_age_distribution_in_source,c69eca96499bece4b2f65d4e40240f52e0bfb4027383b3f2db68a1b3e36c75f6
Vostok,Petit-et-al-2001,129.011000,,temperature_anomaly,1.44,degC,observed;age_uncertainty_unavailable:GT4_has_no_point_age_distribution_in_source,c69eca96499bece4b2f65d4e40240f52e0bfb4027383b3f2db68a1b3e36c75f6
Vostok,Petit-et-al-2001,129.065000,,temperature_anomaly,1.42,degC,observed;age_uncertainty_unavailable:GT4_has_no_point_age_distribution_in_source,c69eca96499bece4b2f65d4e40240f52e0bfb4027383b3f2db68a1b3e36c75f6
Vostok,Petit-et-al-2001,129.119000,,temperature_anomaly,1.39,degC,observed;age_uncertainty_unavailable:GT4_has_no_point_age_distribution_in_source,c69eca96499bece4b2f65d4e40240f52e0bfb4027383b3f2db68a1b3e36c75f6
Vostok,Petit-et-al-2001,129.172000,,temperature_anomaly,1.83,degC,observed;age_uncertainty_unavailable:GT4_has_no_point_age_distribution_in_source,c69eca96499bece4b2f65d4e40240f52e0bfb4027383b3f2db68a1b3e36c75f6
Vostok,Petit-et-al-2001,129.224000,,temperature_anomaly,2.25,degC,observed;age_uncertainty_unavailable:GT4_has_no_point_age_distribution_in_source,c69eca96499bece4b2f65d4e40240f52e0bfb4027383b3f2db68a1b3e36c75f6
Vostok,Petit-et-al-2001,129.274000,,temperature_anomaly,2.52,degC,observed;age_uncertainty_unavailable:GT4_has_no_point_age_distribution_in_source,c69eca96499bece4b2f65d4e40240f52e0bfb4027383b3f2db68a1b3e36c75f6
Vostok,Petit-et-al-2001,129.324000,,temperature_anomaly,2.78,degC,observed;age_uncertainty_unavailable:GT4_has_no_point_age_distribution_in_source,c69eca96499bece4b2f65d4e40240f52e0bfb4027383b3f2db68a1b3e36c75f6
Vostok,Petit-et-al-2001,129.374000,,temperature_anomaly,2.2,degC,observed;age_uncertainty_unavailable:GT4_has_no_point_age_distribution_in_source,c69eca96499bece4b2f65d4e40240f52e0bfb4027383b3f2db68a1b3e36c75f6
Vostok,Petit-et-al-2001,129.428000,,temperature_anomaly,0.67,degC,observed;age_uncertainty_unavailable:GT4_has_no_point_age_distribution_in_source,c69eca96499bece4b2f65d4e40240f52e0bfb4027383b3f2db68a1b3e36c75f6
Vostok,Petit-et-al-2001,129.486000,,temperature_anomaly,-0.31,degC,observed;age_uncertainty_unavailable:GT4_has_no_point_age_distribution_in_source,c69eca96499bece4b2f65d4e40240f52e0bfb4027383b3f2db68a1b3e36c75f6
Vostok,Petit-et-al-2001,129.545000,,temperature_anomaly,0.56,degC,observed;age_uncertainty_unavailable:GT4_has_no_point_age_distribution_in_source,c69eca96499bece4b2f65d4e40240f52e0bfb4027383b3f2db68a1b3e36c75f6
Vostok,Petit-et-al-2001,129.600000,,temperature_anomaly,1.42,degC,observed;age_uncertainty_unavailable:GT4_has_no_point_age_distribution_in_source,c69eca96499bece4b2f65d4e40240f52e0bfb4027383b3f2db68a1b3e36c75f6
Vostok,Petit-et-al-2001,129.653000,,temperature_anomaly,1.78,degC,observed;age_uncertainty_unavailable:GT4_has_no_point_age_distribution_in_source,c69eca96499bece4b2f65d4e40240f52e0bfb4027383b3f2db68a1b3e36c75f6
Vostok,Petit-et-al-2001,129.705000,,temperature_anomaly,2.16,degC,observed;age_uncertainty_unavailable:GT4_has_no_point_age_distribution_in_source,c69eca96499bece4b2f65d4e40240f52e0bfb4027383b3f2db68a1b3e36c75f6
Vostok,Petit-et-al-2001,129.757000,,temperature_anomaly,1.95,degC,observed;age_uncertainty_unavailable:GT4_has_no_point_age_distribution_in_source,c69eca96499bece4b2f65d4e40240f52e0bfb4027383b3f2db68a1b3e36c75f6
Vostok,Petit-et-al-2001,129.809000,,temperature_anomaly,1.73,degC,observed;age_uncertainty_unavailable:GT4_has_no_point_age_distribution_in_source,c69eca96499bece4b2f65d4e40240f52e0bfb4027383b3f2db68a1b3e36c75f6
Vostok,Petit-et-al-2001,129.863000,,temperature_anomaly,1.6,degC,observed;age_uncertainty_unavailable:GT4_has_no_point_age_distribution_in_source,c69eca96499bece4b2f65d4e40240f52e0bfb4027383b3f2db68a1b3e36c75f6
Vostok,Petit-et-al-2001,129.916000,,temperature_anomaly,1.31,degC,observed;age_uncertainty_unavailable:GT4_has_no_point_age_distribution_in_source,c69eca96499bece4b2f65d4e40240f52e0bfb4027383b3f2db68a1b3e36c75f6
Vostok,Petit-et-al-2001,129.971000,,temperature_anomaly,1.14,degC,observed;age_uncertainty_unavailable:GT4_has_no_point_age_distribution_in_source,c69eca96499bece4b2f65d4e40240f52e0bfb4027383b3f2db68a1b3e36c75f6
Vostok,Petit-et-al-2001,130.026000,,temperature_anomaly,1.47,degC,observed;age_uncertainty_unavailable:GT4_has_no_point_age_distribution_in_source,c69eca96499bece4b2f65d4e40240f52e0bfb4027383b3f2db68a1b3e36c75f6
Vostok,Petit-et-al-2001,130.079000,,temperature_anomaly,1.81,degC,observed;age_uncertainty_unavailable:GT4_has_no_point_age_distribution_in_source,c69eca96499bece4b2f65d4e40240f52e0bfb4027383b3f2db68a1b3e36c75f6
Vostok,Petit-et-al-2001,130.131000,,temperature_anomaly,1.79,degC,observed;age_uncertainty_unavailable:GT4_has_no_point_age_distribution_in_source,c69eca96499bece4b2f65d4e40240f52e0bfb4027383b3f2db68a1b3e36c75f6
Vostok,Petit-et-al-2001,130.185000,,temperature_anomaly,1.24,degC,observed;age_uncertainty_unavailable:GT4_has_no_point_age_distribution_in_source,c69eca96499bece4b2f65d4e40240f52e0bfb4027383b3f2db68a1b3e36c75f6
Vostok,Petit-et-al-2001,130.241000,,temperature_anomaly,0.68,degC,observed;age_uncertainty_unavailable:GT4_has_no_point_age_distribution_in_source,c69eca96499bece4b2f65d4e40240f52e0bfb4027383b3f2db68a1b3e36c75f6
Vostok,Petit-et-al-2001,130.297000,,temperature_anomaly,0.88,degC,observed;age_uncertainty_unavailable:GT4_has_no_point_age_distribution_in_source,c69eca96499bece4b2f65d4e40240f52e0bfb4027383b3f2db68a1b3e36c75f6
Vostok,Petit-et-al-2001,130.353000,,temperature_anomaly,0.84,degC,observed;age_uncertainty_unavailable:GT4_has_no_point_age_distribution_in_source,c69eca96499bece4b2f65d4e40240f52e0bfb4027383b3f2db68a1b3e36c75f6
Vostok,Petit-et-al-2001,130.410000,,temperature_anomaly,0.59,degC,observed;age_uncertainty_unavailable:GT4_has_no_point_age_distribution_in_source,c69eca96499bece4b2f65d4e40240f52e0bfb4027383b3f2db68a1b3e36c75f6
Vostok,Petit-et-al-2001,130.467000,,temperature_anomaly,0.57,degC,observed;age_uncertainty_unavailable:GT4_has_no_point_age_distribution_in_source,c69eca96499bece4b2f65d4e40240f52e0bfb4027383b3f2db68a1b3e36c75f6
Vostok,Petit-et-al-2001,130.525000,,temperature_anomaly,0.53,degC,observed;age_uncertainty_unavailable:GT4_has_no_point_age_distribution_in_source,c69eca96499bece4b2f65d4e40240f52e0bfb4027383b3f2db68a1b3e36c75f6
Vostok,Petit-et-al-2001,130.582000,,temperature_anomaly,0.4,degC,observed;age_uncertainty_unavailable:GT4_has_no_point_age_distribution_in_source,c69eca96499bece4b2f65d4e40240f52e0bfb4027383b3f2db68a1b3e36c75f6
Vostok,Petit-et-al-2001,130.641000,,temperature_anomaly,0.24,degC,observed;age_uncertainty_unavailable:GT4_has_no_point_age_distribution_in_source,c69eca96499bece4b2f65d4e40240f52e0bfb4027383b3f2db68a1b3e36c75f6
Vostok,Petit-et-al-2001,130.699000,,temperature_anomaly,0.14,degC,observed;age_uncertainty_unavailable:GT4_has_no_point_age_distribution_in_source,c69eca96499bece4b2f65d4e40240f52e0bfb4027383b3f2db68a1b3e36c75f6
Vostok,Petit-et-al-2001,130.759000,,temperature_anomaly,-0.13,degC,observed;age_uncertainty_unavailable:GT4_has_no_point_age_distribution_in_source,c69eca96499bece4b2f65d4e40240f52e0bfb4027383b3f2db68a1b3e36c75f6
Vostok,Petit-et-al-2001,130.819000,,temperature_anomaly,-0.31,degC,observed;age_uncertainty_unavailable:GT4_has_no_point_age_distribution_in_source,c69eca96499bece4b2f65d4e40240f52e0bfb4027383b3f2db68a1b3e36c75f6
Vostok,Petit-et-al-2001,130.880000,,temperature_anomaly,-0.43,degC,observed;age_uncertainty_unavailable:GT4_has_no_point_age_distribution_in_source,c69eca96499bece4b2f65d4e40240f52e0bfb4027383b3f2db68a1b3e36c75f6
Vostok,Petit-et-al-2001,130.942000,,temperature_anomaly,-0.54,degC,observed;age_uncertainty_unavailable:GT4_has_no_point_age_distribution_in_source,c69eca96499bece4b2f65d4e40240f52e0bfb4027383b3f2db68a1b3e36c75f6
Vostok,Petit-et-al-2001,131.004000,,temperature_anomaly,-0.56,degC,observed;age_uncertainty_unavailable:GT4_has_no_point_age_distribution_in_source,c69eca96499bece4b2f65d4e40240f52e0bfb4027383b3f2db68a1b3e36c75f6
Vostok,Petit-et-al-2001,131.066000,,temperature_anomaly,-0.58,degC,observed;age_uncertainty_unavailable:GT4_has_no_point_age_distribution_in_source,c69eca96499bece4b2f65d4e40240f52e0bfb4027383b3f2db68a1b3e36c75f6
Vostok,Petit-et-al-2001,131.128000,,temperature_anomaly,-0.79,degC,observed;age_uncertainty_unavailable:GT4_has_no_point_age_distribution_in_source,c69eca96499bece4b2f65d4e40240f52e0bfb4027383b3f2db68a1b3e36c75f6
Vostok,Petit-et-al-2001,131.190000,,temperature_anomaly,-0.42,degC,observed;age_uncertainty_unavailable:GT4_has_no_point_age_distribution_in_source,c69eca96499bece4b2f65d4e40240f52e0bfb4027383b3f2db68a1b3e36c75f6
Vostok,Petit-et-al-2001,131.250000,,temperature_anomaly,0.16,degC,observed;age_uncertainty_unavailable:GT4_has_no_point_age_distribution_in_source,c69eca96499bece4b2f65d4e40240f52e0bfb4027383b3f2db68a1b3e36c75f6
Vostok,Petit-et-al-2001,131.311000,,temperature_anomaly,-0.49,degC,observed;age_uncertainty_unavailable:GT4_has_no_point_age_distribution_in_source,c69eca96499bece4b2f65d4e40240f52e0bfb4027383b3f2db68a1b3e36c75f6
Vostok,Petit-et-al-2001,131.374000,,temperature_anomaly,-1.14,degC,observed;age_uncertainty_unavailable:GT4_has_no_point_age_distribution_in_source,c69eca96499bece4b2f65d4e40240f52e0bfb4027383b3f2db68a1b3e36c75f6
Vostok,Petit-et-al-2001,131.439000,,temperature_anomaly,-1.54,degC,observed;age_uncertainty_unavailable:GT4_has_no_point_age_distribution_in_source,c69eca96499bece4b2f65d4e40240f52e0bfb4027383b3f2db68a1b3e36c75f6
Vostok,Petit-et-al-2001,131.506000,,temperature_anomaly,-1.94,degC,observed;age_uncertainty_unavailable:GT4_has_no_point_age_distribution_in_source,c69eca96499bece4b2f65d4e40240f52e0bfb4027383b3f2db68a1b3e36c75f6
Vostok,Petit-et-al-2001,131.574000,,temperature_anomaly,-1.73,degC,observed;age_uncertainty_unavailable:GT4_has_no_point_age_distribution_in_source,c69eca96499bece4b2f65d4e40240f52e0bfb4027383b3f2db68a1b3e36c75f6
Vostok,Petit-et-al-2001,131.641000,,temperature_anomaly,-1.51,degC,observed;age_uncertainty_unavailable:GT4_has_no_point_age_distribution_in_source,c69eca96499bece4b2f65d4e40240f52e0bfb4027383b3f2db68a1b3e36c75f6
Vostok,Petit-et-al-2001,131.707000,,temperature_anomaly,-1.48,degC,observed;age_uncertainty_unavailable:GT4_has_no_point_age_distribution_in_source,c69eca96499bece4b2f65d4e40240f52e0bfb4027383b3f2db68a1b3e36c75f6
Vostok,Petit-et-al-2001,131.773000,,temperature_anomaly,-1.45,degC,observed;age_uncertainty_unavailable:GT4_has_no_point_age_distribution_in_source,c69eca96499bece4b2f65d4e40240f52e0bfb4027383b3f2db68a1b3e36c75f6
Vostok,Petit-et-al-2001,131.840000,,temperature_anomaly,-1.87,degC,observed;age_uncertainty_unavailable:GT4_has_no_point_age_distribution_in_source,c69eca96499bece4b2f65d4e40240f52e0bfb4027383b3f2db68a1b3e36c75f6
Vostok,Petit-et-al-2001,131.908000,,temperature_anomaly,-2.28,degC,observed;age_uncertainty_unavailable:GT4_has_no_point_age_distribution_in_source,c69eca96499bece4b2f65d4e40240f52e0bfb4027383b3f2db68a1b3e36c75f6
Vostok,Petit-et-al-2001,131.978000,,temperature_anomaly,-2.23,degC,observed;age_uncertainty_unavailable:GT4_has_no_point_age_distribution_in_source,c69eca96499bece4b2f65d4e40240f52e0bfb4027383b3f2db68a1b3e36c75f6
Vostok,Petit-et-al-2001,132.048000,,temperature_anomaly,-2.48,degC,observed;age_uncertainty_unavailable:GT4_has_no_point_age_distribution_in_source,c69eca96499bece4b2f65d4e40240f52e0bfb4027383b3f2db68a1b3e36c75f6
Vostok,Petit-et-al-2001,132.120000,,temperature_anomaly,-2.78,degC,observed;age_uncertainty_unavailable:GT4_has_no_point_age_distribution_in_source,c69eca96499bece4b2f65d4e40240f52e0bfb4027383b3f2db68a1b3e36c75f6
Vostok,Petit-et-al-2001,132.192000,,temperature_anomaly,-2.78,degC,observed;age_uncertainty_unavailable:GT4_has_no_point_age_distribution_in_source,c69eca96499bece4b2f65d4e40240f52e0bfb4027383b3f2db68a1b3e36c75f6
Vostok,Petit-et-al-2001,132.264000,,temperature_anomaly,-2.6,degC,observed;age_uncertainty_unavailable:GT4_has_no_point_age_distribution_in_source,c69eca96499bece4b2f65d4e40240f52e0bfb4027383b3f2db68a1b3e36c75f6
Vostok,Petit-et-al-2001,132.335000,,temperature_anomaly,-2.42,degC,observed;age_uncertainty_unavailable:GT4_has_no_point_age_distribution_in_source,c69eca96499bece4b2f65d4e40240f52e0bfb4027383b3f2db68a1b3e36c75f6
Vostok,Petit-et-al-2001,132.406000,,temperature_anomaly,-2.44,degC,observed;age_uncertainty_unavailable:GT4_has_no_point_age_distribution_in_source,c69eca96499bece4b2f65d4e40240f52e0bfb4027383b3f2db68a1b3e36c75f6
Vostok,Petit-et-al-2001,132.477000,,temperature_anomaly,-2.52,degC,observed;age_uncertainty_unavailable:GT4_has_no_point_age_distribution_in_source,c69eca96499bece4b2f65d4e40240f52e0bfb4027383b3f2db68a1b3e36c75f6
Vostok,Petit-et-al-2001,132.548000,,temperature_anomaly,-2.57,degC,observed;age_uncertainty_unavailable:GT4_has_no_point_age_distribution_in_source,c69eca96499bece4b2f65d4e40240f52e0bfb4027383b3f2db68a1b3e36c75f6
Vostok,Petit-et-al-2001,132.619000,,temperature_anomaly,-2.58,degC,observed;age_uncertainty_unavailable:GT4_has_no_point_age_distribution_in_source,c69eca96499bece4b2f65d4e40240f52e0bfb4027383b3f2db68a1b3e36c75f6
Vostok,Petit-et-al-2001,132.691000,,temperature_anomaly,-2.58,degC,observed;age_uncertainty_unavailable:GT4_has_no_point_age_distribution_in_source,c69eca96499bece4b2f65d4e40240f52e0bfb4027383b3f2db68a1b3e36c75f6
Vostok,Petit-et-al-2001,132.763000,,temperature_anomaly,-2.76,degC,observed;age_uncertainty_unavailable:GT4_has_no_point_age_distribution_in_source,c69eca96499bece4b2f65d4e40240f52e0bfb4027383b3f2db68a1b3e36c75f6
Vostok,Petit-et-al-2001,132.836000,,temperature_anomaly,-3.16,degC,observed;age_uncertainty_unavailable:GT4_has_no_point_age_distribution_in_source,c69eca96499bece4b2f65d4e40240f52e0bfb4027383b3f2db68a1b3e36c75f6
Vostok,Petit-et-al-2001,132.911000,,temperature_anomaly,-3.36,degC,observed;age_uncertainty_unavailable:GT4_has_no_point_age_distribution_in_source,c69eca96499bece4b2f65d4e40240f52e0bfb4027383b3f2db68a1b3e36c75f6
Vostok,Petit-et-al-2001,132.987000,,temperature_anomaly,-3.61,degC,observed;age_uncertainty_unavailable:GT4_has_no_point_age_distribution_in_source,c69eca96499bece4b2f65d4e40240f52e0bfb4027383b3f2db68a1b3e36c75f6
Vostok,Petit-et-al-2001,133.065000,,temperature_anomaly,-3.84,degC,observed;age_uncertainty_unavailable:GT4_has_no_point_age_distribution_in_source,c69eca96499bece4b2f65d4e40240f52e0bfb4027383b3f2db68a1b3e36c75f6
Vostok,Petit-et-al-2001,133.142000,,temperature_anomaly,-3.69,degC,observed;age_uncertainty_unavailable:GT4_has_no_point_age_distribution_in_source,c69eca96499bece4b2f65d4e40240f52e0bfb4027383b3f2db68a1b3e36c75f6
Vostok,Petit-et-al-2001,133.219000,,temperature_anomaly,-3.54,degC,observed;age_uncertainty_unavailable:GT4_has_no_point_age_distribution_in_source,c69eca96499bece4b2f65d4e40240f52e0bfb4027383b3f2db68a1b3e36c75f6
Vostok,Petit-et-al-2001,133.296000,,temperature_anomaly,-3.73,degC,observed;age_uncertainty_unavailable:GT4_has_no_point_age_distribution_in_source,c69eca96499bece4b2f65d4e40240f52e0bfb4027383b3f2db68a1b3e36c75f6
Vostok,Petit-et-al-2001,133.374000,,temperature_anomaly,-3.93,degC,observed;age_uncertainty_unavailable:GT4_has_no_point_age_distribution_in_source,c69eca96499bece4b2f65d4e40240f52e0bfb4027383b3f2db68a1b3e36c75f6
Vostok,Petit-et-al-2001,133.452000,,temperature_anomaly,-3.58,degC,observed;age_uncertainty_unavailable:GT4_has_no_point_age_distribution_in_source,c69eca96499bece4b2f65d4e40240f52e0bfb4027383b3f2db68a1b3e36c75f6
Vostok,Petit-et-al-2001,133.528000,,temperature_anomaly,-3.23,degC,observed;age_uncertainty_unavailable:GT4_has_no_point_age_distribution_in_source,c69eca96499bece4b2f65d4e40240f52e0bfb4027383b3f2db68a1b3e36c75f6
Vostok,Petit-et-al-2001,133.603000,,temperature_anomaly,-3.23,degC,observed;age_uncertainty_unavailable:GT4_has_no_point_age_distribution_in_source,c69eca96499bece4b2f65d4e40240f52e0bfb4027383b3f2db68a1b3e36c75f6
Vostok,Petit-et-al-2001,133.679000,,temperature_anomaly,-3.81,degC,observed;age_uncertainty_unavailable:GT4_has_no_point_age_distribution_in_source,c69eca96499bece4b2f65d4e40240f52e0bfb4027383b3f2db68a1b3e36c75f6
Vostok,Petit-et-al-2001,133.759000,,temperature_anomaly,-4.41,degC,observed;age_uncertainty_unavailable:GT4_has_no_point_age_distribution_in_source,c69eca96499bece4b2f65d4e40240f52e0bfb4027383b3f2db68a1b3e36c75f6
Vostok,Petit-et-al-2001,133.841000,,temperature_anomaly,-4.46,degC,observed;age_uncertainty_unavailable:GT4_has_no_point_age_distribution_in_source,c69eca96499bece4b2f65d4e40240f52e0bfb4027383b3f2db68a1b3e36c75f6
Vostok,Petit-et-al-2001,133.923000,,temperature_anomaly,-4.47,degC,observed;age_uncertainty_unavailable:GT4_has_no_point_age_distribution_in_source,c69eca96499bece4b2f65d4e40240f52e0bfb4027383b3f2db68a1b3e36c75f6
Vostok,Petit-et-al-2001,134.005000,,temperature_anomaly,-4.89,degC,observed;age_uncertainty_unavailable:GT4_has_no_point_age_distribution_in_source,c69eca96499bece4b2f65d4e40240f52e0bfb4027383b3f2db68a1b3e36c75f6
Vostok,Petit-et-al-2001,134.091000,,temperature_anomaly,-5.28,degC,observed;age_uncertainty_unavailable:GT4_has_no_point_age_distribution_in_source,c69eca96499bece4b2f65d4e40240f52e0bfb4027383b3f2db68a1b3e36c75f6
Vostok,Petit-et-al-2001,134.178000,,temperature_anomaly,-5.4,degC,observed;age_uncertainty_unavailable:GT4_has_no_point_age_distribution_in_source,c69eca96499bece4b2f65d4e40240f52e0bfb4027383b3f2db68a1b3e36c75f6
Vostok,Petit-et-al-2001,134.266000,,temperature_anomaly,-5.74,degC,observed;age_uncertainty_unavailable:GT4_has_no_point_age_distribution_in_source,c69eca96499bece4b2f65d4e40240f52e0bfb4027383b3f2db68a1b3e36c75f6
Vostok,Petit-et-al-2001,134.356000,,temperature_anomaly,-5.93,degC,observed;age_uncertainty_unavailable:GT4_has_no_point_age_distribution_in_source,c69eca96499bece4b2f65d4e40240f52e0bfb4027383b3f2db68a1b3e36c75f6
Vostok,Petit-et-al-2001,134.447000,,temperature_anomaly,-6.09,degC,observed;age_uncertainty_unavailable:GT4_has_no_point_age_distribution_in_source,c69eca96499bece4b2f65d4e40240f52e0bfb4027383b3f2db68a1b3e36c75f6
Vostok,Petit-et-al-2001,134.538000,,temperature_anomaly,-5.76,degC,observed;age_uncertainty_unavailable:GT4_has_no_point_age_distribution_in_source,c69eca96499bece4b2f65d4e40240f52e0bfb4027383b3f2db68a1b3e36c75f6
Vostok,Petit-et-al-2001,134.628000,,temperature_anomaly,-5.74,degC,observed;age_uncertainty_unavailable:GT4_has_no_point_age_distribution_in_source,c69eca96499bece4b2f65d4e40240f52e0bfb4027383b3f2db68a1b3e36c75f6
Vostok,Petit-et-al-2001,134.719000,,temperature_anomaly,-6.39,degC,observed;age_uncertainty_unavailable:GT4_has_no_point_age_distribution_in_source,c69eca96499bece4b2f65d4e40240f52e0bfb4027383b3f2db68a1b3e36c75f6
Vostok,Petit-et-al-2001,134.815000,,temperature_anomaly,-6.97,degC,observed;age_uncertainty_unavailable:GT4_has_no_point_age_distribution_in_source,c69eca96499bece4b2f65d4e40240f52e0bfb4027383b3f2db68a1b3e36c75f6
Vostok,Petit-et-al-2001,134.912000,,temperature_anomaly,-6.9,degC,observed;age_uncertainty_unavailable:GT4_has_no_point_age_distribution_in_source,c69eca96499bece4b2f65d4e40240f52e0bfb4027383b3f2db68a1b3e36c75f6
Vostok,Petit-et-al-2001,135.009000,,temperature_anomaly,-6.88,degC,observed;age_uncertainty_unavailable:GT4_has_no_point_age_distribution_in_source,c69eca96499bece4b2f65d4e40240f52e0bfb4027383b3f2db68a1b3e36c75f6
Vostok,Petit-et-al-2001,135.107000,,temperature_anomaly,-7.18,degC,observed;age_uncertainty_unavailable:GT4_has_no_point_age_distribution_in_source,c69eca96499bece4b2f65d4e40240f52e0bfb4027383b3f2db68a1b3e36c75f6
Vostok,Petit-et-al-2001,135.207000,,temperature_anomaly,-7.26,degC,observed;age_uncertainty_unavailable:GT4_has_no_point_age_distribution_in_source,c69eca96499bece4b2f65d4e40240f52e0bfb4027383b3f2db68a1b3e36c75f6
Vostok,Petit-et-al-2001,135.308000,,temperature_anomaly,-7.48,degC,observed;age_uncertainty_unavailable:GT4_has_no_point_age_distribution_in_source,c69eca96499bece4b2f65d4e40240f52e0bfb4027383b3f2db68a1b3e36c75f6
Vostok,Petit-et-al-2001,135.408000,,temperature_anomaly,-7.3,degC,observed;age_uncertainty_unavailable:GT4_has_no_point_age_distribution_in_source,c69eca96499bece4b2f65d4e40240f52e0bfb4027383b3f2db68a1b3e36c75f6
Vostok,Petit-et-al-2001,135.507000,,temperature_anomaly,-6.83,degC,observed;age_uncertainty_unavailable:GT4_has_no_point_age_distribution_in_source,c69eca96499bece4b2f65d4e40240f52e0bfb4027383b3f2db68a1b3e36c75f6
Vostok,Petit-et-al-2001,135.604000,,temperature_anomaly,-6.91,degC,observed;age_uncertainty_unavailable:GT4_has_no_point_age_distribution_in_source,c69eca96499bece4b2f65d4e40240f52e0bfb4027383b3f2db68a1b3e36c75f6
Vostok,Petit-et-al-2001,135.702000,,temperature_anomaly,-7.13,degC,observed;age_uncertainty_unavailable:GT4_has_no_point_age_distribution_in_source,c69eca96499bece4b2f65d4e40240f52e0bfb4027383b3f2db68a1b3e36c75f6
Vostok,Petit-et-al-2001,135.802000,,temperature_anomaly,-7.33,degC,observed;age_uncertainty_unavailable:GT4_has_no_point_age_distribution_in_source,c69eca96499bece4b2f65d4e40240f52e0bfb4027383b3f2db68a1b3e36c75f6
Vostok,Petit-et-al-2001,135.903000,,temperature_anomaly,-7.31,degC,observed;age_uncertainty_unavailable:GT4_has_no_point_age_distribution_in_source,c69eca96499bece4b2f65d4e40240f52e0bfb4027383b3f2db68a1b3e36c75f6
Vostok,Petit-et-al-2001,136.003000,,temperature_anomaly,-7.14,degC,observed;age_uncertainty_unavailable:GT4_has_no_point_age_distribution_in_source,c69eca96499bece4b2f65d4e40240f52e0bfb4027383b3f2db68a1b3e36c75f6
Vostok,Petit-et-al-2001,136.103000,,temperature_anomaly,-7.51,degC,observed;age_uncertainty_unavailable:GT4_has_no_point_age_distribution_in_source,c69eca96499bece4b2f65d4e40240f52e0bfb4027383b3f2db68a1b3e36c75f6
Vostok,Petit-et-al-2001,136.206000,,temperature_anomaly,-7.81,degC,observed;age_uncertainty_unavailable:GT4_has_no_point_age_distribution_in_source,c69eca96499bece4b2f65d4e40240f52e0bfb4027383b3f2db68a1b3e36c75f6
Vostok,Petit-et-al-2001,136.309000,,temperature_anomaly,-7.44,degC,observed;age_uncertainty_unavailable:GT4_has_no_point_age_distribution_in_source,c69eca96499bece4b2f65d4e40240f52e0bfb4027383b3f2db68a1b3e36c75f6
Vostok,Petit-et-al-2001,136.411000,,temperature_anomaly,-7.39,degC,observed;age_uncertainty_unavailable:GT4_has_no_point_age_distribution_in_source,c69eca96499bece4b2f65d4e40240f52e0bfb4027383b3f2db68a1b3e36c75f6
Vostok,Petit-et-al-2001,136.512000,,temperature_anomaly,-7.54,degC,observed;age_uncertainty_unavailable:GT4_has_no_point_age_distribution_in_source,c69eca96499bece4b2f65d4e40240f52e0bfb4027383b3f2db68a1b3e36c75f6
Vostok,Petit-et-al-2001,136.614000,,temperature_anomaly,-7.29,degC,observed;age_uncertainty_unavailable:GT4_has_no_point_age_distribution_in_source,c69eca96499bece4b2f65d4e40240f52e0bfb4027383b3f2db68a1b3e36c75f6
Vostok,Petit-et-al-2001,136.715000,,temperature_anomaly,-7.51,degC,observed;age_uncertainty_unavailable:GT4_has_no_point_age_distribution_in_source,c69eca96499bece4b2f65d4e40240f52e0bfb4027383b3f2db68a1b3e36c75f6
Vostok,Petit-et-al-2001,136.819000,,temperature_anomaly,-7.94,degC,observed;age_uncertainty_unavailable:GT4_has_no_point_age_distribution_in_source,c69eca96499bece4b2f65d4e40240f52e0bfb4027383b3f2db68a1b3e36c75f6
Vostok,Petit-et-al-2001,136.923000,,temperature_anomaly,-7.62,degC,observed;age_uncertainty_unavailable:GT4_has_no_point_age_distribution_in_source,c69eca96499bece4b2f65d4e40240f52e0bfb4027383b3f2db68a1b3e36c75f6
Vostok,Petit-et-al-2001,137.026000,,temperature_anomaly,-7.5,degC,observed;age_uncertainty_unavailable:GT4_has_no_point_age_distribution_in_source,c69eca96499bece4b2f65d4e40240f52e0bfb4027383b3f2db68a1b3e36c75f6
Vostok,Petit-et-al-2001,137.130000,,temperature_anomaly,-7.82,degC,observed;age_uncertainty_unavailable:GT4_has_no_point_age_distribution_in_source,c69eca96499bece4b2f65d4e40240f52e0bfb4027383b3f2db68a1b3e36c75f6
Vostok,Petit-et-al-2001,137.235000,,temperature_anomaly,-7.93,degC,observed;age_uncertainty_unavailable:GT4_has_no_point_age_distribution_in_source,c69eca96499bece4b2f65d4e40240f52e0bfb4027383b3f2db68a1b3e36c75f6
Vostok,Petit-et-al-2001,137.341000,,temperature_anomaly,-7.98,degC,observed;age_uncertainty_unavailable:GT4_has_no_point_age_distribution_in_source,c69eca96499bece4b2f65d4e40240f52e0bfb4027383b3f2db68a1b3e36c75f6
Vostok,Petit-et-al-2001,137.446000,,temperature_anomaly,-7.72,degC,observed;age_uncertainty_unavailable:GT4_has_no_point_age_distribution_in_source,c69eca96499bece4b2f65d4e40240f52e0bfb4027383b3f2db68a1b3e36c75f6
Vostok,Petit-et-al-2001,137.549000,,temperature_anomaly,-7.45,degC,observed;age_uncertainty_unavailable:GT4_has_no_point_age_distribution_in_source,c69eca96499bece4b2f65d4e40240f52e0bfb4027383b3f2db68a1b3e36c75f6
Vostok,Petit-et-al-2001,137.651000,,temperature_anomaly,-7.47,degC,observed;age_uncertainty_unavailable:GT4_has_no_point_age_distribution_in_source,c69eca96499bece4b2f65d4e40240f52e0bfb4027383b3f2db68a1b3e36c75f6
Vostok,Petit-et-al-2001,137.754000,,temperature_anomaly,-7.55,degC,observed;age_uncertainty_unavailable:GT4_has_no_point_age_distribution_in_source,c69eca96499bece4b2f65d4e40240f52e0bfb4027383b3f2db68a1b3e36c75f6
Vostok,Petit-et-al-2001,137.858000,,temperature_anomaly,-7.88,degC,observed;age_uncertainty_unavailable:GT4_has_no_point_age_distribution_in_source,c69eca96499bece4b2f65d4e40240f52e0bfb4027383b3f2db68a1b3e36c75f6
Vostok,Petit-et-al-2001,137.966000,,temperature_anomaly,-8.51,degC,observed;age_uncertainty_unavailable:GT4_has_no_point_age_distribution_in_source,c69eca96499bece4b2f65d4e40240f52e0bfb4027383b3f2db68a1b3e36c75f6
Vostok,Petit-et-al-2001,138.078000,,temperature_anomaly,-8.89,degC,observed;age_uncertainty_unavailable:GT4_has_no_point_age_distribution_in_source,c69eca96499bece4b2f65d4e40240f52e0bfb4027383b3f2db68a1b3e36c75f6
Vostok,Petit-et-al-2001,138.193000,,temperature_anomaly,-9.24,degC,observed;age_uncertainty_unavailable:GT4_has_no_point_age_distribution_in_source,c69eca96499bece4b2f65d4e40240f52e0bfb4027383b3f2db68a1b3e36c75f6
Vostok,Petit-et-al-2001,138.308000,,temperature_anomaly,-8.94,degC,observed;age_uncertainty_unavailable:GT4_has_no_point_age_distribution_in_source,c69eca96499bece4b2f65d4e40240f52e0bfb4027383b3f2db68a1b3e36c75f6
Vostok,Petit-et-al-2001,138.420000,,temperature_anomaly,-8.59,degC,observed;age_uncertainty_unavailable:GT4_has_no_point_age_distribution_in_source,c69eca96499bece4b2f65d4e40240f52e0bfb4027383b3f2db68a1b3e36c75f6
Vostok,Petit-et-al-2001,138.532000,,temperature_anomaly,-8.72,degC,observed;age_uncertainty_unavailable:GT4_has_no_point_age_distribution_in_source,c69eca96499bece4b2f65d4e40240f52e0bfb4027383b3f2db68a1b3e36c75f6
Vostok,Petit-et-al-2001,138.644000,,temperature_anomaly,-8.67,degC,observed;age_uncertainty_unavailable:GT4_has_no_point_age_distribution_in_source,c69eca96499bece4b2f65d4e40240f52e0bfb4027383b3f2db68a1b3e36c75f6
Vostok,Petit-et-al-2001,138.756000,,temperature_anomaly,-8.67,degC,observed;age_uncertainty_unavailable:GT4_has_no_point_age_distribution_in_source,c69eca96499bece4b2f65d4e40240f52e0bfb4027383b3f2db68a1b3e36c75f6
Vostok,Petit-et-al-2001,138.868000,,temperature_anomaly,-8.59,degC,observed;age_uncertainty_unavailable:GT4_has_no_point_age_distribution_in_source,c69eca96499bece4b2f65d4e40240f52e0bfb4027383b3f2db68a1b3e36c75f6
Vostok,Petit-et-al-2001,138.978000,,temperature_anomaly,-8.3,degC,observed;age_uncertainty_unavailable:GT4_has_no_point_age_distribution_in_source,c69eca96499bece4b2f65d4e40240f52e0bfb4027383b3f2db68a1b3e36c75f6
Vostok,Petit-et-al-2001,139.087000,,temperature_anomaly,-8.3,degC,observed;age_uncertainty_unavailable:GT4_has_no_point_age_distribution_in_source,c69eca96499bece4b2f65d4e40240f52e0bfb4027383b3f2db68a1b3e36c75f6
Vostok,Petit-et-al-2001,139.197000,,temperature_anomaly,-8.53,degC,observed;age_uncertainty_unavailable:GT4_has_no_point_age_distribution_in_source,c69eca96499bece4b2f65d4e40240f52e0bfb4027383b3f2db68a1b3e36c75f6
Vostok,Petit-et-al-2001,139.308000,,temperature_anomaly,-8.4,degC,observed;age_uncertainty_unavailable:GT4_has_no_point_age_distribution_in_source,c69eca96499bece4b2f65d4e40240f52e0bfb4027383b3f2db68a1b3e36c75f6
Vostok,Petit-et-al-2001,139.418000,,temperature_anomaly,-8.4,degC,observed;age_uncertainty_unavailable:GT4_has_no_point_age_distribution_in_source,c69eca96499bece4b2f65d4e40240f52e0bfb4027383b3f2db68a1b3e36c75f6
Vostok,Petit-et-al-2001,139.530000,,temperature_anomaly,-8.7,degC,observed;age_uncertainty_unavailable:GT4_has_no_point_age_distribution_in_source,c69eca96499bece4b2f65d4e40240f52e0bfb4027383b3f2db68a1b3e36c75f6
Vostok,Petit-et-al-2001,139.643000,,temperature_anomaly,-8.86,degC,observed;age_uncertainty_unavailable:GT4_has_no_point_age_distribution_in_source,c69eca96499bece4b2f65d4e40240f52e0bfb4027383b3f2db68a1b3e36c75f6
Vostok,Petit-et-al-2001,139.756000,,temperature_anomaly,-8.66,degC,observed;age_uncertainty_unavailable:GT4_has_no_point_age_distribution_in_source,c69eca96499bece4b2f65d4e40240f52e0bfb4027383b3f2db68a1b3e36c75f6
Vostok,Petit-et-al-2001,139.868000,,temperature_anomaly,-8.43,degC,observed;age_uncertainty_unavailable:GT4_has_no_point_age_distribution_in_source,c69eca96499bece4b2f65d4e40240f52e0bfb4027383b3f2db68a1b3e36c75f6
Vostok,Petit-et-al-2001,139.979000,,temperature_anomaly,-8.64,degC,observed;age_uncertainty_unavailable:GT4_has_no_point_age_distribution_in_source,c69eca96499bece4b2f65d4e40240f52e0bfb4027383b3f2db68a1b3e36c75f6
Vostok,Petit-et-al-2001,140.093000,,temperature_anomaly,-8.99,degC,observed;age_uncertainty_unavailable:GT4_has_no_point_age_distribution_in_source,c69eca96499bece4b2f65d4e40240f52e0bfb4027383b3f2db68a1b3e36c75f6
Vostok,Petit-et-al-2001,140.207000,,temperature_anomaly,-8.82,degC,observed;age_uncertainty_unavailable:GT4_has_no_point_age_distribution_in_source,c69eca96499bece4b2f65d4e40240f52e0bfb4027383b3f2db68a1b3e36c75f6
Vostok,Petit-et-al-2001,140.319000,,temperature_anomaly,-8.34,degC,observed;age_uncertainty_unavailable:GT4_has_no_point_age_distribution_in_source,c69eca96499bece4b2f65d4e40240f52e0bfb4027383b3f2db68a1b3e36c75f6
Vostok,Petit-et-al-2001,140.430000,,temperature_anomaly,-8.44,degC,observed;age_uncertainty_unavailable:GT4_has_no_point_age_distribution_in_source,c69eca96499bece4b2f65d4e40240f52e0bfb4027383b3f2db68a1b3e36c75f6
Vostok,Petit-et-al-2001,140.542000,,temperature_anomaly,-8.67,degC,observed;age_uncertainty_unavailable:GT4_has_no_point_age_distribution_in_source,c69eca96499bece4b2f65d4e40240f52e0bfb4027383b3f2db68a1b3e36c75f6
Vostok,Petit-et-al-2001,140.655000,,temperature_anomaly,-8.6,degC,observed;age_uncertainty_unavailable:GT4_has_no_point_age_distribution_in_source,c69eca96499bece4b2f65d4e40240f52e0bfb4027383b3f2db68a1b3e36c75f6
Vostok,Petit-et-al-2001,140.766000,,temperature_anomaly,-8.38,degC,observed;age_uncertainty_unavailable:GT4_has_no_point_age_distribution_in_source,c69eca96499bece4b2f65d4e40240f52e0bfb4027383b3f2db68a1b3e36c75f6
Vostok,Petit-et-al-2001,140.876000,,temperature_anomaly,-8.11,degC,observed;age_uncertainty_unavailable:GT4_has_no_point_age_distribution_in_source,c69eca96499bece4b2f65d4e40240f52e0bfb4027383b3f2db68a1b3e36c75f6
Vostok,Petit-et-al-2001,140.986000,,temperature_anomaly,-8.59,degC,observed;age_uncertainty_unavailable:GT4_has_no_point_age_distribution_in_source,c69eca96499bece4b2f65d4e40240f52e0bfb4027383b3f2db68a1b3e36c75f6
Vostok,Petit-et-al-2001,141.100000,,temperature_anomaly,-8.75,degC,observed;age_uncertainty_unavailable:GT4_has_no_point_age_distribution_in_source,c69eca96499bece4b2f65d4e40240f52e0bfb4027383b3f2db68a1b3e36c75f6
Vostok,Petit-et-al-2001,141.212000,,temperature_anomaly,-8.38,degC,observed;age_uncertainty_unavailable:GT4_has_no_point_age_distribution_in_source,c69eca96499bece4b2f65d4e40240f52e0bfb4027383b3f2db68a1b3e36c75f6
Vostok,Petit-et-al-2001,141.323000,,temperature_anomaly,-8.31,degC,observed;age_uncertainty_unavailable:GT4_has_no_point_age_distribution_in_source,c69eca96499bece4b2f65d4e40240f52e0bfb4027383b3f2db68a1b3e36c75f6
Vostok,Petit-et-al-2001,141.434000,,temperature_anomaly,-8.54,degC,observed;age_uncertainty_unavailable:GT4_has_no_point_age_distribution_in_source,c69eca96499bece4b2f65d4e40240f52e0bfb4027383b3f2db68a1b3e36c75f6
Vostok,Petit-et-al-2001,141.547000,,temperature_anomaly,-8.7,degC,observed;age_uncertainty_unavailable:GT4_has_no_point_age_distribution_in_source,c69eca96499bece4b2f65d4e40240f52e0bfb4027383b3f2db68a1b3e36c75f6
Vostok,Petit-et-al-2001,141.661000,,temperature_anomaly,-8.58,degC,observed;age_uncertainty_unavailable:GT4_has_no_point_age_distribution_in_source,c69eca96499bece4b2f65d4e40240f52e0bfb4027383b3f2db68a1b3e36c75f6
Vostok,Petit-et-al-2001,141.773000,,temperature_anomaly,-8.51,degC,observed;age_uncertainty_unavailable:GT4_has_no_point_age_distribution_in_source,c69eca96499bece4b2f65d4e40240f52e0bfb4027383b3f2db68a1b3e36c75f6
Vostok,Petit-et-al-2001,141.885000,,temperature_anomaly,-8.39,degC,observed;age_uncertainty_unavailable:GT4_has_no_point_age_distribution_in_source,c69eca96499bece4b2f65d4e40240f52e0bfb4027383b3f2db68a1b3e36c75f6
Vostok,Petit-et-al-2001,141.997000,,temperature_anomaly,-8.54,degC,observed;age_uncertainty_unavailable:GT4_has_no_point_age_distribution_in_source,c69eca96499bece4b2f65d4e40240f52e0bfb4027383b3f2db68a1b3e36c75f6
Vostok,Petit-et-al-2001,142.108000,,temperature_anomaly,-8.21,degC,observed;age_uncertainty_unavailable:GT4_has_no_point_age_distribution_in_source,c69eca96499bece4b2f65d4e40240f52e0bfb4027383b3f2db68a1b3e36c75f6
Vostok,Petit-et-al-2001,142.218000,,temperature_anomaly,-8.12,degC,observed;age_uncertainty_unavailable:GT4_has_no_point_age_distribution_in_source,c69eca96499bece4b2f65d4e40240f52e0bfb4027383b3f2db68a1b3e36c75f6
Vostok,Petit-et-al-2001,142.329000,,temperature_anomaly,-8.36,degC,observed;age_uncertainty_unavailable:GT4_has_no_point_age_distribution_in_source,c69eca96499bece4b2f65d4e40240f52e0bfb4027383b3f2db68a1b3e36c75f6
Vostok,Petit-et-al-2001,142.440000,,temperature_anomaly,-8.25,degC,observed;age_uncertainty_unavailable:GT4_has_no_point_age_distribution_in_source,c69eca96499bece4b2f65d4e40240f52e0bfb4027383b3f2db68a1b3e36c75f6
Vostok,Petit-et-al-2001,142.551000,,temperature_anomaly,-8.49,degC,observed;age_uncertainty_unavailable:GT4_has_no_point_age_distribution_in_source,c69eca96499bece4b2f65d4e40240f52e0bfb4027383b3f2db68a1b3e36c75f6
Vostok,Petit-et-al-2001,142.665000,,temperature_anomaly,-8.73,degC,observed;age_uncertainty_unavailable:GT4_has_no_point_age_distribution_in_source,c69eca96499bece4b2f65d4e40240f52e0bfb4027383b3f2db68a1b3e36c75f6
Vostok,Petit-et-al-2001,142.779000,,temperature_anomaly,-8.68,degC,observed;age_uncertainty_unavailable:GT4_has_no_point_age_distribution_in_source,c69eca96499bece4b2f65d4e40240f52e0bfb4027383b3f2db68a1b3e36c75f6
Vostok,Petit-et-al-2001,142.893000,,temperature_anomaly,-8.58,degC,observed;age_uncertainty_unavailable:GT4_has_no_point_age_distribution_in_source,c69eca96499bece4b2f65d4e40240f52e0bfb4027383b3f2db68a1b3e36c75f6
Vostok,Petit-et-al-2001,143.006000,,temperature_anomaly,-8.41,degC,observed;age_uncertainty_unavailable:GT4_has_no_point_age_distribution_in_source,c69eca96499bece4b2f65d4e40240f52e0bfb4027383b3f2db68a1b3e36c75f6
Vostok,Petit-et-al-2001,143.117000,,temperature_anomaly,-8.09,degC,observed;age_uncertainty_unavailable:GT4_has_no_point_age_distribution_in_source,c69eca96499bece4b2f65d4e40240f52e0bfb4027383b3f2db68a1b3e36c75f6
Vostok,Petit-et-al-2001,143.227000,,temperature_anomaly,-8.17,degC,observed;age_uncertainty_unavailable:GT4_has_no_point_age_distribution_in_source,c69eca96499bece4b2f65d4e40240f52e0bfb4027383b3f2db68a1b3e36c75f6
Vostok,Petit-et-al-2001,143.338000,,temperature_anomaly,-8.31,degC,observed;age_uncertainty_unavailable:GT4_has_no_point_age_distribution_in_source,c69eca96499bece4b2f65d4e40240f52e0bfb4027383b3f2db68a1b3e36c75f6
Vostok,Petit-et-al-2001,143.450000,,temperature_anomaly,-8.34,degC,observed;age_uncertainty_unavailable:GT4_has_no_point_age_distribution_in_source,c69eca96499bece4b2f65d4e40240f52e0bfb4027383b3f2db68a1b3e36c75f6
Vostok,Petit-et-al-2001,143.562000,,temperature_anomaly,-8.34,degC,observed;age_uncertainty_unavailable:GT4_has_no_point_age_distribution_in_source,c69eca96499bece4b2f65d4e40240f52e0bfb4027383b3f2db68a1b3e36c75f6
Vostok,Petit-et-al-2001,143.675000,,temperature_anomaly,-8.65,degC,observed;age_uncertainty_unavailable:GT4_has_no_point_age_distribution_in_source,c69eca96499bece4b2f65d4e40240f52e0bfb4027383b3f2db68a1b3e36c75f6
Vostok,Petit-et-al-2001,143.790000,,temperature_anomaly,-8.87,degC,observed;age_uncertainty_unavailable:GT4_has_no_point_age_distribution_in_source,c69eca96499bece4b2f65d4e40240f52e0bfb4027383b3f2db68a1b3e36c75f6
Vostok,Petit-et-al-2001,143.905000,,temperature_anomaly,-8.36,degC,observed;age_uncertainty_unavailable:GT4_has_no_point_age_distribution_in_source,c69eca96499bece4b2f65d4e40240f52e0bfb4027383b3f2db68a1b3e36c75f6
Vostok,Petit-et-al-2001,144.016000,,temperature_anomaly,-7.95,degC,observed;age_uncertainty_unavailable:GT4_has_no_point_age_distribution_in_source,c69eca96499bece4b2f65d4e40240f52e0bfb4027383b3f2db68a1b3e36c75f6
Vostok,Petit-et-al-2001,144.126000,,temperature_anomaly,-8.18,degC,observed;age_uncertainty_unavailable:GT4_has_no_point_age_distribution_in_source,c69eca96499bece4b2f65d4e40240f52e0bfb4027383b3f2db68a1b3e36c75f6
Vostok,Petit-et-al-2001,144.237000,,temperature_anomaly,-8.13,degC,observed;age_uncertainty_unavailable:GT4_has_no_point_age_distribution_in_source,c69eca96499bece4b2f65d4e40240f52e0bfb4027383b3f2db68a1b3e36c75f6
Vostok,Petit-et-al-2001,144.346000,,temperature_anomaly,-7.71,degC,observed;age_uncertainty_unavailable:GT4_has_no_point_age_distribution_in_source,c69eca96499bece4b2f65d4e40240f52e0bfb4027383b3f2db68a1b3e36c75f6
Vostok,Petit-et-al-2001,144.453000,,temperature_anomaly,-7.79,degC,observed;age_uncertainty_unavailable:GT4_has_no_point_age_distribution_in_source,c69eca96499bece4b2f65d4e40240f52e0bfb4027383b3f2db68a1b3e36c75f6
Vostok,Petit-et-al-2001,144.562000,,temperature_anomaly,-7.85,degC,observed;age_uncertainty_unavailable:GT4_has_no_point_age_distribution_in_source,c69eca96499bece4b2f65d4e40240f52e0bfb4027383b3f2db68a1b3e36c75f6
Vostok,Petit-et-al-2001,144.671000,,temperature_anomaly,-7.93,degC,observed;age_uncertainty_unavailable:GT4_has_no_point_age_distribution_in_source,c69eca96499bece4b2f65d4e40240f52e0bfb4027383b3f2db68a1b3e36c75f6
Vostok,Petit-et-al-2001,144.782000,,temperature_anomaly,-8.21,degC,observed;age_uncertainty_unavailable:GT4_has_no_point_age_distribution_in_source,c69eca96499bece4b2f65d4e40240f52e0bfb4027383b3f2db68a1b3e36c75f6
Vostok,Petit-et-al-2001,144.894000,,temperature_anomaly,-8.32,degC,observed;age_uncertainty_unavailable:GT4_has_no_point_age_distribution_in_source,c69eca96499bece4b2f65d4e40240f52e0bfb4027383b3f2db68a1b3e36c75f6
Vostok,Petit-et-al-2001,145.006000,,temperature_anomaly,-8.19,degC,observed;age_uncertainty_unavailable:GT4_has_no_point_age_distribution_in_source,c69eca96499bece4b2f65d4e40240f52e0bfb4027383b3f2db68a1b3e36c75f6
Vostok,Petit-et-al-2001,145.116000,,temperature_anomaly,-7.9,degC,observed;age_uncertainty_unavailable:GT4_has_no_point_age_distribution_in_source,c69eca96499bece4b2f65d4e40240f52e0bfb4027383b3f2db68a1b3e36c75f6
Vostok,Petit-et-al-2001,145.226000,,temperature_anomaly,-8,degC,observed;age_uncertainty_unavailable:GT4_has_no_point_age_distribution_in_source,c69eca96499bece4b2f65d4e40240f52e0bfb4027383b3f2db68a1b3e36c75f6
Vostok,Petit-et-al-2001,145.337000,,temperature_anomaly,-8.13,degC,observed;age_uncertainty_unavailable:GT4_has_no_point_age_distribution_in_source,c69eca96499bece4b2f65d4e40240f52e0bfb4027383b3f2db68a1b3e36c75f6
Vostok,Petit-et-al-2001,145.449000,,temperature_anomaly,-8.31,degC,observed;age_uncertainty_unavailable:GT4_has_no_point_age_distribution_in_source,c69eca96499bece4b2f65d4e40240f52e0bfb4027383b3f2db68a1b3e36c75f6
Vostok,Petit-et-al-2001,145.563000,,temperature_anomaly,-8.62,degC,observed;age_uncertainty_unavailable:GT4_has_no_point_age_distribution_in_source,c69eca96499bece4b2f65d4e40240f52e0bfb4027383b3f2db68a1b3e36c75f6
Vostok,Petit-et-al-2001,145.678000,,temperature_anomaly,-8.49,degC,observed;age_uncertainty_unavailable:GT4_has_no_point_age_distribution_in_source,c69eca96499bece4b2f65d4e40240f52e0bfb4027383b3f2db68a1b3e36c75f6
Vostok,Petit-et-al-2001,145.792000,,temperature_anomaly,-8.34,degC,observed;age_uncertainty_unavailable:GT4_has_no_point_age_distribution_in_source,c69eca96499bece4b2f65d4e40240f52e0bfb4027383b3f2db68a1b3e36c75f6
Vostok,Petit-et-al-2001,145.905000,,temperature_anomaly,-8.45,degC,observed;age_uncertainty_unavailable:GT4_has_no_point_age_distribution_in_source,c69eca96499bece4b2f65d4e40240f52e0bfb4027383b3f2db68a1b3e36c75f6
Vostok,Petit-et-al-2001,146.019000,,temperature_anomaly,-8.31,degC,observed;age_uncertainty_unavailable:GT4_has_no_point_age_distribution_in_source,c69eca96499bece4b2f65d4e40240f52e0bfb4027383b3f2db68a1b3e36c75f6
Vostok,Petit-et-al-2001,146.131000,,temperature_anomaly,-8,degC,observed;age_uncertainty_unavailable:GT4_has_no_point_age_distribution_in_source,c69eca96499bece4b2f65d4e40240f52e0bfb4027383b3f2db68a1b3e36c75f6
Vostok,Petit-et-al-2001,146.242000,,temperature_anomaly,-7.99,degC,observed;age_uncertainty_unavailable:GT4_has_no_point_age_distribution_in_source,c69eca96499bece4b2f65d4e40240f52e0bfb4027383b3f2db68a1b3e36c75f6
Vostok,Petit-et-al-2001,146.352000,,temperature_anomaly,-7.86,degC,observed;age_uncertainty_unavailable:GT4_has_no_point_age_distribution_in_source,c69eca96499bece4b2f65d4e40240f52e0bfb4027383b3f2db68a1b3e36c75f6
Vostok,Petit-et-al-2001,146.461000,,temperature_anomaly,-7.71,degC,observed;age_uncertainty_unavailable:GT4_has_no_point_age_distribution_in_source,c69eca96499bece4b2f65d4e40240f52e0bfb4027383b3f2db68a1b3e36c75f6
Vostok,Petit-et-al-2001,146.570000,,temperature_anomaly,-7.82,degC,observed;age_uncertainty_unavailable:GT4_has_no_point_age_distribution_in_source,c69eca96499bece4b2f65d4e40240f52e0bfb4027383b3f2db68a1b3e36c75f6
Vostok,Petit-et-al-2001,146.681000,,temperature_anomaly,-7.98,degC,observed;age_uncertainty_unavailable:GT4_has_no_point_age_distribution_in_source,c69eca96499bece4b2f65d4e40240f52e0bfb4027383b3f2db68a1b3e36c75f6
Vostok,Petit-et-al-2001,146.792000,,temperature_anomaly,-8.02,degC,observed;age_uncertainty_unavailable:GT4_has_no_point_age_distribution_in_source,c69eca96499bece4b2f65d4e40240f52e0bfb4027383b3f2db68a1b3e36c75f6
Vostok,Petit-et-al-2001,146.903000,,temperature_anomaly,-8,degC,observed;age_uncertainty_unavailable:GT4_has_no_point_age_distribution_in_source,c69eca96499bece4b2f65d4e40240f52e0bfb4027383b3f2db68a1b3e36c75f6
Vostok,Petit-et-al-2001,147.014000,,temperature_anomaly,-7.88,degC,observed;age_uncertainty_unavailable:GT4_has_no_point_age_distribution_in_source,c69eca96499bece4b2f65d4e40240f52e0bfb4027383b3f2db68a1b3e36c75f6
Vostok,Petit-et-al-2001,147.124000,,temperature_anomaly,-7.95,degC,observed;age_uncertainty_unavailable:GT4_has_no_point_age_distribution_in_source,c69eca96499bece4b2f65d4e40240f52e0bfb4027383b3f2db68a1b3e36c75f6
Vostok,Petit-et-al-2001,147.236000,,temperature_anomaly,-8.02,degC,observed;age_uncertainty_unavailable:GT4_has_no_point_age_distribution_in_source,c69eca96499bece4b2f65d4e40240f52e0bfb4027383b3f2db68a1b3e36c75f6
Vostok,Petit-et-al-2001,147.347000,,temperature_anomaly,-8.02,degC,observed;age_uncertainty_unavailable:GT4_has_no_point_age_distribution_in_source,c69eca96499bece4b2f65d4e40240f52e0bfb4027383b3f2db68a1b3e36c75f6
Vostok,Petit-et-al-2001,147.459000,,temperature_anomaly,-8.15,degC,observed;age_uncertainty_unavailable:GT4_has_no_point_age_distribution_in_source,c69eca96499bece4b2f65d4e40240f52e0bfb4027383b3f2db68a1b3e36c75f6
Vostok,Petit-et-al-2001,147.572000,,temperature_anomaly,-8.05,degC,observed;age_uncertainty_unavailable:GT4_has_no_point_age_distribution_in_source,c69eca96499bece4b2f65d4e40240f52e0bfb4027383b3f2db68a1b3e36c75f6
Vostok,Petit-et-al-2001,147.684000,,temperature_anomaly,-7.97,degC,observed;age_uncertainty_unavailable:GT4_has_no_point_age_distribution_in_source,c69eca96499bece4b2f65d4e40240f52e0bfb4027383b3f2db68a1b3e36c75f6
Vostok,Petit-et-al-2001,147.796000,,temperature_anomaly,-8.25,degC,observed;age_uncertainty_unavailable:GT4_has_no_point_age_distribution_in_source,c69eca96499bece4b2f65d4e40240f52e0bfb4027383b3f2db68a1b3e36c75f6
Vostok,Petit-et-al-2001,147.910000,,temperature_anomaly,-8.32,degC,observed;age_uncertainty_unavailable:GT4_has_no_point_age_distribution_in_source,c69eca96499bece4b2f65d4e40240f52e0bfb4027383b3f2db68a1b3e36c75f6
Vostok,Petit-et-al-2001,148.025000,,temperature_anomaly,-8.47,degC,observed;age_uncertainty_unavailable:GT4_has_no_point_age_distribution_in_source,c69eca96499bece4b2f65d4e40240f52e0bfb4027383b3f2db68a1b3e36c75f6
Vostok,Petit-et-al-2001,148.141000,,temperature_anomaly,-8.45,degC,observed;age_uncertainty_unavailable:GT4_has_no_point_age_distribution_in_source,c69eca96499bece4b2f65d4e40240f52e0bfb4027383b3f2db68a1b3e36c75f6
Vostok,Petit-et-al-2001,148.253000,,temperature_anomaly,-7.67,degC,observed;age_uncertainty_unavailable:GT4_has_no_point_age_distribution_in_source,c69eca96499bece4b2f65d4e40240f52e0bfb4027383b3f2db68a1b3e36c75f6
Vostok,Petit-et-al-2001,148.362000,,temperature_anomaly,-7.52,degC,observed;age_uncertainty_unavailable:GT4_has_no_point_age_distribution_in_source,c69eca96499bece4b2f65d4e40240f52e0bfb4027383b3f2db68a1b3e36c75f6
Vostok,Petit-et-al-2001,148.471000,,temperature_anomaly,-7.7,degC,observed;age_uncertainty_unavailable:GT4_has_no_point_age_distribution_in_source,c69eca96499bece4b2f65d4e40240f52e0bfb4027383b3f2db68a1b3e36c75f6
Vostok,Petit-et-al-2001,148.581000,,temperature_anomaly,-7.64,degC,observed;age_uncertainty_unavailable:GT4_has_no_point_age_distribution_in_source,c69eca96499bece4b2f65d4e40240f52e0bfb4027383b3f2db68a1b3e36c75f6
Vostok,Petit-et-al-2001,148.691000,,temperature_anomaly,-7.84,degC,observed;age_uncertainty_unavailable:GT4_has_no_point_age_distribution_in_source,c69eca96499bece4b2f65d4e40240f52e0bfb4027383b3f2db68a1b3e36c75f6
Vostok,Petit-et-al-2001,148.802000,,temperature_anomaly,-7.84,degC,observed;age_uncertainty_unavailable:GT4_has_no_point_age_distribution_in_source,c69eca96499bece4b2f65d4e40240f52e0bfb4027383b3f2db68a1b3e36c75f6
Vostok,Petit-et-al-2001,148.913000,,temperature_anomaly,-7.72,degC,observed;age_uncertainty_unavailable:GT4_has_no_point_age_distribution_in_source,c69eca96499bece4b2f65d4e40240f52e0bfb4027383b3f2db68a1b3e36c75f6
Vostok,Petit-et-al-2001,149.022000,,temperature_anomaly,-7.62,degC,observed;age_uncertainty_unavailable:GT4_has_no_point_age_distribution_in_source,c69eca96499bece4b2f65d4e40240f52e0bfb4027383b3f2db68a1b3e36c75f6
Vostok,Petit-et-al-2001,149.132000,,temperature_anomaly,-7.54,degC,observed;age_uncertainty_unavailable:GT4_has_no_point_age_distribution_in_source,c69eca96499bece4b2f65d4e40240f52e0bfb4027383b3f2db68a1b3e36c75f6
Vostok,Petit-et-al-2001,149.241000,,temperature_anomaly,-7.67,degC,observed;age_uncertainty_unavailable:GT4_has_no_point_age_distribution_in_source,c69eca96499bece4b2f65d4e40240f52e0bfb4027383b3f2db68a1b3e36c75f6
Vostok,Petit-et-al-2001,149.351000,,temperature_anomaly,-7.52,degC,observed;age_uncertainty_unavailable:GT4_has_no_point_age_distribution_in_source,c69eca96499bece4b2f65d4e40240f52e0bfb4027383b3f2db68a1b3e36c75f6
Vostok,Petit-et-al-2001,149.460000,,temperature_anomaly,-7.46,degC,observed;age_uncertainty_unavailable:GT4_has_no_point_age_distribution_in_source,c69eca96499bece4b2f65d4e40240f52e0bfb4027383b3f2db68a1b3e36c75f6
Vostok,Petit-et-al-2001,149.569000,,temperature_anomaly,-7.66,degC,observed;age_uncertainty_unavailable:GT4_has_no_point_age_distribution_in_source,c69eca96499bece4b2f65d4e40240f52e0bfb4027383b3f2db68a1b3e36c75f6
Vostok,Petit-et-al-2001,149.679000,,temperature_anomaly,-7.64,degC,observed;age_uncertainty_unavailable:GT4_has_no_point_age_distribution_in_source,c69eca96499bece4b2f65d4e40240f52e0bfb4027383b3f2db68a1b3e36c75f6
Vostok,Petit-et-al-2001,149.789000,,temperature_anomaly,-7.61,degC,observed;age_uncertainty_unavailable:GT4_has_no_point_age_distribution_in_source,c69eca96499bece4b2f65d4e40240f52e0bfb4027383b3f2db68a1b3e36c75f6
Vostok,Petit-et-al-2001,149.899000,,temperature_anomaly,-7.57,degC,observed;age_uncertainty_unavailable:GT4_has_no_point_age_distribution_in_source,c69eca96499bece4b2f65d4e40240f52e0bfb4027383b3f2db68a1b3e36c75f6
Vostok,Petit-et-al-2001,150.008000,,temperature_anomaly,-7.34,degC,observed;age_uncertainty_unavailable:GT4_has_no_point_age_distribution_in_source,c69eca96499bece4b2f65d4e40240f52e0bfb4027383b3f2db68a1b3e36c75f6
Vostok,Petit-et-al-2001,150.116000,,temperature_anomaly,-7.33,degC,observed;age_uncertainty_unavailable:GT4_has_no_point_age_distribution_in_source,c69eca96499bece4b2f65d4e40240f52e0bfb4027383b3f2db68a1b3e36c75f6
Vostok,Petit-et-al-2001,150.224000,,temperature_anomaly,-7.54,degC,observed;age_uncertainty_unavailable:GT4_has_no_point_age_distribution_in_source,c69eca96499bece4b2f65d4e40240f52e0bfb4027383b3f2db68a1b3e36c75f6
Vostok,Petit-et-al-2001,150.333000,,temperature_anomaly,-7.34,degC,observed;age_uncertainty_unavailable:GT4_has_no_point_age_distribution_in_source,c69eca96499bece4b2f65d4e40240f52e0bfb4027383b3f2db68a1b3e36c75f6
Vostok,Petit-et-al-2001,150.440000,,temperature_anomaly,-6.93,degC,observed;age_uncertainty_unavailable:GT4_has_no_point_age_distribution_in_source,c69eca96499bece4b2f65d4e40240f52e0bfb4027383b3f2db68a1b3e36c75f6
Vostok,Petit-et-al-2001,150.545000,,temperature_anomaly,-6.96,degC,observed;age_uncertainty_unavailable:GT4_has_no_point_age_distribution_in_source,c69eca96499bece4b2f65d4e40240f52e0bfb4027383b3f2db68a1b3e36c75f6
Vostok,Petit-et-al-2001,150.653000,,temperature_anomaly,-7.43,degC,observed;age_uncertainty_unavailable:GT4_has_no_point_age_distribution_in_source,c69eca96499bece4b2f65d4e40240f52e0bfb4027383b3f2db68a1b3e36c75f6
Vostok,Petit-et-al-2001,150.762000,,temperature_anomaly,-7.41,degC,observed;age_uncertainty_unavailable:GT4_has_no_point_age_distribution_in_source,c69eca96499bece4b2f65d4e40240f52e0bfb4027383b3f2db68a1b3e36c75f6
Vostok,Petit-et-al-2001,150.868000,,temperature_anomaly,-6.75,degC,observed;age_uncertainty_unavailable:GT4_has_no_point_age_distribution_in_source,c69eca96499bece4b2f65d4e40240f52e0bfb4027383b3f2db68a1b3e36c75f6
Vostok,Petit-et-al-2001,150.972000,,temperature_anomaly,-6.61,degC,observed;age_uncertainty_unavailable:GT4_has_no_point_age_distribution_in_source,c69eca96499bece4b2f65d4e40240f52e0bfb4027383b3f2db68a1b3e36c75f6
Vostok,Petit-et-al-2001,151.076000,,temperature_anomaly,-6.86,degC,observed;age_uncertainty_unavailable:GT4_has_no_point_age_distribution_in_source,c69eca96499bece4b2f65d4e40240f52e0bfb4027383b3f2db68a1b3e36c75f6
Vostok,Petit-et-al-2001,151.181000,,temperature_anomaly,-6.91,degC,observed;age_uncertainty_unavailable:GT4_has_no_point_age_distribution_in_source,c69eca96499bece4b2f65d4e40240f52e0bfb4027383b3f2db68a1b3e36c75f6
Vostok,Petit-et-al-2001,151.287000,,temperature_anomaly,-6.91,degC,observed;age_uncertainty_unavailable:GT4_has_no_point_age_distribution_in_source,c69eca96499bece4b2f65d4e40240f52e0bfb4027383b3f2db68a1b3e36c75f6
Vostok,Petit-et-al-2001,151.393000,,temperature_anomaly,-7.22,degC,observed;age_uncertainty_unavailable:GT4_has_no_point_age_distribution_in_source,c69eca96499bece4b2f65d4e40240f52e0bfb4027383b3f2db68a1b3e36c75f6
Vostok,Petit-et-al-2001,151.502000,,temperature_anomaly,-7.42,degC,observed;age_uncertainty_unavailable:GT4_has_no_point_age_distribution_in_source,c69eca96499bece4b2f65d4e40240f52e0bfb4027383b3f2db68a1b3e36c75f6
Vostok,Petit-et-al-2001,151.611000,,temperature_anomaly,-7.38,degC,observed;age_uncertainty_unavailable:GT4_has_no_point_age_distribution_in_source,c69eca96499bece4b2f65d4e40240f52e0bfb4027383b3f2db68a1b3e36c75f6
Vostok,Petit-et-al-2001,151.721000,,temperature_anomaly,-7.4,degC,observed;age_uncertainty_unavailable:GT4_has_no_point_age_distribution_in_source,c69eca96499bece4b2f65d4e40240f52e0bfb4027383b3f2db68a1b3e36c75f6
Vostok,Petit-et-al-2001,151.832000,,temperature_anomaly,-7.82,degC,observed;age_uncertainty_unavailable:GT4_has_no_point_age_distribution_in_source,c69eca96499bece4b2f65d4e40240f52e0bfb4027383b3f2db68a1b3e36c75f6
Vostok,Petit-et-al-2001,151.945000,,temperature_anomaly,-7.89,degC,observed;age_uncertainty_unavailable:GT4_has_no_point_age_distribution_in_source,c69eca96499bece4b2f65d4e40240f52e0bfb4027383b3f2db68a1b3e36c75f6
Vostok,Petit-et-al-2001,152.058000,,temperature_anomaly,-7.89,degC,observed;age_uncertainty_unavailable:GT4_has_no_point_age_distribution_in_source,c69eca96499bece4b2f65d4e40240f52e0bfb4027383b3f2db68a1b3e36c75f6
Vostok,Petit-et-al-2001,152.171000,,temperature_anomaly,-7.69,degC,observed;age_uncertainty_unavailable:GT4_has_no_point_age_distribution_in_source,c69eca96499bece4b2f65d4e40240f52e0bfb4027383b3f2db68a1b3e36c75f6
Vostok,Petit-et-al-2001,152.283000,,temperature_anomaly,-7.77,degC,observed;age_uncertainty_unavailable:GT4_has_no_point_age_distribution_in_source,c69eca96499bece4b2f65d4e40240f52e0bfb4027383b3f2db68a1b3e36c75f6
Vostok,Petit-et-al-2001,152.398000,,temperature_anomaly,-8.15,degC,observed;age_uncertainty_unavailable:GT4_has_no_point_age_distribution_in_source,c69eca96499bece4b2f65d4e40240f52e0bfb4027383b3f2db68a1b3e36c75f6
Vostok,Petit-et-al-2001,152.513000,,temperature_anomaly,-8.08,degC,observed;age_uncertainty_unavailable:GT4_has_no_point_age_distribution_in_source,c69eca96499bece4b2f65d4e40240f52e0bfb4027383b3f2db68a1b3e36c75f6
Vostok,Petit-et-al-2001,152.628000,,temperature_anomaly,-7.86,degC,observed;age_uncertainty_unavailable:GT4_has_no_point_age_distribution_in_source,c69eca96499bece4b2f65d4e40240f52e0bfb4027383b3f2db68a1b3e36c75f6
Vostok,Petit-et-al-2001,152.740000,,temperature_anomaly,-7.64,degC,observed;age_uncertainty_unavailable:GT4_has_no_point_age_distribution_in_source,c69eca96499bece4b2f65d4e40240f52e0bfb4027383b3f2db68a1b3e36c75f6
Vostok,Petit-et-al-2001,152.852000,,temperature_anomaly,-7.49,degC,observed;age_uncertainty_unavailable:GT4_has_no_point_age_distribution_in_source,c69eca96499bece4b2f65d4e40240f52e0bfb4027383b3f2db68a1b3e36c75f6
Vostok,Petit-et-al-2001,152.963000,,temperature_anomaly,-7.67,degC,observed;age_uncertainty_unavailable:GT4_has_no_point_age_distribution_in_source,c69eca96499bece4b2f65d4e40240f52e0bfb4027383b3f2db68a1b3e36c75f6
Vostok,Petit-et-al-2001,153.076000,,temperature_anomaly,-7.64,degC,observed;age_uncertainty_unavailable:GT4_has_no_point_age_distribution_in_source,c69eca96499bece4b2f65d4e40240f52e0bfb4027383b3f2db68a1b3e36c75f6
Vostok,Petit-et-al-2001,153.188000,,temperature_anomaly,-7.78,degC,observed;age_uncertainty_unavailable:GT4_has_no_point_age_distribution_in_source,c69eca96499bece4b2f65d4e40240f52e0bfb4027383b3f2db68a1b3e36c75f6
Vostok,Petit-et-al-2001,153.301000,,temperature_anomaly,-7.68,degC,observed;age_uncertainty_unavailable:GT4_has_no_point_age_distribution_in_source,c69eca96499bece4b2f65d4e40240f52e0bfb4027383b3f2db68a1b3e36c75f6
Vostok,Petit-et-al-2001,153.412000,,temperature_anomaly,-7.23,degC,observed;age_uncertainty_unavailable:GT4_has_no_point_age_distribution_in_source,c69eca96499bece4b2f65d4e40240f52e0bfb4027383b3f2db68a1b3e36c75f6
Vostok,Petit-et-al-2001,153.523000,,temperature_anomaly,-7.61,degC,observed;age_uncertainty_unavailable:GT4_has_no_point_age_distribution_in_source,c69eca96499bece4b2f65d4e40240f52e0bfb4027383b3f2db68a1b3e36c75f6
Vostok,Petit-et-al-2001,153.637000,,temperature_anomaly,-8.06,degC,observed;age_uncertainty_unavailable:GT4_has_no_point_age_distribution_in_source,c69eca96499bece4b2f65d4e40240f52e0bfb4027383b3f2db68a1b3e36c75f6
Vostok,Petit-et-al-2001,153.753000,,temperature_anomaly,-8.1,degC,observed;age_uncertainty_unavailable:GT4_has_no_point_age_distribution_in_source,c69eca96499bece4b2f65d4e40240f52e0bfb4027383b3f2db68a1b3e36c75f6
Vostok,Petit-et-al-2001,153.868000,,temperature_anomaly,-7.74,degC,observed;age_uncertainty_unavailable:GT4_has_no_point_age_distribution_in_source,c69eca96499bece4b2f65d4e40240f52e0bfb4027383b3f2db68a1b3e36c75f6
Vostok,Petit-et-al-2001,153.981000,,temperature_anomaly,-7.62,degC,observed;age_uncertainty_unavailable:GT4_has_no_point_age_distribution_in_source,c69eca96499bece4b2f65d4e40240f52e0bfb4027383b3f2db68a1b3e36c75f6
Vostok,Petit-et-al-2001,154.094000,,temperature_anomaly,-7.72,degC,observed;age_uncertainty_unavailable:GT4_has_no_point_age_distribution_in_source,c69eca96499bece4b2f65d4e40240f52e0bfb4027383b3f2db68a1b3e36c75f6
Vostok,Petit-et-al-2001,154.207000,,temperature_anomaly,-7.64,degC,observed;age_uncertainty_unavailable:GT4_has_no_point_age_distribution_in_source,c69eca96499bece4b2f65d4e40240f52e0bfb4027383b3f2db68a1b3e36c75f6
Vostok,Petit-et-al-2001,154.322000,,temperature_anomaly,-8.14,degC,observed;age_uncertainty_unavailable:GT4_has_no_point_age_distribution_in_source,c69eca96499bece4b2f65d4e40240f52e0bfb4027383b3f2db68a1b3e36c75f6
Vostok,Petit-et-al-2001,154.438000,,temperature_anomaly,-7.86,degC,observed;age_uncertainty_unavailable:GT4_has_no_point_age_distribution_in_source,c69eca96499bece4b2f65d4e40240f52e0bfb4027383b3f2db68a1b3e36c75f6
Vostok,Petit-et-al-2001,154.551000,,temperature_anomaly,-7.37,degC,observed;age_uncertainty_unavailable:GT4_has_no_point_age_distribution_in_source,c69eca96499bece4b2f65d4e40240f52e0bfb4027383b3f2db68a1b3e36c75f6
Vostok,Petit-et-al-2001,154.664000,,temperature_anomaly,-7.85,degC,observed;age_uncertainty_unavailable:GT4_has_no_point_age_distribution_in_source,c69eca96499bece4b2f65d4e40240f52e0bfb4027383b3f2db68a1b3e36c75f6
Vostok,Petit-et-al-2001,154.783000,,temperature_anomaly,-9,degC,observed;age_uncertainty_unavailable:GT4_has_no_point_age_distribution_in_source,c69eca96499bece4b2f65d4e40240f52e0bfb4027383b3f2db68a1b3e36c75f6
Vostok,Petit-et-al-2001,154.907000,,temperature_anomaly,-8.8,degC,observed;age_uncertainty_unavailable:GT4_has_no_point_age_distribution_in_source,c69eca96499bece4b2f65d4e40240f52e0bfb4027383b3f2db68a1b3e36c75f6
Vostok,Petit-et-al-2001,155.029000,,temperature_anomaly,-8.53,degC,observed;age_uncertainty_unavailable:GT4_has_no_point_age_distribution_in_source,c69eca96499bece4b2f65d4e40240f52e0bfb4027383b3f2db68a1b3e36c75f6
Vostok,Petit-et-al-2001,155.151000,,temperature_anomaly,-8.84,degC,observed;age_uncertainty_unavailable:GT4_has_no_point_age_distribution_in_source,c69eca96499bece4b2f65d4e40240f52e0bfb4027383b3f2db68a1b3e36c75f6
Vostok,Petit-et-al-2001,155.271000,,temperature_anomaly,-8.06,degC,observed;age_uncertainty_unavailable:GT4_has_no_point_age_distribution_in_source,c69eca96499bece4b2f65d4e40240f52e0bfb4027383b3f2db68a1b3e36c75f6
Vostok,Petit-et-al-2001,155.388000,,temperature_anomaly,-8.08,degC,observed;age_uncertainty_unavailable:GT4_has_no_point_age_distribution_in_source,c69eca96499bece4b2f65d4e40240f52e0bfb4027383b3f2db68a1b3e36c75f6
Vostok,Petit-et-al-2001,155.506000,,temperature_anomaly,-8.21,degC,observed;age_uncertainty_unavailable:GT4_has_no_point_age_distribution_in_source,c69eca96499bece4b2f65d4e40240f52e0bfb4027383b3f2db68a1b3e36c75f6
Vostok,Petit-et-al-2001,155.625000,,temperature_anomaly,-8.4,degC,observed;age_uncertainty_unavailable:GT4_has_no_point_age_distribution_in_source,c69eca96499bece4b2f65d4e40240f52e0bfb4027383b3f2db68a1b3e36c75f6
Vostok,Petit-et-al-2001,155.743000,,temperature_anomaly,-7.89,degC,observed;age_uncertainty_unavailable:GT4_has_no_point_age_distribution_in_source,c69eca96499bece4b2f65d4e40240f52e0bfb4027383b3f2db68a1b3e36c75f6
Vostok,Petit-et-al-2001,155.861000,,temperature_anomaly,-8.37,degC,observed;age_uncertainty_unavailable:GT4_has_no_point_age_distribution_in_source,c69eca96499bece4b2f65d4e40240f52e0bfb4027383b3f2db68a1b3e36c75f6
Vostok,Petit-et-al-2001,155.983000,,temperature_anomaly,-8.87,degC,observed;age_uncertainty_unavailable:GT4_has_no_point_age_distribution_in_source,c69eca96499bece4b2f65d4e40240f52e0bfb4027383b3f2db68a1b3e36c75f6
Vostok,Petit-et-al-2001,156.105000,,temperature_anomaly,-8.28,degC,observed;age_uncertainty_unavailable:GT4_has_no_point_age_distribution_in_source,c69eca96499bece4b2f65d4e40240f52e0bfb4027383b3f2db68a1b3e36c75f6
Vostok,Petit-et-al-2001,156.225000,,temperature_anomaly,-8.5,degC,observed;age_uncertainty_unavailable:GT4_has_no_point_age_distribution_in_source,c69eca96499bece4b2f65d4e40240f52e0bfb4027383b3f2db68a1b3e36c75f6
Vostok,Petit-et-al-2001,156.349000,,temperature_anomaly,-9.08,degC,observed;age_uncertainty_unavailable:GT4_has_no_point_age_distribution_in_source,c69eca96499bece4b2f65d4e40240f52e0bfb4027383b3f2db68a1b3e36c75f6
Vostok,Petit-et-al-2001,156.473000,,temperature_anomaly,-8.54,degC,observed;age_uncertainty_unavailable:GT4_has_no_point_age_distribution_in_source,c69eca96499bece4b2f65d4e40240f52e0bfb4027383b3f2db68a1b3e36c75f6
Vostok,Petit-et-al-2001,156.593000,,temperature_anomaly,-8.17,degC,observed;age_uncertainty_unavailable:GT4_has_no_point_age_distribution_in_source,c69eca96499bece4b2f65d4e40240f52e0bfb4027383b3f2db68a1b3e36c75f6
Vostok,Petit-et-al-2001,156.714000,,temperature_anomaly,-8.52,degC,observed;age_uncertainty_unavailable:GT4_has_no_point_age_distribution_in_source,c69eca96499bece4b2f65d4e40240f52e0bfb4027383b3f2db68a1b3e36c75f6
Vostok,Petit-et-al-2001,156.835000,,temperature_anomaly,-8.49,degC,observed;age_uncertainty_unavailable:GT4_has_no_point_age_distribution_in_source,c69eca96499bece4b2f65d4e40240f52e0bfb4027383b3f2db68a1b3e36c75f6
Vostok,Petit-et-al-2001,156.957000,,temperature_anomaly,-8.55,degC,observed;age_uncertainty_unavailable:GT4_has_no_point_age_distribution_in_source,c69eca96499bece4b2f65d4e40240f52e0bfb4027383b3f2db68a1b3e36c75f6
Vostok,Petit-et-al-2001,157.080000,,temperature_anomaly,-8.58,degC,observed;age_uncertainty_unavailable:GT4_has_no_point_age_distribution_in_source,c69eca96499bece4b2f65d4e40240f52e0bfb4027383b3f2db68a1b3e36c75f6
Vostok,Petit-et-al-2001,157.202000,,temperature_anomaly,-8.5,degC,observed;age_uncertainty_unavailable:GT4_has_no_point_age_distribution_in_source,c69eca96499bece4b2f65d4e40240f52e0bfb4027383b3f2db68a1b3e36c75f6
Vostok,Petit-et-al-2001,157.324000,,temperature_anomaly,-8.59,degC,observed;age_uncertainty_unavailable:GT4_has_no_point_age_distribution_in_source,c69eca96499bece4b2f65d4e40240f52e0bfb4027383b3f2db68a1b3e36c75f6
Vostok,Petit-et-al-2001,157.444000,,temperature_anomaly,-7.84,degC,observed;age_uncertainty_unavailable:GT4_has_no_point_age_distribution_in_source,c69eca96499bece4b2f65d4e40240f52e0bfb4027383b3f2db68a1b3e36c75f6
Vostok,Petit-et-al-2001,157.560000,,temperature_anomaly,-7.69,degC,observed;age_uncertainty_unavailable:GT4_has_no_point_age_distribution_in_source,c69eca96499bece4b2f65d4e40240f52e0bfb4027383b3f2db68a1b3e36c75f6
Vostok,Petit-et-al-2001,157.677000,,temperature_anomaly,-7.91,degC,observed;age_uncertainty_unavailable:GT4_has_no_point_age_distribution_in_source,c69eca96499bece4b2f65d4e40240f52e0bfb4027383b3f2db68a1b3e36c75f6
Vostok,Petit-et-al-2001,157.793000,,temperature_anomaly,-7.67,degC,observed;age_uncertainty_unavailable:GT4_has_no_point_age_distribution_in_source,c69eca96499bece4b2f65d4e40240f52e0bfb4027383b3f2db68a1b3e36c75f6
Vostok,Petit-et-al-2001,157.909000,,temperature_anomaly,-7.75,degC,observed;age_uncertainty_unavailable:GT4_has_no_point_age_distribution_in_source,c69eca96499bece4b2f65d4e40240f52e0bfb4027383b3f2db68a1b3e36c75f6
Vostok,Petit-et-al-2001,158.026000,,temperature_anomaly,-7.93,degC,observed;age_uncertainty_unavailable:GT4_has_no_point_age_distribution_in_source,c69eca96499bece4b2f65d4e40240f52e0bfb4027383b3f2db68a1b3e36c75f6
Vostok,Petit-et-al-2001,158.140000,,temperature_anomaly,-6.97,degC,observed;age_uncertainty_unavailable:GT4_has_no_point_age_distribution_in_source,c69eca96499bece4b2f65d4e40240f52e0bfb4027383b3f2db68a1b3e36c75f6
Vostok,Petit-et-al-2001,158.250000,,temperature_anomaly,-6.93,degC,observed;age_uncertainty_unavailable:GT4_has_no_point_age_distribution_in_source,c69eca96499bece4b2f65d4e40240f52e0bfb4027383b3f2db68a1b3e36c75f6
Vostok,Petit-et-al-2001,158.359000,,temperature_anomaly,-6.63,degC,observed;age_uncertainty_unavailable:GT4_has_no_point_age_distribution_in_source,c69eca96499bece4b2f65d4e40240f52e0bfb4027383b3f2db68a1b3e36c75f6
Vostok,Petit-et-al-2001,158.469000,,temperature_anomaly,-7.13,degC,observed;age_uncertainty_unavailable:GT4_has_no_point_age_distribution_in_source,c69eca96499bece4b2f65d4e40240f52e0bfb4027383b3f2db68a1b3e36c75f6
Vostok,Petit-et-al-2001,158.584000,,temperature_anomaly,-8.05,degC,observed;age_uncertainty_unavailable:GT4_has_no_point_age_distribution_in_source,c69eca96499bece4b2f65d4e40240f52e0bfb4027383b3f2db68a1b3e36c75f6
Vostok,Petit-et-al-2001,158.702000,,temperature_anomaly,-7.62,degC,observed;age_uncertainty_unavailable:GT4_has_no_point_age_distribution_in_source,c69eca96499bece4b2f65d4e40240f52e0bfb4027383b3f2db68a1b3e36c75f6
Vostok,Petit-et-al-2001,158.815000,,temperature_anomaly,-7.07,degC,observed;age_uncertainty_unavailable:GT4_has_no_point_age_distribution_in_source,c69eca96499bece4b2f65d4e40240f52e0bfb4027383b3f2db68a1b3e36c75f6
Vostok,Petit-et-al-2001,158.925000,,temperature_anomaly,-6.62,degC,observed;age_uncertainty_unavailable:GT4_has_no_point_age_distribution_in_source,c69eca96499bece4b2f65d4e40240f52e0bfb4027383b3f2db68a1b3e36c75f6
Vostok,Petit-et-al-2001,159.033000,,temperature_anomaly,-6.72,degC,observed;age_uncertainty_unavailable:GT4_has_no_point_age_distribution_in_source,c69eca96499bece4b2f65d4e40240f52e0bfb4027383b3f2db68a1b3e36c75f6
Vostok,Petit-et-al-2001,159.139000,,temperature_anomaly,-5.89,degC,observed;age_uncertainty_unavailable:GT4_has_no_point_age_distribution_in_source,c69eca96499bece4b2f65d4e40240f52e0bfb4027383b3f2db68a1b3e36c75f6
Vostok,Petit-et-al-2001,159.240000,,temperature_anomaly,-5.27,degC,observed;age_uncertainty_unavailable:GT4_has_no_point_age_distribution_in_source,c69eca96499bece4b2f65d4e40240f52e0bfb4027383b3f2db68a1b3e36c75f6
Vostok,Petit-et-al-2001,159.340000,,temperature_anomaly,-5.63,degC,observed;age_uncertainty_unavailable:GT4_has_no_point_age_distribution_in_source,c69eca96499bece4b2f65d4e40240f52e0bfb4027383b3f2db68a1b3e36c75f6
Vostok,Petit-et-al-2001,159.444000,,temperature_anomaly,-6.58,degC,observed;age_uncertainty_unavailable:GT4_has_no_point_age_distribution_in_source,c69eca96499bece4b2f65d4e40240f52e0bfb4027383b3f2db68a1b3e36c75f6
Vostok,Petit-et-al-2001,159.548000,,temperature_anomaly,-5.36,degC,observed;age_uncertainty_unavailable:GT4_has_no_point_age_distribution_in_source,c69eca96499bece4b2f65d4e40240f52e0bfb4027383b3f2db68a1b3e36c75f6
Vostok,Petit-et-al-2001,159.651000,,temperature_anomaly,-6.27,degC,observed;age_uncertainty_unavailable:GT4_has_no_point_age_distribution_in_source,c69eca96499bece4b2f65d4e40240f52e0bfb4027383b3f2db68a1b3e36c75f6
Vostok,Petit-et-al-2001,159.757000,,temperature_anomaly,-6.37,degC,observed;age_uncertainty_unavailable:GT4_has_no_point_age_distribution_in_source,c69eca96499bece4b2f65d4e40240f52e0bfb4027383b3f2db68a1b3e36c75f6
Vostok,Petit-et-al-2001,159.865000,,temperature_anomaly,-6.54,degC,observed;age_uncertainty_unavailable:GT4_has_no_point_age_distribution_in_source,c69eca96499bece4b2f65d4e40240f52e0bfb4027383b3f2db68a1b3e36c75f6
Vostok,Petit-et-al-2001,159.971000,,temperature_anomaly,-5.94,degC,observed;age_uncertainty_unavailable:GT4_has_no_point_age_distribution_in_source,c69eca96499bece4b2f65d4e40240f52e0bfb4027383b3f2db68a1b3e36c75f6
Vostok,Petit-et-al-2001,160.076000,,temperature_anomaly,-6.25,degC,observed;age_uncertainty_unavailable:GT4_has_no_point_age_distribution_in_source,c69eca96499bece4b2f65d4e40240f52e0bfb4027383b3f2db68a1b3e36c75f6
Vostok,Petit-et-al-2001,160.184000,,temperature_anomaly,-6.76,degC,observed;age_uncertainty_unavailable:GT4_has_no_point_age_distribution_in_source,c69eca96499bece4b2f65d4e40240f52e0bfb4027383b3f2db68a1b3e36c75f6
Vostok,Petit-et-al-2001,160.293000,,temperature_anomaly,-6.67,degC,observed;age_uncertainty_unavailable:GT4_has_no_point_age_distribution_in_source,c69eca96499bece4b2f65d4e40240f52e0bfb4027383b3f2db68a1b3e36c75f6
Vostok,Petit-et-al-2001,160.403000,,temperature_anomaly,-6.78,degC,observed;age_uncertainty_unavailable:GT4_has_no_point_age_distribution_in_source,c69eca96499bece4b2f65d4e40240f52e0bfb4027383b3f2db68a1b3e36c75f6
Vostok,Petit-et-al-2001,160.514000,,temperature_anomaly,-6.79,degC,observed;age_uncertainty_unavailable:GT4_has_no_point_age_distribution_in_source,c69eca96499bece4b2f65d4e40240f52e0bfb4027383b3f2db68a1b3e36c75f6
Vostok,Petit-et-al-2001,160.626000,,temperature_anomaly,-7.4,degC,observed;age_uncertainty_unavailable:GT4_has_no_point_age_distribution_in_source,c69eca96499bece4b2f65d4e40240f52e0bfb4027383b3f2db68a1b3e36c75f6
Vostok,Petit-et-al-2001,160.740000,,temperature_anomaly,-6.85,degC,observed;age_uncertainty_unavailable:GT4_has_no_point_age_distribution_in_source,c69eca96499bece4b2f65d4e40240f52e0bfb4027383b3f2db68a1b3e36c75f6
Vostok,Petit-et-al-2001,160.851000,,temperature_anomaly,-7.07,degC,observed;age_uncertainty_unavailable:GT4_has_no_point_age_distribution_in_source,c69eca96499bece4b2f65d4e40240f52e0bfb4027383b3f2db68a1b3e36c75f6
Vostok,Petit-et-al-2001,160.963000,,temperature_anomaly,-6.79,degC,observed;age_uncertainty_unavailable:GT4_has_no_point_age_distribution_in_source,c69eca96499bece4b2f65d4e40240f52e0bfb4027383b3f2db68a1b3e36c75f6
Vostok,Petit-et-al-2001,161.077000,,temperature_anomaly,-7.48,degC,observed;age_uncertainty_unavailable:GT4_has_no_point_age_distribution_in_source,c69eca96499bece4b2f65d4e40240f52e0bfb4027383b3f2db68a1b3e36c75f6
Vostok,Petit-et-al-2001,161.192000,,temperature_anomaly,-7.34,degC,observed;age_uncertainty_unavailable:GT4_has_no_point_age_distribution_in_source,c69eca96499bece4b2f65d4e40240f52e0bfb4027383b3f2db68a1b3e36c75f6
Vostok,Petit-et-al-2001,161.308000,,temperature_anomaly,-7.52,degC,observed;age_uncertainty_unavailable:GT4_has_no_point_age_distribution_in_source,c69eca96499bece4b2f65d4e40240f52e0bfb4027383b3f2db68a1b3e36c75f6
Vostok,Petit-et-al-2001,161.427000,,temperature_anomaly,-7.97,degC,observed;age_uncertainty_unavailable:GT4_has_no_point_age_distribution_in_source,c69eca96499bece4b2f65d4e40240f52e0bfb4027383b3f2db68a1b3e36c75f6
Vostok,Petit-et-al-2001,161.545000,,temperature_anomaly,-7.41,degC,observed;age_uncertainty_unavailable:GT4_has_no_point_age_distribution_in_source,c69eca96499bece4b2f65d4e40240f52e0bfb4027383b3f2db68a1b3e36c75f6
Vostok,Petit-et-al-2001,161.661000,,temperature_anomaly,-7.38,degC,observed;age_uncertainty_unavailable:GT4_has_no_point_age_distribution_in_source,c69eca96499bece4b2f65d4e40240f52e0bfb4027383b3f2db68a1b3e36c75f6
Vostok,Petit-et-al-2001,161.776000,,temperature_anomaly,-7.03,degC,observed;age_uncertainty_unavailable:GT4_has_no_point_age_distribution_in_source,c69eca96499bece4b2f65d4e40240f52e0bfb4027383b3f2db68a1b3e36c75f6
Vostok,Petit-et-al-2001,161.890000,,temperature_anomaly,-7.25,degC,observed;age_uncertainty_unavailable:GT4_has_no_point_age_distribution_in_source,c69eca96499bece4b2f65d4e40240f52e0bfb4027383b3f2db68a1b3e36c75f6
Vostok,Petit-et-al-2001,162.005000,,temperature_anomaly,-7.18,degC,observed;age_uncertainty_unavailable:GT4_has_no_point_age_distribution_in_source,c69eca96499bece4b2f65d4e40240f52e0bfb4027383b3f2db68a1b3e36c75f6
Vostok,Petit-et-al-2001,162.117000,,temperature_anomaly,-6.6,degC,observed;age_uncertainty_unavailable:GT4_has_no_point_age_distribution_in_source,c69eca96499bece4b2f65d4e40240f52e0bfb4027383b3f2db68a1b3e36c75f6
Vostok,Petit-et-al-2001,162.227000,,temperature_anomaly,-6.6,degC,observed;age_uncertainty_unavailable:GT4_has_no_point_age_distribution_in_source,c69eca96499bece4b2f65d4e40240f52e0bfb4027383b3f2db68a1b3e36c75f6
Vostok,Petit-et-al-2001,162.336000,,temperature_anomaly,-6.22,degC,observed;age_uncertainty_unavailable:GT4_has_no_point_age_distribution_in_source,c69eca96499bece4b2f65d4e40240f52e0bfb4027383b3f2db68a1b3e36c75f6
Vostok,Petit-et-al-2001,162.440000,,temperature_anomaly,-5.46,degC,observed;age_uncertainty_unavailable:GT4_has_no_point_age_distribution_in_source,c69eca96499bece4b2f65d4e40240f52e0bfb4027383b3f2db68a1b3e36c75f6
Vostok,Petit-et-al-2001,162.543000,,temperature_anomaly,-5.59,degC,observed;age_uncertainty_unavailable:GT4_has_no_point_age_distribution_in_source,c69eca96499bece4b2f65d4e40240f52e0bfb4027383b3f2db68a1b3e36c75f6
Vostok,Petit-et-al-2001,162.649000,,temperature_anomaly,-6.6,degC,observed;age_uncertainty_unavailable:GT4_has_no_point_age_distribution_in_source,c69eca96499bece4b2f65d4e40240f52e0bfb4027383b3f2db68a1b3e36c75f6
Vostok,Petit-et-al-2001,162.759000,,temperature_anomaly,-6.42,degC,observed;age_uncertainty_unavailable:GT4_has_no_point_age_distribution_in_source,c69eca96499bece4b2f65d4e40240f52e0bfb4027383b3f2db68a1b3e36c75f6
Vostok,Petit-et-al-2001,162.867000,,temperature_anomaly,-6.14,degC,observed;age_uncertainty_unavailable:GT4_has_no_point_age_distribution_in_source,c69eca96499bece4b2f65d4e40240f52e0bfb4027383b3f2db68a1b3e36c75f6
Vostok,Petit-et-al-2001,162.976000,,temperature_anomaly,-6.52,degC,observed;age_uncertainty_unavailable:GT4_has_no_point_age_distribution_in_source,c69eca96499bece4b2f65d4e40240f52e0bfb4027383b3f2db68a1b3e36c75f6
Vostok,Petit-et-al-2001,163.089000,,temperature_anomaly,-7.25,degC,observed;age_uncertainty_unavailable:GT4_has_no_point_age_distribution_in_source,c69eca96499bece4b2f65d4e40240f52e0bfb4027383b3f2db68a1b3e36c75f6
Vostok,Petit-et-al-2001,163.204000,,temperature_anomaly,-7.03,degC,observed;age_uncertainty_unavailable:GT4_has_no_point_age_distribution_in_source,c69eca96499bece4b2f65d4e40240f52e0bfb4027383b3f2db68a1b3e36c75f6
Vostok,Petit-et-al-2001,163.318000,,temperature_anomaly,-7.05,degC,observed;age_uncertainty_unavailable:GT4_has_no_point_age_distribution_in_source,c69eca96499bece4b2f65d4e40240f52e0bfb4027383b3f2db68a1b3e36c75f6
Vostok,Petit-et-al-2001,163.432000,,temperature_anomaly,-7,degC,observed;age_uncertainty_unavailable:GT4_has_no_point_age_distribution_in_source,c69eca96499bece4b2f65d4e40240f52e0bfb4027383b3f2db68a1b3e36c75f6
Vostok,Petit-et-al-2001,163.546000,,temperature_anomaly,-6.81,degC,observed;age_uncertainty_unavailable:GT4_has_no_point_age_distribution_in_source,c69eca96499bece4b2f65d4e40240f52e0bfb4027383b3f2db68a1b3e36c75f6
Vostok,Petit-et-al-2001,163.660000,,temperature_anomaly,-7.23,degC,observed;age_uncertainty_unavailable:GT4_has_no_point_age_distribution_in_source,c69eca96499bece4b2f65d4e40240f52e0bfb4027383b3f2db68a1b3e36c75f6
Vostok,Petit-et-al-2001,163.777000,,temperature_anomaly,-7.39,degC,observed;age_uncertainty_unavailable:GT4_has_no_point_age_distribution_in_source,c69eca96499bece4b2f65d4e40240f52e0bfb4027383b3f2db68a1b3e36c75f6
Vostok,Petit-et-al-2001,163.896000,,temperature_anomaly,-7.66,degC,observed;age_uncertainty_unavailable:GT4_has_no_point_age_distribution_in_source,c69eca96499bece4b2f65d4e40240f52e0bfb4027383b3f2db68a1b3e36c75f6
Vostok,Petit-et-al-2001,164.016000,,temperature_anomaly,-7.76,degC,observed;age_uncertainty_unavailable:GT4_has_no_point_age_distribution_in_source,c69eca96499bece4b2f65d4e40240f52e0bfb4027383b3f2db68a1b3e36c75f6
Vostok,Petit-et-al-2001,164.136000,,temperature_anomaly,-7.58,degC,observed;age_uncertainty_unavailable:GT4_has_no_point_age_distribution_in_source,c69eca96499bece4b2f65d4e40240f52e0bfb4027383b3f2db68a1b3e36c75f6
Vostok,Petit-et-al-2001,164.258000,,temperature_anomaly,-8.26,degC,observed;age_uncertainty_unavailable:GT4_has_no_point_age_distribution_in_source,c69eca96499bece4b2f65d4e40240f52e0bfb4027383b3f2db68a1b3e36c75f6
Vostok,Petit-et-al-2001,164.385000,,temperature_anomaly,-8.46,degC,observed;age_uncertainty_unavailable:GT4_has_no_point_age_distribution_in_source,c69eca96499bece4b2f65d4e40240f52e0bfb4027383b3f2db68a1b3e36c75f6
Vostok,Petit-et-al-2001,164.512000,,temperature_anomaly,-8.57,degC,observed;age_uncertainty_unavailable:GT4_has_no_point_age_distribution_in_source,c69eca96499bece4b2f65d4e40240f52e0bfb4027383b3f2db68a1b3e36c75f6
Vostok,Petit-et-al-2001,164.642000,,temperature_anomaly,-8.77,degC,observed;age_uncertainty_unavailable:GT4_has_no_point_age_distribution_in_source,c69eca96499bece4b2f65d4e40240f52e0bfb4027383b3f2db68a1b3e36c75f6
Vostok,Petit-et-al-2001,164.769000,,temperature_anomaly,-8.11,degC,observed;age_uncertainty_unavailable:GT4_has_no_point_age_distribution_in_source,c69eca96499bece4b2f65d4e40240f52e0bfb4027383b3f2db68a1b3e36c75f6
Vostok,Petit-et-al-2001,164.894000,,temperature_anomaly,-8.29,degC,observed;age_uncertainty_unavailable:GT4_has_no_point_age_distribution_in_source,c69eca96499bece4b2f65d4e40240f52e0bfb4027383b3f2db68a1b3e36c75f6
Vostok,Petit-et-al-2001,165.021000,,temperature_anomaly,-8.44,degC,observed;age_uncertainty_unavailable:GT4_has_no_point_age_distribution_in_source,c69eca96499bece4b2f65d4e40240f52e0bfb4027383b3f2db68a1b3e36c75f6
Vostok,Petit-et-al-2001,165.148000,,temperature_anomaly,-8.3,degC,observed;age_uncertainty_unavailable:GT4_has_no_point_age_distribution_in_source,c69eca96499bece4b2f65d4e40240f52e0bfb4027383b3f2db68a1b3e36c75f6
Vostok,Petit-et-al-2001,165.274000,,temperature_anomaly,-8.31,degC,observed;age_uncertainty_unavailable:GT4_has_no_point_age_distribution_in_source,c69eca96499bece4b2f65d4e40240f52e0bfb4027383b3f2db68a1b3e36c75f6
Vostok,Petit-et-al-2001,165.399000,,temperature_anomaly,-7.82,degC,observed;age_uncertainty_unavailable:GT4_has_no_point_age_distribution_in_source,c69eca96499bece4b2f65d4e40240f52e0bfb4027383b3f2db68a1b3e36c75f6
Vostok,Petit-et-al-2001,165.522000,,temperature_anomaly,-7.98,degC,observed;age_uncertainty_unavailable:GT4_has_no_point_age_distribution_in_source,c69eca96499bece4b2f65d4e40240f52e0bfb4027383b3f2db68a1b3e36c75f6
Vostok,Petit-et-al-2001,165.646000,,temperature_anomaly,-8.17,degC,observed;age_uncertainty_unavailable:GT4_has_no_point_age_distribution_in_source,c69eca96499bece4b2f65d4e40240f52e0bfb4027383b3f2db68a1b3e36c75f6
Vostok,Petit-et-al-2001,165.774000,,temperature_anomaly,-8.57,degC,observed;age_uncertainty_unavailable:GT4_has_no_point_age_distribution_in_source,c69eca96499bece4b2f65d4e40240f52e0bfb4027383b3f2db68a1b3e36c75f6
Vostok,Petit-et-al-2001,165.903000,,temperature_anomaly,-8.53,degC,observed;age_uncertainty_unavailable:GT4_has_no_point_age_distribution_in_source,c69eca96499bece4b2f65d4e40240f52e0bfb4027383b3f2db68a1b3e36c75f6
Vostok,Petit-et-al-2001,166.029000,,temperature_anomaly,-7.97,degC,observed;age_uncertainty_unavailable:GT4_has_no_point_age_distribution_in_source,c69eca96499bece4b2f65d4e40240f52e0bfb4027383b3f2db68a1b3e36c75f6
Vostok,Petit-et-al-2001,166.155000,,temperature_anomaly,-8.44,degC,observed;age_uncertainty_unavailable:GT4_has_no_point_age_distribution_in_source,c69eca96499bece4b2f65d4e40240f52e0bfb4027383b3f2db68a1b3e36c75f6
Vostok,Petit-et-al-2001,166.284000,,temperature_anomaly,-8.39,degC,observed;age_uncertainty_unavailable:GT4_has_no_point_age_distribution_in_source,c69eca96499bece4b2f65d4e40240f52e0bfb4027383b3f2db68a1b3e36c75f6
Vostok,Petit-et-al-2001,166.411000,,temperature_anomaly,-8.12,degC,observed;age_uncertainty_unavailable:GT4_has_no_point_age_distribution_in_source,c69eca96499bece4b2f65d4e40240f52e0bfb4027383b3f2db68a1b3e36c75f6
Vostok,Petit-et-al-2001,166.537000,,temperature_anomaly,-8.34,degC,observed;age_uncertainty_unavailable:GT4_has_no_point_age_distribution_in_source,c69eca96499bece4b2f65d4e40240f52e0bfb4027383b3f2db68a1b3e36c75f6
Vostok,Petit-et-al-2001,166.662000,,temperature_anomaly,-7.65,degC,observed;age_uncertainty_unavailable:GT4_has_no_point_age_distribution_in_source,c69eca96499bece4b2f65d4e40240f52e0bfb4027383b3f2db68a1b3e36c75f6
Vostok,Petit-et-al-2001,166.785000,,temperature_anomaly,-7.9,degC,observed;age_uncertainty_unavailable:GT4_has_no_point_age_distribution_in_source,c69eca96499bece4b2f65d4e40240f52e0bfb4027383b3f2db68a1b3e36c75f6
Vostok,Petit-et-al-2001,166.909000,,temperature_anomaly,-7.82,degC,observed;age_uncertainty_unavailable:GT4_has_no_point_age_distribution_in_source,c69eca96499bece4b2f65d4e40240f52e0bfb4027383b3f2db68a1b3e36c75f6
Vostok,Petit-et-al-2001,167.035000,,temperature_anomaly,-8.45,degC,observed;age_uncertainty_unavailable:GT4_has_no_point_age_distribution_in_source,c69eca96499bece4b2f65d4e40240f52e0bfb4027383b3f2db68a1b3e36c75f6
Vostok,Petit-et-al-2001,167.164000,,temperature_anomaly,-8.25,degC,observed;age_uncertainty_unavailable:GT4_has_no_point_age_distribution_in_source,c69eca96499bece4b2f65d4e40240f52e0bfb4027383b3f2db68a1b3e36c75f6
Vostok,Petit-et-al-2001,167.290000,,temperature_anomaly,-7.99,degC,observed;age_uncertainty_unavailable:GT4_has_no_point_age_distribution_in_source,c69eca96499bece4b2f65d4e40240f52e0bfb4027383b3f2db68a1b3e36c75f6
Vostok,Petit-et-al-2001,167.414000,,temperature_anomaly,-7.76,degC,observed;age_uncertainty_unavailable:GT4_has_no_point_age_distribution_in_source,c69eca96499bece4b2f65d4e40240f52e0bfb4027383b3f2db68a1b3e36c75f6
Vostok,Petit-et-al-2001,167.539000,,temperature_anomaly,-7.96,degC,observed;age_uncertainty_unavailable:GT4_has_no_point_age_distribution_in_source,c69eca96499bece4b2f65d4e40240f52e0bfb4027383b3f2db68a1b3e36c75f6
Vostok,Petit-et-al-2001,167.664000,,temperature_anomaly,-7.96,degC,observed;age_uncertainty_unavailable:GT4_has_no_point_age_distribution_in_source,c69eca96499bece4b2f65d4e40240f52e0bfb4027383b3f2db68a1b3e36c75f6
Vostok,Petit-et-al-2001,167.790000,,temperature_anomaly,-8.05,degC,observed;age_uncertainty_unavailable:GT4_has_no_point_age_distribution_in_source,c69eca96499bece4b2f65d4e40240f52e0bfb4027383b3f2db68a1b3e36c75f6
Vostok,Petit-et-al-2001,167.915000,,temperature_anomaly,-7.89,degC,observed;age_uncertainty_unavailable:GT4_has_no_point_age_distribution_in_source,c69eca96499bece4b2f65d4e40240f52e0bfb4027383b3f2db68a1b3e36c75f6
Vostok,Petit-et-al-2001,168.039000,,temperature_anomaly,-7.56,degC,observed;age_uncertainty_unavailable:GT4_has_no_point_age_distribution_in_source,c69eca96499bece4b2f65d4e40240f52e0bfb4027383b3f2db68a1b3e36c75f6
Vostok,Petit-et-al-2001,168.159000,,temperature_anomaly,-7.13,degC,observed;age_uncertainty_unavailable:GT4_has_no_point_age_distribution_in_source,c69eca96499bece4b2f65d4e40240f52e0bfb4027383b3f2db68a1b3e36c75f6
Vostok,Petit-et-al-2001,168.276000,,temperature_anomaly,-6.65,degC,observed;age_uncertainty_unavailable:GT4_has_no_point_age_distribution_in_source,c69eca96499bece4b2f65d4e40240f52e0bfb4027383b3f2db68a1b3e36c75f6
Vostok,Petit-et-al-2001,168.391000,,temperature_anomaly,-6.62,degC,observed;age_uncertainty_unavailable:GT4_has_no_point_age_distribution_in_source,c69eca96499bece4b2f65d4e40240f52e0bfb4027383b3f2db68a1b3e36c75f6
Vostok,Petit-et-al-2001,168.506000,,temperature_anomaly,-6.9,degC,observed;age_uncertainty_unavailable:GT4_has_no_point_age_distribution_in_source,c69eca96499bece4b2f65d4e40240f52e0bfb4027383b3f2db68a1b3e36c75f6
Vostok,Petit-et-al-2001,168.623000,,temperature_anomaly,-6.71,degC,observed;age_uncertainty_unavailable:GT4_has_no_point_age_distribution_in_source,c69eca96499bece4b2f65d4e40240f52e0bfb4027383b3f2db68a1b3e36c75f6
Vostok,Petit-et-al-2001,168.739000,,temperature_anomaly,-6.94,degC,observed;age_uncertainty_unavailable:GT4_has_no_point_age_distribution_in_source,c69eca96499bece4b2f65d4e40240f52e0bfb4027383b3f2db68a1b3e36c75f6
Vostok,Petit-et-al-2001,168.857000,,temperature_anomaly,-7.05,degC,observed;age_uncertainty_unavailable:GT4_has_no_point_age_distribution_in_source,c69eca96499bece4b2f65d4e40240f52e0bfb4027383b3f2db68a1b3e36c75f6
Vostok,Petit-et-al-2001,168.974000,,temperature_anomaly,-6.59,degC,observed;age_uncertainty_unavailable:GT4_has_no_point_age_distribution_in_source,c69eca96499bece4b2f65d4e40240f52e0bfb4027383b3f2db68a1b3e36c75f6
Vostok,Petit-et-al-2001,169.088000,,temperature_anomaly,-6.33,degC,observed;age_uncertainty_unavailable:GT4_has_no_point_age_distribution_in_source,c69eca96499bece4b2f65d4e40240f52e0bfb4027383b3f2db68a1b3e36c75f6
Vostok,Petit-et-al-2001,169.201000,,temperature_anomaly,-6.33,degC,observed;age_uncertainty_unavailable:GT4_has_no_point_age_distribution_in_source,c69eca96499bece4b2f65d4e40240f52e0bfb4027383b3f2db68a1b3e36c75f6
Vostok,Petit-et-al-2001,169.314000,,temperature_anomaly,-6.29,degC,observed;age_uncertainty_unavailable:GT4_has_no_point_age_distribution_in_source,c69eca96499bece4b2f65d4e40240f52e0bfb4027383b3f2db68a1b3e36c75f6
Vostok,Petit-et-al-2001,169.425000,,temperature_anomaly,-5.81,degC,observed;age_uncertainty_unavailable:GT4_has_no_point_age_distribution_in_source,c69eca96499bece4b2f65d4e40240f52e0bfb4027383b3f2db68a1b3e36c75f6
Vostok,Petit-et-al-2001,169.531000,,temperature_anomaly,-5.08,degC,observed;age_uncertainty_unavailable:GT4_has_no_point_age_distribution_in_source,c69eca96499bece4b2f65d4e40240f52e0bfb4027383b3f2db68a1b3e36c75f6
Vostok,Petit-et-al-2001,169.638000,,temperature_anomaly,-5.83,degC,observed;age_uncertainty_unavailable:GT4_has_no_point_age_distribution_in_source,c69eca96499bece4b2f65d4e40240f52e0bfb4027383b3f2db68a1b3e36c75f6
Vostok,Petit-et-al-2001,169.750000,,temperature_anomaly,-6.47,degC,observed;age_uncertainty_unavailable:GT4_has_no_point_age_distribution_in_source,c69eca96499bece4b2f65d4e40240f52e0bfb4027383b3f2db68a1b3e36c75f6
Vostok,Petit-et-al-2001,169.866000,,temperature_anomaly,-6.87,degC,observed;age_uncertainty_unavailable:GT4_has_no_point_age_distribution_in_source,c69eca96499bece4b2f65d4e40240f52e0bfb4027383b3f2db68a1b3e36c75f6
Vostok,Petit-et-al-2001,169.983000,,temperature_anomaly,-6.61,degC,observed;age_uncertainty_unavailable:GT4_has_no_point_age_distribution_in_source,c69eca96499bece4b2f65d4e40240f52e0bfb4027383b3f2db68a1b3e36c75f6
Vostok,Petit-et-al-2001,170.101000,,temperature_anomaly,-7.01,degC,observed;age_uncertainty_unavailable:GT4_has_no_point_age_distribution_in_source,c69eca96499bece4b2f65d4e40240f52e0bfb4027383b3f2db68a1b3e36c75f6
Vostok,Petit-et-al-2001,170.221000,,temperature_anomaly,-7.3,degC,observed;age_uncertainty_unavailable:GT4_has_no_point_age_distribution_in_source,c69eca96499bece4b2f65d4e40240f52e0bfb4027383b3f2db68a1b3e36c75f6
Vostok,Petit-et-al-2001,170.340000,,temperature_anomaly,-6.71,degC,observed;age_uncertainty_unavailable:GT4_has_no_point_age_distribution_in_source,c69eca96499bece4b2f65d4e40240f52e0bfb4027383b3f2db68a1b3e36c75f6
Vostok,Petit-et-al-2001,170.455000,,temperature_anomaly,-6.23,degC,observed;age_uncertainty_unavailable:GT4_has_no_point_age_distribution_in_source,c69eca96499bece4b2f65d4e40240f52e0bfb4027383b3f2db68a1b3e36c75f6
Vostok,Petit-et-al-2001,170.568000,,temperature_anomaly,-6.05,degC,observed;age_uncertainty_unavailable:GT4_has_no_point_age_distribution_in_source,c69eca96499bece4b2f65d4e40240f52e0bfb4027383b3f2db68a1b3e36c75f6
Vostok,Petit-et-al-2001,170.683000,,temperature_anomaly,-6.85,degC,observed;age_uncertainty_unavailable:GT4_has_no_point_age_distribution_in_source,c69eca96499bece4b2f65d4e40240f52e0bfb4027383b3f2db68a1b3e36c75f6
Vostok,Petit-et-al-2001,170.803000,,temperature_anomaly,-7.25,degC,observed;age_uncertainty_unavailable:GT4_has_no_point_age_distribution_in_source,c69eca96499bece4b2f65d4e40240f52e0bfb4027383b3f2db68a1b3e36c75f6
Vostok,Petit-et-al-2001,170.922000,,temperature_anomaly,-6.61,degC,observed;age_uncertainty_unavailable:GT4_has_no_point_age_distribution_in_source,c69eca96499bece4b2f65d4e40240f52e0bfb4027383b3f2db68a1b3e36c75f6
Vostok,Petit-et-al-2001,171.040000,,temperature_anomaly,-7.01,degC,observed;age_uncertainty_unavailable:GT4_has_no_point_age_distribution_in_source,c69eca96499bece4b2f65d4e40240f52e0bfb4027383b3f2db68a1b3e36c75f6
Vostok,Petit-et-al-2001,171.165000,,temperature_anomaly,-7.97,degC,observed;age_uncertainty_unavailable:GT4_has_no_point_age_distribution_in_source,c69eca96499bece4b2f65d4e40240f52e0bfb4027383b3f2db68a1b3e36c75f6
Vostok,Petit-et-al-2001,171.289000,,temperature_anomaly,-7,degC,observed;age_uncertainty_unavailable:GT4_has_no_point_age_distribution_in_source,c69eca96499bece4b2f65d4e40240f52e0bfb4027383b3f2db68a1b3e36c75f6
Vostok,Petit-et-al-2001,171.405000,,temperature_anomaly,-6.16,degC,observed;age_uncertainty_unavailable:GT4_has_no_point_age_distribution_in_source,c69eca96499bece4b2f65d4e40240f52e0bfb4027383b3f2db68a1b3e36c75f6
Vostok,Petit-et-al-2001,171.519000,,temperature_anomaly,-6.27,degC,observed;age_uncertainty_unavailable:GT4_has_no_point_age_distribution_in_source,c69eca96499bece4b2f65d4e40240f52e0bfb4027383b3f2db68a1b3e36c75f6
Vostok,Petit-et-al-2001,171.638000,,temperature_anomaly,-7.41,degC,observed;age_uncertainty_unavailable:GT4_has_no_point_age_distribution_in_source,c69eca96499bece4b2f65d4e40240f52e0bfb4027383b3f2db68a1b3e36c75f6
Vostok,Petit-et-al-2001,171.760000,,temperature_anomaly,-6.88,degC,observed;age_uncertainty_unavailable:GT4_has_no_point_age_distribution_in_source,c69eca96499bece4b2f65d4e40240f52e0bfb4027383b3f2db68a1b3e36c75f6
Vostok,Petit-et-al-2001,171.880000,,temperature_anomaly,-7.08,degC,observed;age_uncertainty_unavailable:GT4_has_no_point_age_distribution_in_source,c69eca96499bece4b2f65d4e40240f52e0bfb4027383b3f2db68a1b3e36c75f6
Vostok,Petit-et-al-2001,172.004000,,temperature_anomaly,-7.65,degC,observed;age_uncertainty_unavailable:GT4_has_no_point_age_distribution_in_source,c69eca96499bece4b2f65d4e40240f52e0bfb4027383b3f2db68a1b3e36c75f6
Vostok,Petit-et-al-2001,172.132000,,temperature_anomaly,-8.05,degC,observed;age_uncertainty_unavailable:GT4_has_no_point_age_distribution_in_source,c69eca96499bece4b2f65d4e40240f52e0bfb4027383b3f2db68a1b3e36c75f6
Vostok,Petit-et-al-2001,172.262000,,temperature_anomaly,-8.15,degC,observed;age_uncertainty_unavailable:GT4_has_no_point_age_distribution_in_source,c69eca96499bece4b2f65d4e40240f52e0bfb4027383b3f2db68a1b3e36c75f6
Vostok,Petit-et-al-2001,172.393000,,temperature_anomaly,-8.14,degC,observed;age_uncertainty_unavailable:GT4_has_no_point_age_distribution_in_source,c69eca96499bece4b2f65d4e40240f52e0bfb4027383b3f2db68a1b3e36c75f6
Vostok,Petit-et-al-2001,172.522000,,temperature_anomaly,-7.53,degC,observed;age_uncertainty_unavailable:GT4_has_no_point_age_distribution_in_source,c69eca96499bece4b2f65d4e40240f52e0bfb4027383b3f2db68a1b3e36c75f6
Vostok,Petit-et-al-2001,172.647000,,temperature_anomaly,-7.56,degC,observed;age_uncertainty_unavailable:GT4_has_no_point_age_distribution_in_source,c69eca96499bece4b2f65d4e40240f52e0bfb4027383b3f2db68a1b3e36c75f6
Vostok,Petit-et-al-2001,172.774000,,temperature_anomaly,-7.64,degC,observed;age_uncertainty_unavailable:GT4_has_no_point_age_distribution_in_source,c69eca96499bece4b2f65d4e40240f52e0bfb4027383b3f2db68a1b3e36c75f6
Vostok,Petit-et-al-2001,172.900000,,temperature_anomaly,-7.51,degC,observed;age_uncertainty_unavailable:GT4_has_no_point_age_distribution_in_source,c69eca96499bece4b2f65d4e40240f52e0bfb4027383b3f2db68a1b3e36c75f6
Vostok,Petit-et-al-2001,173.027000,,temperature_anomaly,-7.72,degC,observed;age_uncertainty_unavailable:GT4_has_no_point_age_distribution_in_source,c69eca96499bece4b2f65d4e40240f52e0bfb4027383b3f2db68a1b3e36c75f6
Vostok,Petit-et-al-2001,173.153000,,temperature_anomaly,-7.31,degC,observed;age_uncertainty_unavailable:GT4_has_no_point_age_distribution_in_source,c69eca96499bece4b2f65d4e40240f52e0bfb4027383b3f2db68a1b3e36c75f6
Vostok,Petit-et-al-2001,173.275000,,temperature_anomaly,-6.89,degC,observed;age_uncertainty_unavailable:GT4_has_no_point_age_distribution_in_source,c69eca96499bece4b2f65d4e40240f52e0bfb4027383b3f2db68a1b3e36c75f6
Vostok,Petit-et-al-2001,173.397000,,temperature_anomaly,-7.11,degC,observed;age_uncertainty_unavailable:GT4_has_no_point_age_distribution_in_source,c69eca96499bece4b2f65d4e40240f52e0bfb4027383b3f2db68a1b3e36c75f6
Vostok,Petit-et-al-2001,173.519000,,temperature_anomaly,-6.96,degC,observed;age_uncertainty_unavailable:GT4_has_no_point_age_distribution_in_source,c69eca96499bece4b2f65d4e40240f52e0bfb4027383b3f2db68a1b3e36c75f6
Vostok,Petit-et-al-2001,173.642000,,temperature_anomaly,-7.13,degC,observed;age_uncertainty_unavailable:GT4_has_no_point_age_distribution_in_source,c69eca96499bece4b2f65d4e40240f52e0bfb4027383b3f2db68a1b3e36c75f6
Vostok,Petit-et-al-2001,173.761000,,temperature_anomaly,-6.3,degC,observed;age_uncertainty_unavailable:GT4_has_no_point_age_distribution_in_source,c69eca96499bece4b2f65d4e40240f52e0bfb4027383b3f2db68a1b3e36c75f6
Vostok,Petit-et-al-2001,173.875000,,temperature_anomaly,-5.74,degC,observed;age_uncertainty_unavailable:GT4_has_no_point_age_distribution_in_source,c69eca96499bece4b2f65d4e40240f52e0bfb4027383b3f2db68a1b3e36c75f6
Vostok,Petit-et-al-2001,173.988000,,temperature_anomaly,-5.91,degC,observed;age_uncertainty_unavailable:GT4_has_no_point_age_distribution_in_source,c69eca96499bece4b2f65d4e40240f52e0bfb4027383b3f2db68a1b3e36c75f6
Vostok,Petit-et-al-2001,174.105000,,temperature_anomaly,-6.86,degC,observed;age_uncertainty_unavailable:GT4_has_no_point_age_distribution_in_source,c69eca96499bece4b2f65d4e40240f52e0bfb4027383b3f2db68a1b3e36c75f6
Vostok,Petit-et-al-2001,174.226000,,temperature_anomaly,-6.74,degC,observed;age_uncertainty_unavailable:GT4_has_no_point_age_distribution_in_source,c69eca96499bece4b2f65d4e40240f52e0bfb4027383b3f2db68a1b3e36c75f6
Vostok,Petit-et-al-2001,174.344000,,temperature_anomaly,-6.18,degC,observed;age_uncertainty_unavailable:GT4_has_no_point_age_distribution_in_source,c69eca96499bece4b2f65d4e40240f52e0bfb4027383b3f2db68a1b3e36c75f6
Vostok,Petit-et-al-2001,174.459000,,temperature_anomaly,-6.02,degC,observed;age_uncertainty_unavailable:GT4_has_no_point_age_distribution_in_source,c69eca96499bece4b2f65d4e40240f52e0bfb4027383b3f2db68a1b3e36c75f6
Vostok,Petit-et-al-2001,174.573000,,temperature_anomaly,-5.95,degC,observed;age_uncertainty_unavailable:GT4_has_no_point_age_distribution_in_source,c69eca96499bece4b2f65d4e40240f52e0bfb4027383b3f2db68a1b3e36c75f6
Vostok,Petit-et-al-2001,174.688000,,temperature_anomaly,-6.09,degC,observed;age_uncertainty_unavailable:GT4_has_no_point_age_distribution_in_source,c69eca96499bece4b2f65d4e40240f52e0bfb4027383b3f2db68a1b3e36c75f6
Vostok,Petit-et-al-2001,174.804000,,temperature_anomaly,-6.27,degC,observed;age_uncertainty_unavailable:GT4_has_no_point_age_distribution_in_source,c69eca96499bece4b2f65d4e40240f52e0bfb4027383b3f2db68a1b3e36c75f6
Vostok,Petit-et-al-2001,174.920000,,temperature_anomaly,-5.92,degC,observed;age_uncertainty_unavailable:GT4_has_no_point_age_distribution_in_source,c69eca96499bece4b2f65d4e40240f52e0bfb4027383b3f2db68a1b3e36c75f6
Vostok,Petit-et-al-2001,175.034000,,temperature_anomaly,-6.02,degC,observed;age_uncertainty_unavailable:GT4_has_no_point_age_distribution_in_source,c69eca96499bece4b2f65d4e40240f52e0bfb4027383b3f2db68a1b3e36c75f6
Vostok,Petit-et-al-2001,175.150000,,temperature_anomaly,-6.14,degC,observed;age_uncertainty_unavailable:GT4_has_no_point_age_distribution_in_source,c69eca96499bece4b2f65d4e40240f52e0bfb4027383b3f2db68a1b3e36c75f6
Vostok,Petit-et-al-2001,175.266000,,temperature_anomaly,-6.16,degC,observed;age_uncertainty_unavailable:GT4_has_no_point_age_distribution_in_source,c69eca96499bece4b2f65d4e40240f52e0bfb4027383b3f2db68a1b3e36c75f6
Vostok,Petit-et-al-2001,175.386000,,temperature_anomaly,-6.84,degC,observed;age_uncertainty_unavailable:GT4_has_no_point_age_distribution_in_source,c69eca96499bece4b2f65d4e40240f52e0bfb4027383b3f2db68a1b3e36c75f6
Vostok,Petit-et-al-2001,175.509000,,temperature_anomaly,-7.25,degC,observed;age_uncertainty_unavailable:GT4_has_no_point_age_distribution_in_source,c69eca96499bece4b2f65d4e40240f52e0bfb4027383b3f2db68a1b3e36c75f6
Vostok,Petit-et-al-2001,175.630000,,temperature_anomaly,-6.09,degC,observed;age_uncertainty_unavailable:GT4_has_no_point_age_distribution_in_source,c69eca96499bece4b2f65d4e40240f52e0bfb4027383b3f2db68a1b3e36c75f6
Vostok,Petit-et-al-2001,175.746000,,temperature_anomaly,-6.04,degC,observed;age_uncertainty_unavailable:GT4_has_no_point_age_distribution_in_source,c69eca96499bece4b2f65d4e40240f52e0bfb4027383b3f2db68a1b3e36c75f6
Vostok,Petit-et-al-2001,175.866000,,temperature_anomaly,-7,degC,observed;age_uncertainty_unavailable:GT4_has_no_point_age_distribution_in_source,c69eca96499bece4b2f65d4e40240f52e0bfb4027383b3f2db68a1b3e36c75f6
Vostok,Petit-et-al-2001,175.991000,,temperature_anomaly,-7.22,degC,observed;age_uncertainty_unavailable:GT4_has_no_point_age_distribution_in_source,c69eca96499bece4b2f65d4e40240f52e0bfb4027383b3f2db68a1b3e36c75f6
Vostok,Petit-et-al-2001,176.117000,,temperature_anomaly,-7.23,degC,observed;age_uncertainty_unavailable:GT4_has_no_point_age_distribution_in_source,c69eca96499bece4b2f65d4e40240f52e0bfb4027383b3f2db68a1b3e36c75f6
Vostok,Petit-et-al-2001,176.244000,,temperature_anomaly,-7.56,degC,observed;age_uncertainty_unavailable:GT4_has_no_point_age_distribution_in_source,c69eca96499bece4b2f65d4e40240f52e0bfb4027383b3f2db68a1b3e36c75f6
Vostok,Petit-et-al-2001,176.373000,,temperature_anomaly,-7.33,degC,observed;age_uncertainty_unavailable:GT4_has_no_point_age_distribution_in_source,c69eca96499bece4b2f65d4e40240f52e0bfb4027383b3f2db68a1b3e36c75f6
Vostok,Petit-et-al-2001,176.501000,,temperature_anomaly,-7.5,degC,observed;age_uncertainty_unavailable:GT4_has_no_point_age_distribution_in_source,c69eca96499bece4b2f65d4e40240f52e0bfb4027383b3f2db68a1b3e36c75f6
Vostok,Petit-et-al-2001,176.630000,,temperature_anomaly,-7.58,degC,observed;age_uncertainty_unavailable:GT4_has_no_point_age_distribution_in_source,c69eca96499bece4b2f65d4e40240f52e0bfb4027383b3f2db68a1b3e36c75f6
Vostok,Petit-et-al-2001,176.759000,,temperature_anomaly,-7.54,degC,observed;age_uncertainty_unavailable:GT4_has_no_point_age_distribution_in_source,c69eca96499bece4b2f65d4e40240f52e0bfb4027383b3f2db68a1b3e36c75f6
Vostok,Petit-et-al-2001,176.887000,,temperature_anomaly,-7.19,degC,observed;age_uncertainty_unavailable:GT4_has_no_point_age_distribution_in_source,c69eca96499bece4b2f65d4e40240f52e0bfb4027383b3f2db68a1b3e36c75f6
Vostok,Petit-et-al-2001,177.015000,,temperature_anomaly,-7.49,degC,observed;age_uncertainty_unavailable:GT4_has_no_point_age_distribution_in_source,c69eca96499bece4b2f65d4e40240f52e0bfb4027383b3f2db68a1b3e36c75f6
Vostok,Petit-et-al-2001,177.142000,,temperature_anomaly,-7.08,degC,observed;age_uncertainty_unavailable:GT4_has_no_point_age_distribution_in_source,c69eca96499bece4b2f65d4e40240f52e0bfb4027383b3f2db68a1b3e36c75f6
Vostok,Petit-et-al-2001,177.268000,,temperature_anomaly,-7.06,degC,observed;age_uncertainty_unavailable:GT4_has_no_point_age_distribution_in_source,c69eca96499bece4b2f65d4e40240f52e0bfb4027383b3f2db68a1b3e36c75f6
Vostok,Petit-et-al-2001,177.393000,,temperature_anomaly,-6.88,degC,observed;age_uncertainty_unavailable:GT4_has_no_point_age_distribution_in_source,c69eca96499bece4b2f65d4e40240f52e0bfb4027383b3f2db68a1b3e36c75f6
Vostok,Petit-et-al-2001,177.517000,,temperature_anomaly,-6.92,degC,observed;age_uncertainty_unavailable:GT4_has_no_point_age_distribution_in_source,c69eca96499bece4b2f65d4e40240f52e0bfb4027383b3f2db68a1b3e36c75f6
Vostok,Petit-et-al-2001,177.644000,,temperature_anomaly,-7.4,degC,observed;age_uncertainty_unavailable:GT4_has_no_point_age_distribution_in_source,c69eca96499bece4b2f65d4e40240f52e0bfb4027383b3f2db68a1b3e36c75f6
Vostok,Petit-et-al-2001,177.773000,,temperature_anomaly,-7.44,degC,observed;age_uncertainty_unavailable:GT4_has_no_point_age_distribution_in_source,c69eca96499bece4b2f65d4e40240f52e0bfb4027383b3f2db68a1b3e36c75f6
Vostok,Petit-et-al-2001,177.900000,,temperature_anomaly,-6.94,degC,observed;age_uncertainty_unavailable:GT4_has_no_point_age_distribution_in_source,c69eca96499bece4b2f65d4e40240f52e0bfb4027383b3f2db68a1b3e36c75f6
Vostok,Petit-et-al-2001,178.026000,,temperature_anomaly,-7.07,degC,observed;age_uncertainty_unavailable:GT4_has_no_point_age_distribution_in_source,c69eca96499bece4b2f65d4e40240f52e0bfb4027383b3f2db68a1b3e36c75f6
Vostok,Petit-et-al-2001,178.153000,,temperature_anomaly,-7.25,degC,observed;age_uncertainty_unavailable:GT4_has_no_point_age_distribution_in_source,c69eca96499bece4b2f65d4e40240f52e0bfb4027383b3f2db68a1b3e36c75f6
Vostok,Petit-et-al-2001,178.283000,,temperature_anomaly,-7.64,degC,observed;age_uncertainty_unavailable:GT4_has_no_point_age_distribution_in_source,c69eca96499bece4b2f65d4e40240f52e0bfb4027383b3f2db68a1b3e36c75f6
Vostok,Petit-et-al-2001,178.417000,,temperature_anomaly,-8.19,degC,observed;age_uncertainty_unavailable:GT4_has_no_point_age_distribution_in_source,c69eca96499bece4b2f65d4e40240f52e0bfb4027383b3f2db68a1b3e36c75f6
Vostok,Petit-et-al-2001,178.554000,,temperature_anomaly,-8.15,degC,observed;age_uncertainty_unavailable:GT4_has_no_point_age_distribution_in_source,c69eca96499bece4b2f65d4e40240f52e0bfb4027383b3f2db68a1b3e36c75f6
Vostok,Petit-et-al-2001,178.691000,,temperature_anomaly,-8.28,degC,observed;age_uncertainty_unavailable:GT4_has_no_point_age_distribution_in_source,c69eca96499bece4b2f65d4e40240f52e0bfb4027383b3f2db68a1b3e36c75f6
Vostok,Petit-et-al-2001,178.830000,,temperature_anomaly,-8.35,degC,observed;age_uncertainty_unavailable:GT4_has_no_point_age_distribution_in_source,c69eca96499bece4b2f65d4e40240f52e0bfb4027383b3f2db68a1b3e36c75f6
Vostok,Petit-et-al-2001,178.965000,,temperature_anomaly,-7.5,degC,observed;age_uncertainty_unavailable:GT4_has_no_point_age_distribution_in_source,c69eca96499bece4b2f65d4e40240f52e0bfb4027383b3f2db68a1b3e36c75f6
Vostok,Petit-et-al-2001,179.093000,,temperature_anomaly,-6.77,degC,observed;age_uncertainty_unavailable:GT4_has_no_point_age_distribution_in_source,c69eca96499bece4b2f65d4e40240f52e0bfb4027383b3f2db68a1b3e36c75f6
Vostok,Petit-et-al-2001,179.217000,,temperature_anomaly,-6.65,degC,observed;age_uncertainty_unavailable:GT4_has_no_point_age_distribution_in_source,c69eca96499bece4b2f65d4e40240f52e0bfb4027383b3f2db68a1b3e36c75f6
Vostok,Petit-et-al-2001,179.342000,,temperature_anomaly,-7,degC,observed;age_uncertainty_unavailable:GT4_has_no_point_age_distribution_in_source,c69eca96499bece4b2f65d4e40240f52e0bfb4027383b3f2db68a1b3e36c75f6
Vostok,Petit-et-al-2001,179.468000,,temperature_anomaly,-6.83,degC,observed;age_uncertainty_unavailable:GT4_has_no_point_age_distribution_in_source,c69eca96499bece4b2f65d4e40240f52e0bfb4027383b3f2db68a1b3e36c75f6
Vostok,Petit-et-al-2001,179.590000,,temperature_anomaly,-6.08,degC,observed;age_uncertainty_unavailable:GT4_has_no_point_age_distribution_in_source,c69eca96499bece4b2f65d4e40240f52e0bfb4027383b3f2db68a1b3e36c75f6
Vostok,Petit-et-al-2001,179.706000,,temperature_anomaly,-5.3,degC,observed;age_uncertainty_unavailable:GT4_has_no_point_age_distribution_in_source,c69eca96499bece4b2f65d4e40240f52e0bfb4027383b3f2db68a1b3e36c75f6
Vostok,Petit-et-al-2001,179.820000,,temperature_anomaly,-5.49,degC,observed;age_uncertainty_unavailable:GT4_has_no_point_age_distribution_in_source,c69eca96499bece4b2f65d4e40240f52e0bfb4027383b3f2db68a1b3e36c75f6
Vostok,Petit-et-al-2001,179.939000,,temperature_anomaly,-6.39,degC,observed;age_uncertainty_unavailable:GT4_has_no_point_age_distribution_in_source,c69eca96499bece4b2f65d4e40240f52e0bfb4027383b3f2db68a1b3e36c75f6
Vostok,Petit-et-al-2001,180.060000,,temperature_anomaly,-6.34,degC,observed;age_uncertainty_unavailable:GT4_has_no_point_age_distribution_in_source,c69eca96499bece4b2f65d4e40240f52e0bfb4027383b3f2db68a1b3e36c75f6
Vostok,Petit-et-al-2001,180.182000,,temperature_anomaly,-6.35,degC,observed;age_uncertainty_unavailable:GT4_has_no_point_age_distribution_in_source,c69eca96499bece4b2f65d4e40240f52e0bfb4027383b3f2db68a1b3e36c75f6
Vostok,Petit-et-al-2001,180.304000,,temperature_anomaly,-6.28,degC,observed;age_uncertainty_unavailable:GT4_has_no_point_age_distribution_in_source,c69eca96499bece4b2f65d4e40240f52e0bfb4027383b3f2db68a1b3e36c75f6
Vostok,Petit-et-al-2001,180.426000,,temperature_anomaly,-6.44,degC,observed;age_uncertainty_unavailable:GT4_has_no_point_age_distribution_in_source,c69eca96499bece4b2f65d4e40240f52e0bfb4027383b3f2db68a1b3e36c75f6
Vostok,Petit-et-al-2001,180.546000,,temperature_anomaly,-5.71,degC,observed;age_uncertainty_unavailable:GT4_has_no_point_age_distribution_in_source,c69eca96499bece4b2f65d4e40240f52e0bfb4027383b3f2db68a1b3e36c75f6
Vostok,Petit-et-al-2001,180.663000,,temperature_anomaly,-5.64,degC,observed;age_uncertainty_unavailable:GT4_has_no_point_age_distribution_in_source,c69eca96499bece4b2f65d4e40240f52e0bfb4027383b3f2db68a1b3e36c75f6
Vostok,Petit-et-al-2001,180.780000,,temperature_anomaly,-5.64,degC,observed;age_uncertainty_unavailable:GT4_has_no_point_age_distribution_in_source,c69eca96499bece4b2f65d4e40240f52e0bfb4027383b3f2db68a1b3e36c75f6
Vostok,Petit-et-al-2001,180.895000,,temperature_anomaly,-5.32,degC,observed;age_uncertainty_unavailable:GT4_has_no_point_age_distribution_in_source,c69eca96499bece4b2f65d4e40240f52e0bfb4027383b3f2db68a1b3e36c75f6
Vostok,Petit-et-al-2001,181.011000,,temperature_anomaly,-5.73,degC,observed;age_uncertainty_unavailable:GT4_has_no_point_age_distribution_in_source,c69eca96499bece4b2f65d4e40240f52e0bfb4027383b3f2db68a1b3e36c75f6
Vostok,Petit-et-al-2001,181.132000,,temperature_anomaly,-6.64,degC,observed;age_uncertainty_unavailable:GT4_has_no_point_age_distribution_in_source,c69eca96499bece4b2f65d4e40240f52e0bfb4027383b3f2db68a1b3e36c75f6
Vostok,Petit-et-al-2001,181.259000,,temperature_anomaly,-6.92,degC,observed;age_uncertainty_unavailable:GT4_has_no_point_age_distribution_in_source,c69eca96499bece4b2f65d4e40240f52e0bfb4027383b3f2db68a1b3e36c75f6
Vostok,Petit-et-al-2001,181.382000,,temperature_anomaly,-5.8,degC,observed;age_uncertainty_unavailable:GT4_has_no_point_age_distribution_in_source,c69eca96499bece4b2f65d4e40240f52e0bfb4027383b3f2db68a1b3e36c75f6
Vostok,Petit-et-al-2001,181.502000,,temperature_anomaly,-6.2,degC,observed;age_uncertainty_unavailable:GT4_has_no_point_age_distribution_in_source,c69eca96499bece4b2f65d4e40240f52e0bfb4027383b3f2db68a1b3e36c75f6
Vostok,Petit-et-al-2001,181.626000,,temperature_anomaly,-6.77,degC,observed;age_uncertainty_unavailable:GT4_has_no_point_age_distribution_in_source,c69eca96499bece4b2f65d4e40240f52e0bfb4027383b3f2db68a1b3e36c75f6
Vostok,Petit-et-al-2001,181.753000,,temperature_anomaly,-6.71,degC,observed;age_uncertainty_unavailable:GT4_has_no_point_age_distribution_in_source,c69eca96499bece4b2f65d4e40240f52e0bfb4027383b3f2db68a1b3e36c75f6
Vostok,Petit-et-al-2001,181.881000,,temperature_anomaly,-6.95,degC,observed;age_uncertainty_unavailable:GT4_has_no_point_age_distribution_in_source,c69eca96499bece4b2f65d4e40240f52e0bfb4027383b3f2db68a1b3e36c75f6
Vostok,Petit-et-al-2001,182.011000,,temperature_anomaly,-7.3,degC,observed;age_uncertainty_unavailable:GT4_has_no_point_age_distribution_in_source,c69eca96499bece4b2f65d4e40240f52e0bfb4027383b3f2db68a1b3e36c75f6
Vostok,Petit-et-al-2001,182.146000,,temperature_anomaly,-7.87,degC,observed;age_uncertainty_unavailable:GT4_has_no_point_age_distribution_in_source,c69eca96499bece4b2f65d4e40240f52e0bfb4027383b3f2db68a1b3e36c75f6
Vostok,Petit-et-al-2001,182.284000,,temperature_anomaly,-8,degC,observed;age_uncertainty_unavailable:GT4_has_no_point_age_distribution_in_source,c69eca96499bece4b2f65d4e40240f52e0bfb4027383b3f2db68a1b3e36c75f6
Vostok,Petit-et-al-2001,182.421000,,temperature_anomaly,-7.52,degC,observed;age_uncertainty_unavailable:GT4_has_no_point_age_distribution_in_source,c69eca96499bece4b2f65d4e40240f52e0bfb4027383b3f2db68a1b3e36c75f6
Vostok,Petit-et-al-2001,182.556000,,temperature_anomaly,-7.66,degC,observed;age_uncertainty_unavailable:GT4_has_no_point_age_distribution_in_source,c69eca96499bece4b2f65d4e40240f52e0bfb4027383b3f2db68a1b3e36c75f6
Vostok,Petit-et-al-2001,182.694000,,temperature_anomaly,-8.08,degC,observed;age_uncertainty_unavailable:GT4_has_no_point_age_distribution_in_source,c69eca96499bece4b2f65d4e40240f52e0bfb4027383b3f2db68a1b3e36c75f6
Vostok,Petit-et-al-2001,182.830000,,temperature_anomaly,-7.29,degC,observed;age_uncertainty_unavailable:GT4_has_no_point_age_distribution_in_source,c69eca96499bece4b2f65d4e40240f52e0bfb4027383b3f2db68a1b3e36c75f6
Vostok,Petit-et-al-2001,182.965000,,temperature_anomaly,-7.7,degC,observed;age_uncertainty_unavailable:GT4_has_no_point_age_distribution_in_source,c69eca96499bece4b2f65d4e40240f52e0bfb4027383b3f2db68a1b3e36c75f6
Vostok,Petit-et-al-2001,183.102000,,temperature_anomaly,-7.77,degC,observed;age_uncertainty_unavailable:GT4_has_no_point_age_distribution_in_source,c69eca96499bece4b2f65d4e40240f52e0bfb4027383b3f2db68a1b3e36c75f6
Vostok,Petit-et-al-2001,183.243000,,temperature_anomaly,-8.58,degC,observed;age_uncertainty_unavailable:GT4_has_no_point_age_distribution_in_source,c69eca96499bece4b2f65d4e40240f52e0bfb4027383b3f2db68a1b3e36c75f6
Vostok,Petit-et-al-2001,183.386000,,temperature_anomaly,-8.11,degC,observed;age_uncertainty_unavailable:GT4_has_no_point_age_distribution_in_source,c69eca96499bece4b2f65d4e40240f52e0bfb4027383b3f2db68a1b3e36c75f6
Vostok,Petit-et-al-2001,183.525000,,temperature_anomaly,-7.64,degC,observed;age_uncertainty_unavailable:GT4_has_no_point_age_distribution_in_source,c69eca96499bece4b2f65d4e40240f52e0bfb4027383b3f2db68a1b3e36c75f6
Vostok,Petit-et-al-2001,183.664000,,temperature_anomaly,-8.17,degC,observed;age_uncertainty_unavailable:GT4_has_no_point_age_distribution_in_source,c69eca96499bece4b2f65d4e40240f52e0bfb4027383b3f2db68a1b3e36c75f6
Vostok,Petit-et-al-2001,183.807000,,temperature_anomaly,-8.2,degC,observed;age_uncertainty_unavailable:GT4_has_no_point_age_distribution_in_source,c69eca96499bece4b2f65d4e40240f52e0bfb4027383b3f2db68a1b3e36c75f6
Vostok,Petit-et-al-2001,183.948000,,temperature_anomaly,-8.08,degC,observed;age_uncertainty_unavailable:GT4_has_no_point_age_distribution_in_source,c69eca96499bece4b2f65d4e40240f52e0bfb4027383b3f2db68a1b3e36c75f6
Vostok,Petit-et-al-2001,184.088000,,temperature_anomaly,-7.79,degC,observed;age_uncertainty_unavailable:GT4_has_no_point_age_distribution_in_source,c69eca96499bece4b2f65d4e40240f52e0bfb4027383b3f2db68a1b3e36c75f6
Vostok,Petit-et-al-2001,184.229000,,temperature_anomaly,-8.1,degC,observed;age_uncertainty_unavailable:GT4_has_no_point_age_distribution_in_source,c69eca96499bece4b2f65d4e40240f52e0bfb4027383b3f2db68a1b3e36c75f6
Vostok,Petit-et-al-2001,184.367000,,temperature_anomaly,-7.37,degC,observed;age_uncertainty_unavailable:GT4_has_no_point_age_distribution_in_source,c69eca96499bece4b2f65d4e40240f52e0bfb4027383b3f2db68a1b3e36c75f6
Vostok,Petit-et-al-2001,184.501000,,temperature_anomaly,-7.1,degC,observed;age_uncertainty_unavailable:GT4_has_no_point_age_distribution_in_source,c69eca96499bece4b2f65d4e40240f52e0bfb4027383b3f2db68a1b3e36c75f6
Vostok,Petit-et-al-2001,184.641000,,temperature_anomaly,-8.72,degC,observed;age_uncertainty_unavailable:GT4_has_no_point_age_distribution_in_source,c69eca96499bece4b2f65d4e40240f52e0bfb4027383b3f2db68a1b3e36c75f6
Vostok,Petit-et-al-2001,184.787000,,temperature_anomaly,-8.21,degC,observed;age_uncertainty_unavailable:GT4_has_no_point_age_distribution_in_source,c69eca96499bece4b2f65d4e40240f52e0bfb4027383b3f2db68a1b3e36c75f6
Vostok,Petit-et-al-2001,184.928000,,temperature_anomaly,-7.75,degC,observed;age_uncertainty_unavailable:GT4_has_no_point_age_distribution_in_source,c69eca96499bece4b2f65d4e40240f52e0bfb4027383b3f2db68a1b3e36c75f6
Vostok,Petit-et-al-2001,185.069000,,temperature_anomaly,-8.1,degC,observed;age_uncertainty_unavailable:GT4_has_no_point_age_distribution_in_source,c69eca96499bece4b2f65d4e40240f52e0bfb4027383b3f2db68a1b3e36c75f6
Vostok,Petit-et-al-2001,185.212000,,temperature_anomaly,-8.23,degC,observed;age_uncertainty_unavailable:GT4_has_no_point_age_distribution_in_source,c69eca96499bece4b2f65d4e40240f52e0bfb4027383b3f2db68a1b3e36c75f6
Vostok,Petit-et-al-2001,185.354000,,temperature_anomaly,-7.75,degC,observed;age_uncertainty_unavailable:GT4_has_no_point_age_distribution_in_source,c69eca96499bece4b2f65d4e40240f52e0bfb4027383b3f2db68a1b3e36c75f6
Vostok,Petit-et-al-2001,185.494000,,temperature_anomaly,-7.94,degC,observed;age_uncertainty_unavailable:GT4_has_no_point_age_distribution_in_source,c69eca96499bece4b2f65d4e40240f52e0bfb4027383b3f2db68a1b3e36c75f6
Vostok,Petit-et-al-2001,185.640000,,temperature_anomaly,-8.72,degC,observed;age_uncertainty_unavailable:GT4_has_no_point_age_distribution_in_source,c69eca96499bece4b2f65d4e40240f52e0bfb4027383b3f2db68a1b3e36c75f6
Vostok,Petit-et-al-2001,185.788000,,temperature_anomaly,-8.49,degC,observed;age_uncertainty_unavailable:GT4_has_no_point_age_distribution_in_source,c69eca96499bece4b2f65d4e40240f52e0bfb4027383b3f2db68a1b3e36c75f6
Vostok,Petit-et-al-2001,185.931000,,temperature_anomaly,-7.64,degC,observed;age_uncertainty_unavailable:GT4_has_no_point_age_distribution_in_source,c69eca96499bece4b2f65d4e40240f52e0bfb4027383b3f2db68a1b3e36c75f6
Vostok,Petit-et-al-2001,186.071000,,temperature_anomaly,-7.9,degC,observed;age_uncertainty_unavailable:GT4_has_no_point_age_distribution_in_source,c69eca96499bece4b2f65d4e40240f52e0bfb4027383b3f2db68a1b3e36c75f6
Vostok,Petit-et-al-2001,186.213000,,temperature_anomaly,-7.98,degC,observed;age_uncertainty_unavailable:GT4_has_no_point_age_distribution_in_source,c69eca96499bece4b2f65d4e40240f52e0bfb4027383b3f2db68a1b3e36c75f6
Vostok,Petit-et-al-2001,186.356000,,temperature_anomaly,-7.95,degC,observed;age_uncertainty_unavailable:GT4_has_no_point_age_distribution_in_source,c69eca96499bece4b2f65d4e40240f52e0bfb4027383b3f2db68a1b3e36c75f6
Vostok,Petit-et-al-2001,186.499000,,temperature_anomaly,-8.14,degC,observed;age_uncertainty_unavailable:GT4_has_no_point_age_distribution_in_source,c69eca96499bece4b2f65d4e40240f52e0bfb4027383b3f2db68a1b3e36c75f6
Vostok,Petit-et-al-2001,186.642000,,temperature_anomaly,-7.68,degC,observed;age_uncertainty_unavailable:GT4_has_no_point_age_distribution_in_source,c69eca96499bece4b2f65d4e40240f52e0bfb4027383b3f2db68a1b3e36c75f6
Vostok,Petit-et-al-2001,186.784000,,temperature_anomaly,-8.09,degC,observed;age_uncertainty_unavailable:GT4_has_no_point_age_distribution_in_source,c69eca96499bece4b2f65d4e40240f52e0bfb4027383b3f2db68a1b3e36c75f6
Vostok,Petit-et-al-2001,186.927000,,temperature_anomaly,-7.94,degC,observed;age_uncertainty_unavailable:GT4_has_no_point_age_distribution_in_source,c69eca96499bece4b2f65d4e40240f52e0bfb4027383b3f2db68a1b3e36c75f6
Vostok,Petit-et-al-2001,187.067000,,temperature_anomaly,-7.36,degC,observed;age_uncertainty_unavailable:GT4_has_no_point_age_distribution_in_source,c69eca96499bece4b2f65d4e40240f52e0bfb4027383b3f2db68a1b3e36c75f6
Vostok,Petit-et-al-2001,187.204000,,temperature_anomaly,-7.27,degC,observed;age_uncertainty_unavailable:GT4_has_no_point_age_distribution_in_source,c69eca96499bece4b2f65d4e40240f52e0bfb4027383b3f2db68a1b3e36c75f6
Vostok,Petit-et-al-2001,187.343000,,temperature_anomaly,-7.75,degC,observed;age_uncertainty_unavailable:GT4_has_no_point_age_distribution_in_source,c69eca96499bece4b2f65d4e40240f52e0bfb4027383b3f2db68a1b3e36c75f6
Vostok,Petit-et-al-2001,187.486000,,temperature_anomaly,-8.14,degC,observed;age_uncertainty_unavailable:GT4_has_no_point_age_distribution_in_source,c69eca96499bece4b2f65d4e40240f52e0bfb4027383b3f2db68a1b3e36c75f6
Vostok,Petit-et-al-2001,187.630000,,temperature_anomaly,-7.78,degC,observed;age_uncertainty_unavailable:GT4_has_no_point_age_distribution_in_source,c69eca96499bece4b2f65d4e40240f52e0bfb4027383b3f2db68a1b3e36c75f6
Vostok,Petit-et-al-2001,187.770000,,temperature_anomaly,-7.42,degC,observed;age_uncertainty_unavailable:GT4_has_no_point_age_distribution_in_source,c69eca96499bece4b2f65d4e40240f52e0bfb4027383b3f2db68a1b3e36c75f6
Vostok,Petit-et-al-2001,187.907000,,temperature_anomaly,-7.01,degC,observed;age_uncertainty_unavailable:GT4_has_no_point_age_distribution_in_source,c69eca96499bece4b2f65d4e40240f52e0bfb4027383b3f2db68a1b3e36c75f6
Vostok,Petit-et-al-2001,188.042000,,temperature_anomaly,-7.03,degC,observed;age_uncertainty_unavailable:GT4_has_no_point_age_distribution_in_source,c69eca96499bece4b2f65d4e40240f52e0bfb4027383b3f2db68a1b3e36c75f6
Vostok,Petit-et-al-2001,188.181000,,temperature_anomaly,-7.87,degC,observed;age_uncertainty_unavailable:GT4_has_no_point_age_distribution_in_source,c69eca96499bece4b2f65d4e40240f52e0bfb4027383b3f2db68a1b3e36c75f6
Vostok,Petit-et-al-2001,188.324000,,temperature_anomaly,-7.84,degC,observed;age_uncertainty_unavailable:GT4_has_no_point_age_distribution_in_source,c69eca96499bece4b2f65d4e40240f52e0bfb4027383b3f2db68a1b3e36c75f6
Vostok,Petit-et-al-2001,188.467000,,temperature_anomaly,-7.63,degC,observed;age_uncertainty_unavailable:GT4_has_no_point_age_distribution_in_source,c69eca96499bece4b2f65d4e40240f52e0bfb4027383b3f2db68a1b3e36c75f6
Vostok,Petit-et-al-2001,188.609000,,temperature_anomaly,-7.92,degC,observed;age_uncertainty_unavailable:GT4_has_no_point_age_distribution_in_source,c69eca96499bece4b2f65d4e40240f52e0bfb4027383b3f2db68a1b3e36c75f6
Vostok,Petit-et-al-2001,188.752000,,temperature_anomaly,-7.51,degC,observed;age_uncertainty_unavailable:GT4_has_no_point_age_distribution_in_source,c69eca96499bece4b2f65d4e40240f52e0bfb4027383b3f2db68a1b3e36c75f6
Vostok,Petit-et-al-2001,188.892000,,temperature_anomaly,-7.46,degC,observed;age_uncertainty_unavailable:GT4_has_no_point_age_distribution_in_source,c69eca96499bece4b2f65d4e40240f52e0bfb4027383b3f2db68a1b3e36c75f6
Vostok,Petit-et-al-2001,189.030000,,temperature_anomaly,-7.1,degC,observed;age_uncertainty_unavailable:GT4_has_no_point_age_distribution_in_source,c69eca96499bece4b2f65d4e40240f52e0bfb4027383b3f2db68a1b3e36c75f6
Vostok,Petit-et-al-2001,189.165000,,temperature_anomaly,-6.64,degC,observed;age_uncertainty_unavailable:GT4_has_no_point_age_distribution_in_source,c69eca96499bece4b2f65d4e40240f52e0bfb4027383b3f2db68a1b3e36c75f6
Vostok,Petit-et-al-2001,189.297000,,temperature_anomaly,-6.48,degC,observed;age_uncertainty_unavailable:GT4_has_no_point_age_distribution_in_source,c69eca96499bece4b2f65d4e40240f52e0bfb4027383b3f2db68a1b3e36c75f6
Vostok,Petit-et-al-2001,189.431000,,temperature_anomaly,-7.08,degC,observed;age_uncertainty_unavailable:GT4_has_no_point_age_distribution_in_source,c69eca96499bece4b2f65d4e40240f52e0bfb4027383b3f2db68a1b3e36c75f6
Vostok,Petit-et-al-2001,189.568000,,temperature_anomaly,-7.02,degC,observed;age_uncertainty_unavailable:GT4_has_no_point_age_distribution_in_source,c69eca96499bece4b2f65d4e40240f52e0bfb4027383b3f2db68a1b3e36c75f6
Vostok,Petit-et-al-2001,189.702000,,temperature_anomaly,-6.63,degC,observed;age_uncertainty_unavailable:GT4_has_no_point_age_distribution_in_source,c69eca96499bece4b2f65d4e40240f52e0bfb4027383b3f2db68a1b3e36c75f6
Vostok,Petit-et-al-2001,189.832000,,temperature_anomaly,-6.02,degC,observed;age_uncertainty_unavailable:GT4_has_no_point_age_distribution_in_source,c69eca96499bece4b2f65d4e40240f52e0bfb4027383b3f2db68a1b3e36c75f6
Vostok,Petit-et-al-2001,189.961000,,temperature_anomaly,-6.27,degC,observed;age_uncertainty_unavailable:GT4_has_no_point_age_distribution_in_source,c69eca96499bece4b2f65d4e40240f52e0bfb4027383b3f2db68a1b3e36c75f6
Vostok,Petit-et-al-2001,190.092000,,temperature_anomaly,-6.49,degC,observed;age_uncertainty_unavailable:GT4_has_no_point_age_distribution_in_source,c69eca96499bece4b2f65d4e40240f52e0bfb4027383b3f2db68a1b3e36c75f6
Vostok,Petit-et-al-2001,190.222000,,temperature_anomaly,-6,degC,observed;age_uncertainty_unavailable:GT4_has_no_point_age_distribution_in_source,c69eca96499bece4b2f65d4e40240f52e0bfb4027383b3f2db68a1b3e36c75f6
Vostok,Petit-et-al-2001,190.348000,,temperature_anomaly,-5.61,degC,observed;age_uncertainty_unavailable:GT4_has_no_point_age_distribution_in_source,c69eca96499bece4b2f65d4e40240f52e0bfb4027383b3f2db68a1b3e36c75f6
Vostok,Petit-et-al-2001,190.469000,,temperature_anomaly,-4.84,degC,observed;age_uncertainty_unavailable:GT4_has_no_point_age_distribution_in_source,c69eca96499bece4b2f65d4e40240f52e0bfb4027383b3f2db68a1b3e36c75f6
Vostok,Petit-et-al-2001,190.587000,,temperature_anomaly,-4.79,degC,observed;age_uncertainty_unavailable:GT4_has_no_point_age_distribution_in_source,c69eca96499bece4b2f65d4e40240f52e0bfb4027383b3f2db68a1b3e36c75f6
Vostok,Petit-et-al-2001,190.705000,,temperature_anomaly,-4.72,degC,observed;age_uncertainty_unavailable:GT4_has_no_point_age_distribution_in_source,c69eca96499bece4b2f65d4e40240f52e0bfb4027383b3f2db68a1b3e36c75f6
Vostok,Petit-et-al-2001,190.822000,,temperature_anomaly,-4.51,degC,observed;age_uncertainty_unavailable:GT4_has_no_point_age_distribution_in_source,c69eca96499bece4b2f65d4e40240f52e0bfb4027383b3f2db68a1b3e36c75f6
Vostok,Petit-et-al-2001,190.934000,,temperature_anomaly,-3.6,degC,observed;age_uncertainty_unavailable:GT4_has_no_point_age_distribution_in_source,c69eca96499bece4b2f65d4e40240f52e0bfb4027383b3f2db68a1b3e36c75f6
Vostok,Petit-et-al-2001,191.043000,,temperature_anomaly,-3.68,degC,observed;age_uncertainty_unavailable:GT4_has_no_point_age_distribution_in_source,c69eca96499bece4b2f65d4e40240f52e0bfb4027383b3f2db68a1b3e36c75f6
Vostok,Petit-et-al-2001,191.156000,,temperature_anomaly,-4.63,degC,observed;age_uncertainty_unavailable:GT4_has_no_point_age_distribution_in_source,c69eca96499bece4b2f65d4e40240f52e0bfb4027383b3f2db68a1b3e36c75f6
Vostok,Petit-et-al-2001,191.276000,,temperature_anomaly,-5.18,degC,observed;age_uncertainty_unavailable:GT4_has_no_point_age_distribution_in_source,c69eca96499bece4b2f65d4e40240f52e0bfb4027383b3f2db68a1b3e36c75f6
Vostok,Petit-et-al-2001,191.398000,,temperature_anomaly,-5.35,degC,observed;age_uncertainty_unavailable:GT4_has_no_point_age_distribution_in_source,c69eca96499bece4b2f65d4e40240f52e0bfb4027383b3f2db68a1b3e36c75f6
Vostok,Petit-et-al-2001,191.522000,,temperature_anomaly,-5.51,degC,observed;age_uncertainty_unavailable:GT4_has_no_point_age_distribution_in_source,c69eca96499bece4b2f65d4e40240f52e0bfb4027383b3f2db68a1b3e36c75f6
Vostok,Petit-et-al-2001,191.647000,,temperature_anomaly,-5.55,degC,observed;age_uncertainty_unavailable:GT4_has_no_point_age_distribution_in_source,c69eca96499bece4b2f65d4e40240f52e0bfb4027383b3f2db68a1b3e36c75f6
Vostok,Petit-et-al-2001,191.771000,,temperature_anomaly,-5.36,degC,observed;age_uncertainty_unavailable:GT4_has_no_point_age_distribution_in_source,c69eca96499bece4b2f65d4e40240f52e0bfb4027383b3f2db68a1b3e36c75f6
Vostok,Petit-et-al-2001,191.895000,,temperature_anomaly,-5.46,degC,observed;age_uncertainty_unavailable:GT4_has_no_point_age_distribution_in_source,c69eca96499bece4b2f65d4e40240f52e0bfb4027383b3f2db68a1b3e36c75f6
Vostok,Petit-et-al-2001,192.018000,,temperature_anomaly,-4.97,degC,observed;age_uncertainty_unavailable:GT4_has_no_point_age_distribution_in_source,c69eca96499bece4b2f65d4e40240f52e0bfb4027383b3f2db68a1b3e36c75f6
Vostok,Petit-et-al-2001,192.138000,,temperature_anomaly,-4.83,degC,observed;age_uncertainty_unavailable:GT4_has_no_point_age_distribution_in_source,c69eca96499bece4b2f65d4e40240f52e0bfb4027383b3f2db68a1b3e36c75f6
Vostok,Petit-et-al-2001,192.258000,,temperature_anomaly,-5.02,degC,observed;age_uncertainty_unavailable:GT4_has_no_point_age_distribution_in_source,c69eca96499bece4b2f65d4e40240f52e0bfb4027383b3f2db68a1b3e36c75f6
Vostok,Petit-et-al-2001,192.382000,,temperature_anomaly,-5.51,degC,observed;age_uncertainty_unavailable:GT4_has_no_point_age_distribution_in_source,c69eca96499bece4b2f65d4e40240f52e0bfb4027383b3f2db68a1b3e36c75f6
Vostok,Petit-et-al-2001,192.509000,,temperature_anomaly,-5.85,degC,observed;age_uncertainty_unavailable:GT4_has_no_point_age_distribution_in_source,c69eca96499bece4b2f65d4e40240f52e0bfb4027383b3f2db68a1b3e36c75f6
Vostok,Petit-et-al-2001,192.638000,,temperature_anomaly,-6.01,degC,observed;age_uncertainty_unavailable:GT4_has_no_point_age_distribution_in_source,c69eca96499bece4b2f65d4e40240f52e0bfb4027383b3f2db68a1b3e36c75f6
Vostok,Petit-et-al-2001,192.768000,,temperature_anomaly,-5.97,degC,observed;age_uncertainty_unavailable:GT4_has_no_point_age_distribution_in_source,c69eca96499bece4b2f65d4e40240f52e0bfb4027383b3f2db68a1b3e36c75f6
Vostok,Petit-et-al-2001,192.895000,,temperature_anomaly,-5.35,degC,observed;age_uncertainty_unavailable:GT4_has_no_point_age_distribution_in_source,c69eca96499bece4b2f65d4e40240f52e0bfb4027383b3f2db68a1b3e36c75f6
Vostok,Petit-et-al-2001,193.022000,,temperature_anomaly,-5.84,degC,observed;age_uncertainty_unavailable:GT4_has_no_point_age_distribution_in_source,c69eca96499bece4b2f65d4e40240f52e0bfb4027383b3f2db68a1b3e36c75f6
Vostok,Petit-et-al-2001,193.152000,,temperature_anomaly,-6.21,degC,observed;age_uncertainty_unavailable:GT4_has_no_point_age_distribution_in_source,c69eca96499bece4b2f65d4e40240f52e0bfb4027383b3f2db68a1b3e36c75f6
Vostok,Petit-et-al-2001,193.285000,,temperature_anomaly,-6.28,degC,observed;age_uncertainty_unavailable:GT4_has_no_point_age_distribution_in_source,c69eca96499bece4b2f65d4e40240f52e0bfb4027383b3f2db68a1b3e36c75f6
Vostok,Petit-et-al-2001,193.421000,,temperature_anomaly,-6.78,degC,observed;age_uncertainty_unavailable:GT4_has_no_point_age_distribution_in_source,c69eca96499bece4b2f65d4e40240f52e0bfb4027383b3f2db68a1b3e36c75f6
Vostok,Petit-et-al-2001,193.556000,,temperature_anomaly,-6.25,degC,observed;age_uncertainty_unavailable:GT4_has_no_point_age_distribution_in_source,c69eca96499bece4b2f65d4e40240f52e0bfb4027383b3f2db68a1b3e36c75f6
Vostok,Petit-et-al-2001,193.687000,,temperature_anomaly,-5.68,degC,observed;age_uncertainty_unavailable:GT4_has_no_point_age_distribution_in_source,c69eca96499bece4b2f65d4e40240f52e0bfb4027383b3f2db68a1b3e36c75f6
Vostok,Petit-et-al-2001,193.816000,,temperature_anomaly,-5.89,degC,observed;age_uncertainty_unavailable:GT4_has_no_point_age_distribution_in_source,c69eca96499bece4b2f65d4e40240f52e0bfb4027383b3f2db68a1b3e36c75f6
Vostok,Petit-et-al-2001,193.946000,,temperature_anomaly,-5.88,degC,observed;age_uncertainty_unavailable:GT4_has_no_point_age_distribution_in_source,c69eca96499bece4b2f65d4e40240f52e0bfb4027383b3f2db68a1b3e36c75f6
Vostok,Petit-et-al-2001,194.075000,,temperature_anomaly,-5.63,degC,observed;age_uncertainty_unavailable:GT4_has_no_point_age_distribution_in_source,c69eca96499bece4b2f65d4e40240f52e0bfb4027383b3f2db68a1b3e36c75f6
Vostok,Petit-et-al-2001,194.201000,,temperature_anomaly,-5.19,degC,observed;age_uncertainty_unavailable:GT4_has_no_point_age_distribution_in_source,c69eca96499bece4b2f65d4e40240f52e0bfb4027383b3f2db68a1b3e36c75f6
Vostok,Petit-et-al-2001,194.324000,,temperature_anomaly,-4.8,degC,observed;age_uncertainty_unavailable:GT4_has_no_point_age_distribution_in_source,c69eca96499bece4b2f65d4e40240f52e0bfb4027383b3f2db68a1b3e36c75f6
Vostok,Petit-et-al-2001,194.444000,,temperature_anomaly,-4.53,degC,observed;age_uncertainty_unavailable:GT4_has_no_point_age_distribution_in_source,c69eca96499bece4b2f65d4e40240f52e0bfb4027383b3f2db68a1b3e36c75f6
Vostok,Petit-et-al-2001,194.565000,,temperature_anomaly,-4.96,degC,observed;age_uncertainty_unavailable:GT4_has_no_point_age_distribution_in_source,c69eca96499bece4b2f65d4e40240f52e0bfb4027383b3f2db68a1b3e36c75f6
Vostok,Petit-et-al-2001,194.687000,,temperature_anomaly,-4.79,degC,observed;age_uncertainty_unavailable:GT4_has_no_point_age_distribution_in_source,c69eca96499bece4b2f65d4e40240f52e0bfb4027383b3f2db68a1b3e36c75f6
Vostok,Petit-et-al-2001,194.806000,,temperature_anomaly,-4.23,degC,observed;age_uncertainty_unavailable:GT4_has_no_point_age_distribution_in_source,c69eca96499bece4b2f65d4e40240f52e0bfb4027383b3f2db68a1b3e36c75f6
Vostok,Petit-et-al-2001,194.926000,,temperature_anomaly,-5.07,degC,observed;age_uncertainty_unavailable:GT4_has_no_point_age_distribution_in_source,c69eca96499bece4b2f65d4e40240f52e0bfb4027383b3f2db68a1b3e36c75f6
Vostok,Petit-et-al-2001,195.051000,,temperature_anomaly,-5.22,degC,observed;age_uncertainty_unavailable:GT4_has_no_point_age_distribution_in_source,c69eca96499bece4b2f65d4e40240f52e0bfb4027383b3f2db68a1b3e36c75f6
Vostok,Petit-et-al-2001,195.175000,,temperature_anomaly,-4.9,degC,observed;age_uncertainty_unavailable:GT4_has_no_point_age_distribution_in_source,c69eca96499bece4b2f65d4e40240f52e0bfb4027383b3f2db68a1b3e36c75f6
Vostok,Petit-et-al-2001,195.298000,,temperature_anomaly,-4.81,degC,observed;age_uncertainty_unavailable:GT4_has_no_point_age_distribution_in_source,c69eca96499bece4b2f65d4e40240f52e0bfb4027383b3f2db68a1b3e36c75f6
Vostok,Petit-et-al-2001,195.420000,,temperature_anomaly,-4.92,degC,observed;age_uncertainty_unavailable:GT4_has_no_point_age_distribution_in_source,c69eca96499bece4b2f65d4e40240f52e0bfb4027383b3f2db68a1b3e36c75f6
Vostok,Petit-et-al-2001,195.546000,,temperature_anomaly,-5.48,degC,observed;age_uncertainty_unavailable:GT4_has_no_point_age_distribution_in_source,c69eca96499bece4b2f65d4e40240f52e0bfb4027383b3f2db68a1b3e36c75f6
Vostok,Petit-et-al-2001,195.676000,,temperature_anomaly,-5.88,degC,observed;age_uncertainty_unavailable:GT4_has_no_point_age_distribution_in_source,c69eca96499bece4b2f65d4e40240f52e0bfb4027383b3f2db68a1b3e36c75f6
Vostok,Petit-et-al-2001,195.808000,,temperature_anomaly,-5.95,degC,observed;age_uncertainty_unavailable:GT4_has_no_point_age_distribution_in_source,c69eca96499bece4b2f65d4e40240f52e0bfb4027383b3f2db68a1b3e36c75f6
Vostok,Petit-et-al-2001,195.940000,,temperature_anomaly,-5.78,degC,observed;age_uncertainty_unavailable:GT4_has_no_point_age_distribution_in_source,c69eca96499bece4b2f65d4e40240f52e0bfb4027383b3f2db68a1b3e36c75f6
Vostok,Petit-et-al-2001,196.071000,,temperature_anomaly,-5.73,degC,observed;age_uncertainty_unavailable:GT4_has_no_point_age_distribution_in_source,c69eca96499bece4b2f65d4e40240f52e0bfb4027383b3f2db68a1b3e36c75f6
Vostok,Petit-et-al-2001,196.202000,,temperature_anomaly,-5.59,degC,observed;age_uncertainty_unavailable:GT4_has_no_point_age_distribution_in_source,c69eca96499bece4b2f65d4e40240f52e0bfb4027383b3f2db68a1b3e36c75f6
Vostok,Petit-et-al-2001,196.332000,,temperature_anomaly,-5.72,degC,observed;age_uncertainty_unavailable:GT4_has_no_point_age_distribution_in_source,c69eca96499bece4b2f65d4e40240f52e0bfb4027383b3f2db68a1b3e36c75f6
Vostok,Petit-et-al-2001,196.463000,,temperature_anomaly,-5.72,degC,observed;age_uncertainty_unavailable:GT4_has_no_point_age_distribution_in_source,c69eca96499bece4b2f65d4e40240f52e0bfb4027383b3f2db68a1b3e36c75f6
Vostok,Petit-et-al-2001,196.593000,,temperature_anomaly,-5.45,degC,observed;age_uncertainty_unavailable:GT4_has_no_point_age_distribution_in_source,c69eca96499bece4b2f65d4e40240f52e0bfb4027383b3f2db68a1b3e36c75f6
Vostok,Petit-et-al-2001,196.722000,,temperature_anomaly,-5.37,degC,observed;age_uncertainty_unavailable:GT4_has_no_point_age_distribution_in_source,c69eca96499bece4b2f65d4e40240f52e0bfb4027383b3f2db68a1b3e36c75f6
Vostok,Petit-et-al-2001,196.846000,,temperature_anomaly,-4.49,degC,observed;age_uncertainty_unavailable:GT4_has_no_point_age_distribution_in_source,c69eca96499bece4b2f65d4e40240f52e0bfb4027383b3f2db68a1b3e36c75f6
Vostok,Petit-et-al-2001,196.965000,,temperature_anomaly,-4.04,degC,observed;age_uncertainty_unavailable:GT4_has_no_point_age_distribution_in_source,c69eca96499bece4b2f65d4e40240f52e0bfb4027383b3f2db68a1b3e36c75f6
Vostok,Petit-et-al-2001,197.086000,,temperature_anomaly,-4.86,degC,observed;age_uncertainty_unavailable:GT4_has_no_point_age_distribution_in_source,c69eca96499bece4b2f65d4e40240f52e0bfb4027383b3f2db68a1b3e36c75f6
Vostok,Petit-et-al-2001,197.211000,,temperature_anomaly,-5.17,degC,observed;age_uncertainty_unavailable:GT4_has_no_point_age_distribution_in_source,c69eca96499bece4b2f65d4e40240f52e0bfb4027383b3f2db68a1b3e36c75f6
Vostok,Petit-et-al-2001,197.338000,,temperature_anomaly,-4.97,degC,observed;age_uncertainty_unavailable:GT4_has_no_point_age_distribution_in_source,c69eca96499bece4b2f65d4e40240f52e0bfb4027383b3f2db68a1b3e36c75f6
Vostok,Petit-et-al-2001,197.462000,,temperature_anomaly,-4.79,degC,observed;age_uncertainty_unavailable:GT4_has_no_point_age_distribution_in_source,c69eca96499bece4b2f65d4e40240f52e0bfb4027383b3f2db68a1b3e36c75f6
Vostok,Petit-et-al-2001,197.587000,,temperature_anomaly,-4.87,degC,observed;age_uncertainty_unavailable:GT4_has_no_point_age_distribution_in_source,c69eca96499bece4b2f65d4e40240f52e0bfb4027383b3f2db68a1b3e36c75f6
Vostok,Petit-et-al-2001,197.711000,,temperature_anomaly,-4.83,degC,observed;age_uncertainty_unavailable:GT4_has_no_point_age_distribution_in_source,c69eca96499bece4b2f65d4e40240f52e0bfb4027383b3f2db68a1b3e36c75f6
Vostok,Petit-et-al-2001,197.833000,,temperature_anomaly,-4.3,degC,observed;age_uncertainty_unavailable:GT4_has_no_point_age_distribution_in_source,c69eca96499bece4b2f65d4e40240f52e0bfb4027383b3f2db68a1b3e36c75f6
Vostok,Petit-et-al-2001,197.954000,,temperature_anomaly,-4.48,degC,observed;age_uncertainty_unavailable:GT4_has_no_point_age_distribution_in_source,c69eca96499bece4b2f65d4e40240f52e0bfb4027383b3f2db68a1b3e36c75f6
Vostok,Petit-et-al-2001,198.075000,,temperature_anomaly,-4.07,degC,observed;age_uncertainty_unavailable:GT4_has_no_point_age_distribution_in_source,c69eca96499bece4b2f65d4e40240f52e0bfb4027383b3f2db68a1b3e36c75f6
Vostok,Petit-et-al-2001,198.192000,,temperature_anomaly,-3.85,degC,observed;age_uncertainty_unavailable:GT4_has_no_point_age_distribution_in_source,c69eca96499bece4b2f65d4e40240f52e0bfb4027383b3f2db68a1b3e36c75f6
Vostok,Petit-et-al-2001,198.309000,,temperature_anomaly,-3.8,degC,observed;age_uncertainty_unavailable:GT4_has_no_point_age_distribution_in_source,c69eca96499bece4b2f65d4e40240f52e0bfb4027383b3f2db68a1b3e36c75f6
Vostok,Petit-et-al-2001,198.426000,,temperature_anomaly,-3.81,degC,observed;age_uncertainty_unavailable:GT4_has_no_point_age_distribution_in_source,c69eca96499bece4b2f65d4e40240f52e0bfb4027383b3f2db68a1b3e36c75f6
Vostok,Petit-et-al-2001,198.542000,,temperature_anomaly,-3.68,degC,observed;age_uncertainty_unavailable:GT4_has_no_point_age_distribution_in_source,c69eca96499bece4b2f65d4e40240f52e0bfb4027383b3f2db68a1b3e36c75f6
Vostok,Petit-et-al-2001,198.656000,,temperature_anomaly,-3.2,degC,observed;age_uncertainty_unavailable:GT4_has_no_point_age_distribution_in_source,c69eca96499bece4b2f65d4e40240f52e0bfb4027383b3f2db68a1b3e36c75f6
Vostok,Petit-et-al-2001,198.768000,,temperature_anomaly,-3.29,degC,observed;age_uncertainty_unavailable:GT4_has_no_point_age_distribution_in_source,c69eca96499bece4b2f65d4e40240f52e0bfb4027383b3f2db68a1b3e36c75f6
Vostok,Petit-et-al-2001,198.881000,,temperature_anomaly,-3.08,degC,observed;age_uncertainty_unavailable:GT4_has_no_point_age_distribution_in_source,c69eca96499bece4b2f65d4e40240f52e0bfb4027383b3f2db68a1b3e36c75f6
Vostok,Petit-et-al-2001,198.992000,,temperature_anomaly,-2.96,degC,observed;age_uncertainty_unavailable:GT4_has_no_point_age_distribution_in_source,c69eca96499bece4b2f65d4e40240f52e0bfb4027383b3f2db68a1b3e36c75f6
Vostok,Petit-et-al-2001,199.104000,,temperature_anomaly,-3.37,degC,observed;age_uncertainty_unavailable:GT4_has_no_point_age_distribution_in_source,c69eca96499bece4b2f65d4e40240f52e0bfb4027383b3f2db68a1b3e36c75f6
Vostok,Petit-et-al-2001,199.220000,,temperature_anomaly,-3.84,degC,observed;age_uncertainty_unavailable:GT4_has_no_point_age_distribution_in_source,c69eca96499bece4b2f65d4e40240f52e0bfb4027383b3f2db68a1b3e36c75f6
Vostok,Petit-et-al-2001,199.337000,,temperature_anomaly,-3.62,degC,observed;age_uncertainty_unavailable:GT4_has_no_point_age_distribution_in_source,c69eca96499bece4b2f65d4e40240f52e0bfb4027383b3f2db68a1b3e36c75f6
Vostok,Petit-et-al-2001,199.452000,,temperature_anomaly,-3.4,degC,observed;age_uncertainty_unavailable:GT4_has_no_point_age_distribution_in_source,c69eca96499bece4b2f65d4e40240f52e0bfb4027383b3f2db68a1b3e36c75f6
Vostok,Petit-et-al-2001,199.567000,,temperature_anomaly,-3.63,degC,observed;age_uncertainty_unavailable:GT4_has_no_point_age_distribution_in_source,c69eca96499bece4b2f65d4e40240f52e0bfb4027383b3f2db68a1b3e36c75f6
Vostok,Petit-et-al-2001,199.682000,,temperature_anomaly,-3.17,degC,observed;age_uncertainty_unavailable:GT4_has_no_point_age_distribution_in_source,c69eca96499bece4b2f65d4e40240f52e0bfb4027383b3f2db68a1b3e36c75f6
Vostok,Petit-et-al-2001,199.793000,,temperature_anomaly,-2.8,degC,observed;age_uncertainty_unavailable:GT4_has_no_point_age_distribution_in_source,c69eca96499bece4b2f65d4e40240f52e0bfb4027383b3f2db68a1b3e36c75f6
Vostok,Petit-et-al-2001,199.904000,,temperature_anomaly,-2.95,degC,observed;age_uncertainty_unavailable:GT4_has_no_point_age_distribution_in_source,c69eca96499bece4b2f65d4e40240f52e0bfb4027383b3f2db68a1b3e36c75f6
Vostok,Petit-et-al-2001,200.015000,,temperature_anomaly,-2.68,degC,observed;age_uncertainty_unavailable:GT4_has_no_point_age_distribution_in_source,c69eca96499bece4b2f65d4e40240f52e0bfb4027383b3f2db68a1b3e36c75f6
Vostok,Petit-et-al-2001,200.124000,,temperature_anomaly,-2.78,degC,observed;age_uncertainty_unavailable:GT4_has_no_point_age_distribution_in_source,c69eca96499bece4b2f65d4e40240f52e0bfb4027383b3f2db68a1b3e36c75f6
Vostok,Petit-et-al-2001,200.236000,,temperature_anomaly,-3.07,degC,observed;age_uncertainty_unavailable:GT4_has_no_point_age_distribution_in_source,c69eca96499bece4b2f65d4e40240f52e0bfb4027383b3f2db68a1b3e36c75f6
Vostok,Petit-et-al-2001,200.345000,,temperature_anomaly,-2.23,degC,observed;age_uncertainty_unavailable:GT4_has_no_point_age_distribution_in_source,c69eca96499bece4b2f65d4e40240f52e0bfb4027383b3f2db68a1b3e36c75f6
Vostok,Petit-et-al-2001,200.451000,,temperature_anomaly,-2.02,degC,observed;age_uncertainty_unavailable:GT4_has_no_point_age_distribution_in_source,c69eca96499bece4b2f65d4e40240f52e0bfb4027383b3f2db68a1b3e36c75f6
Vostok,Petit-et-al-2001,200.558000,,temperature_anomaly,-2.42,degC,observed;age_uncertainty_unavailable:GT4_has_no_point_age_distribution_in_source,c69eca96499bece4b2f65d4e40240f52e0bfb4027383b3f2db68a1b3e36c75f6
Vostok,Petit-et-al-2001,200.666000,,temperature_anomaly,-2.48,degC,observed;age_uncertainty_unavailable:GT4_has_no_point_age_distribution_in_source,c69eca96499bece4b2f65d4e40240f52e0bfb4027383b3f2db68a1b3e36c75f6
Vostok,Petit-et-al-2001,200.776000,,temperature_anomaly,-2.82,degC,observed;age_uncertainty_unavailable:GT4_has_no_point_age_distribution_in_source,c69eca96499bece4b2f65d4e40240f52e0bfb4027383b3f2db68a1b3e36c75f6
Vostok,Petit-et-al-2001,200.887000,,temperature_anomaly,-2.84,degC,observed;age_uncertainty_unavailable:GT4_has_no_point_age_distribution_in_source,c69eca96499bece4b2f65d4e40240f52e0bfb4027383b3f2db68a1b3e36c75f6
Vostok,Petit-et-al-2001,200.998000,,temperature_anomaly,-2.78,degC,observed;age_uncertainty_unavailable:GT4_has_no_point_age_distribution_in_source,c69eca96499bece4b2f65d4e40240f52e0bfb4027383b3f2db68a1b3e36c75f6
Vostok,Petit-et-al-2001,201.109000,,temperature_anomaly,-2.59,degC,observed;age_uncertainty_unavailable:GT4_has_no_point_age_distribution_in_source,c69eca96499bece4b2f65d4e40240f52e0bfb4027383b3f2db68a1b3e36c75f6
Vostok,Petit-et-al-2001,201.216000,,temperature_anomaly,-1.9,degC,observed;age_uncertainty_unavailable:GT4_has_no_point_age_distribution_in_source,c69eca96499bece4b2f65d4e40240f52e0bfb4027383b3f2db68a1b3e36c75f6
Vostok,Petit-et-al-2001,201.319000,,temperature_anomaly,-1.49,degC,observed;age_uncertainty_unavailable:GT4_has_no_point_age_distribution_in_source,c69eca96499bece4b2f65d4e40240f52e0bfb4027383b3f2db68a1b3e36c75f6
Vostok,Petit-et-al-2001,201.423000,,temperature_anomaly,-1.96,degC,observed;age_uncertainty_unavailable:GT4_has_no_point_age_distribution_in_source,c69eca96499bece4b2f65d4e40240f52e0bfb4027383b3f2db68a1b3e36c75f6
Vostok,Petit-et-al-2001,201.529000,,temperature_anomaly,-2.11,degC,observed;age_uncertainty_unavailable:GT4_has_no_point_age_distribution_in_source,c69eca96499bece4b2f65d4e40240f52e0bfb4027383b3f2db68a1b3e36c75f6
Vostok,Petit-et-al-2001,201.635000,,temperature_anomaly,-1.99,degC,observed;age_uncertainty_unavailable:GT4_has_no_point_age_distribution_in_source,c69eca96499bece4b2f65d4e40240f52e0bfb4027383b3f2db68a1b3e36c75f6
Vostok,Petit-et-al-2001,201.742000,,temperature_anomaly,-2.26,degC,observed;age_uncertainty_unavailable:GT4_has_no_point_age_distribution_in_source,c69eca96499bece4b2f65d4e40240f52e0bfb4027383b3f2db68a1b3e36c75f6
Vostok,Petit-et-al-2001,201.849000,,temperature_anomaly,-2.08,degC,observed;age_uncertainty_unavailable:GT4_has_no_point_age_distribution_in_source,c69eca96499bece4b2f65d4e40240f52e0bfb4027383b3f2db68a1b3e36c75f6
Vostok,Petit-et-al-2001,201.957000,,temperature_anomaly,-2.34,degC,observed;age_uncertainty_unavailable:GT4_has_no_point_age_distribution_in_source,c69eca96499bece4b2f65d4e40240f52e0bfb4027383b3f2db68a1b3e36c75f6
Vostok,Petit-et-al-2001,202.065000,,temperature_anomaly,-2.02,degC,observed;age_uncertainty_unavailable:GT4_has_no_point_age_distribution_in_source,c69eca96499bece4b2f65d4e40240f52e0bfb4027383b3f2db68a1b3e36c75f6
Vostok,Petit-et-al-2001,202.169000,,temperature_anomaly,-1.53,degC,observed;age_uncertainty_unavailable:GT4_has_no_point_age_distribution_in_source,c69eca96499bece4b2f65d4e40240f52e0bfb4027383b3f2db68a1b3e36c75f6
Vostok,Petit-et-al-2001,202.275000,,temperature_anomaly,-2.4,degC,observed;age_uncertainty_unavailable:GT4_has_no_point_age_distribution_in_source,c69eca96499bece4b2f65d4e40240f52e0bfb4027383b3f2db68a1b3e36c75f6
Vostok,Petit-et-al-2001,202.386000,,temperature_anomaly,-2.59,degC,observed;age_uncertainty_unavailable:GT4_has_no_point_age_distribution_in_source,c69eca96499bece4b2f65d4e40240f52e0bfb4027383b3f2db68a1b3e36c75f6
Vostok,Petit-et-al-2001,202.496000,,temperature_anomaly,-2.51,degC,observed;age_uncertainty_unavailable:GT4_has_no_point_age_distribution_in_source,c69eca96499bece4b2f65d4e40240f52e0bfb4027383b3f2db68a1b3e36c75f6
Vostok,Petit-et-al-2001,202.607000,,temperature_anomaly,-2.54,degC,observed;age_uncertainty_unavailable:GT4_has_no_point_age_distribution_in_source,c69eca96499bece4b2f65d4e40240f52e0bfb4027383b3f2db68a1b3e36c75f6
Vostok,Petit-et-al-2001,202.717000,,temperature_anomaly,-2.35,degC,observed;age_uncertainty_unavailable:GT4_has_no_point_age_distribution_in_source,c69eca96499bece4b2f65d4e40240f52e0bfb4027383b3f2db68a1b3e36c75f6
Vostok,Petit-et-al-2001,202.826000,,temperature_anomaly,-2.29,degC,observed;age_uncertainty_unavailable:GT4_has_no_point_age_distribution_in_source,c69eca96499bece4b2f65d4e40240f52e0bfb4027383b3f2db68a1b3e36c75f6
Vostok,Petit-et-al-2001,202.936000,,temperature_anomaly,-2.49,degC,observed;age_uncertainty_unavailable:GT4_has_no_point_age_distribution_in_source,c69eca96499bece4b2f65d4e40240f52e0bfb4027383b3f2db68a1b3e36c75f6
Vostok,Petit-et-al-2001,203.046000,,temperature_anomaly,-2.38,degC,observed;age_uncertainty_unavailable:GT4_has_no_point_age_distribution_in_source,c69eca96499bece4b2f65d4e40240f52e0bfb4027383b3f2db68a1b3e36c75f6
Vostok,Petit-et-al-2001,203.155000,,temperature_anomaly,-1.98,degC,observed;age_uncertainty_unavailable:GT4_has_no_point_age_distribution_in_source,c69eca96499bece4b2f65d4e40240f52e0bfb4027383b3f2db68a1b3e36c75f6
Vostok,Petit-et-al-2001,203.262000,,temperature_anomaly,-1.9,degC,observed;age_uncertainty_unavailable:GT4_has_no_point_age_distribution_in_source,c69eca96499bece4b2f65d4e40240f52e0bfb4027383b3f2db68a1b3e36c75f6
Vostok,Petit-et-al-2001,203.370000,,temperature_anomaly,-2.34,degC,observed;age_uncertainty_unavailable:GT4_has_no_point_age_distribution_in_source,c69eca96499bece4b2f65d4e40240f52e0bfb4027383b3f2db68a1b3e36c75f6
Vostok,Petit-et-al-2001,203.481000,,temperature_anomaly,-2.56,degC,observed;age_uncertainty_unavailable:GT4_has_no_point_age_distribution_in_source,c69eca96499bece4b2f65d4e40240f52e0bfb4027383b3f2db68a1b3e36c75f6
Vostok,Petit-et-al-2001,203.592000,,temperature_anomaly,-2.43,degC,observed;age_uncertainty_unavailable:GT4_has_no_point_age_distribution_in_source,c69eca96499bece4b2f65d4e40240f52e0bfb4027383b3f2db68a1b3e36c75f6
Vostok,Petit-et-al-2001,203.704000,,temperature_anomaly,-2.73,degC,observed;age_uncertainty_unavailable:GT4_has_no_point_age_distribution_in_source,c69eca96499bece4b2f65d4e40240f52e0bfb4027383b3f2db68a1b3e36c75f6
Vostok,Petit-et-al-2001,203.818000,,temperature_anomaly,-2.92,degC,observed;age_uncertainty_unavailable:GT4_has_no_point_age_distribution_in_source,c69eca96499bece4b2f65d4e40240f52e0bfb4027383b3f2db68a1b3e36c75f6
Vostok,Petit-et-al-2001,203.933000,,temperature_anomaly,-3.03,degC,observed;age_uncertainty_unavailable:GT4_has_no_point_age_distribution_in_source,c69eca96499bece4b2f65d4e40240f52e0bfb4027383b3f2db68a1b3e36c75f6
Vostok,Petit-et-al-2001,204.049000,,temperature_anomaly,-3.1,degC,observed;age_uncertainty_unavailable:GT4_has_no_point_age_distribution_in_source,c69eca96499bece4b2f65d4e40240f52e0bfb4027383b3f2db68a1b3e36c75f6
Vostok,Petit-et-al-2001,204.164000,,temperature_anomaly,-2.71,degC,observed;age_uncertainty_unavailable:GT4_has_no_point_age_distribution_in_source,c69eca96499bece4b2f65d4e40240f52e0bfb4027383b3f2db68a1b3e36c75f6
Vostok,Petit-et-al-2001,204.278000,,temperature_anomaly,-2.84,degC,observed;age_uncertainty_unavailable:GT4_has_no_point_age_distribution_in_source,c69eca96499bece4b2f65d4e40240f52e0bfb4027383b3f2db68a1b3e36c75f6
Vostok,Petit-et-al-2001,204.394000,,temperature_anomaly,-3.25,degC,observed;age_uncertainty_unavailable:GT4_has_no_point_age_distribution_in_source,c69eca96499bece4b2f65d4e40240f52e0bfb4027383b3f2db68a1b3e36c75f6
Vostok,Petit-et-al-2001,204.512000,,temperature_anomaly,-3.17,degC,observed;age_uncertainty_unavailable:GT4_has_no_point_age_distribution_in_source,c69eca96499bece4b2f65d4e40240f52e0bfb4027383b3f2db68a1b3e36c75f6
Vostok,Petit-et-al-2001,204.629000,,temperature_anomaly,-2.94,degC,observed;age_uncertainty_unavailable:GT4_has_no_point_age_distribution_in_source,c69eca96499bece4b2f65d4e40240f52e0bfb4027383b3f2db68a1b3e36c75f6
Vostok,Petit-et-al-2001,204.743000,,temperature_anomaly,-2.56,degC,observed;age_uncertainty_unavailable:GT4_has_no_point_age_distribution_in_source,c69eca96499bece4b2f65d4e40240f52e0bfb4027383b3f2db68a1b3e36c75f6
Vostok,Petit-et-al-2001,204.857000,,temperature_anomaly,-2.78,degC,observed;age_uncertainty_unavailable:GT4_has_no_point_age_distribution_in_source,c69eca96499bece4b2f65d4e40240f52e0bfb4027383b3f2db68a1b3e36c75f6
Vostok,Petit-et-al-2001,204.973000,,temperature_anomaly,-3.17,degC,observed;age_uncertainty_unavailable:GT4_has_no_point_age_distribution_in_source,c69eca96499bece4b2f65d4e40240f52e0bfb4027383b3f2db68a1b3e36c75f6
Vostok,Petit-et-al-2001,205.092000,,temperature_anomaly,-3.55,degC,observed;age_uncertainty_unavailable:GT4_has_no_point_age_distribution_in_source,c69eca96499bece4b2f65d4e40240f52e0bfb4027383b3f2db68a1b3e36c75f6
Vostok,Petit-et-al-2001,205.214000,,temperature_anomaly,-3.69,degC,observed;age_uncertainty_unavailable:GT4_has_no_point_age_distribution_in_source,c69eca96499bece4b2f65d4e40240f52e0bfb4027383b3f2db68a1b3e36c75f6
Vostok,Petit-et-al-2001,205.336000,,temperature_anomaly,-3.68,degC,observed;age_uncertainty_unavailable:GT4_has_no_point_age_distribution_in_source,c69eca96499bece4b2f65d4e40240f52e0bfb4027383b3f2db68a1b3e36c75f6
Vostok,Petit-et-al-2001,205.458000,,temperature_anomaly,-3.63,degC,observed;age_uncertainty_unavailable:GT4_has_no_point_age_distribution_in_source,c69eca96499bece4b2f65d4e40240f52e0bfb4027383b3f2db68a1b3e36c75f6
Vostok,Petit-et-al-2001,205.582000,,temperature_anomaly,-3.95,degC,observed;age_uncertainty_unavailable:GT4_has_no_point_age_distribution_in_source,c69eca96499bece4b2f65d4e40240f52e0bfb4027383b3f2db68a1b3e36c75f6
Vostok,Petit-et-al-2001,205.708000,,temperature_anomaly,-4.25,degC,observed;age_uncertainty_unavailable:GT4_has_no_point_age_distribution_in_source,c69eca96499bece4b2f65d4e40240f52e0bfb4027383b3f2db68a1b3e36c75f6
Vostok,Petit-et-al-2001,205.836000,,temperature_anomaly,-4.35,degC,observed;age_uncertainty_unavailable:GT4_has_no_point_age_distribution_in_source,c69eca96499bece4b2f65d4e40240f52e0bfb4027383b3f2db68a1b3e36c75f6
Vostok,Petit-et-al-2001,205.965000,,temperature_anomaly,-4.45,degC,observed;age_uncertainty_unavailable:GT4_has_no_point_age_distribution_in_source,c69eca96499bece4b2f65d4e40240f52e0bfb4027383b3f2db68a1b3e36c75f6
Vostok,Petit-et-al-2001,206.097000,,temperature_anomaly,-4.95,degC,observed;age_uncertainty_unavailable:GT4_has_no_point_age_distribution_in_source,c69eca96499bece4b2f65d4e40240f52e0bfb4027383b3f2db68a1b3e36c75f6
Vostok,Petit-et-al-2001,206.232000,,temperature_anomaly,-5.05,degC,observed;age_uncertainty_unavailable:GT4_has_no_point_age_distribution_in_source,c69eca96499bece4b2f65d4e40240f52e0bfb4027383b3f2db68a1b3e36c75f6
Vostok,Petit-et-al-2001,206.366000,,temperature_anomaly,-4.67,degC,observed;age_uncertainty_unavailable:GT4_has_no_point_age_distribution_in_source,c69eca96499bece4b2f65d4e40240f52e0bfb4027383b3f2db68a1b3e36c75f6
Vostok,Petit-et-al-2001,206.496000,,temperature_anomaly,-4.39,degC,observed;age_uncertainty_unavailable:GT4_has_no_point_age_distribution_in_source,c69eca96499bece4b2f65d4e40240f52e0bfb4027383b3f2db68a1b3e36c75f6
Vostok,Petit-et-al-2001,206.627000,,temperature_anomaly,-4.62,degC,observed;age_uncertainty_unavailable:GT4_has_no_point_age_distribution_in_source,c69eca96499bece4b2f65d4e40240f52e0bfb4027383b3f2db68a1b3e36c75f6
Vostok,Petit-et-al-2001,206.759000,,temperature_anomaly,-4.65,degC,observed;age_uncertainty_unavailable:GT4_has_no_point_age_distribution_in_source,c69eca96499bece4b2f65d4e40240f52e0bfb4027383b3f2db68a1b3e36c75f6
Vostok,Petit-et-al-2001,206.890000,,temperature_anomaly,-4.27,degC,observed;age_uncertainty_unavailable:GT4_has_no_point_age_distribution_in_source,c69eca96499bece4b2f65d4e40240f52e0bfb4027383b3f2db68a1b3e36c75f6
Vostok,Petit-et-al-2001,207.019000,,temperature_anomaly,-4.37,degC,observed;age_uncertainty_unavailable:GT4_has_no_point_age_distribution_in_source,c69eca96499bece4b2f65d4e40240f52e0bfb4027383b3f2db68a1b3e36c75f6
Vostok,Petit-et-al-2001,207.149000,,temperature_anomaly,-4.29,degC,observed;age_uncertainty_unavailable:GT4_has_no_point_age_distribution_in_source,c69eca96499bece4b2f65d4e40240f52e0bfb4027383b3f2db68a1b3e36c75f6
Vostok,Petit-et-al-2001,207.278000,,temperature_anomaly,-4.31,degC,observed;age_uncertainty_unavailable:GT4_has_no_point_age_distribution_in_source,c69eca96499bece4b2f65d4e40240f52e0bfb4027383b3f2db68a1b3e36c75f6
Vostok,Petit-et-al-2001,207.409000,,temperature_anomaly,-4.49,degC,observed;age_uncertainty_unavailable:GT4_has_no_point_age_distribution_in_source,c69eca96499bece4b2f65d4e40240f52e0bfb4027383b3f2db68a1b3e36c75f6
Vostok,Petit-et-al-2001,207.540000,,temperature_anomaly,-4.37,degC,observed;age_uncertainty_unavailable:GT4_has_no_point_age_distribution_in_source,c69eca96499bece4b2f65d4e40240f52e0bfb4027383b3f2db68a1b3e36c75f6
Vostok,Petit-et-al-2001,207.671000,,temperature_anomaly,-4.47,degC,observed;age_uncertainty_unavailable:GT4_has_no_point_age_distribution_in_source,c69eca96499bece4b2f65d4e40240f52e0bfb4027383b3f2db68a1b3e36c75f6
Vostok,Petit-et-al-2001,207.803000,,temperature_anomaly,-4.51,degC,observed;age_uncertainty_unavailable:GT4_has_no_point_age_distribution_in_source,c69eca96499bece4b2f65d4e40240f52e0bfb4027383b3f2db68a1b3e36c75f6
Vostok,Petit-et-al-2001,207.933000,,temperature_anomaly,-4.11,degC,observed;age_uncertainty_unavailable:GT4_has_no_point_age_distribution_in_source,c69eca96499bece4b2f65d4e40240f52e0bfb4027383b3f2db68a1b3e36c75f6
Vostok,Petit-et-al-2001,208.061000,,temperature_anomaly,-4.02,degC,observed;age_uncertainty_unavailable:GT4_has_no_point_age_distribution_in_source,c69eca96499bece4b2f65d4e40240f52e0bfb4027383b3f2db68a1b3e36c75f6
Vostok,Petit-et-al-2001,208.191000,,temperature_anomaly,-4.35,degC,observed;age_uncertainty_unavailable:GT4_has_no_point_age_distribution_in_source,c69eca96499bece4b2f65d4e40240f52e0bfb4027383b3f2db68a1b3e36c75f6
Vostok,Petit-et-al-2001,208.319000,,temperature_anomaly,-3.7,degC,observed;age_uncertainty_unavailable:GT4_has_no_point_age_distribution_in_source,c69eca96499bece4b2f65d4e40240f52e0bfb4027383b3f2db68a1b3e36c75f6
Vostok,Petit-et-al-2001,208.445000,,temperature_anomaly,-3.81,degC,observed;age_uncertainty_unavailable:GT4_has_no_point_age_distribution_in_source,c69eca96499bece4b2f65d4e40240f52e0bfb4027383b3f2db68a1b3e36c75f6
Vostok,Petit-et-al-2001,208.571000,,temperature_anomaly,-3.68,degC,observed;age_uncertainty_unavailable:GT4_has_no_point_age_distribution_in_source,c69eca96499bece4b2f65d4e40240f52e0bfb4027383b3f2db68a1b3e36c75f6
Vostok,Petit-et-al-2001,208.696000,,temperature_anomaly,-3.59,degC,observed;age_uncertainty_unavailable:GT4_has_no_point_age_distribution_in_source,c69eca96499bece4b2f65d4e40240f52e0bfb4027383b3f2db68a1b3e36c75f6
Vostok,Petit-et-al-2001,208.821000,,temperature_anomaly,-3.6,degC,observed;age_uncertainty_unavailable:GT4_has_no_point_age_distribution_in_source,c69eca96499bece4b2f65d4e40240f52e0bfb4027383b3f2db68a1b3e36c75f6
Vostok,Petit-et-al-2001,208.946000,,temperature_anomaly,-3.55,degC,observed;age_uncertainty_unavailable:GT4_has_no_point_age_distribution_in_source,c69eca96499bece4b2f65d4e40240f52e0bfb4027383b3f2db68a1b3e36c75f6
Vostok,Petit-et-al-2001,209.072000,,temperature_anomaly,-3.7,degC,observed;age_uncertainty_unavailable:GT4_has_no_point_age_distribution_in_source,c69eca96499bece4b2f65d4e40240f52e0bfb4027383b3f2db68a1b3e36c75f6
Vostok,Petit-et-al-2001,209.195000,,temperature_anomaly,-3.06,degC,observed;age_uncertainty_unavailable:GT4_has_no_point_age_distribution_in_source,c69eca96499bece4b2f65d4e40240f52e0bfb4027383b3f2db68a1b3e36c75f6
Vostok,Petit-et-al-2001,209.315000,,temperature_anomaly,-2.88,degC,observed;age_uncertainty_unavailable:GT4_has_no_point_age_distribution_in_source,c69eca96499bece4b2f65d4e40240f52e0bfb4027383b3f2db68a1b3e36c75f6
Vostok,Petit-et-al-2001,209.436000,,temperature_anomaly,-3.17,degC,observed;age_uncertainty_unavailable:GT4_has_no_point_age_distribution_in_source,c69eca96499bece4b2f65d4e40240f52e0bfb4027383b3f2db68a1b3e36c75f6
Vostok,Petit-et-al-2001,209.560000,,temperature_anomaly,-3.55,degC,observed;age_uncertainty_unavailable:GT4_has_no_point_age_distribution_in_source,c69eca96499bece4b2f65d4e40240f52e0bfb4027383b3f2db68a1b3e36c75f6
Vostok,Petit-et-al-2001,209.686000,,temperature_anomaly,-3.73,degC,observed;age_uncertainty_unavailable:GT4_has_no_point_age_distribution_in_source,c69eca96499bece4b2f65d4e40240f52e0bfb4027383b3f2db68a1b3e36c75f6
Vostok,Petit-et-al-2001,209.812000,,temperature_anomaly,-3.48,degC,observed;age_uncertainty_unavailable:GT4_has_no_point_age_distribution_in_source,c69eca96499bece4b2f65d4e40240f52e0bfb4027383b3f2db68a1b3e36c75f6
Vostok,Petit-et-al-2001,209.938000,,temperature_anomaly,-3.58,degC,observed;age_uncertainty_unavailable:GT4_has_no_point_age_distribution_in_source,c69eca96499bece4b2f65d4e40240f52e0bfb4027383b3f2db68a1b3e36c75f6
Vostok,Petit-et-al-2001,210.062000,,temperature_anomaly,-3.07,degC,observed;age_uncertainty_unavailable:GT4_has_no_point_age_distribution_in_source,c69eca96499bece4b2f65d4e40240f52e0bfb4027383b3f2db68a1b3e36c75f6
Vostok,Petit-et-al-2001,210.182000,,temperature_anomaly,-2.51,degC,observed;age_uncertainty_unavailable:GT4_has_no_point_age_distribution_in_source,c69eca96499bece4b2f65d4e40240f52e0bfb4027383b3f2db68a1b3e36c75f6
Vostok,Petit-et-al-2001,210.300000,,temperature_anomaly,-2.64,degC,observed;age_uncertainty_unavailable:GT4_has_no_point_age_distribution_in_source,c69eca96499bece4b2f65d4e40240f52e0bfb4027383b3f2db68a1b3e36c75f6
Vostok,Petit-et-al-2001,210.418000,,temperature_anomaly,-2.67,degC,observed;age_uncertainty_unavailable:GT4_has_no_point_age_distribution_in_source,c69eca96499bece4b2f65d4e40240f52e0bfb4027383b3f2db68a1b3e36c75f6
Vostok,Petit-et-al-2001,210.538000,,temperature_anomaly,-2.91,degC,observed;age_uncertainty_unavailable:GT4_has_no_point_age_distribution_in_source,c69eca96499bece4b2f65d4e40240f52e0bfb4027383b3f2db68a1b3e36c75f6
Vostok,Petit-et-al-2001,210.659000,,temperature_anomaly,-2.79,degC,observed;age_uncertainty_unavailable:GT4_has_no_point_age_distribution_in_source,c69eca96499bece4b2f65d4e40240f52e0bfb4027383b3f2db68a1b3e36c75f6
Vostok,Petit-et-al-2001,210.777000,,temperature_anomaly,-2.33,degC,observed;age_uncertainty_unavailable:GT4_has_no_point_age_distribution_in_source,c69eca96499bece4b2f65d4e40240f52e0bfb4027383b3f2db68a1b3e36c75f6
Vostok,Petit-et-al-2001,210.893000,,temperature_anomaly,-2.14,degC,observed;age_uncertainty_unavailable:GT4_has_no_point_age_distribution_in_source,c69eca96499bece4b2f65d4e40240f52e0bfb4027383b3f2db68a1b3e36c75f6
Vostok,Petit-et-al-2001,211.009000,,temperature_anomaly,-2.21,degC,observed;age_uncertainty_unavailable:GT4_has_no_point_age_distribution_in_source,c69eca96499bece4b2f65d4e40240f52e0bfb4027383b3f2db68a1b3e36c75f6
Vostok,Petit-et-al-2001,211.127000,,temperature_anomaly,-2.64,degC,observed;age_uncertainty_unavailable:GT4_has_no_point_age_distribution_in_source,c69eca96499bece4b2f65d4e40240f52e0bfb4027383b3f2db68a1b3e36c75f6
Vostok,Petit-et-al-2001,211.246000,,temperature_anomaly,-2.67,degC,observed;age_uncertainty_unavailable:GT4_has_no_point_age_distribution_in_source,c69eca96499bece4b2f65d4e40240f52e0bfb4027383b3f2db68a1b3e36c75f6
Vostok,Petit-et-al-2001,211.366000,,temperature_anomaly,-2.56,degC,observed;age_uncertainty_unavailable:GT4_has_no_point_age_distribution_in_source,c69eca96499bece4b2f65d4e40240f52e0bfb4027383b3f2db68a1b3e36c75f6
Vostok,Petit-et-al-2001,211.485000,,temperature_anomaly,-2.53,degC,observed;age_uncertainty_unavailable:GT4_has_no_point_age_distribution_in_source,c69eca96499bece4b2f65d4e40240f52e0bfb4027383b3f2db68a1b3e36c75f6
Vostok,Petit-et-al-2001,211.603000,,temperature_anomaly,-2.28,degC,observed;age_uncertainty_unavailable:GT4_has_no_point_age_distribution_in_source,c69eca96499bece4b2f65d4e40240f52e0bfb4027383b3f2db68a1b3e36c75f6
Vostok,Petit-et-al-2001,211.721000,,temperature_anomaly,-2.61,degC,observed;age_uncertainty_unavailable:GT4_has_no_point_age_distribution_in_source,c69eca96499bece4b2f65d4e40240f52e0bfb4027383b3f2db68a1b3e36c75f6
Vostok,Petit-et-al-2001,211.842000,,temperature_anomaly,-2.8,degC,observed;age_uncertainty_unavailable:GT4_has_no_point_age_distribution_in_source,c69eca96499bece4b2f65d4e40240f52e0bfb4027383b3f2db68a1b3e36c75f6
Vostok,Petit-et-al-2001,211.960000,,temperature_anomaly,-2,degC,observed;age_uncertainty_unavailable:GT4_has_no_point_age_distribution_in_source,c69eca96499bece4b2f65d4e40240f52e0bfb4027383b3f2db68a1b3e36c75f6
Vostok,Petit-et-al-2001,212.075000,,temperature_anomaly,-2.03,degC,observed;age_uncertainty_unavailable:GT4_has_no_point_age_distribution_in_source,c69eca96499bece4b2f65d4e40240f52e0bfb4027383b3f2db68a1b3e36c75f6
Vostok,Petit-et-al-2001,212.190000,,temperature_anomaly,-1.81,degC,observed;age_uncertainty_unavailable:GT4_has_no_point_age_distribution_in_source,c69eca96499bece4b2f65d4e40240f52e0bfb4027383b3f2db68a1b3e36c75f6
Vostok,Petit-et-al-2001,212.305000,,temperature_anomaly,-2.17,degC,observed;age_uncertainty_unavailable:GT4_has_no_point_age_distribution_in_source,c69eca96499bece4b2f65d4e40240f52e0bfb4027383b3f2db68a1b3e36c75f6
Vostok,Petit-et-al-2001,212.422000,,temperature_anomaly,-2.07,degC,observed;age_uncertainty_unavailable:GT4_has_no_point_age_distribution_in_source,c69eca96499bece4b2f65d4e40240f52e0bfb4027383b3f2db68a1b3e36c75f6
Vostok,Petit-et-al-2001,212.538000,,temperature_anomaly,-2.03,degC,observed;age_uncertainty_unavailable:GT4_has_no_point_age_distribution_in_source,c69eca96499bece4b2f65d4e40240f52e0bfb4027383b3f2db68a1b3e36c75f6
Vostok,Petit-et-al-2001,212.653000,,temperature_anomaly,-1.65,degC,observed;age_uncertainty_unavailable:GT4_has_no_point_age_distribution_in_source,c69eca96499bece4b2f65d4e40240f52e0bfb4027383b3f2db68a1b3e36c75f6
Vostok,Petit-et-al-2001,212.766000,,temperature_anomaly,-1.63,degC,observed;age_uncertainty_unavailable:GT4_has_no_point_age_distribution_in_source,c69eca96499bece4b2f65d4e40240f52e0bfb4027383b3f2db68a1b3e36c75f6
Vostok,Petit-et-al-2001,212.881000,,temperature_anomaly,-2.07,degC,observed;age_uncertainty_unavailable:GT4_has_no_point_age_distribution_in_source,c69eca96499bece4b2f65d4e40240f52e0bfb4027383b3f2db68a1b3e36c75f6
Vostok,Petit-et-al-2001,212.996000,,temperature_anomaly,-1.65,degC,observed;age_uncertainty_unavailable:GT4_has_no_point_age_distribution_in_source,c69eca96499bece4b2f65d4e40240f52e0bfb4027383b3f2db68a1b3e36c75f6
Vostok,Petit-et-al-2001,213.109000,,temperature_anomaly,-1.5,degC,observed;age_uncertainty_unavailable:GT4_has_no_point_age_distribution_in_source,c69eca96499bece4b2f65d4e40240f52e0bfb4027383b3f2db68a1b3e36c75f6
Vostok,Petit-et-al-2001,213.223000,,temperature_anomaly,-1.96,degC,observed;age_uncertainty_unavailable:GT4_has_no_point_age_distribution_in_source,c69eca96499bece4b2f65d4e40240f52e0bfb4027383b3f2db68a1b3e36c75f6
Vostok,Petit-et-al-2001,213.338000,,temperature_anomaly,-1.76,degC,observed;age_uncertainty_unavailable:GT4_has_no_point_age_distribution_in_source,c69eca96499bece4b2f65d4e40240f52e0bfb4027383b3f2db68a1b3e36c75f6
Vostok,Petit-et-al-2001,213.453000,,temperature_anomaly,-1.67,degC,observed;age_uncertainty_unavailable:GT4_has_no_point_age_distribution_in_source,c69eca96499bece4b2f65d4e40240f52e0bfb4027383b3f2db68a1b3e36c75f6
Vostok,Petit-et-al-2001,213.567000,,temperature_anomaly,-1.82,degC,observed;age_uncertainty_unavailable:GT4_has_no_point_age_distribution_in_source,c69eca96499bece4b2f65d4e40240f52e0bfb4027383b3f2db68a1b3e36c75f6
Vostok,Petit-et-al-2001,213.684000,,temperature_anomaly,-2.06,degC,observed;age_uncertainty_unavailable:GT4_has_no_point_age_distribution_in_source,c69eca96499bece4b2f65d4e40240f52e0bfb4027383b3f2db68a1b3e36c75f6
Vostok,Petit-et-al-2001,213.799000,,temperature_anomaly,-1.45,degC,observed;age_uncertainty_unavailable:GT4_has_no_point_age_distribution_in_source,c69eca96499bece4b2f65d4e40240f52e0bfb4027383b3f2db68a1b3e36c75f6
Vostok,Petit-et-al-2001,213.911000,,temperature_anomaly,-1.35,degC,observed;age_uncertainty_unavailable:GT4_has_no_point_age_distribution_in_source,c69eca96499bece4b2f65d4e40240f52e0bfb4027383b3f2db68a1b3e36c75f6
Vostok,Petit-et-al-2001,214.024000,,temperature_anomaly,-1.58,degC,observed;age_uncertainty_unavailable:GT4_has_no_point_age_distribution_in_source,c69eca96499bece4b2f65d4e40240f52e0bfb4027383b3f2db68a1b3e36c75f6
Vostok,Petit-et-al-2001,214.138000,,temperature_anomaly,-1.5,degC,observed;age_uncertainty_unavailable:GT4_has_no_point_age_distribution_in_source,c69eca96499bece4b2f65d4e40240f52e0bfb4027383b3f2db68a1b3e36c75f6
Vostok,Petit-et-al-2001,214.251000,,temperature_anomaly,-1.4,degC,observed;age_uncertainty_unavailable:GT4_has_no_point_age_distribution_in_source,c69eca96499bece4b2f65d4e40240f52e0bfb4027383b3f2db68a1b3e36c75f6
Vostok,Petit-et-al-2001,214.364000,,temperature_anomaly,-1.41,degC,observed;age_uncertainty_unavailable:GT4_has_no_point_age_distribution_in_source,c69eca96499bece4b2f65d4e40240f52e0bfb4027383b3f2db68a1b3e36c75f6
Vostok,Petit-et-al-2001,214.478000,,temperature_anomaly,-1.61,degC,observed;age_uncertainty_unavailable:GT4_has_no_point_age_distribution_in_source,c69eca96499bece4b2f65d4e40240f52e0bfb4027383b3f2db68a1b3e36c75f6
Vostok,Petit-et-al-2001,214.592000,,temperature_anomaly,-1.58,degC,observed;age_uncertainty_unavailable:GT4_has_no_point_age_distribution_in_source,c69eca96499bece4b2f65d4e40240f52e0bfb4027383b3f2db68a1b3e36c75f6
Vostok,Petit-et-al-2001,214.706000,,temperature_anomaly,-1.36,degC,observed;age_uncertainty_unavailable:GT4_has_no_point_age_distribution_in_source,c69eca96499bece4b2f65d4e40240f52e0bfb4027383b3f2db68a1b3e36c75f6
Vostok,Petit-et-al-2001,214.819000,,temperature_anomaly,-1.29,degC,observed;age_uncertainty_unavailable:GT4_has_no_point_age_distribution_in_source,c69eca96499bece4b2f65d4e40240f52e0bfb4027383b3f2db68a1b3e36c75f6
Vostok,Petit-et-al-2001,214.932000,,temperature_anomaly,-1.39,degC,observed;age_uncertainty_unavailable:GT4_has_no_point_age_distribution_in_source,c69eca96499bece4b2f65d4e40240f52e0bfb4027383b3f2db68a1b3e36c75f6
Vostok,Petit-et-al-2001,215.047000,,temperature_anomaly,-1.67,degC,observed;age_uncertainty_unavailable:GT4_has_no_point_age_distribution_in_source,c69eca96499bece4b2f65d4e40240f52e0bfb4027383b3f2db68a1b3e36c75f6
Vostok,Petit-et-al-2001,215.161000,,temperature_anomaly,-1.4,degC,observed;age_uncertainty_unavailable:GT4_has_no_point_age_distribution_in_source,c69eca96499bece4b2f65d4e40240f52e0bfb4027383b3f2db68a1b3e36c75f6
Vostok,Petit-et-al-2001,215.274000,,temperature_anomaly,-1.24,degC,observed;age_uncertainty_unavailable:GT4_has_no_point_age_distribution_in_source,c69eca96499bece4b2f65d4e40240f52e0bfb4027383b3f2db68a1b3e36c75f6
Vostok,Petit-et-al-2001,215.386000,,temperature_anomaly,-1.02,degC,observed;age_uncertainty_unavailable:GT4_has_no_point_age_distribution_in_source,c69eca96499bece4b2f65d4e40240f52e0bfb4027383b3f2db68a1b3e36c75f6
Vostok,Petit-et-al-2001,215.497000,,temperature_anomaly,-0.91,degC,observed;age_uncertainty_unavailable:GT4_has_no_point_age_distribution_in_source,c69eca96499bece4b2f65d4e40240f52e0bfb4027383b3f2db68a1b3e36c75f6
Vostok,Petit-et-al-2001,215.608000,,temperature_anomaly,-1.22,degC,observed;age_uncertainty_unavailable:GT4_has_no_point_age_distribution_in_source,c69eca96499bece4b2f65d4e40240f52e0bfb4027383b3f2db68a1b3e36c75f6
Vostok,Petit-et-al-2001,215.723000,,temperature_anomaly,-1.74,degC,observed;age_uncertainty_unavailable:GT4_has_no_point_age_distribution_in_source,c69eca96499bece4b2f65d4e40240f52e0bfb4027383b3f2db68a1b3e36c75f6
Vostok,Petit-et-al-2001,215.839000,,temperature_anomaly,-1.45,degC,observed;age_uncertainty_unavailable:GT4_has_no_point_age_distribution_in_source,c69eca96499bece4b2f65d4e40240f52e0bfb4027383b3f2db68a1b3e36c75f6
Vostok,Petit-et-al-2001,215.955000,,temperature_anomaly,-1.79,degC,observed;age_uncertainty_unavailable:GT4_has_no_point_age_distribution_in_source,c69eca96499bece4b2f65d4e40240f52e0bfb4027383b3f2db68a1b3e36c75f6
Vostok,Petit-et-al-2001,216.075000,,temperature_anomaly,-2.28,degC,observed;age_uncertainty_unavailable:GT4_has_no_point_age_distribution_in_source,c69eca96499bece4b2f65d4e40240f52e0bfb4027383b3f2db68a1b3e36c75f6
Vostok,Petit-et-al-2001,216.197000,,temperature_anomaly,-2.39,degC,observed;age_uncertainty_unavailable:GT4_has_no_point_age_distribution_in_source,c69eca96499bece4b2f65d4e40240f52e0bfb4027383b3f2db68a1b3e36c75f6
Vostok,Petit-et-al-2001,216.319000,,temperature_anomaly,-2.11,degC,observed;age_uncertainty_unavailable:GT4_has_no_point_age_distribution_in_source,c69eca96499bece4b2f65d4e40240f52e0bfb4027383b3f2db68a1b3e36c75f6
Vostok,Petit-et-al-2001,216.439000,,temperature_anomaly,-2.14,degC,observed;age_uncertainty_unavailable:GT4_has_no_point_age_distribution_in_source,c69eca96499bece4b2f65d4e40240f52e0bfb4027383b3f2db68a1b3e36c75f6
Vostok,Petit-et-al-2001,216.560000,,temperature_anomaly,-2.1,degC,observed;age_uncertainty_unavailable:GT4_has_no_point_age_distribution_in_source,c69eca96499bece4b2f65d4e40240f52e0bfb4027383b3f2db68a1b3e36c75f6
Vostok,Petit-et-al-2001,216.678000,,temperature_anomaly,-1.39,degC,observed;age_uncertainty_unavailable:GT4_has_no_point_age_distribution_in_source,c69eca96499bece4b2f65d4e40240f52e0bfb4027383b3f2db68a1b3e36c75f6
Vostok,Petit-et-al-2001,216.792000,,temperature_anomaly,-1.05,degC,observed;age_uncertainty_unavailable:GT4_has_no_point_age_distribution_in_source,c69eca96499bece4b2f65d4e40240f52e0bfb4027383b3f2db68a1b3e36c75f6
Vostok,Petit-et-al-2001,216.904000,,temperature_anomaly,-0.97,degC,observed;age_uncertainty_unavailable:GT4_has_no_point_age_distribution_in_source,c69eca96499bece4b2f65d4e40240f52e0bfb4027383b3f2db68a1b3e36c75f6
Vostok,Petit-et-al-2001,217.018000,,temperature_anomaly,-1.23,degC,observed;age_uncertainty_unavailable:GT4_has_no_point_age_distribution_in_source,c69eca96499bece4b2f65d4e40240f52e0bfb4027383b3f2db68a1b3e36c75f6
Vostok,Petit-et-al-2001,217.131000,,temperature_anomaly,-1.07,degC,observed;age_uncertainty_unavailable:GT4_has_no_point_age_distribution_in_source,c69eca96499bece4b2f65d4e40240f52e0bfb4027383b3f2db68a1b3e36c75f6
Vostok,Petit-et-al-2001,217.244000,,temperature_anomaly,-0.86,degC,observed;age_uncertainty_unavailable:GT4_has_no_point_age_distribution_in_source,c69eca96499bece4b2f65d4e40240f52e0bfb4027383b3f2db68a1b3e36c75f6
Vostok,Petit-et-al-2001,217.356000,,temperature_anomaly,-1.02,degC,observed;age_uncertainty_unavailable:GT4_has_no_point_age_distribution_in_source,c69eca96499bece4b2f65d4e40240f52e0bfb4027383b3f2db68a1b3e36c75f6
Vostok,Petit-et-al-2001,217.470000,,temperature_anomaly,-1.13,degC,observed;age_uncertainty_unavailable:GT4_has_no_point_age_distribution_in_source,c69eca96499bece4b2f65d4e40240f52e0bfb4027383b3f2db68a1b3e36c75f6
Vostok,Petit-et-al-2001,217.584000,,temperature_anomaly,-1.2,degC,observed;age_uncertainty_unavailable:GT4_has_no_point_age_distribution_in_source,c69eca96499bece4b2f65d4e40240f52e0bfb4027383b3f2db68a1b3e36c75f6
Vostok,Petit-et-al-2001,217.699000,,temperature_anomaly,-1.18,degC,observed;age_uncertainty_unavailable:GT4_has_no_point_age_distribution_in_source,c69eca96499bece4b2f65d4e40240f52e0bfb4027383b3f2db68a1b3e36c75f6
Vostok,Petit-et-al-2001,217.817000,,temperature_anomaly,-2.18,degC,observed;age_uncertainty_unavailable:GT4_has_no_point_age_distribution_in_source,c69eca96499bece4b2f65d4e40240f52e0bfb4027383b3f2db68a1b3e36c75f6
Vostok,Petit-et-al-2001,217.939000,,temperature_anomaly,-2.04,degC,observed;age_uncertainty_unavailable:GT4_has_no_point_age_distribution_in_source,c69eca96499bece4b2f65d4e40240f52e0bfb4027383b3f2db68a1b3e36c75f6
Vostok,Petit-et-al-2001,218.060000,,temperature_anomaly,-1.85,degC,observed;age_uncertainty_unavailable:GT4_has_no_point_age_distribution_in_source,c69eca96499bece4b2f65d4e40240f52e0bfb4027383b3f2db68a1b3e36c75f6
Vostok,Petit-et-al-2001,218.181000,,temperature_anomaly,-1.97,degC,observed;age_uncertainty_unavailable:GT4_has_no_point_age_distribution_in_source,c69eca96499bece4b2f65d4e40240f52e0bfb4027383b3f2db68a1b3e36c75f6
Vostok,Petit-et-al-2001,218.303000,,temperature_anomaly,-2.08,degC,observed;age_uncertainty_unavailable:GT4_has_no_point_age_distribution_in_source,c69eca96499bece4b2f65d4e40240f52e0bfb4027383b3f2db68a1b3e36c75f6
Vostok,Petit-et-al-2001,218.426000,,temperature_anomaly,-2.2,degC,observed;age_uncertainty_unavailable:GT4_has_no_point_age_distribution_in_source,c69eca96499bece4b2f65d4e40240f52e0bfb4027383b3f2db68a1b3e36c75f6
Vostok,Petit-et-al-2001,218.551000,,temperature_anomaly,-2.62,degC,observed;age_uncertainty_unavailable:GT4_has_no_point_age_distribution_in_source,c69eca96499bece4b2f65d4e40240f52e0bfb4027383b3f2db68a1b3e36c75f6
Vostok,Petit-et-al-2001,218.681000,,temperature_anomaly,-3.23,degC,observed;age_uncertainty_unavailable:GT4_has_no_point_age_distribution_in_source,c69eca96499bece4b2f65d4e40240f52e0bfb4027383b3f2db68a1b3e36c75f6
Vostok,Petit-et-al-2001,218.814000,,temperature_anomaly,-3.2,degC,observed;age_uncertainty_unavailable:GT4_has_no_point_age_distribution_in_source,c69eca96499bece4b2f65d4e40240f52e0bfb4027383b3f2db68a1b3e36c75f6
Vostok,Petit-et-al-2001,218.946000,,temperature_anomaly,-2.94,degC,observed;age_uncertainty_unavailable:GT4_has_no_point_age_distribution_in_source,c69eca96499bece4b2f65d4e40240f52e0bfb4027383b3f2db68a1b3e36c75f6
Vostok,Petit-et-al-2001,219.076000,,temperature_anomaly,-2.9,degC,observed;age_uncertainty_unavailable:GT4_has_no_point_age_distribution_in_source,c69eca96499bece4b2f65d4e40240f52e0bfb4027383b3f2db68a1b3e36c75f6
Vostok,Petit-et-al-2001,219.207000,,temperature_anomaly,-2.98,degC,observed;age_uncertainty_unavailable:GT4_has_no_point_age_distribution_in_source,c69eca96499bece4b2f65d4e40240f52e0bfb4027383b3f2db68a1b3e36c75f6
Vostok,Petit-et-al-2001,219.339000,,temperature_anomaly,-3.17,degC,observed;age_uncertainty_unavailable:GT4_has_no_point_age_distribution_in_source,c69eca96499bece4b2f65d4e40240f52e0bfb4027383b3f2db68a1b3e36c75f6
Vostok,Petit-et-al-2001,219.472000,,temperature_anomaly,-3.35,degC,observed;age_uncertainty_unavailable:GT4_has_no_point_age_distribution_in_source,c69eca96499bece4b2f65d4e40240f52e0bfb4027383b3f2db68a1b3e36c75f6
Vostok,Petit-et-al-2001,219.605000,,temperature_anomaly,-2.84,degC,observed;age_uncertainty_unavailable:GT4_has_no_point_age_distribution_in_source,c69eca96499bece4b2f65d4e40240f52e0bfb4027383b3f2db68a1b3e36c75f6
Vostok,Petit-et-al-2001,219.738000,,temperature_anomaly,-3.42,degC,observed;age_uncertainty_unavailable:GT4_has_no_point_age_distribution_in_source,c69eca96499bece4b2f65d4e40240f52e0bfb4027383b3f2db68a1b3e36c75f6
Vostok,Petit-et-al-2001,219.878000,,temperature_anomaly,-4.37,degC,observed;age_uncertainty_unavailable:GT4_has_no_point_age_distribution_in_source,c69eca96499bece4b2f65d4e40240f52e0bfb4027383b3f2db68a1b3e36c75f6
Vostok,Petit-et-al-2001,220.023000,,temperature_anomaly,-4.31,degC,observed;age_uncertainty_unavailable:GT4_has_no_point_age_distribution_in_source,c69eca96499bece4b2f65d4e40240f52e0bfb4027383b3f2db68a1b3e36c75f6
Vostok,Petit-et-al-2001,220.167000,,temperature_anomaly,-4.23,degC,observed;age_uncertainty_unavailable:GT4_has_no_point_age_distribution_in_source,c69eca96499bece4b2f65d4e40240f52e0bfb4027383b3f2db68a1b3e36c75f6
Vostok,Petit-et-al-2001,220.312000,,temperature_anomaly,-4.43,degC,observed;age_uncertainty_unavailable:GT4_has_no_point_age_distribution_in_source,c69eca96499bece4b2f65d4e40240f52e0bfb4027383b3f2db68a1b3e36c75f6
Vostok,Petit-et-al-2001,220.461000,,temperature_anomaly,-4.99,degC,observed;age_uncertainty_unavailable:GT4_has_no_point_age_distribution_in_source,c69eca96499bece4b2f65d4e40240f52e0bfb4027383b3f2db68a1b3e36c75f6
Vostok,Petit-et-al-2001,220.613000,,temperature_anomaly,-4.84,degC,observed;age_uncertainty_unavailable:GT4_has_no_point_age_distribution_in_source,c69eca96499bece4b2f65d4e40240f52e0bfb4027383b3f2db68a1b3e36c75f6
Vostok,Petit-et-al-2001,220.761000,,temperature_anomaly,-4.35,degC,observed;age_uncertainty_unavailable:GT4_has_no_point_age_distribution_in_source,c69eca96499bece4b2f65d4e40240f52e0bfb4027383b3f2db68a1b3e36c75f6
Vostok,Petit-et-al-2001,220.907000,,temperature_anomaly,-4.49,degC,observed;age_uncertainty_unavailable:GT4_has_no_point_age_distribution_in_source,c69eca96499bece4b2f65d4e40240f52e0bfb4027383b3f2db68a1b3e36c75f6
Vostok,Petit-et-al-2001,221.058000,,temperature_anomaly,-5.03,degC,observed;age_uncertainty_unavailable:GT4_has_no_point_age_distribution_in_source,c69eca96499bece4b2f65d4e40240f52e0bfb4027383b3f2db68a1b3e36c75f6
Vostok,Petit-et-al-2001,221.210000,,temperature_anomaly,-4.89,degC,observed;age_uncertainty_unavailable:GT4_has_no_point_age_distribution_in_source,c69eca96499bece4b2f65d4e40240f52e0bfb4027383b3f2db68a1b3e36c75f6
Vostok,Petit-et-al-2001,221.363000,,temperature_anomaly,-4.95,degC,observed;age_uncertainty_unavailable:GT4_has_no_point_age_distribution_in_source,c69eca96499bece4b2f65d4e40240f52e0bfb4027383b3f2db68a1b3e36c75f6
Vostok,Petit-et-al-2001,221.520000,,temperature_anomaly,-5.78,degC,observed;age_uncertainty_unavailable:GT4_has_no_point_age_distribution_in_source,c69eca96499bece4b2f65d4e40240f52e0bfb4027383b3f2db68a1b3e36c75f6
Vostok,Petit-et-al-2001,221.684000,,temperature_anomaly,-6.19,degC,observed;age_uncertainty_unavailable:GT4_has_no_point_age_distribution_in_source,c69eca96499bece4b2f65d4e40240f52e0bfb4027383b3f2db68a1b3e36c75f6
Vostok,Petit-et-al-2001,221.850000,,temperature_anomaly,-6.02,degC,observed;age_uncertainty_unavailable:GT4_has_no_point_age_distribution_in_source,c69eca96499bece4b2f65d4e40240f52e0bfb4027383b3f2db68a1b3e36c75f6
Vostok,Petit-et-al-2001,222.015000,,temperature_anomaly,-6.06,degC,observed;age_uncertainty_unavailable:GT4_has_no_point_age_distribution_in_source,c69eca96499bece4b2f65d4e40240f52e0bfb4027383b3f2db68a1b3e36c75f6
Vostok,Petit-et-al-2001,222.182000,,temperature_anomaly,-6.21,degC,observed;age_uncertainty_unavailable:GT4_has_no_point_age_distribution_in_source,c69eca96499bece4b2f65d4e40240f52e0bfb4027383b3f2db68a1b3e36c75f6
Vostok,Petit-et-al-2001,222.355000,,temperature_anomaly,-7.07,degC,observed;age_uncertainty_unavailable:GT4_has_no_point_age_distribution_in_source,c69eca96499bece4b2f65d4e40240f52e0bfb4027383b3f2db68a1b3e36c75f6
Vostok,Petit-et-al-2001,222.535000,,temperature_anomaly,-7.29,degC,observed;age_uncertainty_unavailable:GT4_has_no_point_age_distribution_in_source,c69eca96499bece4b2f65d4e40240f52e0bfb4027383b3f2db68a1b3e36c75f6
Vostok,Petit-et-al-2001,222.711000,,temperature_anomaly,-6.49,degC,observed;age_uncertainty_unavailable:GT4_has_no_point_age_distribution_in_source,c69eca96499bece4b2f65d4e40240f52e0bfb4027383b3f2db68a1b3e36c75f6
Vostok,Petit-et-al-2001,222.885000,,temperature_anomaly,-6.78,degC,observed;age_uncertainty_unavailable:GT4_has_no_point_age_distribution_in_source,c69eca96499bece4b2f65d4e40240f52e0bfb4027383b3f2db68a1b3e36c75f6
Vostok,Petit-et-al-2001,223.062000,,temperature_anomaly,-7.02,degC,observed;age_uncertainty_unavailable:GT4_has_no_point_age_distribution_in_source,c69eca96499bece4b2f65d4e40240f52e0bfb4027383b3f2db68a1b3e36c75f6
Vostok,Petit-et-al-2001,223.240000,,temperature_anomaly,-6.89,degC,observed;age_uncertainty_unavailable:GT4_has_no_point_age_distribution_in_source,c69eca96499bece4b2f65d4e40240f52e0bfb4027383b3f2db68a1b3e36c75f6
Vostok,Petit-et-al-2001,223.420000,,temperature_anomaly,-7.3,degC,observed;age_uncertainty_unavailable:GT4_has_no_point_age_distribution_in_source,c69eca96499bece4b2f65d4e40240f52e0bfb4027383b3f2db68a1b3e36c75f6
Vostok,Petit-et-al-2001,223.605000,,temperature_anomaly,-7.63,degC,observed;age_uncertainty_unavailable:GT4_has_no_point_age_distribution_in_source,c69eca96499bece4b2f65d4e40240f52e0bfb4027383b3f2db68a1b3e36c75f6
Vostok,Petit-et-al-2001,223.792000,,temperature_anomaly,-7.6,degC,observed;age_uncertainty_unavailable:GT4_has_no_point_age_distribution_in_source,c69eca96499bece4b2f65d4e40240f52e0bfb4027383b3f2db68a1b3e36c75f6
Vostok,Petit-et-al-2001,223.979000,,temperature_anomaly,-7.55,degC,observed;age_uncertainty_unavailable:GT4_has_no_point_age_distribution_in_source,c69eca96499bece4b2f65d4e40240f52e0bfb4027383b3f2db68a1b3e36c75f6
Vostok,Petit-et-al-2001,224.164000,,temperature_anomaly,-7.36,degC,observed;age_uncertainty_unavailable:GT4_has_no_point_age_distribution_in_source,c69eca96499bece4b2f65d4e40240f52e0bfb4027383b3f2db68a1b3e36c75f6
Vostok,Petit-et-al-2001,224.351000,,temperature_anomaly,-7.64,degC,observed;age_uncertainty_unavailable:GT4_has_no_point_age_distribution_in_source,c69eca96499bece4b2f65d4e40240f52e0bfb4027383b3f2db68a1b3e36c75f6
Vostok,Petit-et-al-2001,224.536000,,temperature_anomaly,-7.19,degC,observed;age_uncertainty_unavailable:GT4_has_no_point_age_distribution_in_source,c69eca96499bece4b2f65d4e40240f52e0bfb4027383b3f2db68a1b3e36c75f6
Vostok,Petit-et-al-2001,224.716000,,temperature_anomaly,-6.66,degC,observed;age_uncertainty_unavailable:GT4_has_no_point_age_distribution_in_source,c69eca96499bece4b2f65d4e40240f52e0bfb4027383b3f2db68a1b3e36c75f6
Vostok,Petit-et-al-2001,224.888000,,temperature_anomaly,-5.89,degC,observed;age_uncertainty_unavailable:GT4_has_no_point_age_distribution_in_source,c69eca96499bece4b2f65d4e40240f52e0bfb4027383b3f2db68a1b3e36c75f6
Vostok,Petit-et-al-2001,225.058000,,temperature_anomaly,-6.22,degC,observed;age_uncertainty_unavailable:GT4_has_no_point_age_distribution_in_source,c69eca96499bece4b2f65d4e40240f52e0bfb4027383b3f2db68a1b3e36c75f6
Vostok,Petit-et-al-2001,225.229000,,temperature_anomaly,-6.2,degC,observed;age_uncertainty_unavailable:GT4_has_no_point_age_distribution_in_source,c69eca96499bece4b2f65d4e40240f52e0bfb4027383b3f2db68a1b3e36c75f6
Vostok,Petit-et-al-2001,225.399000,,temperature_anomaly,-5.88,degC,observed;age_uncertainty_unavailable:GT4_has_no_point_age_distribution_in_source,c69eca96499bece4b2f65d4e40240f52e0bfb4027383b3f2db68a1b3e36c75f6
Vostok,Petit-et-al-2001,225.562000,,temperature_anomaly,-4.99,degC,observed;age_uncertainty_unavailable:GT4_has_no_point_age_distribution_in_source,c69eca96499bece4b2f65d4e40240f52e0bfb4027383b3f2db68a1b3e36c75f6
Vostok,Petit-et-al-2001,225.726000,,temperature_anomaly,-5.96,degC,observed;age_uncertainty_unavailable:GT4_has_no_point_age_distribution_in_source,c69eca96499bece4b2f65d4e40240f52e0bfb4027383b3f2db68a1b3e36c75f6
Vostok,Petit-et-al-2001,225.900000,,temperature_anomaly,-6.59,degC,observed;age_uncertainty_unavailable:GT4_has_no_point_age_distribution_in_source,c69eca96499bece4b2f65d4e40240f52e0bfb4027383b3f2db68a1b3e36c75f6
Vostok,Petit-et-al-2001,226.072000,,temperature_anomaly,-5.72,degC,observed;age_uncertainty_unavailable:GT4_has_no_point_age_distribution_in_source,c69eca96499bece4b2f65d4e40240f52e0bfb4027383b3f2db68a1b3e36c75f6
Vostok,Petit-et-al-2001,226.238000,,temperature_anomaly,-5.58,degC,observed;age_uncertainty_unavailable:GT4_has_no_point_age_distribution_in_source,c69eca96499bece4b2f65d4e40240f52e0bfb4027383b3f2db68a1b3e36c75f6
Vostok,Petit-et-al-2001,226.408000,,temperature_anomaly,-6.17,degC,observed;age_uncertainty_unavailable:GT4_has_no_point_age_distribution_in_source,c69eca96499bece4b2f65d4e40240f52e0bfb4027383b3f2db68a1b3e36c75f6
Vostok,Petit-et-al-2001,226.582000,,temperature_anomaly,-6.33,degC,observed;age_uncertainty_unavailable:GT4_has_no_point_age_distribution_in_source,c69eca96499bece4b2f65d4e40240f52e0bfb4027383b3f2db68a1b3e36c75f6
Vostok,Petit-et-al-2001,226.758000,,temperature_anomaly,-6.53,degC,observed;age_uncertainty_unavailable:GT4_has_no_point_age_distribution_in_source,c69eca96499bece4b2f65d4e40240f52e0bfb4027383b3f2db68a1b3e36c75f6
Vostok,Petit-et-al-2001,226.939000,,temperature_anomaly,-7.04,degC,observed;age_uncertainty_unavailable:GT4_has_no_point_age_distribution_in_source,c69eca96499bece4b2f65d4e40240f52e0bfb4027383b3f2db68a1b3e36c75f6
Vostok,Petit-et-al-2001,227.128000,,temperature_anomaly,-7.7,degC,observed;age_uncertainty_unavailable:GT4_has_no_point_age_distribution_in_source,c69eca96499bece4b2f65d4e40240f52e0bfb4027383b3f2db68a1b3e36c75f6
Vostok,Petit-et-al-2001,227.321000,,temperature_anomaly,-7.62,degC,observed;age_uncertainty_unavailable:GT4_has_no_point_age_distribution_in_source,c69eca96499bece4b2f65d4e40240f52e0bfb4027383b3f2db68a1b3e36c75f6
Vostok,Petit-et-al-2001,227.512000,,temperature_anomaly,-7.19,degC,observed;age_uncertainty_unavailable:GT4_has_no_point_age_distribution_in_source,c69eca96499bece4b2f65d4e40240f52e0bfb4027383b3f2db68a1b3e36c75f6
Vostok,Petit-et-al-2001,227.699000,,temperature_anomaly,-7.12,degC,observed;age_uncertainty_unavailable:GT4_has_no_point_age_distribution_in_source,c69eca96499bece4b2f65d4e40240f52e0bfb4027383b3f2db68a1b3e36c75f6
Vostok,Petit-et-al-2001,227.883000,,temperature_anomaly,-6.81,degC,observed;age_uncertainty_unavailable:GT4_has_no_point_age_distribution_in_source,c69eca96499bece4b2f65d4e40240f52e0bfb4027383b3f2db68a1b3e36c75f6
Vostok,Petit-et-al-2001,228.064000,,temperature_anomaly,-6.5,degC,observed;age_uncertainty_unavailable:GT4_has_no_point_age_distribution_in_source,c69eca96499bece4b2f65d4e40240f52e0bfb4027383b3f2db68a1b3e36c75f6
Vostok,Petit-et-al-2001,228.241000,,temperature_anomaly,-6.01,degC,observed;age_uncertainty_unavailable:GT4_has_no_point_age_distribution_in_source,c69eca96499bece4b2f65d4e40240f52e0bfb4027383b3f2db68a1b3e36c75f6
Vostok,Petit-et-al-2001,228.416000,,temperature_anomaly,-6.19,degC,observed;age_uncertainty_unavailable:GT4_has_no_point_age_distribution_in_source,c69eca96499bece4b2f65d4e40240f52e0bfb4027383b3f2db68a1b3e36c75f6
Vostok,Petit-et-al-2001,228.596000,,temperature_anomaly,-6.81,degC,observed;age_uncertainty_unavailable:GT4_has_no_point_age_distribution_in_source,c69eca96499bece4b2f65d4e40240f52e0bfb4027383b3f2db68a1b3e36c75f6
Vostok,Petit-et-al-2001,228.783000,,temperature_anomaly,-7.33,degC,observed;age_uncertainty_unavailable:GT4_has_no_point_age_distribution_in_source,c69eca96499bece4b2f65d4e40240f52e0bfb4027383b3f2db68a1b3e36c75f6
Vostok,Petit-et-al-2001,228.974000,,temperature_anomaly,-7.34,degC,observed;age_uncertainty_unavailable:GT4_has_no_point_age_distribution_in_source,c69eca96499bece4b2f65d4e40240f52e0bfb4027383b3f2db68a1b3e36c75f6
Vostok,Petit-et-al-2001,229.165000,,temperature_anomaly,-7.19,degC,observed;age_uncertainty_unavailable:GT4_has_no_point_age_distribution_in_source,c69eca96499bece4b2f65d4e40240f52e0bfb4027383b3f2db68a1b3e36c75f6
Vostok,Petit-et-al-2001,229.354000,,temperature_anomaly,-7.01,degC,observed;age_uncertainty_unavailable:GT4_has_no_point_age_distribution_in_source,c69eca96499bece4b2f65d4e40240f52e0bfb4027383b3f2db68a1b3e36c75f6
Vostok,Petit-et-al-2001,229.541000,,temperature_anomaly,-6.89,degC,observed;age_uncertainty_unavailable:GT4_has_no_point_age_distribution_in_source,c69eca96499bece4b2f65d4e40240f52e0bfb4027383b3f2db68a1b3e36c75f6
Vostok,Petit-et-al-2001,229.726000,,temperature_anomaly,-6.71,degC,observed;age_uncertainty_unavailable:GT4_has_no_point_age_distribution_in_source,c69eca96499bece4b2f65d4e40240f52e0bfb4027383b3f2db68a1b3e36c75f6
Vostok,Petit-et-al-2001,229.909000,,temperature_anomaly,-6.34,degC,observed;age_uncertainty_unavailable:GT4_has_no_point_age_distribution_in_source,c69eca96499bece4b2f65d4e40240f52e0bfb4027383b3f2db68a1b3e36c75f6
Vostok,Petit-et-al-2001,230.088000,,temperature_anomaly,-6.15,degC,observed;age_uncertainty_unavailable:GT4_has_no_point_age_distribution_in_source,c69eca96499bece4b2f65d4e40240f52e0bfb4027383b3f2db68a1b3e36c75f6
Vostok,Petit-et-al-2001,230.264000,,temperature_anomaly,-5.85,degC,observed;age_uncertainty_unavailable:GT4_has_no_point_age_distribution_in_source,c69eca96499bece4b2f65d4e40240f52e0bfb4027383b3f2db68a1b3e36c75f6
Vostok,Petit-et-al-2001,230.440000,,temperature_anomaly,-6.17,degC,observed;age_uncertainty_unavailable:GT4_has_no_point_age_distribution_in_source,c69eca96499bece4b2f65d4e40240f52e0bfb4027383b3f2db68a1b3e36c75f6
Vostok,Petit-et-al-2001,230.618000,,temperature_anomaly,-5.94,degC,observed;age_uncertainty_unavailable:GT4_has_no_point_age_distribution_in_source,c69eca96499bece4b2f65d4e40240f52e0bfb4027383b3f2db68a1b3e36c75f6
Vostok,Petit-et-al-2001,230.794000,,temperature_anomaly,-5.96,degC,observed;age_uncertainty_unavailable:GT4_has_no_point_age_distribution_in_source,c69eca96499bece4b2f65d4e40240f52e0bfb4027383b3f2db68a1b3e36c75f6
Vostok,Petit-et-al-2001,230.972000,,temperature_anomaly,-6.09,degC,observed;age_uncertainty_unavailable:GT4_has_no_point_age_distribution_in_source,c69eca96499bece4b2f65d4e40240f52e0bfb4027383b3f2db68a1b3e36c75f6
Vostok,Petit-et-al-2001,231.146000,,temperature_anomaly,-5.37,degC,observed;age_uncertainty_unavailable:GT4_has_no_point_age_distribution_in_source,c69eca96499bece4b2f65d4e40240f52e0bfb4027383b3f2db68a1b3e36c75f6
Vostok,Petit-et-al-2001,231.315000,,temperature_anomaly,-5.15,degC,observed;age_uncertainty_unavailable:GT4_has_no_point_age_distribution_in_source,c69eca96499bece4b2f65d4e40240f52e0bfb4027383b3f2db68a1b3e36c75f6
Vostok,Petit-et-al-2001,231.482000,,temperature_anomaly,-5.07,degC,observed;age_uncertainty_unavailable:GT4_has_no_point_age_distribution_in_source,c69eca96499bece4b2f65d4e40240f52e0bfb4027383b3f2db68a1b3e36c75f6
Vostok,Petit-et-al-2001,231.649000,,temperature_anomaly,-4.98,degC,observed;age_uncertainty_unavailable:GT4_has_no_point_age_distribution_in_source,c69eca96499bece4b2f65d4e40240f52e0bfb4027383b3f2db68a1b3e36c75f6
Vostok,Petit-et-al-2001,231.815000,,temperature_anomaly,-4.93,degC,observed;age_uncertainty_unavailable:GT4_has_no_point_age_distribution_in_source,c69eca96499bece4b2f65d4e40240f52e0bfb4027383b3f2db68a1b3e36c75f6
Vostok,Petit-et-al-2001,231.979000,,temperature_anomaly,-4.54,degC,observed;age_uncertainty_unavailable:GT4_has_no_point_age_distribution_in_source,c69eca96499bece4b2f65d4e40240f52e0bfb4027383b3f2db68a1b3e36c75f6
Vostok,Petit-et-al-2001,232.140000,,temperature_anomaly,-4.38,degC,observed;age_uncertainty_unavailable:GT4_has_no_point_age_distribution_in_source,c69eca96499bece4b2f65d4e40240f52e0bfb4027383b3f2db68a1b3e36c75f6
Vostok,Petit-et-al-2001,232.299000,,temperature_anomaly,-4.21,degC,observed;age_uncertainty_unavailable:GT4_has_no_point_age_distribution_in_source,c69eca96499bece4b2f65d4e40240f52e0bfb4027383b3f2db68a1b3e36c75f6
Vostok,Petit-et-al-2001,232.458000,,temperature_anomaly,-4.29,degC,observed;age_uncertainty_unavailable:GT4_has_no_point_age_distribution_in_source,c69eca96499bece4b2f65d4e40240f52e0bfb4027383b3f2db68a1b3e36c75f6
Vostok,Petit-et-al-2001,232.617000,,temperature_anomaly,-4.16,degC,observed;age_uncertainty_unavailable:GT4_has_no_point_age_distribution_in_source,c69eca96499bece4b2f65d4e40240f52e0bfb4027383b3f2db68a1b3e36c75f6
Vostok,Petit-et-al-2001,232.774000,,temperature_anomaly,-3.91,degC,observed;age_uncertainty_unavailable:GT4_has_no_point_age_distribution_in_source,c69eca96499bece4b2f65d4e40240f52e0bfb4027383b3f2db68a1b3e36c75f6
Vostok,Petit-et-al-2001,232.930000,,temperature_anomaly,-3.8,degC,observed;age_uncertainty_unavailable:GT4_has_no_point_age_distribution_in_source,c69eca96499bece4b2f65d4e40240f52e0bfb4027383b3f2db68a1b3e36c75f6
Vostok,Petit-et-al-2001,233.083000,,temperature_anomaly,-3.44,degC,observed;age_uncertainty_unavailable:GT4_has_no_point_age_distribution_in_source,c69eca96499bece4b2f65d4e40240f52e0bfb4027383b3f2db68a1b3e36c75f6
Vostok,Petit-et-al-2001,233.236000,,temperature_anomaly,-3.66,degC,observed;age_uncertainty_unavailable:GT4_has_no_point_age_distribution_in_source,c69eca96499bece4b2f65d4e40240f52e0bfb4027383b3f2db68a1b3e36c75f6
Vostok,Petit-et-al-2001,233.390000,,temperature_anomaly,-3.71,degC,observed;age_uncertainty_unavailable:GT4_has_no_point_age_distribution_in_source,c69eca96499bece4b2f65d4e40240f52e0bfb4027383b3f2db68a1b3e36c75f6
Vostok,Petit-et-al-2001,233.542000,,temperature_anomaly,-3.26,degC,observed;age_uncertainty_unavailable:GT4_has_no_point_age_distribution_in_source,c69eca96499bece4b2f65d4e40240f52e0bfb4027383b3f2db68a1b3e36c75f6
Vostok,Petit-et-al-2001,233.691000,,temperature_anomaly,-2.87,degC,observed;age_uncertainty_unavailable:GT4_has_no_point_age_distribution_in_source,c69eca96499bece4b2f65d4e40240f52e0bfb4027383b3f2db68a1b3e36c75f6
Vostok,Petit-et-al-2001,233.836000,,temperature_anomaly,-2.59,degC,observed;age_uncertainty_unavailable:GT4_has_no_point_age_distribution_in_source,c69eca96499bece4b2f65d4e40240f52e0bfb4027383b3f2db68a1b3e36c75f6
Vostok,Petit-et-al-2001,233.979000,,temperature_anomaly,-2.33,degC,observed;age_uncertainty_unavailable:GT4_has_no_point_age_distribution_in_source,c69eca96499bece4b2f65d4e40240f52e0bfb4027383b3f2db68a1b3e36c75f6
Vostok,Petit-et-al-2001,234.122000,,temperature_anomaly,-2.78,degC,observed;age_uncertainty_unavailable:GT4_has_no_point_age_distribution_in_source,c69eca96499bece4b2f65d4e40240f52e0bfb4027383b3f2db68a1b3e36c75f6
Vostok,Petit-et-al-2001,234.268000,,temperature_anomaly,-2.66,degC,observed;age_uncertainty_unavailable:GT4_has_no_point_age_distribution_in_source,c69eca96499bece4b2f65d4e40240f52e0bfb4027383b3f2db68a1b3e36c75f6
Vostok,Petit-et-al-2001,234.411000,,temperature_anomaly,-2.22,degC,observed;age_uncertainty_unavailable:GT4_has_no_point_age_distribution_in_source,c69eca96499bece4b2f65d4e40240f52e0bfb4027383b3f2db68a1b3e36c75f6
Vostok,Petit-et-al-2001,234.552000,,temperature_anomaly,-2.22,degC,observed;age_uncertainty_unavailable:GT4_has_no_point_age_distribution_in_source,c69eca96499bece4b2f65d4e40240f52e0bfb4027383b3f2db68a1b3e36c75f6
Vostok,Petit-et-al-2001,234.694000,,temperature_anomaly,-2.25,degC,observed;age_uncertainty_unavailable:GT4_has_no_point_age_distribution_in_source,c69eca96499bece4b2f65d4e40240f52e0bfb4027383b3f2db68a1b3e36c75f6
Vostok,Petit-et-al-2001,234.837000,,temperature_anomaly,-2.65,degC,observed;age_uncertainty_unavailable:GT4_has_no_point_age_distribution_in_source,c69eca96499bece4b2f65d4e40240f52e0bfb4027383b3f2db68a1b3e36c75f6
Vostok,Petit-et-al-2001,234.984000,,temperature_anomaly,-2.77,degC,observed;age_uncertainty_unavailable:GT4_has_no_point_age_distribution_in_source,c69eca96499bece4b2f65d4e40240f52e0bfb4027383b3f2db68a1b3e36c75f6
Vostok,Petit-et-al-2001,235.129000,,temperature_anomaly,-2.44,degC,observed;age_uncertainty_unavailable:GT4_has_no_point_age_distribution_in_source,c69eca96499bece4b2f65d4e40240f52e0bfb4027383b3f2db68a1b3e36c75f6
Vostok,Petit-et-al-2001,235.271000,,temperature_anomaly,-1.93,degC,observed;age_uncertainty_unavailable:GT4_has_no_point_age_distribution_in_source,c69eca96499bece4b2f65d4e40240f52e0bfb4027383b3f2db68a1b3e36c75f6
Vostok,Petit-et-al-2001,235.411000,,temperature_anomaly,-1.92,degC,observed;age_uncertainty_unavailable:GT4_has_no_point_age_distribution_in_source,c69eca96499bece4b2f65d4e40240f52e0bfb4027383b3f2db68a1b3e36c75f6
Vostok,Petit-et-al-2001,235.552000,,temperature_anomaly,-2.24,degC,observed;age_uncertainty_unavailable:GT4_has_no_point_age_distribution_in_source,c69eca96499bece4b2f65d4e40240f52e0bfb4027383b3f2db68a1b3e36c75f6
Vostok,Petit-et-al-2001,235.694000,,temperature_anomaly,-2.13,degC,observed;age_uncertainty_unavailable:GT4_has_no_point_age_distribution_in_source,c69eca96499bece4b2f65d4e40240f52e0bfb4027383b3f2db68a1b3e36c75f6
Vostok,Petit-et-al-2001,235.836000,,temperature_anomaly,-2.11,degC,observed;age_uncertainty_unavailable:GT4_has_no_point_age_distribution_in_source,c69eca96499bece4b2f65d4e40240f52e0bfb4027383b3f2db68a1b3e36c75f6
Vostok,Petit-et-al-2001,235.977000,,temperature_anomaly,-1.89,degC,observed;age_uncertainty_unavailable:GT4_has_no_point_age_distribution_in_source,c69eca96499bece4b2f65d4e40240f52e0bfb4027383b3f2db68a1b3e36c75f6
Vostok,Petit-et-al-2001,236.114000,,temperature_anomaly,-1.45,degC,observed;age_uncertainty_unavailable:GT4_has_no_point_age_distribution_in_source,c69eca96499bece4b2f65d4e40240f52e0bfb4027383b3f2db68a1b3e36c75f6
Vostok,Petit-et-al-2001,236.250000,,temperature_anomaly,-1.4,degC,observed;age_uncertainty_unavailable:GT4_has_no_point_age_distribution_in_source,c69eca96499bece4b2f65d4e40240f52e0bfb4027383b3f2db68a1b3e36c75f6
Vostok,Petit-et-al-2001,236.385000,,temperature_anomaly,-1.11,degC,observed;age_uncertainty_unavailable:GT4_has_no_point_age_distribution_in_source,c69eca96499bece4b2f65d4e40240f52e0bfb4027383b3f2db68a1b3e36c75f6
Vostok,Petit-et-al-2001,236.518000,,temperature_anomaly,-1.17,degC,observed;age_uncertainty_unavailable:GT4_has_no_point_age_distribution_in_source,c69eca96499bece4b2f65d4e40240f52e0bfb4027383b3f2db68a1b3e36c75f6
Vostok,Petit-et-al-2001,236.652000,,temperature_anomaly,-1.15,degC,observed;age_uncertainty_unavailable:GT4_has_no_point_age_distribution_in_source,c69eca96499bece4b2f65d4e40240f52e0bfb4027383b3f2db68a1b3e36c75f6
Vostok,Petit-et-al-2001,236.785000,,temperature_anomaly,-0.94,degC,observed;age_uncertainty_unavailable:GT4_has_no_point_age_distribution_in_source,c69eca96499bece4b2f65d4e40240f52e0bfb4027383b3f2db68a1b3e36c75f6
Vostok,Petit-et-al-2001,236.916000,,temperature_anomaly,-0.6,degC,observed;age_uncertainty_unavailable:GT4_has_no_point_age_distribution_in_source,c69eca96499bece4b2f65d4e40240f52e0bfb4027383b3f2db68a1b3e36c75f6
Vostok,Petit-et-al-2001,237.043000,,temperature_anomaly,0.1,degC,observed;age_uncertainty_unavailable:GT4_has_no_point_age_distribution_in_source,c69eca96499bece4b2f65d4e40240f52e0bfb4027383b3f2db68a1b3e36c75f6
Vostok,Petit-et-al-2001,237.166000,,temperature_anomaly,0.16,degC,observed;age_uncertainty_unavailable:GT4_has_no_point_age_distribution_in_source,c69eca96499bece4b2f65d4e40240f52e0bfb4027383b3f2db68a1b3e36c75f6
Vostok,Petit-et-al-2001,237.288000,,temperature_anomaly,0.48,degC,observed;age_uncertainty_unavailable:GT4_has_no_point_age_distribution_in_source,c69eca96499bece4b2f65d4e40240f52e0bfb4027383b3f2db68a1b3e36c75f6
Vostok,Petit-et-al-2001,237.410000,,temperature_anomaly,0.36,degC,observed;age_uncertainty_unavailable:GT4_has_no_point_age_distribution_in_source,c69eca96499bece4b2f65d4e40240f52e0bfb4027383b3f2db68a1b3e36c75f6
Vostok,Petit-et-al-2001,237.529000,,temperature_anomaly,1.03,degC,observed;age_uncertainty_unavailable:GT4_has_no_point_age_distribution_in_source,c69eca96499bece4b2f65d4e40240f52e0bfb4027383b3f2db68a1b3e36c75f6
Vostok,Petit-et-al-2001,237.643000,,temperature_anomaly,1.73,degC,observed;age_uncertainty_unavailable:GT4_has_no_point_age_distribution_in_source,c69eca96499bece4b2f65d4e40240f52e0bfb4027383b3f2db68a1b3e36c75f6
Vostok,Petit-et-al-2001,237.755000,,temperature_anomaly,1.74,degC,observed;age_uncertainty_unavailable:GT4_has_no_point_age_distribution_in_source,c69eca96499bece4b2f65d4e40240f52e0bfb4027383b3f2db68a1b3e36c75f6
Vostok,Petit-et-al-2001,237.866000,,temperature_anomaly,1.99,degC,observed;age_uncertainty_unavailable:GT4_has_no_point_age_distribution_in_source,c69eca96499bece4b2f65d4e40240f52e0bfb4027383b3f2db68a1b3e36c75f6
Vostok,Petit-et-al-2001,237.975000,,temperature_anomaly,2.2,degC,observed;age_uncertainty_unavailable:GT4_has_no_point_age_distribution_in_source,c69eca96499bece4b2f65d4e40240f52e0bfb4027383b3f2db68a1b3e36c75f6
Vostok,Petit-et-al-2001,238.084000,,temperature_anomaly,2.09,degC,observed;age_uncertainty_unavailable:GT4_has_no_point_age_distribution_in_source,c69eca96499bece4b2f65d4e40240f52e0bfb4027383b3f2db68a1b3e36c75f6
Vostok,Petit-et-al-2001,238.194000,,temperature_anomaly,1.9,degC,observed;age_uncertainty_unavailable:GT4_has_no_point_age_distribution_in_source,c69eca96499bece4b2f65d4e40240f52e0bfb4027383b3f2db68a1b3e36c75f6
Vostok,Petit-et-al-2001,238.306000,,temperature_anomaly,1.75,degC,observed;age_uncertainty_unavailable:GT4_has_no_point_age_distribution_in_source,c69eca96499bece4b2f65d4e40240f52e0bfb4027383b3f2db68a1b3e36c75f6
Vostok,Petit-et-al-2001,238.419000,,temperature_anomaly,1.66,degC,observed;age_uncertainty_unavailable:GT4_has_no_point_age_distribution_in_source,c69eca96499bece4b2f65d4e40240f52e0bfb4027383b3f2db68a1b3e36c75f6
Vostok,Petit-et-al-2001,238.532000,,temperature_anomaly,1.55,degC,observed;age_uncertainty_unavailable:GT4_has_no_point_age_distribution_in_source,c69eca96499bece4b2f65d4e40240f52e0bfb4027383b3f2db68a1b3e36c75f6
Vostok,Petit-et-al-2001,238.647000,,temperature_anomaly,1.3,degC,observed;age_uncertainty_unavailable:GT4_has_no_point_age_distribution_in_source,c69eca96499bece4b2f65d4e40240f52e0bfb4027383b3f2db68a1b3e36c75f6
Vostok,Petit-et-al-2001,238.764000,,temperature_anomaly,1.12,degC,observed;age_uncertainty_unavailable:GT4_has_no_point_age_distribution_in_source,c69eca96499bece4b2f65d4e40240f52e0bfb4027383b3f2db68a1b3e36c75f6
Vostok,Petit-et-al-2001,238.883000,,temperature_anomaly,0.99,degC,observed;age_uncertainty_unavailable:GT4_has_no_point_age_distribution_in_source,c69eca96499bece4b2f65d4e40240f52e0bfb4027383b3f2db68a1b3e36c75f6
Vostok,Petit-et-al-2001,239.003000,,temperature_anomaly,0.69,degC,observed;age_uncertainty_unavailable:GT4_has_no_point_age_distribution_in_source,c69eca96499bece4b2f65d4e40240f52e0bfb4027383b3f2db68a1b3e36c75f6
Vostok,Petit-et-al-2001,239.125000,,temperature_anomaly,0.56,degC,observed;age_uncertainty_unavailable:GT4_has_no_point_age_distribution_in_source,c69eca96499bece4b2f65d4e40240f52e0bfb4027383b3f2db68a1b3e36c75f6
Vostok,Petit-et-al-2001,239.248000,,temperature_anomaly,0.46,degC,observed;age_uncertainty_unavailable:GT4_has_no_point_age_distribution_in_source,c69eca96499bece4b2f65d4e40240f52e0bfb4027383b3f2db68a1b3e36c75f6
Vostok,Petit-et-al-2001,239.375000,,temperature_anomaly,-0.18,degC,observed;age_uncertainty_unavailable:GT4_has_no_point_age_distribution_in_source,c69eca96499bece4b2f65d4e40240f52e0bfb4027383b3f2db68a1b3e36c75f6
Vostok,Petit-et-al-2001,239.506000,,temperature_anomaly,-0.54,degC,observed;age_uncertainty_unavailable:GT4_has_no_point_age_distribution_in_source,c69eca96499bece4b2f65d4e40240f52e0bfb4027383b3f2db68a1b3e36c75f6
Vostok,Petit-et-al-2001,239.642000,,temperature_anomaly,-1.29,degC,observed;age_uncertainty_unavailable:GT4_has_no_point_age_distribution_in_source,c69eca96499bece4b2f65d4e40240f52e0bfb4027383b3f2db68a1b3e36c75f6
Vostok,Petit-et-al-2001,239.784000,,temperature_anomaly,-1.76,degC,observed;age_uncertainty_unavailable:GT4_has_no_point_age_distribution_in_source,c69eca96499bece4b2f65d4e40240f52e0bfb4027383b3f2db68a1b3e36c75f6
Vostok,Petit-et-al-2001,239.931000,,temperature_anomaly,-2.22,degC,observed;age_uncertainty_unavailable:GT4_has_no_point_age_distribution_in_source,c69eca96499bece4b2f65d4e40240f52e0bfb4027383b3f2db68a1b3e36c75f6
Vostok,Petit-et-al-2001,240.080000,,temperature_anomaly,-2.12,degC,observed;age_uncertainty_unavailable:GT4_has_no_point_age_distribution_in_source,c69eca96499bece4b2f65d4e40240f52e0bfb4027383b3f2db68a1b3e36c75f6
Vostok,Petit-et-al-2001,240.231000,,temperature_anomaly,-2.59,degC,observed;age_uncertainty_unavailable:GT4_has_no_point_age_distribution_in_source,c69eca96499bece4b2f65d4e40240f52e0bfb4027383b3f2db68a1b3e36c75f6
Vostok,Petit-et-al-2001,240.387000,,temperature_anomaly,-3.09,degC,observed;age_uncertainty_unavailable:GT4_has_no_point_age_distribution_in_source,c69eca96499bece4b2f65d4e40240f52e0bfb4027383b3f2db68a1b3e36c75f6
Vostok,Petit-et-al-2001,240.548000,,temperature_anomaly,-3.43,degC,observed;age_uncertainty_unavailable:GT4_has_no_point_age_distribution_in_source,c69eca96499bece4b2f65d4e40240f52e0bfb4027383b3f2db68a1b3e36c75f6
Vostok,Petit-et-al-2001,240.711000,,temperature_anomaly,-3.55,degC,observed;age_uncertainty_unavailable:GT4_has_no_point_age_distribution_in_source,c69eca96499bece4b2f65d4e40240f52e0bfb4027383b3f2db68a1b3e36c75f6
Vostok,Petit-et-al-2001,240.877000,,temperature_anomaly,-3.85,degC,observed;age_uncertainty_unavailable:GT4_has_no_point_age_distribution_in_source,c69eca96499bece4b2f65d4e40240f52e0bfb4027383b3f2db68a1b3e36c75f6
Vostok,Petit-et-al-2001,241.048000,,temperature_anomaly,-4.17,degC,observed;age_uncertainty_unavailable:GT4_has_no_point_age_distribution_in_source,c69eca96499bece4b2f65d4e40240f52e0bfb4027383b3f2db68a1b3e36c75f6
Vostok,Petit-et-al-2001,241.224000,,temperature_anomaly,-4.82,degC,observed;age_uncertainty_unavailable:GT4_has_no_point_age_distribution_in_source,c69eca96499bece4b2f65d4e40240f52e0bfb4027383b3f2db68a1b3e36c75f6
Vostok,Petit-et-al-2001,241.406000,,temperature_anomaly,-5.23,degC,observed;age_uncertainty_unavailable:GT4_has_no_point_age_distribution_in_source,c69eca96499bece4b2f65d4e40240f52e0bfb4027383b3f2db68a1b3e36c75f6
Vostok,Petit-et-al-2001,241.596000,,temperature_anomaly,-5.8,degC,observed;age_uncertainty_unavailable:GT4_has_no_point_age_distribution_in_source,c69eca96499bece4b2f65d4e40240f52e0bfb4027383b3f2db68a1b3e36c75f6
Vostok,Petit-et-al-2001,241.792000,,temperature_anomaly,-6.21,degC,observed;age_uncertainty_unavailable:GT4_has_no_point_age_distribution_in_source,c69eca96499bece4b2f65d4e40240f52e0bfb4027383b3f2db68a1b3e36c75f6
Vostok,Petit-et-al-2001,241.991000,,temperature_anomaly,-6.1,degC,observed;age_uncertainty_unavailable:GT4_has_no_point_age_distribution_in_source,c69eca96499bece4b2f65d4e40240f52e0bfb4027383b3f2db68a1b3e36c75f6
Vostok,Petit-et-al-2001,242.187000,,temperature_anomaly,-5.86,degC,observed;age_uncertainty_unavailable:GT4_has_no_point_age_distribution_in_source,c69eca96499bece4b2f65d4e40240f52e0bfb4027383b3f2db68a1b3e36c75f6
Vostok,Petit-et-al-2001,242.382000,,temperature_anomaly,-5.8,degC,observed;age_uncertainty_unavailable:GT4_has_no_point_age_distribution_in_source,c69eca96499bece4b2f65d4e40240f52e0bfb4027383b3f2db68a1b3e36c75f6
Vostok,Petit-et-al-2001,242.576000,,temperature_anomaly,-5.74,degC,observed;age_uncertainty_unavailable:GT4_has_no_point_age_distribution_in_source,c69eca96499bece4b2f65d4e40240f52e0bfb4027383b3f2db68a1b3e36c75f6
Vostok,Petit-et-al-2001,242.770000,,temperature_anomaly,-5.65,degC,observed;age_uncertainty_unavailable:GT4_has_no_point_age_distribution_in_source,c69eca96499bece4b2f65d4e40240f52e0bfb4027383b3f2db68a1b3e36c75f6
Vostok,Petit-et-al-2001,242.959000,,temperature_anomaly,-5.02,degC,observed;age_uncertainty_unavailable:GT4_has_no_point_age_distribution_in_source,c69eca96499bece4b2f65d4e40240f52e0bfb4027383b3f2db68a1b3e36c75f6
Vostok,Petit-et-al-2001,243.144000,,temperature_anomaly,-4.93,degC,observed;age_uncertainty_unavailable:GT4_has_no_point_age_distribution_in_source,c69eca96499bece4b2f65d4e40240f52e0bfb4027383b3f2db68a1b3e36c75f6
Vostok,Petit-et-al-2001,243.330000,,temperature_anomaly,-5.18,degC,observed;age_uncertainty_unavailable:GT4_has_no_point_age_distribution_in_source,c69eca96499bece4b2f65d4e40240f52e0bfb4027383b3f2db68a1b3e36c75f6
Vostok,Petit-et-al-2001,243.519000,,temperature_anomaly,-5.46,degC,observed;age_uncertainty_unavailable:GT4_has_no_point_age_distribution_in_source,c69eca96499bece4b2f65d4e40240f52e0bfb4027383b3f2db68a1b3e36c75f6
Vostok,Petit-et-al-2001,243.714000,,temperature_anomaly,-5.93,degC,observed;age_uncertainty_unavailable:GT4_has_no_point_age_distribution_in_source,c69eca96499bece4b2f65d4e40240f52e0bfb4027383b3f2db68a1b3e36c75f6
Vostok,Petit-et-al-2001,243.916000,,temperature_anomaly,-6.38,degC,observed;age_uncertainty_unavailable:GT4_has_no_point_age_distribution_in_source,c69eca96499bece4b2f65d4e40240f52e0bfb4027383b3f2db68a1b3e36c75f6
Vostok,Petit-et-al-2001,244.124000,,temperature_anomaly,-6.82,degC,observed;age_uncertainty_unavailable:GT4_has_no_point_age_distribution_in_source,c69eca96499bece4b2f65d4e40240f52e0bfb4027383b3f2db68a1b3e36c75f6
Vostok,Petit-et-al-2001,244.337000,,temperature_anomaly,-6.94,degC,observed;age_uncertainty_unavailable:GT4_has_no_point_age_distribution_in_source,c69eca96499bece4b2f65d4e40240f52e0bfb4027383b3f2db68a1b3e36c75f6
Vostok,Petit-et-al-2001,244.551000,,temperature_anomaly,-7.02,degC,observed;age_uncertainty_unavailable:GT4_has_no_point_age_distribution_in_source,c69eca96499bece4b2f65d4e40240f52e0bfb4027383b3f2db68a1b3e36c75f6
Vostok,Petit-et-al-2001,244.767000,,temperature_anomaly,-7.07,degC,observed;age_uncertainty_unavailable:GT4_has_no_point_age_distribution_in_source,c69eca96499bece4b2f65d4e40240f52e0bfb4027383b3f2db68a1b3e36c75f6
Vostok,Petit-et-al-2001,244.983000,,temperature_anomaly,-6.97,degC,observed;age_uncertainty_unavailable:GT4_has_no_point_age_distribution_in_source,c69eca96499bece4b2f65d4e40240f52e0bfb4027383b3f2db68a1b3e36c75f6
Vostok,Petit-et-al-2001,245.196000,,temperature_anomaly,-6.72,degC,observed;age_uncertainty_unavailable:GT4_has_no_point_age_distribution_in_source,c69eca96499bece4b2f65d4e40240f52e0bfb4027383b3f2db68a1b3e36c75f6
Vostok,Petit-et-al-2001,245.407000,,temperature_anomaly,-6.58,degC,observed;age_uncertainty_unavailable:GT4_has_no_point_age_distribution_in_source,c69eca96499bece4b2f65d4e40240f52e0bfb4027383b3f2db68a1b3e36c75f6
Vostok,Petit-et-al-2001,245.618000,,temperature_anomaly,-6.71,degC,observed;age_uncertainty_unavailable:GT4_has_no_point_age_distribution_in_source,c69eca96499bece4b2f65d4e40240f52e0bfb4027383b3f2db68a1b3e36c75f6
Vostok,Petit-et-al-2001,245.834000,,temperature_anomaly,-7.19,degC,observed;age_uncertainty_unavailable:GT4_has_no_point_age_distribution_in_source,c69eca96499bece4b2f65d4e40240f52e0bfb4027383b3f2db68a1b3e36c75f6
Vostok,Petit-et-al-2001,246.053000,,temperature_anomaly,-7.07,degC,observed;age_uncertainty_unavailable:GT4_has_no_point_age_distribution_in_source,c69eca96499bece4b2f65d4e40240f52e0bfb4027383b3f2db68a1b3e36c75f6
Vostok,Petit-et-al-2001,246.269000,,temperature_anomaly,-6.86,degC,observed;age_uncertainty_unavailable:GT4_has_no_point_age_distribution_in_source,c69eca96499bece4b2f65d4e40240f52e0bfb4027383b3f2db68a1b3e36c75f6
Vostok,Petit-et-al-2001,246.485000,,temperature_anomaly,-6.83,degC,observed;age_uncertainty_unavailable:GT4_has_no_point_age_distribution_in_source,c69eca96499bece4b2f65d4e40240f52e0bfb4027383b3f2db68a1b3e36c75f6
Vostok,Petit-et-al-2001,246.700000,,temperature_anomaly,-6.78,degC,observed;age_uncertainty_unavailable:GT4_has_no_point_age_distribution_in_source,c69eca96499bece4b2f65d4e40240f52e0bfb4027383b3f2db68a1b3e36c75f6
Vostok,Petit-et-al-2001,246.917000,,temperature_anomaly,-7.07,degC,observed;age_uncertainty_unavailable:GT4_has_no_point_age_distribution_in_source,c69eca96499bece4b2f65d4e40240f52e0bfb4027383b3f2db68a1b3e36c75f6
Vostok,Petit-et-al-2001,247.135000,,temperature_anomaly,-6.92,degC,observed;age_uncertainty_unavailable:GT4_has_no_point_age_distribution_in_source,c69eca96499bece4b2f65d4e40240f52e0bfb4027383b3f2db68a1b3e36c75f6
Vostok,Petit-et-al-2001,247.351000,,temperature_anomaly,-6.6,degC,observed;age_uncertainty_unavailable:GT4_has_no_point_age_distribution_in_source,c69eca96499bece4b2f65d4e40240f52e0bfb4027383b3f2db68a1b3e36c75f6
Vostok,Petit-et-al-2001,247.566000,,temperature_anomaly,-6.78,degC,observed;age_uncertainty_unavailable:GT4_has_no_point_age_distribution_in_source,c69eca96499bece4b2f65d4e40240f52e0bfb4027383b3f2db68a1b3e36c75f6
Vostok,Petit-et-al-2001,247.785000,,temperature_anomaly,-7.13,degC,observed;age_uncertainty_unavailable:GT4_has_no_point_age_distribution_in_source,c69eca96499bece4b2f65d4e40240f52e0bfb4027383b3f2db68a1b3e36c75f6
Vostok,Petit-et-al-2001,248.007000,,temperature_anomaly,-7.13,degC,observed;age_uncertainty_unavailable:GT4_has_no_point_age_distribution_in_source,c69eca96499bece4b2f65d4e40240f52e0bfb4027383b3f2db68a1b3e36c75f6
Vostok,Petit-et-al-2001,248.229000,,temperature_anomaly,-7.1,degC,observed;age_uncertainty_unavailable:GT4_has_no_point_age_distribution_in_source,c69eca96499bece4b2f65d4e40240f52e0bfb4027383b3f2db68a1b3e36c75f6
Vostok,Petit-et-al-2001,248.453000,,temperature_anomaly,-7.36,degC,observed;age_uncertainty_unavailable:GT4_has_no_point_age_distribution_in_source,c69eca96499bece4b2f65d4e40240f52e0bfb4027383b3f2db68a1b3e36c75f6
Vostok,Petit-et-al-2001,248.680000,,temperature_anomaly,-7.41,degC,observed;age_uncertainty_unavailable:GT4_has_no_point_age_distribution_in_source,c69eca96499bece4b2f65d4e40240f52e0bfb4027383b3f2db68a1b3e36c75f6
Vostok,Petit-et-al-2001,248.907000,,temperature_anomaly,-7.24,degC,observed;age_uncertainty_unavailable:GT4_has_no_point_age_distribution_in_source,c69eca96499bece4b2f65d4e40240f52e0bfb4027383b3f2db68a1b3e36c75f6
Vostok,Petit-et-al-2001,249.128000,,temperature_anomaly,-6.76,degC,observed;age_uncertainty_unavailable:GT4_has_no_point_age_distribution_in_source,c69eca96499bece4b2f65d4e40240f52e0bfb4027383b3f2db68a1b3e36c75f6
Vostok,Petit-et-al-2001,249.345000,,temperature_anomaly,-6.51,degC,observed;age_uncertainty_unavailable:GT4_has_no_point_age_distribution_in_source,c69eca96499bece4b2f65d4e40240f52e0bfb4027383b3f2db68a1b3e36c75f6
Vostok,Petit-et-al-2001,249.560000,,temperature_anomaly,-6.48,degC,observed;age_uncertainty_unavailable:GT4_has_no_point_age_distribution_in_source,c69eca96499bece4b2f65d4e40240f52e0bfb4027383b3f2db68a1b3e36c75f6
Vostok,Petit-et-al-2001,249.772000,,temperature_anomaly,-6.11,degC,observed;age_uncertainty_unavailable:GT4_has_no_point_age_distribution_in_source,c69eca96499bece4b2f65d4e40240f52e0bfb4027383b3f2db68a1b3e36c75f6
Vostok,Petit-et-al-2001,249.984000,,temperature_anomaly,-6.39,degC,observed;age_uncertainty_unavailable:GT4_has_no_point_age_distribution_in_source,c69eca96499bece4b2f65d4e40240f52e0bfb4027383b3f2db68a1b3e36c75f6
Vostok,Petit-et-al-2001,250.199000,,temperature_anomaly,-6.52,degC,observed;age_uncertainty_unavailable:GT4_has_no_point_age_distribution_in_source,c69eca96499bece4b2f65d4e40240f52e0bfb4027383b3f2db68a1b3e36c75f6
Vostok,Petit-et-al-2001,250.413000,,temperature_anomaly,-6.17,degC,observed;age_uncertainty_unavailable:GT4_has_no_point_age_distribution_in_source,c69eca96499bece4b2f65d4e40240f52e0bfb4027383b3f2db68a1b3e36c75f6
Vostok,Petit-et-al-2001,250.618000,,temperature_anomaly,-5.31,degC,observed;age_uncertainty_unavailable:GT4_has_no_point_age_distribution_in_source,c69eca96499bece4b2f65d4e40240f52e0bfb4027383b3f2db68a1b3e36c75f6
Vostok,Petit-et-al-2001,250.818000,,temperature_anomaly,-5.29,degC,observed;age_uncertainty_unavailable:GT4_has_no_point_age_distribution_in_source,c69eca96499bece4b2f65d4e40240f52e0bfb4027383b3f2db68a1b3e36c75f6
Vostok,Petit-et-al-2001,251.021000,,temperature_anomaly,-5.72,degC,observed;age_uncertainty_unavailable:GT4_has_no_point_age_distribution_in_source,c69eca96499bece4b2f65d4e40240f52e0bfb4027383b3f2db68a1b3e36c75f6
Vostok,Petit-et-al-2001,251.231000,,temperature_anomaly,-6.34,degC,observed;age_uncertainty_unavailable:GT4_has_no_point_age_distribution_in_source,c69eca96499bece4b2f65d4e40240f52e0bfb4027383b3f2db68a1b3e36c75f6
Vostok,Petit-et-al-2001,251.448000,,temperature_anomaly,-6.48,degC,observed;age_uncertainty_unavailable:GT4_has_no_point_age_distribution_in_source,c69eca96499bece4b2f65d4e40240f52e0bfb4027383b3f2db68a1b3e36c75f6
Vostok,Petit-et-al-2001,251.666000,,temperature_anomaly,-6.5,degC,observed;age_uncertainty_unavailable:GT4_has_no_point_age_distribution_in_source,c69eca96499bece4b2f65d4e40240f52e0bfb4027383b3f2db68a1b3e36c75f6
Vostok,Petit-et-al-2001,251.883000,,temperature_anomaly,-6.25,degC,observed;age_uncertainty_unavailable:GT4_has_no_point_age_distribution_in_source,c69eca96499bece4b2f65d4e40240f52e0bfb4027383b3f2db68a1b3e36c75f6
Vostok,Petit-et-al-2001,252.102000,,temperature_anomaly,-6.79,degC,observed;age_uncertainty_unavailable:GT4_has_no_point_age_distribution_in_source,c69eca96499bece4b2f65d4e40240f52e0bfb4027383b3f2db68a1b3e36c75f6
Vostok,Petit-et-al-2001,252.329000,,temperature_anomaly,-7.16,degC,observed;age_uncertainty_unavailable:GT4_has_no_point_age_distribution_in_source,c69eca96499bece4b2f65d4e40240f52e0bfb4027383b3f2db68a1b3e36c75f6
Vostok,Petit-et-al-2001,252.553000,,temperature_anomaly,-6.49,degC,observed;age_uncertainty_unavailable:GT4_has_no_point_age_distribution_in_source,c69eca96499bece4b2f65d4e40240f52e0bfb4027383b3f2db68a1b3e36c75f6
Vostok,Petit-et-al-2001,252.769000,,temperature_anomaly,-6.01,degC,observed;age_uncertainty_unavailable:GT4_has_no_point_age_distribution_in_source,c69eca96499bece4b2f65d4e40240f52e0bfb4027383b3f2db68a1b3e36c75f6
Vostok,Petit-et-al-2001,252.986000,,temperature_anomaly,-6.55,degC,observed;age_uncertainty_unavailable:GT4_has_no_point_age_distribution_in_source,c69eca96499bece4b2f65d4e40240f52e0bfb4027383b3f2db68a1b3e36c75f6
Vostok,Petit-et-al-2001,253.213000,,temperature_anomaly,-7.13,degC,observed;age_uncertainty_unavailable:GT4_has_no_point_age_distribution_in_source,c69eca96499bece4b2f65d4e40240f52e0bfb4027383b3f2db68a1b3e36c75f6
Vostok,Petit-et-al-2001,253.442000,,temperature_anomaly,-6.93,degC,observed;age_uncertainty_unavailable:GT4_has_no_point_age_distribution_in_source,c69eca96499bece4b2f65d4e40240f52e0bfb4027383b3f2db68a1b3e36c75f6
Vostok,Petit-et-al-2001,253.670000,,temperature_anomaly,-6.88,degC,observed;age_uncertainty_unavailable:GT4_has_no_point_age_distribution_in_source,c69eca96499bece4b2f65d4e40240f52e0bfb4027383b3f2db68a1b3e36c75f6
Vostok,Petit-et-al-2001,253.896000,,temperature_anomaly,-6.63,degC,observed;age_uncertainty_unavailable:GT4_has_no_point_age_distribution_in_source,c69eca96499bece4b2f65d4e40240f52e0bfb4027383b3f2db68a1b3e36c75f6
Vostok,Petit-et-al-2001,254.121000,,temperature_anomaly,-6.75,degC,observed;age_uncertainty_unavailable:GT4_has_no_point_age_distribution_in_source,c69eca96499bece4b2f65d4e40240f52e0bfb4027383b3f2db68a1b3e36c75f6
Vostok,Petit-et-al-2001,254.345000,,temperature_anomaly,-6.45,degC,observed;age_uncertainty_unavailable:GT4_has_no_point_age_distribution_in_source,c69eca96499bece4b2f65d4e40240f52e0bfb4027383b3f2db68a1b3e36c75f6
Vostok,Petit-et-al-2001,254.560000,,temperature_anomaly,-5.6,degC,observed;age_uncertainty_unavailable:GT4_has_no_point_age_distribution_in_source,c69eca96499bece4b2f65d4e40240f52e0bfb4027383b3f2db68a1b3e36c75f6
Vostok,Petit-et-al-2001,254.767000,,temperature_anomaly,-5.14,degC,observed;age_uncertainty_unavailable:GT4_has_no_point_age_distribution_in_source,c69eca96499bece4b2f65d4e40240f52e0bfb4027383b3f2db68a1b3e36c75f6
Vostok,Petit-et-al-2001,254.972000,,temperature_anomaly,-5.41,degC,observed;age_uncertainty_unavailable:GT4_has_no_point_age_distribution_in_source,c69eca96499bece4b2f65d4e40240f52e0bfb4027383b3f2db68a1b3e36c75f6
Vostok,Petit-et-al-2001,255.183000,,temperature_anomaly,-5.77,degC,observed;age_uncertainty_unavailable:GT4_has_no_point_age_distribution_in_source,c69eca96499bece4b2f65d4e40240f52e0bfb4027383b3f2db68a1b3e36c75f6
Vostok,Petit-et-al-2001,255.399000,,temperature_anomaly,-6.16,degC,observed;age_uncertainty_unavailable:GT4_has_no_point_age_distribution_in_source,c69eca96499bece4b2f65d4e40240f52e0bfb4027383b3f2db68a1b3e36c75f6
Vostok,Petit-et-al-2001,255.620000,,temperature_anomaly,-6.39,degC,observed;age_uncertainty_unavailable:GT4_has_no_point_age_distribution_in_source,c69eca96499bece4b2f65d4e40240f52e0bfb4027383b3f2db68a1b3e36c75f6
Vostok,Petit-et-al-2001,255.844000,,temperature_anomaly,-6.43,degC,observed;age_uncertainty_unavailable:GT4_has_no_point_age_distribution_in_source,c69eca96499bece4b2f65d4e40240f52e0bfb4027383b3f2db68a1b3e36c75f6
Vostok,Petit-et-al-2001,256.068000,,temperature_anomaly,-6.36,degC,observed;age_uncertainty_unavailable:GT4_has_no_point_age_distribution_in_source,c69eca96499bece4b2f65d4e40240f52e0bfb4027383b3f2db68a1b3e36c75f6
Vostok,Petit-et-al-2001,256.294000,,temperature_anomaly,-6.69,degC,observed;age_uncertainty_unavailable:GT4_has_no_point_age_distribution_in_source,c69eca96499bece4b2f65d4e40240f52e0bfb4027383b3f2db68a1b3e36c75f6
Vostok,Petit-et-al-2001,256.525000,,temperature_anomaly,-6.95,degC,observed;age_uncertainty_unavailable:GT4_has_no_point_age_distribution_in_source,c69eca96499bece4b2f65d4e40240f52e0bfb4027383b3f2db68a1b3e36c75f6
Vostok,Petit-et-al-2001,256.759000,,temperature_anomaly,-6.93,degC,observed;age_uncertainty_unavailable:GT4_has_no_point_age_distribution_in_source,c69eca96499bece4b2f65d4e40240f52e0bfb4027383b3f2db68a1b3e36c75f6
Vostok,Petit-et-al-2001,256.994000,,temperature_anomaly,-7.13,degC,observed;age_uncertainty_unavailable:GT4_has_no_point_age_distribution_in_source,c69eca96499bece4b2f65d4e40240f52e0bfb4027383b3f2db68a1b3e36c75f6
Vostok,Petit-et-al-2001,257.234000,,temperature_anomaly,-7.42,degC,observed;age_uncertainty_unavailable:GT4_has_no_point_age_distribution_in_source,c69eca96499bece4b2f65d4e40240f52e0bfb4027383b3f2db68a1b3e36c75f6
Vostok,Petit-et-al-2001,257.479000,,temperature_anomaly,-7.58,degC,observed;age_uncertainty_unavailable:GT4_has_no_point_age_distribution_in_source,c69eca96499bece4b2f65d4e40240f52e0bfb4027383b3f2db68a1b3e36c75f6
Vostok,Petit-et-al-2001,257.726000,,temperature_anomaly,-7.7,degC,observed;age_uncertainty_unavailable:GT4_has_no_point_age_distribution_in_source,c69eca96499bece4b2f65d4e40240f52e0bfb4027383b3f2db68a1b3e36c75f6
Vostok,Petit-et-al-2001,257.975000,,temperature_anomaly,-7.85,degC,observed;age_uncertainty_unavailable:GT4_has_no_point_age_distribution_in_source,c69eca96499bece4b2f65d4e40240f52e0bfb4027383b3f2db68a1b3e36c75f6
Vostok,Petit-et-al-2001,258.224000,,temperature_anomaly,-7.5,degC,observed;age_uncertainty_unavailable:GT4_has_no_point_age_distribution_in_source,c69eca96499bece4b2f65d4e40240f52e0bfb4027383b3f2db68a1b3e36c75f6
Vostok,Petit-et-al-2001,258.471000,,temperature_anomaly,-7.67,degC,observed;age_uncertainty_unavailable:GT4_has_no_point_age_distribution_in_source,c69eca96499bece4b2f65d4e40240f52e0bfb4027383b3f2db68a1b3e36c75f6
Vostok,Petit-et-al-2001,258.723000,,temperature_anomaly,-8.01,degC,observed;age_uncertainty_unavailable:GT4_has_no_point_age_distribution_in_source,c69eca96499bece4b2f65d4e40240f52e0bfb4027383b3f2db68a1b3e36c75f6
Vostok,Petit-et-al-2001,258.978000,,temperature_anomaly,-7.98,degC,observed;age_uncertainty_unavailable:GT4_has_no_point_age_distribution_in_source,c69eca96499bece4b2f65d4e40240f52e0bfb4027383b3f2db68a1b3e36c75f6
Vostok,Petit-et-al-2001,259.235000,,temperature_anomaly,-8.09,degC,observed;age_uncertainty_unavailable:GT4_has_no_point_age_distribution_in_source,c69eca96499bece4b2f65d4e40240f52e0bfb4027383b3f2db68a1b3e36c75f6
Vostok,Petit-et-al-2001,259.492000,,temperature_anomaly,-8.05,degC,observed;age_uncertainty_unavailable:GT4_has_no_point_age_distribution_in_source,c69eca96499bece4b2f65d4e40240f52e0bfb4027383b3f2db68a1b3e36c75f6
Vostok,Petit-et-al-2001,259.750000,,temperature_anomaly,-7.99,degC,observed;age_uncertainty_unavailable:GT4_has_no_point_age_distribution_in_source,c69eca96499bece4b2f65d4e40240f52e0bfb4027383b3f2db68a1b3e36c75f6
Vostok,Petit-et-al-2001,260.009000,,temperature_anomaly,-8.3,degC,observed;age_uncertainty_unavailable:GT4_has_no_point_age_distribution_in_source,c69eca96499bece4b2f65d4e40240f52e0bfb4027383b3f2db68a1b3e36c75f6
Vostok,Petit-et-al-2001,260.272000,,temperature_anomaly,-8.31,degC,observed;age_uncertainty_unavailable:GT4_has_no_point_age_distribution_in_source,c69eca96499bece4b2f65d4e40240f52e0bfb4027383b3f2db68a1b3e36c75f6
Vostok,Petit-et-al-2001,260.536000,,temperature_anomaly,-8.26,degC,observed;age_uncertainty_unavailable:GT4_has_no_point_age_distribution_in_source,c69eca96499bece4b2f65d4e40240f52e0bfb4027383b3f2db68a1b3e36c75f6
Vostok,Petit-et-al-2001,260.801000,,temperature_anomaly,-8.52,degC,observed;age_uncertainty_unavailable:GT4_has_no_point_age_distribution_in_source,c69eca96499bece4b2f65d4e40240f52e0bfb4027383b3f2db68a1b3e36c75f6
Vostok,Petit-et-al-2001,261.069000,,temperature_anomaly,-8.43,degC,observed;age_uncertainty_unavailable:GT4_has_no_point_age_distribution_in_source,c69eca96499bece4b2f65d4e40240f52e0bfb4027383b3f2db68a1b3e36c75f6
Vostok,Petit-et-al-2001,261.336000,,temperature_anomaly,-8.43,degC,observed;age_uncertainty_unavailable:GT4_has_no_point_age_distribution_in_source,c69eca96499bece4b2f65d4e40240f52e0bfb4027383b3f2db68a1b3e36c75f6
Vostok,Petit-et-al-2001,261.602000,,temperature_anomaly,-8.19,degC,observed;age_uncertainty_unavailable:GT4_has_no_point_age_distribution_in_source,c69eca96499bece4b2f65d4e40240f52e0bfb4027383b3f2db68a1b3e36c75f6
Vostok,Petit-et-al-2001,261.865000,,temperature_anomaly,-8.16,degC,observed;age_uncertainty_unavailable:GT4_has_no_point_age_distribution_in_source,c69eca96499bece4b2f65d4e40240f52e0bfb4027383b3f2db68a1b3e36c75f6
Vostok,Petit-et-al-2001,262.131000,,temperature_anomaly,-8.42,degC,observed;age_uncertainty_unavailable:GT4_has_no_point_age_distribution_in_source,c69eca96499bece4b2f65d4e40240f52e0bfb4027383b3f2db68a1b3e36c75f6
Vostok,Petit-et-al-2001,262.399000,,temperature_anomaly,-8.3,degC,observed;age_uncertainty_unavailable:GT4_has_no_point_age_distribution_in_source,c69eca96499bece4b2f65d4e40240f52e0bfb4027383b3f2db68a1b3e36c75f6
Vostok,Petit-et-al-2001,262.665000,,temperature_anomaly,-8.21,degC,observed;age_uncertainty_unavailable:GT4_has_no_point_age_distribution_in_source,c69eca96499bece4b2f65d4e40240f52e0bfb4027383b3f2db68a1b3e36c75f6
Vostok,Petit-et-al-2001,262.933000,,temperature_anomaly,-8.42,degC,observed;age_uncertainty_unavailable:GT4_has_no_point_age_distribution_in_source,c69eca96499bece4b2f65d4e40240f52e0bfb4027383b3f2db68a1b3e36c75f6
Vostok,Petit-et-al-2001,263.201000,,temperature_anomaly,-8.13,degC,observed;age_uncertainty_unavailable:GT4_has_no_point_age_distribution_in_source,c69eca96499bece4b2f65d4e40240f52e0bfb4027383b3f2db68a1b3e36c75f6
Vostok,Petit-et-al-2001,263.466000,,temperature_anomaly,-8.08,degC,observed;age_uncertainty_unavailable:GT4_has_no_point_age_distribution_in_source,c69eca96499bece4b2f65d4e40240f52e0bfb4027383b3f2db68a1b3e36c75f6
Vostok,Petit-et-al-2001,263.732000,,temperature_anomaly,-8.3,degC,observed;age_uncertainty_unavailable:GT4_has_no_point_age_distribution_in_source,c69eca96499bece4b2f65d4e40240f52e0bfb4027383b3f2db68a1b3e36c75f6
Vostok,Petit-et-al-2001,264.004000,,temperature_anomaly,-8.53,degC,observed;age_uncertainty_unavailable:GT4_has_no_point_age_distribution_in_source,c69eca96499bece4b2f65d4e40240f52e0bfb4027383b3f2db68a1b3e36c75f6
Vostok,Petit-et-al-2001,264.273000,,temperature_anomaly,-7.93,degC,observed;age_uncertainty_unavailable:GT4_has_no_point_age_distribution_in_source,c69eca96499bece4b2f65d4e40240f52e0bfb4027383b3f2db68a1b3e36c75f6
Vostok,Petit-et-al-2001,264.533000,,temperature_anomaly,-7.52,degC,observed;age_uncertainty_unavailable:GT4_has_no_point_age_distribution_in_source,c69eca96499bece4b2f65d4e40240f52e0bfb4027383b3f2db68a1b3e36c75f6
Vostok,Petit-et-al-2001,264.792000,,temperature_anomaly,-7.86,degC,observed;age_uncertainty_unavailable:GT4_has_no_point_age_distribution_in_source,c69eca96499bece4b2f65d4e40240f52e0bfb4027383b3f2db68a1b3e36c75f6
Vostok,Petit-et-al-2001,265.055000,,temperature_anomaly,-7.85,degC,observed;age_uncertainty_unavailable:GT4_has_no_point_age_distribution_in_source,c69eca96499bece4b2f65d4e40240f52e0bfb4027383b3f2db68a1b3e36c75f6
Vostok,Petit-et-al-2001,265.321000,,temperature_anomaly,-8.13,degC,observed;age_uncertainty_unavailable:GT4_has_no_point_age_distribution_in_source,c69eca96499bece4b2f65d4e40240f52e0bfb4027383b3f2db68a1b3e36c75f6
Vostok,Petit-et-al-2001,265.595000,,temperature_anomaly,-8.57,degC,observed;age_uncertainty_unavailable:GT4_has_no_point_age_distribution_in_source,c69eca96499bece4b2f65d4e40240f52e0bfb4027383b3f2db68a1b3e36c75f6
Vostok,Petit-et-al-2001,265.865000,,temperature_anomaly,-7.78,degC,observed;age_uncertainty_unavailable:GT4_has_no_point_age_distribution_in_source,c69eca96499bece4b2f65d4e40240f52e0bfb4027383b3f2db68a1b3e36c75f6
Vostok,Petit-et-al-2001,266.123000,,temperature_anomaly,-7.18,degC,observed;age_uncertainty_unavailable:GT4_has_no_point_age_distribution_in_source,c69eca96499bece4b2f65d4e40240f52e0bfb4027383b3f2db68a1b3e36c75f6
Vostok,Petit-et-al-2001,266.380000,,temperature_anomaly,-7.61,degC,observed;age_uncertainty_unavailable:GT4_has_no_point_age_distribution_in_source,c69eca96499bece4b2f65d4e40240f52e0bfb4027383b3f2db68a1b3e36c75f6
Vostok,Petit-et-al-2001,266.643000,,temperature_anomaly,-7.75,degC,observed;age_uncertainty_unavailable:GT4_has_no_point_age_distribution_in_source,c69eca96499bece4b2f65d4e40240f52e0bfb4027383b3f2db68a1b3e36c75f6
Vostok,Petit-et-al-2001,266.905000,,temperature_anomaly,-7.54,degC,observed;age_uncertainty_unavailable:GT4_has_no_point_age_distribution_in_source,c69eca96499bece4b2f65d4e40240f52e0bfb4027383b3f2db68a1b3e36c75f6
Vostok,Petit-et-al-2001,267.167000,,temperature_anomaly,-7.66,degC,observed;age_uncertainty_unavailable:GT4_has_no_point_age_distribution_in_source,c69eca96499bece4b2f65d4e40240f52e0bfb4027383b3f2db68a1b3e36c75f6
Vostok,Petit-et-al-2001,267.431000,,temperature_anomaly,-7.65,degC,observed;age_uncertainty_unavailable:GT4_has_no_point_age_distribution_in_source,c69eca96499bece4b2f65d4e40240f52e0bfb4027383b3f2db68a1b3e36c75f6
Vostok,Petit-et-al-2001,267.692000,,temperature_anomaly,-7.28,degC,observed;age_uncertainty_unavailable:GT4_has_no_point_age_distribution_in_source,c69eca96499bece4b2f65d4e40240f52e0bfb4027383b3f2db68a1b3e36c75f6
Vostok,Petit-et-al-2001,267.946000,,temperature_anomaly,-6.86,degC,observed;age_uncertainty_unavailable:GT4_has_no_point_age_distribution_in_source,c69eca96499bece4b2f65d4e40240f52e0bfb4027383b3f2db68a1b3e36c75f6
Vostok,Petit-et-al-2001,268.194000,,temperature_anomaly,-6.59,degC,observed;age_uncertainty_unavailable:GT4_has_no_point_age_distribution_in_source,c69eca96499bece4b2f65d4e40240f52e0bfb4027383b3f2db68a1b3e36c75f6
Vostok,Petit-et-al-2001,268.435000,,temperature_anomaly,-5.96,degC,observed;age_uncertainty_unavailable:GT4_has_no_point_age_distribution_in_source,c69eca96499bece4b2f65d4e40240f52e0bfb4027383b3f2db68a1b3e36c75f6
Vostok,Petit-et-al-2001,268.677000,,temperature_anomaly,-6.61,degC,observed;age_uncertainty_unavailable:GT4_has_no_point_age_distribution_in_source,c69eca96499bece4b2f65d4e40240f52e0bfb4027383b3f2db68a1b3e36c75f6
Vostok,Petit-et-al-2001,268.926000,,temperature_anomaly,-6.77,degC,observed;age_uncertainty_unavailable:GT4_has_no_point_age_distribution_in_source,c69eca96499bece4b2f65d4e40240f52e0bfb4027383b3f2db68a1b3e36c75f6
Vostok,Petit-et-al-2001,269.178000,,temperature_anomaly,-6.84,degC,observed;age_uncertainty_unavailable:GT4_has_no_point_age_distribution_in_source,c69eca96499bece4b2f65d4e40240f52e0bfb4027383b3f2db68a1b3e36c75f6
Vostok,Petit-et-al-2001,269.429000,,temperature_anomaly,-6.65,degC,observed;age_uncertainty_unavailable:GT4_has_no_point_age_distribution_in_source,c69eca96499bece4b2f65d4e40240f52e0bfb4027383b3f2db68a1b3e36c75f6
Vostok,Petit-et-al-2001,269.678000,,temperature_anomaly,-6.59,degC,observed;age_uncertainty_unavailable:GT4_has_no_point_age_distribution_in_source,c69eca96499bece4b2f65d4e40240f52e0bfb4027383b3f2db68a1b3e36c75f6
Vostok,Petit-et-al-2001,269.926000,,temperature_anomaly,-6.47,degC,observed;age_uncertainty_unavailable:GT4_has_no_point_age_distribution_in_source,c69eca96499bece4b2f65d4e40240f52e0bfb4027383b3f2db68a1b3e36c75f6
Vostok,Petit-et-al-2001,270.169000,,temperature_anomaly,-5.95,degC,observed;age_uncertainty_unavailable:GT4_has_no_point_age_distribution_in_source,c69eca96499bece4b2f65d4e40240f52e0bfb4027383b3f2db68a1b3e36c75f6
Vostok,Petit-et-al-2001,270.409000,,temperature_anomaly,-6,degC,observed;age_uncertainty_unavailable:GT4_has_no_point_age_distribution_in_source,c69eca96499bece4b2f65d4e40240f52e0bfb4027383b3f2db68a1b3e36c75f6
Vostok,Petit-et-al-2001,270.648000,,temperature_anomaly,-5.8,degC,observed;age_uncertainty_unavailable:GT4_has_no_point_age_distribution_in_source,c69eca96499bece4b2f65d4e40240f52e0bfb4027383b3f2db68a1b3e36c75f6
Vostok,Petit-et-al-2001,270.883000,,temperature_anomaly,-5.44,degC,observed;age_uncertainty_unavailable:GT4_has_no_point_age_distribution_in_source,c69eca96499bece4b2f65d4e40240f52e0bfb4027383b3f2db68a1b3e36c75f6
Vostok,Petit-et-al-2001,271.114000,,temperature_anomaly,-5.3,degC,observed;age_uncertainty_unavailable:GT4_has_no_point_age_distribution_in_source,c69eca96499bece4b2f65d4e40240f52e0bfb4027383b3f2db68a1b3e36c75f6
Vostok,Petit-et-al-2001,271.347000,,temperature_anomaly,-5.65,degC,observed;age_uncertainty_unavailable:GT4_has_no_point_age_distribution_in_source,c69eca96499bece4b2f65d4e40240f52e0bfb4027383b3f2db68a1b3e36c75f6
Vostok,Petit-et-al-2001,271.584000,,temperature_anomaly,-5.74,degC,observed;age_uncertainty_unavailable:GT4_has_no_point_age_distribution_in_source,c69eca96499bece4b2f65d4e40240f52e0bfb4027383b3f2db68a1b3e36c75f6
Vostok,Petit-et-al-2001,271.822000,,temperature_anomaly,-5.65,degC,observed;age_uncertainty_unavailable:GT4_has_no_point_age_distribution_in_source,c69eca96499bece4b2f65d4e40240f52e0bfb4027383b3f2db68a1b3e36c75f6
Vostok,Petit-et-al-2001,272.053000,,temperature_anomaly,-4.8,degC,observed;age_uncertainty_unavailable:GT4_has_no_point_age_distribution_in_source,c69eca96499bece4b2f65d4e40240f52e0bfb4027383b3f2db68a1b3e36c75f6
Vostok,Petit-et-al-2001,272.276000,,temperature_anomaly,-4.6,degC,observed;age_uncertainty_unavailable:GT4_has_no_point_age_distribution_in_source,c69eca96499bece4b2f65d4e40240f52e0bfb4027383b3f2db68a1b3e36c75f6
Vostok,Petit-et-al-2001,272.500000,,temperature_anomaly,-4.9,degC,observed;age_uncertainty_unavailable:GT4_has_no_point_age_distribution_in_source,c69eca96499bece4b2f65d4e40240f52e0bfb4027383b3f2db68a1b3e36c75f6
Vostok,Petit-et-al-2001,272.724000,,temperature_anomaly,-4.65,degC,observed;age_uncertainty_unavailable:GT4_has_no_point_age_distribution_in_source,c69eca96499bece4b2f65d4e40240f52e0bfb4027383b3f2db68a1b3e36c75f6
Vostok,Petit-et-al-2001,272.946000,,temperature_anomaly,-4.43,degC,observed;age_uncertainty_unavailable:GT4_has_no_point_age_distribution_in_source,c69eca96499bece4b2f65d4e40240f52e0bfb4027383b3f2db68a1b3e36c75f6
Vostok,Petit-et-al-2001,273.166000,,temperature_anomaly,-4.35,degC,observed;age_uncertainty_unavailable:GT4_has_no_point_age_distribution_in_source,c69eca96499bece4b2f65d4e40240f52e0bfb4027383b3f2db68a1b3e36c75f6
Vostok,Petit-et-al-2001,273.385000,,temperature_anomaly,-4.33,degC,observed;age_uncertainty_unavailable:GT4_has_no_point_age_distribution_in_source,c69eca96499bece4b2f65d4e40240f52e0bfb4027383b3f2db68a1b3e36c75f6
Vostok,Petit-et-al-2001,273.605000,,temperature_anomaly,-4.33,degC,observed;age_uncertainty_unavailable:GT4_has_no_point_age_distribution_in_source,c69eca96499bece4b2f65d4e40240f52e0bfb4027383b3f2db68a1b3e36c75f6
Vostok,Petit-et-al-2001,273.827000,,temperature_anomaly,-4.55,degC,observed;age_uncertainty_unavailable:GT4_has_no_point_age_distribution_in_source,c69eca96499bece4b2f65d4e40240f52e0bfb4027383b3f2db68a1b3e36c75f6
Vostok,Petit-et-al-2001,274.048000,,temperature_anomaly,-4.1,degC,observed;age_uncertainty_unavailable:GT4_has_no_point_age_distribution_in_source,c69eca96499bece4b2f65d4e40240f52e0bfb4027383b3f2db68a1b3e36c75f6
Vostok,Petit-et-al-2001,274.263000,,temperature_anomaly,-3.84,degC,observed;age_uncertainty_unavailable:GT4_has_no_point_age_distribution_in_source,c69eca96499bece4b2f65d4e40240f52e0bfb4027383b3f2db68a1b3e36c75f6
Vostok,Petit-et-al-2001,274.477000,,temperature_anomaly,-3.8,degC,observed;age_uncertainty_unavailable:GT4_has_no_point_age_distribution_in_source,c69eca96499bece4b2f65d4e40240f52e0bfb4027383b3f2db68a1b3e36c75f6
Vostok,Petit-et-al-2001,274.692000,,temperature_anomaly,-3.95,degC,observed;age_uncertainty_unavailable:GT4_has_no_point_age_distribution_in_source,c69eca96499bece4b2f65d4e40240f52e0bfb4027383b3f2db68a1b3e36c75f6
Vostok,Petit-et-al-2001,274.909000,,temperature_anomaly,-3.95,degC,observed;age_uncertainty_unavailable:GT4_has_no_point_age_distribution_in_source,c69eca96499bece4b2f65d4e40240f52e0bfb4027383b3f2db68a1b3e36c75f6
Vostok,Petit-et-al-2001,275.127000,,temperature_anomaly,-4.13,degC,observed;age_uncertainty_unavailable:GT4_has_no_point_age_distribution_in_source,c69eca96499bece4b2f65d4e40240f52e0bfb4027383b3f2db68a1b3e36c75f6
Vostok,Petit-et-al-2001,275.344000,,temperature_anomaly,-3.73,degC,observed;age_uncertainty_unavailable:GT4_has_no_point_age_distribution_in_source,c69eca96499bece4b2f65d4e40240f52e0bfb4027383b3f2db68a1b3e36c75f6
Vostok,Petit-et-al-2001,275.559000,,temperature_anomaly,-3.71,degC,observed;age_uncertainty_unavailable:GT4_has_no_point_age_distribution_in_source,c69eca96499bece4b2f65d4e40240f52e0bfb4027383b3f2db68a1b3e36c75f6
Vostok,Petit-et-al-2001,275.772000,,temperature_anomaly,-3.53,degC,observed;age_uncertainty_unavailable:GT4_has_no_point_age_distribution_in_source,c69eca96499bece4b2f65d4e40240f52e0bfb4027383b3f2db68a1b3e36c75f6
Vostok,Petit-et-al-2001,275.983000,,temperature_anomaly,-3.38,degC,observed;age_uncertainty_unavailable:GT4_has_no_point_age_distribution_in_source,c69eca96499bece4b2f65d4e40240f52e0bfb4027383b3f2db68a1b3e36c75f6
Vostok,Petit-et-al-2001,276.195000,,temperature_anomaly,-3.48,degC,observed;age_uncertainty_unavailable:GT4_has_no_point_age_distribution_in_source,c69eca96499bece4b2f65d4e40240f52e0bfb4027383b3f2db68a1b3e36c75f6
Vostok,Petit-et-al-2001,276.409000,,temperature_anomaly,-3.62,degC,observed;age_uncertainty_unavailable:GT4_has_no_point_age_distribution_in_source,c69eca96499bece4b2f65d4e40240f52e0bfb4027383b3f2db68a1b3e36c75f6
Vostok,Petit-et-al-2001,276.622000,,temperature_anomaly,-3.35,degC,observed;age_uncertainty_unavailable:GT4_has_no_point_age_distribution_in_source,c69eca96499bece4b2f65d4e40240f52e0bfb4027383b3f2db68a1b3e36c75f6
Vostok,Petit-et-al-2001,276.830000,,temperature_anomaly,-2.88,degC,observed;age_uncertainty_unavailable:GT4_has_no_point_age_distribution_in_source,c69eca96499bece4b2f65d4e40240f52e0bfb4027383b3f2db68a1b3e36c75f6
Vostok,Petit-et-al-2001,277.036000,,temperature_anomaly,-3.01,degC,observed;age_uncertainty_unavailable:GT4_has_no_point_age_distribution_in_source,c69eca96499bece4b2f65d4e40240f52e0bfb4027383b3f2db68a1b3e36c75f6
Vostok,Petit-et-al-2001,277.246000,,temperature_anomaly,-3.33,degC,observed;age_uncertainty_unavailable:GT4_has_no_point_age_distribution_in_source,c69eca96499bece4b2f65d4e40240f52e0bfb4027383b3f2db68a1b3e36c75f6
Vostok,Petit-et-al-2001,277.460000,,temperature_anomaly,-3.61,degC,observed;age_uncertainty_unavailable:GT4_has_no_point_age_distribution_in_source,c69eca96499bece4b2f65d4e40240f52e0bfb4027383b3f2db68a1b3e36c75f6
Vostok,Petit-et-al-2001,277.680000,,temperature_anomaly,-3.95,degC,observed;age_uncertainty_unavailable:GT4_has_no_point_age_distribution_in_source,c69eca96499bece4b2f65d4e40240f52e0bfb4027383b3f2db68a1b3e36c75f6
Vostok,Petit-et-al-2001,277.903000,,temperature_anomaly,-4,degC,observed;age_uncertainty_unavailable:GT4_has_no_point_age_distribution_in_source,c69eca96499bece4b2f65d4e40240f52e0bfb4027383b3f2db68a1b3e36c75f6
Vostok,Petit-et-al-2001,278.130000,,temperature_anomaly,-4.44,degC,observed;age_uncertainty_unavailable:GT4_has_no_point_age_distribution_in_source,c69eca96499bece4b2f65d4e40240f52e0bfb4027383b3f2db68a1b3e36c75f6
Vostok,Petit-et-al-2001,278.361000,,temperature_anomaly,-4.46,degC,observed;age_uncertainty_unavailable:GT4_has_no_point_age_distribution_in_source,c69eca96499bece4b2f65d4e40240f52e0bfb4027383b3f2db68a1b3e36c75f6
Vostok,Petit-et-al-2001,278.593000,,temperature_anomaly,-4.44,degC,observed;age_uncertainty_unavailable:GT4_has_no_point_age_distribution_in_source,c69eca96499bece4b2f65d4e40240f52e0bfb4027383b3f2db68a1b3e36c75f6
Vostok,Petit-et-al-2001,278.825000,,temperature_anomaly,-4.43,degC,observed;age_uncertainty_unavailable:GT4_has_no_point_age_distribution_in_source,c69eca96499bece4b2f65d4e40240f52e0bfb4027383b3f2db68a1b3e36c75f6
Vostok,Petit-et-al-2001,279.057000,,temperature_anomaly,-4.44,degC,observed;age_uncertainty_unavailable:GT4_has_no_point_age_distribution_in_source,c69eca96499bece4b2f65d4e40240f52e0bfb4027383b3f2db68a1b3e36c75f6
Vostok,Petit-et-al-2001,279.292000,,temperature_anomaly,-4.67,degC,observed;age_uncertainty_unavailable:GT4_has_no_point_age_distribution_in_source,c69eca96499bece4b2f65d4e40240f52e0bfb4027383b3f2db68a1b3e36c75f6
Vostok,Petit-et-al-2001,279.533000,,temperature_anomaly,-5.1,degC,observed;age_uncertainty_unavailable:GT4_has_no_point_age_distribution_in_source,c69eca96499bece4b2f65d4e40240f52e0bfb4027383b3f2db68a1b3e36c75f6
Vostok,Petit-et-al-2001,279.781000,,temperature_anomaly,-5.49,degC,observed;age_uncertainty_unavailable:GT4_has_no_point_age_distribution_in_source,c69eca96499bece4b2f65d4e40240f52e0bfb4027383b3f2db68a1b3e36c75f6
Vostok,Petit-et-al-2001,280.038000,,temperature_anomaly,-6.17,degC,observed;age_uncertainty_unavailable:GT4_has_no_point_age_distribution_in_source,c69eca96499bece4b2f65d4e40240f52e0bfb4027383b3f2db68a1b3e36c75f6
Vostok,Petit-et-al-2001,280.303000,,temperature_anomaly,-6.18,degC,observed;age_uncertainty_unavailable:GT4_has_no_point_age_distribution_in_source,c69eca96499bece4b2f65d4e40240f52e0bfb4027383b3f2db68a1b3e36c75f6
Vostok,Petit-et-al-2001,280.564000,,temperature_anomaly,-5.69,degC,observed;age_uncertainty_unavailable:GT4_has_no_point_age_distribution_in_source,c69eca96499bece4b2f65d4e40240f52e0bfb4027383b3f2db68a1b3e36c75f6
Vostok,Petit-et-al-2001,280.817000,,temperature_anomaly,-5.3,degC,observed;age_uncertainty_unavailable:GT4_has_no_point_age_distribution_in_source,c69eca96499bece4b2f65d4e40240f52e0bfb4027383b3f2db68a1b3e36c75f6
Vostok,Petit-et-al-2001,281.071000,,temperature_anomaly,-5.66,degC,observed;age_uncertainty_unavailable:GT4_has_no_point_age_distribution_in_source,c69eca96499bece4b2f65d4e40240f52e0bfb4027383b3f2db68a1b3e36c75f6
Vostok,Petit-et-al-2001,281.332000,,temperature_anomaly,-6.11,degC,observed;age_uncertainty_unavailable:GT4_has_no_point_age_distribution_in_source,c69eca96499bece4b2f65d4e40240f52e0bfb4027383b3f2db68a1b3e36c75f6
Vostok,Petit-et-al-2001,281.602000,,temperature_anomaly,-6.5,degC,observed;age_uncertainty_unavailable:GT4_has_no_point_age_distribution_in_source,c69eca96499bece4b2f65d4e40240f52e0bfb4027383b3f2db68a1b3e36c75f6
Vostok,Petit-et-al-2001,281.875000,,temperature_anomaly,-6.39,degC,observed;age_uncertainty_unavailable:GT4_has_no_point_age_distribution_in_source,c69eca96499bece4b2f65d4e40240f52e0bfb4027383b3f2db68a1b3e36c75f6
Vostok,Petit-et-al-2001,282.143000,,temperature_anomaly,-5.96,degC,observed;age_uncertainty_unavailable:GT4_has_no_point_age_distribution_in_source,c69eca96499bece4b2f65d4e40240f52e0bfb4027383b3f2db68a1b3e36c75f6
Vostok,Petit-et-al-2001,282.405000,,temperature_anomaly,-5.67,degC,observed;age_uncertainty_unavailable:GT4_has_no_point_age_distribution_in_source,c69eca96499bece4b2f65d4e40240f52e0bfb4027383b3f2db68a1b3e36c75f6
Vostok,Petit-et-al-2001,282.661000,,temperature_anomaly,-5.15,degC,observed;age_uncertainty_unavailable:GT4_has_no_point_age_distribution_in_source,c69eca96499bece4b2f65d4e40240f52e0bfb4027383b3f2db68a1b3e36c75f6
Vostok,Petit-et-al-2001,282.910000,,temperature_anomaly,-4.85,degC,observed;age_uncertainty_unavailable:GT4_has_no_point_age_distribution_in_source,c69eca96499bece4b2f65d4e40240f52e0bfb4027383b3f2db68a1b3e36c75f6
Vostok,Petit-et-al-2001,283.160000,,temperature_anomaly,-5.22,degC,observed;age_uncertainty_unavailable:GT4_has_no_point_age_distribution_in_source,c69eca96499bece4b2f65d4e40240f52e0bfb4027383b3f2db68a1b3e36c75f6
Vostok,Petit-et-al-2001,283.417000,,temperature_anomaly,-5.55,degC,observed;age_uncertainty_unavailable:GT4_has_no_point_age_distribution_in_source,c69eca96499bece4b2f65d4e40240f52e0bfb4027383b3f2db68a1b3e36c75f6
Vostok,Petit-et-al-2001,283.677000,,temperature_anomaly,-5.54,degC,observed;age_uncertainty_unavailable:GT4_has_no_point_age_distribution_in_source,c69eca96499bece4b2f65d4e40240f52e0bfb4027383b3f2db68a1b3e36c75f6
Vostok,Petit-et-al-2001,283.941000,,temperature_anomaly,-5.95,degC,observed;age_uncertainty_unavailable:GT4_has_no_point_age_distribution_in_source,c69eca96499bece4b2f65d4e40240f52e0bfb4027383b3f2db68a1b3e36c75f6
Vostok,Petit-et-al-2001,284.218000,,temperature_anomaly,-6.83,degC,observed;age_uncertainty_unavailable:GT4_has_no_point_age_distribution_in_source,c69eca96499bece4b2f65d4e40240f52e0bfb4027383b3f2db68a1b3e36c75f6
Vostok,Petit-et-al-2001,284.508000,,temperature_anomaly,-7.27,degC,observed;age_uncertainty_unavailable:GT4_has_no_point_age_distribution_in_source,c69eca96499bece4b2f65d4e40240f52e0bfb4027383b3f2db68a1b3e36c75f6
Vostok,Petit-et-al-2001,284.804000,,temperature_anomaly,-7.3,degC,observed;age_uncertainty_unavailable:GT4_has_no_point_age_distribution_in_source,c69eca96499bece4b2f65d4e40240f52e0bfb4027383b3f2db68a1b3e36c75f6
Vostok,Petit-et-al-2001,285.102000,,temperature_anomaly,-7.45,degC,observed;age_uncertainty_unavailable:GT4_has_no_point_age_distribution_in_source,c69eca96499bece4b2f65d4e40240f52e0bfb4027383b3f2db68a1b3e36c75f6
Vostok,Petit-et-al-2001,285.398000,,temperature_anomaly,-6.99,degC,observed;age_uncertainty_unavailable:GT4_has_no_point_age_distribution_in_source,c69eca96499bece4b2f65d4e40240f52e0bfb4027383b3f2db68a1b3e36c75f6
Vostok,Petit-et-al-2001,285.686000,,temperature_anomaly,-6.57,degC,observed;age_uncertainty_unavailable:GT4_has_no_point_age_distribution_in_source,c69eca96499bece4b2f65d4e40240f52e0bfb4027383b3f2db68a1b3e36c75f6
Vostok,Petit-et-al-2001,285.968000,,temperature_anomaly,-6.4,degC,observed;age_uncertainty_unavailable:GT4_has_no_point_age_distribution_in_source,c69eca96499bece4b2f65d4e40240f52e0bfb4027383b3f2db68a1b3e36c75f6
Vostok,Petit-et-al-2001,286.248000,,temperature_anomaly,-6.27,degC,observed;age_uncertainty_unavailable:GT4_has_no_point_age_distribution_in_source,c69eca96499bece4b2f65d4e40240f52e0bfb4027383b3f2db68a1b3e36c75f6
Vostok,Petit-et-al-2001,286.525000,,temperature_anomaly,-6.1,degC,observed;age_uncertainty_unavailable:GT4_has_no_point_age_distribution_in_source,c69eca96499bece4b2f65d4e40240f52e0bfb4027383b3f2db68a1b3e36c75f6
Vostok,Petit-et-al-2001,286.802000,,temperature_anomaly,-6.15,degC,observed;age_uncertainty_unavailable:GT4_has_no_point_age_distribution_in_source,c69eca96499bece4b2f65d4e40240f52e0bfb4027383b3f2db68a1b3e36c75f6
Vostok,Petit-et-al-2001,287.079000,,temperature_anomaly,-5.96,degC,observed;age_uncertainty_unavailable:GT4_has_no_point_age_distribution_in_source,c69eca96499bece4b2f65d4e40240f52e0bfb4027383b3f2db68a1b3e36c75f6
Vostok,Petit-et-al-2001,287.351000,,temperature_anomaly,-5.62,degC,observed;age_uncertainty_unavailable:GT4_has_no_point_age_distribution_in_source,c69eca96499bece4b2f65d4e40240f52e0bfb4027383b3f2db68a1b3e36c75f6
Vostok,Petit-et-al-2001,287.617000,,temperature_anomaly,-5.28,degC,observed;age_uncertainty_unavailable:GT4_has_no_point_age_distribution_in_source,c69eca96499bece4b2f65d4e40240f52e0bfb4027383b3f2db68a1b3e36c75f6
Vostok,Petit-et-al-2001,287.879000,,temperature_anomaly,-5.09,degC,observed;age_uncertainty_unavailable:GT4_has_no_point_age_distribution_in_source,c69eca96499bece4b2f65d4e40240f52e0bfb4027383b3f2db68a1b3e36c75f6
Vostok,Petit-et-al-2001,288.145000,,temperature_anomaly,-5.68,degC,observed;age_uncertainty_unavailable:GT4_has_no_point_age_distribution_in_source,c69eca96499bece4b2f65d4e40240f52e0bfb4027383b3f2db68a1b3e36c75f6
Vostok,Petit-et-al-2001,288.418000,,temperature_anomaly,-5.8,degC,observed;age_uncertainty_unavailable:GT4_has_no_point_age_distribution_in_source,c69eca96499bece4b2f65d4e40240f52e0bfb4027383b3f2db68a1b3e36c75f6
Vostok,Petit-et-al-2001,288.698000,,temperature_anomaly,-6.34,degC,observed;age_uncertainty_unavailable:GT4_has_no_point_age_distribution_in_source,c69eca96499bece4b2f65d4e40240f52e0bfb4027383b3f2db68a1b3e36c75f6
Vostok,Petit-et-al-2001,288.986000,,temperature_anomaly,-6.5,degC,observed;age_uncertainty_unavailable:GT4_has_no_point_age_distribution_in_source,c69eca96499bece4b2f65d4e40240f52e0bfb4027383b3f2db68a1b3e36c75f6
Vostok,Petit-et-al-2001,289.271000,,temperature_anomaly,-6.06,degC,observed;age_uncertainty_unavailable:GT4_has_no_point_age_distribution_in_source,c69eca96499bece4b2f65d4e40240f52e0bfb4027383b3f2db68a1b3e36c75f6
Vostok,Petit-et-al-2001,289.549000,,temperature_anomaly,-5.67,degC,observed;age_uncertainty_unavailable:GT4_has_no_point_age_distribution_in_source,c69eca96499bece4b2f65d4e40240f52e0bfb4027383b3f2db68a1b3e36c75f6
Vostok,Petit-et-al-2001,289.823000,,temperature_anomaly,-5.56,degC,observed;age_uncertainty_unavailable:GT4_has_no_point_age_distribution_in_source,c69eca96499bece4b2f65d4e40240f52e0bfb4027383b3f2db68a1b3e36c75f6
Vostok,Petit-et-al-2001,290.100000,,temperature_anomaly,-6,degC,observed;age_uncertainty_unavailable:GT4_has_no_point_age_distribution_in_source,c69eca96499bece4b2f65d4e40240f52e0bfb4027383b3f2db68a1b3e36c75f6
Vostok,Petit-et-al-2001,290.382000,,temperature_anomaly,-6,degC,observed;age_uncertainty_unavailable:GT4_has_no_point_age_distribution_in_source,c69eca96499bece4b2f65d4e40240f52e0bfb4027383b3f2db68a1b3e36c75f6
Vostok,Petit-et-al-2001,290.660000,,temperature_anomaly,-5.39,degC,observed;age_uncertainty_unavailable:GT4_has_no_point_age_distribution_in_source,c69eca96499bece4b2f65d4e40240f52e0bfb4027383b3f2db68a1b3e36c75f6
Vostok,Petit-et-al-2001,290.929000,,temperature_anomaly,-5.15,degC,observed;age_uncertainty_unavailable:GT4_has_no_point_age_distribution_in_source,c69eca96499bece4b2f65d4e40240f52e0bfb4027383b3f2db68a1b3e36c75f6
Vostok,Petit-et-al-2001,291.193000,,temperature_anomaly,-4.65,degC,observed;age_uncertainty_unavailable:GT4_has_no_point_age_distribution_in_source,c69eca96499bece4b2f65d4e40240f52e0bfb4027383b3f2db68a1b3e36c75f6
Vostok,Petit-et-al-2001,291.455000,,temperature_anomaly,-4.93,degC,observed;age_uncertainty_unavailable:GT4_has_no_point_age_distribution_in_source,c69eca96499bece4b2f65d4e40240f52e0bfb4027383b3f2db68a1b3e36c75f6
Vostok,Petit-et-al-2001,291.721000,,temperature_anomaly,-5.07,degC,observed;age_uncertainty_unavailable:GT4_has_no_point_age_distribution_in_source,c69eca96499bece4b2f65d4e40240f52e0bfb4027383b3f2db68a1b3e36c75f6
Vostok,Petit-et-al-2001,291.986000,,temperature_anomaly,-4.62,degC,observed;age_uncertainty_unavailable:GT4_has_no_point_age_distribution_in_source,c69eca96499bece4b2f65d4e40240f52e0bfb4027383b3f2db68a1b3e36c75f6
Vostok,Petit-et-al-2001,292.242000,,temperature_anomaly,-4.13,degC,observed;age_uncertainty_unavailable:GT4_has_no_point_age_distribution_in_source,c69eca96499bece4b2f65d4e40240f52e0bfb4027383b3f2db68a1b3e36c75f6
Vostok,Petit-et-al-2001,292.490000,,temperature_anomaly,-3.52,degC,observed;age_uncertainty_unavailable:GT4_has_no_point_age_distribution_in_source,c69eca96499bece4b2f65d4e40240f52e0bfb4027383b3f2db68a1b3e36c75f6
Vostok,Petit-et-al-2001,292.732000,,temperature_anomaly,-3.46,degC,observed;age_uncertainty_unavailable:GT4_has_no_point_age_distribution_in_source,c69eca96499bece4b2f65d4e40240f52e0bfb4027383b3f2db68a1b3e36c75f6
Vostok,Petit-et-al-2001,292.976000,,temperature_anomaly,-3.67,degC,observed;age_uncertainty_unavailable:GT4_has_no_point_age_distribution_in_source,c69eca96499bece4b2f65d4e40240f52e0bfb4027383b3f2db68a1b3e36c75f6
Vostok,Petit-et-al-2001,293.232000,,temperature_anomaly,-4.76,degC,observed;age_uncertainty_unavailable:GT4_has_no_point_age_distribution_in_source,c69eca96499bece4b2f65d4e40240f52e0bfb4027383b3f2db68a1b3e36c75f6
Vostok,Petit-et-al-2001,293.502000,,temperature_anomaly,-5.22,degC,observed;age_uncertainty_unavailable:GT4_has_no_point_age_distribution_in_source,c69eca96499bece4b2f65d4e40240f52e0bfb4027383b3f2db68a1b3e36c75f6
Vostok,Petit-et-al-2001,293.779000,,temperature_anomaly,-5.34,degC,observed;age_uncertainty_unavailable:GT4_has_no_point_age_distribution_in_source,c69eca96499bece4b2f65d4e40240f52e0bfb4027383b3f2db68a1b3e36c75f6
Vostok,Petit-et-al-2001,294.060000,,temperature_anomaly,-5.6,degC,observed;age_uncertainty_unavailable:GT4_has_no_point_age_distribution_in_source,c69eca96499bece4b2f65d4e40240f52e0bfb4027383b3f2db68a1b3e36c75f6
Vostok,Petit-et-al-2001,294.348000,,temperature_anomaly,-6.06,degC,observed;age_uncertainty_unavailable:GT4_has_no_point_age_distribution_in_source,c69eca96499bece4b2f65d4e40240f52e0bfb4027383b3f2db68a1b3e36c75f6
Vostok,Petit-et-al-2001,294.637000,,temperature_anomaly,-5.56,degC,observed;age_uncertainty_unavailable:GT4_has_no_point_age_distribution_in_source,c69eca96499bece4b2f65d4e40240f52e0bfb4027383b3f2db68a1b3e36c75f6
Vostok,Petit-et-al-2001,294.919000,,temperature_anomaly,-5.34,degC,observed;age_uncertainty_unavailable:GT4_has_no_point_age_distribution_in_source,c69eca96499bece4b2f65d4e40240f52e0bfb4027383b3f2db68a1b3e36c75f6
Vostok,Petit-et-al-2001,295.198000,,temperature_anomaly,-5.13,degC,observed;age_uncertainty_unavailable:GT4_has_no_point_age_distribution_in_source,c69eca96499bece4b2f65d4e40240f52e0bfb4027383b3f2db68a1b3e36c75f6
Vostok,Petit-et-al-2001,295.474000,,temperature_anomaly,-4.96,degC,observed;age_uncertainty_unavailable:GT4_has_no_point_age_distribution_in_source,c69eca96499bece4b2f65d4e40240f52e0bfb4027383b3f2db68a1b3e36c75f6
Vostok,Petit-et-al-2001,295.749000,,temperature_anomaly,-4.94,degC,observed;age_uncertainty_unavailable:GT4_has_no_point_age_distribution_in_source,c69eca96499bece4b2f65d4e40240f52e0bfb4027383b3f2db68a1b3e36c75f6
Vostok,Petit-et-al-2001,296.020000,,temperature_anomaly,-4.57,degC,observed;age_uncertainty_unavailable:GT4_has_no_point_age_distribution_in_source,c69eca96499bece4b2f65d4e40240f52e0bfb4027383b3f2db68a1b3e36c75f6
Vostok,Petit-et-al-2001,296.289000,,temperature_anomaly,-4.53,degC,observed;age_uncertainty_unavailable:GT4_has_no_point_age_distribution_in_source,c69eca96499bece4b2f65d4e40240f52e0bfb4027383b3f2db68a1b3e36c75f6
Vostok,Petit-et-al-2001,296.562000,,temperature_anomaly,-5.04,degC,observed;age_uncertainty_unavailable:GT4_has_no_point_age_distribution_in_source,c69eca96499bece4b2f65d4e40240f52e0bfb4027383b3f2db68a1b3e36c75f6
Vostok,Petit-et-al-2001,296.840000,,temperature_anomaly,-4.92,degC,observed;age_uncertainty_unavailable:GT4_has_no_point_age_distribution_in_source,c69eca96499bece4b2f65d4e40240f52e0bfb4027383b3f2db68a1b3e36c75f6
Vostok,Petit-et-al-2001,297.116000,,temperature_anomaly,-4.81,degC,observed;age_uncertainty_unavailable:GT4_has_no_point_age_distribution_in_source,c69eca96499bece4b2f65d4e40240f52e0bfb4027383b3f2db68a1b3e36c75f6
Vostok,Petit-et-al-2001,297.393000,,temperature_anomaly,-4.9,degC,observed;age_uncertainty_unavailable:GT4_has_no_point_age_distribution_in_source,c69eca96499bece4b2f65d4e40240f52e0bfb4027383b3f2db68a1b3e36c75f6
Vostok,Petit-et-al-2001,297.669000,,temperature_anomaly,-4.7,degC,observed;age_uncertainty_unavailable:GT4_has_no_point_age_distribution_in_source,c69eca96499bece4b2f65d4e40240f52e0bfb4027383b3f2db68a1b3e36c75f6
Vostok,Petit-et-al-2001,297.943000,,temperature_anomaly,-4.57,degC,observed;age_uncertainty_unavailable:GT4_has_no_point_age_distribution_in_source,c69eca96499bece4b2f65d4e40240f52e0bfb4027383b3f2db68a1b3e36c75f6
Vostok,Petit-et-al-2001,298.215000,,temperature_anomaly,-4.48,degC,observed;age_uncertainty_unavailable:GT4_has_no_point_age_distribution_in_source,c69eca96499bece4b2f65d4e40240f52e0bfb4027383b3f2db68a1b3e36c75f6
Vostok,Petit-et-al-2001,298.485000,,temperature_anomaly,-4.2,degC,observed;age_uncertainty_unavailable:GT4_has_no_point_age_distribution_in_source,c69eca96499bece4b2f65d4e40240f52e0bfb4027383b3f2db68a1b3e36c75f6
Vostok,Petit-et-al-2001,298.749000,,temperature_anomaly,-3.81,degC,observed;age_uncertainty_unavailable:GT4_has_no_point_age_distribution_in_source,c69eca96499bece4b2f65d4e40240f52e0bfb4027383b3f2db68a1b3e36c75f6
Vostok,Petit-et-al-2001,299.012000,,temperature_anomaly,-4.04,degC,observed;age_uncertainty_unavailable:GT4_has_no_point_age_distribution_in_source,c69eca96499bece4b2f65d4e40240f52e0bfb4027383b3f2db68a1b3e36c75f6
Vostok,Petit-et-al-2001,299.275000,,temperature_anomaly,-3.69,degC,observed;age_uncertainty_unavailable:GT4_has_no_point_age_distribution_in_source,c69eca96499bece4b2f65d4e40240f52e0bfb4027383b3f2db68a1b3e36c75f6
Vostok,Petit-et-al-2001,299.533000,,temperature_anomaly,-3.45,degC,observed;age_uncertainty_unavailable:GT4_has_no_point_age_distribution_in_source,c69eca96499bece4b2f65d4e40240f52e0bfb4027383b3f2db68a1b3e36c75f6
Vostok,Petit-et-al-2001,299.788000,,temperature_anomaly,-3.19,degC,observed;age_uncertainty_unavailable:GT4_has_no_point_age_distribution_in_source,c69eca96499bece4b2f65d4e40240f52e0bfb4027383b3f2db68a1b3e36c75f6
Vostok,Petit-et-al-2001,300.039000,,temperature_anomaly,-3.08,degC,observed;age_uncertainty_unavailable:GT4_has_no_point_age_distribution_in_source,c69eca96499bece4b2f65d4e40240f52e0bfb4027383b3f2db68a1b3e36c75f6
Vostok,Petit-et-al-2001,300.293000,,temperature_anomaly,-3.26,degC,observed;age_uncertainty_unavailable:GT4_has_no_point_age_distribution_in_source,c69eca96499bece4b2f65d4e40240f52e0bfb4027383b3f2db68a1b3e36c75f6
Vostok,Petit-et-al-2001,300.547000,,temperature_anomaly,-3.13,degC,observed;age_uncertainty_unavailable:GT4_has_no_point_age_distribution_in_source,c69eca96499bece4b2f65d4e40240f52e0bfb4027383b3f2db68a1b3e36c75f6
Vostok,Petit-et-al-2001,300.799000,,temperature_anomaly,-2.97,degC,observed;age_uncertainty_unavailable:GT4_has_no_point_age_distribution_in_source,c69eca96499bece4b2f65d4e40240f52e0bfb4027383b3f2db68a1b3e36c75f6
Vostok,Petit-et-al-2001,301.052000,,temperature_anomaly,-3.17,degC,observed;age_uncertainty_unavailable:GT4_has_no_point_age_distribution_in_source,c69eca96499bece4b2f65d4e40240f52e0bfb4027383b3f2db68a1b3e36c75f6
Vostok,Petit-et-al-2001,301.305000,,temperature_anomaly,-2.92,degC,observed;age_uncertainty_unavailable:GT4_has_no_point_age_distribution_in_source,c69eca96499bece4b2f65d4e40240f52e0bfb4027383b3f2db68a1b3e36c75f6
Vostok,Petit-et-al-2001,301.560000,,temperature_anomaly,-3.32,degC,observed;age_uncertainty_unavailable:GT4_has_no_point_age_distribution_in_source,c69eca96499bece4b2f65d4e40240f52e0bfb4027383b3f2db68a1b3e36c75f6
Vostok,Petit-et-al-2001,301.813000,,temperature_anomaly,-2.52,degC,observed;age_uncertainty_unavailable:GT4_has_no_point_age_distribution_in_source,c69eca96499bece4b2f65d4e40240f52e0bfb4027383b3f2db68a1b3e36c75f6
Vostok,Petit-et-al-2001,302.061000,,temperature_anomaly,-2.76,degC,observed;age_uncertainty_unavailable:GT4_has_no_point_age_distribution_in_source,c69eca96499bece4b2f65d4e40240f52e0bfb4027383b3f2db68a1b3e36c75f6
Vostok,Petit-et-al-2001,302.320000,,temperature_anomaly,-3.64,degC,observed;age_uncertainty_unavailable:GT4_has_no_point_age_distribution_in_source,c69eca96499bece4b2f65d4e40240f52e0bfb4027383b3f2db68a1b3e36c75f6
Vostok,Petit-et-al-2001,302.583000,,temperature_anomaly,-3.19,degC,observed;age_uncertainty_unavailable:GT4_has_no_point_age_distribution_in_source,c69eca96499bece4b2f65d4e40240f52e0bfb4027383b3f2db68a1b3e36c75f6
Vostok,Petit-et-al-2001,302.834000,,temperature_anomaly,-2.28,degC,observed;age_uncertainty_unavailable:GT4_has_no_point_age_distribution_in_source,c69eca96499bece4b2f65d4e40240f52e0bfb4027383b3f2db68a1b3e36c75f6
Vostok,Petit-et-al-2001,303.077000,,temperature_anomaly,-2.04,degC,observed;age_uncertainty_unavailable:GT4_has_no_point_age_distribution_in_source,c69eca96499bece4b2f65d4e40240f52e0bfb4027383b3f2db68a1b3e36c75f6
Vostok,Petit-et-al-2001,303.316000,,temperature_anomaly,-1.74,degC,observed;age_uncertainty_unavailable:GT4_has_no_point_age_distribution_in_source,c69eca96499bece4b2f65d4e40240f52e0bfb4027383b3f2db68a1b3e36c75f6
Vostok,Petit-et-al-2001,303.558000,,temperature_anomaly,-2.34,degC,observed;age_uncertainty_unavailable:GT4_has_no_point_age_distribution_in_source,c69eca96499bece4b2f65d4e40240f52e0bfb4027383b3f2db68a1b3e36c75f6
Vostok,Petit-et-al-2001,303.810000,,temperature_anomaly,-2.88,degC,observed;age_uncertainty_unavailable:GT4_has_no_point_age_distribution_in_source,c69eca96499bece4b2f65d4e40240f52e0bfb4027383b3f2db68a1b3e36c75f6
Vostok,Petit-et-al-2001,304.068000,,temperature_anomaly,-3.03,degC,observed;age_uncertainty_unavailable:GT4_has_no_point_age_distribution_in_source,c69eca96499bece4b2f65d4e40240f52e0bfb4027383b3f2db68a1b3e36c75f6
Vostok,Petit-et-al-2001,304.333000,,temperature_anomaly,-3.46,degC,observed;age_uncertainty_unavailable:GT4_has_no_point_age_distribution_in_source,c69eca96499bece4b2f65d4e40240f52e0bfb4027383b3f2db68a1b3e36c75f6
Vostok,Petit-et-al-2001,304.606000,,temperature_anomaly,-3.88,degC,observed;age_uncertainty_unavailable:GT4_has_no_point_age_distribution_in_source,c69eca96499bece4b2f65d4e40240f52e0bfb4027383b3f2db68a1b3e36c75f6
Vostok,Petit-et-al-2001,304.886000,,temperature_anomaly,-4.13,degC,observed;age_uncertainty_unavailable:GT4_has_no_point_age_distribution_in_source,c69eca96499bece4b2f65d4e40240f52e0bfb4027383b3f2db68a1b3e36c75f6
Vostok,Petit-et-al-2001,305.171000,,temperature_anomaly,-4.32,degC,observed;age_uncertainty_unavailable:GT4_has_no_point_age_distribution_in_source,c69eca96499bece4b2f65d4e40240f52e0bfb4027383b3f2db68a1b3e36c75f6
Vostok,Petit-et-al-2001,305.463000,,temperature_anomaly,-4.82,degC,observed;age_uncertainty_unavailable:GT4_has_no_point_age_distribution_in_source,c69eca96499bece4b2f65d4e40240f52e0bfb4027383b3f2db68a1b3e36c75f6
Vostok,Petit-et-al-2001,305.764000,,temperature_anomaly,-5.14,degC,observed;age_uncertainty_unavailable:GT4_has_no_point_age_distribution_in_source,c69eca96499bece4b2f65d4e40240f52e0bfb4027383b3f2db68a1b3e36c75f6
Vostok,Petit-et-al-2001,306.073000,,temperature_anomaly,-5.42,degC,observed;age_uncertainty_unavailable:GT4_has_no_point_age_distribution_in_source,c69eca96499bece4b2f65d4e40240f52e0bfb4027383b3f2db68a1b3e36c75f6
Vostok,Petit-et-al-2001,306.386000,,temperature_anomaly,-5.54,degC,observed;age_uncertainty_unavailable:GT4_has_no_point_age_distribution_in_source,c69eca96499bece4b2f65d4e40240f52e0bfb4027383b3f2db68a1b3e36c75f6
Vostok,Petit-et-al-2001,306.698000,,temperature_anomaly,-5.14,degC,observed;age_uncertainty_unavailable:GT4_has_no_point_age_distribution_in_source,c69eca96499bece4b2f65d4e40240f52e0bfb4027383b3f2db68a1b3e36c75f6
Vostok,Petit-et-al-2001,307.005000,,temperature_anomaly,-5.09,degC,observed;age_uncertainty_unavailable:GT4_has_no_point_age_distribution_in_source,c69eca96499bece4b2f65d4e40240f52e0bfb4027383b3f2db68a1b3e36c75f6
Vostok,Petit-et-al-2001,307.309000,,temperature_anomaly,-4.72,degC,observed;age_uncertainty_unavailable:GT4_has_no_point_age_distribution_in_source,c69eca96499bece4b2f65d4e40240f52e0bfb4027383b3f2db68a1b3e36c75f6
Vostok,Petit-et-al-2001,307.608000,,temperature_anomaly,-4.58,degC,observed;age_uncertainty_unavailable:GT4_has_no_point_age_distribution_in_source,c69eca96499bece4b2f65d4e40240f52e0bfb4027383b3f2db68a1b3e36c75f6
Vostok,Petit-et-al-2001,307.908000,,temperature_anomaly,-4.69,degC,observed;age_uncertainty_unavailable:GT4_has_no_point_age_distribution_in_source,c69eca96499bece4b2f65d4e40240f52e0bfb4027383b3f2db68a1b3e36c75f6
Vostok,Petit-et-al-2001,308.206000,,temperature_anomaly,-4.41,degC,observed;age_uncertainty_unavailable:GT4_has_no_point_age_distribution_in_source,c69eca96499bece4b2f65d4e40240f52e0bfb4027383b3f2db68a1b3e36c75f6
Vostok,Petit-et-al-2001,308.500000,,temperature_anomaly,-4.09,degC,observed;age_uncertainty_unavailable:GT4_has_no_point_age_distribution_in_source,c69eca96499bece4b2f65d4e40240f52e0bfb4027383b3f2db68a1b3e36c75f6
Vostok,Petit-et-al-2001,308.789000,,temperature_anomaly,-3.95,degC,observed;age_uncertainty_unavailable:GT4_has_no_point_age_distribution_in_source,c69eca96499bece4b2f65d4e40240f52e0bfb4027383b3f2db68a1b3e36c75f6
Vostok,Petit-et-al-2001,309.077000,,temperature_anomaly,-3.86,degC,observed;age_uncertainty_unavailable:GT4_has_no_point_age_distribution_in_source,c69eca96499bece4b2f65d4e40240f52e0bfb4027383b3f2db68a1b3e36c75f6
Vostok,Petit-et-al-2001,309.365000,,temperature_anomaly,-3.83,degC,observed;age_uncertainty_unavailable:GT4_has_no_point_age_distribution_in_source,c69eca96499bece4b2f65d4e40240f52e0bfb4027383b3f2db68a1b3e36c75f6
Vostok,Petit-et-al-2001,309.651000,,temperature_anomaly,-3.69,degC,observed;age_uncertainty_unavailable:GT4_has_no_point_age_distribution_in_source,c69eca96499bece4b2f65d4e40240f52e0bfb4027383b3f2db68a1b3e36c75f6
Vostok,Petit-et-al-2001,309.934000,,temperature_anomaly,-3.39,degC,observed;age_uncertainty_unavailable:GT4_has_no_point_age_distribution_in_source,c69eca96499bece4b2f65d4e40240f52e0bfb4027383b3f2db68a1b3e36c75f6
Vostok,Petit-et-al-2001,310.215000,,temperature_anomaly,-3.32,degC,observed;age_uncertainty_unavailable:GT4_has_no_point_age_distribution_in_source,c69eca96499bece4b2f65d4e40240f52e0bfb4027383b3f2db68a1b3e36c75f6
Vostok,Petit-et-al-2001,310.493000,,temperature_anomaly,-3.06,degC,observed;age_uncertainty_unavailable:GT4_has_no_point_age_distribution_in_source,c69eca96499bece4b2f65d4e40240f52e0bfb4027383b3f2db68a1b3e36c75f6
Vostok,Petit-et-al-2001,310.766000,,temperature_anomaly,-2.78,degC,observed;age_uncertainty_unavailable:GT4_has_no_point_age_distribution_in_source,c69eca96499bece4b2f65d4e40240f52e0bfb4027383b3f2db68a1b3e36c75f6
Vostok,Petit-et-al-2001,311.035000,,temperature_anomaly,-2.54,degC,observed;age_uncertainty_unavailable:GT4_has_no_point_age_distribution_in_source,c69eca96499bece4b2f65d4e40240f52e0bfb4027383b3f2db68a1b3e36c75f6
Vostok,Petit-et-al-2001,311.302000,,temperature_anomaly,-2.39,degC,observed;age_uncertainty_unavailable:GT4_has_no_point_age_distribution_in_source,c69eca96499bece4b2f65d4e40240f52e0bfb4027383b3f2db68a1b3e36c75f6
Vostok,Petit-et-al-2001,311.568000,,temperature_anomaly,-2.33,degC,observed;age_uncertainty_unavailable:GT4_has_no_point_age_distribution_in_source,c69eca96499bece4b2f65d4e40240f52e0bfb4027383b3f2db68a1b3e36c75f6
Vostok,Petit-et-al-2001,311.832000,,temperature_anomaly,-2.22,degC,observed;age_uncertainty_unavailable:GT4_has_no_point_age_distribution_in_source,c69eca96499bece4b2f65d4e40240f52e0bfb4027383b3f2db68a1b3e36c75f6
Vostok,Petit-et-al-2001,312.099000,,temperature_anomaly,-2.45,degC,observed;age_uncertainty_unavailable:GT4_has_no_point_age_distribution_in_source,c69eca96499bece4b2f65d4e40240f52e0bfb4027383b3f2db68a1b3e36c75f6
Vostok,Petit-et-al-2001,312.367000,,temperature_anomaly,-2.35,degC,observed;age_uncertainty_unavailable:GT4_has_no_point_age_distribution_in_source,c69eca96499bece4b2f65d4e40240f52e0bfb4027383b3f2db68a1b3e36c75f6
Vostok,Petit-et-al-2001,312.634000,,temperature_anomaly,-2.29,degC,observed;age_uncertainty_unavailable:GT4_has_no_point_age_distribution_in_source,c69eca96499bece4b2f65d4e40240f52e0bfb4027383b3f2db68a1b3e36c75f6
Vostok,Petit-et-al-2001,312.899000,,temperature_anomaly,-1.92,degC,observed;age_uncertainty_unavailable:GT4_has_no_point_age_distribution_in_source,c69eca96499bece4b2f65d4e40240f52e0bfb4027383b3f2db68a1b3e36c75f6
Vostok,Petit-et-al-2001,313.159000,,temperature_anomaly,-1.79,degC,observed;age_uncertainty_unavailable:GT4_has_no_point_age_distribution_in_source,c69eca96499bece4b2f65d4e40240f52e0bfb4027383b3f2db68a1b3e36c75f6
Vostok,Petit-et-al-2001,313.418000,,temperature_anomaly,-1.61,degC,observed;age_uncertainty_unavailable:GT4_has_no_point_age_distribution_in_source,c69eca96499bece4b2f65d4e40240f52e0bfb4027383b3f2db68a1b3e36c75f6
Vostok,Petit-et-al-2001,313.674000,,temperature_anomaly,-1.34,degC,observed;age_uncertainty_unavailable:GT4_has_no_point_age_distribution_in_source,c69eca96499bece4b2f65d4e40240f52e0bfb4027383b3f2db68a1b3e36c75f6
Vostok,Petit-et-al-2001,313.928000,,temperature_anomaly,-1.38,degC,observed;age_uncertainty_unavailable:GT4_has_no_point_age_distribution_in_source,c69eca96499bece4b2f65d4e40240f52e0bfb4027383b3f2db68a1b3e36c75f6
Vostok,Petit-et-al-2001,314.183000,,temperature_anomaly,-1.36,degC,observed;age_uncertainty_unavailable:GT4_has_no_point_age_distribution_in_source,c69eca96499bece4b2f65d4e40240f52e0bfb4027383b3f2db68a1b3e36c75f6
Vostok,Petit-et-al-2001,314.438000,,temperature_anomaly,-1.32,degC,observed;age_uncertainty_unavailable:GT4_has_no_point_age_distribution_in_source,c69eca96499bece4b2f65d4e40240f52e0bfb4027383b3f2db68a1b3e36c75f6
Vostok,Petit-et-al-2001,314.692000,,temperature_anomaly,-1.1,degC,observed;age_uncertainty_unavailable:GT4_has_no_point_age_distribution_in_source,c69eca96499bece4b2f65d4e40240f52e0bfb4027383b3f2db68a1b3e36c75f6
Vostok,Petit-et-al-2001,314.943000,,temperature_anomaly,-0.99,degC,observed;age_uncertainty_unavailable:GT4_has_no_point_age_distribution_in_source,c69eca96499bece4b2f65d4e40240f52e0bfb4027383b3f2db68a1b3e36c75f6
Vostok,Petit-et-al-2001,315.194000,,temperature_anomaly,-0.97,degC,observed;age_uncertainty_unavailable:GT4_has_no_point_age_distribution_in_source,c69eca96499bece4b2f65d4e40240f52e0bfb4027383b3f2db68a1b3e36c75f6
Vostok,Petit-et-al-2001,315.443000,,temperature_anomaly,-0.64,degC,observed;age_uncertainty_unavailable:GT4_has_no_point_age_distribution_in_source,c69eca96499bece4b2f65d4e40240f52e0bfb4027383b3f2db68a1b3e36c75f6
Vostok,Petit-et-al-2001,315.689000,,temperature_anomaly,-0.48,degC,observed;age_uncertainty_unavailable:GT4_has_no_point_age_distribution_in_source,c69eca96499bece4b2f65d4e40240f52e0bfb4027383b3f2db68a1b3e36c75f6
Vostok,Petit-et-al-2001,315.934000,,temperature_anomaly,-0.46,degC,observed;age_uncertainty_unavailable:GT4_has_no_point_age_distribution_in_source,c69eca96499bece4b2f65d4e40240f52e0bfb4027383b3f2db68a1b3e36c75f6
Vostok,Petit-et-al-2001,316.179000,,temperature_anomaly,-0.51,degC,observed;age_uncertainty_unavailable:GT4_has_no_point_age_distribution_in_source,c69eca96499bece4b2f65d4e40240f52e0bfb4027383b3f2db68a1b3e36c75f6
Vostok,Petit-et-al-2001,316.424000,,temperature_anomaly,-0.18,degC,observed;age_uncertainty_unavailable:GT4_has_no_point_age_distribution_in_source,c69eca96499bece4b2f65d4e40240f52e0bfb4027383b3f2db68a1b3e36c75f6
Vostok,Petit-et-al-2001,316.666000,,temperature_anomaly,-0.18,degC,observed;age_uncertainty_unavailable:GT4_has_no_point_age_distribution_in_source,c69eca96499bece4b2f65d4e40240f52e0bfb4027383b3f2db68a1b3e36c75f6
Vostok,Petit-et-al-2001,316.910000,,temperature_anomaly,-0.33,degC,observed;age_uncertainty_unavailable:GT4_has_no_point_age_distribution_in_source,c69eca96499bece4b2f65d4e40240f52e0bfb4027383b3f2db68a1b3e36c75f6
Vostok,Petit-et-al-2001,317.155000,,temperature_anomaly,-0.2,degC,observed;age_uncertainty_unavailable:GT4_has_no_point_age_distribution_in_source,c69eca96499bece4b2f65d4e40240f52e0bfb4027383b3f2db68a1b3e36c75f6
Vostok,Petit-et-al-2001,317.401000,,temperature_anomaly,-0.39,degC,observed;age_uncertainty_unavailable:GT4_has_no_point_age_distribution_in_source,c69eca96499bece4b2f65d4e40240f52e0bfb4027383b3f2db68a1b3e36c75f6
Vostok,Petit-et-al-2001,317.649000,,temperature_anomaly,-0.42,degC,observed;age_uncertainty_unavailable:GT4_has_no_point_age_distribution_in_source,c69eca96499bece4b2f65d4e40240f52e0bfb4027383b3f2db68a1b3e36c75f6
Vostok,Petit-et-al-2001,317.897000,,temperature_anomaly,-0.14,degC,observed;age_uncertainty_unavailable:GT4_has_no_point_age_distribution_in_source,c69eca96499bece4b2f65d4e40240f52e0bfb4027383b3f2db68a1b3e36c75f6
Vostok,Petit-et-al-2001,318.141000,,temperature_anomaly,-0.03,degC,observed;age_uncertainty_unavailable:GT4_has_no_point_age_distribution_in_source,c69eca96499bece4b2f65d4e40240f52e0bfb4027383b3f2db68a1b3e36c75f6
Vostok,Petit-et-al-2001,318.385000,,temperature_anomaly,0.02,degC,observed;age_uncertainty_unavailable:GT4_has_no_point_age_distribution_in_source,c69eca96499bece4b2f65d4e40240f52e0bfb4027383b3f2db68a1b3e36c75f6
Vostok,Petit-et-al-2001,318.628000,,temperature_anomaly,0.2,degC,observed;age_uncertainty_unavailable:GT4_has_no_point_age_distribution_in_source,c69eca96499bece4b2f65d4e40240f52e0bfb4027383b3f2db68a1b3e36c75f6
Vostok,Petit-et-al-2001,318.872000,,temperature_anomaly,0.01,degC,observed;age_uncertainty_unavailable:GT4_has_no_point_age_distribution_in_source,c69eca96499bece4b2f65d4e40240f52e0bfb4027383b3f2db68a1b3e36c75f6
Vostok,Petit-et-al-2001,319.118000,,temperature_anomaly,0.02,degC,observed;age_uncertainty_unavailable:GT4_has_no_point_age_distribution_in_source,c69eca96499bece4b2f65d4e40240f52e0bfb4027383b3f2db68a1b3e36c75f6
Vostok,Petit-et-al-2001,319.364000,,temperature_anomaly,0.16,degC,observed;age_uncertainty_unavailable:GT4_has_no_point_age_distribution_in_source,c69eca96499bece4b2f65d4e40240f52e0bfb4027383b3f2db68a1b3e36c75f6
Vostok,Petit-et-al-2001,319.608000,,temperature_anomaly,0.24,degC,observed;age_uncertainty_unavailable:GT4_has_no_point_age_distribution_in_source,c69eca96499bece4b2f65d4e40240f52e0bfb4027383b3f2db68a1b3e36c75f6
Vostok,Petit-et-al-2001,319.853000,,temperature_anomaly,0.15,degC,observed;age_uncertainty_unavailable:GT4_has_no_point_age_distribution_in_source,c69eca96499bece4b2f65d4e40240f52e0bfb4027383b3f2db68a1b3e36c75f6
Vostok,Petit-et-al-2001,320.102000,,temperature_anomaly,-0.12,degC,observed;age_uncertainty_unavailable:GT4_has_no_point_age_distribution_in_source,c69eca96499bece4b2f65d4e40240f52e0bfb4027383b3f2db68a1b3e36c75f6
Vostok,Petit-et-al-2001,320.354000,,temperature_anomaly,-0.18,degC,observed;age_uncertainty_unavailable:GT4_has_no_point_age_distribution_in_source,c69eca96499bece4b2f65d4e40240f52e0bfb4027383b3f2db68a1b3e36c75f6
Vostok,Petit-et-al-2001,320.607000,,temperature_anomaly,-0.09,degC,observed;age_uncertainty_unavailable:GT4_has_no_point_age_distribution_in_source,c69eca96499bece4b2f65d4e40240f52e0bfb4027383b3f2db68a1b3e36c75f6
Vostok,Petit-et-al-2001,320.856000,,temperature_anomaly,0.38,degC,observed;age_uncertainty_unavailable:GT4_has_no_point_age_distribution_in_source,c69eca96499bece4b2f65d4e40240f52e0bfb4027383b3f2db68a1b3e36c75f6
Vostok,Petit-et-al-2001,321.095000,,temperature_anomaly,1.14,degC,observed;age_uncertainty_unavailable:GT4_has_no_point_age_distribution_in_source,c69eca96499bece4b2f65d4e40240f52e0bfb4027383b3f2db68a1b3e36c75f6
Vostok,Petit-et-al-2001,321.329000,,temperature_anomaly,1.26,degC,observed;age_uncertainty_unavailable:GT4_has_no_point_age_distribution_in_source,c69eca96499bece4b2f65d4e40240f52e0bfb4027383b3f2db68a1b3e36c75f6
Vostok,Petit-et-al-2001,321.559000,,temperature_anomaly,1.66,degC,observed;age_uncertainty_unavailable:GT4_has_no_point_age_distribution_in_source,c69eca96499bece4b2f65d4e40240f52e0bfb4027383b3f2db68a1b3e36c75f6
Vostok,Petit-et-al-2001,321.783000,,temperature_anomaly,2.18,degC,observed;age_uncertainty_unavailable:GT4_has_no_point_age_distribution_in_source,c69eca96499bece4b2f65d4e40240f52e0bfb4027383b3f2db68a1b3e36c75f6
Vostok,Petit-et-al-2001,322.000000,,temperature_anomaly,2.65,degC,observed;age_uncertainty_unavailable:GT4_has_no_point_age_distribution_in_source,c69eca96499bece4b2f65d4e40240f52e0bfb4027383b3f2db68a1b3e36c75f6
Vostok,Petit-et-al-2001,322.214000,,temperature_anomaly,2.85,degC,observed;age_uncertainty_unavailable:GT4_has_no_point_age_distribution_in_source,c69eca96499bece4b2f65d4e40240f52e0bfb4027383b3f2db68a1b3e36c75f6
Vostok,Petit-et-al-2001,322.426000,,temperature_anomaly,2.82,degC,observed;age_uncertainty_unavailable:GT4_has_no_point_age_distribution_in_source,c69eca96499bece4b2f65d4e40240f52e0bfb4027383b3f2db68a1b3e36c75f6
Vostok,Petit-et-al-2001,322.638000,,temperature_anomaly,3.19,degC,observed;age_uncertainty_unavailable:GT4_has_no_point_age_distribution_in_source,c69eca96499bece4b2f65d4e40240f52e0bfb4027383b3f2db68a1b3e36c75f6
Vostok,Petit-et-al-2001,322.847000,,temperature_anomaly,3.18,degC,observed;age_uncertainty_unavailable:GT4_has_no_point_age_distribution_in_source,c69eca96499bece4b2f65d4e40240f52e0bfb4027383b3f2db68a1b3e36c75f6
Vostok,Petit-et-al-2001,323.057000,,temperature_anomaly,3.08,degC,observed;age_uncertainty_unavailable:GT4_has_no_point_age_distribution_in_source,c69eca96499bece4b2f65d4e40240f52e0bfb4027383b3f2db68a1b3e36c75f6
Vostok,Petit-et-al-2001,323.269000,,temperature_anomaly,3.08,degC,observed;age_uncertainty_unavailable:GT4_has_no_point_age_distribution_in_source,c69eca96499bece4b2f65d4e40240f52e0bfb4027383b3f2db68a1b3e36c75f6
Vostok,Petit-et-al-2001,323.482000,,temperature_anomaly,3.14,degC,observed;age_uncertainty_unavailable:GT4_has_no_point_age_distribution_in_source,c69eca96499bece4b2f65d4e40240f52e0bfb4027383b3f2db68a1b3e36c75f6
Vostok,Petit-et-al-2001,323.695000,,temperature_anomaly,2.99,degC,observed;age_uncertainty_unavailable:GT4_has_no_point_age_distribution_in_source,c69eca96499bece4b2f65d4e40240f52e0bfb4027383b3f2db68a1b3e36c75f6
Vostok,Petit-et-al-2001,323.911000,,temperature_anomaly,2.84,degC,observed;age_uncertainty_unavailable:GT4_has_no_point_age_distribution_in_source,c69eca96499bece4b2f65d4e40240f52e0bfb4027383b3f2db68a1b3e36c75f6
Vostok,Petit-et-al-2001,324.129000,,temperature_anomaly,2.86,degC,observed;age_uncertainty_unavailable:GT4_has_no_point_age_distribution_in_source,c69eca96499bece4b2f65d4e40240f52e0bfb4027383b3f2db68a1b3e36c75f6
Vostok,Petit-et-al-2001,324.349000,,temperature_anomaly,2.65,degC,observed;age_uncertainty_unavailable:GT4_has_no_point_age_distribution_in_source,c69eca96499bece4b2f65d4e40240f52e0bfb4027383b3f2db68a1b3e36c75f6
Vostok,Petit-et-al-2001,324.574000,,temperature_anomaly,2.34,degC,observed;age_uncertainty_unavailable:GT4_has_no_point_age_distribution_in_source,c69eca96499bece4b2f65d4e40240f52e0bfb4027383b3f2db68a1b3e36c75f6
Vostok,Petit-et-al-2001,324.804000,,temperature_anomaly,2,degC,observed;age_uncertainty_unavailable:GT4_has_no_point_age_distribution_in_source,c69eca96499bece4b2f65d4e40240f52e0bfb4027383b3f2db68a1b3e36c75f6
Vostok,Petit-et-al-2001,325.039000,,temperature_anomaly,1.74,degC,observed;age_uncertainty_unavailable:GT4_has_no_point_age_distribution_in_source,c69eca96499bece4b2f65d4e40240f52e0bfb4027383b3f2db68a1b3e36c75f6
Vostok,Petit-et-al-2001,325.278000,,temperature_anomaly,1.59,degC,observed;age_uncertainty_unavailable:GT4_has_no_point_age_distribution_in_source,c69eca96499bece4b2f65d4e40240f52e0bfb4027383b3f2db68a1b3e36c75f6
Vostok,Petit-et-al-2001,325.527000,,temperature_anomaly,0.68,degC,observed;age_uncertainty_unavailable:GT4_has_no_point_age_distribution_in_source,c69eca96499bece4b2f65d4e40240f52e0bfb4027383b3f2db68a1b3e36c75f6
Vostok,Petit-et-al-2001,325.789000,,temperature_anomaly,0.05,degC,observed;age_uncertainty_unavailable:GT4_has_no_point_age_distribution_in_source,c69eca96499bece4b2f65d4e40240f52e0bfb4027383b3f2db68a1b3e36c75f6
Vostok,Petit-et-al-2001,326.061000,,temperature_anomaly,-0.25,degC,observed;age_uncertainty_unavailable:GT4_has_no_point_age_distribution_in_source,c69eca96499bece4b2f65d4e40240f52e0bfb4027383b3f2db68a1b3e36c75f6
Vostok,Petit-et-al-2001,326.342000,,temperature_anomaly,-0.96,degC,observed;age_uncertainty_unavailable:GT4_has_no_point_age_distribution_in_source,c69eca96499bece4b2f65d4e40240f52e0bfb4027383b3f2db68a1b3e36c75f6
Vostok,Petit-et-al-2001,326.639000,,temperature_anomaly,-1.73,degC,observed;age_uncertainty_unavailable:GT4_has_no_point_age_distribution_in_source,c69eca96499bece4b2f65d4e40240f52e0bfb4027383b3f2db68a1b3e36c75f6
Vostok,Petit-et-al-2001,326.952000,,temperature_anomaly,-2.39,degC,observed;age_uncertainty_unavailable:GT4_has_no_point_age_distribution_in_source,c69eca96499bece4b2f65d4e40240f52e0bfb4027383b3f2db68a1b3e36c75f6
Vostok,Petit-et-al-2001,327.273000,,temperature_anomaly,-2.41,degC,observed;age_uncertainty_unavailable:GT4_has_no_point_age_distribution_in_source,c69eca96499bece4b2f65d4e40240f52e0bfb4027383b3f2db68a1b3e36c75f6
Vostok,Petit-et-al-2001,327.597000,,temperature_anomaly,-2.55,degC,observed;age_uncertainty_unavailable:GT4_has_no_point_age_distribution_in_source,c69eca96499bece4b2f65d4e40240f52e0bfb4027383b3f2db68a1b3e36c75f6
Vostok,Petit-et-al-2001,327.924000,,temperature_anomaly,-2.64,degC,observed;age_uncertainty_unavailable:GT4_has_no_point_age_distribution_in_source,c69eca96499bece4b2f65d4e40240f52e0bfb4027383b3f2db68a1b3e36c75f6
Vostok,Petit-et-al-2001,328.258000,,temperature_anomaly,-3.03,degC,observed;age_uncertainty_unavailable:GT4_has_no_point_age_distribution_in_source,c69eca96499bece4b2f65d4e40240f52e0bfb4027383b3f2db68a1b3e36c75f6
Vostok,Petit-et-al-2001,328.602000,,temperature_anomaly,-3.41,degC,observed;age_uncertainty_unavailable:GT4_has_no_point_age_distribution_in_source,c69eca96499bece4b2f65d4e40240f52e0bfb4027383b3f2db68a1b3e36c75f6
Vostok,Petit-et-al-2001,328.955000,,temperature_anomaly,-3.68,degC,observed;age_uncertainty_unavailable:GT4_has_no_point_age_distribution_in_source,c69eca96499bece4b2f65d4e40240f52e0bfb4027383b3f2db68a1b3e36c75f6
Vostok,Petit-et-al-2001,329.318000,,temperature_anomaly,-4.21,degC,observed;age_uncertainty_unavailable:GT4_has_no_point_age_distribution_in_source,c69eca96499bece4b2f65d4e40240f52e0bfb4027383b3f2db68a1b3e36c75f6
Vostok,Petit-et-al-2001,329.694000,,temperature_anomaly,-4.56,degC,observed;age_uncertainty_unavailable:GT4_has_no_point_age_distribution_in_source,c69eca96499bece4b2f65d4e40240f52e0bfb4027383b3f2db68a1b3e36c75f6
Vostok,Petit-et-al-2001,330.081000,,temperature_anomaly,-4.9,degC,observed;age_uncertainty_unavailable:GT4_has_no_point_age_distribution_in_source,c69eca96499bece4b2f65d4e40240f52e0bfb4027383b3f2db68a1b3e36c75f6
Vostok,Petit-et-al-2001,330.476000,,temperature_anomaly,-5.11,degC,observed;age_uncertainty_unavailable:GT4_has_no_point_age_distribution_in_source,c69eca96499bece4b2f65d4e40240f52e0bfb4027383b3f2db68a1b3e36c75f6
Vostok,Petit-et-al-2001,330.883000,,temperature_anomaly,-5.67,degC,observed;age_uncertainty_unavailable:GT4_has_no_point_age_distribution_in_source,c69eca96499bece4b2f65d4e40240f52e0bfb4027383b3f2db68a1b3e36c75f6
Vostok,Petit-et-al-2001,331.300000,,temperature_anomaly,-5.76,degC,observed;age_uncertainty_unavailable:GT4_has_no_point_age_distribution_in_source,c69eca96499bece4b2f65d4e40240f52e0bfb4027383b3f2db68a1b3e36c75f6
Vostok,Petit-et-al-2001,331.725000,,temperature_anomaly,-6.06,degC,observed;age_uncertainty_unavailable:GT4_has_no_point_age_distribution_in_source,c69eca96499bece4b2f65d4e40240f52e0bfb4027383b3f2db68a1b3e36c75f6
Vostok,Petit-et-al-2001,332.164000,,temperature_anomaly,-6.63,degC,observed;age_uncertainty_unavailable:GT4_has_no_point_age_distribution_in_source,c69eca96499bece4b2f65d4e40240f52e0bfb4027383b3f2db68a1b3e36c75f6
Vostok,Petit-et-al-2001,332.624000,,temperature_anomaly,-7.3,degC,observed;age_uncertainty_unavailable:GT4_has_no_point_age_distribution_in_source,c69eca96499bece4b2f65d4e40240f52e0bfb4027383b3f2db68a1b3e36c75f6
Vostok,Petit-et-al-2001,333.106000,,temperature_anomaly,-7.86,degC,observed;age_uncertainty_unavailable:GT4_has_no_point_age_distribution_in_source,c69eca96499bece4b2f65d4e40240f52e0bfb4027383b3f2db68a1b3e36c75f6
Vostok,Petit-et-al-2001,333.602000,,temperature_anomaly,-8.04,degC,observed;age_uncertainty_unavailable:GT4_has_no_point_age_distribution_in_source,c69eca96499bece4b2f65d4e40240f52e0bfb4027383b3f2db68a1b3e36c75f6
Vostok,Petit-et-al-2001,334.101000,,temperature_anomaly,-7.94,degC,observed;age_uncertainty_unavailable:GT4_has_no_point_age_distribution_in_source,c69eca96499bece4b2f65d4e40240f52e0bfb4027383b3f2db68a1b3e36c75f6
Vostok,Petit-et-al-2001,334.600000,,temperature_anomaly,-7.93,degC,observed;age_uncertainty_unavailable:GT4_has_no_point_age_distribution_in_source,c69eca96499bece4b2f65d4e40240f52e0bfb4027383b3f2db68a1b3e36c75f6
Vostok,Petit-et-al-2001,335.100000,,temperature_anomaly,-7.87,degC,observed;age_uncertainty_unavailable:GT4_has_no_point_age_distribution_in_source,c69eca96499bece4b2f65d4e40240f52e0bfb4027383b3f2db68a1b3e36c75f6
Vostok,Petit-et-al-2001,335.595000,,temperature_anomaly,-7.58,degC,observed;age_uncertainty_unavailable:GT4_has_no_point_age_distribution_in_source,c69eca96499bece4b2f65d4e40240f52e0bfb4027383b3f2db68a1b3e36c75f6
Vostok,Petit-et-al-2001,336.081000,,temperature_anomaly,-7.28,degC,observed;age_uncertainty_unavailable:GT4_has_no_point_age_distribution_in_source,c69eca96499bece4b2f65d4e40240f52e0bfb4027383b3f2db68a1b3e36c75f6
Vostok,Petit-et-al-2001,336.567000,,temperature_anomaly,-7.43,degC,observed;age_uncertainty_unavailable:GT4_has_no_point_age_distribution_in_source,c69eca96499bece4b2f65d4e40240f52e0bfb4027383b3f2db68a1b3e36c75f6
Vostok,Petit-et-al-2001,337.055000,,temperature_anomaly,-7.3,degC,observed;age_uncertainty_unavailable:GT4_has_no_point_age_distribution_in_source,c69eca96499bece4b2f65d4e40240f52e0bfb4027383b3f2db68a1b3e36c75f6
Vostok,Petit-et-al-2001,337.544000,,temperature_anomaly,-7.42,degC,observed;age_uncertainty_unavailable:GT4_has_no_point_age_distribution_in_source,c69eca96499bece4b2f65d4e40240f52e0bfb4027383b3f2db68a1b3e36c75f6
Vostok,Petit-et-al-2001,338.033000,,temperature_anomaly,-7.16,degC,observed;age_uncertainty_unavailable:GT4_has_no_point_age_distribution_in_source,c69eca96499bece4b2f65d4e40240f52e0bfb4027383b3f2db68a1b3e36c75f6
Vostok,Petit-et-al-2001,338.521000,,temperature_anomaly,-7.3,degC,observed;age_uncertainty_unavailable:GT4_has_no_point_age_distribution_in_source,c69eca96499bece4b2f65d4e40240f52e0bfb4027383b3f2db68a1b3e36c75f6
Vostok,Petit-et-al-2001,339.015000,,temperature_anomaly,-7.4,degC,observed;age_uncertainty_unavailable:GT4_has_no_point_age_distribution_in_source,c69eca96499bece4b2f65d4e40240f52e0bfb4027383b3f2db68a1b3e36c75f6
Vostok,Petit-et-al-2001,339.505000,,temperature_anomaly,-6.98,degC,observed;age_uncertainty_unavailable:GT4_has_no_point_age_distribution_in_source,c69eca96499bece4b2f65d4e40240f52e0bfb4027383b3f2db68a1b3e36c75f6
Vostok,Petit-et-al-2001,339.993000,,temperature_anomaly,-7.13,degC,observed;age_uncertainty_unavailable:GT4_has_no_point_age_distribution_in_source,c69eca96499bece4b2f65d4e40240f52e0bfb4027383b3f2db68a1b3e36c75f6
Vostok,Petit-et-al-2001,340.490000,,temperature_anomaly,-7.44,degC,observed;age_uncertainty_unavailable:GT4_has_no_point_age_distribution_in_source,c69eca96499bece4b2f65d4e40240f52e0bfb4027383b3f2db68a1b3e36c75f6
Vostok,Petit-et-al-2001,340.984000,,temperature_anomaly,-6.88,degC,observed;age_uncertainty_unavailable:GT4_has_no_point_age_distribution_in_source,c69eca96499bece4b2f65d4e40240f52e0bfb4027383b3f2db68a1b3e36c75f6
Vostok,Petit-et-al-2001,341.462000,,temperature_anomaly,-6.31,degC,observed;age_uncertainty_unavailable:GT4_has_no_point_age_distribution_in_source,c69eca96499bece4b2f65d4e40240f52e0bfb4027383b3f2db68a1b3e36c75f6
Vostok,Petit-et-al-2001,341.930000,,temperature_anomaly,-6.26,degC,observed;age_uncertainty_unavailable:GT4_has_no_point_age_distribution_in_source,c69eca96499bece4b2f65d4e40240f52e0bfb4027383b3f2db68a1b3e36c75f6
Vostok,Petit-et-al-2001,342.401000,,temperature_anomaly,-6.32,degC,observed;age_uncertainty_unavailable:GT4_has_no_point_age_distribution_in_source,c69eca96499bece4b2f65d4e40240f52e0bfb4027383b3f2db68a1b3e36c75f6
Vostok,Petit-et-al-2001,342.879000,,temperature_anomaly,-6.59,degC,observed;age_uncertainty_unavailable:GT4_has_no_point_age_distribution_in_source,c69eca96499bece4b2f65d4e40240f52e0bfb4027383b3f2db68a1b3e36c75f6
Vostok,Petit-et-al-2001,343.364000,,temperature_anomaly,-6.64,degC,observed;age_uncertainty_unavailable:GT4_has_no_point_age_distribution_in_source,c69eca96499bece4b2f65d4e40240f52e0bfb4027383b3f2db68a1b3e36c75f6
Vostok,Petit-et-al-2001,343.853000,,temperature_anomaly,-6.76,degC,observed;age_uncertainty_unavailable:GT4_has_no_point_age_distribution_in_source,c69eca96499bece4b2f65d4e40240f52e0bfb4027383b3f2db68a1b3e36c75f6
Vostok,Petit-et-al-2001,344.348000,,temperature_anomaly,-6.84,degC,observed;age_uncertainty_unavailable:GT4_has_no_point_age_distribution_in_source,c69eca96499bece4b2f65d4e40240f52e0bfb4027383b3f2db68a1b3e36c75f6
Vostok,Petit-et-al-2001,344.839000,,temperature_anomaly,-6.43,degC,observed;age_uncertainty_unavailable:GT4_has_no_point_age_distribution_in_source,c69eca96499bece4b2f65d4e40240f52e0bfb4027383b3f2db68a1b3e36c75f6
Vostok,Petit-et-al-2001,345.327000,,temperature_anomaly,-6.58,degC,observed;age_uncertainty_unavailable:GT4_has_no_point_age_distribution_in_source,c69eca96499bece4b2f65d4e40240f52e0bfb4027383b3f2db68a1b3e36c75f6
Vostok,Petit-et-al-2001,345.821000,,temperature_anomaly,-6.65,degC,observed;age_uncertainty_unavailable:GT4_has_no_point_age_distribution_in_source,c69eca96499bece4b2f65d4e40240f52e0bfb4027383b3f2db68a1b3e36c75f6
Vostok,Petit-et-al-2001,346.319000,,temperature_anomaly,-6.76,degC,observed;age_uncertainty_unavailable:GT4_has_no_point_age_distribution_in_source,c69eca96499bece4b2f65d4e40240f52e0bfb4027383b3f2db68a1b3e36c75f6
Vostok,Petit-et-al-2001,346.823000,,temperature_anomaly,-6.84,degC,observed;age_uncertainty_unavailable:GT4_has_no_point_age_distribution_in_source,c69eca96499bece4b2f65d4e40240f52e0bfb4027383b3f2db68a1b3e36c75f6
Vostok,Petit-et-al-2001,347.330000,,temperature_anomaly,-6.83,degC,observed;age_uncertainty_unavailable:GT4_has_no_point_age_distribution_in_source,c69eca96499bece4b2f65d4e40240f52e0bfb4027383b3f2db68a1b3e36c75f6
Vostok,Petit-et-al-2001,347.841000,,temperature_anomaly,-6.92,degC,observed;age_uncertainty_unavailable:GT4_has_no_point_age_distribution_in_source,c69eca96499bece4b2f65d4e40240f52e0bfb4027383b3f2db68a1b3e36c75f6
Vostok,Petit-et-al-2001,348.357000,,temperature_anomaly,-7.05,degC,observed;age_uncertainty_unavailable:GT4_has_no_point_age_distribution_in_source,c69eca96499bece4b2f65d4e40240f52e0bfb4027383b3f2db68a1b3e36c75f6
Vostok,Petit-et-al-2001,348.877000,,temperature_anomaly,-7.02,degC,observed;age_uncertainty_unavailable:GT4_has_no_point_age_distribution_in_source,c69eca96499bece4b2f65d4e40240f52e0bfb4027383b3f2db68a1b3e36c75f6
Vostok,Petit-et-al-2001,349.404000,,temperature_anomaly,-7.32,degC,observed;age_uncertainty_unavailable:GT4_has_no_point_age_distribution_in_source,c69eca96499bece4b2f65d4e40240f52e0bfb4027383b3f2db68a1b3e36c75f6
Vostok,Petit-et-al-2001,349.945000,,temperature_anomaly,-7.61,degC,observed;age_uncertainty_unavailable:GT4_has_no_point_age_distribution_in_source,c69eca96499bece4b2f65d4e40240f52e0bfb4027383b3f2db68a1b3e36c75f6
Vostok,Petit-et-al-2001,350.493000,,temperature_anomaly,-7.64,degC,observed;age_uncertainty_unavailable:GT4_has_no_point_age_distribution_in_source,c69eca96499bece4b2f65d4e40240f52e0bfb4027383b3f2db68a1b3e36c75f6
Vostok,Petit-et-al-2001,351.044000,,temperature_anomaly,-7.64,degC,observed;age_uncertainty_unavailable:GT4_has_no_point_age_distribution_in_source,c69eca96499bece4b2f65d4e40240f52e0bfb4027383b3f2db68a1b3e36c75f6
Vostok,Petit-et-al-2001,351.596000,,temperature_anomaly,-7.57,degC,observed;age_uncertainty_unavailable:GT4_has_no_point_age_distribution_in_source,c69eca96499bece4b2f65d4e40240f52e0bfb4027383b3f2db68a1b3e36c75f6
Vostok,Petit-et-al-2001,352.150000,,temperature_anomaly,-7.64,degC,observed;age_uncertainty_unavailable:GT4_has_no_point_age_distribution_in_source,c69eca96499bece4b2f65d4e40240f52e0bfb4027383b3f2db68a1b3e36c75f6
Vostok,Petit-et-al-2001,352.710000,,temperature_anomaly,-7.77,degC,observed;age_uncertainty_unavailable:GT4_has_no_point_age_distribution_in_source,c69eca96499bece4b2f65d4e40240f52e0bfb4027383b3f2db68a1b3e36c75f6
Vostok,Petit-et-al-2001,353.273000,,temperature_anomaly,-7.71,degC,observed;age_uncertainty_unavailable:GT4_has_no_point_age_distribution_in_source,c69eca96499bece4b2f65d4e40240f52e0bfb4027383b3f2db68a1b3e36c75f6
Vostok,Petit-et-al-2001,353.838000,,temperature_anomaly,-7.71,degC,observed;age_uncertainty_unavailable:GT4_has_no_point_age_distribution_in_source,c69eca96499bece4b2f65d4e40240f52e0bfb4027383b3f2db68a1b3e36c75f6
Vostok,Petit-et-al-2001,354.400000,,temperature_anomaly,-7.46,degC,observed;age_uncertainty_unavailable:GT4_has_no_point_age_distribution_in_source,c69eca96499bece4b2f65d4e40240f52e0bfb4027383b3f2db68a1b3e36c75f6
Vostok,Petit-et-al-2001,354.958000,,temperature_anomaly,-7.41,degC,observed;age_uncertainty_unavailable:GT4_has_no_point_age_distribution_in_source,c69eca96499bece4b2f65d4e40240f52e0bfb4027383b3f2db68a1b3e36c75f6
Vostok,Petit-et-al-2001,355.512000,,temperature_anomaly,-7.13,degC,observed;age_uncertainty_unavailable:GT4_has_no_point_age_distribution_in_source,c69eca96499bece4b2f65d4e40240f52e0bfb4027383b3f2db68a1b3e36c75f6
Vostok,Petit-et-al-2001,356.060000,,temperature_anomaly,-6.94,degC,observed;age_uncertainty_unavailable:GT4_has_no_point_age_distribution_in_source,c69eca96499bece4b2f65d4e40240f52e0bfb4027383b3f2db68a1b3e36c75f6
Vostok,Petit-et-al-2001,356.612000,,temperature_anomaly,-7.24,degC,observed;age_uncertainty_unavailable:GT4_has_no_point_age_distribution_in_source,c69eca96499bece4b2f65d4e40240f52e0bfb4027383b3f2db68a1b3e36c75f6
Vostok,Petit-et-al-2001,357.167000,,temperature_anomaly,-7.01,degC,observed;age_uncertainty_unavailable:GT4_has_no_point_age_distribution_in_source,c69eca96499bece4b2f65d4e40240f52e0bfb4027383b3f2db68a1b3e36c75f6
Vostok,Petit-et-al-2001,357.712000,,temperature_anomaly,-6.58,degC,observed;age_uncertainty_unavailable:GT4_has_no_point_age_distribution_in_source,c69eca96499bece4b2f65d4e40240f52e0bfb4027383b3f2db68a1b3e36c75f6
Vostok,Petit-et-al-2001,358.247000,,temperature_anomaly,-6.39,degC,observed;age_uncertainty_unavailable:GT4_has_no_point_age_distribution_in_source,c69eca96499bece4b2f65d4e40240f52e0bfb4027383b3f2db68a1b3e36c75f6
Vostok,Petit-et-al-2001,358.786000,,temperature_anomaly,-6.64,degC,observed;age_uncertainty_unavailable:GT4_has_no_point_age_distribution_in_source,c69eca96499bece4b2f65d4e40240f52e0bfb4027383b3f2db68a1b3e36c75f6
Vostok,Petit-et-al-2001,359.327000,,temperature_anomaly,-6.41,degC,observed;age_uncertainty_unavailable:GT4_has_no_point_age_distribution_in_source,c69eca96499bece4b2f65d4e40240f52e0bfb4027383b3f2db68a1b3e36c75f6
Vostok,Petit-et-al-2001,359.855000,,temperature_anomaly,-5.8,degC,observed;age_uncertainty_unavailable:GT4_has_no_point_age_distribution_in_source,c69eca96499bece4b2f65d4e40240f52e0bfb4027383b3f2db68a1b3e36c75f6
Vostok,Petit-et-al-2001,360.376000,,temperature_anomaly,-5.89,degC,observed;age_uncertainty_unavailable:GT4_has_no_point_age_distribution_in_source,c69eca96499bece4b2f65d4e40240f52e0bfb4027383b3f2db68a1b3e36c75f6
Vostok,Petit-et-al-2001,360.904000,,temperature_anomaly,-6.05,degC,observed;age_uncertainty_unavailable:GT4_has_no_point_age_distribution_in_source,c69eca96499bece4b2f65d4e40240f52e0bfb4027383b3f2db68a1b3e36c75f6
Vostok,Petit-et-al-2001,361.440000,,temperature_anomaly,-6.24,degC,observed;age_uncertainty_unavailable:GT4_has_no_point_age_distribution_in_source,c69eca96499bece4b2f65d4e40240f52e0bfb4027383b3f2db68a1b3e36c75f6
Vostok,Petit-et-al-2001,361.973000,,temperature_anomaly,-5.79,degC,observed;age_uncertainty_unavailable:GT4_has_no_point_age_distribution_in_source,c69eca96499bece4b2f65d4e40240f52e0bfb4027383b3f2db68a1b3e36c75f6
Vostok,Petit-et-al-2001,362.503000,,temperature_anomaly,-5.9,degC,observed;age_uncertainty_unavailable:GT4_has_no_point_age_distribution_in_source,c69eca96499bece4b2f65d4e40240f52e0bfb4027383b3f2db68a1b3e36c75f6
Vostok,Petit-et-al-2001,363.042000,,temperature_anomaly,-6.2,degC,observed;age_uncertainty_unavailable:GT4_has_no_point_age_distribution_in_source,c69eca96499bece4b2f65d4e40240f52e0bfb4027383b3f2db68a1b3e36c75f6
Vostok,Petit-et-al-2001,363.580000,,temperature_anomaly,-5.72,degC,observed;age_uncertainty_unavailable:GT4_has_no_point_age_distribution_in_source,c69eca96499bece4b2f65d4e40240f52e0bfb4027383b3f2db68a1b3e36c75f6
Vostok,Petit-et-al-2001,364.114000,,temperature_anomaly,-5.84,degC,observed;age_uncertainty_unavailable:GT4_has_no_point_age_distribution_in_source,c69eca96499bece4b2f65d4e40240f52e0bfb4027383b3f2db68a1b3e36c75f6
Vostok,Petit-et-al-2001,364.659000,,temperature_anomaly,-6.21,degC,observed;age_uncertainty_unavailable:GT4_has_no_point_age_distribution_in_source,c69eca96499bece4b2f65d4e40240f52e0bfb4027383b3f2db68a1b3e36c75f6
Vostok,Petit-et-al-2001,365.208000,,temperature_anomaly,-5.88,degC,observed;age_uncertainty_unavailable:GT4_has_no_point_age_distribution_in_source,c69eca96499bece4b2f65d4e40240f52e0bfb4027383b3f2db68a1b3e36c75f6
Vostok,Petit-et-al-2001,365.743000,,temperature_anomaly,-5.4,degC,observed;age_uncertainty_unavailable:GT4_has_no_point_age_distribution_in_source,c69eca96499bece4b2f65d4e40240f52e0bfb4027383b3f2db68a1b3e36c75f6
Vostok,Petit-et-al-2001,366.267000,,temperature_anomaly,-5.13,degC,observed;age_uncertainty_unavailable:GT4_has_no_point_age_distribution_in_source,c69eca96499bece4b2f65d4e40240f52e0bfb4027383b3f2db68a1b3e36c75f6
Vostok,Petit-et-al-2001,366.784000,,temperature_anomaly,-4.84,degC,observed;age_uncertainty_unavailable:GT4_has_no_point_age_distribution_in_source,c69eca96499bece4b2f65d4e40240f52e0bfb4027383b3f2db68a1b3e36c75f6
Vostok,Petit-et-al-2001,367.297000,,temperature_anomaly,-4.86,degC,observed;age_uncertainty_unavailable:GT4_has_no_point_age_distribution_in_source,c69eca96499bece4b2f65d4e40240f52e0bfb4027383b3f2db68a1b3e36c75f6
Vostok,Petit-et-al-2001,367.816000,,temperature_anomaly,-4.97,degC,observed;age_uncertainty_unavailable:GT4_has_no_point_age_distribution_in_source,c69eca96499bece4b2f65d4e40240f52e0bfb4027383b3f2db68a1b3e36c75f6
Vostok,Petit-et-al-2001,368.329000,,temperature_anomaly,-4.46,degC,observed;age_uncertainty_unavailable:GT4_has_no_point_age_distribution_in_source,c69eca96499bece4b2f65d4e40240f52e0bfb4027383b3f2db68a1b3e36c75f6
Vostok,Petit-et-al-2001,368.829000,,temperature_anomaly,-4.03,degC,observed;age_uncertainty_unavailable:GT4_has_no_point_age_distribution_in_source,c69eca96499bece4b2f65d4e40240f52e0bfb4027383b3f2db68a1b3e36c75f6
Vostok,Petit-et-al-2001,369.331000,,temperature_anomaly,-4.54,degC,observed;age_uncertainty_unavailable:GT4_has_no_point_age_distribution_in_source,c69eca96499bece4b2f65d4e40240f52e0bfb4027383b3f2db68a1b3e36c75f6
Vostok,Petit-et-al-2001,369.858000,,temperature_anomaly,-5.23,degC,observed;age_uncertainty_unavailable:GT4_has_no_point_age_distribution_in_source,c69eca96499bece4b2f65d4e40240f52e0bfb4027383b3f2db68a1b3e36c75f6
Vostok,Petit-et-al-2001,370.403000,,temperature_anomaly,-5.42,degC,observed;age_uncertainty_unavailable:GT4_has_no_point_age_distribution_in_source,c69eca96499bece4b2f65d4e40240f52e0bfb4027383b3f2db68a1b3e36c75f6
Vostok,Petit-et-al-2001,370.960000,,temperature_anomaly,-5.74,degC,observed;age_uncertainty_unavailable:GT4_has_no_point_age_distribution_in_source,c69eca96499bece4b2f65d4e40240f52e0bfb4027383b3f2db68a1b3e36c75f6
Vostok,Petit-et-al-2001,371.545000,,temperature_anomaly,-6.67,degC,observed;age_uncertainty_unavailable:GT4_has_no_point_age_distribution_in_source,c69eca96499bece4b2f65d4e40240f52e0bfb4027383b3f2db68a1b3e36c75f6
Vostok,Petit-et-al-2001,372.149000,,temperature_anomaly,-6.58,degC,observed;age_uncertainty_unavailable:GT4_has_no_point_age_distribution_in_source,c69eca96499bece4b2f65d4e40240f52e0bfb4027383b3f2db68a1b3e36c75f6
Vostok,Petit-et-al-2001,372.746000,,temperature_anomaly,-6.15,degC,observed;age_uncertainty_unavailable:GT4_has_no_point_age_distribution_in_source,c69eca96499bece4b2f65d4e40240f52e0bfb4027383b3f2db68a1b3e36c75f6
Vostok,Petit-et-al-2001,373.331000,,temperature_anomaly,-5.9,degC,observed;age_uncertainty_unavailable:GT4_has_no_point_age_distribution_in_source,c69eca96499bece4b2f65d4e40240f52e0bfb4027383b3f2db68a1b3e36c75f6
Vostok,Petit-et-al-2001,373.909000,,temperature_anomaly,-5.66,degC,observed;age_uncertainty_unavailable:GT4_has_no_point_age_distribution_in_source,c69eca96499bece4b2f65d4e40240f52e0bfb4027383b3f2db68a1b3e36c75f6
Vostok,Petit-et-al-2001,374.478000,,temperature_anomaly,-5.33,degC,observed;age_uncertainty_unavailable:GT4_has_no_point_age_distribution_in_source,c69eca96499bece4b2f65d4e40240f52e0bfb4027383b3f2db68a1b3e36c75f6
Vostok,Petit-et-al-2001,375.042000,,temperature_anomaly,-5.26,degC,observed;age_uncertainty_unavailable:GT4_has_no_point_age_distribution_in_source,c69eca96499bece4b2f65d4e40240f52e0bfb4027383b3f2db68a1b3e36c75f6
Vostok,Petit-et-al-2001,375.604000,,temperature_anomaly,-5.08,degC,observed;age_uncertainty_unavailable:GT4_has_no_point_age_distribution_in_source,c69eca96499bece4b2f65d4e40240f52e0bfb4027383b3f2db68a1b3e36c75f6
Vostok,Petit-et-al-2001,376.155000,,temperature_anomaly,-4.55,degC,observed;age_uncertainty_unavailable:GT4_has_no_point_age_distribution_in_source,c69eca96499bece4b2f65d4e40240f52e0bfb4027383b3f2db68a1b3e36c75f6
Vostok,Petit-et-al-2001,376.690000,,temperature_anomaly,-4.07,degC,observed;age_uncertainty_unavailable:GT4_has_no_point_age_distribution_in_source,c69eca96499bece4b2f65d4e40240f52e0bfb4027383b3f2db68a1b3e36c75f6
Vostok,Petit-et-al-2001,377.204000,,temperature_anomaly,-3.27,degC,observed;age_uncertainty_unavailable:GT4_has_no_point_age_distribution_in_source,c69eca96499bece4b2f65d4e40240f52e0bfb4027383b3f2db68a1b3e36c75f6
Vostok,Petit-et-al-2001,377.702000,,temperature_anomaly,-2.99,degC,observed;age_uncertainty_unavailable:GT4_has_no_point_age_distribution_in_source,c69eca96499bece4b2f65d4e40240f52e0bfb4027383b3f2db68a1b3e36c75f6
Vostok,Petit-et-al-2001,378.210000,,temperature_anomaly,-3.72,degC,observed;age_uncertainty_unavailable:GT4_has_no_point_age_distribution_in_source,c69eca96499bece4b2f65d4e40240f52e0bfb4027383b3f2db68a1b3e36c75f6
Vostok,Petit-et-al-2001,378.743000,,temperature_anomaly,-4.29,degC,observed;age_uncertainty_unavailable:GT4_has_no_point_age_distribution_in_source,c69eca96499bece4b2f65d4e40240f52e0bfb4027383b3f2db68a1b3e36c75f6
Vostok,Petit-et-al-2001,379.297000,,temperature_anomaly,-4.63,degC,observed;age_uncertainty_unavailable:GT4_has_no_point_age_distribution_in_source,c69eca96499bece4b2f65d4e40240f52e0bfb4027383b3f2db68a1b3e36c75f6
Vostok,Petit-et-al-2001,379.864000,,temperature_anomaly,-4.88,degC,observed;age_uncertainty_unavailable:GT4_has_no_point_age_distribution_in_source,c69eca96499bece4b2f65d4e40240f52e0bfb4027383b3f2db68a1b3e36c75f6
Vostok,Petit-et-al-2001,380.435000,,temperature_anomaly,-4.68,degC,observed;age_uncertainty_unavailable:GT4_has_no_point_age_distribution_in_source,c69eca96499bece4b2f65d4e40240f52e0bfb4027383b3f2db68a1b3e36c75f6
Vostok,Petit-et-al-2001,380.997000,,temperature_anomaly,-4.32,degC,observed;age_uncertainty_unavailable:GT4_has_no_point_age_distribution_in_source,c69eca96499bece4b2f65d4e40240f52e0bfb4027383b3f2db68a1b3e36c75f6
Vostok,Petit-et-al-2001,381.551000,,temperature_anomaly,-4.05,degC,observed;age_uncertainty_unavailable:GT4_has_no_point_age_distribution_in_source,c69eca96499bece4b2f65d4e40240f52e0bfb4027383b3f2db68a1b3e36c75f6
Vostok,Petit-et-al-2001,382.095000,,temperature_anomaly,-3.72,degC,observed;age_uncertainty_unavailable:GT4_has_no_point_age_distribution_in_source,c69eca96499bece4b2f65d4e40240f52e0bfb4027383b3f2db68a1b3e36c75f6
Vostok,Petit-et-al-2001,382.622000,,temperature_anomaly,-2.92,degC,observed;age_uncertainty_unavailable:GT4_has_no_point_age_distribution_in_source,c69eca96499bece4b2f65d4e40240f52e0bfb4027383b3f2db68a1b3e36c75f6
Vostok,Petit-et-al-2001,383.134000,,temperature_anomaly,-2.72,degC,observed;age_uncertainty_unavailable:GT4_has_no_point_age_distribution_in_source,c69eca96499bece4b2f65d4e40240f52e0bfb4027383b3f2db68a1b3e36c75f6
Vostok,Petit-et-al-2001,383.641000,,temperature_anomaly,-2.5,degC,observed;age_uncertainty_unavailable:GT4_has_no_point_age_distribution_in_source,c69eca96499bece4b2f65d4e40240f52e0bfb4027383b3f2db68a1b3e36c75f6
Vostok,Petit-et-al-2001,384.159000,,temperature_anomaly,-3.24,degC,observed;age_uncertainty_unavailable:GT4_has_no_point_age_distribution_in_source,c69eca96499bece4b2f65d4e40240f52e0bfb4027383b3f2db68a1b3e36c75f6
Vostok,Petit-et-al-2001,384.710000,,temperature_anomaly,-4.1,degC,observed;age_uncertainty_unavailable:GT4_has_no_point_age_distribution_in_source,c69eca96499bece4b2f65d4e40240f52e0bfb4027383b3f2db68a1b3e36c75f6
Vostok,Petit-et-al-2001,385.288000,,temperature_anomaly,-4.54,degC,observed;age_uncertainty_unavailable:GT4_has_no_point_age_distribution_in_source,c69eca96499bece4b2f65d4e40240f52e0bfb4027383b3f2db68a1b3e36c75f6
Vostok,Petit-et-al-2001,385.894000,,temperature_anomaly,-5.36,degC,observed;age_uncertainty_unavailable:GT4_has_no_point_age_distribution_in_source,c69eca96499bece4b2f65d4e40240f52e0bfb4027383b3f2db68a1b3e36c75f6
Vostok,Petit-et-al-2001,386.528000,,temperature_anomaly,-5.65,degC,observed;age_uncertainty_unavailable:GT4_has_no_point_age_distribution_in_source,c69eca96499bece4b2f65d4e40240f52e0bfb4027383b3f2db68a1b3e36c75f6
Vostok,Petit-et-al-2001,387.167000,,temperature_anomaly,-5.46,degC,observed;age_uncertainty_unavailable:GT4_has_no_point_age_distribution_in_source,c69eca96499bece4b2f65d4e40240f52e0bfb4027383b3f2db68a1b3e36c75f6
Vostok,Petit-et-al-2001,387.804000,,temperature_anomaly,-5.4,degC,observed;age_uncertainty_unavailable:GT4_has_no_point_age_distribution_in_source,c69eca96499bece4b2f65d4e40240f52e0bfb4027383b3f2db68a1b3e36c75f6
Vostok,Petit-et-al-2001,388.435000,,temperature_anomaly,-5.02,degC,observed;age_uncertainty_unavailable:GT4_has_no_point_age_distribution_in_source,c69eca96499bece4b2f65d4e40240f52e0bfb4027383b3f2db68a1b3e36c75f6
Vostok,Petit-et-al-2001,389.061000,,temperature_anomaly,-5.07,degC,observed;age_uncertainty_unavailable:GT4_has_no_point_age_distribution_in_source,c69eca96499bece4b2f65d4e40240f52e0bfb4027383b3f2db68a1b3e36c75f6
Vostok,Petit-et-al-2001,389.700000,,temperature_anomaly,-5.44,degC,observed;age_uncertainty_unavailable:GT4_has_no_point_age_distribution_in_source,c69eca96499bece4b2f65d4e40240f52e0bfb4027383b3f2db68a1b3e36c75f6
Vostok,Petit-et-al-2001,390.349000,,temperature_anomaly,-5.34,degC,observed;age_uncertainty_unavailable:GT4_has_no_point_age_distribution_in_source,c69eca96499bece4b2f65d4e40240f52e0bfb4027383b3f2db68a1b3e36c75f6
Vostok,Petit-et-al-2001,390.999000,,temperature_anomaly,-5.36,degC,observed;age_uncertainty_unavailable:GT4_has_no_point_age_distribution_in_source,c69eca96499bece4b2f65d4e40240f52e0bfb4027383b3f2db68a1b3e36c75f6
Vostok,Petit-et-al-2001,391.658000,,temperature_anomaly,-5.6,degC,observed;age_uncertainty_unavailable:GT4_has_no_point_age_distribution_in_source,c69eca96499bece4b2f65d4e40240f52e0bfb4027383b3f2db68a1b3e36c75f6
Vostok,Petit-et-al-2001,392.317000,,temperature_anomaly,-5.17,degC,observed;age_uncertainty_unavailable:GT4_has_no_point_age_distribution_in_source,c69eca96499bece4b2f65d4e40240f52e0bfb4027383b3f2db68a1b3e36c75f6
Vostok,Petit-et-al-2001,392.972000,,temperature_anomaly,-5.31,degC,observed;age_uncertainty_unavailable:GT4_has_no_point_age_distribution_in_source,c69eca96499bece4b2f65d4e40240f52e0bfb4027383b3f2db68a1b3e36c75f6
Vostok,Petit-et-al-2001,393.636000,,temperature_anomaly,-5.4,degC,observed;age_uncertainty_unavailable:GT4_has_no_point_age_distribution_in_source,c69eca96499bece4b2f65d4e40240f52e0bfb4027383b3f2db68a1b3e36c75f6
Vostok,Petit-et-al-2001,394.297000,,temperature_anomaly,-5.02,degC,observed;age_uncertainty_unavailable:GT4_has_no_point_age_distribution_in_source,c69eca96499bece4b2f65d4e40240f52e0bfb4027383b3f2db68a1b3e36c75f6
Vostok,Petit-et-al-2001,394.935000,,temperature_anomaly,-4.23,degC,observed;age_uncertainty_unavailable:GT4_has_no_point_age_distribution_in_source,c69eca96499bece4b2f65d4e40240f52e0bfb4027383b3f2db68a1b3e36c75f6
Vostok,Petit-et-al-2001,395.543000,,temperature_anomaly,-3.43,degC,observed;age_uncertainty_unavailable:GT4_has_no_point_age_distribution_in_source,c69eca96499bece4b2f65d4e40240f52e0bfb4027383b3f2db68a1b3e36c75f6
Vostok,Petit-et-al-2001,396.126000,,temperature_anomaly,-2.8,degC,observed;age_uncertainty_unavailable:GT4_has_no_point_age_distribution_in_source,c69eca96499bece4b2f65d4e40240f52e0bfb4027383b3f2db68a1b3e36c75f6
Vostok,Petit-et-al-2001,396.694000,,temperature_anomaly,-2.54,degC,observed;age_uncertainty_unavailable:GT4_has_no_point_age_distribution_in_source,c69eca96499bece4b2f65d4e40240f52e0bfb4027383b3f2db68a1b3e36c75f6
Vostok,Petit-et-al-2001,397.253000,,temperature_anomaly,-2.2,degC,observed;age_uncertainty_unavailable:GT4_has_no_point_age_distribution_in_source,c69eca96499bece4b2f65d4e40240f52e0bfb4027383b3f2db68a1b3e36c75f6
Vostok,Petit-et-al-2001,397.808000,,temperature_anomaly,-2.13,degC,observed;age_uncertainty_unavailable:GT4_has_no_point_age_distribution_in_source,c69eca96499bece4b2f65d4e40240f52e0bfb4027383b3f2db68a1b3e36c75f6
Vostok,Petit-et-al-2001,398.361000,,temperature_anomaly,-1.92,degC,observed;age_uncertainty_unavailable:GT4_has_no_point_age_distribution_in_source,c69eca96499bece4b2f65d4e40240f52e0bfb4027383b3f2db68a1b3e36c75f6
Vostok,Petit-et-al-2001,398.909000,,temperature_anomaly,-1.68,degC,observed;age_uncertainty_unavailable:GT4_has_no_point_age_distribution_in_source,c69eca96499bece4b2f65d4e40240f52e0bfb4027383b3f2db68a1b3e36c75f6
Vostok,Petit-et-al-2001,399.455000,,temperature_anomaly,-1.65,degC,observed;age_uncertainty_unavailable:GT4_has_no_point_age_distribution_in_source,c69eca96499bece4b2f65d4e40240f52e0bfb4027383b3f2db68a1b3e36c75f6
Vostok,Petit-et-al-2001,400.003000,,temperature_anomaly,-1.64,degC,observed;age_uncertainty_unavailable:GT4_has_no_point_age_distribution_in_source,c69eca96499bece4b2f65d4e40240f52e0bfb4027383b3f2db68a1b3e36c75f6
Vostok,Petit-et-al-2001,400.553000,,temperature_anomaly,-1.58,degC,observed;age_uncertainty_unavailable:GT4_has_no_point_age_distribution_in_source,c69eca96499bece4b2f65d4e40240f52e0bfb4027383b3f2db68a1b3e36c75f6
Vostok,Petit-et-al-2001,401.097000,,temperature_anomaly,-1.17,degC,observed;age_uncertainty_unavailable:GT4_has_no_point_age_distribution_in_source,c69eca96499bece4b2f65d4e40240f52e0bfb4027383b3f2db68a1b3e36c75f6
Vostok,Petit-et-al-2001,401.636000,,temperature_anomaly,-1.09,degC,observed;age_uncertainty_unavailable:GT4_has_no_point_age_distribution_in_source,c69eca96499bece4b2f65d4e40240f52e0bfb4027383b3f2db68a1b3e36c75f6
Vostok,Petit-et-al-2001,402.179000,,temperature_anomaly,-1.26,degC,observed;age_uncertainty_unavailable:GT4_has_no_point_age_distribution_in_source,c69eca96499bece4b2f65d4e40240f52e0bfb4027383b3f2db68a1b3e36c75f6
Vostok,Petit-et-al-2001,402.728000,,temperature_anomaly,-1.23,degC,observed;age_uncertainty_unavailable:GT4_has_no_point_age_distribution_in_source,c69eca96499bece4b2f65d4e40240f52e0bfb4027383b3f2db68a1b3e36c75f6
Vostok,Petit-et-al-2001,403.276000,,temperature_anomaly,-1.01,degC,observed;age_uncertainty_unavailable:GT4_has_no_point_age_distribution_in_source,c69eca96499bece4b2f65d4e40240f52e0bfb4027383b3f2db68a1b3e36c75f6
Vostok,Petit-et-al-2001,403.815000,,temperature_anomaly,-0.58,degC,observed;age_uncertainty_unavailable:GT4_has_no_point_age_distribution_in_source,c69eca96499bece4b2f65d4e40240f52e0bfb4027383b3f2db68a1b3e36c75f6
Vostok,Petit-et-al-2001,404.346000,,temperature_anomaly,-0.37,degC,observed;age_uncertainty_unavailable:GT4_has_no_point_age_distribution_in_source,c69eca96499bece4b2f65d4e40240f52e0bfb4027383b3f2db68a1b3e36c75f6
Vostok,Petit-et-al-2001,404.874000,,temperature_anomaly,-0.28,degC,observed;age_uncertainty_unavailable:GT4_has_no_point_age_distribution_in_source,c69eca96499bece4b2f65d4e40240f52e0bfb4027383b3f2db68a1b3e36c75f6
Vostok,Petit-et-al-2001,405.401000,,temperature_anomaly,-0.1,degC,observed;age_uncertainty_unavailable:GT4_has_no_point_age_distribution_in_source,c69eca96499bece4b2f65d4e40240f52e0bfb4027383b3f2db68a1b3e36c75f6
Vostok,Petit-et-al-2001,405.923000,,temperature_anomaly,0.18,degC,observed;age_uncertainty_unavailable:GT4_has_no_point_age_distribution_in_source,c69eca96499bece4b2f65d4e40240f52e0bfb4027383b3f2db68a1b3e36c75f6
Vostok,Petit-et-al-2001,406.441000,,temperature_anomaly,0.31,degC,observed;age_uncertainty_unavailable:GT4_has_no_point_age_distribution_in_source,c69eca96499bece4b2f65d4e40240f52e0bfb4027383b3f2db68a1b3e36c75f6
Vostok,Petit-et-al-2001,406.957000,,temperature_anomaly,0.49,degC,observed;age_uncertainty_unavailable:GT4_has_no_point_age_distribution_in_source,c69eca96499bece4b2f65d4e40240f52e0bfb4027383b3f2db68a1b3e36c75f6
Vostok,Petit-et-al-2001,407.469000,,temperature_anomaly,0.71,degC,observed;age_uncertainty_unavailable:GT4_has_no_point_age_distribution_in_source,c69eca96499bece4b2f65d4e40240f52e0bfb4027383b3f2db68a1b3e36c75f6
Vostok,Petit-et-al-2001,407.977000,,temperature_anomaly,0.85,degC,observed;age_uncertainty_unavailable:GT4_has_no_point_age_distribution_in_source,c69eca96499bece4b2f65d4e40240f52e0bfb4027383b3f2db68a1b3e36c75f6
Vostok,Petit-et-al-2001,408.485000,,temperature_anomaly,0.94,degC,observed;age_uncertainty_unavailable:GT4_has_no_point_age_distribution_in_source,c69eca96499bece4b2f65d4e40240f52e0bfb4027383b3f2db68a1b3e36c75f6
Vostok,Petit-et-al-2001,408.992000,,temperature_anomaly,1.12,degC,observed;age_uncertainty_unavailable:GT4_has_no_point_age_distribution_in_source,c69eca96499bece4b2f65d4e40240f52e0bfb4027383b3f2db68a1b3e36c75f6
Vostok,Petit-et-al-2001,409.496000,,temperature_anomaly,1.28,degC,observed;age_uncertainty_unavailable:GT4_has_no_point_age_distribution_in_source,c69eca96499bece4b2f65d4e40240f52e0bfb4027383b3f2db68a1b3e36c75f6
Vostok,Petit-et-al-2001,409.995000,,temperature_anomaly,1.64,degC,observed;age_uncertainty_unavailable:GT4_has_no_point_age_distribution_in_source,c69eca96499bece4b2f65d4e40240f52e0bfb4027383b3f2db68a1b3e36c75f6
Vostok,Petit-et-al-2001,410.483000,,temperature_anomaly,2.13,degC,observed;age_uncertainty_unavailable:GT4_has_no_point_age_distribution_in_source,c69eca96499bece4b2f65d4e40240f52e0bfb4027383b3f2db68a1b3e36c75f6
Vostok,Petit-et-al-2001,410.979000,,temperature_anomaly,1.27,degC,observed;age_uncertainty_unavailable:GT4_has_no_point_age_distribution_in_source,c69eca96499bece4b2f65d4e40240f52e0bfb4027383b3f2db68a1b3e36c75f6
Vostok,Petit-et-al-2001,411.492000,,temperature_anomaly,1.34,degC,observed;age_uncertainty_unavailable:GT4_has_no_point_age_distribution_in_source,c69eca96499bece4b2f65d4e40240f52e0bfb4027383b3f2db68a1b3e36c75f6
Vostok,Petit-et-al-2001,412.009000,,temperature_anomaly,1.23,degC,observed;age_uncertainty_unavailable:GT4_has_no_point_age_distribution_in_source,c69eca96499bece4b2f65d4e40240f52e0bfb4027383b3f2db68a1b3e36c75f6
Vostok,Petit-et-al-2001,412.533000,,temperature_anomaly,1.15,degC,observed;age_uncertainty_unavailable:GT4_has_no_point_age_distribution_in_source,c69eca96499bece4b2f65d4e40240f52e0bfb4027383b3f2db68a1b3e36c75f6
Vostok,Petit-et-al-2001,413.062000,,temperature_anomaly,1.08,degC,observed;age_uncertainty_unavailable:GT4_has_no_point_age_distribution_in_source,c69eca96499bece4b2f65d4e40240f52e0bfb4027383b3f2db68a1b3e36c75f6
Vostok,Petit-et-al-2001,413.601000,,temperature_anomaly,0.8,degC,observed;age_uncertainty_unavailable:GT4_has_no_point_age_distribution_in_source,c69eca96499bece4b2f65d4e40240f52e0bfb4027383b3f2db68a1b3e36c75f6
Vostok,Petit-et-al-2001,414.147000,,temperature_anomaly,0.85,degC,observed;age_uncertainty_unavailable:GT4_has_no_point_age_distribution_in_source,c69eca96499bece4b2f65d4e40240f52e0bfb4027383b3f2db68a1b3e36c75f6
Vostok,Petit-et-al-2001,414.692000,,temperature_anomaly,1.07,degC,observed;age_uncertainty_unavailable:GT4_has_no_point_age_distribution_in_source,c69eca96499bece4b2f65d4e40240f52e0bfb4027383b3f2db68a1b3e36c75f6
Vostok,Petit-et-al-2001,415.235000,,temperature_anomaly,1.16,degC,observed;age_uncertainty_unavailable:GT4_has_no_point_age_distribution_in_source,c69eca96499bece4b2f65d4e40240f52e0bfb4027383b3f2db68a1b3e36c75f6
Vostok,Petit-et-al-2001,415.781000,,temperature_anomaly,1.13,degC,observed;age_uncertainty_unavailable:GT4_has_no_point_age_distribution_in_source,c69eca96499bece4b2f65d4e40240f52e0bfb4027383b3f2db68a1b3e36c75f6
Vostok,Petit-et-al-2001,416.327000,,temperature_anomaly,1.32,degC,observed;age_uncertainty_unavailable:GT4_has_no_point_age_distribution_in_source,c69eca96499bece4b2f65d4e40240f52e0bfb4027383b3f2db68a1b3e36c75f6
Vostok,Petit-et-al-2001,416.872000,,temperature_anomaly,1.36,degC,observed;age_uncertainty_unavailable:GT4_has_no_point_age_distribution_in_source,c69eca96499bece4b2f65d4e40240f52e0bfb4027383b3f2db68a1b3e36c75f6
Vostok,Petit-et-al-2001,417.419000,,temperature_anomaly,1.43,degC,observed;age_uncertainty_unavailable:GT4_has_no_point_age_distribution_in_source,c69eca96499bece4b2f65d4e40240f52e0bfb4027383b3f2db68a1b3e36c75f6
Vostok,Petit-et-al-2001,417.969000,,temperature_anomaly,1.4,degC,observed;age_uncertainty_unavailable:GT4_has_no_point_age_distribution_in_source,c69eca96499bece4b2f65d4e40240f52e0bfb4027383b3f2db68a1b3e36c75f6
Vostok,Petit-et-al-2001,418.526000,,temperature_anomaly,1.27,degC,observed;age_uncertainty_unavailable:GT4_has_no_point_age_distribution_in_source,c69eca96499bece4b2f65d4e40240f52e0bfb4027383b3f2db68a1b3e36c75f6
Vostok,Petit-et-al-2001,419.095000,,temperature_anomaly,0.94,degC,observed;age_uncertainty_unavailable:GT4_has_no_point_age_distribution_in_source,c69eca96499bece4b2f65d4e40240f52e0bfb4027383b3f2db68a1b3e36c75f6
Vostok,Petit-et-al-2001,419.682000,,temperature_anomaly,0.51,degC,observed;age_uncertainty_unavailable:GT4_has_no_point_age_distribution_in_source,c69eca96499bece4b2f65d4e40240f52e0bfb4027383b3f2db68a1b3e36c75f6
Vostok,Petit-et-al-2001,420.281000,,temperature_anomaly,0.54,degC,observed;age_uncertainty_unavailable:GT4_has_no_point_age_distribution_in_source,c69eca96499bece4b2f65d4e40240f52e0bfb4027383b3f2db68a1b3e36c75f6
Vostok,Petit-et-al-2001,420.888000,,temperature_anomaly,0.32,degC,observed;age_uncertainty_unavailable:GT4_has_no_point_age_distribution_in_source,c69eca96499bece4b2f65d4e40240f52e0bfb4027383b3f2db68a1b3e36c75f6
Vostok,Petit-et-al-2001,421.507000,,temperature_anomaly,0.15,degC,observed;age_uncertainty_unavailable:GT4_has_no_point_age_distribution_in_source,c69eca96499bece4b2f65d4e40240f52e0bfb4027383b3f2db68a1b3e36c75f6
Vostok,Petit-et-al-2001,422.135000,,temperature_anomaly,0.08,degC,observed;age_uncertainty_unavailable:GT4_has_no_point_age_distribution_in_source,c69eca96499bece4b2f65d4e40240f52e0bfb4027383b3f2db68a1b3e36c75f6
Vostok,Petit-et-al-2001,422.766000,,temperature_anomaly,0.23,degC,observed;age_uncertainty_unavailable:GT4_has_no_point_age_distribution_in_source,c69eca96499bece4b2f65d4e40240f52e0bfb4027383b3f2db68a1b3e36c75f6
