time,variable,value,region
1880-01-15,surface_temperature_anomaly_C,-0.19,global
1880-02-15,surface_temperature_anomaly_C,-0.25,global
1880-03-15,surface_temperature_anomaly_C,-0.1,global
1880-04-15,surface_temperature_anomaly_C,-0.17,global
1880-05-15,surface_temperature_anomaly_C,-0.11,global
1880-06-15,surface_temperature_anomaly_C,-0.22,global
1880-07-15,surface_temperature_anomaly_C,-0.19,global
1880-08-15,surface_temperature_anomaly_C,-0.11,global
1880-09-15,surface_temperature_anomaly_C,-0.15,global
1880-10-15,surface_temperature_anomaly_C,-0.24,global
1880-11-15,surface_temperature_anomaly_C,-0.23,global
1880-12-15,surface_temperature_anomaly_C,-0.19,global
1881-01-15,surface_temperature_anomaly_C,-0.2,global
1881-02-15,surface_temperature_anomaly_C,-0.16,global
1881-03-15,surface_temperature_anomaly_C,0.02,global
1881-04-15,surface_temperature_anomaly_C,0.04,global
1881-05-15,surface_temperature_anomaly_C,0.06,global
1881-06-15,surface_temperature_anomaly_C,-0.19,global
1881-07-15,surface_temperature_anomaly_C,0.01,global
1881-08-15,surface_temperature_anomaly_C,-0.04,global
1881-09-15,surface_temperature_anomaly_C,-0.16,global
1881-10-15,surface_temperature_anomaly_C,-0.22,global
1881-11-15,surface_temperature_anomaly_C,-0.19,global
1881-12-15,surface_temperature_anomaly_C,-0.07,global
1882-01-15,surface_temperature_anomaly_C,0.16,global
1882-02-15,surface_temperature_anomaly_C,0.13,global
1882-03-15,surface_temperature_anomaly_C,0.04,global
1882-04-15,surface_temperature_anomaly_C,-0.16,global
1882-05-15,surface_temperature_anomaly_C,-0.14,global
1882-06-15,surface_temperature_anomaly_C,-0.23,global
1882-07-15,surface_temperature_anomaly_C,-0.17,global
1882-08-15,surface_temperature_anomaly_C,-0.08,global
1882-09-15,surface_temperature_anomaly_C,-0.15,global
1882-10-15,surface_temperature_anomaly_C,-0.24,global
1882-11-15,surface_temperature_anomaly_C,-0.17,global
1882-12-15,surface_temperature_anomaly_C,-0.37,global
1883-01-15,surface_temperature_anomaly_C,-0.29,global
1883-02-15,surface_temperature_anomaly_C,-0.37,global
1883-03-15,surface_temperature_anomaly_C,-0.13,global
1883-04-15,surface_temperature_anomaly_C,-0.18,global
1883-05-15,surface_temperature_anomaly_C,-0.18,global
1883-06-15,surface_temperature_anomaly_C,-0.07,global
1883-07-15,surface_temperature_anomaly_C,-0.08,global
1883-08-15,surface_temperature_anomaly_C,-0.14,global
1883-09-15,surface_temperature_anomaly_C,-0.22,global
1883-10-15,surface_temperature_anomaly_C,-0.11,global
1883-11-15,surface_temperature_anomaly_C,-0.24,global
1883-12-15,surface_temperature_anomaly_C,-0.11,global
1884-01-15,surface_temperature_anomaly_C,-0.13,global
1884-02-15,surface_temperature_anomaly_C,-0.08,global
1884-03-15,surface_temperature_anomaly_C,-0.36,global
1884-04-15,surface_temperature_anomaly_C,-0.4,global
1884-05-15,surface_temperature_anomaly_C,-0.34,global
1884-06-15,surface_temperature_anomaly_C,-0.35,global
1884-07-15,surface_temperature_anomaly_C,-0.31,global
1884-08-15,surface_temperature_anomaly_C,-0.28,global
1884-09-15,surface_temperature_anomaly_C,-0.27,global
1884-10-15,surface_temperature_anomaly_C,-0.25,global
1884-11-15,surface_temperature_anomaly_C,-0.34,global
1884-12-15,surface_temperature_anomaly_C,-0.31,global
1885-01-15,surface_temperature_anomaly_C,-0.59,global
1885-02-15,surface_temperature_anomaly_C,-0.34,global
1885-03-15,surface_temperature_anomaly_C,-0.27,global
1885-04-15,surface_temperature_anomaly_C,-0.42,global
1885-05-15,surface_temperature_anomaly_C,-0.45,global
1885-06-15,surface_temperature_anomaly_C,-0.44,global
1885-07-15,surface_temperature_anomaly_C,-0.34,global
1885-08-15,surface_temperature_anomaly_C,-0.31,global
1885-09-15,surface_temperature_anomaly_C,-0.28,global
1885-10-15,surface_temperature_anomaly_C,-0.24,global
1885-11-15,surface_temperature_anomaly_C,-0.24,global
1885-12-15,surface_temperature_anomaly_C,-0.11,global
1886-01-15,surface_temperature_anomaly_C,-0.44,global
1886-02-15,surface_temperature_anomaly_C,-0.51,global
1886-03-15,surface_temperature_anomaly_C,-0.43,global
1886-04-15,surface_temperature_anomaly_C,-0.28,global
1886-05-15,surface_temperature_anomaly_C,-0.24,global
1886-06-15,surface_temperature_anomaly_C,-0.35,global
1886-07-15,surface_temperature_anomaly_C,-0.18,global
1886-08-15,surface_temperature_anomaly_C,-0.31,global
1886-09-15,surface_temperature_anomaly_C,-0.24,global
1886-10-15,surface_temperature_anomaly_C,-0.28,global
1886-11-15,surface_temperature_anomaly_C,-0.28,global
1886-12-15,surface_temperature_anomaly_C,-0.26,global
1887-01-15,surface_temperature_anomaly_C,-0.72,global
1887-02-15,surface_temperature_anomaly_C,-0.57,global
1887-03-15,surface_temperature_anomaly_C,-0.36,global
1887-04-15,surface_temperature_anomaly_C,-0.35,global
1887-05-15,surface_temperature_anomaly_C,-0.31,global
1887-06-15,surface_temperature_anomaly_C,-0.25,global
1887-07-15,surface_temperature_anomaly_C,-0.26,global
1887-08-15,surface_temperature_anomaly_C,-0.36,global
1887-09-15,surface_temperature_anomaly_C,-0.26,global
1887-10-15,surface_temperature_anomaly_C,-0.35,global
1887-11-15,surface_temperature_anomaly_C,-0.26,global
1887-12-15,surface_temperature_anomaly_C,-0.33,global
1888-01-15,surface_temperature_anomaly_C,-0.34,global
1888-02-15,surface_temperature_anomaly_C,-0.37,global
1888-03-15,surface_temperature_anomaly_C,-0.41,global
1888-04-15,surface_temperature_anomaly_C,-0.21,global
1888-05-15,surface_temperature_anomaly_C,-0.22,global
1888-06-15,surface_temperature_anomaly_C,-0.17,global
1888-07-15,surface_temperature_anomaly_C,-0.11,global
1888-08-15,surface_temperature_anomaly_C,-0.16,global
1888-09-15,surface_temperature_anomaly_C,-0.12,global
1888-10-15,surface_temperature_anomaly_C,0.01,global
1888-11-15,surface_temperature_anomaly_C,0.02,global
1888-12-15,surface_temperature_anomaly_C,-0.05,global
1889-01-15,surface_temperature_anomaly_C,-0.1,global
1889-02-15,surface_temperature_anomaly_C,0.16,global
1889-03-15,surface_temperature_anomaly_C,0.06,global
1889-04-15,surface_temperature_anomaly_C,0.09,global
1889-05-15,surface_temperature_anomaly_C,-0.01,global
1889-06-15,surface_temperature_anomaly_C,-0.1,global
1889-07-15,surface_temperature_anomaly_C,-0.08,global
1889-08-15,surface_temperature_anomaly_C,-0.21,global
1889-09-15,surface_temperature_anomaly_C,-0.24,global
1889-10-15,surface_temperature_anomaly_C,-0.25,global
1889-11-15,surface_temperature_anomaly_C,-0.34,global
1889-12-15,surface_temperature_anomaly_C,-0.29,global
1890-01-15,surface_temperature_anomaly_C,-0.42,global
1890-02-15,surface_temperature_anomaly_C,-0.45,global
1890-03-15,surface_temperature_anomaly_C,-0.4,global
1890-04-15,surface_temperature_anomaly_C,-0.3,global
1890-05-15,surface_temperature_anomaly_C,-0.4,global
1890-06-15,surface_temperature_anomaly_C,-0.25,global
1890-07-15,surface_temperature_anomaly_C,-0.28,global
1890-08-15,surface_temperature_anomaly_C,-0.39,global
1890-09-15,surface_temperature_anomaly_C,-0.36,global
1890-10-15,surface_temperature_anomaly_C,-0.25,global
1890-11-15,surface_temperature_anomaly_C,-0.44,global
1890-12-15,surface_temperature_anomaly_C,-0.32,global
1891-01-15,surface_temperature_anomaly_C,-0.34,global
1891-02-15,surface_temperature_anomaly_C,-0.46,global
1891-03-15,surface_temperature_anomaly_C,-0.18,global
1891-04-15,surface_temperature_anomaly_C,-0.27,global
1891-05-15,surface_temperature_anomaly_C,-0.17,global
1891-06-15,surface_temperature_anomaly_C,-0.21,global
1891-07-15,surface_temperature_anomaly_C,-0.18,global
1891-08-15,surface_temperature_anomaly_C,-0.17,global
1891-09-15,surface_temperature_anomaly_C,-0.16,global
1891-10-15,surface_temperature_anomaly_C,-0.22,global
1891-11-15,surface_temperature_anomaly_C,-0.31,global
1891-12-15,surface_temperature_anomaly_C,-0.04,global
1892-01-15,surface_temperature_anomaly_C,-0.29,global
1892-02-15,surface_temperature_anomaly_C,-0.12,global
1892-03-15,surface_temperature_anomaly_C,-0.4,global
1892-04-15,surface_temperature_anomaly_C,-0.33,global
1892-05-15,surface_temperature_anomaly_C,-0.23,global
1892-06-15,surface_temperature_anomaly_C,-0.22,global
1892-07-15,surface_temperature_anomaly_C,-0.31,global
1892-08-15,surface_temperature_anomaly_C,-0.27,global
1892-09-15,surface_temperature_anomaly_C,-0.17,global
1892-10-15,surface_temperature_anomaly_C,-0.14,global
1892-11-15,surface_temperature_anomaly_C,-0.42,global
1892-12-15,surface_temperature_anomaly_C,-0.39,global
1893-01-15,surface_temperature_anomaly_C,-0.81,global
1893-02-15,surface_temperature_anomaly_C,-0.57,global
1893-03-15,surface_temperature_anomaly_C,-0.22,global
1893-04-15,surface_temperature_anomaly_C,-0.28,global
1893-05-15,surface_temperature_anomaly_C,-0.34,global
1893-06-15,surface_temperature_anomaly_C,-0.25,global
1893-07-15,surface_temperature_anomaly_C,-0.14,global
1893-08-15,surface_temperature_anomaly_C,-0.25,global
1893-09-15,surface_temperature_anomaly_C,-0.22,global
1893-10-15,surface_temperature_anomaly_C,-0.18,global
1893-11-15,surface_temperature_anomaly_C,-0.19,global
1893-12-15,surface_temperature_anomaly_C,-0.32,global
1894-01-15,surface_temperature_anomaly_C,-0.53,global
1894-02-15,surface_temperature_anomaly_C,-0.29,global
1894-03-15,surface_temperature_anomaly_C,-0.23,global
1894-04-15,surface_temperature_anomaly_C,-0.45,global
1894-05-15,surface_temperature_anomaly_C,-0.31,global
1894-06-15,surface_temperature_anomaly_C,-0.41,global
1894-07-15,surface_temperature_anomaly_C,-0.24,global
1894-08-15,surface_temperature_anomaly_C,-0.24,global
1894-09-15,surface_temperature_anomaly_C,-0.28,global
1894-10-15,surface_temperature_anomaly_C,-0.23,global
1894-11-15,surface_temperature_anomaly_C,-0.26,global
1894-12-15,surface_temperature_anomaly_C,-0.21,global
1895-01-15,surface_temperature_anomaly_C,-0.41,global
1895-02-15,surface_temperature_anomaly_C,-0.42,global
1895-03-15,surface_temperature_anomaly_C,-0.33,global
1895-04-15,surface_temperature_anomaly_C,-0.22,global
1895-05-15,surface_temperature_anomaly_C,-0.27,global
1895-06-15,surface_temperature_anomaly_C,-0.21,global
1895-07-15,surface_temperature_anomaly_C,-0.17,global
1895-08-15,surface_temperature_anomaly_C,-0.17,global
1895-09-15,surface_temperature_anomaly_C,-0.12,global
1895-10-15,surface_temperature_anomaly_C,-0.1,global
1895-11-15,surface_temperature_anomaly_C,-0.17,global
1895-12-15,surface_temperature_anomaly_C,-0.14,global
1896-01-15,surface_temperature_anomaly_C,-0.23,global
1896-02-15,surface_temperature_anomaly_C,-0.13,global
1896-03-15,surface_temperature_anomaly_C,-0.26,global
1896-04-15,surface_temperature_anomaly_C,-0.31,global
1896-05-15,surface_temperature_anomaly_C,-0.16,global
1896-06-15,surface_temperature_anomaly_C,-0.11,global
1896-07-15,surface_temperature_anomaly_C,-0.03,global
1896-08-15,surface_temperature_anomaly_C,-0.05,global
1896-09-15,surface_temperature_anomaly_C,-0.07,global
1896-10-15,surface_temperature_anomaly_C,0.06,global
1896-11-15,surface_temperature_anomaly_C,-0.05,global
1896-12-15,surface_temperature_anomaly_C,-0.05,global
1897-01-15,surface_temperature_anomaly_C,-0.16,global
1897-02-15,surface_temperature_anomaly_C,-0.17,global
1897-03-15,surface_temperature_anomaly_C,-0.14,global
1897-04-15,surface_temperature_anomaly_C,-0.03,global
1897-05-15,surface_temperature_anomaly_C,-0.02,global
1897-06-15,surface_temperature_anomaly_C,-0.12,global
1897-07-15,surface_temperature_anomaly_C,-0.03,global
1897-08-15,surface_temperature_anomaly_C,-0.09,global
1897-09-15,surface_temperature_anomaly_C,-0.08,global
1897-10-15,surface_temperature_anomaly_C,-0.13,global
1897-11-15,surface_temperature_anomaly_C,-0.18,global
1897-12-15,surface_temperature_anomaly_C,-0.2,global
1898-01-15,surface_temperature_anomaly_C,-0.03,global
1898-02-15,surface_temperature_anomaly_C,-0.3,global
1898-03-15,surface_temperature_anomaly_C,-0.51,global
1898-04-15,surface_temperature_anomaly_C,-0.31,global
1898-05-15,surface_temperature_anomaly_C,-0.31,global
1898-06-15,surface_temperature_anomaly_C,-0.2,global
1898-07-15,surface_temperature_anomaly_C,-0.22,global
1898-08-15,surface_temperature_anomaly_C,-0.27,global
1898-09-15,surface_temperature_anomaly_C,-0.22,global
1898-10-15,surface_temperature_anomaly_C,-0.34,global
1898-11-15,surface_temperature_anomaly_C,-0.39,global
1898-12-15,surface_temperature_anomaly_C,-0.24,global
1899-01-15,surface_temperature_anomaly_C,-0.17,global
1899-02-15,surface_temperature_anomaly_C,-0.38,global
1899-03-15,surface_temperature_anomaly_C,-0.35,global
1899-04-15,surface_temperature_anomaly_C,-0.2,global
1899-05-15,surface_temperature_anomaly_C,-0.23,global
1899-06-15,surface_temperature_anomaly_C,-0.31,global
1899-07-15,surface_temperature_anomaly_C,-0.16,global
1899-08-15,surface_temperature_anomaly_C,-0.08,global
1899-09-15,surface_temperature_anomaly_C,-0.05,global
1899-10-15,surface_temperature_anomaly_C,-0.04,global
1899-11-15,surface_temperature_anomaly_C,0.12,global
1899-12-15,surface_temperature_anomaly_C,-0.27,global
1900-01-15,surface_temperature_anomaly_C,-0.37,global
1900-02-15,surface_temperature_anomaly_C,-0.06,global
1900-03-15,surface_temperature_anomaly_C,0.0,global
1900-04-15,surface_temperature_anomaly_C,-0.09,global
1900-05-15,surface_temperature_anomaly_C,-0.09,global
1900-06-15,surface_temperature_anomaly_C,-0.1,global
1900-07-15,surface_temperature_anomaly_C,-0.13,global
1900-08-15,surface_temperature_anomaly_C,-0.09,global
1900-09-15,surface_temperature_anomaly_C,-0.05,global
1900-10-15,surface_temperature_anomaly_C,0.09,global
1900-11-15,surface_temperature_anomaly_C,-0.07,global
1900-12-15,surface_temperature_anomaly_C,-0.07,global
1901-01-15,surface_temperature_anomaly_C,-0.22,global
1901-02-15,surface_temperature_anomaly_C,-0.11,global
1901-03-15,surface_temperature_anomaly_C,0.06,global
1901-04-15,surface_temperature_anomaly_C,-0.03,global
1901-05-15,surface_temperature_anomaly_C,-0.15,global
1901-06-15,surface_temperature_anomaly_C,-0.12,global
1901-07-15,surface_temperature_anomaly_C,-0.14,global
1901-08-15,surface_temperature_anomaly_C,-0.2,global
1901-09-15,surface_temperature_anomaly_C,-0.22,global
1901-10-15,surface_temperature_anomaly_C,-0.29,global
1901-11-15,surface_temperature_anomaly_C,-0.17,global
1901-12-15,surface_temperature_anomaly_C,-0.27,global
1902-01-15,surface_temperature_anomaly_C,-0.16,global
1902-02-15,surface_temperature_anomaly_C,-0.09,global
1902-03-15,surface_temperature_anomaly_C,-0.27,global
1902-04-15,surface_temperature_anomaly_C,-0.28,global
1902-05-15,surface_temperature_anomaly_C,-0.32,global
1902-06-15,surface_temperature_anomaly_C,-0.31,global
1902-07-15,surface_temperature_anomaly_C,-0.28,global
1902-08-15,surface_temperature_anomaly_C,-0.3,global
1902-09-15,surface_temperature_anomaly_C,-0.29,global
1902-10-15,surface_temperature_anomaly_C,-0.3,global
1902-11-15,surface_temperature_anomaly_C,-0.37,global
1902-12-15,surface_temperature_anomaly_C,-0.42,global
1903-01-15,surface_temperature_anomaly_C,-0.25,global
1903-02-15,surface_temperature_anomaly_C,-0.06,global
1903-03-15,surface_temperature_anomaly_C,-0.23,global
1903-04-15,surface_temperature_anomaly_C,-0.41,global
1903-05-15,surface_temperature_anomaly_C,-0.4,global
1903-06-15,surface_temperature_anomaly_C,-0.43,global
1903-07-15,surface_temperature_anomaly_C,-0.35,global
1903-08-15,surface_temperature_anomaly_C,-0.45,global
1903-09-15,surface_temperature_anomaly_C,-0.49,global
1903-10-15,surface_temperature_anomaly_C,-0.46,global
1903-11-15,surface_temperature_anomaly_C,-0.42,global
1903-12-15,surface_temperature_anomaly_C,-0.51,global
1904-01-15,surface_temperature_anomaly_C,-0.64,global
1904-02-15,surface_temperature_anomaly_C,-0.59,global
1904-03-15,surface_temperature_anomaly_C,-0.51,global
1904-04-15,surface_temperature_anomaly_C,-0.51,global
1904-05-15,surface_temperature_anomaly_C,-0.52,global
1904-06-15,surface_temperature_anomaly_C,-0.48,global
1904-07-15,surface_temperature_anomaly_C,-0.51,global
1904-08-15,surface_temperature_anomaly_C,-0.49,global
1904-09-15,surface_temperature_anomaly_C,-0.56,global
1904-10-15,surface_temperature_anomaly_C,-0.39,global
1904-11-15,surface_temperature_anomaly_C,-0.18,global
1904-12-15,surface_temperature_anomaly_C,-0.34,global
1905-01-15,surface_temperature_anomaly_C,-0.35,global
1905-02-15,surface_temperature_anomaly_C,-0.59,global
1905-03-15,surface_temperature_anomaly_C,-0.21,global
1905-04-15,surface_temperature_anomaly_C,-0.34,global
1905-05-15,surface_temperature_anomaly_C,-0.3,global
1905-06-15,surface_temperature_anomaly_C,-0.28,global
1905-07-15,surface_temperature_anomaly_C,-0.26,global
1905-08-15,surface_temperature_anomaly_C,-0.2,global
1905-09-15,surface_temperature_anomaly_C,-0.19,global
1905-10-15,surface_temperature_anomaly_C,-0.25,global
1905-11-15,surface_temperature_anomaly_C,-0.07,global
1905-12-15,surface_temperature_anomaly_C,-0.13,global
1906-01-15,surface_temperature_anomaly_C,-0.28,global
1906-02-15,surface_temperature_anomaly_C,-0.29,global
1906-03-15,surface_temperature_anomaly_C,-0.19,global
1906-04-15,surface_temperature_anomaly_C,-0.05,global
1906-05-15,surface_temperature_anomaly_C,-0.26,global
1906-06-15,surface_temperature_anomaly_C,-0.2,global
1906-07-15,surface_temperature_anomaly_C,-0.23,global
1906-08-15,surface_temperature_anomaly_C,-0.2,global
1906-09-15,surface_temperature_anomaly_C,-0.28,global
1906-10-15,surface_temperature_anomaly_C,-0.2,global
1906-11-15,surface_temperature_anomaly_C,-0.38,global
1906-12-15,surface_temperature_anomaly_C,-0.15,global
1907-01-15,surface_temperature_anomaly_C,-0.43,global
1907-02-15,surface_temperature_anomaly_C,-0.51,global
1907-03-15,surface_temperature_anomaly_C,-0.27,global
1907-04-15,surface_temperature_anomaly_C,-0.37,global
1907-05-15,surface_temperature_anomaly_C,-0.46,global
1907-06-15,surface_temperature_anomaly_C,-0.42,global
1907-07-15,surface_temperature_anomaly_C,-0.35,global
1907-08-15,surface_temperature_anomaly_C,-0.34,global
1907-09-15,surface_temperature_anomaly_C,-0.34,global
1907-10-15,surface_temperature_anomaly_C,-0.23,global
1907-11-15,surface_temperature_anomaly_C,-0.47,global
1907-12-15,surface_temperature_anomaly_C,-0.47,global
1908-01-15,surface_temperature_anomaly_C,-0.45,global
1908-02-15,surface_temperature_anomaly_C,-0.32,global
1908-03-15,surface_temperature_anomaly_C,-0.55,global
1908-04-15,surface_temperature_anomaly_C,-0.45,global
1908-05-15,surface_temperature_anomaly_C,-0.38,global
1908-06-15,surface_temperature_anomaly_C,-0.39,global
1908-07-15,surface_temperature_anomaly_C,-0.35,global
1908-08-15,surface_temperature_anomaly_C,-0.46,global
1908-09-15,surface_temperature_anomaly_C,-0.36,global
1908-10-15,surface_temperature_anomaly_C,-0.44,global
1908-11-15,surface_temperature_anomaly_C,-0.52,global
1908-12-15,surface_temperature_anomaly_C,-0.49,global
1909-01-15,surface_temperature_anomaly_C,-0.73,global
1909-02-15,surface_temperature_anomaly_C,-0.46,global
1909-03-15,surface_temperature_anomaly_C,-0.55,global
1909-04-15,surface_temperature_anomaly_C,-0.59,global
1909-05-15,surface_temperature_anomaly_C,-0.55,global
1909-06-15,surface_temperature_anomaly_C,-0.52,global
1909-07-15,surface_temperature_anomaly_C,-0.46,global
1909-08-15,surface_temperature_anomaly_C,-0.34,global
1909-09-15,surface_temperature_anomaly_C,-0.39,global
1909-10-15,surface_temperature_anomaly_C,-0.4,global
1909-11-15,surface_temperature_anomaly_C,-0.32,global
1909-12-15,surface_temperature_anomaly_C,-0.56,global
1910-01-15,surface_temperature_anomaly_C,-0.43,global
1910-02-15,surface_temperature_anomaly_C,-0.42,global
1910-03-15,surface_temperature_anomaly_C,-0.51,global
1910-04-15,surface_temperature_anomaly_C,-0.43,global
1910-05-15,surface_temperature_anomaly_C,-0.35,global
1910-06-15,surface_temperature_anomaly_C,-0.39,global
1910-07-15,surface_temperature_anomaly_C,-0.35,global
1910-08-15,surface_temperature_anomaly_C,-0.37,global
1910-09-15,surface_temperature_anomaly_C,-0.39,global
1910-10-15,surface_temperature_anomaly_C,-0.41,global
1910-11-15,surface_temperature_anomaly_C,-0.57,global
1910-12-15,surface_temperature_anomaly_C,-0.68,global
1911-01-15,surface_temperature_anomaly_C,-0.63,global
1911-02-15,surface_temperature_anomaly_C,-0.58,global
1911-03-15,surface_temperature_anomaly_C,-0.61,global
1911-04-15,surface_temperature_anomaly_C,-0.55,global
1911-05-15,surface_temperature_anomaly_C,-0.52,global
1911-06-15,surface_temperature_anomaly_C,-0.5,global
1911-07-15,surface_temperature_anomaly_C,-0.43,global
1911-08-15,surface_temperature_anomaly_C,-0.44,global
1911-09-15,surface_temperature_anomaly_C,-0.41,global
1911-10-15,surface_temperature_anomaly_C,-0.27,global
1911-11-15,surface_temperature_anomaly_C,-0.22,global
1911-12-15,surface_temperature_anomaly_C,-0.22,global
1912-01-15,surface_temperature_anomaly_C,-0.27,global
1912-02-15,surface_temperature_anomaly_C,-0.16,global
1912-03-15,surface_temperature_anomaly_C,-0.39,global
1912-04-15,surface_temperature_anomaly_C,-0.19,global
1912-05-15,surface_temperature_anomaly_C,-0.22,global
1912-06-15,surface_temperature_anomaly_C,-0.25,global
1912-07-15,surface_temperature_anomaly_C,-0.43,global
1912-08-15,surface_temperature_anomaly_C,-0.55,global
1912-09-15,surface_temperature_anomaly_C,-0.58,global
1912-10-15,surface_temperature_anomaly_C,-0.58,global
1912-11-15,surface_temperature_anomaly_C,-0.4,global
1912-12-15,surface_temperature_anomaly_C,-0.44,global
1913-01-15,surface_temperature_anomaly_C,-0.41,global
1913-02-15,surface_temperature_anomaly_C,-0.46,global
1913-03-15,surface_temperature_anomaly_C,-0.43,global
1913-04-15,surface_temperature_anomaly_C,-0.41,global
1913-05-15,surface_temperature_anomaly_C,-0.44,global
1913-06-15,surface_temperature_anomaly_C,-0.46,global
1913-07-15,surface_temperature_anomaly_C,-0.37,global
1913-08-15,surface_temperature_anomaly_C,-0.33,global
1913-09-15,surface_temperature_anomaly_C,-0.35,global
1913-10-15,surface_temperature_anomaly_C,-0.32,global
1913-11-15,surface_temperature_anomaly_C,-0.21,global
1913-12-15,surface_temperature_anomaly_C,-0.04,global
1914-01-15,surface_temperature_anomaly_C,0.03,global
1914-02-15,surface_temperature_anomaly_C,-0.11,global
1914-03-15,surface_temperature_anomaly_C,-0.25,global
1914-04-15,surface_temperature_anomaly_C,-0.3,global
1914-05-15,surface_temperature_anomaly_C,-0.22,global
1914-06-15,surface_temperature_anomaly_C,-0.26,global
1914-07-15,surface_temperature_anomaly_C,-0.24,global
1914-08-15,surface_temperature_anomaly_C,-0.17,global
1914-09-15,surface_temperature_anomaly_C,-0.18,global
1914-10-15,surface_temperature_anomaly_C,-0.04,global
1914-11-15,surface_temperature_anomaly_C,-0.17,global
1914-12-15,surface_temperature_anomaly_C,-0.05,global
1915-01-15,surface_temperature_anomaly_C,-0.22,global
1915-02-15,surface_temperature_anomaly_C,-0.04,global
1915-03-15,surface_temperature_anomaly_C,-0.11,global
1915-04-15,surface_temperature_anomaly_C,0.06,global
1915-05-15,surface_temperature_anomaly_C,-0.06,global
1915-06-15,surface_temperature_anomaly_C,-0.23,global
1915-07-15,surface_temperature_anomaly_C,-0.13,global
1915-08-15,surface_temperature_anomaly_C,-0.23,global
1915-09-15,surface_temperature_anomaly_C,-0.21,global
1915-10-15,surface_temperature_anomaly_C,-0.25,global
1915-11-15,surface_temperature_anomaly_C,-0.14,global
1915-12-15,surface_temperature_anomaly_C,-0.21,global
1916-01-15,surface_temperature_anomaly_C,-0.13,global
1916-02-15,surface_temperature_anomaly_C,-0.15,global
1916-03-15,surface_temperature_anomaly_C,-0.29,global
1916-04-15,surface_temperature_anomaly_C,-0.31,global
1916-05-15,surface_temperature_anomaly_C,-0.36,global
1916-06-15,surface_temperature_anomaly_C,-0.5,global
1916-07-15,surface_temperature_anomaly_C,-0.37,global
1916-08-15,surface_temperature_anomaly_C,-0.28,global
1916-09-15,surface_temperature_anomaly_C,-0.36,global
1916-10-15,surface_temperature_anomaly_C,-0.33,global
1916-11-15,surface_temperature_anomaly_C,-0.47,global
1916-12-15,surface_temperature_anomaly_C,-0.82,global
1917-01-15,surface_temperature_anomaly_C,-0.57,global
1917-02-15,surface_temperature_anomaly_C,-0.63,global
1917-03-15,surface_temperature_anomaly_C,-0.63,global
1917-04-15,surface_temperature_anomaly_C,-0.55,global
1917-05-15,surface_temperature_anomaly_C,-0.55,global
1917-06-15,surface_temperature_anomaly_C,-0.44,global
1917-07-15,surface_temperature_anomaly_C,-0.26,global
1917-08-15,surface_temperature_anomaly_C,-0.23,global
1917-09-15,surface_temperature_anomaly_C,-0.23,global
1917-10-15,surface_temperature_anomaly_C,-0.44,global
1917-11-15,surface_temperature_anomaly_C,-0.34,global
1917-12-15,surface_temperature_anomaly_C,-0.68,global
1918-01-15,surface_temperature_anomaly_C,-0.48,global
1918-02-15,surface_temperature_anomaly_C,-0.35,global
1918-03-15,surface_temperature_anomaly_C,-0.26,global
1918-04-15,surface_temperature_anomaly_C,-0.45,global
1918-05-15,surface_temperature_anomaly_C,-0.44,global
1918-06-15,surface_temperature_anomaly_C,-0.37,global
1918-07-15,surface_temperature_anomaly_C,-0.32,global
1918-08-15,surface_temperature_anomaly_C,-0.32,global
1918-09-15,surface_temperature_anomaly_C,-0.17,global
1918-10-15,surface_temperature_anomaly_C,-0.06,global
1918-11-15,surface_temperature_anomaly_C,-0.12,global
1918-12-15,surface_temperature_anomaly_C,-0.3,global
1919-01-15,surface_temperature_anomaly_C,-0.2,global
1919-02-15,surface_temperature_anomaly_C,-0.23,global
1919-03-15,surface_temperature_anomaly_C,-0.22,global
1919-04-15,surface_temperature_anomaly_C,-0.13,global
1919-05-15,surface_temperature_anomaly_C,-0.28,global
1919-06-15,surface_temperature_anomaly_C,-0.37,global
1919-07-15,surface_temperature_anomaly_C,-0.29,global
1919-08-15,surface_temperature_anomaly_C,-0.34,global
1919-09-15,surface_temperature_anomaly_C,-0.25,global
1919-10-15,surface_temperature_anomaly_C,-0.2,global
1919-11-15,surface_temperature_anomaly_C,-0.42,global
1919-12-15,surface_temperature_anomaly_C,-0.43,global
1920-01-15,surface_temperature_anomaly_C,-0.26,global
1920-02-15,surface_temperature_anomaly_C,-0.28,global
1920-03-15,surface_temperature_anomaly_C,-0.13,global
1920-04-15,surface_temperature_anomaly_C,-0.25,global
1920-05-15,surface_temperature_anomaly_C,-0.27,global
1920-06-15,surface_temperature_anomaly_C,-0.36,global
1920-07-15,surface_temperature_anomaly_C,-0.3,global
1920-08-15,surface_temperature_anomaly_C,-0.26,global
1920-09-15,surface_temperature_anomaly_C,-0.22,global
1920-10-15,surface_temperature_anomaly_C,-0.27,global
1920-11-15,surface_temperature_anomaly_C,-0.28,global
1920-12-15,surface_temperature_anomaly_C,-0.47,global
1921-01-15,surface_temperature_anomaly_C,-0.05,global
1921-02-15,surface_temperature_anomaly_C,-0.18,global
1921-03-15,surface_temperature_anomaly_C,-0.23,global
1921-04-15,surface_temperature_anomaly_C,-0.3,global
1921-05-15,surface_temperature_anomaly_C,-0.3,global
1921-06-15,surface_temperature_anomaly_C,-0.27,global
1921-07-15,surface_temperature_anomaly_C,-0.15,global
1921-08-15,surface_temperature_anomaly_C,-0.27,global
1921-09-15,surface_temperature_anomaly_C,-0.19,global
1921-10-15,surface_temperature_anomaly_C,-0.03,global
1921-11-15,surface_temperature_anomaly_C,-0.15,global
1921-12-15,surface_temperature_anomaly_C,-0.18,global
1922-01-15,surface_temperature_anomaly_C,-0.34,global
1922-02-15,surface_temperature_anomaly_C,-0.45,global
1922-03-15,surface_temperature_anomaly_C,-0.15,global
1922-04-15,surface_temperature_anomaly_C,-0.23,global
1922-05-15,surface_temperature_anomaly_C,-0.33,global
1922-06-15,surface_temperature_anomaly_C,-0.31,global
1922-07-15,surface_temperature_anomaly_C,-0.27,global
1922-08-15,surface_temperature_anomaly_C,-0.33,global
1922-09-15,surface_temperature_anomaly_C,-0.35,global
1922-10-15,surface_temperature_anomaly_C,-0.32,global
1922-11-15,surface_temperature_anomaly_C,-0.14,global
1922-12-15,surface_temperature_anomaly_C,-0.2,global
1923-01-15,surface_temperature_anomaly_C,-0.27,global
1923-02-15,surface_temperature_anomaly_C,-0.4,global
1923-03-15,surface_temperature_anomaly_C,-0.34,global
1923-04-15,surface_temperature_anomaly_C,-0.41,global
1923-05-15,surface_temperature_anomaly_C,-0.34,global
1923-06-15,surface_temperature_anomaly_C,-0.3,global
1923-07-15,surface_temperature_anomaly_C,-0.31,global
1923-08-15,surface_temperature_anomaly_C,-0.34,global
1923-09-15,surface_temperature_anomaly_C,-0.31,global
1923-10-15,surface_temperature_anomaly_C,-0.14,global
1923-11-15,surface_temperature_anomaly_C,-0.03,global
1923-12-15,surface_temperature_anomaly_C,-0.04,global
1924-01-15,surface_temperature_anomaly_C,-0.23,global
1924-02-15,surface_temperature_anomaly_C,-0.23,global
1924-03-15,surface_temperature_anomaly_C,-0.09,global
1924-04-15,surface_temperature_anomaly_C,-0.3,global
1924-05-15,surface_temperature_anomaly_C,-0.19,global
1924-06-15,surface_temperature_anomaly_C,-0.26,global
1924-07-15,surface_temperature_anomaly_C,-0.29,global
1924-08-15,surface_temperature_anomaly_C,-0.36,global
1924-09-15,surface_temperature_anomaly_C,-0.32,global
1924-10-15,surface_temperature_anomaly_C,-0.35,global
1924-11-15,surface_temperature_anomaly_C,-0.21,global
1924-12-15,surface_temperature_anomaly_C,-0.43,global
1925-01-15,surface_temperature_anomaly_C,-0.38,global
1925-02-15,surface_temperature_anomaly_C,-0.39,global
1925-03-15,surface_temperature_anomaly_C,-0.27,global
1925-04-15,surface_temperature_anomaly_C,-0.26,global
1925-05-15,surface_temperature_anomaly_C,-0.3,global
1925-06-15,surface_temperature_anomaly_C,-0.33,global
1925-07-15,surface_temperature_anomaly_C,-0.27,global
1925-08-15,surface_temperature_anomaly_C,-0.21,global
1925-09-15,surface_temperature_anomaly_C,-0.2,global
1925-10-15,surface_temperature_anomaly_C,-0.18,global
1925-11-15,surface_temperature_anomaly_C,0.05,global
1925-12-15,surface_temperature_anomaly_C,0.06,global
1926-01-15,surface_temperature_anomaly_C,0.21,global
1926-02-15,surface_temperature_anomaly_C,0.02,global
1926-03-15,surface_temperature_anomaly_C,0.11,global
1926-04-15,surface_temperature_anomaly_C,-0.13,global
1926-05-15,surface_temperature_anomaly_C,-0.24,global
1926-06-15,surface_temperature_anomaly_C,-0.27,global
1926-07-15,surface_temperature_anomaly_C,-0.27,global
1926-08-15,surface_temperature_anomaly_C,-0.14,global
1926-09-15,surface_temperature_anomaly_C,-0.14,global
1926-10-15,surface_temperature_anomaly_C,-0.11,global
1926-11-15,surface_temperature_anomaly_C,-0.07,global
1926-12-15,surface_temperature_anomaly_C,-0.3,global
1927-01-15,surface_temperature_anomaly_C,-0.28,global
1927-02-15,surface_temperature_anomaly_C,-0.18,global
1927-03-15,surface_temperature_anomaly_C,-0.39,global
1927-04-15,surface_temperature_anomaly_C,-0.31,global
1927-05-15,surface_temperature_anomaly_C,-0.26,global
1927-06-15,surface_temperature_anomaly_C,-0.28,global
1927-07-15,surface_temperature_anomaly_C,-0.19,global
1927-08-15,surface_temperature_anomaly_C,-0.24,global
1927-09-15,surface_temperature_anomaly_C,-0.12,global
1927-10-15,surface_temperature_anomaly_C,-0.01,global
1927-11-15,surface_temperature_anomaly_C,-0.06,global
1927-12-15,surface_temperature_anomaly_C,-0.33,global
1928-01-15,surface_temperature_anomaly_C,-0.02,global
1928-02-15,surface_temperature_anomaly_C,-0.09,global
1928-03-15,surface_temperature_anomaly_C,-0.25,global
1928-04-15,surface_temperature_anomaly_C,-0.29,global
1928-05-15,surface_temperature_anomaly_C,-0.3,global
1928-06-15,surface_temperature_anomaly_C,-0.39,global
1928-07-15,surface_temperature_anomaly_C,-0.2,global
1928-08-15,surface_temperature_anomaly_C,-0.23,global
1928-09-15,surface_temperature_anomaly_C,-0.21,global
1928-10-15,surface_temperature_anomaly_C,-0.19,global
1928-11-15,surface_temperature_anomaly_C,-0.1,global
1928-12-15,surface_temperature_anomaly_C,-0.17,global
1929-01-15,surface_temperature_anomaly_C,-0.45,global
1929-02-15,surface_temperature_anomaly_C,-0.58,global
1929-03-15,surface_temperature_anomaly_C,-0.33,global
1929-04-15,surface_temperature_anomaly_C,-0.42,global
1929-05-15,surface_temperature_anomaly_C,-0.38,global
1929-06-15,surface_temperature_anomaly_C,-0.44,global
1929-07-15,surface_temperature_anomaly_C,-0.37,global
1929-08-15,surface_temperature_anomaly_C,-0.33,global
1929-09-15,surface_temperature_anomaly_C,-0.25,global
1929-10-15,surface_temperature_anomaly_C,-0.15,global
1929-11-15,surface_temperature_anomaly_C,-0.12,global
1929-12-15,surface_temperature_anomaly_C,-0.55,global
1930-01-15,surface_temperature_anomaly_C,-0.31,global
1930-02-15,surface_temperature_anomaly_C,-0.27,global
1930-03-15,surface_temperature_anomaly_C,-0.11,global
1930-04-15,surface_temperature_anomaly_C,-0.25,global
1930-05-15,surface_temperature_anomaly_C,-0.24,global
1930-06-15,surface_temperature_anomaly_C,-0.22,global
1930-07-15,surface_temperature_anomaly_C,-0.21,global
1930-08-15,surface_temperature_anomaly_C,-0.15,global
1930-09-15,surface_temperature_anomaly_C,-0.15,global
1930-10-15,surface_temperature_anomaly_C,-0.12,global
1930-11-15,surface_temperature_anomaly_C,0.17,global
1930-12-15,surface_temperature_anomaly_C,-0.06,global
1931-01-15,surface_temperature_anomaly_C,-0.11,global
1931-02-15,surface_temperature_anomaly_C,-0.21,global
1931-03-15,surface_temperature_anomaly_C,-0.11,global
1931-04-15,surface_temperature_anomaly_C,-0.23,global
1931-05-15,surface_temperature_anomaly_C,-0.2,global
1931-06-15,surface_temperature_anomaly_C,-0.08,global
1931-07-15,surface_temperature_anomaly_C,-0.04,global
1931-08-15,surface_temperature_anomaly_C,-0.04,global
1931-09-15,surface_temperature_anomaly_C,-0.07,global
1931-10-15,surface_temperature_anomaly_C,0.05,global
1931-11-15,surface_temperature_anomaly_C,-0.06,global
1931-12-15,surface_temperature_anomaly_C,-0.06,global
1932-01-15,surface_temperature_anomaly_C,0.15,global
1932-02-15,surface_temperature_anomaly_C,-0.18,global
1932-03-15,surface_temperature_anomaly_C,-0.18,global
1932-04-15,surface_temperature_anomaly_C,-0.06,global
1932-05-15,surface_temperature_anomaly_C,-0.18,global
1932-06-15,surface_temperature_anomaly_C,-0.29,global
1932-07-15,surface_temperature_anomaly_C,-0.25,global
1932-08-15,surface_temperature_anomaly_C,-0.22,global
1932-09-15,surface_temperature_anomaly_C,-0.1,global
1932-10-15,surface_temperature_anomaly_C,-0.09,global
1932-11-15,surface_temperature_anomaly_C,-0.28,global
1932-12-15,surface_temperature_anomaly_C,-0.27,global
1933-01-15,surface_temperature_anomaly_C,-0.24,global
1933-02-15,surface_temperature_anomaly_C,-0.3,global
1933-03-15,surface_temperature_anomaly_C,-0.3,global
1933-04-15,surface_temperature_anomaly_C,-0.24,global
1933-05-15,surface_temperature_anomaly_C,-0.29,global
1933-06-15,surface_temperature_anomaly_C,-0.34,global
1933-07-15,surface_temperature_anomaly_C,-0.21,global
1933-08-15,surface_temperature_anomaly_C,-0.24,global
1933-09-15,surface_temperature_anomaly_C,-0.29,global
1933-10-15,surface_temperature_anomaly_C,-0.25,global
1933-11-15,surface_temperature_anomaly_C,-0.31,global
1933-12-15,surface_temperature_anomaly_C,-0.45,global
1934-01-15,surface_temperature_anomaly_C,-0.22,global
1934-02-15,surface_temperature_anomaly_C,-0.03,global
1934-03-15,surface_temperature_anomaly_C,-0.29,global
1934-04-15,surface_temperature_anomaly_C,-0.31,global
1934-05-15,surface_temperature_anomaly_C,-0.1,global
1934-06-15,surface_temperature_anomaly_C,-0.15,global
1934-07-15,surface_temperature_anomaly_C,-0.1,global
1934-08-15,surface_temperature_anomaly_C,-0.12,global
1934-09-15,surface_temperature_anomaly_C,-0.15,global
1934-10-15,surface_temperature_anomaly_C,-0.07,global
1934-11-15,surface_temperature_anomaly_C,0.03,global
1934-12-15,surface_temperature_anomaly_C,-0.03,global
1935-01-15,surface_temperature_anomaly_C,-0.34,global
1935-02-15,surface_temperature_anomaly_C,0.14,global
1935-03-15,surface_temperature_anomaly_C,-0.14,global
1935-04-15,surface_temperature_anomaly_C,-0.38,global
1935-05-15,surface_temperature_anomaly_C,-0.29,global
1935-06-15,surface_temperature_anomaly_C,-0.27,global
1935-07-15,surface_temperature_anomaly_C,-0.22,global
1935-08-15,surface_temperature_anomaly_C,-0.22,global
1935-09-15,surface_temperature_anomaly_C,-0.21,global
1935-10-15,surface_temperature_anomaly_C,-0.06,global
1935-11-15,surface_temperature_anomaly_C,-0.26,global
1935-12-15,surface_temperature_anomaly_C,-0.17,global
1936-01-15,surface_temperature_anomaly_C,-0.28,global
1936-02-15,surface_temperature_anomaly_C,-0.38,global
1936-03-15,surface_temperature_anomaly_C,-0.21,global
1936-04-15,surface_temperature_anomaly_C,-0.2,global
1936-05-15,surface_temperature_anomaly_C,-0.16,global
1936-06-15,surface_temperature_anomaly_C,-0.22,global
1936-07-15,surface_temperature_anomaly_C,-0.1,global
1936-08-15,surface_temperature_anomaly_C,-0.14,global
1936-09-15,surface_temperature_anomaly_C,-0.09,global
1936-10-15,surface_temperature_anomaly_C,-0.03,global
1936-11-15,surface_temperature_anomaly_C,0.01,global
1936-12-15,surface_temperature_anomaly_C,-0.01,global
1937-01-15,surface_temperature_anomaly_C,-0.08,global
1937-02-15,surface_temperature_anomaly_C,0.03,global
1937-03-15,surface_temperature_anomaly_C,-0.21,global
1937-04-15,surface_temperature_anomaly_C,-0.16,global
1937-05-15,surface_temperature_anomaly_C,-0.06,global
1937-06-15,surface_temperature_anomaly_C,-0.05,global
1937-07-15,surface_temperature_anomaly_C,-0.03,global
1937-08-15,surface_temperature_anomaly_C,0.01,global
1937-09-15,surface_temperature_anomaly_C,0.09,global
1937-10-15,surface_temperature_anomaly_C,0.08,global
1937-11-15,surface_temperature_anomaly_C,0.07,global
1937-12-15,surface_temperature_anomaly_C,-0.08,global
1938-01-15,surface_temperature_anomaly_C,0.08,global
1938-02-15,surface_temperature_anomaly_C,0.04,global
1938-03-15,surface_temperature_anomaly_C,0.1,global
1938-04-15,surface_temperature_anomaly_C,0.06,global
1938-05-15,surface_temperature_anomaly_C,-0.1,global
1938-06-15,surface_temperature_anomaly_C,-0.17,global
1938-07-15,surface_temperature_anomaly_C,-0.09,global
1938-08-15,surface_temperature_anomaly_C,-0.05,global
1938-09-15,surface_temperature_anomaly_C,0.01,global
1938-10-15,surface_temperature_anomaly_C,0.14,global
1938-11-15,surface_temperature_anomaly_C,0.07,global
1938-12-15,surface_temperature_anomaly_C,-0.13,global
1939-01-15,surface_temperature_anomaly_C,-0.05,global
1939-02-15,surface_temperature_anomaly_C,-0.06,global
1939-03-15,surface_temperature_anomaly_C,-0.18,global
1939-04-15,surface_temperature_anomaly_C,-0.1,global
1939-05-15,surface_temperature_anomaly_C,-0.05,global
1939-06-15,surface_temperature_anomaly_C,-0.07,global
1939-07-15,surface_temperature_anomaly_C,-0.06,global
1939-08-15,surface_temperature_anomaly_C,-0.06,global
1939-09-15,surface_temperature_anomaly_C,-0.07,global
1939-10-15,surface_temperature_anomaly_C,-0.04,global
1939-11-15,surface_temperature_anomaly_C,0.07,global
1939-12-15,surface_temperature_anomaly_C,0.42,global
1940-01-15,surface_temperature_anomaly_C,-0.01,global
1940-02-15,surface_temperature_anomaly_C,0.08,global
1940-03-15,surface_temperature_anomaly_C,0.09,global
1940-04-15,surface_temperature_anomaly_C,0.17,global
1940-05-15,surface_temperature_anomaly_C,0.1,global
1940-06-15,surface_temperature_anomaly_C,0.11,global
1940-07-15,surface_temperature_anomaly_C,0.12,global
1940-08-15,surface_temperature_anomaly_C,0.06,global
1940-09-15,surface_temperature_anomaly_C,0.14,global
1940-10-15,surface_temperature_anomaly_C,0.1,global
1940-11-15,surface_temperature_anomaly_C,0.15,global
1940-12-15,surface_temperature_anomaly_C,0.3,global
1941-01-15,surface_temperature_anomaly_C,0.17,global
1941-02-15,surface_temperature_anomaly_C,0.3,global
1941-03-15,surface_temperature_anomaly_C,0.09,global
1941-04-15,surface_temperature_anomaly_C,0.15,global
1941-05-15,surface_temperature_anomaly_C,0.16,global
1941-06-15,surface_temperature_anomaly_C,0.12,global
1941-07-15,surface_temperature_anomaly_C,0.21,global
1941-08-15,surface_temperature_anomaly_C,0.14,global
1941-09-15,surface_temperature_anomaly_C,0.02,global
1941-10-15,surface_temperature_anomaly_C,0.35,global
1941-11-15,surface_temperature_anomaly_C,0.22,global
1941-12-15,surface_temperature_anomaly_C,0.21,global
1942-01-15,surface_temperature_anomaly_C,0.29,global
1942-02-15,surface_temperature_anomaly_C,0.02,global
1942-03-15,surface_temperature_anomaly_C,0.05,global
1942-04-15,surface_temperature_anomaly_C,0.09,global
1942-05-15,surface_temperature_anomaly_C,0.11,global
1942-06-15,surface_temperature_anomaly_C,0.04,global
1942-07-15,surface_temperature_anomaly_C,0.0,global
1942-08-15,surface_temperature_anomaly_C,-0.04,global
1942-09-15,surface_temperature_anomaly_C,-0.03,global
1942-10-15,surface_temperature_anomaly_C,0.01,global
1942-11-15,surface_temperature_anomaly_C,0.09,global
1942-12-15,surface_temperature_anomaly_C,0.12,global
1943-01-15,surface_temperature_anomaly_C,-0.01,global
1943-02-15,surface_temperature_anomaly_C,0.17,global
1943-03-15,surface_temperature_anomaly_C,-0.04,global
1943-04-15,surface_temperature_anomaly_C,0.11,global
1943-05-15,surface_temperature_anomaly_C,0.06,global
1943-06-15,surface_temperature_anomaly_C,-0.05,global
1943-07-15,surface_temperature_anomaly_C,0.08,global
1943-08-15,surface_temperature_anomaly_C,0.01,global
1943-09-15,surface_temperature_anomaly_C,0.05,global
1943-10-15,surface_temperature_anomaly_C,0.23,global
1943-11-15,surface_temperature_anomaly_C,0.2,global
1943-12-15,surface_temperature_anomaly_C,0.23,global
1944-01-15,surface_temperature_anomaly_C,0.35,global
1944-02-15,surface_temperature_anomaly_C,0.24,global
1944-03-15,surface_temperature_anomaly_C,0.26,global
1944-04-15,surface_temperature_anomaly_C,0.19,global
1944-05-15,surface_temperature_anomaly_C,0.18,global
1944-06-15,surface_temperature_anomaly_C,0.15,global
1944-07-15,surface_temperature_anomaly_C,0.17,global
1944-08-15,surface_temperature_anomaly_C,0.18,global
1944-09-15,surface_temperature_anomaly_C,0.28,global
1944-10-15,surface_temperature_anomaly_C,0.26,global
1944-11-15,surface_temperature_anomaly_C,0.11,global
1944-12-15,surface_temperature_anomaly_C,0.04,global
1945-01-15,surface_temperature_anomaly_C,0.1,global
1945-02-15,surface_temperature_anomaly_C,0.01,global
1945-03-15,surface_temperature_anomaly_C,0.06,global
1945-04-15,surface_temperature_anomaly_C,0.2,global
1945-05-15,surface_temperature_anomaly_C,0.06,global
1945-06-15,surface_temperature_anomaly_C,0.01,global
1945-07-15,surface_temperature_anomaly_C,0.04,global
1945-08-15,surface_temperature_anomaly_C,0.26,global
1945-09-15,surface_temperature_anomaly_C,0.21,global
1945-10-15,surface_temperature_anomaly_C,0.19,global
1945-11-15,surface_temperature_anomaly_C,0.07,global
1945-12-15,surface_temperature_anomaly_C,-0.07,global
1946-01-15,surface_temperature_anomaly_C,0.15,global
1946-02-15,surface_temperature_anomaly_C,0.03,global
1946-03-15,surface_temperature_anomaly_C,0.01,global
1946-04-15,surface_temperature_anomaly_C,0.06,global
1946-05-15,surface_temperature_anomaly_C,-0.07,global
1946-06-15,surface_temperature_anomaly_C,-0.21,global
1946-07-15,surface_temperature_anomaly_C,-0.12,global
1946-08-15,surface_temperature_anomaly_C,-0.2,global
1946-09-15,surface_temperature_anomaly_C,-0.07,global
1946-10-15,surface_temperature_anomaly_C,-0.08,global
1946-11-15,surface_temperature_anomaly_C,-0.05,global
1946-12-15,surface_temperature_anomaly_C,-0.31,global
1947-01-15,surface_temperature_anomaly_C,-0.07,global
1947-02-15,surface_temperature_anomaly_C,-0.08,global
1947-03-15,surface_temperature_anomaly_C,0.07,global
1947-04-15,surface_temperature_anomaly_C,0.06,global
1947-05-15,surface_temperature_anomaly_C,-0.02,global
1947-06-15,surface_temperature_anomaly_C,-0.02,global
1947-07-15,surface_temperature_anomaly_C,-0.04,global
1947-08-15,surface_temperature_anomaly_C,-0.07,global
1947-09-15,surface_temperature_anomaly_C,-0.12,global
1947-10-15,surface_temperature_anomaly_C,0.07,global
1947-11-15,surface_temperature_anomaly_C,0.03,global
1947-12-15,surface_temperature_anomaly_C,-0.13,global
1948-01-15,surface_temperature_anomaly_C,0.06,global
1948-02-15,surface_temperature_anomaly_C,-0.15,global
1948-03-15,surface_temperature_anomaly_C,-0.24,global
1948-04-15,surface_temperature_anomaly_C,-0.12,global
1948-05-15,surface_temperature_anomaly_C,-0.01,global
1948-06-15,surface_temperature_anomaly_C,-0.05,global
1948-07-15,surface_temperature_anomaly_C,-0.11,global
1948-08-15,surface_temperature_anomaly_C,-0.11,global
1948-09-15,surface_temperature_anomaly_C,-0.14,global
1948-10-15,surface_temperature_anomaly_C,-0.05,global
1948-11-15,surface_temperature_anomaly_C,-0.12,global
1948-12-15,surface_temperature_anomaly_C,-0.23,global
1949-01-15,surface_temperature_anomaly_C,0.07,global
1949-02-15,surface_temperature_anomaly_C,-0.14,global
1949-03-15,surface_temperature_anomaly_C,-0.02,global
1949-04-15,surface_temperature_anomaly_C,-0.11,global
1949-05-15,surface_temperature_anomaly_C,-0.1,global
1949-06-15,surface_temperature_anomaly_C,-0.27,global
1949-07-15,surface_temperature_anomaly_C,-0.13,global
1949-08-15,surface_temperature_anomaly_C,-0.12,global
1949-09-15,surface_temperature_anomaly_C,-0.14,global
1949-10-15,surface_temperature_anomaly_C,-0.06,global
1949-11-15,surface_temperature_anomaly_C,-0.1,global
1949-12-15,surface_temperature_anomaly_C,-0.18,global
1950-01-15,surface_temperature_anomaly_C,-0.26,global
1950-02-15,surface_temperature_anomaly_C,-0.27,global
1950-03-15,surface_temperature_anomaly_C,-0.08,global
1950-04-15,surface_temperature_anomaly_C,-0.21,global
1950-05-15,surface_temperature_anomaly_C,-0.11,global
1950-06-15,surface_temperature_anomaly_C,-0.05,global
1950-07-15,surface_temperature_anomaly_C,-0.09,global
1950-08-15,surface_temperature_anomaly_C,-0.16,global
1950-09-15,surface_temperature_anomaly_C,-0.11,global
1950-10-15,surface_temperature_anomaly_C,-0.2,global
1950-11-15,surface_temperature_anomaly_C,-0.34,global
1950-12-15,surface_temperature_anomaly_C,-0.22,global
1951-01-15,surface_temperature_anomaly_C,-0.34,global
1951-02-15,surface_temperature_anomaly_C,-0.41,global
1951-03-15,surface_temperature_anomaly_C,-0.2,global
1951-04-15,surface_temperature_anomaly_C,-0.14,global
1951-05-15,surface_temperature_anomaly_C,0.0,global
1951-06-15,surface_temperature_anomaly_C,-0.06,global
1951-07-15,surface_temperature_anomaly_C,-0.01,global
1951-08-15,surface_temperature_anomaly_C,0.06,global
1951-09-15,surface_temperature_anomaly_C,0.05,global
1951-10-15,surface_temperature_anomaly_C,0.08,global
1951-11-15,surface_temperature_anomaly_C,-0.01,global
1951-12-15,surface_temperature_anomaly_C,0.16,global
1952-01-15,surface_temperature_anomaly_C,0.11,global
1952-02-15,surface_temperature_anomaly_C,0.11,global
1952-03-15,surface_temperature_anomaly_C,-0.08,global
1952-04-15,surface_temperature_anomaly_C,0.03,global
1952-05-15,surface_temperature_anomaly_C,-0.03,global
1952-06-15,surface_temperature_anomaly_C,-0.03,global
1952-07-15,surface_temperature_anomaly_C,0.05,global
1952-08-15,surface_temperature_anomaly_C,0.05,global
1952-09-15,surface_temperature_anomaly_C,0.07,global
1952-10-15,surface_temperature_anomaly_C,0.0,global
1952-11-15,surface_temperature_anomaly_C,-0.13,global
1952-12-15,surface_temperature_anomaly_C,-0.02,global
1953-01-15,surface_temperature_anomaly_C,0.07,global
1953-02-15,surface_temperature_anomaly_C,0.15,global
1953-03-15,surface_temperature_anomaly_C,0.11,global
1953-04-15,surface_temperature_anomaly_C,0.2,global
1953-05-15,surface_temperature_anomaly_C,0.12,global
1953-06-15,surface_temperature_anomaly_C,0.12,global
1953-07-15,surface_temperature_anomaly_C,0.01,global
1953-08-15,surface_temperature_anomaly_C,0.06,global
1953-09-15,surface_temperature_anomaly_C,0.05,global
1953-10-15,surface_temperature_anomaly_C,0.08,global
1953-11-15,surface_temperature_anomaly_C,-0.03,global
1953-12-15,surface_temperature_anomaly_C,0.05,global
1954-01-15,surface_temperature_anomaly_C,-0.24,global
1954-02-15,surface_temperature_anomaly_C,-0.1,global
1954-03-15,surface_temperature_anomaly_C,-0.15,global
1954-04-15,surface_temperature_anomaly_C,-0.14,global
1954-05-15,surface_temperature_anomaly_C,-0.2,global
1954-06-15,surface_temperature_anomaly_C,-0.18,global
1954-07-15,surface_temperature_anomaly_C,-0.19,global
1954-08-15,surface_temperature_anomaly_C,-0.17,global
1954-09-15,surface_temperature_anomaly_C,-0.09,global
1954-10-15,surface_temperature_anomaly_C,-0.02,global
1954-11-15,surface_temperature_anomaly_C,0.08,global
1954-12-15,surface_temperature_anomaly_C,-0.18,global
1955-01-15,surface_temperature_anomaly_C,0.13,global
1955-02-15,surface_temperature_anomaly_C,-0.16,global
1955-03-15,surface_temperature_anomaly_C,-0.32,global
1955-04-15,surface_temperature_anomaly_C,-0.22,global
1955-05-15,surface_temperature_anomaly_C,-0.2,global
1955-06-15,surface_temperature_anomaly_C,-0.13,global
1955-07-15,surface_temperature_anomaly_C,-0.11,global
1955-08-15,surface_temperature_anomaly_C,0.02,global
1955-09-15,surface_temperature_anomaly_C,-0.11,global
1955-10-15,surface_temperature_anomaly_C,-0.05,global
1955-11-15,surface_temperature_anomaly_C,-0.25,global
1955-12-15,surface_temperature_anomaly_C,-0.28,global
1956-01-15,surface_temperature_anomaly_C,-0.13,global
1956-02-15,surface_temperature_anomaly_C,-0.24,global
1956-03-15,surface_temperature_anomaly_C,-0.21,global
1956-04-15,surface_temperature_anomaly_C,-0.27,global
1956-05-15,surface_temperature_anomaly_C,-0.29,global
1956-06-15,surface_temperature_anomaly_C,-0.15,global
1956-07-15,surface_temperature_anomaly_C,-0.09,global
1956-08-15,surface_temperature_anomaly_C,-0.25,global
1956-09-15,surface_temperature_anomaly_C,-0.19,global
1956-10-15,surface_temperature_anomaly_C,-0.23,global
1956-11-15,surface_temperature_anomaly_C,-0.15,global
1956-12-15,surface_temperature_anomaly_C,-0.06,global
1957-01-15,surface_temperature_anomaly_C,-0.09,global
1957-02-15,surface_temperature_anomaly_C,-0.03,global
1957-03-15,surface_temperature_anomaly_C,-0.05,global
1957-04-15,surface_temperature_anomaly_C,0.0,global
1957-05-15,surface_temperature_anomaly_C,0.09,global
1957-06-15,surface_temperature_anomaly_C,0.15,global
1957-07-15,surface_temperature_anomaly_C,0.02,global
1957-08-15,surface_temperature_anomaly_C,0.15,global
1957-09-15,surface_temperature_anomaly_C,0.09,global
1957-10-15,surface_temperature_anomaly_C,0.01,global
1957-11-15,surface_temperature_anomaly_C,0.08,global
1957-12-15,surface_temperature_anomaly_C,0.15,global
1958-01-15,surface_temperature_anomaly_C,0.39,global
1958-02-15,surface_temperature_anomaly_C,0.22,global
1958-03-15,surface_temperature_anomaly_C,0.08,global
1958-04-15,surface_temperature_anomaly_C,0.01,global
1958-05-15,surface_temperature_anomaly_C,0.06,global
1958-06-15,surface_temperature_anomaly_C,-0.09,global
1958-07-15,surface_temperature_anomaly_C,0.05,global
1958-08-15,surface_temperature_anomaly_C,-0.05,global
1958-09-15,surface_temperature_anomaly_C,-0.03,global
1958-10-15,surface_temperature_anomaly_C,0.04,global
1958-11-15,surface_temperature_anomaly_C,0.02,global
1958-12-15,surface_temperature_anomaly_C,0.01,global
1959-01-15,surface_temperature_anomaly_C,0.08,global
1959-02-15,surface_temperature_anomaly_C,0.07,global
1959-03-15,surface_temperature_anomaly_C,0.18,global
1959-04-15,surface_temperature_anomaly_C,0.16,global
1959-05-15,surface_temperature_anomaly_C,0.04,global
1959-06-15,surface_temperature_anomaly_C,0.03,global
1959-07-15,surface_temperature_anomaly_C,0.03,global
1959-08-15,surface_temperature_anomaly_C,-0.01,global
1959-09-15,surface_temperature_anomaly_C,-0.06,global
1959-10-15,surface_temperature_anomaly_C,-0.07,global
1959-11-15,surface_temperature_anomaly_C,-0.08,global
1959-12-15,surface_temperature_anomaly_C,0.0,global
1960-01-15,surface_temperature_anomaly_C,0.0,global
1960-02-15,surface_temperature_anomaly_C,0.13,global
1960-03-15,surface_temperature_anomaly_C,-0.35,global
1960-04-15,surface_temperature_anomaly_C,-0.15,global
1960-05-15,surface_temperature_anomaly_C,-0.08,global
1960-06-15,surface_temperature_anomaly_C,-0.04,global
1960-07-15,surface_temperature_anomaly_C,-0.04,global
1960-08-15,surface_temperature_anomaly_C,0.02,global
1960-09-15,surface_temperature_anomaly_C,0.07,global
1960-10-15,surface_temperature_anomaly_C,0.06,global
1960-11-15,surface_temperature_anomaly_C,-0.11,global
1960-12-15,surface_temperature_anomaly_C,0.19,global
1961-01-15,surface_temperature_anomaly_C,0.07,global
1961-02-15,surface_temperature_anomaly_C,0.19,global
1961-03-15,surface_temperature_anomaly_C,0.09,global
1961-04-15,surface_temperature_anomaly_C,0.13,global
1961-05-15,surface_temperature_anomaly_C,0.12,global
1961-06-15,surface_temperature_anomaly_C,0.12,global
1961-07-15,surface_temperature_anomaly_C,0.01,global
1961-08-15,surface_temperature_anomaly_C,0.01,global
1961-09-15,surface_temperature_anomaly_C,0.09,global
1961-10-15,surface_temperature_anomaly_C,0.0,global
1961-11-15,surface_temperature_anomaly_C,0.03,global
1961-12-15,surface_temperature_anomaly_C,-0.16,global
1962-01-15,surface_temperature_anomaly_C,0.05,global
1962-02-15,surface_temperature_anomaly_C,0.15,global
1962-03-15,surface_temperature_anomaly_C,0.1,global
1962-04-15,surface_temperature_anomaly_C,0.05,global
1962-05-15,surface_temperature_anomaly_C,-0.06,global
1962-06-15,surface_temperature_anomaly_C,0.03,global
1962-07-15,surface_temperature_anomaly_C,0.02,global
1962-08-15,surface_temperature_anomaly_C,-0.01,global
1962-09-15,surface_temperature_anomaly_C,0.0,global
1962-10-15,surface_temperature_anomaly_C,0.01,global
1962-11-15,surface_temperature_anomaly_C,0.06,global
1962-12-15,surface_temperature_anomaly_C,-0.03,global
1963-01-15,surface_temperature_anomaly_C,-0.03,global
1963-02-15,surface_temperature_anomaly_C,0.18,global
1963-03-15,surface_temperature_anomaly_C,-0.14,global
1963-04-15,surface_temperature_anomaly_C,-0.07,global
1963-05-15,surface_temperature_anomaly_C,-0.06,global
1963-06-15,surface_temperature_anomaly_C,0.05,global
1963-07-15,surface_temperature_anomaly_C,0.06,global
1963-08-15,surface_temperature_anomaly_C,0.22,global
1963-09-15,surface_temperature_anomaly_C,0.17,global
1963-10-15,surface_temperature_anomaly_C,0.14,global
1963-11-15,surface_temperature_anomaly_C,0.15,global
1963-12-15,surface_temperature_anomaly_C,-0.03,global
1964-01-15,surface_temperature_anomaly_C,-0.09,global
1964-02-15,surface_temperature_anomaly_C,-0.1,global
1964-03-15,surface_temperature_anomaly_C,-0.21,global
1964-04-15,surface_temperature_anomaly_C,-0.32,global
1964-05-15,surface_temperature_anomaly_C,-0.25,global
1964-06-15,surface_temperature_anomaly_C,-0.04,global
1964-07-15,surface_temperature_anomaly_C,-0.04,global
1964-08-15,surface_temperature_anomaly_C,-0.22,global
1964-09-15,surface_temperature_anomaly_C,-0.29,global
1964-10-15,surface_temperature_anomaly_C,-0.31,global
1964-11-15,surface_temperature_anomaly_C,-0.21,global
1964-12-15,surface_temperature_anomaly_C,-0.3,global
1965-01-15,surface_temperature_anomaly_C,-0.08,global
1965-02-15,surface_temperature_anomaly_C,-0.17,global
1965-03-15,surface_temperature_anomaly_C,-0.13,global
1965-04-15,surface_temperature_anomaly_C,-0.19,global
1965-05-15,surface_temperature_anomaly_C,-0.12,global
1965-06-15,surface_temperature_anomaly_C,-0.08,global
1965-07-15,surface_temperature_anomaly_C,-0.13,global
1965-08-15,surface_temperature_anomaly_C,-0.04,global
1965-09-15,surface_temperature_anomaly_C,-0.15,global
1965-10-15,surface_temperature_anomaly_C,-0.05,global
1965-11-15,surface_temperature_anomaly_C,-0.06,global
1965-12-15,surface_temperature_anomaly_C,-0.08,global
1966-01-15,surface_temperature_anomaly_C,-0.19,global
1966-02-15,surface_temperature_anomaly_C,-0.04,global
1966-03-15,surface_temperature_anomaly_C,0.03,global
1966-04-15,surface_temperature_anomaly_C,-0.13,global
1966-05-15,surface_temperature_anomaly_C,-0.12,global
1966-06-15,surface_temperature_anomaly_C,0.01,global
1966-07-15,surface_temperature_anomaly_C,0.08,global
1966-08-15,surface_temperature_anomaly_C,-0.08,global
1966-09-15,surface_temperature_anomaly_C,-0.03,global
1966-10-15,surface_temperature_anomaly_C,-0.17,global
1966-11-15,surface_temperature_anomaly_C,0.0,global
1966-12-15,surface_temperature_anomaly_C,-0.02,global
1967-01-15,surface_temperature_anomaly_C,-0.08,global
1967-02-15,surface_temperature_anomaly_C,-0.21,global
1967-03-15,surface_temperature_anomaly_C,0.05,global
1967-04-15,surface_temperature_anomaly_C,-0.05,global
1967-05-15,surface_temperature_anomaly_C,0.12,global
1967-06-15,surface_temperature_anomaly_C,-0.08,global
1967-07-15,surface_temperature_anomaly_C,0.02,global
1967-08-15,surface_temperature_anomaly_C,0.01,global
1967-09-15,surface_temperature_anomaly_C,-0.06,global
1967-10-15,surface_temperature_anomaly_C,0.09,global
1967-11-15,surface_temperature_anomaly_C,-0.05,global
1967-12-15,surface_temperature_anomaly_C,-0.05,global
1968-01-15,surface_temperature_anomaly_C,-0.26,global
1968-02-15,surface_temperature_anomaly_C,-0.14,global
1968-03-15,surface_temperature_anomaly_C,0.2,global
1968-04-15,surface_temperature_anomaly_C,-0.05,global
1968-05-15,surface_temperature_anomaly_C,-0.14,global
1968-06-15,surface_temperature_anomaly_C,-0.09,global
1968-07-15,surface_temperature_anomaly_C,-0.13,global
1968-08-15,surface_temperature_anomaly_C,-0.09,global
1968-09-15,surface_temperature_anomaly_C,-0.19,global
1968-10-15,surface_temperature_anomaly_C,0.09,global
1968-11-15,surface_temperature_anomaly_C,-0.05,global
1968-12-15,surface_temperature_anomaly_C,-0.15,global
1969-01-15,surface_temperature_anomaly_C,-0.11,global
1969-02-15,surface_temperature_anomaly_C,-0.18,global
1969-03-15,surface_temperature_anomaly_C,0.01,global
1969-04-15,surface_temperature_anomaly_C,0.17,global
1969-05-15,surface_temperature_anomaly_C,0.18,global
1969-06-15,surface_temperature_anomaly_C,0.03,global
1969-07-15,surface_temperature_anomaly_C,-0.05,global
1969-08-15,surface_temperature_anomaly_C,0.04,global
1969-09-15,surface_temperature_anomaly_C,0.08,global
1969-10-15,surface_temperature_anomaly_C,0.09,global
1969-11-15,surface_temperature_anomaly_C,0.12,global
1969-12-15,surface_temperature_anomaly_C,0.24,global
1970-01-15,surface_temperature_anomaly_C,0.08,global
1970-02-15,surface_temperature_anomaly_C,0.22,global
1970-03-15,surface_temperature_anomaly_C,0.06,global
1970-04-15,surface_temperature_anomaly_C,0.05,global
1970-05-15,surface_temperature_anomaly_C,-0.03,global
1970-06-15,surface_temperature_anomaly_C,-0.02,global
1970-07-15,surface_temperature_anomaly_C,0.02,global
1970-08-15,surface_temperature_anomaly_C,-0.1,global
1970-09-15,surface_temperature_anomaly_C,0.12,global
1970-10-15,surface_temperature_anomaly_C,0.03,global
1970-11-15,surface_temperature_anomaly_C,0.02,global
1970-12-15,surface_temperature_anomaly_C,-0.12,global
1971-01-15,surface_temperature_anomaly_C,-0.02,global
1971-02-15,surface_temperature_anomaly_C,-0.15,global
1971-03-15,surface_temperature_anomaly_C,-0.18,global
1971-04-15,surface_temperature_anomaly_C,-0.07,global
1971-05-15,surface_temperature_anomaly_C,-0.05,global
1971-06-15,surface_temperature_anomaly_C,-0.16,global
1971-07-15,surface_temperature_anomaly_C,-0.08,global
1971-08-15,surface_temperature_anomaly_C,-0.01,global
1971-09-15,surface_temperature_anomaly_C,-0.05,global
1971-10-15,surface_temperature_anomaly_C,-0.04,global
1971-11-15,surface_temperature_anomaly_C,-0.07,global
1971-12-15,surface_temperature_anomaly_C,-0.08,global
1972-01-15,surface_temperature_anomaly_C,-0.23,global
1972-02-15,surface_temperature_anomaly_C,-0.18,global
1972-03-15,surface_temperature_anomaly_C,0.02,global
1972-04-15,surface_temperature_anomaly_C,0.0,global
1972-05-15,surface_temperature_anomaly_C,-0.03,global
1972-06-15,surface_temperature_anomaly_C,0.04,global
1972-07-15,surface_temperature_anomaly_C,0.01,global
1972-08-15,surface_temperature_anomaly_C,0.16,global
1972-09-15,surface_temperature_anomaly_C,0.02,global
1972-10-15,surface_temperature_anomaly_C,0.08,global
1972-11-15,surface_temperature_anomaly_C,0.02,global
1972-12-15,surface_temperature_anomaly_C,0.18,global
1973-01-15,surface_temperature_anomaly_C,0.29,global
1973-02-15,surface_temperature_anomaly_C,0.32,global
1973-03-15,surface_temperature_anomaly_C,0.29,global
1973-04-15,surface_temperature_anomaly_C,0.27,global
1973-05-15,surface_temperature_anomaly_C,0.23,global
1973-06-15,surface_temperature_anomaly_C,0.19,global
1973-07-15,surface_temperature_anomaly_C,0.13,global
1973-08-15,surface_temperature_anomaly_C,0.05,global
1973-09-15,surface_temperature_anomaly_C,0.09,global
1973-10-15,surface_temperature_anomaly_C,0.1,global
1973-11-15,surface_temperature_anomaly_C,0.04,global
1973-12-15,surface_temperature_anomaly_C,-0.07,global
1974-01-15,surface_temperature_anomaly_C,-0.1,global
1974-02-15,surface_temperature_anomaly_C,-0.27,global
1974-03-15,surface_temperature_anomaly_C,-0.05,global
1974-04-15,surface_temperature_anomaly_C,-0.12,global
1974-05-15,surface_temperature_anomaly_C,-0.04,global
1974-06-15,surface_temperature_anomaly_C,-0.05,global
1974-07-15,surface_temperature_anomaly_C,-0.03,global
1974-08-15,surface_temperature_anomaly_C,0.1,global
1974-09-15,surface_temperature_anomaly_C,-0.08,global
1974-10-15,surface_temperature_anomaly_C,-0.06,global
1974-11-15,surface_temperature_anomaly_C,-0.08,global
1974-12-15,surface_temperature_anomaly_C,-0.08,global
1975-01-15,surface_temperature_anomaly_C,0.1,global
1975-02-15,surface_temperature_anomaly_C,0.08,global
1975-03-15,surface_temperature_anomaly_C,0.12,global
1975-04-15,surface_temperature_anomaly_C,0.04,global
1975-05-15,surface_temperature_anomaly_C,0.16,global
1975-06-15,surface_temperature_anomaly_C,-0.01,global
1975-07-15,surface_temperature_anomaly_C,-0.01,global
1975-08-15,surface_temperature_anomaly_C,-0.17,global
1975-09-15,surface_temperature_anomaly_C,-0.02,global
1975-10-15,surface_temperature_anomaly_C,-0.11,global
1975-11-15,surface_temperature_anomaly_C,-0.17,global
1975-12-15,surface_temperature_anomaly_C,-0.17,global
1976-01-15,surface_temperature_anomaly_C,-0.03,global
1976-02-15,surface_temperature_anomaly_C,-0.06,global
1976-03-15,surface_temperature_anomaly_C,-0.22,global
1976-04-15,surface_temperature_anomaly_C,-0.07,global
1976-05-15,surface_temperature_anomaly_C,-0.21,global
1976-06-15,surface_temperature_anomaly_C,-0.12,global
1976-07-15,surface_temperature_anomaly_C,-0.1,global
1976-08-15,surface_temperature_anomaly_C,-0.12,global
1976-09-15,surface_temperature_anomaly_C,-0.06,global
1976-10-15,surface_temperature_anomaly_C,-0.24,global
1976-11-15,surface_temperature_anomaly_C,-0.06,global
1976-12-15,surface_temperature_anomaly_C,0.11,global
1977-01-15,surface_temperature_anomaly_C,0.19,global
1977-02-15,surface_temperature_anomaly_C,0.23,global
1977-03-15,surface_temperature_anomaly_C,0.24,global
1977-04-15,surface_temperature_anomaly_C,0.26,global
1977-05-15,surface_temperature_anomaly_C,0.33,global
1977-06-15,surface_temperature_anomaly_C,0.27,global
1977-07-15,surface_temperature_anomaly_C,0.2,global
1977-08-15,surface_temperature_anomaly_C,0.18,global
1977-09-15,surface_temperature_anomaly_C,0.02,global
1977-10-15,surface_temperature_anomaly_C,0.03,global
1977-11-15,surface_temperature_anomaly_C,0.16,global
1977-12-15,surface_temperature_anomaly_C,0.03,global
1978-01-15,surface_temperature_anomaly_C,0.06,global
1978-02-15,surface_temperature_anomaly_C,0.1,global
1978-03-15,surface_temperature_anomaly_C,0.19,global
1978-04-15,surface_temperature_anomaly_C,0.17,global
1978-05-15,surface_temperature_anomaly_C,0.09,global
1978-06-15,surface_temperature_anomaly_C,-0.01,global
1978-07-15,surface_temperature_anomaly_C,0.03,global
1978-08-15,surface_temperature_anomaly_C,-0.14,global
1978-09-15,surface_temperature_anomaly_C,0.06,global
1978-10-15,surface_temperature_anomaly_C,0.03,global
1978-11-15,surface_temperature_anomaly_C,0.13,global
1978-12-15,surface_temperature_anomaly_C,0.08,global
1979-01-15,surface_temperature_anomaly_C,0.08,global
1979-02-15,surface_temperature_anomaly_C,-0.1,global
1979-03-15,surface_temperature_anomaly_C,0.19,global
1979-04-15,surface_temperature_anomaly_C,0.15,global
1979-05-15,surface_temperature_anomaly_C,0.03,global
1979-06-15,surface_temperature_anomaly_C,0.14,global
1979-07-15,surface_temperature_anomaly_C,0.03,global
1979-08-15,surface_temperature_anomaly_C,0.16,global
1979-09-15,surface_temperature_anomaly_C,0.25,global
1979-10-15,surface_temperature_anomaly_C,0.26,global
1979-11-15,surface_temperature_anomaly_C,0.28,global
1979-12-15,surface_temperature_anomaly_C,0.47,global
1980-01-15,surface_temperature_anomaly_C,0.29,global
1980-02-15,surface_temperature_anomaly_C,0.39,global
1980-03-15,surface_temperature_anomaly_C,0.29,global
1980-04-15,surface_temperature_anomaly_C,0.29,global
1980-05-15,surface_temperature_anomaly_C,0.35,global
1980-06-15,surface_temperature_anomaly_C,0.2,global
1980-07-15,surface_temperature_anomaly_C,0.22,global
1980-08-15,surface_temperature_anomaly_C,0.18,global
1980-09-15,surface_temperature_anomaly_C,0.2,global
1980-10-15,surface_temperature_anomaly_C,0.13,global
1980-11-15,surface_temperature_anomaly_C,0.29,global
1980-12-15,surface_temperature_anomaly_C,0.21,global
1981-01-15,surface_temperature_anomaly_C,0.53,global
1981-02-15,surface_temperature_anomaly_C,0.42,global
1981-03-15,surface_temperature_anomaly_C,0.48,global
1981-04-15,surface_temperature_anomaly_C,0.32,global
1981-05-15,surface_temperature_anomaly_C,0.24,global
1981-06-15,surface_temperature_anomaly_C,0.29,global
1981-07-15,surface_temperature_anomaly_C,0.32,global
1981-08-15,surface_temperature_anomaly_C,0.35,global
1981-09-15,surface_temperature_anomaly_C,0.14,global
1981-10-15,surface_temperature_anomaly_C,0.12,global
1981-11-15,surface_temperature_anomaly_C,0.23,global
1981-12-15,surface_temperature_anomaly_C,0.41,global
1982-01-15,surface_temperature_anomaly_C,0.05,global
1982-02-15,surface_temperature_anomaly_C,0.15,global
1982-03-15,surface_temperature_anomaly_C,0.03,global
1982-04-15,surface_temperature_anomaly_C,0.15,global
1982-05-15,surface_temperature_anomaly_C,0.18,global
1982-06-15,surface_temperature_anomaly_C,0.05,global
1982-07-15,surface_temperature_anomaly_C,0.14,global
1982-08-15,surface_temperature_anomaly_C,0.03,global
1982-09-15,surface_temperature_anomaly_C,0.14,global
1982-10-15,surface_temperature_anomaly_C,0.13,global
1982-11-15,surface_temperature_anomaly_C,0.18,global
1982-12-15,surface_temperature_anomaly_C,0.42,global
1983-01-15,surface_temperature_anomaly_C,0.53,global
1983-02-15,surface_temperature_anomaly_C,0.43,global
1983-03-15,surface_temperature_anomaly_C,0.41,global
1983-04-15,surface_temperature_anomaly_C,0.27,global
1983-05-15,surface_temperature_anomaly_C,0.34,global
1983-06-15,surface_temperature_anomaly_C,0.22,global
1983-07-15,surface_temperature_anomaly_C,0.18,global
1983-08-15,surface_temperature_anomaly_C,0.35,global
1983-09-15,surface_temperature_anomaly_C,0.37,global
1983-10-15,surface_temperature_anomaly_C,0.17,global
1983-11-15,surface_temperature_anomaly_C,0.3,global
1983-12-15,surface_temperature_anomaly_C,0.16,global
1984-01-15,surface_temperature_anomaly_C,0.31,global
1984-02-15,surface_temperature_anomaly_C,0.14,global
1984-03-15,surface_temperature_anomaly_C,0.26,global
1984-04-15,surface_temperature_anomaly_C,0.05,global
1984-05-15,surface_temperature_anomaly_C,0.33,global
1984-06-15,surface_temperature_anomaly_C,0.02,global
1984-07-15,surface_temperature_anomaly_C,0.19,global
1984-08-15,surface_temperature_anomaly_C,0.19,global
1984-09-15,surface_temperature_anomaly_C,0.21,global
1984-10-15,surface_temperature_anomaly_C,0.13,global
1984-11-15,surface_temperature_anomaly_C,0.06,global
1984-12-15,surface_temperature_anomaly_C,-0.04,global
1985-01-15,surface_temperature_anomaly_C,0.22,global
1985-02-15,surface_temperature_anomaly_C,-0.04,global
1985-03-15,surface_temperature_anomaly_C,0.17,global
1985-04-15,surface_temperature_anomaly_C,0.12,global
1985-05-15,surface_temperature_anomaly_C,0.14,global
1985-06-15,surface_temperature_anomaly_C,0.15,global
1985-07-15,surface_temperature_anomaly_C,0.04,global
1985-08-15,surface_temperature_anomaly_C,0.17,global
1985-09-15,surface_temperature_anomaly_C,0.13,global
1985-10-15,surface_temperature_anomaly_C,0.12,global
1985-11-15,surface_temperature_anomaly_C,0.05,global
1985-12-15,surface_temperature_anomaly_C,0.14,global
1986-01-15,surface_temperature_anomaly_C,0.26,global
1986-02-15,surface_temperature_anomaly_C,0.37,global
1986-03-15,surface_temperature_anomaly_C,0.3,global
1986-04-15,surface_temperature_anomaly_C,0.22,global
1986-05-15,surface_temperature_anomaly_C,0.21,global
1986-06-15,surface_temperature_anomaly_C,0.12,global
1986-07-15,surface_temperature_anomaly_C,0.11,global
1986-08-15,surface_temperature_anomaly_C,0.15,global
1986-09-15,surface_temperature_anomaly_C,0.03,global
1986-10-15,surface_temperature_anomaly_C,0.15,global
1986-11-15,surface_temperature_anomaly_C,0.1,global
1986-12-15,surface_temperature_anomaly_C,0.13,global
1987-01-15,surface_temperature_anomaly_C,0.32,global
1987-02-15,surface_temperature_anomaly_C,0.43,global
1987-03-15,surface_temperature_anomaly_C,0.18,global
1987-04-15,surface_temperature_anomaly_C,0.24,global
1987-05-15,surface_temperature_anomaly_C,0.25,global
1987-06-15,surface_temperature_anomaly_C,0.35,global
1987-07-15,surface_temperature_anomaly_C,0.4,global
1987-08-15,surface_temperature_anomaly_C,0.24,global
1987-09-15,surface_temperature_anomaly_C,0.35,global
1987-10-15,surface_temperature_anomaly_C,0.33,global
1987-11-15,surface_temperature_anomaly_C,0.29,global
1987-12-15,surface_temperature_anomaly_C,0.46,global
1988-01-15,surface_temperature_anomaly_C,0.57,global
1988-02-15,surface_temperature_anomaly_C,0.44,global
1988-03-15,surface_temperature_anomaly_C,0.51,global
1988-04-15,surface_temperature_anomaly_C,0.42,global
1988-05-15,surface_temperature_anomaly_C,0.44,global
1988-06-15,surface_temperature_anomaly_C,0.4,global
1988-07-15,surface_temperature_anomaly_C,0.33,global
1988-08-15,surface_temperature_anomaly_C,0.39,global
1988-09-15,surface_temperature_anomaly_C,0.37,global
1988-10-15,surface_temperature_anomaly_C,0.37,global
1988-11-15,surface_temperature_anomaly_C,0.12,global
1988-12-15,surface_temperature_anomaly_C,0.29,global
1989-01-15,surface_temperature_anomaly_C,0.12,global
1989-02-15,surface_temperature_anomaly_C,0.3,global
1989-03-15,surface_temperature_anomaly_C,0.36,global
1989-04-15,surface_temperature_anomaly_C,0.29,global
1989-05-15,surface_temperature_anomaly_C,0.18,global
1989-06-15,surface_temperature_anomaly_C,0.15,global
1989-07-15,surface_temperature_anomaly_C,0.34,global
1989-08-15,surface_temperature_anomaly_C,0.33,global
1989-09-15,surface_temperature_anomaly_C,0.34,global
1989-10-15,surface_temperature_anomaly_C,0.29,global
1989-11-15,surface_temperature_anomaly_C,0.2,global
1989-12-15,surface_temperature_anomaly_C,0.37,global
1990-01-15,surface_temperature_anomaly_C,0.41,global
1990-02-15,surface_temperature_anomaly_C,0.44,global
1990-03-15,surface_temperature_anomaly_C,0.8,global
1990-04-15,surface_temperature_anomaly_C,0.56,global
1990-05-15,surface_temperature_anomaly_C,0.45,global
1990-06-15,surface_temperature_anomaly_C,0.37,global
1990-07-15,surface_temperature_anomaly_C,0.46,global
1990-08-15,surface_temperature_anomaly_C,0.34,global
1990-09-15,surface_temperature_anomaly_C,0.23,global
1990-10-15,surface_temperature_anomaly_C,0.44,global
1990-11-15,surface_temperature_anomaly_C,0.46,global
1990-12-15,surface_temperature_anomaly_C,0.4,global
1991-01-15,surface_temperature_anomaly_C,0.42,global
1991-02-15,surface_temperature_anomaly_C,0.5,global
1991-03-15,surface_temperature_anomaly_C,0.35,global
1991-04-15,surface_temperature_anomaly_C,0.51,global
1991-05-15,surface_temperature_anomaly_C,0.34,global
1991-06-15,surface_temperature_anomaly_C,0.53,global
1991-07-15,surface_temperature_anomaly_C,0.48,global
1991-08-15,surface_temperature_anomaly_C,0.39,global
1991-09-15,surface_temperature_anomaly_C,0.44,global
1991-10-15,surface_temperature_anomaly_C,0.29,global
1991-11-15,surface_temperature_anomaly_C,0.29,global
1991-12-15,surface_temperature_anomaly_C,0.32,global
1992-01-15,surface_temperature_anomaly_C,0.47,global
1992-02-15,surface_temperature_anomaly_C,0.4,global
1992-03-15,surface_temperature_anomaly_C,0.48,global
1992-04-15,surface_temperature_anomaly_C,0.27,global
1992-05-15,surface_temperature_anomaly_C,0.31,global
1992-06-15,surface_temperature_anomaly_C,0.26,global
1992-07-15,surface_temperature_anomaly_C,0.09,global
1992-08-15,surface_temperature_anomaly_C,0.08,global
1992-09-15,surface_temperature_anomaly_C,-0.01,global
1992-10-15,surface_temperature_anomaly_C,0.07,global
1992-11-15,surface_temperature_anomaly_C,0.03,global
1992-12-15,surface_temperature_anomaly_C,0.21,global
1993-01-15,surface_temperature_anomaly_C,0.34,global
1993-02-15,surface_temperature_anomaly_C,0.37,global
1993-03-15,surface_temperature_anomaly_C,0.36,global
1993-04-15,surface_temperature_anomaly_C,0.28,global
1993-05-15,surface_temperature_anomaly_C,0.28,global
1993-06-15,surface_temperature_anomaly_C,0.23,global
1993-07-15,surface_temperature_anomaly_C,0.25,global
1993-08-15,surface_temperature_anomaly_C,0.11,global
1993-09-15,surface_temperature_anomaly_C,0.11,global
1993-10-15,surface_temperature_anomaly_C,0.23,global
1993-11-15,surface_temperature_anomaly_C,0.03,global
1993-12-15,surface_temperature_anomaly_C,0.18,global
1994-01-15,surface_temperature_anomaly_C,0.26,global
1994-02-15,surface_temperature_anomaly_C,0.02,global
1994-03-15,surface_temperature_anomaly_C,0.29,global
1994-04-15,surface_temperature_anomaly_C,0.41,global
1994-05-15,surface_temperature_anomaly_C,0.28,global
1994-06-15,surface_temperature_anomaly_C,0.43,global
1994-07-15,surface_temperature_anomaly_C,0.3,global
1994-08-15,surface_temperature_anomaly_C,0.21,global
1994-09-15,surface_temperature_anomaly_C,0.31,global
1994-10-15,surface_temperature_anomaly_C,0.42,global
1994-11-15,surface_temperature_anomaly_C,0.44,global
1994-12-15,surface_temperature_anomaly_C,0.38,global
1995-01-15,surface_temperature_anomaly_C,0.52,global
1995-02-15,surface_temperature_anomaly_C,0.79,global
1995-03-15,surface_temperature_anomaly_C,0.46,global
1995-04-15,surface_temperature_anomaly_C,0.46,global
1995-05-15,surface_temperature_anomaly_C,0.27,global
1995-06-15,surface_temperature_anomaly_C,0.43,global
1995-07-15,surface_temperature_anomaly_C,0.45,global
1995-08-15,surface_temperature_anomaly_C,0.45,global
1995-09-15,surface_temperature_anomaly_C,0.33,global
1995-10-15,surface_temperature_anomaly_C,0.46,global
1995-11-15,surface_temperature_anomaly_C,0.44,global
1995-12-15,surface_temperature_anomaly_C,0.26,global
1996-01-15,surface_temperature_anomaly_C,0.24,global
1996-02-15,surface_temperature_anomaly_C,0.46,global
1996-03-15,surface_temperature_anomaly_C,0.32,global
1996-04-15,surface_temperature_anomaly_C,0.33,global
1996-05-15,surface_temperature_anomaly_C,0.27,global
1996-06-15,surface_temperature_anomaly_C,0.25,global
1996-07-15,surface_temperature_anomaly_C,0.36,global
1996-08-15,surface_temperature_anomaly_C,0.48,global
1996-09-15,surface_temperature_anomaly_C,0.25,global
1996-10-15,surface_temperature_anomaly_C,0.22,global
1996-11-15,surface_temperature_anomaly_C,0.41,global
1996-12-15,surface_temperature_anomaly_C,0.37,global
1997-01-15,surface_temperature_anomaly_C,0.32,global
1997-02-15,surface_temperature_anomaly_C,0.41,global
1997-03-15,surface_temperature_anomaly_C,0.52,global
1997-04-15,surface_temperature_anomaly_C,0.34,global
1997-05-15,surface_temperature_anomaly_C,0.34,global
1997-06-15,surface_temperature_anomaly_C,0.54,global
1997-07-15,surface_temperature_anomaly_C,0.34,global
1997-08-15,surface_temperature_anomaly_C,0.41,global
1997-09-15,surface_temperature_anomaly_C,0.52,global
1997-10-15,surface_temperature_anomaly_C,0.61,global
1997-11-15,surface_temperature_anomaly_C,0.64,global
1997-12-15,surface_temperature_anomaly_C,0.59,global
1998-01-15,surface_temperature_anomaly_C,0.58,global
1998-02-15,surface_temperature_anomaly_C,0.88,global
1998-03-15,surface_temperature_anomaly_C,0.63,global
1998-04-15,surface_temperature_anomaly_C,0.63,global
1998-05-15,surface_temperature_anomaly_C,0.68,global
1998-06-15,surface_temperature_anomaly_C,0.77,global
1998-07-15,surface_temperature_anomaly_C,0.66,global
1998-08-15,surface_temperature_anomaly_C,0.65,global
1998-09-15,surface_temperature_anomaly_C,0.42,global
1998-10-15,surface_temperature_anomaly_C,0.42,global
1998-11-15,surface_temperature_anomaly_C,0.43,global
1998-12-15,surface_temperature_anomaly_C,0.54,global
1999-01-15,surface_temperature_anomaly_C,0.48,global
1999-02-15,surface_temperature_anomaly_C,0.64,global
1999-03-15,surface_temperature_anomaly_C,0.32,global
1999-04-15,surface_temperature_anomaly_C,0.31,global
1999-05-15,surface_temperature_anomaly_C,0.26,global
1999-06-15,surface_temperature_anomaly_C,0.36,global
1999-07-15,surface_temperature_anomaly_C,0.39,global
1999-08-15,surface_temperature_anomaly_C,0.31,global
1999-09-15,surface_temperature_anomaly_C,0.39,global
1999-10-15,surface_temperature_anomaly_C,0.34,global
1999-11-15,surface_temperature_anomaly_C,0.37,global
1999-12-15,surface_temperature_anomaly_C,0.4,global
2000-01-15,surface_temperature_anomaly_C,0.25,global
2000-02-15,surface_temperature_anomaly_C,0.56,global
2000-03-15,surface_temperature_anomaly_C,0.55,global
2000-04-15,surface_temperature_anomaly_C,0.56,global
2000-05-15,surface_temperature_anomaly_C,0.35,global
2000-06-15,surface_temperature_anomaly_C,0.4,global
2000-07-15,surface_temperature_anomaly_C,0.39,global
2000-08-15,surface_temperature_anomaly_C,0.42,global
2000-09-15,surface_temperature_anomaly_C,0.39,global
2000-10-15,surface_temperature_anomaly_C,0.27,global
2000-11-15,surface_temperature_anomaly_C,0.3,global
2000-12-15,surface_temperature_anomaly_C,0.28,global
2001-01-15,surface_temperature_anomaly_C,0.45,global
2001-02-15,surface_temperature_anomaly_C,0.44,global
2001-03-15,surface_temperature_anomaly_C,0.55,global
2001-04-15,surface_temperature_anomaly_C,0.5,global
2001-05-15,surface_temperature_anomaly_C,0.57,global
2001-06-15,surface_temperature_anomaly_C,0.52,global
2001-07-15,surface_temperature_anomaly_C,0.59,global
2001-08-15,surface_temperature_anomaly_C,0.48,global
2001-09-15,surface_temperature_anomaly_C,0.51,global
2001-10-15,surface_temperature_anomaly_C,0.5,global
2001-11-15,surface_temperature_anomaly_C,0.72,global
2001-12-15,surface_temperature_anomaly_C,0.55,global
2002-01-15,surface_temperature_anomaly_C,0.77,global
2002-02-15,surface_temperature_anomaly_C,0.78,global
2002-03-15,surface_temperature_anomaly_C,0.88,global
2002-04-15,surface_temperature_anomaly_C,0.58,global
2002-05-15,surface_temperature_anomaly_C,0.64,global
2002-06-15,surface_temperature_anomaly_C,0.53,global
2002-07-15,surface_temperature_anomaly_C,0.61,global
2002-08-15,surface_temperature_anomaly_C,0.53,global
2002-09-15,surface_temperature_anomaly_C,0.64,global
2002-10-15,surface_temperature_anomaly_C,0.54,global
2002-11-15,surface_temperature_anomaly_C,0.59,global
2002-12-15,surface_temperature_anomaly_C,0.44,global
2003-01-15,surface_temperature_anomaly_C,0.74,global
2003-02-15,surface_temperature_anomaly_C,0.58,global
2003-03-15,surface_temperature_anomaly_C,0.6,global
2003-04-15,surface_temperature_anomaly_C,0.55,global
2003-05-15,surface_temperature_anomaly_C,0.6,global
2003-06-15,surface_temperature_anomaly_C,0.47,global
2003-07-15,surface_temperature_anomaly_C,0.58,global
2003-08-15,surface_temperature_anomaly_C,0.64,global
2003-09-15,surface_temperature_anomaly_C,0.62,global
2003-10-15,surface_temperature_anomaly_C,0.72,global
2003-11-15,surface_temperature_anomaly_C,0.53,global
2003-12-15,surface_temperature_anomaly_C,0.75,global
2004-01-15,surface_temperature_anomaly_C,0.58,global
2004-02-15,surface_temperature_anomaly_C,0.72,global
2004-03-15,surface_temperature_anomaly_C,0.63,global
2004-04-15,surface_temperature_anomaly_C,0.61,global
2004-05-15,surface_temperature_anomaly_C,0.37,global
2004-06-15,surface_temperature_anomaly_C,0.44,global
2004-07-15,surface_temperature_anomaly_C,0.25,global
2004-08-15,surface_temperature_anomaly_C,0.45,global
2004-09-15,surface_temperature_anomaly_C,0.5,global
2004-10-15,surface_temperature_anomaly_C,0.61,global
2004-11-15,surface_temperature_anomaly_C,0.73,global
2004-12-15,surface_temperature_anomaly_C,0.5,global
2005-01-15,surface_temperature_anomaly_C,0.75,global
2005-02-15,surface_temperature_anomaly_C,0.6,global
2005-03-15,surface_temperature_anomaly_C,0.74,global
2005-04-15,surface_temperature_anomaly_C,0.67,global
2005-05-15,surface_temperature_anomaly_C,0.62,global
2005-06-15,surface_temperature_anomaly_C,0.65,global
2005-07-15,surface_temperature_anomaly_C,0.61,global
2005-08-15,surface_temperature_anomaly_C,0.6,global
2005-09-15,surface_temperature_anomaly_C,0.72,global
2005-10-15,surface_temperature_anomaly_C,0.76,global
2005-11-15,surface_temperature_anomaly_C,0.74,global
2005-12-15,surface_temperature_anomaly_C,0.68,global
2006-01-15,surface_temperature_anomaly_C,0.56,global
2006-02-15,surface_temperature_anomaly_C,0.74,global
2006-03-15,surface_temperature_anomaly_C,0.63,global
2006-04-15,surface_temperature_anomaly_C,0.47,global
2006-05-15,surface_temperature_anomaly_C,0.48,global
2006-06-15,surface_temperature_anomaly_C,0.66,global
2006-07-15,surface_temperature_anomaly_C,0.54,global
2006-08-15,surface_temperature_anomaly_C,0.71,global
2006-09-15,surface_temperature_anomaly_C,0.66,global
2006-10-15,surface_temperature_anomaly_C,0.7,global
2006-11-15,surface_temperature_anomaly_C,0.73,global
2006-12-15,surface_temperature_anomaly_C,0.79,global
2007-01-15,surface_temperature_anomaly_C,1.01,global
2007-02-15,surface_temperature_anomaly_C,0.7,global
2007-03-15,surface_temperature_anomaly_C,0.71,global
2007-04-15,surface_temperature_anomaly_C,0.77,global
2007-05-15,surface_temperature_anomaly_C,0.69,global
2007-06-15,surface_temperature_anomaly_C,0.61,global
2007-07-15,surface_temperature_anomaly_C,0.6,global
2007-08-15,surface_temperature_anomaly_C,0.6,global
2007-09-15,surface_temperature_anomaly_C,0.6,global
2007-10-15,surface_temperature_anomaly_C,0.59,global
2007-11-15,surface_temperature_anomaly_C,0.59,global
2007-12-15,surface_temperature_anomaly_C,0.5,global
2008-01-15,surface_temperature_anomaly_C,0.3,global
2008-02-15,surface_temperature_anomaly_C,0.38,global
2008-03-15,surface_temperature_anomaly_C,0.75,global
2008-04-15,surface_temperature_anomaly_C,0.54,global
2008-05-15,surface_temperature_anomaly_C,0.5,global
2008-06-15,surface_temperature_anomaly_C,0.49,global
2008-07-15,surface_temperature_anomaly_C,0.6,global
2008-08-15,surface_temperature_anomaly_C,0.45,global
2008-09-15,surface_temperature_anomaly_C,0.6,global
2008-10-15,surface_temperature_anomaly_C,0.67,global
2008-11-15,surface_temperature_anomaly_C,0.69,global
2008-12-15,surface_temperature_anomaly_C,0.54,global
2009-01-15,surface_temperature_anomaly_C,0.65,global
2009-02-15,surface_temperature_anomaly_C,0.53,global
2009-03-15,surface_temperature_anomaly_C,0.53,global
2009-04-15,surface_temperature_anomaly_C,0.61,global
2009-05-15,surface_temperature_anomaly_C,0.65,global
2009-06-15,surface_temperature_anomaly_C,0.64,global
2009-07-15,surface_temperature_anomaly_C,0.74,global
2009-08-15,surface_temperature_anomaly_C,0.69,global
2009-09-15,surface_temperature_anomaly_C,0.72,global
2009-10-15,surface_temperature_anomaly_C,0.65,global
2009-11-15,surface_temperature_anomaly_C,0.8,global
2009-12-15,surface_temperature_anomaly_C,0.67,global
2010-01-15,surface_temperature_anomaly_C,0.74,global
2010-02-15,surface_temperature_anomaly_C,0.84,global
2010-03-15,surface_temperature_anomaly_C,0.92,global
2010-04-15,surface_temperature_anomaly_C,0.85,global
2010-05-15,surface_temperature_anomaly_C,0.75,global
2010-06-15,surface_temperature_anomaly_C,0.67,global
2010-07-15,surface_temperature_anomaly_C,0.63,global
2010-08-15,surface_temperature_anomaly_C,0.67,global
2010-09-15,surface_temperature_anomaly_C,0.63,global
2010-10-15,surface_temperature_anomaly_C,0.71,global
2010-11-15,surface_temperature_anomaly_C,0.81,global
2010-12-15,surface_temperature_anomaly_C,0.45,global
2011-01-15,surface_temperature_anomaly_C,0.52,global
2011-02-15,surface_temperature_anomaly_C,0.47,global
2011-03-15,surface_temperature_anomaly_C,0.65,global
2011-04-15,surface_temperature_anomaly_C,0.64,global
2011-05-15,surface_temperature_anomaly_C,0.53,global
2011-06-15,surface_temperature_anomaly_C,0.62,global
2011-07-15,surface_temperature_anomaly_C,0.7,global
2011-08-15,surface_temperature_anomaly_C,0.75,global
2011-09-15,surface_temperature_anomaly_C,0.56,global
2011-10-15,surface_temperature_anomaly_C,0.65,global
2011-11-15,surface_temperature_anomaly_C,0.59,global
2011-12-15,surface_temperature_anomaly_C,0.6,global
2012-01-15,surface_temperature_anomaly_C,0.47,global
2012-02-15,surface_temperature_anomaly_C,0.48,global
2012-03-15,surface_temperature_anomaly_C,0.57,global
2012-04-15,surface_temperature_anomaly_C,0.73,global
2012-05-15,surface_temperature_anomaly_C,0.78,global
2012-06-15,surface_temperature_anomaly_C,0.65,global
2012-07-15,surface_temperature_anomaly_C,0.59,global
2012-08-15,surface_temperature_anomaly_C,0.66,global
2012-09-15,surface_temperature_anomaly_C,0.72,global
2012-10-15,surface_temperature_anomaly_C,0.8,global
2012-11-15,surface_temperature_anomaly_C,0.78,global
2012-12-15,surface_temperature_anomaly_C,0.52,global
2013-01-15,surface_temperature_anomaly_C,0.71,global
2013-02-15,surface_temperature_anomaly_C,0.62,global
2013-03-15,surface_temperature_anomaly_C,0.67,global
2013-04-15,surface_temperature_anomaly_C,0.53,global
2013-05-15,surface_temperature_anomaly_C,0.6,global
2013-06-15,surface_temperature_anomaly_C,0.7,global
2013-07-15,surface_temperature_anomaly_C,0.6,global
2013-08-15,surface_temperature_anomaly_C,0.7,global
2013-09-15,surface_temperature_anomaly_C,0.76,global
2013-10-15,surface_temperature_anomaly_C,0.69,global
2013-11-15,surface_temperature_anomaly_C,0.83,global
2013-12-15,surface_temperature_anomaly_C,0.7,global
2014-01-15,surface_temperature_anomaly_C,0.76,global
2014-02-15,surface_temperature_anomaly_C,0.55,global
2014-03-15,surface_temperature_anomaly_C,0.78,global
2014-04-15,surface_temperature_anomaly_C,0.81,global
2014-05-15,surface_temperature_anomaly_C,0.86,global
2014-06-15,surface_temperature_anomaly_C,0.67,global
2014-07-15,surface_temperature_anomaly_C,0.58,global
2014-08-15,surface_temperature_anomaly_C,0.83,global
2014-09-15,surface_temperature_anomaly_C,0.88,global
2014-10-15,surface_temperature_anomaly_C,0.8,global
2014-11-15,surface_temperature_anomaly_C,0.67,global
2014-12-15,surface_temperature_anomaly_C,0.79,global
2015-01-15,surface_temperature_anomaly_C,0.86,global
2015-02-15,surface_temperature_anomaly_C,0.91,global
2015-03-15,surface_temperature_anomaly_C,0.96,global
2015-04-15,surface_temperature_anomaly_C,0.75,global
2015-05-15,surface_temperature_anomaly_C,0.8,global
2015-06-15,surface_temperature_anomaly_C,0.81,global
2015-07-15,surface_temperature_anomaly_C,0.73,global
2015-08-15,surface_temperature_anomaly_C,0.8,global
2015-09-15,surface_temperature_anomaly_C,0.83,global
2015-10-15,surface_temperature_anomaly_C,1.07,global
2015-11-15,surface_temperature_anomaly_C,1.06,global
2015-12-15,surface_temperature_anomaly_C,1.17,global
2016-01-15,surface_temperature_anomaly_C,1.18,global
2016-02-15,surface_temperature_anomaly_C,1.36,global
2016-03-15,surface_temperature_anomaly_C,1.35,global
2016-04-15,surface_temperature_anomaly_C,1.09,global
2016-05-15,surface_temperature_anomaly_C,0.96,global
2016-06-15,surface_temperature_anomaly_C,0.81,global
2016-07-15,surface_temperature_anomaly_C,0.84,global
2016-08-15,surface_temperature_anomaly_C,1.01,global
2016-09-15,surface_temperature_anomaly_C,0.9,global
2016-10-15,surface_temperature_anomaly_C,0.87,global
2016-11-15,surface_temperature_anomaly_C,0.91,global
2016-12-15,surface_temperature_anomaly_C,0.86,global
2017-01-15,surface_temperature_anomaly_C,1.02,global
2017-02-15,surface_temperature_anomaly_C,1.13,global
2017-03-15,surface_temperature_anomaly_C,1.16,global
2017-04-15,surface_temperature_anomaly_C,0.93,global
2017-05-15,surface_temperature_anomaly_C,0.91,global
2017-06-15,surface_temperature_anomaly_C,0.71,global
2017-07-15,surface_temperature_anomaly_C,0.82,global
2017-08-15,surface_temperature_anomaly_C,0.87,global
2017-09-15,surface_temperature_anomaly_C,0.74,global
2017-10-15,surface_temperature_anomaly_C,0.88,global
2017-11-15,surface_temperature_anomaly_C,0.87,global
2017-12-15,surface_temperature_anomaly_C,0.93,global
2018-01-15,surface_temperature_anomaly_C,0.82,global
2018-02-15,surface_temperature_anomaly_C,0.84,global
2018-03-15,surface_temperature_anomaly_C,0.88,global
2018-04-15,surface_temperature_anomaly_C,0.88,global
2018-05-15,surface_temperature_anomaly_C,0.81,global
2018-06-15,surface_temperature_anomaly_C,0.76,global
2018-07-15,surface_temperature_anomaly_C,0.83,global
2018-08-15,surface_temperature_anomaly_C,0.78,global
2018-09-15,surface_temperature_anomaly_C,0.8,global
2018-10-15,surface_temperature_anomaly_C,1.02,global
2018-11-15,surface_temperature_anomaly_C,0.83,global
2018-12-15,surface_temperature_anomaly_C,0.93,global
2019-01-15,surface_temperature_anomaly_C,0.93,global
2019-02-15,surface_temperature_anomaly_C,0.95,global
2019-03-15,surface_temperature_anomaly_C,1.17,global
2019-04-15,surface_temperature_anomaly_C,1.0,global
2019-05-15,surface_temperature_anomaly_C,0.86,global
2019-06-15,surface_temperature_anomaly_C,0.9,global
2019-07-15,surface_temperature_anomaly_C,0.94,global
2019-08-15,surface_temperature_anomaly_C,0.95,global
2019-09-15,surface_temperature_anomaly_C,0.93,global
2019-10-15,surface_temperature_anomaly_C,1.0,global
2019-11-15,surface_temperature_anomaly_C,0.99,global
2019-12-15,surface_temperature_anomaly_C,1.11,global
2020-01-15,surface_temperature_anomaly_C,1.18,global
2020-02-15,surface_temperature_anomaly_C,1.24,global
2020-03-15,surface_temperature_anomaly_C,1.18,global
2020-04-15,surface_temperature_anomaly_C,1.12,global
2020-05-15,surface_temperature_anomaly_C,0.99,global
2020-06-15,surface_temperature_anomaly_C,0.91,global
2020-07-15,surface_temperature_anomaly_C,0.89,global
2020-08-15,surface_temperature_anomaly_C,0.86,global
2020-09-15,surface_temperature_anomaly_C,0.96,global
2020-10-15,surface_temperature_anomaly_C,0.87,global
2020-11-15,surface_temperature_anomaly_C,1.08,global
2020-12-15,surface_temperature_anomaly_C,0.8,global
2021-01-15,surface_temperature_anomaly_C,0.81,global
2021-02-15,surface_temperature_anomaly_C,0.64,global
2021-03-15,surface_temperature_anomaly_C,0.89,global
2021-04-15,surface_temperature_anomaly_C,0.76,global
2021-05-15,surface_temperature_anomaly_C,0.79,global
2021-06-15,surface_temperature_anomaly_C,0.84,global
2021-07-15,surface_temperature_anomaly_C,0.92,global
2021-08-15,surface_temperature_anomaly_C,0.81,global
2021-09-15,surface_temperature_anomaly_C,0.92,global
2021-10-15,surface_temperature_anomaly_C,0.98,global
2021-11-15,surface_temperature_anomaly_C,0.92,global
2021-12-15,surface_temperature_anomaly_C,0.88,global
2022-01-15,surface_temperature_anomaly_C,0.91,global
2022-02-15,surface_temperature_anomaly_C,0.89,global
2022-03-15,surface_temperature_anomaly_C,1.04,global
2022-04-15,surface_temperature_anomaly_C,0.83,global
2022-05-15,surface_temperature_anomaly_C,0.84,global
2022-06-15,surface_temperature_anomaly_C,0.92,global
2022-07-15,surface_temperature_anomaly_C,0.94,global
2022-08-15,surface_temperature_anomaly_C,0.94,global
2022-09-15,surface_temperature_anomaly_C,0.88,global
2022-10-15,surface_temperature_anomaly_C,0.97,global
2022-11-15,surface_temperature_anomaly_C,0.73,global
2022-12-15,surface_temperature_anomaly_C,0.8,global
2023-01-15,surface_temperature_anomaly_C,0.87,global
2023-02-15,surface_temperature_anomaly_C,0.96,global
2023-03-15,surface_temperature_anomaly_C,1.23,global
2023-04-15,surface_temperature_anomaly_C,0.98,global
2023-05-15,surface_temperature_anomaly_C,0.94,global
2023-06-15,surface_temperature_anomaly_C,1.08,global
2023-07-15,surface_temperature_anomaly_C,1.19,global
2023-08-15,surface_temperature_anomaly_C,1.19,global
2023-09-15,surface_temperature_anomaly_C,1.48,global
2023-10-15,surface_temperature_anomaly_C,1.34,global
2023-11-15,surface_temperature_anomaly_C,1.4,global
2023-12-15,surface_temperature_anomaly_C,1.35,global
2024-01-15,surface_temperature_anomaly_C,1.25,global
2024-02-15,surface_temperature_anomaly_C,1.43,global
2024-03-15,surface_temperature_anomaly_C,1.39,global
2024-04-15,surface_temperature_anomaly_C,1.32,global
2024-05-15,surface_temperature_anomaly_C,1.16,global
2024-06-15,surface_temperature_anomaly_C,1.23,global
2024-07-15,surface_temperature_anomaly_C,1.2,global
2024-08-15,surface_temperature_anomaly_C,1.3,global
2024-09-15,surface_temperature_anomaly_C,1.21,global
2024-10-15,surface_temperature_anomaly_C,1.35,global
2024-11-15,surface_temperature_anomaly_C,1.3,global
2024-12-15,surface_temperature_anomaly_C,1.27,global
2025-01-15,surface_temperature_anomaly_C,1.38,global
2025-02-15,surface_temperature_anomaly_C,1.26,global
2025-03-15,surface_temperature_anomaly_C,1.37,global
2025-04-15,surface_temperature_anomaly_C,1.24,global
2025-05-15,surface_temperature_anomaly_C,1.08,global
2025-06-15,surface_temperature_anomaly_C,1.07,global
2025-07-15,surface_temperature_anomaly_C,1.02,global
2025-08-15,surface_temperature_anomaly_C,1.17,global
2025-09-15,surface_temperature_anomaly_C,1.25,global
2025-10-15,surface_temperature_anomaly_C,1.19,global
2025-11-15,surface_temperature_anomaly_C,1.21,global
2025-12-15,surface_temperature_anomaly_C,1.06,global
2026-01-15,surface_temperature_anomaly_C,1.08,global
2026-02-15,surface_temperature_anomaly_C,1.25,global
2026-03-15,surface_temperature_anomaly_C,1.32,global
2026-04-15,surface_temperature_anomaly_C,1.17,global
2026-05-15,surface_temperature_anomaly_C,1.13,global
2026-06-15,surface_temperature_anomaly_C,1.18,global
1880-07-15,surface_temperature_anomaly_C,-0.18,Glob
1880-07-15,surface_temperature_anomaly_C,-0.3,NHem
1880-07-15,surface_temperature_anomaly_C,-0.05,SHem
1880-07-15,surface_temperature_anomaly_C,-0.39,24N-90N
1880-07-15,surface_temperature_anomaly_C,-0.14,24S-24N
1880-07-15,surface_temperature_anomaly_C,-0.02,90S-24S
1880-07-15,surface_temperature_anomaly_C,-0.79,64N-90N
1880-07-15,surface_temperature_anomaly_C,-0.5,44N-64N
1880-07-15,surface_temperature_anomaly_C,-0.31,24N-44N
1880-07-15,surface_temperature_anomaly_C,-0.17,EQU-24N
1880-07-15,surface_temperature_anomaly_C,-0.12,24S-EQU
1880-07-15,surface_temperature_anomaly_C,-0.05,44S-24S
1880-07-15,surface_temperature_anomaly_C,0.05,64S-44S
1880-07-15,surface_temperature_anomaly_C,0.7,90S-64S
1881-07-15,surface_temperature_anomaly_C,-0.09,Glob
1881-07-15,surface_temperature_anomaly_C,-0.19,NHem
1881-07-15,surface_temperature_anomaly_C,-0.01,SHem
1881-07-15,surface_temperature_anomaly_C,-0.35,24N-90N
1881-07-15,surface_temperature_anomaly_C,0.09,24S-24N
1881-07-15,surface_temperature_anomaly_C,-0.07,90S-24S
1881-07-15,surface_temperature_anomaly_C,-0.84,64N-90N
1881-07-15,surface_temperature_anomaly_C,-0.46,44N-64N
1881-07-15,surface_temperature_anomaly_C,-0.22,24N-44N
1881-07-15,surface_temperature_anomaly_C,0.09,EQU-24N
1881-07-15,surface_temperature_anomaly_C,0.09,24S-EQU
1881-07-15,surface_temperature_anomaly_C,-0.06,44S-24S
1881-07-15,surface_temperature_anomaly_C,-0.07,64S-44S
1881-07-15,surface_temperature_anomaly_C,0.62,90S-64S
1882-07-15,surface_temperature_anomaly_C,-0.11,Glob
1882-07-15,surface_temperature_anomaly_C,-0.22,NHem
1882-07-15,surface_temperature_anomaly_C,-0.02,SHem
1882-07-15,surface_temperature_anomaly_C,-0.31,24N-90N
1882-07-15,surface_temperature_anomaly_C,-0.06,24S-24N
1882-07-15,surface_temperature_anomaly_C,0.01,90S-24S
1882-07-15,surface_temperature_anomaly_C,-1.34,64N-90N
1882-07-15,surface_temperature_anomaly_C,-0.27,44N-64N
1882-07-15,surface_temperature_anomaly_C,-0.16,24N-44N
1882-07-15,surface_temperature_anomaly_C,-0.07,EQU-24N
1882-07-15,surface_temperature_anomaly_C,-0.06,24S-EQU
1882-07-15,surface_temperature_anomaly_C,0.01,44S-24S
1882-07-15,surface_temperature_anomaly_C,0.04,64S-44S
1882-07-15,surface_temperature_anomaly_C,0.65,90S-64S
1883-07-15,surface_temperature_anomaly_C,-0.18,Glob
1883-07-15,surface_temperature_anomaly_C,-0.29,NHem
1883-07-15,surface_temperature_anomaly_C,-0.07,SHem
1883-07-15,surface_temperature_anomaly_C,-0.34,24N-90N
1883-07-15,surface_temperature_anomaly_C,-0.18,24S-24N
1883-07-15,surface_temperature_anomaly_C,-0.01,90S-24S
1883-07-15,surface_temperature_anomaly_C,-0.12,64N-90N
1883-07-15,surface_temperature_anomaly_C,-0.55,44N-64N
1883-07-15,surface_temperature_anomaly_C,-0.28,24N-44N
1883-07-15,surface_temperature_anomaly_C,-0.19,EQU-24N
1883-07-15,surface_temperature_anomaly_C,-0.16,24S-EQU
1883-07-15,surface_temperature_anomaly_C,-0.04,44S-24S
1883-07-15,surface_temperature_anomaly_C,0.07,64S-44S
1883-07-15,surface_temperature_anomaly_C,0.52,90S-64S
1884-07-15,surface_temperature_anomaly_C,-0.28,Glob
1884-07-15,surface_temperature_anomaly_C,-0.43,NHem
1884-07-15,surface_temperature_anomaly_C,-0.15,SHem
1884-07-15,surface_temperature_anomaly_C,-0.6,24N-90N
1884-07-15,surface_temperature_anomaly_C,-0.16,24S-24N
1884-07-15,surface_temperature_anomaly_C,-0.14,90S-24S
1884-07-15,surface_temperature_anomaly_C,-1.25,64N-90N
1884-07-15,surface_temperature_anomaly_C,-0.64,44N-64N
1884-07-15,surface_temperature_anomaly_C,-0.47,24N-44N
1884-07-15,surface_temperature_anomaly_C,-0.14,EQU-24N
1884-07-15,surface_temperature_anomaly_C,-0.18,24S-EQU
1884-07-15,surface_temperature_anomaly_C,-0.19,44S-24S
1884-07-15,surface_temperature_anomaly_C,-0.02,64S-44S
1884-07-15,surface_temperature_anomaly_C,0.67,90S-64S
1885-07-15,surface_temperature_anomaly_C,-0.34,Glob
1885-07-15,surface_temperature_anomaly_C,-0.44,NHem
1885-07-15,surface_temperature_anomaly_C,-0.25,SHem
1885-07-15,surface_temperature_anomaly_C,-0.65,24N-90N
1885-07-15,surface_temperature_anomaly_C,-0.15,24S-24N
1885-07-15,surface_temperature_anomaly_C,-0.27,90S-24S
1885-07-15,surface_temperature_anomaly_C,-1.45,64N-90N
1885-07-15,surface_temperature_anomaly_C,-0.68,44N-64N
1885-07-15,surface_temperature_anomaly_C,-0.47,24N-44N
1885-07-15,surface_temperature_anomaly_C,-0.08,EQU-24N
1885-07-15,surface_temperature_anomaly_C,-0.21,24S-EQU
1885-07-15,surface_temperature_anomaly_C,-0.33,44S-24S
1885-07-15,surface_temperature_anomaly_C,-0.15,64S-44S
1885-07-15,surface_temperature_anomaly_C,0.85,90S-64S
1886-07-15,surface_temperature_anomaly_C,-0.32,Glob
1886-07-15,surface_temperature_anomaly_C,-0.44,NHem
1886-07-15,surface_temperature_anomaly_C,-0.2,SHem
1886-07-15,surface_temperature_anomaly_C,-0.56,24N-90N
1886-07-15,surface_temperature_anomaly_C,-0.21,24S-24N
1886-07-15,surface_temperature_anomaly_C,-0.21,90S-24S
1886-07-15,surface_temperature_anomaly_C,-1.53,64N-90N
1886-07-15,surface_temperature_anomaly_C,-0.5,44N-64N
1886-07-15,surface_temperature_anomaly_C,-0.41,24N-44N
1886-07-15,surface_temperature_anomaly_C,-0.23,EQU-24N
1886-07-15,surface_temperature_anomaly_C,-0.19,24S-EQU
1886-07-15,surface_temperature_anomaly_C,-0.2,44S-24S
1886-07-15,surface_temperature_anomaly_C,-0.2,64S-44S
1886-07-15,surface_temperature_anomaly_C,0.62,90S-64S
1887-07-15,surface_temperature_anomaly_C,-0.36,Glob
1887-07-15,surface_temperature_anomaly_C,-0.44,NHem
1887-07-15,surface_temperature_anomaly_C,-0.29,SHem
1887-07-15,surface_temperature_anomaly_C,-0.52,24N-90N
1887-07-15,surface_temperature_anomaly_C,-0.31,24S-24N
1887-07-15,surface_temperature_anomaly_C,-0.28,90S-24S
1887-07-15,surface_temperature_anomaly_C,-1.71,64N-90N
1887-07-15,surface_temperature_anomaly_C,-0.5,44N-64N
1887-07-15,surface_temperature_anomaly_C,-0.3,24N-44N
1887-07-15,surface_temperature_anomaly_C,-0.31,EQU-24N
1887-07-15,surface_temperature_anomaly_C,-0.31,24S-EQU
1887-07-15,surface_temperature_anomaly_C,-0.28,44S-24S
1887-07-15,surface_temperature_anomaly_C,-0.26,64S-44S
1887-07-15,surface_temperature_anomaly_C,0.34,90S-64S
1888-07-15,surface_temperature_anomaly_C,-0.18,Glob
1888-07-15,surface_temperature_anomaly_C,-0.24,NHem
1888-07-15,surface_temperature_anomaly_C,-0.12,SHem
1888-07-15,surface_temperature_anomaly_C,-0.42,24N-90N
1888-07-15,surface_temperature_anomaly_C,0.09,24S-24N
1888-07-15,surface_temperature_anomaly_C,-0.29,90S-24S
1888-07-15,surface_temperature_anomaly_C,-1.25,64N-90N
1888-07-15,surface_temperature_anomaly_C,-0.44,44N-64N
1888-07-15,surface_temperature_anomaly_C,-0.25,24N-44N
1888-07-15,surface_temperature_anomaly_C,0.05,EQU-24N
1888-07-15,surface_temperature_anomaly_C,0.13,24S-EQU
1888-07-15,surface_temperature_anomaly_C,-0.31,44S-24S
1888-07-15,surface_temperature_anomaly_C,-0.22,64S-44S
1888-07-15,surface_temperature_anomaly_C,0.18,90S-64S
1889-07-15,surface_temperature_anomaly_C,-0.11,Glob
1889-07-15,surface_temperature_anomaly_C,-0.18,NHem
1889-07-15,surface_temperature_anomaly_C,-0.04,SHem
1889-07-15,surface_temperature_anomaly_C,-0.29,24N-90N
1889-07-15,surface_temperature_anomaly_C,0.06,24S-24N
1889-07-15,surface_temperature_anomaly_C,-0.16,90S-24S
1889-07-15,surface_temperature_anomaly_C,-0.63,64N-90N
1889-07-15,surface_temperature_anomaly_C,-0.23,44N-64N
1889-07-15,surface_temperature_anomaly_C,-0.28,24N-44N
1889-07-15,surface_temperature_anomaly_C,-0.01,EQU-24N
1889-07-15,surface_temperature_anomaly_C,0.13,24S-EQU
1889-07-15,surface_temperature_anomaly_C,-0.15,44S-24S
1889-07-15,surface_temperature_anomaly_C,-0.15,64S-44S
1889-07-15,surface_temperature_anomaly_C,0.47,90S-64S
1890-07-15,surface_temperature_anomaly_C,-0.36,Glob
1890-07-15,surface_temperature_anomaly_C,-0.39,NHem
1890-07-15,surface_temperature_anomaly_C,-0.33,SHem
1890-07-15,surface_temperature_anomaly_C,-0.45,24N-90N
1890-07-15,surface_temperature_anomaly_C,-0.38,24S-24N
1890-07-15,surface_temperature_anomaly_C,-0.22,90S-24S
1890-07-15,surface_temperature_anomaly_C,-1.09,64N-90N
1890-07-15,surface_temperature_anomaly_C,-0.56,44N-64N
1890-07-15,surface_temperature_anomaly_C,-0.28,24N-44N
1890-07-15,surface_temperature_anomaly_C,-0.29,EQU-24N
1890-07-15,surface_temperature_anomaly_C,-0.48,24S-EQU
1890-07-15,surface_temperature_anomaly_C,-0.18,44S-24S
1890-07-15,surface_temperature_anomaly_C,-0.27,64S-44S
1890-07-15,surface_temperature_anomaly_C,0.18,90S-64S
1891-07-15,surface_temperature_anomaly_C,-0.23,Glob
1891-07-15,surface_temperature_anomaly_C,-0.26,NHem
1891-07-15,surface_temperature_anomaly_C,-0.2,SHem
1891-07-15,surface_temperature_anomaly_C,-0.41,24N-90N
1891-07-15,surface_temperature_anomaly_C,-0.09,24S-24N
1891-07-15,surface_temperature_anomaly_C,-0.21,90S-24S
1891-07-15,surface_temperature_anomaly_C,-1.05,64N-90N
1891-07-15,surface_temperature_anomaly_C,-0.33,44N-64N
1891-07-15,surface_temperature_anomaly_C,-0.36,24N-44N
1891-07-15,surface_temperature_anomaly_C,-0.02,EQU-24N
1891-07-15,surface_temperature_anomaly_C,-0.17,24S-EQU
1891-07-15,surface_temperature_anomaly_C,-0.18,44S-24S
1891-07-15,surface_temperature_anomaly_C,-0.24,64S-44S
1891-07-15,surface_temperature_anomaly_C,-0.13,90S-64S
1892-07-15,surface_temperature_anomaly_C,-0.27,Glob
1892-07-15,surface_temperature_anomaly_C,-0.4,NHem
1892-07-15,surface_temperature_anomaly_C,-0.15,SHem
1892-07-15,surface_temperature_anomaly_C,-0.42,24N-90N
1892-07-15,surface_temperature_anomaly_C,-0.31,24S-24N
1892-07-15,surface_temperature_anomaly_C,-0.08,90S-24S
1892-07-15,surface_temperature_anomaly_C,-1.07,64N-90N
1892-07-15,surface_temperature_anomaly_C,-0.65,44N-64N
1892-07-15,surface_temperature_anomaly_C,-0.17,24N-44N
1892-07-15,surface_temperature_anomaly_C,-0.36,EQU-24N
1892-07-15,surface_temperature_anomaly_C,-0.27,24S-EQU
1892-07-15,surface_temperature_anomaly_C,0.02,44S-24S
1892-07-15,surface_temperature_anomaly_C,-0.21,64S-44S
1892-07-15,surface_temperature_anomaly_C,0.11,90S-64S
1893-07-15,surface_temperature_anomaly_C,-0.31,Glob
1893-07-15,surface_temperature_anomaly_C,-0.47,NHem
1893-07-15,surface_temperature_anomaly_C,-0.15,SHem
1893-07-15,surface_temperature_anomaly_C,-0.5,24N-90N
1893-07-15,surface_temperature_anomaly_C,-0.38,24S-24N
1893-07-15,surface_temperature_anomaly_C,-0.04,90S-24S
1893-07-15,surface_temperature_anomaly_C,-0.61,64N-90N
1893-07-15,surface_temperature_anomaly_C,-0.54,44N-64N
1893-07-15,surface_temperature_anomaly_C,-0.47,24N-44N
1893-07-15,surface_temperature_anomaly_C,-0.44,EQU-24N
1893-07-15,surface_temperature_anomaly_C,-0.31,24S-EQU
1893-07-15,surface_temperature_anomaly_C,0.07,44S-24S
1893-07-15,surface_temperature_anomaly_C,-0.2,64S-44S
1893-07-15,surface_temperature_anomaly_C,-0.02,90S-64S
1894-07-15,surface_temperature_anomaly_C,-0.3,Glob
1894-07-15,surface_temperature_anomaly_C,-0.39,NHem
1894-07-15,surface_temperature_anomaly_C,-0.22,SHem
1894-07-15,surface_temperature_anomaly_C,-0.32,24N-90N
1894-07-15,surface_temperature_anomaly_C,-0.35,24S-24N
1894-07-15,surface_temperature_anomaly_C,-0.23,90S-24S
1894-07-15,surface_temperature_anomaly_C,-0.91,64N-90N
1894-07-15,surface_temperature_anomaly_C,-0.32,44N-64N
1894-07-15,surface_temperature_anomaly_C,-0.18,24N-44N
1894-07-15,surface_temperature_anomaly_C,-0.5,EQU-24N
1894-07-15,surface_temperature_anomaly_C,-0.2,24S-EQU
1894-07-15,surface_temperature_anomaly_C,-0.14,44S-24S
1894-07-15,surface_temperature_anomaly_C,-0.35,64S-44S
1894-07-15,surface_temperature_anomaly_C,-0.35,90S-64S
1895-07-15,surface_temperature_anomaly_C,-0.23,Glob
1895-07-15,surface_temperature_anomaly_C,-0.31,NHem
1895-07-15,surface_temperature_anomaly_C,-0.15,SHem
1895-07-15,surface_temperature_anomaly_C,-0.39,24N-90N
1895-07-15,surface_temperature_anomaly_C,-0.09,24S-24N
1895-07-15,surface_temperature_anomaly_C,-0.25,90S-24S
1895-07-15,surface_temperature_anomaly_C,-0.65,64N-90N
1895-07-15,surface_temperature_anomaly_C,-0.52,44N-64N
1895-07-15,surface_temperature_anomaly_C,-0.26,24N-44N
1895-07-15,surface_temperature_anomaly_C,-0.16,EQU-24N
1895-07-15,surface_temperature_anomaly_C,-0.01,24S-EQU
1895-07-15,surface_temperature_anomaly_C,-0.19,44S-24S
1895-07-15,surface_temperature_anomaly_C,-0.32,64S-44S
1895-07-15,surface_temperature_anomaly_C,-0.56,90S-64S
1896-07-15,surface_temperature_anomaly_C,-0.12,Glob
1896-07-15,surface_temperature_anomaly_C,-0.2,NHem
1896-07-15,surface_temperature_anomaly_C,-0.03,SHem
1896-07-15,surface_temperature_anomaly_C,-0.34,24N-90N
1896-07-15,surface_temperature_anomaly_C,0.08,24S-24N
1896-07-15,surface_temperature_anomaly_C,-0.15,90S-24S
1896-07-15,surface_temperature_anomaly_C,-0.85,64N-90N
1896-07-15,surface_temperature_anomaly_C,-0.37,44N-64N
1896-07-15,surface_temperature_anomaly_C,-0.21,24N-44N
1896-07-15,surface_temperature_anomaly_C,0.02,EQU-24N
1896-07-15,surface_temperature_anomaly_C,0.13,24S-EQU
1896-07-15,surface_temperature_anomaly_C,-0.15,44S-24S
1896-07-15,surface_temperature_anomaly_C,-0.13,64S-44S
1896-07-15,surface_temperature_anomaly_C,0.28,90S-64S
1897-07-15,surface_temperature_anomaly_C,-0.11,Glob
1897-07-15,surface_temperature_anomaly_C,-0.17,NHem
1897-07-15,surface_temperature_anomaly_C,-0.05,SHem
1897-07-15,surface_temperature_anomaly_C,-0.35,24N-90N
1897-07-15,surface_temperature_anomaly_C,0.15,24S-24N
1897-07-15,surface_temperature_anomaly_C,-0.23,90S-24S
1897-07-15,surface_temperature_anomaly_C,-0.53,64N-90N
1897-07-15,surface_temperature_anomaly_C,-0.46,44N-64N
1897-07-15,surface_temperature_anomaly_C,-0.24,24N-44N
1897-07-15,surface_temperature_anomaly_C,0.11,EQU-24N
1897-07-15,surface_temperature_anomaly_C,0.19,24S-EQU
1897-07-15,surface_temperature_anomaly_C,-0.19,44S-24S
1897-07-15,surface_temperature_anomaly_C,-0.27,64S-44S
1897-07-15,surface_temperature_anomaly_C,0.43,90S-64S
1898-07-15,surface_temperature_anomaly_C,-0.28,Glob
1898-07-15,surface_temperature_anomaly_C,-0.29,NHem
1898-07-15,surface_temperature_anomaly_C,-0.26,SHem
1898-07-15,surface_temperature_anomaly_C,-0.35,24N-90N
1898-07-15,surface_temperature_anomaly_C,-0.24,24S-24N
1898-07-15,surface_temperature_anomaly_C,-0.26,90S-24S
1898-07-15,surface_temperature_anomaly_C,-1.14,64N-90N
1898-07-15,surface_temperature_anomaly_C,-0.24,44N-64N
1898-07-15,surface_temperature_anomaly_C,-0.23,24N-44N
1898-07-15,surface_temperature_anomaly_C,-0.21,EQU-24N
1898-07-15,surface_temperature_anomaly_C,-0.27,24S-EQU
1898-07-15,surface_temperature_anomaly_C,-0.27,44S-24S
1898-07-15,surface_temperature_anomaly_C,-0.21,64S-44S
1898-07-15,surface_temperature_anomaly_C,0.4,90S-64S
1899-07-15,surface_temperature_anomaly_C,-0.18,Glob
1899-07-15,surface_temperature_anomaly_C,-0.21,NHem
1899-07-15,surface_temperature_anomaly_C,-0.14,SHem
1899-07-15,surface_temperature_anomaly_C,-0.23,24N-90N
1899-07-15,surface_temperature_anomaly_C,-0.13,24S-24N
1899-07-15,surface_temperature_anomaly_C,-0.18,90S-24S
1899-07-15,surface_temperature_anomaly_C,-0.99,64N-90N
1899-07-15,surface_temperature_anomaly_C,-0.09,44N-64N
1899-07-15,surface_temperature_anomaly_C,-0.14,24N-44N
1899-07-15,surface_temperature_anomaly_C,-0.18,EQU-24N
1899-07-15,surface_temperature_anomaly_C,-0.09,24S-EQU
1899-07-15,surface_temperature_anomaly_C,-0.15,44S-24S
1899-07-15,surface_temperature_anomaly_C,-0.22,64S-44S
1899-07-15,surface_temperature_anomaly_C,0.61,90S-64S
1900-07-15,surface_temperature_anomaly_C,-0.09,Glob
1900-07-15,surface_temperature_anomaly_C,-0.1,NHem
1900-07-15,surface_temperature_anomaly_C,-0.07,SHem
1900-07-15,surface_temperature_anomaly_C,-0.2,24N-90N
1900-07-15,surface_temperature_anomaly_C,0.15,24S-24N
1900-07-15,surface_temperature_anomaly_C,-0.3,90S-24S
1900-07-15,surface_temperature_anomaly_C,-0.51,64N-90N
1900-07-15,surface_temperature_anomaly_C,-0.16,44N-64N
1900-07-15,surface_temperature_anomaly_C,-0.15,24N-44N
1900-07-15,surface_temperature_anomaly_C,0.07,EQU-24N
1900-07-15,surface_temperature_anomaly_C,0.24,24S-EQU
1900-07-15,surface_temperature_anomaly_C,-0.28,44S-24S
1900-07-15,surface_temperature_anomaly_C,-0.29,64S-44S
1900-07-15,surface_temperature_anomaly_C,0.3,90S-64S
1901-07-15,surface_temperature_anomaly_C,-0.15,Glob
1901-07-15,surface_temperature_anomaly_C,-0.12,NHem
1901-07-15,surface_temperature_anomaly_C,-0.18,SHem
1901-07-15,surface_temperature_anomaly_C,-0.15,24N-90N
1901-07-15,surface_temperature_anomaly_C,-0.05,24S-24N
1901-07-15,surface_temperature_anomaly_C,-0.3,90S-24S
1901-07-15,surface_temperature_anomaly_C,-0.31,64N-90N
1901-07-15,surface_temperature_anomaly_C,-0.1,44N-64N
1901-07-15,surface_temperature_anomaly_C,-0.15,24N-44N
1901-07-15,surface_temperature_anomaly_C,-0.08,EQU-24N
1901-07-15,surface_temperature_anomaly_C,-0.02,24S-EQU
1901-07-15,surface_temperature_anomaly_C,-0.27,44S-24S
1901-07-15,surface_temperature_anomaly_C,-0.33,64S-44S
1901-07-15,surface_temperature_anomaly_C,0.29,90S-64S
1902-07-15,surface_temperature_anomaly_C,-0.28,Glob
1902-07-15,surface_temperature_anomaly_C,-0.34,NHem
1902-07-15,surface_temperature_anomaly_C,-0.22,SHem
1902-07-15,surface_temperature_anomaly_C,-0.53,24N-90N
1902-07-15,surface_temperature_anomaly_C,-0.05,24S-24N
1902-07-15,surface_temperature_anomaly_C,-0.34,90S-24S
1902-07-15,surface_temperature_anomaly_C,-1.47,64N-90N
1902-07-15,surface_temperature_anomaly_C,-0.5,44N-64N
1902-07-15,surface_temperature_anomaly_C,-0.32,24N-44N
1902-07-15,surface_temperature_anomaly_C,-0.04,EQU-24N
1902-07-15,surface_temperature_anomaly_C,-0.06,24S-EQU
1902-07-15,surface_temperature_anomaly_C,-0.28,44S-24S
1902-07-15,surface_temperature_anomaly_C,-0.43,64S-44S
1902-07-15,surface_temperature_anomaly_C,-0.02,90S-64S
1903-07-15,surface_temperature_anomaly_C,-0.37,Glob
1903-07-15,surface_temperature_anomaly_C,-0.38,NHem
1903-07-15,surface_temperature_anomaly_C,-0.37,SHem
1903-07-15,surface_temperature_anomaly_C,-0.45,24N-90N
1903-07-15,surface_temperature_anomaly_C,-0.3,24S-24N
1903-07-15,surface_temperature_anomaly_C,-0.38,90S-24S
1903-07-15,surface_temperature_anomaly_C,-0.18,64N-90N
1903-07-15,surface_temperature_anomaly_C,-0.41,44N-64N
1903-07-15,surface_temperature_anomaly_C,-0.56,24N-44N
1903-07-15,surface_temperature_anomaly_C,-0.26,EQU-24N
1903-07-15,surface_temperature_anomaly_C,-0.34,24S-EQU
1903-07-15,surface_temperature_anomaly_C,-0.35,44S-24S
1903-07-15,surface_temperature_anomaly_C,-0.4,64S-44S
1903-07-15,surface_temperature_anomaly_C,-0.48,90S-64S
1904-07-15,surface_temperature_anomaly_C,-0.48,Glob
1904-07-15,surface_temperature_anomaly_C,-0.49,NHem
1904-07-15,surface_temperature_anomaly_C,-0.46,SHem
1904-07-15,surface_temperature_anomaly_C,-0.51,24N-90N
1904-07-15,surface_temperature_anomaly_C,-0.48,24S-24N
1904-07-15,surface_temperature_anomaly_C,-0.44,90S-24S
1904-07-15,surface_temperature_anomaly_C,-0.17,64N-90N
1904-07-15,surface_temperature_anomaly_C,-0.6,44N-64N
1904-07-15,surface_temperature_anomaly_C,-0.55,24N-44N
1904-07-15,surface_temperature_anomaly_C,-0.46,EQU-24N
1904-07-15,surface_temperature_anomaly_C,-0.51,24S-EQU
1904-07-15,surface_temperature_anomaly_C,-0.37,44S-24S
1904-07-15,surface_temperature_anomaly_C,-0.49,64S-44S
1904-07-15,surface_temperature_anomaly_C,-1.31,90S-64S
1905-07-15,surface_temperature_anomaly_C,-0.27,Glob
1905-07-15,surface_temperature_anomaly_C,-0.29,NHem
1905-07-15,surface_temperature_anomaly_C,-0.23,SHem
1905-07-15,surface_temperature_anomaly_C,-0.39,24N-90N
1905-07-15,surface_temperature_anomaly_C,-0.1,24S-24N
1905-07-15,surface_temperature_anomaly_C,-0.35,90S-24S
1905-07-15,surface_temperature_anomaly_C,0.0,64N-90N
1905-07-15,surface_temperature_anomaly_C,-0.23,44N-64N
1905-07-15,surface_temperature_anomaly_C,-0.62,24N-44N
1905-07-15,surface_temperature_anomaly_C,-0.13,EQU-24N
1905-07-15,surface_temperature_anomaly_C,-0.07,24S-EQU
1905-07-15,surface_temperature_anomaly_C,-0.33,44S-24S
1905-07-15,surface_temperature_anomaly_C,-0.37,64S-44S
1905-07-15,surface_temperature_anomaly_C,-0.32,90S-64S
1906-07-15,surface_temperature_anomaly_C,-0.23,Glob
1906-07-15,surface_temperature_anomaly_C,-0.23,NHem
1906-07-15,surface_temperature_anomaly_C,-0.22,SHem
1906-07-15,surface_temperature_anomaly_C,-0.24,24N-90N
1906-07-15,surface_temperature_anomaly_C,-0.21,24S-24N
1906-07-15,surface_temperature_anomaly_C,-0.23,90S-24S
1906-07-15,surface_temperature_anomaly_C,-0.23,64N-90N
1906-07-15,surface_temperature_anomaly_C,-0.06,44N-64N
1906-07-15,surface_temperature_anomaly_C,-0.38,24N-44N
1906-07-15,surface_temperature_anomaly_C,-0.22,EQU-24N
1906-07-15,surface_temperature_anomaly_C,-0.2,24S-EQU
1906-07-15,surface_temperature_anomaly_C,-0.2,44S-24S
1906-07-15,surface_temperature_anomaly_C,-0.22,64S-44S
1906-07-15,surface_temperature_anomaly_C,-0.7,90S-64S
1907-07-15,surface_temperature_anomaly_C,-0.39,Glob
1907-07-15,surface_temperature_anomaly_C,-0.47,NHem
1907-07-15,surface_temperature_anomaly_C,-0.31,SHem
1907-07-15,surface_temperature_anomaly_C,-0.58,24N-90N
1907-07-15,surface_temperature_anomaly_C,-0.32,24S-24N
1907-07-15,surface_temperature_anomaly_C,-0.29,90S-24S
1907-07-15,surface_temperature_anomaly_C,-0.54,64N-90N
1907-07-15,surface_temperature_anomaly_C,-0.72,44N-64N
1907-07-15,surface_temperature_anomaly_C,-0.51,24N-44N
1907-07-15,surface_temperature_anomaly_C,-0.31,EQU-24N
1907-07-15,surface_temperature_anomaly_C,-0.33,24S-EQU
1907-07-15,surface_temperature_anomaly_C,-0.21,44S-24S
1907-07-15,surface_temperature_anomaly_C,-0.37,64S-44S
1907-07-15,surface_temperature_anomaly_C,-1.19,90S-64S
1908-07-15,surface_temperature_anomaly_C,-0.43,Glob
1908-07-15,surface_temperature_anomaly_C,-0.45,NHem
1908-07-15,surface_temperature_anomaly_C,-0.41,SHem
1908-07-15,surface_temperature_anomaly_C,-0.47,24N-90N
1908-07-15,surface_temperature_anomaly_C,-0.46,24S-24N
1908-07-15,surface_temperature_anomaly_C,-0.36,90S-24S
1908-07-15,surface_temperature_anomaly_C,-0.2,64N-90N
1908-07-15,surface_temperature_anomaly_C,-0.54,44N-64N
1908-07-15,surface_temperature_anomaly_C,-0.5,24N-44N
1908-07-15,surface_temperature_anomaly_C,-0.44,EQU-24N
1908-07-15,surface_temperature_anomaly_C,-0.48,24S-EQU
1908-07-15,surface_temperature_anomaly_C,-0.29,44S-24S
1908-07-15,surface_temperature_anomaly_C,-0.48,64S-44S
1908-07-15,surface_temperature_anomaly_C,0.69,90S-64S
1909-07-15,surface_temperature_anomaly_C,-0.49,Glob
1909-07-15,surface_temperature_anomaly_C,-0.5,NHem
1909-07-15,surface_temperature_anomaly_C,-0.49,SHem
1909-07-15,surface_temperature_anomaly_C,-0.52,24N-90N
1909-07-15,surface_temperature_anomaly_C,-0.5,24S-24N
1909-07-15,surface_temperature_anomaly_C,-0.44,90S-24S
1909-07-15,surface_temperature_anomaly_C,-0.69,64N-90N
1909-07-15,surface_temperature_anomaly_C,-0.62,44N-64N
1909-07-15,surface_temperature_anomaly_C,-0.43,24N-44N
1909-07-15,surface_temperature_anomaly_C,-0.46,EQU-24N
1909-07-15,surface_temperature_anomaly_C,-0.55,24S-EQU
1909-07-15,surface_temperature_anomaly_C,-0.37,44S-24S
1909-07-15,surface_temperature_anomaly_C,-0.52,64S-44S
1909-07-15,surface_temperature_anomaly_C,-0.56,90S-64S
1910-07-15,surface_temperature_anomaly_C,-0.44,Glob
1910-07-15,surface_temperature_anomaly_C,-0.45,NHem
1910-07-15,surface_temperature_anomaly_C,-0.44,SHem
1910-07-15,surface_temperature_anomaly_C,-0.41,24N-90N
1910-07-15,surface_temperature_anomaly_C,-0.51,24S-24N
1910-07-15,surface_temperature_anomaly_C,-0.38,90S-24S
1910-07-15,surface_temperature_anomaly_C,-0.58,64N-90N
1910-07-15,surface_temperature_anomaly_C,-0.24,44N-64N
1910-07-15,surface_temperature_anomaly_C,-0.48,24N-44N
1910-07-15,surface_temperature_anomaly_C,-0.51,EQU-24N
1910-07-15,surface_temperature_anomaly_C,-0.52,24S-EQU
1910-07-15,surface_temperature_anomaly_C,-0.33,44S-24S
1910-07-15,surface_temperature_anomaly_C,-0.45,64S-44S
1910-07-15,surface_temperature_anomaly_C,0.17,90S-64S
1911-07-15,surface_temperature_anomaly_C,-0.45,Glob
1911-07-15,surface_temperature_anomaly_C,-0.42,NHem
1911-07-15,surface_temperature_anomaly_C,-0.47,SHem
1911-07-15,surface_temperature_anomaly_C,-0.41,24N-90N
1911-07-15,surface_temperature_anomaly_C,-0.45,24S-24N
1911-07-15,surface_temperature_anomaly_C,-0.48,90S-24S
1911-07-15,surface_temperature_anomaly_C,-0.25,64N-90N
1911-07-15,surface_temperature_anomaly_C,-0.41,44N-64N
1911-07-15,surface_temperature_anomaly_C,-0.46,24N-44N
1911-07-15,surface_temperature_anomaly_C,-0.45,EQU-24N
1911-07-15,surface_temperature_anomaly_C,-0.46,24S-EQU
1911-07-15,surface_temperature_anomaly_C,-0.44,44S-24S
1911-07-15,surface_temperature_anomaly_C,-0.52,64S-44S
1911-07-15,surface_temperature_anomaly_C,0.06,90S-64S
1912-07-15,surface_temperature_anomaly_C,-0.37,Glob
1912-07-15,surface_temperature_anomaly_C,-0.47,NHem
1912-07-15,surface_temperature_anomaly_C,-0.26,SHem
1912-07-15,surface_temperature_anomaly_C,-0.59,24N-90N
1912-07-15,surface_temperature_anomaly_C,-0.22,24S-24N
1912-07-15,surface_temperature_anomaly_C,-0.36,90S-24S
1912-07-15,surface_temperature_anomaly_C,-0.48,64N-90N
1912-07-15,surface_temperature_anomaly_C,-0.79,44N-64N
1912-07-15,surface_temperature_anomaly_C,-0.49,24N-44N
1912-07-15,surface_temperature_anomaly_C,-0.3,EQU-24N
1912-07-15,surface_temperature_anomaly_C,-0.13,24S-EQU
1912-07-15,surface_temperature_anomaly_C,-0.37,44S-24S
1912-07-15,surface_temperature_anomaly_C,-0.29,64S-44S
1912-07-15,surface_temperature_anomaly_C,-1.62,90S-64S
1913-07-15,surface_temperature_anomaly_C,-0.35,Glob
1913-07-15,surface_temperature_anomaly_C,-0.42,NHem
1913-07-15,surface_temperature_anomaly_C,-0.28,SHem
1913-07-15,surface_temperature_anomaly_C,-0.43,24N-90N
1913-07-15,surface_temperature_anomaly_C,-0.3,24S-24N
1913-07-15,surface_temperature_anomaly_C,-0.35,90S-24S
1913-07-15,surface_temperature_anomaly_C,-0.45,64N-90N
1913-07-15,surface_temperature_anomaly_C,-0.33,44N-64N
1913-07-15,surface_temperature_anomaly_C,-0.5,24N-44N
1913-07-15,surface_temperature_anomaly_C,-0.42,EQU-24N
1913-07-15,surface_temperature_anomaly_C,-0.18,24S-EQU
1913-07-15,surface_temperature_anomaly_C,-0.28,44S-24S
1913-07-15,surface_temperature_anomaly_C,-0.4,64S-44S
1913-07-15,surface_temperature_anomaly_C,-1.03,90S-64S
1914-07-15,surface_temperature_anomaly_C,-0.16,Glob
1914-07-15,surface_temperature_anomaly_C,-0.19,NHem
1914-07-15,surface_temperature_anomaly_C,-0.13,SHem
1914-07-15,surface_temperature_anomaly_C,-0.24,24N-90N
1914-07-15,surface_temperature_anomaly_C,-0.1,24S-24N
1914-07-15,surface_temperature_anomaly_C,-0.17,90S-24S
1914-07-15,surface_temperature_anomaly_C,-0.32,64N-90N
1914-07-15,surface_temperature_anomaly_C,-0.16,44N-64N
1914-07-15,surface_temperature_anomaly_C,-0.28,24N-44N
1914-07-15,surface_temperature_anomaly_C,-0.13,EQU-24N
1914-07-15,surface_temperature_anomaly_C,-0.07,24S-EQU
1914-07-15,surface_temperature_anomaly_C,-0.15,44S-24S
1914-07-15,surface_temperature_anomaly_C,-0.18,64S-44S
1914-07-15,surface_temperature_anomaly_C,-0.35,90S-64S
1915-07-15,surface_temperature_anomaly_C,-0.15,Glob
1915-07-15,surface_temperature_anomaly_C,-0.14,NHem
1915-07-15,surface_temperature_anomaly_C,-0.15,SHem
1915-07-15,surface_temperature_anomaly_C,-0.22,24N-90N
1915-07-15,surface_temperature_anomaly_C,-0.04,24S-24N
1915-07-15,surface_temperature_anomaly_C,-0.22,90S-24S
1915-07-15,surface_temperature_anomaly_C,-0.56,64N-90N
1915-07-15,surface_temperature_anomaly_C,-0.16,44N-64N
1915-07-15,surface_temperature_anomaly_C,-0.18,24N-44N
1915-07-15,surface_temperature_anomaly_C,-0.02,EQU-24N
1915-07-15,surface_temperature_anomaly_C,-0.05,24S-EQU
1915-07-15,surface_temperature_anomaly_C,-0.15,44S-24S
1915-07-15,surface_temperature_anomaly_C,-0.23,64S-44S
1915-07-15,surface_temperature_anomaly_C,-1.97,90S-64S
1916-07-15,surface_temperature_anomaly_C,-0.36,Glob
1916-07-15,surface_temperature_anomaly_C,-0.42,NHem
1916-07-15,surface_temperature_anomaly_C,-0.32,SHem
1916-07-15,surface_temperature_anomaly_C,-0.36,24N-90N
1916-07-15,surface_temperature_anomaly_C,-0.47,24S-24N
1916-07-15,surface_temperature_anomaly_C,-0.23,90S-24S
1916-07-15,surface_temperature_anomaly_C,-0.48,64N-90N
1916-07-15,surface_temperature_anomaly_C,-0.54,44N-64N
1916-07-15,surface_temperature_anomaly_C,-0.23,24N-44N
1916-07-15,surface_temperature_anomaly_C,-0.51,EQU-24N
1916-07-15,surface_temperature_anomaly_C,-0.43,24S-EQU
1916-07-15,surface_temperature_anomaly_C,-0.23,44S-24S
1916-07-15,surface_temperature_anomaly_C,-0.17,64S-44S
1916-07-15,surface_temperature_anomaly_C,-1.04,90S-64S
1917-07-15,surface_temperature_anomaly_C,-0.46,Glob
1917-07-15,surface_temperature_anomaly_C,-0.57,NHem
1917-07-15,surface_temperature_anomaly_C,-0.37,SHem
1917-07-15,surface_temperature_anomaly_C,-0.49,24N-90N
1917-07-15,surface_temperature_anomaly_C,-0.65,24S-24N
1917-07-15,surface_temperature_anomaly_C,-0.19,90S-24S
1917-07-15,surface_temperature_anomaly_C,-0.77,64N-90N
1917-07-15,surface_temperature_anomaly_C,-0.5,44N-64N
1917-07-15,surface_temperature_anomaly_C,-0.42,24N-44N
1917-07-15,surface_temperature_anomaly_C,-0.7,EQU-24N
1917-07-15,surface_temperature_anomaly_C,-0.6,24S-EQU
1917-07-15,surface_temperature_anomaly_C,-0.23,44S-24S
1917-07-15,surface_temperature_anomaly_C,-0.09,64S-44S
1917-07-15,surface_temperature_anomaly_C,0.07,90S-64S
1918-07-15,surface_temperature_anomaly_C,-0.3,Glob
1918-07-15,surface_temperature_anomaly_C,-0.4,NHem
1918-07-15,surface_temperature_anomaly_C,-0.21,SHem
1918-07-15,surface_temperature_anomaly_C,-0.4,24N-90N
1918-07-15,surface_temperature_anomaly_C,-0.36,24S-24N
1918-07-15,surface_temperature_anomaly_C,-0.14,90S-24S
1918-07-15,surface_temperature_anomaly_C,-0.97,64N-90N
1918-07-15,surface_temperature_anomaly_C,-0.27,44N-64N
1918-07-15,surface_temperature_anomaly_C,-0.34,24N-44N
1918-07-15,surface_temperature_anomaly_C,-0.4,EQU-24N
1918-07-15,surface_temperature_anomaly_C,-0.32,24S-EQU
1918-07-15,surface_temperature_anomaly_C,-0.06,44S-24S
1918-07-15,surface_temperature_anomaly_C,-0.23,64S-44S
1918-07-15,surface_temperature_anomaly_C,-0.27,90S-64S
1919-07-15,surface_temperature_anomaly_C,-0.28,Glob
1919-07-15,surface_temperature_anomaly_C,-0.35,NHem
1919-07-15,surface_temperature_anomaly_C,-0.21,SHem
1919-07-15,surface_temperature_anomaly_C,-0.42,24N-90N
1919-07-15,surface_temperature_anomaly_C,-0.22,24S-24N
1919-07-15,surface_temperature_anomaly_C,-0.22,90S-24S
1919-07-15,surface_temperature_anomaly_C,-0.66,64N-90N
1919-07-15,surface_temperature_anomaly_C,-0.55,44N-64N
1919-07-15,surface_temperature_anomaly_C,-0.29,24N-44N
1919-07-15,surface_temperature_anomaly_C,-0.24,EQU-24N
1919-07-15,surface_temperature_anomaly_C,-0.2,24S-EQU
1919-07-15,surface_temperature_anomaly_C,-0.15,44S-24S
1919-07-15,surface_temperature_anomaly_C,-0.32,64S-44S
1919-07-15,surface_temperature_anomaly_C,0.21,90S-64S
1920-07-15,surface_temperature_anomaly_C,-0.28,Glob
1920-07-15,surface_temperature_anomaly_C,-0.3,NHem
1920-07-15,surface_temperature_anomaly_C,-0.25,SHem
1920-07-15,surface_temperature_anomaly_C,-0.24,24N-90N
1920-07-15,surface_temperature_anomaly_C,-0.28,24S-24N
1920-07-15,surface_temperature_anomaly_C,-0.32,90S-24S
1920-07-15,surface_temperature_anomaly_C,0.01,64N-90N
1920-07-15,surface_temperature_anomaly_C,-0.2,44N-64N
1920-07-15,surface_temperature_anomaly_C,-0.34,24N-44N
1920-07-15,surface_temperature_anomaly_C,-0.39,EQU-24N
1920-07-15,surface_temperature_anomaly_C,-0.16,24S-EQU
1920-07-15,surface_temperature_anomaly_C,-0.19,44S-24S
1920-07-15,surface_temperature_anomaly_C,-0.48,64S-44S
1920-07-15,surface_temperature_anomaly_C,-1.13,90S-64S
1921-07-15,surface_temperature_anomaly_C,-0.19,Glob
1921-07-15,surface_temperature_anomaly_C,-0.11,NHem
1921-07-15,surface_temperature_anomaly_C,-0.28,SHem
1921-07-15,surface_temperature_anomaly_C,0.02,24N-90N
1921-07-15,surface_temperature_anomaly_C,-0.27,24S-24N
1921-07-15,surface_temperature_anomaly_C,-0.31,90S-24S
1921-07-15,surface_temperature_anomaly_C,0.01,64N-90N
1921-07-15,surface_temperature_anomaly_C,0.17,44N-64N
1921-07-15,surface_temperature_anomaly_C,-0.08,24N-44N
1921-07-15,surface_temperature_anomaly_C,-0.3,EQU-24N
1921-07-15,surface_temperature_anomaly_C,-0.24,24S-EQU
1921-07-15,surface_temperature_anomaly_C,-0.23,44S-24S
1921-07-15,surface_temperature_anomaly_C,-0.38,64S-44S
1921-07-15,surface_temperature_anomaly_C,-0.83,90S-64S
1922-07-15,surface_temperature_anomaly_C,-0.29,Glob
1922-07-15,surface_temperature_anomaly_C,-0.27,NHem
1922-07-15,surface_temperature_anomaly_C,-0.3,SHem
1922-07-15,surface_temperature_anomaly_C,-0.23,24N-90N
1922-07-15,surface_temperature_anomaly_C,-0.34,24S-24N
1922-07-15,surface_temperature_anomaly_C,-0.27,90S-24S
1922-07-15,surface_temperature_anomaly_C,-0.25,64N-90N
1922-07-15,surface_temperature_anomaly_C,-0.4,44N-64N
1922-07-15,surface_temperature_anomaly_C,-0.13,24N-44N
1922-07-15,surface_temperature_anomaly_C,-0.34,EQU-24N
1922-07-15,surface_temperature_anomaly_C,-0.34,24S-EQU
1922-07-15,surface_temperature_anomaly_C,-0.24,44S-24S
1922-07-15,surface_temperature_anomaly_C,-0.28,64S-44S
1922-07-15,surface_temperature_anomaly_C,-0.27,90S-64S
1923-07-15,surface_temperature_anomaly_C,-0.27,Glob
1923-07-15,surface_temperature_anomaly_C,-0.22,NHem
1923-07-15,surface_temperature_anomaly_C,-0.31,SHem
1923-07-15,surface_temperature_anomaly_C,-0.14,24N-90N
1923-07-15,surface_temperature_anomaly_C,-0.31,24S-24N
1923-07-15,surface_temperature_anomaly_C,-0.34,90S-24S
1923-07-15,surface_temperature_anomaly_C,0.22,64N-90N
1923-07-15,surface_temperature_anomaly_C,-0.15,44N-64N
1923-07-15,surface_temperature_anomaly_C,-0.25,24N-44N
1923-07-15,surface_temperature_anomaly_C,-0.33,EQU-24N
1923-07-15,surface_temperature_anomaly_C,-0.29,24S-EQU
1923-07-15,surface_temperature_anomaly_C,-0.27,44S-24S
1923-07-15,surface_temperature_anomaly_C,-0.41,64S-44S
1923-07-15,surface_temperature_anomaly_C,-0.53,90S-64S
1924-07-15,surface_temperature_anomaly_C,-0.27,Glob
1924-07-15,surface_temperature_anomaly_C,-0.18,NHem
1924-07-15,surface_temperature_anomaly_C,-0.36,SHem
1924-07-15,surface_temperature_anomaly_C,-0.12,24N-90N
1924-07-15,surface_temperature_anomaly_C,-0.27,24S-24N
1924-07-15,surface_temperature_anomaly_C,-0.43,90S-24S
1924-07-15,surface_temperature_anomaly_C,0.55,64N-90N
1924-07-15,surface_temperature_anomaly_C,-0.25,44N-64N
1924-07-15,surface_temperature_anomaly_C,-0.23,24N-44N
1924-07-15,surface_temperature_anomaly_C,-0.28,EQU-24N
1924-07-15,surface_temperature_anomaly_C,-0.26,24S-EQU
1924-07-15,surface_temperature_anomaly_C,-0.4,44S-24S
1924-07-15,surface_temperature_anomaly_C,-0.45,64S-44S
1924-07-15,surface_temperature_anomaly_C,-0.52,90S-64S
1925-07-15,surface_temperature_anomaly_C,-0.22,Glob
1925-07-15,surface_temperature_anomaly_C,-0.14,NHem
1925-07-15,surface_temperature_anomaly_C,-0.3,SHem
1925-07-15,surface_temperature_anomaly_C,-0.03,24N-90N
1925-07-15,surface_temperature_anomaly_C,-0.25,24S-24N
1925-07-15,surface_temperature_anomaly_C,-0.37,90S-24S
1925-07-15,surface_temperature_anomaly_C,-0.03,64N-90N
1925-07-15,surface_temperature_anomaly_C,0.18,44N-64N
1925-07-15,surface_temperature_anomaly_C,-0.18,24N-44N
1925-07-15,surface_temperature_anomaly_C,-0.29,EQU-24N
1925-07-15,surface_temperature_anomaly_C,-0.21,24S-EQU
1925-07-15,surface_temperature_anomaly_C,-0.25,44S-24S
1925-07-15,surface_temperature_anomaly_C,-0.55,64S-44S
1925-07-15,surface_temperature_anomaly_C,-0.85,90S-64S
1926-07-15,surface_temperature_anomaly_C,-0.11,Glob
1926-07-15,surface_temperature_anomaly_C,0.01,NHem
1926-07-15,surface_temperature_anomaly_C,-0.22,SHem
1926-07-15,surface_temperature_anomaly_C,0.03,24N-90N
1926-07-15,surface_temperature_anomaly_C,0.0,24S-24N
1926-07-15,surface_temperature_anomaly_C,-0.4,90S-24S
1926-07-15,surface_temperature_anomaly_C,0.58,64N-90N
1926-07-15,surface_temperature_anomaly_C,0.16,44N-64N
1926-07-15,surface_temperature_anomaly_C,-0.22,24N-44N
1926-07-15,surface_temperature_anomaly_C,-0.01,EQU-24N
1926-07-15,surface_temperature_anomaly_C,0.01,24S-EQU
1926-07-15,surface_temperature_anomaly_C,-0.35,44S-24S
1926-07-15,surface_temperature_anomaly_C,-0.45,64S-44S
1926-07-15,surface_temperature_anomaly_C,-0.62,90S-64S
1927-07-15,surface_temperature_anomaly_C,-0.22,Glob
1927-07-15,surface_temperature_anomaly_C,-0.14,NHem
1927-07-15,surface_temperature_anomaly_C,-0.3,SHem
1927-07-15,surface_temperature_anomaly_C,-0.12,24N-90N
1927-07-15,surface_temperature_anomaly_C,-0.17,24S-24N
1927-07-15,surface_temperature_anomaly_C,-0.38,90S-24S
1927-07-15,surface_temperature_anomaly_C,0.04,64N-90N
1927-07-15,surface_temperature_anomaly_C,-0.21,44N-64N
1927-07-15,surface_temperature_anomaly_C,-0.12,24N-44N
1927-07-15,surface_temperature_anomaly_C,-0.15,EQU-24N
1927-07-15,surface_temperature_anomaly_C,-0.19,24S-EQU
1927-07-15,surface_temperature_anomaly_C,-0.31,44S-24S
1927-07-15,surface_temperature_anomaly_C,-0.45,64S-44S
1927-07-15,surface_temperature_anomaly_C,-1.37,90S-64S
1928-07-15,surface_temperature_anomaly_C,-0.2,Glob
1928-07-15,surface_temperature_anomaly_C,-0.1,NHem
1928-07-15,surface_temperature_anomaly_C,-0.29,SHem
1928-07-15,surface_temperature_anomaly_C,-0.07,24N-90N
1928-07-15,surface_temperature_anomaly_C,-0.16,24S-24N
1928-07-15,surface_temperature_anomaly_C,-0.39,90S-24S
1928-07-15,surface_temperature_anomaly_C,0.67,64N-90N
1928-07-15,surface_temperature_anomaly_C,-0.17,44N-64N
1928-07-15,surface_temperature_anomaly_C,-0.22,24N-44N
1928-07-15,surface_temperature_anomaly_C,-0.16,EQU-24N
1928-07-15,surface_temperature_anomaly_C,-0.17,24S-EQU
1928-07-15,surface_temperature_anomaly_C,-0.29,44S-24S
1928-07-15,surface_temperature_anomaly_C,-0.48,64S-44S
1928-07-15,surface_temperature_anomaly_C,-2.11,90S-64S
1929-07-15,surface_temperature_anomaly_C,-0.36,Glob
1929-07-15,surface_temperature_anomaly_C,-0.34,NHem
1929-07-15,surface_temperature_anomaly_C,-0.38,SHem
1929-07-15,surface_temperature_anomaly_C,-0.37,24N-90N
1929-07-15,surface_temperature_anomaly_C,-0.29,24S-24N
1929-07-15,surface_temperature_anomaly_C,-0.45,90S-24S
1929-07-15,surface_temperature_anomaly_C,0.13,64N-90N
1929-07-15,surface_temperature_anomaly_C,-0.61,44N-64N
1929-07-15,surface_temperature_anomaly_C,-0.38,24N-44N
1929-07-15,surface_temperature_anomaly_C,-0.28,EQU-24N
1929-07-15,surface_temperature_anomaly_C,-0.3,24S-EQU
1929-07-15,surface_temperature_anomaly_C,-0.43,44S-24S
1929-07-15,surface_temperature_anomaly_C,-0.44,64S-44S
1929-07-15,surface_temperature_anomaly_C,-1.07,90S-64S
1930-07-15,surface_temperature_anomaly_C,-0.16,Glob
1930-07-15,surface_temperature_anomaly_C,-0.01,NHem
1930-07-15,surface_temperature_anomaly_C,-0.29,SHem
1930-07-15,surface_temperature_anomaly_C,0.04,24N-90N
1930-07-15,surface_temperature_anomaly_C,-0.12,24S-24N
1930-07-15,surface_temperature_anomaly_C,-0.42,90S-24S
1930-07-15,surface_temperature_anomaly_C,0.51,64N-90N
1930-07-15,surface_temperature_anomaly_C,0.05,44N-64N
1930-07-15,surface_temperature_anomaly_C,-0.1,24N-44N
1930-07-15,surface_temperature_anomaly_C,-0.1,EQU-24N
1930-07-15,surface_temperature_anomaly_C,-0.14,24S-EQU
1930-07-15,surface_temperature_anomaly_C,-0.33,44S-24S
1930-07-15,surface_temperature_anomaly_C,-0.47,64S-44S
1930-07-15,surface_temperature_anomaly_C,-2.58,90S-64S
1931-07-15,surface_temperature_anomaly_C,-0.1,Glob
1931-07-15,surface_temperature_anomaly_C,0.05,NHem
1931-07-15,surface_temperature_anomaly_C,-0.22,SHem
1931-07-15,surface_temperature_anomaly_C,0.01,24N-90N
1931-07-15,surface_temperature_anomaly_C,0.07,24S-24N
1931-07-15,surface_temperature_anomaly_C,-0.42,90S-24S
1931-07-15,surface_temperature_anomaly_C,0.57,64N-90N
1931-07-15,surface_temperature_anomaly_C,-0.03,44N-64N
1931-07-15,surface_temperature_anomaly_C,-0.14,24N-44N
1931-07-15,surface_temperature_anomaly_C,0.1,EQU-24N
1931-07-15,surface_temperature_anomaly_C,0.04,24S-EQU
1931-07-15,surface_temperature_anomaly_C,-0.42,44S-24S
1931-07-15,surface_temperature_anomaly_C,-0.4,64S-44S
1931-07-15,surface_temperature_anomaly_C,-0.4,90S-64S
1932-07-15,surface_temperature_anomaly_C,-0.16,Glob
1932-07-15,surface_temperature_anomaly_C,-0.06,NHem
1932-07-15,surface_temperature_anomaly_C,-0.26,SHem
1932-07-15,surface_temperature_anomaly_C,0.03,24N-90N
1932-07-15,surface_temperature_anomaly_C,-0.17,24S-24N
1932-07-15,surface_temperature_anomaly_C,-0.34,90S-24S
1932-07-15,surface_temperature_anomaly_C,0.46,64N-90N
1932-07-15,surface_temperature_anomaly_C,0.2,44N-64N
1932-07-15,surface_temperature_anomaly_C,-0.21,24N-44N
1932-07-15,surface_temperature_anomaly_C,-0.19,EQU-24N
1932-07-15,surface_temperature_anomaly_C,-0.15,24S-EQU
1932-07-15,surface_temperature_anomaly_C,-0.21,44S-24S
1932-07-15,surface_temperature_anomaly_C,-0.53,64S-44S
1932-07-15,surface_temperature_anomaly_C,-0.98,90S-64S
1933-07-15,surface_temperature_anomaly_C,-0.29,Glob
1933-07-15,surface_temperature_anomaly_C,-0.26,NHem
1933-07-15,surface_temperature_anomaly_C,-0.32,SHem
1933-07-15,surface_temperature_anomaly_C,-0.24,24N-90N
1933-07-15,surface_temperature_anomaly_C,-0.29,24S-24N
1933-07-15,surface_temperature_anomaly_C,-0.34,90S-24S
1933-07-15,surface_temperature_anomaly_C,-0.15,64N-90N
1933-07-15,surface_temperature_anomaly_C,-0.46,44N-64N
1933-07-15,surface_temperature_anomaly_C,-0.12,24N-44N
1933-07-15,surface_temperature_anomaly_C,-0.29,EQU-24N
1933-07-15,surface_temperature_anomaly_C,-0.29,24S-EQU
1933-07-15,surface_temperature_anomaly_C,-0.22,44S-24S
1933-07-15,surface_temperature_anomaly_C,-0.48,64S-44S
1933-07-15,surface_temperature_anomaly_C,-1.14,90S-64S
1934-07-15,surface_temperature_anomaly_C,-0.13,Glob
1934-07-15,surface_temperature_anomaly_C,-0.01,NHem
1934-07-15,surface_temperature_anomaly_C,-0.25,SHem
1934-07-15,surface_temperature_anomaly_C,0.18,24N-90N
1934-07-15,surface_temperature_anomaly_C,-0.26,24S-24N
1934-07-15,surface_temperature_anomaly_C,-0.26,90S-24S
1934-07-15,surface_temperature_anomaly_C,0.89,64N-90N
1934-07-15,surface_temperature_anomaly_C,0.31,44N-64N
1934-07-15,surface_temperature_anomaly_C,-0.13,24N-44N
1934-07-15,surface_temperature_anomaly_C,-0.27,EQU-24N
1934-07-15,surface_temperature_anomaly_C,-0.25,24S-EQU
1934-07-15,surface_temperature_anomaly_C,-0.15,44S-24S
1934-07-15,surface_temperature_anomaly_C,-0.38,64S-44S
1934-07-15,surface_temperature_anomaly_C,-0.56,90S-64S
1935-07-15,surface_temperature_anomaly_C,-0.2,Glob
1935-07-15,surface_temperature_anomaly_C,-0.1,NHem
1935-07-15,surface_temperature_anomaly_C,-0.3,SHem
1935-07-15,surface_temperature_anomaly_C,-0.05,24N-90N
1935-07-15,surface_temperature_anomaly_C,-0.19,24S-24N
1935-07-15,surface_temperature_anomaly_C,-0.37,90S-24S
1935-07-15,surface_temperature_anomaly_C,0.33,64N-90N
1935-07-15,surface_temperature_anomaly_C,-0.04,44N-64N
1935-07-15,surface_temperature_anomaly_C,-0.16,24N-44N
1935-07-15,surface_temperature_anomaly_C,-0.18,EQU-24N
1935-07-15,surface_temperature_anomaly_C,-0.21,24S-EQU
1935-07-15,surface_temperature_anomaly_C,-0.3,44S-24S
1935-07-15,surface_temperature_anomaly_C,-0.41,64S-44S
1935-07-15,surface_temperature_anomaly_C,-1.7,90S-64S
1936-07-15,surface_temperature_anomaly_C,-0.15,Glob
1936-07-15,surface_temperature_anomaly_C,-0.04,NHem
1936-07-15,surface_temperature_anomaly_C,-0.26,SHem
1936-07-15,surface_temperature_anomaly_C,-0.02,24N-90N
1936-07-15,surface_temperature_anomaly_C,-0.14,24S-24N
1936-07-15,surface_temperature_anomaly_C,-0.3,90S-24S
1936-07-15,surface_temperature_anomaly_C,0.41,64N-90N
1936-07-15,surface_temperature_anomaly_C,0.11,44N-64N
1936-07-15,surface_temperature_anomaly_C,-0.26,24N-44N
1936-07-15,surface_temperature_anomaly_C,-0.06,EQU-24N
1936-07-15,surface_temperature_anomaly_C,-0.22,24S-EQU
1936-07-15,surface_temperature_anomaly_C,-0.26,44S-24S
1936-07-15,surface_temperature_anomaly_C,-0.33,64S-44S
1936-07-15,surface_temperature_anomaly_C,-0.02,90S-64S
1937-07-15,surface_temperature_anomaly_C,-0.03,Glob
1937-07-15,surface_temperature_anomaly_C,0.12,NHem
1937-07-15,surface_temperature_anomaly_C,-0.18,SHem
1937-07-15,surface_temperature_anomaly_C,0.2,24N-90N
1937-07-15,surface_temperature_anomaly_C,-0.06,24S-24N
1937-07-15,surface_temperature_anomaly_C,-0.22,90S-24S
1937-07-15,surface_temperature_anomaly_C,1.23,64N-90N
1937-07-15,surface_temperature_anomaly_C,0.03,44N-64N
1937-07-15,surface_temperature_anomaly_C,-0.03,24N-44N
1937-07-15,surface_temperature_anomaly_C,0.0,EQU-24N
1937-07-15,surface_temperature_anomaly_C,-0.12,24S-EQU
1937-07-15,surface_temperature_anomaly_C,-0.19,44S-24S
1937-07-15,surface_temperature_anomaly_C,-0.25,64S-44S
1937-07-15,surface_temperature_anomaly_C,0.37,90S-64S
1938-07-15,surface_temperature_anomaly_C,0.0,Glob
1938-07-15,surface_temperature_anomaly_C,0.16,NHem
1938-07-15,surface_temperature_anomaly_C,-0.18,SHem
1938-07-15,surface_temperature_anomaly_C,0.39,24N-90N
1938-07-15,surface_temperature_anomaly_C,-0.23,24S-24N
1938-07-15,surface_temperature_anomaly_C,-0.09,90S-24S
1938-07-15,surface_temperature_anomaly_C,1.53,64N-90N
1938-07-15,surface_temperature_anomaly_C,0.39,44N-64N
1938-07-15,surface_temperature_anomaly_C,0.02,24N-44N
1938-07-15,surface_temperature_anomaly_C,-0.19,EQU-24N
1938-07-15,surface_temperature_anomaly_C,-0.28,24S-EQU
1938-07-15,surface_temperature_anomaly_C,-0.06,44S-24S
1938-07-15,surface_temperature_anomaly_C,-0.11,64S-44S
1938-07-15,surface_temperature_anomaly_C,-0.85,90S-64S
1939-07-15,surface_temperature_anomaly_C,-0.02,Glob
1939-07-15,surface_temperature_anomaly_C,0.08,NHem
1939-07-15,surface_temperature_anomaly_C,-0.13,SHem
1939-07-15,surface_temperature_anomaly_C,0.22,24N-90N
1939-07-15,surface_temperature_anomaly_C,-0.13,24S-24N
1939-07-15,surface_temperature_anomaly_C,-0.12,90S-24S
1939-07-15,surface_temperature_anomaly_C,0.56,64N-90N
1939-07-15,surface_temperature_anomaly_C,0.29,44N-64N
1939-07-15,surface_temperature_anomaly_C,0.08,24N-44N
1939-07-15,surface_temperature_anomaly_C,-0.13,EQU-24N
1939-07-15,surface_temperature_anomaly_C,-0.14,24S-EQU
1939-07-15,surface_temperature_anomaly_C,-0.04,44S-24S
1939-07-15,surface_temperature_anomaly_C,-0.18,64S-44S
1939-07-15,surface_temperature_anomaly_C,-1.59,90S-64S
1940-07-15,surface_temperature_anomaly_C,0.12,Glob
1940-07-15,surface_temperature_anomaly_C,0.16,NHem
1940-07-15,surface_temperature_anomaly_C,0.09,SHem
1940-07-15,surface_temperature_anomaly_C,0.11,24N-90N
1940-07-15,surface_temperature_anomaly_C,0.26,24S-24N
1940-07-15,surface_temperature_anomaly_C,-0.07,90S-24S
1940-07-15,surface_temperature_anomaly_C,0.99,64N-90N
1940-07-15,surface_temperature_anomaly_C,-0.02,44N-64N
1940-07-15,surface_temperature_anomaly_C,-0.1,24N-44N
1940-07-15,surface_temperature_anomaly_C,0.25,EQU-24N
1940-07-15,surface_temperature_anomaly_C,0.28,24S-EQU
1940-07-15,surface_temperature_anomaly_C,0.03,44S-24S
1940-07-15,surface_temperature_anomaly_C,-0.2,64S-44S
1940-07-15,surface_temperature_anomaly_C,-0.04,90S-64S
1941-07-15,surface_temperature_anomaly_C,0.18,Glob
1941-07-15,surface_temperature_anomaly_C,0.22,NHem
1941-07-15,surface_temperature_anomaly_C,0.16,SHem
1941-07-15,surface_temperature_anomaly_C,0.01,24N-90N
1941-07-15,surface_temperature_anomaly_C,0.47,24S-24N
1941-07-15,surface_temperature_anomaly_C,-0.05,90S-24S
1941-07-15,surface_temperature_anomaly_C,0.02,64N-90N
1941-07-15,surface_temperature_anomaly_C,-0.09,44N-64N
1941-07-15,surface_temperature_anomaly_C,0.08,24N-44N
1941-07-15,surface_temperature_anomaly_C,0.52,EQU-24N
1941-07-15,surface_temperature_anomaly_C,0.43,24S-EQU
1941-07-15,surface_temperature_anomaly_C,0.03,44S-24S
1941-07-15,surface_temperature_anomaly_C,-0.15,64S-44S
1941-07-15,surface_temperature_anomaly_C,-0.46,90S-64S
1942-07-15,surface_temperature_anomaly_C,0.06,Glob
1942-07-15,surface_temperature_anomaly_C,0.12,NHem
1942-07-15,surface_temperature_anomaly_C,0.0,SHem
1942-07-15,surface_temperature_anomaly_C,0.13,24N-90N
1942-07-15,surface_temperature_anomaly_C,0.07,24S-24N
1942-07-15,surface_temperature_anomaly_C,-0.01,90S-24S
1942-07-15,surface_temperature_anomaly_C,0.72,64N-90N
1942-07-15,surface_temperature_anomaly_C,-0.07,44N-64N
1942-07-15,surface_temperature_anomaly_C,0.06,24N-44N
1942-07-15,surface_temperature_anomaly_C,0.1,EQU-24N
1942-07-15,surface_temperature_anomaly_C,0.03,24S-EQU
1942-07-15,surface_temperature_anomaly_C,0.05,44S-24S
1942-07-15,surface_temperature_anomaly_C,-0.05,64S-44S
1942-07-15,surface_temperature_anomaly_C,-0.89,90S-64S
1943-07-15,surface_temperature_anomaly_C,0.09,Glob
1943-07-15,surface_temperature_anomaly_C,0.18,NHem
1943-07-15,surface_temperature_anomaly_C,-0.01,SHem
1943-07-15,surface_temperature_anomaly_C,0.37,24N-90N
1943-07-15,surface_temperature_anomaly_C,-0.09,24S-24N
1943-07-15,surface_temperature_anomaly_C,0.04,90S-24S
1943-07-15,surface_temperature_anomaly_C,1.43,64N-90N
1943-07-15,surface_temperature_anomaly_C,0.28,44N-64N
1943-07-15,surface_temperature_anomaly_C,0.11,24N-44N
1943-07-15,surface_temperature_anomaly_C,-0.11,EQU-24N
1943-07-15,surface_temperature_anomaly_C,-0.07,24S-EQU
1943-07-15,surface_temperature_anomaly_C,0.07,44S-24S
1943-07-15,surface_temperature_anomaly_C,0.0,64S-44S
1943-07-15,surface_temperature_anomaly_C,1.15,90S-64S
1944-07-15,surface_temperature_anomaly_C,0.2,Glob
1944-07-15,surface_temperature_anomaly_C,0.27,NHem
1944-07-15,surface_temperature_anomaly_C,0.14,SHem
1944-07-15,surface_temperature_anomaly_C,0.38,24N-90N
1944-07-15,surface_temperature_anomaly_C,0.18,24S-24N
1944-07-15,surface_temperature_anomaly_C,0.05,90S-24S
1944-07-15,surface_temperature_anomaly_C,1.18,64N-90N
1944-07-15,surface_temperature_anomaly_C,0.47,44N-64N
1944-07-15,surface_temperature_anomaly_C,0.09,24N-44N
1944-07-15,surface_temperature_anomaly_C,0.1,EQU-24N
1944-07-15,surface_temperature_anomaly_C,0.26,24S-EQU
1944-07-15,surface_temperature_anomaly_C,0.18,44S-24S
1944-07-15,surface_temperature_anomaly_C,-0.09,64S-44S
1944-07-15,surface_temperature_anomaly_C,-0.97,90S-64S
1945-07-15,surface_temperature_anomaly_C,0.09,Glob
1945-07-15,surface_temperature_anomaly_C,0.11,NHem
1945-07-15,surface_temperature_anomaly_C,0.09,SHem
1945-07-15,surface_temperature_anomaly_C,0.12,24N-90N
1945-07-15,surface_temperature_anomaly_C,0.17,24S-24N
1945-07-15,surface_temperature_anomaly_C,-0.03,90S-24S
1945-07-15,surface_temperature_anomaly_C,0.66,64N-90N
1945-07-15,surface_temperature_anomaly_C,-0.02,44N-64N
1945-07-15,surface_temperature_anomaly_C,0.04,24N-44N
1945-07-15,surface_temperature_anomaly_C,0.1,EQU-24N
1945-07-15,surface_temperature_anomaly_C,0.24,24S-EQU
1945-07-15,surface_temperature_anomaly_C,0.04,44S-24S
1945-07-15,surface_temperature_anomaly_C,0.0,64S-44S
1945-07-15,surface_temperature_anomaly_C,-1.81,90S-64S
1946-07-15,surface_temperature_anomaly_C,-0.07,Glob
1946-07-15,surface_temperature_anomaly_C,0.03,NHem
1946-07-15,surface_temperature_anomaly_C,-0.17,SHem
1946-07-15,surface_temperature_anomaly_C,0.06,24N-90N
1946-07-15,surface_temperature_anomaly_C,-0.05,24S-24N
1946-07-15,surface_temperature_anomaly_C,-0.24,90S-24S
1946-07-15,surface_temperature_anomaly_C,-0.03,64N-90N
1946-07-15,surface_temperature_anomaly_C,-0.05,44N-64N
1946-07-15,surface_temperature_anomaly_C,0.17,24N-44N
1946-07-15,surface_temperature_anomaly_C,-0.02,EQU-24N
1946-07-15,surface_temperature_anomaly_C,-0.07,24S-EQU
1946-07-15,surface_temperature_anomaly_C,-0.22,44S-24S
1946-07-15,surface_temperature_anomaly_C,-0.24,64S-44S
1946-07-15,surface_temperature_anomaly_C,-0.21,90S-64S
1947-07-15,surface_temperature_anomaly_C,-0.03,Glob
1947-07-15,surface_temperature_anomaly_C,0.08,NHem
1947-07-15,surface_temperature_anomaly_C,-0.14,SHem
1947-07-15,surface_temperature_anomaly_C,0.16,24N-90N
1947-07-15,surface_temperature_anomaly_C,-0.06,24S-24N
1947-07-15,surface_temperature_anomaly_C,-0.16,90S-24S
1947-07-15,surface_temperature_anomaly_C,1.07,64N-90N
1947-07-15,surface_temperature_anomaly_C,-0.13,44N-64N
1947-07-15,surface_temperature_anomaly_C,0.05,24N-44N
1947-07-15,surface_temperature_anomaly_C,-0.03,EQU-24N
1947-07-15,surface_temperature_anomaly_C,-0.1,24S-EQU
1947-07-15,surface_temperature_anomaly_C,-0.19,44S-24S
1947-07-15,surface_temperature_anomaly_C,-0.08,64S-44S
1947-07-15,surface_temperature_anomaly_C,-0.23,90S-64S
1948-07-15,surface_temperature_anomaly_C,-0.11,Glob
1948-07-15,surface_temperature_anomaly_C,-0.01,NHem
1948-07-15,surface_temperature_anomaly_C,-0.2,SHem
1948-07-15,surface_temperature_anomaly_C,0.13,24N-90N
1948-07-15,surface_temperature_anomaly_C,-0.18,24S-24N
1948-07-15,surface_temperature_anomaly_C,-0.24,90S-24S
1948-07-15,surface_temperature_anomaly_C,0.12,64N-90N
1948-07-15,surface_temperature_anomaly_C,0.32,44N-64N
1948-07-15,surface_temperature_anomaly_C,0.01,24N-44N
1948-07-15,surface_temperature_anomaly_C,-0.22,EQU-24N
1948-07-15,surface_temperature_anomaly_C,-0.14,24S-EQU
1948-07-15,surface_temperature_anomaly_C,-0.19,44S-24S
1948-07-15,surface_temperature_anomaly_C,-0.19,64S-44S
1948-07-15,surface_temperature_anomaly_C,-1.41,90S-64S
1949-07-15,surface_temperature_anomaly_C,-0.11,Glob
1949-07-15,surface_temperature_anomaly_C,-0.02,NHem
1949-07-15,surface_temperature_anomaly_C,-0.19,SHem
1949-07-15,surface_temperature_anomaly_C,0.11,24N-90N
1949-07-15,surface_temperature_anomaly_C,-0.19,24S-24N
1949-07-15,surface_temperature_anomaly_C,-0.23,90S-24S
1949-07-15,surface_temperature_anomaly_C,0.2,64N-90N
1949-07-15,surface_temperature_anomaly_C,0.17,44N-64N
1949-07-15,surface_temperature_anomaly_C,0.05,24N-44N
1949-07-15,surface_temperature_anomaly_C,-0.23,EQU-24N
1949-07-15,surface_temperature_anomaly_C,-0.15,24S-EQU
1949-07-15,surface_temperature_anomaly_C,-0.17,44S-24S
1949-07-15,surface_temperature_anomaly_C,-0.15,64S-44S
1949-07-15,surface_temperature_anomaly_C,-2.01,90S-64S
1950-07-15,surface_temperature_anomaly_C,-0.17,Glob
1950-07-15,surface_temperature_anomaly_C,-0.15,NHem
1950-07-15,surface_temperature_anomaly_C,-0.21,SHem
1950-07-15,surface_temperature_anomaly_C,-0.05,24N-90N
1950-07-15,surface_temperature_anomaly_C,-0.29,24S-24N
1950-07-15,surface_temperature_anomaly_C,-0.14,90S-24S
1950-07-15,surface_temperature_anomaly_C,0.18,64N-90N
1950-07-15,surface_temperature_anomaly_C,-0.31,44N-64N
1950-07-15,surface_temperature_anomaly_C,0.04,24N-44N
1950-07-15,surface_temperature_anomaly_C,-0.3,EQU-24N
1950-07-15,surface_temperature_anomaly_C,-0.28,24S-EQU
1950-07-15,surface_temperature_anomaly_C,-0.06,44S-24S
1950-07-15,surface_temperature_anomaly_C,-0.16,64S-44S
1950-07-15,surface_temperature_anomaly_C,-0.86,90S-64S
1951-07-15,surface_temperature_anomaly_C,-0.07,Glob
1951-07-15,surface_temperature_anomaly_C,0.05,NHem
1951-07-15,surface_temperature_anomaly_C,-0.18,SHem
1951-07-15,surface_temperature_anomaly_C,0.08,24N-90N
1951-07-15,surface_temperature_anomaly_C,-0.06,24S-24N
1951-07-15,surface_temperature_anomaly_C,-0.23,90S-24S
1951-07-15,surface_temperature_anomaly_C,0.07,64N-90N
1951-07-15,surface_temperature_anomaly_C,0.01,44N-64N
1951-07-15,surface_temperature_anomaly_C,0.13,24N-44N
1951-07-15,surface_temperature_anomaly_C,0.0,EQU-24N
1951-07-15,surface_temperature_anomaly_C,-0.12,24S-EQU
1951-07-15,surface_temperature_anomaly_C,-0.22,44S-24S
1951-07-15,surface_temperature_anomaly_C,-0.16,64S-44S
1951-07-15,surface_temperature_anomaly_C,-0.7,90S-64S
1952-07-15,surface_temperature_anomaly_C,0.01,Glob
1952-07-15,surface_temperature_anomaly_C,0.06,NHem
1952-07-15,surface_temperature_anomaly_C,-0.03,SHem
1952-07-15,surface_temperature_anomaly_C,0.11,24N-90N
1952-07-15,surface_temperature_anomaly_C,0.02,24S-24N
1952-07-15,surface_temperature_anomaly_C,-0.09,90S-24S
1952-07-15,surface_temperature_anomaly_C,0.27,64N-90N
1952-07-15,surface_temperature_anomaly_C,-0.09,44N-64N
1952-07-15,surface_temperature_anomaly_C,0.19,24N-44N
1952-07-15,surface_temperature_anomaly_C,-0.01,EQU-24N
1952-07-15,surface_temperature_anomaly_C,0.05,24S-EQU
1952-07-15,surface_temperature_anomaly_C,-0.1,44S-24S
1952-07-15,surface_temperature_anomaly_C,-0.02,64S-44S
1952-07-15,surface_temperature_anomaly_C,-0.53,90S-64S
1953-07-15,surface_temperature_anomaly_C,0.08,Glob
1953-07-15,surface_temperature_anomaly_C,0.25,NHem
1953-07-15,surface_temperature_anomaly_C,-0.07,SHem
1953-07-15,surface_temperature_anomaly_C,0.36,24N-90N
1953-07-15,surface_temperature_anomaly_C,0.07,24S-24N
1953-07-15,surface_temperature_anomaly_C,-0.18,90S-24S
1953-07-15,surface_temperature_anomaly_C,1.03,64N-90N
1953-07-15,surface_temperature_anomaly_C,0.36,44N-64N
1953-07-15,surface_temperature_anomaly_C,0.14,24N-44N
1953-07-15,surface_temperature_anomaly_C,0.08,EQU-24N
1953-07-15,surface_temperature_anomaly_C,0.07,24S-EQU
1953-07-15,surface_temperature_anomaly_C,-0.08,44S-24S
1953-07-15,surface_temperature_anomaly_C,-0.24,64S-44S
1953-07-15,surface_temperature_anomaly_C,-1.13,90S-64S
1954-07-15,surface_temperature_anomaly_C,-0.13,Glob
1954-07-15,surface_temperature_anomaly_C,-0.02,NHem
1954-07-15,surface_temperature_anomaly_C,-0.25,SHem
1954-07-15,surface_temperature_anomaly_C,0.07,24N-90N
1954-07-15,surface_temperature_anomaly_C,-0.21,24S-24N
1954-07-15,surface_temperature_anomaly_C,-0.22,90S-24S
1954-07-15,surface_temperature_anomaly_C,0.8,64N-90N
1954-07-15,surface_temperature_anomaly_C,-0.21,44N-64N
1954-07-15,surface_temperature_anomaly_C,0.01,24N-44N
1954-07-15,surface_temperature_anomaly_C,-0.14,EQU-24N
1954-07-15,surface_temperature_anomaly_C,-0.29,24S-EQU
1954-07-15,surface_temperature_anomaly_C,-0.18,44S-24S
1954-07-15,surface_temperature_anomaly_C,-0.2,64S-44S
1954-07-15,surface_temperature_anomaly_C,-0.81,90S-64S
1955-07-15,surface_temperature_anomaly_C,-0.14,Glob
1955-07-15,surface_temperature_anomaly_C,-0.09,NHem
1955-07-15,surface_temperature_anomaly_C,-0.2,SHem
1955-07-15,surface_temperature_anomaly_C,0.05,24N-90N
1955-07-15,surface_temperature_anomaly_C,-0.34,24S-24N
1955-07-15,surface_temperature_anomaly_C,-0.06,90S-24S
1955-07-15,surface_temperature_anomaly_C,-0.23,64N-90N
1955-07-15,surface_temperature_anomaly_C,-0.11,44N-64N
1955-07-15,surface_temperature_anomaly_C,0.24,24N-44N
1955-07-15,surface_temperature_anomaly_C,-0.29,EQU-24N
1955-07-15,surface_temperature_anomaly_C,-0.38,24S-EQU
1955-07-15,surface_temperature_anomaly_C,-0.16,44S-24S
1955-07-15,surface_temperature_anomaly_C,-0.08,64S-44S
1955-07-15,surface_temperature_anomaly_C,1.21,90S-64S
1956-07-15,surface_temperature_anomaly_C,-0.19,Glob
1956-07-15,surface_temperature_anomaly_C,-0.23,NHem
1956-07-15,surface_temperature_anomaly_C,-0.16,SHem
1956-07-15,surface_temperature_anomaly_C,-0.2,24N-90N
1956-07-15,surface_temperature_anomaly_C,-0.33,24S-24N
1956-07-15,surface_temperature_anomaly_C,0.0,90S-24S
1956-07-15,surface_temperature_anomaly_C,0.01,64N-90N
1956-07-15,surface_temperature_anomaly_C,-0.48,44N-64N
1956-07-15,surface_temperature_anomaly_C,-0.08,24N-44N
1956-07-15,surface_temperature_anomaly_C,-0.28,EQU-24N
1956-07-15,surface_temperature_anomaly_C,-0.37,24S-EQU
1956-07-15,surface_temperature_anomaly_C,-0.14,44S-24S
1956-07-15,surface_temperature_anomaly_C,0.02,64S-44S
1956-07-15,surface_temperature_anomaly_C,0.77,90S-64S
1957-07-15,surface_temperature_anomaly_C,0.05,Glob
1957-07-15,surface_temperature_anomaly_C,0.04,NHem
1957-07-15,surface_temperature_anomaly_C,0.05,SHem
1957-07-15,surface_temperature_anomaly_C,0.03,24N-90N
1957-07-15,surface_temperature_anomaly_C,0.08,24S-24N
1957-07-15,surface_temperature_anomaly_C,0.02,90S-24S
1957-07-15,surface_temperature_anomaly_C,0.09,64N-90N
1957-07-15,surface_temperature_anomaly_C,0.22,44N-64N
1957-07-15,surface_temperature_anomaly_C,-0.1,24N-44N
1957-07-15,surface_temperature_anomaly_C,0.06,EQU-24N
1957-07-15,surface_temperature_anomaly_C,0.1,24S-EQU
1957-07-15,surface_temperature_anomaly_C,-0.09,44S-24S
1957-07-15,surface_temperature_anomaly_C,-0.02,64S-44S
1957-07-15,surface_temperature_anomaly_C,0.49,90S-64S
1958-07-15,surface_temperature_anomaly_C,0.06,Glob
1958-07-15,surface_temperature_anomaly_C,0.15,NHem
1958-07-15,surface_temperature_anomaly_C,-0.03,SHem
1958-07-15,surface_temperature_anomaly_C,0.08,24N-90N
1958-07-15,surface_temperature_anomaly_C,0.21,24S-24N
1958-07-15,surface_temperature_anomaly_C,-0.16,90S-24S
1958-07-15,surface_temperature_anomaly_C,-0.18,64N-90N
1958-07-15,surface_temperature_anomaly_C,0.14,44N-64N
1958-07-15,surface_temperature_anomaly_C,0.13,24N-44N
1958-07-15,surface_temperature_anomaly_C,0.26,EQU-24N
1958-07-15,surface_temperature_anomaly_C,0.15,24S-EQU
1958-07-15,surface_temperature_anomaly_C,-0.09,44S-24S
1958-07-15,surface_temperature_anomaly_C,-0.08,64S-44S
1958-07-15,surface_temperature_anomaly_C,-0.56,90S-64S
1959-07-15,surface_temperature_anomaly_C,0.03,Glob
1959-07-15,surface_temperature_anomaly_C,0.13,NHem
1959-07-15,surface_temperature_anomaly_C,-0.06,SHem
1959-07-15,surface_temperature_anomaly_C,0.16,24N-90N
1959-07-15,surface_temperature_anomaly_C,0.08,24S-24N
1959-07-15,surface_temperature_anomaly_C,-0.16,90S-24S
1959-07-15,surface_temperature_anomaly_C,0.49,64N-90N
1959-07-15,surface_temperature_anomaly_C,0.18,44N-64N
1959-07-15,surface_temperature_anomaly_C,0.05,24N-44N
1959-07-15,surface_temperature_anomaly_C,0.07,EQU-24N
1959-07-15,surface_temperature_anomaly_C,0.08,24S-EQU
1959-07-15,surface_temperature_anomaly_C,-0.03,44S-24S
1959-07-15,surface_temperature_anomaly_C,-0.26,64S-44S
1959-07-15,surface_temperature_anomaly_C,-0.39,90S-64S
1960-07-15,surface_temperature_anomaly_C,-0.02,Glob
1960-07-15,surface_temperature_anomaly_C,0.08,NHem
1960-07-15,surface_temperature_anomaly_C,-0.13,SHem
1960-07-15,surface_temperature_anomaly_C,0.09,24N-90N
1960-07-15,surface_temperature_anomaly_C,0.02,24S-24N
1960-07-15,surface_temperature_anomaly_C,-0.2,90S-24S
1960-07-15,surface_temperature_anomaly_C,0.34,64N-90N
1960-07-15,surface_temperature_anomaly_C,-0.07,44N-64N
1960-07-15,surface_temperature_anomaly_C,0.11,24N-44N
1960-07-15,surface_temperature_anomaly_C,0.07,EQU-24N
1960-07-15,surface_temperature_anomaly_C,-0.02,24S-EQU
1960-07-15,surface_temperature_anomaly_C,-0.1,44S-24S
1960-07-15,surface_temperature_anomaly_C,-0.07,64S-44S
1960-07-15,surface_temperature_anomaly_C,-0.78,90S-64S
1961-07-15,surface_temperature_anomaly_C,0.06,Glob
1961-07-15,surface_temperature_anomaly_C,0.09,NHem
1961-07-15,surface_temperature_anomaly_C,0.03,SHem
1961-07-15,surface_temperature_anomaly_C,0.19,24N-90N
1961-07-15,surface_temperature_anomaly_C,-0.03,24S-24N
1961-07-15,surface_temperature_anomaly_C,0.05,90S-24S
1961-07-15,surface_temperature_anomaly_C,-0.16,64N-90N
1961-07-15,surface_temperature_anomaly_C,0.38,44N-64N
1961-07-15,surface_temperature_anomaly_C,0.18,24N-44N
1961-07-15,surface_temperature_anomaly_C,-0.07,EQU-24N
1961-07-15,surface_temperature_anomaly_C,0.0,24S-EQU
1961-07-15,surface_temperature_anomaly_C,0.14,44S-24S
1961-07-15,surface_temperature_anomaly_C,-0.17,64S-44S
1961-07-15,surface_temperature_anomaly_C,0.21,90S-64S
1962-07-15,surface_temperature_anomaly_C,0.03,Glob
1962-07-15,surface_temperature_anomaly_C,0.13,NHem
1962-07-15,surface_temperature_anomaly_C,-0.06,SHem
1962-07-15,surface_temperature_anomaly_C,0.24,24N-90N
1962-07-15,surface_temperature_anomaly_C,-0.05,24S-24N
1962-07-15,surface_temperature_anomaly_C,-0.07,90S-24S
1962-07-15,surface_temperature_anomaly_C,0.44,64N-90N
1962-07-15,surface_temperature_anomaly_C,0.31,44N-64N
1962-07-15,surface_temperature_anomaly_C,0.14,24N-44N
1962-07-15,surface_temperature_anomaly_C,-0.04,EQU-24N
1962-07-15,surface_temperature_anomaly_C,-0.05,24S-EQU
1962-07-15,surface_temperature_anomaly_C,0.09,44S-24S
1962-07-15,surface_temperature_anomaly_C,-0.07,64S-44S
1962-07-15,surface_temperature_anomaly_C,-0.65,90S-64S
1963-07-15,surface_temperature_anomaly_C,0.05,Glob
1963-07-15,surface_temperature_anomaly_C,0.14,NHem
1963-07-15,surface_temperature_anomaly_C,-0.03,SHem
1963-07-15,surface_temperature_anomaly_C,0.14,24N-90N
1963-07-15,surface_temperature_anomaly_C,0.12,24S-24N
1963-07-15,surface_temperature_anomaly_C,-0.12,90S-24S
1963-07-15,surface_temperature_anomaly_C,-0.16,64N-90N
1963-07-15,surface_temperature_anomaly_C,0.31,44N-64N
1963-07-15,surface_temperature_anomaly_C,0.13,24N-44N
1963-07-15,surface_temperature_anomaly_C,0.14,EQU-24N
1963-07-15,surface_temperature_anomaly_C,0.1,24S-EQU
1963-07-15,surface_temperature_anomaly_C,-0.1,44S-24S
1963-07-15,surface_temperature_anomaly_C,-0.17,64S-44S
1963-07-15,surface_temperature_anomaly_C,-0.03,90S-64S
1964-07-15,surface_temperature_anomaly_C,-0.2,Glob
1964-07-15,surface_temperature_anomaly_C,-0.19,NHem
1964-07-15,surface_temperature_anomaly_C,-0.2,SHem
1964-07-15,surface_temperature_anomaly_C,-0.23,24N-90N
1964-07-15,surface_temperature_anomaly_C,-0.14,24S-24N
1964-07-15,surface_temperature_anomaly_C,-0.24,90S-24S
1964-07-15,surface_temperature_anomaly_C,-0.66,64N-90N
1964-07-15,surface_temperature_anomaly_C,-0.2,44N-64N
1964-07-15,surface_temperature_anomaly_C,-0.12,24N-44N
1964-07-15,surface_temperature_anomaly_C,-0.14,EQU-24N
1964-07-15,surface_temperature_anomaly_C,-0.14,24S-EQU
1964-07-15,surface_temperature_anomaly_C,-0.3,44S-24S
1964-07-15,surface_temperature_anomaly_C,-0.07,64S-44S
1964-07-15,surface_temperature_anomaly_C,-0.37,90S-64S
1965-07-15,surface_temperature_anomaly_C,-0.11,Glob
1965-07-15,surface_temperature_anomaly_C,-0.14,NHem
1965-07-15,surface_temperature_anomaly_C,-0.07,SHem
1965-07-15,surface_temperature_anomaly_C,-0.19,24N-90N
1965-07-15,surface_temperature_anomaly_C,-0.03,24S-24N
1965-07-15,surface_temperature_anomaly_C,-0.13,90S-24S
1965-07-15,surface_temperature_anomaly_C,-0.28,64N-90N
1965-07-15,surface_temperature_anomaly_C,-0.24,44N-64N
1965-07-15,surface_temperature_anomaly_C,-0.12,24N-44N
1965-07-15,surface_temperature_anomaly_C,-0.08,EQU-24N
1965-07-15,surface_temperature_anomaly_C,0.02,24S-EQU
1965-07-15,surface_temperature_anomaly_C,-0.23,44S-24S
1965-07-15,surface_temperature_anomaly_C,-0.03,64S-44S
1965-07-15,surface_temperature_anomaly_C,0.0,90S-64S
1966-07-15,surface_temperature_anomaly_C,-0.06,Glob
1966-07-15,surface_temperature_anomaly_C,-0.02,NHem
1966-07-15,surface_temperature_anomaly_C,-0.09,SHem
1966-07-15,surface_temperature_anomaly_C,-0.14,24N-90N
1966-07-15,surface_temperature_anomaly_C,0.08,24S-24N
1966-07-15,surface_temperature_anomaly_C,-0.15,90S-24S
1966-07-15,surface_temperature_anomaly_C,-0.76,64N-90N
1966-07-15,surface_temperature_anomaly_C,-0.19,44N-64N
1966-07-15,surface_temperature_anomaly_C,0.09,24N-44N
1966-07-15,surface_temperature_anomaly_C,0.16,EQU-24N
1966-07-15,surface_temperature_anomaly_C,-0.01,24S-EQU
1966-07-15,surface_temperature_anomaly_C,-0.23,44S-24S
1966-07-15,surface_temperature_anomaly_C,-0.14,64S-44S
1966-07-15,surface_temperature_anomaly_C,0.12,90S-64S
1967-07-15,surface_temperature_anomaly_C,-0.02,Glob
1967-07-15,surface_temperature_anomaly_C,0.03,NHem
1967-07-15,surface_temperature_anomaly_C,-0.08,SHem
1967-07-15,surface_temperature_anomaly_C,0.12,24N-90N
1967-07-15,surface_temperature_anomaly_C,-0.14,24S-24N
1967-07-15,surface_temperature_anomaly_C,-0.01,90S-24S
1967-07-15,surface_temperature_anomaly_C,0.36,64N-90N
1967-07-15,surface_temperature_anomaly_C,0.26,44N-64N
1967-07-15,surface_temperature_anomaly_C,-0.05,24N-44N
1967-07-15,surface_temperature_anomaly_C,-0.11,EQU-24N
1967-07-15,surface_temperature_anomaly_C,-0.17,24S-EQU
1967-07-15,surface_temperature_anomaly_C,-0.09,44S-24S
1967-07-15,surface_temperature_anomaly_C,-0.02,64S-44S
1967-07-15,surface_temperature_anomaly_C,0.31,90S-64S
1968-07-15,surface_temperature_anomaly_C,-0.08,Glob
1968-07-15,surface_temperature_anomaly_C,-0.07,NHem
1968-07-15,surface_temperature_anomaly_C,-0.09,SHem
1968-07-15,surface_temperature_anomaly_C,-0.11,24N-90N
1968-07-15,surface_temperature_anomaly_C,-0.06,24S-24N
1968-07-15,surface_temperature_anomaly_C,-0.08,90S-24S
1968-07-15,surface_temperature_anomaly_C,-0.33,64N-90N
1968-07-15,surface_temperature_anomaly_C,-0.02,44N-64N
1968-07-15,surface_temperature_anomaly_C,-0.09,24N-44N
1968-07-15,surface_temperature_anomaly_C,-0.02,EQU-24N
1968-07-15,surface_temperature_anomaly_C,-0.11,24S-EQU
1968-07-15,surface_temperature_anomaly_C,-0.14,44S-24S
1968-07-15,surface_temperature_anomaly_C,0.0,64S-44S
1968-07-15,surface_temperature_anomaly_C,-0.07,90S-64S
1969-07-15,surface_temperature_anomaly_C,0.05,Glob
1969-07-15,surface_temperature_anomaly_C,-0.03,NHem
1969-07-15,surface_temperature_anomaly_C,0.14,SHem
1969-07-15,surface_temperature_anomaly_C,-0.29,24N-90N
1969-07-15,surface_temperature_anomaly_C,0.33,24S-24N
1969-07-15,surface_temperature_anomaly_C,0.02,90S-24S
1969-07-15,surface_temperature_anomaly_C,-0.03,64N-90N
1969-07-15,surface_temperature_anomaly_C,-0.61,44N-64N
1969-07-15,surface_temperature_anomaly_C,-0.17,24N-44N
1969-07-15,surface_temperature_anomaly_C,0.35,EQU-24N
1969-07-15,surface_temperature_anomaly_C,0.32,24S-EQU
1969-07-15,surface_temperature_anomaly_C,0.0,44S-24S
1969-07-15,surface_temperature_anomaly_C,0.13,64S-44S
1969-07-15,surface_temperature_anomaly_C,-0.16,90S-64S
1970-07-15,surface_temperature_anomaly_C,0.03,Glob
1970-07-15,surface_temperature_anomaly_C,-0.04,NHem
1970-07-15,surface_temperature_anomaly_C,0.09,SHem
1970-07-15,surface_temperature_anomaly_C,-0.11,24N-90N
1970-07-15,surface_temperature_anomaly_C,0.07,24S-24N
1970-07-15,surface_temperature_anomaly_C,0.12,90S-24S
1970-07-15,surface_temperature_anomaly_C,-0.2,64N-90N
1970-07-15,surface_temperature_anomaly_C,-0.13,44N-64N
1970-07-15,surface_temperature_anomaly_C,-0.07,24N-44N
1970-07-15,surface_temperature_anomaly_C,0.07,EQU-24N
1970-07-15,surface_temperature_anomaly_C,0.07,24S-EQU
1970-07-15,surface_temperature_anomaly_C,0.11,44S-24S
1970-07-15,surface_temperature_anomaly_C,0.03,64S-44S
1970-07-15,surface_temperature_anomaly_C,0.35,90S-64S
1971-07-15,surface_temperature_anomaly_C,-0.08,Glob
1971-07-15,surface_temperature_anomaly_C,-0.15,NHem
1971-07-15,surface_temperature_anomaly_C,-0.01,SHem
1971-07-15,surface_temperature_anomaly_C,-0.06,24N-90N
1971-07-15,surface_temperature_anomaly_C,-0.26,24S-24N
1971-07-15,surface_temperature_anomaly_C,0.13,90S-24S
1971-07-15,surface_temperature_anomaly_C,-0.08,64N-90N
1971-07-15,surface_temperature_anomaly_C,0.01,44N-64N
1971-07-15,surface_temperature_anomaly_C,-0.1,24N-44N
1971-07-15,surface_temperature_anomaly_C,-0.3,EQU-24N
1971-07-15,surface_temperature_anomaly_C,-0.22,24S-EQU
1971-07-15,surface_temperature_anomaly_C,0.03,44S-24S
1971-07-15,surface_temperature_anomaly_C,0.16,64S-44S
1971-07-15,surface_temperature_anomaly_C,0.48,90S-64S
1972-07-15,surface_temperature_anomaly_C,0.01,Glob
1972-07-15,surface_temperature_anomaly_C,-0.18,NHem
1972-07-15,surface_temperature_anomaly_C,0.2,SHem
1972-07-15,surface_temperature_anomaly_C,-0.34,24N-90N
1972-07-15,surface_temperature_anomaly_C,0.17,24S-24N
1972-07-15,surface_temperature_anomaly_C,0.15,90S-24S
1972-07-15,surface_temperature_anomaly_C,-0.37,64N-90N
1972-07-15,surface_temperature_anomaly_C,-0.47,44N-64N
1972-07-15,surface_temperature_anomaly_C,-0.24,24N-44N
1972-07-15,surface_temperature_anomaly_C,0.06,EQU-24N
1972-07-15,surface_temperature_anomaly_C,0.27,24S-EQU
1972-07-15,surface_temperature_anomaly_C,0.16,44S-24S
1972-07-15,surface_temperature_anomaly_C,-0.02,64S-44S
1972-07-15,surface_temperature_anomaly_C,0.48,90S-64S
1973-07-15,surface_temperature_anomaly_C,0.16,Glob
1973-07-15,surface_temperature_anomaly_C,0.09,NHem
1973-07-15,surface_temperature_anomaly_C,0.23,SHem
1973-07-15,surface_temperature_anomaly_C,0.1,24N-90N
1973-07-15,surface_temperature_anomaly_C,0.19,24S-24N
1973-07-15,surface_temperature_anomaly_C,0.18,90S-24S
1973-07-15,surface_temperature_anomaly_C,0.06,64N-90N
1973-07-15,surface_temperature_anomaly_C,0.27,44N-64N
1973-07-15,surface_temperature_anomaly_C,0.01,24N-44N
1973-07-15,surface_temperature_anomaly_C,0.07,EQU-24N
1973-07-15,surface_temperature_anomaly_C,0.3,24S-EQU
1973-07-15,surface_temperature_anomaly_C,0.22,44S-24S
1973-07-15,surface_temperature_anomaly_C,0.07,64S-44S
1973-07-15,surface_temperature_anomaly_C,0.35,90S-64S
1974-07-15,surface_temperature_anomaly_C,-0.07,Glob
1974-07-15,surface_temperature_anomaly_C,-0.18,NHem
1974-07-15,surface_temperature_anomaly_C,0.03,SHem
1974-07-15,surface_temperature_anomaly_C,-0.14,24N-90N
1974-07-15,surface_temperature_anomaly_C,-0.2,24S-24N
1974-07-15,surface_temperature_anomaly_C,0.18,90S-24S
1974-07-15,surface_temperature_anomaly_C,-0.19,64N-90N
1974-07-15,surface_temperature_anomaly_C,-0.07,44N-64N
1974-07-15,surface_temperature_anomaly_C,-0.18,24N-44N
1974-07-15,surface_temperature_anomaly_C,-0.23,EQU-24N
1974-07-15,surface_temperature_anomaly_C,-0.17,24S-EQU
1974-07-15,surface_temperature_anomaly_C,0.21,44S-24S
1974-07-15,surface_temperature_anomaly_C,-0.08,64S-44S
1974-07-15,surface_temperature_anomaly_C,0.65,90S-64S
1975-07-15,surface_temperature_anomaly_C,-0.01,Glob
1975-07-15,surface_temperature_anomaly_C,-0.06,NHem
1975-07-15,surface_temperature_anomaly_C,0.02,SHem
1975-07-15,surface_temperature_anomaly_C,0.12,24N-90N
1975-07-15,surface_temperature_anomaly_C,-0.24,24S-24N
1975-07-15,surface_temperature_anomaly_C,0.16,90S-24S
1975-07-15,surface_temperature_anomaly_C,0.1,64N-90N
1975-07-15,surface_temperature_anomaly_C,0.39,44N-64N
1975-07-15,surface_temperature_anomaly_C,-0.05,24N-44N
1975-07-15,surface_temperature_anomaly_C,-0.31,EQU-24N
1975-07-15,surface_temperature_anomaly_C,-0.17,24S-EQU
1975-07-15,surface_temperature_anomaly_C,0.13,44S-24S
1975-07-15,surface_temperature_anomaly_C,0.14,64S-44S
1975-07-15,surface_temperature_anomaly_C,0.31,90S-64S
1976-07-15,surface_temperature_anomaly_C,-0.1,Glob
1976-07-15,surface_temperature_anomaly_C,-0.21,NHem
1976-07-15,surface_temperature_anomaly_C,0.01,SHem
1976-07-15,surface_temperature_anomaly_C,-0.26,24N-90N
1976-07-15,surface_temperature_anomaly_C,-0.12,24S-24N
1976-07-15,surface_temperature_anomaly_C,0.09,90S-24S
1976-07-15,surface_temperature_anomaly_C,-0.08,64N-90N
1976-07-15,surface_temperature_anomaly_C,-0.32,44N-64N
1976-07-15,surface_temperature_anomaly_C,-0.28,24N-44N
1976-07-15,surface_temperature_anomaly_C,-0.13,EQU-24N
1976-07-15,surface_temperature_anomaly_C,-0.1,24S-EQU
1976-07-15,surface_temperature_anomaly_C,0.1,44S-24S
1976-07-15,surface_temperature_anomaly_C,0.22,64S-44S
1976-07-15,surface_temperature_anomaly_C,-0.22,90S-64S
1977-07-15,surface_temperature_anomaly_C,0.18,Glob
1977-07-15,surface_temperature_anomaly_C,0.12,NHem
1977-07-15,surface_temperature_anomaly_C,0.24,SHem
1977-07-15,surface_temperature_anomaly_C,0.13,24N-90N
1977-07-15,surface_temperature_anomaly_C,0.15,24S-24N
1977-07-15,surface_temperature_anomaly_C,0.25,90S-24S
1977-07-15,surface_temperature_anomaly_C,0.16,64N-90N
1977-07-15,surface_temperature_anomaly_C,0.24,44N-64N
1977-07-15,surface_temperature_anomaly_C,0.06,24N-44N
1977-07-15,surface_temperature_anomaly_C,0.09,EQU-24N
1977-07-15,surface_temperature_anomaly_C,0.21,24S-EQU
1977-07-15,surface_temperature_anomaly_C,0.21,44S-24S
1977-07-15,surface_temperature_anomaly_C,0.31,64S-44S
1977-07-15,surface_temperature_anomaly_C,0.28,90S-64S
1978-07-15,surface_temperature_anomaly_C,0.07,Glob
1978-07-15,surface_temperature_anomaly_C,0.02,NHem
1978-07-15,surface_temperature_anomaly_C,0.11,SHem
1978-07-15,surface_temperature_anomaly_C,-0.03,24N-90N
1978-07-15,surface_temperature_anomaly_C,0.07,24S-24N
1978-07-15,surface_temperature_anomaly_C,0.16,90S-24S
1978-07-15,surface_temperature_anomaly_C,-0.16,64N-90N
1978-07-15,surface_temperature_anomaly_C,0.04,44N-64N
1978-07-15,surface_temperature_anomaly_C,-0.04,24N-44N
1978-07-15,surface_temperature_anomaly_C,0.1,EQU-24N
1978-07-15,surface_temperature_anomaly_C,0.05,24S-EQU
1978-07-15,surface_temperature_anomaly_C,0.21,44S-24S
1978-07-15,surface_temperature_anomaly_C,0.13,64S-44S
1978-07-15,surface_temperature_anomaly_C,0.03,90S-64S
1979-07-15,surface_temperature_anomaly_C,0.16,Glob
1979-07-15,surface_temperature_anomaly_C,0.08,NHem
1979-07-15,surface_temperature_anomaly_C,0.25,SHem
1979-07-15,surface_temperature_anomaly_C,-0.03,24N-90N
1979-07-15,surface_temperature_anomaly_C,0.26,24S-24N
1979-07-15,surface_temperature_anomaly_C,0.23,90S-24S
1979-07-15,surface_temperature_anomaly_C,-0.61,64N-90N
1979-07-15,surface_temperature_anomaly_C,0.07,44N-64N
1979-07-15,surface_temperature_anomaly_C,0.08,24N-44N
1979-07-15,surface_temperature_anomaly_C,0.25,EQU-24N
1979-07-15,surface_temperature_anomaly_C,0.27,24S-EQU
1979-07-15,surface_temperature_anomaly_C,0.29,44S-24S
1979-07-15,surface_temperature_anomaly_C,0.33,64S-44S
1979-07-15,surface_temperature_anomaly_C,-0.21,90S-64S
1980-07-15,surface_temperature_anomaly_C,0.25,Glob
1980-07-15,surface_temperature_anomaly_C,0.17,NHem
1980-07-15,surface_temperature_anomaly_C,0.34,SHem
1980-07-15,surface_temperature_anomaly_C,0.06,24N-90N
1980-07-15,surface_temperature_anomaly_C,0.3,24S-24N
1980-07-15,surface_temperature_anomaly_C,0.39,90S-24S
1980-07-15,surface_temperature_anomaly_C,0.26,64N-90N
1980-07-15,surface_temperature_anomaly_C,0.02,44N-64N
1980-07-15,surface_temperature_anomaly_C,0.02,24N-44N
1980-07-15,surface_temperature_anomaly_C,0.32,EQU-24N
1980-07-15,surface_temperature_anomaly_C,0.28,24S-EQU
1980-07-15,surface_temperature_anomaly_C,0.35,44S-24S
1980-07-15,surface_temperature_anomaly_C,0.37,64S-44S
1980-07-15,surface_temperature_anomaly_C,0.56,90S-64S
1981-07-15,surface_temperature_anomaly_C,0.32,Glob
1981-07-15,surface_temperature_anomaly_C,0.37,NHem
1981-07-15,surface_temperature_anomaly_C,0.27,SHem
1981-07-15,surface_temperature_anomaly_C,0.48,24N-90N
1981-07-15,surface_temperature_anomaly_C,0.18,24S-24N
1981-07-15,surface_temperature_anomaly_C,0.36,90S-24S
1981-07-15,surface_temperature_anomaly_C,1.09,64N-90N
1981-07-15,surface_temperature_anomaly_C,0.79,44N-64N
1981-07-15,surface_temperature_anomaly_C,0.08,24N-44N
1981-07-15,surface_temperature_anomaly_C,0.21,EQU-24N
1981-07-15,surface_temperature_anomaly_C,0.14,24S-EQU
1981-07-15,surface_temperature_anomaly_C,0.28,44S-24S
1981-07-15,surface_temperature_anomaly_C,0.38,64S-44S
1981-07-15,surface_temperature_anomaly_C,0.62,90S-64S
1982-07-15,surface_temperature_anomaly_C,0.14,Glob
1982-07-15,surface_temperature_anomaly_C,0.05,NHem
1982-07-15,surface_temperature_anomaly_C,0.23,SHem
1982-07-15,surface_temperature_anomaly_C,-0.08,24N-90N
1982-07-15,surface_temperature_anomaly_C,0.27,24S-24N
1982-07-15,surface_temperature_anomaly_C,0.18,90S-24S
1982-07-15,surface_temperature_anomaly_C,-0.4,64N-90N
1982-07-15,surface_temperature_anomaly_C,0.1,44N-64N
1982-07-15,surface_temperature_anomaly_C,-0.09,24N-44N
1982-07-15,surface_temperature_anomaly_C,0.24,EQU-24N
1982-07-15,surface_temperature_anomaly_C,0.29,24S-EQU
1982-07-15,surface_temperature_anomaly_C,0.18,44S-24S
1982-07-15,surface_temperature_anomaly_C,0.32,64S-44S
1982-07-15,surface_temperature_anomaly_C,-0.11,90S-64S
1983-07-15,surface_temperature_anomaly_C,0.31,Glob
1983-07-15,surface_temperature_anomaly_C,0.24,NHem
1983-07-15,surface_temperature_anomaly_C,0.38,SHem
1983-07-15,surface_temperature_anomaly_C,0.22,24N-90N
1983-07-15,surface_temperature_anomaly_C,0.43,24S-24N
1983-07-15,surface_temperature_anomaly_C,0.25,90S-24S
1983-07-15,surface_temperature_anomaly_C,0.18,64N-90N
1983-07-15,surface_temperature_anomaly_C,0.69,44N-64N
1983-07-15,surface_temperature_anomaly_C,-0.07,24N-44N
1983-07-15,surface_temperature_anomaly_C,0.28,EQU-24N
1983-07-15,surface_temperature_anomaly_C,0.57,24S-EQU
1983-07-15,surface_temperature_anomaly_C,0.21,44S-24S
1983-07-15,surface_temperature_anomaly_C,0.41,64S-44S
1983-07-15,surface_temperature_anomaly_C,0.1,90S-64S
1984-07-15,surface_temperature_anomaly_C,0.15,Glob
1984-07-15,surface_temperature_anomaly_C,0.03,NHem
1984-07-15,surface_temperature_anomaly_C,0.27,SHem
1984-07-15,surface_temperature_anomaly_C,0.01,24N-90N
1984-07-15,surface_temperature_anomaly_C,0.18,24S-24N
1984-07-15,surface_temperature_anomaly_C,0.26,90S-24S
1984-07-15,surface_temperature_anomaly_C,0.36,64N-90N
1984-07-15,surface_temperature_anomaly_C,0.08,44N-64N
1984-07-15,surface_temperature_anomaly_C,-0.14,24N-44N
1984-07-15,surface_temperature_anomaly_C,0.07,EQU-24N
1984-07-15,surface_temperature_anomaly_C,0.29,24S-EQU
1984-07-15,surface_temperature_anomaly_C,0.16,44S-24S
1984-07-15,surface_temperature_anomaly_C,0.32,64S-44S
1984-07-15,surface_temperature_anomaly_C,0.54,90S-64S
1985-07-15,surface_temperature_anomaly_C,0.12,Glob
1985-07-15,surface_temperature_anomaly_C,0.0,NHem
1985-07-15,surface_temperature_anomaly_C,0.24,SHem
1985-07-15,surface_temperature_anomaly_C,-0.03,24N-90N
1985-07-15,surface_temperature_anomaly_C,0.09,24S-24N
1985-07-15,surface_temperature_anomaly_C,0.31,90S-24S
1985-07-15,surface_temperature_anomaly_C,0.39,64N-90N
1985-07-15,surface_temperature_anomaly_C,-0.26,44N-64N
1985-07-15,surface_temperature_anomaly_C,-0.02,24N-44N
1985-07-15,surface_temperature_anomaly_C,0.04,EQU-24N
1985-07-15,surface_temperature_anomaly_C,0.13,24S-EQU
1985-07-15,surface_temperature_anomaly_C,0.3,44S-24S
1985-07-15,surface_temperature_anomaly_C,0.44,64S-44S
1985-07-15,surface_temperature_anomaly_C,0.07,90S-64S
1986-07-15,surface_temperature_anomaly_C,0.18,Glob
1986-07-15,surface_temperature_anomaly_C,0.13,NHem
1986-07-15,surface_temperature_anomaly_C,0.23,SHem
1986-07-15,surface_temperature_anomaly_C,0.1,24N-90N
1986-07-15,surface_temperature_anomaly_C,0.22,24S-24N
1986-07-15,surface_temperature_anomaly_C,0.2,90S-24S
1986-07-15,surface_temperature_anomaly_C,0.01,64N-90N
1986-07-15,surface_temperature_anomaly_C,0.28,44N-64N
1986-07-15,surface_temperature_anomaly_C,0.03,24N-44N
1986-07-15,surface_temperature_anomaly_C,0.17,EQU-24N
1986-07-15,surface_temperature_anomaly_C,0.27,24S-EQU
1986-07-15,surface_temperature_anomaly_C,0.25,44S-24S
1986-07-15,surface_temperature_anomaly_C,0.25,64S-44S
1986-07-15,surface_temperature_anomaly_C,-0.09,90S-64S
1987-07-15,surface_temperature_anomaly_C,0.32,Glob
1987-07-15,surface_temperature_anomaly_C,0.24,NHem
1987-07-15,surface_temperature_anomaly_C,0.4,SHem
1987-07-15,surface_temperature_anomaly_C,0.04,24N-90N
1987-07-15,surface_temperature_anomaly_C,0.58,24S-24N
1987-07-15,surface_temperature_anomaly_C,0.25,90S-24S
1987-07-15,surface_temperature_anomaly_C,-0.36,64N-90N
1987-07-15,surface_temperature_anomaly_C,0.13,44N-64N
1987-07-15,surface_temperature_anomaly_C,0.12,24N-44N
1987-07-15,surface_temperature_anomaly_C,0.55,EQU-24N
1987-07-15,surface_temperature_anomaly_C,0.62,24S-EQU
1987-07-15,surface_temperature_anomaly_C,0.32,44S-24S
1987-07-15,surface_temperature_anomaly_C,0.25,64S-44S
1987-07-15,surface_temperature_anomaly_C,0.01,90S-64S
1988-07-15,surface_temperature_anomaly_C,0.39,Glob
1988-07-15,surface_temperature_anomaly_C,0.37,NHem
1988-07-15,surface_temperature_anomaly_C,0.41,SHem
1988-07-15,surface_temperature_anomaly_C,0.4,24N-90N
1988-07-15,surface_temperature_anomaly_C,0.37,24S-24N
1988-07-15,surface_temperature_anomaly_C,0.4,90S-24S
1988-07-15,surface_temperature_anomaly_C,0.59,64N-90N
1988-07-15,surface_temperature_anomaly_C,0.57,44N-64N
1988-07-15,surface_temperature_anomaly_C,0.23,24N-44N
1988-07-15,surface_temperature_anomaly_C,0.32,EQU-24N
1988-07-15,surface_temperature_anomaly_C,0.42,24S-EQU
1988-07-15,surface_temperature_anomaly_C,0.38,44S-24S
1988-07-15,surface_temperature_anomaly_C,0.2,64S-44S
1988-07-15,surface_temperature_anomaly_C,0.94,90S-64S
1989-07-15,surface_temperature_anomaly_C,0.27,Glob
1989-07-15,surface_temperature_anomaly_C,0.27,NHem
1989-07-15,surface_temperature_anomaly_C,0.27,SHem
1989-07-15,surface_temperature_anomaly_C,0.4,24N-90N
1989-07-15,surface_temperature_anomaly_C,0.12,24S-24N
1989-07-15,surface_temperature_anomaly_C,0.34,90S-24S
1989-07-15,surface_temperature_anomaly_C,0.33,64N-90N
1989-07-15,surface_temperature_anomaly_C,0.69,44N-64N
1989-07-15,surface_temperature_anomaly_C,0.25,24N-44N
1989-07-15,surface_temperature_anomaly_C,0.06,EQU-24N
1989-07-15,surface_temperature_anomaly_C,0.18,24S-EQU
1989-07-15,surface_temperature_anomaly_C,0.36,44S-24S
1989-07-15,surface_temperature_anomaly_C,0.3,64S-44S
1989-07-15,surface_temperature_anomaly_C,0.37,90S-64S
1990-07-15,surface_temperature_anomaly_C,0.45,Glob
1990-07-15,surface_temperature_anomaly_C,0.52,NHem
1990-07-15,surface_temperature_anomaly_C,0.37,SHem
1990-07-15,surface_temperature_anomaly_C,0.63,24N-90N
1990-07-15,surface_temperature_anomaly_C,0.37,24S-24N
1990-07-15,surface_temperature_anomaly_C,0.37,90S-24S
1990-07-15,surface_temperature_anomaly_C,0.58,64N-90N
1990-07-15,surface_temperature_anomaly_C,0.88,44N-64N
1990-07-15,surface_temperature_anomaly_C,0.48,24N-44N
1990-07-15,surface_temperature_anomaly_C,0.37,EQU-24N
1990-07-15,surface_temperature_anomaly_C,0.36,24S-EQU
1990-07-15,surface_temperature_anomaly_C,0.38,44S-24S
1990-07-15,surface_temperature_anomaly_C,0.37,64S-44S
1990-07-15,surface_temperature_anomaly_C,0.37,90S-64S
1991-07-15,surface_temperature_anomaly_C,0.41,Glob
1991-07-15,surface_temperature_anomaly_C,0.41,NHem
1991-07-15,surface_temperature_anomaly_C,0.4,SHem
1991-07-15,surface_temperature_anomaly_C,0.47,24N-90N
1991-07-15,surface_temperature_anomaly_C,0.36,24S-24N
1991-07-15,surface_temperature_anomaly_C,0.4,90S-24S
1991-07-15,surface_temperature_anomaly_C,0.75,64N-90N
1991-07-15,surface_temperature_anomaly_C,0.66,44N-64N
1991-07-15,surface_temperature_anomaly_C,0.26,24N-44N
1991-07-15,surface_temperature_anomaly_C,0.32,EQU-24N
1991-07-15,surface_temperature_anomaly_C,0.4,24S-EQU
1991-07-15,surface_temperature_anomaly_C,0.31,44S-24S
1991-07-15,surface_temperature_anomaly_C,0.29,64S-44S
1991-07-15,surface_temperature_anomaly_C,0.98,90S-64S
1992-07-15,surface_temperature_anomaly_C,0.22,Glob
1992-07-15,surface_temperature_anomaly_C,0.13,NHem
1992-07-15,surface_temperature_anomaly_C,0.31,SHem
1992-07-15,surface_temperature_anomaly_C,0.09,24N-90N
1992-07-15,surface_temperature_anomaly_C,0.28,24S-24N
1992-07-15,surface_temperature_anomaly_C,0.27,90S-24S
1992-07-15,surface_temperature_anomaly_C,-0.17,64N-90N
1992-07-15,surface_temperature_anomaly_C,0.44,44N-64N
1992-07-15,surface_temperature_anomaly_C,-0.03,24N-44N
1992-07-15,surface_temperature_anomaly_C,0.2,EQU-24N
1992-07-15,surface_temperature_anomaly_C,0.37,24S-EQU
1992-07-15,surface_temperature_anomaly_C,0.2,44S-24S
1992-07-15,surface_temperature_anomaly_C,0.33,64S-44S
1992-07-15,surface_temperature_anomaly_C,0.42,90S-64S
1993-07-15,surface_temperature_anomaly_C,0.23,Glob
1993-07-15,surface_temperature_anomaly_C,0.19,NHem
1993-07-15,surface_temperature_anomaly_C,0.28,SHem
1993-07-15,surface_temperature_anomaly_C,0.13,24N-90N
1993-07-15,surface_temperature_anomaly_C,0.32,24S-24N
1993-07-15,surface_temperature_anomaly_C,0.22,90S-24S
1993-07-15,surface_temperature_anomaly_C,0.54,64N-90N
1993-07-15,surface_temperature_anomaly_C,0.3,44N-64N
1993-07-15,surface_temperature_anomaly_C,-0.11,24N-44N
1993-07-15,surface_temperature_anomaly_C,0.28,EQU-24N
1993-07-15,surface_temperature_anomaly_C,0.35,24S-EQU
1993-07-15,surface_temperature_anomaly_C,0.27,44S-24S
1993-07-15,surface_temperature_anomaly_C,0.39,64S-44S
1993-07-15,surface_temperature_anomaly_C,-0.28,90S-64S
1994-07-15,surface_temperature_anomaly_C,0.31,Glob
1994-07-15,surface_temperature_anomaly_C,0.37,NHem
1994-07-15,surface_temperature_anomaly_C,0.26,SHem
1994-07-15,surface_temperature_anomaly_C,0.43,24N-90N
1994-07-15,surface_temperature_anomaly_C,0.31,24S-24N
1994-07-15,surface_temperature_anomaly_C,0.21,90S-24S
1994-07-15,surface_temperature_anomaly_C,0.34,64N-90N
1994-07-15,surface_temperature_anomaly_C,0.5,44N-64N
1994-07-15,surface_temperature_anomaly_C,0.41,24N-44N
1994-07-15,surface_temperature_anomaly_C,0.28,EQU-24N
1994-07-15,surface_temperature_anomaly_C,0.34,24S-EQU
1994-07-15,surface_temperature_anomaly_C,0.27,44S-24S
1994-07-15,surface_temperature_anomaly_C,0.23,64S-44S
1994-07-15,surface_temperature_anomaly_C,-0.02,90S-64S
1995-07-15,surface_temperature_anomaly_C,0.44,Glob
1995-07-15,surface_temperature_anomaly_C,0.58,NHem
1995-07-15,surface_temperature_anomaly_C,0.32,SHem
1995-07-15,surface_temperature_anomaly_C,0.7,24N-90N
1995-07-15,surface_temperature_anomaly_C,0.42,24S-24N
1995-07-15,surface_temperature_anomaly_C,0.22,90S-24S
1995-07-15,surface_temperature_anomaly_C,1.31,64N-90N
1995-07-15,surface_temperature_anomaly_C,0.99,44N-64N
1995-07-15,surface_temperature_anomaly_C,0.32,24N-44N
1995-07-15,surface_temperature_anomaly_C,0.4,EQU-24N
1995-07-15,surface_temperature_anomaly_C,0.44,24S-EQU
1995-07-15,surface_temperature_anomaly_C,0.29,44S-24S
1995-07-15,surface_temperature_anomaly_C,0.15,64S-44S
1995-07-15,surface_temperature_anomaly_C,0.16,90S-64S
1996-07-15,surface_temperature_anomaly_C,0.33,Glob
1996-07-15,surface_temperature_anomaly_C,0.26,NHem
1996-07-15,surface_temperature_anomaly_C,0.4,SHem
1996-07-15,surface_temperature_anomaly_C,0.23,24N-90N
1996-07-15,surface_temperature_anomaly_C,0.31,24S-24N
1996-07-15,surface_temperature_anomaly_C,0.46,90S-24S
1996-07-15,surface_temperature_anomaly_C,0.76,64N-90N
1996-07-15,surface_temperature_anomaly_C,0.17,44N-64N
1996-07-15,surface_temperature_anomaly_C,0.1,24N-44N
1996-07-15,surface_temperature_anomaly_C,0.3,EQU-24N
1996-07-15,surface_temperature_anomaly_C,0.32,24S-EQU
1996-07-15,surface_temperature_anomaly_C,0.33,44S-24S
1996-07-15,surface_temperature_anomaly_C,0.28,64S-44S
1996-07-15,surface_temperature_anomaly_C,1.31,90S-64S
1997-07-15,surface_temperature_anomaly_C,0.46,Glob
1997-07-15,surface_temperature_anomaly_C,0.52,NHem
1997-07-15,surface_temperature_anomaly_C,0.42,SHem
1997-07-15,surface_temperature_anomaly_C,0.53,24N-90N
1997-07-15,surface_temperature_anomaly_C,0.51,24S-24N
1997-07-15,surface_temperature_anomaly_C,0.34,90S-24S
1997-07-15,surface_temperature_anomaly_C,0.76,64N-90N
1997-07-15,surface_temperature_anomaly_C,0.9,44N-64N
1997-07-15,surface_temperature_anomaly_C,0.22,24N-44N
1997-07-15,surface_temperature_anomaly_C,0.5,EQU-24N
1997-07-15,surface_temperature_anomaly_C,0.52,24S-EQU
1997-07-15,surface_temperature_anomaly_C,0.42,44S-24S
1997-07-15,surface_temperature_anomaly_C,0.36,64S-44S
1997-07-15,surface_temperature_anomaly_C,0.03,90S-64S
1998-07-15,surface_temperature_anomaly_C,0.61,Glob
1998-07-15,surface_temperature_anomaly_C,0.7,NHem
1998-07-15,surface_temperature_anomaly_C,0.51,SHem
1998-07-15,surface_temperature_anomaly_C,0.78,24N-90N
1998-07-15,surface_temperature_anomaly_C,0.69,24S-24N
1998-07-15,surface_temperature_anomaly_C,0.32,90S-24S
1998-07-15,surface_temperature_anomaly_C,0.86,64N-90N
1998-07-15,surface_temperature_anomaly_C,0.94,44N-64N
1998-07-15,surface_temperature_anomaly_C,0.65,24N-44N
1998-07-15,surface_temperature_anomaly_C,0.59,EQU-24N
1998-07-15,surface_temperature_anomaly_C,0.79,24S-EQU
1998-07-15,surface_temperature_anomaly_C,0.39,44S-24S
1998-07-15,surface_temperature_anomaly_C,0.31,64S-44S
1998-07-15,surface_temperature_anomaly_C,0.14,90S-64S
1999-07-15,surface_temperature_anomaly_C,0.38,Glob
1999-07-15,surface_temperature_anomaly_C,0.48,NHem
1999-07-15,surface_temperature_anomaly_C,0.28,SHem
1999-07-15,surface_temperature_anomaly_C,0.7,24N-90N
1999-07-15,surface_temperature_anomaly_C,0.2,24S-24N
1999-07-15,surface_temperature_anomaly_C,0.3,90S-24S
1999-07-15,surface_temperature_anomaly_C,0.4,64N-90N
1999-07-15,surface_temperature_anomaly_C,0.8,44N-64N
1999-07-15,surface_temperature_anomaly_C,0.74,24N-44N
1999-07-15,surface_temperature_anomaly_C,0.15,EQU-24N
1999-07-15,surface_temperature_anomaly_C,0.25,24S-EQU
1999-07-15,surface_temperature_anomaly_C,0.46,44S-24S
1999-07-15,surface_temperature_anomaly_C,0.19,64S-44S
1999-07-15,surface_temperature_anomaly_C,0.02,90S-64S
2000-07-15,surface_temperature_anomaly_C,0.39,Glob
2000-07-15,surface_temperature_anomaly_C,0.5,NHem
2000-07-15,surface_temperature_anomaly_C,0.28,SHem
2000-07-15,surface_temperature_anomaly_C,0.7,24N-90N
2000-07-15,surface_temperature_anomaly_C,0.24,24S-24N
2000-07-15,surface_temperature_anomaly_C,0.29,90S-24S
2000-07-15,surface_temperature_anomaly_C,0.97,64N-90N
2000-07-15,surface_temperature_anomaly_C,0.8,44N-64N
2000-07-15,surface_temperature_anomaly_C,0.55,24N-44N
2000-07-15,surface_temperature_anomaly_C,0.2,EQU-24N
2000-07-15,surface_temperature_anomaly_C,0.28,24S-EQU
2000-07-15,surface_temperature_anomaly_C,0.42,44S-24S
2000-07-15,surface_temperature_anomaly_C,0.1,64S-44S
2000-07-15,surface_temperature_anomaly_C,0.28,90S-64S
2001-07-15,surface_temperature_anomaly_C,0.53,Glob
2001-07-15,surface_temperature_anomaly_C,0.64,NHem
2001-07-15,surface_temperature_anomaly_C,0.43,SHem
2001-07-15,surface_temperature_anomaly_C,0.8,24N-90N
2001-07-15,surface_temperature_anomaly_C,0.42,24S-24N
2001-07-15,surface_temperature_anomaly_C,0.42,90S-24S
2001-07-15,surface_temperature_anomaly_C,1.06,64N-90N
2001-07-15,surface_temperature_anomaly_C,0.86,44N-64N
2001-07-15,surface_temperature_anomaly_C,0.68,24N-44N
2001-07-15,surface_temperature_anomaly_C,0.39,EQU-24N
2001-07-15,surface_temperature_anomaly_C,0.44,24S-EQU
2001-07-15,surface_temperature_anomaly_C,0.58,44S-24S
2001-07-15,surface_temperature_anomaly_C,0.24,64S-44S
2001-07-15,surface_temperature_anomaly_C,0.24,90S-64S
2002-07-15,surface_temperature_anomaly_C,0.63,Glob
2002-07-15,surface_temperature_anomaly_C,0.71,NHem
2002-07-15,surface_temperature_anomaly_C,0.55,SHem
2002-07-15,surface_temperature_anomaly_C,0.82,24N-90N
2002-07-15,surface_temperature_anomaly_C,0.59,24S-24N
2002-07-15,surface_temperature_anomaly_C,0.48,90S-24S
2002-07-15,surface_temperature_anomaly_C,1.25,64N-90N
2002-07-15,surface_temperature_anomaly_C,1.0,44N-64N
2002-07-15,surface_temperature_anomaly_C,0.58,24N-44N
2002-07-15,surface_temperature_anomaly_C,0.54,EQU-24N
2002-07-15,surface_temperature_anomaly_C,0.64,24S-EQU
2002-07-15,surface_temperature_anomaly_C,0.5,44S-24S
2002-07-15,surface_temperature_anomaly_C,0.31,64S-44S
2002-07-15,surface_temperature_anomaly_C,0.79,90S-64S
2003-07-15,surface_temperature_anomaly_C,0.61,Glob
2003-07-15,surface_temperature_anomaly_C,0.74,NHem
2003-07-15,surface_temperature_anomaly_C,0.49,SHem
2003-07-15,surface_temperature_anomaly_C,0.84,24N-90N
2003-07-15,surface_temperature_anomaly_C,0.64,24S-24N
2003-07-15,surface_temperature_anomaly_C,0.36,90S-24S
2003-07-15,surface_temperature_anomaly_C,1.5,64N-90N
2003-07-15,surface_temperature_anomaly_C,0.98,44N-64N
2003-07-15,surface_temperature_anomaly_C,0.53,24N-44N
2003-07-15,surface_temperature_anomaly_C,0.61,EQU-24N
2003-07-15,surface_temperature_anomaly_C,0.67,24S-EQU
2003-07-15,surface_temperature_anomaly_C,0.44,44S-24S
2003-07-15,surface_temperature_anomaly_C,0.24,64S-44S
2003-07-15,surface_temperature_anomaly_C,0.36,90S-64S
2004-07-15,surface_temperature_anomaly_C,0.53,Glob
2004-07-15,surface_temperature_anomaly_C,0.66,NHem
2004-07-15,surface_temperature_anomaly_C,0.41,SHem
2004-07-15,surface_temperature_anomaly_C,0.72,24N-90N
2004-07-15,surface_temperature_anomaly_C,0.55,24S-24N
2004-07-15,surface_temperature_anomaly_C,0.32,90S-24S
2004-07-15,surface_temperature_anomaly_C,0.46,64N-90N
2004-07-15,surface_temperature_anomaly_C,0.95,44N-64N
2004-07-15,surface_temperature_anomaly_C,0.66,24N-44N
2004-07-15,surface_temperature_anomaly_C,0.56,EQU-24N
2004-07-15,surface_temperature_anomaly_C,0.54,24S-EQU
2004-07-15,surface_temperature_anomaly_C,0.48,44S-24S
2004-07-15,surface_temperature_anomaly_C,0.23,64S-44S
2004-07-15,surface_temperature_anomaly_C,-0.05,90S-64S
2005-07-15,surface_temperature_anomaly_C,0.68,Glob
2005-07-15,surface_temperature_anomaly_C,0.85,NHem
2005-07-15,surface_temperature_anomaly_C,0.5,SHem
2005-07-15,surface_temperature_anomaly_C,1.01,24N-90N
2005-07-15,surface_temperature_anomaly_C,0.62,24S-24N
2005-07-15,surface_temperature_anomaly_C,0.42,90S-24S
2005-07-15,surface_temperature_anomaly_C,1.99,64N-90N
2005-07-15,surface_temperature_anomaly_C,1.22,44N-64N
2005-07-15,surface_temperature_anomaly_C,0.56,24N-44N
2005-07-15,surface_temperature_anomaly_C,0.62,EQU-24N
2005-07-15,surface_temperature_anomaly_C,0.62,24S-EQU
2005-07-15,surface_temperature_anomaly_C,0.49,44S-24S
2005-07-15,surface_temperature_anomaly_C,0.18,64S-44S
2005-07-15,surface_temperature_anomaly_C,0.69,90S-64S
2006-07-15,surface_temperature_anomaly_C,0.64,Glob
2006-07-15,surface_temperature_anomaly_C,0.82,NHem
2006-07-15,surface_temperature_anomaly_C,0.46,SHem
2006-07-15,surface_temperature_anomaly_C,0.99,24N-90N
2006-07-15,surface_temperature_anomaly_C,0.55,24S-24N
2006-07-15,surface_temperature_anomaly_C,0.4,90S-24S
2006-07-15,surface_temperature_anomaly_C,1.76,64N-90N
2006-07-15,surface_temperature_anomaly_C,1.06,44N-64N
2006-07-15,surface_temperature_anomaly_C,0.69,24N-44N
2006-07-15,surface_temperature_anomaly_C,0.56,EQU-24N
2006-07-15,surface_temperature_anomaly_C,0.55,24S-EQU
2006-07-15,surface_temperature_anomaly_C,0.51,44S-24S
2006-07-15,surface_temperature_anomaly_C,0.19,64S-44S
2006-07-15,surface_temperature_anomaly_C,0.46,90S-64S
2007-07-15,surface_temperature_anomaly_C,0.66,Glob
2007-07-15,surface_temperature_anomaly_C,0.85,NHem
2007-07-15,surface_temperature_anomaly_C,0.48,SHem
2007-07-15,surface_temperature_anomaly_C,1.12,24N-90N
2007-07-15,surface_temperature_anomaly_C,0.46,24S-24N
2007-07-15,surface_temperature_anomaly_C,0.48,90S-24S
2007-07-15,surface_temperature_anomaly_C,2.09,64N-90N
2007-07-15,surface_temperature_anomaly_C,1.32,44N-64N
2007-07-15,surface_temperature_anomaly_C,0.69,24N-44N
2007-07-15,surface_temperature_anomaly_C,0.44,EQU-24N
2007-07-15,surface_temperature_anomaly_C,0.48,24S-EQU
2007-07-15,surface_temperature_anomaly_C,0.5,44S-24S
2007-07-15,surface_temperature_anomaly_C,0.07,64S-44S
2007-07-15,surface_temperature_anomaly_C,1.28,90S-64S
2008-07-15,surface_temperature_anomaly_C,0.54,Glob
2008-07-15,surface_temperature_anomaly_C,0.68,NHem
2008-07-15,surface_temperature_anomaly_C,0.41,SHem
2008-07-15,surface_temperature_anomaly_C,0.91,24N-90N
2008-07-15,surface_temperature_anomaly_C,0.37,24S-24N
2008-07-15,surface_temperature_anomaly_C,0.4,90S-24S
2008-07-15,surface_temperature_anomaly_C,1.53,64N-90N
2008-07-15,surface_temperature_anomaly_C,1.07,44N-64N
2008-07-15,surface_temperature_anomaly_C,0.61,24N-44N
2008-07-15,surface_temperature_anomaly_C,0.33,EQU-24N
2008-07-15,surface_temperature_anomaly_C,0.42,24S-EQU
2008-07-15,surface_temperature_anomaly_C,0.53,44S-24S
2008-07-15,surface_temperature_anomaly_C,0.08,64S-44S
2008-07-15,surface_temperature_anomaly_C,0.63,90S-64S
2009-07-15,surface_temperature_anomaly_C,0.66,Glob
2009-07-15,surface_temperature_anomaly_C,0.72,NHem
2009-07-15,surface_temperature_anomaly_C,0.59,SHem
2009-07-15,surface_temperature_anomaly_C,0.78,24N-90N
2009-07-15,surface_temperature_anomaly_C,0.67,24S-24N
2009-07-15,surface_temperature_anomaly_C,0.51,90S-24S
2009-07-15,surface_temperature_anomaly_C,1.42,64N-90N
2009-07-15,surface_temperature_anomaly_C,0.6,44N-64N
2009-07-15,surface_temperature_anomaly_C,0.68,24N-44N
2009-07-15,surface_temperature_anomaly_C,0.64,EQU-24N
2009-07-15,surface_temperature_anomaly_C,0.7,24S-EQU
2009-07-15,surface_temperature_anomaly_C,0.6,44S-24S
2009-07-15,surface_temperature_anomaly_C,0.14,64S-44S
2009-07-15,surface_temperature_anomaly_C,0.99,90S-64S
2010-07-15,surface_temperature_anomaly_C,0.72,Glob
2010-07-15,surface_temperature_anomaly_C,0.9,NHem
2010-07-15,surface_temperature_anomaly_C,0.55,SHem
2010-07-15,surface_temperature_anomaly_C,1.03,24N-90N
2010-07-15,surface_temperature_anomaly_C,0.68,24S-24N
2010-07-15,surface_temperature_anomaly_C,0.48,90S-24S
2010-07-15,surface_temperature_anomaly_C,2.24,64N-90N
2010-07-15,surface_temperature_anomaly_C,0.87,44N-64N
2010-07-15,surface_temperature_anomaly_C,0.73,24N-44N
2010-07-15,surface_temperature_anomaly_C,0.71,EQU-24N
2010-07-15,surface_temperature_anomaly_C,0.65,24S-EQU
2010-07-15,surface_temperature_anomaly_C,0.63,44S-24S
2010-07-15,surface_temperature_anomaly_C,0.2,64S-44S
2010-07-15,surface_temperature_anomaly_C,0.53,90S-64S
2011-07-15,surface_temperature_anomaly_C,0.61,Glob
2011-07-15,surface_temperature_anomaly_C,0.74,NHem
2011-07-15,surface_temperature_anomaly_C,0.47,SHem
2011-07-15,surface_temperature_anomaly_C,0.98,24N-90N
2011-07-15,surface_temperature_anomaly_C,0.36,24S-24N
2011-07-15,surface_temperature_anomaly_C,0.56,90S-24S
2011-07-15,surface_temperature_anomaly_C,2.32,64N-90N
2011-07-15,surface_temperature_anomaly_C,0.94,44N-64N
2011-07-15,surface_temperature_anomaly_C,0.57,24N-44N
2011-07-15,surface_temperature_anomaly_C,0.38,EQU-24N
2011-07-15,surface_temperature_anomaly_C,0.35,24S-EQU
2011-07-15,surface_temperature_anomaly_C,0.64,44S-24S
2011-07-15,surface_temperature_anomaly_C,0.19,64S-44S
2011-07-15,surface_temperature_anomaly_C,1.08,90S-64S
2012-07-15,surface_temperature_anomaly_C,0.65,Glob
2012-07-15,surface_temperature_anomaly_C,0.8,NHem
2012-07-15,surface_temperature_anomaly_C,0.49,SHem
2012-07-15,surface_temperature_anomaly_C,1.03,24N-90N
2012-07-15,surface_temperature_anomaly_C,0.52,24S-24N
2012-07-15,surface_temperature_anomaly_C,0.43,90S-24S
2012-07-15,surface_temperature_anomaly_C,2.13,64N-90N
2012-07-15,surface_temperature_anomaly_C,0.93,44N-64N
2012-07-15,surface_temperature_anomaly_C,0.73,24N-44N
2012-07-15,surface_temperature_anomaly_C,0.47,EQU-24N
2012-07-15,surface_temperature_anomaly_C,0.57,24S-EQU
2012-07-15,surface_temperature_anomaly_C,0.56,44S-24S
2012-07-15,surface_temperature_anomaly_C,0.2,64S-44S
2012-07-15,surface_temperature_anomaly_C,0.46,90S-64S
2013-07-15,surface_temperature_anomaly_C,0.68,Glob
2013-07-15,surface_temperature_anomaly_C,0.8,NHem
2013-07-15,surface_temperature_anomaly_C,0.55,SHem
2013-07-15,surface_temperature_anomaly_C,0.94,24N-90N
2013-07-15,surface_temperature_anomaly_C,0.58,24S-24N
2013-07-15,surface_temperature_anomaly_C,0.54,90S-24S
2013-07-15,surface_temperature_anomaly_C,1.54,64N-90N
2013-07-15,surface_temperature_anomaly_C,1.04,44N-64N
2013-07-15,surface_temperature_anomaly_C,0.69,24N-44N
2013-07-15,surface_temperature_anomaly_C,0.58,EQU-24N
2013-07-15,surface_temperature_anomaly_C,0.58,24S-EQU
2013-07-15,surface_temperature_anomaly_C,0.63,44S-24S
2013-07-15,surface_temperature_anomaly_C,0.23,64S-44S
2013-07-15,surface_temperature_anomaly_C,0.86,90S-64S
2014-07-15,surface_temperature_anomaly_C,0.75,Glob
2014-07-15,surface_temperature_anomaly_C,0.92,NHem
2014-07-15,surface_temperature_anomaly_C,0.58,SHem
2014-07-15,surface_temperature_anomaly_C,1.08,24N-90N
2014-07-15,surface_temperature_anomaly_C,0.67,24S-24N
2014-07-15,surface_temperature_anomaly_C,0.53,90S-24S
2014-07-15,surface_temperature_anomaly_C,2.06,64N-90N
2014-07-15,surface_temperature_anomaly_C,1.14,44N-64N
2014-07-15,surface_temperature_anomaly_C,0.73,24N-44N
2014-07-15,surface_temperature_anomaly_C,0.69,EQU-24N
2014-07-15,surface_temperature_anomaly_C,0.65,24S-EQU
2014-07-15,surface_temperature_anomaly_C,0.72,44S-24S
2014-07-15,surface_temperature_anomaly_C,0.19,64S-44S
2014-07-15,surface_temperature_anomaly_C,0.56,90S-64S
2015-07-15,surface_temperature_anomaly_C,0.9,Glob
2015-07-15,surface_temperature_anomaly_C,1.18,NHem
2015-07-15,surface_temperature_anomaly_C,0.63,SHem
2015-07-15,surface_temperature_anomaly_C,1.31,24N-90N
2015-07-15,surface_temperature_anomaly_C,0.95,24S-24N
2015-07-15,surface_temperature_anomaly_C,0.4,90S-24S
2015-07-15,surface_temperature_anomaly_C,2.02,64N-90N
2015-07-15,surface_temperature_anomaly_C,1.48,44N-64N
2015-07-15,surface_temperature_anomaly_C,0.99,24N-44N
2015-07-15,surface_temperature_anomaly_C,0.97,EQU-24N
2015-07-15,surface_temperature_anomaly_C,0.94,24S-EQU
2015-07-15,surface_temperature_anomaly_C,0.75,44S-24S
2015-07-15,surface_temperature_anomaly_C,0.2,64S-44S
2015-07-15,surface_temperature_anomaly_C,-0.35,90S-64S
2016-07-15,surface_temperature_anomaly_C,1.01,Glob
2016-07-15,surface_temperature_anomaly_C,1.3,NHem
2016-07-15,surface_temperature_anomaly_C,0.73,SHem
2016-07-15,surface_temperature_anomaly_C,1.54,24N-90N
2016-07-15,surface_temperature_anomaly_C,1.0,24S-24N
2016-07-15,surface_temperature_anomaly_C,0.49,90S-24S
2016-07-15,surface_temperature_anomaly_C,3.26,64N-90N
2016-07-15,surface_temperature_anomaly_C,1.43,44N-64N
2016-07-15,surface_temperature_anomaly_C,1.06,24N-44N
2016-07-15,surface_temperature_anomaly_C,0.95,EQU-24N
2016-07-15,surface_temperature_anomaly_C,1.06,24S-EQU
2016-07-15,surface_temperature_anomaly_C,0.67,44S-24S
2016-07-15,surface_temperature_anomaly_C,0.28,64S-44S
2016-07-15,surface_temperature_anomaly_C,0.37,90S-64S
2017-07-15,surface_temperature_anomaly_C,0.91,Glob
2017-07-15,surface_temperature_anomaly_C,1.17,NHem
2017-07-15,surface_temperature_anomaly_C,0.66,SHem
2017-07-15,surface_temperature_anomaly_C,1.38,24N-90N
2017-07-15,surface_temperature_anomaly_C,0.8,24S-24N
2017-07-15,surface_temperature_anomaly_C,0.6,90S-24S
2017-07-15,surface_temperature_anomaly_C,2.51,64N-90N
2017-07-15,surface_temperature_anomaly_C,1.38,44N-64N
2017-07-15,surface_temperature_anomaly_C,1.02,24N-44N
2017-07-15,surface_temperature_anomaly_C,0.85,EQU-24N
2017-07-15,surface_temperature_anomaly_C,0.75,24S-EQU
2017-07-15,surface_temperature_anomaly_C,0.76,44S-24S
2017-07-15,surface_temperature_anomaly_C,0.38,64S-44S
2017-07-15,surface_temperature_anomaly_C,0.52,90S-64S
2018-07-15,surface_temperature_anomaly_C,0.85,Glob
2018-07-15,surface_temperature_anomaly_C,1.04,NHem
2018-07-15,surface_temperature_anomaly_C,0.66,SHem
2018-07-15,surface_temperature_anomaly_C,1.25,24N-90N
2018-07-15,surface_temperature_anomaly_C,0.67,24S-24N
2018-07-15,surface_temperature_anomaly_C,0.69,90S-24S
2018-07-15,surface_temperature_anomaly_C,2.17,64N-90N
2018-07-15,surface_temperature_anomaly_C,1.09,44N-64N
2018-07-15,surface_temperature_anomaly_C,1.05,24N-44N
2018-07-15,surface_temperature_anomaly_C,0.73,EQU-24N
2018-07-15,surface_temperature_anomaly_C,0.62,24S-EQU
2018-07-15,surface_temperature_anomaly_C,0.79,44S-24S
2018-07-15,surface_temperature_anomaly_C,0.41,64S-44S
2018-07-15,surface_temperature_anomaly_C,0.92,90S-64S
2019-07-15,surface_temperature_anomaly_C,0.98,Glob
2019-07-15,surface_temperature_anomaly_C,1.21,NHem
2019-07-15,surface_temperature_anomaly_C,0.75,SHem
2019-07-15,surface_temperature_anomaly_C,1.42,24N-90N
2019-07-15,surface_temperature_anomaly_C,0.89,24S-24N
2019-07-15,surface_temperature_anomaly_C,0.64,90S-24S
2019-07-15,surface_temperature_anomaly_C,2.77,64N-90N
2019-07-15,surface_temperature_anomaly_C,1.43,44N-64N
2019-07-15,surface_temperature_anomaly_C,0.99,24N-44N
2019-07-15,surface_temperature_anomaly_C,0.9,EQU-24N
2019-07-15,surface_temperature_anomaly_C,0.89,24S-EQU
2019-07-15,surface_temperature_anomaly_C,0.74,44S-24S
2019-07-15,surface_temperature_anomaly_C,0.41,64S-44S
2019-07-15,surface_temperature_anomaly_C,0.82,90S-64S
2020-07-15,surface_temperature_anomaly_C,1.01,Glob
2020-07-15,surface_temperature_anomaly_C,1.34,NHem
2020-07-15,surface_temperature_anomaly_C,0.67,SHem
2020-07-15,surface_temperature_anomaly_C,1.66,24N-90N
2020-07-15,surface_temperature_anomaly_C,0.84,24S-24N
2020-07-15,surface_temperature_anomaly_C,0.57,90S-24S
2020-07-15,surface_temperature_anomaly_C,2.86,64N-90N
2020-07-15,surface_temperature_anomaly_C,1.81,44N-64N
2020-07-15,surface_temperature_anomaly_C,1.18,24N-44N
2020-07-15,surface_temperature_anomaly_C,0.87,EQU-24N
2020-07-15,surface_temperature_anomaly_C,0.82,24S-EQU
2020-07-15,surface_temperature_anomaly_C,0.59,44S-24S
2020-07-15,surface_temperature_anomaly_C,0.4,64S-44S
2020-07-15,surface_temperature_anomaly_C,0.85,90S-64S
2021-07-15,surface_temperature_anomaly_C,0.85,Glob
2021-07-15,surface_temperature_anomaly_C,1.14,NHem
2021-07-15,surface_temperature_anomaly_C,0.55,SHem
2021-07-15,surface_temperature_anomaly_C,1.43,24N-90N
2021-07-15,surface_temperature_anomaly_C,0.65,24S-24N
2021-07-15,surface_temperature_anomaly_C,0.53,90S-24S
2021-07-15,surface_temperature_anomaly_C,2.08,64N-90N
2021-07-15,surface_temperature_anomaly_C,1.36,44N-64N
2021-07-15,surface_temperature_anomaly_C,1.26,24N-44N
2021-07-15,surface_temperature_anomaly_C,0.71,EQU-24N
2021-07-15,surface_temperature_anomaly_C,0.58,24S-EQU
2021-07-15,surface_temperature_anomaly_C,0.73,44S-24S
2021-07-15,surface_temperature_anomaly_C,0.33,64S-44S
2021-07-15,surface_temperature_anomaly_C,0.3,90S-64S
2022-07-15,surface_temperature_anomaly_C,0.89,Glob
2022-07-15,surface_temperature_anomaly_C,1.15,NHem
2022-07-15,surface_temperature_anomaly_C,0.62,SHem
2022-07-15,surface_temperature_anomaly_C,1.52,24N-90N
2022-07-15,surface_temperature_anomaly_C,0.56,24S-24N
2022-07-15,surface_temperature_anomaly_C,0.7,90S-24S
2022-07-15,surface_temperature_anomaly_C,2.36,64N-90N
2022-07-15,surface_temperature_anomaly_C,1.5,44N-64N
2022-07-15,surface_temperature_anomaly_C,1.26,24N-44N
2022-07-15,surface_temperature_anomaly_C,0.62,EQU-24N
2022-07-15,surface_temperature_anomaly_C,0.5,24S-EQU
2022-07-15,surface_temperature_anomaly_C,0.79,44S-24S
2022-07-15,surface_temperature_anomaly_C,0.41,64S-44S
2022-07-15,surface_temperature_anomaly_C,1.06,90S-64S
2023-07-15,surface_temperature_anomaly_C,1.17,Glob
2023-07-15,surface_temperature_anomaly_C,1.49,NHem
2023-07-15,surface_temperature_anomaly_C,0.85,SHem
2023-07-15,surface_temperature_anomaly_C,1.77,24N-90N
2023-07-15,surface_temperature_anomaly_C,1.06,24S-24N
2023-07-15,surface_temperature_anomaly_C,0.71,90S-24S
2023-07-15,surface_temperature_anomaly_C,2.57,64N-90N
2023-07-15,surface_temperature_anomaly_C,1.86,44N-64N
2023-07-15,surface_temperature_anomaly_C,1.46,24N-44N
2023-07-15,surface_temperature_anomaly_C,1.07,EQU-24N
2023-07-15,surface_temperature_anomaly_C,1.04,24S-EQU
2023-07-15,surface_temperature_anomaly_C,0.9,44S-24S
2023-07-15,surface_temperature_anomaly_C,0.46,64S-44S
2023-07-15,surface_temperature_anomaly_C,0.6,90S-64S
2024-07-15,surface_temperature_anomaly_C,1.28,Glob
2024-07-15,surface_temperature_anomaly_C,1.65,NHem
2024-07-15,surface_temperature_anomaly_C,0.92,SHem
2024-07-15,surface_temperature_anomaly_C,1.95,24N-90N
2024-07-15,surface_temperature_anomaly_C,1.19,24S-24N
2024-07-15,surface_temperature_anomaly_C,0.75,90S-24S
2024-07-15,surface_temperature_anomaly_C,2.91,64N-90N
2024-07-15,surface_temperature_anomaly_C,1.96,44N-64N
2024-07-15,surface_temperature_anomaly_C,1.64,24N-44N
2024-07-15,surface_temperature_anomaly_C,1.21,EQU-24N
2024-07-15,surface_temperature_anomaly_C,1.16,24S-EQU
2024-07-15,surface_temperature_anomaly_C,0.88,44S-24S
2024-07-15,surface_temperature_anomaly_C,0.54,64S-44S
2024-07-15,surface_temperature_anomaly_C,0.72,90S-64S
2025-07-15,surface_temperature_anomaly_C,1.19,Glob
2025-07-15,surface_temperature_anomaly_C,1.48,NHem
2025-07-15,surface_temperature_anomaly_C,0.89,SHem
2025-07-15,surface_temperature_anomaly_C,1.91,24N-90N
2025-07-15,surface_temperature_anomaly_C,0.85,24S-24N
2025-07-15,surface_temperature_anomaly_C,0.92,90S-24S
2025-07-15,surface_temperature_anomaly_C,2.98,64N-90N
2025-07-15,surface_temperature_anomaly_C,1.99,44N-64N
2025-07-15,surface_temperature_anomaly_C,1.53,24N-44N
2025-07-15,surface_temperature_anomaly_C,0.85,EQU-24N
2025-07-15,surface_temperature_anomaly_C,0.85,24S-EQU
2025-07-15,surface_temperature_anomaly_C,0.97,44S-24S
2025-07-15,surface_temperature_anomaly_C,0.55,64S-44S
2025-07-15,surface_temperature_anomaly_C,1.56,90S-64S
