source_id,mass_solar,metallicity,element,yield_mass,uncertainty,model_family,initial_abundance_reference,citation
LC18_m15,15.0,0.013000000000000001,Al,0.00436739671824,,LC18,iniab1.3E-02As09_As09_merged,"Limongi, M., & Chieffi, A. 2018, ApJS, 237, 13, doi: 10.3847/1538-4365/aacb24"
LC18_m15,15.0,0.013000000000000001,Ar,0.00785650239617,,LC18,iniab1.3E-02As09_As09_merged,"Limongi, M., & Chieffi, A. 2018, ApJS, 237, 13, doi: 10.3847/1538-4365/aacb24"
LC18_m15,15.0,0.013000000000000001,As,6.30799117103e-07,,LC18,iniab1.3E-02As09_As09_merged,"Limongi, M., & Chieffi, A. 2018, ApJS, 237, 13, doi: 10.3847/1538-4365/aacb24"
LC18_m15,15.0,0.013000000000000001,B,7.28498964387e-09,,LC18,iniab1.3E-02As09_As09_merged,"Limongi, M., & Chieffi, A. 2018, ApJS, 237, 13, doi: 10.3847/1538-4365/aacb24"
LC18_m15,15.0,0.013000000000000001,Be,5.1367153597e-12,,LC18,iniab1.3E-02As09_As09_merged,"Limongi, M., & Chieffi, A. 2018, ApJS, 237, 13, doi: 10.3847/1538-4365/aacb24"
LC18_m15,15.0,0.013000000000000001,Br,3.08830945882e-07,,LC18,iniab1.3E-02As09_As09_merged,"Limongi, M., & Chieffi, A. 2018, ApJS, 237, 13, doi: 10.3847/1538-4365/aacb24"
LC18_m15,15.0,0.013000000000000001,C,0.218992293057,,LC18,iniab1.3E-02As09_As09_merged,"Limongi, M., & Chieffi, A. 2018, ApJS, 237, 13, doi: 10.3847/1538-4365/aacb24"
LC18_m15,15.0,0.013000000000000001,Ca,0.0057612347817,,LC18,iniab1.3E-02As09_As09_merged,"Limongi, M., & Chieffi, A. 2018, ApJS, 237, 13, doi: 10.3847/1538-4365/aacb24"
LC18_m15,15.0,0.013000000000000001,Cl,0.000274351473542,,LC18,iniab1.3E-02As09_As09_merged,"Limongi, M., & Chieffi, A. 2018, ApJS, 237, 13, doi: 10.3847/1538-4365/aacb24"
LC18_m15,15.0,0.013000000000000001,Co,0.000720226715424,,LC18,iniab1.3E-02As09_As09_merged,"Limongi, M., & Chieffi, A. 2018, ApJS, 237, 13, doi: 10.3847/1538-4365/aacb24"
LC18_m15,15.0,0.013000000000000001,Cr,0.000351336409282,,LC18,iniab1.3E-02As09_As09_merged,"Limongi, M., & Chieffi, A. 2018, ApJS, 237, 13, doi: 10.3847/1538-4365/aacb24"
LC18_m15,15.0,0.013000000000000001,Cu,5.72846577503e-05,,LC18,iniab1.3E-02As09_As09_merged,"Limongi, M., & Chieffi, A. 2018, ApJS, 237, 13, doi: 10.3847/1538-4365/aacb24"
LC18_m15,15.0,0.013000000000000001,F,3.42335910007e-06,,LC18,iniab1.3E-02As09_As09_merged,"Limongi, M., & Chieffi, A. 2018, ApJS, 237, 13, doi: 10.3847/1538-4365/aacb24"
LC18_m15,15.0,0.013000000000000001,Fe,0.0198472922944,,LC18,iniab1.3E-02As09_As09_merged,"Limongi, M., & Chieffi, A. 2018, ApJS, 237, 13, doi: 10.3847/1538-4365/aacb24"
LC18_m15,15.0,0.013000000000000001,Ga,7.96686489766e-06,,LC18,iniab1.3E-02As09_As09_merged,"Limongi, M., & Chieffi, A. 2018, ApJS, 237, 13, doi: 10.3847/1538-4365/aacb24"
LC18_m15,15.0,0.013000000000000001,Ge,8.56226204532e-06,,LC18,iniab1.3E-02As09_As09_merged,"Limongi, M., & Chieffi, A. 2018, ApJS, 237, 13, doi: 10.3847/1538-4365/aacb24"
LC18_m15,15.0,0.013000000000000001,H,5.66568481461,,LC18,iniab1.3E-02As09_As09_merged,"Limongi, M., & Chieffi, A. 2018, ApJS, 237, 13, doi: 10.3847/1538-4365/aacb24"
LC18_m15,15.0,0.013000000000000001,He,4.62344088462,,LC18,iniab1.3E-02As09_As09_merged,"Limongi, M., & Chieffi, A. 2018, ApJS, 237, 13, doi: 10.3847/1538-4365/aacb24"
LC18_m15,15.0,0.013000000000000001,K,0.000103856678347,,LC18,iniab1.3E-02As09_As09_merged,"Limongi, M., & Chieffi, A. 2018, ApJS, 237, 13, doi: 10.3847/1538-4365/aacb24"
LC18_m15,15.0,0.013000000000000001,Kr,1.72724478056e-06,,LC18,iniab1.3E-02As09_As09_merged,"Limongi, M., & Chieffi, A. 2018, ApJS, 237, 13, doi: 10.3847/1538-4365/aacb24"
LC18_m15,15.0,0.013000000000000001,Li,3.81920583126e-15,,LC18,iniab1.3E-02As09_As09_merged,"Limongi, M., & Chieffi, A. 2018, ApJS, 237, 13, doi: 10.3847/1538-4365/aacb24"
LC18_m15,15.0,0.013000000000000001,Mg,0.0459042120514,,LC18,iniab1.3E-02As09_As09_merged,"Limongi, M., & Chieffi, A. 2018, ApJS, 237, 13, doi: 10.3847/1538-4365/aacb24"
LC18_m15,15.0,0.013000000000000001,Mn,0.000412615982058,,LC18,iniab1.3E-02As09_As09_merged,"Limongi, M., & Chieffi, A. 2018, ApJS, 237, 13, doi: 10.3847/1538-4365/aacb24"
LC18_m15,15.0,0.013000000000000001,Mo,6.65317752566e-08,,LC18,iniab1.3E-02As09_As09_merged,"Limongi, M., & Chieffi, A. 2018, ApJS, 237, 13, doi: 10.3847/1538-4365/aacb24"
LC18_m15,15.0,0.013000000000000001,N,0.0326944715782,,LC18,iniab1.3E-02As09_As09_merged,"Limongi, M., & Chieffi, A. 2018, ApJS, 237, 13, doi: 10.3847/1538-4365/aacb24"
LC18_m15,15.0,0.013000000000000001,Na,0.00236569487422,,LC18,iniab1.3E-02As09_As09_merged,"Limongi, M., & Chieffi, A. 2018, ApJS, 237, 13, doi: 10.3847/1538-4365/aacb24"
LC18_m15,15.0,0.013000000000000001,Nb,1.99973014502e-08,,LC18,iniab1.3E-02As09_As09_merged,"Limongi, M., & Chieffi, A. 2018, ApJS, 237, 13, doi: 10.3847/1538-4365/aacb24"
LC18_m15,15.0,0.013000000000000001,Ne,0.139184499726,,LC18,iniab1.3E-02As09_As09_merged,"Limongi, M., & Chieffi, A. 2018, ApJS, 237, 13, doi: 10.3847/1538-4365/aacb24"
LC18_m15,15.0,0.013000000000000001,Ni,0.0800889281259,,LC18,iniab1.3E-02As09_As09_merged,"Limongi, M., & Chieffi, A. 2018, ApJS, 237, 13, doi: 10.3847/1538-4365/aacb24"
LC18_m15,15.0,0.013000000000000001,O,0.576925966216,,LC18,iniab1.3E-02As09_As09_merged,"Limongi, M., & Chieffi, A. 2018, ApJS, 237, 13, doi: 10.3847/1538-4365/aacb24"
LC18_m15,15.0,0.013000000000000001,P,0.000839835274318,,LC18,iniab1.3E-02As09_As09_merged,"Limongi, M., & Chieffi, A. 2018, ApJS, 237, 13, doi: 10.3847/1538-4365/aacb24"
LC18_m15,15.0,0.013000000000000001,Rb,3.64675337832e-07,,LC18,iniab1.3E-02As09_As09_merged,"Limongi, M., & Chieffi, A. 2018, ApJS, 237, 13, doi: 10.3847/1538-4365/aacb24"
LC18_m15,15.0,0.013000000000000001,S,0.0433126670828,,LC18,iniab1.3E-02As09_As09_merged,"Limongi, M., & Chieffi, A. 2018, ApJS, 237, 13, doi: 10.3847/1538-4365/aacb24"
LC18_m15,15.0,0.013000000000000001,Sc,1.43582481049e-06,,LC18,iniab1.3E-02As09_As09_merged,"Limongi, M., & Chieffi, A. 2018, ApJS, 237, 13, doi: 10.3847/1538-4365/aacb24"
LC18_m15,15.0,0.013000000000000001,Se,2.5990895552e-06,,LC18,iniab1.3E-02As09_As09_merged,"Limongi, M., & Chieffi, A. 2018, ApJS, 237, 13, doi: 10.3847/1538-4365/aacb24"
LC18_m15,15.0,0.013000000000000001,Si,0.110625926557,,LC18,iniab1.3E-02As09_As09_merged,"Limongi, M., & Chieffi, A. 2018, ApJS, 237, 13, doi: 10.3847/1538-4365/aacb24"
LC18_m15,15.0,0.013000000000000001,Sr,8.87959483863e-07,,LC18,iniab1.3E-02As09_As09_merged,"Limongi, M., & Chieffi, A. 2018, ApJS, 237, 13, doi: 10.3847/1538-4365/aacb24"
LC18_m15,15.0,0.013000000000000001,Ti,7.34709577773e-05,,LC18,iniab1.3E-02As09_As09_merged,"Limongi, M., & Chieffi, A. 2018, ApJS, 237, 13, doi: 10.3847/1538-4365/aacb24"
LC18_m15,15.0,0.013000000000000001,V,8.84211420133e-06,,LC18,iniab1.3E-02As09_As09_merged,"Limongi, M., & Chieffi, A. 2018, ApJS, 237, 13, doi: 10.3847/1538-4365/aacb24"
LC18_m15,15.0,0.013000000000000001,Y,1.57646943865e-07,,LC18,iniab1.3E-02As09_As09_merged,"Limongi, M., & Chieffi, A. 2018, ApJS, 237, 13, doi: 10.3847/1538-4365/aacb24"
LC18_m15,15.0,0.013000000000000001,Zn,0.000597310076427,,LC18,iniab1.3E-02As09_As09_merged,"Limongi, M., & Chieffi, A. 2018, ApJS, 237, 13, doi: 10.3847/1538-4365/aacb24"
LC18_m15,15.0,0.013000000000000001,Zr,3.26734252706e-07,,LC18,iniab1.3E-02As09_As09_merged,"Limongi, M., & Chieffi, A. 2018, ApJS, 237, 13, doi: 10.3847/1538-4365/aacb24"
LC18_m20,20.0,0.013000000000000001,Al,0.0113825879956,,LC18,iniab1.3E-02As09_As09_merged,"Limongi, M., & Chieffi, A. 2018, ApJS, 237, 13, doi: 10.3847/1538-4365/aacb24"
LC18_m20,20.0,0.013000000000000001,Ar,0.00764375222345,,LC18,iniab1.3E-02As09_As09_merged,"Limongi, M., & Chieffi, A. 2018, ApJS, 237, 13, doi: 10.3847/1538-4365/aacb24"
LC18_m20,20.0,0.013000000000000001,As,2.0569876123e-06,,LC18,iniab1.3E-02As09_As09_merged,"Limongi, M., & Chieffi, A. 2018, ApJS, 237, 13, doi: 10.3847/1538-4365/aacb24"
LC18_m20,20.0,0.013000000000000001,B,1.11127613142e-18,,LC18,iniab1.3E-02As09_As09_merged,"Limongi, M., & Chieffi, A. 2018, ApJS, 237, 13, doi: 10.3847/1538-4365/aacb24"
LC18_m20,20.0,0.013000000000000001,Be,1.18673479631e-14,,LC18,iniab1.3E-02As09_As09_merged,"Limongi, M., & Chieffi, A. 2018, ApJS, 237, 13, doi: 10.3847/1538-4365/aacb24"
LC18_m20,20.0,0.013000000000000001,Br,5.55773818974e-07,,LC18,iniab1.3E-02As09_As09_merged,"Limongi, M., & Chieffi, A. 2018, ApJS, 237, 13, doi: 10.3847/1538-4365/aacb24"
LC18_m20,20.0,0.013000000000000001,C,0.391586542168,,LC18,iniab1.3E-02As09_As09_merged,"Limongi, M., & Chieffi, A. 2018, ApJS, 237, 13, doi: 10.3847/1538-4365/aacb24"
LC18_m20,20.0,0.013000000000000001,Ca,0.00568639906042,,LC18,iniab1.3E-02As09_As09_merged,"Limongi, M., & Chieffi, A. 2018, ApJS, 237, 13, doi: 10.3847/1538-4365/aacb24"
LC18_m20,20.0,0.013000000000000001,Cl,0.000266140823154,,LC18,iniab1.3E-02As09_As09_merged,"Limongi, M., & Chieffi, A. 2018, ApJS, 237, 13, doi: 10.3847/1538-4365/aacb24"
LC18_m20,20.0,0.013000000000000001,Co,0.00094837098326,,LC18,iniab1.3E-02As09_As09_merged,"Limongi, M., & Chieffi, A. 2018, ApJS, 237, 13, doi: 10.3847/1538-4365/aacb24"
LC18_m20,20.0,0.013000000000000001,Cr,0.000277406485811,,LC18,iniab1.3E-02As09_As09_merged,"Limongi, M., & Chieffi, A. 2018, ApJS, 237, 13, doi: 10.3847/1538-4365/aacb24"
LC18_m20,20.0,0.013000000000000001,Cu,0.000105449867151,,LC18,iniab1.3E-02As09_As09_merged,"Limongi, M., & Chieffi, A. 2018, ApJS, 237, 13, doi: 10.3847/1538-4365/aacb24"
LC18_m20,20.0,0.013000000000000001,F,5.6362469165e-07,,LC18,iniab1.3E-02As09_As09_merged,"Limongi, M., & Chieffi, A. 2018, ApJS, 237, 13, doi: 10.3847/1538-4365/aacb24"
LC18_m20,20.0,0.013000000000000001,Fe,0.0127156863195,,LC18,iniab1.3E-02As09_As09_merged,"Limongi, M., & Chieffi, A. 2018, ApJS, 237, 13, doi: 10.3847/1538-4365/aacb24"
LC18_m20,20.0,0.013000000000000001,Ga,1.51443633103e-05,,LC18,iniab1.3E-02As09_As09_merged,"Limongi, M., & Chieffi, A. 2018, ApJS, 237, 13, doi: 10.3847/1538-4365/aacb24"
LC18_m20,20.0,0.013000000000000001,Ge,2.37779084891e-05,,LC18,iniab1.3E-02As09_As09_merged,"Limongi, M., & Chieffi, A. 2018, ApJS, 237, 13, doi: 10.3847/1538-4365/aacb24"
LC18_m20,20.0,0.013000000000000001,H,0.0593009042451,,LC18,iniab1.3E-02As09_As09_merged,"Limongi, M., & Chieffi, A. 2018, ApJS, 237, 13, doi: 10.3847/1538-4365/aacb24"
LC18_m20,20.0,0.013000000000000001,He,3.37435296064,,LC18,iniab1.3E-02As09_As09_merged,"Limongi, M., & Chieffi, A. 2018, ApJS, 237, 13, doi: 10.3847/1538-4365/aacb24"
LC18_m20,20.0,0.013000000000000001,K,9.23794987458e-05,,LC18,iniab1.3E-02As09_As09_merged,"Limongi, M., & Chieffi, A. 2018, ApJS, 237, 13, doi: 10.3847/1538-4365/aacb24"
LC18_m20,20.0,0.013000000000000001,Kr,3.53745321836e-06,,LC18,iniab1.3E-02As09_As09_merged,"Limongi, M., & Chieffi, A. 2018, ApJS, 237, 13, doi: 10.3847/1538-4365/aacb24"
LC18_m20,20.0,0.013000000000000001,Li,4.37974941325e-18,,LC18,iniab1.3E-02As09_As09_merged,"Limongi, M., & Chieffi, A. 2018, ApJS, 237, 13, doi: 10.3847/1538-4365/aacb24"
LC18_m20,20.0,0.013000000000000001,Mg,0.121560525775,,LC18,iniab1.3E-02As09_As09_merged,"Limongi, M., & Chieffi, A. 2018, ApJS, 237, 13, doi: 10.3847/1538-4365/aacb24"
LC18_m20,20.0,0.013000000000000001,Mn,0.000364519225562,,LC18,iniab1.3E-02As09_As09_merged,"Limongi, M., & Chieffi, A. 2018, ApJS, 237, 13, doi: 10.3847/1538-4365/aacb24"
LC18_m20,20.0,0.013000000000000001,Mo,4.13775852192e-08,,LC18,iniab1.3E-02As09_As09_merged,"Limongi, M., & Chieffi, A. 2018, ApJS, 237, 13, doi: 10.3847/1538-4365/aacb24"
LC18_m20,20.0,0.013000000000000001,N,0.0107711377937,,LC18,iniab1.3E-02As09_As09_merged,"Limongi, M., & Chieffi, A. 2018, ApJS, 237, 13, doi: 10.3847/1538-4365/aacb24"
LC18_m20,20.0,0.013000000000000001,Na,0.00595920306484,,LC18,iniab1.3E-02As09_As09_merged,"Limongi, M., & Chieffi, A. 2018, ApJS, 237, 13, doi: 10.3847/1538-4365/aacb24"
LC18_m20,20.0,0.013000000000000001,Nb,6.04813669347e-09,,LC18,iniab1.3E-02As09_As09_merged,"Limongi, M., & Chieffi, A. 2018, ApJS, 237, 13, doi: 10.3847/1538-4365/aacb24"
LC18_m20,20.0,0.013000000000000001,Ne,0.404397787247,,LC18,iniab1.3E-02As09_As09_merged,"Limongi, M., & Chieffi, A. 2018, ApJS, 237, 13, doi: 10.3847/1538-4365/aacb24"
LC18_m20,20.0,0.013000000000000001,Ni,0.0800183346196,,LC18,iniab1.3E-02As09_As09_merged,"Limongi, M., & Chieffi, A. 2018, ApJS, 237, 13, doi: 10.3847/1538-4365/aacb24"
LC18_m20,20.0,0.013000000000000001,O,1.19786887504,,LC18,iniab1.3E-02As09_As09_merged,"Limongi, M., & Chieffi, A. 2018, ApJS, 237, 13, doi: 10.3847/1538-4365/aacb24"
LC18_m20,20.0,0.013000000000000001,P,0.00119752532191,,LC18,iniab1.3E-02As09_As09_merged,"Limongi, M., & Chieffi, A. 2018, ApJS, 237, 13, doi: 10.3847/1538-4365/aacb24"
LC18_m20,20.0,0.013000000000000001,Rb,6.22988339247e-07,,LC18,iniab1.3E-02As09_As09_merged,"Limongi, M., & Chieffi, A. 2018, ApJS, 237, 13, doi: 10.3847/1538-4365/aacb24"
LC18_m20,20.0,0.013000000000000001,S,0.0437417132182,,LC18,iniab1.3E-02As09_As09_merged,"Limongi, M., & Chieffi, A. 2018, ApJS, 237, 13, doi: 10.3847/1538-4365/aacb24"
LC18_m20,20.0,0.013000000000000001,Sc,3.6353445363e-06,,LC18,iniab1.3E-02As09_As09_merged,"Limongi, M., & Chieffi, A. 2018, ApJS, 237, 13, doi: 10.3847/1538-4365/aacb24"
LC18_m20,20.0,0.013000000000000001,Se,6.94408834016e-06,,LC18,iniab1.3E-02As09_As09_merged,"Limongi, M., & Chieffi, A. 2018, ApJS, 237, 13, doi: 10.3847/1538-4365/aacb24"
LC18_m20,20.0,0.013000000000000001,Si,0.141441382789,,LC18,iniab1.3E-02As09_As09_merged,"Limongi, M., & Chieffi, A. 2018, ApJS, 237, 13, doi: 10.3847/1538-4365/aacb24"
LC18_m20,20.0,0.013000000000000001,Sr,1.53359138785e-06,,LC18,iniab1.3E-02As09_As09_merged,"Limongi, M., & Chieffi, A. 2018, ApJS, 237, 13, doi: 10.3847/1538-4365/aacb24"
LC18_m20,20.0,0.013000000000000001,Ti,7.09115427009e-05,,LC18,iniab1.3E-02As09_As09_merged,"Limongi, M., & Chieffi, A. 2018, ApJS, 237, 13, doi: 10.3847/1538-4365/aacb24"
LC18_m20,20.0,0.013000000000000001,V,7.96673364605e-06,,LC18,iniab1.3E-02As09_As09_merged,"Limongi, M., & Chieffi, A. 2018, ApJS, 237, 13, doi: 10.3847/1538-4365/aacb24"
LC18_m20,20.0,0.013000000000000001,Y,2.09401615298e-07,,LC18,iniab1.3E-02As09_As09_merged,"Limongi, M., & Chieffi, A. 2018, ApJS, 237, 13, doi: 10.3847/1538-4365/aacb24"
LC18_m20,20.0,0.013000000000000001,Zn,0.00068784162243,,LC18,iniab1.3E-02As09_As09_merged,"Limongi, M., & Chieffi, A. 2018, ApJS, 237, 13, doi: 10.3847/1538-4365/aacb24"
LC18_m20,20.0,0.013000000000000001,Zr,3.18779048071e-07,,LC18,iniab1.3E-02As09_As09_merged,"Limongi, M., & Chieffi, A. 2018, ApJS, 237, 13, doi: 10.3847/1538-4365/aacb24"
LC18_m25,25.0,0.013000000000000001,Al,0.0167547984875,,LC18,iniab1.3E-02As09_As09_merged,"Limongi, M., & Chieffi, A. 2018, ApJS, 237, 13, doi: 10.3847/1538-4365/aacb24"
LC18_m25,25.0,0.013000000000000001,Ar,0.00816771826762,,LC18,iniab1.3E-02As09_As09_merged,"Limongi, M., & Chieffi, A. 2018, ApJS, 237, 13, doi: 10.3847/1538-4365/aacb24"
LC18_m25,25.0,0.013000000000000001,As,8.14013984122e-06,,LC18,iniab1.3E-02As09_As09_merged,"Limongi, M., & Chieffi, A. 2018, ApJS, 237, 13, doi: 10.3847/1538-4365/aacb24"
LC18_m25,25.0,0.013000000000000001,B,9.06050204567e-19,,LC18,iniab1.3E-02As09_As09_merged,"Limongi, M., & Chieffi, A. 2018, ApJS, 237, 13, doi: 10.3847/1538-4365/aacb24"
LC18_m25,25.0,0.013000000000000001,Be,5.78626392727e-29,,LC18,iniab1.3E-02As09_As09_merged,"Limongi, M., & Chieffi, A. 2018, ApJS, 237, 13, doi: 10.3847/1538-4365/aacb24"
LC18_m25,25.0,0.013000000000000001,Br,2.47331777021e-06,,LC18,iniab1.3E-02As09_As09_merged,"Limongi, M., & Chieffi, A. 2018, ApJS, 237, 13, doi: 10.3847/1538-4365/aacb24"
LC18_m25,25.0,0.013000000000000001,C,0.597851011008,,LC18,iniab1.3E-02As09_As09_merged,"Limongi, M., & Chieffi, A. 2018, ApJS, 237, 13, doi: 10.3847/1538-4365/aacb24"
LC18_m25,25.0,0.013000000000000001,Ca,0.00464642763197,,LC18,iniab1.3E-02As09_As09_merged,"Limongi, M., & Chieffi, A. 2018, ApJS, 237, 13, doi: 10.3847/1538-4365/aacb24"
LC18_m25,25.0,0.013000000000000001,Cl,0.000587765934702,,LC18,iniab1.3E-02As09_As09_merged,"Limongi, M., & Chieffi, A. 2018, ApJS, 237, 13, doi: 10.3847/1538-4365/aacb24"
LC18_m25,25.0,0.013000000000000001,Co,0.0011106008407,,LC18,iniab1.3E-02As09_As09_merged,"Limongi, M., & Chieffi, A. 2018, ApJS, 237, 13, doi: 10.3847/1538-4365/aacb24"
LC18_m25,25.0,0.013000000000000001,Cr,0.000253792968923,,LC18,iniab1.3E-02As09_As09_merged,"Limongi, M., & Chieffi, A. 2018, ApJS, 237, 13, doi: 10.3847/1538-4365/aacb24"
LC18_m25,25.0,0.013000000000000001,Cu,0.000210375663024,,LC18,iniab1.3E-02As09_As09_merged,"Limongi, M., & Chieffi, A. 2018, ApJS, 237, 13, doi: 10.3847/1538-4365/aacb24"
LC18_m25,25.0,0.013000000000000001,F,5.58997198066e-07,,LC18,iniab1.3E-02As09_As09_merged,"Limongi, M., & Chieffi, A. 2018, ApJS, 237, 13, doi: 10.3847/1538-4365/aacb24"
LC18_m25,25.0,0.013000000000000001,Fe,0.00901892842795,,LC18,iniab1.3E-02As09_As09_merged,"Limongi, M., & Chieffi, A. 2018, ApJS, 237, 13, doi: 10.3847/1538-4365/aacb24"
LC18_m25,25.0,0.013000000000000001,Ga,3.98512426596e-05,,LC18,iniab1.3E-02As09_As09_merged,"Limongi, M., & Chieffi, A. 2018, ApJS, 237, 13, doi: 10.3847/1538-4365/aacb24"
LC18_m25,25.0,0.013000000000000001,Ge,9.68061922592e-05,,LC18,iniab1.3E-02As09_As09_merged,"Limongi, M., & Chieffi, A. 2018, ApJS, 237, 13, doi: 10.3847/1538-4365/aacb24"
LC18_m25,25.0,0.013000000000000001,H,1.95127879593e-31,,LC18,iniab1.3E-02As09_As09_merged,"Limongi, M., & Chieffi, A. 2018, ApJS, 237, 13, doi: 10.3847/1538-4365/aacb24"
LC18_m25,25.0,0.013000000000000001,He,2.2277202208,,LC18,iniab1.3E-02As09_As09_merged,"Limongi, M., & Chieffi, A. 2018, ApJS, 237, 13, doi: 10.3847/1538-4365/aacb24"
LC18_m25,25.0,0.013000000000000001,K,0.000159365035967,,LC18,iniab1.3E-02As09_As09_merged,"Limongi, M., & Chieffi, A. 2018, ApJS, 237, 13, doi: 10.3847/1538-4365/aacb24"
LC18_m25,25.0,0.013000000000000001,Kr,1.34615178211e-05,,LC18,iniab1.3E-02As09_As09_merged,"Limongi, M., & Chieffi, A. 2018, ApJS, 237, 13, doi: 10.3847/1538-4365/aacb24"
LC18_m25,25.0,0.013000000000000001,Li,2.34314264862e-22,,LC18,iniab1.3E-02As09_As09_merged,"Limongi, M., & Chieffi, A. 2018, ApJS, 237, 13, doi: 10.3847/1538-4365/aacb24"
LC18_m25,25.0,0.013000000000000001,Mg,0.1482290874,,LC18,iniab1.3E-02As09_As09_merged,"Limongi, M., & Chieffi, A. 2018, ApJS, 237, 13, doi: 10.3847/1538-4365/aacb24"
LC18_m25,25.0,0.013000000000000001,Mn,0.000261104514785,,LC18,iniab1.3E-02As09_As09_merged,"Limongi, M., & Chieffi, A. 2018, ApJS, 237, 13, doi: 10.3847/1538-4365/aacb24"
LC18_m25,25.0,0.013000000000000001,Mo,6.17414710753e-08,,LC18,iniab1.3E-02As09_As09_merged,"Limongi, M., & Chieffi, A. 2018, ApJS, 237, 13, doi: 10.3847/1538-4365/aacb24"
LC18_m25,25.0,0.013000000000000001,N,0.00437663694454,,LC18,iniab1.3E-02As09_As09_merged,"Limongi, M., & Chieffi, A. 2018, ApJS, 237, 13, doi: 10.3847/1538-4365/aacb24"
LC18_m25,25.0,0.013000000000000001,Na,0.0205390388942,,LC18,iniab1.3E-02As09_As09_merged,"Limongi, M., & Chieffi, A. 2018, ApJS, 237, 13, doi: 10.3847/1538-4365/aacb24"
LC18_m25,25.0,0.013000000000000001,Nb,5.78345768575e-09,,LC18,iniab1.3E-02As09_As09_merged,"Limongi, M., & Chieffi, A. 2018, ApJS, 237, 13, doi: 10.3847/1538-4365/aacb24"
LC18_m25,25.0,0.013000000000000001,Ne,0.869162753124,,LC18,iniab1.3E-02As09_As09_merged,"Limongi, M., & Chieffi, A. 2018, ApJS, 237, 13, doi: 10.3847/1538-4365/aacb24"
LC18_m25,25.0,0.013000000000000001,Ni,0.0810832123765,,LC18,iniab1.3E-02As09_As09_merged,"Limongi, M., & Chieffi, A. 2018, ApJS, 237, 13, doi: 10.3847/1538-4365/aacb24"
LC18_m25,25.0,0.013000000000000001,O,2.40941955586,,LC18,iniab1.3E-02As09_As09_merged,"Limongi, M., & Chieffi, A. 2018, ApJS, 237, 13, doi: 10.3847/1538-4365/aacb24"
LC18_m25,25.0,0.013000000000000001,P,0.00145029383004,,LC18,iniab1.3E-02As09_As09_merged,"Limongi, M., & Chieffi, A. 2018, ApJS, 237, 13, doi: 10.3847/1538-4365/aacb24"
LC18_m25,25.0,0.013000000000000001,Rb,1.79000739657e-06,,LC18,iniab1.3E-02As09_As09_merged,"Limongi, M., & Chieffi, A. 2018, ApJS, 237, 13, doi: 10.3847/1538-4365/aacb24"
LC18_m25,25.0,0.013000000000000001,S,0.0464466460413,,LC18,iniab1.3E-02As09_As09_merged,"Limongi, M., & Chieffi, A. 2018, ApJS, 237, 13, doi: 10.3847/1538-4365/aacb24"
LC18_m25,25.0,0.013000000000000001,Sc,9.47515379138e-06,,LC18,iniab1.3E-02As09_As09_merged,"Limongi, M., & Chieffi, A. 2018, ApJS, 237, 13, doi: 10.3847/1538-4365/aacb24"
LC18_m25,25.0,0.013000000000000001,Se,3.25751292704e-05,,LC18,iniab1.3E-02As09_As09_merged,"Limongi, M., & Chieffi, A. 2018, ApJS, 237, 13, doi: 10.3847/1538-4365/aacb24"
LC18_m25,25.0,0.013000000000000001,Si,0.122914036939,,LC18,iniab1.3E-02As09_As09_merged,"Limongi, M., & Chieffi, A. 2018, ApJS, 237, 13, doi: 10.3847/1538-4365/aacb24"
LC18_m25,25.0,0.013000000000000001,Sr,3.55521117483e-06,,LC18,iniab1.3E-02As09_As09_merged,"Limongi, M., & Chieffi, A. 2018, ApJS, 237, 13, doi: 10.3847/1538-4365/aacb24"
LC18_m25,25.0,0.013000000000000001,Ti,0.000115949586915,,LC18,iniab1.3E-02As09_As09_merged,"Limongi, M., & Chieffi, A. 2018, ApJS, 237, 13, doi: 10.3847/1538-4365/aacb24"
LC18_m25,25.0,0.013000000000000001,V,7.7351614508e-06,,LC18,iniab1.3E-02As09_As09_merged,"Limongi, M., & Chieffi, A. 2018, ApJS, 237, 13, doi: 10.3847/1538-4365/aacb24"
LC18_m25,25.0,0.013000000000000001,Y,5.2172560889e-07,,LC18,iniab1.3E-02As09_As09_merged,"Limongi, M., & Chieffi, A. 2018, ApJS, 237, 13, doi: 10.3847/1538-4365/aacb24"
LC18_m25,25.0,0.013000000000000001,Zn,0.000910032599662,,LC18,iniab1.3E-02As09_As09_merged,"Limongi, M., & Chieffi, A. 2018, ApJS, 237, 13, doi: 10.3847/1538-4365/aacb24"
LC18_m25,25.0,0.013000000000000001,Zr,7.72686253312e-07,,LC18,iniab1.3E-02As09_As09_merged,"Limongi, M., & Chieffi, A. 2018, ApJS, 237, 13, doi: 10.3847/1538-4365/aacb24"
La22_m15,15.0,0.02,Ag,1.51999473121e-09,,La22,iniab2.0E-02GN93_Lo03,"Lawson, T. V., Pignatari, M., Stancliffe, R. J., et al. 2022, MNRAS, 511, 886, doi: 10.1093/mnras/stab3684"
La22_m15,15.0,0.02,Al,0.00527911682374,,La22,iniab2.0E-02GN93_Lo03,"Lawson, T. V., Pignatari, M., Stancliffe, R. J., et al. 2022, MNRAS, 511, 886, doi: 10.1093/mnras/stab3684"
La22_m15,15.0,0.02,Ar,0.00526032643872,,La22,iniab2.0E-02GN93_Lo03,"Lawson, T. V., Pignatari, M., Stancliffe, R. J., et al. 2022, MNRAS, 511, 886, doi: 10.1093/mnras/stab3684"
La22_m15,15.0,0.02,As,9.00972314131e-07,,La22,iniab2.0E-02GN93_Lo03,"Lawson, T. V., Pignatari, M., Stancliffe, R. J., et al. 2022, MNRAS, 511, 886, doi: 10.1093/mnras/stab3684"
La22_m15,15.0,0.02,Au,1.98264269866e-10,,La22,iniab2.0E-02GN93_Lo03,"Lawson, T. V., Pignatari, M., Stancliffe, R. J., et al. 2022, MNRAS, 511, 886, doi: 10.1093/mnras/stab3684"
La22_m15,15.0,0.02,B,3.0469068352e-09,,La22,iniab2.0E-02GN93_Lo03,"Lawson, T. V., Pignatari, M., Stancliffe, R. J., et al. 2022, MNRAS, 511, 886, doi: 10.1093/mnras/stab3684"
La22_m15,15.0,0.02,Ba,7.7426975538e-08,,La22,iniab2.0E-02GN93_Lo03,"Lawson, T. V., Pignatari, M., Stancliffe, R. J., et al. 2022, MNRAS, 511, 886, doi: 10.1093/mnras/stab3684"
La22_m15,15.0,0.02,Be,9.96014362193e-17,,La22,iniab2.0E-02GN93_Lo03,"Lawson, T. V., Pignatari, M., Stancliffe, R. J., et al. 2022, MNRAS, 511, 886, doi: 10.1093/mnras/stab3684"
La22_m15,15.0,0.02,Bi,7.45868104271e-11,,La22,iniab2.0E-02GN93_Lo03,"Lawson, T. V., Pignatari, M., Stancliffe, R. J., et al. 2022, MNRAS, 511, 886, doi: 10.1093/mnras/stab3684"
La22_m15,15.0,0.02,Br,4.98338132887e-07,,La22,iniab2.0E-02GN93_Lo03,"Lawson, T. V., Pignatari, M., Stancliffe, R. J., et al. 2022, MNRAS, 511, 886, doi: 10.1093/mnras/stab3684"
La22_m15,15.0,0.02,C,0.13228476853,,La22,iniab2.0E-02GN93_Lo03,"Lawson, T. V., Pignatari, M., Stancliffe, R. J., et al. 2022, MNRAS, 511, 886, doi: 10.1093/mnras/stab3684"
La22_m15,15.0,0.02,Ca,0.00402196532796,,La22,iniab2.0E-02GN93_Lo03,"Lawson, T. V., Pignatari, M., Stancliffe, R. J., et al. 2022, MNRAS, 511, 886, doi: 10.1093/mnras/stab3684"
La22_m15,15.0,0.02,Cd,1.44466708713e-08,,La22,iniab2.0E-02GN93_Lo03,"Lawson, T. V., Pignatari, M., Stancliffe, R. J., et al. 2022, MNRAS, 511, 886, doi: 10.1093/mnras/stab3684"
La22_m15,15.0,0.02,Ce,1.63029340105e-08,,La22,iniab2.0E-02GN93_Lo03,"Lawson, T. V., Pignatari, M., Stancliffe, R. J., et al. 2022, MNRAS, 511, 886, doi: 10.1093/mnras/stab3684"
La22_m15,15.0,0.02,Cl,0.000108018891102,,La22,iniab2.0E-02GN93_Lo03,"Lawson, T. V., Pignatari, M., Stancliffe, R. J., et al. 2022, MNRAS, 511, 886, doi: 10.1093/mnras/stab3684"
La22_m15,15.0,0.02,Co,0.000688471352005,,La22,iniab2.0E-02GN93_Lo03,"Lawson, T. V., Pignatari, M., Stancliffe, R. J., et al. 2022, MNRAS, 511, 886, doi: 10.1093/mnras/stab3684"
La22_m15,15.0,0.02,Cr,0.000273880211418,,La22,iniab2.0E-02GN93_Lo03,"Lawson, T. V., Pignatari, M., Stancliffe, R. J., et al. 2022, MNRAS, 511, 886, doi: 10.1093/mnras/stab3684"
La22_m15,15.0,0.02,Cs,4.14095137303e-09,,La22,iniab2.0E-02GN93_Lo03,"Lawson, T. V., Pignatari, M., Stancliffe, R. J., et al. 2022, MNRAS, 511, 886, doi: 10.1093/mnras/stab3684"
La22_m15,15.0,0.02,Cu,0.000427332924027,,La22,iniab2.0E-02GN93_Lo03,"Lawson, T. V., Pignatari, M., Stancliffe, R. J., et al. 2022, MNRAS, 511, 886, doi: 10.1093/mnras/stab3684"
La22_m15,15.0,0.02,Dy,1.13944039606e-08,,La22,iniab2.0E-02GN93_Lo03,"Lawson, T. V., Pignatari, M., Stancliffe, R. J., et al. 2022, MNRAS, 511, 886, doi: 10.1093/mnras/stab3684"
La22_m15,15.0,0.02,Er,9.47695333845e-09,,La22,iniab2.0E-02GN93_Lo03,"Lawson, T. V., Pignatari, M., Stancliffe, R. J., et al. 2022, MNRAS, 511, 886, doi: 10.1093/mnras/stab3684"
La22_m15,15.0,0.02,Eu,3.9129891017e-11,,La22,iniab2.0E-02GN93_Lo03,"Lawson, T. V., Pignatari, M., Stancliffe, R. J., et al. 2022, MNRAS, 511, 886, doi: 10.1093/mnras/stab3684"
La22_m15,15.0,0.02,F,2.93375884806e-05,,La22,iniab2.0E-02GN93_Lo03,"Lawson, T. V., Pignatari, M., Stancliffe, R. J., et al. 2022, MNRAS, 511, 886, doi: 10.1093/mnras/stab3684"
La22_m15,15.0,0.02,Fe,0.00826971322876,,La22,iniab2.0E-02GN93_Lo03,"Lawson, T. V., Pignatari, M., Stancliffe, R. J., et al. 2022, MNRAS, 511, 886, doi: 10.1093/mnras/stab3684"
La22_m15,15.0,0.02,Ga,1.08550589241e-05,,La22,iniab2.0E-02GN93_Lo03,"Lawson, T. V., Pignatari, M., Stancliffe, R. J., et al. 2022, MNRAS, 511, 886, doi: 10.1093/mnras/stab3684"
La22_m15,15.0,0.02,Gd,2.25180497821e-09,,La22,iniab2.0E-02GN93_Lo03,"Lawson, T. V., Pignatari, M., Stancliffe, R. J., et al. 2022, MNRAS, 511, 886, doi: 10.1093/mnras/stab3684"
La22_m15,15.0,0.02,Ge,3.86694627916e-05,,La22,iniab2.0E-02GN93_Lo03,"Lawson, T. V., Pignatari, M., Stancliffe, R. J., et al. 2022, MNRAS, 511, 886, doi: 10.1093/mnras/stab3684"
La22_m15,15.0,0.02,H,2.72206394681e-11,,La22,iniab2.0E-02GN93_Lo03,"Lawson, T. V., Pignatari, M., Stancliffe, R. J., et al. 2022, MNRAS, 511, 886, doi: 10.1093/mnras/stab3684"
La22_m15,15.0,0.02,He,1.04274221924,,La22,iniab2.0E-02GN93_Lo03,"Lawson, T. V., Pignatari, M., Stancliffe, R. J., et al. 2022, MNRAS, 511, 886, doi: 10.1093/mnras/stab3684"
La22_m15,15.0,0.02,Hf,1.53562300948e-09,,La22,iniab2.0E-02GN93_Lo03,"Lawson, T. V., Pignatari, M., Stancliffe, R. J., et al. 2022, MNRAS, 511, 886, doi: 10.1093/mnras/stab3684"
La22_m15,15.0,0.02,Hg,2.00619061045e-08,,La22,iniab2.0E-02GN93_Lo03,"Lawson, T. V., Pignatari, M., Stancliffe, R. J., et al. 2022, MNRAS, 511, 886, doi: 10.1093/mnras/stab3684"
La22_m15,15.0,0.02,Ho,3.12343147538e-09,,La22,iniab2.0E-02GN93_Lo03,"Lawson, T. V., Pignatari, M., Stancliffe, R. J., et al. 2022, MNRAS, 511, 886, doi: 10.1093/mnras/stab3684"
La22_m15,15.0,0.02,I,1.87208171602e-09,,La22,iniab2.0E-02GN93_Lo03,"Lawson, T. V., Pignatari, M., Stancliffe, R. J., et al. 2022, MNRAS, 511, 886, doi: 10.1093/mnras/stab3684"
La22_m15,15.0,0.02,In,7.8678403856e-10,,La22,iniab2.0E-02GN93_Lo03,"Lawson, T. V., Pignatari, M., Stancliffe, R. J., et al. 2022, MNRAS, 511, 886, doi: 10.1093/mnras/stab3684"
La22_m15,15.0,0.02,Ir,1.32853253073e-10,,La22,iniab2.0E-02GN93_Lo03,"Lawson, T. V., Pignatari, M., Stancliffe, R. J., et al. 2022, MNRAS, 511, 886, doi: 10.1093/mnras/stab3684"
La22_m15,15.0,0.02,K,5.26663472807e-05,,La22,iniab2.0E-02GN93_Lo03,"Lawson, T. V., Pignatari, M., Stancliffe, R. J., et al. 2022, MNRAS, 511, 886, doi: 10.1093/mnras/stab3684"
La22_m15,15.0,0.02,Kr,2.60558923387e-06,,La22,iniab2.0E-02GN93_Lo03,"Lawson, T. V., Pignatari, M., Stancliffe, R. J., et al. 2022, MNRAS, 511, 886, doi: 10.1093/mnras/stab3684"
La22_m15,15.0,0.02,La,7.86496701658e-09,,La22,iniab2.0E-02GN93_Lo03,"Lawson, T. V., Pignatari, M., Stancliffe, R. J., et al. 2022, MNRAS, 511, 886, doi: 10.1093/mnras/stab3684"
La22_m15,15.0,0.02,Li,1.21134996793e-15,,La22,iniab2.0E-02GN93_Lo03,"Lawson, T. V., Pignatari, M., Stancliffe, R. J., et al. 2022, MNRAS, 511, 886, doi: 10.1093/mnras/stab3684"
La22_m15,15.0,0.02,Lu,1.23100318236e-10,,La22,iniab2.0E-02GN93_Lo03,"Lawson, T. V., Pignatari, M., Stancliffe, R. J., et al. 2022, MNRAS, 511, 886, doi: 10.1093/mnras/stab3684"
La22_m15,15.0,0.02,Mg,0.0530176257786,,La22,iniab2.0E-02GN93_Lo03,"Lawson, T. V., Pignatari, M., Stancliffe, R. J., et al. 2022, MNRAS, 511, 886, doi: 10.1093/mnras/stab3684"
La22_m15,15.0,0.02,Mn,4.7844703138e-05,,La22,iniab2.0E-02GN93_Lo03,"Lawson, T. V., Pignatari, M., Stancliffe, R. J., et al. 2022, MNRAS, 511, 886, doi: 10.1093/mnras/stab3684"
La22_m15,15.0,0.02,Mo,1.43319468594e-08,,La22,iniab2.0E-02GN93_Lo03,"Lawson, T. V., Pignatari, M., Stancliffe, R. J., et al. 2022, MNRAS, 511, 886, doi: 10.1093/mnras/stab3684"
La22_m15,15.0,0.02,N,0.0100152301725,,La22,iniab2.0E-02GN93_Lo03,"Lawson, T. V., Pignatari, M., Stancliffe, R. J., et al. 2022, MNRAS, 511, 886, doi: 10.1093/mnras/stab3684"
La22_m15,15.0,0.02,Na,0.00136878352247,,La22,iniab2.0E-02GN93_Lo03,"Lawson, T. V., Pignatari, M., Stancliffe, R. J., et al. 2022, MNRAS, 511, 886, doi: 10.1093/mnras/stab3684"
La22_m15,15.0,0.02,Nb,2.42946009103e-09,,La22,iniab2.0E-02GN93_Lo03,"Lawson, T. V., Pignatari, M., Stancliffe, R. J., et al. 2022, MNRAS, 511, 886, doi: 10.1093/mnras/stab3684"
La22_m15,15.0,0.02,Nd,5.58625365076e-09,,La22,iniab2.0E-02GN93_Lo03,"Lawson, T. V., Pignatari, M., Stancliffe, R. J., et al. 2022, MNRAS, 511, 886, doi: 10.1093/mnras/stab3684"
La22_m15,15.0,0.02,Ne,0.120381988937,,La22,iniab2.0E-02GN93_Lo03,"Lawson, T. V., Pignatari, M., Stancliffe, R. J., et al. 2022, MNRAS, 511, 886, doi: 10.1093/mnras/stab3684"
La22_m15,15.0,0.02,Ni,0.0736656721719,,La22,iniab2.0E-02GN93_Lo03,"Lawson, T. V., Pignatari, M., Stancliffe, R. J., et al. 2022, MNRAS, 511, 886, doi: 10.1093/mnras/stab3684"
La22_m15,15.0,0.02,O,0.653620673901,,La22,iniab2.0E-02GN93_Lo03,"Lawson, T. V., Pignatari, M., Stancliffe, R. J., et al. 2022, MNRAS, 511, 886, doi: 10.1093/mnras/stab3684"
La22_m15,15.0,0.02,Os,1.45971480331e-09,,La22,iniab2.0E-02GN93_Lo03,"Lawson, T. V., Pignatari, M., Stancliffe, R. J., et al. 2022, MNRAS, 511, 886, doi: 10.1093/mnras/stab3684"
La22_m15,15.0,0.02,P,0.000734098487661,,La22,iniab2.0E-02GN93_Lo03,"Lawson, T. V., Pignatari, M., Stancliffe, R. J., et al. 2022, MNRAS, 511, 886, doi: 10.1093/mnras/stab3684"
La22_m15,15.0,0.02,Pb,2.75876553556e-08,,La22,iniab2.0E-02GN93_Lo03,"Lawson, T. V., Pignatari, M., Stancliffe, R. J., et al. 2022, MNRAS, 511, 886, doi: 10.1093/mnras/stab3684"
La22_m15,15.0,0.02,Pd,1.14767414228e-08,,La22,iniab2.0E-02GN93_Lo03,"Lawson, T. V., Pignatari, M., Stancliffe, R. J., et al. 2022, MNRAS, 511, 886, doi: 10.1093/mnras/stab3684"
La22_m15,15.0,0.02,Pm,5.61838048858e-11,,La22,iniab2.0E-02GN93_Lo03,"Lawson, T. V., Pignatari, M., Stancliffe, R. J., et al. 2022, MNRAS, 511, 886, doi: 10.1093/mnras/stab3684"
La22_m15,15.0,0.02,Po,1.54370772955e-12,,La22,iniab2.0E-02GN93_Lo03,"Lawson, T. V., Pignatari, M., Stancliffe, R. J., et al. 2022, MNRAS, 511, 886, doi: 10.1093/mnras/stab3684"
La22_m15,15.0,0.02,Pr,1.68367279559e-09,,La22,iniab2.0E-02GN93_Lo03,"Lawson, T. V., Pignatari, M., Stancliffe, R. J., et al. 2022, MNRAS, 511, 886, doi: 10.1093/mnras/stab3684"
La22_m15,15.0,0.02,Pt,1.59705576778e-09,,La22,iniab2.0E-02GN93_Lo03,"Lawson, T. V., Pignatari, M., Stancliffe, R. J., et al. 2022, MNRAS, 511, 886, doi: 10.1093/mnras/stab3684"
La22_m15,15.0,0.02,Rb,2.21838149458e-07,,La22,iniab2.0E-02GN93_Lo03,"Lawson, T. V., Pignatari, M., Stancliffe, R. J., et al. 2022, MNRAS, 511, 886, doi: 10.1093/mnras/stab3684"
La22_m15,15.0,0.02,Re,1.02362497686e-10,,La22,iniab2.0E-02GN93_Lo03,"Lawson, T. V., Pignatari, M., Stancliffe, R. J., et al. 2022, MNRAS, 511, 886, doi: 10.1093/mnras/stab3684"
La22_m15,15.0,0.02,Rh,1.04701355512e-09,,La22,iniab2.0E-02GN93_Lo03,"Lawson, T. V., Pignatari, M., Stancliffe, R. J., et al. 2022, MNRAS, 511, 886, doi: 10.1093/mnras/stab3684"
La22_m15,15.0,0.02,Ru,1.08741450738e-08,,La22,iniab2.0E-02GN93_Lo03,"Lawson, T. V., Pignatari, M., Stancliffe, R. J., et al. 2022, MNRAS, 511, 886, doi: 10.1093/mnras/stab3684"
La22_m15,15.0,0.02,S,0.0301177089045,,La22,iniab2.0E-02GN93_Lo03,"Lawson, T. V., Pignatari, M., Stancliffe, R. J., et al. 2022, MNRAS, 511, 886, doi: 10.1093/mnras/stab3684"
La22_m15,15.0,0.02,Sb,2.14248524072e-09,,La22,iniab2.0E-02GN93_Lo03,"Lawson, T. V., Pignatari, M., Stancliffe, R. J., et al. 2022, MNRAS, 511, 886, doi: 10.1093/mnras/stab3684"
La22_m15,15.0,0.02,Sc,3.26324432259e-06,,La22,iniab2.0E-02GN93_Lo03,"Lawson, T. V., Pignatari, M., Stancliffe, R. J., et al. 2022, MNRAS, 511, 886, doi: 10.1093/mnras/stab3684"
La22_m15,15.0,0.02,Se,4.85691661838e-06,,La22,iniab2.0E-02GN93_Lo03,"Lawson, T. V., Pignatari, M., Stancliffe, R. J., et al. 2022, MNRAS, 511, 886, doi: 10.1093/mnras/stab3684"
La22_m15,15.0,0.02,Si,0.0824456263152,,La22,iniab2.0E-02GN93_Lo03,"Lawson, T. V., Pignatari, M., Stancliffe, R. J., et al. 2022, MNRAS, 511, 886, doi: 10.1093/mnras/stab3684"
La22_m15,15.0,0.02,Sm,1.66354557508e-09,,La22,iniab2.0E-02GN93_Lo03,"Lawson, T. V., Pignatari, M., Stancliffe, R. J., et al. 2022, MNRAS, 511, 886, doi: 10.1093/mnras/stab3684"
La22_m15,15.0,0.02,Sn,3.57032534083e-08,,La22,iniab2.0E-02GN93_Lo03,"Lawson, T. V., Pignatari, M., Stancliffe, R. J., et al. 2022, MNRAS, 511, 886, doi: 10.1093/mnras/stab3684"
La22_m15,15.0,0.02,Sr,7.78292334942e-07,,La22,iniab2.0E-02GN93_Lo03,"Lawson, T. V., Pignatari, M., Stancliffe, R. J., et al. 2022, MNRAS, 511, 886, doi: 10.1093/mnras/stab3684"
La22_m15,15.0,0.02,Ta,1.67342479938e-10,,La22,iniab2.0E-02GN93_Lo03,"Lawson, T. V., Pignatari, M., Stancliffe, R. J., et al. 2022, MNRAS, 511, 886, doi: 10.1093/mnras/stab3684"
La22_m15,15.0,0.02,Tb,3.30328631048e-09,,La22,iniab2.0E-02GN93_Lo03,"Lawson, T. V., Pignatari, M., Stancliffe, R. J., et al. 2022, MNRAS, 511, 886, doi: 10.1093/mnras/stab3684"
La22_m15,15.0,0.02,Tc,2.57910504805e-10,,La22,iniab2.0E-02GN93_Lo03,"Lawson, T. V., Pignatari, M., Stancliffe, R. J., et al. 2022, MNRAS, 511, 886, doi: 10.1093/mnras/stab3684"
La22_m15,15.0,0.02,Te,2.70208022871e-08,,La22,iniab2.0E-02GN93_Lo03,"Lawson, T. V., Pignatari, M., Stancliffe, R. J., et al. 2022, MNRAS, 511, 886, doi: 10.1093/mnras/stab3684"
La22_m15,15.0,0.02,Ti,7.50239126785e-05,,La22,iniab2.0E-02GN93_Lo03,"Lawson, T. V., Pignatari, M., Stancliffe, R. J., et al. 2022, MNRAS, 511, 886, doi: 10.1093/mnras/stab3684"
La22_m15,15.0,0.02,Tl,4.80292727907e-09,,La22,iniab2.0E-02GN93_Lo03,"Lawson, T. V., Pignatari, M., Stancliffe, R. J., et al. 2022, MNRAS, 511, 886, doi: 10.1093/mnras/stab3684"
La22_m15,15.0,0.02,Tm,3.71620918097e-10,,La22,iniab2.0E-02GN93_Lo03,"Lawson, T. V., Pignatari, M., Stancliffe, R. J., et al. 2022, MNRAS, 511, 886, doi: 10.1093/mnras/stab3684"
La22_m15,15.0,0.02,V,3.85812005539e-06,,La22,iniab2.0E-02GN93_Lo03,"Lawson, T. V., Pignatari, M., Stancliffe, R. J., et al. 2022, MNRAS, 511, 886, doi: 10.1093/mnras/stab3684"
La22_m15,15.0,0.02,W,1.49345081324e-09,,La22,iniab2.0E-02GN93_Lo03,"Lawson, T. V., Pignatari, M., Stancliffe, R. J., et al. 2022, MNRAS, 511, 886, doi: 10.1093/mnras/stab3684"
La22_m15,15.0,0.02,Xe,3.43584515555e-08,,La22,iniab2.0E-02GN93_Lo03,"Lawson, T. V., Pignatari, M., Stancliffe, R. J., et al. 2022, MNRAS, 511, 886, doi: 10.1093/mnras/stab3684"
La22_m15,15.0,0.02,Y,9.12446124317e-08,,La22,iniab2.0E-02GN93_Lo03,"Lawson, T. V., Pignatari, M., Stancliffe, R. J., et al. 2022, MNRAS, 511, 886, doi: 10.1093/mnras/stab3684"
La22_m15,15.0,0.02,Yb,2.33526544737e-09,,La22,iniab2.0E-02GN93_Lo03,"Lawson, T. V., Pignatari, M., Stancliffe, R. J., et al. 2022, MNRAS, 511, 886, doi: 10.1093/mnras/stab3684"
La22_m15,15.0,0.02,Zn,0.00250477744702,,La22,iniab2.0E-02GN93_Lo03,"Lawson, T. V., Pignatari, M., Stancliffe, R. J., et al. 2022, MNRAS, 511, 886, doi: 10.1093/mnras/stab3684"
La22_m15,15.0,0.02,Zr,1.62062792575e-07,,La22,iniab2.0E-02GN93_Lo03,"Lawson, T. V., Pignatari, M., Stancliffe, R. J., et al. 2022, MNRAS, 511, 886, doi: 10.1093/mnras/stab3684"
La22_m20,20.0,0.02,Ag,3.96991024964e-09,,La22,iniab2.0E-02GN93_Lo03,"Lawson, T. V., Pignatari, M., Stancliffe, R. J., et al. 2022, MNRAS, 511, 886, doi: 10.1093/mnras/stab3684"
La22_m20,20.0,0.02,Al,0.00543171883694,,La22,iniab2.0E-02GN93_Lo03,"Lawson, T. V., Pignatari, M., Stancliffe, R. J., et al. 2022, MNRAS, 511, 886, doi: 10.1093/mnras/stab3684"
La22_m20,20.0,0.02,Ar,0.000317151003496,,La22,iniab2.0E-02GN93_Lo03,"Lawson, T. V., Pignatari, M., Stancliffe, R. J., et al. 2022, MNRAS, 511, 886, doi: 10.1093/mnras/stab3684"
La22_m20,20.0,0.02,As,2.9112104924e-06,,La22,iniab2.0E-02GN93_Lo03,"Lawson, T. V., Pignatari, M., Stancliffe, R. J., et al. 2022, MNRAS, 511, 886, doi: 10.1093/mnras/stab3684"
La22_m20,20.0,0.02,Au,1.12409144589e-09,,La22,iniab2.0E-02GN93_Lo03,"Lawson, T. V., Pignatari, M., Stancliffe, R. J., et al. 2022, MNRAS, 511, 886, doi: 10.1093/mnras/stab3684"
La22_m20,20.0,0.02,B,8.22878190472e-09,,La22,iniab2.0E-02GN93_Lo03,"Lawson, T. V., Pignatari, M., Stancliffe, R. J., et al. 2022, MNRAS, 511, 886, doi: 10.1093/mnras/stab3684"
La22_m20,20.0,0.02,Ba,1.98591452765e-07,,La22,iniab2.0E-02GN93_Lo03,"Lawson, T. V., Pignatari, M., Stancliffe, R. J., et al. 2022, MNRAS, 511, 886, doi: 10.1093/mnras/stab3684"
La22_m20,20.0,0.02,Be,3.69147888629e-13,,La22,iniab2.0E-02GN93_Lo03,"Lawson, T. V., Pignatari, M., Stancliffe, R. J., et al. 2022, MNRAS, 511, 886, doi: 10.1093/mnras/stab3684"
La22_m20,20.0,0.02,Bi,2.38056183623e-10,,La22,iniab2.0E-02GN93_Lo03,"Lawson, T. V., Pignatari, M., Stancliffe, R. J., et al. 2022, MNRAS, 511, 886, doi: 10.1093/mnras/stab3684"
La22_m20,20.0,0.02,Br,1.28711334492e-06,,La22,iniab2.0E-02GN93_Lo03,"Lawson, T. V., Pignatari, M., Stancliffe, R. J., et al. 2022, MNRAS, 511, 886, doi: 10.1093/mnras/stab3684"
La22_m20,20.0,0.02,C,0.304932192884,,La22,iniab2.0E-02GN93_Lo03,"Lawson, T. V., Pignatari, M., Stancliffe, R. J., et al. 2022, MNRAS, 511, 886, doi: 10.1093/mnras/stab3684"
La22_m20,20.0,0.02,Ca,0.000180562948303,,La22,iniab2.0E-02GN93_Lo03,"Lawson, T. V., Pignatari, M., Stancliffe, R. J., et al. 2022, MNRAS, 511, 886, doi: 10.1093/mnras/stab3684"
La22_m20,20.0,0.02,Cd,2.82812320751e-08,,La22,iniab2.0E-02GN93_Lo03,"Lawson, T. V., Pignatari, M., Stancliffe, R. J., et al. 2022, MNRAS, 511, 886, doi: 10.1093/mnras/stab3684"
La22_m20,20.0,0.02,Ce,3.90379504595e-08,,La22,iniab2.0E-02GN93_Lo03,"Lawson, T. V., Pignatari, M., Stancliffe, R. J., et al. 2022, MNRAS, 511, 886, doi: 10.1093/mnras/stab3684"
La22_m20,20.0,0.02,Cl,0.000135856511096,,La22,iniab2.0E-02GN93_Lo03,"Lawson, T. V., Pignatari, M., Stancliffe, R. J., et al. 2022, MNRAS, 511, 886, doi: 10.1093/mnras/stab3684"
La22_m20,20.0,0.02,Co,0.000649391567593,,La22,iniab2.0E-02GN93_Lo03,"Lawson, T. V., Pignatari, M., Stancliffe, R. J., et al. 2022, MNRAS, 511, 886, doi: 10.1093/mnras/stab3684"
La22_m20,20.0,0.02,Cr,0.000444629318714,,La22,iniab2.0E-02GN93_Lo03,"Lawson, T. V., Pignatari, M., Stancliffe, R. J., et al. 2022, MNRAS, 511, 886, doi: 10.1093/mnras/stab3684"
La22_m20,20.0,0.02,Cs,4.4688018351e-09,,La22,iniab2.0E-02GN93_Lo03,"Lawson, T. V., Pignatari, M., Stancliffe, R. J., et al. 2022, MNRAS, 511, 886, doi: 10.1093/mnras/stab3684"
La22_m20,20.0,0.02,Cu,0.000138050172121,,La22,iniab2.0E-02GN93_Lo03,"Lawson, T. V., Pignatari, M., Stancliffe, R. J., et al. 2022, MNRAS, 511, 886, doi: 10.1093/mnras/stab3684"
La22_m20,20.0,0.02,Dy,1.42350303041e-08,,La22,iniab2.0E-02GN93_Lo03,"Lawson, T. V., Pignatari, M., Stancliffe, R. J., et al. 2022, MNRAS, 511, 886, doi: 10.1093/mnras/stab3684"
La22_m20,20.0,0.02,Er,1.28048595354e-08,,La22,iniab2.0E-02GN93_Lo03,"Lawson, T. V., Pignatari, M., Stancliffe, R. J., et al. 2022, MNRAS, 511, 886, doi: 10.1093/mnras/stab3684"
La22_m20,20.0,0.02,Eu,2.7188382927e-10,,La22,iniab2.0E-02GN93_Lo03,"Lawson, T. V., Pignatari, M., Stancliffe, R. J., et al. 2022, MNRAS, 511, 886, doi: 10.1093/mnras/stab3684"
La22_m20,20.0,0.02,F,1.73877498819e-06,,La22,iniab2.0E-02GN93_Lo03,"Lawson, T. V., Pignatari, M., Stancliffe, R. J., et al. 2022, MNRAS, 511, 886, doi: 10.1093/mnras/stab3684"
La22_m20,20.0,0.02,Fe,0.00469760983648,,La22,iniab2.0E-02GN93_Lo03,"Lawson, T. V., Pignatari, M., Stancliffe, R. J., et al. 2022, MNRAS, 511, 886, doi: 10.1093/mnras/stab3684"
La22_m20,20.0,0.02,Ga,1.94860880635e-05,,La22,iniab2.0E-02GN93_Lo03,"Lawson, T. V., Pignatari, M., Stancliffe, R. J., et al. 2022, MNRAS, 511, 886, doi: 10.1093/mnras/stab3684"
La22_m20,20.0,0.02,Gd,3.88072391981e-09,,La22,iniab2.0E-02GN93_Lo03,"Lawson, T. V., Pignatari, M., Stancliffe, R. J., et al. 2022, MNRAS, 511, 886, doi: 10.1093/mnras/stab3684"
La22_m20,20.0,0.02,Ge,6.38052982181e-05,,La22,iniab2.0E-02GN93_Lo03,"Lawson, T. V., Pignatari, M., Stancliffe, R. J., et al. 2022, MNRAS, 511, 886, doi: 10.1093/mnras/stab3684"
La22_m20,20.0,0.02,H,0.0039472777899,,La22,iniab2.0E-02GN93_Lo03,"Lawson, T. V., Pignatari, M., Stancliffe, R. J., et al. 2022, MNRAS, 511, 886, doi: 10.1093/mnras/stab3684"
La22_m20,20.0,0.02,He,1.20547594163,,La22,iniab2.0E-02GN93_Lo03,"Lawson, T. V., Pignatari, M., Stancliffe, R. J., et al. 2022, MNRAS, 511, 886, doi: 10.1093/mnras/stab3684"
La22_m20,20.0,0.02,Hf,3.86068465709e-09,,La22,iniab2.0E-02GN93_Lo03,"Lawson, T. V., Pignatari, M., Stancliffe, R. J., et al. 2022, MNRAS, 511, 886, doi: 10.1093/mnras/stab3684"
La22_m20,20.0,0.02,Hg,3.64813074271e-08,,La22,iniab2.0E-02GN93_Lo03,"Lawson, T. V., Pignatari, M., Stancliffe, R. J., et al. 2022, MNRAS, 511, 886, doi: 10.1093/mnras/stab3684"
La22_m20,20.0,0.02,Ho,3.82505585504e-09,,La22,iniab2.0E-02GN93_Lo03,"Lawson, T. V., Pignatari, M., Stancliffe, R. J., et al. 2022, MNRAS, 511, 886, doi: 10.1093/mnras/stab3684"
La22_m20,20.0,0.02,I,2.95133131025e-09,,La22,iniab2.0E-02GN93_Lo03,"Lawson, T. V., Pignatari, M., Stancliffe, R. J., et al. 2022, MNRAS, 511, 886, doi: 10.1093/mnras/stab3684"
La22_m20,20.0,0.02,In,1.60264155275e-09,,La22,iniab2.0E-02GN93_Lo03,"Lawson, T. V., Pignatari, M., Stancliffe, R. J., et al. 2022, MNRAS, 511, 886, doi: 10.1093/mnras/stab3684"
La22_m20,20.0,0.02,Ir,4.16298271639e-10,,La22,iniab2.0E-02GN93_Lo03,"Lawson, T. V., Pignatari, M., Stancliffe, R. J., et al. 2022, MNRAS, 511, 886, doi: 10.1093/mnras/stab3684"
La22_m20,20.0,0.02,K,2.91684973294e-05,,La22,iniab2.0E-02GN93_Lo03,"Lawson, T. V., Pignatari, M., Stancliffe, R. J., et al. 2022, MNRAS, 511, 886, doi: 10.1093/mnras/stab3684"
La22_m20,20.0,0.02,Kr,1.18830646354e-05,,La22,iniab2.0E-02GN93_Lo03,"Lawson, T. V., Pignatari, M., Stancliffe, R. J., et al. 2022, MNRAS, 511, 886, doi: 10.1093/mnras/stab3684"
La22_m20,20.0,0.02,La,2.06938785474e-08,,La22,iniab2.0E-02GN93_Lo03,"Lawson, T. V., Pignatari, M., Stancliffe, R. J., et al. 2022, MNRAS, 511, 886, doi: 10.1093/mnras/stab3684"
La22_m20,20.0,0.02,Li,9.96687244479e-17,,La22,iniab2.0E-02GN93_Lo03,"Lawson, T. V., Pignatari, M., Stancliffe, R. J., et al. 2022, MNRAS, 511, 886, doi: 10.1093/mnras/stab3684"
La22_m20,20.0,0.02,Lu,6.08347807973e-10,,La22,iniab2.0E-02GN93_Lo03,"Lawson, T. V., Pignatari, M., Stancliffe, R. J., et al. 2022, MNRAS, 511, 886, doi: 10.1093/mnras/stab3684"
La22_m20,20.0,0.02,Mg,0.0867042103226,,La22,iniab2.0E-02GN93_Lo03,"Lawson, T. V., Pignatari, M., Stancliffe, R. J., et al. 2022, MNRAS, 511, 886, doi: 10.1093/mnras/stab3684"
La22_m20,20.0,0.02,Mn,0.000360740251099,,La22,iniab2.0E-02GN93_Lo03,"Lawson, T. V., Pignatari, M., Stancliffe, R. J., et al. 2022, MNRAS, 511, 886, doi: 10.1093/mnras/stab3684"
La22_m20,20.0,0.02,Mo,5.98488963223e-08,,La22,iniab2.0E-02GN93_Lo03,"Lawson, T. V., Pignatari, M., Stancliffe, R. J., et al. 2022, MNRAS, 511, 886, doi: 10.1093/mnras/stab3684"
La22_m20,20.0,0.02,N,0.00516330638142,,La22,iniab2.0E-02GN93_Lo03,"Lawson, T. V., Pignatari, M., Stancliffe, R. J., et al. 2022, MNRAS, 511, 886, doi: 10.1093/mnras/stab3684"
La22_m20,20.0,0.02,Na,0.0182086080969,,La22,iniab2.0E-02GN93_Lo03,"Lawson, T. V., Pignatari, M., Stancliffe, R. J., et al. 2022, MNRAS, 511, 886, doi: 10.1093/mnras/stab3684"
La22_m20,20.0,0.02,Nb,1.94117952832e-09,,La22,iniab2.0E-02GN93_Lo03,"Lawson, T. V., Pignatari, M., Stancliffe, R. J., et al. 2022, MNRAS, 511, 886, doi: 10.1093/mnras/stab3684"
La22_m20,20.0,0.02,Nd,1.80733954357e-08,,La22,iniab2.0E-02GN93_Lo03,"Lawson, T. V., Pignatari, M., Stancliffe, R. J., et al. 2022, MNRAS, 511, 886, doi: 10.1093/mnras/stab3684"
La22_m20,20.0,0.02,Ne,0.48219807879,,La22,iniab2.0E-02GN93_Lo03,"Lawson, T. V., Pignatari, M., Stancliffe, R. J., et al. 2022, MNRAS, 511, 886, doi: 10.1093/mnras/stab3684"
La22_m20,20.0,0.02,Ni,0.00155369076533,,La22,iniab2.0E-02GN93_Lo03,"Lawson, T. V., Pignatari, M., Stancliffe, R. J., et al. 2022, MNRAS, 511, 886, doi: 10.1093/mnras/stab3684"
La22_m20,20.0,0.02,O,1.63925523488,,La22,iniab2.0E-02GN93_Lo03,"Lawson, T. V., Pignatari, M., Stancliffe, R. J., et al. 2022, MNRAS, 511, 886, doi: 10.1093/mnras/stab3684"
La22_m20,20.0,0.02,Os,3.94757093268e-09,,La22,iniab2.0E-02GN93_Lo03,"Lawson, T. V., Pignatari, M., Stancliffe, R. J., et al. 2022, MNRAS, 511, 886, doi: 10.1093/mnras/stab3684"
La22_m20,20.0,0.02,P,0.000198182336511,,La22,iniab2.0E-02GN93_Lo03,"Lawson, T. V., Pignatari, M., Stancliffe, R. J., et al. 2022, MNRAS, 511, 886, doi: 10.1093/mnras/stab3684"
La22_m20,20.0,0.02,Pb,8.59051046223e-08,,La22,iniab2.0E-02GN93_Lo03,"Lawson, T. V., Pignatari, M., Stancliffe, R. J., et al. 2022, MNRAS, 511, 886, doi: 10.1093/mnras/stab3684"
La22_m20,20.0,0.02,Pd,2.37135095576e-08,,La22,iniab2.0E-02GN93_Lo03,"Lawson, T. V., Pignatari, M., Stancliffe, R. J., et al. 2022, MNRAS, 511, 886, doi: 10.1093/mnras/stab3684"
La22_m20,20.0,0.02,Pm,1.38591604419e-10,,La22,iniab2.0E-02GN93_Lo03,"Lawson, T. V., Pignatari, M., Stancliffe, R. J., et al. 2022, MNRAS, 511, 886, doi: 10.1093/mnras/stab3684"
La22_m20,20.0,0.02,Po,1.51080790567e-11,,La22,iniab2.0E-02GN93_Lo03,"Lawson, T. V., Pignatari, M., Stancliffe, R. J., et al. 2022, MNRAS, 511, 886, doi: 10.1093/mnras/stab3684"
La22_m20,20.0,0.02,Pr,5.13795185646e-09,,La22,iniab2.0E-02GN93_Lo03,"Lawson, T. V., Pignatari, M., Stancliffe, R. J., et al. 2022, MNRAS, 511, 886, doi: 10.1093/mnras/stab3684"
La22_m20,20.0,0.02,Pt,4.96656360056e-09,,La22,iniab2.0E-02GN93_Lo03,"Lawson, T. V., Pignatari, M., Stancliffe, R. J., et al. 2022, MNRAS, 511, 886, doi: 10.1093/mnras/stab3684"
La22_m20,20.0,0.02,Rb,1.16454844118e-06,,La22,iniab2.0E-02GN93_Lo03,"Lawson, T. V., Pignatari, M., Stancliffe, R. J., et al. 2022, MNRAS, 511, 886, doi: 10.1093/mnras/stab3684"
La22_m20,20.0,0.02,Re,2.87566853274e-10,,La22,iniab2.0E-02GN93_Lo03,"Lawson, T. V., Pignatari, M., Stancliffe, R. J., et al. 2022, MNRAS, 511, 886, doi: 10.1093/mnras/stab3684"
La22_m20,20.0,0.02,Rh,2.42347610782e-09,,La22,iniab2.0E-02GN93_Lo03,"Lawson, T. V., Pignatari, M., Stancliffe, R. J., et al. 2022, MNRAS, 511, 886, doi: 10.1093/mnras/stab3684"
La22_m20,20.0,0.02,Ru,2.88979938939e-08,,La22,iniab2.0E-02GN93_Lo03,"Lawson, T. V., Pignatari, M., Stancliffe, R. J., et al. 2022, MNRAS, 511, 886, doi: 10.1093/mnras/stab3684"
La22_m20,20.0,0.02,S,0.0012206438869,,La22,iniab2.0E-02GN93_Lo03,"Lawson, T. V., Pignatari, M., Stancliffe, R. J., et al. 2022, MNRAS, 511, 886, doi: 10.1093/mnras/stab3684"
La22_m20,20.0,0.02,Sb,2.73205733714e-09,,La22,iniab2.0E-02GN93_Lo03,"Lawson, T. V., Pignatari, M., Stancliffe, R. J., et al. 2022, MNRAS, 511, 886, doi: 10.1093/mnras/stab3684"
La22_m20,20.0,0.02,Sc,2.19182194369e-06,,La22,iniab2.0E-02GN93_Lo03,"Lawson, T. V., Pignatari, M., Stancliffe, R. J., et al. 2022, MNRAS, 511, 886, doi: 10.1093/mnras/stab3684"
La22_m20,20.0,0.02,Se,1.9045266566e-05,,La22,iniab2.0E-02GN93_Lo03,"Lawson, T. V., Pignatari, M., Stancliffe, R. J., et al. 2022, MNRAS, 511, 886, doi: 10.1093/mnras/stab3684"
La22_m20,20.0,0.02,Si,0.00740540686033,,La22,iniab2.0E-02GN93_Lo03,"Lawson, T. V., Pignatari, M., Stancliffe, R. J., et al. 2022, MNRAS, 511, 886, doi: 10.1093/mnras/stab3684"
La22_m20,20.0,0.02,Sm,2.24942799117e-09,,La22,iniab2.0E-02GN93_Lo03,"Lawson, T. V., Pignatari, M., Stancliffe, R. J., et al. 2022, MNRAS, 511, 886, doi: 10.1093/mnras/stab3684"
La22_m20,20.0,0.02,Sn,7.25987462435e-08,,La22,iniab2.0E-02GN93_Lo03,"Lawson, T. V., Pignatari, M., Stancliffe, R. J., et al. 2022, MNRAS, 511, 886, doi: 10.1093/mnras/stab3684"
La22_m20,20.0,0.02,Sr,3.42273905451e-06,,La22,iniab2.0E-02GN93_Lo03,"Lawson, T. V., Pignatari, M., Stancliffe, R. J., et al. 2022, MNRAS, 511, 886, doi: 10.1093/mnras/stab3684"
La22_m20,20.0,0.02,Ta,9.53684094501e-10,,La22,iniab2.0E-02GN93_Lo03,"Lawson, T. V., Pignatari, M., Stancliffe, R. J., et al. 2022, MNRAS, 511, 886, doi: 10.1093/mnras/stab3684"
La22_m20,20.0,0.02,Tb,3.74944862587e-09,,La22,iniab2.0E-02GN93_Lo03,"Lawson, T. V., Pignatari, M., Stancliffe, R. J., et al. 2022, MNRAS, 511, 886, doi: 10.1093/mnras/stab3684"
La22_m20,20.0,0.02,Tc,2.61703044558e-09,,La22,iniab2.0E-02GN93_Lo03,"Lawson, T. V., Pignatari, M., Stancliffe, R. J., et al. 2022, MNRAS, 511, 886, doi: 10.1093/mnras/stab3684"
La22_m20,20.0,0.02,Te,4.5761768581e-08,,La22,iniab2.0E-02GN93_Lo03,"Lawson, T. V., Pignatari, M., Stancliffe, R. J., et al. 2022, MNRAS, 511, 886, doi: 10.1093/mnras/stab3684"
La22_m20,20.0,0.02,Ti,4.01360181309e-05,,La22,iniab2.0E-02GN93_Lo03,"Lawson, T. V., Pignatari, M., Stancliffe, R. J., et al. 2022, MNRAS, 511, 886, doi: 10.1093/mnras/stab3684"
La22_m20,20.0,0.02,Tl,9.56326863228e-09,,La22,iniab2.0E-02GN93_Lo03,"Lawson, T. V., Pignatari, M., Stancliffe, R. J., et al. 2022, MNRAS, 511, 886, doi: 10.1093/mnras/stab3684"
La22_m20,20.0,0.02,Tm,6.17630498234e-10,,La22,iniab2.0E-02GN93_Lo03,"Lawson, T. V., Pignatari, M., Stancliffe, R. J., et al. 2022, MNRAS, 511, 886, doi: 10.1093/mnras/stab3684"
La22_m20,20.0,0.02,V,5.81432920133e-05,,La22,iniab2.0E-02GN93_Lo03,"Lawson, T. V., Pignatari, M., Stancliffe, R. J., et al. 2022, MNRAS, 511, 886, doi: 10.1093/mnras/stab3684"
La22_m20,20.0,0.02,W,3.19519591966e-09,,La22,iniab2.0E-02GN93_Lo03,"Lawson, T. V., Pignatari, M., Stancliffe, R. J., et al. 2022, MNRAS, 511, 886, doi: 10.1093/mnras/stab3684"
La22_m20,20.0,0.02,Xe,5.9241398985e-08,,La22,iniab2.0E-02GN93_Lo03,"Lawson, T. V., Pignatari, M., Stancliffe, R. J., et al. 2022, MNRAS, 511, 886, doi: 10.1093/mnras/stab3684"
La22_m20,20.0,0.02,Y,4.36038459529e-07,,La22,iniab2.0E-02GN93_Lo03,"Lawson, T. V., Pignatari, M., Stancliffe, R. J., et al. 2022, MNRAS, 511, 886, doi: 10.1093/mnras/stab3684"
La22_m20,20.0,0.02,Yb,6.46766994577e-09,,La22,iniab2.0E-02GN93_Lo03,"Lawson, T. V., Pignatari, M., Stancliffe, R. J., et al. 2022, MNRAS, 511, 886, doi: 10.1093/mnras/stab3684"
La22_m20,20.0,0.02,Zn,0.000225343307707,,La22,iniab2.0E-02GN93_Lo03,"Lawson, T. V., Pignatari, M., Stancliffe, R. J., et al. 2022, MNRAS, 511, 886, doi: 10.1093/mnras/stab3684"
La22_m20,20.0,0.02,Zr,5.21226440109e-07,,La22,iniab2.0E-02GN93_Lo03,"Lawson, T. V., Pignatari, M., Stancliffe, R. J., et al. 2022, MNRAS, 511, 886, doi: 10.1093/mnras/stab3684"
La22_m25,25.0,0.02,Ag,7.32294889506e-09,,La22,iniab2.0E-02GN93_Lo03,"Lawson, T. V., Pignatari, M., Stancliffe, R. J., et al. 2022, MNRAS, 511, 886, doi: 10.1093/mnras/stab3684"
La22_m25,25.0,0.02,Al,0.0141755100837,,La22,iniab2.0E-02GN93_Lo03,"Lawson, T. V., Pignatari, M., Stancliffe, R. J., et al. 2022, MNRAS, 511, 886, doi: 10.1093/mnras/stab3684"
La22_m25,25.0,0.02,Ar,0.033386737485,,La22,iniab2.0E-02GN93_Lo03,"Lawson, T. V., Pignatari, M., Stancliffe, R. J., et al. 2022, MNRAS, 511, 886, doi: 10.1093/mnras/stab3684"
La22_m25,25.0,0.02,As,1.20671859307e-05,,La22,iniab2.0E-02GN93_Lo03,"Lawson, T. V., Pignatari, M., Stancliffe, R. J., et al. 2022, MNRAS, 511, 886, doi: 10.1093/mnras/stab3684"
La22_m25,25.0,0.02,Au,2.49500919458e-09,,La22,iniab2.0E-02GN93_Lo03,"Lawson, T. V., Pignatari, M., Stancliffe, R. J., et al. 2022, MNRAS, 511, 886, doi: 10.1093/mnras/stab3684"
La22_m25,25.0,0.02,B,7.33319636123e-09,,La22,iniab2.0E-02GN93_Lo03,"Lawson, T. V., Pignatari, M., Stancliffe, R. J., et al. 2022, MNRAS, 511, 886, doi: 10.1093/mnras/stab3684"
La22_m25,25.0,0.02,Ba,3.39152668706e-07,,La22,iniab2.0E-02GN93_Lo03,"Lawson, T. V., Pignatari, M., Stancliffe, R. J., et al. 2022, MNRAS, 511, 886, doi: 10.1093/mnras/stab3684"
La22_m25,25.0,0.02,Be,6.68242363958e-20,,La22,iniab2.0E-02GN93_Lo03,"Lawson, T. V., Pignatari, M., Stancliffe, R. J., et al. 2022, MNRAS, 511, 886, doi: 10.1093/mnras/stab3684"
La22_m25,25.0,0.02,Bi,2.96537141603e-10,,La22,iniab2.0E-02GN93_Lo03,"Lawson, T. V., Pignatari, M., Stancliffe, R. J., et al. 2022, MNRAS, 511, 886, doi: 10.1093/mnras/stab3684"
La22_m25,25.0,0.02,Br,6.08319815945e-06,,La22,iniab2.0E-02GN93_Lo03,"Lawson, T. V., Pignatari, M., Stancliffe, R. J., et al. 2022, MNRAS, 511, 886, doi: 10.1093/mnras/stab3684"
La22_m25,25.0,0.02,C,0.419611003743,,La22,iniab2.0E-02GN93_Lo03,"Lawson, T. V., Pignatari, M., Stancliffe, R. J., et al. 2022, MNRAS, 511, 886, doi: 10.1093/mnras/stab3684"
La22_m25,25.0,0.02,Ca,0.00441098504236,,La22,iniab2.0E-02GN93_Lo03,"Lawson, T. V., Pignatari, M., Stancliffe, R. J., et al. 2022, MNRAS, 511, 886, doi: 10.1093/mnras/stab3684"
La22_m25,25.0,0.02,Cd,5.530299742e-08,,La22,iniab2.0E-02GN93_Lo03,"Lawson, T. V., Pignatari, M., Stancliffe, R. J., et al. 2022, MNRAS, 511, 886, doi: 10.1093/mnras/stab3684"
La22_m25,25.0,0.02,Ce,7.53156787917e-08,,La22,iniab2.0E-02GN93_Lo03,"Lawson, T. V., Pignatari, M., Stancliffe, R. J., et al. 2022, MNRAS, 511, 886, doi: 10.1093/mnras/stab3684"
La22_m25,25.0,0.02,Cl,0.000782889687489,,La22,iniab2.0E-02GN93_Lo03,"Lawson, T. V., Pignatari, M., Stancliffe, R. J., et al. 2022, MNRAS, 511, 886, doi: 10.1093/mnras/stab3684"
La22_m25,25.0,0.02,Co,0.00229564472261,,La22,iniab2.0E-02GN93_Lo03,"Lawson, T. V., Pignatari, M., Stancliffe, R. J., et al. 2022, MNRAS, 511, 886, doi: 10.1093/mnras/stab3684"
La22_m25,25.0,0.02,Cr,0.00436450969006,,La22,iniab2.0E-02GN93_Lo03,"Lawson, T. V., Pignatari, M., Stancliffe, R. J., et al. 2022, MNRAS, 511, 886, doi: 10.1093/mnras/stab3684"
La22_m25,25.0,0.02,Cs,9.49861687181e-09,,La22,iniab2.0E-02GN93_Lo03,"Lawson, T. V., Pignatari, M., Stancliffe, R. J., et al. 2022, MNRAS, 511, 886, doi: 10.1093/mnras/stab3684"
La22_m25,25.0,0.02,Cu,0.00136344274422,,La22,iniab2.0E-02GN93_Lo03,"Lawson, T. V., Pignatari, M., Stancliffe, R. J., et al. 2022, MNRAS, 511, 886, doi: 10.1093/mnras/stab3684"
La22_m25,25.0,0.02,Dy,1.53888232638e-08,,La22,iniab2.0E-02GN93_Lo03,"Lawson, T. V., Pignatari, M., Stancliffe, R. J., et al. 2022, MNRAS, 511, 886, doi: 10.1093/mnras/stab3684"
La22_m25,25.0,0.02,Er,1.57123607052e-08,,La22,iniab2.0E-02GN93_Lo03,"Lawson, T. V., Pignatari, M., Stancliffe, R. J., et al. 2022, MNRAS, 511, 886, doi: 10.1093/mnras/stab3684"
La22_m25,25.0,0.02,Eu,4.99735295354e-10,,La22,iniab2.0E-02GN93_Lo03,"Lawson, T. V., Pignatari, M., Stancliffe, R. J., et al. 2022, MNRAS, 511, 886, doi: 10.1093/mnras/stab3684"
La22_m25,25.0,0.02,F,2.45579438306e-06,,La22,iniab2.0E-02GN93_Lo03,"Lawson, T. V., Pignatari, M., Stancliffe, R. J., et al. 2022, MNRAS, 511, 886, doi: 10.1093/mnras/stab3684"
La22_m25,25.0,0.02,Fe,0.0507586129662,,La22,iniab2.0E-02GN93_Lo03,"Lawson, T. V., Pignatari, M., Stancliffe, R. J., et al. 2022, MNRAS, 511, 886, doi: 10.1093/mnras/stab3684"
La22_m25,25.0,0.02,Ga,0.000105035964319,,La22,iniab2.0E-02GN93_Lo03,"Lawson, T. V., Pignatari, M., Stancliffe, R. J., et al. 2022, MNRAS, 511, 886, doi: 10.1093/mnras/stab3684"
La22_m25,25.0,0.02,Gd,6.80185569204e-09,,La22,iniab2.0E-02GN93_Lo03,"Lawson, T. V., Pignatari, M., Stancliffe, R. J., et al. 2022, MNRAS, 511, 886, doi: 10.1093/mnras/stab3684"
La22_m25,25.0,0.02,Ge,0.000293263845768,,La22,iniab2.0E-02GN93_Lo03,"Lawson, T. V., Pignatari, M., Stancliffe, R. J., et al. 2022, MNRAS, 511, 886, doi: 10.1093/mnras/stab3684"
La22_m25,25.0,0.02,H,1.64408044579e-12,,La22,iniab2.0E-02GN93_Lo03,"Lawson, T. V., Pignatari, M., Stancliffe, R. J., et al. 2022, MNRAS, 511, 886, doi: 10.1093/mnras/stab3684"
La22_m25,25.0,0.02,He,1.11587950927,,La22,iniab2.0E-02GN93_Lo03,"Lawson, T. V., Pignatari, M., Stancliffe, R. J., et al. 2022, MNRAS, 511, 886, doi: 10.1093/mnras/stab3684"
La22_m25,25.0,0.02,Hf,6.41604877547e-09,,La22,iniab2.0E-02GN93_Lo03,"Lawson, T. V., Pignatari, M., Stancliffe, R. J., et al. 2022, MNRAS, 511, 886, doi: 10.1093/mnras/stab3684"
La22_m25,25.0,0.02,Hg,5.16704116674e-08,,La22,iniab2.0E-02GN93_Lo03,"Lawson, T. V., Pignatari, M., Stancliffe, R. J., et al. 2022, MNRAS, 511, 886, doi: 10.1093/mnras/stab3684"
La22_m25,25.0,0.02,Ho,3.48139584597e-09,,La22,iniab2.0E-02GN93_Lo03,"Lawson, T. V., Pignatari, M., Stancliffe, R. J., et al. 2022, MNRAS, 511, 886, doi: 10.1093/mnras/stab3684"
La22_m25,25.0,0.02,I,4.16608614477e-09,,La22,iniab2.0E-02GN93_Lo03,"Lawson, T. V., Pignatari, M., Stancliffe, R. J., et al. 2022, MNRAS, 511, 886, doi: 10.1093/mnras/stab3684"
La22_m25,25.0,0.02,In,3.59759125345e-09,,La22,iniab2.0E-02GN93_Lo03,"Lawson, T. V., Pignatari, M., Stancliffe, R. J., et al. 2022, MNRAS, 511, 886, doi: 10.1093/mnras/stab3684"
La22_m25,25.0,0.02,Ir,1.39169355476e-09,,La22,iniab2.0E-02GN93_Lo03,"Lawson, T. V., Pignatari, M., Stancliffe, R. J., et al. 2022, MNRAS, 511, 886, doi: 10.1093/mnras/stab3684"
La22_m25,25.0,0.02,K,0.000319288575027,,La22,iniab2.0E-02GN93_Lo03,"Lawson, T. V., Pignatari, M., Stancliffe, R. J., et al. 2022, MNRAS, 511, 886, doi: 10.1093/mnras/stab3684"
La22_m25,25.0,0.02,Kr,3.75728592959e-05,,La22,iniab2.0E-02GN93_Lo03,"Lawson, T. V., Pignatari, M., Stancliffe, R. J., et al. 2022, MNRAS, 511, 886, doi: 10.1093/mnras/stab3684"
La22_m25,25.0,0.02,La,3.47972282042e-08,,La22,iniab2.0E-02GN93_Lo03,"Lawson, T. V., Pignatari, M., Stancliffe, R. J., et al. 2022, MNRAS, 511, 886, doi: 10.1093/mnras/stab3684"
La22_m25,25.0,0.02,Li,6.26571511277e-18,,La22,iniab2.0E-02GN93_Lo03,"Lawson, T. V., Pignatari, M., Stancliffe, R. J., et al. 2022, MNRAS, 511, 886, doi: 10.1093/mnras/stab3684"
La22_m25,25.0,0.02,Lu,8.34216619262e-10,,La22,iniab2.0E-02GN93_Lo03,"Lawson, T. V., Pignatari, M., Stancliffe, R. J., et al. 2022, MNRAS, 511, 886, doi: 10.1093/mnras/stab3684"
La22_m25,25.0,0.02,Mg,0.160684788519,,La22,iniab2.0E-02GN93_Lo03,"Lawson, T. V., Pignatari, M., Stancliffe, R. J., et al. 2022, MNRAS, 511, 886, doi: 10.1093/mnras/stab3684"
La22_m25,25.0,0.02,Mn,0.00070712176261,,La22,iniab2.0E-02GN93_Lo03,"Lawson, T. V., Pignatari, M., Stancliffe, R. J., et al. 2022, MNRAS, 511, 886, doi: 10.1093/mnras/stab3684"
La22_m25,25.0,0.02,Mo,1.36906217168e-07,,La22,iniab2.0E-02GN93_Lo03,"Lawson, T. V., Pignatari, M., Stancliffe, R. J., et al. 2022, MNRAS, 511, 886, doi: 10.1093/mnras/stab3684"
La22_m25,25.0,0.02,N,0.000564765047613,,La22,iniab2.0E-02GN93_Lo03,"Lawson, T. V., Pignatari, M., Stancliffe, R. J., et al. 2022, MNRAS, 511, 886, doi: 10.1093/mnras/stab3684"
La22_m25,25.0,0.02,Na,0.0216315645193,,La22,iniab2.0E-02GN93_Lo03,"Lawson, T. V., Pignatari, M., Stancliffe, R. J., et al. 2022, MNRAS, 511, 886, doi: 10.1093/mnras/stab3684"
La22_m25,25.0,0.02,Nb,5.73879251972e-09,,La22,iniab2.0E-02GN93_Lo03,"Lawson, T. V., Pignatari, M., Stancliffe, R. J., et al. 2022, MNRAS, 511, 886, doi: 10.1093/mnras/stab3684"
La22_m25,25.0,0.02,Nd,3.75363017354e-08,,La22,iniab2.0E-02GN93_Lo03,"Lawson, T. V., Pignatari, M., Stancliffe, R. J., et al. 2022, MNRAS, 511, 886, doi: 10.1093/mnras/stab3684"
La22_m25,25.0,0.02,Ne,0.660147113846,,La22,iniab2.0E-02GN93_Lo03,"Lawson, T. V., Pignatari, M., Stancliffe, R. J., et al. 2022, MNRAS, 511, 886, doi: 10.1093/mnras/stab3684"
La22_m25,25.0,0.02,Ni,0.291709668896,,La22,iniab2.0E-02GN93_Lo03,"Lawson, T. V., Pignatari, M., Stancliffe, R. J., et al. 2022, MNRAS, 511, 886, doi: 10.1093/mnras/stab3684"
La22_m25,25.0,0.02,O,3.14609365495,,La22,iniab2.0E-02GN93_Lo03,"Lawson, T. V., Pignatari, M., Stancliffe, R. J., et al. 2022, MNRAS, 511, 886, doi: 10.1093/mnras/stab3684"
La22_m25,25.0,0.02,Os,8.75536743129e-09,,La22,iniab2.0E-02GN93_Lo03,"Lawson, T. V., Pignatari, M., Stancliffe, R. J., et al. 2022, MNRAS, 511, 886, doi: 10.1093/mnras/stab3684"
La22_m25,25.0,0.02,P,0.00356370509912,,La22,iniab2.0E-02GN93_Lo03,"Lawson, T. V., Pignatari, M., Stancliffe, R. J., et al. 2022, MNRAS, 511, 886, doi: 10.1093/mnras/stab3684"
La22_m25,25.0,0.02,Pb,1.33211601949e-07,,La22,iniab2.0E-02GN93_Lo03,"Lawson, T. V., Pignatari, M., Stancliffe, R. J., et al. 2022, MNRAS, 511, 886, doi: 10.1093/mnras/stab3684"
La22_m25,25.0,0.02,Pd,4.77885064695e-08,,La22,iniab2.0E-02GN93_Lo03,"Lawson, T. V., Pignatari, M., Stancliffe, R. J., et al. 2022, MNRAS, 511, 886, doi: 10.1093/mnras/stab3684"
La22_m25,25.0,0.02,Pm,7.71476397664e-10,,La22,iniab2.0E-02GN93_Lo03,"Lawson, T. V., Pignatari, M., Stancliffe, R. J., et al. 2022, MNRAS, 511, 886, doi: 10.1093/mnras/stab3684"
La22_m25,25.0,0.02,Po,9.72291707715e-12,,La22,iniab2.0E-02GN93_Lo03,"Lawson, T. V., Pignatari, M., Stancliffe, R. J., et al. 2022, MNRAS, 511, 886, doi: 10.1093/mnras/stab3684"
La22_m25,25.0,0.02,Pr,8.54101141603e-09,,La22,iniab2.0E-02GN93_Lo03,"Lawson, T. V., Pignatari, M., Stancliffe, R. J., et al. 2022, MNRAS, 511, 886, doi: 10.1093/mnras/stab3684"
La22_m25,25.0,0.02,Pt,1.01125312236e-08,,La22,iniab2.0E-02GN93_Lo03,"Lawson, T. V., Pignatari, M., Stancliffe, R. J., et al. 2022, MNRAS, 511, 886, doi: 10.1093/mnras/stab3684"
La22_m25,25.0,0.02,Rb,4.14667834831e-06,,La22,iniab2.0E-02GN93_Lo03,"Lawson, T. V., Pignatari, M., Stancliffe, R. J., et al. 2022, MNRAS, 511, 886, doi: 10.1093/mnras/stab3684"
La22_m25,25.0,0.02,Re,1.18654230031e-09,,La22,iniab2.0E-02GN93_Lo03,"Lawson, T. V., Pignatari, M., Stancliffe, R. J., et al. 2022, MNRAS, 511, 886, doi: 10.1093/mnras/stab3684"
La22_m25,25.0,0.02,Rh,3.89586313223e-09,,La22,iniab2.0E-02GN93_Lo03,"Lawson, T. V., Pignatari, M., Stancliffe, R. J., et al. 2022, MNRAS, 511, 886, doi: 10.1093/mnras/stab3684"
La22_m25,25.0,0.02,Ru,5.69415405762e-08,,La22,iniab2.0E-02GN93_Lo03,"Lawson, T. V., Pignatari, M., Stancliffe, R. J., et al. 2022, MNRAS, 511, 886, doi: 10.1093/mnras/stab3684"
La22_m25,25.0,0.02,S,0.136882387554,,La22,iniab2.0E-02GN93_Lo03,"Lawson, T. V., Pignatari, M., Stancliffe, R. J., et al. 2022, MNRAS, 511, 886, doi: 10.1093/mnras/stab3684"
La22_m25,25.0,0.02,Sb,5.00197828282e-09,,La22,iniab2.0E-02GN93_Lo03,"Lawson, T. V., Pignatari, M., Stancliffe, R. J., et al. 2022, MNRAS, 511, 886, doi: 10.1093/mnras/stab3684"
La22_m25,25.0,0.02,Sc,9.52400494424e-06,,La22,iniab2.0E-02GN93_Lo03,"Lawson, T. V., Pignatari, M., Stancliffe, R. J., et al. 2022, MNRAS, 511, 886, doi: 10.1093/mnras/stab3684"
La22_m25,25.0,0.02,Se,6.0645637281e-05,,La22,iniab2.0E-02GN93_Lo03,"Lawson, T. V., Pignatari, M., Stancliffe, R. J., et al. 2022, MNRAS, 511, 886, doi: 10.1093/mnras/stab3684"
La22_m25,25.0,0.02,Si,0.328672246616,,La22,iniab2.0E-02GN93_Lo03,"Lawson, T. V., Pignatari, M., Stancliffe, R. J., et al. 2022, MNRAS, 511, 886, doi: 10.1093/mnras/stab3684"
La22_m25,25.0,0.02,Sm,1.04549258814e-08,,La22,iniab2.0E-02GN93_Lo03,"Lawson, T. V., Pignatari, M., Stancliffe, R. J., et al. 2022, MNRAS, 511, 886, doi: 10.1093/mnras/stab3684"
La22_m25,25.0,0.02,Sn,1.36819246645e-07,,La22,iniab2.0E-02GN93_Lo03,"Lawson, T. V., Pignatari, M., Stancliffe, R. J., et al. 2022, MNRAS, 511, 886, doi: 10.1093/mnras/stab3684"
La22_m25,25.0,0.02,Sr,1.3716488299e-05,,La22,iniab2.0E-02GN93_Lo03,"Lawson, T. V., Pignatari, M., Stancliffe, R. J., et al. 2022, MNRAS, 511, 886, doi: 10.1093/mnras/stab3684"
La22_m25,25.0,0.02,Ta,1.31397046325e-09,,La22,iniab2.0E-02GN93_Lo03,"Lawson, T. V., Pignatari, M., Stancliffe, R. J., et al. 2022, MNRAS, 511, 886, doi: 10.1093/mnras/stab3684"
La22_m25,25.0,0.02,Tb,1.87742260622e-09,,La22,iniab2.0E-02GN93_Lo03,"Lawson, T. V., Pignatari, M., Stancliffe, R. J., et al. 2022, MNRAS, 511, 886, doi: 10.1093/mnras/stab3684"
La22_m25,25.0,0.02,Tc,2.09507715224e-09,,La22,iniab2.0E-02GN93_Lo03,"Lawson, T. V., Pignatari, M., Stancliffe, R. J., et al. 2022, MNRAS, 511, 886, doi: 10.1093/mnras/stab3684"
La22_m25,25.0,0.02,Te,5.99700953916e-08,,La22,iniab2.0E-02GN93_Lo03,"Lawson, T. V., Pignatari, M., Stancliffe, R. J., et al. 2022, MNRAS, 511, 886, doi: 10.1093/mnras/stab3684"
La22_m25,25.0,0.02,Ti,0.000179302483237,,La22,iniab2.0E-02GN93_Lo03,"Lawson, T. V., Pignatari, M., Stancliffe, R. J., et al. 2022, MNRAS, 511, 886, doi: 10.1093/mnras/stab3684"
La22_m25,25.0,0.02,Tl,1.4947634584e-08,,La22,iniab2.0E-02GN93_Lo03,"Lawson, T. V., Pignatari, M., Stancliffe, R. J., et al. 2022, MNRAS, 511, 886, doi: 10.1093/mnras/stab3684"
La22_m25,25.0,0.02,Tm,1.31978096461e-09,,La22,iniab2.0E-02GN93_Lo03,"Lawson, T. V., Pignatari, M., Stancliffe, R. J., et al. 2022, MNRAS, 511, 886, doi: 10.1093/mnras/stab3684"
La22_m25,25.0,0.02,V,1.33412290058e-05,,La22,iniab2.0E-02GN93_Lo03,"Lawson, T. V., Pignatari, M., Stancliffe, R. J., et al. 2022, MNRAS, 511, 886, doi: 10.1093/mnras/stab3684"
La22_m25,25.0,0.02,W,6.45704248557e-09,,La22,iniab2.0E-02GN93_Lo03,"Lawson, T. V., Pignatari, M., Stancliffe, R. J., et al. 2022, MNRAS, 511, 886, doi: 10.1093/mnras/stab3684"
La22_m25,25.0,0.02,Xe,8.25076615757e-08,,La22,iniab2.0E-02GN93_Lo03,"Lawson, T. V., Pignatari, M., Stancliffe, R. J., et al. 2022, MNRAS, 511, 886, doi: 10.1093/mnras/stab3684"
La22_m25,25.0,0.02,Y,1.52697736744e-06,,La22,iniab2.0E-02GN93_Lo03,"Lawson, T. V., Pignatari, M., Stancliffe, R. J., et al. 2022, MNRAS, 511, 886, doi: 10.1093/mnras/stab3684"
La22_m25,25.0,0.02,Yb,9.37339014462e-09,,La22,iniab2.0E-02GN93_Lo03,"Lawson, T. V., Pignatari, M., Stancliffe, R. J., et al. 2022, MNRAS, 511, 886, doi: 10.1093/mnras/stab3684"
La22_m25,25.0,0.02,Zn,0.0112531022717,,La22,iniab2.0E-02GN93_Lo03,"Lawson, T. V., Pignatari, M., Stancliffe, R. J., et al. 2022, MNRAS, 511, 886, doi: 10.1093/mnras/stab3684"
La22_m25,25.0,0.02,Zr,1.63954352107e-06,,La22,iniab2.0E-02GN93_Lo03,"Lawson, T. V., Pignatari, M., Stancliffe, R. J., et al. 2022, MNRAS, 511, 886, doi: 10.1093/mnras/stab3684"
Pi16_m15,15.0,0.02,Ag,1.38213726114e-08,,Pi16,iniab2.0E-02GN93_Lo03,"Pignatari, M., Herwig, F., Hirschi, R., et al. 2016, ApJS, 225, 24, doi: 10.3847/0067-0049/225/2/24"
Pi16_m15,15.0,0.02,Al,0.000896396775081,,Pi16,iniab2.0E-02GN93_Lo03,"Pignatari, M., Herwig, F., Hirschi, R., et al. 2016, ApJS, 225, 24, doi: 10.3847/0067-0049/225/2/24"
Pi16_m15,15.0,0.02,Ar,0.0292999053077,,Pi16,iniab2.0E-02GN93_Lo03,"Pignatari, M., Herwig, F., Hirschi, R., et al. 2016, ApJS, 225, 24, doi: 10.3847/0067-0049/225/2/24"
Pi16_m15,15.0,0.02,As,9.71840419539e-07,,Pi16,iniab2.0E-02GN93_Lo03,"Pignatari, M., Herwig, F., Hirschi, R., et al. 2016, ApJS, 225, 24, doi: 10.3847/0067-0049/225/2/24"
Pi16_m15,15.0,0.02,Au,9.55797228226e-09,,Pi16,iniab2.0E-02GN93_Lo03,"Pignatari, M., Herwig, F., Hirschi, R., et al. 2016, ApJS, 225, 24, doi: 10.3847/0067-0049/225/2/24"
Pi16_m15,15.0,0.02,B,2.18029228425e-08,,Pi16,iniab2.0E-02GN93_Lo03,"Pignatari, M., Herwig, F., Hirschi, R., et al. 2016, ApJS, 225, 24, doi: 10.3847/0067-0049/225/2/24"
Pi16_m15,15.0,0.02,Ba,1.70300406305e-07,,Pi16,iniab2.0E-02GN93_Lo03,"Pignatari, M., Herwig, F., Hirschi, R., et al. 2016, ApJS, 225, 24, doi: 10.3847/0067-0049/225/2/24"
Pi16_m15,15.0,0.02,Be,1.48266023118e-08,,Pi16,iniab2.0E-02GN93_Lo03,"Pignatari, M., Herwig, F., Hirschi, R., et al. 2016, ApJS, 225, 24, doi: 10.3847/0067-0049/225/2/24"
Pi16_m15,15.0,0.02,Bi,7.80849674101e-09,,Pi16,iniab2.0E-02GN93_Lo03,"Pignatari, M., Herwig, F., Hirschi, R., et al. 2016, ApJS, 225, 24, doi: 10.3847/0067-0049/225/2/24"
Pi16_m15,15.0,0.02,Br,3.54611650601e-07,,Pi16,iniab2.0E-02GN93_Lo03,"Pignatari, M., Herwig, F., Hirschi, R., et al. 2016, ApJS, 225, 24, doi: 10.3847/0067-0049/225/2/24"
Pi16_m15,15.0,0.02,C,0.170496327688,,Pi16,iniab2.0E-02GN93_Lo03,"Pignatari, M., Herwig, F., Hirschi, R., et al. 2016, ApJS, 225, 24, doi: 10.3847/0067-0049/225/2/24"
Pi16_m15,15.0,0.02,Ca,0.0204364895835,,Pi16,iniab2.0E-02GN93_Lo03,"Pignatari, M., Herwig, F., Hirschi, R., et al. 2016, ApJS, 225, 24, doi: 10.3847/0067-0049/225/2/24"
Pi16_m15,15.0,0.02,Cd,4.87009971202e-08,,Pi16,iniab2.0E-02GN93_Lo03,"Pignatari, M., Herwig, F., Hirschi, R., et al. 2016, ApJS, 225, 24, doi: 10.3847/0067-0049/225/2/24"
Pi16_m15,15.0,0.02,Ce,4.17217970157e-08,,Pi16,iniab2.0E-02GN93_Lo03,"Pignatari, M., Herwig, F., Hirschi, R., et al. 2016, ApJS, 225, 24, doi: 10.3847/0067-0049/225/2/24"
Pi16_m15,15.0,0.02,Cl,0.00198359195358,,Pi16,iniab2.0E-02GN93_Lo03,"Pignatari, M., Herwig, F., Hirschi, R., et al. 2016, ApJS, 225, 24, doi: 10.3847/0067-0049/225/2/24"
Pi16_m15,15.0,0.02,Co,0.00238931034226,,Pi16,iniab2.0E-02GN93_Lo03,"Pignatari, M., Herwig, F., Hirschi, R., et al. 2016, ApJS, 225, 24, doi: 10.3847/0067-0049/225/2/24"
Pi16_m15,15.0,0.02,Cr,0.00113458669959,,Pi16,iniab2.0E-02GN93_Lo03,"Pignatari, M., Herwig, F., Hirschi, R., et al. 2016, ApJS, 225, 24, doi: 10.3847/0067-0049/225/2/24"
Pi16_m15,15.0,0.02,Cs,1.22261599585e-08,,Pi16,iniab2.0E-02GN93_Lo03,"Pignatari, M., Herwig, F., Hirschi, R., et al. 2016, ApJS, 225, 24, doi: 10.3847/0067-0049/225/2/24"
Pi16_m15,15.0,0.02,Cu,0.0063249971537,,Pi16,iniab2.0E-02GN93_Lo03,"Pignatari, M., Herwig, F., Hirschi, R., et al. 2016, ApJS, 225, 24, doi: 10.3847/0067-0049/225/2/24"
Pi16_m15,15.0,0.02,Dy,1.65484173731e-08,,Pi16,iniab2.0E-02GN93_Lo03,"Pignatari, M., Herwig, F., Hirschi, R., et al. 2016, ApJS, 225, 24, doi: 10.3847/0067-0049/225/2/24"
Pi16_m15,15.0,0.02,Er,1.10196476773e-08,,Pi16,iniab2.0E-02GN93_Lo03,"Pignatari, M., Herwig, F., Hirschi, R., et al. 2016, ApJS, 225, 24, doi: 10.3847/0067-0049/225/2/24"
Pi16_m15,15.0,0.02,Eu,3.56896961022e-09,,Pi16,iniab2.0E-02GN93_Lo03,"Pignatari, M., Herwig, F., Hirschi, R., et al. 2016, ApJS, 225, 24, doi: 10.3847/0067-0049/225/2/24"
Pi16_m15,15.0,0.02,F,1.78967572491e-05,,Pi16,iniab2.0E-02GN93_Lo03,"Pignatari, M., Herwig, F., Hirschi, R., et al. 2016, ApJS, 225, 24, doi: 10.3847/0067-0049/225/2/24"
Pi16_m15,15.0,0.02,Fe,0.0276382597321,,Pi16,iniab2.0E-02GN93_Lo03,"Pignatari, M., Herwig, F., Hirschi, R., et al. 2016, ApJS, 225, 24, doi: 10.3847/0067-0049/225/2/24"
Pi16_m15,15.0,0.02,Ga,5.80645990671e-05,,Pi16,iniab2.0E-02GN93_Lo03,"Pignatari, M., Herwig, F., Hirschi, R., et al. 2016, ApJS, 225, 24, doi: 10.3847/0067-0049/225/2/24"
Pi16_m15,15.0,0.02,Gd,1.32054571367e-08,,Pi16,iniab2.0E-02GN93_Lo03,"Pignatari, M., Herwig, F., Hirschi, R., et al. 2016, ApJS, 225, 24, doi: 10.3847/0067-0049/225/2/24"
Pi16_m15,15.0,0.02,Ge,0.00016513506651,,Pi16,iniab2.0E-02GN93_Lo03,"Pignatari, M., Herwig, F., Hirschi, R., et al. 2016, ApJS, 225, 24, doi: 10.3847/0067-0049/225/2/24"
Pi16_m15,15.0,0.02,H,4.28849523447,,Pi16,iniab2.0E-02GN93_Lo03,"Pignatari, M., Herwig, F., Hirschi, R., et al. 2016, ApJS, 225, 24, doi: 10.3847/0067-0049/225/2/24"
Pi16_m15,15.0,0.02,He,4.63313398947,,Pi16,iniab2.0E-02GN93_Lo03,"Pignatari, M., Herwig, F., Hirschi, R., et al. 2016, ApJS, 225, 24, doi: 10.3847/0067-0049/225/2/24"
Pi16_m15,15.0,0.02,Hf,7.89112381856e-09,,Pi16,iniab2.0E-02GN93_Lo03,"Pignatari, M., Herwig, F., Hirschi, R., et al. 2016, ApJS, 225, 24, doi: 10.3847/0067-0049/225/2/24"
Pi16_m15,15.0,0.02,Hg,2.2097626955e-08,,Pi16,iniab2.0E-02GN93_Lo03,"Pignatari, M., Herwig, F., Hirschi, R., et al. 2016, ApJS, 225, 24, doi: 10.3847/0067-0049/225/2/24"
Pi16_m15,15.0,0.02,Ho,3.81409649606e-09,,Pi16,iniab2.0E-02GN93_Lo03,"Pignatari, M., Herwig, F., Hirschi, R., et al. 2016, ApJS, 225, 24, doi: 10.3847/0067-0049/225/2/24"
Pi16_m15,15.0,0.02,I,1.21059408073e-08,,Pi16,iniab2.0E-02GN93_Lo03,"Pignatari, M., Herwig, F., Hirschi, R., et al. 2016, ApJS, 225, 24, doi: 10.3847/0067-0049/225/2/24"
Pi16_m15,15.0,0.02,In,7.65352518681e-09,,Pi16,iniab2.0E-02GN93_Lo03,"Pignatari, M., Herwig, F., Hirschi, R., et al. 2016, ApJS, 225, 24, doi: 10.3847/0067-0049/225/2/24"
Pi16_m15,15.0,0.02,Ir,2.84170956069e-08,,Pi16,iniab2.0E-02GN93_Lo03,"Pignatari, M., Herwig, F., Hirschi, R., et al. 2016, ApJS, 225, 24, doi: 10.3847/0067-0049/225/2/24"
Pi16_m15,15.0,0.02,K,0.000907945146567,,Pi16,iniab2.0E-02GN93_Lo03,"Pignatari, M., Herwig, F., Hirschi, R., et al. 2016, ApJS, 225, 24, doi: 10.3847/0067-0049/225/2/24"
Pi16_m15,15.0,0.02,Kr,1.62249195439e-06,,Pi16,iniab2.0E-02GN93_Lo03,"Pignatari, M., Herwig, F., Hirschi, R., et al. 2016, ApJS, 225, 24, doi: 10.3847/0067-0049/225/2/24"
Pi16_m15,15.0,0.02,La,1.8359529468e-08,,Pi16,iniab2.0E-02GN93_Lo03,"Pignatari, M., Herwig, F., Hirschi, R., et al. 2016, ApJS, 225, 24, doi: 10.3847/0067-0049/225/2/24"
Pi16_m15,15.0,0.02,Li,3.45559372285e-11,,Pi16,iniab2.0E-02GN93_Lo03,"Pignatari, M., Herwig, F., Hirschi, R., et al. 2016, ApJS, 225, 24, doi: 10.3847/0067-0049/225/2/24"
Pi16_m15,15.0,0.02,Lu,1.84256811577e-09,,Pi16,iniab2.0E-02GN93_Lo03,"Pignatari, M., Herwig, F., Hirschi, R., et al. 2016, ApJS, 225, 24, doi: 10.3847/0067-0049/225/2/24"
Pi16_m15,15.0,0.02,Mg,0.0209307610151,,Pi16,iniab2.0E-02GN93_Lo03,"Pignatari, M., Herwig, F., Hirschi, R., et al. 2016, ApJS, 225, 24, doi: 10.3847/0067-0049/225/2/24"
Pi16_m15,15.0,0.02,Mn,0.000420466301275,,Pi16,iniab2.0E-02GN93_Lo03,"Pignatari, M., Herwig, F., Hirschi, R., et al. 2016, ApJS, 225, 24, doi: 10.3847/0067-0049/225/2/24"
Pi16_m15,15.0,0.02,Mo,6.4671896694e-08,,Pi16,iniab2.0E-02GN93_Lo03,"Pignatari, M., Herwig, F., Hirschi, R., et al. 2016, ApJS, 225, 24, doi: 10.3847/0067-0049/225/2/24"
Pi16_m15,15.0,0.02,N,0.0424043692316,,Pi16,iniab2.0E-02GN93_Lo03,"Pignatari, M., Herwig, F., Hirschi, R., et al. 2016, ApJS, 225, 24, doi: 10.3847/0067-0049/225/2/24"
Pi16_m15,15.0,0.02,Na,0.00107285396829,,Pi16,iniab2.0E-02GN93_Lo03,"Pignatari, M., Herwig, F., Hirschi, R., et al. 2016, ApJS, 225, 24, doi: 10.3847/0067-0049/225/2/24"
Pi16_m15,15.0,0.02,Nb,2.28416528567e-08,,Pi16,iniab2.0E-02GN93_Lo03,"Pignatari, M., Herwig, F., Hirschi, R., et al. 2016, ApJS, 225, 24, doi: 10.3847/0067-0049/225/2/24"
Pi16_m15,15.0,0.02,Nd,3.23790009847e-08,,Pi16,iniab2.0E-02GN93_Lo03,"Pignatari, M., Herwig, F., Hirschi, R., et al. 2016, ApJS, 225, 24, doi: 10.3847/0067-0049/225/2/24"
Pi16_m15,15.0,0.02,Ne,0.0433114432648,,Pi16,iniab2.0E-02GN93_Lo03,"Pignatari, M., Herwig, F., Hirschi, R., et al. 2016, ApJS, 225, 24, doi: 10.3847/0067-0049/225/2/24"
Pi16_m15,15.0,0.02,Ni,0.411612684153,,Pi16,iniab2.0E-02GN93_Lo03,"Pignatari, M., Herwig, F., Hirschi, R., et al. 2016, ApJS, 225, 24, doi: 10.3847/0067-0049/225/2/24"
Pi16_m15,15.0,0.02,O,0.277950062784,,Pi16,iniab2.0E-02GN93_Lo03,"Pignatari, M., Herwig, F., Hirschi, R., et al. 2016, ApJS, 225, 24, doi: 10.3847/0067-0049/225/2/24"
Pi16_m15,15.0,0.02,Os,3.18602365609e-08,,Pi16,iniab2.0E-02GN93_Lo03,"Pignatari, M., Herwig, F., Hirschi, R., et al. 2016, ApJS, 225, 24, doi: 10.3847/0067-0049/225/2/24"
Pi16_m15,15.0,0.02,P,0.00163180385223,,Pi16,iniab2.0E-02GN93_Lo03,"Pignatari, M., Herwig, F., Hirschi, R., et al. 2016, ApJS, 225, 24, doi: 10.3847/0067-0049/225/2/24"
Pi16_m15,15.0,0.02,Pb,1.37802391382e-07,,Pi16,iniab2.0E-02GN93_Lo03,"Pignatari, M., Herwig, F., Hirschi, R., et al. 2016, ApJS, 225, 24, doi: 10.3847/0067-0049/225/2/24"
Pi16_m15,15.0,0.02,Pd,3.93950983624e-08,,Pi16,iniab2.0E-02GN93_Lo03,"Pignatari, M., Herwig, F., Hirschi, R., et al. 2016, ApJS, 225, 24, doi: 10.3847/0067-0049/225/2/24"
Pi16_m15,15.0,0.02,Pm,1.79895743185e-09,,Pi16,iniab2.0E-02GN93_Lo03,"Pignatari, M., Herwig, F., Hirschi, R., et al. 2016, ApJS, 225, 24, doi: 10.3847/0067-0049/225/2/24"
Pi16_m15,15.0,0.02,Po,7.78414365846e-13,,Pi16,iniab2.0E-02GN93_Lo03,"Pignatari, M., Herwig, F., Hirschi, R., et al. 2016, ApJS, 225, 24, doi: 10.3847/0067-0049/225/2/24"
Pi16_m15,15.0,0.02,Pr,7.27697106923e-09,,Pi16,iniab2.0E-02GN93_Lo03,"Pignatari, M., Herwig, F., Hirschi, R., et al. 2016, ApJS, 225, 24, doi: 10.3847/0067-0049/225/2/24"
Pi16_m15,15.0,0.02,Pt,6.96202941867e-08,,Pi16,iniab2.0E-02GN93_Lo03,"Pignatari, M., Herwig, F., Hirschi, R., et al. 2016, ApJS, 225, 24, doi: 10.3847/0067-0049/225/2/24"
Pi16_m15,15.0,0.02,Rb,1.94034483155e-07,,Pi16,iniab2.0E-02GN93_Lo03,"Pignatari, M., Herwig, F., Hirschi, R., et al. 2016, ApJS, 225, 24, doi: 10.3847/0067-0049/225/2/24"
Pi16_m15,15.0,0.02,Re,2.3296991561e-09,,Pi16,iniab2.0E-02GN93_Lo03,"Pignatari, M., Herwig, F., Hirschi, R., et al. 2016, ApJS, 225, 24, doi: 10.3847/0067-0049/225/2/24"
Pi16_m15,15.0,0.02,Rh,1.03250126033e-08,,Pi16,iniab2.0E-02GN93_Lo03,"Pignatari, M., Herwig, F., Hirschi, R., et al. 2016, ApJS, 225, 24, doi: 10.3847/0067-0049/225/2/24"
Pi16_m15,15.0,0.02,Ru,4.81938520491e-08,,Pi16,iniab2.0E-02GN93_Lo03,"Pignatari, M., Herwig, F., Hirschi, R., et al. 2016, ApJS, 225, 24, doi: 10.3847/0067-0049/225/2/24"
Pi16_m15,15.0,0.02,S,0.0678077080525,,Pi16,iniab2.0E-02GN93_Lo03,"Pignatari, M., Herwig, F., Hirschi, R., et al. 2016, ApJS, 225, 24, doi: 10.3847/0067-0049/225/2/24"
Pi16_m15,15.0,0.02,Sb,9.49396235745e-09,,Pi16,iniab2.0E-02GN93_Lo03,"Pignatari, M., Herwig, F., Hirschi, R., et al. 2016, ApJS, 225, 24, doi: 10.3847/0067-0049/225/2/24"
Pi16_m15,15.0,0.02,Sc,0.000156172967306,,Pi16,iniab2.0E-02GN93_Lo03,"Pignatari, M., Herwig, F., Hirschi, R., et al. 2016, ApJS, 225, 24, doi: 10.3847/0067-0049/225/2/24"
Pi16_m15,15.0,0.02,Se,4.59196943644e-06,,Pi16,iniab2.0E-02GN93_Lo03,"Pignatari, M., Herwig, F., Hirschi, R., et al. 2016, ApJS, 225, 24, doi: 10.3847/0067-0049/225/2/24"
Pi16_m15,15.0,0.02,Si,0.090902600008,,Pi16,iniab2.0E-02GN93_Lo03,"Pignatari, M., Herwig, F., Hirschi, R., et al. 2016, ApJS, 225, 24, doi: 10.3847/0067-0049/225/2/24"
Pi16_m15,15.0,0.02,Sm,1.11941793212e-08,,Pi16,iniab2.0E-02GN93_Lo03,"Pignatari, M., Herwig, F., Hirschi, R., et al. 2016, ApJS, 225, 24, doi: 10.3847/0067-0049/225/2/24"
Pi16_m15,15.0,0.02,Sn,1.26450291701e-07,,Pi16,iniab2.0E-02GN93_Lo03,"Pignatari, M., Herwig, F., Hirschi, R., et al. 2016, ApJS, 225, 24, doi: 10.3847/0067-0049/225/2/24"
Pi16_m15,15.0,0.02,Sr,7.1567643475e-07,,Pi16,iniab2.0E-02GN93_Lo03,"Pignatari, M., Herwig, F., Hirschi, R., et al. 2016, ApJS, 225, 24, doi: 10.3847/0067-0049/225/2/24"
Pi16_m15,15.0,0.02,Ta,1.72550451299e-09,,Pi16,iniab2.0E-02GN93_Lo03,"Pignatari, M., Herwig, F., Hirschi, R., et al. 2016, ApJS, 225, 24, doi: 10.3847/0067-0049/225/2/24"
Pi16_m15,15.0,0.02,Tb,2.57785456312e-09,,Pi16,iniab2.0E-02GN93_Lo03,"Pignatari, M., Herwig, F., Hirschi, R., et al. 2016, ApJS, 225, 24, doi: 10.3847/0067-0049/225/2/24"
Pi16_m15,15.0,0.02,Tc,1.93935514653e-09,,Pi16,iniab2.0E-02GN93_Lo03,"Pignatari, M., Herwig, F., Hirschi, R., et al. 2016, ApJS, 225, 24, doi: 10.3847/0067-0049/225/2/24"
Pi16_m15,15.0,0.02,Te,1.59698839669e-07,,Pi16,iniab2.0E-02GN93_Lo03,"Pignatari, M., Herwig, F., Hirschi, R., et al. 2016, ApJS, 225, 24, doi: 10.3847/0067-0049/225/2/24"
Pi16_m15,15.0,0.02,Ti,0.000385282815853,,Pi16,iniab2.0E-02GN93_Lo03,"Pignatari, M., Herwig, F., Hirschi, R., et al. 2016, ApJS, 225, 24, doi: 10.3847/0067-0049/225/2/24"
Pi16_m15,15.0,0.02,Tl,1.02387174897e-08,,Pi16,iniab2.0E-02GN93_Lo03,"Pignatari, M., Herwig, F., Hirschi, R., et al. 2016, ApJS, 225, 24, doi: 10.3847/0067-0049/225/2/24"
Pi16_m15,15.0,0.02,Tm,1.92886052875e-09,,Pi16,iniab2.0E-02GN93_Lo03,"Pignatari, M., Herwig, F., Hirschi, R., et al. 2016, ApJS, 225, 24, doi: 10.3847/0067-0049/225/2/24"
Pi16_m15,15.0,0.02,V,4.35829286091e-05,,Pi16,iniab2.0E-02GN93_Lo03,"Pignatari, M., Herwig, F., Hirschi, R., et al. 2016, ApJS, 225, 24, doi: 10.3847/0067-0049/225/2/24"
Pi16_m15,15.0,0.02,W,6.62167203037e-09,,Pi16,iniab2.0E-02GN93_Lo03,"Pignatari, M., Herwig, F., Hirschi, R., et al. 2016, ApJS, 225, 24, doi: 10.3847/0067-0049/225/2/24"
Pi16_m15,15.0,0.02,Xe,1.6405118888e-07,,Pi16,iniab2.0E-02GN93_Lo03,"Pignatari, M., Herwig, F., Hirschi, R., et al. 2016, ApJS, 225, 24, doi: 10.3847/0067-0049/225/2/24"
Pi16_m15,15.0,0.02,Y,1.43768747149e-07,,Pi16,iniab2.0E-02GN93_Lo03,"Pignatari, M., Herwig, F., Hirschi, R., et al. 2016, ApJS, 225, 24, doi: 10.3847/0067-0049/225/2/24"
Pi16_m15,15.0,0.02,Yb,1.18958177595e-08,,Pi16,iniab2.0E-02GN93_Lo03,"Pignatari, M., Herwig, F., Hirschi, R., et al. 2016, ApJS, 225, 24, doi: 10.3847/0067-0049/225/2/24"
Pi16_m15,15.0,0.02,Zn,0.0193576300877,,Pi16,iniab2.0E-02GN93_Lo03,"Pignatari, M., Herwig, F., Hirschi, R., et al. 2016, ApJS, 225, 24, doi: 10.3847/0067-0049/225/2/24"
Pi16_m15,15.0,0.02,Zr,3.35256328824e-07,,Pi16,iniab2.0E-02GN93_Lo03,"Pignatari, M., Herwig, F., Hirschi, R., et al. 2016, ApJS, 225, 24, doi: 10.3847/0067-0049/225/2/24"
Pi16_m20,20.0,0.02,Ag,1.4916911586e-08,,Pi16,iniab2.0E-02GN93_Lo03,"Pignatari, M., Herwig, F., Hirschi, R., et al. 2016, ApJS, 225, 24, doi: 10.3847/0067-0049/225/2/24"
Pi16_m20,20.0,0.02,Al,0.00309169233803,,Pi16,iniab2.0E-02GN93_Lo03,"Pignatari, M., Herwig, F., Hirschi, R., et al. 2016, ApJS, 225, 24, doi: 10.3847/0067-0049/225/2/24"
Pi16_m20,20.0,0.02,Ar,0.053378369101,,Pi16,iniab2.0E-02GN93_Lo03,"Pignatari, M., Herwig, F., Hirschi, R., et al. 2016, ApJS, 225, 24, doi: 10.3847/0067-0049/225/2/24"
Pi16_m20,20.0,0.02,As,1.15384388951e-05,,Pi16,iniab2.0E-02GN93_Lo03,"Pignatari, M., Herwig, F., Hirschi, R., et al. 2016, ApJS, 225, 24, doi: 10.3847/0067-0049/225/2/24"
Pi16_m20,20.0,0.02,Au,9.91415731824e-09,,Pi16,iniab2.0E-02GN93_Lo03,"Pignatari, M., Herwig, F., Hirschi, R., et al. 2016, ApJS, 225, 24, doi: 10.3847/0067-0049/225/2/24"
Pi16_m20,20.0,0.02,B,1.94439782623e-08,,Pi16,iniab2.0E-02GN93_Lo03,"Pignatari, M., Herwig, F., Hirschi, R., et al. 2016, ApJS, 225, 24, doi: 10.3847/0067-0049/225/2/24"
Pi16_m20,20.0,0.02,Ba,2.20452426947e-07,,Pi16,iniab2.0E-02GN93_Lo03,"Pignatari, M., Herwig, F., Hirschi, R., et al. 2016, ApJS, 225, 24, doi: 10.3847/0067-0049/225/2/24"
Pi16_m20,20.0,0.02,Be,4.8654851692e-13,,Pi16,iniab2.0E-02GN93_Lo03,"Pignatari, M., Herwig, F., Hirschi, R., et al. 2016, ApJS, 225, 24, doi: 10.3847/0067-0049/225/2/24"
Pi16_m20,20.0,0.02,Bi,8.42261122803e-09,,Pi16,iniab2.0E-02GN93_Lo03,"Pignatari, M., Herwig, F., Hirschi, R., et al. 2016, ApJS, 225, 24, doi: 10.3847/0067-0049/225/2/24"
Pi16_m20,20.0,0.02,Br,3.15998047073e-06,,Pi16,iniab2.0E-02GN93_Lo03,"Pignatari, M., Herwig, F., Hirschi, R., et al. 2016, ApJS, 225, 24, doi: 10.3847/0067-0049/225/2/24"
Pi16_m20,20.0,0.02,C,0.262610262041,,Pi16,iniab2.0E-02GN93_Lo03,"Pignatari, M., Herwig, F., Hirschi, R., et al. 2016, ApJS, 225, 24, doi: 10.3847/0067-0049/225/2/24"
Pi16_m20,20.0,0.02,Ca,0.0228802101098,,Pi16,iniab2.0E-02GN93_Lo03,"Pignatari, M., Herwig, F., Hirschi, R., et al. 2016, ApJS, 225, 24, doi: 10.3847/0067-0049/225/2/24"
Pi16_m20,20.0,0.02,Cd,5.46990799082e-08,,Pi16,iniab2.0E-02GN93_Lo03,"Pignatari, M., Herwig, F., Hirschi, R., et al. 2016, ApJS, 225, 24, doi: 10.3847/0067-0049/225/2/24"
Pi16_m20,20.0,0.02,Ce,5.30797687902e-08,,Pi16,iniab2.0E-02GN93_Lo03,"Pignatari, M., Herwig, F., Hirschi, R., et al. 2016, ApJS, 225, 24, doi: 10.3847/0067-0049/225/2/24"
Pi16_m20,20.0,0.02,Cl,0.00640434669678,,Pi16,iniab2.0E-02GN93_Lo03,"Pignatari, M., Herwig, F., Hirschi, R., et al. 2016, ApJS, 225, 24, doi: 10.3847/0067-0049/225/2/24"
Pi16_m20,20.0,0.02,Co,0.00131982822032,,Pi16,iniab2.0E-02GN93_Lo03,"Pignatari, M., Herwig, F., Hirschi, R., et al. 2016, ApJS, 225, 24, doi: 10.3847/0067-0049/225/2/24"
Pi16_m20,20.0,0.02,Cr,0.00108309697161,,Pi16,iniab2.0E-02GN93_Lo03,"Pignatari, M., Herwig, F., Hirschi, R., et al. 2016, ApJS, 225, 24, doi: 10.3847/0067-0049/225/2/24"
Pi16_m20,20.0,0.02,Cs,1.62170847779e-08,,Pi16,iniab2.0E-02GN93_Lo03,"Pignatari, M., Herwig, F., Hirschi, R., et al. 2016, ApJS, 225, 24, doi: 10.3847/0067-0049/225/2/24"
Pi16_m20,20.0,0.02,Cu,0.000225720911996,,Pi16,iniab2.0E-02GN93_Lo03,"Pignatari, M., Herwig, F., Hirschi, R., et al. 2016, ApJS, 225, 24, doi: 10.3847/0067-0049/225/2/24"
Pi16_m20,20.0,0.02,Dy,1.64194000416e-08,,Pi16,iniab2.0E-02GN93_Lo03,"Pignatari, M., Herwig, F., Hirschi, R., et al. 2016, ApJS, 225, 24, doi: 10.3847/0067-0049/225/2/24"
Pi16_m20,20.0,0.02,Er,1.22409660256e-08,,Pi16,iniab2.0E-02GN93_Lo03,"Pignatari, M., Herwig, F., Hirschi, R., et al. 2016, ApJS, 225, 24, doi: 10.3847/0067-0049/225/2/24"
Pi16_m20,20.0,0.02,Eu,3.75526195435e-09,,Pi16,iniab2.0E-02GN93_Lo03,"Pignatari, M., Herwig, F., Hirschi, R., et al. 2016, ApJS, 225, 24, doi: 10.3847/0067-0049/225/2/24"
Pi16_m20,20.0,0.02,F,6.25957435506e-06,,Pi16,iniab2.0E-02GN93_Lo03,"Pignatari, M., Herwig, F., Hirschi, R., et al. 2016, ApJS, 225, 24, doi: 10.3847/0067-0049/225/2/24"
Pi16_m20,20.0,0.02,Fe,0.0324532916918,,Pi16,iniab2.0E-02GN93_Lo03,"Pignatari, M., Herwig, F., Hirschi, R., et al. 2016, ApJS, 225, 24, doi: 10.3847/0067-0049/225/2/24"
Pi16_m20,20.0,0.02,Ga,4.23489763708e-05,,Pi16,iniab2.0E-02GN93_Lo03,"Pignatari, M., Herwig, F., Hirschi, R., et al. 2016, ApJS, 225, 24, doi: 10.3847/0067-0049/225/2/24"
Pi16_m20,20.0,0.02,Gd,1.43806968688e-08,,Pi16,iniab2.0E-02GN93_Lo03,"Pignatari, M., Herwig, F., Hirschi, R., et al. 2016, ApJS, 225, 24, doi: 10.3847/0067-0049/225/2/24"
Pi16_m20,20.0,0.02,Ge,6.30715817153e-05,,Pi16,iniab2.0E-02GN93_Lo03,"Pignatari, M., Herwig, F., Hirschi, R., et al. 2016, ApJS, 225, 24, doi: 10.3847/0067-0049/225/2/24"
Pi16_m20,20.0,0.02,H,3.63495542253,,Pi16,iniab2.0E-02GN93_Lo03,"Pignatari, M., Herwig, F., Hirschi, R., et al. 2016, ApJS, 225, 24, doi: 10.3847/0067-0049/225/2/24"
Pi16_m20,20.0,0.02,He,4.66696764697,,Pi16,iniab2.0E-02GN93_Lo03,"Pignatari, M., Herwig, F., Hirschi, R., et al. 2016, ApJS, 225, 24, doi: 10.3847/0067-0049/225/2/24"
Pi16_m20,20.0,0.02,Hf,1.02745583423e-08,,Pi16,iniab2.0E-02GN93_Lo03,"Pignatari, M., Herwig, F., Hirschi, R., et al. 2016, ApJS, 225, 24, doi: 10.3847/0067-0049/225/2/24"
Pi16_m20,20.0,0.02,Hg,2.54408028133e-08,,Pi16,iniab2.0E-02GN93_Lo03,"Pignatari, M., Herwig, F., Hirschi, R., et al. 2016, ApJS, 225, 24, doi: 10.3847/0067-0049/225/2/24"
Pi16_m20,20.0,0.02,Ho,4.13703496254e-09,,Pi16,iniab2.0E-02GN93_Lo03,"Pignatari, M., Herwig, F., Hirschi, R., et al. 2016, ApJS, 225, 24, doi: 10.3847/0067-0049/225/2/24"
Pi16_m20,20.0,0.02,I,1.26313237072e-08,,Pi16,iniab2.0E-02GN93_Lo03,"Pignatari, M., Herwig, F., Hirschi, R., et al. 2016, ApJS, 225, 24, doi: 10.3847/0067-0049/225/2/24"
Pi16_m20,20.0,0.02,In,8.62643907839e-09,,Pi16,iniab2.0E-02GN93_Lo03,"Pignatari, M., Herwig, F., Hirschi, R., et al. 2016, ApJS, 225, 24, doi: 10.3847/0067-0049/225/2/24"
Pi16_m20,20.0,0.02,Ir,2.73554833989e-08,,Pi16,iniab2.0E-02GN93_Lo03,"Pignatari, M., Herwig, F., Hirschi, R., et al. 2016, ApJS, 225, 24, doi: 10.3847/0067-0049/225/2/24"
Pi16_m20,20.0,0.02,K,0.00247678903436,,Pi16,iniab2.0E-02GN93_Lo03,"Pignatari, M., Herwig, F., Hirschi, R., et al. 2016, ApJS, 225, 24, doi: 10.3847/0067-0049/225/2/24"
Pi16_m20,20.0,0.02,Kr,8.171706149e-06,,Pi16,iniab2.0E-02GN93_Lo03,"Pignatari, M., Herwig, F., Hirschi, R., et al. 2016, ApJS, 225, 24, doi: 10.3847/0067-0049/225/2/24"
Pi16_m20,20.0,0.02,La,2.56220996737e-08,,Pi16,iniab2.0E-02GN93_Lo03,"Pignatari, M., Herwig, F., Hirschi, R., et al. 2016, ApJS, 225, 24, doi: 10.3847/0067-0049/225/2/24"
Pi16_m20,20.0,0.02,Li,6.46780607382e-12,,Pi16,iniab2.0E-02GN93_Lo03,"Pignatari, M., Herwig, F., Hirschi, R., et al. 2016, ApJS, 225, 24, doi: 10.3847/0067-0049/225/2/24"
Pi16_m20,20.0,0.02,Lu,2.25364921882e-09,,Pi16,iniab2.0E-02GN93_Lo03,"Pignatari, M., Herwig, F., Hirschi, R., et al. 2016, ApJS, 225, 24, doi: 10.3847/0067-0049/225/2/24"
Pi16_m20,20.0,0.02,Mg,0.13536247136,,Pi16,iniab2.0E-02GN93_Lo03,"Pignatari, M., Herwig, F., Hirschi, R., et al. 2016, ApJS, 225, 24, doi: 10.3847/0067-0049/225/2/24"
Pi16_m20,20.0,0.02,Mn,0.000198362203472,,Pi16,iniab2.0E-02GN93_Lo03,"Pignatari, M., Herwig, F., Hirschi, R., et al. 2016, ApJS, 225, 24, doi: 10.3847/0067-0049/225/2/24"
Pi16_m20,20.0,0.02,Mo,8.82949158245e-08,,Pi16,iniab2.0E-02GN93_Lo03,"Pignatari, M., Herwig, F., Hirschi, R., et al. 2016, ApJS, 225, 24, doi: 10.3847/0067-0049/225/2/24"
Pi16_m20,20.0,0.02,N,0.05310028839,,Pi16,iniab2.0E-02GN93_Lo03,"Pignatari, M., Herwig, F., Hirschi, R., et al. 2016, ApJS, 225, 24, doi: 10.3847/0067-0049/225/2/24"
Pi16_m20,20.0,0.02,Na,0.00175483027688,,Pi16,iniab2.0E-02GN93_Lo03,"Pignatari, M., Herwig, F., Hirschi, R., et al. 2016, ApJS, 225, 24, doi: 10.3847/0067-0049/225/2/24"
Pi16_m20,20.0,0.02,Nb,3.11671356316e-08,,Pi16,iniab2.0E-02GN93_Lo03,"Pignatari, M., Herwig, F., Hirschi, R., et al. 2016, ApJS, 225, 24, doi: 10.3847/0067-0049/225/2/24"
Pi16_m20,20.0,0.02,Nd,3.61888133438e-08,,Pi16,iniab2.0E-02GN93_Lo03,"Pignatari, M., Herwig, F., Hirschi, R., et al. 2016, ApJS, 225, 24, doi: 10.3847/0067-0049/225/2/24"
Pi16_m20,20.0,0.02,Ne,0.0846778679524,,Pi16,iniab2.0E-02GN93_Lo03,"Pignatari, M., Herwig, F., Hirschi, R., et al. 2016, ApJS, 225, 24, doi: 10.3847/0067-0049/225/2/24"
Pi16_m20,20.0,0.02,Ni,0.0114512788927,,Pi16,iniab2.0E-02GN93_Lo03,"Pignatari, M., Herwig, F., Hirschi, R., et al. 2016, ApJS, 225, 24, doi: 10.3847/0067-0049/225/2/24"
Pi16_m20,20.0,0.02,O,1.15575750798,,Pi16,iniab2.0E-02GN93_Lo03,"Pignatari, M., Herwig, F., Hirschi, R., et al. 2016, ApJS, 225, 24, doi: 10.3847/0067-0049/225/2/24"
Pi16_m20,20.0,0.02,Os,3.19157720076e-08,,Pi16,iniab2.0E-02GN93_Lo03,"Pignatari, M., Herwig, F., Hirschi, R., et al. 2016, ApJS, 225, 24, doi: 10.3847/0067-0049/225/2/24"
Pi16_m20,20.0,0.02,P,0.00749631420021,,Pi16,iniab2.0E-02GN93_Lo03,"Pignatari, M., Herwig, F., Hirschi, R., et al. 2016, ApJS, 225, 24, doi: 10.3847/0067-0049/225/2/24"
Pi16_m20,20.0,0.02,Pb,1.67615857766e-07,,Pi16,iniab2.0E-02GN93_Lo03,"Pignatari, M., Herwig, F., Hirschi, R., et al. 2016, ApJS, 225, 24, doi: 10.3847/0067-0049/225/2/24"
Pi16_m20,20.0,0.02,Pd,4.58954400639e-08,,Pi16,iniab2.0E-02GN93_Lo03,"Pignatari, M., Herwig, F., Hirschi, R., et al. 2016, ApJS, 225, 24, doi: 10.3847/0067-0049/225/2/24"
Pi16_m20,20.0,0.02,Pm,3.60876922176e-09,,Pi16,iniab2.0E-02GN93_Lo03,"Pignatari, M., Herwig, F., Hirschi, R., et al. 2016, ApJS, 225, 24, doi: 10.3847/0067-0049/225/2/24"
Pi16_m20,20.0,0.02,Po,3.74913086223e-11,,Pi16,iniab2.0E-02GN93_Lo03,"Pignatari, M., Herwig, F., Hirschi, R., et al. 2016, ApJS, 225, 24, doi: 10.3847/0067-0049/225/2/24"
Pi16_m20,20.0,0.02,Pr,8.66706210361e-09,,Pi16,iniab2.0E-02GN93_Lo03,"Pignatari, M., Herwig, F., Hirschi, R., et al. 2016, ApJS, 225, 24, doi: 10.3847/0067-0049/225/2/24"
Pi16_m20,20.0,0.02,Pt,6.96744852299e-08,,Pi16,iniab2.0E-02GN93_Lo03,"Pignatari, M., Herwig, F., Hirschi, R., et al. 2016, ApJS, 225, 24, doi: 10.3847/0067-0049/225/2/24"
Pi16_m20,20.0,0.02,Rb,1.16120028957e-06,,Pi16,iniab2.0E-02GN93_Lo03,"Pignatari, M., Herwig, F., Hirschi, R., et al. 2016, ApJS, 225, 24, doi: 10.3847/0067-0049/225/2/24"
Pi16_m20,20.0,0.02,Re,2.47838206974e-09,,Pi16,iniab2.0E-02GN93_Lo03,"Pignatari, M., Herwig, F., Hirschi, R., et al. 2016, ApJS, 225, 24, doi: 10.3847/0067-0049/225/2/24"
Pi16_m20,20.0,0.02,Rh,1.16844847401e-08,,Pi16,iniab2.0E-02GN93_Lo03,"Pignatari, M., Herwig, F., Hirschi, R., et al. 2016, ApJS, 225, 24, doi: 10.3847/0067-0049/225/2/24"
Pi16_m20,20.0,0.02,Ru,5.30017976743e-08,,Pi16,iniab2.0E-02GN93_Lo03,"Pignatari, M., Herwig, F., Hirschi, R., et al. 2016, ApJS, 225, 24, doi: 10.3847/0067-0049/225/2/24"
Pi16_m20,20.0,0.02,S,0.19639027207,,Pi16,iniab2.0E-02GN93_Lo03,"Pignatari, M., Herwig, F., Hirschi, R., et al. 2016, ApJS, 225, 24, doi: 10.3847/0067-0049/225/2/24"
Pi16_m20,20.0,0.02,Sb,1.03490725453e-08,,Pi16,iniab2.0E-02GN93_Lo03,"Pignatari, M., Herwig, F., Hirschi, R., et al. 2016, ApJS, 225, 24, doi: 10.3847/0067-0049/225/2/24"
Pi16_m20,20.0,0.02,Sc,2.71443616725e-05,,Pi16,iniab2.0E-02GN93_Lo03,"Pignatari, M., Herwig, F., Hirschi, R., et al. 2016, ApJS, 225, 24, doi: 10.3847/0067-0049/225/2/24"
Pi16_m20,20.0,0.02,Se,1.55052546013e-05,,Pi16,iniab2.0E-02GN93_Lo03,"Pignatari, M., Herwig, F., Hirschi, R., et al. 2016, ApJS, 225, 24, doi: 10.3847/0067-0049/225/2/24"
Pi16_m20,20.0,0.02,Si,0.423186891306,,Pi16,iniab2.0E-02GN93_Lo03,"Pignatari, M., Herwig, F., Hirschi, R., et al. 2016, ApJS, 225, 24, doi: 10.3847/0067-0049/225/2/24"
Pi16_m20,20.0,0.02,Sm,2.10064380813e-08,,Pi16,iniab2.0E-02GN93_Lo03,"Pignatari, M., Herwig, F., Hirschi, R., et al. 2016, ApJS, 225, 24, doi: 10.3847/0067-0049/225/2/24"
Pi16_m20,20.0,0.02,Sn,1.63860139444e-07,,Pi16,iniab2.0E-02GN93_Lo03,"Pignatari, M., Herwig, F., Hirschi, R., et al. 2016, ApJS, 225, 24, doi: 10.3847/0067-0049/225/2/24"
Pi16_m20,20.0,0.02,Sr,2.08459348578e-06,,Pi16,iniab2.0E-02GN93_Lo03,"Pignatari, M., Herwig, F., Hirschi, R., et al. 2016, ApJS, 225, 24, doi: 10.3847/0067-0049/225/2/24"
Pi16_m20,20.0,0.02,Ta,2.01996152277e-09,,Pi16,iniab2.0E-02GN93_Lo03,"Pignatari, M., Herwig, F., Hirschi, R., et al. 2016, ApJS, 225, 24, doi: 10.3847/0067-0049/225/2/24"
Pi16_m20,20.0,0.02,Tb,2.8278380149e-09,,Pi16,iniab2.0E-02GN93_Lo03,"Pignatari, M., Herwig, F., Hirschi, R., et al. 2016, ApJS, 225, 24, doi: 10.3847/0067-0049/225/2/24"
Pi16_m20,20.0,0.02,Tc,4.12510366863e-09,,Pi16,iniab2.0E-02GN93_Lo03,"Pignatari, M., Herwig, F., Hirschi, R., et al. 2016, ApJS, 225, 24, doi: 10.3847/0067-0049/225/2/24"
Pi16_m20,20.0,0.02,Te,1.65537249325e-07,,Pi16,iniab2.0E-02GN93_Lo03,"Pignatari, M., Herwig, F., Hirschi, R., et al. 2016, ApJS, 225, 24, doi: 10.3847/0067-0049/225/2/24"
Pi16_m20,20.0,0.02,Ti,0.000147021130129,,Pi16,iniab2.0E-02GN93_Lo03,"Pignatari, M., Herwig, F., Hirschi, R., et al. 2016, ApJS, 225, 24, doi: 10.3847/0067-0049/225/2/24"
Pi16_m20,20.0,0.02,Tl,1.28111001926e-08,,Pi16,iniab2.0E-02GN93_Lo03,"Pignatari, M., Herwig, F., Hirschi, R., et al. 2016, ApJS, 225, 24, doi: 10.3847/0067-0049/225/2/24"
Pi16_m20,20.0,0.02,Tm,2.58521773162e-09,,Pi16,iniab2.0E-02GN93_Lo03,"Pignatari, M., Herwig, F., Hirschi, R., et al. 2016, ApJS, 225, 24, doi: 10.3847/0067-0049/225/2/24"
Pi16_m20,20.0,0.02,V,1.34899725693e-05,,Pi16,iniab2.0E-02GN93_Lo03,"Pignatari, M., Herwig, F., Hirschi, R., et al. 2016, ApJS, 225, 24, doi: 10.3847/0067-0049/225/2/24"
Pi16_m20,20.0,0.02,W,7.56276779972e-09,,Pi16,iniab2.0E-02GN93_Lo03,"Pignatari, M., Herwig, F., Hirschi, R., et al. 2016, ApJS, 225, 24, doi: 10.3847/0067-0049/225/2/24"
Pi16_m20,20.0,0.02,Xe,1.80307378308e-07,,Pi16,iniab2.0E-02GN93_Lo03,"Pignatari, M., Herwig, F., Hirschi, R., et al. 2016, ApJS, 225, 24, doi: 10.3847/0067-0049/225/2/24"
Pi16_m20,20.0,0.02,Y,2.62807723007e-07,,Pi16,iniab2.0E-02GN93_Lo03,"Pignatari, M., Herwig, F., Hirschi, R., et al. 2016, ApJS, 225, 24, doi: 10.3847/0067-0049/225/2/24"
Pi16_m20,20.0,0.02,Yb,1.33678972455e-08,,Pi16,iniab2.0E-02GN93_Lo03,"Pignatari, M., Herwig, F., Hirschi, R., et al. 2016, ApJS, 225, 24, doi: 10.3847/0067-0049/225/2/24"
Pi16_m20,20.0,0.02,Zn,0.000280330296277,,Pi16,iniab2.0E-02GN93_Lo03,"Pignatari, M., Herwig, F., Hirschi, R., et al. 2016, ApJS, 225, 24, doi: 10.3847/0067-0049/225/2/24"
Pi16_m20,20.0,0.02,Zr,5.30535662586e-07,,Pi16,iniab2.0E-02GN93_Lo03,"Pignatari, M., Herwig, F., Hirschi, R., et al. 2016, ApJS, 225, 24, doi: 10.3847/0067-0049/225/2/24"
Pi16_m25,25.0,0.02,Ag,9.40944341747e-09,,Pi16,iniab2.0E-02GN93_Lo03,"Pignatari, M., Herwig, F., Hirschi, R., et al. 2016, ApJS, 225, 24, doi: 10.3847/0067-0049/225/2/24"
Pi16_m25,25.0,0.02,Al,0.00223715668737,,Pi16,iniab2.0E-02GN93_Lo03,"Pignatari, M., Herwig, F., Hirschi, R., et al. 2016, ApJS, 225, 24, doi: 10.3847/0067-0049/225/2/24"
Pi16_m25,25.0,0.02,Ar,0.00124397858743,,Pi16,iniab2.0E-02GN93_Lo03,"Pignatari, M., Herwig, F., Hirschi, R., et al. 2016, ApJS, 225, 24, doi: 10.3847/0067-0049/225/2/24"
Pi16_m25,25.0,0.02,As,1.16802888366e-06,,Pi16,iniab2.0E-02GN93_Lo03,"Pignatari, M., Herwig, F., Hirschi, R., et al. 2016, ApJS, 225, 24, doi: 10.3847/0067-0049/225/2/24"
Pi16_m25,25.0,0.02,Au,7.28187513878e-09,,Pi16,iniab2.0E-02GN93_Lo03,"Pignatari, M., Herwig, F., Hirschi, R., et al. 2016, ApJS, 225, 24, doi: 10.3847/0067-0049/225/2/24"
Pi16_m25,25.0,0.02,B,1.73409698063e-08,,Pi16,iniab2.0E-02GN93_Lo03,"Pignatari, M., Herwig, F., Hirschi, R., et al. 2016, ApJS, 225, 24, doi: 10.3847/0067-0049/225/2/24"
Pi16_m25,25.0,0.02,Ba,1.87848855187e-07,,Pi16,iniab2.0E-02GN93_Lo03,"Pignatari, M., Herwig, F., Hirschi, R., et al. 2016, ApJS, 225, 24, doi: 10.3847/0067-0049/225/2/24"
Pi16_m25,25.0,0.02,Be,2.51241106203e-09,,Pi16,iniab2.0E-02GN93_Lo03,"Pignatari, M., Herwig, F., Hirschi, R., et al. 2016, ApJS, 225, 24, doi: 10.3847/0067-0049/225/2/24"
Pi16_m25,25.0,0.02,Bi,6.60386909885e-09,,Pi16,iniab2.0E-02GN93_Lo03,"Pignatari, M., Herwig, F., Hirschi, R., et al. 2016, ApJS, 225, 24, doi: 10.3847/0067-0049/225/2/24"
Pi16_m25,25.0,0.02,Br,5.63124197681e-07,,Pi16,iniab2.0E-02GN93_Lo03,"Pignatari, M., Herwig, F., Hirschi, R., et al. 2016, ApJS, 225, 24, doi: 10.3847/0067-0049/225/2/24"
Pi16_m25,25.0,0.02,C,0.43420714006,,Pi16,iniab2.0E-02GN93_Lo03,"Pignatari, M., Herwig, F., Hirschi, R., et al. 2016, ApJS, 225, 24, doi: 10.3847/0067-0049/225/2/24"
Pi16_m25,25.0,0.02,Ca,0.000527145049786,,Pi16,iniab2.0E-02GN93_Lo03,"Pignatari, M., Herwig, F., Hirschi, R., et al. 2016, ApJS, 225, 24, doi: 10.3847/0067-0049/225/2/24"
Pi16_m25,25.0,0.02,Cd,4.33448099548e-08,,Pi16,iniab2.0E-02GN93_Lo03,"Pignatari, M., Herwig, F., Hirschi, R., et al. 2016, ApJS, 225, 24, doi: 10.3847/0067-0049/225/2/24"
Pi16_m25,25.0,0.02,Ce,4.02950666155e-08,,Pi16,iniab2.0E-02GN93_Lo03,"Pignatari, M., Herwig, F., Hirschi, R., et al. 2016, ApJS, 225, 24, doi: 10.3847/0067-0049/225/2/24"
Pi16_m25,25.0,0.02,Cl,0.000663776920163,,Pi16,iniab2.0E-02GN93_Lo03,"Pignatari, M., Herwig, F., Hirschi, R., et al. 2016, ApJS, 225, 24, doi: 10.3847/0067-0049/225/2/24"
Pi16_m25,25.0,0.02,Co,0.000215848848203,,Pi16,iniab2.0E-02GN93_Lo03,"Pignatari, M., Herwig, F., Hirschi, R., et al. 2016, ApJS, 225, 24, doi: 10.3847/0067-0049/225/2/24"
Pi16_m25,25.0,0.02,Cr,0.00014453712689,,Pi16,iniab2.0E-02GN93_Lo03,"Pignatari, M., Herwig, F., Hirschi, R., et al. 2016, ApJS, 225, 24, doi: 10.3847/0067-0049/225/2/24"
Pi16_m25,25.0,0.02,Cs,9.5576111464e-09,,Pi16,iniab2.0E-02GN93_Lo03,"Pignatari, M., Herwig, F., Hirschi, R., et al. 2016, ApJS, 225, 24, doi: 10.3847/0067-0049/225/2/24"
Pi16_m25,25.0,0.02,Cu,0.000101846362465,,Pi16,iniab2.0E-02GN93_Lo03,"Pignatari, M., Herwig, F., Hirschi, R., et al. 2016, ApJS, 225, 24, doi: 10.3847/0067-0049/225/2/24"
Pi16_m25,25.0,0.02,Dy,1.33968195947e-08,,Pi16,iniab2.0E-02GN93_Lo03,"Pignatari, M., Herwig, F., Hirschi, R., et al. 2016, ApJS, 225, 24, doi: 10.3847/0067-0049/225/2/24"
Pi16_m25,25.0,0.02,Er,9.43961775158e-09,,Pi16,iniab2.0E-02GN93_Lo03,"Pignatari, M., Herwig, F., Hirschi, R., et al. 2016, ApJS, 225, 24, doi: 10.3847/0067-0049/225/2/24"
Pi16_m25,25.0,0.02,Eu,2.23228266035e-09,,Pi16,iniab2.0E-02GN93_Lo03,"Pignatari, M., Herwig, F., Hirschi, R., et al. 2016, ApJS, 225, 24, doi: 10.3847/0067-0049/225/2/24"
Pi16_m25,25.0,0.02,F,1.13262633628e-05,,Pi16,iniab2.0E-02GN93_Lo03,"Pignatari, M., Herwig, F., Hirschi, R., et al. 2016, ApJS, 225, 24, doi: 10.3847/0067-0049/225/2/24"
Pi16_m25,25.0,0.02,Fe,0.0102558380865,,Pi16,iniab2.0E-02GN93_Lo03,"Pignatari, M., Herwig, F., Hirschi, R., et al. 2016, ApJS, 225, 24, doi: 10.3847/0067-0049/225/2/24"
Pi16_m25,25.0,0.02,Ga,1.40149176084e-05,,Pi16,iniab2.0E-02GN93_Lo03,"Pignatari, M., Herwig, F., Hirschi, R., et al. 2016, ApJS, 225, 24, doi: 10.3847/0067-0049/225/2/24"
Pi16_m25,25.0,0.02,Gd,1.0588750146e-08,,Pi16,iniab2.0E-02GN93_Lo03,"Pignatari, M., Herwig, F., Hirschi, R., et al. 2016, ApJS, 225, 24, doi: 10.3847/0067-0049/225/2/24"
Pi16_m25,25.0,0.02,Ge,1.9280777277e-05,,Pi16,iniab2.0E-02GN93_Lo03,"Pignatari, M., Herwig, F., Hirschi, R., et al. 2016, ApJS, 225, 24, doi: 10.3847/0067-0049/225/2/24"
Pi16_m25,25.0,0.02,H,1.96308325664,,Pi16,iniab2.0E-02GN93_Lo03,"Pignatari, M., Herwig, F., Hirschi, R., et al. 2016, ApJS, 225, 24, doi: 10.3847/0067-0049/225/2/24"
Pi16_m25,25.0,0.02,He,4.12212844317,,Pi16,iniab2.0E-02GN93_Lo03,"Pignatari, M., Herwig, F., Hirschi, R., et al. 2016, ApJS, 225, 24, doi: 10.3847/0067-0049/225/2/24"
Pi16_m25,25.0,0.02,Hf,7.11739574354e-09,,Pi16,iniab2.0E-02GN93_Lo03,"Pignatari, M., Herwig, F., Hirschi, R., et al. 2016, ApJS, 225, 24, doi: 10.3847/0067-0049/225/2/24"
Pi16_m25,25.0,0.02,Hg,2.53881840509e-08,,Pi16,iniab2.0E-02GN93_Lo03,"Pignatari, M., Herwig, F., Hirschi, R., et al. 2016, ApJS, 225, 24, doi: 10.3847/0067-0049/225/2/24"
Pi16_m25,25.0,0.02,Ho,2.38639538614e-09,,Pi16,iniab2.0E-02GN93_Lo03,"Pignatari, M., Herwig, F., Hirschi, R., et al. 2016, ApJS, 225, 24, doi: 10.3847/0067-0049/225/2/24"
Pi16_m25,25.0,0.02,I,8.47706437567e-09,,Pi16,iniab2.0E-02GN93_Lo03,"Pignatari, M., Herwig, F., Hirschi, R., et al. 2016, ApJS, 225, 24, doi: 10.3847/0067-0049/225/2/24"
Pi16_m25,25.0,0.02,In,4.66031844347e-09,,Pi16,iniab2.0E-02GN93_Lo03,"Pignatari, M., Herwig, F., Hirschi, R., et al. 2016, ApJS, 225, 24, doi: 10.3847/0067-0049/225/2/24"
Pi16_m25,25.0,0.02,Ir,1.7897149066e-08,,Pi16,iniab2.0E-02GN93_Lo03,"Pignatari, M., Herwig, F., Hirschi, R., et al. 2016, ApJS, 225, 24, doi: 10.3847/0067-0049/225/2/24"
Pi16_m25,25.0,0.02,K,0.00010784944728,,Pi16,iniab2.0E-02GN93_Lo03,"Pignatari, M., Herwig, F., Hirschi, R., et al. 2016, ApJS, 225, 24, doi: 10.3847/0067-0049/225/2/24"
Pi16_m25,25.0,0.02,Kr,3.1163132412e-06,,Pi16,iniab2.0E-02GN93_Lo03,"Pignatari, M., Herwig, F., Hirschi, R., et al. 2016, ApJS, 225, 24, doi: 10.3847/0067-0049/225/2/24"
Pi16_m25,25.0,0.02,La,1.76153205113e-08,,Pi16,iniab2.0E-02GN93_Lo03,"Pignatari, M., Herwig, F., Hirschi, R., et al. 2016, ApJS, 225, 24, doi: 10.3847/0067-0049/225/2/24"
Pi16_m25,25.0,0.02,Li,1.56994361251e-12,,Pi16,iniab2.0E-02GN93_Lo03,"Pignatari, M., Herwig, F., Hirschi, R., et al. 2016, ApJS, 225, 24, doi: 10.3847/0067-0049/225/2/24"
Pi16_m25,25.0,0.02,Lu,1.2861140769e-09,,Pi16,iniab2.0E-02GN93_Lo03,"Pignatari, M., Herwig, F., Hirschi, R., et al. 2016, ApJS, 225, 24, doi: 10.3847/0067-0049/225/2/24"
Pi16_m25,25.0,0.02,Mg,0.0505841947924,,Pi16,iniab2.0E-02GN93_Lo03,"Pignatari, M., Herwig, F., Hirschi, R., et al. 2016, ApJS, 225, 24, doi: 10.3847/0067-0049/225/2/24"
Pi16_m25,25.0,0.02,Mn,8.64578203753e-05,,Pi16,iniab2.0E-02GN93_Lo03,"Pignatari, M., Herwig, F., Hirschi, R., et al. 2016, ApJS, 225, 24, doi: 10.3847/0067-0049/225/2/24"
Pi16_m25,25.0,0.02,Mo,6.29393622062e-08,,Pi16,iniab2.0E-02GN93_Lo03,"Pignatari, M., Herwig, F., Hirschi, R., et al. 2016, ApJS, 225, 24, doi: 10.3847/0067-0049/225/2/24"
Pi16_m25,25.0,0.02,N,0.0489511521336,,Pi16,iniab2.0E-02GN93_Lo03,"Pignatari, M., Herwig, F., Hirschi, R., et al. 2016, ApJS, 225, 24, doi: 10.3847/0067-0049/225/2/24"
Pi16_m25,25.0,0.02,Na,0.00418765046741,,Pi16,iniab2.0E-02GN93_Lo03,"Pignatari, M., Herwig, F., Hirschi, R., et al. 2016, ApJS, 225, 24, doi: 10.3847/0067-0049/225/2/24"
Pi16_m25,25.0,0.02,Nb,1.31692132358e-08,,Pi16,iniab2.0E-02GN93_Lo03,"Pignatari, M., Herwig, F., Hirschi, R., et al. 2016, ApJS, 225, 24, doi: 10.3847/0067-0049/225/2/24"
Pi16_m25,25.0,0.02,Nd,2.89093021448e-08,,Pi16,iniab2.0E-02GN93_Lo03,"Pignatari, M., Herwig, F., Hirschi, R., et al. 2016, ApJS, 225, 24, doi: 10.3847/0067-0049/225/2/24"
Pi16_m25,25.0,0.02,Ne,0.183701676022,,Pi16,iniab2.0E-02GN93_Lo03,"Pignatari, M., Herwig, F., Hirschi, R., et al. 2016, ApJS, 225, 24, doi: 10.3847/0067-0049/225/2/24"
Pi16_m25,25.0,0.02,Ni,0.00101532747236,,Pi16,iniab2.0E-02GN93_Lo03,"Pignatari, M., Herwig, F., Hirschi, R., et al. 2016, ApJS, 225, 24, doi: 10.3847/0067-0049/225/2/24"
Pi16_m25,25.0,0.02,O,0.699026902317,,Pi16,iniab2.0E-02GN93_Lo03,"Pignatari, M., Herwig, F., Hirschi, R., et al. 2016, ApJS, 225, 24, doi: 10.3847/0067-0049/225/2/24"
Pi16_m25,25.0,0.02,Os,2.31483954636e-08,,Pi16,iniab2.0E-02GN93_Lo03,"Pignatari, M., Herwig, F., Hirschi, R., et al. 2016, ApJS, 225, 24, doi: 10.3847/0067-0049/225/2/24"
Pi16_m25,25.0,0.02,P,0.00114093970468,,Pi16,iniab2.0E-02GN93_Lo03,"Pignatari, M., Herwig, F., Hirschi, R., et al. 2016, ApJS, 225, 24, doi: 10.3847/0067-0049/225/2/24"
Pi16_m25,25.0,0.02,Pb,1.39525303173e-07,,Pi16,iniab2.0E-02GN93_Lo03,"Pignatari, M., Herwig, F., Hirschi, R., et al. 2016, ApJS, 225, 24, doi: 10.3847/0067-0049/225/2/24"
Pi16_m25,25.0,0.02,Pd,3.5206839546e-08,,Pi16,iniab2.0E-02GN93_Lo03,"Pignatari, M., Herwig, F., Hirschi, R., et al. 2016, ApJS, 225, 24, doi: 10.3847/0067-0049/225/2/24"
Pi16_m25,25.0,0.02,Pm,5.11581448111e-10,,Pi16,iniab2.0E-02GN93_Lo03,"Pignatari, M., Herwig, F., Hirschi, R., et al. 2016, ApJS, 225, 24, doi: 10.3847/0067-0049/225/2/24"
Pi16_m25,25.0,0.02,Po,4.08607258925e-12,,Pi16,iniab2.0E-02GN93_Lo03,"Pignatari, M., Herwig, F., Hirschi, R., et al. 2016, ApJS, 225, 24, doi: 10.3847/0067-0049/225/2/24"
Pi16_m25,25.0,0.02,Pr,5.51365068182e-09,,Pi16,iniab2.0E-02GN93_Lo03,"Pignatari, M., Herwig, F., Hirschi, R., et al. 2016, ApJS, 225, 24, doi: 10.3847/0067-0049/225/2/24"
Pi16_m25,25.0,0.02,Pt,5.40290545622e-08,,Pi16,iniab2.0E-02GN93_Lo03,"Pignatari, M., Herwig, F., Hirschi, R., et al. 2016, ApJS, 225, 24, doi: 10.3847/0067-0049/225/2/24"
Pi16_m25,25.0,0.02,Rb,3.0392321384e-07,,Pi16,iniab2.0E-02GN93_Lo03,"Pignatari, M., Herwig, F., Hirschi, R., et al. 2016, ApJS, 225, 24, doi: 10.3847/0067-0049/225/2/24"
Pi16_m25,25.0,0.02,Re,1.59902174267e-09,,Pi16,iniab2.0E-02GN93_Lo03,"Pignatari, M., Herwig, F., Hirschi, R., et al. 2016, ApJS, 225, 24, doi: 10.3847/0067-0049/225/2/24"
Pi16_m25,25.0,0.02,Rh,6.26710359573e-09,,Pi16,iniab2.0E-02GN93_Lo03,"Pignatari, M., Herwig, F., Hirschi, R., et al. 2016, ApJS, 225, 24, doi: 10.3847/0067-0049/225/2/24"
Pi16_m25,25.0,0.02,Ru,3.93422779395e-08,,Pi16,iniab2.0E-02GN93_Lo03,"Pignatari, M., Herwig, F., Hirschi, R., et al. 2016, ApJS, 225, 24, doi: 10.3847/0067-0049/225/2/24"
Pi16_m25,25.0,0.02,S,0.00995834354794,,Pi16,iniab2.0E-02GN93_Lo03,"Pignatari, M., Herwig, F., Hirschi, R., et al. 2016, ApJS, 225, 24, doi: 10.3847/0067-0049/225/2/24"
Pi16_m25,25.0,0.02,Sb,7.11992454248e-09,,Pi16,iniab2.0E-02GN93_Lo03,"Pignatari, M., Herwig, F., Hirschi, R., et al. 2016, ApJS, 225, 24, doi: 10.3847/0067-0049/225/2/24"
Pi16_m25,25.0,0.02,Sc,3.34551109819e-06,,Pi16,iniab2.0E-02GN93_Lo03,"Pignatari, M., Herwig, F., Hirschi, R., et al. 2016, ApJS, 225, 24, doi: 10.3847/0067-0049/225/2/24"
Pi16_m25,25.0,0.02,Se,5.06530628656e-06,,Pi16,iniab2.0E-02GN93_Lo03,"Pignatari, M., Herwig, F., Hirschi, R., et al. 2016, ApJS, 225, 24, doi: 10.3847/0067-0049/225/2/24"
Pi16_m25,25.0,0.02,Si,0.0303593132162,,Pi16,iniab2.0E-02GN93_Lo03,"Pignatari, M., Herwig, F., Hirschi, R., et al. 2016, ApJS, 225, 24, doi: 10.3847/0067-0049/225/2/24"
Pi16_m25,25.0,0.02,Sm,8.56737528586e-09,,Pi16,iniab2.0E-02GN93_Lo03,"Pignatari, M., Herwig, F., Hirschi, R., et al. 2016, ApJS, 225, 24, doi: 10.3847/0067-0049/225/2/24"
Pi16_m25,25.0,0.02,Sn,1.11902724393e-07,,Pi16,iniab2.0E-02GN93_Lo03,"Pignatari, M., Herwig, F., Hirschi, R., et al. 2016, ApJS, 225, 24, doi: 10.3847/0067-0049/225/2/24"
Pi16_m25,25.0,0.02,Sr,1.27374084863e-06,,Pi16,iniab2.0E-02GN93_Lo03,"Pignatari, M., Herwig, F., Hirschi, R., et al. 2016, ApJS, 225, 24, doi: 10.3847/0067-0049/225/2/24"
Pi16_m25,25.0,0.02,Ta,1.34464000631e-09,,Pi16,iniab2.0E-02GN93_Lo03,"Pignatari, M., Herwig, F., Hirschi, R., et al. 2016, ApJS, 225, 24, doi: 10.3847/0067-0049/225/2/24"
Pi16_m25,25.0,0.02,Tb,1.6282372458e-09,,Pi16,iniab2.0E-02GN93_Lo03,"Pignatari, M., Herwig, F., Hirschi, R., et al. 2016, ApJS, 225, 24, doi: 10.3847/0067-0049/225/2/24"
Pi16_m25,25.0,0.02,Tc,1.99809101358e-09,,Pi16,iniab2.0E-02GN93_Lo03,"Pignatari, M., Herwig, F., Hirschi, R., et al. 2016, ApJS, 225, 24, doi: 10.3847/0067-0049/225/2/24"
Pi16_m25,25.0,0.02,Te,1.25748372113e-07,,Pi16,iniab2.0E-02GN93_Lo03,"Pignatari, M., Herwig, F., Hirschi, R., et al. 2016, ApJS, 225, 24, doi: 10.3847/0067-0049/225/2/24"
Pi16_m25,25.0,0.02,Ti,3.69752008639e-05,,Pi16,iniab2.0E-02GN93_Lo03,"Pignatari, M., Herwig, F., Hirschi, R., et al. 2016, ApJS, 225, 24, doi: 10.3847/0067-0049/225/2/24"
Pi16_m25,25.0,0.02,Tl,1.15453373486e-08,,Pi16,iniab2.0E-02GN93_Lo03,"Pignatari, M., Herwig, F., Hirschi, R., et al. 2016, ApJS, 225, 24, doi: 10.3847/0067-0049/225/2/24"
Pi16_m25,25.0,0.02,Tm,1.22874815949e-09,,Pi16,iniab2.0E-02GN93_Lo03,"Pignatari, M., Herwig, F., Hirschi, R., et al. 2016, ApJS, 225, 24, doi: 10.3847/0067-0049/225/2/24"
Pi16_m25,25.0,0.02,V,5.10234100954e-06,,Pi16,iniab2.0E-02GN93_Lo03,"Pignatari, M., Herwig, F., Hirschi, R., et al. 2016, ApJS, 225, 24, doi: 10.3847/0067-0049/225/2/24"
Pi16_m25,25.0,0.02,W,5.78036609277e-09,,Pi16,iniab2.0E-02GN93_Lo03,"Pignatari, M., Herwig, F., Hirschi, R., et al. 2016, ApJS, 225, 24, doi: 10.3847/0067-0049/225/2/24"
Pi16_m25,25.0,0.02,Xe,1.34901224632e-07,,Pi16,iniab2.0E-02GN93_Lo03,"Pignatari, M., Herwig, F., Hirschi, R., et al. 2016, ApJS, 225, 24, doi: 10.3847/0067-0049/225/2/24"
Pi16_m25,25.0,0.02,Y,1.98936937086e-07,,Pi16,iniab2.0E-02GN93_Lo03,"Pignatari, M., Herwig, F., Hirschi, R., et al. 2016, ApJS, 225, 24, doi: 10.3847/0067-0049/225/2/24"
Pi16_m25,25.0,0.02,Yb,1.10095181013e-08,,Pi16,iniab2.0E-02GN93_Lo03,"Pignatari, M., Herwig, F., Hirschi, R., et al. 2016, ApJS, 225, 24, doi: 10.3847/0067-0049/225/2/24"
Pi16_m25,25.0,0.02,Zn,0.000109958814479,,Pi16,iniab2.0E-02GN93_Lo03,"Pignatari, M., Herwig, F., Hirschi, R., et al. 2016, ApJS, 225, 24, doi: 10.3847/0067-0049/225/2/24"
Pi16_m25,25.0,0.02,Zr,3.35921909433e-07,,Pi16,iniab2.0E-02GN93_Lo03,"Pignatari, M., Herwig, F., Hirschi, R., et al. 2016, ApJS, 225, 24, doi: 10.3847/0067-0049/225/2/24"
Ra02_m15,15.0,,Ag,3.40740615444e-10,,Ra02,rau_solar_ref,"Rauscher, T., Heger, A., Hoffman, R. D., & Woosley, S. E. 2002, ApJ, 576, 323, doi: 10.1086/341728"
Ra02_m15,15.0,,Al,0.000323419636498,,Ra02,rau_solar_ref,"Rauscher, T., Heger, A., Hoffman, R. D., & Woosley, S. E. 2002, ApJ, 576, 323, doi: 10.1086/341728"
Ra02_m15,15.0,,Ar,0.000587608916437,,Ra02,rau_solar_ref,"Rauscher, T., Heger, A., Hoffman, R. D., & Woosley, S. E. 2002, ApJ, 576, 323, doi: 10.1086/341728"
Ra02_m15,15.0,,As,1.0506896578e-07,,Ra02,rau_solar_ref,"Rauscher, T., Heger, A., Hoffman, R. D., & Woosley, S. E. 2002, ApJ, 576, 323, doi: 10.1086/341728"
Ra02_m15,15.0,,Au,2.60898489373e-10,,Ra02,rau_solar_ref,"Rauscher, T., Heger, A., Hoffman, R. D., & Woosley, S. E. 2002, ApJ, 576, 323, doi: 10.1086/341728"
Ra02_m15,15.0,,B,2.54285263105e-08,,Ra02,rau_solar_ref,"Rauscher, T., Heger, A., Hoffman, R. D., & Woosley, S. E. 2002, ApJ, 576, 323, doi: 10.1086/341728"
Ra02_m15,15.0,,Ba,7.77319818183e-09,,Ra02,rau_solar_ref,"Rauscher, T., Heger, A., Hoffman, R. D., & Woosley, S. E. 2002, ApJ, 576, 323, doi: 10.1086/341728"
Ra02_m15,15.0,,Be,1.04331762597e-08,,Ra02,rau_solar_ref,"Rauscher, T., Heger, A., Hoffman, R. D., & Woosley, S. E. 2002, ApJ, 576, 323, doi: 10.1086/341728"
Ra02_m15,15.0,,Bi,2.72622882389e-10,,Ra02,rau_solar_ref,"Rauscher, T., Heger, A., Hoffman, R. D., & Woosley, S. E. 2002, ApJ, 576, 323, doi: 10.1086/341728"
Ra02_m15,15.0,,Br,5.81628340872e-08,,Ra02,rau_solar_ref,"Rauscher, T., Heger, A., Hoffman, R. D., & Woosley, S. E. 2002, ApJ, 576, 323, doi: 10.1086/341728"
Ra02_m15,15.0,,C,0.0114455612885,,Ra02,rau_solar_ref,"Rauscher, T., Heger, A., Hoffman, R. D., & Woosley, S. E. 2002, ApJ, 576, 323, doi: 10.1086/341728"
Ra02_m15,15.0,,Ca,0.000449003903373,,Ra02,rau_solar_ref,"Rauscher, T., Heger, A., Hoffman, R. D., & Woosley, S. E. 2002, ApJ, 576, 323, doi: 10.1086/341728"
Ra02_m15,15.0,,Cd,1.77419965581e-09,,Ra02,rau_solar_ref,"Rauscher, T., Heger, A., Hoffman, R. D., & Woosley, S. E. 2002, ApJ, 576, 323, doi: 10.1086/341728"
Ra02_m15,15.0,,Ce,1.74642053095e-09,,Ra02,rau_solar_ref,"Rauscher, T., Heger, A., Hoffman, R. D., & Woosley, S. E. 2002, ApJ, 576, 323, doi: 10.1086/341728"
Ra02_m15,15.0,,Cl,1.27801504504e-05,,Ra02,rau_solar_ref,"Rauscher, T., Heger, A., Hoffman, R. D., & Woosley, S. E. 2002, ApJ, 576, 323, doi: 10.1086/341728"
Ra02_m15,15.0,,Co,0.000112650011677,,Ra02,rau_solar_ref,"Rauscher, T., Heger, A., Hoffman, R. D., & Woosley, S. E. 2002, ApJ, 576, 323, doi: 10.1086/341728"
Ra02_m15,15.0,,Cr,2.22672997177e-05,,Ra02,rau_solar_ref,"Rauscher, T., Heger, A., Hoffman, R. D., & Woosley, S. E. 2002, ApJ, 576, 323, doi: 10.1086/341728"
Ra02_m15,15.0,,Cs,7.37964563527e-10,,Ra02,rau_solar_ref,"Rauscher, T., Heger, A., Hoffman, R. D., & Woosley, S. E. 2002, ApJ, 576, 323, doi: 10.1086/341728"
Ra02_m15,15.0,,Cu,0.000195180667933,,Ra02,rau_solar_ref,"Rauscher, T., Heger, A., Hoffman, R. D., & Woosley, S. E. 2002, ApJ, 576, 323, doi: 10.1086/341728"
Ra02_m15,15.0,,Dy,4.71157114266e-10,,Ra02,rau_solar_ref,"Rauscher, T., Heger, A., Hoffman, R. D., & Woosley, S. E. 2002, ApJ, 576, 323, doi: 10.1086/341728"
Ra02_m15,15.0,,Er,3.44425537184e-10,,Ra02,rau_solar_ref,"Rauscher, T., Heger, A., Hoffman, R. D., & Woosley, S. E. 2002, ApJ, 576, 323, doi: 10.1086/341728"
Ra02_m15,15.0,,Eu,9.76911746165e-11,,Ra02,rau_solar_ref,"Rauscher, T., Heger, A., Hoffman, R. D., & Woosley, S. E. 2002, ApJ, 576, 323, doi: 10.1086/341728"
Ra02_m15,15.0,,F,6.99841573977e-06,,Ra02,rau_solar_ref,"Rauscher, T., Heger, A., Hoffman, R. D., & Woosley, S. E. 2002, ApJ, 576, 323, doi: 10.1086/341728"
Ra02_m15,15.0,,Fe,0.000987561379726,,Ra02,rau_solar_ref,"Rauscher, T., Heger, A., Hoffman, R. D., & Woosley, S. E. 2002, ApJ, 576, 323, doi: 10.1086/341728"
Ra02_m15,15.0,,Ga,1.37195745593e-06,,Ra02,rau_solar_ref,"Rauscher, T., Heger, A., Hoffman, R. D., & Woosley, S. E. 2002, ApJ, 576, 323, doi: 10.1086/341728"
Ra02_m15,15.0,,Gd,4.0251459333e-10,,Ra02,rau_solar_ref,"Rauscher, T., Heger, A., Hoffman, R. D., & Woosley, S. E. 2002, ApJ, 576, 323, doi: 10.1086/341728"
Ra02_m15,15.0,,Ge,4.16260035894e-06,,Ra02,rau_solar_ref,"Rauscher, T., Heger, A., Hoffman, R. D., & Woosley, S. E. 2002, ApJ, 576, 323, doi: 10.1086/341728"
Ra02_m15,15.0,,H,0.119726050517,,Ra02,rau_solar_ref,"Rauscher, T., Heger, A., Hoffman, R. D., & Woosley, S. E. 2002, ApJ, 576, 323, doi: 10.1086/341728"
Ra02_m15,15.0,,He,0.137211051507,,Ra02,rau_solar_ref,"Rauscher, T., Heger, A., Hoffman, R. D., & Woosley, S. E. 2002, ApJ, 576, 323, doi: 10.1086/341728"
Ra02_m15,15.0,,Hf,2.97210381683e-10,,Ra02,rau_solar_ref,"Rauscher, T., Heger, A., Hoffman, R. D., & Woosley, S. E. 2002, ApJ, 576, 323, doi: 10.1086/341728"
Ra02_m15,15.0,,Hg,8.17107222763e-10,,Ra02,rau_solar_ref,"Rauscher, T., Heger, A., Hoffman, R. D., & Woosley, S. E. 2002, ApJ, 576, 323, doi: 10.1086/341728"
Ra02_m15,15.0,,Ho,9.61447957769e-11,,Ra02,rau_solar_ref,"Rauscher, T., Heger, A., Hoffman, R. D., & Woosley, S. E. 2002, ApJ, 576, 323, doi: 10.1086/341728"
Ra02_m15,15.0,,I,7.50792436464e-10,,Ra02,rau_solar_ref,"Rauscher, T., Heger, A., Hoffman, R. D., & Woosley, S. E. 2002, ApJ, 576, 323, doi: 10.1086/341728"
Ra02_m15,15.0,,In,1.40404512414e-10,,Ra02,rau_solar_ref,"Rauscher, T., Heger, A., Hoffman, R. D., & Woosley, S. E. 2002, ApJ, 576, 323, doi: 10.1086/341728"
Ra02_m15,15.0,,Ir,7.59143564277e-10,,Ra02,rau_solar_ref,"Rauscher, T., Heger, A., Hoffman, R. D., & Woosley, S. E. 2002, ApJ, 576, 323, doi: 10.1086/341728"
Ra02_m15,15.0,,K,7.34230137692e-06,,Ra02,rau_solar_ref,"Rauscher, T., Heger, A., Hoffman, R. D., & Woosley, S. E. 2002, ApJ, 576, 323, doi: 10.1086/341728"
Ra02_m15,15.0,,Kr,2.80096359067e-07,,Ra02,rau_solar_ref,"Rauscher, T., Heger, A., Hoffman, R. D., & Woosley, S. E. 2002, ApJ, 576, 323, doi: 10.1086/341728"
Ra02_m15,15.0,,La,7.25567342288e-10,,Ra02,rau_solar_ref,"Rauscher, T., Heger, A., Hoffman, R. D., & Woosley, S. E. 2002, ApJ, 576, 323, doi: 10.1086/341728"
Ra02_m15,15.0,,Li,2.82924465055e-09,,Ra02,rau_solar_ref,"Rauscher, T., Heger, A., Hoffman, R. D., & Woosley, S. E. 2002, ApJ, 576, 323, doi: 10.1086/341728"
Ra02_m15,15.0,,Lu,5.40756212915e-11,,Ra02,rau_solar_ref,"Rauscher, T., Heger, A., Hoffman, R. D., & Woosley, S. E. 2002, ApJ, 576, 323, doi: 10.1086/341728"
Ra02_m15,15.0,,Mg,0.00391062088472,,Ra02,rau_solar_ref,"Rauscher, T., Heger, A., Hoffman, R. D., & Woosley, S. E. 2002, ApJ, 576, 323, doi: 10.1086/341728"
Ra02_m15,15.0,,Mn,1.28159167345e-05,,Ra02,rau_solar_ref,"Rauscher, T., Heger, A., Hoffman, R. D., & Woosley, S. E. 2002, ApJ, 576, 323, doi: 10.1086/341728"
Ra02_m15,15.0,,Mo,2.18751500882e-09,,Ra02,rau_solar_ref,"Rauscher, T., Heger, A., Hoffman, R. D., & Woosley, S. E. 2002, ApJ, 576, 323, doi: 10.1086/341728"
Ra02_m15,15.0,,N,0.00130973129385,,Ra02,rau_solar_ref,"Rauscher, T., Heger, A., Hoffman, R. D., & Woosley, S. E. 2002, ApJ, 576, 323, doi: 10.1086/341728"
Ra02_m15,15.0,,Na,0.000162047941665,,Ra02,rau_solar_ref,"Rauscher, T., Heger, A., Hoffman, R. D., & Woosley, S. E. 2002, ApJ, 576, 323, doi: 10.1086/341728"
Ra02_m15,15.0,,Nb,4.32547532278e-10,,Ra02,rau_solar_ref,"Rauscher, T., Heger, A., Hoffman, R. D., & Woosley, S. E. 2002, ApJ, 576, 323, doi: 10.1086/341728"
Ra02_m15,15.0,,Nd,1.07284605947e-09,,Ra02,rau_solar_ref,"Rauscher, T., Heger, A., Hoffman, R. D., & Woosley, S. E. 2002, ApJ, 576, 323, doi: 10.1086/341728"
Ra02_m15,15.0,,Ne,0.00925871517883,,Ra02,rau_solar_ref,"Rauscher, T., Heger, A., Hoffman, R. D., & Woosley, S. E. 2002, ApJ, 576, 323, doi: 10.1086/341728"
Ra02_m15,15.0,,Ni,0.0135103956131,,Ra02,rau_solar_ref,"Rauscher, T., Heger, A., Hoffman, R. D., & Woosley, S. E. 2002, ApJ, 576, 323, doi: 10.1086/341728"
Ra02_m15,15.0,,O,0.0586518886495,,Ra02,rau_solar_ref,"Rauscher, T., Heger, A., Hoffman, R. D., & Woosley, S. E. 2002, ApJ, 576, 323, doi: 10.1086/341728"
Ra02_m15,15.0,,Os,8.82445383015e-10,,Ra02,rau_solar_ref,"Rauscher, T., Heger, A., Hoffman, R. D., & Woosley, S. E. 2002, ApJ, 576, 323, doi: 10.1086/341728"
Ra02_m15,15.0,,P,7.73319293855e-05,,Ra02,rau_solar_ref,"Rauscher, T., Heger, A., Hoffman, R. D., & Woosley, S. E. 2002, ApJ, 576, 323, doi: 10.1086/341728"
Ra02_m15,15.0,,Pb,7.09988758512e-09,,Ra02,rau_solar_ref,"Rauscher, T., Heger, A., Hoffman, R. D., & Woosley, S. E. 2002, ApJ, 576, 323, doi: 10.1086/341728"
Ra02_m15,15.0,,Pd,1.34941417405e-09,,Ra02,rau_solar_ref,"Rauscher, T., Heger, A., Hoffman, R. D., & Woosley, S. E. 2002, ApJ, 576, 323, doi: 10.1086/341728"
Ra02_m15,15.0,,Pm,1.78833758588e-11,,Ra02,rau_solar_ref,"Rauscher, T., Heger, A., Hoffman, R. D., & Woosley, S. E. 2002, ApJ, 576, 323, doi: 10.1086/341728"
Ra02_m15,15.0,,Po,6.80132359762e-13,,Ra02,rau_solar_ref,"Rauscher, T., Heger, A., Hoffman, R. D., & Woosley, S. E. 2002, ApJ, 576, 323, doi: 10.1086/341728"
Ra02_m15,15.0,,Pr,1.89703224183e-10,,Ra02,rau_solar_ref,"Rauscher, T., Heger, A., Hoffman, R. D., & Woosley, S. E. 2002, ApJ, 576, 323, doi: 10.1086/341728"
Ra02_m15,15.0,,Pt,1.89049484492e-09,,Ra02,rau_solar_ref,"Rauscher, T., Heger, A., Hoffman, R. D., & Woosley, S. E. 2002, ApJ, 576, 323, doi: 10.1086/341728"
Ra02_m15,15.0,,Rb,2.22440425829e-08,,Ra02,rau_solar_ref,"Rauscher, T., Heger, A., Hoffman, R. D., & Woosley, S. E. 2002, ApJ, 576, 323, doi: 10.1086/341728"
Ra02_m15,15.0,,Re,6.84080485651e-11,,Ra02,rau_solar_ref,"Rauscher, T., Heger, A., Hoffman, R. D., & Woosley, S. E. 2002, ApJ, 576, 323, doi: 10.1086/341728"
Ra02_m15,15.0,,Rh,2.26740264787e-10,,Ra02,rau_solar_ref,"Rauscher, T., Heger, A., Hoffman, R. D., & Woosley, S. E. 2002, ApJ, 576, 323, doi: 10.1086/341728"
Ra02_m15,15.0,,Ru,1.57588923107e-09,,Ra02,rau_solar_ref,"Rauscher, T., Heger, A., Hoffman, R. D., & Woosley, S. E. 2002, ApJ, 576, 323, doi: 10.1086/341728"
Ra02_m15,15.0,,S,0.00311087360459,,Ra02,rau_solar_ref,"Rauscher, T., Heger, A., Hoffman, R. D., & Woosley, S. E. 2002, ApJ, 576, 323, doi: 10.1086/341728"
Ra02_m15,15.0,,Sb,3.09968504674e-10,,Ra02,rau_solar_ref,"Rauscher, T., Heger, A., Hoffman, R. D., & Woosley, S. E. 2002, ApJ, 576, 323, doi: 10.1086/341728"
Ra02_m15,15.0,,Sc,1.12063609632e-07,,Ra02,rau_solar_ref,"Rauscher, T., Heger, A., Hoffman, R. D., & Woosley, S. E. 2002, ApJ, 576, 323, doi: 10.1086/341728"
Ra02_m15,15.0,,Se,4.70477385931e-07,,Ra02,rau_solar_ref,"Rauscher, T., Heger, A., Hoffman, R. D., & Woosley, S. E. 2002, ApJ, 576, 323, doi: 10.1086/341728"
Ra02_m15,15.0,,Si,0.00757936626966,,Ra02,rau_solar_ref,"Rauscher, T., Heger, A., Hoffman, R. D., & Woosley, S. E. 2002, ApJ, 576, 323, doi: 10.1086/341728"
Ra02_m15,15.0,,Sm,4.71944882832e-10,,Ra02,rau_solar_ref,"Rauscher, T., Heger, A., Hoffman, R. D., & Woosley, S. E. 2002, ApJ, 576, 323, doi: 10.1086/341728"
Ra02_m15,15.0,,Sn,4.79322009927e-09,,Ra02,rau_solar_ref,"Rauscher, T., Heger, A., Hoffman, R. D., & Woosley, S. E. 2002, ApJ, 576, 323, doi: 10.1086/341728"
Ra02_m15,15.0,,Sr,6.48521464213e-08,,Ra02,rau_solar_ref,"Rauscher, T., Heger, A., Hoffman, R. D., & Woosley, S. E. 2002, ApJ, 576, 323, doi: 10.1086/341728"
Ra02_m15,15.0,,Ta,4.28363473044e-11,,Ra02,rau_solar_ref,"Rauscher, T., Heger, A., Hoffman, R. D., & Woosley, S. E. 2002, ApJ, 576, 323, doi: 10.1086/341728"
Ra02_m15,15.0,,Tb,6.7893892148e-11,,Ra02,rau_solar_ref,"Rauscher, T., Heger, A., Hoffman, R. D., & Woosley, S. E. 2002, ApJ, 576, 323, doi: 10.1086/341728"
Ra02_m15,15.0,,Tc,5.33273045422e-11,,Ra02,rau_solar_ref,"Rauscher, T., Heger, A., Hoffman, R. D., & Woosley, S. E. 2002, ApJ, 576, 323, doi: 10.1086/341728"
Ra02_m15,15.0,,Te,4.64822653678e-09,,Ra02,rau_solar_ref,"Rauscher, T., Heger, A., Hoffman, R. D., & Woosley, S. E. 2002, ApJ, 576, 323, doi: 10.1086/341728"
Ra02_m15,15.0,,Ti,3.67499508494e-06,,Ra02,rau_solar_ref,"Rauscher, T., Heger, A., Hoffman, R. D., & Woosley, S. E. 2002, ApJ, 576, 323, doi: 10.1086/341728"
Ra02_m15,15.0,,Tl,3.97270529014e-10,,Ra02,rau_solar_ref,"Rauscher, T., Heger, A., Hoffman, R. D., & Woosley, S. E. 2002, ApJ, 576, 323, doi: 10.1086/341728"
Ra02_m15,15.0,,Tm,6.07724353928e-11,,Ra02,rau_solar_ref,"Rauscher, T., Heger, A., Hoffman, R. D., & Woosley, S. E. 2002, ApJ, 576, 323, doi: 10.1086/341728"
Ra02_m15,15.0,,V,4.68529977443e-07,,Ra02,rau_solar_ref,"Rauscher, T., Heger, A., Hoffman, R. D., & Woosley, S. E. 2002, ApJ, 576, 323, doi: 10.1086/341728"
Ra02_m15,15.0,,W,2.38529551608e-10,,Ra02,rau_solar_ref,"Rauscher, T., Heger, A., Hoffman, R. D., & Woosley, S. E. 2002, ApJ, 576, 323, doi: 10.1086/341728"
Ra02_m15,15.0,,Xe,5.19088468165e-09,,Ra02,rau_solar_ref,"Rauscher, T., Heger, A., Hoffman, R. D., & Woosley, S. E. 2002, ApJ, 576, 323, doi: 10.1086/341728"
Ra02_m15,15.0,,Y,8.60448026196e-09,,Ra02,rau_solar_ref,"Rauscher, T., Heger, A., Hoffman, R. D., & Woosley, S. E. 2002, ApJ, 576, 323, doi: 10.1086/341728"
Ra02_m15,15.0,,Yb,3.83136205386e-10,,Ra02,rau_solar_ref,"Rauscher, T., Heger, A., Hoffman, R. D., & Woosley, S. E. 2002, ApJ, 576, 323, doi: 10.1086/341728"
Ra02_m15,15.0,,Zn,0.000231579846021,,Ra02,rau_solar_ref,"Rauscher, T., Heger, A., Hoffman, R. D., & Woosley, S. E. 2002, ApJ, 576, 323, doi: 10.1086/341728"
Ra02_m15,15.0,,Zr,1.80308059053e-08,,Ra02,rau_solar_ref,"Rauscher, T., Heger, A., Hoffman, R. D., & Woosley, S. E. 2002, ApJ, 576, 323, doi: 10.1086/341728"
Ra02_m20,20.0,,Ag,4.80057748746e-10,,Ra02,rau_solar_ref,"Rauscher, T., Heger, A., Hoffman, R. D., & Woosley, S. E. 2002, ApJ, 576, 323, doi: 10.1086/341728"
Ra02_m20,20.0,,Al,0.000425407325621,,Ra02,rau_solar_ref,"Rauscher, T., Heger, A., Hoffman, R. D., & Woosley, S. E. 2002, ApJ, 576, 323, doi: 10.1086/341728"
Ra02_m20,20.0,,Ar,0.00237925224963,,Ra02,rau_solar_ref,"Rauscher, T., Heger, A., Hoffman, R. D., & Woosley, S. E. 2002, ApJ, 576, 323, doi: 10.1086/341728"
Ra02_m20,20.0,,As,1.28114713678e-07,,Ra02,rau_solar_ref,"Rauscher, T., Heger, A., Hoffman, R. D., & Woosley, S. E. 2002, ApJ, 576, 323, doi: 10.1086/341728"
Ra02_m20,20.0,,Au,3.42426873247e-10,,Ra02,rau_solar_ref,"Rauscher, T., Heger, A., Hoffman, R. D., & Woosley, S. E. 2002, ApJ, 576, 323, doi: 10.1086/341728"
Ra02_m20,20.0,,B,3.14855694415e-09,,Ra02,rau_solar_ref,"Rauscher, T., Heger, A., Hoffman, R. D., & Woosley, S. E. 2002, ApJ, 576, 323, doi: 10.1086/341728"
Ra02_m20,20.0,,Ba,8.97650826214e-09,,Ra02,rau_solar_ref,"Rauscher, T., Heger, A., Hoffman, R. D., & Woosley, S. E. 2002, ApJ, 576, 323, doi: 10.1086/341728"
Ra02_m20,20.0,,Be,3.06659691329e-10,,Ra02,rau_solar_ref,"Rauscher, T., Heger, A., Hoffman, R. D., & Woosley, S. E. 2002, ApJ, 576, 323, doi: 10.1086/341728"
Ra02_m20,20.0,,Bi,2.9182450727e-10,,Ra02,rau_solar_ref,"Rauscher, T., Heger, A., Hoffman, R. D., & Woosley, S. E. 2002, ApJ, 576, 323, doi: 10.1086/341728"
Ra02_m20,20.0,,Br,4.39859953926e-08,,Ra02,rau_solar_ref,"Rauscher, T., Heger, A., Hoffman, R. D., & Woosley, S. E. 2002, ApJ, 576, 323, doi: 10.1086/341728"
Ra02_m20,20.0,,C,0.00137849264739,,Ra02,rau_solar_ref,"Rauscher, T., Heger, A., Hoffman, R. D., & Woosley, S. E. 2002, ApJ, 576, 323, doi: 10.1086/341728"
Ra02_m20,20.0,,Ca,0.00102753406721,,Ra02,rau_solar_ref,"Rauscher, T., Heger, A., Hoffman, R. D., & Woosley, S. E. 2002, ApJ, 576, 323, doi: 10.1086/341728"
Ra02_m20,20.0,,Cd,2.20018340775e-09,,Ra02,rau_solar_ref,"Rauscher, T., Heger, A., Hoffman, R. D., & Woosley, S. E. 2002, ApJ, 576, 323, doi: 10.1086/341728"
Ra02_m20,20.0,,Ce,2.13451763131e-09,,Ra02,rau_solar_ref,"Rauscher, T., Heger, A., Hoffman, R. D., & Woosley, S. E. 2002, ApJ, 576, 323, doi: 10.1086/341728"
Ra02_m20,20.0,,Cl,0.000313732622327,,Ra02,rau_solar_ref,"Rauscher, T., Heger, A., Hoffman, R. D., & Woosley, S. E. 2002, ApJ, 576, 323, doi: 10.1086/341728"
Ra02_m20,20.0,,Co,0.000277437590389,,Ra02,rau_solar_ref,"Rauscher, T., Heger, A., Hoffman, R. D., & Woosley, S. E. 2002, ApJ, 576, 323, doi: 10.1086/341728"
Ra02_m20,20.0,,Cr,2.80239906412e-05,,Ra02,rau_solar_ref,"Rauscher, T., Heger, A., Hoffman, R. D., & Woosley, S. E. 2002, ApJ, 576, 323, doi: 10.1086/341728"
Ra02_m20,20.0,,Cs,5.96500752664e-10,,Ra02,rau_solar_ref,"Rauscher, T., Heger, A., Hoffman, R. D., & Woosley, S. E. 2002, ApJ, 576, 323, doi: 10.1086/341728"
Ra02_m20,20.0,,Cu,2.12041297958e-05,,Ra02,rau_solar_ref,"Rauscher, T., Heger, A., Hoffman, R. D., & Woosley, S. E. 2002, ApJ, 576, 323, doi: 10.1086/341728"
Ra02_m20,20.0,,Dy,6.19988108709e-10,,Ra02,rau_solar_ref,"Rauscher, T., Heger, A., Hoffman, R. D., & Woosley, S. E. 2002, ApJ, 576, 323, doi: 10.1086/341728"
Ra02_m20,20.0,,Er,4.6663477035e-10,,Ra02,rau_solar_ref,"Rauscher, T., Heger, A., Hoffman, R. D., & Woosley, S. E. 2002, ApJ, 576, 323, doi: 10.1086/341728"
Ra02_m20,20.0,,Eu,1.3111307121e-10,,Ra02,rau_solar_ref,"Rauscher, T., Heger, A., Hoffman, R. D., & Woosley, S. E. 2002, ApJ, 576, 323, doi: 10.1086/341728"
Ra02_m20,20.0,,F,1.59848103458e-07,,Ra02,rau_solar_ref,"Rauscher, T., Heger, A., Hoffman, R. D., & Woosley, S. E. 2002, ApJ, 576, 323, doi: 10.1086/341728"
Ra02_m20,20.0,,Fe,0.000789770130626,,Ra02,rau_solar_ref,"Rauscher, T., Heger, A., Hoffman, R. D., & Woosley, S. E. 2002, ApJ, 576, 323, doi: 10.1086/341728"
Ra02_m20,20.0,,Ga,2.9148186016e-06,,Ra02,rau_solar_ref,"Rauscher, T., Heger, A., Hoffman, R. D., & Woosley, S. E. 2002, ApJ, 576, 323, doi: 10.1086/341728"
Ra02_m20,20.0,,Gd,4.79913668756e-10,,Ra02,rau_solar_ref,"Rauscher, T., Heger, A., Hoffman, R. D., & Woosley, S. E. 2002, ApJ, 576, 323, doi: 10.1086/341728"
Ra02_m20,20.0,,Ge,2.87053868767e-06,,Ra02,rau_solar_ref,"Rauscher, T., Heger, A., Hoffman, R. D., & Woosley, S. E. 2002, ApJ, 576, 323, doi: 10.1086/341728"
Ra02_m20,20.0,,H,0.203156856068,,Ra02,rau_solar_ref,"Rauscher, T., Heger, A., Hoffman, R. D., & Woosley, S. E. 2002, ApJ, 576, 323, doi: 10.1086/341728"
Ra02_m20,20.0,,He,0.138002378707,,Ra02,rau_solar_ref,"Rauscher, T., Heger, A., Hoffman, R. D., & Woosley, S. E. 2002, ApJ, 576, 323, doi: 10.1086/341728"
Ra02_m20,20.0,,Hf,2.92947713705e-10,,Ra02,rau_solar_ref,"Rauscher, T., Heger, A., Hoffman, R. D., & Woosley, S. E. 2002, ApJ, 576, 323, doi: 10.1086/341728"
Ra02_m20,20.0,,Hg,1.00753364982e-09,,Ra02,rau_solar_ref,"Rauscher, T., Heger, A., Hoffman, R. D., & Woosley, S. E. 2002, ApJ, 576, 323, doi: 10.1086/341728"
Ra02_m20,20.0,,Ho,1.38500702826e-10,,Ra02,rau_solar_ref,"Rauscher, T., Heger, A., Hoffman, R. D., & Woosley, S. E. 2002, ApJ, 576, 323, doi: 10.1086/341728"
Ra02_m20,20.0,,I,1.03069117655e-09,,Ra02,rau_solar_ref,"Rauscher, T., Heger, A., Hoffman, R. D., & Woosley, S. E. 2002, ApJ, 576, 323, doi: 10.1086/341728"
Ra02_m20,20.0,,In,2.07918874793e-10,,Ra02,rau_solar_ref,"Rauscher, T., Heger, A., Hoffman, R. D., & Woosley, S. E. 2002, ApJ, 576, 323, doi: 10.1086/341728"
Ra02_m20,20.0,,Ir,1.10952654301e-09,,Ra02,rau_solar_ref,"Rauscher, T., Heger, A., Hoffman, R. D., & Woosley, S. E. 2002, ApJ, 576, 323, doi: 10.1086/341728"
Ra02_m20,20.0,,K,0.000383709136061,,Ra02,rau_solar_ref,"Rauscher, T., Heger, A., Hoffman, R. D., & Woosley, S. E. 2002, ApJ, 576, 323, doi: 10.1086/341728"
Ra02_m20,20.0,,Kr,4.14599229652e-07,,Ra02,rau_solar_ref,"Rauscher, T., Heger, A., Hoffman, R. D., & Woosley, S. E. 2002, ApJ, 576, 323, doi: 10.1086/341728"
Ra02_m20,20.0,,La,8.28731466488e-10,,Ra02,rau_solar_ref,"Rauscher, T., Heger, A., Hoffman, R. D., & Woosley, S. E. 2002, ApJ, 576, 323, doi: 10.1086/341728"
Ra02_m20,20.0,,Li,4.76586167123e-13,,Ra02,rau_solar_ref,"Rauscher, T., Heger, A., Hoffman, R. D., & Woosley, S. E. 2002, ApJ, 576, 323, doi: 10.1086/341728"
Ra02_m20,20.0,,Lu,6.76603225399e-11,,Ra02,rau_solar_ref,"Rauscher, T., Heger, A., Hoffman, R. D., & Woosley, S. E. 2002, ApJ, 576, 323, doi: 10.1086/341728"
Ra02_m20,20.0,,Mg,0.00275405761479,,Ra02,rau_solar_ref,"Rauscher, T., Heger, A., Hoffman, R. D., & Woosley, S. E. 2002, ApJ, 576, 323, doi: 10.1086/341728"
Ra02_m20,20.0,,Mn,2.30662409616e-05,,Ra02,rau_solar_ref,"Rauscher, T., Heger, A., Hoffman, R. D., & Woosley, S. E. 2002, ApJ, 576, 323, doi: 10.1086/341728"
Ra02_m20,20.0,,Mo,3.24403224379e-09,,Ra02,rau_solar_ref,"Rauscher, T., Heger, A., Hoffman, R. D., & Woosley, S. E. 2002, ApJ, 576, 323, doi: 10.1086/341728"
Ra02_m20,20.0,,N,0.00187004473338,,Ra02,rau_solar_ref,"Rauscher, T., Heger, A., Hoffman, R. D., & Woosley, S. E. 2002, ApJ, 576, 323, doi: 10.1086/341728"
Ra02_m20,20.0,,Na,5.61463408828e-05,,Ra02,rau_solar_ref,"Rauscher, T., Heger, A., Hoffman, R. D., & Woosley, S. E. 2002, ApJ, 576, 323, doi: 10.1086/341728"
Ra02_m20,20.0,,Nb,8.34553338888e-10,,Ra02,rau_solar_ref,"Rauscher, T., Heger, A., Hoffman, R. D., & Woosley, S. E. 2002, ApJ, 576, 323, doi: 10.1086/341728"
Ra02_m20,20.0,,Nd,1.57672065985e-09,,Ra02,rau_solar_ref,"Rauscher, T., Heger, A., Hoffman, R. D., & Woosley, S. E. 2002, ApJ, 576, 323, doi: 10.1086/341728"
Ra02_m20,20.0,,Ne,0.0018431744503,,Ra02,rau_solar_ref,"Rauscher, T., Heger, A., Hoffman, R. D., & Woosley, S. E. 2002, ApJ, 576, 323, doi: 10.1086/341728"
Ra02_m20,20.0,,Ni,0.0104734573301,,Ra02,rau_solar_ref,"Rauscher, T., Heger, A., Hoffman, R. D., & Woosley, S. E. 2002, ApJ, 576, 323, doi: 10.1086/341728"
Ra02_m20,20.0,,O,0.0660042593999,,Ra02,rau_solar_ref,"Rauscher, T., Heger, A., Hoffman, R. D., & Woosley, S. E. 2002, ApJ, 576, 323, doi: 10.1086/341728"
Ra02_m20,20.0,,Os,1.13852276643e-09,,Ra02,rau_solar_ref,"Rauscher, T., Heger, A., Hoffman, R. D., & Woosley, S. E. 2002, ApJ, 576, 323, doi: 10.1086/341728"
Ra02_m20,20.0,,P,0.000360907159605,,Ra02,rau_solar_ref,"Rauscher, T., Heger, A., Hoffman, R. D., & Woosley, S. E. 2002, ApJ, 576, 323, doi: 10.1086/341728"
Ra02_m20,20.0,,Pb,7.33107055134e-09,,Ra02,rau_solar_ref,"Rauscher, T., Heger, A., Hoffman, R. D., & Woosley, S. E. 2002, ApJ, 576, 323, doi: 10.1086/341728"
Ra02_m20,20.0,,Pd,1.78159202327e-09,,Ra02,rau_solar_ref,"Rauscher, T., Heger, A., Hoffman, R. D., & Woosley, S. E. 2002, ApJ, 576, 323, doi: 10.1086/341728"
Ra02_m20,20.0,,Pm,1.42161350681e-11,,Ra02,rau_solar_ref,"Rauscher, T., Heger, A., Hoffman, R. D., & Woosley, S. E. 2002, ApJ, 576, 323, doi: 10.1086/341728"
Ra02_m20,20.0,,Po,1.03729754865e-13,,Ra02,rau_solar_ref,"Rauscher, T., Heger, A., Hoffman, R. D., & Woosley, S. E. 2002, ApJ, 576, 323, doi: 10.1086/341728"
Ra02_m20,20.0,,Pr,2.73267942579e-10,,Ra02,rau_solar_ref,"Rauscher, T., Heger, A., Hoffman, R. D., & Woosley, S. E. 2002, ApJ, 576, 323, doi: 10.1086/341728"
Ra02_m20,20.0,,Pt,2.30028352057e-09,,Ra02,rau_solar_ref,"Rauscher, T., Heger, A., Hoffman, R. D., & Woosley, S. E. 2002, ApJ, 576, 323, doi: 10.1086/341728"
Ra02_m20,20.0,,Rb,5.25480913823e-08,,Ra02,rau_solar_ref,"Rauscher, T., Heger, A., Hoffman, R. D., & Woosley, S. E. 2002, ApJ, 576, 323, doi: 10.1086/341728"
Ra02_m20,20.0,,Re,9.26243062888e-11,,Ra02,rau_solar_ref,"Rauscher, T., Heger, A., Hoffman, R. D., & Woosley, S. E. 2002, ApJ, 576, 323, doi: 10.1086/341728"
Ra02_m20,20.0,,Rh,3.20154631324e-10,,Ra02,rau_solar_ref,"Rauscher, T., Heger, A., Hoffman, R. D., & Woosley, S. E. 2002, ApJ, 576, 323, doi: 10.1086/341728"
Ra02_m20,20.0,,Ru,2.1086036693e-09,,Ra02,rau_solar_ref,"Rauscher, T., Heger, A., Hoffman, R. D., & Woosley, S. E. 2002, ApJ, 576, 323, doi: 10.1086/341728"
Ra02_m20,20.0,,S,0.0082366751959,,Ra02,rau_solar_ref,"Rauscher, T., Heger, A., Hoffman, R. D., & Woosley, S. E. 2002, ApJ, 576, 323, doi: 10.1086/341728"
Ra02_m20,20.0,,Sb,3.6609734694e-10,,Ra02,rau_solar_ref,"Rauscher, T., Heger, A., Hoffman, R. D., & Woosley, S. E. 2002, ApJ, 576, 323, doi: 10.1086/341728"
Ra02_m20,20.0,,Sc,2.3855915674e-06,,Ra02,rau_solar_ref,"Rauscher, T., Heger, A., Hoffman, R. D., & Woosley, S. E. 2002, ApJ, 576, 323, doi: 10.1086/341728"
Ra02_m20,20.0,,Se,6.83292429882e-07,,Ra02,rau_solar_ref,"Rauscher, T., Heger, A., Hoffman, R. D., & Woosley, S. E. 2002, ApJ, 576, 323, doi: 10.1086/341728"
Ra02_m20,20.0,,Si,0.0183636581941,,Ra02,rau_solar_ref,"Rauscher, T., Heger, A., Hoffman, R. D., & Woosley, S. E. 2002, ApJ, 576, 323, doi: 10.1086/341728"
Ra02_m20,20.0,,Sm,7.19896688343e-10,,Ra02,rau_solar_ref,"Rauscher, T., Heger, A., Hoffman, R. D., & Woosley, S. E. 2002, ApJ, 576, 323, doi: 10.1086/341728"
Ra02_m20,20.0,,Sn,5.62422380706e-09,,Ra02,rau_solar_ref,"Rauscher, T., Heger, A., Hoffman, R. D., & Woosley, S. E. 2002, ApJ, 576, 323, doi: 10.1086/341728"
Ra02_m20,20.0,,Sr,2.20061434109e-07,,Ra02,rau_solar_ref,"Rauscher, T., Heger, A., Hoffman, R. D., & Woosley, S. E. 2002, ApJ, 576, 323, doi: 10.1086/341728"
Ra02_m20,20.0,,Ta,4.25387965681e-11,,Ra02,rau_solar_ref,"Rauscher, T., Heger, A., Hoffman, R. D., & Woosley, S. E. 2002, ApJ, 576, 323, doi: 10.1086/341728"
Ra02_m20,20.0,,Tb,8.84535962895e-11,,Ra02,rau_solar_ref,"Rauscher, T., Heger, A., Hoffman, R. D., & Woosley, S. E. 2002, ApJ, 576, 323, doi: 10.1086/341728"
Ra02_m20,20.0,,Tc,2.42848317234e-11,,Ra02,rau_solar_ref,"Rauscher, T., Heger, A., Hoffman, R. D., & Woosley, S. E. 2002, ApJ, 576, 323, doi: 10.1086/341728"
Ra02_m20,20.0,,Te,5.78759047995e-09,,Ra02,rau_solar_ref,"Rauscher, T., Heger, A., Hoffman, R. D., & Woosley, S. E. 2002, ApJ, 576, 323, doi: 10.1086/341728"
Ra02_m20,20.0,,Ti,1.81083633645e-05,,Ra02,rau_solar_ref,"Rauscher, T., Heger, A., Hoffman, R. D., & Woosley, S. E. 2002, ApJ, 576, 323, doi: 10.1086/341728"
Ra02_m20,20.0,,Tl,5.06397778824e-10,,Ra02,rau_solar_ref,"Rauscher, T., Heger, A., Hoffman, R. D., & Woosley, S. E. 2002, ApJ, 576, 323, doi: 10.1086/341728"
Ra02_m20,20.0,,Tm,7.6029904668e-11,,Ra02,rau_solar_ref,"Rauscher, T., Heger, A., Hoffman, R. D., & Woosley, S. E. 2002, ApJ, 576, 323, doi: 10.1086/341728"
Ra02_m20,20.0,,V,3.56613071007e-06,,Ra02,rau_solar_ref,"Rauscher, T., Heger, A., Hoffman, R. D., & Woosley, S. E. 2002, ApJ, 576, 323, doi: 10.1086/341728"
Ra02_m20,20.0,,W,2.41123405001e-10,,Ra02,rau_solar_ref,"Rauscher, T., Heger, A., Hoffman, R. D., & Woosley, S. E. 2002, ApJ, 576, 323, doi: 10.1086/341728"
Ra02_m20,20.0,,Xe,6.22120856881e-09,,Ra02,rau_solar_ref,"Rauscher, T., Heger, A., Hoffman, R. D., & Woosley, S. E. 2002, ApJ, 576, 323, doi: 10.1086/341728"
Ra02_m20,20.0,,Y,2.76536222503e-08,,Ra02,rau_solar_ref,"Rauscher, T., Heger, A., Hoffman, R. D., & Woosley, S. E. 2002, ApJ, 576, 323, doi: 10.1086/341728"
Ra02_m20,20.0,,Yb,4.87905637733e-10,,Ra02,rau_solar_ref,"Rauscher, T., Heger, A., Hoffman, R. D., & Woosley, S. E. 2002, ApJ, 576, 323, doi: 10.1086/341728"
Ra02_m20,20.0,,Zn,0.000143468016233,,Ra02,rau_solar_ref,"Rauscher, T., Heger, A., Hoffman, R. D., & Woosley, S. E. 2002, ApJ, 576, 323, doi: 10.1086/341728"
Ra02_m20,20.0,,Zr,1.1343825276e-07,,Ra02,rau_solar_ref,"Rauscher, T., Heger, A., Hoffman, R. D., & Woosley, S. E. 2002, ApJ, 576, 323, doi: 10.1086/341728"
Ra02_m25,25.0,,Ag,3.95052661715e-10,,Ra02,rau_solar_ref,"Rauscher, T., Heger, A., Hoffman, R. D., & Woosley, S. E. 2002, ApJ, 576, 323, doi: 10.1086/341728"
Ra02_m25,25.0,,Al,0.00010376428583,,Ra02,rau_solar_ref,"Rauscher, T., Heger, A., Hoffman, R. D., & Woosley, S. E. 2002, ApJ, 576, 323, doi: 10.1086/341728"
Ra02_m25,25.0,,Ar,4.40557056833e-05,,Ra02,rau_solar_ref,"Rauscher, T., Heger, A., Hoffman, R. D., & Woosley, S. E. 2002, ApJ, 576, 323, doi: 10.1086/341728"
Ra02_m25,25.0,,As,1.60605102863e-07,,Ra02,rau_solar_ref,"Rauscher, T., Heger, A., Hoffman, R. D., & Woosley, S. E. 2002, ApJ, 576, 323, doi: 10.1086/341728"
Ra02_m25,25.0,,Au,2.80681747892e-10,,Ra02,rau_solar_ref,"Rauscher, T., Heger, A., Hoffman, R. D., & Woosley, S. E. 2002, ApJ, 576, 323, doi: 10.1086/341728"
Ra02_m25,25.0,,B,8.27239167665e-10,,Ra02,rau_solar_ref,"Rauscher, T., Heger, A., Hoffman, R. D., & Woosley, S. E. 2002, ApJ, 576, 323, doi: 10.1086/341728"
Ra02_m25,25.0,,Ba,6.17872175096e-09,,Ra02,rau_solar_ref,"Rauscher, T., Heger, A., Hoffman, R. D., & Woosley, S. E. 2002, ApJ, 576, 323, doi: 10.1086/341728"
Ra02_m25,25.0,,Be,4.06052398406e-10,,Ra02,rau_solar_ref,"Rauscher, T., Heger, A., Hoffman, R. D., & Woosley, S. E. 2002, ApJ, 576, 323, doi: 10.1086/341728"
Ra02_m25,25.0,,Bi,2.65952304224e-10,,Ra02,rau_solar_ref,"Rauscher, T., Heger, A., Hoffman, R. D., & Woosley, S. E. 2002, ApJ, 576, 323, doi: 10.1086/341728"
Ra02_m25,25.0,,Br,6.68368428565e-08,,Ra02,rau_solar_ref,"Rauscher, T., Heger, A., Hoffman, R. D., & Woosley, S. E. 2002, ApJ, 576, 323, doi: 10.1086/341728"
Ra02_m25,25.0,,C,0.00663172442587,,Ra02,rau_solar_ref,"Rauscher, T., Heger, A., Hoffman, R. D., & Woosley, S. E. 2002, ApJ, 576, 323, doi: 10.1086/341728"
Ra02_m25,25.0,,Ca,3.48804699555e-05,,Ra02,rau_solar_ref,"Rauscher, T., Heger, A., Hoffman, R. D., & Woosley, S. E. 2002, ApJ, 576, 323, doi: 10.1086/341728"
Ra02_m25,25.0,,Cd,1.62017922611e-09,,Ra02,rau_solar_ref,"Rauscher, T., Heger, A., Hoffman, R. D., & Woosley, S. E. 2002, ApJ, 576, 323, doi: 10.1086/341728"
Ra02_m25,25.0,,Ce,1.7140254397e-09,,Ra02,rau_solar_ref,"Rauscher, T., Heger, A., Hoffman, R. D., & Woosley, S. E. 2002, ApJ, 576, 323, doi: 10.1086/341728"
Ra02_m25,25.0,,Cl,6.72722320546e-06,,Ra02,rau_solar_ref,"Rauscher, T., Heger, A., Hoffman, R. D., & Woosley, S. E. 2002, ApJ, 576, 323, doi: 10.1086/341728"
Ra02_m25,25.0,,Co,0.000312018766643,,Ra02,rau_solar_ref,"Rauscher, T., Heger, A., Hoffman, R. D., & Woosley, S. E. 2002, ApJ, 576, 323, doi: 10.1086/341728"
Ra02_m25,25.0,,Cr,1.1328123903e-05,,Ra02,rau_solar_ref,"Rauscher, T., Heger, A., Hoffman, R. D., & Woosley, S. E. 2002, ApJ, 576, 323, doi: 10.1086/341728"
Ra02_m25,25.0,,Cs,5.83475728146e-10,,Ra02,rau_solar_ref,"Rauscher, T., Heger, A., Hoffman, R. D., & Woosley, S. E. 2002, ApJ, 576, 323, doi: 10.1086/341728"
Ra02_m25,25.0,,Cu,7.16559828865e-06,,Ra02,rau_solar_ref,"Rauscher, T., Heger, A., Hoffman, R. D., & Woosley, S. E. 2002, ApJ, 576, 323, doi: 10.1086/341728"
Ra02_m25,25.0,,Dy,5.02627048157e-10,,Ra02,rau_solar_ref,"Rauscher, T., Heger, A., Hoffman, R. D., & Woosley, S. E. 2002, ApJ, 576, 323, doi: 10.1086/341728"
Ra02_m25,25.0,,Er,3.79433316242e-10,,Ra02,rau_solar_ref,"Rauscher, T., Heger, A., Hoffman, R. D., & Woosley, S. E. 2002, ApJ, 576, 323, doi: 10.1086/341728"
Ra02_m25,25.0,,Eu,1.19749544395e-10,,Ra02,rau_solar_ref,"Rauscher, T., Heger, A., Hoffman, R. D., & Woosley, S. E. 2002, ApJ, 576, 323, doi: 10.1086/341728"
Ra02_m25,25.0,,F,2.46528546275e-07,,Ra02,rau_solar_ref,"Rauscher, T., Heger, A., Hoffman, R. D., & Woosley, S. E. 2002, ApJ, 576, 323, doi: 10.1086/341728"
Ra02_m25,25.0,,Fe,0.00039876968329,,Ra02,rau_solar_ref,"Rauscher, T., Heger, A., Hoffman, R. D., & Woosley, S. E. 2002, ApJ, 576, 323, doi: 10.1086/341728"
Ra02_m25,25.0,,Ga,1.74314223009e-06,,Ra02,rau_solar_ref,"Rauscher, T., Heger, A., Hoffman, R. D., & Woosley, S. E. 2002, ApJ, 576, 323, doi: 10.1086/341728"
Ra02_m25,25.0,,Gd,4.03418795537e-10,,Ra02,rau_solar_ref,"Rauscher, T., Heger, A., Hoffman, R. D., & Woosley, S. E. 2002, ApJ, 576, 323, doi: 10.1086/341728"
Ra02_m25,25.0,,Ge,1.2265901417e-06,,Ra02,rau_solar_ref,"Rauscher, T., Heger, A., Hoffman, R. D., & Woosley, S. E. 2002, ApJ, 576, 323, doi: 10.1086/341728"
Ra02_m25,25.0,,H,0.144166918956,,Ra02,rau_solar_ref,"Rauscher, T., Heger, A., Hoffman, R. D., & Woosley, S. E. 2002, ApJ, 576, 323, doi: 10.1086/341728"
Ra02_m25,25.0,,He,0.144150559459,,Ra02,rau_solar_ref,"Rauscher, T., Heger, A., Hoffman, R. D., & Woosley, S. E. 2002, ApJ, 576, 323, doi: 10.1086/341728"
Ra02_m25,25.0,,Hf,2.64223734738e-10,,Ra02,rau_solar_ref,"Rauscher, T., Heger, A., Hoffman, R. D., & Woosley, S. E. 2002, ApJ, 576, 323, doi: 10.1086/341728"
Ra02_m25,25.0,,Hg,6.14977616455e-10,,Ra02,rau_solar_ref,"Rauscher, T., Heger, A., Hoffman, R. D., & Woosley, S. E. 2002, ApJ, 576, 323, doi: 10.1086/341728"
Ra02_m25,25.0,,Ho,1.1147088813e-10,,Ra02,rau_solar_ref,"Rauscher, T., Heger, A., Hoffman, R. D., & Woosley, S. E. 2002, ApJ, 576, 323, doi: 10.1086/341728"
Ra02_m25,25.0,,I,8.85160184656e-10,,Ra02,rau_solar_ref,"Rauscher, T., Heger, A., Hoffman, R. D., & Woosley, S. E. 2002, ApJ, 576, 323, doi: 10.1086/341728"
Ra02_m25,25.0,,In,1.54548064306e-10,,Ra02,rau_solar_ref,"Rauscher, T., Heger, A., Hoffman, R. D., & Woosley, S. E. 2002, ApJ, 576, 323, doi: 10.1086/341728"
Ra02_m25,25.0,,Ir,9.22203654313e-10,,Ra02,rau_solar_ref,"Rauscher, T., Heger, A., Hoffman, R. D., & Woosley, S. E. 2002, ApJ, 576, 323, doi: 10.1086/341728"
Ra02_m25,25.0,,K,3.56169207178e-06,,Ra02,rau_solar_ref,"Rauscher, T., Heger, A., Hoffman, R. D., & Woosley, S. E. 2002, ApJ, 576, 323, doi: 10.1086/341728"
Ra02_m25,25.0,,Kr,3.39521372887e-07,,Ra02,rau_solar_ref,"Rauscher, T., Heger, A., Hoffman, R. D., & Woosley, S. E. 2002, ApJ, 576, 323, doi: 10.1086/341728"
Ra02_m25,25.0,,La,6.47444712553e-10,,Ra02,rau_solar_ref,"Rauscher, T., Heger, A., Hoffman, R. D., & Woosley, S. E. 2002, ApJ, 576, 323, doi: 10.1086/341728"
Ra02_m25,25.0,,Li,3.23300697623e-12,,Ra02,rau_solar_ref,"Rauscher, T., Heger, A., Hoffman, R. D., & Woosley, S. E. 2002, ApJ, 576, 323, doi: 10.1086/341728"
Ra02_m25,25.0,,Lu,5.40354193603e-11,,Ra02,rau_solar_ref,"Rauscher, T., Heger, A., Hoffman, R. D., & Woosley, S. E. 2002, ApJ, 576, 323, doi: 10.1086/341728"
Ra02_m25,25.0,,Mg,0.00116285780535,,Ra02,rau_solar_ref,"Rauscher, T., Heger, A., Hoffman, R. D., & Woosley, S. E. 2002, ApJ, 576, 323, doi: 10.1086/341728"
Ra02_m25,25.0,,Mn,7.87348776069e-06,,Ra02,rau_solar_ref,"Rauscher, T., Heger, A., Hoffman, R. D., & Woosley, S. E. 2002, ApJ, 576, 323, doi: 10.1086/341728"
Ra02_m25,25.0,,Mo,2.14502854273e-09,,Ra02,rau_solar_ref,"Rauscher, T., Heger, A., Hoffman, R. D., & Woosley, S. E. 2002, ApJ, 576, 323, doi: 10.1086/341728"
Ra02_m25,25.0,,N,0.00212773109996,,Ra02,rau_solar_ref,"Rauscher, T., Heger, A., Hoffman, R. D., & Woosley, S. E. 2002, ApJ, 576, 323, doi: 10.1086/341728"
Ra02_m25,25.0,,Na,4.30524605613e-05,,Ra02,rau_solar_ref,"Rauscher, T., Heger, A., Hoffman, R. D., & Woosley, S. E. 2002, ApJ, 576, 323, doi: 10.1086/341728"
Ra02_m25,25.0,,Nb,5.08357235376e-10,,Ra02,rau_solar_ref,"Rauscher, T., Heger, A., Hoffman, R. D., & Woosley, S. E. 2002, ApJ, 576, 323, doi: 10.1086/341728"
Ra02_m25,25.0,,Nd,1.01572133808e-09,,Ra02,rau_solar_ref,"Rauscher, T., Heger, A., Hoffman, R. D., & Woosley, S. E. 2002, ApJ, 576, 323, doi: 10.1086/341728"
Ra02_m25,25.0,,Ne,0.00209972870622,,Ra02,rau_solar_ref,"Rauscher, T., Heger, A., Hoffman, R. D., & Woosley, S. E. 2002, ApJ, 576, 323, doi: 10.1086/341728"
Ra02_m25,25.0,,Ni,0.00871758621171,,Ra02,rau_solar_ref,"Rauscher, T., Heger, A., Hoffman, R. D., & Woosley, S. E. 2002, ApJ, 576, 323, doi: 10.1086/341728"
Ra02_m25,25.0,,O,0.0219667604426,,Ra02,rau_solar_ref,"Rauscher, T., Heger, A., Hoffman, R. D., & Woosley, S. E. 2002, ApJ, 576, 323, doi: 10.1086/341728"
Ra02_m25,25.0,,Os,9.6969836388e-10,,Ra02,rau_solar_ref,"Rauscher, T., Heger, A., Hoffman, R. D., & Woosley, S. E. 2002, ApJ, 576, 323, doi: 10.1086/341728"
Ra02_m25,25.0,,P,4.25860611432e-05,,Ra02,rau_solar_ref,"Rauscher, T., Heger, A., Hoffman, R. D., & Woosley, S. E. 2002, ApJ, 576, 323, doi: 10.1086/341728"
Ra02_m25,25.0,,Pb,6.16132794883e-09,,Ra02,rau_solar_ref,"Rauscher, T., Heger, A., Hoffman, R. D., & Woosley, S. E. 2002, ApJ, 576, 323, doi: 10.1086/341728"
Ra02_m25,25.0,,Pd,1.2588054747e-09,,Ra02,rau_solar_ref,"Rauscher, T., Heger, A., Hoffman, R. D., & Woosley, S. E. 2002, ApJ, 576, 323, doi: 10.1086/341728"
Ra02_m25,25.0,,Pm,1.01853311187e-11,,Ra02,rau_solar_ref,"Rauscher, T., Heger, A., Hoffman, R. D., & Woosley, S. E. 2002, ApJ, 576, 323, doi: 10.1086/341728"
Ra02_m25,25.0,,Po,2.73864441961e-12,,Ra02,rau_solar_ref,"Rauscher, T., Heger, A., Hoffman, R. D., & Woosley, S. E. 2002, ApJ, 576, 323, doi: 10.1086/341728"
Ra02_m25,25.0,,Pr,1.93738695467e-10,,Ra02,rau_solar_ref,"Rauscher, T., Heger, A., Hoffman, R. D., & Woosley, S. E. 2002, ApJ, 576, 323, doi: 10.1086/341728"
Ra02_m25,25.0,,Pt,1.95412678836e-09,,Ra02,rau_solar_ref,"Rauscher, T., Heger, A., Hoffman, R. D., & Woosley, S. E. 2002, ApJ, 576, 323, doi: 10.1086/341728"
Ra02_m25,25.0,,Rb,2.65655274218e-08,,Ra02,rau_solar_ref,"Rauscher, T., Heger, A., Hoffman, R. D., & Woosley, S. E. 2002, ApJ, 576, 323, doi: 10.1086/341728"
Ra02_m25,25.0,,Re,7.68369842347e-11,,Ra02,rau_solar_ref,"Rauscher, T., Heger, A., Hoffman, R. D., & Woosley, S. E. 2002, ApJ, 576, 323, doi: 10.1086/341728"
Ra02_m25,25.0,,Rh,2.59839296748e-10,,Ra02,rau_solar_ref,"Rauscher, T., Heger, A., Hoffman, R. D., & Woosley, S. E. 2002, ApJ, 576, 323, doi: 10.1086/341728"
Ra02_m25,25.0,,Ru,1.62876230014e-09,,Ra02,rau_solar_ref,"Rauscher, T., Heger, A., Hoffman, R. D., & Woosley, S. E. 2002, ApJ, 576, 323, doi: 10.1086/341728"
Ra02_m25,25.0,,S,0.000282329141059,,Ra02,rau_solar_ref,"Rauscher, T., Heger, A., Hoffman, R. D., & Woosley, S. E. 2002, ApJ, 576, 323, doi: 10.1086/341728"
Ra02_m25,25.0,,Sb,3.01844328018e-10,,Ra02,rau_solar_ref,"Rauscher, T., Heger, A., Hoffman, R. D., & Woosley, S. E. 2002, ApJ, 576, 323, doi: 10.1086/341728"
Ra02_m25,25.0,,Sc,7.83854387219e-08,,Ra02,rau_solar_ref,"Rauscher, T., Heger, A., Hoffman, R. D., & Woosley, S. E. 2002, ApJ, 576, 323, doi: 10.1086/341728"
Ra02_m25,25.0,,Se,3.56949348206e-07,,Ra02,rau_solar_ref,"Rauscher, T., Heger, A., Hoffman, R. D., & Woosley, S. E. 2002, ApJ, 576, 323, doi: 10.1086/341728"
Ra02_m25,25.0,,Si,0.0011608900631,,Ra02,rau_solar_ref,"Rauscher, T., Heger, A., Hoffman, R. D., & Woosley, S. E. 2002, ApJ, 576, 323, doi: 10.1086/341728"
Ra02_m25,25.0,,Sm,3.79375472713e-10,,Ra02,rau_solar_ref,"Rauscher, T., Heger, A., Hoffman, R. D., & Woosley, S. E. 2002, ApJ, 576, 323, doi: 10.1086/341728"
Ra02_m25,25.0,,Sn,4.27374097836e-09,,Ra02,rau_solar_ref,"Rauscher, T., Heger, A., Hoffman, R. D., & Woosley, S. E. 2002, ApJ, 576, 323, doi: 10.1086/341728"
Ra02_m25,25.0,,Sr,6.73588594239e-08,,Ra02,rau_solar_ref,"Rauscher, T., Heger, A., Hoffman, R. D., & Woosley, S. E. 2002, ApJ, 576, 323, doi: 10.1086/341728"
Ra02_m25,25.0,,Ta,3.72661691668e-11,,Ra02,rau_solar_ref,"Rauscher, T., Heger, A., Hoffman, R. D., & Woosley, S. E. 2002, ApJ, 576, 323, doi: 10.1086/341728"
Ra02_m25,25.0,,Tb,7.49701169145e-11,,Ra02,rau_solar_ref,"Rauscher, T., Heger, A., Hoffman, R. D., & Woosley, S. E. 2002, ApJ, 576, 323, doi: 10.1086/341728"
Ra02_m25,25.0,,Tc,6.33541867217e-12,,Ra02,rau_solar_ref,"Rauscher, T., Heger, A., Hoffman, R. D., & Woosley, S. E. 2002, ApJ, 576, 323, doi: 10.1086/341728"
Ra02_m25,25.0,,Te,4.71878152408e-09,,Ra02,rau_solar_ref,"Rauscher, T., Heger, A., Hoffman, R. D., & Woosley, S. E. 2002, ApJ, 576, 323, doi: 10.1086/341728"
Ra02_m25,25.0,,Ti,3.97574357392e-06,,Ra02,rau_solar_ref,"Rauscher, T., Heger, A., Hoffman, R. D., & Woosley, S. E. 2002, ApJ, 576, 323, doi: 10.1086/341728"
Ra02_m25,25.0,,Tl,3.5042627053e-10,,Ra02,rau_solar_ref,"Rauscher, T., Heger, A., Hoffman, R. D., & Woosley, S. E. 2002, ApJ, 576, 323, doi: 10.1086/341728"
Ra02_m25,25.0,,Tm,5.81285557261e-11,,Ra02,rau_solar_ref,"Rauscher, T., Heger, A., Hoffman, R. D., & Woosley, S. E. 2002, ApJ, 576, 323, doi: 10.1086/341728"
Ra02_m25,25.0,,V,1.59672639397e-06,,Ra02,rau_solar_ref,"Rauscher, T., Heger, A., Hoffman, R. D., & Woosley, S. E. 2002, ApJ, 576, 323, doi: 10.1086/341728"
Ra02_m25,25.0,,W,2.31843040329e-10,,Ra02,rau_solar_ref,"Rauscher, T., Heger, A., Hoffman, R. D., & Woosley, S. E. 2002, ApJ, 576, 323, doi: 10.1086/341728"
Ra02_m25,25.0,,Xe,5.01297858348e-09,,Ra02,rau_solar_ref,"Rauscher, T., Heger, A., Hoffman, R. D., & Woosley, S. E. 2002, ApJ, 576, 323, doi: 10.1086/341728"
Ra02_m25,25.0,,Y,8.63588586731e-09,,Ra02,rau_solar_ref,"Rauscher, T., Heger, A., Hoffman, R. D., & Woosley, S. E. 2002, ApJ, 576, 323, doi: 10.1086/341728"
Ra02_m25,25.0,,Yb,3.76989013501e-10,,Ra02,rau_solar_ref,"Rauscher, T., Heger, A., Hoffman, R. D., & Woosley, S. E. 2002, ApJ, 576, 323, doi: 10.1086/341728"
Ra02_m25,25.0,,Zn,5.91722135975e-05,,Ra02,rau_solar_ref,"Rauscher, T., Heger, A., Hoffman, R. D., & Woosley, S. E. 2002, ApJ, 576, 323, doi: 10.1086/341728"
Ra02_m25,25.0,,Zr,1.68319582891e-08,,Ra02,rau_solar_ref,"Rauscher, T., Heger, A., Hoffman, R. D., & Woosley, S. E. 2002, ApJ, 576, 323, doi: 10.1086/341728"
Ri18_m15,15.0,0.02,Ag,1.44060264405e-08,,Ri18,iniab2.0E-02GN93,"Ritter, C., Herwig, F., Jones, S., et al. 2018b, MNRAS, 480, 538, doi: 10.1093/mnras/sty1729"
Ri18_m15,15.0,0.02,Al,0.00275466772254,,Ri18,iniab2.0E-02GN93,"Ritter, C., Herwig, F., Jones, S., et al. 2018b, MNRAS, 480, 538, doi: 10.1093/mnras/sty1729"
Ri18_m15,15.0,0.02,Ar,0.0387899199518,,Ri18,iniab2.0E-02GN93,"Ritter, C., Herwig, F., Jones, S., et al. 2018b, MNRAS, 480, 538, doi: 10.1093/mnras/sty1729"
Ri18_m15,15.0,0.02,As,1.76864904212e-06,,Ri18,iniab2.0E-02GN93,"Ritter, C., Herwig, F., Jones, S., et al. 2018b, MNRAS, 480, 538, doi: 10.1093/mnras/sty1729"
Ri18_m15,15.0,0.02,Au,9.95771429885e-09,,Ri18,iniab2.0E-02GN93,"Ritter, C., Herwig, F., Jones, S., et al. 2018b, MNRAS, 480, 538, doi: 10.1093/mnras/sty1729"
Ri18_m15,15.0,0.02,B,2.34250003914e-08,,Ri18,iniab2.0E-02GN93,"Ritter, C., Herwig, F., Jones, S., et al. 2018b, MNRAS, 480, 538, doi: 10.1093/mnras/sty1729"
Ri18_m15,15.0,0.02,Ba,2.17570379839e-07,,Ri18,iniab2.0E-02GN93,"Ritter, C., Herwig, F., Jones, S., et al. 2018b, MNRAS, 480, 538, doi: 10.1093/mnras/sty1729"
Ri18_m15,15.0,0.02,Be,3.59247177018e-15,,Ri18,iniab2.0E-02GN93,"Ritter, C., Herwig, F., Jones, S., et al. 2018b, MNRAS, 480, 538, doi: 10.1093/mnras/sty1729"
Ri18_m15,15.0,0.02,Bi,8.32838306381e-09,,Ri18,iniab2.0E-02GN93,"Ritter, C., Herwig, F., Jones, S., et al. 2018b, MNRAS, 480, 538, doi: 10.1093/mnras/sty1729"
Ri18_m15,15.0,0.02,Br,8.90039667625e-07,,Ri18,iniab2.0E-02GN93,"Ritter, C., Herwig, F., Jones, S., et al. 2018b, MNRAS, 480, 538, doi: 10.1093/mnras/sty1729"
Ri18_m15,15.0,0.02,C,0.147407491543,,Ri18,iniab2.0E-02GN93,"Ritter, C., Herwig, F., Jones, S., et al. 2018b, MNRAS, 480, 538, doi: 10.1093/mnras/sty1729"
Ri18_m15,15.0,0.02,Ca,0.00254986995105,,Ri18,iniab2.0E-02GN93,"Ritter, C., Herwig, F., Jones, S., et al. 2018b, MNRAS, 480, 538, doi: 10.1093/mnras/sty1729"
Ri18_m15,15.0,0.02,Cd,6.42429855167e-08,,Ri18,iniab2.0E-02GN93,"Ritter, C., Herwig, F., Jones, S., et al. 2018b, MNRAS, 480, 538, doi: 10.1093/mnras/sty1729"
Ri18_m15,15.0,0.02,Ce,5.06711183986e-08,,Ri18,iniab2.0E-02GN93,"Ritter, C., Herwig, F., Jones, S., et al. 2018b, MNRAS, 480, 538, doi: 10.1093/mnras/sty1729"
Ri18_m15,15.0,0.02,Cl,0.0084151889126,,Ri18,iniab2.0E-02GN93,"Ritter, C., Herwig, F., Jones, S., et al. 2018b, MNRAS, 480, 538, doi: 10.1093/mnras/sty1729"
Ri18_m15,15.0,0.02,Co,0.000975284130793,,Ri18,iniab2.0E-02GN93,"Ritter, C., Herwig, F., Jones, S., et al. 2018b, MNRAS, 480, 538, doi: 10.1093/mnras/sty1729"
Ri18_m15,15.0,0.02,Cr,0.000717366483924,,Ri18,iniab2.0E-02GN93,"Ritter, C., Herwig, F., Jones, S., et al. 2018b, MNRAS, 480, 538, doi: 10.1093/mnras/sty1729"
Ri18_m15,15.0,0.02,Cs,1.4496735254e-08,,Ri18,iniab2.0E-02GN93,"Ritter, C., Herwig, F., Jones, S., et al. 2018b, MNRAS, 480, 538, doi: 10.1093/mnras/sty1729"
Ri18_m15,15.0,0.02,Cu,0.00013244595447,,Ri18,iniab2.0E-02GN93,"Ritter, C., Herwig, F., Jones, S., et al. 2018b, MNRAS, 480, 538, doi: 10.1093/mnras/sty1729"
Ri18_m15,15.0,0.02,Dy,1.69034390195e-08,,Ri18,iniab2.0E-02GN93,"Ritter, C., Herwig, F., Jones, S., et al. 2018b, MNRAS, 480, 538, doi: 10.1093/mnras/sty1729"
Ri18_m15,15.0,0.02,Er,1.28816214916e-08,,Ri18,iniab2.0E-02GN93,"Ritter, C., Herwig, F., Jones, S., et al. 2018b, MNRAS, 480, 538, doi: 10.1093/mnras/sty1729"
Ri18_m15,15.0,0.02,Eu,3.89764063347e-09,,Ri18,iniab2.0E-02GN93,"Ritter, C., Herwig, F., Jones, S., et al. 2018b, MNRAS, 480, 538, doi: 10.1093/mnras/sty1729"
Ri18_m15,15.0,0.02,F,2.04502868785e-05,,Ri18,iniab2.0E-02GN93,"Ritter, C., Herwig, F., Jones, S., et al. 2018b, MNRAS, 480, 538, doi: 10.1093/mnras/sty1729"
Ri18_m15,15.0,0.02,Fe,0.0302479722032,,Ri18,iniab2.0E-02GN93,"Ritter, C., Herwig, F., Jones, S., et al. 2018b, MNRAS, 480, 538, doi: 10.1093/mnras/sty1729"
Ri18_m15,15.0,0.02,Ga,7.15704680478e-06,,Ri18,iniab2.0E-02GN93,"Ritter, C., Herwig, F., Jones, S., et al. 2018b, MNRAS, 480, 538, doi: 10.1093/mnras/sty1729"
Ri18_m15,15.0,0.02,Gd,1.39259265768e-08,,Ri18,iniab2.0E-02GN93,"Ritter, C., Herwig, F., Jones, S., et al. 2018b, MNRAS, 480, 538, doi: 10.1093/mnras/sty1729"
Ri18_m15,15.0,0.02,Ge,4.24660348025e-05,,Ri18,iniab2.0E-02GN93,"Ritter, C., Herwig, F., Jones, S., et al. 2018b, MNRAS, 480, 538, doi: 10.1093/mnras/sty1729"
Ri18_m15,15.0,0.02,H,4.6096767852,,Ri18,iniab2.0E-02GN93,"Ritter, C., Herwig, F., Jones, S., et al. 2018b, MNRAS, 480, 538, doi: 10.1093/mnras/sty1729"
Ri18_m15,15.0,0.02,He,4.19371174249,,Ri18,iniab2.0E-02GN93,"Ritter, C., Herwig, F., Jones, S., et al. 2018b, MNRAS, 480, 538, doi: 10.1093/mnras/sty1729"
Ri18_m15,15.0,0.02,Hf,8.2301857231e-09,,Ri18,iniab2.0E-02GN93,"Ritter, C., Herwig, F., Jones, S., et al. 2018b, MNRAS, 480, 538, doi: 10.1093/mnras/sty1729"
Ri18_m15,15.0,0.02,Hg,2.26732527474e-08,,Ri18,iniab2.0E-02GN93,"Ritter, C., Herwig, F., Jones, S., et al. 2018b, MNRAS, 480, 538, doi: 10.1093/mnras/sty1729"
Ri18_m15,15.0,0.02,Ho,3.98385266682e-09,,Ri18,iniab2.0E-02GN93,"Ritter, C., Herwig, F., Jones, S., et al. 2018b, MNRAS, 480, 538, doi: 10.1093/mnras/sty1729"
Ri18_m15,15.0,0.02,I,1.33584425701e-08,,Ri18,iniab2.0E-02GN93,"Ritter, C., Herwig, F., Jones, S., et al. 2018b, MNRAS, 480, 538, doi: 10.1093/mnras/sty1729"
Ri18_m15,15.0,0.02,In,7.97405730826e-09,,Ri18,iniab2.0E-02GN93,"Ritter, C., Herwig, F., Jones, S., et al. 2018b, MNRAS, 480, 538, doi: 10.1093/mnras/sty1729"
Ri18_m15,15.0,0.02,Ir,3.00500294237e-08,,Ri18,iniab2.0E-02GN93,"Ritter, C., Herwig, F., Jones, S., et al. 2018b, MNRAS, 480, 538, doi: 10.1093/mnras/sty1729"
Ri18_m15,15.0,0.02,K,0.00202000948043,,Ri18,iniab2.0E-02GN93,"Ritter, C., Herwig, F., Jones, S., et al. 2018b, MNRAS, 480, 538, doi: 10.1093/mnras/sty1729"
Ri18_m15,15.0,0.02,Kr,9.49454495173e-06,,Ri18,iniab2.0E-02GN93,"Ritter, C., Herwig, F., Jones, S., et al. 2018b, MNRAS, 480, 538, doi: 10.1093/mnras/sty1729"
Ri18_m15,15.0,0.02,La,2.00886952115e-08,,Ri18,iniab2.0E-02GN93,"Ritter, C., Herwig, F., Jones, S., et al. 2018b, MNRAS, 480, 538, doi: 10.1093/mnras/sty1729"
Ri18_m15,15.0,0.02,Li,2.81620581232e-11,,Ri18,iniab2.0E-02GN93,"Ritter, C., Herwig, F., Jones, S., et al. 2018b, MNRAS, 480, 538, doi: 10.1093/mnras/sty1729"
Ri18_m15,15.0,0.02,Lu,1.97446242812e-09,,Ri18,iniab2.0E-02GN93,"Ritter, C., Herwig, F., Jones, S., et al. 2018b, MNRAS, 480, 538, doi: 10.1093/mnras/sty1729"
Ri18_m15,15.0,0.02,Mg,0.0389806747338,,Ri18,iniab2.0E-02GN93,"Ritter, C., Herwig, F., Jones, S., et al. 2018b, MNRAS, 480, 538, doi: 10.1093/mnras/sty1729"
Ri18_m15,15.0,0.02,Mn,0.00018996995368,,Ri18,iniab2.0E-02GN93,"Ritter, C., Herwig, F., Jones, S., et al. 2018b, MNRAS, 480, 538, doi: 10.1093/mnras/sty1729"
Ri18_m15,15.0,0.02,Mo,7.84019976859e-08,,Ri18,iniab2.0E-02GN93,"Ritter, C., Herwig, F., Jones, S., et al. 2018b, MNRAS, 480, 538, doi: 10.1093/mnras/sty1729"
Ri18_m15,15.0,0.02,N,0.0421209708037,,Ri18,iniab2.0E-02GN93,"Ritter, C., Herwig, F., Jones, S., et al. 2018b, MNRAS, 480, 538, doi: 10.1093/mnras/sty1729"
Ri18_m15,15.0,0.02,Na,0.00238938817807,,Ri18,iniab2.0E-02GN93,"Ritter, C., Herwig, F., Jones, S., et al. 2018b, MNRAS, 480, 538, doi: 10.1093/mnras/sty1729"
Ri18_m15,15.0,0.02,Nb,2.1374729945e-08,,Ri18,iniab2.0E-02GN93,"Ritter, C., Herwig, F., Jones, S., et al. 2018b, MNRAS, 480, 538, doi: 10.1093/mnras/sty1729"
Ri18_m15,15.0,0.02,Nd,4.14748913636e-08,,Ri18,iniab2.0E-02GN93,"Ritter, C., Herwig, F., Jones, S., et al. 2018b, MNRAS, 480, 538, doi: 10.1093/mnras/sty1729"
Ri18_m15,15.0,0.02,Ne,0.0826163034372,,Ri18,iniab2.0E-02GN93,"Ritter, C., Herwig, F., Jones, S., et al. 2018b, MNRAS, 480, 538, doi: 10.1093/mnras/sty1729"
Ri18_m15,15.0,0.02,Ni,0.0380331411117,,Ri18,iniab2.0E-02GN93,"Ritter, C., Herwig, F., Jones, S., et al. 2018b, MNRAS, 480, 538, doi: 10.1093/mnras/sty1729"
Ri18_m15,15.0,0.02,O,0.896728175824,,Ri18,iniab2.0E-02GN93,"Ritter, C., Herwig, F., Jones, S., et al. 2018b, MNRAS, 480, 538, doi: 10.1093/mnras/sty1729"
Ri18_m15,15.0,0.02,Os,3.34983415157e-08,,Ri18,iniab2.0E-02GN93,"Ritter, C., Herwig, F., Jones, S., et al. 2018b, MNRAS, 480, 538, doi: 10.1093/mnras/sty1729"
Ri18_m15,15.0,0.02,P,0.0120462462592,,Ri18,iniab2.0E-02GN93,"Ritter, C., Herwig, F., Jones, S., et al. 2018b, MNRAS, 480, 538, doi: 10.1093/mnras/sty1729"
Ri18_m15,15.0,0.02,Pb,1.60195639998e-07,,Ri18,iniab2.0E-02GN93,"Ritter, C., Herwig, F., Jones, S., et al. 2018b, MNRAS, 480, 538, doi: 10.1093/mnras/sty1729"
Ri18_m15,15.0,0.02,Pd,5.26363777833e-08,,Ri18,iniab2.0E-02GN93,"Ritter, C., Herwig, F., Jones, S., et al. 2018b, MNRAS, 480, 538, doi: 10.1093/mnras/sty1729"
Ri18_m15,15.0,0.02,Pm,9.48907917782e-10,,Ri18,iniab2.0E-02GN93,"Ritter, C., Herwig, F., Jones, S., et al. 2018b, MNRAS, 480, 538, doi: 10.1093/mnras/sty1729"
Ri18_m15,15.0,0.02,Po,9.95500123616e-12,,Ri18,iniab2.0E-02GN93,"Ritter, C., Herwig, F., Jones, S., et al. 2018b, MNRAS, 480, 538, doi: 10.1093/mnras/sty1729"
Ri18_m15,15.0,0.02,Pr,6.9650739455e-09,,Ri18,iniab2.0E-02GN93,"Ritter, C., Herwig, F., Jones, S., et al. 2018b, MNRAS, 480, 538, doi: 10.1093/mnras/sty1729"
Ri18_m15,15.0,0.02,Pt,7.20902077061e-08,,Ri18,iniab2.0E-02GN93,"Ritter, C., Herwig, F., Jones, S., et al. 2018b, MNRAS, 480, 538, doi: 10.1093/mnras/sty1729"
Ri18_m15,15.0,0.02,Rb,8.01103428684e-07,,Ri18,iniab2.0E-02GN93,"Ritter, C., Herwig, F., Jones, S., et al. 2018b, MNRAS, 480, 538, doi: 10.1093/mnras/sty1729"
Ri18_m15,15.0,0.02,Re,2.51428076149e-09,,Ri18,iniab2.0E-02GN93,"Ritter, C., Herwig, F., Jones, S., et al. 2018b, MNRAS, 480, 538, doi: 10.1093/mnras/sty1729"
Ri18_m15,15.0,0.02,Rh,1.07908082651e-08,,Ri18,iniab2.0E-02GN93,"Ritter, C., Herwig, F., Jones, S., et al. 2018b, MNRAS, 480, 538, doi: 10.1093/mnras/sty1729"
Ri18_m15,15.0,0.02,Ru,6.14570760823e-08,,Ri18,iniab2.0E-02GN93,"Ritter, C., Herwig, F., Jones, S., et al. 2018b, MNRAS, 480, 538, doi: 10.1093/mnras/sty1729"
Ri18_m15,15.0,0.02,S,0.200926371608,,Ri18,iniab2.0E-02GN93,"Ritter, C., Herwig, F., Jones, S., et al. 2018b, MNRAS, 480, 538, doi: 10.1093/mnras/sty1729"
Ri18_m15,15.0,0.02,Sb,1.07415607174e-08,,Ri18,iniab2.0E-02GN93,"Ritter, C., Herwig, F., Jones, S., et al. 2018b, MNRAS, 480, 538, doi: 10.1093/mnras/sty1729"
Ri18_m15,15.0,0.02,Sc,4.8512703162e-05,,Ri18,iniab2.0E-02GN93,"Ritter, C., Herwig, F., Jones, S., et al. 2018b, MNRAS, 480, 538, doi: 10.1093/mnras/sty1729"
Ri18_m15,15.0,0.02,Se,1.29867091338e-05,,Ri18,iniab2.0E-02GN93,"Ritter, C., Herwig, F., Jones, S., et al. 2018b, MNRAS, 480, 538, doi: 10.1093/mnras/sty1729"
Ri18_m15,15.0,0.02,Si,0.19013763117,,Ri18,iniab2.0E-02GN93,"Ritter, C., Herwig, F., Jones, S., et al. 2018b, MNRAS, 480, 538, doi: 10.1093/mnras/sty1729"
Ri18_m15,15.0,0.02,Sm,2.12541103765e-08,,Ri18,iniab2.0E-02GN93,"Ritter, C., Herwig, F., Jones, S., et al. 2018b, MNRAS, 480, 538, doi: 10.1093/mnras/sty1729"
Ri18_m15,15.0,0.02,Sn,1.62855530276e-07,,Ri18,iniab2.0E-02GN93,"Ritter, C., Herwig, F., Jones, S., et al. 2018b, MNRAS, 480, 538, doi: 10.1093/mnras/sty1729"
Ri18_m15,15.0,0.02,Sr,6.16971154961e-06,,Ri18,iniab2.0E-02GN93,"Ritter, C., Herwig, F., Jones, S., et al. 2018b, MNRAS, 480, 538, doi: 10.1093/mnras/sty1729"
Ri18_m15,15.0,0.02,Ta,1.96223490764e-09,,Ri18,iniab2.0E-02GN93,"Ritter, C., Herwig, F., Jones, S., et al. 2018b, MNRAS, 480, 538, doi: 10.1093/mnras/sty1729"
Ri18_m15,15.0,0.02,Tb,2.53071313247e-09,,Ri18,iniab2.0E-02GN93,"Ritter, C., Herwig, F., Jones, S., et al. 2018b, MNRAS, 480, 538, doi: 10.1093/mnras/sty1729"
Ri18_m15,15.0,0.02,Tc,2.04891315442e-09,,Ri18,iniab2.0E-02GN93,"Ritter, C., Herwig, F., Jones, S., et al. 2018b, MNRAS, 480, 538, doi: 10.1093/mnras/sty1729"
Ri18_m15,15.0,0.02,Te,1.69742867799e-07,,Ri18,iniab2.0E-02GN93,"Ritter, C., Herwig, F., Jones, S., et al. 2018b, MNRAS, 480, 538, doi: 10.1093/mnras/sty1729"
Ri18_m15,15.0,0.02,Ti,0.000137452032942,,Ri18,iniab2.0E-02GN93,"Ritter, C., Herwig, F., Jones, S., et al. 2018b, MNRAS, 480, 538, doi: 10.1093/mnras/sty1729"
Ri18_m15,15.0,0.02,Tl,1.15301264041e-08,,Ri18,iniab2.0E-02GN93,"Ritter, C., Herwig, F., Jones, S., et al. 2018b, MNRAS, 480, 538, doi: 10.1093/mnras/sty1729"
Ri18_m15,15.0,0.02,Tm,2.10978764208e-09,,Ri18,iniab2.0E-02GN93,"Ritter, C., Herwig, F., Jones, S., et al. 2018b, MNRAS, 480, 538, doi: 10.1093/mnras/sty1729"
Ri18_m15,15.0,0.02,V,1.35775837613e-05,,Ri18,iniab2.0E-02GN93,"Ritter, C., Herwig, F., Jones, S., et al. 2018b, MNRAS, 480, 538, doi: 10.1093/mnras/sty1729"
Ri18_m15,15.0,0.02,W,7.35497629269e-09,,Ri18,iniab2.0E-02GN93,"Ritter, C., Herwig, F., Jones, S., et al. 2018b, MNRAS, 480, 538, doi: 10.1093/mnras/sty1729"
Ri18_m15,15.0,0.02,Xe,1.82272736259e-07,,Ri18,iniab2.0E-02GN93,"Ritter, C., Herwig, F., Jones, S., et al. 2018b, MNRAS, 480, 538, doi: 10.1093/mnras/sty1729"
Ri18_m15,15.0,0.02,Y,4.44070618134e-07,,Ri18,iniab2.0E-02GN93,"Ritter, C., Herwig, F., Jones, S., et al. 2018b, MNRAS, 480, 538, doi: 10.1093/mnras/sty1729"
Ri18_m15,15.0,0.02,Yb,1.29005279554e-08,,Ri18,iniab2.0E-02GN93,"Ritter, C., Herwig, F., Jones, S., et al. 2018b, MNRAS, 480, 538, doi: 10.1093/mnras/sty1729"
Ri18_m15,15.0,0.02,Zn,0.000995972520136,,Ri18,iniab2.0E-02GN93,"Ritter, C., Herwig, F., Jones, S., et al. 2018b, MNRAS, 480, 538, doi: 10.1093/mnras/sty1729"
Ri18_m15,15.0,0.02,Zr,7.72088936816e-07,,Ri18,iniab2.0E-02GN93,"Ritter, C., Herwig, F., Jones, S., et al. 2018b, MNRAS, 480, 538, doi: 10.1093/mnras/sty1729"
Ri18_m20,20.0,0.02,Ag,1.83871413565e-08,,Ri18,iniab2.0E-02GN93,"Ritter, C., Herwig, F., Jones, S., et al. 2018b, MNRAS, 480, 538, doi: 10.1093/mnras/sty1729"
Ri18_m20,20.0,0.02,Al,0.0053863437633,,Ri18,iniab2.0E-02GN93,"Ritter, C., Herwig, F., Jones, S., et al. 2018b, MNRAS, 480, 538, doi: 10.1093/mnras/sty1729"
Ri18_m20,20.0,0.02,Ar,0.00707955344958,,Ri18,iniab2.0E-02GN93,"Ritter, C., Herwig, F., Jones, S., et al. 2018b, MNRAS, 480, 538, doi: 10.1093/mnras/sty1729"
Ri18_m20,20.0,0.02,As,9.88207635292e-06,,Ri18,iniab2.0E-02GN93,"Ritter, C., Herwig, F., Jones, S., et al. 2018b, MNRAS, 480, 538, doi: 10.1093/mnras/sty1729"
Ri18_m20,20.0,0.02,Au,1.22315739196e-08,,Ri18,iniab2.0E-02GN93,"Ritter, C., Herwig, F., Jones, S., et al. 2018b, MNRAS, 480, 538, doi: 10.1093/mnras/sty1729"
Ri18_m20,20.0,0.02,B,2.54448439844e-08,,Ri18,iniab2.0E-02GN93,"Ritter, C., Herwig, F., Jones, S., et al. 2018b, MNRAS, 480, 538, doi: 10.1093/mnras/sty1729"
Ri18_m20,20.0,0.02,Ba,3.05728837381e-07,,Ri18,iniab2.0E-02GN93,"Ritter, C., Herwig, F., Jones, S., et al. 2018b, MNRAS, 480, 538, doi: 10.1093/mnras/sty1729"
Ri18_m20,20.0,0.02,Be,6.59465730257e-14,,Ri18,iniab2.0E-02GN93,"Ritter, C., Herwig, F., Jones, S., et al. 2018b, MNRAS, 480, 538, doi: 10.1093/mnras/sty1729"
Ri18_m20,20.0,0.02,Bi,1.09333558111e-08,,Ri18,iniab2.0E-02GN93,"Ritter, C., Herwig, F., Jones, S., et al. 2018b, MNRAS, 480, 538, doi: 10.1093/mnras/sty1729"
Ri18_m20,20.0,0.02,Br,2.05866868754e-06,,Ri18,iniab2.0E-02GN93,"Ritter, C., Herwig, F., Jones, S., et al. 2018b, MNRAS, 480, 538, doi: 10.1093/mnras/sty1729"
Ri18_m20,20.0,0.02,C,0.192263945492,,Ri18,iniab2.0E-02GN93,"Ritter, C., Herwig, F., Jones, S., et al. 2018b, MNRAS, 480, 538, doi: 10.1093/mnras/sty1729"
Ri18_m20,20.0,0.02,Ca,0.00108855296194,,Ri18,iniab2.0E-02GN93,"Ritter, C., Herwig, F., Jones, S., et al. 2018b, MNRAS, 480, 538, doi: 10.1093/mnras/sty1729"
Ri18_m20,20.0,0.02,Cd,8.311926942e-08,,Ri18,iniab2.0E-02GN93,"Ritter, C., Herwig, F., Jones, S., et al. 2018b, MNRAS, 480, 538, doi: 10.1093/mnras/sty1729"
Ri18_m20,20.0,0.02,Ce,7.39243516015e-08,,Ri18,iniab2.0E-02GN93,"Ritter, C., Herwig, F., Jones, S., et al. 2018b, MNRAS, 480, 538, doi: 10.1093/mnras/sty1729"
Ri18_m20,20.0,0.02,Cl,0.00252323435778,,Ri18,iniab2.0E-02GN93,"Ritter, C., Herwig, F., Jones, S., et al. 2018b, MNRAS, 480, 538, doi: 10.1093/mnras/sty1729"
Ri18_m20,20.0,0.02,Co,0.00054027749291,,Ri18,iniab2.0E-02GN93,"Ritter, C., Herwig, F., Jones, S., et al. 2018b, MNRAS, 480, 538, doi: 10.1093/mnras/sty1729"
Ri18_m20,20.0,0.02,Cr,0.000245089208851,,Ri18,iniab2.0E-02GN93,"Ritter, C., Herwig, F., Jones, S., et al. 2018b, MNRAS, 480, 538, doi: 10.1093/mnras/sty1729"
Ri18_m20,20.0,0.02,Cs,1.65979943736e-08,,Ri18,iniab2.0E-02GN93,"Ritter, C., Herwig, F., Jones, S., et al. 2018b, MNRAS, 480, 538, doi: 10.1093/mnras/sty1729"
Ri18_m20,20.0,0.02,Cu,0.000194734856176,,Ri18,iniab2.0E-02GN93,"Ritter, C., Herwig, F., Jones, S., et al. 2018b, MNRAS, 480, 538, doi: 10.1093/mnras/sty1729"
Ri18_m20,20.0,0.02,Dy,1.95648696003e-08,,Ri18,iniab2.0E-02GN93,"Ritter, C., Herwig, F., Jones, S., et al. 2018b, MNRAS, 480, 538, doi: 10.1093/mnras/sty1729"
Ri18_m20,20.0,0.02,Er,1.48885831056e-08,,Ri18,iniab2.0E-02GN93,"Ritter, C., Herwig, F., Jones, S., et al. 2018b, MNRAS, 480, 538, doi: 10.1093/mnras/sty1729"
Ri18_m20,20.0,0.02,Eu,5.61680473699e-09,,Ri18,iniab2.0E-02GN93,"Ritter, C., Herwig, F., Jones, S., et al. 2018b, MNRAS, 480, 538, doi: 10.1093/mnras/sty1729"
Ri18_m20,20.0,0.02,F,1.20750847663e-05,,Ri18,iniab2.0E-02GN93,"Ritter, C., Herwig, F., Jones, S., et al. 2018b, MNRAS, 480, 538, doi: 10.1093/mnras/sty1729"
Ri18_m20,20.0,0.02,Fe,0.0162217311847,,Ri18,iniab2.0E-02GN93,"Ritter, C., Herwig, F., Jones, S., et al. 2018b, MNRAS, 480, 538, doi: 10.1093/mnras/sty1729"
Ri18_m20,20.0,0.02,Ga,3.14768842121e-05,,Ri18,iniab2.0E-02GN93,"Ritter, C., Herwig, F., Jones, S., et al. 2018b, MNRAS, 480, 538, doi: 10.1093/mnras/sty1729"
Ri18_m20,20.0,0.02,Gd,1.71184716457e-08,,Ri18,iniab2.0E-02GN93,"Ritter, C., Herwig, F., Jones, S., et al. 2018b, MNRAS, 480, 538, doi: 10.1093/mnras/sty1729"
Ri18_m20,20.0,0.02,Ge,9.12263341265e-05,,Ri18,iniab2.0E-02GN93,"Ritter, C., Herwig, F., Jones, S., et al. 2018b, MNRAS, 480, 538, doi: 10.1093/mnras/sty1729"
Ri18_m20,20.0,0.02,H,5.04784450094,,Ri18,iniab2.0E-02GN93,"Ritter, C., Herwig, F., Jones, S., et al. 2018b, MNRAS, 480, 538, doi: 10.1093/mnras/sty1729"
Ri18_m20,20.0,0.02,He,5.19381880804,,Ri18,iniab2.0E-02GN93,"Ritter, C., Herwig, F., Jones, S., et al. 2018b, MNRAS, 480, 538, doi: 10.1093/mnras/sty1729"
Ri18_m20,20.0,0.02,Hf,1.08429341863e-08,,Ri18,iniab2.0E-02GN93,"Ritter, C., Herwig, F., Jones, S., et al. 2018b, MNRAS, 480, 538, doi: 10.1093/mnras/sty1729"
Ri18_m20,20.0,0.02,Hg,3.16196255487e-08,,Ri18,iniab2.0E-02GN93,"Ritter, C., Herwig, F., Jones, S., et al. 2018b, MNRAS, 480, 538, doi: 10.1093/mnras/sty1729"
Ri18_m20,20.0,0.02,Ho,4.86438625108e-09,,Ri18,iniab2.0E-02GN93,"Ritter, C., Herwig, F., Jones, S., et al. 2018b, MNRAS, 480, 538, doi: 10.1093/mnras/sty1729"
Ri18_m20,20.0,0.02,I,1.6546020445e-08,,Ri18,iniab2.0E-02GN93,"Ritter, C., Herwig, F., Jones, S., et al. 2018b, MNRAS, 480, 538, doi: 10.1093/mnras/sty1729"
Ri18_m20,20.0,0.02,In,1.02338190117e-08,,Ri18,iniab2.0E-02GN93,"Ritter, C., Herwig, F., Jones, S., et al. 2018b, MNRAS, 480, 538, doi: 10.1093/mnras/sty1729"
Ri18_m20,20.0,0.02,Ir,3.47729689398e-08,,Ri18,iniab2.0E-02GN93,"Ritter, C., Herwig, F., Jones, S., et al. 2018b, MNRAS, 480, 538, doi: 10.1093/mnras/sty1729"
Ri18_m20,20.0,0.02,K,0.000521889644004,,Ri18,iniab2.0E-02GN93,"Ritter, C., Herwig, F., Jones, S., et al. 2018b, MNRAS, 480, 538, doi: 10.1093/mnras/sty1729"
Ri18_m20,20.0,0.02,Kr,2.24805805576e-05,,Ri18,iniab2.0E-02GN93,"Ritter, C., Herwig, F., Jones, S., et al. 2018b, MNRAS, 480, 538, doi: 10.1093/mnras/sty1729"
Ri18_m20,20.0,0.02,La,3.27246696066e-08,,Ri18,iniab2.0E-02GN93,"Ritter, C., Herwig, F., Jones, S., et al. 2018b, MNRAS, 480, 538, doi: 10.1093/mnras/sty1729"
Ri18_m20,20.0,0.02,Li,1.26180855204e-12,,Ri18,iniab2.0E-02GN93,"Ritter, C., Herwig, F., Jones, S., et al. 2018b, MNRAS, 480, 538, doi: 10.1093/mnras/sty1729"
Ri18_m20,20.0,0.02,Lu,2.7467365741e-09,,Ri18,iniab2.0E-02GN93,"Ritter, C., Herwig, F., Jones, S., et al. 2018b, MNRAS, 480, 538, doi: 10.1093/mnras/sty1729"
Ri18_m20,20.0,0.02,Mg,0.136564856007,,Ri18,iniab2.0E-02GN93,"Ritter, C., Herwig, F., Jones, S., et al. 2018b, MNRAS, 480, 538, doi: 10.1093/mnras/sty1729"
Ri18_m20,20.0,0.02,Mn,0.000119116589273,,Ri18,iniab2.0E-02GN93,"Ritter, C., Herwig, F., Jones, S., et al. 2018b, MNRAS, 480, 538, doi: 10.1093/mnras/sty1729"
Ri18_m20,20.0,0.02,Mo,1.4939576847e-07,,Ri18,iniab2.0E-02GN93,"Ritter, C., Herwig, F., Jones, S., et al. 2018b, MNRAS, 480, 538, doi: 10.1093/mnras/sty1729"
Ri18_m20,20.0,0.02,N,0.0562340508751,,Ri18,iniab2.0E-02GN93,"Ritter, C., Herwig, F., Jones, S., et al. 2018b, MNRAS, 480, 538, doi: 10.1093/mnras/sty1729"
Ri18_m20,20.0,0.02,Na,0.00557798384514,,Ri18,iniab2.0E-02GN93,"Ritter, C., Herwig, F., Jones, S., et al. 2018b, MNRAS, 480, 538, doi: 10.1093/mnras/sty1729"
Ri18_m20,20.0,0.02,Nb,3.10767169042e-08,,Ri18,iniab2.0E-02GN93,"Ritter, C., Herwig, F., Jones, S., et al. 2018b, MNRAS, 480, 538, doi: 10.1093/mnras/sty1729"
Ri18_m20,20.0,0.02,Nd,4.76726683488e-08,,Ri18,iniab2.0E-02GN93,"Ritter, C., Herwig, F., Jones, S., et al. 2018b, MNRAS, 480, 538, doi: 10.1093/mnras/sty1729"
Ri18_m20,20.0,0.02,Ne,0.275483671016,,Ri18,iniab2.0E-02GN93,"Ritter, C., Herwig, F., Jones, S., et al. 2018b, MNRAS, 480, 538, doi: 10.1093/mnras/sty1729"
Ri18_m20,20.0,0.02,Ni,0.00246029563327,,Ri18,iniab2.0E-02GN93,"Ritter, C., Herwig, F., Jones, S., et al. 2018b, MNRAS, 480, 538, doi: 10.1093/mnras/sty1729"
Ri18_m20,20.0,0.02,O,1.50027303079,,Ri18,iniab2.0E-02GN93,"Ritter, C., Herwig, F., Jones, S., et al. 2018b, MNRAS, 480, 538, doi: 10.1093/mnras/sty1729"
Ri18_m20,20.0,0.02,Os,3.95527899445e-08,,Ri18,iniab2.0E-02GN93,"Ritter, C., Herwig, F., Jones, S., et al. 2018b, MNRAS, 480, 538, doi: 10.1093/mnras/sty1729"
Ri18_m20,20.0,0.02,P,0.0041984160511,,Ri18,iniab2.0E-02GN93,"Ritter, C., Herwig, F., Jones, S., et al. 2018b, MNRAS, 480, 538, doi: 10.1093/mnras/sty1729"
Ri18_m20,20.0,0.02,Pb,2.34427504378e-07,,Ri18,iniab2.0E-02GN93,"Ritter, C., Herwig, F., Jones, S., et al. 2018b, MNRAS, 480, 538, doi: 10.1093/mnras/sty1729"
Ri18_m20,20.0,0.02,Pd,7.24480640188e-08,,Ri18,iniab2.0E-02GN93,"Ritter, C., Herwig, F., Jones, S., et al. 2018b, MNRAS, 480, 538, doi: 10.1093/mnras/sty1729"
Ri18_m20,20.0,0.02,Pm,2.37247124283e-09,,Ri18,iniab2.0E-02GN93,"Ritter, C., Herwig, F., Jones, S., et al. 2018b, MNRAS, 480, 538, doi: 10.1093/mnras/sty1729"
Ri18_m20,20.0,0.02,Po,2.57653107961e-12,,Ri18,iniab2.0E-02GN93,"Ritter, C., Herwig, F., Jones, S., et al. 2018b, MNRAS, 480, 538, doi: 10.1093/mnras/sty1729"
Ri18_m20,20.0,0.02,Pr,1.00460100775e-08,,Ri18,iniab2.0E-02GN93,"Ritter, C., Herwig, F., Jones, S., et al. 2018b, MNRAS, 480, 538, doi: 10.1093/mnras/sty1729"
Ri18_m20,20.0,0.02,Pt,8.56182515641e-08,,Ri18,iniab2.0E-02GN93,"Ritter, C., Herwig, F., Jones, S., et al. 2018b, MNRAS, 480, 538, doi: 10.1093/mnras/sty1729"
Ri18_m20,20.0,0.02,Rb,2.23597389541e-06,,Ri18,iniab2.0E-02GN93,"Ritter, C., Herwig, F., Jones, S., et al. 2018b, MNRAS, 480, 538, doi: 10.1093/mnras/sty1729"
Ri18_m20,20.0,0.02,Re,3.30702555597e-09,,Ri18,iniab2.0E-02GN93,"Ritter, C., Herwig, F., Jones, S., et al. 2018b, MNRAS, 480, 538, doi: 10.1093/mnras/sty1729"
Ri18_m20,20.0,0.02,Rh,1.43137962474e-08,,Ri18,iniab2.0E-02GN93,"Ritter, C., Herwig, F., Jones, S., et al. 2018b, MNRAS, 480, 538, doi: 10.1093/mnras/sty1729"
Ri18_m20,20.0,0.02,Ru,8.63884377981e-08,,Ri18,iniab2.0E-02GN93,"Ritter, C., Herwig, F., Jones, S., et al. 2018b, MNRAS, 480, 538, doi: 10.1093/mnras/sty1729"
Ri18_m20,20.0,0.02,S,0.0637532482902,,Ri18,iniab2.0E-02GN93,"Ritter, C., Herwig, F., Jones, S., et al. 2018b, MNRAS, 480, 538, doi: 10.1093/mnras/sty1729"
Ri18_m20,20.0,0.02,Sb,1.32466148886e-08,,Ri18,iniab2.0E-02GN93,"Ritter, C., Herwig, F., Jones, S., et al. 2018b, MNRAS, 480, 538, doi: 10.1093/mnras/sty1729"
Ri18_m20,20.0,0.02,Sc,9.1030919858e-06,,Ri18,iniab2.0E-02GN93,"Ritter, C., Herwig, F., Jones, S., et al. 2018b, MNRAS, 480, 538, doi: 10.1093/mnras/sty1729"
Ri18_m20,20.0,0.02,Se,2.95271106195e-05,,Ri18,iniab2.0E-02GN93,"Ritter, C., Herwig, F., Jones, S., et al. 2018b, MNRAS, 480, 538, doi: 10.1093/mnras/sty1729"
Ri18_m20,20.0,0.02,Si,0.149197303407,,Ri18,iniab2.0E-02GN93,"Ritter, C., Herwig, F., Jones, S., et al. 2018b, MNRAS, 480, 538, doi: 10.1093/mnras/sty1729"
Ri18_m20,20.0,0.02,Sm,2.52953408174e-08,,Ri18,iniab2.0E-02GN93,"Ritter, C., Herwig, F., Jones, S., et al. 2018b, MNRAS, 480, 538, doi: 10.1093/mnras/sty1729"
Ri18_m20,20.0,0.02,Sn,2.26539828814e-07,,Ri18,iniab2.0E-02GN93,"Ritter, C., Herwig, F., Jones, S., et al. 2018b, MNRAS, 480, 538, doi: 10.1093/mnras/sty1729"
Ri18_m20,20.0,0.02,Sr,1.13482962347e-05,,Ri18,iniab2.0E-02GN93,"Ritter, C., Herwig, F., Jones, S., et al. 2018b, MNRAS, 480, 538, doi: 10.1093/mnras/sty1729"
Ri18_m20,20.0,0.02,Ta,2.67305472705e-09,,Ri18,iniab2.0E-02GN93,"Ritter, C., Herwig, F., Jones, S., et al. 2018b, MNRAS, 480, 538, doi: 10.1093/mnras/sty1729"
Ri18_m20,20.0,0.02,Tb,3.20501805338e-09,,Ri18,iniab2.0E-02GN93,"Ritter, C., Herwig, F., Jones, S., et al. 2018b, MNRAS, 480, 538, doi: 10.1093/mnras/sty1729"
Ri18_m20,20.0,0.02,Tc,6.95083087373e-09,,Ri18,iniab2.0E-02GN93,"Ritter, C., Herwig, F., Jones, S., et al. 2018b, MNRAS, 480, 538, doi: 10.1093/mnras/sty1729"
Ri18_m20,20.0,0.02,Te,2.07557740539e-07,,Ri18,iniab2.0E-02GN93,"Ritter, C., Herwig, F., Jones, S., et al. 2018b, MNRAS, 480, 538, doi: 10.1093/mnras/sty1729"
Ri18_m20,20.0,0.02,Ti,6.81632377463e-05,,Ri18,iniab2.0E-02GN93,"Ritter, C., Herwig, F., Jones, S., et al. 2018b, MNRAS, 480, 538, doi: 10.1093/mnras/sty1729"
Ri18_m20,20.0,0.02,Tl,1.36444505707e-08,,Ri18,iniab2.0E-02GN93,"Ritter, C., Herwig, F., Jones, S., et al. 2018b, MNRAS, 480, 538, doi: 10.1093/mnras/sty1729"
Ri18_m20,20.0,0.02,Tm,2.74619668419e-09,,Ri18,iniab2.0E-02GN93,"Ritter, C., Herwig, F., Jones, S., et al. 2018b, MNRAS, 480, 538, doi: 10.1093/mnras/sty1729"
Ri18_m20,20.0,0.02,V,8.5656158229e-06,,Ri18,iniab2.0E-02GN93,"Ritter, C., Herwig, F., Jones, S., et al. 2018b, MNRAS, 480, 538, doi: 10.1093/mnras/sty1729"
Ri18_m20,20.0,0.02,W,9.79596525783e-09,,Ri18,iniab2.0E-02GN93,"Ritter, C., Herwig, F., Jones, S., et al. 2018b, MNRAS, 480, 538, doi: 10.1093/mnras/sty1729"
Ri18_m20,20.0,0.02,Xe,2.21655880812e-07,,Ri18,iniab2.0E-02GN93,"Ritter, C., Herwig, F., Jones, S., et al. 2018b, MNRAS, 480, 538, doi: 10.1093/mnras/sty1729"
Ri18_m20,20.0,0.02,Y,1.11860497289e-06,,Ri18,iniab2.0E-02GN93,"Ritter, C., Herwig, F., Jones, S., et al. 2018b, MNRAS, 480, 538, doi: 10.1093/mnras/sty1729"
Ri18_m20,20.0,0.02,Yb,1.61165674494e-08,,Ri18,iniab2.0E-02GN93,"Ritter, C., Herwig, F., Jones, S., et al. 2018b, MNRAS, 480, 538, doi: 10.1093/mnras/sty1729"
Ri18_m20,20.0,0.02,Zn,0.000293113120187,,Ri18,iniab2.0E-02GN93,"Ritter, C., Herwig, F., Jones, S., et al. 2018b, MNRAS, 480, 538, doi: 10.1093/mnras/sty1729"
Ri18_m20,20.0,0.02,Zr,1.52268001598e-06,,Ri18,iniab2.0E-02GN93,"Ritter, C., Herwig, F., Jones, S., et al. 2018b, MNRAS, 480, 538, doi: 10.1093/mnras/sty1729"
Ri18_m25,25.0,0.02,Ag,1.02386256435e-08,,Ri18,iniab2.0E-02GN93,"Ritter, C., Herwig, F., Jones, S., et al. 2018b, MNRAS, 480, 538, doi: 10.1093/mnras/sty1729"
Ri18_m25,25.0,0.02,Al,0.00332197027916,,Ri18,iniab2.0E-02GN93,"Ritter, C., Herwig, F., Jones, S., et al. 2018b, MNRAS, 480, 538, doi: 10.1093/mnras/sty1729"
Ri18_m25,25.0,0.02,Ar,0.00112356761534,,Ri18,iniab2.0E-02GN93,"Ritter, C., Herwig, F., Jones, S., et al. 2018b, MNRAS, 480, 538, doi: 10.1093/mnras/sty1729"
Ri18_m25,25.0,0.02,As,4.87544635917e-06,,Ri18,iniab2.0E-02GN93,"Ritter, C., Herwig, F., Jones, S., et al. 2018b, MNRAS, 480, 538, doi: 10.1093/mnras/sty1729"
Ri18_m25,25.0,0.02,Au,7.66694250737e-09,,Ri18,iniab2.0E-02GN93,"Ritter, C., Herwig, F., Jones, S., et al. 2018b, MNRAS, 480, 538, doi: 10.1093/mnras/sty1729"
Ri18_m25,25.0,0.02,B,1.0691490463e-08,,Ri18,iniab2.0E-02GN93,"Ritter, C., Herwig, F., Jones, S., et al. 2018b, MNRAS, 480, 538, doi: 10.1093/mnras/sty1729"
Ri18_m25,25.0,0.02,Ba,1.86177122257e-07,,Ri18,iniab2.0E-02GN93,"Ritter, C., Herwig, F., Jones, S., et al. 2018b, MNRAS, 480, 538, doi: 10.1093/mnras/sty1729"
Ri18_m25,25.0,0.02,Be,8.48757438968e-12,,Ri18,iniab2.0E-02GN93,"Ritter, C., Herwig, F., Jones, S., et al. 2018b, MNRAS, 480, 538, doi: 10.1093/mnras/sty1729"
Ri18_m25,25.0,0.02,Bi,6.55576675337e-09,,Ri18,iniab2.0E-02GN93,"Ritter, C., Herwig, F., Jones, S., et al. 2018b, MNRAS, 480, 538, doi: 10.1093/mnras/sty1729"
Ri18_m25,25.0,0.02,Br,1.78576444722e-06,,Ri18,iniab2.0E-02GN93,"Ritter, C., Herwig, F., Jones, S., et al. 2018b, MNRAS, 480, 538, doi: 10.1093/mnras/sty1729"
Ri18_m25,25.0,0.02,C,0.20329081121,,Ri18,iniab2.0E-02GN93,"Ritter, C., Herwig, F., Jones, S., et al. 2018b, MNRAS, 480, 538, doi: 10.1093/mnras/sty1729"
Ri18_m25,25.0,0.02,Ca,0.000405382024924,,Ri18,iniab2.0E-02GN93,"Ritter, C., Herwig, F., Jones, S., et al. 2018b, MNRAS, 480, 538, doi: 10.1093/mnras/sty1729"
Ri18_m25,25.0,0.02,Cd,4.12205630637e-08,,Ri18,iniab2.0E-02GN93,"Ritter, C., Herwig, F., Jones, S., et al. 2018b, MNRAS, 480, 538, doi: 10.1093/mnras/sty1729"
Ri18_m25,25.0,0.02,Ce,4.61005987259e-08,,Ri18,iniab2.0E-02GN93,"Ritter, C., Herwig, F., Jones, S., et al. 2018b, MNRAS, 480, 538, doi: 10.1093/mnras/sty1729"
Ri18_m25,25.0,0.02,Cl,0.000658493656995,,Ri18,iniab2.0E-02GN93,"Ritter, C., Herwig, F., Jones, S., et al. 2018b, MNRAS, 480, 538, doi: 10.1093/mnras/sty1729"
Ri18_m25,25.0,0.02,Co,0.000440618316891,,Ri18,iniab2.0E-02GN93,"Ritter, C., Herwig, F., Jones, S., et al. 2018b, MNRAS, 480, 538, doi: 10.1093/mnras/sty1729"
Ri18_m25,25.0,0.02,Cr,0.000123567239783,,Ri18,iniab2.0E-02GN93,"Ritter, C., Herwig, F., Jones, S., et al. 2018b, MNRAS, 480, 538, doi: 10.1093/mnras/sty1729"
Ri18_m25,25.0,0.02,Cs,9.08521304791e-09,,Ri18,iniab2.0E-02GN93,"Ritter, C., Herwig, F., Jones, S., et al. 2018b, MNRAS, 480, 538, doi: 10.1093/mnras/sty1729"
Ri18_m25,25.0,0.02,Cu,0.000161219381153,,Ri18,iniab2.0E-02GN93,"Ritter, C., Herwig, F., Jones, S., et al. 2018b, MNRAS, 480, 538, doi: 10.1093/mnras/sty1729"
Ri18_m25,25.0,0.02,Dy,1.00372415961e-08,,Ri18,iniab2.0E-02GN93,"Ritter, C., Herwig, F., Jones, S., et al. 2018b, MNRAS, 480, 538, doi: 10.1093/mnras/sty1729"
Ri18_m25,25.0,0.02,Er,8.39244192538e-09,,Ri18,iniab2.0E-02GN93,"Ritter, C., Herwig, F., Jones, S., et al. 2018b, MNRAS, 480, 538, doi: 10.1093/mnras/sty1729"
Ri18_m25,25.0,0.02,Eu,3.88907965531e-09,,Ri18,iniab2.0E-02GN93,"Ritter, C., Herwig, F., Jones, S., et al. 2018b, MNRAS, 480, 538, doi: 10.1093/mnras/sty1729"
Ri18_m25,25.0,0.02,F,9.01129172842e-06,,Ri18,iniab2.0E-02GN93,"Ritter, C., Herwig, F., Jones, S., et al. 2018b, MNRAS, 480, 538, doi: 10.1093/mnras/sty1729"
Ri18_m25,25.0,0.02,Fe,0.00883359957197,,Ri18,iniab2.0E-02GN93,"Ritter, C., Herwig, F., Jones, S., et al. 2018b, MNRAS, 480, 538, doi: 10.1093/mnras/sty1729"
Ri18_m25,25.0,0.02,Ga,1.9652745819e-05,,Ri18,iniab2.0E-02GN93,"Ritter, C., Herwig, F., Jones, S., et al. 2018b, MNRAS, 480, 538, doi: 10.1093/mnras/sty1729"
Ri18_m25,25.0,0.02,Gd,1.09892496264e-08,,Ri18,iniab2.0E-02GN93,"Ritter, C., Herwig, F., Jones, S., et al. 2018b, MNRAS, 480, 538, doi: 10.1093/mnras/sty1729"
Ri18_m25,25.0,0.02,Ge,5.0525987614e-05,,Ri18,iniab2.0E-02GN93,"Ritter, C., Herwig, F., Jones, S., et al. 2018b, MNRAS, 480, 538, doi: 10.1093/mnras/sty1729"
Ri18_m25,25.0,0.02,H,1.84035940696,,Ri18,iniab2.0E-02GN93,"Ritter, C., Herwig, F., Jones, S., et al. 2018b, MNRAS, 480, 538, doi: 10.1093/mnras/sty1729"
Ri18_m25,25.0,0.02,He,3.782725008,,Ri18,iniab2.0E-02GN93,"Ritter, C., Herwig, F., Jones, S., et al. 2018b, MNRAS, 480, 538, doi: 10.1093/mnras/sty1729"
Ri18_m25,25.0,0.02,Hf,6.84169311486e-09,,Ri18,iniab2.0E-02GN93,"Ritter, C., Herwig, F., Jones, S., et al. 2018b, MNRAS, 480, 538, doi: 10.1093/mnras/sty1729"
Ri18_m25,25.0,0.02,Hg,2.24198230987e-08,,Ri18,iniab2.0E-02GN93,"Ritter, C., Herwig, F., Jones, S., et al. 2018b, MNRAS, 480, 538, doi: 10.1093/mnras/sty1729"
Ri18_m25,25.0,0.02,Ho,2.85014769554e-09,,Ri18,iniab2.0E-02GN93,"Ritter, C., Herwig, F., Jones, S., et al. 2018b, MNRAS, 480, 538, doi: 10.1093/mnras/sty1729"
Ri18_m25,25.0,0.02,I,8.93311495235e-09,,Ri18,iniab2.0E-02GN93,"Ritter, C., Herwig, F., Jones, S., et al. 2018b, MNRAS, 480, 538, doi: 10.1093/mnras/sty1729"
Ri18_m25,25.0,0.02,In,6.28987093452e-09,,Ri18,iniab2.0E-02GN93,"Ritter, C., Herwig, F., Jones, S., et al. 2018b, MNRAS, 480, 538, doi: 10.1093/mnras/sty1729"
Ri18_m25,25.0,0.02,Ir,1.65247861173e-08,,Ri18,iniab2.0E-02GN93,"Ritter, C., Herwig, F., Jones, S., et al. 2018b, MNRAS, 480, 538, doi: 10.1093/mnras/sty1729"
Ri18_m25,25.0,0.02,K,6.73401048354e-05,,Ri18,iniab2.0E-02GN93,"Ritter, C., Herwig, F., Jones, S., et al. 2018b, MNRAS, 480, 538, doi: 10.1093/mnras/sty1729"
Ri18_m25,25.0,0.02,Kr,1.01980290851e-05,,Ri18,iniab2.0E-02GN93,"Ritter, C., Herwig, F., Jones, S., et al. 2018b, MNRAS, 480, 538, doi: 10.1093/mnras/sty1729"
Ri18_m25,25.0,0.02,La,2.14000936944e-08,,Ri18,iniab2.0E-02GN93,"Ritter, C., Herwig, F., Jones, S., et al. 2018b, MNRAS, 480, 538, doi: 10.1093/mnras/sty1729"
Ri18_m25,25.0,0.02,Li,4.62571889175e-13,,Ri18,iniab2.0E-02GN93,"Ritter, C., Herwig, F., Jones, S., et al. 2018b, MNRAS, 480, 538, doi: 10.1093/mnras/sty1729"
Ri18_m25,25.0,0.02,Lu,2.10480156667e-09,,Ri18,iniab2.0E-02GN93,"Ritter, C., Herwig, F., Jones, S., et al. 2018b, MNRAS, 480, 538, doi: 10.1093/mnras/sty1729"
Ri18_m25,25.0,0.02,Mg,0.0980603048676,,Ri18,iniab2.0E-02GN93,"Ritter, C., Herwig, F., Jones, S., et al. 2018b, MNRAS, 480, 538, doi: 10.1093/mnras/sty1729"
Ri18_m25,25.0,0.02,Mn,6.05589100699e-05,,Ri18,iniab2.0E-02GN93,"Ritter, C., Herwig, F., Jones, S., et al. 2018b, MNRAS, 480, 538, doi: 10.1093/mnras/sty1729"
Ri18_m25,25.0,0.02,Mo,8.8095114058e-08,,Ri18,iniab2.0E-02GN93,"Ritter, C., Herwig, F., Jones, S., et al. 2018b, MNRAS, 480, 538, doi: 10.1093/mnras/sty1729"
Ri18_m25,25.0,0.02,N,0.0343191322041,,Ri18,iniab2.0E-02GN93,"Ritter, C., Herwig, F., Jones, S., et al. 2018b, MNRAS, 480, 538, doi: 10.1093/mnras/sty1729"
Ri18_m25,25.0,0.02,Na,0.00327217340536,,Ri18,iniab2.0E-02GN93,"Ritter, C., Herwig, F., Jones, S., et al. 2018b, MNRAS, 480, 538, doi: 10.1093/mnras/sty1729"
Ri18_m25,25.0,0.02,Nb,2.05299085401e-08,,Ri18,iniab2.0E-02GN93,"Ritter, C., Herwig, F., Jones, S., et al. 2018b, MNRAS, 480, 538, doi: 10.1093/mnras/sty1729"
Ri18_m25,25.0,0.02,Nd,2.64625148163e-08,,Ri18,iniab2.0E-02GN93,"Ritter, C., Herwig, F., Jones, S., et al. 2018b, MNRAS, 480, 538, doi: 10.1093/mnras/sty1729"
Ri18_m25,25.0,0.02,Ne,0.200163294892,,Ri18,iniab2.0E-02GN93,"Ritter, C., Herwig, F., Jones, S., et al. 2018b, MNRAS, 480, 538, doi: 10.1093/mnras/sty1729"
Ri18_m25,25.0,0.02,Ni,0.00151814451697,,Ri18,iniab2.0E-02GN93,"Ritter, C., Herwig, F., Jones, S., et al. 2018b, MNRAS, 480, 538, doi: 10.1093/mnras/sty1729"
Ri18_m25,25.0,0.02,O,0.839020483317,,Ri18,iniab2.0E-02GN93,"Ritter, C., Herwig, F., Jones, S., et al. 2018b, MNRAS, 480, 538, doi: 10.1093/mnras/sty1729"
Ri18_m25,25.0,0.02,Os,2.03709425145e-08,,Ri18,iniab2.0E-02GN93,"Ritter, C., Herwig, F., Jones, S., et al. 2018b, MNRAS, 480, 538, doi: 10.1093/mnras/sty1729"
Ri18_m25,25.0,0.02,P,0.00176326897659,,Ri18,iniab2.0E-02GN93,"Ritter, C., Herwig, F., Jones, S., et al. 2018b, MNRAS, 480, 538, doi: 10.1093/mnras/sty1729"
Ri18_m25,25.0,0.02,Pb,1.53850527453e-07,,Ri18,iniab2.0E-02GN93,"Ritter, C., Herwig, F., Jones, S., et al. 2018b, MNRAS, 480, 538, doi: 10.1093/mnras/sty1729"
Ri18_m25,25.0,0.02,Pd,3.80909326579e-08,,Ri18,iniab2.0E-02GN93,"Ritter, C., Herwig, F., Jones, S., et al. 2018b, MNRAS, 480, 538, doi: 10.1093/mnras/sty1729"
Ri18_m25,25.0,0.02,Pm,2.72012116418e-09,,Ri18,iniab2.0E-02GN93,"Ritter, C., Herwig, F., Jones, S., et al. 2018b, MNRAS, 480, 538, doi: 10.1093/mnras/sty1729"
Ri18_m25,25.0,0.02,Po,8.91497030662e-12,,Ri18,iniab2.0E-02GN93,"Ritter, C., Herwig, F., Jones, S., et al. 2018b, MNRAS, 480, 538, doi: 10.1093/mnras/sty1729"
Ri18_m25,25.0,0.02,Pr,6.80218129459e-09,,Ri18,iniab2.0E-02GN93,"Ritter, C., Herwig, F., Jones, S., et al. 2018b, MNRAS, 480, 538, doi: 10.1093/mnras/sty1729"
Ri18_m25,25.0,0.02,Pt,4.99437872168e-08,,Ri18,iniab2.0E-02GN93,"Ritter, C., Herwig, F., Jones, S., et al. 2018b, MNRAS, 480, 538, doi: 10.1093/mnras/sty1729"
Ri18_m25,25.0,0.02,Rb,7.16874566853e-07,,Ri18,iniab2.0E-02GN93,"Ritter, C., Herwig, F., Jones, S., et al. 2018b, MNRAS, 480, 538, doi: 10.1093/mnras/sty1729"
Ri18_m25,25.0,0.02,Re,1.94482710139e-09,,Ri18,iniab2.0E-02GN93,"Ritter, C., Herwig, F., Jones, S., et al. 2018b, MNRAS, 480, 538, doi: 10.1093/mnras/sty1729"
Ri18_m25,25.0,0.02,Rh,6.63935496397e-09,,Ri18,iniab2.0E-02GN93,"Ritter, C., Herwig, F., Jones, S., et al. 2018b, MNRAS, 480, 538, doi: 10.1093/mnras/sty1729"
Ri18_m25,25.0,0.02,Ru,4.39391490663e-08,,Ri18,iniab2.0E-02GN93,"Ritter, C., Herwig, F., Jones, S., et al. 2018b, MNRAS, 480, 538, doi: 10.1093/mnras/sty1729"
Ri18_m25,25.0,0.02,S,0.0162495677976,,Ri18,iniab2.0E-02GN93,"Ritter, C., Herwig, F., Jones, S., et al. 2018b, MNRAS, 480, 538, doi: 10.1093/mnras/sty1729"
Ri18_m25,25.0,0.02,Sb,8.43995447118e-09,,Ri18,iniab2.0E-02GN93,"Ritter, C., Herwig, F., Jones, S., et al. 2018b, MNRAS, 480, 538, doi: 10.1093/mnras/sty1729"
Ri18_m25,25.0,0.02,Sc,2.37028966878e-06,,Ri18,iniab2.0E-02GN93,"Ritter, C., Herwig, F., Jones, S., et al. 2018b, MNRAS, 480, 538, doi: 10.1093/mnras/sty1729"
Ri18_m25,25.0,0.02,Se,1.23374509634e-05,,Ri18,iniab2.0E-02GN93,"Ritter, C., Herwig, F., Jones, S., et al. 2018b, MNRAS, 480, 538, doi: 10.1093/mnras/sty1729"
Ri18_m25,25.0,0.02,Si,0.0589224492835,,Ri18,iniab2.0E-02GN93,"Ritter, C., Herwig, F., Jones, S., et al. 2018b, MNRAS, 480, 538, doi: 10.1093/mnras/sty1729"
Ri18_m25,25.0,0.02,Sm,9.21874797023e-09,,Ri18,iniab2.0E-02GN93,"Ritter, C., Herwig, F., Jones, S., et al. 2018b, MNRAS, 480, 538, doi: 10.1093/mnras/sty1729"
Ri18_m25,25.0,0.02,Sn,1.26944730085e-07,,Ri18,iniab2.0E-02GN93,"Ritter, C., Herwig, F., Jones, S., et al. 2018b, MNRAS, 480, 538, doi: 10.1093/mnras/sty1729"
Ri18_m25,25.0,0.02,Sr,3.8443344423e-06,,Ri18,iniab2.0E-02GN93,"Ritter, C., Herwig, F., Jones, S., et al. 2018b, MNRAS, 480, 538, doi: 10.1093/mnras/sty1729"
Ri18_m25,25.0,0.02,Ta,1.93528631775e-09,,Ri18,iniab2.0E-02GN93,"Ritter, C., Herwig, F., Jones, S., et al. 2018b, MNRAS, 480, 538, doi: 10.1093/mnras/sty1729"
Ri18_m25,25.0,0.02,Tb,2.67567975554e-09,,Ri18,iniab2.0E-02GN93,"Ritter, C., Herwig, F., Jones, S., et al. 2018b, MNRAS, 480, 538, doi: 10.1093/mnras/sty1729"
Ri18_m25,25.0,0.02,Tc,1.22679715122e-08,,Ri18,iniab2.0E-02GN93,"Ritter, C., Herwig, F., Jones, S., et al. 2018b, MNRAS, 480, 538, doi: 10.1093/mnras/sty1729"
Ri18_m25,25.0,0.02,Te,1.15487761591e-07,,Ri18,iniab2.0E-02GN93,"Ritter, C., Herwig, F., Jones, S., et al. 2018b, MNRAS, 480, 538, doi: 10.1093/mnras/sty1729"
Ri18_m25,25.0,0.02,Ti,3.24329466914e-05,,Ri18,iniab2.0E-02GN93,"Ritter, C., Herwig, F., Jones, S., et al. 2018b, MNRAS, 480, 538, doi: 10.1093/mnras/sty1729"
Ri18_m25,25.0,0.02,Tl,7.45646083894e-09,,Ri18,iniab2.0E-02GN93,"Ritter, C., Herwig, F., Jones, S., et al. 2018b, MNRAS, 480, 538, doi: 10.1093/mnras/sty1729"
Ri18_m25,25.0,0.02,Tm,2.00508060678e-09,,Ri18,iniab2.0E-02GN93,"Ritter, C., Herwig, F., Jones, S., et al. 2018b, MNRAS, 480, 538, doi: 10.1093/mnras/sty1729"
Ri18_m25,25.0,0.02,V,3.8533819461e-06,,Ri18,iniab2.0E-02GN93,"Ritter, C., Herwig, F., Jones, S., et al. 2018b, MNRAS, 480, 538, doi: 10.1093/mnras/sty1729"
Ri18_m25,25.0,0.02,W,5.84288484897e-09,,Ri18,iniab2.0E-02GN93,"Ritter, C., Herwig, F., Jones, S., et al. 2018b, MNRAS, 480, 538, doi: 10.1093/mnras/sty1729"
Ri18_m25,25.0,0.02,Xe,1.26653046283e-07,,Ri18,iniab2.0E-02GN93,"Ritter, C., Herwig, F., Jones, S., et al. 2018b, MNRAS, 480, 538, doi: 10.1093/mnras/sty1729"
Ri18_m25,25.0,0.02,Y,3.8458838315e-07,,Ri18,iniab2.0E-02GN93,"Ritter, C., Herwig, F., Jones, S., et al. 2018b, MNRAS, 480, 538, doi: 10.1093/mnras/sty1729"
Ri18_m25,25.0,0.02,Yb,9.05677417536e-09,,Ri18,iniab2.0E-02GN93,"Ritter, C., Herwig, F., Jones, S., et al. 2018b, MNRAS, 480, 538, doi: 10.1093/mnras/sty1729"
Ri18_m25,25.0,0.02,Zn,0.000213978456944,,Ri18,iniab2.0E-02GN93,"Ritter, C., Herwig, F., Jones, S., et al. 2018b, MNRAS, 480, 538, doi: 10.1093/mnras/sty1729"
Ri18_m25,25.0,0.02,Zr,5.30090531295e-07,,Ri18,iniab2.0E-02GN93,"Ritter, C., Herwig, F., Jones, S., et al. 2018b, MNRAS, 480, 538, doi: 10.1093/mnras/sty1729"
Si18_m15,15.0,0.013000000000000001,Ag,2.17327760931e-09,,Si18,iniab1.3E-02Lo03_Lo03_merged,"Sieverding, A., Martinez-Pinedo, G., Huther, L., Langanke, K., & Heger, A. 2018, ApJ, 865, 143, doi: 10.3847/1538-4357/aadd48"
Si18_m15,15.0,0.013000000000000001,Al,0.00346895761007,,Si18,iniab1.3E-02Lo03_Lo03_merged,"Sieverding, A., Martinez-Pinedo, G., Huther, L., Langanke, K., & Heger, A. 2018, ApJ, 865, 143, doi: 10.3847/1538-4357/aadd48"
Si18_m15,15.0,0.013000000000000001,Ar,0.00521483801841,,Si18,iniab1.3E-02Lo03_Lo03_merged,"Sieverding, A., Martinez-Pinedo, G., Huther, L., Langanke, K., & Heger, A. 2018, ApJ, 865, 143, doi: 10.3847/1538-4357/aadd48"
Si18_m15,15.0,0.013000000000000001,As,1.28190688601e-06,,Si18,iniab1.3E-02Lo03_Lo03_merged,"Sieverding, A., Martinez-Pinedo, G., Huther, L., Langanke, K., & Heger, A. 2018, ApJ, 865, 143, doi: 10.3847/1538-4357/aadd48"
Si18_m15,15.0,0.013000000000000001,Au,2.10119528914e-09,,Si18,iniab1.3E-02Lo03_Lo03_merged,"Sieverding, A., Martinez-Pinedo, G., Huther, L., Langanke, K., & Heger, A. 2018, ApJ, 865, 143, doi: 10.3847/1538-4357/aadd48"
Si18_m15,15.0,0.013000000000000001,B,5.1817504141e-08,,Si18,iniab1.3E-02Lo03_Lo03_merged,"Sieverding, A., Martinez-Pinedo, G., Huther, L., Langanke, K., & Heger, A. 2018, ApJ, 865, 143, doi: 10.3847/1538-4357/aadd48"
Si18_m15,15.0,0.013000000000000001,Ba,6.165055506e-08,,Si18,iniab1.3E-02Lo03_Lo03_merged,"Sieverding, A., Martinez-Pinedo, G., Huther, L., Langanke, K., & Heger, A. 2018, ApJ, 865, 143, doi: 10.3847/1538-4357/aadd48"
Si18_m15,15.0,0.013000000000000001,Be,2.58301109365e-08,,Si18,iniab1.3E-02Lo03_Lo03_merged,"Sieverding, A., Martinez-Pinedo, G., Huther, L., Langanke, K., & Heger, A. 2018, ApJ, 865, 143, doi: 10.3847/1538-4357/aadd48"
Si18_m15,15.0,0.013000000000000001,Bi,2.05123311581e-09,,Si18,iniab1.3E-02Lo03_Lo03_merged,"Sieverding, A., Martinez-Pinedo, G., Huther, L., Langanke, K., & Heger, A. 2018, ApJ, 865, 143, doi: 10.3847/1538-4357/aadd48"
Si18_m15,15.0,0.013000000000000001,Br,3.72515308681e-07,,Si18,iniab1.3E-02Lo03_Lo03_merged,"Sieverding, A., Martinez-Pinedo, G., Huther, L., Langanke, K., & Heger, A. 2018, ApJ, 865, 143, doi: 10.3847/1538-4357/aadd48"
Si18_m15,15.0,0.013000000000000001,C,0.11723623252,,Si18,iniab1.3E-02Lo03_Lo03_merged,"Sieverding, A., Martinez-Pinedo, G., Huther, L., Langanke, K., & Heger, A. 2018, ApJ, 865, 143, doi: 10.3847/1538-4357/aadd48"
Si18_m15,15.0,0.013000000000000001,Ca,0.00405216265144,,Si18,iniab1.3E-02Lo03_Lo03_merged,"Sieverding, A., Martinez-Pinedo, G., Huther, L., Langanke, K., & Heger, A. 2018, ApJ, 865, 143, doi: 10.3847/1538-4357/aadd48"
Si18_m15,15.0,0.013000000000000001,Cd,1.37606607536e-08,,Si18,iniab1.3E-02Lo03_Lo03_merged,"Sieverding, A., Martinez-Pinedo, G., Huther, L., Langanke, K., & Heger, A. 2018, ApJ, 865, 143, doi: 10.3847/1538-4357/aadd48"
Si18_m15,15.0,0.013000000000000001,Ce,1.3896135956e-08,,Si18,iniab1.3E-02Lo03_Lo03_merged,"Sieverding, A., Martinez-Pinedo, G., Huther, L., Langanke, K., & Heger, A. 2018, ApJ, 865, 143, doi: 10.3847/1538-4357/aadd48"
Si18_m15,15.0,0.013000000000000001,Cl,9.05491505916e-05,,Si18,iniab1.3E-02Lo03_Lo03_merged,"Sieverding, A., Martinez-Pinedo, G., Huther, L., Langanke, K., & Heger, A. 2018, ApJ, 865, 143, doi: 10.3847/1538-4357/aadd48"
Si18_m15,15.0,0.013000000000000001,Co,0.000501248645635,,Si18,iniab1.3E-02Lo03_Lo03_merged,"Sieverding, A., Martinez-Pinedo, G., Huther, L., Langanke, K., & Heger, A. 2018, ApJ, 865, 143, doi: 10.3847/1538-4357/aadd48"
Si18_m15,15.0,0.013000000000000001,Cr,0.000195942361381,,Si18,iniab1.3E-02Lo03_Lo03_merged,"Sieverding, A., Martinez-Pinedo, G., Huther, L., Langanke, K., & Heger, A. 2018, ApJ, 865, 143, doi: 10.3847/1538-4357/aadd48"
Si18_m15,15.0,0.013000000000000001,Cs,5.55101821408e-09,,Si18,iniab1.3E-02Lo03_Lo03_merged,"Sieverding, A., Martinez-Pinedo, G., Huther, L., Langanke, K., & Heger, A. 2018, ApJ, 865, 143, doi: 10.3847/1538-4357/aadd48"
Si18_m15,15.0,0.013000000000000001,Cu,0.00110872403786,,Si18,iniab1.3E-02Lo03_Lo03_merged,"Sieverding, A., Martinez-Pinedo, G., Huther, L., Langanke, K., & Heger, A. 2018, ApJ, 865, 143, doi: 10.3847/1538-4357/aadd48"
Si18_m15,15.0,0.013000000000000001,Dy,3.62389449773e-09,,Si18,iniab1.3E-02Lo03_Lo03_merged,"Sieverding, A., Martinez-Pinedo, G., Huther, L., Langanke, K., & Heger, A. 2018, ApJ, 865, 143, doi: 10.3847/1538-4357/aadd48"
Si18_m15,15.0,0.013000000000000001,Er,2.7684818627e-09,,Si18,iniab1.3E-02Lo03_Lo03_merged,"Sieverding, A., Martinez-Pinedo, G., Huther, L., Langanke, K., & Heger, A. 2018, ApJ, 865, 143, doi: 10.3847/1538-4357/aadd48"
Si18_m15,15.0,0.013000000000000001,Eu,4.38569530856e-10,,Si18,iniab1.3E-02Lo03_Lo03_merged,"Sieverding, A., Martinez-Pinedo, G., Huther, L., Langanke, K., & Heger, A. 2018, ApJ, 865, 143, doi: 10.3847/1538-4357/aadd48"
Si18_m15,15.0,0.013000000000000001,F,2.69831144244e-05,,Si18,iniab1.3E-02Lo03_Lo03_merged,"Sieverding, A., Martinez-Pinedo, G., Huther, L., Langanke, K., & Heger, A. 2018, ApJ, 865, 143, doi: 10.3847/1538-4357/aadd48"
Si18_m15,15.0,0.013000000000000001,Fe,0.00652112986228,,Si18,iniab1.3E-02Lo03_Lo03_merged,"Sieverding, A., Martinez-Pinedo, G., Huther, L., Langanke, K., & Heger, A. 2018, ApJ, 865, 143, doi: 10.3847/1538-4357/aadd48"
Si18_m15,15.0,0.013000000000000001,Ga,0.000119485061637,,Si18,iniab1.3E-02Lo03_Lo03_merged,"Sieverding, A., Martinez-Pinedo, G., Huther, L., Langanke, K., & Heger, A. 2018, ApJ, 865, 143, doi: 10.3847/1538-4357/aadd48"
Si18_m15,15.0,0.013000000000000001,Gd,3.26124223574e-09,,Si18,iniab1.3E-02Lo03_Lo03_merged,"Sieverding, A., Martinez-Pinedo, G., Huther, L., Langanke, K., & Heger, A. 2018, ApJ, 865, 143, doi: 10.3847/1538-4357/aadd48"
Si18_m15,15.0,0.013000000000000001,Ge,4.77393331877e-05,,Si18,iniab1.3E-02Lo03_Lo03_merged,"Sieverding, A., Martinez-Pinedo, G., Huther, L., Langanke, K., & Heger, A. 2018, ApJ, 865, 143, doi: 10.3847/1538-4357/aadd48"
Si18_m15,15.0,0.013000000000000001,He,1.65643250717,,Si18,iniab1.3E-02Lo03_Lo03_merged,"Sieverding, A., Martinez-Pinedo, G., Huther, L., Langanke, K., & Heger, A. 2018, ApJ, 865, 143, doi: 10.3847/1538-4357/aadd48"
Si18_m15,15.0,0.013000000000000001,Hf,2.64527557405e-09,,Si18,iniab1.3E-02Lo03_Lo03_merged,"Sieverding, A., Martinez-Pinedo, G., Huther, L., Langanke, K., & Heger, A. 2018, ApJ, 865, 143, doi: 10.3847/1538-4357/aadd48"
Si18_m15,15.0,0.013000000000000001,Hg,8.89932255907e-09,,Si18,iniab1.3E-02Lo03_Lo03_merged,"Sieverding, A., Martinez-Pinedo, G., Huther, L., Langanke, K., & Heger, A. 2018, ApJ, 865, 143, doi: 10.3847/1538-4357/aadd48"
Si18_m15,15.0,0.013000000000000001,Ho,5.6431168603e-10,,Si18,iniab1.3E-02Lo03_Lo03_merged,"Sieverding, A., Martinez-Pinedo, G., Huther, L., Langanke, K., & Heger, A. 2018, ApJ, 865, 143, doi: 10.3847/1538-4357/aadd48"
Si18_m15,15.0,0.013000000000000001,I,4.87462052482e-09,,Si18,iniab1.3E-02Lo03_Lo03_merged,"Sieverding, A., Martinez-Pinedo, G., Huther, L., Langanke, K., & Heger, A. 2018, ApJ, 865, 143, doi: 10.3847/1538-4357/aadd48"
Si18_m15,15.0,0.013000000000000001,In,8.93136875242e-10,,Si18,iniab1.3E-02Lo03_Lo03_merged,"Sieverding, A., Martinez-Pinedo, G., Huther, L., Langanke, K., & Heger, A. 2018, ApJ, 865, 143, doi: 10.3847/1538-4357/aadd48"
Si18_m15,15.0,0.013000000000000001,Ir,5.7651766673e-09,,Si18,iniab1.3E-02Lo03_Lo03_merged,"Sieverding, A., Martinez-Pinedo, G., Huther, L., Langanke, K., & Heger, A. 2018, ApJ, 865, 143, doi: 10.3847/1538-4357/aadd48"
Si18_m15,15.0,0.013000000000000001,K,5.15111370158e-05,,Si18,iniab1.3E-02Lo03_Lo03_merged,"Sieverding, A., Martinez-Pinedo, G., Huther, L., Langanke, K., & Heger, A. 2018, ApJ, 865, 143, doi: 10.3847/1538-4357/aadd48"
Si18_m15,15.0,0.013000000000000001,Kr,1.93820480876e-06,,Si18,iniab1.3E-02Lo03_Lo03_merged,"Sieverding, A., Martinez-Pinedo, G., Huther, L., Langanke, K., & Heger, A. 2018, ApJ, 865, 143, doi: 10.3847/1538-4357/aadd48"
Si18_m15,15.0,0.013000000000000001,La,5.39215417509e-09,,Si18,iniab1.3E-02Lo03_Lo03_merged,"Sieverding, A., Martinez-Pinedo, G., Huther, L., Langanke, K., & Heger, A. 2018, ApJ, 865, 143, doi: 10.3847/1538-4357/aadd48"
Si18_m15,15.0,0.013000000000000001,Li,1.21655092045e-08,,Si18,iniab1.3E-02Lo03_Lo03_merged,"Sieverding, A., Martinez-Pinedo, G., Huther, L., Langanke, K., & Heger, A. 2018, ApJ, 865, 143, doi: 10.3847/1538-4357/aadd48"
Si18_m15,15.0,0.013000000000000001,Lu,3.47964596361e-10,,Si18,iniab1.3E-02Lo03_Lo03_merged,"Sieverding, A., Martinez-Pinedo, G., Huther, L., Langanke, K., & Heger, A. 2018, ApJ, 865, 143, doi: 10.3847/1538-4357/aadd48"
Si18_m15,15.0,0.013000000000000001,Mg,0.0400011671367,,Si18,iniab1.3E-02Lo03_Lo03_merged,"Sieverding, A., Martinez-Pinedo, G., Huther, L., Langanke, K., & Heger, A. 2018, ApJ, 865, 143, doi: 10.3847/1538-4357/aadd48"
Si18_m15,15.0,0.013000000000000001,Mn,6.36848483189e-05,,Si18,iniab1.3E-02Lo03_Lo03_merged,"Sieverding, A., Martinez-Pinedo, G., Huther, L., Langanke, K., & Heger, A. 2018, ApJ, 865, 143, doi: 10.3847/1538-4357/aadd48"
Si18_m15,15.0,0.013000000000000001,Mo,1.73616932703e-08,,Si18,iniab1.3E-02Lo03_Lo03_merged,"Sieverding, A., Martinez-Pinedo, G., Huther, L., Langanke, K., & Heger, A. 2018, ApJ, 865, 143, doi: 10.3847/1538-4357/aadd48"
Si18_m15,15.0,0.013000000000000001,N,0.0118909739291,,Si18,iniab1.3E-02Lo03_Lo03_merged,"Sieverding, A., Martinez-Pinedo, G., Huther, L., Langanke, K., & Heger, A. 2018, ApJ, 865, 143, doi: 10.3847/1538-4357/aadd48"
Si18_m15,15.0,0.013000000000000001,Na,0.000607019430247,,Si18,iniab1.3E-02Lo03_Lo03_merged,"Sieverding, A., Martinez-Pinedo, G., Huther, L., Langanke, K., & Heger, A. 2018, ApJ, 865, 143, doi: 10.3847/1538-4357/aadd48"
Si18_m15,15.0,0.013000000000000001,Nb,2.98229130918e-09,,Si18,iniab1.3E-02Lo03_Lo03_merged,"Sieverding, A., Martinez-Pinedo, G., Huther, L., Langanke, K., & Heger, A. 2018, ApJ, 865, 143, doi: 10.3847/1538-4357/aadd48"
Si18_m15,15.0,0.013000000000000001,Nd,7.54324798233e-09,,Si18,iniab1.3E-02Lo03_Lo03_merged,"Sieverding, A., Martinez-Pinedo, G., Huther, L., Langanke, K., & Heger, A. 2018, ApJ, 865, 143, doi: 10.3847/1538-4357/aadd48"
Si18_m15,15.0,0.013000000000000001,Ne,0.0505132452822,,Si18,iniab1.3E-02Lo03_Lo03_merged,"Sieverding, A., Martinez-Pinedo, G., Huther, L., Langanke, K., & Heger, A. 2018, ApJ, 865, 143, doi: 10.3847/1538-4357/aadd48"
Si18_m15,15.0,0.013000000000000001,Ni,0.110084027868,,Si18,iniab1.3E-02Lo03_Lo03_merged,"Sieverding, A., Martinez-Pinedo, G., Huther, L., Langanke, K., & Heger, A. 2018, ApJ, 865, 143, doi: 10.3847/1538-4357/aadd48"
Si18_m15,15.0,0.013000000000000001,O,0.438429781118,,Si18,iniab1.3E-02Lo03_Lo03_merged,"Sieverding, A., Martinez-Pinedo, G., Huther, L., Langanke, K., & Heger, A. 2018, ApJ, 865, 143, doi: 10.3847/1538-4357/aadd48"
Si18_m15,15.0,0.013000000000000001,Os,4.23766504486e-09,,Si18,iniab1.3E-02Lo03_Lo03_merged,"Sieverding, A., Martinez-Pinedo, G., Huther, L., Langanke, K., & Heger, A. 2018, ApJ, 865, 143, doi: 10.3847/1538-4357/aadd48"
Si18_m15,15.0,0.013000000000000001,P,0.000584579892719,,Si18,iniab1.3E-02Lo03_Lo03_merged,"Sieverding, A., Martinez-Pinedo, G., Huther, L., Langanke, K., & Heger, A. 2018, ApJ, 865, 143, doi: 10.3847/1538-4357/aadd48"
Si18_m15,15.0,0.013000000000000001,Pb,5.59347753641e-08,,Si18,iniab1.3E-02Lo03_Lo03_merged,"Sieverding, A., Martinez-Pinedo, G., Huther, L., Langanke, K., & Heger, A. 2018, ApJ, 865, 143, doi: 10.3847/1538-4357/aadd48"
Si18_m15,15.0,0.013000000000000001,Pd,1.11033279053e-08,,Si18,iniab1.3E-02Lo03_Lo03_merged,"Sieverding, A., Martinez-Pinedo, G., Huther, L., Langanke, K., & Heger, A. 2018, ApJ, 865, 143, doi: 10.3847/1538-4357/aadd48"
Si18_m15,15.0,0.013000000000000001,Pm,1.85053772531e-10,,Si18,iniab1.3E-02Lo03_Lo03_merged,"Sieverding, A., Martinez-Pinedo, G., Huther, L., Langanke, K., & Heger, A. 2018, ApJ, 865, 143, doi: 10.3847/1538-4357/aadd48"
Si18_m15,15.0,0.013000000000000001,Po,5.22285499661e-12,,Si18,iniab1.3E-02Lo03_Lo03_merged,"Sieverding, A., Martinez-Pinedo, G., Huther, L., Langanke, K., & Heger, A. 2018, ApJ, 865, 143, doi: 10.3847/1538-4357/aadd48"
Si18_m15,15.0,0.013000000000000001,Pr,1.54959028806e-09,,Si18,iniab1.3E-02Lo03_Lo03_merged,"Sieverding, A., Martinez-Pinedo, G., Huther, L., Langanke, K., & Heger, A. 2018, ApJ, 865, 143, doi: 10.3847/1538-4357/aadd48"
Si18_m15,15.0,0.013000000000000001,Pt,1.6124053986e-08,,Si18,iniab1.3E-02Lo03_Lo03_merged,"Sieverding, A., Martinez-Pinedo, G., Huther, L., Langanke, K., & Heger, A. 2018, ApJ, 865, 143, doi: 10.3847/1538-4357/aadd48"
Si18_m15,15.0,0.013000000000000001,Rb,2.04199696461e-07,,Si18,iniab1.3E-02Lo03_Lo03_merged,"Sieverding, A., Martinez-Pinedo, G., Huther, L., Langanke, K., & Heger, A. 2018, ApJ, 865, 143, doi: 10.3847/1538-4357/aadd48"
Si18_m15,15.0,0.013000000000000001,Re,3.65778799688e-10,,Si18,iniab1.3E-02Lo03_Lo03_merged,"Sieverding, A., Martinez-Pinedo, G., Huther, L., Langanke, K., & Heger, A. 2018, ApJ, 865, 143, doi: 10.3847/1538-4357/aadd48"
Si18_m15,15.0,0.013000000000000001,Rh,1.56600415626e-09,,Si18,iniab1.3E-02Lo03_Lo03_merged,"Sieverding, A., Martinez-Pinedo, G., Huther, L., Langanke, K., & Heger, A. 2018, ApJ, 865, 143, doi: 10.3847/1538-4357/aadd48"
Si18_m15,15.0,0.013000000000000001,Ru,1.17619254086e-08,,Si18,iniab1.3E-02Lo03_Lo03_merged,"Sieverding, A., Martinez-Pinedo, G., Huther, L., Langanke, K., & Heger, A. 2018, ApJ, 865, 143, doi: 10.3847/1538-4357/aadd48"
Si18_m15,15.0,0.013000000000000001,S,0.0274851548658,,Si18,iniab1.3E-02Lo03_Lo03_merged,"Sieverding, A., Martinez-Pinedo, G., Huther, L., Langanke, K., & Heger, A. 2018, ApJ, 865, 143, doi: 10.3847/1538-4357/aadd48"
Si18_m15,15.0,0.013000000000000001,Sb,2.28995531372e-09,,Si18,iniab1.3E-02Lo03_Lo03_merged,"Sieverding, A., Martinez-Pinedo, G., Huther, L., Langanke, K., & Heger, A. 2018, ApJ, 865, 143, doi: 10.3847/1538-4357/aadd48"
Si18_m15,15.0,0.013000000000000001,Sc,7.62661203913e-07,,Si18,iniab1.3E-02Lo03_Lo03_merged,"Sieverding, A., Martinez-Pinedo, G., Huther, L., Langanke, K., & Heger, A. 2018, ApJ, 865, 143, doi: 10.3847/1538-4357/aadd48"
Si18_m15,15.0,0.013000000000000001,Se,2.27694010158e-06,,Si18,iniab1.3E-02Lo03_Lo03_merged,"Sieverding, A., Martinez-Pinedo, G., Huther, L., Langanke, K., & Heger, A. 2018, ApJ, 865, 143, doi: 10.3847/1538-4357/aadd48"
Si18_m15,15.0,0.013000000000000001,Si,0.0688616514502,,Si18,iniab1.3E-02Lo03_Lo03_merged,"Sieverding, A., Martinez-Pinedo, G., Huther, L., Langanke, K., & Heger, A. 2018, ApJ, 865, 143, doi: 10.3847/1538-4357/aadd48"
Si18_m15,15.0,0.013000000000000001,Sm,3.53850263536e-09,,Si18,iniab1.3E-02Lo03_Lo03_merged,"Sieverding, A., Martinez-Pinedo, G., Huther, L., Langanke, K., & Heger, A. 2018, ApJ, 865, 143, doi: 10.3847/1538-4357/aadd48"
Si18_m15,15.0,0.013000000000000001,Sn,3.74035992381e-08,,Si18,iniab1.3E-02Lo03_Lo03_merged,"Sieverding, A., Martinez-Pinedo, G., Huther, L., Langanke, K., & Heger, A. 2018, ApJ, 865, 143, doi: 10.3847/1538-4357/aadd48"
Si18_m15,15.0,0.013000000000000001,Sr,5.26441558096e-07,,Si18,iniab1.3E-02Lo03_Lo03_merged,"Sieverding, A., Martinez-Pinedo, G., Huther, L., Langanke, K., & Heger, A. 2018, ApJ, 865, 143, doi: 10.3847/1538-4357/aadd48"
Si18_m15,15.0,0.013000000000000001,Ta,3.09321475785e-10,,Si18,iniab1.3E-02Lo03_Lo03_merged,"Sieverding, A., Martinez-Pinedo, G., Huther, L., Langanke, K., & Heger, A. 2018, ApJ, 865, 143, doi: 10.3847/1538-4357/aadd48"
Si18_m15,15.0,0.013000000000000001,Tb,4.19526400251e-10,,Si18,iniab1.3E-02Lo03_Lo03_merged,"Sieverding, A., Martinez-Pinedo, G., Huther, L., Langanke, K., & Heger, A. 2018, ApJ, 865, 143, doi: 10.3847/1538-4357/aadd48"
Si18_m15,15.0,0.013000000000000001,Tc,6.85247943518e-10,,Si18,iniab1.3E-02Lo03_Lo03_merged,"Sieverding, A., Martinez-Pinedo, G., Huther, L., Langanke, K., & Heger, A. 2018, ApJ, 865, 143, doi: 10.3847/1538-4357/aadd48"
Si18_m15,15.0,0.013000000000000001,Te,3.53000549481e-08,,Si18,iniab1.3E-02Lo03_Lo03_merged,"Sieverding, A., Martinez-Pinedo, G., Huther, L., Langanke, K., & Heger, A. 2018, ApJ, 865, 143, doi: 10.3847/1538-4357/aadd48"
Si18_m15,15.0,0.013000000000000001,Ti,5.61873646546e-05,,Si18,iniab1.3E-02Lo03_Lo03_merged,"Sieverding, A., Martinez-Pinedo, G., Huther, L., Langanke, K., & Heger, A. 2018, ApJ, 865, 143, doi: 10.3847/1538-4357/aadd48"
Si18_m15,15.0,0.013000000000000001,Tl,3.62257493742e-09,,Si18,iniab1.3E-02Lo03_Lo03_merged,"Sieverding, A., Martinez-Pinedo, G., Huther, L., Langanke, K., & Heger, A. 2018, ApJ, 865, 143, doi: 10.3847/1538-4357/aadd48"
Si18_m15,15.0,0.013000000000000001,Tm,4.46725920204e-10,,Si18,iniab1.3E-02Lo03_Lo03_merged,"Sieverding, A., Martinez-Pinedo, G., Huther, L., Langanke, K., & Heger, A. 2018, ApJ, 865, 143, doi: 10.3847/1538-4357/aadd48"
Si18_m15,15.0,0.013000000000000001,V,2.82210582498e-06,,Si18,iniab1.3E-02Lo03_Lo03_merged,"Sieverding, A., Martinez-Pinedo, G., Huther, L., Langanke, K., & Heger, A. 2018, ApJ, 865, 143, doi: 10.3847/1538-4357/aadd48"
Si18_m15,15.0,0.013000000000000001,W,1.8252092226e-09,,Si18,iniab1.3E-02Lo03_Lo03_merged,"Sieverding, A., Martinez-Pinedo, G., Huther, L., Langanke, K., & Heger, A. 2018, ApJ, 865, 143, doi: 10.3847/1538-4357/aadd48"
Si18_m15,15.0,0.013000000000000001,Xe,4.61478342006e-08,,Si18,iniab1.3E-02Lo03_Lo03_merged,"Sieverding, A., Martinez-Pinedo, G., Huther, L., Langanke, K., & Heger, A. 2018, ApJ, 865, 143, doi: 10.3847/1538-4357/aadd48"
Si18_m15,15.0,0.013000000000000001,Y,6.82583494237e-08,,Si18,iniab1.3E-02Lo03_Lo03_merged,"Sieverding, A., Martinez-Pinedo, G., Huther, L., Langanke, K., & Heger, A. 2018, ApJ, 865, 143, doi: 10.3847/1538-4357/aadd48"
Si18_m15,15.0,0.013000000000000001,Yb,3.06785047015e-09,,Si18,iniab1.3E-02Lo03_Lo03_merged,"Sieverding, A., Martinez-Pinedo, G., Huther, L., Langanke, K., & Heger, A. 2018, ApJ, 865, 143, doi: 10.3847/1538-4357/aadd48"
Si18_m15,15.0,0.013000000000000001,Zn,0.00219139676908,,Si18,iniab1.3E-02Lo03_Lo03_merged,"Sieverding, A., Martinez-Pinedo, G., Huther, L., Langanke, K., & Heger, A. 2018, ApJ, 865, 143, doi: 10.3847/1538-4357/aadd48"
Si18_m15,15.0,0.013000000000000001,Zr,1.28913313682e-07,,Si18,iniab1.3E-02Lo03_Lo03_merged,"Sieverding, A., Martinez-Pinedo, G., Huther, L., Langanke, K., & Heger, A. 2018, ApJ, 865, 143, doi: 10.3847/1538-4357/aadd48"
Si18_m20,20.0,0.013000000000000001,Ag,2.78663147464e-09,,Si18,iniab1.3E-02Lo03_Lo03_merged,"Sieverding, A., Martinez-Pinedo, G., Huther, L., Langanke, K., & Heger, A. 2018, ApJ, 865, 143, doi: 10.3847/1538-4357/aadd48"
Si18_m20,20.0,0.013000000000000001,Al,0.00614861298763,,Si18,iniab1.3E-02Lo03_Lo03_merged,"Sieverding, A., Martinez-Pinedo, G., Huther, L., Langanke, K., & Heger, A. 2018, ApJ, 865, 143, doi: 10.3847/1538-4357/aadd48"
Si18_m20,20.0,0.013000000000000001,Ar,0.0250817414959,,Si18,iniab1.3E-02Lo03_Lo03_merged,"Sieverding, A., Martinez-Pinedo, G., Huther, L., Langanke, K., & Heger, A. 2018, ApJ, 865, 143, doi: 10.3847/1538-4357/aadd48"
Si18_m20,20.0,0.013000000000000001,As,3.08016925104e-06,,Si18,iniab1.3E-02Lo03_Lo03_merged,"Sieverding, A., Martinez-Pinedo, G., Huther, L., Langanke, K., & Heger, A. 2018, ApJ, 865, 143, doi: 10.3847/1538-4357/aadd48"
Si18_m20,20.0,0.013000000000000001,Au,2.96834591242e-09,,Si18,iniab1.3E-02Lo03_Lo03_merged,"Sieverding, A., Martinez-Pinedo, G., Huther, L., Langanke, K., & Heger, A. 2018, ApJ, 865, 143, doi: 10.3847/1538-4357/aadd48"
Si18_m20,20.0,0.013000000000000001,B,1.10360683487e-07,,Si18,iniab1.3E-02Lo03_Lo03_merged,"Sieverding, A., Martinez-Pinedo, G., Huther, L., Langanke, K., & Heger, A. 2018, ApJ, 865, 143, doi: 10.3847/1538-4357/aadd48"
Si18_m20,20.0,0.013000000000000001,Ba,1.46773610536e-07,,Si18,iniab1.3E-02Lo03_Lo03_merged,"Sieverding, A., Martinez-Pinedo, G., Huther, L., Langanke, K., & Heger, A. 2018, ApJ, 865, 143, doi: 10.3847/1538-4357/aadd48"
Si18_m20,20.0,0.013000000000000001,Be,2.836270042e-08,,Si18,iniab1.3E-02Lo03_Lo03_merged,"Sieverding, A., Martinez-Pinedo, G., Huther, L., Langanke, K., & Heger, A. 2018, ApJ, 865, 143, doi: 10.3847/1538-4357/aadd48"
Si18_m20,20.0,0.013000000000000001,Bi,4.00457276241e-09,,Si18,iniab1.3E-02Lo03_Lo03_merged,"Sieverding, A., Martinez-Pinedo, G., Huther, L., Langanke, K., & Heger, A. 2018, ApJ, 865, 143, doi: 10.3847/1538-4357/aadd48"
Si18_m20,20.0,0.013000000000000001,Br,1.06205549252e-06,,Si18,iniab1.3E-02Lo03_Lo03_merged,"Sieverding, A., Martinez-Pinedo, G., Huther, L., Langanke, K., & Heger, A. 2018, ApJ, 865, 143, doi: 10.3847/1538-4357/aadd48"
Si18_m20,20.0,0.013000000000000001,C,0.213325062369,,Si18,iniab1.3E-02Lo03_Lo03_merged,"Sieverding, A., Martinez-Pinedo, G., Huther, L., Langanke, K., & Heger, A. 2018, ApJ, 865, 143, doi: 10.3847/1538-4357/aadd48"
Si18_m20,20.0,0.013000000000000001,Ca,0.0131627003783,,Si18,iniab1.3E-02Lo03_Lo03_merged,"Sieverding, A., Martinez-Pinedo, G., Huther, L., Langanke, K., & Heger, A. 2018, ApJ, 865, 143, doi: 10.3847/1538-4357/aadd48"
Si18_m20,20.0,0.013000000000000001,Cd,2.50151669702e-08,,Si18,iniab1.3E-02Lo03_Lo03_merged,"Sieverding, A., Martinez-Pinedo, G., Huther, L., Langanke, K., & Heger, A. 2018, ApJ, 865, 143, doi: 10.3847/1538-4357/aadd48"
Si18_m20,20.0,0.013000000000000001,Ce,2.87924384182e-08,,Si18,iniab1.3E-02Lo03_Lo03_merged,"Sieverding, A., Martinez-Pinedo, G., Huther, L., Langanke, K., & Heger, A. 2018, ApJ, 865, 143, doi: 10.3847/1538-4357/aadd48"
Si18_m20,20.0,0.013000000000000001,Cl,0.00116582213862,,Si18,iniab1.3E-02Lo03_Lo03_merged,"Sieverding, A., Martinez-Pinedo, G., Huther, L., Langanke, K., & Heger, A. 2018, ApJ, 865, 143, doi: 10.3847/1538-4357/aadd48"
Si18_m20,20.0,0.013000000000000001,Co,0.000997677080804,,Si18,iniab1.3E-02Lo03_Lo03_merged,"Sieverding, A., Martinez-Pinedo, G., Huther, L., Langanke, K., & Heger, A. 2018, ApJ, 865, 143, doi: 10.3847/1538-4357/aadd48"
Si18_m20,20.0,0.013000000000000001,Cr,0.000382819829101,,Si18,iniab1.3E-02Lo03_Lo03_merged,"Sieverding, A., Martinez-Pinedo, G., Huther, L., Langanke, K., & Heger, A. 2018, ApJ, 865, 143, doi: 10.3847/1538-4357/aadd48"
Si18_m20,20.0,0.013000000000000001,Cs,1.31587764343e-08,,Si18,iniab1.3E-02Lo03_Lo03_merged,"Sieverding, A., Martinez-Pinedo, G., Huther, L., Langanke, K., & Heger, A. 2018, ApJ, 865, 143, doi: 10.3847/1538-4357/aadd48"
Si18_m20,20.0,0.013000000000000001,Cu,0.00115282442138,,Si18,iniab1.3E-02Lo03_Lo03_merged,"Sieverding, A., Martinez-Pinedo, G., Huther, L., Langanke, K., & Heger, A. 2018, ApJ, 865, 143, doi: 10.3847/1538-4357/aadd48"
Si18_m20,20.0,0.013000000000000001,Dy,5.04569626163e-09,,Si18,iniab1.3E-02Lo03_Lo03_merged,"Sieverding, A., Martinez-Pinedo, G., Huther, L., Langanke, K., & Heger, A. 2018, ApJ, 865, 143, doi: 10.3847/1538-4357/aadd48"
Si18_m20,20.0,0.013000000000000001,Er,4.32432166152e-09,,Si18,iniab1.3E-02Lo03_Lo03_merged,"Sieverding, A., Martinez-Pinedo, G., Huther, L., Langanke, K., & Heger, A. 2018, ApJ, 865, 143, doi: 10.3847/1538-4357/aadd48"
Si18_m20,20.0,0.013000000000000001,Eu,5.17986581942e-10,,Si18,iniab1.3E-02Lo03_Lo03_merged,"Sieverding, A., Martinez-Pinedo, G., Huther, L., Langanke, K., & Heger, A. 2018, ApJ, 865, 143, doi: 10.3847/1538-4357/aadd48"
Si18_m20,20.0,0.013000000000000001,F,9.64111656657e-06,,Si18,iniab1.3E-02Lo03_Lo03_merged,"Sieverding, A., Martinez-Pinedo, G., Huther, L., Langanke, K., & Heger, A. 2018, ApJ, 865, 143, doi: 10.3847/1538-4357/aadd48"
Si18_m20,20.0,0.013000000000000001,Fe,0.013082230465,,Si18,iniab1.3E-02Lo03_Lo03_merged,"Sieverding, A., Martinez-Pinedo, G., Huther, L., Langanke, K., & Heger, A. 2018, ApJ, 865, 143, doi: 10.3847/1538-4357/aadd48"
Si18_m20,20.0,0.013000000000000001,Ga,0.00012873558183,,Si18,iniab1.3E-02Lo03_Lo03_merged,"Sieverding, A., Martinez-Pinedo, G., Huther, L., Langanke, K., & Heger, A. 2018, ApJ, 865, 143, doi: 10.3847/1538-4357/aadd48"
Si18_m20,20.0,0.013000000000000001,Gd,4.22808314724e-09,,Si18,iniab1.3E-02Lo03_Lo03_merged,"Sieverding, A., Martinez-Pinedo, G., Huther, L., Langanke, K., & Heger, A. 2018, ApJ, 865, 143, doi: 10.3847/1538-4357/aadd48"
Si18_m20,20.0,0.013000000000000001,Ge,7.35111060552e-05,,Si18,iniab1.3E-02Lo03_Lo03_merged,"Sieverding, A., Martinez-Pinedo, G., Huther, L., Langanke, K., & Heger, A. 2018, ApJ, 865, 143, doi: 10.3847/1538-4357/aadd48"
Si18_m20,20.0,0.013000000000000001,He,2.0203403099,,Si18,iniab1.3E-02Lo03_Lo03_merged,"Sieverding, A., Martinez-Pinedo, G., Huther, L., Langanke, K., & Heger, A. 2018, ApJ, 865, 143, doi: 10.3847/1538-4357/aadd48"
Si18_m20,20.0,0.013000000000000001,Hf,5.22438632023e-09,,Si18,iniab1.3E-02Lo03_Lo03_merged,"Sieverding, A., Martinez-Pinedo, G., Huther, L., Langanke, K., & Heger, A. 2018, ApJ, 865, 143, doi: 10.3847/1538-4357/aadd48"
Si18_m20,20.0,0.013000000000000001,Hg,1.83786482458e-08,,Si18,iniab1.3E-02Lo03_Lo03_merged,"Sieverding, A., Martinez-Pinedo, G., Huther, L., Langanke, K., & Heger, A. 2018, ApJ, 865, 143, doi: 10.3847/1538-4357/aadd48"
Si18_m20,20.0,0.013000000000000001,Ho,7.05186313369e-10,,Si18,iniab1.3E-02Lo03_Lo03_merged,"Sieverding, A., Martinez-Pinedo, G., Huther, L., Langanke, K., & Heger, A. 2018, ApJ, 865, 143, doi: 10.3847/1538-4357/aadd48"
Si18_m20,20.0,0.013000000000000001,I,6.73820021516e-09,,Si18,iniab1.3E-02Lo03_Lo03_merged,"Sieverding, A., Martinez-Pinedo, G., Huther, L., Langanke, K., & Heger, A. 2018, ApJ, 865, 143, doi: 10.3847/1538-4357/aadd48"
Si18_m20,20.0,0.013000000000000001,In,1.36071405986e-09,,Si18,iniab1.3E-02Lo03_Lo03_merged,"Sieverding, A., Martinez-Pinedo, G., Huther, L., Langanke, K., & Heger, A. 2018, ApJ, 865, 143, doi: 10.3847/1538-4357/aadd48"
Si18_m20,20.0,0.013000000000000001,Ir,6.87546904751e-09,,Si18,iniab1.3E-02Lo03_Lo03_merged,"Sieverding, A., Martinez-Pinedo, G., Huther, L., Langanke, K., & Heger, A. 2018, ApJ, 865, 143, doi: 10.3847/1538-4357/aadd48"
Si18_m20,20.0,0.013000000000000001,K,0.00122692947784,,Si18,iniab1.3E-02Lo03_Lo03_merged,"Sieverding, A., Martinez-Pinedo, G., Huther, L., Langanke, K., & Heger, A. 2018, ApJ, 865, 143, doi: 10.3847/1538-4357/aadd48"
Si18_m20,20.0,0.013000000000000001,Kr,8.60069225487e-06,,Si18,iniab1.3E-02Lo03_Lo03_merged,"Sieverding, A., Martinez-Pinedo, G., Huther, L., Langanke, K., & Heger, A. 2018, ApJ, 865, 143, doi: 10.3847/1538-4357/aadd48"
Si18_m20,20.0,0.013000000000000001,La,1.40735611789e-08,,Si18,iniab1.3E-02Lo03_Lo03_merged,"Sieverding, A., Martinez-Pinedo, G., Huther, L., Langanke, K., & Heger, A. 2018, ApJ, 865, 143, doi: 10.3847/1538-4357/aadd48"
Si18_m20,20.0,0.013000000000000001,Li,1.56095093283e-08,,Si18,iniab1.3E-02Lo03_Lo03_merged,"Sieverding, A., Martinez-Pinedo, G., Huther, L., Langanke, K., & Heger, A. 2018, ApJ, 865, 143, doi: 10.3847/1538-4357/aadd48"
Si18_m20,20.0,0.013000000000000001,Lu,4.50081310467e-10,,Si18,iniab1.3E-02Lo03_Lo03_merged,"Sieverding, A., Martinez-Pinedo, G., Huther, L., Langanke, K., & Heger, A. 2018, ApJ, 865, 143, doi: 10.3847/1538-4357/aadd48"
Si18_m20,20.0,0.013000000000000001,Mg,0.0769535917226,,Si18,iniab1.3E-02Lo03_Lo03_merged,"Sieverding, A., Martinez-Pinedo, G., Huther, L., Langanke, K., & Heger, A. 2018, ApJ, 865, 143, doi: 10.3847/1538-4357/aadd48"
Si18_m20,20.0,0.013000000000000001,Mn,0.000118019515652,,Si18,iniab1.3E-02Lo03_Lo03_merged,"Sieverding, A., Martinez-Pinedo, G., Huther, L., Langanke, K., & Heger, A. 2018, ApJ, 865, 143, doi: 10.3847/1538-4357/aadd48"
Si18_m20,20.0,0.013000000000000001,Mo,2.69544912975e-08,,Si18,iniab1.3E-02Lo03_Lo03_merged,"Sieverding, A., Martinez-Pinedo, G., Huther, L., Langanke, K., & Heger, A. 2018, ApJ, 865, 143, doi: 10.3847/1538-4357/aadd48"
Si18_m20,20.0,0.013000000000000001,N,0.00680692763872,,Si18,iniab1.3E-02Lo03_Lo03_merged,"Sieverding, A., Martinez-Pinedo, G., Huther, L., Langanke, K., & Heger, A. 2018, ApJ, 865, 143, doi: 10.3847/1538-4357/aadd48"
Si18_m20,20.0,0.013000000000000001,Na,0.00767458797597,,Si18,iniab1.3E-02Lo03_Lo03_merged,"Sieverding, A., Martinez-Pinedo, G., Huther, L., Langanke, K., & Heger, A. 2018, ApJ, 865, 143, doi: 10.3847/1538-4357/aadd48"
Si18_m20,20.0,0.013000000000000001,Nb,6.31259173167e-09,,Si18,iniab1.3E-02Lo03_Lo03_merged,"Sieverding, A., Martinez-Pinedo, G., Huther, L., Langanke, K., & Heger, A. 2018, ApJ, 865, 143, doi: 10.3847/1538-4357/aadd48"
Si18_m20,20.0,0.013000000000000001,Nd,1.65223650964e-08,,Si18,iniab1.3E-02Lo03_Lo03_merged,"Sieverding, A., Martinez-Pinedo, G., Huther, L., Langanke, K., & Heger, A. 2018, ApJ, 865, 143, doi: 10.3847/1538-4357/aadd48"
Si18_m20,20.0,0.013000000000000001,Ne,0.318822269737,,Si18,iniab1.3E-02Lo03_Lo03_merged,"Sieverding, A., Martinez-Pinedo, G., Huther, L., Langanke, K., & Heger, A. 2018, ApJ, 865, 143, doi: 10.3847/1538-4357/aadd48"
Si18_m20,20.0,0.013000000000000001,Ni,0.119824882825,,Si18,iniab1.3E-02Lo03_Lo03_merged,"Sieverding, A., Martinez-Pinedo, G., Huther, L., Langanke, K., & Heger, A. 2018, ApJ, 865, 143, doi: 10.3847/1538-4357/aadd48"
Si18_m20,20.0,0.013000000000000001,O,1.31458050721,,Si18,iniab1.3E-02Lo03_Lo03_merged,"Sieverding, A., Martinez-Pinedo, G., Huther, L., Langanke, K., & Heger, A. 2018, ApJ, 865, 143, doi: 10.3847/1538-4357/aadd48"
Si18_m20,20.0,0.013000000000000001,Os,5.12423236519e-09,,Si18,iniab1.3E-02Lo03_Lo03_merged,"Sieverding, A., Martinez-Pinedo, G., Huther, L., Langanke, K., & Heger, A. 2018, ApJ, 865, 143, doi: 10.3847/1538-4357/aadd48"
Si18_m20,20.0,0.013000000000000001,P,0.00113906037583,,Si18,iniab1.3E-02Lo03_Lo03_merged,"Sieverding, A., Martinez-Pinedo, G., Huther, L., Langanke, K., & Heger, A. 2018, ApJ, 865, 143, doi: 10.3847/1538-4357/aadd48"
Si18_m20,20.0,0.013000000000000001,Pb,1.26748616787e-07,,Si18,iniab1.3E-02Lo03_Lo03_merged,"Sieverding, A., Martinez-Pinedo, G., Huther, L., Langanke, K., & Heger, A. 2018, ApJ, 865, 143, doi: 10.3847/1538-4357/aadd48"
Si18_m20,20.0,0.013000000000000001,Pd,1.77984592582e-08,,Si18,iniab1.3E-02Lo03_Lo03_merged,"Sieverding, A., Martinez-Pinedo, G., Huther, L., Langanke, K., & Heger, A. 2018, ApJ, 865, 143, doi: 10.3847/1538-4357/aadd48"
Si18_m20,20.0,0.013000000000000001,Pm,8.68914673851e-11,,Si18,iniab1.3E-02Lo03_Lo03_merged,"Sieverding, A., Martinez-Pinedo, G., Huther, L., Langanke, K., & Heger, A. 2018, ApJ, 865, 143, doi: 10.3847/1538-4357/aadd48"
Si18_m20,20.0,0.013000000000000001,Po,1.06026935124e-11,,Si18,iniab1.3E-02Lo03_Lo03_merged,"Sieverding, A., Martinez-Pinedo, G., Huther, L., Langanke, K., & Heger, A. 2018, ApJ, 865, 143, doi: 10.3847/1538-4357/aadd48"
Si18_m20,20.0,0.013000000000000001,Pr,1.91784767619e-09,,Si18,iniab1.3E-02Lo03_Lo03_merged,"Sieverding, A., Martinez-Pinedo, G., Huther, L., Langanke, K., & Heger, A. 2018, ApJ, 865, 143, doi: 10.3847/1538-4357/aadd48"
Si18_m20,20.0,0.013000000000000001,Pt,2.03975541027e-08,,Si18,iniab1.3E-02Lo03_Lo03_merged,"Sieverding, A., Martinez-Pinedo, G., Huther, L., Langanke, K., & Heger, A. 2018, ApJ, 865, 143, doi: 10.3847/1538-4357/aadd48"
Si18_m20,20.0,0.013000000000000001,Rb,5.1361061453e-07,,Si18,iniab1.3E-02Lo03_Lo03_merged,"Sieverding, A., Martinez-Pinedo, G., Huther, L., Langanke, K., & Heger, A. 2018, ApJ, 865, 143, doi: 10.3847/1538-4357/aadd48"
Si18_m20,20.0,0.013000000000000001,Re,4.13945962307e-10,,Si18,iniab1.3E-02Lo03_Lo03_merged,"Sieverding, A., Martinez-Pinedo, G., Huther, L., Langanke, K., & Heger, A. 2018, ApJ, 865, 143, doi: 10.3847/1538-4357/aadd48"
Si18_m20,20.0,0.013000000000000001,Rh,2.01253053384e-09,,Si18,iniab1.3E-02Lo03_Lo03_merged,"Sieverding, A., Martinez-Pinedo, G., Huther, L., Langanke, K., & Heger, A. 2018, ApJ, 865, 143, doi: 10.3847/1538-4357/aadd48"
Si18_m20,20.0,0.013000000000000001,Ru,1.95734061141e-08,,Si18,iniab1.3E-02Lo03_Lo03_merged,"Sieverding, A., Martinez-Pinedo, G., Huther, L., Langanke, K., & Heger, A. 2018, ApJ, 865, 143, doi: 10.3847/1538-4357/aadd48"
Si18_m20,20.0,0.013000000000000001,S,0.129475709306,,Si18,iniab1.3E-02Lo03_Lo03_merged,"Sieverding, A., Martinez-Pinedo, G., Huther, L., Langanke, K., & Heger, A. 2018, ApJ, 865, 143, doi: 10.3847/1538-4357/aadd48"
Si18_m20,20.0,0.013000000000000001,Sb,4.23200609395e-09,,Si18,iniab1.3E-02Lo03_Lo03_merged,"Sieverding, A., Martinez-Pinedo, G., Huther, L., Langanke, K., & Heger, A. 2018, ApJ, 865, 143, doi: 10.3847/1538-4357/aadd48"
Si18_m20,20.0,0.013000000000000001,Sc,3.62582991686e-06,,Si18,iniab1.3E-02Lo03_Lo03_merged,"Sieverding, A., Martinez-Pinedo, G., Huther, L., Langanke, K., & Heger, A. 2018, ApJ, 865, 143, doi: 10.3847/1538-4357/aadd48"
Si18_m20,20.0,0.013000000000000001,Se,1.31210628733e-05,,Si18,iniab1.3E-02Lo03_Lo03_merged,"Sieverding, A., Martinez-Pinedo, G., Huther, L., Langanke, K., & Heger, A. 2018, ApJ, 865, 143, doi: 10.3847/1538-4357/aadd48"
Si18_m20,20.0,0.013000000000000001,Si,0.189706757536,,Si18,iniab1.3E-02Lo03_Lo03_merged,"Sieverding, A., Martinez-Pinedo, G., Huther, L., Langanke, K., & Heger, A. 2018, ApJ, 865, 143, doi: 10.3847/1538-4357/aadd48"
Si18_m20,20.0,0.013000000000000001,Sm,3.46197466564e-09,,Si18,iniab1.3E-02Lo03_Lo03_merged,"Sieverding, A., Martinez-Pinedo, G., Huther, L., Langanke, K., & Heger, A. 2018, ApJ, 865, 143, doi: 10.3847/1538-4357/aadd48"
Si18_m20,20.0,0.013000000000000001,Sn,6.8955946269e-08,,Si18,iniab1.3E-02Lo03_Lo03_merged,"Sieverding, A., Martinez-Pinedo, G., Huther, L., Langanke, K., & Heger, A. 2018, ApJ, 865, 143, doi: 10.3847/1538-4357/aadd48"
Si18_m20,20.0,0.013000000000000001,Sr,2.42545944927e-06,,Si18,iniab1.3E-02Lo03_Lo03_merged,"Sieverding, A., Martinez-Pinedo, G., Huther, L., Langanke, K., & Heger, A. 2018, ApJ, 865, 143, doi: 10.3847/1538-4357/aadd48"
Si18_m20,20.0,0.013000000000000001,Ta,4.17890016687e-10,,Si18,iniab1.3E-02Lo03_Lo03_merged,"Sieverding, A., Martinez-Pinedo, G., Huther, L., Langanke, K., & Heger, A. 2018, ApJ, 865, 143, doi: 10.3847/1538-4357/aadd48"
Si18_m20,20.0,0.013000000000000001,Tb,5.45144244616e-10,,Si18,iniab1.3E-02Lo03_Lo03_merged,"Sieverding, A., Martinez-Pinedo, G., Huther, L., Langanke, K., & Heger, A. 2018, ApJ, 865, 143, doi: 10.3847/1538-4357/aadd48"
Si18_m20,20.0,0.013000000000000001,Tc,9.07195072209e-10,,Si18,iniab1.3E-02Lo03_Lo03_merged,"Sieverding, A., Martinez-Pinedo, G., Huther, L., Langanke, K., & Heger, A. 2018, ApJ, 865, 143, doi: 10.3847/1538-4357/aadd48"
Si18_m20,20.0,0.013000000000000001,Te,5.06573603906e-08,,Si18,iniab1.3E-02Lo03_Lo03_merged,"Sieverding, A., Martinez-Pinedo, G., Huther, L., Langanke, K., & Heger, A. 2018, ApJ, 865, 143, doi: 10.3847/1538-4357/aadd48"
Si18_m20,20.0,0.013000000000000001,Ti,0.000126260256041,,Si18,iniab1.3E-02Lo03_Lo03_merged,"Sieverding, A., Martinez-Pinedo, G., Huther, L., Langanke, K., & Heger, A. 2018, ApJ, 865, 143, doi: 10.3847/1538-4357/aadd48"
Si18_m20,20.0,0.013000000000000001,Tl,5.90682024979e-09,,Si18,iniab1.3E-02Lo03_Lo03_merged,"Sieverding, A., Martinez-Pinedo, G., Huther, L., Langanke, K., & Heger, A. 2018, ApJ, 865, 143, doi: 10.3847/1538-4357/aadd48"
Si18_m20,20.0,0.013000000000000001,Tm,6.52800109858e-10,,Si18,iniab1.3E-02Lo03_Lo03_merged,"Sieverding, A., Martinez-Pinedo, G., Huther, L., Langanke, K., & Heger, A. 2018, ApJ, 865, 143, doi: 10.3847/1538-4357/aadd48"
Si18_m20,20.0,0.013000000000000001,V,5.00410119263e-06,,Si18,iniab1.3E-02Lo03_Lo03_merged,"Sieverding, A., Martinez-Pinedo, G., Huther, L., Langanke, K., & Heger, A. 2018, ApJ, 865, 143, doi: 10.3847/1538-4357/aadd48"
Si18_m20,20.0,0.013000000000000001,W,3.49931758636e-09,,Si18,iniab1.3E-02Lo03_Lo03_merged,"Sieverding, A., Martinez-Pinedo, G., Huther, L., Langanke, K., & Heger, A. 2018, ApJ, 865, 143, doi: 10.3847/1538-4357/aadd48"
Si18_m20,20.0,0.013000000000000001,Xe,7.36431596876e-08,,Si18,iniab1.3E-02Lo03_Lo03_merged,"Sieverding, A., Martinez-Pinedo, G., Huther, L., Langanke, K., & Heger, A. 2018, ApJ, 865, 143, doi: 10.3847/1538-4357/aadd48"
Si18_m20,20.0,0.013000000000000001,Y,2.18593756116e-07,,Si18,iniab1.3E-02Lo03_Lo03_merged,"Sieverding, A., Martinez-Pinedo, G., Huther, L., Langanke, K., & Heger, A. 2018, ApJ, 865, 143, doi: 10.3847/1538-4357/aadd48"
Si18_m20,20.0,0.013000000000000001,Yb,5.15714895979e-09,,Si18,iniab1.3E-02Lo03_Lo03_merged,"Sieverding, A., Martinez-Pinedo, G., Huther, L., Langanke, K., & Heger, A. 2018, ApJ, 865, 143, doi: 10.3847/1538-4357/aadd48"
Si18_m20,20.0,0.013000000000000001,Zn,0.00238474334616,,Si18,iniab1.3E-02Lo03_Lo03_merged,"Sieverding, A., Martinez-Pinedo, G., Huther, L., Langanke, K., & Heger, A. 2018, ApJ, 865, 143, doi: 10.3847/1538-4357/aadd48"
Si18_m20,20.0,0.013000000000000001,Zr,8.78243055621e-07,,Si18,iniab1.3E-02Lo03_Lo03_merged,"Sieverding, A., Martinez-Pinedo, G., Huther, L., Langanke, K., & Heger, A. 2018, ApJ, 865, 143, doi: 10.3847/1538-4357/aadd48"
Si18_m25,25.0,0.013000000000000001,Ag,2.78325602305e-09,,Si18,iniab1.3E-02Lo03_Lo03_merged,"Sieverding, A., Martinez-Pinedo, G., Huther, L., Langanke, K., & Heger, A. 2018, ApJ, 865, 143, doi: 10.3847/1538-4357/aadd48"
Si18_m25,25.0,0.013000000000000001,Al,0.00915347866914,,Si18,iniab1.3E-02Lo03_Lo03_merged,"Sieverding, A., Martinez-Pinedo, G., Huther, L., Langanke, K., & Heger, A. 2018, ApJ, 865, 143, doi: 10.3847/1538-4357/aadd48"
Si18_m25,25.0,0.013000000000000001,Ar,0.0209452604313,,Si18,iniab1.3E-02Lo03_Lo03_merged,"Sieverding, A., Martinez-Pinedo, G., Huther, L., Langanke, K., & Heger, A. 2018, ApJ, 865, 143, doi: 10.3847/1538-4357/aadd48"
Si18_m25,25.0,0.013000000000000001,As,1.8926968727e-05,,Si18,iniab1.3E-02Lo03_Lo03_merged,"Sieverding, A., Martinez-Pinedo, G., Huther, L., Langanke, K., & Heger, A. 2018, ApJ, 865, 143, doi: 10.3847/1538-4357/aadd48"
Si18_m25,25.0,0.013000000000000001,Au,3.88517410219e-09,,Si18,iniab1.3E-02Lo03_Lo03_merged,"Sieverding, A., Martinez-Pinedo, G., Huther, L., Langanke, K., & Heger, A. 2018, ApJ, 865, 143, doi: 10.3847/1538-4357/aadd48"
Si18_m25,25.0,0.013000000000000001,B,2.11236249921e-07,,Si18,iniab1.3E-02Lo03_Lo03_merged,"Sieverding, A., Martinez-Pinedo, G., Huther, L., Langanke, K., & Heger, A. 2018, ApJ, 865, 143, doi: 10.3847/1538-4357/aadd48"
Si18_m25,25.0,0.013000000000000001,Ba,2.00832740587e-07,,Si18,iniab1.3E-02Lo03_Lo03_merged,"Sieverding, A., Martinez-Pinedo, G., Huther, L., Langanke, K., & Heger, A. 2018, ApJ, 865, 143, doi: 10.3847/1538-4357/aadd48"
Si18_m25,25.0,0.013000000000000001,Be,3.09260639389e-08,,Si18,iniab1.3E-02Lo03_Lo03_merged,"Sieverding, A., Martinez-Pinedo, G., Huther, L., Langanke, K., & Heger, A. 2018, ApJ, 865, 143, doi: 10.3847/1538-4357/aadd48"
Si18_m25,25.0,0.013000000000000001,Bi,5.56307478109e-09,,Si18,iniab1.3E-02Lo03_Lo03_merged,"Sieverding, A., Martinez-Pinedo, G., Huther, L., Langanke, K., & Heger, A. 2018, ApJ, 865, 143, doi: 10.3847/1538-4357/aadd48"
Si18_m25,25.0,0.013000000000000001,Br,6.59596866193e-06,,Si18,iniab1.3E-02Lo03_Lo03_merged,"Sieverding, A., Martinez-Pinedo, G., Huther, L., Langanke, K., & Heger, A. 2018, ApJ, 865, 143, doi: 10.3847/1538-4357/aadd48"
Si18_m25,25.0,0.013000000000000001,C,0.339810891205,,Si18,iniab1.3E-02Lo03_Lo03_merged,"Sieverding, A., Martinez-Pinedo, G., Huther, L., Langanke, K., & Heger, A. 2018, ApJ, 865, 143, doi: 10.3847/1538-4357/aadd48"
Si18_m25,25.0,0.013000000000000001,Ca,0.0130659965122,,Si18,iniab1.3E-02Lo03_Lo03_merged,"Sieverding, A., Martinez-Pinedo, G., Huther, L., Langanke, K., & Heger, A. 2018, ApJ, 865, 143, doi: 10.3847/1538-4357/aadd48"
Si18_m25,25.0,0.013000000000000001,Cd,3.37808634148e-08,,Si18,iniab1.3E-02Lo03_Lo03_merged,"Sieverding, A., Martinez-Pinedo, G., Huther, L., Langanke, K., & Heger, A. 2018, ApJ, 865, 143, doi: 10.3847/1538-4357/aadd48"
Si18_m25,25.0,0.013000000000000001,Ce,5.24630150398e-08,,Si18,iniab1.3E-02Lo03_Lo03_merged,"Sieverding, A., Martinez-Pinedo, G., Huther, L., Langanke, K., & Heger, A. 2018, ApJ, 865, 143, doi: 10.3847/1538-4357/aadd48"
Si18_m25,25.0,0.013000000000000001,Cl,0.000490738968147,,Si18,iniab1.3E-02Lo03_Lo03_merged,"Sieverding, A., Martinez-Pinedo, G., Huther, L., Langanke, K., & Heger, A. 2018, ApJ, 865, 143, doi: 10.3847/1538-4357/aadd48"
Si18_m25,25.0,0.013000000000000001,Co,0.00151699018158,,Si18,iniab1.3E-02Lo03_Lo03_merged,"Sieverding, A., Martinez-Pinedo, G., Huther, L., Langanke, K., & Heger, A. 2018, ApJ, 865, 143, doi: 10.3847/1538-4357/aadd48"
Si18_m25,25.0,0.013000000000000001,Cr,0.000525342920431,,Si18,iniab1.3E-02Lo03_Lo03_merged,"Sieverding, A., Martinez-Pinedo, G., Huther, L., Langanke, K., & Heger, A. 2018, ApJ, 865, 143, doi: 10.3847/1538-4357/aadd48"
Si18_m25,25.0,0.013000000000000001,Cs,2.50554050498e-08,,Si18,iniab1.3E-02Lo03_Lo03_merged,"Sieverding, A., Martinez-Pinedo, G., Huther, L., Langanke, K., & Heger, A. 2018, ApJ, 865, 143, doi: 10.3847/1538-4357/aadd48"
Si18_m25,25.0,0.013000000000000001,Cu,0.00227653234368,,Si18,iniab1.3E-02Lo03_Lo03_merged,"Sieverding, A., Martinez-Pinedo, G., Huther, L., Langanke, K., & Heger, A. 2018, ApJ, 865, 143, doi: 10.3847/1538-4357/aadd48"
Si18_m25,25.0,0.013000000000000001,Dy,7.43502644566e-09,,Si18,iniab1.3E-02Lo03_Lo03_merged,"Sieverding, A., Martinez-Pinedo, G., Huther, L., Langanke, K., & Heger, A. 2018, ApJ, 865, 143, doi: 10.3847/1538-4357/aadd48"
Si18_m25,25.0,0.013000000000000001,Er,7.38283268136e-09,,Si18,iniab1.3E-02Lo03_Lo03_merged,"Sieverding, A., Martinez-Pinedo, G., Huther, L., Langanke, K., & Heger, A. 2018, ApJ, 865, 143, doi: 10.3847/1538-4357/aadd48"
Si18_m25,25.0,0.013000000000000001,Eu,1.22545857591e-09,,Si18,iniab1.3E-02Lo03_Lo03_merged,"Sieverding, A., Martinez-Pinedo, G., Huther, L., Langanke, K., & Heger, A. 2018, ApJ, 865, 143, doi: 10.3847/1538-4357/aadd48"
Si18_m25,25.0,0.013000000000000001,F,2.4082124508e-05,,Si18,iniab1.3E-02Lo03_Lo03_merged,"Sieverding, A., Martinez-Pinedo, G., Huther, L., Langanke, K., & Heger, A. 2018, ApJ, 865, 143, doi: 10.3847/1538-4357/aadd48"
Si18_m25,25.0,0.013000000000000001,Fe,0.0183575548998,,Si18,iniab1.3E-02Lo03_Lo03_merged,"Sieverding, A., Martinez-Pinedo, G., Huther, L., Langanke, K., & Heger, A. 2018, ApJ, 865, 143, doi: 10.3847/1538-4357/aadd48"
Si18_m25,25.0,0.013000000000000001,Ga,0.000227465426877,,Si18,iniab1.3E-02Lo03_Lo03_merged,"Sieverding, A., Martinez-Pinedo, G., Huther, L., Langanke, K., & Heger, A. 2018, ApJ, 865, 143, doi: 10.3847/1538-4357/aadd48"
Si18_m25,25.0,0.013000000000000001,Gd,4.98099284415e-09,,Si18,iniab1.3E-02Lo03_Lo03_merged,"Sieverding, A., Martinez-Pinedo, G., Huther, L., Langanke, K., & Heger, A. 2018, ApJ, 865, 143, doi: 10.3847/1538-4357/aadd48"
Si18_m25,25.0,0.013000000000000001,Ge,0.000165855858287,,Si18,iniab1.3E-02Lo03_Lo03_merged,"Sieverding, A., Martinez-Pinedo, G., Huther, L., Langanke, K., & Heger, A. 2018, ApJ, 865, 143, doi: 10.3847/1538-4357/aadd48"
Si18_m25,25.0,0.013000000000000001,He,2.22456292014,,Si18,iniab1.3E-02Lo03_Lo03_merged,"Sieverding, A., Martinez-Pinedo, G., Huther, L., Langanke, K., & Heger, A. 2018, ApJ, 865, 143, doi: 10.3847/1538-4357/aadd48"
Si18_m25,25.0,0.013000000000000001,Hf,7.60663671775e-09,,Si18,iniab1.3E-02Lo03_Lo03_merged,"Sieverding, A., Martinez-Pinedo, G., Huther, L., Langanke, K., & Heger, A. 2018, ApJ, 865, 143, doi: 10.3847/1538-4357/aadd48"
Si18_m25,25.0,0.013000000000000001,Hg,2.29422575504e-08,,Si18,iniab1.3E-02Lo03_Lo03_merged,"Sieverding, A., Martinez-Pinedo, G., Huther, L., Langanke, K., & Heger, A. 2018, ApJ, 865, 143, doi: 10.3847/1538-4357/aadd48"
Si18_m25,25.0,0.013000000000000001,Ho,9.25814395338e-10,,Si18,iniab1.3E-02Lo03_Lo03_merged,"Sieverding, A., Martinez-Pinedo, G., Huther, L., Langanke, K., & Heger, A. 2018, ApJ, 865, 143, doi: 10.3847/1538-4357/aadd48"
Si18_m25,25.0,0.013000000000000001,I,8.41429939369e-09,,Si18,iniab1.3E-02Lo03_Lo03_merged,"Sieverding, A., Martinez-Pinedo, G., Huther, L., Langanke, K., & Heger, A. 2018, ApJ, 865, 143, doi: 10.3847/1538-4357/aadd48"
Si18_m25,25.0,0.013000000000000001,In,1.25822500621e-09,,Si18,iniab1.3E-02Lo03_Lo03_merged,"Sieverding, A., Martinez-Pinedo, G., Huther, L., Langanke, K., & Heger, A. 2018, ApJ, 865, 143, doi: 10.3847/1538-4357/aadd48"
Si18_m25,25.0,0.013000000000000001,Ir,5.02055369549e-09,,Si18,iniab1.3E-02Lo03_Lo03_merged,"Sieverding, A., Martinez-Pinedo, G., Huther, L., Langanke, K., & Heger, A. 2018, ApJ, 865, 143, doi: 10.3847/1538-4357/aadd48"
Si18_m25,25.0,0.013000000000000001,K,0.000227080036431,,Si18,iniab1.3E-02Lo03_Lo03_merged,"Sieverding, A., Martinez-Pinedo, G., Huther, L., Langanke, K., & Heger, A. 2018, ApJ, 865, 143, doi: 10.3847/1538-4357/aadd48"
Si18_m25,25.0,0.013000000000000001,Kr,3.40563673846e-05,,Si18,iniab1.3E-02Lo03_Lo03_merged,"Sieverding, A., Martinez-Pinedo, G., Huther, L., Langanke, K., & Heger, A. 2018, ApJ, 865, 143, doi: 10.3847/1538-4357/aadd48"
Si18_m25,25.0,0.013000000000000001,La,2.24891572362e-08,,Si18,iniab1.3E-02Lo03_Lo03_merged,"Sieverding, A., Martinez-Pinedo, G., Huther, L., Langanke, K., & Heger, A. 2018, ApJ, 865, 143, doi: 10.3847/1538-4357/aadd48"
Si18_m25,25.0,0.013000000000000001,Li,1.60235637628e-08,,Si18,iniab1.3E-02Lo03_Lo03_merged,"Sieverding, A., Martinez-Pinedo, G., Huther, L., Langanke, K., & Heger, A. 2018, ApJ, 865, 143, doi: 10.3847/1538-4357/aadd48"
Si18_m25,25.0,0.013000000000000001,Lu,7.31527794025e-10,,Si18,iniab1.3E-02Lo03_Lo03_merged,"Sieverding, A., Martinez-Pinedo, G., Huther, L., Langanke, K., & Heger, A. 2018, ApJ, 865, 143, doi: 10.3847/1538-4357/aadd48"
Si18_m25,25.0,0.013000000000000001,Mg,0.0841214393384,,Si18,iniab1.3E-02Lo03_Lo03_merged,"Sieverding, A., Martinez-Pinedo, G., Huther, L., Langanke, K., & Heger, A. 2018, ApJ, 865, 143, doi: 10.3847/1538-4357/aadd48"
Si18_m25,25.0,0.013000000000000001,Mn,0.000159030397328,,Si18,iniab1.3E-02Lo03_Lo03_merged,"Sieverding, A., Martinez-Pinedo, G., Huther, L., Langanke, K., & Heger, A. 2018, ApJ, 865, 143, doi: 10.3847/1538-4357/aadd48"
Si18_m25,25.0,0.013000000000000001,Mo,4.50155259256e-08,,Si18,iniab1.3E-02Lo03_Lo03_merged,"Sieverding, A., Martinez-Pinedo, G., Huther, L., Langanke, K., & Heger, A. 2018, ApJ, 865, 143, doi: 10.3847/1538-4357/aadd48"
Si18_m25,25.0,0.013000000000000001,N,0.00236002545981,,Si18,iniab1.3E-02Lo03_Lo03_merged,"Sieverding, A., Martinez-Pinedo, G., Huther, L., Langanke, K., & Heger, A. 2018, ApJ, 865, 143, doi: 10.3847/1538-4357/aadd48"
Si18_m25,25.0,0.013000000000000001,Na,0.0097368263459,,Si18,iniab1.3E-02Lo03_Lo03_merged,"Sieverding, A., Martinez-Pinedo, G., Huther, L., Langanke, K., & Heger, A. 2018, ApJ, 865, 143, doi: 10.3847/1538-4357/aadd48"
Si18_m25,25.0,0.013000000000000001,Nb,5.19463968758e-09,,Si18,iniab1.3E-02Lo03_Lo03_merged,"Sieverding, A., Martinez-Pinedo, G., Huther, L., Langanke, K., & Heger, A. 2018, ApJ, 865, 143, doi: 10.3847/1538-4357/aadd48"
Si18_m25,25.0,0.013000000000000001,Nd,2.13414513614e-08,,Si18,iniab1.3E-02Lo03_Lo03_merged,"Sieverding, A., Martinez-Pinedo, G., Huther, L., Langanke, K., & Heger, A. 2018, ApJ, 865, 143, doi: 10.3847/1538-4357/aadd48"
Si18_m25,25.0,0.013000000000000001,Ne,0.360540324855,,Si18,iniab1.3E-02Lo03_Lo03_merged,"Sieverding, A., Martinez-Pinedo, G., Huther, L., Langanke, K., & Heger, A. 2018, ApJ, 865, 143, doi: 10.3847/1538-4357/aadd48"
Si18_m25,25.0,0.013000000000000001,Ni,0.234885477103,,Si18,iniab1.3E-02Lo03_Lo03_merged,"Sieverding, A., Martinez-Pinedo, G., Huther, L., Langanke, K., & Heger, A. 2018, ApJ, 865, 143, doi: 10.3847/1538-4357/aadd48"
Si18_m25,25.0,0.013000000000000001,O,2.24278174397,,Si18,iniab1.3E-02Lo03_Lo03_merged,"Sieverding, A., Martinez-Pinedo, G., Huther, L., Langanke, K., & Heger, A. 2018, ApJ, 865, 143, doi: 10.3847/1538-4357/aadd48"
Si18_m25,25.0,0.013000000000000001,Os,5.49068234163e-09,,Si18,iniab1.3E-02Lo03_Lo03_merged,"Sieverding, A., Martinez-Pinedo, G., Huther, L., Langanke, K., & Heger, A. 2018, ApJ, 865, 143, doi: 10.3847/1538-4357/aadd48"
Si18_m25,25.0,0.013000000000000001,P,0.00146781059075,,Si18,iniab1.3E-02Lo03_Lo03_merged,"Sieverding, A., Martinez-Pinedo, G., Huther, L., Langanke, K., & Heger, A. 2018, ApJ, 865, 143, doi: 10.3847/1538-4357/aadd48"
Si18_m25,25.0,0.013000000000000001,Pb,1.93487475269e-07,,Si18,iniab1.3E-02Lo03_Lo03_merged,"Sieverding, A., Martinez-Pinedo, G., Huther, L., Langanke, K., & Heger, A. 2018, ApJ, 865, 143, doi: 10.3847/1538-4357/aadd48"
Si18_m25,25.0,0.013000000000000001,Pd,2.63670610682e-08,,Si18,iniab1.3E-02Lo03_Lo03_merged,"Sieverding, A., Martinez-Pinedo, G., Huther, L., Langanke, K., & Heger, A. 2018, ApJ, 865, 143, doi: 10.3847/1538-4357/aadd48"
Si18_m25,25.0,0.013000000000000001,Pm,3.69427672585e-10,,Si18,iniab1.3E-02Lo03_Lo03_merged,"Sieverding, A., Martinez-Pinedo, G., Huther, L., Langanke, K., & Heger, A. 2018, ApJ, 865, 143, doi: 10.3847/1538-4357/aadd48"
Si18_m25,25.0,0.013000000000000001,Po,3.56621549279e-11,,Si18,iniab1.3E-02Lo03_Lo03_merged,"Sieverding, A., Martinez-Pinedo, G., Huther, L., Langanke, K., & Heger, A. 2018, ApJ, 865, 143, doi: 10.3847/1538-4357/aadd48"
Si18_m25,25.0,0.013000000000000001,Pr,2.6588640584e-09,,Si18,iniab1.3E-02Lo03_Lo03_merged,"Sieverding, A., Martinez-Pinedo, G., Huther, L., Langanke, K., & Heger, A. 2018, ApJ, 865, 143, doi: 10.3847/1538-4357/aadd48"
Si18_m25,25.0,0.013000000000000001,Pt,2.37814400419e-08,,Si18,iniab1.3E-02Lo03_Lo03_merged,"Sieverding, A., Martinez-Pinedo, G., Huther, L., Langanke, K., & Heger, A. 2018, ApJ, 865, 143, doi: 10.3847/1538-4357/aadd48"
Si18_m25,25.0,0.013000000000000001,Rb,1.35229901762e-06,,Si18,iniab1.3E-02Lo03_Lo03_merged,"Sieverding, A., Martinez-Pinedo, G., Huther, L., Langanke, K., & Heger, A. 2018, ApJ, 865, 143, doi: 10.3847/1538-4357/aadd48"
Si18_m25,25.0,0.013000000000000001,Re,3.50039866351e-10,,Si18,iniab1.3E-02Lo03_Lo03_merged,"Sieverding, A., Martinez-Pinedo, G., Huther, L., Langanke, K., & Heger, A. 2018, ApJ, 865, 143, doi: 10.3847/1538-4357/aadd48"
Si18_m25,25.0,0.013000000000000001,Rh,1.79554680607e-09,,Si18,iniab1.3E-02Lo03_Lo03_merged,"Sieverding, A., Martinez-Pinedo, G., Huther, L., Langanke, K., & Heger, A. 2018, ApJ, 865, 143, doi: 10.3847/1538-4357/aadd48"
Si18_m25,25.0,0.013000000000000001,Ru,3.10088498001e-08,,Si18,iniab1.3E-02Lo03_Lo03_merged,"Sieverding, A., Martinez-Pinedo, G., Huther, L., Langanke, K., & Heger, A. 2018, ApJ, 865, 143, doi: 10.3847/1538-4357/aadd48"
Si18_m25,25.0,0.013000000000000001,S,0.118573043684,,Si18,iniab1.3E-02Lo03_Lo03_merged,"Sieverding, A., Martinez-Pinedo, G., Huther, L., Langanke, K., & Heger, A. 2018, ApJ, 865, 143, doi: 10.3847/1538-4357/aadd48"
Si18_m25,25.0,0.013000000000000001,Sb,4.96045300556e-09,,Si18,iniab1.3E-02Lo03_Lo03_merged,"Sieverding, A., Martinez-Pinedo, G., Huther, L., Langanke, K., & Heger, A. 2018, ApJ, 865, 143, doi: 10.3847/1538-4357/aadd48"
Si18_m25,25.0,0.013000000000000001,Sc,2.53202450542e-06,,Si18,iniab1.3E-02Lo03_Lo03_merged,"Sieverding, A., Martinez-Pinedo, G., Huther, L., Langanke, K., & Heger, A. 2018, ApJ, 865, 143, doi: 10.3847/1538-4357/aadd48"
Si18_m25,25.0,0.013000000000000001,Se,4.00871728412e-05,,Si18,iniab1.3E-02Lo03_Lo03_merged,"Sieverding, A., Martinez-Pinedo, G., Huther, L., Langanke, K., & Heger, A. 2018, ApJ, 865, 143, doi: 10.3847/1538-4357/aadd48"
Si18_m25,25.0,0.013000000000000001,Si,0.279532707352,,Si18,iniab1.3E-02Lo03_Lo03_merged,"Sieverding, A., Martinez-Pinedo, G., Huther, L., Langanke, K., & Heger, A. 2018, ApJ, 865, 143, doi: 10.3847/1538-4357/aadd48"
Si18_m25,25.0,0.013000000000000001,Sm,3.82904126298e-09,,Si18,iniab1.3E-02Lo03_Lo03_merged,"Sieverding, A., Martinez-Pinedo, G., Huther, L., Langanke, K., & Heger, A. 2018, ApJ, 865, 143, doi: 10.3847/1538-4357/aadd48"
Si18_m25,25.0,0.013000000000000001,Sn,9.97493115436e-08,,Si18,iniab1.3E-02Lo03_Lo03_merged,"Sieverding, A., Martinez-Pinedo, G., Huther, L., Langanke, K., & Heger, A. 2018, ApJ, 865, 143, doi: 10.3847/1538-4357/aadd48"
Si18_m25,25.0,0.013000000000000001,Sr,3.79672823203e-06,,Si18,iniab1.3E-02Lo03_Lo03_merged,"Sieverding, A., Martinez-Pinedo, G., Huther, L., Langanke, K., & Heger, A. 2018, ApJ, 865, 143, doi: 10.3847/1538-4357/aadd48"
Si18_m25,25.0,0.013000000000000001,Ta,7.5785071219e-10,,Si18,iniab1.3E-02Lo03_Lo03_merged,"Sieverding, A., Martinez-Pinedo, G., Huther, L., Langanke, K., & Heger, A. 2018, ApJ, 865, 143, doi: 10.3847/1538-4357/aadd48"
Si18_m25,25.0,0.013000000000000001,Tb,8.64425748643e-10,,Si18,iniab1.3E-02Lo03_Lo03_merged,"Sieverding, A., Martinez-Pinedo, G., Huther, L., Langanke, K., & Heger, A. 2018, ApJ, 865, 143, doi: 10.3847/1538-4357/aadd48"
Si18_m25,25.0,0.013000000000000001,Tc,1.01068779119e-09,,Si18,iniab1.3E-02Lo03_Lo03_merged,"Sieverding, A., Martinez-Pinedo, G., Huther, L., Langanke, K., & Heger, A. 2018, ApJ, 865, 143, doi: 10.3847/1538-4357/aadd48"
Si18_m25,25.0,0.013000000000000001,Te,6.37988000467e-08,,Si18,iniab1.3E-02Lo03_Lo03_merged,"Sieverding, A., Martinez-Pinedo, G., Huther, L., Langanke, K., & Heger, A. 2018, ApJ, 865, 143, doi: 10.3847/1538-4357/aadd48"
Si18_m25,25.0,0.013000000000000001,Ti,0.000134937691517,,Si18,iniab1.3E-02Lo03_Lo03_merged,"Sieverding, A., Martinez-Pinedo, G., Huther, L., Langanke, K., & Heger, A. 2018, ApJ, 865, 143, doi: 10.3847/1538-4357/aadd48"
Si18_m25,25.0,0.013000000000000001,Tl,6.63789259221e-09,,Si18,iniab1.3E-02Lo03_Lo03_merged,"Sieverding, A., Martinez-Pinedo, G., Huther, L., Langanke, K., & Heger, A. 2018, ApJ, 865, 143, doi: 10.3847/1538-4357/aadd48"
Si18_m25,25.0,0.013000000000000001,Tm,1.19445678969e-09,,Si18,iniab1.3E-02Lo03_Lo03_merged,"Sieverding, A., Martinez-Pinedo, G., Huther, L., Langanke, K., & Heger, A. 2018, ApJ, 865, 143, doi: 10.3847/1538-4357/aadd48"
Si18_m25,25.0,0.013000000000000001,V,5.11365920362e-06,,Si18,iniab1.3E-02Lo03_Lo03_merged,"Sieverding, A., Martinez-Pinedo, G., Huther, L., Langanke, K., & Heger, A. 2018, ApJ, 865, 143, doi: 10.3847/1538-4357/aadd48"
Si18_m25,25.0,0.013000000000000001,W,5.96757607182e-09,,Si18,iniab1.3E-02Lo03_Lo03_merged,"Sieverding, A., Martinez-Pinedo, G., Huther, L., Langanke, K., & Heger, A. 2018, ApJ, 865, 143, doi: 10.3847/1538-4357/aadd48"
Si18_m25,25.0,0.013000000000000001,Xe,9.65197654783e-08,,Si18,iniab1.3E-02Lo03_Lo03_merged,"Sieverding, A., Martinez-Pinedo, G., Huther, L., Langanke, K., & Heger, A. 2018, ApJ, 865, 143, doi: 10.3847/1538-4357/aadd48"
Si18_m25,25.0,0.013000000000000001,Y,3.50664223463e-07,,Si18,iniab1.3E-02Lo03_Lo03_merged,"Sieverding, A., Martinez-Pinedo, G., Huther, L., Langanke, K., & Heger, A. 2018, ApJ, 865, 143, doi: 10.3847/1538-4357/aadd48"
Si18_m25,25.0,0.013000000000000001,Yb,7.22506236443e-09,,Si18,iniab1.3E-02Lo03_Lo03_merged,"Sieverding, A., Martinez-Pinedo, G., Huther, L., Langanke, K., & Heger, A. 2018, ApJ, 865, 143, doi: 10.3847/1538-4357/aadd48"
Si18_m25,25.0,0.013000000000000001,Zn,0.00486566218711,,Si18,iniab1.3E-02Lo03_Lo03_merged,"Sieverding, A., Martinez-Pinedo, G., Huther, L., Langanke, K., & Heger, A. 2018, ApJ, 865, 143, doi: 10.3847/1538-4357/aadd48"
Si18_m25,25.0,0.013000000000000001,Zr,9.74946607919e-07,,Si18,iniab1.3E-02Lo03_Lo03_merged,"Sieverding, A., Martinez-Pinedo, G., Huther, L., Langanke, K., & Heger, A. 2018, ApJ, 865, 143, doi: 10.3847/1538-4357/aadd48"
