source,expedition,site,hole,physical_sample_id,nrm_intensite,inclinaison_nrm,declinaison_nrm,profondeur_m,n_etapes_ablation,dose_min,dose_max,intensite_finale,fraction_restante,rho_ablation,n_etapes_inscription,rho_inscription,data_kind
iodp_remanence_359_14015152,359,U1466,A,CUBE7120581,1.05e-05,-78.1,33.7,170.74,8,10,90,5.79e-05,5.51429,0.7619,13,0.9451,mesure_experimentale
iodp_remanence_359_14015152,359,U1466,A,CUBE7122411,1.71e-05,-10.4,223.6,190.25,10,10,90,3.38e-05,1.97661,0.6242,12,0.9720,mesure_experimentale
iodp_remanence_359_14015152,359,U1466,A,CUBE7122941,0.0004777,14.8,219.4,209.49,10,10,90,5.37e-05,0.112414,-0.7212,11,0.8455,mesure_experimentale
iodp_remanence_359_14015152,359,U1466,A,CUBE7123101,0.0005019,-11.4,210.3,213.92,9,10,90,4.42e-05,0.0880654,-0.3333,11,0.7364,mesure_experimentale
iodp_remanence_359_14015152,359,U1466,A,CUBE7123231,0.0005971,8.6,173.8,218.7,9,10,90,7.63e-05,0.127784,-0.2333,11,0.9636,mesure_experimentale
iodp_remanence_359_14015152,359,U1467,A,CUBE7151231,6.64e-05,-20.1,72.8,1.54,21,10,70,0.0001069,1.60994,-0.1922,0,,mesure_experimentale
iodp_remanence_359_14015152,359,U1467,B,CUBE7157131,3.35e-05,-9.3,157.0,17.7,28,10,70,1.39e-05,0.414925,-0.8216,0,,mesure_experimentale
iodp_remanence_359_14015152,359,U1467,B,CUBE7159491,8e-05,-45.9,126.0,38.84,28,10,70,7.53e-05,0.94125,-0.4362,0,,mesure_experimentale
iodp_remanence_359_14015152,359,U1467,B,CUBE7161001,2.06e-05,77.2,33.3,56.36,28,10,70,6.92e-05,3.35922,0.3344,0,,mesure_experimentale
iodp_remanence_359_14015152,359,U1467,B,CUBE7166251,4.46e-05,1.2,121.3,91.65,21,10,70,7.87e-05,1.76457,0.3338,0,,mesure_experimentale
iodp_remanence_359_14015152,359,U1467,B,CUBE7168521,8.73e-05,-37.8,120.3,103.13,21,10,70,7.9e-05,0.904926,-0.2623,0,,mesure_experimentale
iodp_remanence_359_14015152,359,U1465,A,CUBE7335151,0.0013439,-17.4,181.9,35.67,9,10,90,0.0001301,0.0968078,-0.4333,14,0.9165,mesure_experimentale
iodp_remanence_359_14015152,359,U1466,A,CYL7124491,6.04e-05,22.2,357.1,317.45,9,10,90,4.09e-05,0.677152,0.4333,0,,mesure_experimentale
iodp_remanence_359_14015152,359,U1466,B,CYL7125331,0.0001183,-76.3,354.9,316.53,10,10,90,0.0002914,2.46323,-0.1394,0,,mesure_experimentale
iodp_remanence_359_14015152,359,U1466,B,CYL7125481,3.73e-05,-59.1,35.0,333.99,9,10,90,7.45e-05,1.99732,0.0333,0,,mesure_experimentale
iodp_remanence_359_14015152,359,U1466,B,CYL7126801,2.2e-05,-19.4,184.4,391.82,9,10,90,8.32e-05,3.78182,0.7500,0,,mesure_experimentale
iodp_remanence_359_14015152,359,U1466,B,CYL7127841,0.0001138,-64.4,349.2,401.69,9,10,90,6.1e-05,0.536028,0.5167,0,,mesure_experimentale
iodp_remanence_359_14015152,359,U1466,B,CYL7129571,6.04e-05,-10.2,39.7,441.37,9,10,90,3.65e-05,0.604305,0.0167,0,,mesure_experimentale
iodp_remanence_359_14015152,359,U1466,B,CYL7141481,3.56e-05,57.3,234.7,754.91,8,10,80,5.3e-05,1.48876,0.1190,0,,mesure_experimentale
iodp_remanence_359_14015152,359,U1466,B,CYL7143541,8.04e-05,-52.4,4.8,790.62,8,10,80,6.57e-05,0.817164,0.3571,0,,mesure_experimentale
iodp_remanence_359_14015152,359,U1466,B,CYL7143551,5.28e-05,-51.5,142.8,791.19,8,10,80,6.32e-05,1.19697,-0.3810,0,,mesure_experimentale
iodp_remanence_359_14015152,359,U1466,B,CYL7143571,5.31e-05,-49.5,140.8,800.13,8,10,80,2.88e-05,0.542373,-0.0714,0,,mesure_experimentale
iodp_remanence_359_14015152,359,U1466,B,CYL7143591,3.65e-05,-42.2,324.2,802.95,8,10,80,5.12e-05,1.40274,-0.3571,0,,mesure_experimentale
iodp_remanence_359_14015152,359,U1466,B,CYL7143601,4.48e-05,75.4,221.0,803.46,8,10,80,5.63e-05,1.2567,0.4762,0,,mesure_experimentale
iodp_remanence_360_11984456,360,U1473,A,CUBE7404681,0.521907,68.9,119.7,11.22,54,0,580,0.0039575,0.00758277,-0.9945,0,,mesure_experimentale
iodp_remanence_360_11984456,360,U1473,A,CUBE7404691,0.622741,76.7,94.4,12.89,57,0,580,0.0121159,0.0194558,-0.9951,0,,mesure_experimentale
iodp_remanence_360_11984456,360,U1473,A,CUBE7404701,0.398308,77.6,142.6,16.7,57,0,580,0.007623,0.0191385,-0.8778,0,,mesure_experimentale
iodp_remanence_360_11984456,360,U1473,A,CUBE7404711,0.110503,76.2,219.8,23.13,54,0,580,0.0046746,0.0423028,-0.9945,0,,mesure_experimentale
iodp_remanence_360_11984456,360,U1473,A,CUBE7404721,2.70888,43.5,130.8,26.05,54,0,580,0.29739,0.109783,-0.9945,0,,mesure_experimentale
iodp_remanence_360_11984456,360,U1473,A,CUBE7404731,0.340701,86.3,15.9,30.43,57,0,580,0.0159189,0.046724,-0.9951,0,,mesure_experimentale
iodp_remanence_360_11984456,360,U1473,A,CUBE7404741,14.3512,64.7,86.3,32.11,54,0,580,0.184388,0.0128482,-0.9863,0,,mesure_experimentale
iodp_remanence_360_11984456,360,U1473,A,CUBE7410141,0.542678,77.6,95.9,43.495,54,0,580,0.0211407,0.0389562,-0.9945,0,,mesure_experimentale
iodp_remanence_360_11984456,360,U1473,A,CUBE7410151,0.251653,77.8,315.8,52.57,57,0,580,0.0317618,0.126213,-0.9951,0,,mesure_experimentale
iodp_remanence_360_11984456,360,U1473,A,CUBE7410161,0.301101,83.2,260.3,61.29,57,0,580,0.0139647,0.0463787,-0.9951,0,,mesure_experimentale
iodp_remanence_360_11984456,360,U1473,A,CUBE7410171,2.26694,78.3,191.3,65.835,84,0,580,0.0132351,0.00583832,-0.3056,0,,mesure_experimentale
iodp_remanence_360_11984456,360,U1473,A,CUBE7410181,0.292051,67.6,109.4,73.19,81,0,580,0.0080863,0.0276879,-0.8202,0,,mesure_experimentale
iodp_remanence_360_11984456,360,U1473,A,CUBE7410191,2.74237,84.6,182.2,76.355,57,0,580,0.0295291,0.0107677,-0.8428,0,,mesure_experimentale
iodp_remanence_360_11984456,360,U1473,A,CUBE7410201,0.718619,68.2,153.8,44.34,54,0,580,0.0572736,0.0796996,-0.9904,0,,mesure_experimentale
iodp_remanence_360_11984456,360,U1473,A,CUBE7419861,3.71925,79.8,176.5,80.595,54,0,580,0.0478478,0.0128649,-0.9925,0,,mesure_experimentale
iodp_remanence_360_11984456,360,U1473,A,CUBE7419871,0.093649,66.8,50.0,83.56,90,0,580,0.0079745,0.0851531,-0.7928,0,,mesure_experimentale
iodp_remanence_360_11984456,360,U1473,A,CUBE7419881,1.91499,74.2,178.8,92.76,57,0,580,0.0484782,0.0253152,-0.9933,0,,mesure_experimentale
iodp_remanence_360_11984456,360,U1473,A,CUBE7419891,0.052492,62.6,74.6,96.215,54,0,580,0.0097799,0.186312,-0.9863,0,,mesure_experimentale
iodp_remanence_360_11984456,360,U1473,A,CUBE7419901,0.553876,69.6,266.1,100.42,87,0,580,0.0060238,0.0108757,-0.9164,0,,mesure_experimentale
iodp_remanence_360_11984456,360,U1473,A,CUBE7419911,3.81538,75.3,232.5,103.87,54,0,580,0.163786,0.0429279,-0.9945,0,,mesure_experimentale
iodp_remanence_360_11984456,360,U1473,A,CUBE7419921,2.66625,67.3,187.3,106.33,54,0,580,0.164826,0.0618194,-0.9945,0,,mesure_experimentale
iodp_remanence_360_11984456,360,U1473,A,CUBE7427591,2.01579,85.7,238.4,109.52,57,0,580,0.0670475,0.0332612,-0.9942,0,,mesure_experimentale
iodp_remanence_360_11984456,360,U1473,A,CUBE7427601,3.13133,67.8,151.7,113.22,57,0,580,0.0462954,0.0147846,-0.9942,0,,mesure_experimentale
iodp_remanence_360_11984456,360,U1473,A,CUBE7427611,2.00263,69.4,198.7,119.615,57,0,580,0.0356916,0.0178224,-0.9942,0,,mesure_experimentale
iodp_remanence_360_11984456,360,U1473,A,CUBE7427621,0.221651,69.1,280.2,122.6,57,0,580,0.0053432,0.0241064,-0.9726,0,,mesure_experimentale
iodp_remanence_360_11984456,360,U1473,A,CUBE7427631,2.07728,72.9,195.1,123.23,54,0,580,0.0297296,0.0143118,-0.9945,0,,mesure_experimentale
iodp_remanence_360_11984456,360,U1473,A,CUBE7427641,2.50002,74.6,201.2,123.25,57,0,580,0.0936211,0.0374481,-0.9916,0,,mesure_experimentale
iodp_remanence_360_11984456,360,U1473,A,CUBE7427651,2.28534,86.1,140.2,125.485,57,0,580,0.0499031,0.0218361,-0.9936,0,,mesure_experimentale
iodp_remanence_360_11984456,360,U1473,A,CUBE7427661,1.59453,81.7,232.6,132.18,57,0,580,0.0631248,0.0395883,-0.9942,0,,mesure_experimentale
iodp_remanence_360_11984456,360,U1473,A,CUBE7427671,2.24399,80.0,205.9,135.54,54,0,580,0.0431367,0.0192232,-0.9945,0,,mesure_experimentale
iodp_remanence_360_11984456,360,U1473,A,CUBE7427681,3.33739,80.3,195.5,135.56,57,0,580,0.129759,0.0388803,-0.9916,0,,mesure_experimentale
iodp_remanence_360_11984456,360,U1473,A,CUBE7430421,2.49902,70.1,179.3,139.73,57,0,580,0.0280232,0.0112137,-0.9919,0,,mesure_experimentale
iodp_remanence_360_11984456,360,U1473,A,CUBE7430431,1.67489,73.6,179.4,142.14,57,0,580,0.0339644,0.0202786,-0.9936,0,,mesure_experimentale
iodp_remanence_360_11984456,360,U1473,A,CUBE7430441,2.5647,69.4,231.7,145.05,81,0,580,0.0855747,0.0333663,-0.2984,0,,mesure_experimentale
iodp_remanence_360_11984456,360,U1473,A,CUBE7430451,2.30419,78.8,168.4,148.875,57,0,580,0.0451027,0.0195742,-0.9942,0,,mesure_experimentale
iodp_remanence_360_11984456,360,U1473,A,CUBE7430461,2.92221,84.8,257.0,152.4,57,0,580,0.0503359,0.0172253,-0.9942,0,,mesure_experimentale
iodp_remanence_360_11984456,360,U1473,A,CUBE7430471,2.73168,78.8,195.4,154.475,57,0,580,0.0646437,0.0236644,-0.9942,0,,mesure_experimentale
iodp_remanence_360_11984456,360,U1473,A,CUBE7430481,1.5402,80.3,195.6,159.715,57,0,580,0.0557569,0.036201,-0.9936,0,,mesure_experimentale
iodp_remanence_360_11984456,360,U1473,A,CUBE7430491,0.632508,74.3,221.0,162.62,81,0,580,0.0269275,0.0425726,-0.8874,0,,mesure_experimentale
iodp_remanence_360_11984456,360,U1473,A,CUBE7430501,0.485448,75.5,302.9,169.4,60,0,580,0.0283087,0.0583146,-0.9891,0,,mesure_experimentale
iodp_remanence_360_11984456,360,U1473,A,CUBE7430511,2.18094,78.9,72.0,179.665,57,0,580,0.0327306,0.0150076,-0.9936,0,,mesure_experimentale
iodp_remanence_360_11984456,360,U1473,A,CUBE7440951,0.263327,69.1,207.9,182.63,57,0,580,0.094832,0.36013,-0.9936,0,,mesure_experimentale
iodp_remanence_360_11984456,360,U1473,A,CUBE7440961,1.67881,80.5,216.7,188.675,57,0,580,0.02217,0.0132058,-0.9919,0,,mesure_experimentale
iodp_remanence_360_11984456,360,U1473,A,CUBE7453551,0.135011,70.7,147.5,199.4,57,0,580,0.003915,0.0289976,-0.5153,0,,mesure_experimentale
iodp_remanence_360_11984456,360,U1473,A,CUBE7453561,0.878009,81.3,252.4,201.54,57,0,580,0.0617107,0.0702848,-0.9936,0,,mesure_experimentale
iodp_remanence_360_11984456,360,U1473,A,CUBE7453571,0.05958,63.5,222.0,209.2,57,0,580,0.0078838,0.132323,-0.9808,0,,mesure_experimentale
iodp_remanence_360_11984456,360,U1473,A,CUBE7453581,0.0294927,-72.3,96.4,211.1,57,0,580,0.0088463,0.299949,-0.9621,0,,mesure_experimentale
iodp_remanence_360_11984456,360,U1473,A,CUBE7457611,0.206326,56.2,133.8,217.37,51,0,200,0.466359,2.2603,-0.2405,0,,mesure_experimentale
iodp_remanence_360_11984456,360,U1473,A,CUBE7457621,2.81574,80.9,169.7,217.98,57,0,580,0.464914,0.165112,-0.9942,0,,mesure_experimentale
iodp_remanence_360_11984456,360,U1473,A,CUBE7457631,2.91414,73.2,225.5,228.35,48,0,200,0.0767438,0.026335,-0.9828,0,,mesure_experimentale
iodp_remanence_360_11984456,360,U1473,A,CUBE7457641,1.20627,66.4,261.9,236.615,57,0,580,0.0197301,0.0163563,-0.9756,0,,mesure_experimentale
iodp_remanence_360_11984456,360,U1473,A,CUBE7457651,2.48147,72.8,202.4,239.31,57,0,580,0.034478,0.0138942,-0.9808,0,,mesure_experimentale
iodp_remanence_360_11984456,360,U1473,A,CUBE7457661,1.52493,71.2,184.0,241.545,57,0,580,0.0532573,0.0349244,-0.9942,0,,mesure_experimentale
iodp_remanence_360_11984456,360,U1473,A,CUBE7457671,2.01504,81.7,52.7,246.37,57,0,580,0.0570209,0.0282977,-0.8414,0,,mesure_experimentale
iodp_remanence_360_11984456,360,U1473,A,CUBE7457681,1.4476,88.3,21.0,249.2,57,0,580,0.0416718,0.0287868,-0.9942,0,,mesure_experimentale
iodp_remanence_360_11984456,360,U1473,A,CUBE7457691,3.12287,77.6,177.4,251.07,57,0,580,0.0547333,0.0175266,-0.9942,0,,mesure_experimentale
iodp_remanence_360_11984456,360,U1473,A,CUBE7467961,0.830707,76.6,82.0,256.39,57,0,580,0.0312962,0.0376742,-0.9933,0,,mesure_experimentale
iodp_remanence_360_11984456,360,U1473,A,CUBE7467971,0.169152,75.7,49.1,256.41,54,105,580,0.006568,0.0388289,-0.9945,0,,mesure_experimentale
iodp_remanence_360_11984456,360,U1473,A,CUBE7467981,0.447358,49.5,20.1,258.505,48,0,200,0.0290628,0.0649654,-0.9877,0,,mesure_experimentale
iodp_remanence_360_11984456,360,U1473,A,CUBE7467991,2.34021,69.4,96.3,262.005,57,0,580,0.06799,0.0290529,-0.9933,0,,mesure_experimentale
iodp_remanence_360_11984456,360,U1473,A,CUBE7468001,4.09957,80.2,77.6,266.25,57,0,580,0.157883,0.0385121,-0.9933,0,,mesure_experimentale
iodp_remanence_360_11984456,360,U1473,A,CUBE7468011,0.512721,83.1,261.6,270.855,48,0,200,0.0129725,0.0253013,-0.9877,0,,mesure_experimentale
iodp_remanence_360_11984456,360,U1473,A,CUBE7468021,0.248395,75.1,75.5,270.875,57,0,580,0.014515,0.0584352,-0.9933,0,,mesure_experimentale
iodp_remanence_360_11984456,360,U1473,A,CUBE7468031,3.43012,80.2,186.9,277.12,57,0,580,0.123601,0.036034,-0.9933,0,,mesure_experimentale
iodp_remanence_360_11984456,360,U1473,A,CUBE7472561,0.318198,68.5,213.8,284.47,54,0,140,0.0237775,0.0747255,-0.7017,0,,mesure_experimentale
iodp_remanence_360_11984456,360,U1473,A,CUBE7472571,0.940956,70.3,226.3,284.49,57,0,580,0.0210332,0.022353,-0.9758,0,,mesure_experimentale
iodp_remanence_360_11984456,360,U1473,A,CUBE7472581,4.89805,54.5,163.2,287.4,57,0,580,0.117759,0.024042,-0.9898,0,,mesure_experimentale
iodp_remanence_360_11984456,360,U1473,A,CUBE7472591,0.368864,78.9,59.5,290.465,57,0,580,0.0278333,0.0754567,-0.9933,0,,mesure_experimentale
iodp_remanence_360_11984456,360,U1473,A,CUBE7472601,1.67135,82.8,299.2,293.96,57,0,580,0.0284826,0.0170416,-0.9933,0,,mesure_experimentale
iodp_remanence_360_11984456,360,U1473,A,CUBE7472611,1.20235,83.2,351.9,296.63,57,0,580,0.0229536,0.0190907,-0.9933,0,,mesure_experimentale
iodp_remanence_360_11984456,360,U1473,A,CUBE7472621,0.517195,79.8,115.2,297.57,48,0,200,0.0625519,0.120944,-0.9789,0,,mesure_experimentale
iodp_remanence_360_11984456,360,U1473,A,CUBE7472631,1.61286,73.2,96.8,304.56,57,0,580,0.0376501,0.0233436,-0.9933,0,,mesure_experimentale
iodp_remanence_360_11984456,360,U1473,A,CUBE7472641,0.652098,65.2,84.1,307.045,57,0,580,0.0299007,0.0458531,-0.9933,0,,mesure_experimentale
iodp_remanence_360_11984456,360,U1473,A,CUBE7472651,0.263441,70.9,91.3,313.58,48,0,200,0.0143894,0.054621,-0.9858,0,,mesure_experimentale
iodp_remanence_360_11984456,360,U1473,A,CUBE7472661,0.193322,69.3,76.3,313.605,57,0,580,0.0108162,0.0559492,-0.9758,0,,mesure_experimentale
iodp_remanence_360_11984456,360,U1473,A,CUBE7472671,3.70234,80.4,181.8,323.88,57,0,580,0.123176,0.0332697,-0.9933,0,,mesure_experimentale
iodp_remanence_360_11984456,360,U1473,A,CUBE7472681,2.67673,77.2,225.0,326.09,57,0,580,0.065911,0.0246237,-0.9916,0,,mesure_experimentale
iodp_remanence_360_11984456,360,U1473,A,CUBE7473411,1.56871,66.4,48.4,334.995,57,0,580,0.062948,0.0401272,-0.6748,0,,mesure_experimentale
iodp_remanence_360_11984456,360,U1473,A,CUBE7473421,0.783319,67.2,77.8,337.02,57,0,580,0.0333425,0.0425657,-0.9443,0,,mesure_experimentale
iodp_remanence_360_11984456,360,U1473,A,CUBE7473431,1.95152,72.0,97.4,343.655,57,0,580,0.0598824,0.030685,-0.8691,0,,mesure_experimentale
iodp_remanence_360_11984456,360,U1473,A,CUBE7473441,2.01261,81.4,111.4,346.485,57,0,580,0.0471336,0.0234191,-0.9846,0,,mesure_experimentale
iodp_remanence_360_11984456,360,U1473,A,CUBE7473451,2.87315,67.3,150.9,354.35,57,0,580,0.0840576,0.0292562,-0.9093,0,,mesure_experimentale
iodp_remanence_360_11984456,360,U1473,A,CUBE7473461,1.75916,75.1,94.4,356.925,57,0,580,0.0869055,0.0494018,-0.9881,0,,mesure_experimentale
iodp_remanence_360_11984456,360,U1473,A,CUBE7473471,2.00785,71.5,75.8,359.175,57,0,580,0.047308,0.0235615,-0.9338,0,,mesure_experimentale
iodp_remanence_360_11984456,360,U1473,A,CUBE7473481,0.763624,78.4,210.1,372.795,57,0,580,0.0331042,0.0433514,-0.9566,0,,mesure_experimentale
iodp_remanence_360_11984456,360,U1473,A,CUBE7473491,1.74982,68.4,207.0,374.7,57,0,580,0.149452,0.0854098,-0.9531,0,,mesure_experimentale
iodp_remanence_360_11984456,360,U1473,A,CUBE7473501,0.914427,69.4,217.5,377.075,57,0,580,0.0263441,0.0288094,-0.9933,0,,mesure_experimentale
iodp_remanence_360_11984456,360,U1473,A,CUBE7473511,2.83441,82.5,152.7,381.665,54,0,140,0.0797455,0.0281347,-0.2372,0,,mesure_experimentale
iodp_remanence_360_11984456,360,U1473,A,CUBE7473521,2.54833,85.4,119.1,381.685,57,0,580,0.101855,0.0399694,-0.4981,0,,mesure_experimentale
iodp_remanence_360_11984456,360,U1473,A,CUBE7473531,0.93036,73.3,203.8,384.73,57,0,580,0.0254399,0.0273441,-0.9636,0,,mesure_experimentale
iodp_remanence_360_11984456,360,U1473,A,CUBE7473541,0.940922,75.0,269.5,391.585,57,0,580,0.025555,0.0271595,-0.9933,0,,mesure_experimentale
iodp_remanence_360_11984456,360,U1473,A,CUBE7473551,0.311016,72.7,129.7,394.62,54,0,140,0.0188402,0.0605763,-0.7017,0,,mesure_experimentale
iodp_remanence_360_11984456,360,U1473,A,CUBE7473561,0.336311,72.1,122.8,394.64,57,0,580,0.0196156,0.0583258,-0.9916,0,,mesure_experimentale
iodp_remanence_360_11984456,360,U1473,A,CUBE7473571,1.972,81.4,103.2,396.5,57,0,580,0.0598946,0.0303725,-0.9933,0,,mesure_experimentale
iodp_remanence_360_11984456,360,U1473,A,CUBE7473581,1.96696,80.3,107.6,398.85,57,0,580,0.0767128,0.0390006,-0.9881,0,,mesure_experimentale
iodp_remanence_360_11984456,360,U1473,A,CUBE7473591,1.30781,77.3,125.6,400.77,57,0,580,0.0618338,0.0472806,-0.9531,0,,mesure_experimentale
iodp_remanence_360_11984456,360,U1473,A,CUBE7473601,2.35603,77.5,66.9,403.955,57,0,580,0.0655857,0.0278373,-0.9461,0,,mesure_experimentale
iodp_remanence_360_11984456,360,U1473,A,CUBE7473611,2.39685,72.8,47.3,406.84,54,0,580,0.0646201,0.0269604,-0.8772,0,,mesure_experimentale
iodp_remanence_360_11984456,360,U1473,A,CUBE7485481,1.39448,71.6,235.9,323.91,54,0,580,0.0297891,0.0213622,-0.9925,0,,mesure_experimentale
iodp_remanence_360_11984456,360,U1473,A,CUBE7497821,0.941069,66.8,46.5,411.26,54,0,580,0.0138461,0.0147132,-0.9925,0,,mesure_experimentale
iodp_remanence_360_11984456,360,U1473,A,CUBE7497841,0.752937,57.2,56.5,411.2,48,0,200,0.0766611,0.101816,-0.9877,0,,mesure_experimentale
iodp_remanence_360_11984456,360,U1473,A,CUBE7497861,0.451288,29.3,148.1,420.78,48,0,560,0.0336758,0.0746215,-0.9901,0,,mesure_experimentale
iodp_remanence_360_11984456,360,U1473,A,CUBE7497881,1.14504,44.6,137.4,422.63,54,0,580,0.0379593,0.033151,-0.8834,0,,mesure_experimentale
iodp_remanence_360_11984456,360,U1473,A,CUBE7497901,0.800765,35.9,162.8,424.64,54,0,580,0.0287068,0.0358492,-0.9904,0,,mesure_experimentale
iodp_remanence_360_11984456,360,U1473,A,CUBE7498261,0.320428,59.5,74.7,440.89,54,0,580,0.0174392,0.0544247,-0.8257,0,,mesure_experimentale
iodp_remanence_360_11984456,360,U1473,A,CUBE7498271,0.326028,45.9,269.2,450.51,54,0,580,0.0142685,0.0437647,-0.9472,0,,mesure_experimentale
iodp_remanence_360_11984456,360,U1473,A,CUBE7498281,0.807061,62.5,127.4,453.28,54,0,580,0.0292358,0.036225,-0.8669,0,,mesure_experimentale
iodp_remanence_360_11984456,360,U1473,A,CUBE7498301,0.406116,60.4,63.7,461.25,54,0,580,0.0112746,0.027762,-0.8854,0,,mesure_experimentale
iodp_remanence_360_11984456,360,U1473,A,CUBE7498311,0.708742,65.5,265.9,465.615,54,0,580,0.0146957,0.0207349,-0.9657,0,,mesure_experimentale
iodp_remanence_360_11984456,360,U1473,A,CUBE7507851,0.0962149,29.2,87.1,519.435,54,0,580,0.0171911,0.178674,-0.7784,0,,mesure_experimentale
iodp_remanence_360_11984456,360,U1473,A,CUBE7507861,1.05855,46.4,251.3,520.2,48,0,200,0.168268,0.158961,-0.9848,0,,mesure_experimentale
iodp_remanence_360_11984456,360,U1473,A,CUBE7507881,0.282315,65.6,318.1,521.88,54,0,580,0.0375205,0.132903,-0.9698,0,,mesure_experimentale
iodp_remanence_360_11984456,360,U1473,A,CUBE7507891,0.0733627,-23.5,355.6,523.125,54,0,580,0.0735084,1.00199,0.0491,0,,mesure_experimentale
iodp_remanence_360_11984456,360,U1473,A,CUBE7507911,0.158803,67.5,174.2,524.61,54,0,580,0.0175843,0.11073,-0.9842,0,,mesure_experimentale
iodp_remanence_360_11984456,360,U1473,A,CUBE7507921,0.159756,5.4,29.4,525.71,54,0,580,0.0690533,0.432242,0.2940,0,,mesure_experimentale
iodp_remanence_360_11984456,360,U1473,A,CUBE7507941,0.422992,57.1,227.3,528.035,54,0,580,0.0438599,0.10369,-0.8237,0,,mesure_experimentale
iodp_remanence_360_11984456,360,U1473,A,CUBE7507971,0.243578,37.7,256.4,531.43,54,0,580,0.0128181,0.0526241,-0.7269,0,,mesure_experimentale
iodp_remanence_360_11984456,360,U1473,A,CUBE7507991,0.130182,-35.0,349.8,533.83,54,0,580,0.0499738,0.383876,-0.5561,0,,mesure_experimentale
iodp_remanence_360_11984456,360,U1473,A,CUBE7511011,0.106237,6.1,79.3,540.6,54,0,580,0.0415106,0.390736,-0.4079,0,,mesure_experimentale
iodp_remanence_360_11984456,360,U1473,A,CUBE7511021,0.280995,53.2,75.6,542.55,48,0,560,0.0700772,0.24939,-0.9784,0,,mesure_experimentale
iodp_remanence_360_11984456,360,U1473,A,CUBE7511051,0.612151,40.8,247.1,548.88,54,0,580,0.0323019,0.0527679,-0.9863,0,,mesure_experimentale
iodp_remanence_360_11984456,360,U1473,A,CUBE7511071,0.323806,56.2,207.4,551.28,54,0,580,0.0210881,0.0651258,-0.8916,0,,mesure_experimentale
iodp_remanence_360_11984456,360,U1473,A,CUBE7511081,0.302792,58.8,198.2,551.3,48,0,200,0.0928184,0.306542,-0.9828,0,,mesure_experimentale
iodp_remanence_360_11984456,360,U1473,A,CUBE7511101,0.159614,63.3,229.5,552.11,54,0,580,0.0115752,0.07252,-0.9678,0,,mesure_experimentale
iodp_remanence_360_11984456,360,U1473,A,CUBE7511131,1.07431,40.5,39.2,558.77,54,0,580,0.0260346,0.0242337,-0.8957,0,,mesure_experimentale
iodp_remanence_360_11984456,360,U1473,A,CUBE7511151,1.68098,55.8,80.7,560.67,54,0,580,0.109959,0.0654134,-0.7722,0,,mesure_experimentale
iodp_remanence_360_11984456,360,U1473,A,CUBE7511161,0.0092144,28.6,0.6,562.89,54,0,580,0.002088,0.226602,-0.8998,0,,mesure_experimentale
iodp_remanence_360_11984456,360,U1473,A,CUBE7511171,0.0180984,-75.7,91.2,563.99,54,0,580,0.0076166,0.420844,-0.8010,0,,mesure_experimentale
iodp_remanence_360_11984456,360,U1473,A,CUBE7511181,0.0389574,-76.0,287.3,564.56,54,0,580,0.0054042,0.138721,-0.7063,0,,mesure_experimentale
iodp_remanence_360_11984456,360,U1473,A,CUBE7511191,0.0474048,-78.2,272.4,564.58,48,0,200,0.0101515,0.214145,-0.9672,0,,mesure_experimentale
iodp_remanence_360_11984456,360,U1473,A,CUBE7511211,0.230782,15.8,14.4,568.61,54,0,580,0.0832044,0.360532,-0.5046,0,,mesure_experimentale
iodp_remanence_360_11984456,360,U1473,A,CUBE7511221,0.247543,19.8,190.3,553.89,54,0,580,0.0973214,0.39315,-0.4326,0,,mesure_experimentale
iodp_remanence_360_11984456,360,U1473,A,CUBE7515071,0.413548,60.0,270.8,578.21,51,0,580,0.009049,0.0218814,-0.9401,0,,mesure_experimentale
iodp_remanence_360_11984456,360,U1473,A,CUBE7515091,0.409434,50.5,58.5,580.63,42,5,200,0.0839134,0.20495,-0.9909,0,,mesure_experimentale
iodp_remanence_360_11984456,360,U1473,A,CUBE7515101,0.574416,59.9,122.1,582.39,51,0,580,0.018904,0.0329099,-0.9767,0,,mesure_experimentale
iodp_remanence_360_11984456,360,U1473,A,CUBE7515111,0.0870318,-59.1,93.0,582.59,51,0,580,0.0289726,0.332897,-0.6982,0,,mesure_experimentale
iodp_remanence_360_11984456,360,U1473,A,CUBE7515141,0.839746,56.1,330.6,585.5,51,0,580,0.0072268,0.00860594,-0.9621,0,,mesure_experimentale
iodp_remanence_360_11984456,360,U1473,A,CUBE7515161,0.11498,62.7,18.7,587.75,51,0,580,0.0068933,0.059952,-0.9841,0,,mesure_experimentale
iodp_remanence_360_11984456,360,U1473,A,CUBE7515171,0.376045,63.0,259.5,588.96,51,0,580,0.0100567,0.0267433,-0.9938,0,,mesure_experimentale
iodp_remanence_360_11984456,360,U1473,A,CUBE7515191,0.139814,64.6,204.4,590.71,51,0,580,0.0066368,0.0474688,-0.9621,0,,mesure_experimentale
iodp_remanence_360_11984456,360,U1473,A,CUBE7515201,0.0759898,63.7,197.3,593.93,51,0,580,0.0036696,0.0482907,-0.9865,0,,mesure_experimentale
iodp_remanence_360_11984456,360,U1473,A,CUBE7515221,0.0642011,21.1,314.0,596.33,51,0,580,0.0098827,0.153933,-0.9474,0,,mesure_experimentale
iodp_remanence_360_11984456,360,U1473,A,CUBE7515231,0.0229058,41.5,266.9,597.64,51,0,580,0.0073741,0.321932,-0.2926,0,,mesure_experimentale
iodp_remanence_360_11984456,360,U1473,A,CUBE7515241,0.1677,54.1,276.3,597.74,51,0,580,0.0077438,0.0461766,-0.6005,0,,mesure_experimentale
iodp_remanence_360_11984456,360,U1473,A,CUBE7515271,0.221932,41.0,58.4,601.0,51,0,580,0.0205525,0.0926071,-0.4416,0,,mesure_experimentale
iodp_remanence_360_11984456,360,U1473,A,CUBE7515281,0.075563,45.1,14.8,602.99,51,0,580,0.0060061,0.0794847,-0.6567,0,,mesure_experimentale
iodp_remanence_360_11984456,360,U1473,A,CUBE7515291,0.17901,40.6,26.7,604.925,42,5,200,0.0317044,0.17711,-0.9603,0,,mesure_experimentale
iodp_remanence_360_11984456,360,U1473,A,CUBE7517751,0.141419,56.0,88.1,607.93,51,0,580,0.0081962,0.0579567,-0.9474,0,,mesure_experimentale
iodp_remanence_360_11984456,360,U1473,A,CUBE7517761,0.0220702,58.8,193.1,609.52,51,0,580,0.0025828,0.117027,-0.8033,0,,mesure_experimentale
iodp_remanence_360_11984456,360,U1473,A,CUBE7517781,0.0412724,64.3,13.3,612.05,51,0,580,0.0073969,0.179221,-0.8424,0,,mesure_experimentale
iodp_remanence_360_11984456,360,U1473,A,CUBE7517801,1.34944,46.0,148.6,615.4,51,0,580,0.0545623,0.0404333,-0.9621,0,,mesure_experimentale
iodp_remanence_360_11984456,360,U1473,A,CUBE7517811,0.100885,35.7,0.7,617.13,51,0,580,0.0217788,0.215877,-0.9157,0,,mesure_experimentale
iodp_remanence_360_11984456,360,U1473,A,CUBE7517831,0.443904,50.6,47.9,619.97,51,0,580,0.0353511,0.0796368,-0.3757,0,,mesure_experimentale
iodp_remanence_360_11984456,360,U1473,A,CUBE7517851,0.172531,24.8,8.6,623.06,51,0,580,0.064815,0.375672,-0.7519,0,,mesure_experimentale
iodp_remanence_360_11984456,360,U1473,A,CUBE7517881,0.522934,47.2,45.2,628.28,51,0,580,0.0685879,0.13116,-0.1167,0,,mesure_experimentale
iodp_remanence_360_11984456,360,U1473,A,CUBE7517891,0.0987033,63.5,209.5,631.24,51,0,580,0.0090864,0.0920577,-0.7739,0,,mesure_experimentale
iodp_remanence_360_11984456,360,U1473,A,CUBE7517911,5.37831,13.1,132.4,631.83,51,0,580,1.09406,0.20342,-0.8692,0,,mesure_experimentale
iodp_remanence_360_11984456,360,U1473,A,CUBE7517921,0.0713892,54.2,53.6,633.62,51,0,580,0.0097367,0.136389,-0.9621,0,,mesure_experimentale
iodp_remanence_360_11984456,360,U1473,A,CUBE7517941,0.134329,53.9,34.7,635.82,51,0,580,0.0153981,0.11463,-0.9816,0,,mesure_experimentale
iodp_remanence_360_11984456,360,U1473,A,CUBE7519801,0.104801,76.0,275.2,625.08,51,0,580,0.0232291,0.22165,-0.8668,0,,mesure_experimentale
iodp_remanence_360_11984456,360,U1473,A,CUBE7519811,0.208922,56.7,137.4,636.305,51,0,580,0.0113533,0.0543423,-0.9841,0,,mesure_experimentale
iodp_remanence_360_11984456,360,U1473,A,CUBE7519831,1.54984,60.5,89.5,639.24,39,5,140,0.0801649,0.0517246,-0.9895,0,,mesure_experimentale
iodp_remanence_360_11984456,360,U1473,A,CUBE7519851,0.0217562,79.6,5.9,639.82,51,0,580,0.0038678,0.177779,-0.8008,0,,mesure_experimentale
iodp_remanence_360_11984456,360,U1473,A,CUBE7519871,0.2568,55.3,82.1,641.69,51,0,580,0.0359135,0.13985,-0.8521,0,,mesure_experimentale
iodp_remanence_360_11984456,360,U1473,A,CUBE7519881,0.0793419,-11.0,133.2,641.87,51,0,580,0.0291892,0.367891,-0.6689,0,,mesure_experimentale
iodp_remanence_360_11984456,360,U1473,A,CUBE7519891,2.33747,51.8,28.0,642.8,51,0,580,0.0727577,0.0311266,-0.6615,0,,mesure_experimentale
iodp_remanence_360_11984456,360,U1473,A,CUBE7519911,0.0857008,56.4,61.1,644.64,42,5,200,0.0162695,0.189841,-0.9297,0,,mesure_experimentale
iodp_remanence_360_11984456,360,U1473,A,CUBE7519921,0.138297,69.1,352.4,646.46,51,0,580,0.0103708,0.0749893,-0.9645,0,,mesure_experimentale
iodp_remanence_360_11984456,360,U1473,A,CUBE7519941,0.0838488,51.6,107.1,649.02,51,0,580,0.0072959,0.0870126,-0.9816,0,,mesure_experimentale
iodp_remanence_360_11984456,360,U1473,A,CUBE7519961,0.0861287,45.5,89.8,649.8,51,0,580,0.0098815,0.114729,-0.9792,0,,mesure_experimentale
iodp_remanence_360_11984456,360,U1473,A,CUBE7519971,2.89997,49.3,75.6,650.48,51,0,580,0.171539,0.0591522,-0.7275,0,,mesure_experimentale
iodp_remanence_360_11984456,360,U1473,A,CUBE7519981,0.0730669,59.0,31.9,651.6,48,0,580,0.008905,0.121875,-0.9491,0,,mesure_experimentale
iodp_remanence_360_11984456,360,U1473,A,CUBE7524441,1.49063,53.0,68.7,652.87,51,0,580,0.0181158,0.0121531,-0.9670,0,,mesure_experimentale
iodp_remanence_360_11984456,360,U1473,A,CUBE7524461,0.61294,64.2,187.8,654.76,51,0,580,0.0113809,0.0185677,-0.9914,0,,mesure_experimentale
iodp_remanence_360_11984456,360,U1473,A,CUBE7524481,0.612883,61.0,272.1,657.56,51,0,580,0.0085751,0.0139914,-0.9743,0,,mesure_experimentale
iodp_remanence_360_11984456,360,U1473,A,CUBE7524501,0.148785,24.1,58.7,660.945,51,0,580,0.0140057,0.0941338,-0.9719,0,,mesure_experimentale
iodp_remanence_360_11984456,360,U1473,A,CUBE7524511,0.528459,57.8,155.3,662.93,51,0,580,0.0076054,0.0143917,-0.9938,0,,mesure_experimentale
iodp_remanence_360_11984456,360,U1473,A,CUBE7524531,0.554099,46.4,62.8,664.51,51,0,580,0.0461776,0.0833381,-0.9914,0,,mesure_experimentale
iodp_remanence_360_11984456,360,U1473,A,CUBE7524541,0.105138,25.9,76.2,664.445,51,0,580,0.0176706,0.168071,-0.9767,0,,mesure_experimentale
iodp_remanence_360_11984456,360,U1473,A,CUBE7524561,0.4061,79.3,52.5,668.435,51,0,580,0.0110408,0.0271874,-0.9938,0,,mesure_experimentale
iodp_remanence_360_11984456,360,U1473,A,CUBE7524571,0.0307313,57.1,119.0,668.98,51,0,580,0.005664,0.184307,-0.9938,0,,mesure_experimentale
iodp_remanence_360_11984456,360,U1473,A,CUBE7524591,0.0547029,74.8,170.3,673.11,51,0,580,0.0120919,0.221047,-0.9938,0,,mesure_experimentale
iodp_remanence_360_11984456,360,U1473,A,CUBE7524601,0.0474854,62.4,351.1,674.08,51,0,580,0.0090192,0.189936,-0.9938,0,,mesure_experimentale
iodp_remanence_360_11984456,360,U1473,A,CUBE7528121,0.047516,58.2,61.6,674.465,54,0,580,0.0081966,0.172502,-0.9933,0,,mesure_experimentale
iodp_remanence_360_11984456,360,U1473,A,CUBE7528141,0.0226481,60.8,198.6,676.835,51,0,580,0.0069286,0.305924,-0.9938,0,,mesure_experimentale
iodp_remanence_360_11984456,360,U1473,A,CUBE7528161,0.050553,67.2,226.9,677.91,51,0,580,0.0103883,0.205493,-0.9523,0,,mesure_experimentale
iodp_remanence_360_11984456,360,U1473,A,CUBE7528171,0.0556544,57.6,222.1,678.1,51,0,580,0.0131881,0.236964,-0.9425,0,,mesure_experimentale
iodp_remanence_360_11984456,360,U1473,A,CUBE7528181,0.0111282,66.7,137.8,678.12,45,0,200,0.0045595,0.409725,-0.0565,0,,mesure_experimentale
iodp_remanence_360_11984456,360,U1473,A,CUBE7528201,0.0192562,33.9,11.8,681.29,51,0,580,0.0139857,0.726296,-0.9254,0,,mesure_experimentale
iodp_remanence_360_11984456,360,U1473,A,CUBE7528221,0.195341,36.5,174.4,684.76,54,0,580,0.0634222,0.324674,-0.9935,0,,mesure_experimentale
iodp_remanence_360_11984456,360,U1473,A,CUBE7528231,0.42354,59.3,222.8,684.88,51,0,580,0.0316751,0.0747866,-0.9890,0,,mesure_experimentale
iodp_remanence_360_11984456,360,U1473,A,CUBE7528251,0.76974,66.0,242.9,686.66,51,0,580,0.0492834,0.0640261,-0.9254,0,,mesure_experimentale
iodp_remanence_360_11984456,360,U1473,A,CUBE7528271,1.19266,-70.5,44.8,688.11,51,0,580,0.332958,0.279174,-0.9352,0,,mesure_experimentale
iodp_remanence_360_11984456,360,U1473,A,CUBE7528281,0.132633,60.9,225.0,689.75,51,0,580,0.0101598,0.0766008,-0.7104,0,,mesure_experimentale
iodp_remanence_360_11984456,360,U1473,A,CUBE7528301,0.0777875,51.9,172.5,692.42,51,0,580,0.0123851,0.159217,-0.9914,0,,mesure_experimentale
iodp_remanence_360_11984456,360,U1473,A,CUBE7530621,0.509248,-59.3,166.9,688.29,51,0,580,0.123232,0.241987,-0.9816,0,,mesure_experimentale
iodp_remanence_360_11984456,360,U1473,A,CUBE7531631,0.0716621,66.5,41.6,695.18,51,0,580,0.0131635,0.183688,-0.9938,0,,mesure_experimentale
iodp_remanence_360_11984456,360,U1473,A,CUBE7531641,0.161218,62.7,30.4,695.75,51,0,580,0.0051801,0.032131,-0.9743,0,,mesure_experimentale
iodp_remanence_360_11984456,360,U1473,A,CUBE7531661,0.304711,67.7,17.7,698.05,51,0,580,0.0395745,0.129875,-0.9890,0,,mesure_experimentale
iodp_remanence_360_11984456,360,U1473,A,CUBE7531671,0.13202,59.9,152.6,701.31,51,0,580,0.0151906,0.115063,-0.9938,0,,mesure_experimentale
iodp_remanence_360_11984456,360,U1473,A,CUBE7531691,0.555619,72.5,354.5,703.74,51,0,580,0.014095,0.0253681,-0.9034,0,,mesure_experimentale
iodp_remanence_360_11984456,360,U1473,A,CUBE7531711,0.521015,63.4,64.3,705.9,51,0,580,0.0145466,0.0279197,-0.9474,0,,mesure_experimentale
iodp_remanence_360_11984456,360,U1473,A,CUBE7531731,0.313391,40.4,48.6,709.11,51,0,580,0.0605288,0.193141,-0.5882,0,,mesure_experimentale
iodp_remanence_360_11984456,360,U1473,A,CUBE7531741,0.112712,15.1,112.0,709.74,51,0,580,0.0287179,0.254791,-0.9914,0,,mesure_experimentale
iodp_remanence_360_11984456,360,U1473,A,CUBE7531751,0.06791,69.0,62.1,710.35,51,0,580,0.0133482,0.196557,-0.9914,0,,mesure_experimentale
iodp_remanence_360_11984456,360,U1473,A,CUBE7531761,0.298248,37.8,94.7,710.83,54,0,580,0.0427356,0.143289,-0.4213,0,,mesure_experimentale
iodp_remanence_360_11984456,360,U1473,A,CUBE7531781,0.129949,64.6,69.0,712.79,51,0,580,0.0227552,0.175109,-0.9914,0,,mesure_experimentale
iodp_remanence_360_11984456,360,U1473,A,CUBE7531791,0.246004,59.1,33.1,710.35,51,0,580,0.0278771,0.11332,-0.9792,0,,mesure_experimentale
iodp_remanence_361_19486482,361,U1474,A,CUBE7599531,0.0221598,16.4,177.3,0.84,14,5,100,0.0021615,0.0975415,-0.7231,10,0.9030,mesure_experimentale
iodp_remanence_361_19486482,361,U1474,A,CUBE7599541,0.0183272,12.4,157.3,2.34,14,5,100,0.0012906,0.0704199,-0.9341,10,0.9030,mesure_experimentale
iodp_remanence_361_19486482,361,U1474,A,CUBE7599551,0.0203676,10.4,170.9,3.5,14,5,100,0.0010432,0.0512186,-0.7582,10,0.9030,mesure_experimentale
iodp_remanence_361_19486482,361,U1474,A,CUBE7599561,0.0181626,8.7,172.5,4.85,14,5,100,0.0014607,0.0804235,-0.9341,10,0.9030,mesure_experimentale
iodp_remanence_361_19486482,361,U1474,A,CUBE7600881,0.0212502,14.6,176.2,6.54,14,5,100,0.001052,0.0495054,-0.9341,6,0.5429,mesure_experimentale
iodp_remanence_361_19486482,361,U1474,A,CUBE7600891,0.0202004,22.3,160.1,7.65,14,5,100,0.0012544,0.0620978,-0.9341,6,0.5429,mesure_experimentale
iodp_remanence_361_19486482,361,U1474,A,CUBE7600901,0.017951,15.0,359.4,9.15,14,5,100,0.0012175,0.0678235,-0.6879,6,0.5429,mesure_experimentale
iodp_remanence_361_19486482,361,U1474,A,CUBE7600911,0.0163577,13.1,177.2,10.65,14,5,100,0.0006777,0.04143,-0.9692,6,0.5429,mesure_experimentale
iodp_remanence_361_19486482,361,U1474,A,CUBE7600921,0.0178529,7.2,172.0,12.13,14,5,100,0.0004731,0.0264999,-0.9692,6,0.5429,mesure_experimentale
iodp_remanence_361_19486482,361,U1474,A,CUBE7600941,0.0105917,14.3,160.8,13.9,14,5,100,0.0004726,0.0446198,-0.9692,6,0.5429,mesure_experimentale
iodp_remanence_361_19486482,361,U1474,A,CUBE7602051,0.0204478,5.0,159.3,17.2,14,5,100,0.0004534,0.0221735,-0.9692,6,0.5429,mesure_experimentale
iodp_remanence_361_19486482,361,U1474,A,CUBE7602061,0.0171904,4.3,180.9,20.6,21,5,100,0.0005615,0.0326636,-0.9286,9,0.5500,mesure_experimentale
iodp_remanence_361_19486482,361,U1474,A,CUBE7602071,0.0189339,1.7,169.5,23.2,14,5,100,0.0003163,0.0167055,-0.9692,6,0.5429,mesure_experimentale
iodp_remanence_361_19486482,361,U1474,A,CUBE7602731,0.0240176,-1.5,171.3,30.0,14,5,100,0.0002476,0.0103091,-0.9692,6,0.5429,mesure_experimentale
iodp_remanence_361_19486482,361,U1474,A,CUBE7602741,0.0256755,-2.9,186.0,33.7,14,5,100,0.0002245,0.00874374,-0.9692,6,0.5429,mesure_experimentale
iodp_remanence_361_19486482,361,U1474,A,CUBE7602751,0.0256315,6.0,184.6,26.7,14,5,100,0.0004232,0.0165109,-0.9341,6,0.5429,mesure_experimentale
iodp_remanence_361_19486482,361,U1474,A,CUBE7602971,0.0356104,-10.5,184.6,34.7,12,15,100,0.0005287,0.0148468,-0.9580,6,0.5429,mesure_experimentale
iodp_remanence_361_19486482,361,U1474,A,CUBE7602981,0.0075736,-15.0,172.9,40.1,12,15,100,0.0002132,0.0281504,-0.8462,6,0.5429,mesure_experimentale
iodp_remanence_361_19486482,361,U1474,A,CUBE7602991,0.020749,-2.4,184.4,42.2,12,15,100,0.0005885,0.0283628,-0.9580,6,0.5429,mesure_experimentale
iodp_remanence_361_19486482,361,U1474,A,CUBE7603201,0.02878,-8.8,187.5,45.7,12,15,100,0.0002581,0.00896803,-0.9021,6,0.5429,mesure_experimentale
iodp_remanence_361_19486482,361,U1474,A,CUBE7603211,0.0310055,-7.6,190.7,50.2,12,15,100,0.000737,0.02377,-0.9021,6,0.5429,mesure_experimentale
iodp_remanence_361_19486482,361,U1474,A,CUBE7603221,0.0369634,-10.6,184.9,52.9,12,15,100,0.0004319,0.0116845,-0.9021,6,0.5429,mesure_experimentale
iodp_remanence_361_19486482,361,U1474,A,CUBE7603401,0.0101607,-36.2,90.0,56.4,14,15,100,0.0004721,0.0464633,-0.9560,6,0.5429,mesure_experimentale
iodp_remanence_361_19486482,361,U1474,A,CUBE7603411,0.0093231,-35.4,90.0,59.8,12,15,100,0.0005034,0.0539949,-0.9021,6,0.5429,mesure_experimentale
iodp_remanence_361_19486482,361,U1474,A,CUBE7603421,0.0082201,-36.6,90.0,62.4,12,15,100,0.0003576,0.0435031,-0.9580,6,0.5429,mesure_experimentale
iodp_remanence_361_19486482,361,U1474,A,CUBE7604791,0.0093005,-36.3,90.0,64.65,12,15,100,0.000422,0.0453739,-0.9580,6,0.5429,mesure_experimentale
iodp_remanence_361_19486482,361,U1474,A,CUBE7604801,0.0073485,-36.2,90.1,67.7,12,15,100,0.0002574,0.0350276,-0.9580,6,0.5429,mesure_experimentale
iodp_remanence_361_19486482,361,U1474,A,CUBE7604811,0.0492526,-5.7,181.1,70.65,18,15,100,0.000752,0.0152682,-0.8947,9,1.0000,mesure_experimentale
iodp_remanence_361_19486482,361,U1474,A,CUBE7605551,0.0387131,-6.7,185.1,72.65,10,25,100,0.0001336,0.00345103,-0.8424,6,1.0000,mesure_experimentale
iodp_remanence_361_19486482,361,U1474,A,CUBE7605561,0.0347059,-6.1,189.8,75.65,14,15,100,0.000329,0.00947966,-0.7187,6,1.0000,mesure_experimentale
iodp_remanence_361_19486482,361,U1474,A,CUBE7605571,0.0311066,-11.3,179.2,78.65,12,15,100,0.0002424,0.00779256,-0.9021,6,1.0000,mesure_experimentale
iodp_remanence_361_19486482,361,U1474,A,CUBE7606671,0.0368812,-14.9,186.6,83.65,12,15,100,0.0002028,0.00549874,-0.9580,6,0.5429,mesure_experimentale
iodp_remanence_361_19486482,361,U1474,A,CUBE7606681,0.0379397,-13.3,191.4,89.65,12,15,100,0.0003785,0.00997636,-0.9580,4,-0.6000,mesure_experimentale
iodp_remanence_361_19486482,361,U1474,A,CUBE7606691,0.0446579,-8.4,187.5,86.65,12,15,100,0.0005856,0.013113,-0.9580,8,0.1190,mesure_experimentale
iodp_remanence_361_19486482,361,U1474,A,CUBE7607201,0.049678,-10.1,173.5,91.65,12,15,100,0.0004117,0.00828737,-0.9580,6,0.5429,mesure_experimentale
iodp_remanence_361_19486482,361,U1474,A,CUBE7607211,0.0378769,-13.6,181.7,94.65,12,15,100,0.0004908,0.0129578,-0.7902,6,0.5429,mesure_experimentale
iodp_remanence_361_19486482,361,U1474,A,CUBE7607221,0.0342924,-21.4,188.3,97.65,12,15,100,0.0005297,0.0154466,-0.9021,6,0.5429,mesure_experimentale
iodp_remanence_361_19486482,361,U1474,A,CUBE7607911,0.0357659,-4.5,183.2,101.15,12,15,100,0.0005137,0.0143628,-0.9021,6,0.5429,mesure_experimentale
iodp_remanence_361_19486482,361,U1474,A,CUBE7607921,0.0227374,-6.1,180.3,104.17,12,15,100,3.81e-05,0.00167565,-0.9021,6,0.5429,mesure_experimentale
iodp_remanence_361_19486482,361,U1474,A,CUBE7607931,0.0267406,-3.6,188.4,107.19,12,15,100,0.0002594,0.00970061,-0.9580,6,0.5429,mesure_experimentale
iodp_remanence_361_19486482,361,U1474,A,CUBE7608521,0.031376,-15.7,179.2,112.15,12,15,100,0.0005306,0.016911,-0.9021,6,0.5429,mesure_experimentale
iodp_remanence_361_19486482,361,U1474,A,CUBE7608531,0.0421679,-24.1,179.7,115.16,12,15,100,0.0008926,0.0211678,-0.9021,6,0.5429,mesure_experimentale
iodp_remanence_361_19486482,361,U1474,A,CUBE7608541,0.048018,-11.2,183.9,118.19,12,15,100,0.0010031,0.0208901,-0.9021,6,0.5429,mesure_experimentale
iodp_remanence_361_19486482,361,U1474,A,CUBE7609141,0.0416137,-15.5,168.5,121.66,12,15,100,0.0004963,0.0119264,-0.9580,6,0.5429,mesure_experimentale
iodp_remanence_361_19486482,361,U1474,A,CUBE7609151,0.0377399,-3.5,186.9,124.65,24,15,100,0.0002553,0.00676472,-0.8400,9,0.5500,mesure_experimentale
iodp_remanence_361_19486482,361,U1474,A,CUBE7609161,0.0364415,-27.3,173.8,127.66,12,15,100,0.0009531,0.0261542,-0.9580,6,0.5429,mesure_experimentale
iodp_remanence_361_19486482,361,U1474,A,CUBE7609751,0.0583364,-12.7,178.7,129.65,14,5,100,0.0005717,0.00980006,-0.9692,6,0.5429,mesure_experimentale
iodp_remanence_361_19486482,361,U1474,A,CUBE7609761,0.0513362,-13.3,186.9,132.67,14,5,100,0.0004822,0.00939298,-0.9692,6,0.5429,mesure_experimentale
iodp_remanence_361_19486482,361,U1474,A,CUBE7609771,0.0331457,-20.9,188.9,135.68,14,5,100,0.0007241,0.021846,-0.9692,6,0.5429,mesure_experimentale
iodp_remanence_361_19486482,361,U1474,A,CUBE7610491,0.0531911,-15.0,193.7,140.7,8,15,100,0.0003962,0.00744861,-0.9048,6,0.5429,mesure_experimentale
iodp_remanence_361_19486482,361,U1474,A,CUBE7610501,0.0686984,-10.1,183.5,143.8,12,5,100,0.0003711,0.00540187,-0.9580,6,0.5429,mesure_experimentale
iodp_remanence_361_19486482,361,U1474,A,CUBE7610511,0.0586441,-12.1,184.0,146.8,16,5,100,0.0008845,0.0150825,-0.8441,4,1.0000,mesure_experimentale
iodp_remanence_361_19486482,361,U1474,A,CUBE7611091,0.0398247,-8.4,191.6,151.59,14,15,100,0.0010438,0.0262099,-0.6044,8,-0.0238,mesure_experimentale
iodp_remanence_361_19486482,361,U1474,A,CUBE7611101,0.0466204,-7.4,175.7,154.32,12,15,100,0.0008308,0.0178205,-0.9580,6,0.5429,mesure_experimentale
iodp_remanence_361_19486482,361,U1474,A,CUBE7611111,0.0467407,-14.7,179.7,157.34,12,15,100,0.0007401,0.0158342,-0.7902,6,0.5429,mesure_experimentale
iodp_remanence_361_19486482,361,U1474,A,CUBE7611581,0.0457647,-24.0,181.5,162.4,12,15,100,0.0017092,0.0373476,-0.5664,6,0.5429,mesure_experimentale
iodp_remanence_361_19486482,361,U1474,A,CUBE7611591,0.0043952,-49.5,134.1,165.4,10,15,100,0.0018031,0.410243,-0.6485,6,0.5429,mesure_experimentale
iodp_remanence_361_19486482,361,U1474,A,CUBE7612051,0.0414784,-15.5,186.6,170.51,12,15,100,0.0012568,0.0303001,-0.0629,6,0.5429,mesure_experimentale
iodp_remanence_361_19486482,361,U1474,A,CUBE7612061,0.0345705,-11.0,190.2,173.37,12,15,100,0.0007826,0.0226378,-0.7902,6,0.5429,mesure_experimentale
iodp_remanence_361_19486482,361,U1474,A,CUBE7612691,0.0283868,-27.8,182.0,180.1,18,15,100,0.0002364,0.00832781,-0.8390,9,0.5500,mesure_experimentale
iodp_remanence_361_19486482,361,U1474,A,CUBE7612701,0.02479,-28.5,189.5,184.64,18,15,100,0.0004519,0.0182291,-0.7833,9,0.5500,mesure_experimentale
iodp_remanence_361_19486482,361,U1474,A,CUBE7613521,0.0447404,-16.5,180.0,188.2,18,15,100,0.0004889,0.0109275,-0.8947,9,0.5500,mesure_experimentale
iodp_remanence_361_19486482,361,U1474,A,CUBE7613531,0.0461677,-27.9,175.9,193.98,12,15,100,0.0006537,0.0141592,-0.9021,6,0.5429,mesure_experimentale
iodp_remanence_361_19486482,361,U1474,A,CUBE7613961,0.0455203,-6.9,183.6,197.4,18,15,100,0.0002356,0.00517571,-0.8947,9,0.5500,mesure_experimentale
iodp_remanence_361_19486482,361,U1474,A,CUBE7613971,0.0404868,-2.7,279.4,200.47,12,15,100,0.000148,0.00365551,-0.9580,6,0.5429,mesure_experimentale
iodp_remanence_361_19486482,361,U1474,A,CUBE7614481,0.0164497,-39.2,325.7,207.15,12,15,100,0.000184,0.0111856,-0.9021,6,0.5429,mesure_experimentale
iodp_remanence_361_19486482,361,U1474,A,CUBE7614491,0.0187416,-1.3,202.7,211.64,12,15,100,5.04e-05,0.0026892,-0.7343,6,0.5429,mesure_experimentale
iodp_remanence_361_19486482,361,U1474,A,CUBE7614581,0.054512,-5.9,1.7,216.66,12,15,100,0.0003665,0.00672329,-0.9021,6,0.5429,mesure_experimentale
iodp_remanence_361_19486482,361,U1474,A,CUBE7614591,0.0420279,-9.7,186.0,219.62,12,15,100,0.0005363,0.0127606,-0.6783,6,0.5429,mesure_experimentale
iodp_remanence_361_19486482,361,U1474,A,CUBE7615061,0.0285948,-5.2,191.5,227.25,12,15,100,0.0004249,0.0148593,-0.1189,8,0.7857,mesure_experimentale
iodp_remanence_361_19486482,361,U1474,A,CUBE7615281,0.041417,-2.8,192.4,224.24,18,15,100,0.0003206,0.00774078,-0.9505,6,-0.5429,mesure_experimentale
iodp_remanence_361_19486482,361,U1474,A,CUBE7615851,0.0403656,-0.7,193.2,233.65,12,15,100,0.0004617,0.011438,-0.7343,6,0.5429,mesure_experimentale
iodp_remanence_361_19486482,361,U1474,A,CUBE7615861,0.0418092,-9.8,179.4,236.64,14,15,100,0.000393,0.00939985,-0.8330,6,0.5429,mesure_experimentale
iodp_remanence_361_19486482,361,U1474,A,CUBE7616581,0.044293,-8.7,183.5,242.15,12,15,100,0.0004068,0.0091843,-0.7902,6,0.5429,mesure_experimentale
iodp_remanence_361_19486482,361,U1474,A,CUBE7617001,0.0395234,-7.6,176.3,247.57,10,15,100,0.00065,0.016446,-0.8424,6,0.5429,mesure_experimentale
iodp_remanence_361_19486482,361,U1474,A,CUBE7617721,0.023423,-4.5,177.0,251.91,12,15,100,0.0001783,0.00761218,-0.6783,6,0.5429,mesure_experimentale
iodp_remanence_361_19486482,361,U1474,C,CUBE7628301,0.0082888,40.3,130.2,0.13,6,15,100,0.0014408,0.173825,-0.9429,5,0.9000,mesure_experimentale
iodp_remanence_361_19486482,361,U1474,C,CUBE7628311,0.0072404,26.0,174.5,0.44,6,15,100,0.0021017,0.290274,-0.9429,5,0.9000,mesure_experimentale
iodp_remanence_361_19486482,361,U1475,A,CUBE7647291,0.000151,26.0,156.8,0.8,5,15,80,7.43e-05,0.492053,-0.9000,3,0.5000,mesure_experimentale
iodp_remanence_361_19486482,361,U1475,A,CUBE7647301,0.0036767,-1.4,48.2,0.1,5,15,80,0.0007848,0.213452,-1.0000,3,0.5000,mesure_experimentale
iodp_remanence_361_19486482,361,U1475,B,CUBE7648621,0.0001842,56.8,147.2,3.8,18,15,100,7.48e-05,0.40608,-0.6161,0,,mesure_experimentale
iodp_remanence_361_19486482,361,U1475,B,CUBE7648631,0.0001305,57.2,175.5,5.0,12,15,100,6.27e-05,0.48046,0.3287,0,,mesure_experimentale
iodp_remanence_361_19486482,361,U1475,B,CUBE7650621,0.0001038,-8.1,130.3,10.14,12,15,100,2.89e-05,0.27842,-0.9021,0,,mesure_experimentale
iodp_remanence_361_19486482,361,U1475,B,CUBE7650631,4.73e-05,25.8,151.7,13.14,12,15,100,3.33e-05,0.704017,-0.5664,0,,mesure_experimentale
iodp_remanence_361_19486482,361,U1475,B,CUBE7651111,0.0001945,55.6,352.9,24.18,12,15,100,2.69e-05,0.138303,0.6084,0,,mesure_experimentale
iodp_remanence_361_19486482,361,U1475,B,CUBE7652171,0.0002602,73.2,158.2,34.01,12,15,100,6.72e-05,0.258263,0.1608,0,,mesure_experimentale
iodp_remanence_361_19486482,361,U1475,B,CUBE7652801,0.0002266,73.7,142.7,38.95,18,15,100,3.18e-05,0.140335,-0.8390,0,,mesure_experimentale
iodp_remanence_361_19486482,361,U1475,B,CUBE7652811,0.0001066,76.0,130.7,41.95,18,15,100,5.42e-05,0.508443,0.3870,0,,mesure_experimentale
iodp_remanence_361_19486482,361,U1475,B,CUBE7653941,0.0003383,69.6,243.9,48.38,10,15,80,7.8e-05,0.230565,-0.2606,0,,mesure_experimentale
iodp_remanence_361_19486482,361,U1475,B,CUBE7653951,0.0002358,58.9,314.3,50.7,10,15,80,4.26e-05,0.180662,-0.6485,0,,mesure_experimentale
iodp_remanence_361_19486482,361,U1475,B,CUBE7655011,0.0001597,77.0,198.3,59.27,15,15,80,4.18e-05,0.261741,-0.4464,0,,mesure_experimentale
iodp_remanence_361_19486482,361,U1475,B,CUBE7655021,5.91e-05,69.3,24.2,62.15,10,15,80,5.87e-05,0.993232,-0.0667,0,,mesure_experimentale
iodp_remanence_361_19486482,361,U1475,B,CUBE7655661,9.65e-05,84.4,32.0,65.65,10,15,80,2.3e-05,0.238342,-0.2606,0,,mesure_experimentale
iodp_remanence_361_19486482,361,U1475,B,CUBE7655671,0.0001284,76.4,27.7,69.74,10,15,80,5.27e-05,0.410436,0.3212,0,,mesure_experimentale
iodp_remanence_361_19486482,361,U1475,B,CUBE7657371,0.0001378,65.2,196.3,73.6,10,15,80,3.63e-05,0.263425,-0.1636,0,,mesure_experimentale
iodp_remanence_361_19486482,361,U1475,B,CUBE7657381,0.0001853,73.4,144.5,80.6,15,15,80,4.58e-05,0.247167,-0.2536,0,,mesure_experimentale
iodp_remanence_361_19486482,361,U1475,B,CUBE7658241,0.00021,50.8,162.2,86.1,15,15,80,5.84e-05,0.278095,0.1321,0,,mesure_experimentale
iodp_remanence_361_19486482,361,U1475,B,CUBE7658251,0.0002201,87.1,313.5,90.6,10,15,80,7.64e-05,0.347115,0.4182,0,,mesure_experimentale
iodp_remanence_361_19486482,361,U1475,B,CUBE7658481,0.0001301,56.4,197.4,95.6,15,15,80,1.72e-05,0.132206,-0.8321,0,,mesure_experimentale
iodp_remanence_361_19486482,361,U1475,B,CUBE7658491,0.0001245,67.6,184.6,98.5,10,15,80,4.89e-05,0.392771,0.4182,0,,mesure_experimentale
iodp_remanence_361_19486482,361,U1475,B,CUBE7659411,0.0001526,76.6,154.7,105.1,15,15,80,9.29e-05,0.608781,0.3250,0,,mesure_experimentale
iodp_remanence_361_19486482,361,U1475,B,CUBE7659421,0.000159,69.9,172.6,108.1,10,15,80,3.71e-05,0.233333,-0.7455,0,,mesure_experimentale
iodp_remanence_361_19486482,361,U1475,B,CUBE7660051,0.0001092,67.2,173.9,113.4,10,15,80,3.66e-05,0.335165,0.4182,0,,mesure_experimentale
iodp_remanence_361_19486482,361,U1475,B,CUBE7660061,8.14e-05,70.7,144.7,115.8,12,15,80,2.88e-05,0.353808,-0.0140,0,,mesure_experimentale
iodp_remanence_361_19486482,361,U1475,B,CUBE7661451,0.0001639,78.1,258.8,126.96,8,15,60,4.52e-05,0.275778,-0.3333,0,,mesure_experimentale
iodp_remanence_361_19486482,361,U1475,B,CUBE7661461,0.0001612,79.3,353.1,124.75,10,15,80,3.59e-05,0.222705,0.0303,0,,mesure_experimentale
iodp_remanence_361_19486482,361,U1475,B,CUBE7661831,0.0001752,0.0,0.0,135.5,10,15,80,1.32e-05,0.0753425,-0.2606,0,,mesure_experimentale
iodp_remanence_361_19486482,361,U1475,B,CUBE7661841,0.0001293,66.0,225.0,137.96,10,15,80,2.94e-05,0.227378,0.1273,0,,mesure_experimentale
iodp_remanence_361_19486482,361,U1475,B,CUBE7662241,0.000105,43.6,202.6,146.32,10,15,80,2.06e-05,0.19619,-0.7455,0,,mesure_experimentale
iodp_remanence_361_19486482,361,U1475,B,CUBE7662251,5.65e-05,70.3,130.5,147.79,12,15,80,2.08e-05,0.368142,-0.6014,0,,mesure_experimentale
iodp_remanence_361_19486482,361,U1475,B,CUBE7662641,8.68e-05,62.3,27.3,150.7,10,15,80,3.02e-05,0.347926,0.0303,0,,mesure_experimentale
iodp_remanence_361_19486482,361,U1475,B,CUBE7662651,0.0001153,56.3,322.9,155.6,10,15,80,2.2e-05,0.190807,-0.1636,0,,mesure_experimentale
iodp_remanence_361_19486482,361,U1475,B,CUBE7663131,0.0001439,68.8,87.7,160.2,15,15,80,1.81e-05,0.125782,0.1321,0,,mesure_experimentale
iodp_remanence_361_19486482,361,U1475,B,CUBE7663141,0.0001315,86.7,200.4,165.28,15,15,80,3.01e-05,0.228897,1.0000,0,,mesure_experimentale
iodp_remanence_361_19486482,361,U1475,B,CUBE7663991,0.0001216,62.5,284.8,184.1,10,15,80,3.37e-05,0.277138,0.1273,0,,mesure_experimentale
iodp_remanence_361_19486482,361,U1475,B,CUBE7664001,0.0001445,51.5,215.6,179.71,10,15,80,1.14e-05,0.0788927,-0.2606,0,,mesure_experimentale
iodp_remanence_361_19486482,361,U1475,B,CUBE7664641,8.43e-05,38.9,227.5,190.96,10,15,80,2.92e-05,0.346382,0.1273,0,,mesure_experimentale
iodp_remanence_361_19486482,361,U1475,B,CUBE7664651,0.0001266,44.5,225.7,196.39,10,15,80,2.12e-05,0.167457,0.9030,0,,mesure_experimentale
iodp_remanence_361_19486482,361,U1475,B,CUBE7665101,0.0001145,64.1,32.6,198.37,10,15,80,2.91e-05,0.254148,-0.1636,0,,mesure_experimentale
iodp_remanence_361_19486482,361,U1475,B,CUBE7665111,0.0001575,81.3,60.6,203.21,15,15,80,4.4e-06,0.0279365,-0.4464,0,,mesure_experimentale
iodp_remanence_361_19486482,361,U1475,B,CUBE7665451,9.59e-05,47.3,212.4,206.45,10,15,80,2.11e-05,0.220021,-0.2606,0,,mesure_experimentale
iodp_remanence_361_19486482,361,U1475,B,CUBE7666041,0.0001898,62.1,238.4,218.75,10,15,80,7e-06,0.0368809,-0.7455,0,,mesure_experimentale
iodp_remanence_361_19486482,361,U1475,B,CUBE7666051,0.0001015,39.5,256.2,221.75,10,15,80,2e-05,0.197044,0.6121,0,,mesure_experimentale
iodp_remanence_361_19486482,361,U1475,B,CUBE7666721,8.93e-05,79.6,234.3,229.0,10,15,80,2.63e-05,0.294513,0.7091,0,,mesure_experimentale
iodp_remanence_361_19486482,361,U1475,B,CUBE7666731,0.0001154,68.8,130.8,232.6,10,15,80,2.32e-05,0.20104,0.4182,0,,mesure_experimentale
iodp_remanence_361_19486482,361,U1475,B,CUBE7667371,0.000127,60.0,166.4,238.1,15,15,80,7.5e-06,0.0590551,-0.0607,0,,mesure_experimentale
iodp_remanence_361_19486482,361,U1475,B,CUBE7667381,0.0001586,62.3,204.8,243.0,15,15,80,2.8e-05,0.176545,0.7107,0,,mesure_experimentale
iodp_remanence_361_19486482,361,U1475,D,CUBE7695051,9.76e-05,-2.4,198.2,3.45,12,15,80,6.27e-05,0.642418,-0.8112,6,0.5429,mesure_experimentale
iodp_remanence_361_19486482,361,U1475,D,CUBE7695061,0.0001007,-15.4,258.8,6.32,10,15,80,5.24e-05,0.520357,-0.8424,4,1.0000,mesure_experimentale
iodp_remanence_361_19486482,361,U1475,D,CUBE7695121,0.0001,0.0,180.0,10.4,10,15,80,5.15e-05,0.515,-0.3576,6,0.5429,mesure_experimentale
iodp_remanence_361_19486482,361,U1475,D,CUBE7695131,4.77e-05,30.1,84.4,14.2,10,15,80,6.01e-05,1.25996,-0.9394,6,0.5429,mesure_experimentale
iodp_remanence_361_19486482,361,U1475,D,CUBE7695161,0.0001264,1.2,134.1,22.1,10,15,80,8.61e-05,0.681171,-0.0667,6,0.5429,mesure_experimentale
iodp_remanence_361_19486482,361,U1475,D,CUBE7695171,2.26e-05,2.8,161.2,23.6,10,15,80,3.29e-05,1.45575,-0.8424,6,0.5429,mesure_experimentale
iodp_remanence_361_19486482,361,U1475,D,CUBE7695181,0.0001978,-0.4,193.8,25.9,10,15,80,4.37e-05,0.22093,0.3212,6,0.5429,mesure_experimentale
iodp_remanence_361_19486482,361,U1475,D,CUBE7695251,0.000143,-26.8,184.7,24.9,10,15,80,5e-05,0.34965,0.7091,6,0.5429,mesure_experimentale
iodp_remanence_361_19486482,361,U1475,D,CUBE7695261,8.16e-05,-41.2,188.7,27.82,10,15,80,1.51e-05,0.185049,-0.5515,6,0.5429,mesure_experimentale
iodp_remanence_361_19486482,361,U1475,D,CUBE7695271,4.06e-05,-66.7,248.4,29.32,10,15,80,4.61e-05,1.13547,-0.3576,6,0.5429,mesure_experimentale
iodp_remanence_361_19486482,361,U1475,D,CUBE7695281,0.0001412,-11.1,185.3,32.07,10,15,80,2.35e-05,0.166431,0.3212,6,-0.3714,mesure_experimentale
iodp_remanence_361_19486482,361,U1475,D,CUBE7695291,0.0002528,-17.0,196.3,40.4,10,15,80,1.23e-05,0.0486551,-0.2606,6,0.5429,mesure_experimentale
iodp_remanence_361_19486482,361,U1475,D,CUBE7695301,0.0002087,10.8,209.2,38.2,10,15,80,3.36e-05,0.160997,-0.9394,6,0.5429,mesure_experimentale
iodp_remanence_361_19486482,361,U1475,D,CUBE7695321,9.46e-05,-45.6,195.1,50.74,10,15,80,2.77e-05,0.292812,-0.3576,6,0.5429,mesure_experimentale
iodp_remanence_361_19486482,361,U1475,D,CUBE7695381,0.0005079,-22.8,183.9,52.18,10,15,80,4.17e-05,0.0821028,-0.9394,6,0.5429,mesure_experimentale
iodp_remanence_361_19486482,361,U1475,D,CUBE7695391,0.0002121,-14.1,176.1,55.8,10,15,80,8.16e-05,0.384724,0.7091,6,0.5429,mesure_experimentale
iodp_remanence_361_19486482,361,U1475,D,CUBE7695401,0.0002349,2.6,176.1,50.16,10,15,80,2.5e-05,0.106428,-0.6485,6,0.5429,mesure_experimentale
iodp_remanence_361_19486482,361,U1475,D,CUBE7695411,0.0002763,-8.3,182.9,58.04,10,15,80,7.43e-05,0.268911,0.5152,6,0.5429,mesure_experimentale
iodp_remanence_361_19486482,361,U1475,D,CUBE7695421,0.0006187,-11.2,190.9,59.8,10,15,80,7.42e-05,0.119929,-0.9394,6,0.5429,mesure_experimentale
iodp_remanence_361_19486482,361,U1475,D,CUBE7695431,0.0003166,-2.9,198.4,62.37,10,15,80,4.62e-05,0.145925,0.0303,6,0.5429,mesure_experimentale
iodp_remanence_361_19486482,361,U1475,D,CUBE7695441,0.000164,-14.4,198.5,66.11,10,15,80,4.54e-05,0.276829,-0.1636,6,0.5429,mesure_experimentale
iodp_remanence_361_19486482,361,U1475,D,CUBE7695491,0.0001503,10.6,202.5,68.0,10,15,80,2.16e-05,0.143713,-0.9394,8,0.4048,mesure_experimentale
iodp_remanence_361_19486482,361,U1475,D,CUBE7695501,0.0001476,-15.2,199.9,70.39,12,15,100,3.45e-05,0.23374,0.6084,10,0.5879,mesure_experimentale
iodp_remanence_361_19486482,361,U1475,D,CUBE7695511,0.0001049,8.8,202.3,73.48,10,15,80,1.28e-05,0.122021,-0.8424,6,0.5429,mesure_experimentale
iodp_remanence_361_19486482,361,U1475,D,CUBE7695531,0.0002335,-34.0,182.2,78.74,12,15,100,3.41e-05,0.146039,-0.0629,6,0.5429,mesure_experimentale
iodp_remanence_361_19486482,361,U1475,D,CUBE7695541,0.0001767,-26.4,209.1,81.25,10,15,80,2.07e-05,0.117148,-0.8424,6,0.5429,mesure_experimentale
iodp_remanence_361_19486482,361,U1475,D,CUBE7695551,0.0001848,-14.8,185.3,83.37,12,15,100,3e-05,0.162338,-0.5664,6,0.5429,mesure_experimentale
iodp_remanence_361_19486482,361,U1475,D,CUBE7695561,0.0002058,-4.1,183.1,84.4,10,15,80,2.82e-05,0.137026,-0.4545,6,0.5429,mesure_experimentale
iodp_remanence_361_19486482,361,U1475,D,CUBE7695571,0.0001636,-0.5,193.3,86.41,10,15,80,7.3e-06,0.044621,-0.3576,6,0.5429,mesure_experimentale
iodp_remanence_361_19486482,361,U1475,D,CUBE7695581,0.0001406,-39.2,196.6,89.965,10,15,80,2.26e-05,0.16074,-0.6485,6,0.5429,mesure_experimentale
iodp_remanence_361_19486482,361,U1475,D,CUBE7695591,0.0002139,-15.1,192.5,91.1,10,15,80,1.89e-05,0.088359,-0.2606,6,0.5429,mesure_experimentale
iodp_remanence_361_19486482,361,U1475,D,CUBE7695601,0.0002168,-19.3,192.3,92.69,10,15,80,2.12e-05,0.097786,-0.5515,6,0.5429,mesure_experimentale
iodp_remanence_361_19486482,361,U1475,D,CUBE7695631,0.0001494,13.5,194.7,96.28,10,15,80,2.86e-05,0.191432,-0.4545,6,0.5429,mesure_experimentale
iodp_remanence_361_19486482,361,U1475,D,CUBE7695641,0.0001088,1.4,191.5,99.13,10,15,80,1.9e-05,0.174632,-0.3576,6,0.5429,mesure_experimentale
iodp_remanence_361_19486482,361,U1475,D,CUBE7695651,8.02e-05,4.1,186.4,102.19,10,15,80,7.5e-06,0.0935162,-0.3576,6,0.5429,mesure_experimentale
iodp_remanence_361_19486482,361,U1475,D,CUBE7695661,0.0001191,-7.9,189.5,103.17,10,15,80,3.6e-06,0.0302267,-0.4545,6,0.5429,mesure_experimentale
iodp_remanence_361_19486482,361,U1475,D,CUBE7695681,0.000101,-15.7,164.4,106.8,12,15,80,2.62e-05,0.259406,0.1049,6,0.5429,mesure_experimentale
iodp_remanence_361_19486482,361,U1475,D,CUBE7695691,9.39e-05,-47.7,164.1,108.75,12,15,100,0,0,-0.1748,6,-0.3714,mesure_experimentale
iodp_remanence_361_19486482,361,U1475,D,CUBE7695701,7.76e-05,3.6,170.0,113.25,10,15,80,1.43e-05,0.184278,-0.2606,6,0.5429,mesure_experimentale
iodp_remanence_361_19486482,361,U1475,D,CUBE7695711,0.0001297,-24.3,189.2,116.88,10,25,100,2.21e-05,0.170393,0.3212,6,0.5429,mesure_experimentale
iodp_remanence_361_19486482,361,U1475,D,CUBE7695791,0.0001166,-38.4,336.4,126.32,8,15,41,5.6e-05,0.480274,0.4286,6,0.5429,mesure_experimentale
iodp_remanence_361_19486482,361,U1475,D,CUBE7695801,0.0001878,-15.1,192.2,127.51,14,15,100,4.35e-05,0.231629,-0.4813,6,0.5429,mesure_experimentale
iodp_remanence_361_19486482,361,U1475,D,CUBE7695811,9.71e-05,-13.2,173.6,129.37,12,15,80,7.3e-06,0.0751802,-0.8671,6,0.5429,mesure_experimentale
iodp_remanence_361_19486482,361,U1475,D,CUBE7695821,0.000114,-1.8,197.4,136.8,12,15,80,5.4e-06,0.0473684,-0.6783,6,0.5429,mesure_experimentale
iodp_remanence_361_19486482,361,U1475,D,CUBE7695831,0.0001063,7.5,188.5,138.92,8,15,41,1.9e-05,0.178739,0.4286,6,0.5429,mesure_experimentale
iodp_remanence_361_19486482,361,U1475,D,CUBE7695841,7.71e-05,-15.2,182.3,141.85,10,15,80,8.4e-06,0.108949,-0.7455,6,0.5429,mesure_experimentale
iodp_remanence_361_19486482,361,U1476,A,CUBE7698681,0.008353,18.4,246.2,1.8,10,15,80,0.0005903,0.0706692,-0.9394,6,0.5429,mesure_experimentale
iodp_remanence_361_19486482,361,U1476,A,CUBE7698691,0.0173583,6.2,216.5,2.6,10,15,80,0.0005029,0.0289717,-0.9394,6,0.5429,mesure_experimentale
iodp_remanence_361_19486482,361,U1476,A,CUBE7698701,0.0076126,0.7,233.4,3.7,10,15,80,0.0002975,0.0390799,-0.9394,6,0.5429,mesure_experimentale
iodp_remanence_361_19486482,361,U1476,A,CUBE7698711,0.0072463,11.9,229.3,5.0,10,15,80,0.0003595,0.0496115,-0.9394,6,0.5429,mesure_experimentale
iodp_remanence_361_19486482,361,U1476,A,CUBE7699811,0.0083884,-9.9,185.9,12.45,10,15,80,0.0003838,0.0457537,-0.9394,6,0.5429,mesure_experimentale
iodp_remanence_361_19486482,361,U1476,A,CUBE7700371,0.0084948,-15.6,190.3,17.43,12,15,100,0.0007745,0.0911734,-0.5664,12,0.5524,mesure_experimentale
iodp_remanence_361_19486482,361,U1476,A,CUBE7700381,0.007232,-26.6,192.6,21.93,14,15,100,0.0001938,0.0267976,-0.9560,12,0.5524,mesure_experimentale
iodp_remanence_361_19486482,361,U1476,A,CUBE7701291,0.0125923,-8.5,181.2,26.95,18,15,80,0.0004401,0.0349499,-0.8947,18,0.5542,mesure_experimentale
iodp_remanence_361_19486482,361,U1476,A,CUBE7701301,0.0128579,-19.6,180.5,31.45,10,15,80,0.000314,0.0244208,-0.9394,6,0.5429,mesure_experimentale
iodp_remanence_361_19486482,361,U1476,A,CUBE7702271,0.0117679,3.8,189.5,38.0,15,15,80,0.0004453,0.0378402,-0.9286,18,0.5542,mesure_experimentale
iodp_remanence_361_19486482,361,U1476,A,CUBE7702281,0.01177,-13.6,154.5,41.0,10,15,80,0.0006697,0.0568989,-0.9394,6,0.5429,mesure_experimentale
iodp_remanence_361_19486482,361,U1476,A,CUBE7703101,0.0193242,-5.4,186.4,45.95,10,15,80,0.0007305,0.0378023,-0.8424,12,0.5524,mesure_experimentale
iodp_remanence_361_19486482,361,U1476,A,CUBE7703111,0.0174582,-32.8,189.1,50.45,10,15,80,0.0009391,0.0537913,-0.9394,12,0.5524,mesure_experimentale
iodp_remanence_361_19486482,361,U1476,A,CUBE7704101,0.0200114,-2.4,159.4,55.45,15,15,80,0.0004653,0.0232517,-0.9286,18,0.5542,mesure_experimentale
iodp_remanence_361_19486482,361,U1476,A,CUBE7704111,0.0195641,3.9,171.2,58.45,15,15,80,0.00044,0.0224902,-0.9286,18,0.5542,mesure_experimentale
iodp_remanence_361_19486482,361,U1476,A,CUBE7705041,0.0173206,14.5,157.6,65.95,14,15,80,0.0006485,0.037441,-0.9209,12,0.5524,mesure_experimentale
iodp_remanence_361_19486482,361,U1476,A,CUBE7705051,0.0199694,12.6,183.6,69.6,12,15,80,0.000868,0.0434665,-0.8462,12,0.5524,mesure_experimentale
iodp_remanence_361_19486482,361,U1476,A,CUBE7706091,0.0191758,14.4,180.4,74.5,10,15,80,0.000284,0.0148103,-0.9394,12,0.5524,mesure_experimentale
iodp_remanence_361_19486482,361,U1476,A,CUBE7706101,0.0144925,10.9,169.8,78.6,14,15,80,0.0006846,0.0472382,-0.8637,12,0.5524,mesure_experimentale
iodp_remanence_361_19486482,361,U1476,A,CUBE7706771,0.0190314,-8.9,193.9,88.69,10,15,80,0.0004341,0.0228097,-0.7455,6,0.5429,mesure_experimentale
iodp_remanence_361_19486482,361,U1476,A,CUBE7707461,0.0265831,0.0,184.5,98.6,10,15,80,0.0002939,0.0110559,-0.9394,6,0.5429,mesure_experimentale
iodp_remanence_361_19486482,361,U1476,A,CUBE7708161,0.0214991,-7.1,190.7,107.4,10,15,80,0.0004437,0.0206381,-0.9394,6,0.5429,mesure_experimentale
iodp_remanence_361_19486482,361,U1476,A,CUBE7708741,0.0111148,-6.1,189.5,115.3,10,15,80,0.0001487,0.0133786,-0.6485,4,1.0000,mesure_experimentale
iodp_remanence_361_19486482,361,U1476,A,CUBE7709391,0.0314014,-3.5,185.5,120.0,10,15,80,0.0012302,0.0391766,-0.8424,8,0.4286,mesure_experimentale
iodp_remanence_361_19486482,361,U1476,A,CUBE7709401,0.0238411,-5.2,179.1,121.7,12,15,80,0.0008342,0.03499,-0.6783,6,0.5429,mesure_experimentale
iodp_remanence_361_19486482,361,U1476,A,CUBE7709411,0.0164812,-2.8,179.2,122.9,8,15,80,0.000875,0.0530908,-0.7143,8,0.4286,mesure_experimentale
iodp_remanence_361_19486482,361,U1476,A,CUBE7709421,0.015295,-1.4,186.6,125.1,12,15,80,0.0009306,0.0608434,-0.7343,6,0.5429,mesure_experimentale
iodp_remanence_361_19486482,361,U1476,A,CUBE7709431,0.0127571,-4.9,180.5,126.9,8,15,80,0.0008135,0.0637684,0.8095,8,0.4286,mesure_experimentale
iodp_remanence_361_19486482,361,U1476,A,CUBE7709441,0.0178349,-4.9,179.9,129.1,12,15,80,0.0007823,0.0438634,-0.9021,6,0.5429,mesure_experimentale
iodp_remanence_361_19486482,361,U1476,A,CUBE7711071,0.011821,-17.0,187.0,136.45,10,15,80,0.0002595,0.0219525,-0.8424,6,0.5429,mesure_experimentale
iodp_remanence_361_19486482,361,U1476,A,CUBE7713711,0.0111072,-16.3,189.9,145.45,10,15,80,0.0001945,0.0175112,-0.9394,6,0.5429,mesure_experimentale
iodp_remanence_361_19486482,361,U1476,A,CUBE7716331,0.0162055,-13.1,187.1,154.93,10,15,80,0.0001237,0.00763321,-0.9394,8,1.0000,mesure_experimentale
iodp_remanence_361_19486482,361,U1476,A,CUBE7717551,0.0114767,-0.6,198.4,164.45,12,15,80,0.0002275,0.0198228,-0.8531,6,0.5429,mesure_experimentale
iodp_remanence_361_19486482,361,U1476,A,CUBE7719691,0.0145297,-7.6,193.6,173.95,10,15,80,0.0003403,0.023421,-0.8424,6,0.5429,mesure_experimentale
iodp_remanence_361_19486482,361,U1476,A,CUBE7720891,0.0137269,-6.1,266.3,180.45,10,15,80,0.0007354,0.0535736,-0.5515,12,0.5524,mesure_experimentale
iodp_remanence_361_19486482,361,U1476,A,CUBE7720901,0.0107932,-18.1,189.5,183.45,10,15,80,0.000671,0.0621688,-0.9394,12,0.5524,mesure_experimentale
iodp_remanence_361_19486482,361,U1476,A,CUBE7721661,0.0159283,-8.8,193.3,188.45,12,15,80,0.0001303,0.00818041,-0.6853,6,0.5429,mesure_experimentale
iodp_remanence_361_19486482,361,U1476,A,CUBE7721901,0.0188755,-1.1,191.4,202.45,10,15,80,0.0004956,0.0262563,-0.8424,6,0.5429,mesure_experimentale
iodp_remanence_361_19486482,361,U1476,A,CUBE7722361,0.0139015,-12.3,193.5,213.45,10,15,80,0.0003226,0.0232061,-0.9394,6,0.5429,mesure_experimentale
iodp_remanence_361_19486482,361,U1476,A,CUBE7723021,0.0111306,0.3,186.4,218.82,15,15,80,0.0003925,0.0352631,-0.6393,9,1.0000,mesure_experimentale
iodp_remanence_361_19486482,361,U1476,B,CUBE7729501,0.0279675,2.3,183.3,60.7,10,15,80,0.0005065,0.0181103,-0.9394,6,0.5429,mesure_experimentale
iodp_remanence_361_19486482,361,U1477,A,CUBE7741201,0.0166076,40.2,218.7,3.75,12,15,100,0.0009516,0.0572991,-0.9580,6,0.5429,mesure_experimentale
iodp_remanence_361_19486482,361,U1477,A,CUBE7742401,0.0222555,49.3,261.9,11.25,18,15,100,0.0011132,0.0500191,-0.9505,9,0.5500,mesure_experimentale
iodp_remanence_361_19486482,361,U1477,A,CUBE7742881,0.0311803,-4.0,180.7,31.85,12,15,100,0.0003696,0.0118536,-0.5664,6,0.5429,mesure_experimentale
iodp_remanence_361_19486482,361,U1477,A,CUBE7743401,0.0144777,-8.1,190.1,22.25,12,15,100,0.0001393,0.00962169,-0.7902,6,0.5429,mesure_experimentale
iodp_remanence_361_19486482,361,U1477,A,CUBE7744631,0.0135174,3.2,181.8,41.05,12,15,100,0.000313,0.0231553,-0.6783,6,0.5429,mesure_experimentale
iodp_remanence_361_19486482,361,U1477,A,CUBE7745411,0.020096,3.8,172.3,50.65,12,15,100,0.0003478,0.0173069,-0.9021,8,-0.1667,mesure_experimentale
iodp_remanence_361_19486482,361,U1477,A,CUBE7746201,0.0113328,-8.1,190.6,58.67,12,15,100,0.0001089,0.00960928,-0.5664,6,0.5429,mesure_experimentale
iodp_remanence_361_19486482,361,U1477,A,CUBE7747191,0.0100092,12.7,185.5,69.9,12,15,100,0.0006038,0.0603245,-0.7343,6,0.5429,mesure_experimentale
iodp_remanence_361_19486482,361,U1477,A,CUBE7748171,0.0120303,12.8,166.7,80.39,12,15,100,0.0002499,0.0207725,-0.9580,6,0.5429,mesure_experimentale
iodp_remanence_361_19486482,361,U1477,A,CUBE7748591,0.0055153,-21.8,216.4,85.3,12,15,100,0.0001454,0.026363,-0.9580,4,-0.6000,mesure_experimentale
iodp_remanence_361_19486482,361,U1477,A,CUBE7748661,0.0080665,-4.2,167.4,96.42,12,15,100,0.0002016,0.0249923,-0.9580,6,0.5429,mesure_experimentale
iodp_remanence_361_19486482,361,U1477,A,CUBE7749111,0.0045137,12.8,167.7,105.76,12,15,100,0.0001384,0.0306622,-0.9021,6,0.5429,mesure_experimentale
iodp_remanence_361_19486482,361,U1477,A,CUBE7750291,0.0052534,-9.0,192.8,113.65,12,15,100,0.0001481,0.0281913,-0.7343,6,0.5429,mesure_experimentale
iodp_remanence_361_19486482,361,U1477,A,CUBE7750941,0.0455786,3.6,176.5,118.76,12,15,100,0.000357,0.00783262,-0.9580,6,0.5429,mesure_experimentale
iodp_remanence_361_19486482,361,U1477,A,CUBE7752111,0.0032084,-63.1,158.2,129.57,12,15,100,0.002093,0.65235,0.2727,6,0.5429,mesure_experimentale
iodp_remanence_361_19486482,361,U1477,A,CUBE7753411,0.0031734,49.1,94.4,144.64,12,15,100,0.0016087,0.506933,-0.9021,6,0.5429,mesure_experimentale
iodp_remanence_361_19486482,361,U1478,A,CUBE7762221,0.0365299,87.7,61.7,0.9,10,15,80,0.0018343,0.0502137,-0.9394,6,0.5429,mesure_experimentale
iodp_remanence_361_19486482,361,U1478,A,CUBE7762231,0.0496715,79.9,93.9,3.9,10,15,80,0.001755,0.0353321,-0.9394,6,0.5429,mesure_experimentale
iodp_remanence_361_19486482,361,U1478,A,CUBE7763441,0.0366347,78.5,48.9,9.1,10,15,80,0.0017673,0.0482411,-0.9394,6,0.5429,mesure_experimentale
iodp_remanence_361_19486482,361,U1478,A,CUBE7763451,0.0190986,72.1,66.1,12.1,10,15,80,0.0010671,0.0558732,-0.9394,6,0.5429,mesure_experimentale
iodp_remanence_361_19486482,361,U1478,A,CUBE7766331,0.0267994,87.8,19.5,28.1,15,15,80,0.0011051,0.041236,-0.8321,9,0.5500,mesure_experimentale
iodp_remanence_361_19486482,361,U1478,A,CUBE7766341,0.0360529,75.5,108.0,31.1,18,15,80,0.002135,0.0592185,-0.9174,9,0.5500,mesure_experimentale
iodp_remanence_361_19486482,361,U1478,A,CUBE7768051,0.0374761,73.3,329.9,39.2,12,15,100,0.000281,0.00749811,-0.9580,6,-0.3714,mesure_experimentale
iodp_remanence_361_19486482,361,U1478,A,CUBE7768741,0.029272,74.4,214.1,50.2,12,15,100,0.0002177,0.00743714,-0.9580,6,0.5429,mesure_experimentale
iodp_remanence_361_19486482,361,U1478,A,CUBE7770171,0.0246174,80.9,256.4,60.95,12,15,100,0.0003549,0.0144166,-0.5664,6,0.5429,mesure_experimentale
iodp_remanence_361_19486482,361,U1478,A,CUBE7771801,0.0212646,81.5,169.8,70.45,10,15,80,0.0005929,0.027882,-0.5515,6,0.5429,mesure_experimentale
iodp_remanence_361_19486482,361,U1478,A,CUBE7771921,0.0466619,78.3,252.7,78.45,10,15,80,0.000413,0.0088509,-0.9394,6,0.5429,mesure_experimentale
iodp_remanence_361_19486482,361,U1478,A,CUBE7771951,0.0328241,73.1,248.5,76.95,10,15,80,0.0004158,0.0126675,-0.2606,6,0.5429,mesure_experimentale
iodp_remanence_361_19486482,361,U1478,A,CUBE7773041,0.051179,83.0,244.3,84.8,10,15,80,0.0001531,0.00299146,-0.2606,6,0.5429,mesure_experimentale
iodp_remanence_361_19486482,361,U1478,A,CUBE7773051,0.0033125,72.5,220.1,89.43,10,15,80,0.0001202,0.0362868,-0.2606,6,0.5429,mesure_experimentale
iodp_remanence_361_19486482,361,U1478,A,CUBE7775071,0.0894648,81.6,268.7,97.56,10,15,80,0.001349,0.0150786,-0.9394,6,0.5429,mesure_experimentale
iodp_remanence_361_19486482,361,U1478,A,CUBE7777851,0.0638645,85.9,233.9,108.41,12,15,100,0.0006584,0.0103093,-0.3986,6,0.5429,mesure_experimentale
iodp_remanence_361_19486482,361,U1478,A,CUBE7778581,0.0600993,81.3,190.1,117.84,12,15,100,0.0009247,0.0153862,-0.7902,6,0.5429,mesure_experimentale
iodp_remanence_361_19486482,361,U1478,A,CUBE7782571,0.0370645,84.6,242.7,124.77,12,15,100,0.0002503,0.00675309,-0.9580,6,0.5429,mesure_experimentale
iodp_remanence_361_19486482,361,U1478,A,CUBE7782581,0.0406297,83.9,224.1,127.8,12,15,100,0.000237,0.00583317,-0.9580,6,0.5429,mesure_experimentale
iodp_remanence_361_19486482,361,U1478,A,CUBE7783531,0.0488559,85.4,247.4,135.85,12,15,100,0.0004984,0.0102014,-0.7902,6,0.5429,mesure_experimentale
iodp_remanence_361_19486482,361,U1478,A,CUBE7784201,0.0463524,81.1,185.6,142.87,12,15,100,0.0001464,0.00315841,-0.8462,6,0.5429,mesure_experimentale
iodp_remanence_361_19486482,361,U1478,A,CUBE7784211,0.0372641,83.2,263.5,147.42,12,15,100,0.0005913,0.0158678,0.1049,6,0.5429,mesure_experimentale
iodp_remanence_361_19486482,361,U1478,A,CUBE7784671,0.0323087,85.3,259.1,154.17,12,15,100,0.0002702,0.00836307,-0.9021,6,0.5429,mesure_experimentale
iodp_remanence_361_19486482,361,U1478,A,CUBE7785441,0.0065278,78.2,213.7,162.0,12,15,100,8.45e-05,0.0129446,-0.6783,6,0.5429,mesure_experimentale
iodp_remanence_361_19486482,361,U1478,A,CUBE7785461,0.0073609,80.0,224.4,165.0,12,15,100,0.000301,0.0408917,-0.5664,6,0.5429,mesure_experimentale
iodp_remanence_361_19486482,361,U1478,A,CUBE7786191,0.0381768,83.1,281.3,173.65,12,15,100,0.0002192,0.00574171,-0.9021,6,0.5429,mesure_experimentale
iodp_remanence_361_19486482,361,U1478,A,CUBE7786731,0.115423,83.6,127.8,181.6,12,15,100,0.0010045,0.00870275,-0.9580,6,0.5429,mesure_experimentale
iodp_remanence_361_19486482,361,U1478,A,CUBE7786741,0.0432161,83.1,192.2,184.6,12,15,100,0.0006521,0.0150893,0.5524,6,0.5429,mesure_experimentale
iodp_remanence_361_19486482,361,U1478,A,CUBE7786861,0.0370027,89.3,26.6,189.85,18,15,100,0.0004306,0.011637,-0.9505,9,0.5500,mesure_experimentale
iodp_remanence_361_19486482,361,U1478,A,CUBE7786871,0.0534623,85.5,294.1,194.36,12,15,100,0.0003464,0.00647933,-0.9021,6,0.5429,mesure_experimentale
iodp_remanence_361_19486482,361,U1478,A,CUBE7787601,0.0547239,82.1,186.8,198.83,12,15,100,0.0002933,0.00535963,-0.4545,4,-0.6000,mesure_experimentale
iodp_remanence_361_19486482,361,U1478,A,CUBE7787611,0.0409544,81.5,244.7,203.78,12,15,100,0.0002528,0.00617272,-0.1748,6,0.5429,mesure_experimentale
iodp_remanence_361_19486482,361,U1478,A,CUBE7787931,0.0511599,87.2,284.0,209.61,12,15,100,0.0002189,0.00427874,-0.5664,6,0.5429,mesure_experimentale
iodp_remanence_361_19486482,361,U1478,A,CUBE7788751,0.0356832,-81.6,85.6,212.7,12,15,100,0.0004327,0.0121262,0.2727,6,0.5429,mesure_experimentale
iodp_remanence_361_19486482,361,U1478,A,CUBE7791171,0.0683604,83.3,217.3,222.49,12,15,100,0.0002227,0.00325773,-0.5664,6,0.5429,mesure_experimentale
iodp_remanence_361_19486482,361,U1478,A,CUBE7791791,0.0302374,84.5,249.7,225.72,12,15,100,0.0003429,0.0113403,0.4406,6,0.5429,mesure_experimentale
iodp_remanence_361_19486482,361,U1478,A,CUBE7792351,0.0142833,79.2,184.5,231.7,12,15,100,0.0002348,0.0164388,-0.9021,6,0.5429,mesure_experimentale
iodp_remanence_361_19486482,361,U1478,A,CUBE7793241,0.0280161,88.1,161.6,236.35,12,15,100,0.0004905,0.0175078,-0.5664,6,0.5429,mesure_experimentale
iodp_remanence_361_19486482,361,U1478,A,CUBE7793271,0.0098648,80.2,219.5,241.08,12,15,100,0.0001895,0.0192097,-0.6224,6,0.5429,mesure_experimentale
iodp_remanence_361_19486482,361,U1478,A,CUBE7793821,0.0076099,87.1,78.1,245.62,12,15,100,0.0001431,0.0188045,-0.7902,6,0.5429,mesure_experimentale
iodp_remanence_361_19486482,361,U1479,B,CUBE7804991,0.0002357,-53.1,357.5,10.39,12,15,100,3.18e-05,0.134917,-0.9580,4,1.0000,mesure_experimentale
iodp_remanence_361_19486482,361,U1479,B,CUBE7805761,0.0003189,-82.2,54.5,22.2,12,15,100,2.99e-05,0.0937598,-0.7902,0,,mesure_experimentale
iodp_remanence_361_19486482,361,U1479,B,CUBE7806801,0.0001453,-48.7,289.5,29.7,12,15,100,1.63e-05,0.112182,-0.9580,0,,mesure_experimentale
iodp_remanence_361_19486482,361,U1479,B,CUBE7807531,0.000321,-58.3,38.0,39.75,12,15,100,4.32e-05,0.134579,-0.7902,4,1.0000,mesure_experimentale
iodp_remanence_361_19486482,361,U1479,B,CUBE7808441,0.0001711,-2.8,125.0,50.78,12,15,100,3.59e-05,0.209819,-0.7902,4,1.0000,mesure_experimentale
iodp_remanence_361_19486482,361,U1479,B,CUBE7809961,0.0001809,-12.5,171.0,66.68,12,15,100,2.27e-05,0.125484,-0.6224,4,1.0000,mesure_experimentale
iodp_remanence_361_19486482,361,U1479,B,CUBE7811021,3.35e-05,-76.9,159.9,0.4,12,15,100,4.34e-05,1.29552,-0.4545,0,,mesure_experimentale
iodp_remanence_361_19486482,361,U1479,B,CUBE7811141,0.0002162,3.4,176.6,85.74,12,15,100,3.01e-05,0.139223,0.2727,0,,mesure_experimentale
iodp_remanence_361_19486482,361,U1479,B,CUBE7811151,0.0003266,-9.7,184.3,88.74,12,15,100,5.17e-05,0.158298,-0.0070,6,0.5429,mesure_experimentale
iodp_remanence_361_19486482,361,U1479,B,CUBE7811661,0.0002755,-18.6,178.5,95.25,18,15,100,3.98e-05,0.144465,-0.5604,9,0.5500,mesure_experimentale
iodp_remanence_361_19486482,361,U1479,B,CUBE7811671,0.0001798,-18.3,185.8,98.25,12,15,100,6.6e-05,0.367075,0.3846,4,1.0000,mesure_experimentale
iodp_remanence_361_19486482,361,U1479,B,CUBE7812161,0.0001767,-13.1,176.6,103.2,12,15,100,4.99e-05,0.2824,0.1608,6,0.5429,mesure_experimentale
iodp_remanence_361_19486482,361,U1479,B,CUBE7812171,0.0001727,-7.8,189.5,107.7,12,15,100,3.78e-05,0.218877,-0.3986,4,1.0000,mesure_experimentale
iodp_remanence_361_19486482,361,U1479,B,CUBE7812791,0.0001783,-17.9,181.7,113.9,18,15,100,2.88e-05,0.161526,0.3313,0,,mesure_experimentale
iodp_remanence_361_19486482,361,U1479,B,CUBE7812801,0.0002655,-29.3,174.1,118.4,12,15,100,1.33e-05,0.0500942,-0.9021,0,,mesure_experimentale
iodp_remanence_361_19486482,361,U1479,B,CUBE7813211,0.0001327,-12.2,170.7,123.5,15,15,80,1.1e-05,0.0828937,-0.0607,6,1.0000,mesure_experimentale
iodp_remanence_361_19486482,361,U1479,B,CUBE7813221,0.0001562,-48.0,147.5,126.5,9,15,40,2.67e-05,0.170935,-0.8000,0,,mesure_experimentale
iodp_remanence_361_19486482,361,U1479,B,CUBE7813771,0.0001598,-16.7,191.0,133.0,8,15,60,2.88e-05,0.180225,0.4286,0,,mesure_experimentale
iodp_remanence_361_19486482,361,U1479,B,CUBE7813781,0.0001687,-63.4,168.5,136.0,18,15,100,1.26e-05,0.0746888,-0.8947,0,,mesure_experimentale
iodp_remanence_361_19486482,361,U1479,B,CUBE7815271,0.0001128,-43.2,167.4,132.0,12,15,100,2.08e-05,0.184397,-0.5664,0,,mesure_experimentale
iodp_remanence_361_19486482,361,U1479,B,CUBE7815501,0.0001331,-32.3,184.6,145.82,9,15,40,3.33e-05,0.250188,-0.8000,6,1.0000,mesure_experimentale
iodp_remanence_361_19486482,361,U1479,B,CUBE7816521,8.17e-05,8.8,215.0,164.63,9,15,40,1.17e-05,0.143207,-0.3500,0,,mesure_experimentale
iodp_remanence_361_19486482,361,U1479,B,CUBE7817201,9.47e-05,-46.0,189.8,175.67,8,15,60,1.19e-05,0.12566,-0.7143,0,,mesure_experimentale
iodp_remanence_361_19486482,361,U1479,B,CUBE7817241,0.000118,-42.7,170.8,151.03,12,15,100,5.01e-05,0.424576,-0.7902,6,0.5429,mesure_experimentale
iodp_remanence_361_19486482,361,U1479,B,CUBE7817581,9.23e-05,1.2,172.6,184.05,15,15,60,2.96e-05,0.320693,0.0500,6,1.0000,mesure_experimentale
iodp_remanence_361_19486482,361,U1479,B,CUBE7817751,0.0001211,-18.1,178.1,194.8,9,15,40,8.3e-06,0.0685384,-0.3500,0,,mesure_experimentale
iodp_remanence_361_19486482,361,U1479,B,CUBE7817911,0.0001601,-13.4,164.7,204.05,6,15,40,1.17e-05,0.0730793,-0.8286,0,,mesure_experimentale
iodp_remanence_361_19486482,361,U1479,B,CUBE7818301,0.0001304,41.3,239.8,210.58,12,15,60,2.69e-05,0.206288,0.2448,6,1.0000,mesure_experimentale
iodp_remanence_361_19486482,361,U1479,B,CUBE7819421,0.0001282,-22.9,173.4,218.5,15,15,40,2.57e-05,0.200468,-0.3429,0,,mesure_experimentale
iodp_remanence_361_19486482,361,U1479,B,CUBE7819431,0.0001407,10.7,186.7,221.5,8,15,60,4.35e-05,0.309168,0.4286,0,,mesure_experimentale
iodp_remanence_361_19486482,361,U1479,B,CUBE7820061,6.36e-05,-21.9,169.8,228.8,6,15,25,1e-05,0.157233,-0.5429,6,1.0000,mesure_experimentale
iodp_remanence_361_19486482,361,U1479,B,CUBE7820081,0.0001105,30.8,174.8,231.8,8,15,60,2.67e-05,0.241629,-0.3333,0,,mesure_experimentale
iodp_remanence_361_19486482,361,U1479,B,CUBE7820481,0.0001572,-9.4,172.1,237.8,9,15,40,4.36e-05,0.277354,0.5500,6,1.0000,mesure_experimentale
iodp_remanence_361_19486482,361,U1479,B,CUBE7820491,0.0001043,-13.0,179.0,240.8,12,15,60,0,0,-0.3217,6,1.0000,mesure_experimentale
iodp_remanence_361_19486482,361,U1479,B,CUBE7821111,0.0002027,-12.7,180.7,247.1,9,15,40,1.8e-05,0.0888012,-0.8000,6,1.0000,mesure_experimentale
iodp_remanence_361_19486482,361,U1479,B,CUBE7821121,8.61e-05,8.7,198.4,250.6,6,15,40,3.06e-05,0.355401,0.5429,4,1.0000,mesure_experimentale
iodp_remanence_361_19486482,361,U1479,B,CUBE7821491,8.35e-05,-23.5,193.3,258.4,3,15,15,4.94e-05,0.591617,1.0000,6,1.0000,mesure_experimentale
iodp_remanence_361_19486482,361,U1479,B,CUBE7822111,6.72e-05,14.0,190.0,266.0,2,15,15,4.76e-05,0.708333,nan,4,1.0000,mesure_experimentale
iodp_remanence_361_19486482,361,U1479,B,CUBE7822121,0.0001098,-33.0,187.5,269.0,10,15,60,1.85e-05,0.168488,-0.5636,4,1.0000,mesure_experimentale
iodp_remanence_361_19486482,361,U1479,B,CUBE7822521,0.000109,30.1,178.8,275.5,8,15,60,2.39e-05,0.219266,-0.3333,0,,mesure_experimentale
iodp_remanence_361_19486482,361,U1479,B,CUBE7822531,0.0002335,-39.9,165.5,278.5,3,15,15,4.64e-05,0.198715,1.0000,6,1.0000,mesure_experimentale
iodp_remanence_361_19486482,361,U1479,B,CUBE7823191,4.94e-05,-5.0,182.2,285.43,8,15,60,2.97e-05,0.601215,0.8095,0,,mesure_experimentale
iodp_remanence_362_19866994,362,U1480,E,CUBE7858311,0.0099104,-56.1,175.2,6.65,27,5,80,0.0007458,0.0752543,-0.9780,0,,mesure_experimentale
iodp_remanence_362_19866994,362,U1480,E,CUBE7861181,0.0203538,-57.0,172.8,10.05,27,5,80,0.0007517,0.0369317,-0.9780,0,,mesure_experimentale
iodp_remanence_362_19866994,362,U1480,E,CUBE7861191,0.0130049,-81.2,64.4,11.29,27,5,80,0.0054899,0.422141,-0.9615,0,,mesure_experimentale
iodp_remanence_362_19866994,362,U1480,E,CUBE7861991,0.0714025,-34.4,145.4,25.38,36,5,80,0.0006701,0.00938483,-0.9768,0,,mesure_experimentale
iodp_remanence_362_19866994,362,U1480,E,CUBE7862001,0.0089964,2.1,188.2,26.03,27,5,80,0.0008077,0.0897804,-0.6813,0,,mesure_experimentale
iodp_remanence_362_19866994,362,U1480,E,CUBE7862191,0.0107245,0.6,185.1,18.13,30,5,100,0.0007296,0.0680311,-0.8380,0,,mesure_experimentale
iodp_remanence_362_19866994,362,U1480,E,CUBE7862271,0.0169801,30.8,229.0,17.43,30,5,100,0.0008644,0.0509066,-0.9822,0,,mesure_experimentale
iodp_remanence_362_19866994,362,U1480,E,CUBE7863221,0.0177454,-9.0,193.7,27.08,27,5,80,0.0004184,0.0235779,-0.9780,0,,mesure_experimentale
iodp_remanence_362_19866994,362,U1480,E,CUBE7863281,0.0118064,-56.5,162.6,30.13,21,5,60,0.0019577,0.165817,-0.9636,0,,mesure_experimentale
iodp_remanence_362_19866994,362,U1480,E,CUBE7863801,0.0131959,-0.3,176.1,43.4,30,5,100,0.0081783,0.619761,-0.3695,0,,mesure_experimentale
iodp_remanence_362_19866994,362,U1480,E,CUBE7865191,0.0278457,-66.2,359.3,63.36,30,5,100,0.0142324,0.511117,-0.7179,0,,mesure_experimentale
iodp_remanence_362_19866994,362,U1480,E,CUBE7866851,0.289378,-60.4,310.5,72.08,30,5,100,0.0092567,0.0319883,-0.8981,0,,mesure_experimentale
iodp_remanence_362_19866994,362,U1480,E,CUBE7866971,0.0141007,12.9,181.8,76.09,21,5,60,0.0013373,0.0948393,-0.9636,0,,mesure_experimentale
iodp_remanence_362_19866994,362,U1480,E,CUBE7868651,0.0119163,13.4,169.1,87.54,21,5,60,0.0004089,0.0343143,-0.9636,0,,mesure_experimentale
iodp_remanence_362_19866994,362,U1480,E,CUBE7868721,0.0122136,11.0,200.2,88.69,21,5,60,0.0017062,0.139697,-0.8935,0,,mesure_experimentale
iodp_remanence_362_19866994,362,U1480,E,CUBE7868791,0.0073971,14.5,142.1,89.32,24,5,80,0.010462,1.41434,0.0374,0,,mesure_experimentale
iodp_remanence_362_19866994,362,U1480,E,CUBE7869851,0.0068562,15.6,193.5,90.76,30,5,100,0.0009957,0.145226,-0.9822,0,,mesure_experimentale
iodp_remanence_362_19866994,362,U1480,E,CUBE7870191,0.0255517,-10.3,173.0,96.76,21,5,60,0.0023146,0.090585,-0.9636,0,,mesure_experimentale
iodp_remanence_362_19866994,362,U1480,F,CUBE7871721,0.0072623,-17.8,183.7,110.58,32,5,80,0.0084237,1.15992,-0.1730,0,,mesure_experimentale
iodp_remanence_362_19866994,362,U1480,F,CUBE7872371,0.0123279,3.3,222.7,117.03,28,5,60,0.0010243,0.083088,-0.8216,0,,mesure_experimentale
iodp_remanence_362_19866994,362,U1480,F,CUBE7872391,0.154408,-70.9,234.0,117.88,28,5,60,0.0027933,0.0180904,-0.9617,0,,mesure_experimentale
iodp_remanence_362_19866994,362,U1480,F,CUBE7873441,0.141644,-48.7,145.8,126.26,28,5,60,0.0032994,0.0232936,-0.9617,0,,mesure_experimentale
iodp_remanence_362_19866994,362,U1480,F,CUBE7873471,0.0098952,9.4,207.2,127.99,32,5,80,0.002068,0.20899,-0.9472,0,,mesure_experimentale
iodp_remanence_362_19866994,362,U1480,F,CUBE7874401,0.0624665,-1.7,188.2,135.27,28,5,60,0.0014174,0.0226906,-0.9617,0,,mesure_experimentale
iodp_remanence_362_19866994,362,U1480,G,CUBE7946231,0.173862,-58.9,164.9,1104.41,44,50,450,0.0073715,0.0423986,-0.9484,0,,mesure_experimentale
iodp_remanence_362_19866994,362,U1480,G,CUBE7946241,0.0137521,24.8,247.3,1104.74,52,50,575,0.0022931,0.166745,-0.9780,0,,mesure_experimentale
iodp_remanence_362_19866994,362,U1480,G,CUBE7946371,0.0771141,-45.8,192.4,1106.26,44,50,450,0.0057696,0.074819,-0.9574,0,,mesure_experimentale
iodp_remanence_362_19866994,362,U1480,H,CUBE7970161,0.0155346,-39.8,182.1,3.75,36,5,140,0.0011087,0.0713697,-0.9807,0,,mesure_experimentale
iodp_remanence_362_19866994,362,U1480,H,CUBE7971561,0.0034841,34.0,145.9,7.61,44,5,120,0.0001312,0.0376568,-0.9845,0,,mesure_experimentale
iodp_remanence_362_19866994,362,U1480,H,CUBE7973671,0.0214142,46.3,202.6,16.68,44,5,120,0.0007079,0.0330575,-0.9845,0,,mesure_experimentale
iodp_remanence_362_19866994,362,U1480,H,CUBE7973711,0.0069771,2.7,188.1,21.55,33,5,120,0.0003709,0.0531596,-0.7687,0,,mesure_experimentale
iodp_remanence_362_19866994,362,U1480,H,CUBE7973721,0.0126109,13.5,180.7,23.27,33,5,120,0.0005977,0.0473955,-0.8409,0,,mesure_experimentale
iodp_remanence_362_19866994,362,U1480,H,CUBE7975081,0.0181821,-4.3,173.9,23.87,33,5,120,0.0006139,0.033764,-0.9131,0,,mesure_experimentale
iodp_remanence_362_19866994,362,U1480,B,CUBE7990371,0.0095688,21.1,168.6,3.06,33,5,120,0.0010714,0.111968,-0.9311,0,,mesure_experimentale
iodp_remanence_362_19866994,362,U1480,B,CUBE7990391,0.0061897,-15.3,194.2,3.23,33,5,120,0.0007425,0.119957,-0.9221,0,,mesure_experimentale
iodp_remanence_362_19866994,362,U1480,B,CUBE7990411,0.112686,-43.4,215.1,4.21,33,5,120,0.0006164,0.00547006,-0.9492,0,,mesure_experimentale
iodp_remanence_362_19866994,362,U1480,B,CUBE7990431,0.0116911,8.9,149.9,5.94,33,5,120,0.0013403,0.114643,-0.9582,0,,mesure_experimentale
iodp_remanence_362_19866994,362,U1480,B,CUBE7990481,0.0078802,-28.3,197.4,8.87,36,5,120,0.0004212,0.0534504,-0.8847,0,,mesure_experimentale
iodp_remanence_362_19866994,362,U1480,B,CUBE7990491,0.0034836,-22.8,207.4,9.08,33,5,120,0.0001559,0.0447526,-0.9853,0,,mesure_experimentale
iodp_remanence_362_19866994,362,U1480,B,CUBE7990511,0.0112337,22.5,182.4,4.78,30,5,100,0.0009916,0.0882701,-0.8741,0,,mesure_experimentale
iodp_remanence_362_19866994,362,U1480,B,CUBE7990521,0.0083905,10.9,176.0,5.07,33,5,120,0.0004115,0.0490436,-0.9763,0,,mesure_experimentale
iodp_remanence_362_19866994,362,U1480,B,CUBE7990531,0.011111,20.7,168.8,5.13,30,5,100,0.0007934,0.0714067,-0.9822,0,,mesure_experimentale
iodp_remanence_362_19866994,362,U1480,B,CUBE7990541,0.0125166,9.0,175.5,5.32,33,5,120,0.0010617,0.0848234,-0.9041,0,,mesure_experimentale
iodp_remanence_362_19866994,362,U1480,B,CUBE7990551,0.0070928,17.8,140.7,5.63,30,5,100,0.0004177,0.0588907,-0.9822,0,,mesure_experimentale
iodp_remanence_362_19866994,362,U1480,B,CUBE7990561,0.0089788,9.9,143.5,5.84,30,5,100,0.0006801,0.0757451,-0.9822,0,,mesure_experimentale
iodp_remanence_362_19866994,362,U1481,A,CUBE8011131,0.0112088,10.8,270.4,1360.36,14,5,180,0.0010229,0.0912587,-0.9956,0,,mesure_experimentale
iodp_remanence_362_19866994,362,U1480,G,CYL7940421,0.0169718,-58.2,254.3,1106.51,32,5,60,0.0100055,0.589537,-0.9472,0,,mesure_experimentale
iodp_remanence_362_19866994,362,U1480,G,CYL7940461,0.0268663,42.1,316.2,1107.32,40,5,60,0.122701,4.5671,0.4274,0,,mesure_experimentale
iodp_remanence_362_19866994,362,U1480,G,CYL7944821,0.0352524,-9.0,268.0,1173.67,44,50,450,0.0023791,0.0674876,-0.9845,0,,mesure_experimentale
iodp_remanence_362_19866994,362,U1480,G,CYL7946331,0.227072,-15.7,107.4,1105.34,44,50,450,0.0034627,0.0152493,-0.9574,0,,mesure_experimentale
iodp_remanence_362_19866994,362,U1480,G,CYL7946341,0.124444,-15.3,203.6,1105.71,44,50,450,0.0119024,0.0956443,-0.9123,0,,mesure_experimentale
iodp_remanence_362_19866994,362,U1480,G,CYL7946351,0.0873033,-12.1,177.8,1106.18,44,50,450,0.0021414,0.0245283,-0.9665,0,,mesure_experimentale
iodp_remanence_362_19866994,362,U1480,G,CYL7946531,0.0103535,-48.0,193.2,1194.35,52,50,575,0.0009806,0.0947119,-0.9397,0,,mesure_experimentale
iodp_remanence_362_19866994,362,U1480,G,CYL7950091,0.0441743,-11.5,167.7,1238.78,36,100,500,0.0013953,0.0315862,-0.9109,0,,mesure_experimentale
iodp_remanence_362_19866994,362,U1480,G,CYL7950101,0.0341715,-4.4,144.7,1239.51,48,100,575,0.0033661,0.0985061,-0.9800,0,,mesure_experimentale
iodp_remanence_362_19866994,362,U1480,G,CYL7950111,0.011955,30.0,125.8,1241.04,48,100,575,0.0028488,0.238294,-0.8828,0,,mesure_experimentale
iodp_remanence_362_19866994,362,U1480,G,CYL7950121,0.0446289,-5.8,183.9,1242.8,48,100,575,0.0016522,0.0370209,-0.9522,0,,mesure_experimentale
iodp_remanence_362_19866994,362,U1480,G,CYL7950131,0.0259653,-41.2,170.6,1243.12,48,100,550,0.0030993,0.119363,-0.9182,0,,mesure_experimentale
iodp_remanence_362_19866994,362,U1480,G,CYL7951161,0.0396114,-36.0,198.4,1245.66,52,100,550,0.0018904,0.0477236,-0.9530,0,,mesure_experimentale
iodp_remanence_362_19866994,362,U1480,G,CYL7951261,0.0307251,-22.0,186.7,1246.26,52,100,575,0.0036101,0.117497,-0.6889,0,,mesure_experimentale
iodp_remanence_362_19866994,362,U1480,G,CYL7951291,0.0775465,57.8,182.9,1247.9,40,5,80,0.0591698,0.763023,-0.8788,0,,mesure_experimentale
iodp_remanence_362_19866994,362,U1480,G,CYL7951301,0.0362963,2.1,161.0,1248.15,48,100,575,0.0007488,0.0206302,-0.9870,0,,mesure_experimentale
iodp_remanence_362_19866994,362,U1480,G,CYL7952481,0.006986,8.4,163.2,1250.58,40,5,100,0.0002243,0.0321071,-0.9812,0,,mesure_experimentale
iodp_remanence_362_19866994,362,U1480,G,CYL7952491,0.0025899,-35.6,196.2,1256.31,52,5,160,0.0005089,0.196494,-0.9889,0,,mesure_experimentale
iodp_remanence_362_19866994,362,U1480,G,CYL7952501,0.0009371,-21.7,156.2,1257.74,36,5,80,0.0001018,0.108633,-0.9768,0,,mesure_experimentale
iodp_remanence_362_19866994,362,U1480,G,CYL7953191,0.0008595,-61.8,195.6,1259.84,40,5,100,0.0001569,0.182548,-0.8011,0,,mesure_experimentale
iodp_remanence_362_19866994,362,U1480,G,CYL7953281,0.0010058,-25.8,168.6,1261.22,36,5,80,3.45e-05,0.0343011,-0.9768,0,,mesure_experimentale
iodp_remanence_362_19866994,362,U1480,G,CYL7953421,0.0013051,0.8,47.3,1264.77,44,5,100,0.000323,0.247491,-0.6832,0,,mesure_experimentale
iodp_remanence_362_19866994,362,U1480,G,CYL7953711,0.0033687,46.7,197.9,1270.49,52,5,160,0.0006906,0.205005,-0.9780,0,,mesure_experimentale
iodp_remanence_362_19866994,362,U1480,G,CYL7953861,0.0050557,-65.9,139.3,1273.1,4,5,5,0.0049829,0.9856,1.0000,0,,mesure_experimentale
iodp_remanence_362_19866994,362,U1480,G,CYL7953871,0.0049172,6.0,253.1,1274.45,44,5,120,0.0003264,0.0663792,-0.9755,0,,mesure_experimentale
iodp_remanence_362_19866994,362,U1480,G,CYL7954461,0.0026799,-4.1,267.2,1279.45,40,5,100,0.0002975,0.111012,-0.9812,0,,mesure_experimentale
iodp_remanence_362_19866994,362,U1480,G,CYL7954561,0.0025323,-57.8,194.0,1280.94,36,5,80,0.0003478,0.137345,-0.9274,0,,mesure_experimentale
iodp_remanence_362_19866994,362,U1480,G,CYL7954981,0.000783,-28.9,148.7,1286.18,44,5,120,0.0001028,0.13129,-0.9755,0,,mesure_experimentale
iodp_remanence_362_19866994,362,U1480,G,CYL7955701,0.0010266,-25.4,194.6,1290.64,48,5,140,0.0001351,0.131599,-0.9870,0,,mesure_experimentale
iodp_remanence_362_19866994,362,U1480,G,CYL7955711,0.0087493,-65.8,221.6,1292.39,4,5,5,0.0060198,0.688032,1.0000,0,,mesure_experimentale
iodp_remanence_362_19866994,362,U1480,G,CYL7955731,0.001008,-46.1,65.2,1295.48,36,5,80,0.0001962,0.194643,-0.9768,0,,mesure_experimentale
iodp_remanence_362_19866994,362,U1480,G,CYL7955791,0.0019476,-14.5,160.0,1291.97,68,5,575,0.0005715,0.293438,-0.9691,0,,mesure_experimentale
iodp_remanence_362_19866994,362,U1480,G,CYL7956591,0.0082295,-20.7,339.1,1301.31,40,5,100,0.0030235,0.367398,-0.9212,0,,mesure_experimentale
iodp_remanence_362_19866994,362,U1480,G,CYL7956611,0.0029242,-43.6,189.6,1303.55,36,5,80,0.0007772,0.265782,-0.9768,0,,mesure_experimentale
iodp_remanence_362_19866994,362,U1480,G,CYL7956621,0.0037226,2.9,247.7,1299.39,64,50,575,0.0004647,0.124832,-0.9904,0,,mesure_experimentale
iodp_remanence_362_19866994,362,U1480,G,CYL7958071,0.0113127,-40.4,136.8,1308.79,36,5,80,0.0008239,0.0728297,-0.9768,0,,mesure_experimentale
iodp_remanence_362_19866994,362,U1480,G,CYL7958181,0.0589488,60.4,131.4,1312.3,40,5,100,0.0089018,0.151009,-0.6090,0,,mesure_experimentale
iodp_remanence_362_19866994,362,U1480,G,CYL7962691,0.08408,12.9,245.4,1359.1,40,5,100,0.006335,0.0753449,-0.3208,0,,mesure_experimentale
iodp_remanence_362_19866994,362,U1480,G,CYL7963531,0.0648427,-54.1,277.9,1319.3,60,50,575,0.0042615,0.0657206,-0.9917,0,,mesure_experimentale
iodp_remanence_362_19866994,362,U1480,G,CYL7963801,0.0592759,-76.8,225.6,1322.12,36,5,80,0.0052028,0.0877726,-0.2190,0,,mesure_experimentale
iodp_remanence_362_19866994,362,U1480,G,CYL7964071,1.45708,0.0,192.8,1328.36,44,5,120,0.118735,0.081488,-0.9755,0,,mesure_experimentale
iodp_remanence_362_19866994,362,U1480,G,CYL7964121,1.74165,-4.1,184.9,1330.59,68,5,575,0.0149355,0.00857549,-0.9911,0,,mesure_experimentale
iodp_remanence_362_19866994,362,U1480,G,CYL7964251,0.0033156,-0.8,153.1,1333.04,36,5,80,0.000387,0.116721,-0.9604,0,,mesure_experimentale
iodp_remanence_362_19866994,362,U1480,G,CYL7964541,0.57601,13.6,201.6,1368.65,48,5,140,0.0145984,0.025344,-0.9661,0,,mesure_experimentale
iodp_remanence_362_19866994,362,U1480,G,CYL7964581,0.597469,-8.4,189.5,1372.63,48,5,140,0.0148525,0.024859,-0.9870,0,,mesure_experimentale
iodp_remanence_362_19866994,362,U1480,G,CYL7964711,1.24822,-42.4,149.7,1378.97,68,5,575,0.056707,0.0454303,-0.5244,0,,mesure_experimentale
iodp_remanence_362_19866994,362,U1480,G,CYL7964801,0.638387,-12.9,187.4,1389.81,68,5,575,0.008609,0.0134856,-0.9544,0,,mesure_experimentale
iodp_remanence_362_19866994,362,U1480,G,CYL7965061,0.0030754,40.1,188.1,1332.54,52,5,160,0.0003906,0.127008,-0.9725,0,,mesure_experimentale
iodp_remanence_362_19866994,362,U1480,G,CYL7965821,0.0308537,69.5,98.0,1405.57,60,50,575,0.0013255,0.0429608,-0.9668,0,,mesure_experimentale
iodp_remanence_362_19866994,362,U1480,G,CYL7990081,0.0216052,52.6,202.8,1104.5,92,5,575,0.0024064,0.111381,-0.7539,0,,mesure_experimentale
iodp_remanence_362_19866994,362,U1481,A,CYL7995191,0.0155594,0.4,265.9,1149.885,14,5,160,0.0010913,0.0701377,-0.9780,0,,mesure_experimentale
iodp_remanence_362_19866994,362,U1481,A,CYL7998201,0.0114582,30.6,254.9,1179.6,10,5,100,0.0127091,1.10917,-0.4424,0,,mesure_experimentale
iodp_remanence_362_19866994,362,U1481,A,CYL7998291,0.0158059,69.3,133.1,1180.88,10,5,100,0.0050469,0.319305,-0.9515,0,,mesure_experimentale
iodp_remanence_362_19866994,362,U1481,A,CYL8000931,0.178807,35.8,276.1,1217.99,10,5,100,0.0344023,0.192399,-0.6727,0,,mesure_experimentale
iodp_remanence_362_19866994,362,U1481,A,CYL8000961,0.0139092,26.3,292.6,1220.15,11,5,120,0.0056079,0.403179,-0.9091,0,,mesure_experimentale
iodp_remanence_362_19866994,362,U1481,A,CYL8001071,0.0362296,28.2,177.1,1221.72,10,5,80,0.0144614,0.39916,-0.0424,0,,mesure_experimentale
iodp_remanence_362_19866994,362,U1481,A,CYL8005961,0.0138892,6.7,236.0,1286.0,10,5,100,0.0031909,0.22974,-0.9879,0,,mesure_experimentale
iodp_remanence_362_19866994,362,U1481,A,CYL8006121,0.0128651,8.9,29.5,1288.5,10,5,100,0.0173017,1.34486,-0.3818,0,,mesure_experimentale
iodp_remanence_362_19866994,362,U1481,A,CYL8007711,0.0666406,27.3,248.3,1316.42,9,5,80,0.006405,0.0961126,-0.8167,0,,mesure_experimentale
iodp_remanence_362_19866994,362,U1481,A,CYL8007731,0.0301372,-4.2,74.8,1319.12,11,5,120,0.0462278,1.53391,-0.0909,0,,mesure_experimentale
iodp_remanence_362_19866994,362,U1481,A,CYL8008231,0.0197658,3.4,351.8,1326.48,11,5,120,0.0036846,0.186413,-0.9909,0,,mesure_experimentale
iodp_remanence_362_19866994,362,U1481,A,CYL8019171,0.000762,31.4,190.7,1417.7,10,5,100,3.75e-05,0.0492126,-1.0000,0,,mesure_experimentale
iodp_remanence_362_19866994,362,U1481,A,CYL8019821,0.0056251,-6.9,158.4,1424.66,14,5,180,0.0021361,0.379744,-1.0000,0,,mesure_experimentale
iodp_remanence_362_19866994,362,U1481,A,CYL8021491,0.0011271,41.4,235.3,1432.86,10,5,100,0.0009144,0.811286,-0.9515,0,,mesure_experimentale
iodp_remanence_362_19866994,362,U1481,A,CYL8021571,0.0195728,18.3,94.7,1434.47,9,5,80,0.0024906,0.127248,-0.9833,0,,mesure_experimentale
iodp_remanence_362_19866994,362,U1481,A,CYL8021651,0.0005513,26.3,129.6,1435.52,10,5,100,0.0001542,0.279703,-1.0000,0,,mesure_experimentale
iodp_remanence_362_19866994,362,U1481,A,CYL8022951,0.010031,51.9,240.3,1448.74,11,5,100,0.0027463,0.273781,0.0455,0,,mesure_experimentale
iodp_remanence_363_10520355,363,U1482,A,CUBE8034821,8.33e-05,-17.4,176.6,2.54,36,5,80,2.36e-05,0.283313,-0.6968,12,1.0000,mesure_experimentale
iodp_remanence_363_10520355,363,U1482,A,CUBE8036131,0.0003856,-4.5,212.6,9.89,54,5,80,4.15e-05,0.107624,-0.7455,18,1.0000,mesure_experimentale
iodp_remanence_363_10520355,363,U1482,A,CUBE8037151,9.47e-05,-13.0,234.1,17.8,32,5,60,4.69e-05,0.495248,-0.8065,12,1.0000,mesure_experimentale
iodp_remanence_363_10520355,363,U1482,A,CUBE8038101,0.000318,13.6,254.6,29.14,36,5,80,5.6e-05,0.176101,-0.9274,36,0.8353,mesure_experimentale
iodp_remanence_363_10520355,363,U1482,A,CUBE8039481,0.0003096,-9.3,117.5,33.31,36,5,80,3.54e-05,0.114341,-0.9768,16,0.9588,mesure_experimentale
iodp_remanence_363_10520355,363,U1482,A,CUBE8041541,0.0002743,38.4,171.6,49.21,45,5,80,3.63e-05,0.132337,-0.9763,15,1.0000,mesure_experimentale
iodp_remanence_363_10520355,363,U1482,A,CUBE8042561,0.0002816,23.9,141.3,54.11,36,5,80,4.48e-05,0.159091,-0.9604,12,1.0000,mesure_experimentale
iodp_remanence_363_10520355,363,U1482,A,CUBE8043101,0.0003402,12.7,171.3,62.02,36,5,80,4.96e-05,0.145797,-0.6968,12,1.0000,mesure_experimentale
iodp_remanence_363_10520355,363,U1482,A,CUBE8044291,0.0003833,1.9,158.7,71.41,36,5,80,3.9e-05,0.101748,-0.5650,12,1.0000,mesure_experimentale
iodp_remanence_363_10520355,363,U1482,A,CUBE8045291,0.0004416,10.4,184.4,82.19,54,5,80,4.41e-05,0.0998641,-0.7290,54,0.8189,mesure_experimentale
iodp_remanence_363_10520355,363,U1482,A,CUBE8046391,0.0001958,13.0,160.4,92.36,36,5,80,4.72e-05,0.241062,-0.7627,12,1.0000,mesure_experimentale
iodp_remanence_363_10520355,363,U1482,A,CUBE8048181,0.0002058,14.3,163.4,101.69,32,5,60,6.51e-05,0.316327,-0.0323,12,1.0000,mesure_experimentale
iodp_remanence_363_10520355,363,U1482,A,CUBE8049211,0.0003105,2.6,177.8,111.4,32,5,60,4.73e-05,0.152335,-0.7361,12,1.0000,mesure_experimentale
iodp_remanence_363_10520355,363,U1482,A,CUBE8050151,0.0001409,18.4,141.0,119.25,32,5,60,1.37e-05,0.0972321,-0.9472,12,1.0000,mesure_experimentale
iodp_remanence_363_10520355,363,U1482,A,CUBE8052491,0.000109,-29.9,160.7,141.31,32,5,60,5.43e-05,0.498165,0.2493,12,1.0000,mesure_experimentale
iodp_remanence_363_10520355,363,U1482,A,CUBE8053101,0.0001326,2.0,184.2,152.02,32,5,60,3.34e-05,0.251885,0.5543,8,1.0000,mesure_experimentale
iodp_remanence_363_10520355,363,U1482,A,CUBE8053601,0.0002012,45.9,208.9,160.57,32,5,60,1.94e-05,0.0964215,-0.4780,12,1.0000,mesure_experimentale
iodp_remanence_363_10520355,363,U1482,A,CUBE8053921,0.0001479,21.8,170.6,167.86,32,5,60,6.21e-05,0.419878,-0.0323,12,1.0000,mesure_experimentale
iodp_remanence_363_10520355,363,U1482,A,CUBE8054351,0.000132,39.2,142.1,180.74,32,5,60,2.76e-05,0.209091,-0.7595,12,1.0000,mesure_experimentale
iodp_remanence_363_10520355,363,U1482,A,CUBE8054631,0.0001048,32.0,202.5,188.53,28,5,60,3.2e-05,0.305344,-0.7865,12,1.0000,mesure_experimentale
iodp_remanence_363_10520355,363,U1482,A,CUBE8055431,0.0001506,19.2,182.5,195.0,68,5,100,0.0034602,22.9761,-0.3004,40,0.8773,mesure_experimentale
iodp_remanence_363_10520355,363,U1482,A,CUBE8055921,7.98e-05,30.5,183.8,208.12,28,5,60,2.13e-05,0.266917,-0.5764,12,1.0000,mesure_experimentale
iodp_remanence_363_10520355,363,U1482,A,CUBE8056031,9.66e-05,31.5,168.9,216.84,28,5,60,4.32e-05,0.447205,-0.6814,12,1.0000,mesure_experimentale
iodp_remanence_363_10520355,363,U1482,A,CUBE8056571,0.0001694,9.6,195.8,228.02,28,5,60,4.23e-05,0.249705,-0.2261,12,1.0000,mesure_experimentale
iodp_remanence_363_10520355,363,U1482,A,CUBE8056671,0.0001684,-7.4,186.6,232.88,28,5,60,3.82e-05,0.226841,0.8599,12,1.0000,mesure_experimentale
iodp_remanence_363_10520355,363,U1482,A,CUBE8057151,0.0001487,-3.3,172.6,248.7,42,5,60,3.69e-05,0.248151,-0.6102,18,1.0000,mesure_experimentale
iodp_remanence_363_10520355,363,U1482,A,CUBE8058071,0.0001887,-1.4,185.5,256.84,42,5,60,4.52e-05,0.239534,0.8950,18,1.0000,mesure_experimentale
iodp_remanence_363_10520355,363,U1482,A,CUBE8058281,0.0001219,5.8,160.0,262.14,28,5,60,2.02e-05,0.16571,-0.6464,12,1.0000,mesure_experimentale
iodp_remanence_363_10520355,363,U1482,B,CUBE8072971,0.0001928,27.1,191.2,4.13,32,5,60,3.4e-05,0.176349,-0.9238,12,1.0000,mesure_experimentale
iodp_remanence_363_10520355,363,U1482,B,CUBE8073391,0.0006811,44.7,171.6,10.17,28,5,60,3.81e-05,0.0559389,-0.9617,12,1.0000,mesure_experimentale
iodp_remanence_363_10520355,363,U1482,B,CUBE8074091,0.000205,66.8,160.4,22.64,48,5,80,3.33e-05,0.162439,-0.9696,18,1.0000,mesure_experimentale
iodp_remanence_363_10520355,363,U1482,B,CUBE8074551,0.0003269,16.5,142.9,31.68,42,5,60,3.82e-05,0.116855,-0.9603,18,1.0000,mesure_experimentale
iodp_remanence_363_10520355,363,U1482,B,CUBE8075261,0.0003232,57.6,163.6,38.72,28,5,60,5.37e-05,0.166151,-0.9617,12,1.0000,mesure_experimentale
iodp_remanence_363_10520355,363,U1482,B,CUBE8076061,0.0003449,35.4,201.7,51.78,28,5,60,1.15e-05,0.033343,-0.9267,12,1.0000,mesure_experimentale
iodp_remanence_363_10520355,363,U1482,B,CUBE8076281,0.0004447,-19.9,124.2,63.48,28,5,60,2.94e-05,0.066112,-0.9617,12,1.0000,mesure_experimentale
iodp_remanence_363_10520355,363,U1482,B,CUBE8076971,0.000471,0.7,164.1,74.31,28,5,60,3.17e-05,0.0673036,-0.4713,12,1.0000,mesure_experimentale
iodp_remanence_363_10520355,363,U1482,B,CUBE8076981,0.0003293,1.2,181.9,75.7,28,5,60,1.67e-05,0.0507136,-0.7865,12,1.0000,mesure_experimentale
iodp_remanence_363_10520355,363,U1482,B,CUBE8077381,0.0002916,10.1,178.8,83.66,28,5,60,1.71e-05,0.058642,-0.0859,12,1.0000,mesure_experimentale
iodp_remanence_363_10520355,363,U1482,B,CUBE8078381,0.000233,3.6,181.3,92.75,28,5,60,2.05e-05,0.0879828,-0.7865,12,1.0000,mesure_experimentale
iodp_remanence_363_10520355,363,U1482,B,CUBE8078591,0.0002681,-5.2,179.9,99.82,28,5,60,1.57e-05,0.0585602,-0.6464,12,1.0000,mesure_experimentale
iodp_remanence_363_10520355,363,U1482,B,CUBE8079391,0.0001758,-9.4,168.0,127.84,42,5,60,2.09e-05,0.118885,-0.8203,18,1.0000,mesure_experimentale
iodp_remanence_363_10520355,363,U1482,C,CUBE8093611,0.0001936,27.4,135.5,7.36,42,5,60,6.84e-05,0.353306,-0.8553,18,1.0000,mesure_experimentale
iodp_remanence_363_10520355,363,U1482,C,CUBE8094191,0.0001264,23.1,124.8,16.51,42,5,60,3.78e-05,0.299051,-0.9253,18,1.0000,mesure_experimentale
iodp_remanence_363_10520355,363,U1482,C,CUBE8094201,0.0003297,67.7,128.5,23.86,42,5,60,3.19e-05,0.0967546,-0.9603,18,1.0000,mesure_experimentale
iodp_remanence_363_10520355,363,U1482,C,CUBE8094411,0.0003023,56.8,149.1,36.72,42,5,60,3.83e-05,0.126695,-0.9603,18,1.0000,mesure_experimentale
iodp_remanence_363_10520355,363,U1482,C,CUBE8094451,0.0003123,43.5,137.9,42.65,42,5,60,5.13e-05,0.164265,-0.9603,18,1.0000,mesure_experimentale
iodp_remanence_363_10520355,363,U1482,C,CUBE8094721,0.0003386,20.4,188.3,58.34,42,5,60,2.35e-05,0.0694034,-0.9603,18,1.0000,mesure_experimentale
iodp_remanence_363_10520355,363,U1483,A,CUBE8110641,0.000492,-0.3,156.1,2.09,28,5,60,7.43e-05,0.151016,-0.9617,16,0.8118,mesure_experimentale
iodp_remanence_363_10520355,363,U1483,A,CUBE8110651,0.0002113,-35.0,125.0,7.04,28,5,60,3.48e-05,0.164695,-0.9617,16,0.8118,mesure_experimentale
iodp_remanence_363_10520355,363,U1483,A,CUBE8111421,0.000245,48.9,227.6,12.46,28,5,60,4.78e-05,0.195102,-0.9617,16,0.8118,mesure_experimentale
iodp_remanence_363_10520355,363,U1483,A,CUBE8111431,0.0003467,33.8,243.6,16.91,28,5,60,5.69e-05,0.164119,-0.9617,16,0.8118,mesure_experimentale
iodp_remanence_363_10520355,363,U1483,A,CUBE8111871,0.0004717,-44.4,102.5,21.54,42,5,60,3.28e-05,0.0695357,-0.9603,24,0.8122,mesure_experimentale
iodp_remanence_363_10520355,363,U1483,A,CUBE8111891,0.0005417,-61.3,136.6,26.27,42,5,60,2.45e-05,0.045228,-0.9603,24,0.8122,mesure_experimentale
iodp_remanence_363_10520355,363,U1483,A,CUBE8112401,0.0003859,-75.7,178.8,31.44,42,5,60,2.98e-05,0.0772221,-0.9603,24,0.8122,mesure_experimentale
iodp_remanence_363_10520355,363,U1483,A,CUBE8112411,0.0002,-42.5,169.4,35.33,28,5,60,2.89e-05,0.1445,-0.9617,16,0.8118,mesure_experimentale
iodp_remanence_363_10520355,363,U1483,A,CUBE8113841,0.0005837,16.5,106.0,40.94,42,5,60,4.03e-05,0.0690423,-0.9603,24,0.8122,mesure_experimentale
iodp_remanence_363_10520355,363,U1483,A,CUBE8113851,0.0009365,34.8,92.3,44.84,42,5,60,4.22e-05,0.0450614,-0.9603,24,0.8122,mesure_experimentale
iodp_remanence_363_10520355,363,U1483,A,CUBE8114751,0.000775,61.3,115.3,50.26,42,5,60,5.3e-05,0.0683871,-0.9603,24,0.8122,mesure_experimentale
iodp_remanence_363_10520355,363,U1483,A,CUBE8114901,0.00042,57.4,127.6,54.68,28,5,60,4.91e-05,0.116905,-0.9617,16,0.8118,mesure_experimentale
iodp_remanence_363_10520355,363,U1483,A,CUBE8115841,0.0006416,61.2,152.3,59.14,42,5,60,5.04e-05,0.0785536,-0.9603,24,0.8122,mesure_experimentale
iodp_remanence_363_10520355,363,U1483,A,CUBE8115851,0.0003706,46.5,165.7,63.39,28,5,60,4.77e-05,0.12871,-0.9617,16,0.8118,mesure_experimentale
iodp_remanence_363_10520355,363,U1483,A,CUBE8116841,0.0014622,-70.7,154.1,68.75,48,5,60,2.64e-05,0.018055,-0.9547,24,0.8122,mesure_experimentale
iodp_remanence_363_10520355,363,U1483,A,CUBE8116851,0.000821,-65.5,118.6,73.26,28,5,60,4.34e-05,0.0528624,-0.8566,16,0.8118,mesure_experimentale
iodp_remanence_363_10520355,363,U1483,A,CUBE8117781,0.0005327,-25.5,241.8,78.46,42,5,60,2.25e-05,0.0422377,-0.9253,24,0.8122,mesure_experimentale
iodp_remanence_363_10520355,363,U1483,A,CUBE8117791,0.0007298,0.4,158.7,82.84,28,5,60,2.43e-05,0.0332968,-0.9617,16,0.8118,mesure_experimentale
iodp_remanence_363_10520355,363,U1483,A,CUBE8119111,0.0005267,-21.3,185.0,88.0,42,5,60,2.22e-05,0.0421492,-0.9253,24,0.8122,mesure_experimentale
iodp_remanence_363_10520355,363,U1483,A,CUBE8119121,0.0004295,-20.6,181.3,92.22,28,5,60,3.07e-05,0.0714785,-0.8566,16,0.8118,mesure_experimentale
iodp_remanence_363_10520355,363,U1483,A,CUBE8119321,0.0002923,-7.9,163.8,97.62,42,5,60,2.13e-05,0.0728703,-0.9603,24,0.8122,mesure_experimentale
iodp_remanence_363_10520355,363,U1483,A,CUBE8119331,0.0002394,-7.4,143.6,102.15,28,5,60,2.05e-05,0.0856307,-0.5063,16,0.8118,mesure_experimentale
iodp_remanence_363_10520355,363,U1483,A,CUBE8119581,0.0004576,-3.5,175.0,107.43,42,5,60,2.6e-05,0.0568182,-0.8553,24,0.8122,mesure_experimentale
iodp_remanence_363_10520355,363,U1483,A,CUBE8119591,0.0005859,-2.3,177.8,111.63,28,5,60,2.23e-05,0.0380611,-0.9267,16,0.8118,mesure_experimentale
iodp_remanence_363_10520355,363,U1483,A,CUBE8119921,0.0009862,12.4,193.6,117.19,28,5,60,4.54e-05,0.0460353,-0.9617,16,0.8118,mesure_experimentale
iodp_remanence_363_10520355,363,U1483,A,CUBE8119931,0.0008767,14.1,189.0,121.42,28,5,60,3.14e-05,0.0358161,-0.9617,16,0.8118,mesure_experimentale
iodp_remanence_363_10520355,363,U1483,A,CUBE8120561,0.0003478,3.8,179.3,125.91,35,5,60,1.84e-05,0.052904,-0.6457,20,0.8120,mesure_experimentale
iodp_remanence_363_10520355,363,U1483,A,CUBE8120571,0.0004409,-6.6,183.8,130.37,28,5,60,4.66e-05,0.105693,-0.7165,16,0.8118,mesure_experimentale
iodp_remanence_363_10520355,363,U1483,A,CUBE8122051,0.0012952,-19.2,173.8,134.46,28,5,60,2.33e-05,0.0179895,-0.9617,16,0.8118,mesure_experimentale
iodp_remanence_363_10520355,363,U1483,A,CUBE8122061,0.001219,-24.0,178.2,139.91,42,5,60,2.99e-05,0.0245283,-0.9253,24,0.8122,mesure_experimentale
iodp_remanence_363_10520355,363,U1483,A,CUBE8122581,0.0004829,4.0,169.7,145.62,42,5,60,4.59e-05,0.0950507,-0.9253,24,0.8122,mesure_experimentale
iodp_remanence_363_10520355,363,U1483,A,CUBE8122591,0.001648,1.1,152.7,149.44,28,5,60,4.57e-05,0.0277306,-0.9617,16,0.8118,mesure_experimentale
iodp_remanence_363_10520355,363,U1483,A,CUBE8123061,0.0013682,-19.8,201.6,154.39,42,5,60,1.44e-05,0.0105248,-0.9603,24,0.8122,mesure_experimentale
iodp_remanence_363_10520355,363,U1483,A,CUBE8123071,0.0005592,-8.0,192.3,159.69,28,5,60,4.34e-05,0.0776109,-0.8216,16,0.8118,mesure_experimentale
iodp_remanence_363_10520355,363,U1483,A,CUBE8124031,0.0020378,-19.9,170.6,164.61,48,0,60,2.55e-05,0.0125135,-0.7351,24,0.8122,mesure_experimentale
iodp_remanence_363_10520355,363,U1483,A,CUBE8124041,0.0007653,-1.3,181.1,168.13,54,0,100,5.98e-05,0.0781393,0.1437,24,0.8122,mesure_experimentale
iodp_remanence_363_10520355,363,U1483,A,CUBE8124161,0.0002398,16.8,176.9,173.45,42,5,60,5.39e-05,0.224771,-0.7153,24,0.8122,mesure_experimentale
iodp_remanence_363_10520355,363,U1483,A,CUBE8124171,0.0002936,64.1,238.0,177.88,32,5,60,4.8e-05,0.163488,-0.6532,16,0.8118,mesure_experimentale
iodp_remanence_363_10520355,363,U1483,A,CUBE8124421,0.0005907,16.4,241.1,183.07,28,5,60,2.26e-05,0.0382597,-0.9617,16,0.8118,mesure_experimentale
iodp_remanence_363_10520355,363,U1483,A,CUBE8124431,0.0003909,11.5,191.8,187.61,54,0,60,0.0002246,0.574572,0.9775,24,0.8122,mesure_experimentale
iodp_remanence_363_10520355,363,U1483,A,CUBE8124611,0.0003883,-3.5,191.3,192.62,28,5,60,3.41e-05,0.0878187,0.8949,16,0.8118,mesure_experimentale
iodp_remanence_363_10520355,363,U1483,A,CUBE8124621,0.0001471,29.3,230.2,197.99,36,0,60,0.000265,1.8015,0.6340,16,0.8118,mesure_experimentale
iodp_remanence_363_10520355,363,U1483,A,CUBE8125351,0.0001979,6.7,190.4,202.41,28,5,60,3.51e-05,0.177362,-0.8216,16,0.8118,mesure_experimentale
iodp_remanence_363_10520355,363,U1483,A,CUBE8125361,0.0002392,38.1,250.6,206.18,36,0,60,0.000267,1.11622,0.2386,16,0.8118,mesure_experimentale
iodp_remanence_363_10520355,363,U1483,A,CUBE8126321,0.0014839,-18.3,152.4,211.76,28,5,60,5.43e-05,0.0365928,-0.9617,16,0.8118,mesure_experimentale
iodp_remanence_363_10520355,363,U1483,A,CUBE8126331,0.0002063,59.0,178.6,215.97,36,0,60,0.0002638,1.27872,0.4363,16,0.8118,mesure_experimentale
iodp_remanence_363_10520355,363,U1483,A,CUBE8126731,0.0003078,-5.8,185.2,221.41,28,5,60,2.9e-05,0.094217,0.6497,16,0.8118,mesure_experimentale
iodp_remanence_363_10520355,363,U1483,A,CUBE8126741,0.000222,23.3,202.0,225.26,36,0,60,0.0002478,1.11622,0.5846,16,0.8118,mesure_experimentale
iodp_remanence_363_10520355,363,U1483,A,CUBE8127831,0.0005281,0.9,179.1,230.75,28,5,60,3.06e-05,0.0579436,-0.4362,16,0.8118,mesure_experimentale
iodp_remanence_363_10520355,363,U1483,A,CUBE8127841,0.0003317,15.7,156.2,234.58,32,0,60,0.0002671,0.805246,0.9949,16,0.8118,mesure_experimentale
iodp_remanence_363_10520355,363,U1483,A,CUBE8128241,0.0007792,1.2,182.9,239.87,35,5,60,2.36e-05,0.0302875,-0.9258,20,0.8120,mesure_experimentale
iodp_remanence_363_10520355,363,U1483,A,CUBE8128251,0.0003031,45.2,184.6,244.19,12,5,40,4.38e-05,0.144507,-0.7902,16,0.8118,mesure_experimentale
iodp_remanence_363_10520355,363,U1483,A,CUBE8128891,0.0006316,8.6,182.4,250.23,28,5,60,3.16e-05,0.0500317,-0.9617,16,0.8118,mesure_experimentale
iodp_remanence_363_10520355,363,U1483,A,CUBE8128901,0.0003016,6.7,162.7,253.82,8,15,40,4.19e-05,0.138926,-0.5238,16,0.8118,mesure_experimentale
iodp_remanence_363_10520355,363,U1483,A,CUBE8129701,0.0002473,15.4,185.7,259.83,28,5,60,3.12e-05,0.126163,-0.6814,16,0.8118,mesure_experimentale
iodp_remanence_363_10520355,363,U1483,A,CUBE8129711,0.0001758,13.6,226.8,264.03,8,15,40,7.63e-05,0.434016,-0.5238,16,0.8118,mesure_experimentale
iodp_remanence_363_10520355,363,U1483,A,CUBE8130721,0.0003513,32.3,200.5,267.15,28,5,60,5.94e-05,0.169086,-0.7865,16,0.8118,mesure_experimentale
iodp_remanence_363_10520355,363,U1483,A,CUBE8130731,0.0002303,31.8,190.7,273.07,8,15,40,4.98e-05,0.21624,-0.5238,16,0.8118,mesure_experimentale
iodp_remanence_363_10520355,363,U1483,A,CUBE8131461,0.0002987,0.2,200.4,278.52,28,5,60,3.67e-05,0.122866,-0.7865,16,0.8118,mesure_experimentale
iodp_remanence_363_10520355,363,U1483,A,CUBE8131471,0.0001739,-3.1,202.3,283.15,8,15,40,2.56e-05,0.147211,-0.5238,16,0.8118,mesure_experimentale
iodp_remanence_363_10520355,363,U1483,A,CUBE8132131,0.0004555,-11.0,161.9,290.03,8,15,40,1.13e-05,0.0248079,-0.5238,16,0.8118,mesure_experimentale
iodp_remanence_363_10520355,363,U1483,A,CUBE8132141,0.0002649,6.9,153.8,289.6,28,5,60,6.37e-05,0.240468,-0.8566,16,0.8118,mesure_experimentale
iodp_remanence_363_10520355,363,U1484,A,CUBE8155001,0.100965,-46.9,173.8,2.3,21,5,60,0.0082482,0.0816938,-0.9636,9,1.0000,mesure_experimentale
iodp_remanence_363_10520355,363,U1484,A,CUBE8155021,0.0959351,-41.3,184.1,4.3,21,5,60,0.0078539,0.0818668,-0.9636,9,1.0000,mesure_experimentale
iodp_remanence_363_10520355,363,U1484,A,CUBE8157301,0.144652,-19.2,163.1,6.87,21,5,60,0.008108,0.0560516,-0.9636,9,1.0000,mesure_experimentale
iodp_remanence_363_10520355,363,U1484,A,CUBE8157311,0.283362,-7.9,159.6,11.5,21,5,60,0.0089353,0.0315332,-0.9636,9,1.0000,mesure_experimentale
iodp_remanence_363_10520355,363,U1484,A,CUBE8158911,0.216154,-11.6,169.5,16.97,21,5,60,0.0045644,0.0211164,-0.9636,9,1.0000,mesure_experimentale
iodp_remanence_363_10520355,363,U1484,A,CUBE8158921,0.228304,-2.8,176.1,23.04,21,5,60,0.0027055,0.0118504,-0.9636,9,1.0000,mesure_experimentale
iodp_remanence_363_10520355,363,U1484,A,CUBE8159731,0.293241,12.4,177.0,27.4,21,5,60,0.0009545,0.00325501,-0.9636,9,1.0000,mesure_experimentale
iodp_remanence_363_10520355,363,U1484,A,CUBE8159741,0.195806,7.0,177.1,29.52,28,5,60,0.0013598,0.00694462,-0.9617,12,1.0000,mesure_experimentale
iodp_remanence_363_10520355,363,U1484,A,CUBE8160521,0.305557,6.4,193.7,35.16,21,5,60,0.0022754,0.00744673,-0.9636,9,1.0000,mesure_experimentale
iodp_remanence_363_10520355,363,U1484,A,CUBE8160531,0.115363,-2.8,192.0,40.58,28,5,60,0.0019708,0.0170835,-0.9617,12,1.0000,mesure_experimentale
iodp_remanence_363_10520355,363,U1484,A,CUBE8161071,0.164891,10.0,179.4,44.5,21,5,60,0.0039048,0.0236812,-0.9636,9,1.0000,mesure_experimentale
iodp_remanence_363_10520355,363,U1484,A,CUBE8161081,0.241595,2.3,179.9,50.74,28,5,60,0.0021282,0.00880896,-0.9617,12,1.0000,mesure_experimentale
iodp_remanence_363_10520355,363,U1484,A,CUBE8161641,0.232142,-0.8,180.7,54.29,21,5,60,0.001552,0.00668557,-0.9636,9,1.0000,mesure_experimentale
iodp_remanence_363_10520355,363,U1484,A,CUBE8161651,0.277435,6.4,189.4,59.08,24,5,40,0.0072809,0.0262437,-0.9478,12,1.0000,mesure_experimentale
iodp_remanence_363_10520355,363,U1484,A,CUBE8162421,0.245041,9.4,203.9,63.2,21,5,60,0.0013197,0.00538563,-0.9636,9,1.0000,mesure_experimentale
iodp_remanence_363_10520355,363,U1484,A,CUBE8162431,0.145702,11.8,179.8,67.37,24,5,40,0.0027803,0.0190821,-0.9478,12,1.0000,mesure_experimentale
iodp_remanence_363_10520355,363,U1484,A,CUBE8163721,0.156791,-12.3,170.6,74.91,21,5,60,0.0021889,0.0139606,-0.9636,9,1.0000,mesure_experimentale
iodp_remanence_363_10520355,363,U1484,A,CUBE8163731,0.135887,-8.0,173.1,77.49,24,5,40,0.0025444,0.0187243,-0.9478,12,1.0000,mesure_experimentale
iodp_remanence_363_10520355,363,U1484,A,CUBE8164891,0.167427,-7.7,175.0,83.66,21,5,60,0.001358,0.00811102,-0.9636,9,1.0000,mesure_experimentale
iodp_remanence_363_10520355,363,U1484,A,CUBE8164901,0.129372,-4.2,174.8,87.0,24,5,40,0.0059063,0.0456537,-0.9478,12,1.0000,mesure_experimentale
iodp_remanence_363_10520355,363,U1484,A,CUBE8165371,0.0721737,-7.0,184.6,93.05,28,5,60,0.0003838,0.00531773,-0.9617,12,1.0000,mesure_experimentale
iodp_remanence_363_10520355,363,U1484,A,CUBE8165381,0.0496472,-2.1,181.4,96.91,20,10,40,0.0006879,0.0138558,-0.9248,12,1.0000,mesure_experimentale
iodp_remanence_363_10520355,363,U1484,A,CUBE8166111,0.155438,-13.7,169.5,102.38,21,5,60,0.0029508,0.0189838,-0.9636,9,1.0000,mesure_experimentale
iodp_remanence_363_10520355,363,U1484,A,CUBE8166121,0.272141,-8.0,176.6,106.04,20,10,40,0.0078626,0.0288916,-0.9248,12,1.0000,mesure_experimentale
iodp_remanence_363_10520355,363,U1484,A,CUBE8166711,0.62892,-10.2,183.3,119.69,21,5,60,0.0020792,0.00330598,-0.9636,9,1.0000,mesure_experimentale
iodp_remanence_363_10520355,363,U1484,A,CUBE8167001,0.146193,-8.3,171.6,131.55,28,5,60,0.0010113,0.00691759,-0.9617,12,1.0000,mesure_experimentale
iodp_remanence_363_10520355,363,U1484,A,CUBE8167011,0.0490473,-2.6,174.8,136.11,20,10,40,0.001104,0.0225089,-0.9248,12,1.0000,mesure_experimentale
iodp_remanence_363_10520355,363,U1484,A,CUBE8167451,0.178613,-8.7,178.7,139.48,21,5,60,0.0011895,0.00665964,-0.9636,9,1.0000,mesure_experimentale
iodp_remanence_363_10520355,363,U1484,A,CUBE8167461,0.317248,34.7,268.8,142.8,15,10,40,0.0013781,0.00434392,-0.6393,9,1.0000,mesure_experimentale
iodp_remanence_363_10520355,363,U1484,A,CUBE8167761,0.127713,-4.4,188.0,150.66,28,5,60,0.000553,0.00433003,-0.9617,12,1.0000,mesure_experimentale
iodp_remanence_363_10520355,363,U1484,A,CUBE8167771,0.0495244,-8.7,190.7,154.69,15,10,40,0.0007064,0.0142637,-0.9286,9,1.0000,mesure_experimentale
iodp_remanence_363_10520355,363,U1484,A,CUBE8168711,0.0082414,-28.9,176.1,160.2,21,5,60,0.0002202,0.0267188,-0.9636,9,1.0000,mesure_experimentale
iodp_remanence_363_10520355,363,U1484,A,CUBE8168721,0.0663917,-14.9,186.8,164.1,20,10,40,0.0017758,0.0267473,-0.9248,12,1.0000,mesure_experimentale
iodp_remanence_363_10520355,363,U1484,A,CUBE8169091,0.032844,-2.6,178.6,169.9,28,5,60,0.0004661,0.0141913,-0.9617,12,1.0000,mesure_experimentale
iodp_remanence_363_10520355,363,U1484,A,CUBE8169101,0.0401518,-0.6,177.1,173.52,20,10,40,0.0006242,0.015546,-0.9248,12,1.0000,mesure_experimentale
iodp_remanence_363_10520355,363,U1484,A,CUBE8169991,0.0887671,1.8,191.3,179.27,28,5,60,0.0011257,0.0126815,-0.9617,12,1.0000,mesure_experimentale
iodp_remanence_363_10520355,363,U1484,A,CUBE8170001,0.328716,1.0,185.8,183.79,15,10,40,0.0025111,0.00763912,-0.9286,9,1.0000,mesure_experimentale
iodp_remanence_363_10520355,363,U1484,A,CUBE8170671,0.339007,-9.7,187.9,188.64,20,10,40,0.0025788,0.00760691,-0.9248,12,1.0000,mesure_experimentale
iodp_remanence_363_10520355,363,U1484,A,CUBE8170681,0.0562431,-9.0,189.4,191.36,28,5,60,0.0003597,0.00639545,-0.9617,12,1.0000,mesure_experimentale
iodp_remanence_363_10520355,363,U1484,A,CUBE8171051,0.289014,6.4,188.6,197.14,28,5,60,0.0014743,0.00510114,-0.9617,12,1.0000,mesure_experimentale
iodp_remanence_363_10520355,363,U1484,A,CUBE8171071,0.269916,-6.0,180.7,200.9,21,5,60,0.0009175,0.0033992,-0.9636,9,1.0000,mesure_experimentale
iodp_remanence_363_10520355,363,U1484,A,CUBE8171561,0.0549169,-4.9,181.4,205.77,21,5,60,0.0002258,0.00411167,-0.9636,9,1.0000,mesure_experimentale
iodp_remanence_363_10520355,363,U1484,A,CUBE8171811,0.0898643,1.0,181.9,211.23,28,5,60,0.0005456,0.00607138,-0.9617,12,1.0000,mesure_experimentale
iodp_remanence_363_10520355,363,U1484,A,CUBE8172131,0.309763,0.0,186.1,217.5,28,5,60,0.0015656,0.00505419,-0.9617,12,1.0000,mesure_experimentale
iodp_remanence_363_10520355,363,U1484,A,CUBE8172731,0.148472,-0.7,164.4,220.02,21,5,60,0.0006438,0.00433617,-0.9636,9,1.0000,mesure_experimentale
iodp_remanence_363_10520355,363,U1485,A,CUBE8201991,0.0951768,-32.7,212.0,2.13,18,5,40,0.0187682,0.197193,-0.9505,9,1.0000,mesure_experimentale
iodp_remanence_363_10520355,363,U1485,A,CUBE8202001,0.117156,-37.1,203.7,6.63,18,5,40,0.0231712,0.197781,-0.9505,9,1.0000,mesure_experimentale
iodp_remanence_363_10520355,363,U1485,A,CUBE8202451,0.202577,-18.1,183.2,10.29,18,5,40,0.0171925,0.0848688,-0.9505,9,1.0000,mesure_experimentale
iodp_remanence_363_10520355,363,U1485,A,CUBE8202461,0.0743321,-8.6,184.2,14.21,18,5,40,0.0021571,0.0290198,-0.9505,12,1.0000,mesure_experimentale
iodp_remanence_363_10520355,363,U1485,A,CUBE8202911,0.417905,-6.7,186.9,19.53,18,5,40,0.0082386,0.019714,-0.9505,12,1.0000,mesure_experimentale
iodp_remanence_363_10520355,363,U1485,A,CUBE8202921,0.163647,-8.3,190.4,24.09,18,5,40,0.0042014,0.0256736,-0.9505,12,1.0000,mesure_experimentale
iodp_remanence_363_10520355,363,U1485,A,CUBE8203731,0.192524,-2.4,193.6,29.09,18,5,40,0.0025767,0.0133838,-0.8390,12,1.0000,mesure_experimentale
iodp_remanence_363_10520355,363,U1485,A,CUBE8203741,0.147607,-5.3,193.7,33.15,18,5,40,0.0027092,0.0183541,-0.9505,12,1.0000,mesure_experimentale
iodp_remanence_363_10520355,363,U1485,A,CUBE8204171,0.260027,3.1,171.8,39.52,18,5,40,0.0087063,0.0334823,-0.9505,12,1.0000,mesure_experimentale
iodp_remanence_363_10520355,363,U1485,A,CUBE8204181,0.272616,-4.8,181.0,43.89,18,5,40,0.0042278,0.0155082,-0.9505,12,1.0000,mesure_experimentale
iodp_remanence_363_10520355,363,U1485,A,CUBE8205211,0.314574,-0.5,196.2,47.14,36,5,40,0.0039064,0.0124181,-0.9653,12,1.0000,mesure_experimentale
iodp_remanence_363_10520355,363,U1485,A,CUBE8205221,0.277723,-2.3,191.4,51.37,15,10,40,0.0069676,0.0250883,-0.9286,12,1.0000,mesure_experimentale
iodp_remanence_363_10520355,363,U1485,A,CUBE8205721,0.121024,-18.9,180.1,62.85,15,10,40,0.0047662,0.0393821,-0.9286,12,1.0000,mesure_experimentale
iodp_remanence_363_10520355,363,U1485,A,CUBE8206571,0.0983575,1.0,181.7,65.31,18,5,40,0.0019156,0.0194759,-0.9505,12,1.0000,mesure_experimentale
iodp_remanence_363_10520355,363,U1485,A,CUBE8206581,0.131204,4.0,177.9,71.49,15,10,40,0.0025942,0.0197723,-0.9286,12,1.0000,mesure_experimentale
iodp_remanence_363_10520355,363,U1485,A,CUBE8207041,0.139024,-1.4,189.2,74.9,18,5,40,0.0017087,0.0122907,-0.9505,12,1.0000,mesure_experimentale
iodp_remanence_363_10520355,363,U1485,A,CUBE8207051,0.0638107,-1.2,195.1,80.19,20,10,40,0.002047,0.0320793,-0.9248,16,1.0000,mesure_experimentale
iodp_remanence_363_10520355,363,U1485,A,CUBE8208101,0.152126,14.9,200.5,85.58,18,5,40,0.0084332,0.0554356,-0.9505,12,1.0000,mesure_experimentale
iodp_remanence_363_10520355,363,U1485,A,CUBE8208111,0.202927,5.9,202.9,88.14,20,10,40,0.0065237,0.032148,-0.9248,16,1.0000,mesure_experimentale
iodp_remanence_363_10520355,363,U1485,A,CUBE8209091,0.119125,0.3,189.5,95.33,24,5,40,0.0028668,0.0240655,-0.9478,16,1.0000,mesure_experimentale
iodp_remanence_363_10520355,363,U1485,A,CUBE8209101,0.128973,-0.8,188.9,98.79,4,10,10,0.0127161,0.0985951,1.0000,16,1.0000,mesure_experimentale
iodp_remanence_363_10520355,363,U1485,A,CUBE8209741,0.319449,2.9,187.9,105.01,24,5,40,0.0029463,0.00922305,-0.9478,16,1.0000,mesure_experimentale
iodp_remanence_363_10520355,363,U1485,A,CUBE8209751,0.11311,-3.4,188.0,109.3,3,10,10,0.0083897,0.0741732,1.0000,12,1.0000,mesure_experimentale
iodp_remanence_363_10520355,363,U1485,A,CUBE8209971,0.120414,-8.0,192.3,114.1,24,5,40,0.0022454,0.0186473,-0.9478,16,1.0000,mesure_experimentale
iodp_remanence_363_10520355,363,U1485,A,CUBE8209981,0.338734,-6.8,192.0,119.17,3,10,10,0.0258715,0.0763769,1.0000,12,1.0000,mesure_experimentale
iodp_remanence_363_10520355,363,U1485,A,CUBE8210031,0.108586,-0.9,190.9,123.32,24,5,40,0.0010719,0.00987148,-0.9478,16,1.0000,mesure_experimentale
iodp_remanence_363_10520355,363,U1485,A,CUBE8210041,0.0483359,6.2,187.9,127.07,4,10,10,0.0057326,0.118599,1.0000,16,1.0000,mesure_experimentale
iodp_remanence_363_10520355,363,U1485,A,CUBE8210231,0.500476,-8.0,188.6,132.47,24,5,40,0.008042,0.0160687,-0.9478,16,0.8118,mesure_experimentale
iodp_remanence_363_10520355,363,U1485,A,CUBE8210441,0.103154,-1.2,192.2,142.49,24,5,40,0.0048487,0.0470045,-0.9478,16,1.0000,mesure_experimentale
iodp_remanence_363_10520355,363,U1485,A,CUBE8210451,0.0712678,-2.2,204.1,146.7,4,10,10,0.0192406,0.269976,1.0000,16,1.0000,mesure_experimentale
iodp_remanence_363_10520355,363,U1485,A,CUBE8211501,0.367089,0.6,181.1,150.97,18,5,40,0.008193,0.0223189,-0.9505,12,1.0000,mesure_experimentale
iodp_remanence_363_10520355,363,U1485,A,CUBE8212081,0.363145,-8.2,182.7,163.02,24,5,40,0.0041859,0.0115268,-0.9478,16,1.0000,mesure_experimentale
iodp_remanence_363_10520355,363,U1485,A,CUBE8212091,0.325807,-8.3,185.3,167.44,4,10,10,0.0120361,0.0369425,1.0000,16,1.0000,mesure_experimentale
iodp_remanence_363_10520355,363,U1485,A,CUBE8212441,0.150278,-4.0,167.9,172.28,24,5,40,0.0034782,0.023145,-0.9478,16,1.0000,mesure_experimentale
iodp_remanence_363_10520355,363,U1485,A,CUBE8212451,0.162281,-6.6,179.9,176.83,4,10,10,0.0085117,0.0524503,1.0000,16,1.0000,mesure_experimentale
iodp_remanence_363_10520355,363,U1485,A,CUBE8213351,0.0249341,0.1,181.0,180.29,24,5,40,0.0003334,0.0133712,-0.9478,16,1.0000,mesure_experimentale
iodp_remanence_363_10520355,363,U1485,A,CUBE8213361,0.252929,-5.9,188.2,184.37,4,10,10,0.0079584,0.031465,1.0000,16,1.0000,mesure_experimentale
iodp_remanence_363_10520355,363,U1485,A,CUBE8213711,0.0205803,-3.1,192.1,191.36,18,5,40,0.0005205,0.0252912,-0.9505,12,1.0000,mesure_experimentale
iodp_remanence_363_10520355,363,U1485,A,CUBE8213721,0.0457953,1.8,176.7,195.85,4,10,10,0.0059598,0.13014,1.0000,16,1.0000,mesure_experimentale
iodp_remanence_363_10520355,363,U1485,A,CUBE8214311,0.0460996,-8.2,166.7,199.67,18,5,40,0.0025839,0.0560504,-0.9505,12,1.0000,mesure_experimentale
iodp_remanence_363_10520355,363,U1485,A,CUBE8214321,0.0891215,-11.0,185.4,205.7,3,10,10,0.0096169,0.107908,1.0000,12,1.0000,mesure_experimentale
iodp_remanence_363_10520355,363,U1485,A,CUBE8215201,0.0771685,-1.0,176.4,209.15,18,5,40,0.0015671,0.0203075,-0.9505,12,1.0000,mesure_experimentale
iodp_remanence_363_10520355,363,U1485,A,CUBE8215211,0.0914997,0.8,192.6,213.13,4,10,10,0.0061005,0.0666723,1.0000,16,1.0000,mesure_experimentale
iodp_remanence_363_10520355,363,U1485,A,CUBE8215521,0.0108283,13.6,187.8,218.58,24,5,40,0.0009128,0.0842976,-0.9478,16,1.0000,mesure_experimentale
iodp_remanence_363_10520355,363,U1485,A,CUBE8215531,0.0108165,-4.6,196.7,223.56,4,10,10,0.00184,0.17011,1.0000,16,1.0000,mesure_experimentale
iodp_remanence_363_10520355,363,U1485,A,CUBE8215951,0.0441835,-9.2,181.2,227.36,24,5,40,0.0011313,0.0256046,-0.9478,16,1.0000,mesure_experimentale
iodp_remanence_363_10520355,363,U1485,A,CUBE8215961,0.0637966,-7.7,176.6,232.28,24,5,40,0.0019136,0.0299953,-0.9478,16,1.0000,mesure_experimentale
iodp_remanence_363_10520355,363,U1485,A,CUBE8216861,0.0772884,20.7,190.0,236.61,24,5,40,0.0026977,0.0349043,-0.9478,16,1.0000,mesure_experimentale
iodp_remanence_363_10520355,363,U1485,A,CUBE8216901,0.0305396,-28.3,129.0,241.44,3,10,10,0.024326,0.79654,1.0000,12,1.0000,mesure_experimentale
iodp_remanence_363_10520355,363,U1485,A,CUBE8217131,0.0329633,-0.5,158.7,246.45,24,5,40,0.0031155,0.0945142,-0.9478,16,1.0000,mesure_experimentale
iodp_remanence_363_10520355,363,U1485,A,CUBE8217151,0.0456829,3.5,168.6,251.27,4,10,10,0.0100079,0.219073,1.0000,16,1.0000,mesure_experimentale
iodp_remanence_363_10520355,363,U1485,A,CUBE8218131,0.0417661,-4.3,203.5,256.36,24,5,40,0.0040654,0.0973373,-0.9478,16,1.0000,mesure_experimentale
iodp_remanence_363_10520355,363,U1485,A,CUBE8218731,0.0196604,12.5,183.4,260.4,4,10,10,0.0041643,0.211812,1.0000,16,1.0000,mesure_experimentale
iodp_remanence_363_10520355,363,U1485,A,CUBE8218741,0.0275443,4.4,172.0,264.77,24,5,40,0.001536,0.0557647,-0.9478,16,1.0000,mesure_experimentale
iodp_remanence_363_10520355,363,U1485,A,CUBE8219331,0.0073352,16.9,209.8,270.14,4,10,10,0.0031393,0.427977,1.0000,16,1.0000,mesure_experimentale
iodp_remanence_363_10520355,363,U1485,A,CUBE8219341,0.0194107,-23.5,159.4,274.98,18,5,40,0.0053546,0.275858,-0.9505,12,1.0000,mesure_experimentale
iodp_remanence_363_10520355,363,U1485,A,CUBE8220051,0.0234574,2.4,160.6,279.38,3,10,10,0.009449,0.402815,1.0000,12,1.0000,mesure_experimentale
iodp_remanence_363_10520355,363,U1485,A,CUBE8220061,0.101248,13.9,193.1,285.38,24,5,40,0.0043022,0.0424917,-0.9478,16,1.0000,mesure_experimentale
iodp_remanence_363_10520355,363,U1485,A,CUBE8220451,0.0274388,15.6,192.5,290.21,4,10,10,0.0068129,0.248294,1.0000,16,1.0000,mesure_experimentale
iodp_remanence_363_10520355,363,U1485,A,CUBE8220731,0.0090748,-29.4,201.7,294.13,24,5,40,0.0035025,0.385959,-0.9478,16,1.0000,mesure_experimentale
iodp_remanence_363_10520355,363,U1485,A,CUBE8221401,0.0410276,-10.0,165.4,298.17,4,10,10,0.01211,0.295167,1.0000,16,1.0000,mesure_experimentale
iodp_remanence_363_10520355,363,U1486,B,CUBE8260211,0.0142316,5.6,200.2,3.2,18,5,40,0.0006168,0.0433402,-0.9505,9,1.0000,mesure_experimentale
iodp_remanence_363_10520355,363,U1486,B,CUBE8260221,0.016893,13.9,209.3,5.44,18,5,40,0.0029644,0.175481,-0.9505,9,1.0000,mesure_experimentale
iodp_remanence_363_10520355,363,U1486,B,CUBE8260991,0.0035098,-2.4,168.8,7.78,18,5,40,0.0002573,0.073309,-0.9505,9,1.0000,mesure_experimentale
iodp_remanence_363_10520355,363,U1486,B,CUBE8261001,0.0015504,3.9,165.1,12.73,18,5,40,0.000216,0.139319,-0.9505,9,1.0000,mesure_experimentale
iodp_remanence_363_10520355,363,U1486,B,CUBE8262371,0.003402,16.7,174.0,17.96,18,5,40,0.0003975,0.116843,-0.9505,9,1.0000,mesure_experimentale
iodp_remanence_363_10520355,363,U1486,B,CUBE8262381,0.0202379,22.1,157.8,22.28,18,5,40,0.0032999,0.163055,-0.9505,9,1.0000,mesure_experimentale
iodp_remanence_363_10520355,363,U1486,B,CUBE8263341,0.0181204,-29.4,162.0,27.1,18,5,40,0.0036596,0.20196,-0.9505,9,1.0000,mesure_experimentale
iodp_remanence_363_10520355,363,U1486,B,CUBE8263351,0.0049494,-44.5,136.3,32.18,18,5,40,0.001895,0.382875,-0.9505,9,1.0000,mesure_experimentale
iodp_remanence_363_10520355,363,U1486,B,CUBE8264331,0.0219977,7.6,209.4,37.06,18,5,40,0.0029842,0.13566,-0.9505,9,1.0000,mesure_experimentale
iodp_remanence_363_10520355,363,U1486,B,CUBE8264341,0.0130971,4.6,229.3,41.46,18,5,40,0.003814,0.29121,-0.9505,9,1.0000,mesure_experimentale
iodp_remanence_363_10520355,363,U1486,B,CUBE8264791,0.0024466,3.6,186.1,46.58,18,5,40,0.0002435,0.0995259,-0.7833,9,1.0000,mesure_experimentale
iodp_remanence_363_10520355,363,U1486,B,CUBE8264801,0.0058194,13.0,148.4,50.68,18,5,40,0.0021241,0.365003,-0.9505,9,1.0000,mesure_experimentale
iodp_remanence_363_10520355,363,U1486,B,CUBE8265971,0.0123836,-59.0,205.5,57.0,18,5,40,0.005843,0.471834,-0.9505,9,1.0000,mesure_experimentale
iodp_remanence_363_10520355,363,U1486,B,CUBE8265981,0.0149514,13.6,169.3,61.98,18,5,40,0.0030856,0.206375,-0.9505,9,1.0000,mesure_experimentale
iodp_remanence_363_10520355,363,U1486,B,CUBE8267981,0.0129932,-2.0,188.3,67.9,18,5,40,0.0011501,0.0885155,-0.8947,9,1.0000,mesure_experimentale
iodp_remanence_363_10520355,363,U1486,B,CUBE8268261,0.0249802,-2.8,161.1,71.66,18,5,40,0.0075828,0.303552,-0.9505,9,1.0000,mesure_experimentale
iodp_remanence_363_10520355,363,U1486,B,CUBE8269171,0.0053925,35.9,205.9,74.37,18,5,40,0.0026611,0.493482,-0.7276,9,1.0000,mesure_experimentale
iodp_remanence_363_10520355,363,U1486,B,CUBE8269181,0.008183,22.6,183.8,79.74,18,5,40,0.0027777,0.339448,-0.8947,9,1.0000,mesure_experimentale
iodp_remanence_363_10520355,363,U1486,B,CUBE8270011,0.0192803,9.9,188.0,84.57,24,5,40,0.0027782,0.144095,-0.8922,12,1.0000,mesure_experimentale
iodp_remanence_363_10520355,363,U1486,B,CUBE8270021,0.0221763,4.7,183.5,89.04,15,10,40,0.0032983,0.148731,-0.8321,9,1.0000,mesure_experimentale
iodp_remanence_363_10520355,363,U1486,B,CUBE8270281,0.0306065,-1.1,180.4,94.24,18,5,40,0.0027411,0.0895594,-0.6161,9,1.0000,mesure_experimentale
iodp_remanence_363_10520355,363,U1486,B,CUBE8270291,0.020911,12.0,209.0,98.69,15,10,40,0.0071836,0.343532,-0.9286,9,1.0000,mesure_experimentale
iodp_remanence_363_10520355,363,U1486,B,CUBE8271031,0.0216408,23.7,178.2,102.72,18,5,40,0.001274,0.0588703,-0.9505,9,1.0000,mesure_experimentale
iodp_remanence_363_10520355,363,U1486,B,CUBE8271041,0.0252393,32.6,165.7,107.11,15,10,40,0.0064761,0.256588,-0.9286,9,1.0000,mesure_experimentale
iodp_remanence_363_10520355,363,U1486,B,CUBE8272611,0.0285409,-6.2,151.4,113.07,18,5,40,0.0046581,0.163208,-0.7833,9,1.0000,mesure_experimentale
iodp_remanence_363_10520355,363,U1486,B,CUBE8272621,0.0240344,-4.1,160.5,118.25,15,10,40,0.0057314,0.238467,-0.9286,9,1.0000,mesure_experimentale
iodp_remanence_363_10520355,363,U1486,B,CUBE8273211,0.0261371,-15.8,174.0,122.27,18,5,40,0.0063228,0.241909,-0.9505,9,1.0000,mesure_experimentale
iodp_remanence_363_10520355,363,U1486,B,CUBE8273221,0.0401832,-15.6,180.9,127.24,18,10,40,0.0076046,0.189248,-0.2921,9,1.0000,mesure_experimentale
iodp_remanence_363_10520355,363,U1486,B,CUBE8273921,0.0237462,-20.2,159.0,132.23,18,5,40,0.006191,0.260715,-0.8947,9,1.0000,mesure_experimentale
iodp_remanence_363_10520355,363,U1486,B,CUBE8273931,0.0283947,-4.8,170.4,136.37,15,10,40,0.0055919,0.196935,-0.6393,9,1.0000,mesure_experimentale
iodp_remanence_363_10520355,363,U1486,B,CUBE8274471,0.0572158,-0.8,162.3,141.54,18,5,40,0.0110385,0.192927,-0.7276,9,1.0000,mesure_experimentale
iodp_remanence_363_10520355,363,U1486,B,CUBE8274481,0.0655636,6.6,173.4,145.56,15,10,40,0.0082801,0.126291,-0.6393,9,1.0000,mesure_experimentale
iodp_remanence_363_10520355,363,U1486,B,CUBE8275051,0.0508939,-14.0,173.8,150.43,18,5,40,0.0111996,0.220058,-0.6161,9,1.0000,mesure_experimentale
iodp_remanence_363_10520355,363,U1486,B,CUBE8275061,0.0361866,-19.2,165.6,155.46,20,10,40,0.0092807,0.256468,-0.9248,12,1.0000,mesure_experimentale
iodp_remanence_363_10520355,363,U1486,B,CUBE8275901,0.0340988,2.0,176.1,161.78,24,5,40,0.0041167,0.120729,-0.5583,12,1.0000,mesure_experimentale
iodp_remanence_363_10520355,363,U1486,B,CUBE8275911,0.0502197,-7.2,171.7,165.97,15,10,40,0.0066565,0.132548,-0.8321,9,1.0000,mesure_experimentale
iodp_remanence_363_10520355,363,U1486,B,CUBE8276391,0.051028,-8.5,172.1,168.46,18,5,40,0.010575,0.207239,-0.7833,9,1.0000,mesure_experimentale
iodp_remanence_363_10520355,363,U1486,B,CUBE8276401,0.0834387,-8.1,175.0,171.04,20,10,40,0.0094288,0.113003,-0.8286,12,1.0000,mesure_experimentale
iodp_remanence_363_10520355,363,U1486,B,CUBE8277041,0.0903508,-9.0,186.9,178.86,18,5,40,0.0153253,0.16962,-0.8390,9,1.0000,mesure_experimentale
iodp_remanence_363_10520355,363,U1486,B,CUBE8277051,0.0468743,5.6,163.8,184.15,20,10,40,0.0030411,0.0648778,-0.9248,12,1.0000,mesure_experimentale
iodp_remanence_363_10520355,363,U1486,B,CUBE8277441,0.032318,18.0,168.4,189.92,24,5,40,0.0054899,0.169871,-0.9478,12,1.0000,mesure_experimentale
iodp_remanence_363_10520355,363,U1486,B,CUBE8277461,0.0595084,27.9,145.8,194.74,15,10,40,0.0125656,0.211157,-0.9286,9,1.0000,mesure_experimentale
iodp_remanence_363_10520355,363,U1486,B,CUBE8278001,0.0387301,21.8,156.2,199.52,24,5,40,0.0085964,0.221957,-0.9478,12,1.0000,mesure_experimentale
iodp_remanence_363_10520355,363,U1486,B,CUBE8278011,0.0452679,12.4,164.0,203.65,20,10,40,0.0036408,0.0804279,-0.9248,16,0.9588,mesure_experimentale
iodp_remanence_363_10520355,363,U1486,B,CUBE8278161,0.813514,67.2,74.7,208.08,24,5,40,0.46964,0.577298,-0.9478,12,1.0000,mesure_experimentale
iodp_remanence_363_10520355,363,U1486,B,CUBE8278171,0.479598,73.1,97.0,210.51,20,10,40,0.286212,0.596774,-0.9248,12,1.0000,mesure_experimentale
iodp_remanence_363_10520355,363,U1487,A,CUBE8294861,0.033812,-3.1,163.7,2.61,24,5,40,0.0030625,0.0905744,-0.9478,12,1.0000,mesure_experimentale
iodp_remanence_363_10520355,363,U1487,A,CUBE8294871,0.0230976,11.2,148.9,5.61,18,5,40,0.0049805,0.215628,-0.9505,9,1.0000,mesure_experimentale
iodp_remanence_363_10520355,363,U1487,A,CUBE8295441,0.0220812,-2.9,145.2,10.65,18,5,40,0.0037304,0.16894,-0.9505,9,1.0000,mesure_experimentale
iodp_remanence_363_10520355,363,U1487,A,CUBE8295451,0.0186077,-3.5,163.5,14.27,18,5,40,0.002126,0.114254,-0.9505,9,1.0000,mesure_experimentale
iodp_remanence_363_10520355,363,U1487,A,CUBE8295601,0.0146608,8.8,172.1,19.31,18,5,40,0.001723,0.117524,-0.8947,9,1.0000,mesure_experimentale
iodp_remanence_363_10520355,363,U1487,A,CUBE8295611,0.0565057,-18.6,195.2,24.11,18,5,40,0.0062942,0.111391,-0.9505,9,1.0000,mesure_experimentale
iodp_remanence_363_10520355,363,U1487,A,CUBE8295791,0.0284705,-0.2,184.0,28.26,18,5,40,0.0024902,0.087466,-0.3375,9,1.0000,mesure_experimentale
iodp_remanence_363_10520355,363,U1487,A,CUBE8295801,0.0367876,-4.1,194.0,33.48,18,5,40,0.0039241,0.106669,-0.9505,9,1.0000,mesure_experimentale
iodp_remanence_363_10520355,363,U1487,A,CUBE8296281,0.0199345,-10.7,183.5,38.17,18,5,40,0.0044755,0.22451,-0.6718,9,1.0000,mesure_experimentale
iodp_remanence_363_10520355,363,U1487,A,CUBE8296291,0.0244687,-11.5,187.2,42.77,18,5,40,0.0037834,0.154622,-0.9505,9,1.0000,mesure_experimentale
iodp_remanence_363_10520355,363,U1487,A,CUBE8296681,0.0324878,-5.5,168.6,48.27,18,5,40,0.0054753,0.168534,-0.9505,9,0.5500,mesure_experimentale
iodp_remanence_363_10520355,363,U1487,A,CUBE8296691,0.0338015,0.3,172.3,52.31,18,5,40,0.0055798,0.165076,-0.8390,9,1.0000,mesure_experimentale
iodp_remanence_363_10520355,363,U1487,A,CUBE8297551,0.0383617,21.4,202.9,57.53,18,5,40,0.007722,0.201295,-0.8947,9,1.0000,mesure_experimentale
iodp_remanence_363_10520355,363,U1487,A,CUBE8297561,0.0379575,-1.5,187.7,62.25,18,5,40,0.0036764,0.0968557,0.0526,9,1.0000,mesure_experimentale
iodp_remanence_363_10520355,363,U1487,A,CUBE8298821,0.0413577,2.9,196.0,71.43,18,5,40,0.003738,0.0903822,-0.8390,9,1.0000,mesure_experimentale
iodp_remanence_363_10520355,363,U1487,A,CUBE8298841,0.0570632,-6.3,176.4,67.66,18,5,40,0.0044817,0.0785392,-0.5046,9,1.0000,mesure_experimentale
iodp_remanence_363_10520355,363,U1487,A,CUBE8299421,0.0363442,-6.3,177.9,74.69,18,5,40,0.0039859,0.109671,-0.7833,9,1.0000,mesure_experimentale
iodp_remanence_363_10520355,363,U1487,A,CUBE8299431,0.0380959,-3.2,182.6,81.0,18,5,40,0.0033883,0.0889413,-0.9505,9,1.0000,mesure_experimentale
iodp_remanence_363_10520355,363,U1487,A,CUBE8300101,0.0734211,-6.4,182.4,86.27,18,5,40,0.0051609,0.0702918,-0.8390,9,1.0000,mesure_experimentale
iodp_remanence_363_10520355,363,U1487,A,CUBE8300111,0.0800359,1.3,176.9,90.19,18,5,40,0.005722,0.0714929,-0.2260,9,1.0000,mesure_experimentale
iodp_remanence_363_10520355,363,U1487,A,CUBE8300431,0.0433763,3.3,180.8,95.6,18,5,40,0.0062065,0.143085,-0.5604,9,1.0000,mesure_experimentale
iodp_remanence_363_10520355,363,U1487,A,CUBE8300451,0.0640217,-3.5,180.5,100.38,18,5,40,0.0056708,0.0885762,-0.3375,9,1.0000,mesure_experimentale
iodp_remanence_363_10520355,363,U1487,A,CUBE8300891,0.0502204,-6.9,184.6,105.02,18,5,40,0.0095783,0.190725,0.2198,9,1.0000,mesure_experimentale
iodp_remanence_363_10520355,363,U1487,A,CUBE8300901,0.0526826,-16.7,183.1,109.21,18,5,40,0.006306,0.119698,-0.9505,9,1.0000,mesure_experimentale
iodp_remanence_363_10520355,363,U1487,A,CUBE8301121,0.0449857,-7.8,170.1,113.0,18,5,40,0.007177,0.15954,-0.7276,9,1.0000,mesure_experimentale
iodp_remanence_363_10520355,363,U1487,A,CUBE8301141,0.0562606,-10.1,186.7,119.26,18,5,40,0.0056466,0.100365,-0.9505,9,1.0000,mesure_experimentale
iodp_remanence_363_10520355,363,U1487,A,CUBE8301241,0.0934296,-2.7,181.4,124.21,24,5,40,0.0127186,0.13613,0.0539,12,1.0000,mesure_experimentale
iodp_remanence_363_10520355,363,U1487,A,CUBE8301441,0.092269,-8.4,194.2,127.87,24,5,40,0.0065822,0.0713371,-0.8365,12,1.0000,mesure_experimentale
iodp_remanence_363_10520355,363,U1487,A,CUBE8301461,0.0367954,-2.0,169.0,133.48,24,5,40,0.0023126,0.0628502,-0.8922,12,1.0000,mesure_experimentale
iodp_remanence_363_10520355,363,U1487,A,CUBE8301711,0.0498785,12.0,195.1,136.97,18,5,40,0.0025862,0.05185,-0.8947,9,1.0000,mesure_experimentale
iodp_remanence_363_10520355,363,U1488,A,CUBE8310521,0.0150076,-52.7,219.6,2.45,24,5,40,0.0036579,0.243737,-0.9478,12,1.0000,mesure_experimentale
iodp_remanence_363_10520355,363,U1488,A,CUBE8310531,0.0167671,-47.4,204.7,3.23,24,5,40,0.0029488,0.175868,-0.9478,12,1.0000,mesure_experimentale
iodp_remanence_363_10520355,363,U1488,A,CUBE8311841,0.0108347,30.6,136.6,8.02,24,5,40,0.0021752,0.200762,-0.9478,12,1.0000,mesure_experimentale
iodp_remanence_363_10520355,363,U1488,A,CUBE8311851,0.0200083,38.8,128.3,12.89,24,5,40,0.0043469,0.217255,-0.9478,12,1.0000,mesure_experimentale
iodp_remanence_363_10520355,363,U1488,A,CUBE8313891,0.0190395,-11.6,128.8,17.3,24,5,40,0.0034668,0.182085,-0.9478,12,1.0000,mesure_experimentale
iodp_remanence_363_10520355,363,U1488,A,CUBE8313901,0.0088943,8.3,204.9,22.04,24,5,40,0.0008804,0.0989847,-0.9478,12,1.0000,mesure_experimentale
iodp_remanence_363_10520355,363,U1488,A,CUBE8315071,0.0155653,-17.1,149.2,26.57,28,5,40,0.0031546,0.202669,-0.8774,12,1.0000,mesure_experimentale
iodp_remanence_363_10520355,363,U1488,A,CUBE8315081,0.0151862,-22.2,161.8,31.48,24,5,40,0.0025677,0.169081,-0.9478,12,1.0000,mesure_experimentale
iodp_remanence_363_10520355,363,U1488,A,CUBE8316321,0.0135233,-13.1,231.1,37.19,24,5,40,0.0019425,0.143641,-0.9478,12,1.0000,mesure_experimentale
iodp_remanence_363_10520355,363,U1488,A,CUBE8316331,0.0174125,22.1,111.4,41.19,24,5,40,0.0037535,0.215564,-0.9478,12,1.0000,mesure_experimentale
iodp_remanence_363_10520355,363,U1488,A,CUBE8316881,0.0061211,41.2,186.2,46.22,24,5,40,0.001437,0.234762,-0.9478,12,1.0000,mesure_experimentale
iodp_remanence_363_10520355,363,U1488,A,CUBE8316891,0.0002412,4.3,183.8,50.63,24,5,40,6.76e-05,0.280265,0.6104,12,1.0000,mesure_experimentale
iodp_remanence_363_10520355,363,U1488,A,CUBE8318111,0.0002489,2.8,176.1,55.63,24,5,40,7.22e-05,0.290076,-0.3357,12,1.0000,mesure_experimentale
iodp_remanence_363_10520355,363,U1488,A,CUBE8319031,0.0001434,-18.5,200.7,65.24,24,5,40,5.27e-05,0.367503,-0.9478,12,1.0000,mesure_experimentale
iodp_remanence_363_10520355,363,U1488,A,CUBE8320921,0.000378,13.1,220.5,74.68,24,5,40,8.04e-05,0.212698,-0.9478,12,1.0000,mesure_experimentale
iodp_remanence_363_10520355,363,U1488,A,CUBE8322211,0.000238,-13.1,111.3,84.0,24,5,40,9.7e-05,0.407563,-0.9478,12,1.0000,mesure_experimentale
iodp_remanence_363_10520355,363,U1488,A,CUBE8324111,9.36e-05,60.8,215.0,93.66,24,5,40,9.98e-05,1.06624,0.3878,12,1.0000,mesure_experimentale
iodp_remanence_363_10520355,363,U1488,A,CUBE8325091,0.0003216,-49.1,155.0,104.21,24,5,40,6.93e-05,0.215485,-0.6696,12,1.0000,mesure_experimentale
iodp_remanence_363_10520355,363,U1488,A,CUBE8325711,0.0001253,13.6,136.5,112.47,24,5,40,8.35e-05,0.666401,-0.9478,12,1.0000,mesure_experimentale
iodp_remanence_363_10520355,363,U1488,A,CUBE8327251,1.7e-05,70.7,48.6,122.51,24,5,40,7.6e-05,4.47059,-0.0574,12,1.0000,mesure_experimentale
iodp_remanence_363_10520355,363,U1488,A,CUBE8328631,7.44e-05,64.0,111.2,131.13,24,5,40,8.51e-05,1.14382,-0.2800,12,1.0000,mesure_experimentale
iodp_remanence_363_10520355,363,U1488,A,CUBE8329381,0.0001248,77.8,64.9,141.04,24,5,40,6.81e-05,0.545673,-0.8365,12,1.0000,mesure_experimentale
iodp_remanence_363_10520355,363,U1488,A,CUBE8329971,3.5e-05,1.8,101.5,151.79,24,5,40,7e-05,2,0.1652,12,1.0000,mesure_experimentale
iodp_remanence_363_10520355,363,U1488,A,CUBE8331201,7.5e-06,82.4,45.0,161.9,24,5,40,8.05e-05,10.7333,-0.0574,12,1.0000,mesure_experimentale
iodp_remanence_363_10520355,363,U1488,A,CUBE8331581,2.61e-05,38.6,22.2,171.1,24,5,40,6.93e-05,2.65517,-0.7252,12,1.0000,mesure_experimentale
iodp_remanence_363_10520355,363,U1488,A,CUBE8332211,6.54e-05,59.8,24.1,179.65,24,5,40,8.24e-05,1.25994,-0.6696,12,1.0000,mesure_experimentale
iodp_remanence_363_10520355,363,U1488,A,CUBE8332811,4.53e-05,31.1,359.1,190.52,24,5,40,8.08e-05,1.78366,-0.7252,12,1.0000,mesure_experimentale
iodp_remanence_363_10520355,363,U1488,A,CUBE8333021,5.78e-05,55.8,76.1,199.7,24,5,40,8.23e-05,1.42388,-0.7809,12,1.0000,mesure_experimentale
iodp_remanence_363_10520355,363,U1488,A,CUBE8333691,4.84e-05,47.8,44.0,207.08,24,5,40,7.55e-05,1.55992,-0.5026,12,1.0000,mesure_experimentale
iodp_remanence_363_10520355,363,U1488,A,CUBE8334431,6.28e-05,21.4,62.6,217.13,24,5,40,7.63e-05,1.21497,-0.2800,12,1.0000,mesure_experimentale
iodp_remanence_363_10520355,363,U1488,A,CUBE8334621,5.7e-05,41.8,43.2,226.86,24,5,40,6.73e-05,1.1807,0.4435,12,1.0000,mesure_experimentale
iodp_remanence_363_10520355,363,U1488,A,CUBE8335381,5.93e-05,-7.4,35.1,236.2,24,5,40,7.2e-05,1.21417,0.4435,12,1.0000,mesure_experimentale
iodp_remanence_363_10520355,363,U1488,A,CUBE8335571,6.37e-05,-37.2,79.7,245.77,36,5,40,7.25e-05,1.13815,-0.7236,18,1.0000,mesure_experimentale
iodp_remanence_363_10520355,363,U1488,A,CUBE8336041,5.65e-05,-8.3,53.2,255.25,36,5,40,7.78e-05,1.37699,-0.4456,18,1.0000,mesure_experimentale
iodp_remanence_363_10520355,363,U1488,A,CUBE8336671,2.86e-05,-22.2,2.6,264.79,36,5,40,6.92e-05,2.41958,-0.2232,18,1.0000,mesure_experimentale
iodp_remanence_363_10520355,363,U1488,A,CUBE8337151,3.35e-05,85.4,92.1,274.31,36,5,40,7.27e-05,2.17015,0.3328,18,1.0000,mesure_experimentale
iodp_remanence_363_10520355,363,U1488,A,CUBE8338081,3.27e-05,26.7,49.2,283.48,36,5,40,6.95e-05,2.12538,-0.0564,18,1.0000,mesure_experimentale
iodp_remanence_363_10520355,363,U1488,A,CUBE8338461,4.88e-05,65.3,53.0,293.31,36,5,40,8.71e-05,1.78484,0.8332,18,1.0000,mesure_experimentale
iodp_remanence_363_10520355,363,U1488,A,CUBE8339131,0.000218,34.4,158.1,302.59,24,5,40,0.0001097,0.503211,-0.8922,12,1.0000,mesure_experimentale
iodp_remanence_363_10520355,363,U1488,A,CUBE8339141,0.0002751,-33.5,160.4,308.4,36,5,40,8.95e-05,0.325336,-0.9459,18,1.0000,mesure_experimentale
iodp_remanence_363_10520355,363,U1488,A,CUBE8340031,0.0011883,-23.2,192.0,313.42,36,5,40,0.0001235,0.10393,-0.9459,18,1.0000,mesure_experimentale
iodp_remanence_363_10520355,363,U1489,B,CUBE8360561,0.016095,-22.9,246.5,0.36,18,5,40,0.0072789,0.452246,-0.9505,9,1.0000,mesure_experimentale
iodp_remanence_363_10520355,363,U1489,B,CUBE8360571,0.0249091,31.6,247.3,2.23,18,5,40,0.0054818,0.220072,-0.9505,9,1.0000,mesure_experimentale
iodp_remanence_363_10520355,363,U1489,B,CUBE8360581,0.0186044,30.1,242.6,5.08,18,5,40,0.0038498,0.20693,-0.9505,9,1.0000,mesure_experimentale
iodp_remanence_363_10520355,363,U1489,B,CUBE8361781,0.0417278,31.2,122.5,9.54,18,5,40,0.0078152,0.18729,-0.9505,9,1.0000,mesure_experimentale
iodp_remanence_363_10520355,363,U1489,B,CUBE8361791,0.0218496,41.0,148.4,13.78,18,5,40,0.003233,0.147966,-0.9505,9,1.0000,mesure_experimentale
iodp_remanence_363_10520355,363,U1489,B,CUBE8362971,0.0077292,-0.4,171.3,23.5,18,5,40,0.0005287,0.0684029,-0.8947,9,1.0000,mesure_experimentale
iodp_remanence_363_10520355,363,U1489,B,CUBE8364221,0.0123734,-16.9,222.5,28.14,18,5,40,0.0021352,0.172564,-0.9505,9,1.0000,mesure_experimentale
iodp_remanence_363_10520355,363,U1489,B,CUBE8364231,0.0239762,-26.2,234.5,32.94,18,5,40,0.0053886,0.224748,-0.9505,9,1.0000,mesure_experimentale
iodp_remanence_363_10520355,363,U1489,B,CUBE8366181,0.0177468,-25.0,184.2,36.57,18,5,40,0.0019173,0.108036,-0.9505,9,1.0000,mesure_experimentale
iodp_remanence_363_10520355,363,U1489,B,CUBE8366191,0.019667,-46.6,136.8,42.75,18,5,40,0.0045699,0.232364,-0.9505,9,1.0000,mesure_experimentale
iodp_remanence_363_10520355,363,U1489,B,CUBE8366381,0.0111962,-44.1,223.7,45.9,18,5,40,0.0025632,0.228935,-0.9505,9,1.0000,mesure_experimentale
iodp_remanence_363_10520355,363,U1489,B,CUBE8366391,0.0113369,26.2,157.6,50.51,18,5,40,0.0014777,0.130344,-0.9505,9,1.0000,mesure_experimentale
iodp_remanence_363_10520355,363,U1489,B,CUBE8366471,0.0190312,46.5,131.8,57.1,18,5,40,0.0033617,0.176642,-0.9505,9,1.0000,mesure_experimentale
iodp_remanence_363_10520355,363,U1489,B,CUBE8366481,0.0099469,-1.6,183.9,61.87,18,5,40,0.0005709,0.0573948,-0.9505,9,1.0000,mesure_experimentale
iodp_remanence_363_10520355,363,U1489,B,CUBE8366551,0.0090956,11.4,209.5,71.27,18,5,40,0.0013645,0.150018,-0.9505,9,1.0000,mesure_experimentale
iodp_remanence_363_10520355,363,U1489,B,CUBE8366611,0.0102912,-14.3,147.5,76.35,18,5,40,0.0015977,0.155249,-0.9505,9,1.0000,mesure_experimentale
iodp_remanence_363_10520355,363,U1489,B,CUBE8366621,0.0104479,-0.3,149.3,79.83,18,5,40,0.0015917,0.152346,-0.9505,9,1.0000,mesure_experimentale
iodp_remanence_363_10520355,363,U1489,B,CUBE8367961,0.0065584,-26.0,231.3,84.1,18,5,40,0.0015331,0.233761,-0.9505,9,1.0000,mesure_experimentale
iodp_remanence_363_10520355,363,U1489,B,CUBE8367971,0.0130839,20.3,158.5,86.68,18,5,40,0.002356,0.180069,-0.9505,9,1.0000,mesure_experimentale
iodp_remanence_363_10520355,363,U1489,B,CUBE8370101,8.13e-05,47.3,319.9,123.58,18,5,40,9.54e-05,1.17343,-0.7833,9,1.0000,mesure_experimentale
iodp_remanence_363_10520355,363,U1489,B,CUBE8370111,9.3e-05,53.4,321.9,127.84,18,5,40,0.0001061,1.14086,0.4427,9,1.0000,mesure_experimentale
iodp_remanence_363_10520355,363,U1489,C,CUBE8377001,0.011967,-25.4,208.6,81.86,18,5,40,0.0022216,0.185644,-0.9505,9,1.0000,mesure_experimentale
iodp_remanence_363_10520355,363,U1489,C,CUBE8377011,0.0053767,13.6,171.5,86.34,24,5,40,0.0004299,0.0799561,-0.9478,12,1.0000,mesure_experimentale
iodp_remanence_363_10520355,363,U1489,C,CUBE8377521,0.0026403,-15.8,187.2,91.04,18,5,40,0.0002479,0.0938908,-0.9505,9,1.0000,mesure_experimentale
iodp_remanence_363_10520355,363,U1489,C,CUBE8377531,0.0001751,66.9,237.5,95.17,24,5,40,0.00016,0.913764,-0.7809,12,1.0000,mesure_experimentale
iodp_remanence_363_10520355,363,U1489,C,CUBE8378851,0.0001888,70.5,224.4,101.14,18,5,40,0.0001505,0.79714,-0.8947,9,1.0000,mesure_experimentale
iodp_remanence_363_10520355,363,U1489,C,CUBE8378861,0.0001702,55.9,279.7,104.82,24,5,40,0.0001662,0.976498,-0.6139,12,1.0000,mesure_experimentale
iodp_remanence_363_10520355,363,U1489,C,CUBE8379041,0.0001069,20.5,130.4,110.28,18,5,40,0.0001169,1.09355,-0.0031,9,1.0000,mesure_experimentale
iodp_remanence_363_10520355,363,U1489,C,CUBE8379051,0.0001939,37.9,231.6,114.32,24,5,40,0.0001576,0.81279,-0.5583,12,1.0000,mesure_experimentale
iodp_remanence_363_10520355,363,U1489,C,CUBE8379611,0.0001349,47.4,293.4,119.7,18,5,40,0.0001512,1.12083,0.1084,9,1.0000,mesure_experimentale
iodp_remanence_363_10520355,363,U1489,C,CUBE8379621,0.0001375,33.8,296.5,124.3,24,5,40,0.000151,1.09818,-0.0017,12,1.0000,mesure_experimentale
iodp_remanence_363_10520355,363,U1489,C,CUBE8381091,0.0002753,47.2,263.9,129.33,18,5,40,0.0001624,0.589902,-0.9505,9,1.0000,mesure_experimentale
iodp_remanence_363_10520355,363,U1489,C,CUBE8381751,0.0001418,56.8,301.0,139.02,18,5,40,0.0001398,0.985896,-0.5604,9,1.0000,mesure_experimentale
iodp_remanence_363_10520355,363,U1489,C,CUBE8382401,0.0001241,44.2,294.9,148.34,18,5,40,0.0001515,1.22079,0.1641,9,1.0000,mesure_experimentale
iodp_remanence_363_10520355,363,U1489,C,CUBE8382971,0.0001346,51.4,287.2,157.88,18,5,40,0.0001531,1.13744,0.1641,9,1.0000,mesure_experimentale
iodp_remanence_363_10520355,363,U1489,C,CUBE8383601,0.0001089,46.8,290.0,167.33,18,5,40,0.0001484,1.36272,0.4985,9,1.0000,mesure_experimentale
iodp_remanence_363_10520355,363,U1489,C,CUBE8384171,9.7e-05,61.3,323.6,176.7,18,5,40,0.0001404,1.44742,-0.4489,9,1.0000,mesure_experimentale
iodp_remanence_363_10520355,363,U1489,C,CUBE8385061,9.82e-05,32.5,316.8,185.9,18,5,40,0.00017,1.73116,0.8885,9,1.0000,mesure_experimentale
iodp_remanence_363_10520355,363,U1489,C,CUBE8385181,0.0001174,44.7,304.6,195.88,18,5,40,0.0001571,1.33816,0.4427,9,1.0000,mesure_experimentale
iodp_remanence_363_10520355,363,U1489,C,CUBE8385741,0.0001483,38.6,302.3,205.38,18,5,40,0.0001787,1.20499,0.9443,9,1.0000,mesure_experimentale
iodp_remanence_363_10520355,363,U1489,C,CUBE8386041,0.0001507,55.4,315.5,214.79,18,5,40,0.0001735,1.15129,0.3870,9,1.0000,mesure_experimentale
iodp_remanence_363_10520355,363,U1489,C,CUBE8386991,0.0001267,38.5,307.0,226.08,18,5,40,0.0001514,1.19495,0.1641,9,1.0000,mesure_experimentale
iodp_remanence_363_10520355,363,U1489,C,CUBE8387991,0.0001158,38.8,302.0,235.85,18,5,40,0.0001449,1.2513,-0.1703,9,1.0000,mesure_experimentale
iodp_remanence_363_10520355,363,U1489,C,CUBE8388571,0.0001358,50.2,294.8,244.66,18,5,40,0.000157,1.15611,0.2755,9,1.0000,mesure_experimentale
iodp_remanence_363_10520355,363,U1489,C,CUBE8389201,0.0001823,60.1,282.1,254.73,18,5,40,0.0001836,1.00713,-0.5604,9,1.0000,mesure_experimentale
iodp_remanence_363_10520355,363,U1489,C,CUBE8389821,0.0001903,27.6,253.8,262.78,18,5,40,0.000172,0.903836,-0.2260,9,1.0000,mesure_experimentale
iodp_remanence_363_10520355,363,U1489,C,CUBE8390431,0.0061918,-18.6,217.0,277.92,18,5,40,0.0012086,0.195194,-0.9505,9,1.0000,mesure_experimentale
iodp_remanence_363_10520355,363,U1490,A,CUBE8405211,0.0029415,9.6,125.9,3.75,18,5,40,0.0007694,0.261567,-0.9505,9,1.0000,mesure_experimentale
iodp_remanence_363_10520355,363,U1490,A,CUBE8407221,0.0038509,-35.0,129.6,6.42,18,5,40,0.0009729,0.252642,-0.9505,9,1.0000,mesure_experimentale
iodp_remanence_363_10520355,363,U1490,A,CUBE8407231,0.000775,28.0,210.1,11.02,18,5,40,0.0004369,0.563742,-0.6161,9,1.0000,mesure_experimentale
iodp_remanence_363_10520355,363,U1490,A,CUBE8408331,0.000581,-18.5,180.9,16.34,18,5,40,0.0001305,0.224613,-0.7833,9,1.0000,mesure_experimentale
iodp_remanence_363_10520355,363,U1490,A,CUBE8408341,0.0001108,48.6,307.6,20.0,18,5,40,0.0001071,0.966606,-0.8947,9,1.0000,mesure_experimentale
iodp_remanence_363_10520355,363,U1490,A,CUBE8409031,0.0001636,28.9,299.2,25.66,18,5,40,0.0001694,1.03545,0.6656,9,1.0000,mesure_experimentale
iodp_remanence_363_10520355,363,U1490,A,CUBE8410181,0.0001746,39.1,295.9,36.34,18,5,40,0.0001426,0.816724,-0.0588,9,1.0000,mesure_experimentale
iodp_remanence_363_10520355,363,U1490,A,CUBE8410971,0.0001346,23.6,311.1,45.88,18,5,40,0.0001479,1.09881,0.3870,9,1.0000,mesure_experimentale
iodp_remanence_363_10520355,363,U1490,A,CUBE8412521,0.0001467,23.7,305.0,55.26,18,5,40,0.0001647,1.1227,0.4985,9,1.0000,mesure_experimentale
iodp_remanence_363_10520355,363,U1490,A,CUBE8413121,0.0001517,27.5,302.9,65.21,18,5,40,0.0001613,1.06328,-0.0588,9,1.0000,mesure_experimentale
iodp_remanence_363_10520355,363,U1490,A,CUBE8413261,0.0001593,38.8,300.0,74.75,24,5,40,0.0001961,1.23101,1.0000,12,1.0000,mesure_experimentale
iodp_remanence_363_10520355,363,U1490,A,CUBE8414311,0.0001725,38.3,287.1,83.98,24,5,40,0.0001609,0.932754,0.2765,12,1.0000,mesure_experimentale
iodp_remanence_363_10520355,363,U1490,A,CUBE8415391,0.000133,30.4,289.5,92.98,24,5,40,0.0001502,1.12932,0.2765,12,1.0000,mesure_experimentale
iodp_remanence_363_10520355,363,U1490,A,CUBE8416031,0.0001674,44.0,284.5,102.68,24,5,40,0.000166,0.991637,-0.7252,12,1.0000,mesure_experimentale
iodp_remanence_363_10520355,363,U1490,A,CUBE8416631,0.0001762,45.0,297.1,112.29,24,5,40,0.0001748,0.992054,-0.5026,12,1.0000,mesure_experimentale
iodp_remanence_363_10520355,363,U1490,A,CUBE8417221,0.0001504,36.7,293.4,122.03,24,5,40,0.000147,0.977394,-0.3913,12,1.0000,mesure_experimentale
iodp_remanence_363_10520355,363,U1490,A,CUBE8418181,0.0001667,47.9,286.1,131.4,24,5,40,0.0001432,0.859028,0.1096,12,1.0000,mesure_experimentale
iodp_remanence_363_10520355,363,U1490,A,CUBE8418751,0.0001351,43.3,288.9,139.65,18,5,40,0.0001457,1.07846,0.0526,9,1.0000,mesure_experimentale
iodp_remanence_363_10520355,363,U1490,A,CUBE8419091,0.0001449,47.0,278.9,150.38,18,5,40,0.0001623,1.12008,0.7214,9,1.0000,mesure_experimentale
iodp_remanence_363_10520355,363,U1490,A,CUBE8420121,0.0001682,37.4,287.9,159.91,24,5,40,0.0001754,1.04281,-0.3357,12,1.0000,mesure_experimentale
iodp_remanence_363_10520355,363,U1490,A,CUBE8420611,0.0001903,34.9,280.6,168.04,18,5,40,0.000176,0.924855,0.2755,9,1.0000,mesure_experimentale
iodp_remanence_363_10520355,363,U1490,A,CUBE8420621,9.58e-05,56.1,124.3,172.57,18,5,40,9.14e-05,0.954071,-0.1146,9,1.0000,mesure_experimentale
iodp_remanence_363_10520355,363,U1490,A,CUBE8421151,0.0008267,-13.4,221.2,179.3,24,5,40,0.0002584,0.312568,-0.7809,12,1.0000,mesure_experimentale
iodp_remanence_363_10520355,363,U1490,A,CUBE8421161,0.0007743,27.6,160.3,183.69,18,5,40,9.64e-05,0.1245,-0.9505,9,1.0000,mesure_experimentale
iodp_remanence_363_10520355,363,U1490,A,CUBE8422061,0.0012917,-35.8,194.5,186.94,24,5,40,0.0001491,0.115429,-0.9478,12,0.5524,mesure_experimentale
iodp_remanence_363_10520355,363,U1490,A,CUBE8422071,0.0012793,-38.8,173.0,191.28,18,5,40,0.0001225,0.0957555,-0.9505,9,1.0000,mesure_experimentale
iodp_remanence_363_10520355,363,U1490,A,CUBE8423371,0.0016603,-9.6,196.4,197.07,24,5,40,0.000156,0.0939589,-0.6139,12,1.0000,mesure_experimentale
iodp_remanence_363_10520355,363,U1490,A,CUBE8423381,0.0024629,20.7,204.9,201.49,18,5,40,0.0005254,0.213326,-0.9505,9,1.0000,mesure_experimentale
iodp_remanence_363_10520355,363,U1490,A,CUBE8424031,0.0026896,20.7,157.8,205.99,24,5,40,0.0007344,0.273052,-0.7809,12,1.0000,mesure_experimentale
iodp_remanence_363_10520355,363,U1490,A,CUBE8424041,0.0038837,43.8,145.9,210.3,18,5,40,0.0008511,0.219147,-0.9505,9,1.0000,mesure_experimentale
iodp_remanence_363_10520355,363,U1490,A,CUBE8424451,0.0036184,-5.9,184.1,215.51,24,5,40,6.15e-05,0.0169965,-0.8922,12,1.0000,mesure_experimentale
iodp_remanence_363_10520355,363,U1490,A,CUBE8424461,0.0026139,30.3,170.2,220.2,24,5,40,0.0005105,0.195302,-0.9478,12,1.0000,mesure_experimentale
iodp_remanence_363_10520355,363,U1490,A,CUBE8424831,0.0035629,37.9,222.3,226.44,24,5,40,0.0008116,0.227792,-0.9478,12,1.0000,mesure_experimentale
iodp_remanence_363_10520355,363,U1490,A,CUBE8424841,0.0029039,37.8,230.5,231.11,24,5,40,0.0009656,0.332518,-0.9478,12,1.0000,mesure_experimentale
iodp_remanence_363_10520355,363,U1490,A,CUBE8425801,0.0018535,60.9,193.3,234.42,24,5,40,0.000764,0.412193,-0.9478,12,1.0000,mesure_experimentale
iodp_remanence_363_10520355,363,U1490,A,CUBE8425811,0.001153,55.5,193.3,239.05,24,5,40,0.0005089,0.44137,-0.8922,12,1.0000,mesure_experimentale
iodp_remanence_363_10520355,363,U1490,A,CUBE8425931,0.0024652,-12.4,204.5,244.54,24,5,40,0.0002949,0.119625,-0.9478,12,1.0000,mesure_experimentale
iodp_remanence_363_10520355,363,U1490,A,CUBE8425941,0.0019884,21.4,153.5,247.8,24,5,40,0.0005862,0.29481,-0.8922,12,1.0000,mesure_experimentale
iodp_remanence_363_10520355,363,U1490,A,CUBE8426261,0.0046805,-30.3,127.0,254.7,18,5,40,0.0013166,0.281295,-0.9505,9,1.0000,mesure_experimentale
iodp_remanence_363_10520355,363,U1490,A,CUBE8426271,0.0084762,-3.8,207.4,259.73,18,5,40,0.0009707,0.114521,-0.9505,9,1.0000,mesure_experimentale
iodp_remanence_363_10520355,363,U1490,A,CUBE8427161,0.0029755,14.8,165.1,262.98,24,5,40,0.0003345,0.112418,-0.9478,12,1.0000,mesure_experimentale
iodp_remanence_363_10520355,363,U1490,A,CUBE8427171,0.00414,34.2,182.0,268.48,18,5,40,0.0005239,0.126546,-0.9505,9,1.0000,mesure_experimentale
iodp_remanence_367_14179487,367,U1499,B,CUBE8680261,0.0206597,46.5,216.2,656.11,10,3,100,0.0004488,0.0217235,-1.0000,0,,mesure_experimentale
iodp_remanence_367_14179487,367,U1499,B,CUBE8680271,0.0136616,-41.7,177.8,657.32,10,3,100,0.0019367,0.141762,-0.9152,0,,mesure_experimentale
iodp_remanence_367_14179487,367,U1499,B,CUBE8680281,0.0116256,-24.3,228.4,665.78,10,3,100,0.0006446,0.0554466,-0.9030,0,,mesure_experimentale
iodp_remanence_367_14179487,367,U1499,B,CUBE8680291,0.0210563,-38.1,244.7,666.09,10,3,100,0.0007674,0.0364451,-0.9152,0,,mesure_experimentale
iodp_remanence_367_14179487,367,U1499,B,CUBE8680301,0.008587,0.1,183.6,657.92,10,3,100,0.0009561,0.111343,-0.8545,0,,mesure_experimentale
iodp_remanence_367_14179487,367,U1499,B,CUBE8680971,0.0216629,63.1,273.6,723.18,14,5,600,0.0019409,0.0895956,-1.0000,0,,mesure_experimentale
iodp_remanence_367_14179487,367,U1499,B,CUBE8680981,0.02714,-54.2,74.3,724.72,14,5,600,0.0023382,0.0861533,-1.0000,0,,mesure_experimentale
iodp_remanence_367_14179487,367,U1499,B,CUBE8680991,0.0162114,22.2,133.9,726.48,9,5,350,0.0003103,0.0191409,-1.0000,0,,mesure_experimentale
iodp_remanence_367_14179487,367,U1499,B,CUBE8681001,0.0137393,-25.8,227.8,727.54,11,5,450,0.0012005,0.0873771,-0.9909,0,,mesure_experimentale
iodp_remanence_367_14179487,367,U1499,B,CUBE8681401,0.0343869,-23.7,168.8,732.81,14,5,600,0.001105,0.0321343,-0.9956,0,,mesure_experimentale
iodp_remanence_367_14179487,367,U1499,B,CUBE8681411,0.0014332,44.9,226.6,733.9,6,5,300,0.0004771,0.332891,-0.3714,0,,mesure_experimentale
iodp_remanence_367_14179487,367,U1499,B,CUBE8681421,0.0056861,27.8,258.0,735.23,6,5,250,0.0005301,0.0932273,-1.0000,0,,mesure_experimentale
iodp_remanence_367_14179487,367,U1499,B,CUBE8681721,0.0331798,29.8,223.7,752.8,14,5,600,0.0009757,0.0294064,-0.9956,0,,mesure_experimentale
iodp_remanence_367_14179487,367,U1499,B,CUBE8681731,0.0512774,52.7,143.0,753.4,14,5,600,0.001927,0.0375799,-1.0000,0,,mesure_experimentale
iodp_remanence_367_14179487,367,U1499,B,CUBE8682081,0.0213991,28.7,241.0,761.92,8,5,600,0.002366,0.110565,-0.9286,0,,mesure_experimentale
iodp_remanence_367_14179487,367,U1499,B,CUBE8682091,0.0214305,-34.0,131.4,763.93,7,5,75,0.0029355,0.136978,-1.0000,0,,mesure_experimentale
iodp_remanence_367_14179487,367,U1499,B,CUBE8682101,0.0171216,1.1,194.0,765.24,8,5,200,0.0002061,0.0120374,-1.0000,0,,mesure_experimentale
iodp_remanence_367_14179487,367,U1499,B,CUBE8682111,0.0554691,-47.5,138.4,765.99,16,5,600,0.0005816,0.0104851,-0.9941,0,,mesure_experimentale
iodp_remanence_367_14179487,367,U1499,B,CUBE8682121,0.0353193,-49.1,142.7,767.47,17,5,600,0.0003231,0.00914797,-0.9926,0,,mesure_experimentale
iodp_remanence_367_14179487,367,U1499,B,CUBE8682131,0.0368946,6.5,204.3,768.62,12,5,300,0.0002541,0.00688719,-0.9930,0,,mesure_experimentale
iodp_remanence_367_14179487,367,U1499,B,CUBE8682141,0.0371366,6.8,170.8,769.44,12,5,350,0.0005034,0.0135554,-0.9930,0,,mesure_experimentale
iodp_remanence_367_14179487,367,U1499,B,CUBE8682881,0.0345928,-0.5,121.2,773.4,10,5,150,0.0011091,0.0320616,-0.9879,0,,mesure_experimentale
iodp_remanence_367_14179487,367,U1499,B,CUBE8682891,0.0392231,58.7,179.4,775.19,10,5,150,0.0010034,0.0255819,-0.9879,0,,mesure_experimentale
iodp_remanence_367_14179487,367,U1499,B,CUBE8682901,0.0268762,16.9,131.4,777.34,10,5,120,0.0011169,0.0415572,-0.9879,0,,mesure_experimentale
iodp_remanence_367_14179487,367,U1499,B,CUBE8683531,0.0148457,-57.9,182.7,782.18,10,5,500,0.0004797,0.0323124,-1.0000,0,,mesure_experimentale
iodp_remanence_367_14179487,367,U1499,B,CUBE8683541,0.051372,-59.8,127.1,783.13,13,5,625,0.0014131,0.0275072,-1.0000,0,,mesure_experimentale
iodp_remanence_367_14179487,367,U1499,B,CUBE8683551,0.0390495,-26.5,155.9,785.93,13,5,625,0.0003433,0.00879141,-1.0000,0,,mesure_experimentale
iodp_remanence_367_14179487,367,U1499,B,CUBE8683961,0.0432421,-10.4,159.3,792.01,13,3,200,0.0010792,0.0249572,-1.0000,0,,mesure_experimentale
iodp_remanence_367_14179487,367,U1499,B,CUBE8683971,0.0394203,-34.3,204.7,793.1,13,3,200,0.005321,0.134981,-0.9835,0,,mesure_experimentale
iodp_remanence_367_14179487,367,U1499,B,CUBE8683981,0.0385671,-39.1,191.9,798.54,13,3,200,0.0017351,0.0449891,-1.0000,0,,mesure_experimentale
iodp_remanence_367_14179487,367,U1499,B,CUBE8684531,0.0060635,2.2,221.2,801.58,7,5,300,0.0004723,0.0778923,-0.7857,0,,mesure_experimentale
iodp_remanence_367_14179487,367,U1499,B,CUBE8684541,0.0226956,14.3,134.1,802.26,8,5,350,0.0004052,0.0178537,-1.0000,0,,mesure_experimentale
iodp_remanence_367_14179487,367,U1499,B,CUBE8684551,0.0341868,-36.4,242.5,803.65,12,5,600,0.0016094,0.0470766,-1.0000,0,,mesure_experimentale
iodp_remanence_367_14179487,367,U1499,B,CUBE8684561,0.0170634,45.0,155.0,804.8,13,5,600,0.0013949,0.0817481,-0.9945,0,,mesure_experimentale
iodp_remanence_367_14179487,367,U1499,B,CUBE8684571,0.0332964,-30.7,219.5,806.29,13,5,600,0.0003702,0.0111183,-1.0000,0,,mesure_experimentale
iodp_remanence_367_14179487,367,U1499,B,CUBE8684581,0.0257,-42.8,192.1,807.89,13,5,600,0.0004756,0.0185058,-1.0000,0,,mesure_experimentale
iodp_remanence_367_14179487,367,U1499,B,CUBE8684941,0.0222037,-56.8,204.8,810.9,12,5,600,0.0004653,0.020956,-1.0000,0,,mesure_experimentale
iodp_remanence_367_14179487,367,U1499,B,CUBE8684951,0.0333952,-12.8,242.2,811.82,13,120,680,0.0007301,0.0218624,-1.0000,0,,mesure_experimentale
iodp_remanence_367_14179487,367,U1499,B,CUBE8684961,0.02246,-35.6,105.9,814.43,13,5,625,0.0003946,0.017569,-1.0000,0,,mesure_experimentale
iodp_remanence_367_14179487,367,U1499,B,CUBE8684971,0.0350846,42.3,126.4,816.01,13,120,680,0.0003897,0.0111074,-1.0000,0,,mesure_experimentale
iodp_remanence_367_14179487,367,U1499,B,CUBE8684981,0.0324632,-20.9,145.2,816.51,13,5,625,0.0008231,0.0253549,-0.9945,0,,mesure_experimentale
iodp_remanence_367_14179487,367,U1499,B,CUBE8685301,0.0188237,29.2,224.7,820.07,9,120,500,0.0002221,0.011799,-1.0000,0,,mesure_experimentale
iodp_remanence_367_14179487,367,U1499,B,CUBE8685311,0.02748,27.1,223.7,821.92,12,5,600,0.0004096,0.0149054,-1.0000,0,,mesure_experimentale
iodp_remanence_367_14179487,367,U1499,B,CUBE8685321,0.0192436,-29.3,151.8,830.8,11,5,550,0.0023355,0.121365,-0.6091,0,,mesure_experimentale
iodp_remanence_367_14179487,367,U1499,B,CUBE8685331,0.0237247,5.6,229.3,832.01,11,120,550,0.0008804,0.037109,-0.9273,0,,mesure_experimentale
iodp_remanence_367_14179487,367,U1499,B,CUBE8685341,0.0182616,25.4,196.0,832.27,13,5,600,0.000844,0.0462172,-0.9945,0,,mesure_experimentale
iodp_remanence_367_14179487,367,U1499,B,CUBE8685761,0.0331562,21.8,101.2,839.79,10,120,550,0.00165,0.0497644,-1.0000,0,,mesure_experimentale
iodp_remanence_367_14179487,367,U1499,B,CUBE8685811,0.0112598,-36.6,193.6,850.14,10,120,550,0.0008686,0.0771417,-0.5879,0,,mesure_experimentale
iodp_remanence_367_14179487,367,U1499,B,CUBE8685821,0.0098494,1.9,242.6,855.01,12,5,600,0.0004042,0.041038,-0.2028,0,,mesure_experimentale
iodp_remanence_367_14179487,367,U1499,B,CUBE8685921,0.0179579,-37.7,207.5,861.0,13,120,680,0.0002547,0.0141832,-0.9945,0,,mesure_experimentale
iodp_remanence_367_14179487,367,U1499,B,CUBE8685931,0.0132604,-42.7,165.6,867.05,12,5,600,0.0007069,0.0533091,-0.9860,0,,mesure_experimentale
iodp_remanence_367_14179487,367,U1499,B,CUBE8686211,0.018755,2.7,147.3,869.5,13,5,625,0.0002271,0.0121088,-0.9670,0,,mesure_experimentale
iodp_remanence_367_14179487,367,U1499,B,CUBE8686221,0.030009,39.0,148.2,870.69,12,150,680,0.0003229,0.0107601,-1.0000,0,,mesure_experimentale
iodp_remanence_367_14179487,367,U1499,B,CUBE8686231,0.0143166,3.9,136.7,875.54,7,150,450,0.0003949,0.0275834,-1.0000,0,,mesure_experimentale
iodp_remanence_367_14179487,367,U1499,B,CUBE8686341,0.01296,-21.6,91.9,878.53,13,5,600,0.0001879,0.0144985,-0.6484,0,,mesure_experimentale
iodp_remanence_367_14179487,367,U1499,B,CUBE8686351,0.0280361,-39.1,217.7,879.51,12,5,600,0.0002787,0.00994075,-0.7762,0,,mesure_experimentale
iodp_remanence_367_14179487,367,U1499,B,CUBE8686361,0.0423269,-59.3,206.1,881.15,13,5,625,0.0007424,0.0175397,-1.0000,0,,mesure_experimentale
iodp_remanence_367_14179487,367,U1499,B,CUBE8686651,0.0169176,-54.6,277.3,888.59,13,5,600,0.0004985,0.0294664,-0.9231,0,,mesure_experimentale
iodp_remanence_367_14179487,367,U1499,B,CUBE8686661,0.0164663,2.3,238.2,891.68,13,5,625,0.0003167,0.0192332,-1.0000,0,,mesure_experimentale
iodp_remanence_367_14179487,367,U1499,B,CUBE8686671,0.0025643,35.0,223.3,894.24,13,5,600,0.0002532,0.0987404,-0.9231,0,,mesure_experimentale
iodp_remanence_367_14179487,367,U1499,B,CUBE8687011,0.0056837,-4.9,181.7,899.26,11,5,550,0.0002585,0.0454809,-1.0000,0,,mesure_experimentale
iodp_remanence_367_14179487,367,U1499,B,CUBE8687331,0.0072814,-14.2,143.2,909.53,13,5,625,0.0001539,0.021136,-0.9780,0,,mesure_experimentale
iodp_remanence_367_14179487,367,U1499,B,CUBE8687341,0.0156611,5.5,226.5,911.45,13,5,625,0.000186,0.0118766,-0.9176,0,,mesure_experimentale
iodp_remanence_367_14179487,367,U1499,B,CUBE8687441,0.005928,41.1,182.6,917.24,12,5,600,0.0002463,0.0415486,-1.0000,0,,mesure_experimentale
iodp_remanence_367_14179487,367,U1499,B,CUBE8687451,0.0027521,31.8,207.2,920.19,11,5,550,0.0001469,0.0533774,-0.9636,0,,mesure_experimentale
iodp_remanence_367_14179487,367,U1499,B,CUBE8687461,0.0004569,-10.6,178.7,922.59,4,5,150,0.0001975,0.432261,-0.8000,0,,mesure_experimentale
iodp_remanence_367_14179487,367,U1500,B,CUBE8697931,0.0146094,43.0,177.0,852.19,13,5,550,0.0067362,0.461087,-0.3791,0,,mesure_experimentale
iodp_remanence_367_14179487,367,U1500,B,CUBE8698621,0.0242145,-6.0,240.0,865.76,15,5,650,0.0006692,0.0276363,-1.0000,0,,mesure_experimentale
iodp_remanence_367_14179487,367,U1500,B,CUBE8698631,0.0124857,-3.0,193.0,868.53,14,5,600,0.0006304,0.0504898,-1.0000,0,,mesure_experimentale
iodp_remanence_367_14179487,367,U1500,B,CUBE8698871,0.0168259,40.0,148.0,876.23,15,5,650,0.0003198,0.0190064,-1.0000,0,,mesure_experimentale
iodp_remanence_367_14179487,367,U1500,B,CUBE8698881,0.0422813,-38.0,194.0,882.51,15,5,650,0.000654,0.0154678,-1.0000,0,,mesure_experimentale
iodp_remanence_367_14179487,367,U1500,B,CUBE8699081,0.0066382,21.0,141.0,884.86,15,5,650,0.0002078,0.0313037,-0.9607,0,,mesure_experimentale
iodp_remanence_367_14179487,367,U1500,B,CUBE8699091,0.0347282,-12.0,114.0,889.02,14,5,600,0.0010747,0.030946,-1.0000,0,,mesure_experimentale
iodp_remanence_367_14179487,367,U1500,B,CUBE8699641,0.0106175,-27.0,135.0,923.47,14,5,600,0.0012483,0.11757,-1.0000,0,,mesure_experimentale
iodp_remanence_367_14179487,367,U1500,B,CUBE8700131,0.0068477,14.0,164.0,942.84,14,5,600,0.0006218,0.0908042,-0.8462,0,,mesure_experimentale
iodp_remanence_367_14179487,367,U1500,B,CUBE8700141,0.0130951,-9.0,147.0,952.1,16,5,650,0.0006283,0.0479798,-0.8353,0,,mesure_experimentale
iodp_remanence_367_14179487,367,U1500,B,CUBE8700381,0.0111074,-20.0,206.0,972.89,15,5,650,7.62e-05,0.00686029,-0.9214,0,,mesure_experimentale
iodp_remanence_367_14179487,367,U1500,B,CUBE8700961,0.0105804,-16.0,289.0,1011.33,12,120,650,0.0011469,0.108399,-1.0000,0,,mesure_experimentale
iodp_remanence_367_14179487,367,U1500,B,CUBE8701341,0.0091009,59.0,99.0,1030.84,11,120,550,0.0004105,0.0451054,-0.9909,0,,mesure_experimentale
iodp_remanence_367_14179487,367,U1500,B,CUBE8702271,0.013439,-13.0,232.0,1079.8,12,120,650,0.0007431,0.0552943,-0.9930,0,,mesure_experimentale
iodp_remanence_367_14179487,367,U1500,B,CUBE8702281,0.014619,62.0,102.0,1082.55,12,120,650,0.0007442,0.0509064,-1.0000,0,,mesure_experimentale
iodp_remanence_367_14179487,367,U1500,B,CUBE8702591,0.0044649,38.0,137.0,1090.23,10,120,550,0.0005111,0.114471,-1.0000,0,,mesure_experimentale
iodp_remanence_367_14179487,367,U1500,B,CUBE8705291,0.0299703,21.0,193.0,1264.58,12,120,600,0.0004454,0.0148614,-1.0000,0,,mesure_experimentale
iodp_remanence_367_14179487,367,U1500,B,CUBE8705301,0.0153882,2.0,152.0,1271.33,12,120,600,0.0003791,0.0246358,-0.4825,0,,mesure_experimentale
iodp_remanence_367_14179487,367,U1500,B,CUBE8705721,0.0157945,-29.0,218.0,1272.76,10,120,550,0.0006818,0.0431669,-1.0000,0,,mesure_experimentale
iodp_remanence_367_14179487,367,U1500,B,CUBE8705731,0.0018455,-11.0,201.0,1277.08,6,120,350,0.0003564,0.193118,0.7714,0,,mesure_experimentale
iodp_remanence_367_14179487,367,U1500,B,CUBE8705741,0.0032716,-20.0,176.0,1280.71,12,120,650,0.0001736,0.0530627,-0.2378,0,,mesure_experimentale
iodp_remanence_367_14179487,367,U1500,B,CUBE8706071,0.0191904,-9.0,157.0,1282.1,10,120,550,0.0002089,0.0108857,-1.0000,0,,mesure_experimentale
iodp_remanence_367_14179487,367,U1500,B,CUBE8706081,0.0194093,-33.0,166.0,1285.23,8,120,450,0.0006291,0.0324123,-1.0000,0,,mesure_experimentale
iodp_remanence_367_14179487,367,U1500,B,CUBE8706091,0.0217539,-26.0,192.0,1288.52,8,120,450,0.0006379,0.0293235,-1.0000,0,,mesure_experimentale
iodp_remanence_367_14179487,367,U1500,B,CUBE8706271,0.0147311,-6.0,153.0,1292.22,6,120,350,0.0004414,0.0299638,-1.0000,0,,mesure_experimentale
iodp_remanence_367_14179487,367,U1500,B,CUBE8706281,0.0249169,-27.0,192.0,1293.78,11,120,600,0.0004072,0.0163423,-0.9455,0,,mesure_experimentale
iodp_remanence_367_14179487,367,U1500,B,CUBE8706291,0.0058421,-12.0,186.0,1297.77,12,120,650,0.0002254,0.038582,-0.6713,0,,mesure_experimentale
iodp_remanence_367_14179487,367,U1500,B,CUBE8707351,0.0005509,-22.0,201.0,1321.15,7,5,45,3.5e-05,0.0635324,-1.0000,0,,mesure_experimentale
iodp_remanence_367_14179487,367,U1500,B,CUBE8707361,0.0004321,-22.0,194.0,1328.42,7,5,45,1.49e-05,0.0344828,-1.0000,0,,mesure_experimentale
iodp_remanence_367_14179487,367,U1500,B,CUBE8710401,4.37844,0.0,165.0,1400.74,30,0,690,0.0023802,0.000543619,-0.9555,9,-0.3000,mesure_experimentale
iodp_remanence_367_14179487,367,U1500,B,CUBE8710421,1.6579,-66.0,214.0,1386.38,30,0,690,0.0023942,0.00144412,-0.9502,9,-0.3833,mesure_experimentale
iodp_remanence_367_14179487,367,U1500,B,CUBE8710621,45.2015,3.0,184.0,1411.84,30,0,690,0.0048414,0.000107107,-0.9635,9,-0.5667,mesure_experimentale
iodp_remanence_368_14606711,368,U1501,A,CUBE8721681,0.0174816,0.0,0.0,0.53,8,5,50,0.0098369,0.5627,-0.9762,0,,mesure_experimentale
iodp_remanence_368_14606711,368,U1501,A,CUBE8721701,0.0188876,0.0,0.0,3.49,8,5,50,0.0119817,0.634369,-1.0000,0,,mesure_experimentale
iodp_remanence_368_14606711,368,U1501,A,CUBE8722131,0.0150384,0.0,0.0,6.64,8,5,50,0.0034298,0.228069,-0.9762,0,,mesure_experimentale
iodp_remanence_368_14606711,368,U1501,A,CUBE8722341,0.0186544,0.0,0.0,8.76,7,5,50,0.0104758,0.561573,-0.9643,0,,mesure_experimentale
iodp_remanence_368_14606711,368,U1501,B,CUBE8723631,0.0138792,0.0,0.0,1.48,7,5,50,0.0076308,0.549801,-0.6429,0,,mesure_experimentale
iodp_remanence_368_14606711,368,U1501,B,CUBE8723651,0.0114532,0.0,0.0,3.63,7,5,50,0.0052184,0.455628,-0.9643,0,,mesure_experimentale
iodp_remanence_368_14606711,368,U1501,B,CUBE8723671,0.0259229,0.0,0.0,7.28,7,5,50,0.0175112,0.675511,-1.0000,0,,mesure_experimentale
iodp_remanence_368_14606711,368,U1501,B,CUBE8723691,0.0195502,0.0,0.0,8.9,6,5,50,0.0123161,0.629973,-1.0000,0,,mesure_experimentale
iodp_remanence_368_14606711,368,U1501,C,CUBE8725811,0.0227224,0.0,0.0,1.22,6,5,50,0.0152612,0.671637,-1.0000,0,,mesure_experimentale
iodp_remanence_368_14606711,368,U1501,C,CUBE8725831,0.0188112,0.0,0.0,4.22,6,5,50,0.0096852,0.514863,-1.0000,0,,mesure_experimentale
iodp_remanence_368_14606711,368,U1501,C,CUBE8725851,0.0253663,0.0,0.0,6.42,6,5,50,0.0165517,0.652507,-1.0000,0,,mesure_experimentale
iodp_remanence_368_14606711,368,U1501,C,CUBE8727691,0.0201989,0.0,0.0,10.12,7,5,50,0.0090301,0.447059,-0.9643,0,,mesure_experimentale
iodp_remanence_368_14606711,368,U1501,C,CUBE8727711,0.0267506,0.0,0.0,13.3,6,5,50,0.0184037,0.687973,-1.0000,0,,mesure_experimentale
iodp_remanence_368_14606711,368,U1501,C,CUBE8727731,0.0227016,0.0,0.0,15.33,6,5,50,0.0156398,0.688929,-1.0000,0,,mesure_experimentale
iodp_remanence_368_14606711,368,U1501,C,CUBE8728381,0.0265077,0.0,0.0,19.95,6,5,50,0.0180311,0.680221,-1.0000,0,,mesure_experimentale
iodp_remanence_368_14606711,368,U1501,C,CUBE8728401,0.0243947,0.0,0.0,22.71,7,5,50,0.0141632,0.580585,-0.9643,0,,mesure_experimentale
iodp_remanence_368_14606711,368,U1501,C,CUBE8728421,0.0173283,0.0,0.0,25.41,7,5,50,0.0073345,0.423267,-0.9643,0,,mesure_experimentale
iodp_remanence_368_14606711,368,U1501,C,CUBE8728441,0.0159506,0.0,0.0,28.09,13,5,120,0.0009356,0.0586561,-0.3846,1,,mesure_experimentale
iodp_remanence_368_14606711,368,U1501,C,CUBE8729311,0.0353843,0.0,0.0,28.66,14,5,120,0.0014828,0.0419056,-0.7582,1,,mesure_experimentale
iodp_remanence_368_14606711,368,U1501,C,CUBE8729331,0.0223776,0.0,0.0,31.51,8,5,50,0.0049179,0.219769,-0.7619,0,,mesure_experimentale
iodp_remanence_368_14606711,368,U1501,C,CUBE8729351,0.0170625,0.0,0.0,34.57,11,10,120,0.0006589,0.0386168,-0.7091,1,,mesure_experimentale
iodp_remanence_368_14606711,368,U1501,C,CUBE8729371,0.0155903,0.0,0.0,37.71,5,10,50,0.0074536,0.478092,-0.9000,0,,mesure_experimentale
iodp_remanence_368_14606711,368,U1501,C,CUBE8730131,0.0286334,0.0,0.0,38.79,6,5,50,0.00722,0.252153,-1.0000,0,,mesure_experimentale
iodp_remanence_368_14606711,368,U1501,C,CUBE8730141,0.0204874,0.0,0.0,41.93,6,5,50,0.0054626,0.266632,-1.0000,0,,mesure_experimentale
iodp_remanence_368_14606711,368,U1501,C,CUBE8730171,0.0388094,0.0,0.0,44.67,6,5,50,0.0210146,0.541482,-1.0000,0,,mesure_experimentale
iodp_remanence_368_14606711,368,U1501,C,CUBE8730931,0.0413057,0.0,0.0,47.59,7,5,50,0.0137981,0.334048,-1.0000,0,,mesure_experimentale
iodp_remanence_368_14606711,368,U1501,C,CUBE8730941,0.0208372,0.0,0.0,50.55,13,5,120,0.0008685,0.0416803,-0.4615,1,,mesure_experimentale
iodp_remanence_368_14606711,368,U1501,C,CUBE8730951,0.0189559,0.0,0.0,53.76,6,5,50,0.0116297,0.613513,-0.9429,0,,mesure_experimentale
iodp_remanence_368_14606711,368,U1501,C,CUBE8731331,0.0313591,0.0,0.0,56.55,6,5,50,0.016764,0.534582,-0.9429,0,,mesure_experimentale
iodp_remanence_368_14606711,368,U1501,C,CUBE8731621,0.0314563,0.0,0.0,57.19,6,5,50,0.011813,0.375537,-1.0000,0,,mesure_experimentale
iodp_remanence_368_14606711,368,U1501,C,CUBE8731641,0.0263474,0.0,0.0,60.09,12,5,120,0.0008945,0.0339502,-0.9301,2,,mesure_experimentale
iodp_remanence_368_14606711,368,U1501,C,CUBE8731661,0.0313983,0.0,0.0,63.09,6,5,50,0.0108843,0.346653,-1.0000,0,,mesure_experimentale
iodp_remanence_368_14606711,368,U1501,C,CUBE8732281,0.0282866,0.0,0.0,67.18,6,5,50,0.0087699,0.310037,-1.0000,0,,mesure_experimentale
iodp_remanence_368_14606711,368,U1501,C,CUBE8732301,0.0164695,0.0,0.0,68.7,12,5,120,0.0012242,0.0743313,-0.7483,1,,mesure_experimentale
iodp_remanence_368_14606711,368,U1501,C,CUBE8732321,0.019656,0.0,0.0,70.16,6,5,50,0.0077867,0.396149,-1.0000,0,,mesure_experimentale
iodp_remanence_368_14606711,368,U1501,C,CUBE8732341,0.0293336,0.0,0.0,72.67,7,5,50,0.0137771,0.46967,-1.0000,0,,mesure_experimentale
iodp_remanence_368_14606711,368,U1501,C,CUBE8733191,0.0243508,0.0,0.0,76.8,6,5,50,0.011596,0.476206,-1.0000,0,,mesure_experimentale
iodp_remanence_368_14606711,368,U1501,C,CUBE8733211,0.0275351,0.0,0.0,79.67,6,5,50,0.0106302,0.38606,-1.0000,0,,mesure_experimentale
iodp_remanence_368_14606711,368,U1501,C,CUBE8733231,0.0122837,0.0,0.0,82.28,6,5,50,0.0018004,0.146568,-1.0000,0,,mesure_experimentale
iodp_remanence_368_14606711,368,U1501,C,CUBE8733251,0.0113651,0.0,0.0,85.11,6,5,50,0.0053379,0.469675,-1.0000,0,,mesure_experimentale
iodp_remanence_368_14606711,368,U1501,C,CUBE8733511,0.0204395,0.0,0.0,85.75,6,5,50,0.0068344,0.334372,-1.0000,0,,mesure_experimentale
iodp_remanence_368_14606711,368,U1501,C,CUBE8733531,0.0136995,0.0,0.0,88.83,6,5,50,0.004345,0.317165,-0.9429,0,,mesure_experimentale
iodp_remanence_368_14606711,368,U1501,C,CUBE8733551,0.0113266,0.0,0.0,91.59,7,5,50,0.004666,0.411951,-0.9643,0,,mesure_experimentale
iodp_remanence_368_14606711,368,U1501,C,CUBE8733651,0.0093552,0.0,0.0,94.45,6,5,50,0.0030497,0.32599,-1.0000,0,,mesure_experimentale
iodp_remanence_368_14606711,368,U1501,C,CUBE8733951,0.0187542,0.0,0.0,95.19,8,5,50,0.0128532,0.68535,-0.1667,0,,mesure_experimentale
iodp_remanence_368_14606711,368,U1501,C,CUBE8733971,0.010586,0.0,0.0,98.16,5,10,50,0.0040386,0.381504,-1.0000,0,,mesure_experimentale
iodp_remanence_368_14606711,368,U1501,C,CUBE8734031,0.0120682,0.0,0.0,101.65,5,10,50,0.0058593,0.485516,-1.0000,0,,mesure_experimentale
iodp_remanence_368_14606711,368,U1501,C,CUBE8734051,0.013664,0.0,0.0,104.36,6,5,50,0.0053869,0.39424,-1.0000,0,,mesure_experimentale
iodp_remanence_368_14606711,368,U1501,C,CUBE8734931,0.0178575,0.0,0.0,105.39,6,5,50,0.0082433,0.461616,-1.0000,0,,mesure_experimentale
iodp_remanence_368_14606711,368,U1501,C,CUBE8734951,0.0187755,0.0,0.0,108.29,6,5,50,0.0083343,0.443892,-1.0000,0,,mesure_experimentale
iodp_remanence_368_14606711,368,U1501,C,CUBE8734971,0.0106752,0.0,0.0,111.12,6,5,50,0.004157,0.389407,-1.0000,0,,mesure_experimentale
iodp_remanence_368_14606711,368,U1501,C,CUBE8734991,0.0108524,0.0,0.0,113.25,6,5,50,0.0042615,0.392678,-1.0000,0,,mesure_experimentale
iodp_remanence_368_14606711,368,U1501,C,CUBE8735581,0.0161098,0.0,0.0,114.24,6,5,50,0.0059533,0.369545,-1.0000,0,,mesure_experimentale
iodp_remanence_368_14606711,368,U1501,C,CUBE8735601,0.0099218,0.0,0.0,117.04,8,5,50,0.0030663,0.309047,-0.9524,0,,mesure_experimentale
iodp_remanence_368_14606711,368,U1501,C,CUBE8735801,0.0126044,0.0,0.0,120.29,6,5,50,0.0048511,0.384874,-1.0000,0,,mesure_experimentale
iodp_remanence_368_14606711,368,U1501,C,CUBE8736311,0.015516,0.0,0.0,124.38,6,5,50,0.007203,0.46423,-1.0000,0,,mesure_experimentale
iodp_remanence_368_14606711,368,U1501,C,CUBE8736331,0.0128699,0.0,0.0,126.65,6,5,50,0.0058341,0.453314,-1.0000,0,,mesure_experimentale
iodp_remanence_368_14606711,368,U1501,C,CUBE8736351,0.0075707,0.0,0.0,130.09,6,5,50,0.0035894,0.474117,-1.0000,0,,mesure_experimentale
iodp_remanence_368_14606711,368,U1501,C,CUBE8736581,0.0117486,0.0,0.0,133.59,6,5,50,0.0063676,0.541988,-1.0000,0,,mesure_experimentale
iodp_remanence_368_14606711,368,U1501,C,CUBE8736601,0.0112778,0.0,0.0,136.22,6,5,50,0.0064377,0.570829,-1.0000,0,,mesure_experimentale
iodp_remanence_368_14606711,368,U1501,C,CUBE8736621,0.0074866,0.0,0.0,139.61,6,5,50,0.0027956,0.373414,-1.0000,0,,mesure_experimentale
iodp_remanence_368_14606711,368,U1501,C,CUBE8736641,0.0120837,0.0,0.0,141.47,6,5,50,0.0038913,0.322029,-1.0000,0,,mesure_experimentale
iodp_remanence_368_14606711,368,U1501,C,CUBE8737061,0.0155984,0.0,0.0,143.44,6,5,50,0.0034216,0.219356,-1.0000,0,,mesure_experimentale
iodp_remanence_368_14606711,368,U1501,C,CUBE8737081,0.0130419,0.0,0.0,146.27,6,5,50,0.003394,0.260238,-1.0000,0,,mesure_experimentale
iodp_remanence_368_14606711,368,U1501,C,CUBE8737101,0.0051407,0.0,0.0,148.87,7,5,50,0.0026106,0.50783,-1.0000,0,,mesure_experimentale
iodp_remanence_368_14606711,368,U1501,C,CUBE8737121,0.0136192,0.0,0.0,151.08,6,5,50,0.0037975,0.278834,-1.0000,0,,mesure_experimentale
iodp_remanence_368_14606711,368,U1501,C,CUBE8737631,0.0132675,0.0,0.0,152.96,6,5,50,0.0037216,0.280505,-1.0000,0,,mesure_experimentale
iodp_remanence_368_14606711,368,U1501,C,CUBE8737651,0.0128682,0.0,0.0,155.21,6,5,50,0.00325,0.252561,-1.0000,0,,mesure_experimentale
iodp_remanence_368_14606711,368,U1501,C,CUBE8738061,0.0003744,0.0,0.0,157.72,6,5,50,9.55e-05,0.255075,-1.0000,0,,mesure_experimentale
iodp_remanence_368_14606711,368,U1501,C,CUBE8738081,0.0006796,0.0,0.0,160.15,6,5,50,0.0001287,0.189376,-1.0000,0,,mesure_experimentale
iodp_remanence_368_14606711,368,U1501,C,CUBE8738121,0.0132045,0.0,0.0,162.07,6,5,50,0.0034366,0.26026,-1.0000,0,,mesure_experimentale
iodp_remanence_368_14606711,368,U1501,C,CUBE8738141,0.0066292,0.0,0.0,164.98,7,5,50,0.0028005,0.422449,-1.0000,0,,mesure_experimentale
iodp_remanence_368_14606711,368,U1501,C,CUBE8738301,0.00159,0.0,0.0,167.05,7,5,50,0.0002526,0.158868,-0.8929,0,,mesure_experimentale
iodp_remanence_368_14606711,368,U1501,C,CUBE8738321,0.0008321,0.0,0.0,169.0,5,10,50,0.0001392,0.167288,-1.0000,0,,mesure_experimentale
iodp_remanence_368_14606711,368,U1501,C,CUBE8738881,0.0017575,0.0,0.0,171.74,6,5,50,0.0003215,0.18293,-1.0000,0,,mesure_experimentale
iodp_remanence_368_14606711,368,U1501,C,CUBE8738901,0.0085438,0.0,0.0,174.15,6,5,50,0.0025449,0.297865,-1.0000,0,,mesure_experimentale
iodp_remanence_368_14606711,368,U1501,C,CUBE8739741,0.0017854,0.0,0.0,175.98,6,5,50,0.0004238,0.23737,-1.0000,0,,mesure_experimentale
iodp_remanence_368_14606711,368,U1501,C,CUBE8739761,0.0062449,0.0,0.0,179.27,7,5,50,0.0011688,0.187161,-0.9643,0,,mesure_experimentale
iodp_remanence_368_14606711,368,U1501,C,CUBE8739941,0.0023695,0.0,0.0,180.67,6,5,50,0.0004624,0.195147,-1.0000,0,,mesure_experimentale
iodp_remanence_368_14606711,368,U1501,C,CUBE8739951,0.001165,0.0,0.0,183.78,6,5,50,0.0001178,0.101116,-1.0000,0,,mesure_experimentale
iodp_remanence_368_14606711,368,U1501,C,CUBE8740551,0.0045894,0.0,0.0,185.36,6,5,50,0.0011463,0.249771,-1.0000,0,,mesure_experimentale
iodp_remanence_368_14606711,368,U1501,C,CUBE8740561,0.0223177,0.0,0.0,188.85,6,5,50,0.0060007,0.268876,-1.0000,0,,mesure_experimentale
iodp_remanence_368_14606711,368,U1501,C,CUBE8740641,0.0202941,0.0,0.0,190.04,7,5,50,0.006028,0.297032,-1.0000,0,,mesure_experimentale
iodp_remanence_368_14606711,368,U1501,C,CUBE8740651,0.0004326,0.0,0.0,192.87,6,5,50,9.38e-05,0.216828,-1.0000,0,,mesure_experimentale
iodp_remanence_368_14606711,368,U1501,C,CUBE8740861,0.0005098,0.0,0.0,194.8,7,5,50,0.0001614,0.316595,-0.6071,0,,mesure_experimentale
iodp_remanence_368_14606711,368,U1501,C,CUBE8740871,0.0019125,0.0,0.0,197.8,8,5,50,0.0003379,0.17668,-0.9524,0,,mesure_experimentale
iodp_remanence_368_14606711,368,U1501,C,CUBE8741261,0.0016571,0.0,0.0,199.5,6,5,50,0.0003511,0.211876,-1.0000,0,,mesure_experimentale
iodp_remanence_368_14606711,368,U1501,C,CUBE8741271,0.0009588,0.0,0.0,202.25,6,5,50,0.0002369,0.24708,-1.0000,0,,mesure_experimentale
iodp_remanence_368_14606711,368,U1501,C,CUBE8741441,0.0024272,0.0,0.0,204.35,6,5,50,0.0005479,0.225733,-1.0000,0,,mesure_experimentale
iodp_remanence_368_14606711,368,U1501,C,CUBE8741451,0.0016658,0.0,0.0,207.2,6,5,50,0.0004369,0.262276,-1.0000,0,,mesure_experimentale
iodp_remanence_368_14606711,368,U1501,C,CUBE8741801,0.0018328,0.0,0.0,211.85,6,5,50,0.0001014,0.0553252,-1.0000,0,,mesure_experimentale
iodp_remanence_368_14606711,368,U1501,C,CUBE8741871,0.0011576,0.0,0.0,216.77,6,5,50,0.0001147,0.0990843,-1.0000,0,,mesure_experimentale
iodp_remanence_368_14606711,368,U1501,C,CUBE8742381,0.0017091,0.0,0.0,218.44,6,5,50,0.000195,0.114095,-1.0000,0,,mesure_experimentale
iodp_remanence_368_14606711,368,U1501,C,CUBE8742391,0.0013018,0.0,0.0,220.97,6,5,50,0.0001792,0.137656,-1.0000,0,,mesure_experimentale
iodp_remanence_368_14606711,368,U1501,C,CUBE8742401,0.0018797,0.0,0.0,222.87,6,5,50,0.0005423,0.288503,-1.0000,0,,mesure_experimentale
iodp_remanence_368_14606711,368,U1501,C,CUBE8743001,0.0009498,0.0,0.0,227.62,6,5,50,0.0002046,0.215414,-1.0000,0,,mesure_experimentale
iodp_remanence_368_14606711,368,U1501,C,CUBE8743011,0.0006921,0.0,0.0,230.72,6,5,50,0.0001472,0.212686,-1.0000,0,,mesure_experimentale
iodp_remanence_368_14606711,368,U1501,C,CUBE8743041,0.0004963,0.0,0.0,232.32,6,5,50,0.000107,0.215595,-1.0000,0,,mesure_experimentale
iodp_remanence_368_14606711,368,U1501,C,CUBE8743051,0.0002936,0.0,0.0,235.29,6,5,50,5.28e-05,0.179837,-1.0000,0,,mesure_experimentale
iodp_remanence_368_14606711,368,U1501,C,CUBE8743451,0.0003978,0.0,0.0,239.82,6,5,50,0.0001313,0.330065,-1.0000,0,,mesure_experimentale
iodp_remanence_368_14606711,368,U1501,C,CUBE8743461,0.0006098,0.0,0.0,242.02,6,5,50,0.0001533,0.251394,-1.0000,0,,mesure_experimentale
iodp_remanence_368_14606711,368,U1501,C,CUBE8743471,0.0003545,0.0,0.0,244.85,6,5,50,8.29e-05,0.23385,-1.0000,0,,mesure_experimentale
iodp_remanence_368_14606711,368,U1501,C,CUBE8743961,0.0008637,-9.9,151.8,247.03,6,5,50,0.0001959,0.226815,-0.9429,0,,mesure_experimentale
iodp_remanence_368_14606711,368,U1501,C,CUBE8743971,0.000667,-11.3,171.0,251.38,6,5,50,0.0001669,0.250225,-1.0000,0,,mesure_experimentale
iodp_remanence_368_14606711,368,U1501,C,CUBE8744321,0.0009499,-10.5,166.4,256.08,6,5,50,0.0002403,0.252974,-1.0000,0,,mesure_experimentale
iodp_remanence_368_14606711,368,U1501,C,CUBE8744361,0.0002936,24.6,166.8,257.86,6,5,50,0.000101,0.344005,-1.0000,0,,mesure_experimentale
iodp_remanence_368_14606711,368,U1501,C,CUBE8744371,0.0004183,3.0,169.0,261.39,6,5,50,0.0001442,0.344729,-0.9429,0,,mesure_experimentale
iodp_remanence_368_14606711,368,U1501,C,CUBE8744381,0.0002364,3.0,177.2,263.2,6,5,50,7.14e-05,0.30203,-1.0000,0,,mesure_experimentale
iodp_remanence_368_14606711,368,U1501,C,CUBE8744821,0.0004785,0.0,159.4,264.13,6,5,50,0.0001527,0.319122,-1.0000,0,,mesure_experimentale
iodp_remanence_368_14606711,368,U1501,C,CUBE8744831,0.0006298,-15.8,172.0,267.26,6,5,50,0.0002362,0.37504,-1.0000,0,,mesure_experimentale
iodp_remanence_368_14606711,368,U1501,C,CUBE8744841,0.0006014,-4.5,161.3,271.08,6,5,50,0.0001686,0.280346,-1.0000,0,,mesure_experimentale
iodp_remanence_368_14606711,368,U1501,C,CUBE8744851,0.003029,5.5,159.8,273.39,6,5,50,0.0011861,0.391581,-1.0000,0,,mesure_experimentale
iodp_remanence_368_14606711,368,U1501,C,CUBE8745641,0.0004941,-1.6,154.8,274.53,7,5,50,0.00012,0.242866,-1.0000,0,,mesure_experimentale
iodp_remanence_368_14606711,368,U1501,C,CUBE8745651,0.0005874,-9.7,163.4,277.23,6,5,50,0.0001437,0.244637,-1.0000,0,,mesure_experimentale
iodp_remanence_368_14606711,368,U1501,C,CUBE8745661,0.0007702,-9.6,182.0,281.03,6,5,50,0.0001661,0.215658,-1.0000,0,,mesure_experimentale
iodp_remanence_368_14606711,368,U1501,C,CUBE8745671,0.0006375,1.1,185.0,282.9,7,5,50,0.0001909,0.299451,-0.9643,0,,mesure_experimentale
iodp_remanence_368_14606711,368,U1501,C,CUBE8745921,0.0007587,-13.4,158.8,284.58,7,5,50,0.0002227,0.293528,-1.0000,0,,mesure_experimentale
iodp_remanence_368_14606711,368,U1501,C,CUBE8745931,0.0005531,-4.8,181.4,287.71,7,5,50,9.81e-05,0.177364,-1.0000,0,,mesure_experimentale
iodp_remanence_368_14606711,368,U1501,C,CUBE8745941,0.0003411,-3.7,164.5,289.82,5,5,50,6.02e-05,0.176488,-1.0000,0,,mesure_experimentale
iodp_remanence_368_14606711,368,U1501,C,CUBE8745951,0.0002008,-3.3,182.8,292.1,5,5,50,6.08e-05,0.302789,-1.0000,0,,mesure_experimentale
iodp_remanence_368_14606711,368,U1501,C,CUBE8746341,0.000596,-1.9,175.7,293.77,6,5,50,0.000115,0.192953,-1.0000,0,,mesure_experimentale
iodp_remanence_368_14606711,368,U1501,C,CUBE8746351,0.000201,-4.5,186.1,296.54,7,5,50,5.47e-05,0.272139,-0.9643,0,,mesure_experimentale
iodp_remanence_368_14606711,368,U1501,C,CUBE8746371,0.0001556,1.9,166.7,301.42,6,5,50,1.95e-05,0.125321,-0.9429,0,,mesure_experimentale
iodp_remanence_368_14606711,368,U1501,C,CUBE8746381,0.0001326,6.1,154.6,300.37,6,5,50,5.74e-05,0.432881,-1.0000,0,,mesure_experimentale
iodp_remanence_368_14606711,368,U1501,C,CUBE8746741,0.0002462,-3.5,193.4,303.56,6,5,50,9.23e-05,0.374898,-1.0000,0,,mesure_experimentale
iodp_remanence_368_14606711,368,U1501,C,CUBE8746751,0.0003422,-13.3,186.2,306.69,8,5,50,9.23e-05,0.269725,-0.9762,0,,mesure_experimentale
iodp_remanence_368_14606711,368,U1501,C,CUBE8746761,0.0002995,23.8,169.1,308.81,5,5,40,0.0001156,0.385977,-1.0000,0,,mesure_experimentale
iodp_remanence_368_14606711,368,U1501,C,CUBE8747801,0.000236,-17.9,179.3,313.1,6,5,50,0.0001102,0.466949,-0.9429,0,,mesure_experimentale
iodp_remanence_368_14606711,368,U1501,C,CUBE8747811,0.0002556,-27.0,143.0,315.6,6,5,50,0.0001576,0.616588,-0.9429,0,,mesure_experimentale
iodp_remanence_368_14606711,368,U1501,C,CUBE8747821,0.0002234,-11.9,201.8,318.89,6,5,40,0.0001034,0.462847,-1.0000,0,,mesure_experimentale
iodp_remanence_368_14606711,368,U1501,C,CUBE8747831,0.0001,0.0,180.0,320.99,6,5,50,9.5e-05,0.95,-0.7714,0,,mesure_experimentale
iodp_remanence_368_14606711,368,U1501,C,CUBE8748101,0.0001081,11.7,177.8,321.98,5,5,50,4.01e-05,0.370953,-0.9000,0,,mesure_experimentale
iodp_remanence_368_14606711,368,U1501,C,CUBE8748111,0.0002158,-14.2,147.3,325.06,6,5,50,9.64e-05,0.44671,-0.7714,0,,mesure_experimentale
iodp_remanence_368_14606711,368,U1501,C,CUBE8748121,0.0001675,7.2,175.4,328.21,6,5,50,3.49e-05,0.208358,-1.0000,0,,mesure_experimentale
iodp_remanence_368_14606711,368,U1501,C,CUBE8749001,0.0002111,5.2,140.4,332.07,6,5,50,9.23e-05,0.437234,-1.0000,0,,mesure_experimentale
iodp_remanence_368_14606711,368,U1501,C,CUBE8749011,0.0002729,16.8,171.0,335.9,6,5,50,9.48e-05,0.34738,-1.0000,0,,mesure_experimentale
iodp_remanence_368_14606711,368,U1501,C,CUBE8749021,0.0003087,5.9,162.0,339.38,6,5,50,8.73e-05,0.282799,-1.0000,0,,mesure_experimentale
iodp_remanence_368_14606711,368,U1501,C,CUBE8749151,0.0005383,-15.6,336.9,340.97,6,5,50,0.0001805,0.335315,-1.0000,0,,mesure_experimentale
iodp_remanence_368_14606711,368,U1501,C,CUBE8749161,0.0003715,-35.4,215.1,344.32,6,5,50,0.0003686,0.992194,-0.1429,0,,mesure_experimentale
iodp_remanence_368_14606711,368,U1501,C,CUBE8749171,0.0004157,-17.1,155.6,347.93,6,5,50,0.000152,0.365648,-1.0000,0,,mesure_experimentale
iodp_remanence_368_14606711,368,U1501,C,CUBE8749181,0.0002819,-27.7,173.9,349.88,6,5,50,0.0001163,0.412558,-1.0000,0,,mesure_experimentale
iodp_remanence_368_14606711,368,U1501,C,CUBE8749271,0.0002124,-37.7,168.0,352.93,6,5,50,0.0001276,0.600753,-0.9429,0,,mesure_experimentale
iodp_remanence_368_14606711,368,U1501,C,CUBE8749281,0.0002092,-15.7,189.6,355.57,6,5,50,7.98e-05,0.381453,-1.0000,0,,mesure_experimentale
iodp_remanence_368_14606711,368,U1501,C,CUBE8749291,0.0003261,-21.4,192.0,358.3,5,5,50,0.0001219,0.373812,-1.0000,0,,mesure_experimentale
iodp_remanence_368_14606711,368,U1501,C,CUBE8749361,0.0003022,-0.2,144.2,361.07,6,5,50,0.0001504,0.497684,-1.0000,0,,mesure_experimentale
iodp_remanence_368_14606711,368,U1501,C,CUBE8749371,0.0002824,-20.5,195.4,364.38,6,5,50,0.0001341,0.474858,-1.0000,0,,mesure_experimentale
iodp_remanence_368_14606711,368,U1501,C,CUBE8749381,0.0002542,-30.5,150.2,366.45,6,5,50,0.0001418,0.557828,-1.0000,0,,mesure_experimentale
iodp_remanence_368_14606711,368,U1501,C,CUBE8749391,0.0003781,23.7,167.5,369.14,6,5,50,0.0001325,0.350436,-1.0000,0,,mesure_experimentale
iodp_remanence_368_14606711,368,U1501,C,CUBE8749491,0.0002987,6.7,183.7,369.85,6,5,50,8.47e-05,0.283562,-1.0000,0,,mesure_experimentale
iodp_remanence_368_14606711,368,U1501,C,CUBE8749501,0.000789,7.9,168.9,372.88,6,5,50,0.0001731,0.219392,-1.0000,0,,mesure_experimentale
iodp_remanence_368_14606711,368,U1501,C,CUBE8749511,0.0005177,-0.4,147.8,376.93,6,5,50,0.0002372,0.45818,-1.0000,0,,mesure_experimentale
iodp_remanence_368_14606711,368,U1501,C,CUBE8749521,0.0006044,16.3,252.4,378.66,7,5,50,0.0001479,0.244705,-0.9643,0,,mesure_experimentale
iodp_remanence_368_14606711,368,U1501,C,CUBE8749651,0.0010214,-6.6,175.8,379.36,6,5,50,0.0002806,0.274721,-1.0000,0,,mesure_experimentale
iodp_remanence_368_14606711,368,U1501,C,CUBE8749661,0.0010444,-13.6,176.2,383.95,6,5,50,0.0003371,0.322769,-1.0000,0,,mesure_experimentale
iodp_remanence_368_14606711,368,U1501,C,CUBE8749741,0.0011383,10.2,183.6,388.99,6,5,50,0.000356,0.312747,-1.0000,0,,mesure_experimentale
iodp_remanence_368_14606711,368,U1501,C,CUBE8749751,0.0009503,-20.9,174.1,392.48,6,5,50,0.0003812,0.401136,-1.0000,0,,mesure_experimentale
iodp_remanence_368_14606711,368,U1501,C,CUBE8749761,0.0008581,-8.4,136.4,396.07,6,5,50,0.0004851,0.565319,-1.0000,0,,mesure_experimentale
iodp_remanence_368_14606711,368,U1501,C,CUBE8749771,0.0019726,-1.5,183.6,398.23,6,5,50,0.0006166,0.312582,-1.0000,0,,mesure_experimentale
iodp_remanence_368_14606711,368,U1501,C,CUBE8749851,0.0009076,7.6,169.3,399.18,6,5,50,0.0002579,0.284156,-1.0000,0,,mesure_experimentale
iodp_remanence_368_14606711,368,U1501,C,CUBE8749861,0.0009856,-8.1,144.3,401.6,6,5,50,0.0004137,0.419744,-1.0000,0,,mesure_experimentale
iodp_remanence_368_14606711,368,U1501,C,CUBE8749871,0.000735,7.2,176.7,405.0,6,5,50,0.0002203,0.299728,-1.0000,0,,mesure_experimentale
iodp_remanence_368_14606711,368,U1501,C,CUBE8749881,0.0017172,-8.7,155.9,407.685,6,5,50,0.0004605,0.268169,-1.0000,0,,mesure_experimentale
iodp_remanence_368_14606711,368,U1501,C,CUBE8749961,0.0015341,-11.2,175.3,409.24,6,5,50,0.0004157,0.270973,-1.0000,0,,mesure_experimentale
iodp_remanence_368_14606711,368,U1501,C,CUBE8749981,0.0011929,1.9,169.2,415.1,6,5,50,0.0003577,0.299857,-1.0000,0,,mesure_experimentale
iodp_remanence_368_14606711,368,U1501,C,CUBE8750001,0.0011696,11.6,182.1,411.235,6,5,50,0.0002884,0.24658,-1.0000,0,,mesure_experimentale
iodp_remanence_368_14606711,368,U1501,C,CUBE8750191,0.0010951,-24.6,168.9,418.26,6,5,50,0.0004347,0.39695,-0.9429,0,,mesure_experimentale
iodp_remanence_368_14606711,368,U1501,C,CUBE8750201,0.0010694,-1.1,152.0,420.75,6,5,50,0.0003735,0.349261,-0.9429,0,,mesure_experimentale
iodp_remanence_368_14606711,368,U1501,C,CUBE8750211,0.0011598,-4.5,155.3,423.97,6,5,50,0.0003868,0.333506,-1.0000,0,,mesure_experimentale
iodp_remanence_368_14606711,368,U1501,C,CUBE8750221,0.0005578,-21.3,173.3,426.7,6,5,50,0.0002483,0.445142,-1.0000,0,,mesure_experimentale
iodp_remanence_368_14606711,368,U1501,C,CUBE8750341,0.0007329,-2.9,150.8,427.55,6,5,50,0.0002604,0.355301,-1.0000,0,,mesure_experimentale
iodp_remanence_368_14606711,368,U1501,C,CUBE8750351,0.0005557,10.4,167.6,430.42,6,5,50,5.91e-05,0.106352,-1.0000,0,,mesure_experimentale
iodp_remanence_368_14606711,368,U1501,C,CUBE8750361,0.0013764,-9.1,184.5,433.35,6,5,50,0.0003716,0.26998,-1.0000,0,,mesure_experimentale
iodp_remanence_368_14606711,368,U1501,C,CUBE8750371,0.0009437,2.9,189.7,436.59,6,5,50,0.0003179,0.336866,-1.0000,0,,mesure_experimentale
iodp_remanence_368_14606711,368,U1501,C,CUBE8750481,0.0006351,-12.2,162.5,437.27,6,5,50,0.0002747,0.43253,-1.0000,0,,mesure_experimentale
iodp_remanence_368_14606711,368,U1501,C,CUBE8750491,0.0008019,-10.5,202.6,440.1,6,5,50,0.0003047,0.379973,-1.0000,0,,mesure_experimentale
iodp_remanence_368_14606711,368,U1501,C,CUBE8750571,0.001103,-2.2,169.9,447.31,6,5,50,0.0003018,0.273617,-1.0000,0,,mesure_experimentale
iodp_remanence_368_14606711,368,U1501,C,CUBE8750621,0.0008113,-10.7,146.9,448.67,6,5,50,0.0004103,0.505732,-1.0000,0,,mesure_experimentale
iodp_remanence_368_14606711,368,U1501,C,CUBE8750631,0.0004281,22.2,190.2,451.43,6,5,50,0.0001476,0.344779,-0.9429,0,,mesure_experimentale
iodp_remanence_368_14606711,368,U1501,C,CUBE8750701,0.0035499,-18.2,171.0,455.04,6,5,50,0.002272,0.640018,-1.0000,0,,mesure_experimentale
iodp_remanence_368_14606711,368,U1501,D,CUBE8752221,0.0004104,12.7,205.0,434.19,6,5,50,0.000292,0.711501,-1.0000,0,,mesure_experimentale
iodp_remanence_368_14606711,368,U1501,D,CUBE8752231,0.0005195,-32.0,133.3,437.85,6,5,50,0.0003083,0.593455,-0.9429,0,,mesure_experimentale
iodp_remanence_368_14606711,368,U1501,D,CUBE8752451,0.0002894,-4.6,205.7,443.67,6,5,50,0.000196,0.677263,-0.9429,0,,mesure_experimentale
iodp_remanence_368_14606711,368,U1501,D,CUBE8752461,0.0015969,-29.6,223.9,446.81,6,5,50,0.0014718,0.921661,-1.0000,0,,mesure_experimentale
iodp_remanence_368_14606711,368,U1501,D,CUBE8753801,0.0007915,25.4,160.6,491.24,6,5,50,0.0004686,0.59204,-1.0000,0,,mesure_experimentale
iodp_remanence_368_14606711,368,U1501,D,CUBE8753811,0.0004335,-12.5,193.8,500.88,6,5,50,0.0002166,0.499654,-1.0000,0,,mesure_experimentale
iodp_remanence_368_14606711,368,U1501,D,CUBE8755181,0.0033394,-29.6,165.4,579.46,6,5,50,0.0024068,0.720728,-1.0000,0,,mesure_experimentale
iodp_remanence_368_14606711,368,U1501,D,CUBE8755191,0.001828,-30.9,182.4,582.1,6,5,50,0.0013219,0.72314,-0.9429,0,,mesure_experimentale
iodp_remanence_368_14606711,368,U1502,A,CUBE8760571,0.0002707,-25.1,174.6,442.85,12,5,120,2.5e-05,0.0923532,-0.5944,1,,mesure_experimentale
iodp_remanence_368_14606711,368,U1502,A,CUBE8761821,0.0002346,32.3,184.0,478.41,12,5,120,4.15e-05,0.176897,-0.0629,1,,mesure_experimentale
iodp_remanence_368_14606711,368,U1502,A,CUBE8762101,0.0002265,-35.3,192.1,481.04,11,5,120,2.56e-05,0.113024,-0.1545,1,,mesure_experimentale
iodp_remanence_368_14606711,368,U1502,A,CUBE8762461,0.0002354,-20.9,209.7,493.4,13,5,120,3.15e-05,0.133815,-0.1978,1,,mesure_experimentale
iodp_remanence_368_14606711,368,U1502,A,CUBE8762471,0.0002325,-15.3,224.5,493.43,10,250,700,0.101819,437.93,0.8788,0,,mesure_experimentale
iodp_remanence_368_14606711,368,U1502,A,CUBE8762591,0.0006062,-21.0,204.6,500.2,8,250,700,0.0050602,8.34741,0.6905,0,,mesure_experimentale
iodp_remanence_368_14606711,368,U1502,A,CUBE8762601,0.0008287,-25.0,178.6,519.34,8,250,700,0.0144472,17.4336,0.4524,0,,mesure_experimentale
iodp_remanence_368_14606711,368,U1502,A,CUBE8762701,0.0004394,15.4,173.8,531.9,12,5,120,3.96e-05,0.0901229,-0.4615,1,,mesure_experimentale
iodp_remanence_368_14606711,368,U1502,A,CUBE8762711,0.0002677,-28.5,164.7,532.0,8,250,700,0.0012012,4.48711,-0.0476,0,,mesure_experimentale
iodp_remanence_368_14606711,368,U1502,A,CUBE8763921,0.0009831,8.8,135.5,586.99,8,250,700,0.0284341,28.9229,0.4524,0,,mesure_experimentale
iodp_remanence_368_14606711,368,U1502,A,CUBE8764231,0.0003388,-9.8,310.1,597.59,8,250,700,0.151912,448.383,0.2857,0,,mesure_experimentale
iodp_remanence_368_14606711,368,U1502,A,CUBE8764241,0.0004669,-15.7,150.6,600.44,8,250,700,0.0229343,49.1204,0.7381,0,,mesure_experimentale
iodp_remanence_368_14606711,368,U1502,A,CUBE8764941,0.0001868,72.4,182.2,605.68,8,250,700,0.0554637,296.915,0.9286,0,,mesure_experimentale
iodp_remanence_368_14606711,368,U1502,A,CUBE8765301,0.0006152,-26.3,147.0,624.4,8,250,700,0.16674,271.034,0.9762,0,,mesure_experimentale
iodp_remanence_368_14606711,368,U1502,A,CUBE8765311,0.0003002,-21.5,229.4,626.46,8,250,700,0.0734685,244.732,0.9762,0,,mesure_experimentale
iodp_remanence_368_14606711,368,U1502,A,CUBE8766081,0.0003936,5.8,203.5,635.59,8,250,700,0.0007238,1.83892,0.5476,0,,mesure_experimentale
iodp_remanence_368_14606711,368,U1502,A,CUBE8766091,0.0008295,-10.7,156.1,636.65,8,250,700,0.0029942,3.60964,0.6667,0,,mesure_experimentale
iodp_remanence_368_14606711,368,U1502,A,CUBE8766571,0.0011352,-35.3,188.6,648.88,8,250,700,0.0840403,74.0313,0.9762,0,,mesure_experimentale
iodp_remanence_368_14606711,368,U1502,A,CUBE8766581,0.0003283,48.1,162.9,649.57,8,250,700,0.0025031,7.62443,0.8810,0,,mesure_experimentale
iodp_remanence_368_14606711,368,U1502,A,CUBE8767391,0.0010109,17.7,162.5,654.765,8,250,700,0.178623,176.697,0.8333,0,,mesure_experimentale
iodp_remanence_368_14606711,368,U1502,A,CUBE8767401,0.0006737,25.1,359.4,660.4,9,250,700,0.0016011,2.37658,0.8333,0,,mesure_experimentale
iodp_remanence_368_14606711,368,U1502,A,CUBE8768111,0.0012673,-41.5,48.2,670.93,8,250,700,0.0267976,21.1454,0.8095,0,,mesure_experimentale
iodp_remanence_368_14606711,368,U1502,A,CUBE8768121,0.0006081,-30.9,188.4,668.33,7,250,600,0.0022218,3.65368,0.8571,0,,mesure_experimentale
iodp_remanence_368_14606711,368,U1502,A,CUBE8768501,0.0013929,-22.5,11.6,674.11,8,250,700,0.360286,258.659,0.8333,0,,mesure_experimentale
iodp_remanence_368_14606711,368,U1502,A,CUBE8768871,0.0012867,-17.5,188.2,684.12,8,250,700,0.139625,108.514,0.7143,0,,mesure_experimentale
iodp_remanence_368_14606711,368,U1502,A,CUBE8769211,0.004405,18.7,121.1,695.57,8,250,700,0.0001339,0.0303973,-0.8571,0,,mesure_experimentale
iodp_remanence_368_14606711,368,U1502,A,CUBE8769441,0.0030088,28.1,156.3,703.75,9,250,700,0.0010955,0.364099,-0.2000,0,,mesure_experimentale
iodp_remanence_368_14606711,368,U1502,A,CUBE8769561,0.0003708,-27.2,154.2,712.81,8,250,700,0.0030371,8.19067,0.5952,0,,mesure_experimentale
iodp_remanence_368_14606711,368,U1502,A,CUBE8769571,0.0015302,43.0,162.2,717.63,8,250,700,0.0070333,4.59633,0.7857,0,,mesure_experimentale
iodp_remanence_368_14606711,368,U1502,A,CUBE8769821,2.74e-05,7.0,186.4,747.48,8,250,700,0.285409,10416.4,1.0000,0,,mesure_experimentale
iodp_remanence_368_14606711,368,U1502,A,CUBE8769921,0.0014402,8.0,139.3,726.4,8,250,700,0.0018914,1.31329,0.5952,0,,mesure_experimentale
iodp_remanence_368_14606711,368,U1502,A,CUBE8770111,0.0015438,-15.9,135.8,730.25,13,5,120,0.000464,0.300557,-0.9945,1,,mesure_experimentale
iodp_remanence_368_14606711,368,U1502,A,CUBE8770121,0.0016622,-17.2,134.1,730.27,8,250,700,0.0010009,0.602154,0.6905,0,,mesure_experimentale
iodp_remanence_368_14606711,368,U1502,A,CUBE8770201,0.000183,-39.5,114.6,742.98,13,5,120,6.06e-05,0.331148,-0.3242,1,,mesure_experimentale
iodp_remanence_368_14606711,368,U1502,A,CUBE8770211,0.000188,-23.9,141.2,743.0,8,250,700,0.0065571,34.8782,0.9762,0,,mesure_experimentale
iodp_remanence_368_14606711,368,U1502,A,CUBE8770341,0.0031526,-9.6,147.4,750.39,8,250,700,0.0028915,0.917179,0.6190,0,,mesure_experimentale
iodp_remanence_368_14606711,368,U1502,B,CUBE8773661,0.00774,-29.6,157.7,761.22,13,5,120,0.0003551,0.0458786,-0.9286,1,,mesure_experimentale
iodp_remanence_368_14606711,368,U1502,B,CUBE8773681,0.0381117,-30.8,223.9,765.27,13,5,120,0.0065884,0.172871,-0.9396,1,,mesure_experimentale
iodp_remanence_368_14606711,368,U1502,B,CUBE8773801,0.0025379,10.9,211.7,767.73,13,5,120,0.0003052,0.120257,-0.9945,1,,mesure_experimentale
iodp_remanence_368_14606711,368,U1502,B,CUBE8773811,0.0033654,35.2,270.0,770.19,12,5,120,0.0004323,0.128454,-0.9790,1,,mesure_experimentale
iodp_remanence_368_14606711,368,U1502,B,CUBE8773861,0.0056777,-48.8,175.4,778.91,12,5,120,0.0003588,0.0631946,-1.0000,1,,mesure_experimentale
iodp_remanence_368_14606711,368,U1502,B,CUBE8773871,0.0157451,-9.5,154.3,786.74,12,5,120,0.0003167,0.0201142,-0.9930,1,,mesure_experimentale
iodp_remanence_368_14606711,368,U1502,B,CUBE8773881,0.0158194,-3.0,207.4,786.93,12,5,120,0.0012334,0.0779676,-0.9930,1,,mesure_experimentale
iodp_remanence_368_14606711,368,U1502,B,CUBE8773891,0.0679266,57.5,165.4,787.52,12,5,120,0.0076614,0.112789,-0.9930,1,,mesure_experimentale
iodp_remanence_368_14606711,368,U1502,B,CUBE8773911,0.0065236,-26.7,205.3,788.76,12,5,120,0.0033129,0.507833,-0.6364,1,,mesure_experimentale
iodp_remanence_368_14606711,368,U1502,B,CUBE8774291,0.0060873,21.4,166.0,794.36,12,5,120,0.0002432,0.039952,-0.9860,1,,mesure_experimentale
iodp_remanence_368_14606711,368,U1502,B,CUBE8774311,0.0090284,-8.7,146.7,797.92,12,5,120,0.0005324,0.0589695,-1.0000,1,,mesure_experimentale
iodp_remanence_368_14606711,368,U1502,B,CUBE8775751,0.0016419,-28.3,221.6,801.84,12,5,120,5.2e-05,0.0316706,-0.9231,1,,mesure_experimentale
iodp_remanence_368_14606711,368,U1502,B,CUBE8775761,0.0172008,57.8,193.9,803.41,12,5,120,0.0003703,0.0215281,-1.0000,1,,mesure_experimentale
iodp_remanence_368_14606711,368,U1502,B,CUBE8775771,0.0046231,-38.7,211.4,804.29,12,5,120,0.000207,0.0447752,-0.9441,1,,mesure_experimentale
iodp_remanence_368_14606711,368,U1502,B,CUBE8775781,0.0079022,-3.8,175.5,807.8,12,95,575,0.048427,6.12829,0.5105,0,,mesure_experimentale
iodp_remanence_368_14606711,368,U1502,B,CUBE8775791,0.0055668,-0.6,167.8,808.66,13,5,120,0.0010287,0.184792,-0.7582,1,,mesure_experimentale
iodp_remanence_368_14606711,368,U1502,B,CUBE8775801,0.0140384,-13.7,213.9,811.04,12,95,575,0.0596237,4.24719,0.1818,0,,mesure_experimentale
iodp_remanence_368_14606711,368,U1502,B,CUBE8776151,0.007392,-11.6,203.1,811.84,11,5,120,6.63e-05,0.00896916,-0.9182,1,,mesure_experimentale
iodp_remanence_368_14606711,368,U1502,B,CUBE8776181,0.0022506,11.5,139.2,814.1,12,5,120,0.0002965,0.131743,-0.9930,1,,mesure_experimentale
iodp_remanence_368_14606711,368,U1502,B,CUBE8776191,0.002588,-4.2,340.3,815.58,12,5,120,0.0002155,0.0832689,-0.8601,1,,mesure_experimentale
iodp_remanence_368_14606711,368,U1502,B,CUBE8776201,0.02745,34.8,189.5,819.1,12,5,120,0.0019118,0.0696466,-0.9930,1,,mesure_experimentale
iodp_remanence_368_14606711,368,U1502,B,CUBE8776241,0.0407676,-18.6,169.6,821.33,12,5,120,0.0017002,0.0417047,-1.0000,1,,mesure_experimentale
iodp_remanence_368_14606711,368,U1502,B,CUBE8776251,0.0893753,-11.9,186.4,823.41,12,5,120,0.0017815,0.0199328,-1.0000,1,,mesure_experimentale
iodp_remanence_368_14606711,368,U1502,B,CUBE8777201,1.46614,-7.9,174.3,825.29,12,5,120,0.0090058,0.00614252,-1.0000,1,,mesure_experimentale
iodp_remanence_368_14606711,368,U1502,B,CUBE8777221,0.0146086,-4.1,206.1,826.66,12,5,120,0.0013579,0.0929521,-1.0000,1,,mesure_experimentale
iodp_remanence_368_14606711,368,U1502,B,CUBE8777291,0.0969258,-8.5,178.1,836.86,12,5,120,0.0010143,0.0104647,-0.9720,1,,mesure_experimentale
iodp_remanence_368_14606711,368,U1502,B,CUBE8777311,3.06681,-6.0,179.6,837.56,12,5,120,0.0079584,0.00259501,-1.0000,1,,mesure_experimentale
iodp_remanence_368_14606711,368,U1502,B,CUBE8778201,0.0213825,19.7,206.9,851.57,13,5,120,0.0013563,0.0634304,-0.9890,1,,mesure_experimentale
iodp_remanence_368_14606711,368,U1502,B,CUBE8778221,0.0071643,3.0,212.6,851.99,12,5,120,0.0009217,0.128652,-1.0000,1,,mesure_experimentale
iodp_remanence_368_14606711,368,U1502,B,CUBE8779671,0.0017201,-0.5,179.8,857.01,13,5,120,5.6e-05,0.0325562,-0.9286,1,,mesure_experimentale
iodp_remanence_368_14606711,368,U1502,B,CUBE8779701,0.0016833,-3.8,183.7,858.44,13,5,120,0.000114,0.0677241,-0.9725,1,,mesure_experimentale
iodp_remanence_368_14606711,368,U1502,B,CUBE8779741,0.0447522,-13.4,211.3,867.34,12,5,120,0.0011671,0.0260792,-0.9301,1,,mesure_experimentale
iodp_remanence_368_14606711,368,U1502,A,CUBE8782681,0.0007727,-2.3,150.2,443.53,12,5,120,0.0001668,0.215866,-0.9860,1,,mesure_experimentale
iodp_remanence_368_14606711,368,U1502,A,CUBE8782691,0.0005186,26.1,200.3,599.83,13,5,120,6.98e-05,0.134593,-0.5495,1,,mesure_experimentale
iodp_remanence_368_14606711,368,U1502,A,CUBE8782701,0.0027848,25.9,148.2,705.9,12,5,120,0.000926,0.332519,0.0210,1,,mesure_experimentale
iodp_remanence_368_14606711,368,U1502,B,CUBE8782721,1.19203,-4.6,174.7,902.49,13,5,120,0.0046592,0.00390862,-0.8956,1,,mesure_experimentale
iodp_remanence_368_14606711,368,U1504,A,CUBE8786481,0.0117996,33.7,227.2,19.61,15,5,120,0.0005604,0.0474931,-0.9750,0,,mesure_experimentale
iodp_remanence_368_14606711,368,U1504,A,CUBE8786641,0.0181831,7.5,221.6,29.77,13,5,120,0.0012808,0.070439,-0.8901,0,,mesure_experimentale
iodp_remanence_368_14606711,368,U1504,A,CUBE8786871,0.0063013,-38.5,165.2,38.09,14,5,120,0.0010841,0.172044,-0.8593,0,,mesure_experimentale
iodp_remanence_368_14606711,368,U1504,A,CUBE8786991,0.0038184,-10.9,279.4,46.84,14,5,120,0.0008322,0.217945,0.0769,0,,mesure_experimentale
iodp_remanence_368_14606711,368,U1504,A,CUBE8787001,0.0046878,-19.7,220.2,49.78,14,5,120,0.0009233,0.196958,-0.6659,0,,mesure_experimentale
iodp_remanence_368_14606711,368,U1504,A,CUBE8787061,0.0262916,-21.9,228.0,58.1,14,5,120,0.0015403,0.0585853,-0.9253,0,,mesure_experimentale
iodp_remanence_368_14606711,368,U1504,A,CUBE8787211,0.0075715,-43.1,208.7,68.02,13,5,120,0.0012009,0.158608,-0.8901,0,,mesure_experimentale
iodp_remanence_368_14606711,368,U1504,A,CUBE8787221,0.0008621,47.4,245.4,68.94,13,5,120,0.0001265,0.146735,-0.9286,0,,mesure_experimentale
iodp_remanence_368_14606711,368,U1504,A,CUBE8787281,0.0098505,15.8,240.6,76.5,14,5,120,0.0010866,0.110309,-0.9077,0,,mesure_experimentale
iodp_remanence_368_14606711,368,U1504,A,CUBE8787411,0.0068228,-27.3,280.6,85.67,14,5,120,0.001173,0.171924,-0.8066,0,,mesure_experimentale
iodp_remanence_368_14606711,368,U1504,A,CUBE8787421,0.0047796,13.9,202.7,93.46,14,5,120,0.0005463,0.114298,-0.9165,0,,mesure_experimentale
iodp_remanence_368_14606711,368,U1504,A,CUBE8787951,0.0034519,-15.5,197.7,106.76,13,5,120,0.0009181,0.265969,-0.3681,0,,mesure_experimentale
iodp_remanence_368_14606711,368,U1504,A,CUBE8787961,0.0032827,-36.4,187.2,111.1,14,5,120,0.0013172,0.401255,-0.2440,0,,mesure_experimentale
iodp_remanence_368_14606711,368,U1505,C,CUBE8792961,0.0192086,-18.2,182.7,6.89,52,5,120,0.0003586,0.0186687,-0.9834,0,,mesure_experimentale
iodp_remanence_368_14606711,368,U1505,C,CUBE8793961,0.0239142,-18.0,197.4,14.61,52,5,120,0.0004344,0.0181649,-0.9834,0,,mesure_experimentale
iodp_remanence_368_14606711,368,U1505,C,CUBE8794161,0.0291647,-6.3,169.5,22.43,52,5,120,0.0003417,0.0117162,-0.9889,0,,mesure_experimentale
iodp_remanence_368_14606711,368,U1505,C,CUBE8795261,0.0571889,15.6,177.0,32.44,52,5,120,0.0003585,0.0062687,-0.9889,0,,mesure_experimentale
iodp_remanence_368_14606711,368,U1505,C,CUBE8796171,0.0482686,27.2,161.5,42.39,52,5,120,0.0010285,0.0213078,-0.9834,0,,mesure_experimentale
iodp_remanence_368_14606711,368,U1505,C,CUBE8796861,0.0513102,7.5,188.6,50.83,52,5,120,0.0006113,0.0119138,-0.9889,0,,mesure_experimentale
iodp_remanence_368_14606711,368,U1505,C,CUBE8797391,0.0447073,5.8,185.2,63.9,52,5,120,0.0003553,0.00794725,-0.9834,0,,mesure_experimentale
iodp_remanence_368_14606711,368,U1505,C,CUBE8798091,0.0712745,-9.9,204.3,67.63,39,5,120,0.0009575,0.013434,-0.9895,0,,mesure_experimentale
iodp_remanence_368_14606711,368,U1505,C,CUBE8798921,0.053726,1.5,183.6,79.88,52,5,120,0.0011473,0.0213547,-0.8960,0,,mesure_experimentale
iodp_remanence_368_14606711,368,U1505,C,CUBE8799431,0.0465019,3.1,199.8,86.87,39,5,120,0.0006939,0.014922,-0.9840,0,,mesure_experimentale
iodp_remanence_368_14606711,368,U1505,C,CUBE8800701,0.0362507,0.2,174.8,97.06,39,5,120,0.0072668,0.20046,-0.0439,0,,mesure_experimentale
iodp_remanence_368_14606711,368,U1505,C,CUBE8801371,0.0466275,0.7,189.4,108.16,52,5,120,0.0037447,0.080311,-0.8250,0,,mesure_experimentale
iodp_remanence_368_14606711,368,U1505,C,CUBE8801731,0.0283563,-0.4,152.7,117.56,52,5,120,0.0008726,0.0307727,-0.8960,0,,mesure_experimentale
iodp_remanence_368_14606711,368,U1505,C,CUBE8802131,0.0350333,-4.3,177.4,125.65,39,5,120,0.001424,0.040647,-0.6397,0,,mesure_experimentale
iodp_remanence_368_14606711,368,U1505,C,CUBE8802821,0.0233443,-0.4,172.6,138.63,52,5,120,0.0005141,0.0220225,-0.7485,0,,mesure_experimentale
iodp_remanence_368_14606711,368,U1505,C,CUBE8803381,0.0263327,3.0,173.0,146.32,39,5,120,0.0009414,0.0357502,-0.9184,0,,mesure_experimentale
iodp_remanence_368_14606711,368,U1505,C,CUBE8803901,0.0137831,-9.8,176.7,157.32,52,5,120,0.0008441,0.0612417,-0.5736,0,,mesure_experimentale
iodp_remanence_368_14606711,368,U1505,C,CUBE8804391,0.0186122,8.2,181.0,165.31,39,5,120,0.00071,0.038147,-0.9294,0,,mesure_experimentale
iodp_remanence_368_14606711,368,U1505,C,CUBE8805391,0.0242873,8.2,172.9,174.73,52,5,120,0.0009568,0.0393951,-0.8195,0,,mesure_experimentale
iodp_remanence_368_14606711,368,U1505,C,CUBE8805671,0.0216588,-1.2,184.1,187.04,52,5,120,0.0009117,0.0420937,-0.7758,0,,mesure_experimentale
iodp_remanence_368_14606711,368,U1505,C,CUBE8805941,0.0219428,-1.3,168.7,190.61,39,5,120,0.0008751,0.039881,-0.6397,0,,mesure_experimentale
iodp_remanence_368_14606711,368,U1505,C,CUBE8806201,0.0303938,-0.9,161.4,197.75,39,5,120,0.0008507,0.0279893,-0.8856,0,,mesure_experimentale
iodp_remanence_368_14606711,368,U1505,C,CUBE8806431,0.0215624,3.2,181.7,209.43,42,5,120,0.0003072,0.014247,-0.9421,0,,mesure_experimentale
iodp_remanence_368_14606711,368,U1505,C,CUBE8807371,0.0163653,-9.7,184.6,218.39,42,5,120,0.0003145,0.0192175,-0.9742,0,,mesure_experimentale
iodp_remanence_368_14606711,368,U1505,C,CUBE8807931,0.0225067,-5.8,175.4,226.44,42,5,120,0.000423,0.0187944,-0.9742,0,,mesure_experimentale
iodp_remanence_368_14606711,368,U1505,C,CUBE8808731,0.034954,-3.1,179.3,237.51,45,5,120,0.0003978,0.0113807,-0.7088,0,,mesure_experimentale
iodp_remanence_368_14606711,368,U1505,C,CUBE8808931,0.0084651,6.2,176.5,246.65,42,5,120,0.0002977,0.0351679,-0.9232,0,,mesure_experimentale
iodp_remanence_368_14606711,368,U1505,C,CUBE8809141,0.0308136,-12.7,176.6,255.81,42,5,120,0.0003943,0.0127963,-0.9611,0,,mesure_experimentale
iodp_remanence_368_14606711,368,U1505,C,CUBE8809681,0.0012155,-1.9,188.3,265.6,42,5,120,3.17e-05,0.0260798,-0.3033,0,,mesure_experimentale
iodp_remanence_368_14606711,368,U1505,C,CUBE8810061,0.0006536,2.5,179.6,274.47,42,5,120,2.32e-05,0.0354957,-0.5994,0,,mesure_experimentale
iodp_remanence_368_14606711,368,U1505,C,CUBE8810421,0.0028328,-2.8,175.3,281.84,36,10,120,1.99e-05,0.00702485,-0.4445,0,,mesure_experimentale
iodp_remanence_368_14606711,368,U1505,C,CUBE8810491,0.001488,4.1,168.2,290.52,45,5,120,7.45e-05,0.0500672,-0.3661,0,,mesure_experimentale
iodp_remanence_368_14606711,368,U1505,C,CUBE8811261,0.0033189,-4.5,175.8,298.85,42,5,120,7.26e-05,0.0218747,-0.4710,0,,mesure_experimentale
iodp_remanence_368_14606711,368,U1505,C,CUBE8811731,0.0296761,-0.6,170.9,308.09,42,5,120,0.0005125,0.0172698,-0.8648,0,,mesure_experimentale
iodp_remanence_368_14606711,368,U1505,C,CUBE8811741,0.0157919,0.1,179.1,309.87,42,5,120,0.0003252,0.0205928,-0.6854,0,,mesure_experimentale
iodp_remanence_368_14606711,368,U1505,C,CUBE8812411,0.0013156,3.1,171.7,317.41,42,5,120,3.1e-05,0.0235634,-0.8751,0,,mesure_experimentale
iodp_remanence_368_14606711,368,U1505,C,CUBE8812491,0.0020772,-0.7,171.8,330.68,42,5,120,5.56e-05,0.0267668,-0.6446,0,,mesure_experimentale
iodp_remanence_368_14606711,368,U1505,C,CUBE8812861,0.0007935,-8.5,166.4,339.08,42,5,120,1.76e-05,0.0221802,-0.7248,0,,mesure_experimentale
iodp_remanence_368_14606711,368,U1505,C,CUBE8812881,0.0012199,-2.3,183.2,337.01,42,5,120,3.17e-05,0.0259857,-0.8678,0,,mesure_experimentale
iodp_remanence_368_14606711,368,U1505,C,CUBE8813091,0.0002344,5.7,263.2,348.43,45,5,120,1.72e-05,0.0733788,-0.3744,0,,mesure_experimentale
iodp_remanence_368_14606711,368,U1505,C,CUBE8813441,0.0003268,5.8,161.9,356.09,42,5,120,2.86e-05,0.0875153,-0.0947,0,,mesure_experimentale
iodp_remanence_368_14606711,368,U1505,C,CUBE8813511,0.0004203,-20.3,181.6,366.86,42,5,120,3.2e-05,0.0761361,-0.6862,0,,mesure_experimentale
iodp_remanence_368_14606711,368,U1505,C,CUBE8814141,0.0005754,-13.9,153.1,377.26,39,5,120,1.73e-05,0.030066,-0.7162,0,,mesure_experimentale
iodp_remanence_368_14606711,368,U1505,C,CUBE8814641,0.0008105,-12.8,166.9,379.64,39,5,120,1.87e-05,0.0230722,-0.8911,0,,mesure_experimentale
iodp_remanence_368_14606711,368,U1505,C,CUBE8814891,0.0012979,-12.2,184.8,386.04,39,5,120,7.27e-05,0.0560136,-0.8583,0,,mesure_experimentale
iodp_remanence_368_14606711,368,U1505,C,CUBE8814901,0.0007191,-13.6,180.2,393.25,42,5,120,5.84e-05,0.0812126,-0.8269,0,,mesure_experimentale
iodp_remanence_368_14606711,368,U1505,C,CUBE8815111,9.58e-05,-8.3,202.5,400.12,39,5,120,1.38e-05,0.14405,-0.2626,0,,mesure_experimentale
iodp_remanence_368_14606711,368,U1505,C,CUBE8815441,0.0002409,-1.0,157.8,411.19,36,10,120,4.62e-05,0.191781,0.4093,0,,mesure_experimentale
iodp_remanence_368_14606711,368,U1505,C,CUBE8816091,0.0001934,14.2,205.6,417.13,39,5,120,2.52e-05,0.1303,-0.5632,0,,mesure_experimentale
iodp_remanence_368_14606711,368,U1505,C,CUBE8816481,0.0004354,10.7,190.2,428.34,39,5,120,4.58e-05,0.105191,-0.3828,0,,mesure_experimentale
iodp_remanence_368_14606711,368,U1505,C,CUBE8816891,0.0003591,13.4,177.2,432.64,39,5,120,5.75e-05,0.160123,-0.4702,0,,mesure_experimentale
iodp_remanence_368_14606711,368,U1505,C,CUBE8817651,0.0003882,-1.9,155.5,445.17,39,5,120,2.08e-05,0.0535806,-0.6506,0,,mesure_experimentale
iodp_remanence_368_14606711,368,U1505,C,CUBE8818181,0.0011673,1.9,177.0,455.08,42,5,120,1.94e-05,0.0166195,-0.7744,0,,mesure_experimentale
iodp_remanence_368_14606711,368,U1505,C,CUBE8818261,0.0003931,-36.3,185.8,466.32,39,5,120,3.09e-05,0.078606,-0.7490,0,,mesure_experimentale
iodp_remanence_368_14606711,368,U1505,C,CUBE8818321,0.0003381,3.9,92.4,472.45,39,5,120,2.1e-05,0.0621118,-0.6233,0,,mesure_experimentale
iodp_remanence_368_14606711,368,U1504,B,CUBE8825241,0.0021566,5.5,185.7,90.27,14,5,120,0.0002011,0.0932486,-0.9604,0,,mesure_experimentale
iodp_remanence_368_14606711,368,U1504,B,CUBE8827851,0.0001328,-44.1,136.6,137.4,8,5,50,4.08e-05,0.307229,-0.8810,0,,mesure_experimentale
iodp_remanence_368_14606711,368,U1504,B,CUBE8829621,0.0001762,-59.6,188.4,167.84,13,5,120,0.000149,0.84563,-0.3132,0,,mesure_experimentale
iodp_remanence_368_14606711,368,U1502,B,OTHR8772181,0.0003016,71.5,336.6,728.24,3,30,120,0.0001495,0.49569,0.5000,1,,mesure_experimentale
iodp_remanence_368_14606711,368,U1502,B,OTHR8772191,0.0005911,9.4,172.4,735.83,12,5,120,6.58e-05,0.111318,-0.9510,1,,mesure_experimentale
iodp_remanence_368_14606711,368,U1502,B,OTHR8772201,5.67e-05,53.6,171.8,736.18,11,5,120,2.09e-05,0.368607,-0.9455,1,,mesure_experimentale
iodp_remanence_368_14606711,368,U1502,B,OTHR8772211,1.82e-05,-33.6,310.7,738.98,12,5,120,1.49e-05,0.818681,-0.0280,1,,mesure_experimentale
iodp_remanence_368_14606711,368,U1502,B,OTHR8772221,0.0052616,-79.3,97.1,739.24,12,5,120,0.0001352,0.0256956,-0.9650,1,,mesure_experimentale
iodp_remanence_368_14606711,368,U1502,B,OTHR8772231,0.0083129,61.3,289.8,739.43,12,5,120,0.0005227,0.0628782,-0.9301,1,,mesure_experimentale
iodp_remanence_368_14606711,368,U1502,B,OTHR8772241,0.0014792,12.5,144.0,740.27,12,5,120,7.6e-05,0.0513791,-1.0000,1,,mesure_experimentale
iodp_remanence_368_14606711,368,U1502,B,OTHR8772251,0.0013445,67.7,93.5,749.4,12,5,120,7.72e-05,0.0574191,-0.8811,1,,mesure_experimentale
iodp_remanence_368_14606711,368,U1502,B,OTHR8772261,0.0011603,-8.5,287.4,749.75,12,5,120,0.0001082,0.0932517,-0.9860,1,,mesure_experimentale
iodp_remanence_368_14606711,368,U1502,B,OTHR8772271,0.0017288,-11.7,139.7,727.83,12,5,120,0.0009812,0.567561,-0.9930,1,,mesure_experimentale
iodp_remanence_368_14606711,368,U1502,B,OTHR8772281,0.385526,-29.7,99.8,728.02,12,5,120,0.0055912,0.0145028,-0.8811,1,,mesure_experimentale
iodp_remanence_368_14606711,368,U1502,B,OTHR8777211,1.82713,-28.3,176.9,825.29,12,95,575,0.0778331,0.0425985,-1.0000,0,,mesure_experimentale
iodp_remanence_368_14606711,368,U1502,B,OTHR8777231,0.0110748,-23.9,199.4,826.66,12,95,575,0.0049856,0.450175,-0.9510,0,,mesure_experimentale
iodp_remanence_368_14606711,368,U1502,B,OTHR8777301,0.0030402,-26.8,172.4,836.86,13,95,575,0.0390282,12.8374,0.6099,0,,mesure_experimentale
iodp_remanence_368_14606711,368,U1502,B,OTHR8777321,2.52901,-16.1,175.1,837.56,12,95,575,0.131171,0.0518664,-0.9301,0,,mesure_experimentale
iodp_remanence_368_14606711,368,U1502,B,OTHR8778211,0.0084867,-18.1,195.4,851.57,14,95,575,0.0002364,0.0278554,-0.9692,0,,mesure_experimentale
iodp_remanence_368_14606711,368,U1502,B,OTHR8778231,0.0048193,-3.7,213.3,851.99,13,95,575,0.0005219,0.108294,-0.8352,0,,mesure_experimentale
iodp_remanence_368_14606711,368,U1502,B,OTHR8781671,0.0080923,-15.8,199.5,868.37,12,5,120,0.0002526,0.0312149,-1.0000,1,,mesure_experimentale
iodp_remanence_368_14606711,368,U1502,B,OTHR8781681,0.0041258,-7.6,157.3,870.11,12,5,120,0.0003513,0.0851471,-0.9790,1,,mesure_experimentale
iodp_remanence_368_14606711,368,U1502,B,OTHR8781691,0.0012647,22.5,226.2,870.77,13,5,120,6.79e-05,0.0536886,-0.9945,1,,mesure_experimentale
iodp_remanence_368_14606711,368,U1502,B,OTHR8782671,1.09622,62.4,234.5,920.62,8,5,60,0.004932,0.00449911,-1.0000,0,,mesure_experimentale
iodp_remanence_368_14606711,368,U1502,B,OTHR8782711,0.0001898,-9.6,173.8,901.75,13,5,120,4.52e-05,0.238145,-0.5934,1,,mesure_experimentale
iodp_remanence_368_19635397,368X,U1503,A,CUBE9694151,0.002359,51.3,160.5,996.47,12,2.5,60,0.001285,0.544722,-0.7483,0,,mesure_experimentale
iodp_remanence_368_19635397,368X,U1503,A,CUBE9694201,0.005999,-16.3,194.3,1000.87,8,2.5,30,0.000806,0.134356,-0.8810,0,,mesure_experimentale
iodp_remanence_368_19635397,368X,U1503,A,CUBE9694211,0.00825,24.0,108.5,1010.26,13,2.5,70,0.002656,0.321939,-0.9560,0,,mesure_experimentale
iodp_remanence_368_19635397,368X,U1503,A,CUBE9694431,0.004985,-23.1,90.0,1021.97,13,2.5,70,0.000829,0.166299,-0.8901,0,,mesure_experimentale
iodp_remanence_368_19635397,368X,U1503,A,CUBE9694451,0.002809,-58.7,122.5,1027.22,13,2.5,70,0.000129,0.0459238,-0.6593,0,,mesure_experimentale
iodp_remanence_368_19635397,368X,U1503,A,CUBE9694681,0.003205,-24.5,15.9,1031.035,11,2.5,50,0.001051,0.327925,-0.8182,0,,mesure_experimentale
iodp_remanence_368_19635397,368X,U1503,A,CUBE9694771,0.001513,-40.9,91.4,1049.31,13,2.5,70,0.001809,1.19564,-0.1319,0,,mesure_experimentale
iodp_remanence_368_19635397,368X,U1503,A,CUBE9694861,0.023181,-61.4,123.8,1061.25,13,2.5,70,0.006058,0.261335,-0.9945,0,,mesure_experimentale
iodp_remanence_368_19635397,368X,U1503,A,CUBE9695531,0.014432,-72.5,199.5,1087.22,13,2.5,70,0.003232,0.223947,-0.9835,0,,mesure_experimentale
iodp_remanence_368_19635397,368X,U1503,A,CUBE9695641,0.016072,-71.1,55.3,1097.47,13,2.5,70,0.004654,0.289572,-0.9286,0,,mesure_experimentale
iodp_remanence_368_19635397,368X,U1503,A,CUBE9695651,0.015188,-84.7,147.5,1115.895,14,2.5,80,0.001854,0.12207,-0.9956,0,,mesure_experimentale
iodp_remanence_368_19635397,368X,U1503,A,CUBE9695711,0.012763,-67.2,180.7,1128.74,8,2.5,30,0.003562,0.279088,-0.7619,0,,mesure_experimentale
iodp_remanence_368_19635397,368X,U1503,A,CUBE9695751,0.001729,59.6,214.1,1136.035,13,2.5,70,0.000552,0.31926,-0.9945,0,,mesure_experimentale
iodp_remanence_368_19635397,368X,U1503,A,CUBE9695981,0.00632,-25.2,242.2,1173.87,8,2.5,30,0.001844,0.291772,-0.8333,0,,mesure_experimentale
iodp_remanence_368_19635397,368X,U1503,A,CUBE9696621,0.002374,-7.0,207.7,1182.88,13,2.5,70,0.000182,0.0766639,-0.5604,0,,mesure_experimentale
iodp_remanence_368_19635397,368X,U1503,A,CUBE9696631,0.00291,-50.8,95.8,1194.58,13,2.5,70,0.002393,0.822337,-0.3846,0,,mesure_experimentale
iodp_remanence_368_19635397,368X,U1503,A,CUBE9696711,0.030649,-38.3,112.8,1202.61,13,2.5,70,0.00357,0.11648,-1.0000,0,,mesure_experimentale
iodp_remanence_368_19635397,368X,U1503,A,CUBE9696851,0.01082,55.8,212.1,1221.66,10,2.5,40,0.001859,0.171811,-0.8667,0,,mesure_experimentale
iodp_remanence_368_19635397,368X,U1503,A,CUBE9696861,0.015085,-19.3,241.7,1230.91,13,2.5,70,0.002122,0.14067,-0.9945,0,,mesure_experimentale
iodp_remanence_368_19635397,368X,U1503,A,CUBE9696871,0.011724,69.3,170.1,1241.395,10,2.5,40,0.003093,0.263818,-0.9879,0,,mesure_experimentale
iodp_remanence_368_19635397,368X,U1503,A,CUBE9697221,0.005372,-32.6,24.1,1260.23,14,2.5,80,0.001243,0.231385,-0.9956,0,,mesure_experimentale
iodp_remanence_368_19635397,368X,U1503,A,CUBE9697231,0.003661,-2.6,113.4,1270.17,14,2.5,80,0.001166,0.318492,-0.9956,0,,mesure_experimentale
iodp_remanence_368_19635397,368X,U1503,A,CUBE9697601,0.001766,-37.8,208.6,1317.095,14,2.5,80,0.000856,0.484711,-0.6835,0,,mesure_experimentale
iodp_remanence_368_19635397,368X,U1503,A,CUBE9698171,0.00674,-81.6,241.6,1360.525,14,2.5,80,0.000725,0.107567,-0.8154,0,,mesure_experimentale
iodp_remanence_368_19635397,368X,U1503,A,CUBE9698201,0.000449,12.0,147.5,1357.46,12,2.5,60,7e-05,0.155902,-0.9860,0,,mesure_experimentale
iodp_remanence_368_19635397,368X,U1503,A,CUBE9698361,0.003214,17.2,241.0,1367.16,14,2.5,80,0.001062,0.330429,-0.9824,0,,mesure_experimentale
iodp_remanence_368_19635397,368X,U1503,A,CUBE9698371,0.000802,8.4,154.4,1369.55,12,2.5,60,0.000243,0.302993,-0.9441,0,,mesure_experimentale
iodp_remanence_368_19635397,368X,U1503,A,CUBE9698871,0.000404,-12.4,154.1,1375.61,14,2.5,80,0.00011,0.272277,-0.9516,0,,mesure_experimentale
iodp_remanence_368_19635397,368X,U1503,A,CUBE9698881,0.000487,-52.6,150.1,1384.485,8,2.5,30,3e-05,0.0616016,-0.9762,0,,mesure_experimentale
iodp_remanence_368_19635397,368X,U1503,A,CUBE9698971,0.001263,70.6,161.5,1404.66,12,2.5,60,0.000223,0.176564,-1.0000,0,,mesure_experimentale
iodp_remanence_368_19635397,368X,U1503,A,CUBE9698981,0.000762,36.3,230.6,1413.1,12,2.5,60,0.000195,0.255906,-0.9790,0,,mesure_experimentale
iodp_remanence_368_19635397,368X,U1503,A,CUBE9699151,0.000283,1.6,157.0,1425.405,8,2.5,30,0.00019,0.671378,-0.5476,0,,mesure_experimentale
iodp_remanence_368_19635397,368X,U1503,A,CUBE9699331,0.001311,-56.8,164.2,1433.21,15,2.5,100,0.000163,0.124333,-0.9893,0,,mesure_experimentale
iodp_remanence_368_19635397,368X,U1503,A,CUBE9699841,0.000498,-3.1,257.2,1444.625,13,2.5,70,1.8e-05,0.0361446,-0.8901,0,,mesure_experimentale
iodp_remanence_368_19635397,368X,U1503,A,CUBE9699871,0.001892,-74.6,182.6,1454.52,13,2.5,70,0.000224,0.118393,-0.9945,0,,mesure_experimentale
iodp_remanence_368_19635397,368X,U1503,A,CUBE9700271,0.00262,0.1,202.4,1472.9,13,2.5,70,0.001682,0.641985,-0.5440,0,,mesure_experimentale
iodp_remanence_368_19635397,368X,U1503,A,CUBE9700281,0.001367,-39.6,186.0,1463.405,11,2.5,50,0.000687,0.50256,-0.9091,0,,mesure_experimentale
iodp_remanence_368_19635397,368X,U1503,A,CUBE9700331,0.000762,23.1,161.4,1482.18,10,2.5,40,0.000189,0.248031,-0.8545,0,,mesure_experimentale
iodp_remanence_368_19635397,368X,U1503,A,CUBE9700521,0.008656,-21.7,210.9,1494.86,13,2.5,70,0.001152,0.133087,-0.7802,0,,mesure_experimentale
iodp_remanence_368_19635397,368X,U1503,A,CUBE9700821,0.015611,36.4,215.9,1502.47,11,2.5,50,0.006979,0.447057,-0.7455,0,,mesure_experimentale
iodp_remanence_368_19635397,368X,U1503,A,CUBE9700871,0.025409,-80.0,142.0,1510.9,12,2.5,60,0.006408,0.252194,-0.9930,0,,mesure_experimentale
iodp_remanence_368_19635397,368X,U1503,A,CUBE9700911,0.019121,-28.7,121.1,1518.885,9,2.5,35,0.005229,0.273469,-0.9500,0,,mesure_experimentale
iodp_remanence_368_19635397,368X,U1503,A,CUBE9703531,8.1039,48.5,239.8,1605.09,11,2,40,0.096135,0.0118628,-1.0000,0,,mesure_experimentale
iodp_remanence_368_19635397,368X,U1503,A,CUBE9703541,1.95203,24.5,9.2,1611.1,11,2,40,0.063896,0.0327331,-1.0000,0,,mesure_experimentale
iodp_remanence_368_19635397,368X,U1503,A,CUBE9703551,1.13815,29.1,346.5,1614.79,11,2,40,0.022564,0.0198252,-1.0000,0,,mesure_experimentale
iodp_remanence_368_19635397,368X,U1503,A,CUBE9703561,0.298067,2.6,165.2,1620.53,11,2,40,0.060452,0.202813,-0.6364,0,,mesure_experimentale
iodp_remanence_368_19635397,368X,U1503,A,CUBE9703571,0.256745,11.2,72.2,1624.01,9,2,30,0.030515,0.118853,-0.9667,0,,mesure_experimentale
iodp_remanence_368_19635397,368X,U1503,A,CUBE9703581,0.664981,-71.3,4.4,1628.28,9,2,30,0.088913,0.133708,-0.7500,0,,mesure_experimentale
iodp_remanence_368_19635397,368X,U1503,A,CUBE9704971,0.661393,69.2,187.5,1634.44,9,2,30,0.036711,0.0555056,-0.9833,0,,mesure_experimentale
iodp_remanence_368_19635397,368X,U1503,A,CUBE9704981,1.13357,50.2,109.3,1639.58,9,2,30,0.033641,0.0296771,-1.0000,0,,mesure_experimentale
iodp_remanence_368_19635397,368X,U1503,A,CUBE9704991,2.1005,-62.4,136.2,1646.01,9,2,30,0.133077,0.063355,-0.9833,0,,mesure_experimentale
iodp_remanence_368_19635397,368X,U1503,A,CUBE9706181,3.7077,-10.1,169.8,1654.52,9,2,30,0.064954,0.0175187,-0.9833,0,,mesure_experimentale
iodp_remanence_368_19635397,368X,U1503,A,CUBE9706191,7.10579,-63.3,300.6,1660.07,9,2,30,0.302524,0.0425743,-1.0000,0,,mesure_experimentale
iodp_remanence_368_19635397,368X,U1503,A,CUBE9706851,0.839472,28.4,269.0,1648.29,9,2,30,0.033665,0.0401026,-0.9667,0,,mesure_experimentale
iodp_remanence_368_19635397,368X,U1503,A,CUBE9706861,4.38566,22.1,287.2,1663.11,9,2,30,0.194204,0.0442816,-1.0000,0,,mesure_experimentale
iodp_remanence_368_19635397,368X,U1503,A,CUBE9707631,3.68352,78.8,30.8,1667.26,11,2,40,0.076281,0.0207087,-1.0000,0,,mesure_experimentale
iodp_remanence_368_19635397,368X,U1503,A,CUBE9707721,3.04782,-80.8,102.7,1673.74,11,2,40,0.107485,0.0352662,-1.0000,0,,mesure_experimentale
iodp_remanence_368_19635397,368X,U1503,A,CUBE9709231,4.26246,25.3,75.7,1678.36,9,2,30,0.101982,0.0239256,-0.9833,0,,mesure_experimentale
iodp_remanence_368_19635397,368X,U1503,A,CUBE9709241,1.82392,20.8,108.5,1682.23,8,2,30,0.04122,0.0225997,-1.0000,0,,mesure_experimentale
iodp_remanence_368_19635397,368X,U1503,A,CUBE9709251,2.35134,-17.8,216.7,1692.28,9,2,30,0.202952,0.0863132,-0.9833,0,,mesure_experimentale
iodp_remanence_368_19635397,368X,U1503,A,CUBE9709261,2.53393,-60.4,197.6,1702.15,11,2,40,0.100469,0.0396495,-1.0000,0,,mesure_experimentale
iodp_remanence_369_8011389,369,U1513,A,CUBE9084761,0.000628,-19.3,143.6,2.25,49,5,60,3.6e-05,0.0573248,-0.9600,0,,mesure_experimentale
iodp_remanence_369_8011389,369,U1513,A,CUBE9085181,7.6e-05,-63.1,151.5,7.58,56,5,80,3.9e-05,0.513158,-0.6411,0,,mesure_experimentale
iodp_remanence_369_8011389,369,U1513,A,CUBE9085191,0.000111,-44.2,184.6,10.71,56,5,80,1e-05,0.0900901,-0.9225,0,,mesure_experimentale
iodp_remanence_369_8011389,369,U1513,A,CUBE9085201,6.5e-05,-73.5,180.2,12.2,56,5,80,1.1e-05,0.169231,-0.9694,0,,mesure_experimentale
iodp_remanence_369_8011389,369,U1513,A,CUBE9085211,0.000213,28.0,242.4,13.1,56,5,80,9.5e-05,0.446009,-0.9225,0,,mesure_experimentale
iodp_remanence_369_8011389,369,U1513,A,CUBE9085701,7.4e-05,-39.9,165.9,19.5,56,5,80,1.3e-05,0.175676,-0.8522,0,,mesure_experimentale
iodp_remanence_369_8011389,369,U1513,A,CUBE9085831,0.007315,-13.7,184.0,30.46,72,5,80,0.000358,0.0489405,-0.9691,0,,mesure_experimentale
iodp_remanence_369_8011389,369,U1513,A,CUBE9086011,0.004921,-9.5,142.4,38.93,56,5,80,0.000254,0.0516155,-0.9694,0,,mesure_experimentale
iodp_remanence_369_8011389,369,U1513,A,CUBE9086121,0.004719,-8.1,171.1,52.06,63,5,80,0.000297,0.0629371,0.0736,0,,mesure_experimentale
iodp_remanence_369_8011389,369,U1513,A,CUBE9086631,0.008005,-2.5,186.8,53.6,56,5,80,0.000414,0.0517177,-0.6880,0,,mesure_experimentale
iodp_remanence_369_8011389,369,U1513,A,CUBE9087791,3e-05,4.4,21.4,65.95,56,5,80,2.7e-05,0.9,-0.8287,0,,mesure_experimentale
iodp_remanence_369_8011389,369,U1513,A,CUBE9088381,8.5e-05,59.9,124.4,82.85,56,5,80,1.5e-05,0.176471,-0.9694,0,,mesure_experimentale
iodp_remanence_369_8011389,369,U1513,A,CUBE9088481,0.000512,-24.3,143.2,88.57,56,5,80,1.9e-05,0.0371094,-0.9459,0,,mesure_experimentale
iodp_remanence_369_8011389,369,U1513,A,CUBE9089151,8.5e-05,-28.2,169.7,94.95,49,5,60,4e-05,0.470588,-0.0500,0,,mesure_experimentale
iodp_remanence_369_8011389,369,U1513,A,CUBE9089751,3.5e-05,-12.4,9.3,96.45,49,5,60,2.2e-05,0.628571,-0.9250,0,,mesure_experimentale
iodp_remanence_369_8011389,369,U1513,A,CUBE9090781,4.2e-05,-41.7,10.2,127.8,49,5,60,2.3e-05,0.547619,-0.2950,0,,mesure_experimentale
iodp_remanence_369_8011389,369,U1513,A,CUBE9091621,6.7e-05,18.6,324.1,149.63,49,5,60,5.3e-05,0.791045,-0.5050,0,,mesure_experimentale
iodp_remanence_369_8011389,369,U1513,A,CUBE9093251,0.00011,-62.6,359.5,173.87,49,5,60,5.6e-05,0.509091,-0.7150,0,,mesure_experimentale
iodp_remanence_376_19739304,376,U1528,D,CAKE9633251,0.002775,-37.3,120.6,145.08,10,200,700,0.005456,1.96613,0.7091,10,1.0000,mesure_experimentale
iodp_remanence_376_19739304,376,U1527,A,CUBE9598091,1.52557,-55.8,341.8,38.97,30,5,580,0.560753,0.36757,-0.0398,17,0.4265,mesure_experimentale
iodp_remanence_376_19739304,376,U1527,A,CUBE9598121,1.09753,-61.9,154.5,49.2,30,5,580,0.178055,0.162233,-0.0950,17,0.4902,mesure_experimentale
iodp_remanence_376_19739304,376,U1527,A,CUBE9598141,339.07,-67.9,79.3,49.35,17,110,610,0.01904,5.61537e-05,-0.6225,7,1.0000,mesure_experimentale
iodp_remanence_376_19739304,376,U1527,A,CUBE9598161,9.1781,-55.4,295.4,49.6,30,5,580,0.125234,0.0136449,-0.1386,17,0.5539,mesure_experimentale
iodp_remanence_376_19739304,376,U1527,A,CUBE9598171,154.501,-70.5,77.5,38.86,17,110,610,0.051274,0.000331869,-0.6716,7,1.0000,mesure_experimentale
iodp_remanence_376_19739304,376,U1527,A,CUBE9598181,357.703,-66.5,81.3,48.75,17,110,610,0.05294,0.000148,-0.6863,7,0.9643,mesure_experimentale
iodp_remanence_376_19739304,376,U1527,C,CUBE9604061,0.009786,-75.5,200.1,185.5,16,2.5,80,0.003779,0.386164,-1.0000,15,0.9679,mesure_experimentale
iodp_remanence_376_19739304,376,U1527,C,CUBE9604101,0.300769,-46.6,260.5,186.6,18,110,650,0.000866,0.00287929,-0.9649,10,1.0000,mesure_experimentale
iodp_remanence_376_19739304,376,U1527,C,CUBE9604111,0.007073,-81.4,286.7,187.04,28,2.5,610,0.085946,12.1513,0.3744,26,0.8865,mesure_experimentale
iodp_remanence_376_19739304,376,U1527,C,CUBE9604181,0.1444,-21.3,148.6,187.58,19,110,650,0.002208,0.0152909,-0.9684,0,,mesure_experimentale
iodp_remanence_376_19739304,376,U1527,C,CUBE9604191,0.383449,59.5,193.4,195.58,19,110,650,0.005536,0.0144374,-0.8789,0,,mesure_experimentale
iodp_remanence_376_19739304,376,U1527,C,CUBE9604241,0.235241,67.8,35.3,196.89,16,110,650,0.006486,0.0275717,-0.8618,10,1.0000,mesure_experimentale
iodp_remanence_376_19739304,376,U1527,C,CUBE9604281,0.315058,54.7,161.8,200.09,16,2.5,80,0.005535,0.0175682,-1.0000,15,0.9679,mesure_experimentale
iodp_remanence_376_19739304,376,U1527,C,CUBE9604321,0.172195,3.4,197.5,202.74,16,2.5,80,0.018221,0.105816,-0.9912,15,0.9964,mesure_experimentale
iodp_remanence_376_19739304,376,U1527,C,CUBE9604351,0.281686,21.6,97.4,203.35,19,110,650,0.010671,0.0378826,-0.9263,0,,mesure_experimentale
iodp_remanence_376_19739304,376,U1527,C,CUBE9604421,0.289559,38.0,63.7,201.35,14,110,650,0.013017,0.0449546,-0.9912,0,,mesure_experimentale
iodp_remanence_376_19739304,376,U1527,C,CUBE9604441,0.120696,3.4,141.5,187.97,15,2.5,80,0.006379,0.0528518,-1.0000,15,0.9571,mesure_experimentale
iodp_remanence_376_19739304,376,U1527,C,CUBE9605511,0.299149,-27.2,227.6,204.92,12,110,610,0.039459,0.131904,-0.9580,10,1.0000,mesure_experimentale
iodp_remanence_376_19739304,376,U1527,C,CUBE9605551,0.226737,-12.1,211.9,205.46,12,110,610,0.009818,0.0433013,-0.9860,0,,mesure_experimentale
iodp_remanence_376_19739304,376,U1527,C,CUBE9605581,0.001951,56.2,290.6,207.05,21,5,610,0.258241,132.363,0.4468,19,0.9018,mesure_experimentale
iodp_remanence_376_19739304,376,U1527,C,CUBE9605651,0.001624,-61.9,230.9,209.45,9,5,70,0.002543,1.56589,-1.0000,8,0.9048,mesure_experimentale
iodp_remanence_376_19739304,376,U1527,C,CUBE9605671,0.60719,54.6,259.5,210.94,9,5,70,0.013655,0.0224888,-1.0000,8,0.9762,mesure_experimentale
iodp_remanence_376_19739304,376,U1527,C,CUBE9605721,0.674788,-58.0,169.2,211.56,12,110,610,0.017907,0.0265372,-0.9930,0,,mesure_experimentale
iodp_remanence_376_19739304,376,U1527,C,CUBE9605741,0.121518,-1.7,202.5,212.21,12,110,610,0.015988,0.131569,-0.9860,10,1.0000,mesure_experimentale
iodp_remanence_376_19739304,376,U1527,C,CUBE9605771,0.450317,64.8,197.3,214.24,12,110,610,0.011282,0.0250535,-0.9231,0,,mesure_experimentale
iodp_remanence_376_19739304,376,U1527,C,CUBE9605781,0.147938,-4.0,39.6,214.64,12,110,610,0.013567,0.0917073,-0.9720,9,1.0000,mesure_experimentale
iodp_remanence_376_19739304,376,U1527,C,CUBE9605821,0.168111,48.3,0.3,219.15,12,110,610,0.005711,0.0339716,-0.9790,0,,mesure_experimentale
iodp_remanence_376_19739304,376,U1527,C,CUBE9605851,0.201854,-39.4,287.6,220.39,12,110,610,0.010109,0.0500808,-0.9930,10,1.0000,mesure_experimentale
iodp_remanence_376_19739304,376,U1527,C,CUBE9605881,0.012772,1.1,256.5,221.11,9,5,70,0.000976,0.0764172,-1.0000,8,0.9286,mesure_experimentale
iodp_remanence_376_19739304,376,U1527,C,CUBE9605901,0.002654,-68.3,152.0,223.97,9,5,70,0.004877,1.8376,-1.0000,8,1.0000,mesure_experimentale
iodp_remanence_376_19739304,376,U1527,C,CUBE9605951,0.127434,1.2,117.8,224.95,12,110,610,0.003453,0.0270964,-0.9860,0,,mesure_experimentale
iodp_remanence_376_19739304,376,U1527,C,CUBE9605971,0.053288,-46.8,125.9,225.34,12,110,610,0.005231,0.0981647,-0.9720,0,,mesure_experimentale
iodp_remanence_376_19739304,376,U1527,C,CUBE9605991,0.002403,-74.2,90.3,225.76,9,5,70,0.007245,3.01498,-1.0000,8,1.0000,mesure_experimentale
iodp_remanence_376_19739304,376,U1527,C,CUBE9606021,0.930534,-60.3,249.7,228.73,12,110,610,0.004951,0.0053206,-0.9860,0,,mesure_experimentale
iodp_remanence_376_19739304,376,U1527,C,CUBE9606041,0.529113,19.8,4.8,229.64,12,110,610,0.005578,0.0105422,-0.9930,0,,mesure_experimentale
iodp_remanence_376_19739304,376,U1527,C,CUBE9606071,0.000627,-27.7,120.5,230.12,20,5,610,0.020682,32.9856,0.4602,19,0.9316,mesure_experimentale
iodp_remanence_376_19739304,376,U1527,C,CUBE9606121,0.01867,3.6,275.5,234.21,11,110,610,0.004867,0.260686,-0.7545,10,1.0000,mesure_experimentale
iodp_remanence_376_19739304,376,U1528,A,CUBE9609311,0.063238,-63.0,121.9,45.24,19,105,700,0.000366,0.00578766,-0.9772,10,1.0000,mesure_experimentale
iodp_remanence_376_19739304,376,U1528,A,CUBE9609361,0.010274,-58.4,249.1,46.05,19,105,700,5.4e-05,0.00525599,-0.9702,10,1.0000,mesure_experimentale
iodp_remanence_376_19739304,376,U1528,A,CUBE9609371,0.111526,-60.0,110.0,46.38,18,5,200,0.000948,0.00850026,-1.0000,14,1.0000,mesure_experimentale
iodp_remanence_376_19739304,376,U1528,A,CUBE9609411,0.040027,-56.6,18.6,50.71,18,5,200,0.000635,0.0158643,-1.0000,14,1.0000,mesure_experimentale
iodp_remanence_376_19739304,376,U1528,A,CUBE9609541,0.078147,-60.9,195.5,45.84,18,5,200,0.00062,0.00793377,-1.0000,14,0.9956,mesure_experimentale
iodp_remanence_376_19739304,376,U1528,A,CUBE9609631,0.007014,-57.4,202.5,74.05,18,5,200,0.000277,0.0394924,-1.0000,14,1.0000,mesure_experimentale
iodp_remanence_376_19739304,376,U1528,A,CUBE9609721,0.001543,-55.5,135.9,78.91,19,105,700,0.000722,0.46792,0.3526,10,1.0000,mesure_experimentale
iodp_remanence_376_19739304,376,U1528,A,CUBE9609831,0.026578,-57.5,355.1,55.04,18,5,200,0.000415,0.0156144,-1.0000,14,1.0000,mesure_experimentale
iodp_remanence_376_19739304,376,U1528,A,CUBE9609841,0.072686,-58.6,66.3,56.23,18,5,200,0.001348,0.0185455,-1.0000,14,1.0000,mesure_experimentale
iodp_remanence_376_19739304,376,U1528,A,CUBE9609851,0.034497,-58.8,71.8,57.23,19,105,700,0.000109,0.0031597,-0.9895,10,1.0000,mesure_experimentale
iodp_remanence_376_19739304,376,U1528,A,CUBE9609861,0.052124,-56.5,134.5,60.2,19,105,700,0.000781,0.0149835,-0.9368,10,1.0000,mesure_experimentale
iodp_remanence_376_19739304,376,U1528,A,CUBE9609871,0.02323,-55.7,26.8,61.64,19,105,700,0.000129,0.00555316,-0.9421,10,1.0000,mesure_experimentale
iodp_remanence_376_19739304,376,U1528,A,CUBE9609881,0.002606,-60.4,150.5,74.58,19,105,700,0.003241,1.24367,0.4754,10,1.0000,mesure_experimentale
iodp_remanence_376_19739304,376,U1528,C,CUBE9612291,0.073624,-58.4,57.0,44.9,6,10,100,0.004719,0.0640959,-1.0000,10,1.0000,mesure_experimentale
iodp_remanence_376_19739304,376,U1528,D,CUBE9623381,0.027889,-58.8,186.5,62.23,10,10,100,0.001066,0.038223,-1.0000,13,1.0000,mesure_experimentale
iodp_remanence_376_19739304,376,U1528,D,CUBE9623421,0.025987,-58.9,229.8,66.49,12,110,650,5.9e-05,0.00227037,-1.0000,9,1.0000,mesure_experimentale
iodp_remanence_376_19739304,376,U1528,D,CUBE9623441,0.005533,-62.4,51.8,67.12,12,110,650,0.005378,0.971986,0.1469,9,1.0000,mesure_experimentale
iodp_remanence_376_19739304,376,U1528,D,CUBE9623491,0.029465,-55.3,242.4,68.68,10,10,100,0.000512,0.0173765,-1.0000,13,1.0000,mesure_experimentale
iodp_remanence_376_19739304,376,U1528,D,CUBE9623541,0.002896,-61.2,204.2,71.34,12,110,650,0.000394,0.13605,-0.7343,9,1.0000,mesure_experimentale
iodp_remanence_376_19739304,376,U1528,D,CUBE9623581,0.002449,-59.8,264.0,72.16,10,10,100,0.000118,0.0481829,-1.0000,13,1.0000,mesure_experimentale
iodp_remanence_376_19739304,376,U1528,D,CUBE9623631,0.012077,-56.3,61.6,73.46,12,110,650,0.002362,0.195578,-0.4755,9,1.0000,mesure_experimentale
iodp_remanence_376_19739304,376,U1528,D,CUBE9623661,0.000517,-59.1,46.4,76.77,10,10,100,4e-05,0.0773694,-1.0000,13,1.0000,mesure_experimentale
iodp_remanence_376_19739304,376,U1528,D,CUBE9623671,0.001764,-50.2,81.3,77.48,12,110,650,0.000674,0.382086,0.2168,9,1.0000,mesure_experimentale
iodp_remanence_376_19739304,376,U1528,D,CUBE9628261,0.008068,-59.7,287.8,90.45,11,110,650,0.004349,0.539043,-0.1636,10,1.0000,mesure_experimentale
iodp_remanence_376_19739304,376,U1528,D,CUBE9628371,0.001255,-62.7,190.5,100.67,10,10,100,7.2e-05,0.0573705,-0.9758,11,0.9636,mesure_experimentale
iodp_remanence_376_19739304,376,U1528,D,CUBE9628481,0.0047,-49.6,190.8,102.11,11,110,650,0.006497,1.38234,0.2182,10,1.0000,mesure_experimentale
iodp_remanence_376_19739304,376,U1528,D,CUBE9628501,0.001922,-44.3,39.4,105.4,10,10,100,0.000339,0.176379,-1.0000,11,0.9727,mesure_experimentale
iodp_remanence_376_19739304,376,U1528,D,CUBE9628601,0.000478,-54.6,243.3,108.07,10,10,100,4e-05,0.083682,-0.9879,11,1.0000,mesure_experimentale
iodp_remanence_376_19739304,376,U1528,D,CUBE9628611,0.049905,-47.2,132.3,107.13,11,110,650,0.006358,0.127402,-0.8182,10,1.0000,mesure_experimentale
iodp_remanence_376_19739304,376,U1528,D,CUBE9628641,0.000836,-49.9,17.2,110.69,11,110,650,0.002151,2.57297,0.7273,10,1.0000,mesure_experimentale
iodp_remanence_376_19739304,376,U1528,D,CUBE9628681,0.007021,-52.6,166.3,112.13,10,10,100,0.000555,0.0790486,-1.0000,11,0.9818,mesure_experimentale
iodp_remanence_376_19739304,376,U1528,D,CUBE9628741,0.008483,-55.8,214.0,113.41,11,110,650,0.003808,0.448898,-0.7091,10,1.0000,mesure_experimentale
iodp_remanence_376_19739304,376,U1528,D,CUBE9632791,0.001972,-53.4,117.3,114.73,10,200,700,0.004959,2.51471,-0.0182,10,1.0000,mesure_experimentale
iodp_remanence_376_19739304,376,U1528,D,CUBE9632861,0.018446,-40.5,191.6,119.65,10,200,700,0.005333,0.289114,-0.6970,10,1.0000,mesure_experimentale
iodp_remanence_376_19739304,376,U1528,D,CUBE9632911,0.000284,-54.6,25.3,124.53,10,200,700,0.005856,20.6197,0.9152,10,1.0000,mesure_experimentale
iodp_remanence_376_19739304,376,U1528,D,CUBE9633021,0.017528,0.3,358.6,129.95,16,10,500,0.003656,0.208581,0.4118,10,1.0000,mesure_experimentale
iodp_remanence_376_19739304,376,U1528,D,CUBE9633081,0.000736,-37.2,331.7,134.22,10,10,100,3e-05,0.0407609,-0.9879,10,1.0000,mesure_experimentale
iodp_remanence_376_19739304,376,U1528,D,CUBE9633111,0.001971,-62.1,321.4,135.29,10,200,700,0.012443,6.31304,0.8182,10,1.0000,mesure_experimentale
iodp_remanence_376_19739304,376,U1528,D,CUBE9633161,0.000447,-60.4,305.5,139.04,10,10,100,7e-06,0.01566,-0.9879,10,1.0000,mesure_experimentale
iodp_remanence_376_19739304,376,U1528,D,CUBE9633271,0.004662,-55.7,98.1,149.1,10,10,100,0.00054,0.11583,-0.9879,10,0.9879,mesure_experimentale
iodp_remanence_376_19739304,376,U1528,D,CUBE9633301,0.001718,-57.8,81.6,150.09,10,200,700,0.004313,2.51048,0.7333,10,1.0000,mesure_experimentale
iodp_remanence_376_19739304,376,U1528,D,CUBE9633321,0.009631,-50.8,345.3,154.22,10,10,100,0.000633,0.0657253,-0.9758,10,1.0000,mesure_experimentale
iodp_remanence_376_19739304,376,U1528,D,CUBE9635141,0.000388,-45.3,101.8,158.93,11,110,650,0.005179,13.3479,0.7000,10,1.0000,mesure_experimentale
iodp_remanence_376_19739304,376,U1528,D,CUBE9635181,0.001102,-41.6,144.2,163.74,16,10,500,0.010312,9.35753,0.4118,10,0.9879,mesure_experimentale
iodp_remanence_376_19739304,376,U1528,D,CUBE9635291,0.000789,-40.5,133.3,172.9,10,10,100,9e-05,0.114068,-1.0000,10,1.0000,mesure_experimentale
iodp_remanence_376_19739304,376,U1528,D,CUBE9635321,0.004298,-56.8,332.4,173.77,11,110,650,0.003137,0.729874,-0.6091,10,1.0000,mesure_experimentale
iodp_remanence_376_19739304,376,U1528,D,CUBE9635401,0.056813,-55.1,269.9,182.73,10,10,100,0.01039,0.182881,-0.9879,10,1.0000,mesure_experimentale
iodp_remanence_376_19739304,376,U1528,D,CUBE9635441,0.039054,-56.1,130.1,187.78,11,110,650,0.011097,0.284145,-0.7364,10,1.0000,mesure_experimentale
iodp_remanence_376_19739304,376,U1528,D,CUBE9635511,0.04254,-58.9,208.3,191.51,10,10,100,0.004887,0.11488,-1.0000,10,0.9879,mesure_experimentale
iodp_remanence_376_19739304,376,U1528,D,CUBE9635531,0.105338,-57.4,17.6,192.81,11,110,650,0.005395,0.0512161,-0.9000,10,1.0000,mesure_experimentale
iodp_remanence_376_19739304,376,U1528,D,CUBE9635551,0.001247,-58.6,114.3,163.99,11,110,650,0.001275,1.02245,-0.0818,10,1.0000,mesure_experimentale
iodp_remanence_376_19739304,376,U1528,D,CUBE9635701,0.032711,-55.9,203.3,196.92,10,110,610,0.001661,0.050778,-0.9515,10,1.0000,mesure_experimentale
iodp_remanence_376_19739304,376,U1528,D,CUBE9635771,0.053943,-54.8,164.3,206.27,10,10,100,0.010423,0.193222,-1.0000,10,1.0000,mesure_experimentale
iodp_remanence_376_19739304,376,U1528,D,CUBE9635791,0.069437,-58.3,36.7,207.32,10,110,610,0.002875,0.0414044,-0.9515,10,1.0000,mesure_experimentale
iodp_remanence_376_19739304,376,U1528,D,CUBE9635851,0.029605,-55.5,153.0,211.08,10,10,100,0.005321,0.179733,-1.0000,10,0.9879,mesure_experimentale
iodp_remanence_376_19739304,376,U1528,D,CUBE9635871,0.015732,-55.7,14.2,212.81,10,110,610,0.003303,0.209954,-0.9515,10,1.0000,mesure_experimentale
iodp_remanence_376_19739304,376,U1528,D,CUBE9635941,0.021072,-43.9,259.8,221.14,10,10,100,0.005195,0.246536,-1.0000,10,1.0000,mesure_experimentale
iodp_remanence_376_19739304,376,U1528,D,CUBE9635981,0.053638,-59.8,192.9,225.15,10,110,610,0.002109,0.0393191,-0.9152,10,1.0000,mesure_experimentale
iodp_remanence_376_19739304,376,U1528,D,CUBE9636001,0.014246,-60.6,20.3,229.78,10,10,100,0.005451,0.382634,-1.0000,10,1.0000,mesure_experimentale
iodp_remanence_376_19739304,376,U1528,D,CUBE9636071,0.041856,-56.1,320.5,240.27,10,110,610,0.006894,0.164708,-0.9394,10,1.0000,mesure_experimentale
iodp_remanence_376_19739304,376,U1528,D,CUBE9636301,0.018016,-56.3,244.3,254.7,11,110,650,0.000454,0.0251998,-0.9182,8,1.0000,mesure_experimentale
iodp_remanence_376_19739304,376,U1528,D,CUBE9636331,0.002341,-57.2,341.4,255.5,11,110,650,8.3e-05,0.0354549,-0.9909,8,1.0000,mesure_experimentale
iodp_remanence_376_19739304,376,U1528,D,CUBE9636351,0.016281,-62.3,89.7,258.74,10,10,100,0.004405,0.270561,-1.0000,10,1.0000,mesure_experimentale
iodp_remanence_376_19739304,376,U1528,D,CUBE9636401,0.092377,-65.4,78.2,264.46,10,10,100,0.009386,0.101605,-1.0000,10,1.0000,mesure_experimentale
iodp_remanence_376_19739304,376,U1528,D,CUBE9636431,0.096919,-59.9,356.3,268.85,10,10,100,0.008069,0.0832551,-1.0000,10,1.0000,mesure_experimentale
iodp_remanence_376_19739304,376,U1528,D,CUBE9636481,1.09182,-52.5,92.0,273.33,11,110,650,0.107532,0.0984891,-0.9727,8,1.0000,mesure_experimentale
iodp_remanence_376_19739304,376,U1528,D,CUBE9636521,0.028478,-59.5,51.9,278.67,11,110,650,0.003493,0.122656,-1.0000,8,1.0000,mesure_experimentale
iodp_remanence_376_19739304,376,U1528,D,CUBE9636571,0.013966,-58.9,236.1,283.57,10,10,100,0.001795,0.128526,-1.0000,10,1.0000,mesure_experimentale
iodp_remanence_376_19739304,376,U1528,D,CUBE9636601,0.012913,-57.3,146.1,284.95,11,110,650,0.010487,0.812127,-0.4182,9,0.9500,mesure_experimentale
iodp_remanence_376_19739304,376,U1528,D,CUBE9636671,0.010045,-57.4,213.6,288.37,10,10,100,0.00059,0.0587357,-1.0000,10,1.0000,mesure_experimentale
iodp_remanence_376_19739304,376,U1528,D,CUBE9636701,0.014687,-57.7,355.6,289.89,11,110,650,0.007499,0.510588,-0.6364,7,1.0000,mesure_experimentale
iodp_remanence_376_19739304,376,U1528,D,CUBE9637801,0.002106,-57.7,214.1,297.92,11,110,650,0.00514,2.44065,0.6909,0,,mesure_experimentale
iodp_remanence_376_19739304,376,U1528,D,CUBE9637811,0.005027,-57.5,266.7,301.92,11,110,650,0.000188,0.0373981,-0.9364,0,,mesure_experimentale
iodp_remanence_376_19739304,376,U1528,D,CUBE9637831,0.007814,-58.1,284.1,298.49,10,10,100,0.000614,0.0785769,-1.0000,10,1.0000,mesure_experimentale
iodp_remanence_376_19739304,376,U1528,D,CUBE9637861,11.9099,3.7,0.7,303.38,16,10,500,2.10897,0.177077,0.4118,10,0.9515,mesure_experimentale
iodp_remanence_376_19739304,376,U1528,D,CUBE9637891,0.005512,-58.2,124.7,304.24,12,110,650,0.002879,0.522315,-0.1469,0,,mesure_experimentale
iodp_remanence_376_19739304,376,U1528,D,CUBE9637931,0.023422,70.9,129.6,316.22,10,10,100,0.003993,0.170481,-1.0000,10,0.9879,mesure_experimentale
iodp_remanence_376_19739304,376,U1528,D,CUBE9637991,0.400744,44.4,10.5,326.04,11,110,650,0.023623,0.0589479,-0.9636,0,,mesure_experimentale
iodp_remanence_376_19739304,376,U1528,D,CUBE9638041,0.010195,-39.0,11.4,344.96,10,10,100,0.000489,0.0479647,-1.0000,10,1.0000,mesure_experimentale
iodp_remanence_376_19739304,376,U1528,D,CUBE9638101,0.993261,-48.6,117.1,354.67,11,110,650,0.065502,0.0659464,-0.9636,0,,mesure_experimentale
iodp_remanence_376_19739304,376,U1530,A,CUBE9649111,0.001794,22.0,83.5,0.26,13,110,700,0.025183,14.0373,0.9396,0,,mesure_experimentale
iodp_remanence_376_19739304,376,U1530,A,CUBE9649121,0.004667,-6.6,187.3,17.45,14,5,100,0.000277,0.0593529,-1.0000,10,1.0000,mesure_experimentale
iodp_remanence_376_19739304,376,U1530,A,CUBE9649131,0.311348,9.2,103.6,22.3,14,5,100,0.002548,0.00818377,-0.9165,10,0.7576,mesure_experimentale
iodp_remanence_376_19739304,376,U1530,A,CUBE9649141,0.000156,-36.8,25.4,31.1,13,110,700,0.000667,4.27564,0.6978,9,1.0000,mesure_experimentale
iodp_remanence_376_19739304,376,U1530,A,CUBE9649181,0.00845,-61.3,62.3,22.13,13,110,700,0.000512,0.0605917,-0.7582,9,1.0000,mesure_experimentale
iodp_remanence_376_19739304,376,U1530,A,CUBE9649191,0.000435,15.4,78.2,50.67,14,5,100,4.4e-05,0.101149,-0.8549,10,1.0000,mesure_experimentale
iodp_remanence_376_19739304,376,U1530,A,CUBE9649201,0.000294,0.7,286.0,51.62,13,110,700,0.00031,1.05442,0.3626,9,1.0000,mesure_experimentale
iodp_remanence_376_19739304,376,U1530,A,CUBE9649211,0.000285,41.2,135.4,55.12,13,110,700,0.001088,3.81754,0.8901,9,1.0000,mesure_experimentale
iodp_remanence_376_19739304,376,U1530,A,CUBE9649221,0.000259,20.1,291.7,55.97,14,5,100,4e-05,0.15444,-0.9077,10,1.0000,mesure_experimentale
iodp_remanence_376_19739304,376,U1530,A,CUBE9652061,0.00985,-35.4,116.7,59.87,13,110,680,0.000721,0.073198,-0.8571,9,1.0000,mesure_experimentale
iodp_remanence_376_19739304,376,U1530,A,CUBE9652071,0.000346,-26.6,251.2,61.13,15,5,100,0.000313,0.904624,-0.9750,9,0.7333,mesure_experimentale
iodp_remanence_376_19739304,376,U1530,A,CUBE9652081,0.001518,-27.2,10.0,65.13,13,110,680,0.000772,0.508564,-0.7747,9,1.0000,mesure_experimentale
iodp_remanence_376_19739304,376,U1530,A,CUBE9652091,0.001487,-49.0,357.8,65.49,15,5,100,2.6e-05,0.0174849,-0.9643,9,0.7833,mesure_experimentale
iodp_remanence_376_19739304,376,U1530,A,CUBE9652101,0.000543,-42.1,114.4,65.84,13,110,680,0.007013,12.9153,0.9396,9,1.0000,mesure_experimentale
iodp_remanence_376_19739304,376,U1530,A,CUBE9652111,6.1e-05,-22.6,155.1,74.99,15,5,100,8.9e-05,1.45902,-0.9214,9,1.0000,mesure_experimentale
iodp_remanence_376_19739304,376,U1530,A,CUBE9652131,0.000116,-16.0,141.5,79.39,15,5,100,0.000114,0.982759,-0.9536,9,0.9833,mesure_experimentale
iodp_remanence_376_19739304,376,U1530,A,CUBE9652141,0.000264,-38.1,326.5,84.1,13,110,680,0.003753,14.2159,0.7802,9,1.0000,mesure_experimentale
iodp_remanence_376_19739304,376,U1530,A,CUBE9652171,3.3e-05,-45.3,268.1,98.14,15,5,100,3.3e-05,1,-0.9464,9,0.9833,mesure_experimentale
iodp_remanence_376_19739304,376,U1530,A,CUBE9652181,0.001568,-46.4,160.0,103.15,13,110,680,0.006706,4.27679,0.7033,9,1.0000,mesure_experimentale
iodp_remanence_376_19739304,376,U1530,A,CUBE9652191,0.000211,60.4,222.7,108.12,13,110,680,0.036792,174.37,0.9945,9,1.0000,mesure_experimentale
iodp_remanence_376_19739304,376,U1530,A,CUBE9656711,6.2e-05,-67.6,299.4,131.91,13,110,685,0.01571,253.387,0.9396,9,1.0000,mesure_experimentale
iodp_remanence_376_19739304,376,U1530,A,CUBE9656731,0.000759,-75.3,329.5,141.16,13,110,685,0.014663,19.3188,0.7912,9,1.0000,mesure_experimentale
iodp_remanence_376_19739304,376,U1530,A,CUBE9656741,0.000134,-12.5,93.6,150.9,12,5,100,1.2e-05,0.0895522,-0.9441,10,1.0000,mesure_experimentale
iodp_remanence_376_19739304,376,U1530,A,CUBE9656751,5.5e-05,-43.5,313.9,160.86,12,5,100,9e-06,0.163636,-0.9650,10,1.0000,mesure_experimentale
iodp_remanence_376_19739304,376,U1530,A,CUBE9656761,0.000116,-44.5,246.7,165.32,13,110,685,0.014267,122.991,0.9176,9,1.0000,mesure_experimentale
iodp_remanence_376_19739304,376,U1530,A,CUBE9656781,5.4e-05,-29.4,283.0,175.69,12,5,100,1.1e-05,0.203704,-0.8951,10,1.0000,mesure_experimentale
iodp_remanence_376_19739304,376,U1530,A,CUBE9656801,6.8e-05,-56.1,321.2,184.99,13,110,685,0.005559,81.75,0.8571,10,0.8182,mesure_experimentale
iodp_remanence_376_19739304,376,U1530,A,CUBE9657051,7.7e-05,-41.5,21.6,132.77,12,5,100,1.4e-05,0.181818,-0.9510,10,1.0000,mesure_experimentale
iodp_remanence_376_19739304,376,U1530,A,CUBE9657061,0.000156,-29.7,208.3,122.54,12,5,100,1.9e-05,0.121795,-0.9860,10,1.0000,mesure_experimentale
iodp_remanence_376_19739304,376,U1530,A,CUBE9657071,0.000104,-23.9,99.8,127.43,13,110,685,0.011122,106.942,0.8901,9,1.0000,mesure_experimentale
iodp_remanence_376_19739304,376,U1530,A,CUBE9659361,0.000147,-69.9,22.3,189.2,13,110,685,0.002386,16.2313,0.8242,9,1.0000,mesure_experimentale
iodp_remanence_376_19739304,376,U1530,A,CUBE9659371,6.2e-05,-53.9,298.1,191.26,13,110,685,0.000532,8.58065,0.8571,9,1.0000,mesure_experimentale
iodp_remanence_376_19739304,376,U1530,A,CUBE9659401,4.3e-05,43.5,239.3,208.61,10,5,80,2.7e-05,0.627907,0.2364,10,1.0000,mesure_experimentale
iodp_remanence_376_19739304,376,U1530,A,CUBE9659411,6.9e-05,-26.9,250.4,213.62,13,110,685,0.001021,14.7971,0.8242,9,1.0000,mesure_experimentale
iodp_remanence_376_19739304,376,U1530,A,CUBE9659421,0.000772,-43.3,23.7,222.88,10,5,80,4.8e-05,0.0621762,-0.9515,10,1.0000,mesure_experimentale
iodp_remanence_376_19739304,376,U1530,A,CUBE9659431,0.03966,-25.3,203.6,232.71,13,110,685,0.00142,0.0358043,-0.7802,9,1.0000,mesure_experimentale
iodp_remanence_376_19739304,376,U1530,A,CUBE9659441,0.018806,-11.6,149.7,238.09,10,5,80,0.002165,0.115123,-1.0000,10,1.0000,mesure_experimentale
iodp_remanence_376_19739304,376,U1530,A,CUBE9659451,0.022382,-31.3,338.4,238.64,13,110,685,0.005816,0.259852,-0.7308,9,1.0000,mesure_experimentale
iodp_remanence_376_19739304,376,U1530,A,CUBE9659461,0.027054,-17.9,210.9,242.94,10,5,80,0.003899,0.144119,-0.8909,10,1.0000,mesure_experimentale
iodp_remanence_376_19739304,376,U1530,A,CUBE9659471,0.106574,-49.3,203.9,243.13,13,110,685,0.001277,0.0119823,-0.8462,9,1.0000,mesure_experimentale
iodp_remanence_376_19739304,376,U1530,A,CUBE9659491,3.3e-05,-50.0,2.2,194.03,10,5,80,4.6e-05,1.39394,-0.2242,10,1.0000,mesure_experimentale
iodp_remanence_376_19739304,376,U1530,A,CUBE9667871,0.016404,-44.1,70.4,252.48,10,5,90,0.000672,0.0409656,-1.0000,10,1.0000,mesure_experimentale
iodp_remanence_376_19739304,376,U1530,A,CUBE9667881,0.004934,-39.9,274.7,257.33,13,110,685,5.4e-05,0.0109445,-0.9396,9,1.0000,mesure_experimentale
iodp_remanence_376_19739304,376,U1530,A,CUBE9667891,0.039686,-42.5,285.5,261.39,10,5,90,0.001237,0.0311697,-0.9879,10,0.9879,mesure_experimentale
iodp_remanence_376_19739304,376,U1530,A,CUBE9667901,0.038883,-41.9,199.8,266.78,13,110,685,0.00019,0.00488645,-0.8242,9,1.0000,mesure_experimentale
iodp_remanence_376_19739304,376,U1530,A,CUBE9667911,0.047665,-47.7,152.0,271.68,10,5,90,0.003412,0.0715829,-1.0000,10,0.9879,mesure_experimentale
iodp_remanence_376_19739304,376,U1530,A,CUBE9667921,0.045246,-43.1,252.9,272.07,13,110,685,0.001478,0.0326659,-0.8077,9,1.0000,mesure_experimentale
iodp_remanence_376_19739304,376,U1530,A,CUBE9667931,0.05807,-27.1,155.7,275.74,10,5,90,0.005248,0.0903737,-1.0000,10,0.9879,mesure_experimentale
iodp_remanence_376_19739304,376,U1530,A,CUBE9667951,0.048246,-51.2,166.4,290.35,13,110,685,0.011825,0.245098,-0.7692,9,1.0000,mesure_experimentale
iodp_remanence_376_19739304,376,U1530,A,CUBE9667961,0.007078,-49.7,87.8,300.56,13,110,685,0.000131,0.0185081,-0.9121,9,1.0000,mesure_experimentale
iodp_remanence_376_19739304,376,U1530,A,CUBE9667971,0.032852,-42.9,347.4,310.22,10,5,90,0.000974,0.0296481,-1.0000,10,1.0000,mesure_experimentale
iodp_remanence_376_19739304,376,U1530,A,CUBE9669811,0.001902,-40.4,344.1,319.13,13,110,685,5.7e-05,0.0299685,-0.8132,9,1.0000,mesure_experimentale
iodp_remanence_376_19739304,376,U1530,A,CUBE9669821,0.003993,-40.2,273.9,323.97,13,110,685,0.000851,0.213123,-0.1923,9,1.0000,mesure_experimentale
iodp_remanence_376_19739304,376,U1530,A,CUBE9669841,0.006062,-46.0,43.1,338.1,10,10,100,0.001143,0.188552,-1.0000,10,1.0000,mesure_experimentale
iodp_remanence_376_19739304,376,U1530,A,CUBE9669861,0.001349,1.4,260.9,357.78,13,110,685,0.002136,1.5834,0.5659,9,1.0000,mesure_experimentale
iodp_remanence_376_19739304,376,U1530,A,CUBE9669871,0.006074,-37.0,188.3,362.54,10,10,100,0.000803,0.132203,-1.0000,10,1.0000,mesure_experimentale
iodp_remanence_376_19739304,376,U1530,A,CUBE9669881,0.024592,-46.8,322.6,366.96,13,110,685,0.002869,0.116664,-0.8846,9,1.0000,mesure_experimentale
iodp_remanence_376_19739304,376,U1530,A,CUBE9669901,0.044244,-34.4,259.4,381.69,10,10,100,0.001667,0.0376774,-1.0000,10,1.0000,mesure_experimentale
iodp_remanence_376_19739304,376,U1530,A,CUBE9669911,0.352365,-15.2,268.2,391.38,12,110,620,0.011698,0.0331985,-0.7622,0,,mesure_experimentale
iodp_remanence_376_19739304,376,U1530,A,CUBE9669921,0.010828,-29.2,342.8,395.74,10,10,100,0.001655,0.152844,-1.0000,10,1.0000,mesure_experimentale
iodp_remanence_376_19739304,376,U1530,A,CUBE9669931,0.010155,-44.8,298.2,433.97,10,10,100,0.000826,0.0813392,-0.9515,10,0.9636,mesure_experimentale
iodp_remanence_376_19739304,376,U1530,A,CUBE9669941,0.025617,-33.2,312.5,314.09,10,10,100,0.000185,0.00722177,-1.0000,10,0.9879,mesure_experimentale
iodp_remanence_376_19739304,376,U1530,A,CUBE9669981,0.033253,-45.4,215.9,401.14,13,110,685,0.011222,0.337473,-0.9560,9,1.0000,mesure_experimentale
iodp_remanence_376_19739304,376,U1530,A,CUBE9669991,0.002324,36.6,317.9,415.27,13,110,685,0.053856,23.1738,0.5330,9,1.0000,mesure_experimentale
iodp_remanence_376_19739304,376,U1531,C,CUBE9672251,6.24681,-58.4,146.1,0.9,12,110,610,0.031947,0.00511413,-1.0000,11,1.0000,mesure_experimentale
iodp_remanence_376_19739304,376,U1531,C,CUBE9672261,1.29617,-25.6,340.8,1.6,14,10,200,0.051668,0.039862,-1.0000,9,0.9833,mesure_experimentale
iodp_remanence_376_19739304,376,U1531,C,CUBE9672271,4.36577,-62.1,254.5,15.06,12,110,610,0.071933,0.0164766,-1.0000,11,1.0000,mesure_experimentale
iodp_remanence_376_19739304,376,U1531,C,CUBE9677201,1.41814,-53.8,178.7,1.52,14,10,200,0.041131,0.0290034,-1.0000,9,1.0000,mesure_experimentale
iodp_remanence_376_19739304,376,U1531,C,CUBE9677341,1.92198,-50.7,141.5,1.33,14,10,200,0.039844,0.0207307,-1.0000,9,1.0000,mesure_experimentale
iodp_remanence_379_11200466,379,U1532,A,CUBE9715221,0.076357,-18.2,344.9,1.28,15,5,110,0.016489,0.215946,-1.0000,0,,mesure_experimentale
iodp_remanence_379_11200466,379,U1532,A,CUBE9715231,0.109271,0.1,346.9,3.62,14,5,110,0.024474,0.223975,-1.0000,0,,mesure_experimentale
iodp_remanence_379_11200466,379,U1532,A,CUBE9716941,0.096355,-1.3,341.7,7.29,14,5,110,0.016363,0.16982,-1.0000,0,,mesure_experimentale
iodp_remanence_379_11200466,379,U1532,A,CUBE9716951,0.170072,-9.4,335.6,12.18,14,5,110,0.033194,0.195176,-1.0000,17,0.9118,mesure_experimentale
iodp_remanence_379_11200466,379,U1532,A,CUBE9717391,0.034124,2.8,164.7,18.36,13,5,100,0.01097,0.321475,-0.9011,0,,mesure_experimentale
iodp_remanence_379_11200466,379,U1532,A,CUBE9717401,0.028215,-30.1,326.5,20.39,14,5,110,0.005019,0.177884,-0.9560,17,0.9314,mesure_experimentale
iodp_remanence_379_11200466,379,U1532,A,CUBE9717561,0.062874,11.3,157.3,26.36,13,5,100,0.015109,0.240306,-1.0000,17,0.9118,mesure_experimentale
iodp_remanence_379_11200466,379,U1532,A,CUBE9717571,0.046619,-2.5,179.2,33.15,13,5,100,0.02284,0.489929,-0.9011,0,,mesure_experimentale
iodp_remanence_379_11200466,379,U1532,A,CUBE9717721,0.060303,17.5,193.0,37.8,13,5,100,0.016076,0.266587,-1.0000,0,,mesure_experimentale
iodp_remanence_379_11200466,379,U1532,A,CUBE9717731,0.0039,-26.0,111.3,40.94,13,5,100,0.000319,0.0817949,-0.9890,0,,mesure_experimentale
iodp_remanence_379_11200466,379,U1532,A,CUBE9717931,0.021803,-27.7,19.5,46.86,13,5,100,0.001222,0.0560473,-0.9945,0,,mesure_experimentale
iodp_remanence_379_11200466,379,U1532,A,CUBE9717941,0.076573,-1.8,20.2,50.73,13,5,100,0.005152,0.0672822,-1.0000,0,,mesure_experimentale
iodp_remanence_379_11200466,379,U1532,A,CUBE9718681,0.032478,1.8,358.2,57.82,13,5,100,0.000866,0.0266642,-0.9945,0,,mesure_experimentale
iodp_remanence_379_11200466,379,U1532,A,CUBE9718691,0.094171,-13.4,347.0,61.74,13,5,100,0.002454,0.026059,-0.9945,0,,mesure_experimentale
iodp_remanence_379_11200466,379,U1532,A,CUBE9719421,0.046705,-9.7,342.7,62.8,13,5,100,0.000509,0.0108982,-0.9835,0,,mesure_experimentale
iodp_remanence_379_11200466,379,U1532,A,CUBE9719431,0.097483,-23.0,332.6,69.74,13,5,100,0.005495,0.0563688,-0.9945,0,,mesure_experimentale
iodp_remanence_379_11200466,379,U1532,A,CUBE9719611,0.024208,-7.2,22.2,75.61,13,5,100,0.002263,0.0934815,-0.9945,0,,mesure_experimentale
iodp_remanence_379_11200466,379,U1532,A,CUBE9719621,0.056282,9.0,129.7,79.04,13,5,100,0.004448,0.0790306,-1.0000,0,,mesure_experimentale
iodp_remanence_379_11200466,379,U1532,A,CUBE9719791,0.023266,15.2,44.0,82.1,14,5,100,0.001826,0.0784836,-0.9692,0,,mesure_experimentale
iodp_remanence_379_11200466,379,U1532,A,CUBE9719801,0.076053,-9.5,196.4,88.67,13,5,100,0.002238,0.0294268,-1.0000,0,,mesure_experimentale
iodp_remanence_379_11200466,379,U1532,A,CUBE9720421,0.03483,-17.7,181.3,94.36,13,5,100,0.001495,0.0429228,-1.0000,0,,mesure_experimentale
iodp_remanence_379_11200466,379,U1532,A,CUBE9720431,0.012051,-45.2,170.3,98.09,13,5,100,0.000606,0.0502863,-0.9945,0,,mesure_experimentale
iodp_remanence_379_11200466,379,U1532,B,CUBE9720541,0.016162,40.9,248.3,98.72,13,5,100,0.00189,0.116941,-0.9835,0,,mesure_experimentale
iodp_remanence_379_11200466,379,U1532,B,CUBE9720551,0.140078,-9.0,48.2,102.44,13,5,100,0.008011,0.0571896,-1.0000,0,,mesure_experimentale
iodp_remanence_379_11200466,379,U1532,B,CUBE9721161,0.050412,20.6,349.6,104.35,13,5,100,0.002117,0.041994,-1.0000,0,,mesure_experimentale
iodp_remanence_379_11200466,379,U1532,B,CUBE9721171,0.073079,49.1,322.1,109.56,13,5,100,0.002677,0.0366316,-1.0000,0,,mesure_experimentale
iodp_remanence_379_11200466,379,U1532,B,CUBE9722401,0.056518,-11.1,26.2,114.07,13,5,100,0.003151,0.0557521,-1.0000,0,,mesure_experimentale
iodp_remanence_379_11200466,379,U1532,B,CUBE9722411,0.080808,-8.1,21.2,119.05,13,5,100,0.003996,0.0494505,-1.0000,0,,mesure_experimentale
iodp_remanence_379_11200466,379,U1532,B,CUBE9723451,0.051652,-12.0,8.3,124.26,13,5,100,0.001255,0.0242972,-0.9945,0,,mesure_experimentale
iodp_remanence_379_11200466,379,U1532,B,CUBE9723461,0.049346,-14.8,336.8,129.82,13,5,100,0.002197,0.0445224,-1.0000,17,0.9093,mesure_experimentale
iodp_remanence_379_11200466,379,U1532,B,CUBE9723801,0.061361,30.6,102.4,134.62,13,5,100,0.002958,0.0482065,-0.9945,0,,mesure_experimentale
iodp_remanence_379_11200466,379,U1532,B,CUBE9723811,0.078639,13.8,24.3,139.44,13,5,100,0.005028,0.0639377,-1.0000,0,,mesure_experimentale
iodp_remanence_379_11200466,379,U1532,B,CUBE9724341,0.054172,32.4,9.7,141.22,13,5,100,0.003928,0.0725098,-1.0000,0,,mesure_experimentale
iodp_remanence_379_11200466,379,U1532,B,CUBE9724351,0.052426,31.4,15.1,143.7,13,5,100,0.003886,0.0741235,-1.0000,0,,mesure_experimentale
iodp_remanence_379_11200466,379,U1532,B,CUBE9724761,0.082305,28.6,194.7,150.48,13,5,100,0.00518,0.0629366,-1.0000,0,,mesure_experimentale
iodp_remanence_379_11200466,379,U1532,B,CUBE9724771,0.061635,4.9,198.7,153.96,13,5,100,0.003471,0.0563154,-1.0000,0,,mesure_experimentale
iodp_remanence_379_11200466,379,U1532,B,CUBE9724941,0.041885,-13.8,165.7,160.6,13,5,100,0.002318,0.055342,-1.0000,0,,mesure_experimentale
iodp_remanence_379_11200466,379,U1532,B,CUBE9724951,0.037793,-3.1,219.7,162.91,13,5,100,0.00183,0.0484217,-1.0000,0,,mesure_experimentale
iodp_remanence_379_11200466,379,U1532,B,CUBE9725031,0.064151,-40.7,174.8,169.7,13,5,100,0.003461,0.0539508,-1.0000,0,,mesure_experimentale
iodp_remanence_379_11200466,379,U1532,B,CUBE9725041,0.079129,-23.8,195.7,170.7,13,5,100,0.006101,0.0771019,-1.0000,0,,mesure_experimentale
iodp_remanence_379_11200466,379,U1532,B,CUBE9725081,0.031923,-36.3,164.2,176.44,13,5,100,0.002463,0.0771544,-0.9945,0,,mesure_experimentale
iodp_remanence_379_11200466,379,U1532,B,CUBE9725091,0.009817,-8.2,176.4,180.0,13,5,100,0.000546,0.0556178,-0.9945,0,,mesure_experimentale
iodp_remanence_379_11200466,379,U1532,C,CUBE9727641,0.066211,-18.4,193.3,181.49,13,5,100,0.004952,0.0747912,-1.0000,0,,mesure_experimentale
iodp_remanence_379_11200466,379,U1532,C,CUBE9728881,0.026827,-10.6,162.3,190.17,13,5,100,0.001484,0.0553174,-1.0000,0,,mesure_experimentale
iodp_remanence_379_11200466,379,U1532,C,CUBE9729101,0.044679,-18.3,209.2,200.69,13,5,100,0.003026,0.0677276,-1.0000,17,0.8897,mesure_experimentale
iodp_remanence_379_11200466,379,U1532,C,CUBE9729921,0.061963,2.6,213.2,209.71,13,5,100,0.003995,0.064474,-1.0000,0,,mesure_experimentale
iodp_remanence_379_11200466,379,U1532,C,CUBE9730991,0.02587,-18.8,203.7,212.0,13,5,100,0.001795,0.0693854,-0.9945,0,,mesure_experimentale
iodp_remanence_379_11200466,379,U1532,C,CUBE9731411,0.038897,25.1,177.3,216.66,13,5,100,0.003153,0.0810602,-0.9945,0,,mesure_experimentale
iodp_remanence_379_11200466,379,U1532,C,CUBE9731941,0.040705,-21.1,214.2,221.64,13,5,100,0.003207,0.0787864,-1.0000,17,0.9118,mesure_experimentale
iodp_remanence_379_11200466,379,U1532,C,CUBE9732291,0.044498,20.0,217.7,236.08,13,5,100,0.003113,0.0699582,-1.0000,0,,mesure_experimentale
iodp_remanence_379_11200466,379,U1532,C,CUBE9732491,0.057249,9.6,237.8,241.7,13,5,100,0.005066,0.0884906,-1.0000,0,,mesure_experimentale
iodp_remanence_379_11200466,379,U1532,C,CUBE9732631,0.073821,-39.1,144.4,246.16,13,5,100,0.005781,0.078311,-1.0000,0,,mesure_experimentale
iodp_remanence_379_11200466,379,U1532,C,CUBE9732671,0.055055,-16.8,217.3,249.65,13,5,100,0.003883,0.0705295,-1.0000,0,,mesure_experimentale
iodp_remanence_379_11200466,379,U1532,C,CUBE9733011,0.021442,1.9,279.9,253.93,13,5,100,0.001346,0.062774,-0.9945,0,,mesure_experimentale
iodp_remanence_379_11200466,379,U1532,C,CUBE9733261,0.023183,-31.9,286.5,260.11,13,5,100,0.001799,0.0776,-0.9835,0,,mesure_experimentale
iodp_remanence_379_11200466,379,U1532,C,CUBE9733751,0.010345,-70.1,180.9,283.07,12,5,100,0.000541,0.0522958,-1.0000,0,,mesure_experimentale
iodp_remanence_379_11200466,379,U1532,C,CUBE9733761,0.023321,-16.2,193.6,287.62,13,5,100,0.001706,0.073153,-1.0000,0,,mesure_experimentale
iodp_remanence_379_11200466,379,U1532,C,CUBE9734511,0.054962,27.4,166.7,292.02,13,5,100,0.003655,0.0665005,-1.0000,0,,mesure_experimentale
iodp_remanence_379_11200466,379,U1532,C,CUBE9734521,0.022295,-6.4,189.2,296.54,14,5,100,0.001389,0.062301,-0.9780,0,,mesure_experimentale
iodp_remanence_379_11200466,379,U1532,C,CUBE9734731,0.03226,-32.5,167.2,303.83,14,5,100,0.00174,0.0539368,-0.9956,0,,mesure_experimentale
iodp_remanence_379_11200466,379,U1532,C,CUBE9736381,0.051517,13.2,138.5,318.15,17,5,100,0.003324,0.0645224,-0.9804,0,,mesure_experimentale
iodp_remanence_379_11200466,379,U1532,C,CUBE9737011,0.029653,-6.9,29.1,322.06,15,5,100,0.00147,0.0495734,-0.9643,0,,mesure_experimentale
iodp_remanence_379_11200466,379,U1532,C,CUBE9737021,0.039592,-13.3,15.9,326.28,18,5,100,0.004085,0.103177,-0.9340,0,,mesure_experimentale
iodp_remanence_379_11200466,379,U1532,C,CUBE9737651,0.050802,-35.2,338.0,332.74,12,10,100,0.005261,0.103559,-0.9930,0,,mesure_experimentale
iodp_remanence_379_11200466,379,U1532,C,CUBE9738201,0.020876,28.7,275.0,339.25,15,5,100,0.002656,0.127227,-0.9821,0,,mesure_experimentale
iodp_remanence_379_11200466,379,U1532,C,CUBE9738211,0.045874,-21.7,314.5,353.62,15,5,100,0.00585,0.127523,-0.9821,0,,mesure_experimentale
iodp_remanence_379_11200466,379,U1532,C,CUBE9739211,0.043801,7.6,41.8,358.37,13,5,100,0.003871,0.088377,-0.9945,0,,mesure_experimentale
iodp_remanence_379_11200466,379,U1532,C,CUBE9739221,0.07774,-30.7,8.9,363.68,13,5,100,0.005757,0.0740545,-1.0000,0,,mesure_experimentale
iodp_remanence_379_11200466,379,U1532,C,CUBE9739341,0.025364,-62.5,12.4,376.63,13,5,100,0.002083,0.0821243,-0.9945,0,,mesure_experimentale
iodp_remanence_379_11200466,379,U1532,C,CUBE9739351,0.080487,10.2,315.6,367.73,13,5,100,0.004573,0.0568166,-1.0000,0,,mesure_experimentale
iodp_remanence_379_11200466,379,U1532,C,CUBE9739501,0.029698,45.0,330.7,377.52,13,5,100,0.002542,0.085595,-1.0000,0,,mesure_experimentale
iodp_remanence_379_11200466,379,U1532,C,CUBE9739511,0.031568,-75.5,5.3,384.71,13,5,100,0.002014,0.0637988,-1.0000,0,,mesure_experimentale
iodp_remanence_379_11200466,379,U1532,D,CUBE9740451,0.113087,6.0,38.9,365.43,13,5,100,0.007281,0.0643841,-1.0000,0,,mesure_experimentale
iodp_remanence_379_11200466,379,U1532,D,CUBE9740661,0.028084,-4.7,6.6,373.0,13,5,100,0.001532,0.0545506,-1.0000,0,,mesure_experimentale
iodp_remanence_379_11200466,379,U1532,D,CUBE9740671,0.046663,-22.4,49.8,380.72,13,5,100,0.003015,0.0646122,-1.0000,0,,mesure_experimentale
iodp_remanence_379_11200466,379,U1532,G,CUBE9742561,0.026684,6.2,322.4,378.62,13,5,100,0.001736,0.0650577,-1.0000,0,,mesure_experimentale
iodp_remanence_379_11200466,379,U1532,G,CUBE9743671,0.01725,22.6,339.8,395.38,13,5,100,0.001165,0.0675362,-1.0000,0,,mesure_experimentale
iodp_remanence_379_11200466,379,U1532,G,CUBE9743681,0.03313,34.3,30.1,399.64,13,5,100,0.002413,0.0728343,-1.0000,0,,mesure_experimentale
iodp_remanence_379_11200466,379,U1532,G,CUBE9744121,0.014028,-17.9,173.0,406.37,13,5,100,0.002532,0.180496,-0.9231,0,,mesure_experimentale
iodp_remanence_379_11200466,379,U1532,G,CUBE9744131,0.055674,-35.5,185.6,408.52,13,5,100,0.003644,0.0654525,-1.0000,0,,mesure_experimentale
iodp_remanence_379_11200466,379,U1532,G,CUBE9744511,0.070325,-46.9,142.9,412.51,13,5,100,0.005838,0.0830146,-1.0000,0,,mesure_experimentale
iodp_remanence_379_11200466,379,U1532,G,CUBE9744521,0.076246,-47.8,203.1,415.94,13,5,100,0.005108,0.0669937,-0.9945,0,,mesure_experimentale
iodp_remanence_379_11200466,379,U1532,G,CUBE9745091,0.004851,-48.6,255.4,422.21,13,5,100,0.00088,0.181406,-0.9341,0,,mesure_experimentale
iodp_remanence_379_11200466,379,U1532,G,CUBE9745101,0.141302,-57.4,359.4,425.39,14,5,100,0.009039,0.0639694,-0.9956,0,,mesure_experimentale
iodp_remanence_379_11200466,379,U1532,G,CUBE9745561,0.023125,-70.6,282.9,434.82,13,5,100,0.001349,0.0583351,-0.9780,0,,mesure_experimentale
iodp_remanence_379_11200466,379,U1532,G,CUBE9745571,0.00621,-50.3,165.3,437.79,13,5,100,0.000303,0.0487923,-0.9890,0,,mesure_experimentale
iodp_remanence_379_11200466,379,U1532,G,CUBE9746471,0.019933,-15.7,151.3,442.91,13,5,100,0.001536,0.0770581,-1.0000,0,,mesure_experimentale
iodp_remanence_379_11200466,379,U1532,G,CUBE9746481,0.033521,-8.5,163.5,446.0,13,5,100,0.002082,0.0621103,-1.0000,0,,mesure_experimentale
iodp_remanence_379_11200466,379,U1532,G,CUBE9746641,0.030576,23.5,154.5,451.26,13,5,100,0.002612,0.0854265,-1.0000,0,,mesure_experimentale
iodp_remanence_379_11200466,379,U1532,G,CUBE9746651,0.031412,-45.3,221.1,452.82,13,5,100,0.002703,0.0860499,-1.0000,0,,mesure_experimentale
iodp_remanence_379_11200466,379,U1532,G,CUBE9746881,0.028757,-25.3,186.3,466.53,14,5,100,0.00264,0.0918037,-0.9956,0,,mesure_experimentale
iodp_remanence_379_11200466,379,U1532,G,CUBE9747001,0.009971,42.5,230.3,472.36,13,5,100,0.000718,0.0720088,-0.9945,0,,mesure_experimentale
iodp_remanence_379_11200466,379,U1532,G,CUBE9747011,0.003643,-73.1,136.4,474.58,13,5,100,0.000545,0.149602,-0.9615,0,,mesure_experimentale
iodp_remanence_379_11200466,379,U1532,G,CUBE9747141,0.001293,43.5,349.0,480.62,13,5,100,0.000263,0.203403,-0.9615,0,,mesure_experimentale
iodp_remanence_379_11200466,379,U1532,G,CUBE9747151,0.029602,45.8,45.5,485.15,15,5,100,0.003313,0.111918,-0.9929,0,,mesure_experimentale
iodp_remanence_379_11200466,379,U1532,G,CUBE9747351,0.012659,-22.3,320.2,490.88,13,5,100,0.001124,0.0887906,-1.0000,0,,mesure_experimentale
iodp_remanence_379_11200466,379,U1532,G,CUBE9747361,0.015842,47.6,15.3,496.55,13,5,100,0.001375,0.0867946,-1.0000,0,,mesure_experimentale
iodp_remanence_379_11200466,379,U1532,G,CUBE9748871,0.028679,56.8,333.8,499.82,35,5,100,0.001992,0.0694585,-0.9888,0,,mesure_experimentale
iodp_remanence_379_11200466,379,U1532,G,CUBE9748881,0.013529,5.0,17.2,503.29,34,5,100,0.000888,0.0656368,-0.9887,0,,mesure_experimentale
iodp_remanence_379_11200466,379,U1532,G,CUBE9749401,0.032277,-20.6,8.8,509.7,34,5,100,0.001688,0.0522973,-0.9814,0,,mesure_experimentale
iodp_remanence_379_11200466,379,U1532,G,CUBE9749411,0.033524,-19.1,20.8,512.95,37,5,100,0.00357,0.106491,-0.9865,0,,mesure_experimentale
iodp_remanence_379_11200466,379,U1532,G,CUBE9750381,0.027632,-5.1,23.3,518.22,34,5,100,0.002707,0.0979661,-0.9887,0,,mesure_experimentale
iodp_remanence_379_11200466,379,U1532,G,CUBE9750391,0.03177,20.0,27.9,523.76,34,5,100,0.004092,0.128801,-0.9887,0,,mesure_experimentale
iodp_remanence_379_11200466,379,U1532,G,CUBE9751311,0.026055,42.4,336.3,529.13,14,5,100,0.001763,0.0676646,-0.9956,0,,mesure_experimentale
iodp_remanence_379_11200466,379,U1532,G,CUBE9751321,0.015053,-19.4,16.1,533.7,14,5,100,0.001272,0.0845014,-0.9956,0,,mesure_experimentale
iodp_remanence_379_11200466,379,U1532,G,CUBE9751771,0.009299,24.2,7.4,535.48,13,5,100,0.000597,0.0642005,-1.0000,0,,mesure_experimentale
iodp_remanence_379_11200466,379,U1532,G,CUBE9751781,0.018183,40.3,30.1,541.76,13,5,100,0.001859,0.102238,-1.0000,0,,mesure_experimentale
iodp_remanence_379_11200466,379,U1532,G,CUBE9752241,0.023287,-14.7,36.4,547.31,14,5,100,0.002433,0.104479,-0.9956,0,,mesure_experimentale
iodp_remanence_379_11200466,379,U1532,G,CUBE9752251,0.016531,-6.9,326.7,551.47,13,5,100,0.001279,0.0773698,-0.9945,0,,mesure_experimentale
iodp_remanence_379_11200466,379,U1532,G,CUBE9753051,0.017896,-27.2,61.4,557.2,13,5,100,0.001352,0.0755476,-0.9945,0,,mesure_experimentale
iodp_remanence_379_11200466,379,U1532,G,CUBE9753061,0.014584,27.7,29.2,559.16,13,5,100,0.001546,0.106007,-1.0000,0,,mesure_experimentale
iodp_remanence_379_11200466,379,U1532,G,CUBE9753441,0.009055,14.9,319.9,566.17,13,5,100,0.000964,0.106461,-0.9945,0,,mesure_experimentale
iodp_remanence_379_11200466,379,U1532,G,CUBE9753451,0.008586,12.6,10.7,568.74,13,5,100,0.001279,0.148963,-0.9945,0,,mesure_experimentale
iodp_remanence_379_11200466,379,U1532,G,CUBE9753891,0.020954,-7.7,337.9,577.49,13,5,100,0.002863,0.136633,-1.0000,0,,mesure_experimentale
iodp_remanence_379_11200466,379,U1532,G,CUBE9753901,0.012813,14.1,166.9,581.09,13,5,100,0.001222,0.0953719,-0.9286,0,,mesure_experimentale
iodp_remanence_379_11200466,379,U1532,G,CUBE9754421,0.030728,29.2,207.5,585.52,13,5,100,0.003045,0.0990953,-1.0000,0,,mesure_experimentale
iodp_remanence_379_11200466,379,U1532,G,CUBE9754431,0.033446,14.7,194.3,589.41,13,5,100,0.003115,0.0931352,-1.0000,0,,mesure_experimentale
iodp_remanence_379_11200466,379,U1532,G,CUBE9754781,0.036964,-15.7,210.3,593.73,13,5,100,0.003836,0.103777,-1.0000,0,,mesure_experimentale
iodp_remanence_379_11200466,379,U1532,G,CUBE9754791,0.014405,-4.4,200.0,597.72,13,5,100,0.001639,0.11378,-1.0000,0,,mesure_experimentale
iodp_remanence_379_11200466,379,U1532,G,CUBE9755241,0.041719,-21.8,239.8,604.78,13,5,100,0.003116,0.0746902,-1.0000,0,,mesure_experimentale
iodp_remanence_379_11200466,379,U1532,G,CUBE9755251,0.01858,-29.4,125.5,608.45,13,5,100,0.001939,0.10436,-1.0000,0,,mesure_experimentale
iodp_remanence_379_11200466,379,U1532,G,CUBE9755821,0.054489,18.2,139.6,614.32,12,5,90,0.005974,0.109637,-1.0000,0,,mesure_experimentale
iodp_remanence_379_11200466,379,U1532,G,CUBE9755831,0.026351,39.3,164.9,618.53,14,5,100,0.005684,0.215703,-0.9560,0,,mesure_experimentale
iodp_remanence_379_11200466,379,U1532,G,CUBE9756241,0.043255,0.3,191.6,622.16,13,5,100,0.003922,0.0906716,-1.0000,0,,mesure_experimentale
iodp_remanence_379_11200466,379,U1532,G,CUBE9756251,0.038554,33.0,131.5,629.02,13,5,100,0.003249,0.0842714,-1.0000,0,,mesure_experimentale
iodp_remanence_379_11200466,379,U1532,G,CUBE9756361,0.032533,-51.6,132.8,633.61,13,5,100,0.001907,0.0586174,-1.0000,0,,mesure_experimentale
iodp_remanence_379_11200466,379,U1532,G,CUBE9756371,0.011662,31.0,219.5,638.59,13,5,100,0.001243,0.106585,-0.9945,0,,mesure_experimentale
iodp_remanence_379_11200466,379,U1532,G,CUBE9756501,0.014862,-28.0,197.2,641.51,13,5,100,0.001905,0.128179,-0.9945,0,,mesure_experimentale
iodp_remanence_379_11200466,379,U1532,G,CUBE9756511,0.010337,13.8,169.3,648.46,13,5,100,0.001619,0.156622,-0.9945,0,,mesure_experimentale
iodp_remanence_379_11200466,379,U1532,G,CUBE9757051,0.050166,-60.1,232.3,653.59,13,5,100,0.003078,0.0613563,-0.9835,0,,mesure_experimentale
iodp_remanence_379_11200466,379,U1532,G,CUBE9757061,0.035808,2.9,152.6,656.31,13,5,100,0.002809,0.0784462,-0.9835,0,,mesure_experimentale
iodp_remanence_379_11200466,379,U1532,G,CUBE9757531,0.00587,-13.1,23.6,660.34,13,5,100,0.001225,0.208688,-0.9066,0,,mesure_experimentale
iodp_remanence_379_11200466,379,U1532,G,CUBE9757541,0.045507,-5.2,208.3,664.87,13,5,100,0.003763,0.0826906,-1.0000,0,,mesure_experimentale
iodp_remanence_379_11200466,379,U1532,G,CUBE9757631,0.066214,20.4,107.1,669.9,13,5,100,0.004788,0.072311,-1.0000,0,,mesure_experimentale
iodp_remanence_379_11200466,379,U1532,G,CUBE9757641,0.047786,50.3,220.9,674.52,13,5,100,0.002524,0.0528188,-1.0000,0,,mesure_experimentale
iodp_remanence_379_11200466,379,U1532,G,CUBE9758021,0.030651,36.7,156.1,683.02,13,5,100,0.002221,0.0724609,-1.0000,0,,mesure_experimentale
iodp_remanence_379_11200466,379,U1532,G,CUBE9758031,0.033814,-26.7,185.1,685.58,13,5,100,0.001081,0.031969,-0.9945,0,,mesure_experimentale
iodp_remanence_379_11200466,379,U1532,G,CUBE9758111,0.041755,-52.8,207.4,691.68,13,5,100,0.002214,0.0530236,-0.9945,0,,mesure_experimentale
iodp_remanence_379_11200466,379,U1532,G,CUBE9758121,0.033741,-41.0,211.3,695.34,13,5,100,0.002298,0.0681071,-0.9945,0,,mesure_experimentale
iodp_remanence_379_11200466,379,U1532,G,CUBE9758291,0.024516,43.2,247.7,700.08,13,5,100,0.000561,0.022883,-0.9945,0,,mesure_experimentale
iodp_remanence_379_11200466,379,U1532,G,CUBE9758301,0.005057,38.1,54.6,705.93,13,5,100,0.000742,0.146727,-0.9945,0,,mesure_experimentale
iodp_remanence_379_11200466,379,U1532,G,CUBE9758431,0.018369,-20.6,239.7,709.84,13,5,100,0.001355,0.0737656,-0.9945,0,,mesure_experimentale
iodp_remanence_379_11200466,379,U1532,G,CUBE9758441,0.066638,15.3,183.0,715.31,13,5,100,0.004294,0.0644377,-1.0000,0,,mesure_experimentale
iodp_remanence_379_11200466,379,U1532,G,CUBE9759751,0.039475,20.3,229.9,717.69,13,5,100,0.001376,0.0348575,-1.0000,0,,mesure_experimentale
iodp_remanence_379_11200466,379,U1532,G,CUBE9759761,0.008842,1.3,127.4,723.67,13,5,100,0.000656,0.0741914,-1.0000,0,,mesure_experimentale
iodp_remanence_379_11200466,379,U1532,G,CUBE9760381,0.014158,-51.1,195.6,728.81,13,5,100,0.001069,0.075505,-0.9945,0,,mesure_experimentale
iodp_remanence_379_11200466,379,U1532,G,CUBE9760391,0.010248,-0.3,135.2,733.82,13,5,100,0.000665,0.0648907,-0.9945,0,,mesure_experimentale
iodp_remanence_379_11200466,379,U1532,G,CUBE9761011,0.018659,6.9,121.2,737.28,13,5,100,0.000678,0.0363364,-1.0000,0,,mesure_experimentale
iodp_remanence_379_11200466,379,U1532,G,CUBE9761021,0.011703,-4.9,172.0,743.25,13,5,100,0.000569,0.04862,-1.0000,0,,mesure_experimentale
iodp_remanence_379_11200466,379,U1532,G,CUBE9761401,0.006776,-21.8,225.5,759.19,13,5,100,0.000388,0.0572609,-0.9945,0,,mesure_experimentale
iodp_remanence_379_11200466,379,U1532,G,CUBE9761411,0.002909,53.8,177.2,764.02,13,5,100,0.000436,0.14988,-0.9945,0,,mesure_experimentale
iodp_remanence_379_11200466,379,U1532,G,CUBE9762031,0.001041,-54.0,222.8,767.61,12,5,100,0.000267,0.256484,-0.9790,0,,mesure_experimentale
iodp_remanence_379_11200466,379,U1532,G,CUBE9762041,0.043995,-6.6,201.9,772.14,13,5,90,0.001305,0.0296625,-0.9945,0,,mesure_experimentale
iodp_remanence_379_11200466,379,U1532,G,CUBE9762121,0.022682,15.7,212.3,776.68,14,5,100,0.000818,0.0360638,-0.9033,0,,mesure_experimentale
iodp_remanence_379_11200466,379,U1532,G,CUBE9762221,0.023688,-63.9,186.8,781.94,14,5,100,0.000626,0.0264269,-0.9956,0,,mesure_experimentale
iodp_remanence_379_11200466,379,U1532,G,CUBE9762231,0.000727,-27.5,213.8,786.2,13,5,100,0.000281,0.38652,-0.9396,0,,mesure_experimentale
iodp_remanence_379_11200466,379,U1532,G,CUBE9762461,0.032119,-81.3,195.5,749.7,13,5,100,0.00071,0.0221053,-0.9890,0,,mesure_experimentale
iodp_remanence_379_11200466,379,U1533,A,CUBE9768091,0.031282,-35.3,90.5,3.52,52,5,100,0.010692,0.341794,-0.9069,0,,mesure_experimentale
iodp_remanence_379_11200466,379,U1533,A,CUBE9768101,0.04307,-35.4,90.5,8.21,39,5,100,0.008116,0.188437,-0.9731,51,0.9189,mesure_experimentale
iodp_remanence_379_11200466,379,U1533,A,CUBE9768401,0.018737,2.3,358.6,9.92,39,5,100,0.007018,0.374553,-0.9457,0,,mesure_experimentale
iodp_remanence_379_11200466,379,U1533,A,CUBE9768411,0.007417,-88.2,100.0,17.87,39,5,100,0.004765,0.642443,-0.6342,0,,mesure_experimentale
iodp_remanence_379_11200466,379,U1533,A,CUBE9769621,0.014426,-32.0,197.5,20.7,39,5,100,0.006204,0.430057,-0.8364,0,,mesure_experimentale
iodp_remanence_379_11200466,379,U1533,A,CUBE9769631,0.018031,-25.5,184.0,27.53,39,5,100,0.006485,0.359658,-0.9512,0,,mesure_experimentale
iodp_remanence_379_11200466,379,U1533,B,CUBE9770341,0.049547,-16.8,26.6,27.65,52,5,100,0.002907,0.0586716,-0.9889,0,,mesure_experimentale
iodp_remanence_379_11200466,379,U1533,B,CUBE9770351,0.016467,-38.4,189.3,32.15,52,5,100,0.002276,0.138216,-0.9179,0,,mesure_experimentale
iodp_remanence_379_11200466,379,U1533,B,CUBE9771831,0.044893,-4.6,18.3,37.78,52,5,100,0.017764,0.395696,-0.9889,0,,mesure_experimentale
iodp_remanence_379_11200466,379,U1533,B,CUBE9771841,0.041403,-8.0,2.1,43.81,52,5,100,0.001016,0.0245393,-0.9889,68,0.9402,mesure_experimentale
iodp_remanence_379_11200466,379,U1533,B,CUBE9772011,0.063832,-17.1,21.9,47.03,39,5,100,0.000716,0.0112169,-0.9895,0,,mesure_experimentale
iodp_remanence_379_11200466,379,U1533,B,CUBE9772021,0.005332,-12.6,10.0,51.09,39,5,100,0.000301,0.0564516,-0.9676,0,,mesure_experimentale
iodp_remanence_379_11200466,379,U1533,B,CUBE9772521,0.049585,-8.1,187.4,56.59,39,5,100,0.002838,0.0572351,-0.9840,0,,mesure_experimentale
iodp_remanence_379_11200466,379,U1533,B,CUBE9772531,0.029945,4.2,8.8,62.49,39,5,100,0.000836,0.0279178,-0.9895,0,,mesure_experimentale
iodp_remanence_379_11200466,379,U1533,B,CUBE9774281,0.055967,2.2,331.9,65.76,39,5,100,0.002463,0.0440081,-0.9895,0,,mesure_experimentale
iodp_remanence_379_11200466,379,U1533,B,CUBE9774291,0.000563,-11.4,339.7,71.64,39,5,100,9.6e-05,0.170515,-0.9621,0,,mesure_experimentale
iodp_remanence_379_11200466,379,U1533,B,CUBE9774811,0.008437,-4.1,356.0,74.06,39,5,100,0.000216,0.0256015,-0.9676,0,,mesure_experimentale
iodp_remanence_379_11200466,379,U1533,B,CUBE9775491,0.000455,-41.0,199.7,87.33,39,5,100,0.00024,0.527473,-0.9348,51,0.9189,mesure_experimentale
iodp_remanence_379_11200466,379,U1533,B,CUBE9775501,0.041246,12.6,200.1,91.01,39,5,100,0.001759,0.0426466,-0.9895,0,,mesure_experimentale
iodp_remanence_379_11200466,379,U1533,B,CUBE9775771,0.068638,6.4,189.9,97.62,39,5,100,0.002569,0.0374282,-0.9895,0,,mesure_experimentale
iodp_remanence_379_11200466,379,U1533,B,CUBE9775781,0.001287,4.0,198.3,99.81,39,5,100,0.000705,0.547786,-0.9676,0,,mesure_experimentale
iodp_remanence_379_11200466,379,U1533,B,CUBE9775981,0.012755,4.4,172.6,103.56,39,5,100,0.000653,0.0511956,-0.9457,0,,mesure_experimentale
iodp_remanence_379_11200466,379,U1533,B,CUBE9775991,0.000733,-21.0,186.0,108.07,39,5,100,0.000558,0.761255,-0.8338,0,,mesure_experimentale
iodp_remanence_379_11200466,379,U1533,B,CUBE9776581,0.028781,-61.1,201.4,115.15,39,5,100,0.004117,0.143046,-0.9731,0,,mesure_experimentale
iodp_remanence_379_11200466,379,U1533,B,CUBE9776591,0.047814,-21.6,199.2,116.2,39,5,100,0.002467,0.0515958,-0.9895,0,,mesure_experimentale
iodp_remanence_379_11200466,379,U1533,B,CUBE9776741,0.016873,20.7,320.1,121.12,39,5,100,0.00079,0.0468204,-0.9840,0,,mesure_experimentale
iodp_remanence_379_11200466,379,U1533,B,CUBE9776911,0.016245,25.3,206.5,131.91,39,5,100,0.001688,0.103909,-0.9676,0,,mesure_experimentale
iodp_remanence_379_11200466,379,U1533,B,CUBE9776921,0.015498,-12.7,172.1,135.6,39,5,100,0.001242,0.0801394,-0.9840,51,0.9189,mesure_experimentale
iodp_remanence_379_11200466,379,U1533,B,CUBE9776981,0.083504,0.6,3.6,141.67,39,5,100,0.001899,0.0227414,-0.9895,0,,mesure_experimentale
iodp_remanence_379_11200466,379,U1533,B,CUBE9776991,0.009162,17.0,5.9,144.19,39,5,100,0.002153,0.234992,-0.9895,0,,mesure_experimentale
iodp_remanence_379_11200466,379,U1533,B,CUBE9777161,0.041617,-17.3,11.4,150.95,39,5,100,0.001695,0.0407285,-0.9895,0,,mesure_experimentale
iodp_remanence_379_11200466,379,U1533,B,CUBE9777171,0.030945,-23.4,345.1,155.65,42,5,100,0.001365,0.0441105,-0.9888,0,,mesure_experimentale
iodp_remanence_379_11200466,379,U1533,B,CUBE9777261,0.020727,-47.8,335.8,165.77,39,5,100,0.000881,0.0425049,-0.9895,0,,mesure_experimentale
iodp_remanence_379_11200466,379,U1533,B,CUBE9777381,0.06728,-4.4,355.4,178.11,39,5,100,0.001842,0.0273781,-0.9840,0,,mesure_experimentale
iodp_remanence_379_11200466,379,U1533,B,CUBE9777391,0.0453,-32.2,20.4,178.73,42,5,100,0.003033,0.0669536,-0.9874,0,,mesure_experimentale
iodp_remanence_379_11200466,379,U1533,C,CUBE9777561,0.076692,-21.9,346.5,2.56,39,5,100,0.026793,0.349358,-0.9348,0,,mesure_experimentale
iodp_remanence_379_11200466,379,U1533,C,CUBE9777571,0.01176,-39.9,342.0,4.68,39,5,100,0.001747,0.148554,-0.9348,51,0.9433,mesure_experimentale
iodp_remanence_379_11200466,379,U1533,B,CUBE9778301,0.01908,-15.4,0.7,170.41,39,5,100,0.000861,0.0451258,-0.9840,0,,mesure_experimentale
iodp_remanence_379_11200466,379,U1533,B,CUBE9778311,0.011731,-18.5,170.5,172.36,39,5,100,0.00118,0.100588,-0.9457,0,,mesure_experimentale
iodp_remanence_379_11200466,379,U1533,D,CUBE9780091,0.052554,-11.4,11.8,8.83,52,5,100,0.012257,0.233227,-0.9834,0,,mesure_experimentale
iodp_remanence_379_11200466,379,U1533,D,CUBE9780101,0.040618,3.1,0.4,11.15,52,5,100,0.006142,0.151214,-0.9834,0,,mesure_experimentale
iodp_remanence_379_11200466,379,U1533,D,CUBE9780291,0.023267,-28.1,209.0,15.03,39,5,100,0.007884,0.338849,-0.9512,0,,mesure_experimentale
iodp_remanence_379_11200466,379,U1533,D,CUBE9780301,0.020179,-4.2,47.6,20.5,39,5,100,0.004677,0.231776,-0.8966,0,,mesure_experimentale
iodp_remanence_379_11200466,379,U1533,D,CUBE9780581,0.024987,-31.5,182.0,22.34,39,5,100,0.006637,0.265618,-0.9731,0,,mesure_experimentale
iodp_remanence_379_11200466,379,U1533,D,CUBE9780591,0.060807,5.4,358.5,28.87,52,5,100,0.008312,0.136695,-0.9889,0,,mesure_experimentale
iodp_remanence_379_11200466,379,U1533,D,CUBE9781151,0.033948,-26.1,171.1,34.12,39,5,100,0.005273,0.155326,-0.9840,0,,mesure_experimentale
iodp_remanence_379_11200466,379,U1533,D,CUBE9781171,0.01271,-7.2,149.6,38.77,52,5,100,0.005766,0.453659,-0.9834,68,0.9210,mesure_experimentale
iodp_remanence_379_11200466,379,U1533,B,CUBE9781511,0.018504,-4.0,147.1,189.57,36,5,100,0.001294,0.0699308,-0.9876,0,,mesure_experimentale
iodp_remanence_379_11200466,379,U1533,B,CUBE9781591,0.026708,3.9,140.9,195.51,36,5,100,0.002666,0.0998203,-0.9876,0,,mesure_experimentale
iodp_remanence_379_11200466,379,U1533,B,CUBE9782351,0.021918,11.3,207.5,196.84,39,5,100,0.001728,0.0788393,-0.9895,0,,mesure_experimentale
iodp_remanence_379_11200466,379,U1533,B,CUBE9782391,0.006804,-72.8,112.9,201.43,39,5,100,0.000375,0.0551146,-0.9840,0,,mesure_experimentale
iodp_remanence_379_11200466,379,U1533,B,CUBE9783311,0.010278,-26.6,348.0,207.87,39,5,100,0.001158,0.112668,-0.9895,0,,mesure_experimentale
iodp_remanence_379_11200466,379,U1533,B,CUBE9784061,0.041467,-3.1,349.7,217.86,39,5,100,0.002813,0.0678371,-0.9895,0,,mesure_experimentale
iodp_remanence_379_11200466,379,U1533,B,CUBE9784071,0.014724,-22.0,356.9,221.18,39,5,100,0.001474,0.100109,-0.9895,0,,mesure_experimentale
iodp_remanence_379_11200466,379,U1533,B,CUBE9784611,0.026222,1.0,333.1,224.76,39,5,100,0.002933,0.111853,-0.9895,0,,mesure_experimentale
iodp_remanence_379_11200466,379,U1533,B,CUBE9784621,0.022704,10.5,92.8,227.98,39,5,100,0.002276,0.100247,-0.9895,0,,mesure_experimentale
iodp_remanence_379_11200466,379,U1533,B,CUBE9784821,0.009587,0.3,290.2,235.84,42,5,100,0.001318,0.137478,-0.9830,0,,mesure_experimentale
iodp_remanence_379_11200466,379,U1533,B,CUBE9784831,0.012732,-8.6,23.0,238.05,39,5,100,0.001233,0.0968426,-0.9895,0,,mesure_experimentale
iodp_remanence_379_11200466,379,U1533,B,CUBE9785001,0.017727,-20.8,30.6,243.15,39,5,100,0.000536,0.0302364,-0.9840,0,,mesure_experimentale
iodp_remanence_379_11200466,379,U1533,B,CUBE9785011,0.004616,-29.3,290.9,249.62,42,5,100,0.000749,0.162262,-0.9276,0,,mesure_experimentale
iodp_remanence_379_11200466,379,U1533,B,CUBE9785231,0.007224,-28.6,328.1,254.7,39,5,100,0.001387,0.191999,-0.9895,0,,mesure_experimentale
iodp_remanence_379_11200466,379,U1533,B,CUBE9785691,0.031897,-34.8,168.8,265.52,42,5,100,0.001414,0.0443302,-0.9888,0,,mesure_experimentale
iodp_remanence_379_11200466,379,U1533,B,CUBE9785791,0.027319,-28.7,156.7,273.78,36,5,90,0.001363,0.049892,-0.9876,0,,mesure_experimentale
iodp_remanence_379_11200466,379,U1533,B,CUBE9786741,0.033983,15.0,10.1,342.16,39,5,100,0.001886,0.0554983,-0.9895,0,,mesure_experimentale
iodp_remanence_379_11200466,379,U1533,B,CUBE9786751,0.017879,11.0,355.0,344.03,39,5,100,0.000247,0.0138151,-0.9785,0,,mesure_experimentale
iodp_remanence_379_11200466,379,U1533,B,CUBE9787931,0.001449,-34.0,337.9,373.29,39,5,100,0.000119,0.0821256,-0.9840,0,,mesure_experimentale
iodp_remanence_379_11200466,379,U1533,B,CUBE9787941,0.002128,-0.7,3.7,376.42,39,5,100,0.000344,0.161654,-0.8747,0,,mesure_experimentale
iodp_remanence_379_11200466,379,U1533,B,CUBE9788031,0.001091,10.7,4.9,380.22,39,5,100,5.1e-05,0.0467461,-0.9676,0,,mesure_experimentale
iodp_remanence_383_10406796,383,U1539,A,CUBE10021951,0.00334,41.2,350.2,0.7,60,5,100,0.000603,0.180539,-0.9717,0,,mesure_experimentale
iodp_remanence_383_10406796,383,U1539,A,CUBE10021961,0.010991,4.6,348.8,2.2,42,5,100,0.001287,0.117096,-0.9569,0,,mesure_experimentale
iodp_remanence_383_10406796,383,U1539,A,CUBE10024291,0.000477,13.4,53.4,7.32,6,5,10,0.000593,1.24319,-0.5429,0,,mesure_experimentale
iodp_remanence_383_10406796,383,U1539,A,CUBE10024911,0.000174,-16.4,47.5,18.08,48,5,100,1.6e-05,0.091954,-0.9184,0,,mesure_experimentale
iodp_remanence_383_10406796,383,U1539,A,CUBE10024921,0.000138,-31.1,339.4,22.04,8,5,10,0.000136,0.985507,-0.5238,0,,mesure_experimentale
iodp_remanence_383_10406796,383,U1539,A,CUBE10025041,0.000553,-10.9,344.2,27.65,36,5,100,3.8e-05,0.0687161,-0.9876,0,,mesure_experimentale
iodp_remanence_383_10406796,383,U1539,A,CUBE10026341,6.8e-05,14.4,6.6,35.37,6,5,10,7.9e-05,1.16176,-0.5429,0,,mesure_experimentale
iodp_remanence_383_10406796,383,U1539,A,CUBE10027471,1.3e-05,22.0,98.7,73.14,6,5,10,3.4e-05,2.61538,1.0000,0,,mesure_experimentale
iodp_remanence_383_10406796,383,U1539,A,CUBE10027811,0.00019,-5.9,347.9,82.8,8,5,10,0.000269,1.41579,-0.5238,0,,mesure_experimentale
iodp_remanence_383_10406796,383,U1539,A,CUBE10027921,9e-05,-10.7,61.7,93.65,36,5,100,1e-05,0.111111,-0.9112,0,,mesure_experimentale
iodp_remanence_383_10406796,383,U1539,C,CUBE10037821,8.6e-05,-19.0,340.7,98.93,96,5,100,2.8e-05,0.325581,-0.7907,8,0.3810,mesure_experimentale
iodp_remanence_383_10406796,383,U1539,C,CUBE10039631,0.000106,37.3,357.9,115.77,96,5,100,1.6e-05,0.150943,-0.7165,4,1.0000,mesure_experimentale
iodp_remanence_383_10406796,383,U1539,C,CUBE10040991,0.000234,23.3,337.0,128.58,96,5,100,2.4e-05,0.102564,-0.8453,8,0.6667,mesure_experimentale
iodp_remanence_383_10406796,383,U1539,C,CUBE10041961,5.7e-05,4.3,23.2,138.51,92,5,100,4.1e-05,0.719298,-0.6157,8,0.2857,mesure_experimentale
iodp_remanence_383_10406796,383,U1539,C,CUBE10044021,0.000145,11.6,212.1,182.55,66,5,100,4e-05,0.275862,-0.8019,3,1.0000,mesure_experimentale
iodp_remanence_383_10406796,383,U1540,A,CUBE10056631,7.4e-05,-53.8,323.1,22.39,164,5,100,9e-06,0.121622,-0.8120,12,0.0909,mesure_experimentale
iodp_remanence_383_10406796,383,U1540,A,CUBE10059841,0.000307,-6.7,186.7,32.32,126,5,100,0.000105,0.34202,-0.6685,9,0.4500,mesure_experimentale
iodp_remanence_383_10406796,383,U1540,A,CUBE10061461,0.000255,2.0,182.1,42.22,135,5,100,9.4e-05,0.368627,-0.4484,9,0.0000,mesure_experimentale
iodp_remanence_383_10406796,383,U1540,A,CUBE10062681,4.1e-05,-19.2,312.5,50.49,204,5,100,2.9e-05,0.707317,-0.7062,16,0.3353,mesure_experimentale
iodp_remanence_383_10406796,383,U1540,A,CUBE10063931,8e-06,50.0,237.6,73.05,172,5,100,2e-05,2.5,-0.4625,12,0.5385,mesure_experimentale
iodp_remanence_383_10406796,383,U1540,D,CUBE10079411,0.005565,-26.0,188.3,151.91,76,5,100,0.000152,0.0273136,-0.9532,0,,mesure_experimentale
iodp_remanence_383_10406796,383,U1540,D,CUBE10079461,0.004747,-17.9,186.3,161.65,88,5,100,0.000267,0.0562461,-0.9388,0,,mesure_experimentale
iodp_remanence_383_10406796,383,U1540,D,CUBE10080621,0.003908,-17.3,186.7,171.15,198,5,100,0.000507,0.129734,-0.5583,0,,mesure_experimentale
iodp_remanence_383_10406796,383,U1540,D,CUBE10081011,0.002298,-25.0,337.8,180.86,102,5,100,3e-05,0.0130548,-0.9076,0,,mesure_experimentale
iodp_remanence_383_10406796,383,U1540,D,CUBE10081591,0.008268,-5.9,183.8,191.54,232,5,100,0.000462,0.0558781,-0.7639,0,,mesure_experimentale
iodp_remanence_383_10406796,383,U1542,A,CUBE10112091,0.019522,25.7,61.3,2.39,63,5,100,0.004148,0.212478,-0.9852,0,,mesure_experimentale
iodp_remanence_383_10406796,383,U1542,A,CUBE10118831,0.074614,10.4,185.5,49.77,45,5,100,0.001811,0.0242716,-0.9858,0,,mesure_experimentale
iodp_remanence_383_10406796,383,U1542,A,CUBE10120621,0.007885,5.0,194.4,123.52,51,5,100,0.000405,0.0513633,-0.7819,0,,mesure_experimentale
iodp_remanence_383_10406796,383,U1542,C,CUBE10127671,0.060678,7.6,206.2,174.68,60,5,100,0.006162,0.101552,-0.9856,0,,mesure_experimentale
iodp_remanence_383_10406796,383,U1542,C,CUBE10130621,0.093358,-2.4,185.0,230.45,68,5,100,0.002251,0.0241115,-0.9392,0,,mesure_experimentale
iodp_remanence_383_10406796,383,U1543,A,CUBE10142711,0.053551,-20.3,21.4,3.98,44,5,50,0.018994,0.35469,-0.9727,0,,mesure_experimentale
iodp_remanence_383_10406796,383,U1543,A,CUBE10154011,0.122703,-1.4,163.5,132.82,33,5,50,0.019484,0.15879,-0.9736,0,,mesure_experimentale
iodp_remanence_383_10406796,383,U1543,A,CUBE10155971,0.014971,-1.9,332.3,166.11,36,5,50,0.004038,0.269721,-0.9776,0,,mesure_experimentale
iodp_remanence_383_10406796,383,U1543,A,CUBE10161721,0.000456,-52.6,7.5,246.64,78,5,50,0.000468,1.02632,-0.9821,0,,mesure_experimentale
iodp_remanence_383_10406796,383,U1543,A,CUBE10180981,0.052144,2.6,197.8,266.0,48,5,50,0.005446,0.104442,-0.9720,0,,mesure_experimentale
iodp_remanence_385_7708642,385,U1545,A,CUBE10356811,0.008306,37.4,204.5,3.86,8,10,60,0.000312,0.0375632,-1.0000,0,,mesure_experimentale
iodp_remanence_385_7708642,385,U1545,A,CUBE10358001,0.01246,35.0,192.0,6.91,10,5,60,0.000715,0.0573836,-0.9879,0,,mesure_experimentale
iodp_remanence_385_7708642,385,U1545,A,CUBE10358011,0.01133,13.7,217.6,11.22,10,5,60,0.000776,0.0684907,-0.9879,0,,mesure_experimentale
iodp_remanence_385_7708642,385,U1545,A,CUBE10360041,0.00512,17.4,217.1,15.02,9,5,60,0.000218,0.0425781,-1.0000,0,,mesure_experimentale
iodp_remanence_385_7708642,385,U1545,A,CUBE10360051,0.006007,23.6,219.3,19.03,9,5,60,0.000197,0.0327951,-1.0000,0,,mesure_experimentale
iodp_remanence_385_7708642,385,U1545,A,CUBE10360641,0.007252,40.6,184.0,25.51,9,5,60,0.000666,0.0918367,-1.0000,0,,mesure_experimentale
iodp_remanence_385_7708642,385,U1545,A,CUBE10360651,0.006171,29.2,208.7,30.4,9,5,60,0.00061,0.0988495,-0.9833,0,,mesure_experimentale
iodp_remanence_385_7708642,385,U1545,A,CUBE10361381,0.004166,-46.3,173.9,34.73,9,5,60,0.0001,0.0240038,-0.9833,0,,mesure_experimentale
iodp_remanence_385_7708642,385,U1545,A,CUBE10361391,0.006335,-44.9,178.3,39.55,18,5,200,8.7e-05,0.0137332,-0.7647,0,,mesure_experimentale
iodp_remanence_385_7708642,385,U1545,A,CUBE10362051,0.005402,-7.5,126.3,44.52,18,5,200,3.7e-05,0.00684932,-0.8349,0,,mesure_experimentale
iodp_remanence_385_7708642,385,U1545,A,CUBE10362061,0.006395,5.1,130.6,49.31,9,5,60,0.000587,0.0917905,-0.9833,0,,mesure_experimentale
iodp_remanence_385_7708642,385,U1545,A,CUBE10362591,0.003624,-35.5,205.2,53.72,9,5,60,0.000125,0.0344923,-0.9833,0,,mesure_experimentale
iodp_remanence_385_7708642,385,U1545,A,CUBE10362601,0.003019,-40.2,212.7,59.19,18,5,200,2.9e-05,0.00960583,-0.7626,0,,mesure_experimentale
iodp_remanence_385_7708642,385,U1545,A,CUBE10363331,0.003162,32.6,206.2,63.56,9,5,60,0.000156,0.0493359,-1.0000,0,,mesure_experimentale
iodp_remanence_385_7708642,385,U1545,A,CUBE10363341,0.001125,19.5,220.4,67.94,9,5,60,5.3e-05,0.0471111,-1.0000,0,,mesure_experimentale
iodp_remanence_385_7708642,385,U1545,A,CUBE10364411,0.00135,-37.6,163.8,73.34,9,5,60,4.5e-05,0.0333333,-1.0000,0,,mesure_experimentale
iodp_remanence_385_7708642,385,U1545,A,CUBE10364421,0.001619,-39.5,165.1,77.26,9,5,60,3.3e-05,0.020383,-1.0000,0,,mesure_experimentale
iodp_remanence_385_7708642,385,U1545,A,CUBE10364961,0.000798,28.0,160.5,82.71,9,5,60,3.9e-05,0.0488722,-0.9833,0,,mesure_experimentale
iodp_remanence_385_7708642,385,U1545,A,CUBE10364971,0.000502,18.5,158.6,87.19,9,5,60,3.1e-05,0.061753,-0.9833,0,,mesure_experimentale
iodp_remanence_385_7708642,385,U1545,A,CUBE10365401,0.000384,-17.8,157.2,90.69,9,5,60,2.5e-05,0.0651042,-1.0000,0,,mesure_experimentale
iodp_remanence_385_7708642,385,U1545,A,CUBE10365411,0.000607,-13.2,154.6,95.25,9,5,60,3.9e-05,0.0642504,-1.0000,0,,mesure_experimentale
iodp_remanence_385_7708642,385,U1545,A,CUBE10366011,0.000668,-26.1,158.1,101.54,9,5,60,1e-05,0.0149701,-1.0000,0,,mesure_experimentale
iodp_remanence_385_7708642,385,U1545,A,CUBE10366021,0.000526,-21.8,150.4,104.81,9,5,60,1.9e-05,0.0361217,-1.0000,0,,mesure_experimentale
iodp_remanence_385_7708642,385,U1545,A,CUBE10366411,0.000587,-31.2,209.2,110.25,9,5,60,5.2e-05,0.088586,-1.0000,0,,mesure_experimentale
iodp_remanence_385_7708642,385,U1545,A,CUBE10366421,0.000633,-20.7,214.0,115.24,9,5,60,6.6e-05,0.104265,-1.0000,0,,mesure_experimentale
iodp_remanence_385_7708642,385,U1545,A,CUBE10366841,0.000679,-32.4,201.2,120.18,9,5,60,4.6e-05,0.0677467,-0.9833,0,,mesure_experimentale
iodp_remanence_385_7708642,385,U1545,A,CUBE10366851,0.00085,-25.2,210.9,124.0,9,5,60,5.5e-05,0.0647059,-0.9833,0,,mesure_experimentale
iodp_remanence_385_7708642,385,U1545,A,CUBE10367471,0.000303,35.0,178.5,126.61,9,5,60,2.5e-05,0.0825083,-0.9833,0,,mesure_experimentale
iodp_remanence_385_7708642,385,U1545,A,CUBE10367481,0.000615,31.3,176.9,131.0,9,5,60,6.4e-05,0.104065,-1.0000,0,,mesure_experimentale
iodp_remanence_385_7708642,385,U1545,A,CUBE10368001,0.000328,8.0,158.8,136.83,9,5,60,1.1e-05,0.0335366,-0.9667,0,,mesure_experimentale
iodp_remanence_385_7708642,385,U1545,A,CUBE10368191,0.00059,29.7,183.7,144.32,9,5,60,1.1e-05,0.0186441,-1.0000,0,,mesure_experimentale
iodp_remanence_385_7708642,385,U1545,A,CUBE10368461,0.000708,16.0,172.8,148.45,9,5,60,3.4e-05,0.0480226,-1.0000,0,,mesure_experimentale
iodp_remanence_385_7708642,385,U1545,A,CUBE10368491,0.000705,-24.6,176.8,154.81,9,5,60,2.2e-05,0.0312057,-1.0000,0,,mesure_experimentale
iodp_remanence_385_7708642,385,U1545,A,CUBE10369181,0.001044,8.2,196.8,163.78,9,5,60,5.5e-05,0.052682,-1.0000,0,,mesure_experimentale
iodp_remanence_385_7708642,385,U1545,A,CUBE10369411,0.000633,-13.1,201.5,169.08,9,5,60,2.9e-05,0.0458136,-1.0000,0,,mesure_experimentale
iodp_remanence_385_7708642,385,U1545,A,CUBE10369421,0.001452,0.3,147.8,173.0,9,5,60,9.8e-05,0.0674931,-1.0000,0,,mesure_experimentale
iodp_remanence_385_7708642,385,U1545,A,CUBE10369701,0.004788,-13.6,148.2,176.57,9,5,60,0.000186,0.0388471,-1.0000,0,,mesure_experimentale
iodp_remanence_385_7708642,385,U1545,A,CUBE10369711,0.00212,26.5,150.8,182.17,9,5,60,0.000143,0.0674528,-1.0000,0,,mesure_experimentale
iodp_remanence_385_7708642,385,U1545,A,CUBE10369861,0.000845,6.5,152.8,185.18,9,5,60,4e-05,0.0473373,-1.0000,0,,mesure_experimentale
iodp_remanence_385_7708642,385,U1545,A,CUBE10369901,0.000501,-5.8,157.8,190.48,9,5,60,4.5e-05,0.0898204,-0.9833,0,,mesure_experimentale
iodp_remanence_385_7708642,385,U1545,A,CUBE10369911,0.002976,42.6,180.0,195.09,9,5,60,6.8e-05,0.0228495,-1.0000,0,,mesure_experimentale
iodp_remanence_385_7708642,385,U1545,A,CUBE10370491,0.002463,-28.6,207.7,200.08,9,5,60,3.8e-05,0.0154283,-1.0000,0,,mesure_experimentale
iodp_remanence_385_7708642,385,U1545,A,CUBE10370731,0.00176,-18.4,207.8,205.2,9,5,60,5.4e-05,0.0306818,-1.0000,0,,mesure_experimentale
iodp_remanence_385_7708642,385,U1545,A,CUBE10370741,0.00028,-26.4,209.1,208.69,9,5,60,3.3e-05,0.117857,-1.0000,0,,mesure_experimentale
iodp_remanence_385_7708642,385,U1545,A,CUBE10371441,0.000781,11.2,166.8,214.16,9,5,60,5.3e-05,0.0678617,-1.0000,0,,mesure_experimentale
iodp_remanence_385_7708642,385,U1545,A,CUBE10371451,0.000451,14.9,178.8,218.61,9,5,60,1.3e-05,0.0288248,-1.0000,0,,mesure_experimentale
iodp_remanence_385_7708642,385,U1545,A,CUBE10372241,0.000823,-8.5,168.9,222.13,9,5,60,2.7e-05,0.0328068,-1.0000,0,,mesure_experimentale
iodp_remanence_385_7708642,385,U1545,A,CUBE10372251,0.00094,1.9,166.5,226.64,9,5,60,5.1e-05,0.0542553,-1.0000,0,,mesure_experimentale
iodp_remanence_385_7708642,385,U1545,A,CUBE10372451,0.000789,16.7,195.8,231.58,9,5,60,3.1e-05,0.0392902,-1.0000,0,,mesure_experimentale
iodp_remanence_385_7708642,385,U1545,A,CUBE10372461,0.001011,-14.3,176.4,236.28,9,5,60,3.2e-05,0.0316518,-0.9833,0,,mesure_experimentale
iodp_remanence_385_7708642,385,U1545,A,CUBE10373251,0.001086,8.8,182.6,241.43,9,5,60,4.5e-05,0.0414365,-1.0000,0,,mesure_experimentale
iodp_remanence_385_7708642,385,U1545,A,CUBE10373311,0.002692,-21.7,160.3,244.78,9,5,60,0.000323,0.119985,-1.0000,0,,mesure_experimentale
iodp_remanence_385_7708642,385,U1545,A,CUBE10373321,0.003125,-3.2,210.3,249.72,9,5,60,9.1e-05,0.02912,-1.0000,0,,mesure_experimentale
iodp_remanence_385_7708642,385,U1545,A,CUBE10373731,0.003751,23.9,191.4,254.0,9,5,60,0.000139,0.0370568,-1.0000,0,,mesure_experimentale
iodp_remanence_385_7708642,385,U1545,A,CUBE10373741,0.004249,12.1,180.5,258.99,9,5,60,9.8e-05,0.0230643,-1.0000,0,,mesure_experimentale
iodp_remanence_385_7708642,385,U1545,A,CUBE10374191,0.004718,-1.2,153.2,264.51,9,5,60,8.2e-05,0.0173802,-1.0000,0,,mesure_experimentale
iodp_remanence_385_7708642,385,U1545,A,CUBE10374201,0.004313,12.3,207.6,269.13,9,5,60,0.000164,0.0380246,-1.0000,0,,mesure_experimentale
iodp_remanence_385_7708642,385,U1545,A,CUBE10374571,0.004055,12.2,215.0,274.39,9,5,60,8.7e-05,0.021455,-1.0000,0,,mesure_experimentale
iodp_remanence_385_7708642,385,U1545,A,CUBE10374651,0.000609,10.4,174.8,282.07,9,5,60,2.7e-05,0.044335,-0.9333,0,,mesure_experimentale
iodp_remanence_385_7708642,385,U1545,A,CUBE10374951,0.000974,-23.3,157.8,324.45,9,5,60,6.5e-05,0.0667351,-1.0000,0,,mesure_experimentale
iodp_remanence_385_7708642,385,U1546,A,CUBE10422811,0.006703,-24.2,145.7,8.17,9,5,60,0.000457,0.0681784,-1.0000,0,,mesure_experimentale
iodp_remanence_385_7708642,385,U1546,A,CUBE10422821,0.010455,-25.5,146.9,11.84,9,5,60,0.000329,0.0314682,-1.0000,0,,mesure_experimentale
iodp_remanence_385_7708642,385,U1546,A,CUBE10424011,0.004847,-17.8,219.3,17.14,9,5,60,0.000256,0.0528162,-0.9833,0,,mesure_experimentale
iodp_remanence_385_7708642,385,U1546,A,CUBE10424021,0.007561,-6.6,216.9,21.97,9,5,60,0.000744,0.0983997,-0.9833,0,,mesure_experimentale
iodp_remanence_385_7708642,385,U1546,A,CUBE10425541,0.003997,36.7,173.9,26.61,9,5,60,6.9e-05,0.0172629,-1.0000,0,,mesure_experimentale
iodp_remanence_385_7708642,385,U1546,A,CUBE10425551,0.007077,41.4,175.3,30.45,9,5,60,0.000646,0.0912816,-1.0000,0,,mesure_experimentale
iodp_remanence_385_7708642,385,U1546,A,CUBE10425591,0.006315,-11.2,139.9,35.75,9,5,60,0.000517,0.0818686,-0.9833,0,,mesure_experimentale
iodp_remanence_385_7708642,385,U1546,A,CUBE10425601,0.006535,-19.2,147.2,40.62,9,5,60,0.000823,0.125937,-0.9833,0,,mesure_experimentale
iodp_remanence_385_7708642,385,U1546,A,CUBE10426561,0.003789,-31.8,149.6,45.9,9,5,60,4e-06,0.00105569,-1.0000,0,,mesure_experimentale
iodp_remanence_385_7708642,385,U1546,A,CUBE10426571,0.002938,-31.3,162.3,49.8,9,5,60,0.000235,0.0799864,-0.9500,0,,mesure_experimentale
iodp_remanence_385_7708642,385,U1546,A,CUBE10427061,0.006956,9.4,237.3,54.38,9,5,60,0.000377,0.0541978,-1.0000,0,,mesure_experimentale
iodp_remanence_385_7708642,385,U1546,A,CUBE10427071,0.004131,21.7,228.2,58.98,9,5,60,0.000371,0.0898088,-1.0000,0,,mesure_experimentale
iodp_remanence_385_7708642,385,U1546,A,CUBE10427631,0.010342,37.6,148.1,64.42,9,5,60,0.000136,0.0131503,-1.0000,0,,mesure_experimentale
iodp_remanence_385_7708642,385,U1546,A,CUBE10427641,0.004102,35.4,148.5,69.38,9,5,60,0.000219,0.0533886,-1.0000,0,,mesure_experimentale
iodp_remanence_385_7708642,385,U1546,A,CUBE10427811,0.005151,-5.8,232.3,73.47,9,5,60,0.000393,0.0762959,-0.9500,0,,mesure_experimentale
iodp_remanence_385_7708642,385,U1546,A,CUBE10427821,0.008421,-0.5,231.7,77.74,9,5,60,0.000497,0.0590191,-1.0000,0,,mesure_experimentale
iodp_remanence_385_7708642,385,U1546,A,CUBE10428631,0.003878,-41.5,179.4,82.81,9,5,60,6e-05,0.0154719,-1.0000,0,,mesure_experimentale
iodp_remanence_385_7708642,385,U1546,A,CUBE10428641,0.003116,-44.4,177.2,88.33,9,5,60,2.1e-05,0.00673941,-1.0000,0,,mesure_experimentale
iodp_remanence_385_7708642,385,U1546,A,CUBE10429141,0.002353,-44.2,179.9,92.37,9,5,60,4.5e-05,0.0191245,-0.9833,0,,mesure_experimentale
iodp_remanence_385_7708642,385,U1546,A,CUBE10429151,0.001154,-37.8,202.0,97.59,8,5,50,4.4e-05,0.0381282,-1.0000,0,,mesure_experimentale
iodp_remanence_385_7708642,385,U1546,A,CUBE10429531,0.000772,-68.1,227.6,101.88,9,5,60,6.4e-05,0.0829016,-0.9833,0,,mesure_experimentale
iodp_remanence_385_7708642,385,U1546,A,CUBE10429541,0.001157,-29.2,207.2,107.21,9,5,60,7.8e-05,0.0674157,-1.0000,0,,mesure_experimentale
iodp_remanence_385_7708642,385,U1546,A,CUBE10429891,0.000884,27.1,198.0,111.43,9,5,60,0.000102,0.115385,-0.9833,0,,mesure_experimentale
iodp_remanence_385_7708642,385,U1546,A,CUBE10429901,0.000705,31.5,195.6,116.82,9,5,60,0.000105,0.148936,-0.9500,0,,mesure_experimentale
iodp_remanence_385_7708642,385,U1546,A,CUBE10430751,0.000616,13.6,156.4,121.04,9,5,60,2.1e-05,0.0340909,-1.0000,0,,mesure_experimentale
iodp_remanence_385_7708642,385,U1546,A,CUBE10430761,0.000754,20.9,155.5,126.16,9,5,60,5e-05,0.066313,-1.0000,0,,mesure_experimentale
iodp_remanence_385_7708642,385,U1546,A,CUBE10431251,0.000638,26.4,212.4,135.66,9,5,60,5.1e-05,0.0799373,-1.0000,0,,mesure_experimentale
iodp_remanence_385_7708642,385,U1546,A,CUBE10431261,0.000615,10.2,220.9,130.72,9,5,60,6.9e-05,0.112195,-0.9500,0,,mesure_experimentale
iodp_remanence_385_7708642,385,U1546,A,CUBE10432981,0.000458,-17.7,217.4,140.63,9,5,60,3.5e-05,0.0764192,-0.9833,0,,mesure_experimentale
iodp_remanence_385_7708642,385,U1546,A,CUBE10432991,0.001056,-8.3,216.6,143.4,9,5,60,5.2e-05,0.0492424,-1.0000,0,,mesure_experimentale
iodp_remanence_385_7708642,385,U1546,A,CUBE10433501,0.000694,6.1,147.1,149.59,9,5,60,3.4e-05,0.0489914,-1.0000,0,,mesure_experimentale
iodp_remanence_385_7708642,385,U1546,A,CUBE10433511,0.00062,-7.4,151.9,154.41,9,5,60,2.8e-05,0.0451613,-1.0000,0,,mesure_experimentale
iodp_remanence_385_7708642,385,U1546,A,CUBE10433721,0.000763,-20.2,208.8,159.44,9,5,60,9.9e-05,0.129751,-0.9833,0,,mesure_experimentale
iodp_remanence_385_7708642,385,U1546,A,CUBE10433731,0.001119,-28.7,202.0,163.91,9,5,60,0.000204,0.182306,-1.0000,0,,mesure_experimentale
iodp_remanence_385_7708642,385,U1546,A,CUBE10434241,0.00062,27.3,201.4,167.35,9,5,60,8.1e-05,0.130645,-0.9833,0,,mesure_experimentale
iodp_remanence_385_7708642,385,U1546,A,CUBE10434251,0.000335,33.1,231.3,172.34,9,5,60,3e-05,0.0895522,-0.9667,0,,mesure_experimentale
iodp_remanence_385_7708642,385,U1546,A,CUBE10435941,0.000681,23.5,159.0,176.7,9,5,60,0.000167,0.245228,-0.9000,0,,mesure_experimentale
iodp_remanence_385_7708642,385,U1546,A,CUBE10435951,0.000665,28.0,165.7,182.26,9,5,60,7.2e-05,0.108271,-1.0000,0,,mesure_experimentale
iodp_remanence_385_7708642,385,U1546,A,CUBE10436281,0.000556,-44.2,202.1,187.45,9,5,60,0.0001,0.179856,-0.8833,0,,mesure_experimentale
iodp_remanence_385_7708642,385,U1546,A,CUBE10436291,0.000543,-18.0,217.8,192.48,9,5,60,3.3e-05,0.0607735,-0.9833,0,,mesure_experimentale
iodp_remanence_385_7708642,385,U1546,A,CUBE10436751,0.000981,7.8,228.3,196.75,9,5,60,0.000298,0.303772,-0.6667,0,,mesure_experimentale
iodp_remanence_385_7708642,385,U1546,A,CUBE10436761,0.000394,-17.3,206.1,200.0,9,5,60,2.7e-05,0.0685279,-1.0000,0,,mesure_experimentale
iodp_remanence_385_7708642,385,U1546,A,CUBE10436861,0.00073,-8.5,211.2,205.11,9,5,60,6.6e-05,0.090411,-1.0000,0,,mesure_experimentale
iodp_remanence_385_7708642,385,U1546,A,CUBE10436931,0.000726,-14.9,144.6,209.45,9,5,60,3.8e-05,0.0523416,-1.0000,0,,mesure_experimentale
iodp_remanence_385_7708642,385,U1546,A,CUBE10436971,0.000345,25.5,173.7,214.7,9,5,60,2.7e-05,0.0782609,-1.0000,0,,mesure_experimentale
iodp_remanence_385_7708642,385,U1546,A,CUBE10437031,0.000836,-35.3,219.6,220.11,13,5,100,7.2e-05,0.0861244,-0.9725,0,,mesure_experimentale
iodp_remanence_385_7708642,385,U1546,A,CUBE10437851,0.000349,28.3,182.0,226.26,12,5,90,1.9e-05,0.0544413,-1.0000,0,,mesure_experimentale
iodp_remanence_385_7708642,385,U1546,A,CUBE10437861,0.001359,2.0,209.6,231.7,12,5,90,0.000191,0.140545,-0.9510,0,,mesure_experimentale
iodp_remanence_385_7708642,385,U1546,A,CUBE10440161,0.00066,-27.2,152.8,235.85,10,5,70,1.9e-05,0.0287879,-1.0000,0,,mesure_experimentale
iodp_remanence_385_7708642,385,U1546,A,CUBE10441071,0.000569,39.3,181.5,241.98,12,5,90,5.6e-05,0.0984183,-0.9790,0,,mesure_experimentale
iodp_remanence_385_7708642,385,U1546,A,CUBE10442841,0.000661,-26.0,164.7,248.21,9,5,60,4.4e-05,0.0665658,-1.0000,0,,mesure_experimentale
iodp_remanence_385_7708642,385,U1546,A,CUBE10443501,0.000845,-11.5,212.7,252.83,10,5,70,3.9e-05,0.0461538,-1.0000,0,,mesure_experimentale
iodp_remanence_385_7708642,385,U1546,A,CUBE10444431,0.000607,-19.0,152.5,257.41,10,5,70,3.2e-05,0.0527183,-0.9879,0,,mesure_experimentale
iodp_remanence_385_7708642,385,U1546,A,CUBE10444461,0.000621,-21.4,152.7,260.94,10,5,70,1.5e-05,0.0241546,-1.0000,0,,mesure_experimentale
iodp_remanence_385_7708642,385,U1546,A,CUBE10447061,0.000477,-1.8,210.5,264.66,10,5,70,1.6e-05,0.033543,-1.0000,0,,mesure_experimentale
iodp_remanence_385_7708642,385,U1546,A,CUBE10447071,0.000961,19.0,177.0,266.72,9,5,60,5.9e-05,0.0613944,-1.0000,0,,mesure_experimentale
iodp_remanence_385_7708642,385,U1546,A,CUBE10448661,0.000829,-0.6,218.1,269.9,10,5,70,4.1e-05,0.0494572,-1.0000,0,,mesure_experimentale
iodp_remanence_385_7708642,385,U1546,A,CUBE10449271,0.001385,-0.5,203.6,273.7,9,5,60,8.3e-05,0.0599278,-1.0000,0,,mesure_experimentale
iodp_remanence_385_7708642,385,U1546,A,CUBE10450901,0.00096,-21.7,174.5,278.53,9,5,60,3.4e-05,0.0354167,-1.0000,0,,mesure_experimentale
iodp_remanence_385_7708642,385,U1546,A,CUBE10450911,0.002353,6.4,196.3,283.13,9,5,60,6.8e-05,0.0288993,-1.0000,0,,mesure_experimentale
iodp_remanence_385_7708642,385,U1546,A,CUBE10452531,0.001795,1.2,187.3,291.26,9,5,60,3.5e-05,0.0194986,-1.0000,0,,mesure_experimentale
iodp_remanence_385_7708642,385,U1546,A,CUBE10453221,0.000362,-24.2,156.8,303.35,9,5,60,1.7e-05,0.0469613,-0.9833,0,,mesure_experimentale
iodp_remanence_385_7708642,385,U1546,A,CUBE10476111,0.070221,54.7,125.4,354.63,17,105,600,0.005253,0.0748067,-0.8309,0,,mesure_experimentale
iodp_remanence_385_7708642,385,U1546,A,CUBE10476121,0.731894,-29.1,225.3,359.96,17,105,600,0.033438,0.0456869,-0.8725,0,,mesure_experimentale
iodp_remanence_385_7708642,385,U1546,C,CUBE10481091,0.018743,62.1,250.8,356.94,17,105,600,0.001406,0.0750147,-1.0000,0,,mesure_experimentale
iodp_remanence_385_7708642,385,U1546,C,CUBE10481101,1.37437,-40.5,203.2,358.48,17,105,600,0.051244,0.0372854,-0.8554,0,,mesure_experimentale
iodp_remanence_385_7708642,385,U1546,C,CUBE10481111,0.120227,-34.1,89.7,362.035,17,105,600,0.038367,0.319121,-0.9314,0,,mesure_experimentale
iodp_remanence_385_7708642,385,U1546,C,CUBE10481121,0.344901,-35.2,90.2,365.225,17,105,600,0.031624,0.0916901,-0.9387,0,,mesure_experimentale
iodp_remanence_385_7708642,385,U1546,C,CUBE10481131,6.48599,-35.3,90.0,370.41,17,105,600,0.135425,0.0208796,-0.8039,0,,mesure_experimentale
iodp_remanence_385_7708642,385,U1546,C,CUBE10481141,0.839423,-35.4,90.2,371.59,17,105,600,0.031447,0.0374626,-0.9412,0,,mesure_experimentale
iodp_remanence_385_7708642,385,U1546,C,CUBE10481151,5.74998,-35.3,90.1,372.71,17,105,600,0.037216,0.00647237,-0.8137,0,,mesure_experimentale
iodp_remanence_385_7708642,385,U1546,C,CUBE10487401,6.96522,-35.2,89.9,379.44,22,105,600,0.134028,0.0192425,-0.8396,0,,mesure_experimentale
iodp_remanence_385_7708642,385,U1546,C,CUBE10487411,1.54136,-35.3,89.4,389.92,22,105,600,0.108185,0.0701882,-0.9481,0,,mesure_experimentale
iodp_remanence_385_7708642,385,U1546,C,CUBE10487891,1.02486,-35.1,90.1,394.92,22,105,600,0.092827,0.0905755,-0.9876,0,,mesure_experimentale
iodp_remanence_385_7708642,385,U1546,C,CUBE10487921,2.01983,-35.0,89.8,397.51,22,105,600,0.148574,0.0735577,-0.9345,0,,mesure_experimentale
iodp_remanence_385_7708642,385,U1546,C,CUBE10488031,0.701307,-35.0,90.2,383.52,22,105,600,0.14205,0.20255,-0.9277,0,,mesure_experimentale
iodp_remanence_385_7708642,385,U1546,C,CUBE10488451,1.27335,-35.4,89.8,400.67,23,105,600,0.040827,0.0320626,-0.9200,0,,mesure_experimentale
iodp_remanence_385_7708642,385,U1546,C,CUBE10488461,0.573096,-35.1,90.2,407.18,22,105,600,0.092834,0.161987,-0.9673,0,,mesure_experimentale
iodp_remanence_385_7708642,385,U1546,C,CUBE10488721,0.001339,-53.7,177.5,450.05,8,10,60,0.000195,0.145631,-1.0000,0,,mesure_experimentale
iodp_remanence_385_7708642,385,U1546,C,CUBE10488731,0.002864,9.8,207.6,455.93,8,10,60,0.00026,0.0907821,-1.0000,0,,mesure_experimentale
iodp_remanence_385_7708642,385,U1546,C,CUBE10489411,0.001733,-32.3,180.9,465.52,9,10,60,0.000125,0.0721293,-1.0000,0,,mesure_experimentale
iodp_remanence_385_7708642,385,U1546,C,CUBE10489441,0.002322,-35.7,180.1,475.25,7,10,50,0.000199,0.085702,-1.0000,0,,mesure_experimentale
iodp_remanence_385_7708642,385,U1546,C,CUBE10489531,0.00173,-41.5,210.2,484.94,9,5,60,0.000115,0.066474,-1.0000,0,,mesure_experimentale
iodp_remanence_385_7708642,385,U1546,C,CUBE10489541,0.001238,-19.4,173.2,491.45,9,5,60,9.2e-05,0.0743134,-1.0000,0,,mesure_experimentale
iodp_remanence_385_7708642,385,U1546,C,CUBE10490171,0.002399,-50.3,173.9,494.63,9,5,60,0.000161,0.0671113,-1.0000,0,,mesure_experimentale
iodp_remanence_385_7708642,385,U1546,C,CUBE10491021,1.27585,-35.1,90.3,413.46,22,105,600,0.096537,0.0756648,-0.9413,0,,mesure_experimentale
iodp_remanence_385_7708642,385,U1546,C,CUBE10491041,1.04907,-35.1,90.1,417.73,22,105,600,0.115919,0.110497,-0.8758,0,,mesure_experimentale
iodp_remanence_385_7708642,385,U1546,C,CUBE10491051,1.00396,-34.9,90.1,422.05,22,105,600,0.103244,0.102836,-0.9469,0,,mesure_experimentale
iodp_remanence_385_7708642,385,U1546,C,CUBE10491061,2.43132,-35.4,89.9,428.47,22,105,600,0.089377,0.0367607,-0.9752,0,,mesure_experimentale
iodp_remanence_385_7708642,385,U1546,C,CUBE10491471,0.613708,-35.3,90.0,433.96,22,105,600,0.002502,0.00407686,-0.9469,0,,mesure_experimentale
iodp_remanence_385_7708642,385,U1546,C,CUBE10491481,0.674612,-35.3,89.9,432.92,22,105,600,0.007387,0.01095,-0.9503,0,,mesure_experimentale
iodp_remanence_385_7708642,385,U1546,C,CUBE10491491,0.683677,-35.3,89.9,434.93,22,105,600,0.007686,0.0112422,-0.9718,0,,mesure_experimentale
iodp_remanence_385_7708642,385,U1546,C,CUBE10491501,0.002307,-46.2,134.8,446.82,9,5,60,0.000185,0.0801907,-1.0000,0,,mesure_experimentale
iodp_remanence_385_7708642,385,U1546,C,CUBE10491531,0.047369,-35.4,90.0,435.68,22,105,600,0.001269,0.0267897,-0.9277,0,,mesure_experimentale
iodp_remanence_385_7708642,385,U1546,C,CUBE10491651,0.002533,-53.3,166.7,505.58,9,5,60,0.000159,0.0627714,-1.0000,0,,mesure_experimentale
iodp_remanence_385_7708642,385,U1546,C,CUBE10491661,0.002285,7.8,186.3,499.39,9,5,60,0.000151,0.0660832,-1.0000,0,,mesure_experimentale
iodp_remanence_385_7708642,385,U1546,C,CUBE10491781,0.002448,-49.9,164.0,507.89,9,5,60,0.000205,0.0837418,-1.0000,0,,mesure_experimentale
iodp_remanence_385_7708642,385,U1546,C,CUBE10491791,0.001484,-45.0,172.4,519.22,9,5,60,8.8e-05,0.0592992,-1.0000,0,,mesure_experimentale
iodp_remanence_385_7708642,385,U1546,C,CUBE10491921,0.001245,-22.1,151.6,523.74,9,5,60,8.7e-05,0.0698795,-1.0000,0,,mesure_experimentale
iodp_remanence_385_7708642,385,U1546,C,CUBE10491931,0.001923,-44.6,196.9,529.93,9,5,60,6.7e-05,0.0348414,-1.0000,0,,mesure_experimentale
iodp_remanence_385_7708642,385,U1546,C,CUBE10491961,0.000636,-31.9,201.5,534.8,9,5,60,5.2e-05,0.081761,-1.0000,0,,mesure_experimentale
iodp_remanence_385_7708642,385,U1546,C,CUBE10491971,0.001521,-38.9,157.1,539.64,9,5,60,5.5e-05,0.0361604,-1.0000,0,,mesure_experimentale
iodp_remanence_385_7708642,385,U1547,A,CUBE10497621,0.002113,-18.0,191.9,0.59,9,5,60,0.000126,0.0596309,-0.9833,0,,mesure_experimentale
iodp_remanence_385_7708642,385,U1547,A,CUBE10497701,0.004223,-22.0,213.2,3.74,9,5,60,0.000216,0.0511485,-1.0000,0,,mesure_experimentale
iodp_remanence_385_7708642,385,U1547,A,CUBE10499201,0.018049,33.9,169.9,8.44,9,5,60,0.000707,0.0391711,-1.0000,0,,mesure_experimentale
iodp_remanence_385_7708642,385,U1547,A,CUBE10499211,0.006599,30.0,153.1,12.59,9,5,60,0.000241,0.0365207,-1.0000,0,,mesure_experimentale
iodp_remanence_385_7708642,385,U1547,A,CUBE10499581,0.007671,-19.2,151.6,15.1,9,5,60,0.000192,0.0250293,-0.9833,0,,mesure_experimentale
iodp_remanence_385_7708642,385,U1547,A,CUBE10499611,0.003017,-27.1,146.8,19.96,9,5,60,5.3e-05,0.0175671,-0.9833,0,,mesure_experimentale
iodp_remanence_385_7708642,385,U1547,A,CUBE10500471,0.009006,-33.6,200.9,26.76,9,5,60,0.000282,0.0313125,-0.9833,0,,mesure_experimentale
iodp_remanence_385_7708642,385,U1547,A,CUBE10500481,0.007477,-38.8,203.7,31.07,9,5,60,0.000352,0.0470777,-0.9500,0,,mesure_experimentale
iodp_remanence_385_7708642,385,U1547,A,CUBE10500671,0.003546,26.7,216.9,36.04,9,5,60,0.000168,0.0473773,-0.9833,0,,mesure_experimentale
iodp_remanence_385_7708642,385,U1547,A,CUBE10500691,0.001291,19.1,205.9,40.81,9,5,60,0.000112,0.0867545,-0.9500,0,,mesure_experimentale
iodp_remanence_385_7708642,385,U1547,A,CUBE10501321,0.000645,23.1,180.9,45.26,9,5,60,5.4e-05,0.0837209,-0.9500,0,,mesure_experimentale
iodp_remanence_385_7708642,385,U1547,A,CUBE10501331,0.000497,21.6,182.3,50.22,9,5,60,6.2e-05,0.124748,-0.9500,0,,mesure_experimentale
iodp_remanence_385_7708642,385,U1547,A,CUBE10501871,0.000798,12.8,199.5,54.4,9,5,60,8.4e-05,0.105263,-0.9667,0,,mesure_experimentale
iodp_remanence_385_7708642,385,U1547,A,CUBE10501881,0.000714,19.9,200.7,60.18,9,5,60,6.8e-05,0.0952381,-0.9833,0,,mesure_experimentale
iodp_remanence_385_7708642,385,U1547,A,CUBE10502161,0.000885,5.5,163.2,64.29,9,5,60,6.5e-05,0.0734463,-0.9500,0,,mesure_experimentale
iodp_remanence_385_7708642,385,U1547,A,CUBE10502171,0.002481,3.5,159.7,68.44,9,5,60,0.000191,0.0769851,-0.9667,0,,mesure_experimentale
iodp_remanence_385_7708642,385,U1547,A,CUBE10502661,0.000812,-5.5,182.0,73.59,9,5,60,9.6e-05,0.118227,-0.8167,0,,mesure_experimentale
iodp_remanence_385_7708642,385,U1547,A,CUBE10502671,0.001222,-13.2,179.4,78.87,9,5,60,0.000177,0.144845,-0.8167,0,,mesure_experimentale
iodp_remanence_385_7708642,385,U1547,A,CUBE10502851,0.001826,-7.7,204.9,83.32,9,5,60,0.000248,0.135816,-0.9833,0,,mesure_experimentale
iodp_remanence_385_7708642,385,U1547,A,CUBE10502861,0.001025,-3.6,205.5,88.07,9,5,60,0.000231,0.225366,-0.8833,0,,mesure_experimentale
iodp_remanence_385_7708642,385,U1547,A,CUBE10502991,0.00095,6.6,173.0,97.9,9,5,60,0.000161,0.169474,-0.5000,0,,mesure_experimentale
iodp_remanence_385_7708642,385,U1547,A,CUBE10503521,0.00601,-21.0,175.1,98.82,9,5,60,0.000202,0.0336106,-1.0000,0,,mesure_experimentale
iodp_remanence_385_7708642,385,U1547,A,CUBE10503531,0.000601,-23.9,140.0,100.97,9,5,60,3.4e-05,0.0565724,-0.7500,0,,mesure_experimentale
iodp_remanence_385_7708642,385,U1547,A,CUBE10503611,0.001497,-21.4,190.5,103.76,9,5,60,6.5e-05,0.0434202,-0.9833,0,,mesure_experimentale
iodp_remanence_385_7708642,385,U1547,A,CUBE10503691,0.000522,-14.7,221.8,104.54,9,5,60,0.000167,0.319923,-0.9667,0,,mesure_experimentale
iodp_remanence_385_7708642,385,U1547,A,CUBE10503861,0.004069,-16.6,167.5,107.17,9,5,60,0.000107,0.0262964,-0.9167,0,,mesure_experimentale
iodp_remanence_385_7708642,385,U1547,A,CUBE10506051,0.001994,-11.9,204.5,109.65,9,5,60,0.00011,0.0551655,-0.9833,0,,mesure_experimentale
iodp_remanence_385_7708642,385,U1547,A,CUBE10506061,0.005362,10.9,201.0,115.43,9,5,60,0.000492,0.0917568,-1.0000,0,,mesure_experimentale
iodp_remanence_385_7708642,385,U1547,A,CUBE10507431,0.002442,-10.4,203.9,120.05,9,5,60,0.00013,0.0532351,-1.0000,0,,mesure_experimentale
iodp_remanence_385_7708642,385,U1547,A,CUBE10507441,0.002158,-1.7,158.7,126.67,9,5,60,0.000139,0.0644115,-1.0000,0,,mesure_experimentale
iodp_remanence_385_7708642,385,U1548,A,CUBE10533401,0.012583,-29.7,209.9,6.08,10,5,60,0.000382,0.0303584,-0.9879,0,,mesure_experimentale
iodp_remanence_385_7708642,385,U1548,A,CUBE10533411,0.008016,-18.9,220.8,9.95,9,5,60,0.000182,0.0227046,-1.0000,0,,mesure_experimentale
iodp_remanence_385_7708642,385,U1548,A,CUBE10534901,0.012914,2.8,134.3,14.69,9,5,60,0.000457,0.035388,-1.0000,0,,mesure_experimentale
iodp_remanence_385_7708642,385,U1548,A,CUBE10534911,0.013348,-33.9,156.9,20.67,9,5,60,0.000452,0.0338628,-0.9500,0,,mesure_experimentale
iodp_remanence_385_7708642,385,U1548,A,CUBE10536191,0.015457,-34.3,158.8,22.75,9,5,60,0.000158,0.0102219,-1.0000,0,,mesure_experimentale
iodp_remanence_385_7708642,385,U1548,A,CUBE10536201,0.009637,-30.7,199.5,28.52,9,5,60,7.1e-05,0.00736744,-1.0000,0,,mesure_experimentale
iodp_remanence_385_7708642,385,U1548,A,CUBE10536341,0.002321,-29.8,191.2,31.95,9,5,60,5.9e-05,0.0254201,-1.0000,0,,mesure_experimentale
iodp_remanence_385_7708642,385,U1548,A,CUBE10536351,0.001058,-14.1,188.3,37.83,9,5,60,4.2e-05,0.0396975,-0.8500,0,,mesure_experimentale
iodp_remanence_385_7708642,385,U1548,A,CUBE10536411,0.000732,3.8,163.1,48.07,9,5,60,5.9e-05,0.0806011,-0.9833,0,,mesure_experimentale
iodp_remanence_385_7708642,385,U1548,A,CUBE10536521,0.000861,0.4,170.5,42.09,9,5,60,3.2e-05,0.0371661,-0.9833,0,,mesure_experimentale
iodp_remanence_385_7708642,385,U1548,A,CUBE10537101,0.000867,9.9,158.3,52.48,9,5,60,7.2e-05,0.083045,-0.9833,0,,mesure_experimentale
iodp_remanence_385_7708642,385,U1548,A,CUBE10537111,0.000776,-1.9,170.9,58.44,9,5,60,6.4e-05,0.0824742,-0.9833,0,,mesure_experimentale
iodp_remanence_385_7708642,385,U1548,A,CUBE10539121,0.001033,-15.3,195.0,60.8,9,5,60,2.8e-05,0.0271055,-1.0000,0,,mesure_experimentale
iodp_remanence_385_7708642,385,U1548,A,CUBE10539131,0.00118,-19.8,187.3,65.52,9,5,60,3.3e-05,0.0279661,-1.0000,0,,mesure_experimentale
iodp_remanence_385_7708642,385,U1548,A,CUBE10541051,0.00167,7.8,189.6,70.8,9,5,60,7.8e-05,0.0467066,-1.0000,0,,mesure_experimentale
iodp_remanence_385_7708642,385,U1548,A,CUBE10541061,0.001508,12.4,175.2,74.89,9,5,60,6e-05,0.0397878,-1.0000,0,,mesure_experimentale
iodp_remanence_385_7708642,385,U1548,A,CUBE10542661,0.001163,-20.2,189.4,79.71,9,5,60,6.2e-05,0.0533104,-0.9833,0,,mesure_experimentale
iodp_remanence_385_7708642,385,U1548,A,CUBE10542671,0.001356,-2.1,210.3,84.72,9,5,60,7.2e-05,0.0530973,-0.9833,0,,mesure_experimentale
iodp_remanence_385_7708642,385,U1548,A,CUBE10544481,0.001717,8.1,187.6,89.22,9,5,60,0.000114,0.0663949,-0.9833,0,,mesure_experimentale
iodp_remanence_385_7708642,385,U1548,A,CUBE10544491,0.001045,16.7,195.6,94.71,9,5,60,0.000116,0.111005,-1.0000,0,,mesure_experimentale
iodp_remanence_385_7708642,385,U1548,A,CUBE10544871,0.000744,24.1,164.3,97.76,9,5,60,0.000125,0.168011,-0.8667,0,,mesure_experimentale
iodp_remanence_385_7708642,385,U1548,A,CUBE10544881,0.000672,17.6,170.9,102.36,9,5,60,6.8e-05,0.10119,-0.8667,0,,mesure_experimentale
iodp_remanence_385_7708642,385,U1549,A,CUBE10563591,0.028464,18.1,203.4,6.09,9,5,60,0.003325,0.116814,-1.0000,0,,mesure_experimentale
iodp_remanence_385_7708642,385,U1549,A,CUBE10564711,0.036214,12.6,195.7,14.95,9,5,60,0.003908,0.107914,-1.0000,0,,mesure_experimentale
iodp_remanence_385_7708642,385,U1549,A,CUBE10565771,0.010226,31.7,201.4,23.66,9,5,60,0.000491,0.0480149,-1.0000,0,,mesure_experimentale
iodp_remanence_385_7708642,385,U1549,A,CUBE10567881,0.006317,37.1,175.4,33.12,9,5,60,0.000699,0.110654,-1.0000,0,,mesure_experimentale
iodp_remanence_385_7708642,385,U1549,A,CUBE10567961,0.005674,36.2,170.2,38.37,9,5,60,0.000362,0.0637998,-1.0000,0,,mesure_experimentale
iodp_remanence_385_7708642,385,U1549,A,CUBE10568741,0.005049,-6.0,222.8,47.51,9,5,60,9.8e-05,0.0194098,-1.0000,0,,mesure_experimentale
iodp_remanence_385_7708642,385,U1549,A,CUBE10570271,0.00567,31.5,159.6,58.16,9,5,60,0.000189,0.0333333,-1.0000,0,,mesure_experimentale
iodp_remanence_385_7708642,385,U1549,A,CUBE10573111,0.004439,6.5,212.3,65.32,9,5,60,0.000245,0.0551926,-1.0000,0,,mesure_experimentale
iodp_remanence_385_7708642,385,U1549,A,CUBE10575231,0.00803,-0.8,214.7,75.96,9,5,60,0.001773,0.220797,-1.0000,0,,mesure_experimentale
iodp_remanence_385_7708642,385,U1549,A,CUBE10577261,0.002907,7.7,202.3,89.0,9,5,60,0.000196,0.0674235,-0.9833,0,,mesure_experimentale
iodp_remanence_385_7708642,385,U1549,A,CUBE10579851,0.00104,-16.5,203.6,98.59,9,5,60,6.9e-05,0.0663462,-1.0000,0,,mesure_experimentale
iodp_remanence_385_7708642,385,U1549,A,CUBE10580871,0.004795,5.8,152.6,107.01,9,5,60,0.000169,0.035245,-1.0000,0,,mesure_experimentale
iodp_remanence_385_7708642,385,U1549,A,CUBE10580891,0.004398,16.6,161.0,115.06,9,5,60,0.000166,0.0377444,-1.0000,0,,mesure_experimentale
iodp_remanence_385_7708642,385,U1549,A,CUBE10582621,0.002068,-11.2,158.1,125.29,9,5,60,0.00015,0.0725338,-1.0000,0,,mesure_experimentale
iodp_remanence_385_7708642,385,U1549,A,CUBE10584071,0.007201,8.1,146.9,133.72,9,5,60,0.000291,0.0404111,-1.0000,0,,mesure_experimentale
iodp_remanence_385_7708642,385,U1549,A,CUBE10585111,0.001775,11.7,160.3,141.11,9,5,60,9e-05,0.0507042,-1.0000,0,,mesure_experimentale
iodp_remanence_385_7708642,385,U1549,A,CUBE10585341,0.003114,16.0,181.0,149.79,9,5,60,0.000169,0.054271,-1.0000,0,,mesure_experimentale
iodp_remanence_385_7708642,385,U1549,A,CUBE10585701,0.003731,-21.9,160.4,159.41,9,5,60,6.6e-05,0.0176896,-1.0000,0,,mesure_experimentale
iodp_remanence_385_7708642,385,U1550,A,CUBE10598281,0.025934,12.6,177.9,3.99,9,5,60,0.001759,0.067826,-0.9833,0,,mesure_experimentale
iodp_remanence_385_7708642,385,U1550,A,CUBE10598881,0.00292,-32.8,193.9,7.34,9,5,60,0.000297,0.101712,-0.9500,0,,mesure_experimentale
iodp_remanence_385_7708642,385,U1550,A,CUBE10598891,0.004444,36.4,218.7,14.61,9,5,60,0.00012,0.0270027,-1.0000,0,,mesure_experimentale
iodp_remanence_385_7708642,385,U1550,A,CUBE10599091,0.004962,16.8,203.0,16.03,9,5,60,0.000109,0.0219669,-1.0000,0,,mesure_experimentale
iodp_remanence_385_7708642,385,U1550,A,CUBE10599101,0.003811,14.1,197.6,20.38,9,5,60,0.000305,0.0800315,-0.9833,0,,mesure_experimentale
iodp_remanence_385_7708642,385,U1550,A,CUBE10599731,0.003672,-46.0,214.5,26.45,9,5,60,5.7e-05,0.0155229,-1.0000,0,,mesure_experimentale
iodp_remanence_385_7708642,385,U1550,A,CUBE10599741,0.00401,-27.4,191.9,32.53,9,5,60,8.6e-05,0.0214464,-1.0000,0,,mesure_experimentale
iodp_remanence_385_7708642,385,U1550,A,CUBE10599941,0.006885,30.4,193.4,36.81,9,5,60,0.000547,0.0794481,-1.0000,0,,mesure_experimentale
iodp_remanence_385_7708642,385,U1550,A,CUBE10599951,0.009584,41.0,179.2,41.84,9,5,60,0.001321,0.137834,-1.0000,0,,mesure_experimentale
iodp_remanence_385_7708642,385,U1550,A,CUBE10600231,0.011498,28.0,162.1,45.34,9,5,60,0.001711,0.148808,-1.0000,0,,mesure_experimentale
iodp_remanence_385_7708642,385,U1550,A,CUBE10600241,0.097691,10.3,165.9,50.32,9,5,60,0.004294,0.0439549,-1.0000,0,,mesure_experimentale
iodp_remanence_385_7708642,385,U1550,A,CUBE10600381,0.008222,-45.5,152.2,56.64,9,5,60,0.000238,0.0289467,-1.0000,0,,mesure_experimentale
iodp_remanence_385_7708642,385,U1550,A,CUBE10600391,0.05062,-27.4,171.6,61.91,9,5,60,0.003181,0.0628408,-1.0000,0,,mesure_experimentale
iodp_remanence_385_7708642,385,U1550,A,CUBE10602581,0.007635,-15.4,222.7,64.35,9,5,60,0.000495,0.064833,-1.0000,0,,mesure_experimentale
iodp_remanence_385_7708642,385,U1550,A,CUBE10602591,0.007705,2.6,226.2,68.86,9,5,60,0.00057,0.0739779,-1.0000,0,,mesure_experimentale
iodp_remanence_385_7708642,385,U1550,A,CUBE10605601,0.015077,31.9,173.7,73.85,9,5,60,0.002512,0.166611,-1.0000,0,,mesure_experimentale
iodp_remanence_385_7708642,385,U1550,A,CUBE10605611,0.020646,21.4,175.0,79.89,9,5,60,0.002506,0.121379,-1.0000,0,,mesure_experimentale
iodp_remanence_385_7708642,385,U1550,A,CUBE10606981,0.013564,0.0,138.2,87.86,9,5,60,0.001531,0.112872,-1.0000,0,,mesure_experimentale
iodp_remanence_385_7708642,385,U1550,A,CUBE10608521,0.010844,-10.7,216.0,92.86,9,5,60,0.002148,0.198082,-1.0000,0,,mesure_experimentale
iodp_remanence_385_7708642,385,U1550,A,CUBE10608531,0.007855,-11.0,221.0,97.38,9,5,60,0.000862,0.109739,-1.0000,0,,mesure_experimentale
iodp_remanence_385_7708642,385,U1550,A,CUBE10609571,0.007382,-18.5,206.0,102.45,9,5,60,0.000309,0.0418586,-1.0000,0,,mesure_experimentale
iodp_remanence_385_7708642,385,U1550,A,CUBE10609591,0.007279,-15.9,199.9,106.94,9,5,60,0.000487,0.0669048,-1.0000,0,,mesure_experimentale
iodp_remanence_385_7708642,385,U1550,A,CUBE10610611,0.005172,10.6,154.8,112.94,9,5,60,0.000227,0.0438902,-1.0000,0,,mesure_experimentale
iodp_remanence_385_7708642,385,U1550,A,CUBE10611761,0.012488,-23.4,195.4,117.75,9,5,60,0.000282,0.0225817,-1.0000,0,,mesure_experimentale
iodp_remanence_385_7708642,385,U1550,A,CUBE10611771,0.004597,-13.9,137.4,121.97,9,5,60,0.000102,0.0221884,-1.0000,0,,mesure_experimentale
iodp_remanence_385_7708642,385,U1550,A,CUBE10613991,0.004483,-3.9,141.4,125.59,9,5,60,0.000301,0.0671425,-1.0000,0,,mesure_experimentale
iodp_remanence_385_7708642,385,U1550,A,CUBE10614001,0.010764,15.4,155.5,129.49,9,5,60,0.000838,0.0778521,-1.0000,0,,mesure_experimentale
iodp_remanence_385_7708642,385,U1550,A,CUBE10614011,0.009729,1.5,154.8,126.43,9,5,60,0.000982,0.100935,-1.0000,0,,mesure_experimentale
iodp_remanence_385_7708642,385,U1550,A,CUBE10614021,0.006961,-1.0,157.2,126.67,9,5,60,0.000469,0.0673754,-1.0000,0,,mesure_experimentale
iodp_remanence_385_7708642,385,U1550,A,CUBE10618101,0.011236,-43.5,175.3,145.52,9,5,60,0.001962,0.174617,-0.9833,0,,mesure_experimentale
iodp_remanence_385_7708642,385,U1550,A,CUBE10618251,0.070294,20.9,185.3,153.47,9,5,60,0.007718,0.109796,-1.0000,0,,mesure_experimentale
iodp_remanence_385_7708642,385,U1550,A,CUBE10618271,0.013282,35.4,166.9,159.12,9,5,60,0.001424,0.107213,-1.0000,0,,mesure_experimentale
iodp_remanence_385_7708642,385,U1551,A,CUBE10668371,0.007175,1.2,154.7,1.75,9,5,60,0.000402,0.0560279,-1.0000,0,,mesure_experimentale
iodp_remanence_385_7708642,385,U1551,A,CUBE10668541,0.009882,10.3,142.0,5.65,9,5,60,0.000398,0.0402752,-1.0000,0,,mesure_experimentale
iodp_remanence_385_7708642,385,U1551,A,CUBE10669321,0.134302,13.4,182.8,16.27,9,5,60,0.015016,0.111808,-1.0000,0,,mesure_experimentale
iodp_remanence_385_7708642,385,U1551,A,CUBE10669391,0.036749,-8.4,193.1,27.71,9,5,60,0.001257,0.034205,-0.9500,0,,mesure_experimentale
iodp_remanence_385_7708642,385,U1551,A,CUBE10669481,0.067607,45.8,50.9,33.62,9,5,60,0.006768,0.100108,-1.0000,0,,mesure_experimentale
iodp_remanence_385_7708642,385,U1551,A,CUBE10669511,0.126468,14.7,182.5,38.2,9,5,60,0.004567,0.0361119,-1.0000,0,,mesure_experimentale
iodp_remanence_385_7708642,385,U1551,A,CUBE10670011,0.0654,7.3,155.4,56.79,9,5,60,0.004151,0.0634709,-1.0000,0,,mesure_experimentale
iodp_remanence_385_7708642,385,U1551,A,CUBE10670271,0.007054,-27.8,154.4,67.24,9,5,60,0.000101,0.0143181,-1.0000,0,,mesure_experimentale
iodp_remanence_385_7708642,385,U1551,A,CUBE10671231,0.003619,-31.8,167.7,75.09,9,5,60,6.1e-05,0.0168555,-1.0000,0,,mesure_experimentale
iodp_remanence_385_7708642,385,U1551,A,CUBE10671331,0.008692,-40.4,161.1,83.1,9,5,60,0.000204,0.0234699,-1.0000,0,,mesure_experimentale
iodp_remanence_385_7708642,385,U1551,A,CUBE10671551,0.010421,-5.0,147.9,92.88,9,5,60,0.001184,0.113617,-1.0000,0,,mesure_experimentale
iodp_remanence_385_7708642,385,U1551,A,CUBE10672491,0.009091,-8.7,165.5,112.34,9,5,60,0.000742,0.0816192,-1.0000,0,,mesure_experimentale
iodp_remanence_385_7708642,385,U1551,A,CUBE10672501,0.016498,9.7,161.1,118.64,9,5,60,0.001156,0.0700691,-1.0000,0,,mesure_experimentale
iodp_remanence_385_7708642,385,U1548,C,CUBE10685751,0.011294,-26.5,143.3,6.31,9,5,60,0.000154,0.0136356,-1.0000,0,,mesure_experimentale
iodp_remanence_385_7708642,385,U1548,C,CUBE10686961,0.010076,-43.0,201.0,13.47,9,5,60,7.6e-05,0.00754268,-1.0000,0,,mesure_experimentale
iodp_remanence_385_7708642,385,U1548,C,CUBE10687031,0.001011,-15.2,195.5,26.11,9,5,60,4.7e-05,0.0464886,-1.0000,0,,mesure_experimentale
iodp_remanence_385_7708642,385,U1548,C,CUBE10687101,0.000665,5.1,210.1,32.27,9,5,60,6.7e-05,0.100752,-0.9833,0,,mesure_experimentale
iodp_remanence_385_7708642,385,U1548,C,CUBE10687561,0.000775,26.6,113.6,42.65,9,5,60,4.5e-05,0.0580645,-1.0000,0,,mesure_experimentale
iodp_remanence_385_7708642,385,U1548,C,CUBE10687651,0.001104,-16.8,211.8,52.99,9,5,60,3.2e-05,0.0289855,-1.0000,0,,mesure_experimentale
iodp_remanence_385_7708642,385,U1548,C,CUBE10688921,0.000724,-7.4,164.8,62.64,9,5,60,2e-05,0.0276243,-1.0000,0,,mesure_experimentale
iodp_remanence_385_7708642,385,U1548,D,CUBE10696881,0.007259,-42.0,172.4,5.05,9,5,60,0.000442,0.0608899,-1.0000,0,,mesure_experimentale
iodp_remanence_385_7708642,385,U1548,D,CUBE10698381,0.006809,23.3,140.6,11.72,9,5,60,0.000311,0.0456748,-1.0000,0,,mesure_experimentale
iodp_remanence_385_7708642,385,U1548,D,CUBE10698431,0.004882,-19.1,222.6,20.5,9,5,60,0.000622,0.127407,-0.9833,0,,mesure_experimentale
iodp_remanence_385_7708642,385,U1548,D,CUBE10698971,0.008014,47.1,186.8,30.51,9,5,60,0.000183,0.022835,-1.0000,0,,mesure_experimentale
iodp_remanence_385_7708642,385,U1548,D,CUBE10700201,0.005191,41.7,182.2,39.67,9,5,60,0.000529,0.101907,-0.9833,0,,mesure_experimentale
iodp_remanence_385_7708642,385,U1548,D,CUBE10703421,0.004355,-21.9,217.4,48.96,9,5,60,0.00034,0.0780712,-0.9833,0,,mesure_experimentale
iodp_remanence_385_7708642,385,U1548,D,CUBE10706701,0.004854,15.0,142.6,58.4,9,5,60,0.000306,0.0630408,-0.9833,0,,mesure_experimentale
iodp_remanence_385_7708642,385,U1548,D,CUBE10707991,0.003559,-12.9,144.5,67.85,9,5,60,0.000149,0.0418657,-0.9833,0,,mesure_experimentale
iodp_remanence_385_7708642,385,U1548,D,CUBE10708601,0.001302,-2.5,215.0,77.37,9,5,60,4.8e-05,0.0368664,-1.0000,0,,mesure_experimentale
iodp_remanence_385_7708642,385,U1548,D,CUBE10708651,0.001038,38.2,188.0,86.83,9,5,60,8.7e-05,0.083815,-1.0000,0,,mesure_experimentale
iodp_remanence_385_7708642,385,U1548,D,CUBE10708881,0.000869,32.1,186.1,96.4,9,5,60,6.5e-05,0.0747986,-1.0000,0,,mesure_experimentale
iodp_remanence_385_7708642,385,U1548,D,CUBE10709411,0.00061,-0.7,210.6,101.5,9,5,60,4.5e-05,0.0737705,-0.9500,0,,mesure_experimentale
iodp_remanence_385_7708642,385,U1548,D,CUBE10709431,0.001017,-6.7,198.9,109.22,9,5,60,1.8e-05,0.0176991,-1.0000,0,,mesure_experimentale
iodp_remanence_385_7708642,385,U1548,E,CUBE10709481,0.012916,-35.8,212.0,5.23,9,5,60,0.000393,0.0304274,-1.0000,0,,mesure_experimentale
iodp_remanence_385_7708642,385,U1548,E,CUBE10709501,0.008796,39.8,189.6,11.41,9,5,60,0.000281,0.0319463,-1.0000,0,,mesure_experimentale
iodp_remanence_385_7708642,385,U1548,E,CUBE10710261,0.005694,-39.3,173.1,20.68,9,5,60,0.000168,0.0295047,-0.9833,0,,mesure_experimentale
iodp_remanence_385_7708642,385,U1548,E,CUBE10711531,0.006964,12.5,140.1,29.39,9,5,60,0.00049,0.0703619,-0.9833,0,,mesure_experimentale
iodp_remanence_385_7708642,385,U1548,E,CUBE10712231,0.005399,-32.9,203.4,39.16,9,5,60,0.000299,0.0553806,-0.9833,0,,mesure_experimentale
iodp_remanence_385_7708642,385,U1548,E,CUBE10715281,0.004183,19.3,134.4,48.08,9,5,60,0.000132,0.0315563,-1.0000,0,,mesure_experimentale
iodp_remanence_385_7708642,385,U1548,E,CUBE10715971,0.003574,-2.2,220.1,57.78,9,5,60,0.000142,0.0397314,-1.0000,0,,mesure_experimentale
iodp_remanence_385_7708642,385,U1548,E,CUBE10718701,0.002842,31.6,208.4,67.3,9,5,60,0.000144,0.0506685,-1.0000,0,,mesure_experimentale
iodp_remanence_385_7708642,385,U1548,E,CUBE10720801,0.001128,-21.1,198.5,76.8,9,5,60,9.7e-05,0.0859929,-1.0000,0,,mesure_experimentale
iodp_remanence_385_7708642,385,U1548,E,CUBE10722451,0.000898,17.5,152.4,86.3,9,5,60,8.7e-05,0.096882,-1.0000,0,,mesure_experimentale
iodp_remanence_385_7708642,385,U1548,E,CUBE10725331,0.001408,-23.6,192.6,95.86,9,5,60,0.000114,0.0809659,-1.0000,0,,mesure_experimentale
iodp_remanence_385_7708642,385,U1548,E,CUBE10726441,0.000768,19.3,158.1,105.89,9,5,60,6.5e-05,0.0846354,-1.0000,0,,mesure_experimentale
iodp_remanence_385_7708642,385,U1552,A,CUBE10728101,0.007136,13.4,138.2,6.13,9,5,60,0.000362,0.0507287,-1.0000,0,,mesure_experimentale
iodp_remanence_385_7708642,385,U1552,A,CUBE10728191,0.085153,12.4,173.9,15.77,9,5,60,0.007835,0.0920109,-0.9000,0,,mesure_experimentale
iodp_remanence_385_7708642,385,U1552,A,CUBE10728701,0.002766,-37.9,155.2,23.83,9,5,60,4.5e-05,0.016269,-0.9833,0,,mesure_experimentale
iodp_remanence_385_7708642,385,U1552,A,CUBE10728771,0.003247,-18.0,140.0,43.13,9,5,60,0.000163,0.0502002,-1.0000,0,,mesure_experimentale
iodp_remanence_385_7708642,385,U1552,A,CUBE10728841,0.003492,-25.9,211.4,34.41,9,5,60,0.000114,0.032646,-1.0000,0,,mesure_experimentale
iodp_remanence_385_7708642,385,U1552,A,CUBE10729091,0.003031,38.3,209.5,51.79,9,5,60,0.000324,0.106895,-0.9833,0,,mesure_experimentale
iodp_remanence_385_7708642,385,U1552,A,CUBE10729171,0.004806,-15.9,222.1,71.48,9,5,60,0.000277,0.0576363,-0.9833,0,,mesure_experimentale
iodp_remanence_385_7708642,385,U1552,A,CUBE10729231,0.002116,17.3,223.5,81.38,9,5,60,0.000165,0.0779773,-1.0000,0,,mesure_experimentale
iodp_remanence_385_7708642,385,U1552,A,CUBE10729391,0.001505,-45.1,198.3,90.16,9,5,60,9.1e-05,0.0604651,-1.0000,0,,mesure_experimentale
iodp_remanence_385_7708642,385,U1552,A,CUBE10729691,0.002314,13.8,210.3,99.21,9,5,60,0.00016,0.0691443,-0.9833,0,,mesure_experimentale
iodp_remanence_385_7708642,385,U1552,C,CUBE10730371,0.012052,-16.6,221.8,3.67,9,5,60,0.000928,0.0769997,-1.0000,0,,mesure_experimentale
iodp_remanence_385_7708642,385,U1552,C,CUBE10730951,0.02474,-29.6,153.8,15.85,9,5,60,0.001322,0.0534357,-1.0000,0,,mesure_experimentale
iodp_remanence_385_7708642,385,U1552,C,CUBE10731141,0.001875,-65.2,229.3,23.89,9,5,60,0.000101,0.0538667,-0.9500,0,,mesure_experimentale
iodp_remanence_385_7708642,385,U1552,C,CUBE10731341,0.008939,33.8,160.4,45.79,9,5,60,0.000259,0.0289742,-1.0000,0,,mesure_experimentale
iodp_remanence_385_7708642,385,U1552,C,CUBE10731501,0.002668,-24.0,180.0,52.13,9,5,60,0.000126,0.0472264,-0.9833,0,,mesure_experimentale
iodp_remanence_385_7708642,385,U1552,C,CUBE10731661,0.011677,-27.0,174.9,63.25,9,5,60,0.002011,0.172219,-1.0000,0,,mesure_experimentale
iodp_remanence_385_7708642,385,U1552,C,CUBE10731761,0.003347,41.3,169.5,72.47,9,5,60,0.000181,0.0540783,-1.0000,0,,mesure_experimentale
iodp_remanence_385_7708642,385,U1552,C,CUBE10731831,0.000954,-7.6,152.7,81.94,9,5,60,4.2e-05,0.0440252,-1.0000,0,,mesure_experimentale
iodp_remanence_390_10642311,390C,U1559,A,CUBE11484811,0.001276,-37.1,20.7,58.95,13,5,100,0.000232,0.181818,-0.9011,22,0.7120,mesure_experimentale
iodp_remanence_390_10642311,390C,U1559,A,CUBE11484821,0.001611,21.8,20.9,62.01,12,5,100,0.000229,0.142148,-0.9930,89,0.7019,mesure_experimentale
iodp_remanence_390_10642311,390C,U1556,A,CUBE11486991,0.015736,-58.4,111.7,275.69,13,5,130,0.004811,0.305732,-0.8242,22,0.7504,mesure_experimentale
iodp_remanence_390_10642311,390C,U1556,A,CUBE11487001,0.002509,-56.1,178.9,278.0,13,5,130,0.001602,0.638501,0.0440,0,,mesure_experimentale
iodp_remanence_390_10642311,390C,U1556,A,CUBE11487821,5.63671,-0.3,342.0,281.12,16,5,190,0.380457,0.0674962,-0.9882,22,0.3665,mesure_experimentale
iodp_remanence_390_10642311,390C,U1556,A,CUBE11487871,0.008158,-39.2,152.2,283.53,13,5,130,0.002656,0.32557,-0.9670,22,0.7290,mesure_experimentale
iodp_remanence_390_10642311,390C,U1557,B,CUBE11488621,0.017026,-67.8,75.9,563.52,12,5,100,0.000979,0.0575003,-0.9860,22,0.7708,mesure_experimentale
iodp_remanence_390_10642311,390C,U1557,B,CUBE11488641,1.71325,-49.0,246.1,569.55,14,5,100,0.051692,0.0301718,-0.9692,22,0.7357,mesure_experimentale
iodp_remanence_390_10642311,390C,U1557,B,CUBE11488661,0.002544,8.2,144.4,564.15,12,5,100,0.002813,1.10574,-0.7902,0,,mesure_experimentale
iodp_remanence_390_10642311,390C,U1557,B,CUBE11488701,2.01063,-35.2,212.9,572.05,12,5,100,0.103312,0.051383,-0.9790,22,0.8114,mesure_experimentale
iodp_remanence_390_10642311,390C,U1557,B,CUBE11488711,0.068072,23.1,241.7,573.26,12,5,100,0.004221,0.0620079,-0.9860,0,,mesure_experimentale
iodp_remanence_390_10642311,390C,U1558,A,CUBE11593211,0.914306,-15.8,51.2,161.86,11,5,80,0.053255,0.0582464,-0.9636,43,0.7798,mesure_experimentale
iodp_remanence_391_10206447,391,U1575,A,CUBE11247861,2.4e-05,-68.0,344.8,9.01,5,5,25,1.2e-05,0.5,-0.9000,0,,mesure_experimentale
iodp_remanence_391_10206447,391,U1575,A,CUBE11248401,2.8e-05,-58.6,346.0,14.41,6,5,30,1.5e-05,0.535714,-0.7714,0,,mesure_experimentale
iodp_remanence_391_10206447,391,U1575,A,CUBE11248411,2.5e-05,-50.9,45.0,18.57,6,5,30,1.2e-05,0.48,-0.3143,0,,mesure_experimentale
iodp_remanence_391_10206447,391,U1575,A,CUBE11249031,2.4e-05,-55.1,9.3,22.1,2,5,10,1.3e-05,0.541667,nan,0,,mesure_experimentale
iodp_remanence_391_10206447,391,U1575,A,CUBE11252081,0.000102,-9.5,232.7,71.855,11,5,100,0.00025,2.45098,-0.1909,12,0.9930,mesure_experimentale
iodp_remanence_391_10206447,391,U1575,A,CUBE11252761,2.1e-05,4.0,22.0,91.7,8,5,80,0.000112,5.33333,0.0952,0,,mesure_experimentale
iodp_remanence_391_10206447,391,U1575,A,CUBE11253201,4e-05,-5.1,12.9,99.03,16,2,100,0.000529,13.225,0.0588,15,0.9964,mesure_experimentale
iodp_remanence_391_10206447,391,U1575,A,CUBE11253961,0.000561,-7.1,229.7,185.45,11,2,60,5.3e-05,0.0944742,-0.7727,0,,mesure_experimentale
iodp_remanence_391_10206447,391,U1575,A,CUBE11253991,0.008442,-37.3,354.9,194.68,14,2,100,0.000259,0.0306799,-0.9956,0,,mesure_experimentale
iodp_remanence_391_10206447,391,U1575,A,CUBE11254001,0.008774,12.5,319.6,195.97,13,2,100,0.000899,0.102462,-0.9011,0,,mesure_experimentale
iodp_remanence_391_10206447,391,U1575,A,CUBE11254441,0.007964,27.0,124.5,205.97,16,2,140,0.000748,0.0939227,-0.9147,0,,mesure_experimentale
iodp_remanence_391_10206447,391,U1575,A,CUBE11254451,0.009475,8.8,10.9,207.88,13,2,100,0.001545,0.163061,-0.9945,0,,mesure_experimentale
iodp_remanence_391_10206447,391,U1575,A,CUBE11254461,0.005156,2.0,296.6,209.3,13,2,100,0.002222,0.430954,-0.8626,0,,mesure_experimentale
iodp_remanence_391_10206447,391,U1575,A,CUBE11258191,0.711594,-38.5,48.1,210.63,18,2,180,0.176382,0.247869,-0.5046,0,,mesure_experimentale
iodp_remanence_391_10206447,391,U1575,A,CUBE11258201,1.85771,-55.0,174.2,214.0,15,100,575,0.285236,0.153542,-0.8393,0,,mesure_experimentale
iodp_remanence_391_10206447,391,U1575,A,CUBE11258211,0.247412,15.5,261.3,215.83,17,5,200,0.035443,0.143255,-0.7549,0,,mesure_experimentale
iodp_remanence_391_10206447,391,U1575,A,CUBE11258221,0.308712,5.4,76.7,217.78,15,100,575,0.197539,0.639881,-0.0321,0,,mesure_experimentale
iodp_remanence_391_10206447,391,U1575,A,CUBE11258231,1.02237,46.0,8.3,218.13,15,150,575,0.210147,0.205549,-0.6321,0,,mesure_experimentale
iodp_remanence_391_10206447,391,U1575,A,CUBE11258241,0.891841,-3.3,39.4,218.48,13,5,120,0.049903,0.055955,-1.0000,0,,mesure_experimentale
iodp_remanence_391_10206447,391,U1575,A,CUBE11258251,0.293298,-18.9,241.9,220.21,15,150,550,0.41061,1.39998,0.2429,0,,mesure_experimentale
iodp_remanence_391_10206447,391,U1575,A,CUBE11258261,3.81177,-32.3,329.2,220.73,15,5,200,0.5216,0.136839,-0.9964,0,,mesure_experimentale
iodp_remanence_391_10206447,391,U1575,A,CUBE11258271,22.5769,8.8,88.8,223.42,15,2,120,1.66504,0.07375,-0.9857,0,,mesure_experimentale
iodp_remanence_391_10206447,391,U1575,A,CUBE11258281,29.1826,20.8,206.6,225.01,11,5,60,0.988082,0.0338586,-1.0000,0,,mesure_experimentale
iodp_remanence_391_10206447,391,U1575,A,CUBE11258291,40.739,-77.1,8.1,227.41,14,5,120,0.450782,0.0110651,-1.0000,0,,mesure_experimentale
iodp_remanence_391_10206447,391,U1575,A,CUBE11258301,16.9757,5.6,299.4,227.94,16,150,550,0.164183,0.00967163,-0.9765,0,,mesure_experimentale
iodp_remanence_391_10206447,391,U1575,A,CUBE11258311,36.069,-8.1,145.2,229.39,14,5,120,0.437984,0.012143,-1.0000,0,,mesure_experimentale
iodp_remanence_391_10206447,391,U1575,A,CUBE11260721,33.382,-55.7,175.7,229.31,13,2,80,0.444984,0.0133301,-1.0000,0,,mesure_experimentale
iodp_remanence_391_10206447,391,U1575,A,CUBE11260731,22.422,45.2,202.6,230.68,14,150,500,0.764386,0.0340909,-0.6571,0,,mesure_experimentale
iodp_remanence_391_10206447,391,U1575,A,CUBE11260741,17.4513,48.7,74.1,233.6,14,2,140,1.10088,0.0630833,-0.9692,0,,mesure_experimentale
iodp_remanence_391_10206447,391,U1575,A,CUBE11260751,15.845,-8.7,294.5,234.06,14,2,140,0.953723,0.0601909,-0.9956,0,,mesure_experimentale
iodp_remanence_391_10206447,391,U1575,A,CUBE11260761,26.8999,29.1,184.1,235.55,13,2,100,1.67036,0.0620954,-1.0000,0,,mesure_experimentale
iodp_remanence_391_10206447,391,U1575,A,CUBE11260771,0.393633,-74.6,100.9,236.63,13,150,525,0.48349,1.22828,-0.0440,0,,mesure_experimentale
iodp_remanence_391_10206447,391,U1575,A,CUBE11260781,1.11541,-34.3,215.6,240.16,14,2,100,0.083042,0.0744496,-0.9956,0,,mesure_experimentale
iodp_remanence_391_10206447,391,U1575,A,CUBE11260791,0.90144,-13.4,323.1,242.4,13,150,525,0.475684,0.527693,-0.6264,0,,mesure_experimentale
iodp_remanence_391_10206447,391,U1575,A,CUBE11260801,3.97556,39.4,336.6,245.83,17,2,200,0.494354,0.124348,-0.9828,0,,mesure_experimentale
iodp_remanence_391_10206447,391,U1575,A,CUBE11260811,0.251383,29.0,214.8,246.32,6,150,350,0.9689,3.85428,0.7143,0,,mesure_experimentale
iodp_remanence_391_10206447,391,U1575,A,CUBE11260821,15.2894,-34.9,338.0,250.12,17,2,140,1.43871,0.0940991,-0.9902,0,,mesure_experimentale
iodp_remanence_391_10206447,391,U1575,A,CUBE11260831,19.7559,-24.1,279.9,250.63,12,150,500,0.624241,0.0315976,-0.9720,0,,mesure_experimentale
iodp_remanence_391_10206447,391,U1575,A,CUBE11260841,1.28744,19.3,66.6,254.91,14,5,120,0.11093,0.0861632,-0.9956,0,,mesure_experimentale
iodp_remanence_391_10206447,391,U1575,A,CUBE11260851,18.8928,26.2,159.7,256.02,14,5,120,1.04281,0.0551963,-1.0000,0,,mesure_experimentale
iodp_remanence_391_10206447,391,U1575,A,CUBE11260861,28.7196,-33.1,236.3,257.77,12,150,500,0.735204,0.0255994,-0.7273,0,,mesure_experimentale
iodp_remanence_391_10206447,391,U1575,A,CUBE11262951,33.4154,4.7,227.2,259.29,16,150,550,0.28021,0.00838566,-0.9441,0,,mesure_experimentale
iodp_remanence_391_10206447,391,U1575,A,CUBE11262961,2.36564,-23.9,313.4,261.81,15,5,200,0.36725,0.155243,-0.9500,0,,mesure_experimentale
iodp_remanence_391_10206447,391,U1575,A,CUBE11262971,2.55846,-4.6,300.6,265.4,14,5,200,0.301205,0.117729,-0.9956,0,,mesure_experimentale
iodp_remanence_391_10206447,391,U1575,A,CUBE11262981,0.687092,-40.9,131.0,265.93,18,5,200,0.190896,0.277832,-0.9278,0,,mesure_experimentale
iodp_remanence_391_10206447,391,U1575,A,CUBE11262991,0.420701,-19.6,75.9,267.15,15,150,500,0.63703,1.51421,0.5000,0,,mesure_experimentale
iodp_remanence_391_10206447,391,U1575,A,CUBE11263001,2.36672,-29.5,354.9,269.93,18,5,200,0.38703,0.16353,-0.9876,0,,mesure_experimentale
iodp_remanence_391_10206447,391,U1575,A,CUBE11263011,2.68815,39.3,60.1,276.22,14,5,140,0.157932,0.0587513,-0.9868,0,,mesure_experimentale
iodp_remanence_391_10206447,391,U1575,A,CUBE11263021,22.5577,38.1,70.4,278.22,14,5,140,0.857346,0.0380068,-0.9956,0,,mesure_experimentale
iodp_remanence_391_10206447,391,U1575,A,CUBE11263031,19.4433,67.3,175.8,277.66,15,150,475,0.449495,0.0231183,-0.7607,0,,mesure_experimentale
iodp_remanence_391_10206447,391,U1575,A,CUBE11263041,1.6667,-64.8,328.9,280.29,15,5,140,0.188865,0.113317,-0.9214,0,,mesure_experimentale
iodp_remanence_391_10206447,391,U1575,A,CUBE11263391,36.3524,-69.1,167.2,285.92,14,150,475,1.05208,0.028941,-0.9560,0,,mesure_experimentale
iodp_remanence_391_10206447,391,U1575,A,CUBE11263401,48.7684,32.2,79.6,287.4,11,5,80,0.787813,0.0161542,-1.0000,0,,mesure_experimentale
iodp_remanence_391_10206447,391,U1575,A,CUBE11263411,36.2959,-46.2,212.0,288.71,11,5,80,0.336669,0.00927567,-1.0000,0,,mesure_experimentale
iodp_remanence_391_10206447,391,U1575,A,CUBE11263421,25.2034,-33.9,225.8,294.44,14,150,475,2.05527,0.0815475,-0.9956,0,,mesure_experimentale
iodp_remanence_391_10206447,391,U1575,A,CUBE11263431,19.8507,-45.2,212.4,295.38,15,2,140,0.149427,0.00752754,-1.0000,0,,mesure_experimentale
iodp_remanence_391_10206447,391,U1575,A,CUBE11263441,24.9507,-32.0,202.6,296.46,15,2,140,0.132063,0.00529295,-1.0000,0,,mesure_experimentale
iodp_remanence_391_10206447,391,U1575,A,CUBE11263451,21.9993,-29.3,176.4,298.18,15,150,500,1.08848,0.0494778,-0.9036,0,,mesure_experimentale
iodp_remanence_391_10206447,391,U1575,A,CUBE11263461,19.1664,-27.8,173.6,297.51,14,5,160,0.163576,0.00853454,-0.9868,0,,mesure_experimentale
iodp_remanence_391_10206447,391,U1575,A,CUBE11263471,17.2169,-18.1,208.8,299.11,13,5,160,0.159703,0.00927594,-1.0000,0,,mesure_experimentale
iodp_remanence_391_10206447,391,U1575,A,CUBE11263481,15.9018,12.5,184.1,300.14,17,150,550,0.611588,0.0384604,-0.6127,0,,mesure_experimentale
iodp_remanence_391_10206447,391,U1575,A,CUBE11263491,19.5127,-45.9,139.0,301.87,15,2,140,0.605717,0.0310421,-0.9750,0,,mesure_experimentale
iodp_remanence_391_10206447,391,U1575,A,CUBE11263501,13.4285,-2.0,249.1,303.45,15,2,140,0.224928,0.01675,-0.9714,0,,mesure_experimentale
iodp_remanence_391_10206447,391,U1575,A,CUBE11263511,4.41949,55.5,350.0,304.93,14,150,475,0.176439,0.039923,-0.9956,0,,mesure_experimentale
iodp_remanence_391_10206447,391,U1575,A,CUBE11263521,3.06403,-5.2,298.5,306.71,16,5,170,0.442095,0.144285,-0.9676,0,,mesure_experimentale
iodp_remanence_391_10206447,391,U1575,A,CUBE11263531,6.21123,-49.4,359.7,307.27,15,5,170,0.236357,0.0380532,-0.9607,0,,mesure_experimentale
iodp_remanence_391_10206447,391,U1575,A,CUBE11263541,29.6322,-33.9,143.8,308.97,14,150,475,1.56634,0.0528594,-0.5560,0,,mesure_experimentale
iodp_remanence_391_10206447,391,U1575,A,CUBE11263551,24.3608,17.0,206.7,311.36,15,5,170,0.172815,0.00709398,-0.9964,0,,mesure_experimentale
iodp_remanence_391_10206447,391,U1575,A,CUBE11263561,1.47134,-40.9,189.0,313.48,15,5,170,0.087024,0.0591459,-1.0000,0,,mesure_experimentale
iodp_remanence_391_10206447,391,U1575,A,CUBE11263571,1.24591,-17.2,214.3,325.27,15,150,475,0.614111,0.492903,-0.6786,0,,mesure_experimentale
iodp_remanence_391_10206447,391,U1576,A,CUBE11274231,0.002316,-70.0,7.6,85.8,11,5,60,0.000109,0.0470639,-1.0000,0,,mesure_experimentale
iodp_remanence_391_10206447,391,U1576,A,CUBE11274941,0.00811,-35.8,160.7,99.85,11,5,60,0.002057,0.253637,-0.9818,0,,mesure_experimentale
iodp_remanence_391_10206447,391,U1576,A,CUBE11275621,0.00904,-51.0,99.8,111.24,10,5,60,0.000279,0.0308628,-1.0000,0,,mesure_experimentale
iodp_remanence_391_10206447,391,U1576,A,CUBE11276271,0.01083,-22.5,22.2,118.4,10,5,60,0.003493,0.32253,-0.9636,0,,mesure_experimentale
iodp_remanence_391_10206447,391,U1576,A,CUBE11276561,0.012444,9.9,164.1,127.77,14,5,140,0.000726,0.0583414,-0.9956,15,1.0000,mesure_experimentale
iodp_remanence_391_10206447,391,U1576,A,CUBE11276951,0.022161,-16.7,41.8,135.68,17,150,625,0.001258,0.0567664,-0.9828,0,,mesure_experimentale
iodp_remanence_391_10206447,391,U1576,A,CUBE11277351,0.007506,-32.7,12.2,149.87,17,150,625,0.000538,0.071676,-0.9853,0,,mesure_experimentale
iodp_remanence_391_10206447,391,U1576,A,CUBE11277531,0.000706,-7.0,63.3,158.23,14,5,140,0.000236,0.334278,-0.9956,0,,mesure_experimentale
iodp_remanence_391_10206447,391,U1576,A,CUBE11277961,0.001544,-19.6,352.5,169.65,14,5,140,0.000273,0.176813,-1.0000,15,1.0000,mesure_experimentale
iodp_remanence_391_10206447,391,U1576,A,CUBE11278251,0.003049,51.9,250.1,176.23,14,5,140,0.000278,0.0911774,-0.9385,0,,mesure_experimentale
iodp_remanence_391_10206447,391,U1576,A,CUBE11278261,0.001084,47.3,281.8,177.98,14,5,140,0.000116,0.107011,-0.4769,0,,mesure_experimentale
iodp_remanence_391_10206447,391,U1576,A,CUBE11278271,0.015408,31.1,282.9,179.17,14,5,140,0.000698,0.0453011,-1.0000,0,,mesure_experimentale
iodp_remanence_391_10206447,391,U1576,A,CUBE11278411,0.001098,-5.3,338.7,185.56,17,150,625,0.000163,0.148452,-0.9902,16,-0.9971,mesure_experimentale
iodp_remanence_391_10206447,391,U1576,A,CUBE11278581,0.001247,26.5,339.0,201.3,14,5,140,0.000117,0.0938252,-0.9780,0,,mesure_experimentale
iodp_remanence_391_10206447,391,U1576,A,CUBE11279031,0.001248,-31.2,164.5,204.66,15,5,200,0.000392,0.314103,-0.9750,0,,mesure_experimentale
iodp_remanence_391_10206447,391,U1576,A,CUBE11279191,0.000781,0.5,212.3,217.41,15,5,200,0.000391,0.50064,-0.9679,0,,mesure_experimentale
iodp_remanence_391_10206447,391,U1576,A,CUBE11279201,0.004234,-5.6,98.5,212.18,17,150,625,0.000539,0.127303,-0.9779,0,,mesure_experimentale
iodp_remanence_391_10206447,391,U1576,A,CUBE11279361,0.000597,18.3,56.1,228.15,15,5,200,0.000196,0.328308,-0.9964,0,,mesure_experimentale
iodp_remanence_391_10206447,391,U1576,A,CUBE11279381,0.00124,4.3,311.6,238.62,15,5,200,0.000263,0.212097,-0.9929,0,,mesure_experimentale
iodp_remanence_391_10206447,391,U1576,A,CUBE11279561,0.00026,-29.7,215.4,248.65,15,5,200,0.000302,1.16154,-0.7143,0,,mesure_experimentale
iodp_remanence_391_10206447,391,U1576,A,CUBE11279921,0.00032,-53.8,162.5,251.21,11,5,200,0.000122,0.38125,-0.9455,0,,mesure_experimentale
iodp_remanence_391_10206447,391,U1576,A,CUBE11279931,0.000393,-33.8,102.5,258.2,15,150,610,0.0004,1.01781,-0.9071,0,,mesure_experimentale
iodp_remanence_391_10206447,391,U1576,A,CUBE11279951,0.000998,27.2,339.9,262.22,11,5,200,0.000258,0.258517,-0.8636,0,,mesure_experimentale
iodp_remanence_391_10206447,391,U1576,A,CUBE11279961,0.001366,-14.2,21.8,266.99,14,150,610,0.000388,0.284041,-0.9824,0,,mesure_experimentale
iodp_remanence_391_10206447,391,U1576,A,CUBE11280001,0.001592,6.2,311.2,270.39,11,5,200,0.000732,0.459799,-1.0000,15,1.0000,mesure_experimentale
iodp_remanence_391_10206447,391,U1576,A,CUBE11280011,0.000454,17.9,269.0,276.34,16,150,610,0.000239,0.526432,0.3294,0,,mesure_experimentale
iodp_remanence_391_10206447,391,U1576,A,CUBE11280061,0.000189,5.4,352.3,281.93,21,5,30,6.9e-05,0.365079,-0.2974,0,,mesure_experimentale
iodp_remanence_391_10206447,391,U1576,A,CUBE11280071,0.000806,-23.5,39.5,280.03,14,150,610,0.000434,0.538462,-0.8066,0,,mesure_experimentale
iodp_remanence_391_10206447,391,U1576,A,CUBE11280101,0.000284,33.7,6.7,291.54,31,5,200,0.000129,0.454225,-0.8226,0,,mesure_experimentale
iodp_remanence_391_10206447,391,U1576,A,CUBE11280121,0.00074,6.4,303.1,303.25,30,5,200,0.000381,0.514865,-0.9141,15,1.0000,mesure_experimentale
iodp_remanence_391_10206447,391,U1576,A,CUBE11280151,0.000501,34.8,322.4,309.7,14,150,610,0.000283,0.56487,-0.8769,0,,mesure_experimentale
iodp_remanence_391_10206447,391,U1576,A,CUBE11280191,0.001029,-35.8,25.7,321.12,14,5,575,0.000547,0.531584,-0.9560,16,-1.0000,mesure_experimentale
iodp_remanence_391_10206447,391,U1576,A,CUBE11280301,0.000344,-26.8,61.8,329.24,10,5,140,7e-05,0.203488,-0.9758,17,-1.0000,mesure_experimentale
iodp_remanence_391_10206447,391,U1576,A,CUBE11280321,8.2e-05,25.8,34.4,338.34,3,5,30,0.000209,2.54878,1.0000,0,,mesure_experimentale
iodp_remanence_391_10206447,391,U1576,A,CUBE11280491,4.7e-05,19.9,26.9,348.98,4,150,300,3.3e-05,0.702128,-0.8000,0,,mesure_experimentale
iodp_remanence_391_10206447,391,U1576,A,CUBE11280511,9.8e-05,20.8,271.9,359.39,6,5,30,2.5e-05,0.255102,-0.8286,15,-0.6250,mesure_experimentale
iodp_remanence_391_10206447,391,U1576,A,CUBE11280551,0.000398,-37.8,31.3,373.88,13,150,610,0.000351,0.88191,0.4286,0,,mesure_experimentale
iodp_remanence_391_10206447,391,U1576,A,CUBE11281231,0.00139,26.6,201.0,377.88,14,150,625,0.000329,0.236691,-1.0000,0,,mesure_experimentale
iodp_remanence_391_10206447,391,U1576,A,CUBE11281241,0.002235,16.2,196.6,379.98,14,150,625,0.000553,0.247427,-0.9033,0,,mesure_experimentale
iodp_remanence_391_10206447,391,U1576,A,CUBE11281251,5.65692,-66.7,122.8,387.19,12,5,100,0.270528,0.0478225,-0.9930,0,,mesure_experimentale
iodp_remanence_391_10206447,391,U1576,A,CUBE11281261,0.000542,-4.7,189.1,380.34,13,150,625,0.033924,62.5904,0.8187,0,,mesure_experimentale
iodp_remanence_391_10206447,391,U1576,A,CUBE11281271,0.000637,-3.1,184.6,380.36,16,5,200,0.000238,0.373626,-0.8618,0,,mesure_experimentale
iodp_remanence_391_10206447,391,U1576,A,CUBE11281281,0.229636,-18.8,135.5,381.26,15,150,625,0.095311,0.415053,-0.2357,0,,mesure_experimentale
iodp_remanence_391_10206447,391,U1576,A,CUBE11281291,0.556749,34.6,141.3,388.47,12,5,100,0.026557,0.0477001,-1.0000,0,,mesure_experimentale
iodp_remanence_391_10206447,391,U1576,B,CUBE11282091,0.000367,-23.3,325.7,376.21,10,5,60,3.1e-05,0.0844687,-1.0000,0,,mesure_experimentale
iodp_remanence_391_10206447,391,U1576,B,CUBE11282101,0.000354,-44.9,55.0,378.81,12,5,100,6.8e-05,0.19209,-0.9510,0,,mesure_experimentale
iodp_remanence_391_10206447,391,U1576,B,CUBE11282511,0.000156,-46.1,32.8,365.96,9,5,50,3.4e-05,0.217949,-0.8833,0,,mesure_experimentale
iodp_remanence_391_10206447,391,U1576,B,CUBE11283991,0.000682,-38.0,198.2,382.91,17,150,675,0.000205,0.300587,-0.9828,0,,mesure_experimentale
iodp_remanence_391_10206447,391,U1576,B,CUBE11284001,0.001139,-47.8,174.6,384.27,17,5,200,0.00077,0.676032,-0.8578,0,,mesure_experimentale
iodp_remanence_391_10206447,391,U1576,B,CUBE11284011,0.00093,-22.6,235.0,384.94,16,150,675,0.023165,24.9086,0.8735,0,,mesure_experimentale
iodp_remanence_391_10206447,391,U1576,B,CUBE11284021,0.002982,2.8,136.1,385.37,13,150,575,0.044472,14.9135,0.7637,0,,mesure_experimentale
iodp_remanence_391_10206447,391,U1576,B,CUBE11284031,6.10296,17.2,184.2,387.98,13,5,120,0.154564,0.0253261,-1.0000,0,,mesure_experimentale
iodp_remanence_391_10206447,391,U1576,B,CUBE11284041,3.16423,7.6,119.6,388.56,14,5,200,0.16803,0.0531029,-1.0000,0,,mesure_experimentale
iodp_remanence_391_10206447,391,U1576,B,CUBE11284051,2.09032,-51.6,247.7,390.06,9,5,50,0.081316,0.0389012,-0.9833,0,,mesure_experimentale
iodp_remanence_391_10206447,391,U1576,B,CUBE11284061,0.016418,-42.9,150.3,392.44,14,5,200,0.000797,0.0485443,-1.0000,0,,mesure_experimentale
iodp_remanence_391_10206447,391,U1576,B,CUBE11284071,0.001679,-60.8,150.5,394.23,16,150,675,0.00184,1.09589,-0.6353,0,,mesure_experimentale
iodp_remanence_391_10206447,391,U1576,B,CUBE11286981,0.000169,-70.8,183.3,397.74,11,2,60,0.000115,0.680473,-0.7636,0,,mesure_experimentale
iodp_remanence_391_10206447,391,U1576,B,CUBE11286991,0.000693,-67.5,114.8,399.33,17,5,200,0.000189,0.272727,-0.8995,0,,mesure_experimentale
iodp_remanence_391_10206447,391,U1576,B,CUBE11287001,3.19366,-37.7,185.0,402.23,8,5,40,0.009712,0.00304103,-1.0000,0,,mesure_experimentale
iodp_remanence_391_10206447,391,U1576,B,CUBE11287011,0.001452,-25.7,205.5,403.54,16,5,200,0.000254,0.174931,-1.0000,0,,mesure_experimentale
iodp_remanence_391_10206447,391,U1576,B,CUBE11287021,5.00117,14.0,194.6,405.72,11,2,60,0.048272,0.00965214,-0.9636,0,,mesure_experimentale
iodp_remanence_391_10206447,391,U1576,B,CUBE11287031,11.3284,-18.1,187.4,409.24,11,2,60,0.091325,0.00806163,-1.0000,0,,mesure_experimentale
iodp_remanence_391_10206447,391,U1576,B,CUBE11287041,12.7126,-4.0,185.0,409.46,18,150,575,0.171355,0.0134792,-1.0000,0,,mesure_experimentale
iodp_remanence_391_10206447,391,U1576,B,CUBE11287051,9.56951,-9.8,163.1,412.33,18,150,575,0.144875,0.0151392,-1.0000,0,,mesure_experimentale
iodp_remanence_391_10206447,391,U1576,B,CUBE11287061,15.8711,-3.9,158.3,413.28,11,2,60,0.191033,0.0120366,-1.0000,0,,mesure_experimentale
iodp_remanence_391_10206447,391,U1576,B,CUBE11287071,10.4374,13.7,165.7,414.84,18,150,575,0.047714,0.00457145,-1.0000,0,,mesure_experimentale
iodp_remanence_391_10206447,391,U1576,B,CUBE11287081,13.2573,-12.3,173.0,416.87,11,2,60,0.142788,0.0107705,-1.0000,11,-0.5000,mesure_experimentale
iodp_remanence_391_10206447,391,U1576,B,CUBE11287091,3.22937,12.0,216.5,417.1,11,2,60,0.049855,0.015438,-1.0000,12,-0.5175,mesure_experimentale
iodp_remanence_391_10206447,391,U1576,B,CUBE11287101,0.000676,9.8,211.3,418.89,10,150,375,0.000122,0.180473,-1.0000,0,,mesure_experimentale
iodp_remanence_391_10206447,391,U1576,B,CUBE11287731,0.000984,13.2,191.5,421.25,16,5,200,0.000292,0.296748,-0.9941,0,,mesure_experimentale
iodp_remanence_391_10206447,391,U1576,B,CUBE11287741,0.005139,-22.9,192.3,422.4,16,5,200,0.001703,0.331387,-1.0000,0,,mesure_experimentale
iodp_remanence_391_10206447,391,U1576,B,CUBE11287751,1.14483,-24.9,200.7,423.45,10,2,50,0.008078,0.00705609,-1.0000,0,,mesure_experimentale
iodp_remanence_391_10206447,391,U1576,B,CUBE11287761,2.95982,-24.0,187.3,424.33,18,150,600,0.066329,0.0224098,-1.0000,0,,mesure_experimentale
iodp_remanence_391_10206447,391,U1576,B,CUBE11287771,1.09115,-19.8,169.5,425.83,20,150,600,0.053183,0.0487401,-0.9759,0,,mesure_experimentale
iodp_remanence_391_10206447,391,U1576,B,CUBE11287781,4.53194,-19.8,166.4,427.16,13,2,100,0.143644,0.0316959,-1.0000,0,,mesure_experimentale
iodp_remanence_391_10206447,391,U1576,B,CUBE11287791,0.000289,16.6,235.4,429.49,16,5,200,6.9e-05,0.238754,-0.6647,0,,mesure_experimentale
iodp_remanence_391_10206447,391,U1576,B,CUBE11287801,0.001059,-25.3,227.6,431.07,16,5,450,0.000689,0.650614,-0.9559,0,,mesure_experimentale
iodp_remanence_391_10206447,391,U1576,B,CUBE11287811,0.000774,6.6,221.7,431.47,17,5,200,0.000391,0.505168,-0.8824,0,,mesure_experimentale
iodp_remanence_391_10206447,391,U1576,B,CUBE11287821,0.00072,15.3,215.3,433.06,17,5,400,3.82311,5309.88,-0.5098,0,,mesure_experimentale
iodp_remanence_391_10206447,391,U1576,B,CUBE11287831,0.00093,-24.5,137.0,433.81,19,150,600,0.000451,0.484946,-0.8649,0,,mesure_experimentale
iodp_remanence_391_10206447,391,U1576,B,CUBE11287841,0.000129,-46.3,21.5,434.99,8,5,40,2.4e-05,0.186047,-0.7381,0,,mesure_experimentale
iodp_remanence_391_10206447,391,U1576,B,CUBE11287851,0.000494,-4.2,218.8,436.42,14,5,450,0.712789,1442.89,-0.5121,0,,mesure_experimentale
iodp_remanence_391_10206447,391,U1576,B,CUBE11287861,0.001126,40.1,186.5,438.04,13,5,200,0.0006,0.53286,-0.9396,0,,mesure_experimentale
iodp_remanence_391_10206447,391,U1576,B,CUBE11287871,0.001201,21.3,205.0,440.58,13,5,200,0.000701,0.58368,-0.9615,0,,mesure_experimentale
iodp_remanence_391_10206447,391,U1576,B,CUBE11287881,0.923084,-26.6,185.6,442.19,10,2,50,0.006753,0.00731569,-0.9879,11,-0.4455,mesure_experimentale
iodp_remanence_391_10206447,391,U1576,B,CUBE11287891,8.02683,-24.1,172.7,442.89,17,150,575,0.075922,0.00945852,-0.6740,0,,mesure_experimentale
iodp_remanence_391_10206447,391,U1576,B,CUBE11287901,7.03998,-8.4,192.4,444.85,11,2,60,0.125263,0.0177931,-1.0000,10,-0.2606,mesure_experimentale
iodp_remanence_391_10206447,391,U1576,B,CUBE11287911,8.92841,-6.2,167.2,445.27,18,150,575,0.06626,0.00742125,-0.9979,0,,mesure_experimentale
iodp_remanence_391_10206447,391,U1576,B,CUBE11287921,13.3635,-0.5,168.2,447.1,11,2,60,0.062742,0.00469504,-1.0000,0,,mesure_experimentale
iodp_remanence_391_10206447,391,U1576,B,CUBE11287931,26.0636,6.8,179.8,449.66,18,150,575,0.036144,0.00138676,-0.9979,0,,mesure_experimentale
iodp_remanence_391_10206447,391,U1576,B,CUBE11287941,10.783,-18.4,168.8,450.66,11,2,60,0.078674,0.00729609,-1.0000,0,,mesure_experimentale
iodp_remanence_391_10206447,391,U1577,A,CUBE11290741,0.006303,-46.2,184.2,3.76,12,5,100,0.000236,0.0374425,-0.9860,0,,mesure_experimentale
iodp_remanence_391_10206447,391,U1577,A,CUBE11291531,0.027476,4.1,199.9,14.94,12,5,100,0.002356,0.0857476,-0.9930,0,,mesure_experimentale
iodp_remanence_391_10206447,391,U1577,A,CUBE11292651,0.018449,-40.7,192.7,26.22,12,5,100,0.002562,0.138869,-0.9930,0,,mesure_experimentale
iodp_remanence_391_10206447,391,U1577,A,CUBE11293351,0.017966,-26.4,171.4,30.54,11,5,80,0.000567,0.0315596,-1.0000,0,,mesure_experimentale
iodp_remanence_391_10206447,391,U1577,A,CUBE11293721,0.025035,-68.1,227.1,40.62,11,5,80,0.004174,0.166727,-0.9727,15,0.9964,mesure_experimentale
iodp_remanence_391_10206447,391,U1577,A,CUBE11293851,0.032054,16.2,26.6,53.13,12,5,80,0.003433,0.107101,-0.9860,0,,mesure_experimentale
iodp_remanence_391_10206447,391,U1577,A,CUBE11294651,0.01846,-26.5,147.8,61.93,11,5,100,0.001255,0.0679848,-0.9909,0,,mesure_experimentale
iodp_remanence_391_10206447,391,U1577,A,CUBE11294681,0.010428,7.0,202.3,69.89,12,5,100,0.000796,0.0763329,-0.9860,0,,mesure_experimentale
iodp_remanence_391_10206447,391,U1577,A,CUBE11295051,0.031891,26.7,166.1,81.12,11,5,100,0.003384,0.106111,-0.9727,0,,mesure_experimentale
iodp_remanence_391_10206447,391,U1577,A,CUBE11295111,0.015164,-62.3,173.5,91.62,11,5,100,0.001518,0.100106,-1.0000,0,,mesure_experimentale
iodp_remanence_391_10206447,391,U1577,A,CUBE11295151,0.031896,-20.2,142.6,100.38,14,150,650,0.001807,0.0566529,-0.9956,0,,mesure_experimentale
iodp_remanence_391_10206447,391,U1577,A,CUBE11295191,0.011451,-14.2,139.2,108.71,13,5,150,0.01245,1.08724,-0.5659,0,,mesure_experimentale
iodp_remanence_391_10206447,391,U1577,A,CUBE11295251,0.054325,18.7,158.9,118.73,11,5,100,0.002326,0.0428164,-1.0000,15,1.0000,mesure_experimentale
iodp_remanence_391_10206447,391,U1577,A,CUBE11295261,0.05313,19.5,156.5,118.75,14,150,650,0.000682,0.0128364,-1.0000,0,,mesure_experimentale
iodp_remanence_391_10206447,391,U1577,A,CUBE11295361,0.008051,-25.2,193.7,125.69,14,150,650,0.000179,0.0222333,-0.9956,0,,mesure_experimentale
iodp_remanence_391_10206447,391,U1577,A,CUBE11295371,0.021126,14.9,202.4,133.42,14,150,650,0.001015,0.0480451,-0.9912,0,,mesure_experimentale
iodp_remanence_391_10206447,391,U1577,A,CUBE11295421,0.018827,-9.0,116.8,132.69,12,5,140,0.002253,0.119669,-0.9930,15,1.0000,mesure_experimentale
iodp_remanence_391_10206447,391,U1577,A,CUBE11295871,0.061077,26.7,330.0,148.63,12,5,140,0.00576,0.0943072,-0.9720,15,1.0000,mesure_experimentale
iodp_remanence_391_10206447,391,U1577,A,CUBE11297361,15.8517,67.4,280.0,156.06,13,2,100,0.471583,0.0297497,-1.0000,0,,mesure_experimentale
iodp_remanence_391_10206447,391,U1577,A,CUBE11297371,58.906,-47.4,314.0,158.4,13,2,100,0.383306,0.00650708,-1.0000,10,-0.4182,mesure_experimentale
iodp_remanence_391_10206447,391,U1577,A,CUBE11297381,30.891,-75.1,70.4,159.44,16,150,525,1.25996,0.0407872,-0.9735,0,,mesure_experimentale
iodp_remanence_391_10206447,391,U1577,A,CUBE11297391,23.2327,-65.0,25.0,160.31,13,2,100,0.166718,0.00717599,-1.0000,10,-0.7333,mesure_experimentale
iodp_remanence_391_10206447,391,U1577,A,CUBE11297401,8.5238,30.5,46.0,162.1,16,150,525,0.164665,0.0193183,-1.0000,0,,mesure_experimentale
iodp_remanence_391_10206447,391,U1577,A,CUBE11297411,19.0439,53.4,292.3,157.49,16,150,525,1.33891,0.0703066,-0.9441,0,,mesure_experimentale
iodp_remanence_391_10206447,391,U1577,A,CUBE11297421,7.46279,-67.0,5.2,163.95,12,2,80,0.065341,0.00875557,-1.0000,10,-0.4182,mesure_experimentale
iodp_remanence_391_10206447,391,U1577,A,CUBE11297431,15.5383,60.1,231.0,166.79,12,2,80,0.156844,0.010094,-0.9790,10,-0.6121,mesure_experimentale
iodp_remanence_391_10206447,391,U1577,A,CUBE11297441,9.27954,51.6,149.3,168.21,16,150,525,0.181877,0.0195998,-0.6853,0,,mesure_experimentale
iodp_remanence_391_10206447,391,U1577,A,CUBE11298221,18.9714,-4.8,230.0,169.73,12,5,80,0.326342,0.0172018,-1.0000,0,,mesure_experimentale
iodp_remanence_391_10206447,391,U1577,A,CUBE11298231,0.951495,40.3,271.1,170.78,13,5,100,0.108506,0.114037,-1.0000,0,,mesure_experimentale
iodp_remanence_391_10206447,391,U1577,A,CUBE11298241,2.18548,-46.1,90.1,171.49,19,150,600,0.022103,0.0101136,0.0316,0,,mesure_experimentale
iodp_remanence_391_10206447,391,U1577,A,CUBE11298251,3.84788,17.9,283.8,172.58,13,5,100,0.192703,0.0500803,-1.0000,10,-0.4182,mesure_experimentale
iodp_remanence_391_10206447,391,U1577,A,CUBE11298261,2.88094,-63.5,228.1,174.1,19,150,600,0.034282,0.0118996,-0.6702,0,,mesure_experimentale
iodp_remanence_391_10206447,391,U1577,A,CUBE11298271,8.55632,-20.3,78.3,174.9,12,5,80,0.376063,0.0439515,-1.0000,32,0.8710,mesure_experimentale
iodp_remanence_391_10206447,391,U1577,A,CUBE11298281,16.226,32.5,236.2,176.17,14,150,475,2.5223,0.155448,-0.6835,0,,mesure_experimentale
iodp_remanence_391_10206447,391,U1577,A,CUBE11298291,19.1208,-67.9,168.6,177.62,12,2,80,0.476308,0.0249105,-1.0000,0,,mesure_experimentale
iodp_remanence_391_10206447,391,U1577,A,CUBE11298301,17.6912,29.6,244.5,178.59,14,150,475,2.44079,0.137967,-0.8110,0,,mesure_experimentale
iodp_remanence_391_10206447,391,U1577,A,CUBE11298311,11.1433,28.4,204.7,179.76,12,2,80,0.138221,0.0124039,-1.0000,20,0.8947,mesure_experimentale
iodp_remanence_391_10206447,391,U1577,A,CUBE11298321,13.9708,20.9,93.6,180.8,14,150,475,0.370394,0.0265121,-0.9824,0,,mesure_experimentale
iodp_remanence_391_10206447,391,U1577,A,CUBE11298331,18.7755,20.9,184.9,181.91,12,2,80,0.238914,0.0127248,-1.0000,0,,mesure_experimentale
iodp_remanence_391_10206447,391,U1577,A,CUBE11298341,22.0414,-17.5,251.3,183.53,14,150,475,0.754486,0.0342304,-0.9077,0,,mesure_experimentale
iodp_remanence_391_10206447,391,U1577,A,CUBE11298351,20.4632,-47.7,133.6,184.36,12,2,80,0.751493,0.0367242,-1.0000,0,,mesure_experimentale
iodp_remanence_391_10206447,391,U1577,A,CUBE11298361,21.4407,-49.4,128.8,185.23,14,150,475,0.761812,0.0355311,-0.9648,0,,mesure_experimentale
iodp_remanence_391_10206447,391,U1577,A,CUBE11298371,29.2244,-57.4,94.4,186.2,12,2,80,0.775478,0.0265353,-1.0000,20,0.9714,mesure_experimentale
iodp_remanence_391_10206447,391,U1577,A,CUBE11298381,24.505,14.0,251.9,187.25,19,150,600,0.036762,0.00150018,-0.9772,0,,mesure_experimentale
iodp_remanence_391_10206447,391,U1577,A,CUBE11298391,19.2902,37.4,255.7,188.53,14,150,475,0.845677,0.0438398,-0.9868,0,,mesure_experimentale
iodp_remanence_391_10206447,391,U1577,A,CUBE11298401,22.6196,-76.3,134.5,189.92,11,2,80,0.462428,0.0204437,-1.0000,10,-0.6606,mesure_experimentale
iodp_remanence_391_10206447,391,U1577,A,CUBE11298411,19.8399,-36.3,205.5,193.27,14,150,475,0.540809,0.0272587,-0.9692,0,,mesure_experimentale
iodp_remanence_391_10206447,391,U1578,A,CUBE11311521,0.003652,-58.3,174.3,7.82,13,5,100,0.000275,0.0753012,-0.9945,25,0.9100,mesure_experimentale
iodp_remanence_391_10206447,391,U1578,A,CUBE11311771,0.001735,-43.1,162.2,16.55,13,5,100,0.000241,0.138905,-0.9780,0,,mesure_experimentale
iodp_remanence_391_10206447,391,U1578,A,CUBE11312301,0.001708,-29.6,176.9,25.4,12,5,100,0.000234,0.137002,-1.0000,25,0.9392,mesure_experimentale
iodp_remanence_391_10206447,391,U1578,A,CUBE11312881,0.014692,3.5,168.3,29.92,16,5,200,0.000619,0.0421318,-0.9971,0,,mesure_experimentale
iodp_remanence_391_10206447,391,U1578,A,CUBE11312891,0.013685,-0.1,191.9,39.9,15,5,200,0.000837,0.0611619,-1.0000,24,0.8870,mesure_experimentale
iodp_remanence_391_10206447,391,U1578,A,CUBE11313571,0.006239,-32.5,334.7,50.12,15,5,200,0.000617,0.0988941,-0.9964,25,0.8977,mesure_experimentale
iodp_remanence_391_10206447,391,U1578,A,CUBE11313581,0.006096,-6.5,329.9,59.1,14,5,200,0.000738,0.121063,-0.9956,0,,mesure_experimentale
iodp_remanence_391_10206447,391,U1578,A,CUBE11313991,0.017161,5.4,152.2,70.25,14,5,200,0.000998,0.0581551,-1.0000,0,,mesure_experimentale
iodp_remanence_391_10206447,391,U1578,A,CUBE11314001,0.001071,4.0,154.3,77.8,14,5,200,0.000271,0.253035,-1.0000,25,0.7292,mesure_experimentale
iodp_remanence_391_10206447,391,U1578,A,CUBE11314371,0.028656,-6.3,194.1,87.5,12,5,100,0.001928,0.0672808,-1.0000,25,0.9046,mesure_experimentale
iodp_remanence_391_10206447,391,U1578,A,CUBE11314381,0.033072,-31.2,21.1,97.07,12,5,100,0.002055,0.0621372,-1.0000,0,,mesure_experimentale
iodp_remanence_391_10206447,391,U1578,A,CUBE11314731,0.050475,-16.2,182.3,107.87,12,5,100,0.004194,0.0830906,-1.0000,0,,mesure_experimentale
iodp_remanence_391_10206447,391,U1578,A,CUBE11314741,0.032061,21.4,182.9,116.57,16,150,625,0.00041,0.0127881,-1.0000,0,,mesure_experimentale
iodp_remanence_391_10206447,391,U1578,A,CUBE11315251,0.007821,35.0,326.4,126.93,16,150,625,0.000499,0.0638026,-0.9882,0,,mesure_experimentale
iodp_remanence_391_10206447,391,U1578,A,CUBE11315261,0.054129,-23.1,181.3,138.52,12,5,100,0.003979,0.0735096,-1.0000,25,0.9208,mesure_experimentale
iodp_remanence_391_10206447,391,U1578,A,CUBE11315451,0.027294,12.2,185.1,145.19,11,5,100,0.001726,0.0632373,-0.9909,0,,mesure_experimentale
iodp_remanence_391_10206447,391,U1578,A,CUBE11315471,0.086649,8.8,162.5,158.67,16,150,625,0.003463,0.0399658,-0.9971,0,,mesure_experimentale
iodp_remanence_391_10206447,391,U1578,A,CUBE11315771,0.045912,1.3,171.1,165.97,11,5,100,0.001779,0.038748,-1.0000,25,0.9462,mesure_experimentale
iodp_remanence_391_10206447,391,U1578,A,CUBE11316691,0.071807,17.2,163.0,174.2,11,5,100,0.002028,0.0282424,-1.0000,0,,mesure_experimentale
iodp_remanence_391_10206447,391,U1578,A,CUBE11320421,0.09693,-28.6,324.3,176.95,15,5,200,0.003277,0.0338079,-1.0000,0,,mesure_experimentale
iodp_remanence_391_10206447,391,U1578,A,CUBE11320431,6.60403,-10.1,322.2,184.63,14,150,575,0.24023,0.0363763,-1.0000,0,,mesure_experimentale
iodp_remanence_391_10206447,391,U1578,A,CUBE11320441,7.0752,1.5,339.5,185.9,15,5,200,0.102814,0.0145316,-0.9964,0,,mesure_experimentale
iodp_remanence_391_10206447,391,U1578,A,CUBE11320451,3.96022,-3.6,330.9,187.59,15,5,200,0.134154,0.0338754,-0.9964,0,,mesure_experimentale
iodp_remanence_391_10206447,391,U1578,A,CUBE11320461,10.9752,31.9,3.9,189.55,13,5,120,0.098991,0.00901952,-1.0000,0,,mesure_experimentale
iodp_remanence_391_10206447,391,U1578,A,CUBE11320471,7.5674,-17.7,28.3,190.12,14,150,575,0.295436,0.0390406,-0.9956,0,,mesure_experimentale
iodp_remanence_391_10206447,391,U1578,A,CUBE11320481,1.94449,37.5,297.8,191.49,11,5,80,0.048649,0.025019,-0.9364,0,,mesure_experimentale
iodp_remanence_391_10206447,391,U1578,A,CUBE11320491,24.4353,14.3,346.0,194.29,14,5,150,1.03953,0.0425421,-0.9956,0,,mesure_experimentale
iodp_remanence_391_10206447,391,U1578,A,CUBE11320501,5.59322,50.8,49.9,195.75,14,150,575,0.190903,0.0341312,-0.8901,0,,mesure_experimentale
iodp_remanence_391_10206447,391,U1578,A,CUBE11320511,4.56551,47.9,338.6,196.17,14,150,575,0.184882,0.0404953,-0.9956,0,,mesure_experimentale
iodp_remanence_391_10206447,391,U1578,A,CUBE11320521,4.50026,38.5,349.1,197.39,10,5,50,0.149261,0.0331672,-0.9879,0,,mesure_experimentale
iodp_remanence_391_10206447,391,U1578,A,CUBE11320531,6.39896,-42.8,356.3,198.78,8,5,50,0.106772,0.0166858,-0.9762,0,,mesure_experimentale
iodp_remanence_391_10206447,391,U1578,A,CUBE11320541,0.024673,-19.5,162.4,199.64,6,5,30,0.007077,0.286832,0.6000,0,,mesure_experimentale
iodp_remanence_391_10206447,391,U1578,A,CUBE11320551,0.041161,-11.6,178.9,204.18,12,2,60,0.007166,0.174097,-0.9790,0,,mesure_experimentale
iodp_remanence_391_10206447,391,U1578,A,CUBE11320561,0.090188,-36.1,186.1,204.86,14,2,100,0.009621,0.106677,-1.0000,0,,mesure_experimentale
iodp_remanence_391_10206447,391,U1578,A,CUBE11320571,40.6879,72.3,199.7,207.22,13,150,550,1.13371,0.0278635,-0.6923,0,,mesure_experimentale
iodp_remanence_391_10206447,391,U1578,A,CUBE11320581,0.038947,-15.6,29.4,213.07,13,2,80,0.003379,0.0867589,-1.0000,0,,mesure_experimentale
iodp_remanence_391_10206447,391,U1578,A,CUBE11320591,2.18455,28.3,70.6,214.65,13,150,550,0.184029,0.0842412,-1.0000,0,,mesure_experimentale
iodp_remanence_391_10206447,391,U1578,A,CUBE11320601,19.1734,62.4,16.5,217.35,10,5,60,0.711465,0.0371068,-1.0000,0,,mesure_experimentale
iodp_remanence_391_10206447,391,U1578,A,CUBE11320611,6.67217,-60.3,171.7,218.54,8,5,40,0.77847,0.116674,-1.0000,0,,mesure_experimentale
iodp_remanence_391_10206447,391,U1578,A,CUBE11320621,3.81555,25.1,68.2,219.6,8,5,40,0.198257,0.0519602,-1.0000,0,,mesure_experimentale
iodp_remanence_391_10206447,391,U1578,A,CUBE11320631,0.003516,40.9,353.7,223.67,11,5,80,0.000404,0.114903,-1.0000,0,,mesure_experimentale
iodp_remanence_391_10206447,391,U1578,A,CUBE11320641,0.010246,39.7,349.0,225.04,13,150,550,0.002428,0.236971,-0.8901,0,,mesure_experimentale
iodp_remanence_391_10206447,391,U1578,A,CUBE11320651,0.018766,-34.7,342.3,226.51,12,5,100,0.001753,0.0934136,-1.0000,0,,mesure_experimentale
iodp_remanence_391_10206447,391,U1578,A,CUBE11320661,0.012101,18.5,348.5,227.71,11,150,500,0.002295,0.189654,-0.3091,0,,mesure_experimentale
iodp_remanence_391_10206447,391,U1578,A,CUBE11324131,33.3341,1.7,9.9,232.45,15,2,120,0.721335,0.0216396,-0.9857,0,,mesure_experimentale
iodp_remanence_391_10206447,391,U1578,A,CUBE11324141,4.94894,16.5,352.2,233.67,17,150,600,0.111206,0.0224707,0.0123,0,,mesure_experimentale
iodp_remanence_391_10206447,391,U1578,A,CUBE11324151,8.35097,-23.4,10.3,242.29,12,2,60,0.172948,0.0207099,-0.9930,0,,mesure_experimentale
iodp_remanence_391_10206447,391,U1578,A,CUBE11324161,2.71024,-15.6,190.6,244.46,17,150,600,0.107773,0.0397652,-0.7402,0,,mesure_experimentale
iodp_remanence_391_10206447,391,U1578,A,CUBE11324171,0.316998,55.2,81.0,245.1,12,2,60,0.204554,0.645285,-0.8741,0,,mesure_experimentale
iodp_remanence_391_10206447,391,U1578,A,CUBE11324181,6.36137,-28.6,16.2,246.94,15,2,100,0.365024,0.0573813,-0.9500,0,,mesure_experimentale
iodp_remanence_391_10206447,391,U1578,A,CUBE11324191,1.03866,-56.1,193.0,248.96,17,150,600,0.130848,0.125978,-0.5466,0,,mesure_experimentale
iodp_remanence_391_10206447,391,U1578,A,CUBE11324201,2.27853,-41.4,135.4,249.1,12,2,60,0.234748,0.103026,-0.9510,0,,mesure_experimentale
iodp_remanence_391_10206447,391,U1578,A,CUBE11324211,2.21772,64.7,351.3,250.92,14,150,550,1.11197,0.501405,-0.8813,0,,mesure_experimentale
iodp_remanence_391_10206447,391,U1578,A,CUBE11324221,3.18067,6.3,318.4,252.2,19,0,100,0.255014,0.0801763,-0.7439,24,0.9939,mesure_experimentale
iodp_remanence_391_10206447,391,U1578,A,CUBE11324231,1.62719,0.3,321.9,252.26,14,2,150,0.380379,0.233765,-0.9868,22,0.9955,mesure_experimentale
iodp_remanence_391_10206447,391,U1578,A,CUBE11324241,5.03977,-8.4,185.0,253.77,15,150,550,1.18608,0.235344,0.5857,0,,mesure_experimentale
iodp_remanence_391_10206447,391,U1578,A,CUBE11324251,3.007,-76.0,223.4,257.05,13,2,100,0.131437,0.0437103,-0.9780,0,,mesure_experimentale
iodp_remanence_391_10206447,391,U1578,A,CUBE11324261,0.005741,-10.7,3.5,258.49,13,2,80,0.000684,0.119143,-0.9835,0,,mesure_experimentale
iodp_remanence_391_10206447,391,U1578,A,CUBE11324271,0.005572,-12.2,6.9,259.0,16,150,600,0.003369,0.60463,-0.6735,0,,mesure_experimentale
iodp_remanence_391_10206447,391,U1578,A,CUBE11324281,0.000895,-43.2,355.1,260.03,12,5,100,0.000665,0.743017,-0.1259,0,,mesure_experimentale
iodp_remanence_391_10206447,391,U1578,A,CUBE11324291,0.002151,-20.2,340.1,261.92,16,5,200,0.000321,0.149233,-0.9765,0,,mesure_experimentale
iodp_remanence_391_10206447,391,U1578,A,CUBE11324301,0.023422,9.1,215.4,263.9,9,5,50,0.002129,0.0908974,-0.9833,0,,mesure_experimentale
iodp_remanence_391_10206447,391,U1578,A,CUBE11324311,0.050893,-25.0,63.5,264.9,17,150,600,0.013673,0.268662,-0.9657,0,,mesure_experimentale
iodp_remanence_391_10206447,391,U1578,A,CUBE11324321,0.081787,36.3,330.2,266.42,13,2,150,0.005629,0.0688251,-1.0000,0,,mesure_experimentale
iodp_remanence_391_10206447,391,U1578,A,CUBE11324331,0.585345,-24.1,194.1,267.85,17,150,600,2.12287,3.62671,0.1569,0,,mesure_experimentale
iodp_remanence_391_10206447,391,U1578,A,CUBE11324341,9.45133,-19.1,291.7,272.44,12,2,100,0.233086,0.0246617,-1.0000,0,,mesure_experimentale
iodp_remanence_391_10206447,391,U1578,A,CUBE11324351,4.52247,36.1,74.1,273.01,11,2,80,0.161905,0.0358001,-0.9818,0,,mesure_experimentale
iodp_remanence_391_10206447,391,U1578,A,CUBE11324361,2.63361,-1.8,156.8,274.78,14,5,150,0.073631,0.0279582,-0.9648,0,,mesure_experimentale
iodp_remanence_391_10206447,391,U1578,A,CUBE11324371,8.69559,-66.9,11.0,275.67,12,2,100,0.193947,0.0223041,-1.0000,0,,mesure_experimentale
iodp_remanence_391_10206447,391,U1578,A,CUBE11324381,1.55317,-9.0,172.3,281.74,6,5,30,0.043406,0.0279468,-1.0000,0,,mesure_experimentale
iodp_remanence_391_10206447,391,U1578,A,CUBE11327881,1.51178,57.0,291.3,290.87,12,5,80,0.034381,0.0227421,-0.9790,0,,mesure_experimentale
iodp_remanence_391_10206447,391,U1578,A,CUBE11327891,3.74828,75.7,310.7,292.53,19,150,600,0.022947,0.00612201,-0.9561,0,,mesure_experimentale
iodp_remanence_391_10206447,391,U1578,A,CUBE11327901,1.83552,-12.6,166.0,301.15,9,5,40,0.10105,0.0550525,-0.8833,19,0.9281,mesure_experimentale
iodp_remanence_391_10206447,391,U1578,A,CUBE11327911,2.37587,-54.9,352.1,306.68,12,5,80,0.125874,0.0529801,-0.9720,0,,mesure_experimentale
iodp_remanence_391_10206447,391,U1578,A,CUBE11327931,2.16963,67.2,306.3,312.92,19,150,600,0.086397,0.0398211,-0.9404,0,,mesure_experimentale
iodp_remanence_391_10206447,391,U1578,A,CUBE11327941,2.01448,55.4,163.1,313.67,11,5,80,0.070144,0.0348199,-0.9727,0,,mesure_experimentale
iodp_remanence_391_10206447,391,U1578,A,CUBE11327951,3.17347,-15.2,113.4,320.34,19,150,600,0.105814,0.0333434,-0.7579,0,,mesure_experimentale
iodp_remanence_391_10206447,391,U1578,A,CUBE11327961,1.49145,-24.9,146.6,322.72,9,5,50,0.025677,0.0172161,-1.0000,0,,mesure_experimentale
iodp_remanence_391_10206447,391,U1578,A,CUBE11327971,0.509513,57.8,261.8,323.22,21,150,625,0.074752,0.146713,-0.7143,0,,mesure_experimentale
iodp_remanence_391_10206447,391,U1578,A,CUBE11327981,2.11213,-48.3,232.6,329.89,19,150,600,0.08569,0.0405703,-0.9965,0,,mesure_experimentale
iodp_remanence_391_10206447,391,U1578,A,CUBE11327991,1.61998,14.3,167.2,331.13,11,5,80,0.094425,0.0582876,-0.9182,0,,mesure_experimentale
iodp_remanence_391_10206447,391,U1578,A,CUBE11328001,1.60645,-56.6,38.8,335.83,12,5,100,0.133532,0.0831223,-0.9790,0,,mesure_experimentale
iodp_remanence_391_10206447,391,U1578,A,CUBE11328011,1.3317,5.8,184.1,337.0,19,150,600,0.061189,0.0459481,-0.6702,0,,mesure_experimentale
iodp_remanence_391_10206447,391,U1578,A,CUBE11328021,0.611946,-32.9,166.3,337.495,8,5,50,0.059855,0.0978109,-0.9762,0,,mesure_experimentale
iodp_remanence_391_10206447,391,U1578,A,CUBE11328031,0.846421,36.0,256.9,340.04,20,150,625,0.049882,0.0589328,-0.9759,0,,mesure_experimentale
iodp_remanence_391_10206447,391,U1578,A,CUBE11328041,1.00648,-15.2,163.0,342.01,9,5,60,0.065548,0.0651257,-0.8833,20,0.9880,mesure_experimentale
iodp_remanence_391_10206447,391,U1578,A,CUBE11328051,1.30377,-1.8,160.5,343.32,14,5,200,0.052451,0.0402304,-0.9868,0,,mesure_experimentale
iodp_remanence_391_10206447,391,U1578,A,CUBE11328061,1.00782,-4.1,96.6,343.79,10,5,60,0.039899,0.0395895,-0.9879,0,,mesure_experimentale
iodp_remanence_391_10206447,391,U1578,A,CUBE11328071,3.2887,-47.7,205.7,303.04,19,150,600,0.075338,0.0229081,-0.9825,0,,mesure_experimentale
iodp_remanence_391_10206447,391,U1578,A,CUBE11329341,0.971675,18.0,195.4,346.33,18,150,625,0.054151,0.0557295,-0.7296,0,,mesure_experimentale
iodp_remanence_391_10206447,391,U1578,A,CUBE11329351,0.628128,9.0,173.6,347.45,13,5,200,0.167435,0.266562,-0.9945,25,0.8608,mesure_experimentale
iodp_remanence_391_10206447,391,U1578,A,CUBE11329361,1.2554,-1.6,232.7,349.63,13,5,200,0.129667,0.103287,-0.9121,0,,mesure_experimentale
iodp_remanence_391_10206447,391,U1578,A,CUBE11329371,1.24447,-38.0,181.2,351.48,12,5,200,0.274187,0.220324,-0.9371,0,,mesure_experimentale
iodp_remanence_391_10206447,391,U1578,A,CUBE11329381,0.344433,-77.2,251.1,360.11,14,5,200,0.078398,0.227615,-0.8374,0,,mesure_experimentale
iodp_remanence_391_10206447,391,U1578,A,CUBE11329391,0.408727,-32.9,268.3,360.43,18,150,625,0.133976,0.327788,-0.3333,0,,mesure_experimentale
iodp_remanence_391_10206447,391,U1578,A,CUBE11329401,0.645048,30.9,293.8,369.5,18,150,625,0.06551,0.101558,-0.9546,0,,mesure_experimentale
iodp_remanence_391_10206447,391,U1578,A,CUBE11329411,1.11111,-37.8,181.7,370.81,14,5,200,0.074885,0.0673966,-0.9165,0,,mesure_experimentale
iodp_remanence_391_10206447,391,U1578,A,CUBE11335901,0.554044,-79.9,335.7,374.05,17,150,600,0.223252,0.40295,-0.8897,0,,mesure_experimentale
iodp_remanence_391_10206447,391,U1578,A,CUBE11335911,0.031417,-38.2,330.8,374.8,16,2,200,0.011402,0.362925,-0.7794,0,,mesure_experimentale
iodp_remanence_391_10206447,391,U1578,A,CUBE11335921,9.85683,24.8,223.0,376.4,17,150,600,0.065776,0.00667314,-0.9681,0,,mesure_experimentale
iodp_remanence_391_10206447,391,U1578,A,CUBE11335931,11.3934,56.6,199.9,379.72,13,2,80,0.020134,0.00176716,-1.0000,0,,mesure_experimentale
iodp_remanence_391_10206447,391,U1578,A,CUBE11335941,6.91552,-8.8,134.0,380.2,13,2,80,0.188709,0.0272878,-1.0000,0,,mesure_experimentale
iodp_remanence_391_10206447,391,U1578,A,CUBE11335951,14.7551,-5.1,216.9,388.87,17,150,600,0.078383,0.00531228,-0.9853,0,,mesure_experimentale
iodp_remanence_391_10206447,391,U1578,A,CUBE11335961,9.52221,6.3,211.6,390.14,13,2,80,0.201649,0.0211767,-1.0000,0,,mesure_experimentale
iodp_remanence_391_10206447,391,U1578,A,CUBE11335971,14.5704,5.1,144.8,391.33,17,150,600,0.220054,0.0151028,-0.9975,0,,mesure_experimentale
iodp_remanence_391_10206447,391,U1578,A,CUBE11335981,4.62184,2.4,169.8,391.92,10,2,40,0.110529,0.0239145,-0.9879,0,,mesure_experimentale
iodp_remanence_391_10206447,391,U1578,A,CUBE11335991,4.29917,-10.1,201.5,393.39,17,150,600,0.058117,0.0135182,-0.9240,0,,mesure_experimentale
iodp_remanence_391_10206447,391,U1578,A,CUBE11336001,5.49302,-5.8,199.8,394.62,10,2,40,0.130051,0.0236757,-0.9879,0,,mesure_experimentale
iodp_remanence_391_10206447,391,U1578,A,CUBE11336011,8.17632,-7.3,198.3,395.16,17,150,600,0.105003,0.0128423,-0.9118,0,,mesure_experimentale
iodp_remanence_391_10206447,391,U1578,A,CUBE11336021,0.043941,14.6,151.5,395.83,16,2,200,0.014058,0.319929,-0.9029,0,,mesure_experimentale
iodp_remanence_391_10206447,391,U1578,A,CUBE11336031,0.036538,0.3,169.2,396.77,18,150,600,0.01456,0.398489,-0.4737,0,,mesure_experimentale
iodp_remanence_391_10206447,391,U1578,A,CUBE11336041,0.225951,29.7,175.9,399.31,17,2,180,0.013048,0.057747,-0.9779,0,,mesure_experimentale
iodp_remanence_391_10206447,391,U1578,A,CUBE11336051,0.196092,13.6,210.0,400.24,17,2,180,0.015588,0.0794933,-0.9902,0,,mesure_experimentale
iodp_remanence_391_10206447,391,U1578,A,CUBE11336061,0.152577,-32.9,201.2,401.18,13,2,80,0.006838,0.0448167,-1.0000,0,,mesure_experimentale
iodp_remanence_391_10206447,391,U1578,A,CUBE11336071,24.7112,12.4,204.7,402.2,17,150,600,0.024175,0.000978303,-0.9853,0,,mesure_experimentale
iodp_remanence_391_10206447,391,U1578,A,CUBE11339691,16.4219,36.1,202.5,407.91,15,2,150,0.372588,0.0226885,-0.9964,0,,mesure_experimentale
iodp_remanence_391_10206447,391,U1578,A,CUBE11339701,24.3004,-15.3,189.6,410.29,14,2,100,0.26839,0.0110447,-1.0000,0,,mesure_experimentale
iodp_remanence_391_10206447,391,U1578,A,CUBE11339711,19.791,27.3,170.4,411.61,14,2,100,0.554131,0.0279991,-1.0000,0,,mesure_experimentale
iodp_remanence_391_10206447,391,U1578,A,CUBE11339721,12.4333,30.9,170.9,412.8,13,150,600,0.055936,0.00449888,-1.0000,0,,mesure_experimentale
iodp_remanence_391_10206447,391,U1578,A,CUBE11339731,15.363,14.7,192.2,413.39,14,2,100,0.196685,0.0128025,-1.0000,0,,mesure_experimentale
iodp_remanence_391_10206447,391,U1578,A,CUBE11339741,10.7481,-23.2,185.8,413.77,13,150,600,0.106286,0.00988885,-1.0000,0,,mesure_experimentale
iodp_remanence_391_10206447,391,U1578,A,CUBE11339751,4.12219,-20.9,180.0,416.15,13,150,600,0.060117,0.0145837,-1.0000,0,,mesure_experimentale
iodp_remanence_391_10206447,391,U1578,A,CUBE11339761,3.68707,10.7,221.4,417.36,14,5,200,0.114529,0.0310623,-0.9956,0,,mesure_experimentale
iodp_remanence_391_10206447,391,U1578,A,CUBE11339771,5.39575,-31.2,186.1,417.9,14,5,200,0.422055,0.0782198,-0.9956,0,,mesure_experimentale
iodp_remanence_391_10206447,391,U1578,A,CUBE11339781,3.55151,25.5,205.4,417.95,13,150,600,0.081941,0.0230722,-0.9890,0,,mesure_experimentale
iodp_remanence_391_10206447,391,U1578,A,CUBE11339791,10.087,-4.2,147.0,419.12,14,5,200,0.075646,0.00749936,-1.0000,0,,mesure_experimentale
iodp_remanence_391_10206447,391,U1578,A,CUBE11339801,5.79696,-7.3,208.3,420.37,13,150,600,0.07974,0.0137555,-0.9835,0,,mesure_experimentale
iodp_remanence_391_10206447,391,U1578,A,CUBE11339811,12.5321,18.3,150.7,422.78,14,5,200,0.070447,0.00562132,-1.0000,0,,mesure_experimentale
iodp_remanence_391_10206447,391,U1578,A,CUBE11339821,5.59401,2.1,193.2,423.84,11,5,100,0.24966,0.0446299,-1.0000,0,,mesure_experimentale
iodp_remanence_391_10206447,391,U1578,A,CUBE11339831,12.7418,-44.8,185.6,425.09,13,150,600,0.106122,0.00832866,-1.0000,0,,mesure_experimentale
iodp_remanence_391_10206447,391,U1578,A,CUBE11339841,5.80065,-8.5,144.0,426.03,11,5,100,0.054759,0.00944015,-0.9182,0,,mesure_experimentale
iodp_remanence_391_10206447,391,U1578,A,CUBE11339861,8.22918,16.9,213.6,429.24,11,5,100,0.06666,0.00810044,-0.9273,0,,mesure_experimentale
iodp_remanence_391_10206447,391,U1578,A,CUBE11339871,18.1617,15.1,164.8,432.2,13,150,600,0.337251,0.0185693,-0.8571,0,,mesure_experimentale
iodp_remanence_391_10206447,391,U1578,A,CUBE11339881,2.66743,-20.6,146.4,434.25,15,5,200,0.333481,0.12502,-1.0000,0,,mesure_experimentale
iodp_remanence_391_10206447,391,U1578,A,CUBE11339891,4.38275,-42.2,164.0,437.02,9,5,60,0.143048,0.0326389,-1.0000,0,,mesure_experimentale
iodp_remanence_391_10206447,391,U1578,A,CUBE11339901,11.6504,38.5,193.5,439.3,13,150,600,0.026628,0.00228559,-1.0000,0,,mesure_experimentale
iodp_remanence_391_10206447,391,U1578,A,CUBE11339911,11.3695,-13.3,133.3,439.84,10,5,100,0.117881,0.0103682,-1.0000,0,,mesure_experimentale
iodp_remanence_391_10206447,391,U1578,A,CUBE11339921,12.381,-15.7,221.8,441.53,10,5,100,0.087236,0.00704599,-1.0000,0,,mesure_experimentale
iodp_remanence_391_10206447,391,U1578,A,CUBE11341901,4.74174,-23.4,152.5,446.84,14,150,600,0.04235,0.00893131,-0.8901,0,,mesure_experimentale
iodp_remanence_391_10206447,391,U1578,A,CUBE11341911,7.10919,-10.1,213.5,447.93,7,5,30,0.110298,0.0155149,-1.0000,0,,mesure_experimentale
iodp_remanence_391_10206447,391,U1578,A,CUBE11341921,18.8398,-35.3,173.3,452.15,14,150,600,0.151929,0.00806424,-0.9868,0,,mesure_experimentale
iodp_remanence_391_10206447,391,U1578,A,CUBE11341931,23.2478,-7.8,159.5,452.63,11,5,80,0.318203,0.0136875,-1.0000,0,,mesure_experimentale
iodp_remanence_391_10206447,391,U1578,A,CUBE11341941,16.0183,-24.1,137.6,456.65,14,150,600,0.166922,0.0104207,-0.9692,0,,mesure_experimentale
iodp_remanence_391_10206447,391,U1578,A,CUBE11341951,19.3895,-13.5,153.8,458.76,11,5,80,0.359901,0.0185617,-1.0000,0,,mesure_experimentale
iodp_remanence_391_10206447,391,U1578,A,CUBE11341961,5.30406,33.0,157.8,461.47,14,150,600,0.032203,0.00607139,-1.0000,0,,mesure_experimentale
iodp_remanence_391_10206447,391,U1578,A,CUBE11341971,9.96026,-31.6,205.7,462.53,11,5,100,0.142865,0.0143435,-1.0000,0,,mesure_experimentale
iodp_remanence_391_10206447,391,U1578,A,CUBE11341981,5.90492,12.9,203.7,464.25,14,150,600,0.018165,0.00307625,-0.9956,0,,mesure_experimentale
iodp_remanence_391_10206447,391,U1578,A,CUBE11341991,5.40061,35.1,190.2,465.51,9,5,60,0.037475,0.00693903,-1.0000,0,,mesure_experimentale
iodp_remanence_391_10206447,391,U1578,A,CUBE11342001,6.25047,-20.8,149.2,466.57,14,150,600,0.027198,0.00435135,-1.0000,0,,mesure_experimentale
iodp_remanence_391_10206447,391,U1578,A,CUBE11342011,4.65671,14.8,148.5,468.21,13,5,200,0.433947,0.0931874,-1.0000,0,,mesure_experimentale
iodp_remanence_391_10206447,391,U1578,A,CUBE11342021,4.95114,-13.0,145.3,469.56,14,150,600,0.011625,0.00234795,-0.9736,0,,mesure_experimentale
iodp_remanence_391_10206447,391,U1578,A,CUBE11342031,12.6628,-6.4,211.7,477.12,12,5,150,0.083095,0.00656216,-1.0000,0,,mesure_experimentale
iodp_remanence_391_10206447,391,U1578,A,CUBE11342041,8.18512,-9.0,202.5,478.38,9,5,60,0.077334,0.00944812,-1.0000,0,,mesure_experimentale
iodp_remanence_391_10206447,391,U1578,A,CUBE11342051,20.0159,-10.6,155.1,478.87,14,150,600,0.09462,0.00472724,-1.0000,0,,mesure_experimentale
iodp_remanence_391_10206447,391,U1578,A,CUBE11342061,3.83016,-0.2,154.3,480.5,9,5,60,0.060761,0.0158638,-1.0000,0,,mesure_experimentale
iodp_remanence_391_10206447,391,U1578,A,CUBE11342071,7.05597,4.9,149.3,482.84,12,5,200,1.12929,0.160048,-0.8811,0,,mesure_experimentale
iodp_remanence_391_10206447,391,U1578,A,CUBE11342081,9.16826,16.5,214.8,483.36,14,150,600,0.017134,0.00186884,-0.9824,0,,mesure_experimentale
iodp_remanence_391_10206447,391,U1578,A,CUBE11342091,18.7819,28.3,174.4,458.83,11,5,80,0.375819,0.0200097,-1.0000,0,,mesure_experimentale
iodp_remanence_392_18969532,392,U1579,A,CUBE11357101,1.9e-05,1.2,144.8,7.71,27,5,70,1.2e-05,0.631579,0.0769,9,1.0000,mesure_experimentale
iodp_remanence_392_18969532,392,U1579,A,CUBE11357121,1.4e-05,-33.0,134.2,3.71,30,5,70,1.7e-05,1.21429,-0.1515,9,1.0000,mesure_experimentale
iodp_remanence_392_18969532,392,U1579,A,CUBE11357911,5.8e-05,-18.0,177.7,11.81,36,5,70,2e-05,0.344828,-0.0543,12,1.0000,mesure_experimentale
iodp_remanence_392_18969532,392,U1579,A,CUBE11357921,1.8e-05,-7.0,130.0,16.3,30,5,70,3.3e-05,1.83333,-0.0314,9,1.0000,mesure_experimentale
iodp_remanence_392_18969532,392,U1579,A,CUBE11358181,2.8e-05,-34.1,160.8,25.73,28,5,40,1.7e-05,0.607143,-0.3662,12,1.0000,mesure_experimentale
iodp_remanence_392_18969532,392,U1579,A,CUBE11358191,0.005585,-66.8,354.6,21.22,20,5,25,1.4e-05,0.00250671,-0.5398,12,1.0000,mesure_experimentale
iodp_remanence_392_18969532,392,U1579,A,CUBE11358261,1.1e-05,-65.1,85.4,30.81,28,5,40,3.1e-05,2.81818,-0.2961,12,1.0000,mesure_experimentale
iodp_remanence_392_18969532,392,U1579,A,CUBE11358271,2.1e-05,-10.9,189.7,35.04,21,5,40,2.2e-05,1.04762,0.3688,9,1.0000,mesure_experimentale
iodp_remanence_392_18969532,392,U1579,A,CUBE11358301,1.3e-05,-24.6,104.9,40.34,36,5,70,1e-05,0.769231,-0.4332,12,1.0000,mesure_experimentale
iodp_remanence_392_18969532,392,U1579,A,CUBE11358331,2.5e-05,-73.4,61.3,44.81,27,5,70,1.6e-05,0.64,-0.8956,9,1.0000,mesure_experimentale
iodp_remanence_392_18969532,392,U1579,A,CUBE11358391,4.6e-05,-22.8,76.0,49.82,36,5,70,1.8e-05,0.391304,-0.6144,12,1.0000,mesure_experimentale
iodp_remanence_392_18969532,392,U1579,A,CUBE11358401,2.1e-05,-63.0,51.1,54.35,20,5,25,1e-05,0.47619,-0.4436,12,1.0000,mesure_experimentale
iodp_remanence_392_18969532,392,U1579,A,CUBE11358471,2.4e-05,-4.4,310.4,59.06,20,5,25,1.2e-05,0.5,-0.4436,12,1.0000,mesure_experimentale
iodp_remanence_392_18969532,392,U1579,A,CUBE11358481,1.8e-05,-70.2,53.3,63.63,15,5,25,1.7e-05,0.944444,0.6143,9,1.0000,mesure_experimentale
iodp_remanence_392_18969532,392,U1579,A,CUBE11358591,8e-06,3.4,40.2,68.72,20,5,25,1.1e-05,1.375,-0.6361,12,1.0000,mesure_experimentale
iodp_remanence_392_18969532,392,U1579,A,CUBE11358601,8e-06,-53.7,238.9,73.3,15,5,25,2.5e-05,3.125,0.9036,9,1.0000,mesure_experimentale
iodp_remanence_392_18969532,392,U1579,B,CUBE11361511,3.2e-05,38.2,82.7,3.75,36,5,70,0.000107,3.34375,-0.1861,12,1.0000,mesure_experimentale
iodp_remanence_392_18969532,392,U1579,B,CUBE11364201,5.9e-05,8.2,76.5,64.4,36,5,70,0.000117,1.98305,0.1763,12,1.0000,mesure_experimentale
iodp_remanence_392_18969532,392,U1579,B,CUBE11365001,8.2e-05,32.7,99.8,67.1,27,5,70,0.000105,1.28049,0.0769,9,1.0000,mesure_experimentale
iodp_remanence_392_18969532,392,U1579,B,CUBE11365121,0.000129,13.7,97.8,71.93,36,5,70,0.000104,0.806202,-0.0873,16,0.9471,mesure_experimentale
iodp_remanence_392_18969532,392,U1579,B,CUBE11365331,9.9e-05,15.1,86.9,79.23,36,5,70,8.2e-05,0.828283,-0.1696,12,1.0000,mesure_experimentale
iodp_remanence_392_18969532,392,U1579,B,CUBE11365921,2.8e-05,17.8,158.9,82.67,36,5,70,5.9e-05,2.10714,0.6705,12,1.0000,mesure_experimentale
iodp_remanence_392_18969532,392,U1579,B,CUBE11365931,5.8e-05,-68.0,93.2,89.16,36,5,70,9.4e-05,1.62069,0.0116,12,0.5524,mesure_experimentale
iodp_remanence_392_18969532,392,U1579,B,CUBE11366571,5.6e-05,-36.5,65.0,92.15,36,5,70,2.8e-05,0.5,-0.3673,12,0.5524,mesure_experimentale
iodp_remanence_392_18969532,392,U1579,B,CUBE11366601,5e-05,-0.8,57.2,96.72,36,5,70,4.5e-05,0.9,-0.3508,12,1.0000,mesure_experimentale
iodp_remanence_392_18969532,392,U1579,B,CUBE11366851,2.4e-05,-50.3,249.6,102.74,36,5,70,2.5e-05,1.04167,-0.5320,12,1.0000,mesure_experimentale
iodp_remanence_392_18969532,392,U1579,B,CUBE11366871,5.1e-05,-24.9,9.4,105.95,15,5,25,6.2e-05,1.21569,0.8071,9,1.0000,mesure_experimentale
iodp_remanence_392_18969532,392,U1579,B,CUBE11367171,3.3e-05,-81.7,12.2,112.21,24,5,30,1.7e-05,0.515152,0.1096,12,1.0000,mesure_experimentale
iodp_remanence_392_18969532,392,U1579,B,CUBE11367601,6.9e-05,-44.9,67.6,116.9,28,5,40,2.3e-05,0.333333,-0.4713,12,1.0000,mesure_experimentale
iodp_remanence_392_18969532,392,U1579,B,CUBE11367771,7.9e-05,-15.8,89.2,121.61,28,5,40,2.8e-05,0.35443,-0.4713,12,1.0000,mesure_experimentale
iodp_remanence_392_18969532,392,U1579,B,CUBE11368051,2.3e-05,40.7,79.5,126.32,28,5,40,1.9e-05,0.826087,-0.4012,132,0.8563,mesure_experimentale
iodp_remanence_392_18969532,392,U1579,B,CUBE11368121,3.3e-05,42.5,67.3,131.98,20,5,25,2.4e-05,0.727273,0.9038,12,1.0000,mesure_experimentale
iodp_remanence_392_18969532,392,U1579,B,CUBE11368271,2.3e-05,27.8,151.7,134.12,20,5,25,3.8e-05,1.65217,0.5188,12,1.0000,mesure_experimentale
iodp_remanence_392_18969532,392,U1579,B,CUBE11368311,7.7e-05,-61.9,44.7,140.61,24,5,30,4.5e-05,0.584416,0.4991,12,1.0000,mesure_experimentale
iodp_remanence_392_18969532,392,U1579,B,CUBE11368411,8.3e-05,-7.5,193.9,146.22,36,5,70,7.9e-05,0.951807,0.5552,12,0.5524,mesure_experimentale
iodp_remanence_392_18969532,392,U1579,B,CUBE11368761,0.000144,9.9,207.9,150.47,36,5,70,6.3e-05,0.4375,-0.7297,12,0.5524,mesure_experimentale
iodp_remanence_392_18969532,392,U1579,B,CUBE11369041,7.1e-05,-68.2,105.0,161.12,18,5,30,4.8e-05,0.676056,0.7214,9,1.0000,mesure_experimentale
iodp_remanence_392_18969532,392,U1579,D,CUBE11374871,0.00017,-41.9,46.0,162.74,27,5,70,1.1e-05,0.0647059,-0.5495,9,1.0000,mesure_experimentale
iodp_remanence_392_18969532,392,U1579,D,CUBE11375611,0.000126,2.2,108.8,173.02,27,5,70,3.2e-05,0.253968,-0.1044,9,1.0000,mesure_experimentale
iodp_remanence_392_18969532,392,U1579,D,CUBE11376751,0.000398,-13.0,349.6,186.15,27,5,70,8.1e-05,0.203518,-0.9451,9,0.5500,mesure_experimentale
iodp_remanence_392_18969532,392,U1579,D,CUBE11376791,0.000127,41.6,320.6,188.83,30,5,70,5.4e-05,0.425197,-0.5279,12,-0.1678,mesure_experimentale
iodp_remanence_392_18969532,392,U1579,D,CUBE11377581,0.000146,-39.2,351.4,195.28,27,5,70,6.6e-05,0.452055,-0.9451,9,0.5500,mesure_experimentale
iodp_remanence_392_18969532,392,U1579,D,CUBE11377591,0.000125,-35.6,75.9,201.5,27,5,70,1.7e-05,0.136,-0.7143,9,0.5500,mesure_experimentale
iodp_remanence_392_18969532,392,U1579,D,CUBE11378081,0.000223,-18.6,303.9,206.58,27,5,70,0.000231,1.03587,0.4231,9,1.0000,mesure_experimentale
iodp_remanence_392_18969532,392,U1579,D,CUBE11378091,0.001398,-31.4,326.1,210.17,30,5,70,0.000655,0.468526,-0.0154,9,0.5500,mesure_experimentale
iodp_remanence_392_18969532,392,U1579,D,CUBE11378621,8.8e-05,-32.2,105.0,218.51,27,5,70,4.3e-05,0.488636,-0.5824,93,0.1127,mesure_experimentale
iodp_remanence_392_18969532,392,U1579,D,CUBE11378711,0.000186,36.2,159.0,224.22,27,5,70,6.3e-05,0.33871,-0.9121,9,0.5500,mesure_experimentale
iodp_remanence_392_18969532,392,U1579,D,CUBE11378721,3.3e-05,67.6,276.4,228.25,27,5,70,6.3e-05,1.90909,-0.1538,9,0.5500,mesure_experimentale
iodp_remanence_392_18969532,392,U1579,D,CUBE11379101,4.6e-05,20.4,265.0,235.48,27,5,70,5e-05,1.08696,0.1758,9,0.5500,mesure_experimentale
iodp_remanence_392_18969532,392,U1579,D,CUBE11379111,0.000398,42.4,351.5,238.45,27,5,70,0.000105,0.263819,-0.9615,9,0.5500,mesure_experimentale
iodp_remanence_392_18969532,392,U1579,D,CUBE11379471,6.8e-05,0.6,262.9,242.29,27,5,70,5.3e-05,0.779412,0.2582,9,0.5500,mesure_experimentale
iodp_remanence_392_18969532,392,U1579,D,CUBE11379481,0.000818,44.2,25.8,250.83,27,5,70,0.001058,1.2934,0.7692,9,0.5500,mesure_experimentale
iodp_remanence_392_18969532,392,U1579,D,CUBE11379921,0.00058,7.8,290.9,253.23,27,5,70,0.001238,2.13448,0.5220,9,0.5500,mesure_experimentale
iodp_remanence_392_18969532,392,U1579,D,CUBE11379931,0.000859,28.5,0.8,259.53,27,5,70,4.5e-05,0.0523865,-0.7802,9,0.5500,mesure_experimentale
iodp_remanence_392_18969532,392,U1579,D,CUBE11381101,3.9e-05,16.3,311.5,281.59,27,5,70,8.6e-05,2.20513,0.8022,9,0.5500,mesure_experimentale
iodp_remanence_392_18969532,392,U1579,D,CUBE11381131,8.8e-05,0.5,356.7,286.68,27,5,70,3.2e-05,0.363636,-0.4835,9,1.0000,mesure_experimentale
iodp_remanence_392_18969532,392,U1579,D,CUBE11381661,4.3e-05,77.6,196.1,291.3,27,5,70,3.1e-05,0.72093,-0.2033,9,1.0000,mesure_experimentale
iodp_remanence_392_18969532,392,U1579,D,CUBE11381671,4.7e-05,-28.2,339.8,300.88,27,5,70,1.1e-05,0.234043,0.2088,9,1.0000,mesure_experimentale
iodp_remanence_392_18969532,392,U1579,D,CUBE11382081,8.6e-05,-1.4,324.5,314.57,27,5,70,3.2e-05,0.372093,-0.9451,9,1.0000,mesure_experimentale
iodp_remanence_392_18969532,392,U1579,D,CUBE11382091,5.1e-05,26.5,62.7,319.66,27,5,70,2.1e-05,0.411765,-0.2692,9,1.0000,mesure_experimentale
iodp_remanence_392_18969532,392,U1579,D,CUBE11382491,2e-05,50.0,328.5,321.16,27,5,70,2e-05,1,-0.8791,9,1.0000,mesure_experimentale
iodp_remanence_392_18969532,392,U1579,D,CUBE11382501,0.000127,4.4,341.4,328.57,27,5,70,4.5e-05,0.354331,-0.7802,9,1.0000,mesure_experimentale
iodp_remanence_392_18969532,392,U1579,D,CUBE11382861,5.4e-05,73.9,249.3,334.52,27,5,70,2.8e-05,0.518519,-0.1703,90,0.7298,mesure_experimentale
iodp_remanence_392_18969532,392,U1579,D,CUBE11382871,5.8e-05,54.1,333.5,336.93,27,5,70,3.2e-05,0.551724,-0.5495,9,1.0000,mesure_experimentale
iodp_remanence_392_18969532,392,U1579,D,CUBE11383231,4e-05,82.8,343.5,343.09,27,5,70,3.4e-05,0.85,-0.4670,9,1.0000,mesure_experimentale
iodp_remanence_392_18969532,392,U1579,D,CUBE11383611,4.5e-05,78.8,235.3,351.93,27,5,70,2.4e-05,0.533333,-0.8132,9,1.0000,mesure_experimentale
iodp_remanence_392_18969532,392,U1579,D,CUBE11383651,2.3e-05,58.7,222.6,361.08,27,5,70,2.1e-05,0.913043,0.1264,9,1.0000,mesure_experimentale
iodp_remanence_392_18969532,392,U1579,D,CUBE11383921,2.6e-05,44.5,66.0,371.6,27,5,70,3.9e-05,1.5,0.1099,9,1.0000,mesure_experimentale
iodp_remanence_392_18969532,392,U1579,D,CUBE11384431,0.000379,6.1,287.2,381.62,27,5,70,0.000347,0.915567,-0.8791,9,1.0000,mesure_experimentale
iodp_remanence_392_18969532,392,U1579,D,CUBE11384491,2.7e-05,15.7,344.4,388.97,27,5,70,0.00015,5.55556,0.4725,9,1.0000,mesure_experimentale
iodp_remanence_392_18969532,392,U1579,D,CUBE11384751,2.4e-05,62.8,135.5,399.56,27,5,70,2.3e-05,0.958333,-0.8132,9,1.0000,mesure_experimentale
iodp_remanence_392_18969532,392,U1579,D,CUBE11384901,0.000223,24.0,334.6,410.06,27,5,70,5.7e-05,0.255605,-0.8956,9,1.0000,mesure_experimentale
iodp_remanence_392_18969532,392,U1579,D,CUBE11385121,7.4e-05,-35.1,132.8,420.7,27,5,70,0.000447,6.04054,-0.1044,9,0.5500,mesure_experimentale
iodp_remanence_392_18969532,392,U1579,D,CUBE11386201,0.000308,4.2,180.8,436.5,27,5,70,0.000237,0.769481,-0.5165,9,0.5500,mesure_experimentale
iodp_remanence_392_18969532,392,U1579,D,CUBE11386211,0.000181,23.9,318.1,447.75,27,5,70,0.000163,0.900552,-0.9451,12,0.7133,mesure_experimentale
iodp_remanence_392_18969532,392,U1579,D,CUBE11386831,0.000475,-44.5,141.4,460.61,27,5,70,6.3e-05,0.132632,-0.9615,9,1.0000,mesure_experimentale
iodp_remanence_392_18969532,392,U1579,D,CUBE11386841,0.000179,28.5,0.4,463.6,30,5,70,3.4e-05,0.189944,-0.9724,9,1.0000,mesure_experimentale
iodp_remanence_392_18969532,392,U1579,D,CUBE11387141,0.000266,-14.4,18.9,465.54,24,5,70,3.4e-05,0.12782,-0.9722,9,1.0000,mesure_experimentale
iodp_remanence_392_18969532,392,U1579,D,CUBE11387151,0.000185,6.5,339.4,472.06,27,5,70,4.8e-05,0.259459,-0.9615,9,1.0000,mesure_experimentale
iodp_remanence_392_18969532,392,U1579,D,CUBE11387231,7.8e-05,40.1,338.8,475.2,27,5,70,3.4e-05,0.435897,-0.9286,9,1.0000,mesure_experimentale
iodp_remanence_392_18969532,392,U1579,D,CUBE11387241,8.1e-05,68.8,289.3,478.99,30,5,70,2.4e-05,0.296296,-0.7001,9,1.0000,mesure_experimentale
iodp_remanence_392_18969532,392,U1579,D,CUBE11387511,3.2e-05,7.9,221.2,485.0,24,5,70,2.3e-05,0.71875,-0.1739,9,1.0000,mesure_experimentale
iodp_remanence_392_18969532,392,U1579,D,CUBE11387581,5.8e-05,24.7,53.9,498.37,27,5,70,2.7e-05,0.465517,-0.7143,9,1.0000,mesure_experimentale
iodp_remanence_392_18969532,392,U1579,D,CUBE11387951,0.000103,22.9,13.4,506.47,27,5,70,1.8e-05,0.174757,-0.9286,9,1.0000,mesure_experimentale
iodp_remanence_392_18969532,392,U1579,D,CUBE11388221,6.1e-05,-7.8,22.9,514.33,27,5,70,3.2e-05,0.52459,-0.8626,9,1.0000,mesure_experimentale
iodp_remanence_392_18969532,392,U1579,D,CUBE11388531,0.000186,17.0,2.4,524.71,24,5,50,3.2e-05,0.172043,-0.9722,9,1.0000,mesure_experimentale
iodp_remanence_392_18969532,392,U1579,D,CUBE11388911,8e-05,-13.8,1.0,533.77,21,5,40,0.001897,23.7125,0.5442,9,1.0000,mesure_experimentale
iodp_remanence_392_18969532,392,U1579,D,CUBE11389271,0.000243,2.6,340.1,545.58,21,5,40,2.1e-05,0.0864198,-0.9286,9,1.0000,mesure_experimentale
iodp_remanence_392_18969532,392,U1579,D,CUBE11389741,0.000283,29.3,358.5,553.7,27,5,70,4.4e-05,0.155477,-0.9615,9,1.0000,mesure_experimentale
iodp_remanence_392_18969532,392,U1579,D,CUBE11389751,0.000726,-4.2,36.1,561.18,33,5,120,0.000445,0.612948,-0.9763,9,1.0000,mesure_experimentale
iodp_remanence_392_18969532,392,U1579,D,CUBE11390191,0.000212,29.4,339.8,563.02,27,5,70,1.6e-05,0.0754717,-0.9615,9,1.0000,mesure_experimentale
iodp_remanence_392_18969532,392,U1579,D,CUBE11390201,0.000837,8.2,29.2,571.67,30,5,70,0.000464,0.554361,-0.9204,9,1.0000,mesure_experimentale
iodp_remanence_392_18969532,392,U1579,D,CUBE11390641,0.001005,5.0,328.4,572.27,27,5,70,0.000665,0.661692,-0.9451,9,1.0000,mesure_experimentale
iodp_remanence_392_18969532,392,U1579,D,CUBE11390651,0.000715,2.8,324.1,580.84,24,5,70,0.00036,0.503497,-0.9252,9,1.0000,mesure_experimentale
iodp_remanence_392_18969532,392,U1579,D,CUBE11390751,6.6e-05,67.1,25.3,587.0,27,5,70,2.7e-05,0.409091,-0.2363,9,1.0000,mesure_experimentale
iodp_remanence_392_18969532,392,U1579,D,CUBE11390761,3e-05,67.3,95.4,589.59,33,5,120,4.1e-05,1.36667,-0.3356,9,0.5500,mesure_experimentale
iodp_remanence_392_18969532,392,U1579,D,CUBE11391151,8.5e-05,-35.0,132.0,595.31,36,5,120,0.000201,2.36471,-0.0785,9,0.5500,mesure_experimentale
iodp_remanence_392_18969532,392,U1579,D,CUBE11391161,7.5e-05,61.0,266.5,597.5,33,5,120,0.00019,2.53333,0.0164,9,0.5500,mesure_experimentale
iodp_remanence_392_18969532,392,U1579,D,CUBE11391601,0.000141,29.5,169.7,603.55,33,5,120,0.000215,1.52482,-0.3265,9,0.5500,mesure_experimentale
iodp_remanence_392_18969532,392,U1579,D,CUBE11391611,0.000222,23.1,186.9,607.09,33,5,120,0.000361,1.62613,-0.1912,9,1.0000,mesure_experimentale
iodp_remanence_392_18969532,392,U1579,D,CUBE11391981,0.000707,-14.7,338.3,613.24,33,5,120,0.000158,0.223479,-0.9763,6,-0.5429,mesure_experimentale
iodp_remanence_392_18969532,392,U1579,D,CUBE11391991,0.000998,-3.7,26.4,616.2,33,5,120,0.000167,0.167335,-0.9853,9,0.5500,mesure_experimentale
iodp_remanence_392_18969532,392,U1579,D,CUBE11392661,0.001251,39.4,15.8,627.61,33,5,120,0.000497,0.397282,-0.9853,99,0.1533,mesure_experimentale
iodp_remanence_392_18969532,392,U1579,D,CUBE11392671,6.3e-05,7.1,10.8,620.57,33,5,120,0.000185,2.93651,-0.0197,9,0.5500,mesure_experimentale
iodp_remanence_392_18969532,392,U1579,D,CUBE11392981,0.006563,7.8,29.1,632.78,33,5,120,0.002495,0.380162,-0.9582,9,0.5500,mesure_experimentale
iodp_remanence_392_18969532,392,U1579,D,CUBE11393321,0.003279,56.4,34.7,641.49,27,5,70,0.001037,0.316255,-0.8297,9,1.0000,mesure_experimentale
iodp_remanence_392_18969532,392,U1579,D,CUBE11393331,0.001359,35.5,327.5,648.25,27,5,70,0.000553,0.406917,-0.7473,9,1.0000,mesure_experimentale
iodp_remanence_392_18969532,392,U1579,D,CUBE11394041,0.002924,-23.7,354.2,650.96,24,5,50,0.000435,0.148769,-0.9722,9,1.0000,mesure_experimentale
iodp_remanence_392_18969532,392,U1579,D,CUBE11394051,0.001507,-26.3,11.6,655.51,27,100,575,0.017988,11.9363,0.9176,0,,mesure_experimentale
iodp_remanence_392_18969532,392,U1579,D,CUBE11394361,0.001844,11.9,338.7,652.92,24,5,50,0.00023,0.124729,-0.5261,9,1.0000,mesure_experimentale
iodp_remanence_392_18969532,392,U1579,D,CUBE11394371,0.001703,-32.6,2.2,656.22,24,5,50,0.000306,0.179683,-0.7843,9,1.0000,mesure_experimentale
iodp_remanence_392_18969532,392,U1579,D,CUBE11394411,0.001813,-1.4,33.5,660.53,24,5,50,0.000333,0.183673,-0.9487,9,1.0000,mesure_experimentale
iodp_remanence_392_18969532,392,U1579,D,CUBE11394421,0.001057,-11.5,37.7,664.59,24,5,50,0.000148,0.140019,-0.8783,90,0.8729,mesure_experimentale
iodp_remanence_392_18969532,392,U1579,D,CUBE11394431,0.000388,-3.0,308.2,667.69,27,100,575,0.017176,44.268,0.9176,0,,mesure_experimentale
iodp_remanence_392_18969532,392,U1579,D,CUBE11394611,0.000987,56.3,9.6,669.22,30,100,575,0.030406,30.8065,0.8776,0,,mesure_experimentale
iodp_remanence_392_18969532,392,U1579,D,CUBE11394621,0.000965,46.0,30.4,673.61,24,5,50,0.000421,0.436269,-0.8078,9,1.0000,mesure_experimentale
iodp_remanence_392_18969532,392,U1579,D,CUBE11394631,0.000893,56.0,90.9,678.81,24,5,50,0.000179,0.200448,-0.7843,9,1.0000,mesure_experimentale
iodp_remanence_392_18969532,392,U1579,D,CUBE11395091,0.004604,40.3,1.3,683.63,24,5,50,0.000762,0.165508,-0.9487,9,1.0000,mesure_experimentale
iodp_remanence_392_18969532,392,U1579,D,CUBE11395101,0.003143,11.8,313.8,687.35,24,5,50,0.000397,0.126312,-0.7843,9,1.0000,mesure_experimentale
iodp_remanence_392_18969532,392,U1579,D,CUBE11395601,0.019087,-14.0,355.7,688.55,24,5,50,0.003214,0.168387,-0.8078,9,1.0000,mesure_experimentale
iodp_remanence_392_18969532,392,U1579,D,CUBE11395611,0.003851,-43.1,12.1,691.79,24,5,50,0.000372,0.0965983,-0.9017,9,1.0000,mesure_experimentale
iodp_remanence_392_18969532,392,U1579,D,CUBE11396201,2.09804,-4.0,53.8,703.06,33,5,120,0.260648,0.124234,-0.8860,0,,mesure_experimentale
iodp_remanence_392_18969532,392,U1579,D,CUBE11396211,3.4401,-66.6,323.1,703.87,30,100,575,0.145827,0.0423903,-0.8723,0,,mesure_experimentale
iodp_remanence_392_18969532,392,U1579,D,CUBE11396221,2.09862,-22.5,279.9,705.37,33,5,120,0.009482,0.0045182,-0.9853,0,,mesure_experimentale
iodp_remanence_392_18969532,392,U1579,D,CUBE11396231,2.56937,-9.9,256.3,706.84,27,100,575,0.070921,0.0276025,-0.4505,0,,mesure_experimentale
iodp_remanence_392_18969532,392,U1579,D,CUBE11396251,13.5113,-10.1,185.2,711.64,33,5,120,0.067274,0.00497908,-0.8409,0,,mesure_experimentale
iodp_remanence_392_18969532,392,U1579,D,CUBE11396341,8.29855,-17.8,181.7,714.97,33,5,120,0.081373,0.00980569,-0.9672,0,,mesure_experimentale
iodp_remanence_392_18969532,392,U1579,D,CUBE11396421,4.04465,-15.5,177.1,720.08,27,100,575,0.115966,0.0286715,-0.9615,0,,mesure_experimentale
iodp_remanence_392_18969532,392,U1579,D,CUBE11396441,0.001905,-25.7,338.4,722.18,27,100,575,0.026264,13.7869,0.6538,0,,mesure_experimentale
iodp_remanence_392_18969532,392,U1579,D,CUBE11396521,0.003342,18.9,172.0,722.55,27,100,575,0.019271,5.76631,0.6703,0,,mesure_experimentale
iodp_remanence_392_18969532,392,U1579,D,CUBE11396531,0.860802,-29.3,147.0,727.14,27,100,575,0.081977,0.0952333,-0.7967,0,,mesure_experimentale
iodp_remanence_392_18969532,392,U1580,A,CUBE11400021,3.5e-05,7.6,172.7,21.7,27,5,70,1.4e-05,0.4,-0.5000,9,1.0000,mesure_experimentale
iodp_remanence_392_18969532,392,U1580,A,CUBE11400221,5.8e-05,-45.1,199.3,30.0,27,5,70,4.7e-05,0.810345,-0.7802,9,1.0000,mesure_experimentale
iodp_remanence_392_18969532,392,U1580,A,CUBE11400711,0.000154,6.4,181.2,39.11,27,5,70,8.5e-05,0.551948,-0.9121,9,1.0000,mesure_experimentale
iodp_remanence_392_18969532,392,U1580,A,CUBE11400721,9.6e-05,8.1,176.4,44.66,27,5,70,7.9e-05,0.822917,-0.7802,9,1.0000,mesure_experimentale
iodp_remanence_392_18969532,392,U1580,A,CUBE11401161,6.4e-05,75.5,143.2,48.77,21,5,40,5.5e-05,0.859375,0.5442,15,0.9321,mesure_experimentale
iodp_remanence_392_18969532,392,U1580,A,CUBE11401171,0.000128,24.5,180.6,54.07,27,5,70,0.000103,0.804688,-0.7473,9,1.0000,mesure_experimentale
iodp_remanence_392_18969532,392,U1580,A,CUBE11401671,0.000264,-16.4,185.3,69.62,33,5,120,0.000109,0.412879,-0.8770,9,1.0000,mesure_experimentale
iodp_remanence_392_18969532,392,U1580,A,CUBE11401921,0.00035,5.0,166.5,79.0,33,5,120,0.0001,0.285714,-0.9763,93,0.4905,mesure_experimentale
iodp_remanence_392_18969532,392,U1580,A,CUBE11401931,0.000179,12.9,203.5,83.67,33,5,120,0.000104,0.581006,-0.9311,9,1.0000,mesure_experimentale
iodp_remanence_392_18969532,392,U1580,A,CUBE11402071,0.000173,1.9,177.2,89.44,33,5,120,8.3e-05,0.479769,-0.8860,9,1.0000,mesure_experimentale
iodp_remanence_392_18969532,392,U1580,A,CUBE11402351,0.000222,-2.0,188.7,107.72,30,5,120,0.000442,1.99099,-0.3575,9,1.0000,mesure_experimentale
iodp_remanence_392_18969532,392,U1580,A,CUBE11402361,7.5e-05,-4.5,190.5,110.12,36,5,120,4e-05,0.533333,-0.4770,9,1.0000,mesure_experimentale
iodp_remanence_392_18969532,392,U1580,A,CUBE11402661,0.000123,3.3,171.7,117.73,33,5,120,3.6e-05,0.292683,-0.6604,9,1.0000,mesure_experimentale
iodp_remanence_392_18969532,392,U1580,A,CUBE11402681,0.00033,17.5,186.8,120.29,33,5,120,0.00015,0.454545,-0.9582,90,0.4395,mesure_experimentale
iodp_remanence_392_18969532,392,U1580,A,CUBE11403271,0.000248,-8.5,174.3,126.54,33,5,120,9.2e-05,0.370968,-0.9853,9,1.0000,mesure_experimentale
iodp_remanence_392_18969532,392,U1580,A,CUBE11403841,0.017024,-60.2,280.1,136.11,33,5,120,0.00101,0.059328,0.6390,9,1.0000,mesure_experimentale
iodp_remanence_392_18969532,392,U1580,A,CUBE11404231,0.000264,16.2,190.3,145.63,33,5,120,0.000186,0.704545,-0.9672,9,1.0000,mesure_experimentale
iodp_remanence_392_18969532,392,U1580,A,CUBE11404241,0.000194,14.3,158.8,158.36,30,5,70,0.000245,1.26289,-0.3597,9,1.0000,mesure_experimentale
iodp_remanence_392_18969532,392,U1580,A,CUBE11404671,0.000271,5.7,182.0,165.15,33,5,120,0.00011,0.405904,-0.8138,9,1.0000,mesure_experimentale
iodp_remanence_392_18969532,392,U1580,A,CUBE11404681,0.00038,15.2,186.5,171.19,30,5,120,0.000199,0.523684,-0.9822,9,0.5500,mesure_experimentale
iodp_remanence_392_18969532,392,U1580,A,CUBE11405041,0.000289,32.3,0.4,175.44,33,5,120,9.9e-05,0.342561,-0.9492,9,1.0000,mesure_experimentale
iodp_remanence_392_18969532,392,U1580,A,CUBE11405311,0.000207,-9.3,159.0,185.25,33,5,120,7.1e-05,0.342995,-0.7868,9,1.0000,mesure_experimentale
iodp_remanence_392_18969532,392,U1580,A,CUBE11405661,0.00019,-32.0,352.0,194.09,27,5,70,5e-05,0.263158,-0.9451,9,1.0000,mesure_experimentale
iodp_remanence_392_18969532,392,U1580,A,CUBE11405671,0.000364,-4.7,18.8,200.04,33,5,120,0.000105,0.288462,-0.9853,9,1.0000,mesure_experimentale
iodp_remanence_392_18969532,392,U1580,A,CUBE11406301,0.001195,21.6,357.4,215.67,33,5,120,7.5e-05,0.0627615,-0.9853,9,1.0000,mesure_experimentale
iodp_remanence_392_18969532,392,U1580,A,CUBE11406541,0.000416,38.3,164.2,223.96,33,5,120,8.4e-05,0.201923,-0.9492,12,0.9650,mesure_experimentale
iodp_remanence_392_18969532,392,U1580,A,CUBE11407071,0.000238,3.2,336.6,233.84,36,5,120,2.1e-05,0.0882353,-0.6507,12,0.9021,mesure_experimentale
iodp_remanence_392_18969532,392,U1580,A,CUBE11407681,0.000212,-22.1,0.5,244.84,33,5,120,3.3e-05,0.15566,-0.9672,9,1.0000,mesure_experimentale
iodp_remanence_392_18969532,392,U1580,A,CUBE11407711,0.000106,-21.3,33.5,254.45,30,5,70,5.4e-05,0.509434,-0.0914,9,1.0000,mesure_experimentale
iodp_remanence_392_18969532,392,U1580,A,CUBE11408061,0.00101,23.9,13.5,265.93,36,5,120,0.000222,0.219802,-0.9820,9,1.0000,mesure_experimentale
iodp_remanence_392_18969532,392,U1580,A,CUBE11408941,0.001653,-13.4,21.1,272.3,36,5,120,0.00015,0.0907441,-0.9773,9,1.0000,mesure_experimentale
iodp_remanence_392_18969532,392,U1580,A,CUBE11408951,0.017423,-12.8,15.4,280.2,27,5,70,0.001384,0.0794352,-0.8297,9,1.0000,mesure_experimentale
iodp_remanence_392_18969532,392,U1580,A,CUBE11409821,0.030422,8.9,325.7,283.58,27,5,70,0.00104,0.0341858,-0.8297,9,1.0000,mesure_experimentale
iodp_remanence_392_18969532,392,U1580,A,CUBE11410401,0.016075,-30.2,342.1,291.08,27,5,70,0.000894,0.0556143,-0.9451,6,1.0000,mesure_experimentale
iodp_remanence_392_18969532,392,U1580,A,CUBE11410411,0.088692,18.5,356.1,299.75,30,5,120,0.010048,0.113291,-0.9221,9,1.0000,mesure_experimentale
iodp_remanence_392_18969532,392,U1580,A,CUBE11411701,0.09697,-15.4,9.6,302.89,27,5,70,0.005822,0.0600392,-0.9286,9,1.0000,mesure_experimentale
iodp_remanence_392_18969532,392,U1580,A,CUBE11411711,0.09379,12.0,354.2,307.52,27,5,70,0.006005,0.064026,-0.9286,9,1.0000,mesure_experimentale
iodp_remanence_392_18969532,392,U1580,A,CUBE11412111,0.154917,47.8,275.1,312.8,36,5,120,0.005609,0.0362065,-0.9611,9,1.0000,mesure_experimentale
iodp_remanence_392_18969532,392,U1580,A,CUBE11412581,0.103165,-1.0,339.8,324.37,27,5,70,0.001563,0.0151505,-0.9780,9,1.0000,mesure_experimentale
iodp_remanence_392_18969532,392,U1580,A,CUBE11412971,0.021026,53.1,328.0,331.08,27,5,70,0.010297,0.489727,-0.8626,9,1.0000,mesure_experimentale
iodp_remanence_392_18969532,392,U1580,A,CUBE11413111,0.0398,7.8,5.6,337.73,36,5,120,0.001364,0.0342714,-0.9704,87,0.8815,mesure_experimentale
iodp_remanence_392_18969532,392,U1580,A,CUBE11413381,0.23693,0.1,335.3,347.56,36,5,120,0.002251,0.0095007,-0.9843,9,1.0000,mesure_experimentale
iodp_remanence_392_18969532,392,U1580,A,CUBE11413661,0.087707,-25.4,0.5,352.17,36,5,120,0.004792,0.0546365,-0.9843,9,1.0000,mesure_experimentale
iodp_remanence_392_18969532,392,U1580,A,CUBE11413721,0.146617,5.3,348.6,360.98,33,5,120,0.00805,0.054905,-0.9763,9,1.0000,mesure_experimentale
iodp_remanence_392_18969532,392,U1580,A,CUBE11413731,0.009886,-7.3,20.8,365.69,36,5,120,0.000294,0.029739,-0.9820,9,-0.3500,mesure_experimentale
iodp_remanence_392_18969532,392,U1580,A,CUBE11414081,0.189296,12.9,332.9,371.54,30,5,90,0.006437,0.0340049,-0.9822,93,0.8500,mesure_experimentale
iodp_remanence_392_18969532,392,U1580,A,CUBE11414191,0.038419,17.9,25.5,384.31,30,5,90,0.001271,0.0330826,-0.9822,9,1.0000,mesure_experimentale
iodp_remanence_392_18969532,392,U1580,A,CUBE11414571,0.167571,10.8,29.1,400.94,33,5,120,0.010179,0.0607444,-0.9853,9,1.0000,mesure_experimentale
iodp_remanence_392_18969532,392,U1580,A,CUBE11414681,0.578614,-34.7,229.5,409.0,30,5,90,0.147819,0.255471,-0.4897,0,,mesure_experimentale
iodp_remanence_392_18969532,392,U1580,A,CUBE11414701,0.070388,-26.9,331.2,412.19,33,5,120,0.0168,0.238677,-0.9853,9,1.0000,mesure_experimentale
iodp_remanence_392_18969532,392,U1580,A,CUBE11415481,0.782007,-44.4,216.9,426.0,21,5,40,0.032387,0.0414152,-0.9636,0,,mesure_experimentale
iodp_remanence_392_18969532,392,U1580,A,CUBE11415681,1.35938,35.8,50.8,429.44,21,5,40,0.069372,0.051032,-0.9636,0,,mesure_experimentale
iodp_remanence_392_18969532,392,U1580,A,CUBE11416891,4.64234,-26.8,170.7,433.71,21,5,40,0.071285,0.0153554,-0.9636,0,,mesure_experimentale
iodp_remanence_392_18969532,392,U1580,A,CUBE11416901,2.29068,-20.7,140.8,438.36,21,5,40,0.145779,0.0636401,-0.9286,0,,mesure_experimentale
iodp_remanence_392_18969532,392,U1580,A,CUBE11417481,0.35312,37.0,341.4,444.19,24,5,50,0.039694,0.112409,-0.9722,0,,mesure_experimentale
iodp_remanence_392_18969532,392,U1580,A,CUBE11417961,1.13879,-21.3,238.9,450.205,24,5,50,0.060996,0.0535622,-0.9722,0,,mesure_experimentale
iodp_remanence_392_18969532,392,U1580,A,CUBE11418331,3.08381,-41.5,24.2,453.655,24,5,50,0.09638,0.0312535,-0.9722,0,,mesure_experimentale
iodp_remanence_392_18969532,392,U1580,A,CUBE11418621,0.779799,-27.1,220.2,460.57,24,5,50,0.05619,0.072057,-0.9722,0,,mesure_experimentale
iodp_remanence_392_18969532,392,U1580,A,CUBE11419221,0.662753,5.4,221.6,461.77,24,5,50,0.05438,0.0820517,-0.9722,0,,mesure_experimentale
iodp_remanence_392_18969532,392,U1580,A,CUBE11419231,0.001398,25.1,357.2,466.98,33,5,120,0.000455,0.325465,-0.9853,0,,mesure_experimentale
iodp_remanence_392_18969532,392,U1580,A,CUBE11419621,2.15555,27.5,355.7,477.25,27,5,70,0.202322,0.0938609,-0.9615,0,,mesure_experimentale
iodp_remanence_392_18969532,392,U1580,A,CUBE11420361,7.63098,-2.0,29.4,495.98,27,5,70,0.101284,0.0132727,-0.9780,0,,mesure_experimentale
iodp_remanence_392_18969532,392,U1580,A,CUBE11420971,3.41282,24.1,349.3,501.76,27,5,70,0.039319,0.011521,-0.9780,0,,mesure_experimentale
iodp_remanence_392_18969532,392,U1580,A,CUBE11420981,2.36894,-5.1,163.1,505.14,27,5,70,0.05789,0.0244371,-0.9286,0,,mesure_experimentale
iodp_remanence_392_18969532,392,U1580,A,CUBE11421411,13.4794,-7.3,184.5,510.07,27,5,70,0.121578,0.00901954,-0.6648,0,,mesure_experimentale
iodp_remanence_392_18969532,392,U1580,A,CUBE11421451,3.95433,-21.5,158.4,515.02,27,5,70,0.130924,0.033109,-0.7637,0,,mesure_experimentale
iodp_remanence_392_18969532,392,U1580,A,CUBE11421501,3.35116,-23.6,32.8,525.12,27,5,70,0.132275,0.0394714,-0.7473,0,,mesure_experimentale
iodp_remanence_392_18969532,392,U1580,A,CUBE11421661,0.906225,-7.7,142.5,520.59,27,5,70,0.080084,0.088371,-0.8626,0,,mesure_experimentale
iodp_remanence_392_18969532,392,U1581,A,CUBE11425611,0.002444,36.5,55.7,3.61,9,5,70,0.000514,0.210311,-1.0000,3,1.0000,mesure_experimentale
iodp_remanence_392_18969532,392,U1581,A,CUBE11426171,0.00169,-9.9,184.6,14.59,8,5,50,4.4e-05,0.0260355,-0.6905,31,0.8173,mesure_experimentale
iodp_remanence_392_18969532,392,U1581,A,CUBE11426791,0.000844,-2.5,206.4,22.93,8,5,50,4.2e-05,0.049763,-0.9286,3,1.0000,mesure_experimentale
iodp_remanence_392_18969532,392,U1581,A,CUBE11427311,0.00396,4.1,181.4,31.2,12,2,50,0.000224,0.0565657,-0.9930,3,1.0000,mesure_experimentale
iodp_remanence_392_18969532,392,U1581,A,CUBE11427851,0.000357,-9.1,178.9,41.6,10,2,50,4.3e-05,0.120448,-0.1515,3,1.0000,mesure_experimentale
iodp_remanence_392_18969532,392,U1581,A,CUBE11427931,0.000639,-8.7,174.7,51.53,12,2,70,8e-05,0.125196,-0.8671,3,1.0000,mesure_experimentale
iodp_remanence_392_18969532,392,U1581,A,CUBE11429391,0.000278,-57.9,135.0,59.74,12,2,70,9.8e-05,0.352518,-0.8182,29,0.6049,mesure_experimentale
iodp_remanence_392_18969532,392,U1581,A,CUBE11429981,0.002169,1.5,183.5,71.9,12,2,70,4.1e-05,0.0189027,-0.9021,3,1.0000,mesure_experimentale
iodp_remanence_392_18969532,392,U1581,A,CUBE11430191,0.000456,-6.7,164.6,80.85,12,2,70,3.2e-05,0.0701754,-0.8252,3,1.0000,mesure_experimentale
iodp_remanence_392_18969532,392,U1581,A,CUBE11430931,0.000439,-16.9,174.9,86.38,12,2,70,9.6e-05,0.218679,-0.4406,3,1.0000,mesure_experimentale
iodp_remanence_392_18969532,392,U1581,A,CUBE11431481,0.000668,-8.0,184.1,96.03,11,2,50,0.000118,0.176647,-0.5727,3,1.0000,mesure_experimentale
iodp_remanence_392_18969532,392,U1581,A,CUBE11431801,0.007434,-3.3,180.4,109.87,11,2,50,0.000252,0.0338983,-1.0000,3,1.0000,mesure_experimentale
iodp_remanence_392_18969532,392,U1581,A,CUBE11432341,0.010752,-9.8,183.8,118.18,11,2,50,0.000274,0.0254836,-1.0000,3,1.0000,mesure_experimentale
iodp_remanence_392_18969532,392,U1581,A,CUBE11432911,0.011233,-3.7,184.3,122.71,10,2,40,0.000291,0.0259058,-0.9152,3,1.0000,mesure_experimentale
iodp_remanence_392_18969532,392,U1581,A,CUBE11432971,0.007344,-13.8,134.2,130.91,12,2,70,0.001029,0.140114,-0.8462,3,1.0000,mesure_experimentale
iodp_remanence_392_18969532,392,U1581,A,CUBE11433501,0.008476,15.1,200.3,139.37,12,2,70,0.000775,0.0914346,-0.8881,30,0.9092,mesure_experimentale
iodp_remanence_392_18969532,392,U1581,A,CUBE11433601,0.001663,-26.4,183.0,145.75,12,2,70,0.000832,0.500301,-0.8531,3,1.0000,mesure_experimentale
iodp_remanence_392_18969532,392,U1581,A,CUBE11433681,0.005338,3.9,172.1,156.66,12,2,70,0.000824,0.154365,-0.8881,3,1.0000,mesure_experimentale
iodp_remanence_392_18969532,392,U1581,A,CUBE11434181,0.001471,-13.1,171.6,163.97,12,2,70,0.000771,0.524133,0.0000,3,1.0000,mesure_experimentale
iodp_remanence_392_18969532,392,U1581,A,CUBE11434281,0.010418,-7.0,192.9,171.8,12,2,70,0.000872,0.0837013,-0.9441,3,1.0000,mesure_experimentale
iodp_remanence_392_18969532,392,U1581,A,CUBE11435041,0.016813,34.8,158.5,180.64,11,2,50,0.000509,0.0302742,-1.0000,3,1.0000,mesure_experimentale
iodp_remanence_392_18969532,392,U1581,A,CUBE11435311,0.000427,-7.6,170.7,189.04,9,2,30,0.000111,0.259953,-0.0667,3,1.0000,mesure_experimentale
iodp_remanence_392_18969532,392,U1581,A,CUBE11435791,0.009734,-18.1,178.4,199.11,9,2,30,0.000185,0.0190055,-0.8500,3,1.0000,mesure_experimentale
iodp_remanence_392_18969532,392,U1581,A,CUBE11436881,0.016816,-0.5,179.3,210.8,6,2,15,0.001485,0.0883088,-0.1429,3,1.0000,mesure_experimentale
iodp_remanence_392_18969532,392,U1581,A,CUBE11437761,0.000768,-30.4,161.7,217.19,11,2,50,0.000112,0.145833,-0.7818,3,1.0000,mesure_experimentale
iodp_remanence_392_18969532,392,U1581,A,CUBE11438001,0.000628,-9.4,183.5,224.8,12,2,120,0.000105,0.167197,-0.6364,4,0.8000,mesure_experimentale
iodp_remanence_392_18969532,392,U1581,A,CUBE11438191,0.001922,-11.6,180.8,232.75,11,2,120,0.000218,0.113424,-0.7182,3,1.0000,mesure_experimentale
iodp_remanence_392_18969532,392,U1581,A,CUBE11438601,0.001683,-2.0,175.9,235.23,12,2,120,0.000277,0.164587,-0.3916,3,1.0000,mesure_experimentale
iodp_remanence_392_18969532,392,U1581,A,CUBE11438881,0.002453,9.5,188.6,238.92,13,2,120,0.000204,0.0831635,-0.8626,6,0.7714,mesure_experimentale
iodp_remanence_392_18969532,392,U1581,A,CUBE11439181,0.002284,6.1,173.2,246.39,12,2,120,0.000419,0.18345,-0.6573,3,1.0000,mesure_experimentale
iodp_remanence_392_18969532,392,U1581,A,CUBE11439551,0.002853,-5.5,183.8,251.87,12,2,120,0.000134,0.0469681,-0.5035,3,1.0000,mesure_experimentale
iodp_remanence_392_18969532,392,U1581,A,CUBE11439881,0.005053,-5.3,185.5,254.82,10,2,50,0.000129,0.0255294,-0.7818,3,1.0000,mesure_experimentale
iodp_remanence_392_18969532,392,U1581,A,CUBE11440051,0.005465,-4.7,176.8,259.14,10,2,50,0.000125,0.0228728,-0.6970,3,1.0000,mesure_experimentale
iodp_remanence_392_18969532,392,U1581,A,CUBE11440471,0.005275,-1.8,173.1,264.38,10,2,50,0.000163,0.0309005,-0.9030,3,1.0000,mesure_experimentale
iodp_remanence_392_18969532,392,U1581,A,CUBE11440511,0.006304,-6.8,184.2,268.11,10,2,50,0.000104,0.0164975,-0.9394,3,1.0000,mesure_experimentale
iodp_remanence_392_18969532,392,U1581,A,CUBE11440861,0.005016,-5.9,179.1,272.31,10,2,50,0.000241,0.0480463,-0.7576,3,1.0000,mesure_experimentale
iodp_remanence_392_18969532,392,U1581,A,CUBE11440891,0.000141,0.0,334.6,277.88,12,2,120,9.9e-05,0.702128,-0.7622,3,1.0000,mesure_experimentale
iodp_remanence_392_18969532,392,U1581,A,CUBE11441151,0.003199,-15.0,180.5,282.29,10,2,70,0.000141,0.0440763,-0.9515,30,0.7446,mesure_experimentale
iodp_remanence_392_18969532,392,U1581,A,CUBE11441171,0.014962,-17.7,192.6,291.17,10,2,70,0.000448,0.0299425,-1.0000,3,1.0000,mesure_experimentale
iodp_remanence_392_18969532,392,U1581,B,CUBE11443551,0.00183,-58.9,128.7,291.86,11,5,120,0.000131,0.0715847,-0.8636,4,0.4000,mesure_experimentale
iodp_remanence_392_18969532,392,U1581,B,CUBE11443611,0.001361,-14.1,198.7,304.15,8,5,50,0.000118,0.086701,-0.9048,0,,mesure_experimentale
iodp_remanence_392_18969532,392,U1581,B,CUBE11444801,0.004156,-11.5,22.9,313.85,9,5,70,0.000569,0.13691,-0.9833,0,,mesure_experimentale
iodp_remanence_392_18969532,392,U1581,B,CUBE11444931,0.003633,-46.7,174.0,319.09,8,5,50,0.000904,0.24883,-0.9762,0,,mesure_experimentale
iodp_remanence_392_18969532,392,U1581,B,CUBE11445711,0.001446,-1.2,326.9,333.11,12,5,120,0.000724,0.500692,-0.6084,3,1.0000,mesure_experimentale
iodp_remanence_392_18969532,392,U1581,B,CUBE11445891,0.001828,-31.9,299.2,345.45,11,5,120,0.000271,0.148249,-0.7727,3,1.0000,mesure_experimentale
iodp_remanence_392_18969532,392,U1581,B,CUBE11446281,0.002044,-41.3,195.7,350.59,11,5,120,0.00049,0.239726,-0.8545,3,1.0000,mesure_experimentale
iodp_remanence_392_18969532,392,U1581,B,CUBE11446971,8.9e-05,-22.3,179.6,359.51,9,5,70,5.2e-05,0.58427,-0.1167,3,1.0000,mesure_experimentale
iodp_remanence_392_18969532,392,U1581,B,CUBE11447351,0.000468,-2.0,26.1,367.5,11,5,120,0.000137,0.292735,-0.9909,3,1.0000,mesure_experimentale
iodp_remanence_392_18969532,392,U1581,B,CUBE11447711,0.000696,-79.2,309.4,377.91,11,5,120,0.000381,0.547414,-0.9000,3,1.0000,mesure_experimentale
iodp_remanence_392_18969532,392,U1581,B,CUBE11448231,0.000413,-61.7,85.1,386.3,11,5,120,0.000184,0.445521,-0.9455,3,0.5000,mesure_experimentale
iodp_remanence_392_18969532,392,U1581,B,CUBE11448661,0.0002,-79.5,294.8,397.1,11,5,120,0.000186,0.93,0.1455,3,1.0000,mesure_experimentale
iodp_remanence_392_18969532,392,U1581,B,CUBE11449291,0.00042,-47.7,196.7,407.92,11,5,120,0.000255,0.607143,-0.4000,3,1.0000,mesure_experimentale
iodp_remanence_392_18969532,392,U1581,B,CUBE11450081,0.000242,14.8,349.0,417.43,11,5,120,0.000122,0.504132,-0.9636,3,1.0000,mesure_experimentale
iodp_remanence_392_18969532,392,U1581,B,CUBE11450281,0.000609,-2.8,314.0,426.25,12,5,120,0.000183,0.300493,-0.9091,3,1.0000,mesure_experimentale
iodp_remanence_392_18969532,392,U1581,B,CUBE11451661,0.001325,8.5,55.6,454.08,11,5,120,0.000515,0.388679,-1.0000,3,0.5000,mesure_experimentale
iodp_remanence_392_18969532,392,U1581,B,CUBE11452211,0.038998,-0.7,179.5,469.03,11,5,120,0.001775,0.0455152,-0.9909,3,1.0000,mesure_experimentale
iodp_remanence_392_18969532,392,U1581,B,CUBE11452991,0.023862,3.0,234.7,473.88,11,5,120,0.005933,0.248638,-1.0000,3,1.0000,mesure_experimentale
iodp_remanence_392_18969532,392,U1581,B,CUBE11453061,0.00013,23.9,336.7,486.03,10,5,90,0.000114,0.876923,-0.8424,3,1.0000,mesure_experimentale
iodp_remanence_392_18969532,392,U1581,B,CUBE11453431,0.000165,-43.8,319.2,493.17,10,5,90,6.9e-05,0.418182,-0.9030,3,1.0000,mesure_experimentale
iodp_remanence_392_18969532,392,U1581,B,CUBE11454381,0.000224,-55.2,345.5,503.34,11,5,120,0.000138,0.616071,-0.3273,3,1.0000,mesure_experimentale
iodp_remanence_392_18969532,392,U1581,B,CUBE11454561,0.000275,-34.4,280.4,514.88,11,5,120,0.000246,0.894545,-0.4818,3,1.0000,mesure_experimentale
iodp_remanence_392_18969532,392,U1581,B,CUBE11455491,0.000332,-2.0,310.9,524.59,11,5,120,0.000203,0.611446,-0.9909,3,1.0000,mesure_experimentale
iodp_remanence_392_18969532,392,U1581,B,CUBE11455941,0.000476,1.4,352.7,537.26,12,5,120,0.000192,0.403361,-0.9371,3,1.0000,mesure_experimentale
iodp_remanence_392_18969532,392,U1581,B,CUBE11456431,0.000271,31.4,118.5,548.41,12,5,120,0.000278,1.02583,-0.6084,3,1.0000,mesure_experimentale
iodp_remanence_392_18969532,392,U1581,B,CUBE11456451,0.002574,16.3,263.4,554.68,12,5,120,0.001321,0.513209,-0.9930,3,1.0000,mesure_experimentale
iodp_remanence_392_18969532,392,U1581,B,CUBE11457541,0.000276,32.3,41.9,568.24,10,5,70,4.1e-05,0.148551,-0.9758,3,1.0000,mesure_experimentale
iodp_remanence_392_18969532,392,U1581,B,CUBE11457941,0.000305,-54.8,24.1,570.71,11,5,120,6.9e-05,0.22623,-0.8091,3,1.0000,mesure_experimentale
iodp_remanence_392_18969532,392,U1581,B,CUBE11458691,0.001116,-26.5,338.7,580.05,11,5,120,0.000476,0.426523,-1.0000,3,1.0000,mesure_experimentale
iodp_remanence_392_18969532,392,U1581,B,CUBE11458901,0.001132,17.8,34.2,593.21,11,5,120,0.00021,0.185512,-1.0000,3,1.0000,mesure_experimentale
iodp_remanence_392_18969532,392,U1581,B,CUBE11459301,0.001018,26.2,316.6,605.55,11,5,120,0.000328,0.3222,-1.0000,3,1.0000,mesure_experimentale
iodp_remanence_392_18969532,392,U1581,B,CUBE11459841,0.002822,-9.1,29.7,615.0,11,5,120,0.001368,0.484763,-0.9909,3,1.0000,mesure_experimentale
iodp_remanence_392_18969532,392,U1581,B,CUBE11460601,0.001224,43.2,332.6,621.78,11,5,120,0.00054,0.441176,-0.8455,3,1.0000,mesure_experimentale
iodp_remanence_392_18969532,392,U1581,B,CUBE11460761,0.000487,-56.4,56.9,633.6,11,5,120,0.000483,0.991786,0.1455,3,1.0000,mesure_experimentale
iodp_remanence_392_18969532,392,U1581,B,CUBE11461271,0.001016,-40.2,337.9,642.02,11,5,120,0.000173,0.170276,-0.6273,3,1.0000,mesure_experimentale
iodp_remanence_392_18969532,392,U1581,B,CUBE11461731,0.000695,5.5,56.1,655.27,11,5,120,0.000326,0.469065,-0.8545,3,1.0000,mesure_experimentale
iodp_remanence_392_18969532,392,U1581,B,CUBE11462141,0.001241,52.0,17.0,665.53,11,5,120,0.000475,0.382756,-0.9818,3,1.0000,mesure_experimentale
iodp_remanence_392_18969532,392,U1581,B,CUBE11462671,0.000418,-45.5,110.2,670.84,11,5,120,0.000376,0.899522,0.5000,3,0.5000,mesure_experimentale
iodp_remanence_392_18969532,392,U1581,B,CUBE11463541,0.00136,-8.5,299.4,677.11,11,5,120,0.000622,0.457353,-0.9909,3,0.5000,mesure_experimentale
iodp_remanence_392_18969532,392,U1581,B,CUBE11463711,0.000655,-20.8,316.9,696.2,11,5,120,9.5e-05,0.145038,-1.0000,4,0.8000,mesure_experimentale
iodp_remanence_392_18969532,392,U1581,B,CUBE11464521,0.001541,0.1,29.9,697.09,11,5,120,0.000439,0.28488,-0.9727,3,1.0000,mesure_experimentale
iodp_remanence_392_18969532,392,U1581,B,CUBE11465081,0.001569,-14.9,43.4,710.06,11,5,120,0.000292,0.186106,-0.9273,3,1.0000,mesure_experimentale
iodp_remanence_392_18969532,392,U1581,B,CUBE11465551,0.004362,14.8,63.3,720.41,11,5,120,0.001618,0.370931,-0.9818,3,1.0000,mesure_experimentale
iodp_remanence_392_18969532,392,U1581,B,CUBE11466011,0.002681,-45.1,57.2,731.81,11,5,120,0.001035,0.38605,-0.9909,3,1.0000,mesure_experimentale
iodp_remanence_392_18969532,392,U1581,B,CUBE11466741,0.004228,-40.0,326.1,743.75,11,5,120,0.001932,0.456954,-0.9909,3,1.0000,mesure_experimentale
iodp_remanence_392_18969532,392,U1581,B,CUBE11467181,0.00175,-7.1,28.6,746.98,11,5,120,0.000481,0.274857,-0.8818,3,1.0000,mesure_experimentale
iodp_remanence_392_18969532,392,U1581,B,CUBE11467591,0.000857,50.1,358.4,760.48,11,5,120,3.8e-05,0.0443407,-1.0000,3,1.0000,mesure_experimentale
iodp_remanence_392_18969532,392,U1581,B,CUBE11468101,0.001255,44.9,345.1,772.05,11,5,120,0.00043,0.342629,-1.0000,3,1.0000,mesure_experimentale
iodp_remanence_392_18969532,392,U1581,B,CUBE11468641,0.002197,-34.4,26.8,778.64,11,5,120,0.000609,0.277196,-0.9909,3,1.0000,mesure_experimentale
iodp_remanence_392_18969532,392,U1581,B,CUBE11468931,0.002971,8.3,295.5,788.95,11,5,120,0.001034,0.348031,-1.0000,3,1.0000,mesure_experimentale
iodp_remanence_392_18969532,392,U1581,B,CUBE11469351,0.00095,26.9,53.4,798.34,11,5,120,0.000368,0.387368,-0.8091,3,1.0000,mesure_experimentale
iodp_remanence_392_18969532,392,U1581,B,CUBE11469751,0.001534,34.2,53.3,805.41,11,5,120,0.000827,0.539113,-0.8545,3,1.0000,mesure_experimentale
iodp_remanence_392_18969532,392,U1581,B,CUBE11470311,0.003597,-3.9,44.7,815.5,12,5,120,0.001475,0.410064,-0.9091,3,1.0000,mesure_experimentale
iodp_remanence_392_18969532,392,U1581,B,CUBE11470771,0.00205,0.0,300.6,826.86,12,5,120,0.000333,0.162439,-0.9930,3,1.0000,mesure_experimentale
iodp_remanence_392_18969532,392,U1581,B,CUBE11471221,0.004555,53.3,357.8,835.41,12,5,120,0.001941,0.426125,-0.9790,3,1.0000,mesure_experimentale
iodp_remanence_392_18969532,392,U1581,B,CUBE11471621,0.002178,-8.4,68.4,842.4,12,5,150,0.000323,0.148301,-1.0000,3,1.0000,mesure_experimentale
iodp_remanence_392_18969532,392,U1581,B,CUBE11472021,0.001514,17.4,62.8,856.11,12,5,150,0.000397,0.262219,-1.0000,3,1.0000,mesure_experimentale
iodp_remanence_392_18969532,392,U1581,B,CUBE11472821,0.006613,25.0,53.0,865.45,12,5,150,0.002403,0.363375,-0.9790,3,1.0000,mesure_experimentale
iodp_remanence_392_18969532,392,U1581,B,CUBE11473311,0.002729,-45.5,355.7,874.99,12,5,150,0.001004,0.3679,-0.9860,3,1.0000,mesure_experimentale
iodp_remanence_392_18969532,392,U1581,B,CUBE11473441,0.006412,5.0,309.9,893.77,12,5,150,0.002631,0.410324,-1.0000,3,1.0000,mesure_experimentale
iodp_remanence_392_18969532,392,U1581,B,CUBE11473831,0.002809,37.9,42.0,885.03,9,10,150,0.00084,0.299039,-1.0000,3,1.0000,mesure_experimentale
iodp_remanence_392_18969532,392,U1581,B,CUBE11474261,0.002791,-34.7,52.3,902.06,9,10,150,0.001068,0.382659,-1.0000,3,1.0000,mesure_experimentale
iodp_remanence_392_18969532,392,U1581,B,CUBE11474591,0.003224,-39.8,17.2,912.72,9,10,150,0.001147,0.355769,-1.0000,3,1.0000,mesure_experimentale
iodp_remanence_392_18969532,392,U1581,B,CUBE11474731,0.005143,-54.2,306.7,923.59,13,5,150,0.001805,0.350962,-0.9725,3,1.0000,mesure_experimentale
iodp_remanence_392_18969532,392,U1581,B,CUBE11475171,0.000867,15.5,104.2,933.5,13,5,150,0.000315,0.363322,-0.8901,3,1.0000,mesure_experimentale
iodp_remanence_392_18969532,392,U1581,B,CUBE11475231,0.000718,7.7,105.4,942.56,13,5,150,0.000288,0.401114,-0.9615,3,1.0000,mesure_experimentale
iodp_remanence_392_18969532,392,U1581,B,CUBE11475661,0.000443,-71.0,23.7,952.28,9,10,150,0.000132,0.297968,-0.9833,3,1.0000,mesure_experimentale
iodp_remanence_392_18969532,392,U1581,B,CUBE11476151,0.000178,-8.8,273.8,961.51,9,10,150,4.5e-05,0.252809,-0.9167,3,1.0000,mesure_experimentale
iodp_remanence_392_18969532,392,U1581,B,CUBE11476291,0.00014,-62.5,287.1,970.15,9,10,150,4.2e-05,0.3,-0.9500,3,1.0000,mesure_experimentale
iodp_remanence_392_18969532,392,U1581,B,CUBE11476381,0.00066,-45.8,85.9,981.37,13,5,150,0.000147,0.222727,-0.9945,3,1.0000,mesure_experimentale
iodp_remanence_392_18969532,392,U1581,B,CUBE11476461,0.000221,-43.3,56.1,993.51,11,5,120,4.9e-05,0.221719,-0.9818,3,1.0000,mesure_experimentale
iodp_remanence_392_18969532,392,U1582,A,CUBE11480531,0.006134,4.7,215.7,1.63,10,5,90,0.000226,0.0368438,-1.0000,0,,mesure_experimentale
iodp_remanence_392_18969532,392,U1582,A,CUBE11480541,0.023747,-54.0,207.3,5.96,10,5,90,0.000457,0.0192445,-1.0000,0,,mesure_experimentale
iodp_remanence_392_18969532,392,U1582,A,CUBE11480901,0.073293,30.6,200.4,14.13,10,5,90,0.006917,0.0943746,-1.0000,0,,mesure_experimentale
iodp_remanence_392_18969532,392,U1582,A,CUBE11481361,11.1354,4.4,24.8,48.65,9,5,70,0.047362,0.00425327,-1.0000,0,,mesure_experimentale
iodp_remanence_393_10672849,393,U1559,B,CUBE11598471,3.1507,-14.7,216.5,78.98,14,5,160,0.249404,0.0791582,-1.0000,25,0.9985,mesure_experimentale
iodp_remanence_393_10672849,393,U1559,B,CUBE11598491,4.66998,33.2,133.3,74.04,14,5,160,0.449968,0.0963534,-1.0000,36,0.9184,mesure_experimentale
iodp_remanence_393_10672849,393,U1559,B,CUBE11598511,9.68571,45.9,185.6,69.34,15,5,190,0.53096,0.0548189,-0.9964,36,0.7701,mesure_experimentale
iodp_remanence_393_10672849,393,U1559,B,CUBE11599311,2.75652,31.7,217.7,84.26,14,5,160,0.225969,0.0819763,-1.0000,36,0.8149,mesure_experimentale
iodp_remanence_393_10672849,393,U1559,B,CUBE11599321,5.55579,-17.8,134.7,85.4,14,5,160,0.557771,0.100394,-1.0000,25,0.7992,mesure_experimentale
iodp_remanence_393_10672849,393,U1559,B,CUBE11599331,2.26492,-45.4,207.9,88.53,13,5,130,0.199632,0.0881407,-1.0000,36,0.9506,mesure_experimentale
iodp_remanence_393_10672849,393,U1559,B,CUBE11599531,4.82023,49.8,196.1,93.63,13,105,580,0.016738,0.00347245,-0.9615,0,,mesure_experimentale
iodp_remanence_393_10672849,393,U1559,B,CUBE11599571,5.40542,-19.7,154.3,103.57,26,5,580,0.105676,0.01955,-0.3415,0,,mesure_experimentale
iodp_remanence_393_10672849,393,U1559,B,CUBE11599581,11.5139,-13.8,160.8,103.59,26,5,580,0.124164,0.0107838,0.1350,0,,mesure_experimentale
iodp_remanence_393_10672849,393,U1559,B,CUBE11599611,4.52653,25.7,202.2,98.92,11,5,80,0.38672,0.0854342,-1.0000,36,0.8790,mesure_experimentale
iodp_remanence_393_10672849,393,U1558,F,CUBE11606391,0.023479,-12.7,179.2,2.28,48,5,100,0.001056,0.0449764,-0.7299,144,0.8045,mesure_experimentale
iodp_remanence_393_10672849,393,U1558,F,CUBE11607391,0.018633,-10.5,185.7,6.28,48,5,100,0.002213,0.118768,-0.8967,0,,mesure_experimentale
iodp_remanence_393_10672849,393,U1558,F,CUBE11607461,0.028163,7.5,159.6,9.29,48,5,100,0.003255,0.115577,-0.9383,144,0.8103,mesure_experimentale
iodp_remanence_393_10672849,393,U1558,F,CUBE11609061,0.004564,-35.7,47.4,16.91,44,5,80,0.001172,0.256792,-0.9755,0,,mesure_experimentale
iodp_remanence_393_10672849,393,U1558,F,CUBE11609131,0.016791,-1.0,197.8,20.31,44,5,80,0.00117,0.0696802,-0.9845,0,,mesure_experimentale
iodp_remanence_393_10672849,393,U1558,F,CUBE11610841,0.01816,-21.3,44.0,28.63,33,5,80,0.002841,0.156443,-0.9853,0,,mesure_experimentale
iodp_remanence_393_10672849,393,U1558,F,CUBE11610851,0.018601,7.2,215.5,34.06,40,5,60,0.001833,0.0985431,-0.9812,0,,mesure_experimentale
iodp_remanence_393_10672849,393,U1558,F,CUBE11612511,0.013404,21.3,252.9,39.4,44,5,80,0.001,0.0746046,-0.9845,0,,mesure_experimentale
iodp_remanence_393_10672849,393,U1558,F,CUBE11612541,0.017711,1.1,172.6,43.22,36,5,50,0.001018,0.0574784,-0.9604,144,0.8085,mesure_experimentale
iodp_remanence_393_10672849,393,U1558,F,CUBE11613611,0.03479,-16.6,185.0,48.95,40,5,60,0.004366,0.125496,-0.9812,0,,mesure_experimentale
iodp_remanence_393_10672849,393,U1558,F,CUBE11613621,0.016316,-21.4,179.0,51.64,40,5,60,0.001953,0.119698,-0.9812,0,,mesure_experimentale
iodp_remanence_393_10672849,393,U1558,F,CUBE11614791,0.009585,57.3,34.4,56.9,36,5,100,0.001174,0.122483,-0.9876,0,,mesure_experimentale
iodp_remanence_393_10672849,393,U1558,F,CUBE11614981,0.007303,0.1,189.1,60.23,24,5,40,0.001078,0.147611,-0.5965,0,,mesure_experimentale
iodp_remanence_393_10672849,393,U1558,F,CUBE11616221,0.021396,-10.5,166.9,66.5,44,5,80,0.001895,0.088568,-0.9845,0,,mesure_experimentale
iodp_remanence_393_10672849,393,U1558,F,CUBE11616231,0.01801,-9.8,169.5,70.42,40,5,60,0.00204,0.11327,-0.9812,144,0.8052,mesure_experimentale
iodp_remanence_393_10672849,393,U1558,F,CUBE11619181,0.006477,-31.9,311.2,74.07,36,5,100,0.001006,0.155319,-0.9807,108,0.8049,mesure_experimentale
iodp_remanence_393_10672849,393,U1558,F,CUBE11619191,0.007932,-40.8,289.2,79.41,48,5,100,0.002143,0.270171,-0.9800,0,,mesure_experimentale
iodp_remanence_393_10672849,393,U1558,F,CUBE11619821,0.020252,0.3,154.8,88.25,44,5,80,0.001655,0.0817203,-0.9845,0,,mesure_experimentale
iodp_remanence_393_10672849,393,U1558,F,CUBE11619831,0.035336,10.3,167.6,93.36,44,5,80,0.002981,0.0843616,-0.9845,0,,mesure_experimentale
iodp_remanence_393_10672849,393,U1558,F,CUBE11620511,0.012123,-21.8,170.6,99.67,44,5,80,0.001043,0.0860348,-0.9845,144,0.8108,mesure_experimentale
iodp_remanence_393_10672849,393,U1558,F,CUBE11620621,0.005922,-2.1,53.7,105.01,44,5,80,0.00079,0.133401,-0.9845,0,,mesure_experimentale
iodp_remanence_393_10672849,393,U1558,F,CUBE11620811,0.009127,-20.9,47.7,108.12,33,5,80,0.001083,0.118659,-0.9853,0,,mesure_experimentale
iodp_remanence_393_10672849,393,U1558,F,CUBE11620841,0.030682,-3.0,168.1,112.27,36,5,50,0.002656,0.0865654,-0.9768,144,0.8147,mesure_experimentale
iodp_remanence_393_10672849,393,U1558,F,CUBE11621091,0.02237,-3.0,167.9,117.26,36,5,50,0.001801,0.0805096,-0.9768,0,,mesure_experimentale
iodp_remanence_393_10672849,393,U1558,F,CUBE11621101,0.00569,-85.0,40.5,121.94,44,5,80,0.000803,0.141125,-0.9845,0,,mesure_experimentale
iodp_remanence_393_10672849,393,U1558,F,CUBE11621251,0.005377,-64.0,68.4,126.45,44,5,80,0.000724,0.134648,-0.9845,0,,mesure_experimentale
iodp_remanence_393_10672849,393,U1558,F,CUBE11621301,0.012,-36.3,343.9,135.38,48,5,100,0.0019,0.158333,-0.9800,0,,mesure_experimentale
iodp_remanence_393_10672849,393,U1558,F,CUBE11621451,0.014507,19.7,47.2,143.3,48,5,60,0.001825,0.125801,-0.9692,0,,mesure_experimentale
iodp_remanence_393_10672849,393,U1558,F,CUBE11621461,0.013842,-26.1,178.9,145.71,40,5,60,0.001764,0.127438,-0.9572,0,,mesure_experimentale
iodp_remanence_393_10672849,393,U1558,F,CUBE11621541,0.018233,28.7,18.1,153.86,40,5,60,0.002037,0.111721,-0.9812,0,,mesure_experimentale
iodp_remanence_393_10672849,393,U1558,F,CUBE11621551,0.012618,-15.6,22.3,156.91,33,5,80,0.001323,0.10485,-0.9853,0,,mesure_experimentale
iodp_remanence_393_10672849,393,U1558,F,CUBE11621691,0.028445,-14.9,203.8,162.11,40,5,60,0.002508,0.0881702,-0.9812,0,,mesure_experimentale
iodp_remanence_393_10672849,393,U1558,F,CUBE11621711,0.00131,33.6,254.6,166.5,16,5,20,0.000647,0.493893,0.2471,0,,mesure_experimentale
iodp_remanence_393_10672849,393,U1558,F,CUBE11622151,0.003012,-65.1,207.8,170.18,44,5,80,0.000632,0.209827,-0.9574,0,,mesure_experimentale
iodp_remanence_393_10672849,393,U1558,F,CUBE11622161,0.001521,-16.2,214.1,173.54,36,5,50,0.000213,0.140039,-0.9109,0,,mesure_experimentale
iodp_remanence_393_10672849,393,U1558,D,CUBE11622731,0.006014,-68.4,340.9,150.67,9,5,50,0.000558,0.0927835,-0.9667,0,,mesure_experimentale
iodp_remanence_393_10672849,393,U1558,D,CUBE11623261,0.009812,8.3,359.1,157.28,9,5,50,0.001348,0.137383,-1.0000,0,,mesure_experimentale
iodp_remanence_393_10672849,393,U1558,D,CUBE11626811,2.10874,20.8,328.5,172.77,13,5,130,0.161191,0.0764394,-0.9615,36,0.8044,mesure_experimentale
iodp_remanence_393_10672849,393,U1558,D,CUBE11626851,0.402522,-32.3,135.0,173.85,11,5,80,0.051446,0.127809,-0.9727,36,0.8239,mesure_experimentale
iodp_remanence_393_10672849,393,U1558,D,CUBE11630651,1.16144,-54.0,356.4,179.86,12,5,100,0.093654,0.0806361,-0.9790,36,0.8188,mesure_experimentale
iodp_remanence_393_10672849,393,U1558,D,CUBE11630671,1.36648,-20.5,316.2,183.6,14,5,160,0.110771,0.0810631,-0.9868,36,0.7792,mesure_experimentale
iodp_remanence_393_10672849,393,U1558,D,CUBE11633631,1.66102,-17.0,220.9,189.66,13,105,580,0.02202,0.0132569,-0.9066,0,,mesure_experimentale
iodp_remanence_393_10672849,393,U1558,D,CUBE11633641,0.920358,-3.2,86.2,192.47,11,5,80,0.088717,0.096394,-0.9727,32,0.7753,mesure_experimentale
iodp_remanence_393_10672849,393,U1558,D,CUBE11633651,0.45112,44.2,170.9,196.64,24,5,580,0.024042,0.053294,-0.9583,0,,mesure_experimentale
iodp_remanence_393_10672849,393,U1558,D,CUBE11633731,1.91001,18.1,141.9,207.03,13,105,580,0.020513,0.0107397,-0.9890,0,,mesure_experimentale
iodp_remanence_393_10672849,393,U1558,D,CUBE11636391,1.6636,9.1,30.3,210.48,13,5,130,0.309323,0.185936,-0.9780,31,0.6702,mesure_experimentale
iodp_remanence_393_10672849,393,U1558,D,CUBE11636401,1.79705,43.2,4.3,213.68,13,5,130,0.191889,0.10678,-0.9615,31,0.6831,mesure_experimentale
iodp_remanence_393_10672849,393,U1558,D,CUBE11636411,1.63941,-26.4,337.7,216.84,13,5,130,0.266225,0.162391,-0.9835,31,0.7044,mesure_experimentale
iodp_remanence_393_10672849,393,U1558,D,CUBE11636441,0.297529,52.0,270.8,220.16,11,5,80,0.072083,0.242272,-0.8455,31,0.7073,mesure_experimentale
iodp_remanence_393_10672849,393,U1558,D,CUBE11638831,1.34982,-18.0,282.2,236.66,13,105,580,0.025056,0.0185625,-0.9341,0,,mesure_experimentale
iodp_remanence_393_10672849,393,U1558,D,CUBE11638851,2.27123,9.0,332.3,245.39,26,5,580,0.073623,0.0324155,-0.8926,0,,mesure_experimentale
iodp_remanence_393_10672849,393,U1558,D,CUBE11638881,0.001347,-45.0,338.3,234.69,12,5,100,0.582147,432.18,-0.2937,31,0.8766,mesure_experimentale
iodp_remanence_393_10672849,393,U1558,D,CUBE11638891,2.62287,62.9,349.3,239.53,25,5,580,0.036938,0.0140831,-0.6785,0,,mesure_experimentale
iodp_remanence_393_10672849,393,U1558,D,CUBE11638961,0.365243,37.9,311.3,225.22,12,5,130,0.525196,1.43794,-0.2238,31,0.7968,mesure_experimentale
iodp_remanence_393_10672849,393,U1558,D,CUBE11639211,1.57062,28.5,341.0,259.23,12,5,100,0.241008,0.153448,-0.9930,3,-0.5000,mesure_experimentale
iodp_remanence_393_10672849,393,U1558,D,CUBE11639221,2.3858,-25.1,14.1,255.7,15,5,190,0.33216,0.139223,-0.9321,0,,mesure_experimentale
iodp_remanence_393_10672849,393,U1558,D,CUBE11639281,2.64738,-27.3,338.7,265.47,14,5,160,0.364219,0.137577,-0.9692,0,,mesure_experimentale
iodp_remanence_393_10672849,393,U1558,D,CUBE11639331,1.62365,-24.7,333.0,268.75,12,5,100,0.279485,0.172134,-1.0000,3,-0.5000,mesure_experimentale
iodp_remanence_393_10672849,393,U1558,D,CUBE11639521,1.35461,3.2,326.6,279.8,13,5,130,0.230127,0.169884,-0.9890,3,-0.5000,mesure_experimentale
iodp_remanence_393_10672849,393,U1558,D,CUBE11639531,1.7832,49.9,305.4,283.72,9,5,35,1.36403,0.764937,-0.9000,0,,mesure_experimentale
iodp_remanence_393_10672849,393,U1558,D,CUBE11639591,1.9627,-13.5,26.9,284.28,13,5,130,0.196514,0.100125,-0.9945,31,0.7153,mesure_experimentale
iodp_remanence_393_10672849,393,U1558,D,CUBE11639601,0.498552,31.5,352.6,288.73,26,5,580,0.084133,0.168755,-0.9193,0,,mesure_experimentale
iodp_remanence_393_10672849,393,U1558,D,CUBE11639631,0.983314,-38.2,61.0,298.52,13,5,130,0.109524,0.111383,-0.9945,3,-0.5000,mesure_experimentale
iodp_remanence_393_10672849,393,U1558,D,CUBE11639661,0.064929,3.8,76.9,302.83,23,5,580,0.149167,2.29739,-0.0158,0,,mesure_experimentale
iodp_remanence_393_10672849,393,U1558,D,CUBE11639671,1.44032,0.3,346.7,317.69,13,5,130,0.302219,0.209828,-0.9066,31,0.7347,mesure_experimentale
iodp_remanence_393_10672849,393,U1583,C,CUBE11649381,0.019236,-1.0,211.5,1.98,52,5,130,0.00095,0.0493866,-0.9889,120,0.7244,mesure_experimentale
iodp_remanence_393_10672849,393,U1583,C,CUBE11649431,0.004092,-65.2,69.8,7.61,36,5,130,0.001954,0.477517,-0.9737,0,,mesure_experimentale
iodp_remanence_393_10672849,393,U1583,C,CUBE11650521,0.003415,19.4,296.6,11.8,32,5,40,0.000661,0.193558,-0.7830,120,0.7472,mesure_experimentale
iodp_remanence_393_10672849,393,U1583,C,CUBE11650531,0.004145,-13.8,111.8,14.87,48,5,100,0.001024,0.247045,-0.9592,0,,mesure_experimentale
iodp_remanence_393_10672849,393,U1558,D,CUBE11652061,1.30599,12.7,344.8,352.74,8,5,100,0.288364,0.2208,-0.9762,3,-0.5000,mesure_experimentale
iodp_remanence_393_10672849,393,U1558,D,CUBE11652081,1.36114,-6.9,23.9,355.99,8,5,100,0.303574,0.223029,-0.9762,3,-0.5000,mesure_experimentale
iodp_remanence_393_10672849,393,U1558,D,CUBE11652101,0.75381,6.7,347.7,361.33,22,5,580,0.096376,0.127852,-0.9401,0,,mesure_experimentale
iodp_remanence_393_10672849,393,U1558,D,CUBE11652121,0.765372,-18.0,166.9,366.34,9,5,100,0.10272,0.134209,-0.4333,3,-0.5000,mesure_experimentale
iodp_remanence_393_10672849,393,U1558,D,CUBE11652131,0.68085,0.2,169.5,332.905,11,5,80,0.174852,0.256814,-0.7909,3,0.5000,mesure_experimentale
iodp_remanence_393_10672849,393,U1558,D,CUBE11652211,1.47678,-43.3,7.1,337.28,12,5,100,0.467315,0.316442,-0.8462,3,-0.5000,mesure_experimentale
iodp_remanence_393_10672849,393,U1558,D,CUBE11652281,0.653794,20.2,15.0,342.26,11,5,80,0.126574,0.193599,-0.9909,3,-0.5000,mesure_experimentale
iodp_remanence_393_10672849,393,U1558,D,CUBE11652361,1.59255,15.2,5.7,346.17,13,5,130,0.159,0.0998398,-0.9835,3,-0.5000,mesure_experimentale
iodp_remanence_393_10672849,393,U1583,C,CUBE11652451,0.010787,-1.0,204.9,20.38,21,5,60,0.001258,0.116622,-0.9636,0,,mesure_experimentale
iodp_remanence_393_10672849,393,U1583,C,CUBE11652641,0.00125,5.4,241.9,22.45,21,5,60,0.001115,0.892,-0.9636,90,0.7578,mesure_experimentale
iodp_remanence_393_10672849,393,U1583,C,CUBE11653371,0.002108,-33.2,209.8,35.88,28,5,60,0.000702,0.333017,-0.1910,0,,mesure_experimentale
iodp_remanence_393_10672849,393,U1583,C,CUBE11653391,0.008928,15.8,174.1,31.11,28,5,60,0.001031,0.115479,-0.9617,0,,mesure_experimentale
iodp_remanence_393_10672849,393,U1583,C,CUBE11653731,0.011105,17.0,181.9,37.25,28,5,60,0.001216,0.1095,-0.9617,120,0.7652,mesure_experimentale
iodp_remanence_393_10672849,393,U1583,C,CUBE11653741,0.006651,7.2,184.2,43.86,21,5,60,0.000717,0.107803,-0.9636,0,,mesure_experimentale
iodp_remanence_393_10672849,393,U1583,C,CUBE11654421,0.011278,-19.7,158.0,49.11,24,5,80,0.001371,0.121564,-0.9722,0,,mesure_experimentale
iodp_remanence_393_10672849,393,U1583,C,CUBE11654431,0.003259,-30.8,296.3,52.72,27,5,100,0.000414,0.127033,-0.9615,0,,mesure_experimentale
iodp_remanence_393_10672849,393,U1583,C,CUBE11655051,0.001172,22.7,302.8,57.45,27,5,80,0.001033,0.881399,-0.7009,90,0.7729,mesure_experimentale
iodp_remanence_393_10672849,393,U1583,C,CUBE11655061,0.002592,-27.2,114.1,62.95,32,5,80,0.001054,0.406636,-0.7595,0,,mesure_experimentale
iodp_remanence_393_10672849,393,U1583,C,CUBE11656001,0.006774,-37.5,20.3,66.46,24,5,80,0.000882,0.130204,-0.9722,90,0.7579,mesure_experimentale
iodp_remanence_393_10672849,393,U1583,C,CUBE11656011,0.004492,-37.0,11.6,71.06,36,5,100,0.00042,0.0934996,-0.9768,0,,mesure_experimentale
iodp_remanence_393_10672849,393,U1583,C,CUBE11656751,0.003976,-6.9,186.2,76.0,24,5,80,0.00104,0.261569,-0.7609,0,,mesure_experimentale
iodp_remanence_393_10672849,393,U1583,C,CUBE11656761,0.010408,-10.8,161.6,81.74,36,5,100,0.001566,0.150461,-0.9604,0,,mesure_experimentale
iodp_remanence_393_10672849,393,U1583,C,CUBE11657481,0.007554,12.4,170.0,84.72,24,5,80,0.00071,0.0939899,-0.9722,90,0.7717,mesure_experimentale
iodp_remanence_393_10672849,393,U1583,C,CUBE11657491,0.002202,-8.0,181.8,90.56,32,5,80,0.000241,0.109446,-0.9003,0,,mesure_experimentale
iodp_remanence_393_10672849,393,U1583,C,CUBE11657911,6.17719,-42.8,153.6,105.63,48,5,100,0.105986,0.0171576,-0.9870,0,,mesure_experimentale
iodp_remanence_393_10672849,393,U1583,C,CUBE11657931,0.002106,-2.4,176.8,94.09,28,5,60,0.000257,0.122032,-0.9267,0,,mesure_experimentale
iodp_remanence_393_10672849,393,U1583,C,CUBE11657971,0.005698,-16.1,318.5,99.14,36,5,100,0.00063,0.110565,-0.9768,120,0.7618,mesure_experimentale
iodp_remanence_393_10672849,393,U1583,C,CUBE11658101,0.004805,-5.9,218.9,106.01,16,5,20,0.000231,0.0480749,0.2471,0,,mesure_experimentale
iodp_remanence_393_10672849,393,U1583,C,CUBE11658111,0.004669,-14.8,213.4,109.61,24,5,30,0.000528,0.113086,-0.8922,0,,mesure_experimentale
iodp_remanence_393_10672849,393,U1583,F,CUBE11660401,0.001303,37.0,27.4,106.17,8,5,80,0.000317,0.243285,-0.9762,0,,mesure_experimentale
iodp_remanence_393_10672849,393,U1583,F,CUBE11662051,2.44415,14.7,123.8,111.25,9,5,60,0.190329,0.0778713,-1.0000,30,0.8171,mesure_experimentale
iodp_remanence_393_10672849,393,U1583,F,CUBE11662071,7.49618,12.6,169.8,115.22,7,5,40,0.285211,0.0380475,-1.0000,31,0.8121,mesure_experimentale
iodp_remanence_393_10672849,393,U1583,F,CUBE11662091,7.16054,4.1,174.3,118.98,7,5,40,0.190036,0.0265393,-0.9643,30,0.8091,mesure_experimentale
iodp_remanence_393_10672849,393,U1583,F,CUBE11663551,1.254,14.9,174.0,119.98,9,5,100,0.076218,0.0607799,-1.0000,9,0.2833,mesure_experimentale
iodp_remanence_393_10672849,393,U1583,F,CUBE11663561,1.52501,-39.2,215.9,122.88,12,5,190,0.19693,0.129134,-1.0000,32,0.4732,mesure_experimentale
iodp_remanence_393_10672849,393,U1583,F,CUBE11665151,11.6959,-45.0,168.5,134.69,7,5,60,0.698012,0.0596802,-1.0000,9,0.3333,mesure_experimentale
iodp_remanence_393_10672849,393,U1583,F,CUBE11665201,1.73622,-4.7,237.2,148.89,11,5,160,0.173104,0.0997019,-0.9727,31,0.6274,mesure_experimentale
iodp_remanence_393_10672849,393,U1583,F,CUBE11665221,2.11342,1.2,237.8,155.47,12,5,190,0.25819,0.122167,-0.9930,9,-0.5333,mesure_experimentale
iodp_remanence_393_10672849,393,U1583,F,CUBE11665231,8.62718,-18.8,134.1,157.07,7,5,60,0.829522,0.0961521,-1.0000,31,0.8472,mesure_experimentale
iodp_remanence_393_10672849,393,U1583,F,CUBE11666731,12.7032,39.5,133.8,159.48,8,5,80,0.720377,0.0567081,-1.0000,9,0.3500,mesure_experimentale
iodp_remanence_393_10672849,393,U1583,F,CUBE11666761,3.30175,-62.1,159.9,163.15,8,5,80,0.301442,0.0912977,-0.9286,31,0.7778,mesure_experimentale
iodp_remanence_393_10672849,393,U1583,F,CUBE11667601,1.74587,-57.6,158.6,167.35,10,5,100,0.17428,0.0998244,-0.9636,9,0.1167,mesure_experimentale
iodp_remanence_393_10672849,393,U1583,F,CUBE11667631,1.71636,-3.9,196.7,182.87,13,5,190,0.278622,0.162333,-0.9780,0,,mesure_experimentale
iodp_remanence_393_10672849,393,U1583,F,CUBE11667681,1.90369,-27.3,212.6,191.08,12,5,190,0.183525,0.096405,-0.9790,31,0.6694,mesure_experimentale
iodp_remanence_393_10672849,393,U1583,F,CUBE11667761,1.45242,4.2,159.8,174.315,10,5,130,0.149452,0.102898,-1.0000,31,0.7629,mesure_experimentale
iodp_remanence_393_10672849,393,U1583,F,CUBE11667771,1.06662,23.2,167.9,196.1,12,5,190,0.177529,0.16644,-1.0000,31,0.6278,mesure_experimentale
iodp_remanence_393_10672849,393,U1583,F,CUBE11668001,0.252271,-35.8,168.8,200.78,10,5,130,0.090504,0.358757,-1.0000,0,,mesure_experimentale
iodp_remanence_393_10672849,393,U1583,F,CUBE11668021,1.18752,16.5,280.3,206.45,10,5,130,0.126281,0.10634,-0.9879,31,0.7185,mesure_experimentale
iodp_remanence_393_10672849,393,U1583,F,CUBE11668031,1.7427,-10.4,221.5,215.55,11,5,160,0.168823,0.0968741,-1.0000,31,0.6734,mesure_experimentale
iodp_remanence_393_10672849,393,U1583,F,CUBE11668041,1.94361,-7.7,157.6,234.94,10,5,130,0.164358,0.0845631,-1.0000,9,-0.0667,mesure_experimentale
iodp_remanence_393_10672849,393,U1560,B,CUBE11670911,1.49133,-9.7,306.1,128.98,12,5,190,0.108625,0.0728379,-0.8811,31,0.5996,mesure_experimentale
iodp_remanence_393_10672849,393,U1560,B,CUBE11670941,1.01538,-38.8,312.4,132.1,12,5,190,0.172573,0.169959,-0.8601,31,0.6266,mesure_experimentale
iodp_remanence_393_10672849,393,U1560,B,CUBE11672421,0.814179,69.5,10.6,133.52,12,5,160,0.088758,0.109015,-0.9510,31,0.7294,mesure_experimentale
iodp_remanence_393_10672849,393,U1560,B,CUBE11672441,1.85909,10.1,300.2,136.82,20,0,580,0.019164,0.0103082,-0.9624,0,,mesure_experimentale
iodp_remanence_393_10672849,393,U1560,B,CUBE11674331,0.849717,-36.0,49.1,139.06,10,5,130,0.073145,0.0860816,-0.9515,31,0.7669,mesure_experimentale
iodp_remanence_393_10672849,393,U1560,B,CUBE11674341,0.981801,4.1,306.3,142.94,22,0,580,0.090014,0.0916825,0.1440,31,0.8129,mesure_experimentale
iodp_remanence_393_10672849,393,U1560,B,CUBE11674351,0.907597,1.1,289.2,144.31,20,0,580,0.073547,0.0810349,-0.0060,9,0.5167,mesure_experimentale
iodp_remanence_393_10672849,393,U1560,B,CUBE11675541,0.511701,-60.1,292.0,158.39,11,5,160,0.038364,0.0749735,-0.9909,31,0.6806,mesure_experimentale
iodp_remanence_393_10672849,393,U1560,B,CUBE11675591,0.438114,8.4,81.5,163.04,12,5,190,0.148328,0.33856,-0.9930,31,0.6137,mesure_experimentale
iodp_remanence_393_10672849,393,U1560,B,CUBE11675601,0.775983,-31.8,209.3,167.55,9,5,100,0.066822,0.0861127,-1.0000,9,0.0333,mesure_experimentale
iodp_remanence_393_10672849,393,U1560,B,CUBE11676261,1.26488,13.9,207.4,185.33,17,0,580,0.021713,0.017166,-0.9681,0,,mesure_experimentale
iodp_remanence_393_10672849,393,U1560,B,CUBE11676301,1.99217,6.2,203.4,191.95,10,5,130,0.139974,0.0702622,-1.0000,31,0.7496,mesure_experimentale
iodp_remanence_393_10672849,393,U1560,B,CUBE11676311,1.3209,-2.2,197.3,195.96,10,5,130,0.114367,0.0865829,-1.0000,31,0.7407,mesure_experimentale
iodp_remanence_393_10672849,393,U1560,B,CUBE11679011,0.908744,4.0,211.5,199.86,11,5,160,0.093589,0.102987,-1.0000,31,0.6907,mesure_experimentale
iodp_remanence_393_10672849,393,U1560,B,CUBE11679051,0.659131,11.4,172.6,212.73,11,5,160,0.091015,0.138083,-1.0000,31,0.6415,mesure_experimentale
iodp_remanence_393_10672849,393,U1560,B,CUBE11679071,1.1427,3.2,198.1,213.25,11,5,160,0.138264,0.120997,-1.0000,8,-0.4286,mesure_experimentale
iodp_remanence_393_10672849,393,U1560,B,CUBE11679081,8.89613,-1.3,183.0,213.45,6,5,40,0.2783,0.0312833,-1.0000,9,0.3833,mesure_experimentale
iodp_remanence_393_10672849,393,U1560,B,CUBE11682131,1.12479,29.8,153.9,216.87,12,5,190,0.193934,0.172417,-1.0000,30,0.4349,mesure_experimentale
iodp_remanence_393_10672849,393,U1560,B,CUBE11682161,2.22033,-0.4,208.8,225.0,9,5,100,0.122991,0.0553931,-1.0000,30,0.8087,mesure_experimentale
iodp_remanence_393_10672849,393,U1560,B,CUBE11684101,1.32227,5.4,167.0,234.94,10,5,130,0.10613,0.0802635,-1.0000,31,0.7726,mesure_experimentale
iodp_remanence_393_10672849,393,U1560,B,CUBE11684111,4.19662,12.1,192.3,244.7,10,5,130,0.285887,0.0681232,-1.0000,9,0.0333,mesure_experimentale
iodp_remanence_393_10672849,393,U1560,B,CUBE11684161,0.149496,-6.8,179.5,254.23,13,105,580,0.085824,0.574089,-0.6209,0,,mesure_experimentale
iodp_remanence_393_10672849,393,U1560,B,CUBE11684201,0.390829,-5.2,152.8,258.86,12,5,190,0.074276,0.190047,-0.9580,31,0.4843,mesure_experimentale
iodp_remanence_393_10672849,393,U1560,B,CUBE11684511,8.71698,-26.5,177.2,265.17,9,5,100,0.577023,0.0661953,-1.0000,9,0.1833,mesure_experimentale
iodp_remanence_393_10672849,393,U1560,B,CUBE11684521,5.21795,-25.1,182.3,265.21,9,5,100,0.498618,0.0955583,-1.0000,31,0.8073,mesure_experimentale
iodp_remanence_393_10672849,393,U1560,B,CUBE11684591,3.68294,5.9,148.9,288.4,12,5,190,0.373932,0.101531,-1.0000,9,-0.4333,mesure_experimentale
iodp_remanence_393_10672849,393,U1560,B,CUBE11684621,1.25523,3.2,150.4,288.47,12,5,190,0.362085,0.288462,-1.0000,31,0.6044,mesure_experimentale
iodp_remanence_393_10672849,393,U1560,B,CUBE11684661,1.24347,-22.1,333.7,311.64,12,5,190,0.213766,0.171911,-0.9091,9,-0.6333,mesure_experimentale
iodp_remanence_393_10672849,393,U1560,C,CUBE11690311,0.012677,14.8,54.3,3.09,52,5,130,0.001162,0.0916621,-0.9889,0,,mesure_experimentale
iodp_remanence_393_10672849,393,U1560,C,CUBE11690331,0.028995,15.5,49.8,5.78,52,5,130,0.005641,0.194551,-0.9834,0,,mesure_experimentale
iodp_remanence_393_10672849,393,U1560,C,CUBE11692231,0.020135,-18.9,143.2,8.55,39,5,160,0.001579,0.0784207,-0.9840,93,0.7579,mesure_experimentale
iodp_remanence_393_10672849,393,U1560,C,CUBE11692641,0.003721,-43.8,165.6,16.27,48,5,130,0.000849,0.228164,-0.9800,0,,mesure_experimentale
iodp_remanence_393_10672849,393,U1560,C,CUBE11693261,0.009521,-4.7,57.6,20.71,39,5,130,0.004485,0.471064,-0.9403,0,,mesure_experimentale
iodp_remanence_393_10672849,393,U1560,C,CUBE11693281,0.000863,-57.2,109.4,26.31,44,5,100,0.000619,0.717265,-0.2538,0,,mesure_experimentale
iodp_remanence_393_10672849,393,U1560,C,CUBE11695481,0.002955,-24.0,157.3,31.37,36,5,130,0.000212,0.0717428,-0.9876,93,0.7544,mesure_experimentale
iodp_remanence_393_10672849,393,U1560,C,CUBE11695711,0.00305,-19.3,135.1,35.83,48,5,130,0.000503,0.164918,-0.9592,0,,mesure_experimentale
iodp_remanence_393_10672849,393,U1560,C,CUBE11697191,0.001702,-44.7,115.5,40.43,52,5,160,0.000255,0.149824,-0.9834,124,0.8018,mesure_experimentale
iodp_remanence_393_10672849,393,U1560,C,CUBE11697231,0.003646,-43.9,122.9,44.72,52,5,160,0.000798,0.21887,-0.9725,0,,mesure_experimentale
iodp_remanence_393_10672849,393,U1560,C,CUBE11699451,0.006055,-44.6,227.0,48.24,48,5,130,0.00108,0.178365,-0.9731,124,0.7938,mesure_experimentale
iodp_remanence_393_10672849,393,U1560,C,CUBE11699461,0.001934,-48.6,159.6,52.72,48,5,130,0.001128,0.583247,-0.7994,0,,mesure_experimentale
iodp_remanence_393_10672849,393,U1560,C,CUBE11700161,0.004719,-69.9,34.9,57.68,33,5,130,0.000717,0.151939,-0.9582,93,0.8047,mesure_experimentale
iodp_remanence_393_10672849,393,U1560,C,CUBE11700331,0.005148,-28.8,42.5,69.59,44,5,130,0.001897,0.368493,-0.8853,0,,mesure_experimentale
iodp_remanence_393_10672849,393,U1560,C,CUBE11700341,0.005053,-31.2,61.1,74.1,44,5,130,0.002629,0.520285,-0.6778,0,,mesure_experimentale
iodp_remanence_393_10672849,393,U1560,C,CUBE11700461,0.007965,-13.6,39.9,78.6,27,5,80,0.001339,0.16811,-0.9615,93,0.7945,mesure_experimentale
iodp_remanence_393_10672849,393,U1560,C,CUBE11700481,0.00463,0.1,43.6,82.15,36,5,80,0.001268,0.273866,-0.8945,0,,mesure_experimentale
iodp_remanence_393_10672849,393,U1560,C,CUBE11700651,0.007937,-13.2,195.6,90.1,30,5,100,0.000775,0.0976439,-0.8861,93,0.7941,mesure_experimentale
iodp_remanence_393_10672849,393,U1560,C,CUBE11700671,0.008381,-28.1,199.9,93.13,33,5,130,0.000929,0.110846,-0.9853,0,,mesure_experimentale
iodp_remanence_393_10672849,393,U1560,C,CUBE11700881,0.008727,14.9,3.8,96.84,21,5,50,0.000967,0.110806,-0.9636,93,0.7969,mesure_experimentale
iodp_remanence_393_10672849,393,U1560,C,CUBE11700931,0.00653,-39.0,322.7,103.16,40,5,100,0.000899,0.137672,-0.9452,0,,mesure_experimentale
iodp_remanence_393_10672849,393,U1560,C,CUBE11701071,0.010967,20.1,189.5,105.38,27,5,80,0.000897,0.0817908,-0.9780,0,,mesure_experimentale
iodp_remanence_393_10672849,393,U1560,C,CUBE11701091,0.003789,22.1,326.5,111.95,30,5,100,0.000395,0.104249,-0.9822,0,,mesure_experimentale
iodp_remanence_393_10672849,393,U1560,C,CUBE11701221,0.009131,5.4,306.9,114.72,44,5,80,0.000989,0.108312,-0.9845,124,0.7959,mesure_experimentale
iodp_remanence_393_10672849,393,U1560,C,CUBE11701251,0.010654,11.9,327.5,120.71,36,5,100,0.000555,0.0520931,-0.9876,93,0.7881,mesure_experimentale
iodp_remanence_393_10672849,393,U1583,F,OTHR11667751,0.146193,30.7,227.5,173.2,11,5,190,0.028718,0.196439,-0.9909,30,0.6316,mesure_experimentale
iodp_remanence_393_10672849,393,U1583,F,OTHR11667901,0.252522,-36.4,329.8,205.98,11,5,190,0.025225,0.0998923,-1.0000,30,0.6360,mesure_experimentale
iodp_remanence_395_15054674,395,U1564,D,CUBE12455911,0.09593,5.1,158.8,470.46,30,6,80,0.031393,0.327249,-0.7299,0,,mesure_experimentale
iodp_remanence_395_15054674,395,U1564,D,CUBE12455981,0.276658,-1.0,172.2,483.28,40,6,80,0.004696,0.016974,-0.8612,0,,mesure_experimentale
iodp_remanence_395_15054674,395,U1564,D,CUBE12456051,0.129999,-23.6,216.7,492.61,40,6,80,0.015434,0.118724,-0.8492,0,,mesure_experimentale
iodp_remanence_395_15054674,395,U1564,D,CUBE12457411,0.082584,-32.6,101.2,501.06,36,6,80,0.040159,0.486281,-0.6803,0,,mesure_experimentale
iodp_remanence_395_15054674,395,U1564,D,CUBE12458271,0.499556,-17.3,171.5,510.65,27,6,80,0.021486,0.0430102,-0.9780,0,,mesure_experimentale
iodp_remanence_395_15054674,395,U1564,D,CUBE12458281,0.172299,7.2,165.4,512.37,32,6,80,0.020992,0.121835,-0.4545,0,,mesure_experimentale
iodp_remanence_395_15054674,395,U1564,D,CUBE12458601,0.543138,0.2,182.2,517.07,27,6,80,0.019478,0.035862,-0.9780,0,,mesure_experimentale
iodp_remanence_395_15054674,395,U1564,D,CUBE12458611,0.274424,6.0,177.9,522.22,32,6,80,0.013293,0.0484396,-0.9707,0,,mesure_experimentale
iodp_remanence_395_15054674,395,U1564,D,CUBE12459381,0.166128,-8.9,184.1,529.9,36,6,80,0.005964,0.0359,-0.6309,0,,mesure_experimentale
iodp_remanence_395_15054674,395,U1564,D,CUBE12459391,0.074963,-4.3,195.1,534.29,32,6,80,0.006317,0.0842682,-0.7126,0,,mesure_experimentale
iodp_remanence_395_15054674,395,U1564,D,CUBE12460001,0.198732,-6.6,180.7,539.64,20,6,25,0.006316,0.0317815,-0.9248,0,,mesure_experimentale
iodp_remanence_395_15054674,395,U1564,D,CUBE12460011,0.040234,16.6,184.3,544.74,40,6,80,0.007721,0.191902,-0.4555,0,,mesure_experimentale
iodp_remanence_395_15054674,395,U1564,D,CUBE12460271,0.114055,0.1,175.3,549.77,24,6,25,0.011456,0.100443,-0.9078,0,,mesure_experimentale
iodp_remanence_395_15054674,395,U1564,D,CUBE12460281,0.043316,2.8,173.0,552.5,28,6,40,0.007164,0.165389,-0.5052,0,,mesure_experimentale
iodp_remanence_395_15054674,395,U1564,D,CUBE12460871,0.079581,-11.5,162.5,556.3,27,6,80,0.009689,0.12175,-0.5165,0,,mesure_experimentale
iodp_remanence_395_15054674,395,U1564,D,CUBE12460891,0.256768,-22.8,192.4,561.01,40,6,80,0.022396,0.0872227,-0.5659,0,,mesure_experimentale
iodp_remanence_395_15054674,395,U1564,D,CUBE12461751,0.243145,47.7,42.7,567.36,30,5,80,0.058906,0.242267,-0.9101,0,,mesure_experimentale
iodp_remanence_395_15054674,395,U1564,D,CUBE12461761,0.163493,-31.1,270.9,574.21,30,5,80,0.045518,0.278409,-0.7900,0,,mesure_experimentale
iodp_remanence_395_15054674,395,U1564,D,CUBE12462571,0.187639,-19.6,184.9,577.46,30,5,80,0.006456,0.0344065,-0.9702,0,,mesure_experimentale
iodp_remanence_395_15054674,395,U1564,D,CUBE12462581,0.510589,25.8,199.7,579.44,40,5,80,0.016445,0.0322079,-0.9452,0,,mesure_experimentale
iodp_remanence_395_15054674,395,U1564,D,CUBE12463191,0.296431,-45.3,144.1,590.51,40,5,80,0.020385,0.0687681,-0.4169,0,,mesure_experimentale
iodp_remanence_395_15054674,395,U1564,D,CUBE12463871,0.303172,-10.8,188.0,598.06,40,5,80,0.009667,0.0318862,-0.9812,0,,mesure_experimentale
iodp_remanence_395_15054674,395,U1564,D,CUBE12464441,0.952125,-8.7,187.9,604.74,30,5,80,0.045012,0.0472753,-0.9822,0,,mesure_experimentale
iodp_remanence_395_15054674,395,U1564,D,CUBE12465011,0.086682,-28.1,126.9,617.41,40,5,80,0.004486,0.0517524,-0.7171,0,,mesure_experimentale
iodp_remanence_395_15054674,395,U1564,D,CUBE12465331,0.12823,-5.4,180.1,627.28,40,5,80,0.002165,0.0168837,-0.9812,0,,mesure_experimentale
iodp_remanence_395_15054674,395,U1564,D,CUBE12465471,0.09328,-15.9,189.2,633.5,30,5,80,0.004775,0.05119,-0.9101,0,,mesure_experimentale
iodp_remanence_395_15054674,395,U1564,D,CUBE12465481,0.119741,69.3,217.0,643.72,30,5,80,0.008709,0.072732,-0.6699,0,,mesure_experimentale
iodp_remanence_395_15054674,395,U1602,B,CUBE12518111,0.451929,11.6,177.4,4.6,63,5,100,0.021501,0.0475761,-0.7742,9,0.0167,mesure_experimentale
iodp_remanence_395_15054674,395,U1602,B,CUBE12519411,0.415417,-0.7,150.8,10.33,44,5,100,0.022318,0.0537243,-0.9845,0,,mesure_experimentale
iodp_remanence_395_15054674,395,U1602,B,CUBE12520401,0.786745,14.5,162.7,19.97,80,5,100,0.069155,0.0879001,-0.8831,12,0.9021,mesure_experimentale
iodp_remanence_395_15054674,395,U1602,B,CUBE12521391,0.299136,-2.0,160.2,29.48,44,5,100,0.030396,0.101613,-0.9845,0,,mesure_experimentale
iodp_remanence_395_15054674,395,U1602,B,CUBE12521881,0.319753,-13.6,170.9,36.51,76,5,100,0.019927,0.06232,-0.8004,12,0.2867,mesure_experimentale
iodp_remanence_395_15054674,395,U1602,B,CUBE12522921,0.471714,-8.5,177.4,48.52,44,5,100,0.041673,0.0883438,-0.9845,0,,mesure_experimentale
iodp_remanence_395_15054674,395,U1602,B,CUBE12523641,0.375976,-3.7,181.7,53.44,57,5,80,0.046146,0.122737,-0.7874,9,0.7667,mesure_experimentale
iodp_remanence_395_15054674,395,U1602,B,CUBE12524381,0.594136,-11.4,157.8,64.21,44,5,100,0.061956,0.104279,-0.9845,0,,mesure_experimentale
iodp_remanence_395_15054674,395,U1602,B,CUBE12525731,0.652073,0.4,354.5,79.98,80,5,100,0.136299,0.209024,-0.8672,12,0.2867,mesure_experimentale
iodp_remanence_395_15054674,395,U1602,B,CUBE12526781,0.459932,-3.9,356.9,88.38,44,5,100,0.120989,0.263058,-0.9755,0,,mesure_experimentale
iodp_remanence_395_15054674,395,U1602,B,CUBE12526791,0.099557,-25.4,161.6,83.67,44,5,100,0.021254,0.213486,-0.9304,0,,mesure_experimentale
iodp_remanence_395_15054674,395,U1602,B,CUBE12527291,0.406341,-4.4,169.9,94.66,76,5,80,0.040028,0.0985084,-0.6702,12,0.9021,mesure_experimentale
iodp_remanence_395_15054674,395,U1602,B,CUBE12527301,0.14031,-0.9,187.1,99.33,15,5,25,0.009619,0.0685553,-0.9286,0,,mesure_experimentale
iodp_remanence_395_15054674,395,U1602,B,CUBE12528081,0.45923,33.4,332.5,102.87,44,5,100,0.129271,0.281495,-0.9755,0,,mesure_experimentale
iodp_remanence_395_15054674,395,U1602,B,CUBE12528101,0.197037,-21.8,147.0,108.8,40,5,80,0.027622,0.140187,-0.9692,0,,mesure_experimentale
iodp_remanence_395_15054674,395,U1602,B,CUBE12528301,0.268369,20.6,197.8,110.89,63,5,100,0.031706,0.118143,-0.8243,9,-0.4333,mesure_experimentale
iodp_remanence_395_15054674,395,U1602,B,CUBE12528311,0.488939,3.3,358.5,116.34,44,5,100,0.09843,0.201313,-0.9755,0,,mesure_experimentale
iodp_remanence_395_15054674,395,U1602,B,CUBE12529071,0.369955,-24.8,339.4,121.54,33,5,100,0.066751,0.18043,-0.9853,0,,mesure_experimentale
iodp_remanence_395_15054674,395,U1602,B,CUBE12529081,0.232628,-4.6,321.0,127.59,44,5,100,0.054394,0.233824,-0.9845,0,,mesure_experimentale
iodp_remanence_395_15054674,395,U1602,B,CUBE12529351,0.572594,-3.2,328.0,129.94,33,5,100,0.106833,0.186577,-0.9853,0,,mesure_experimentale
iodp_remanence_395_15054674,395,U1602,B,CUBE12529361,0.191008,-0.1,309.1,135.21,84,5,100,0.036073,0.188856,-0.8747,12,0.8741,mesure_experimentale
iodp_remanence_395_15054674,395,U1602,B,CUBE12530691,0.184925,-43.6,322.8,138.96,33,5,100,0.066671,0.36053,-0.9311,0,,mesure_experimentale
iodp_remanence_395_15054674,395,U1602,B,CUBE12530701,0.875592,-16.6,318.4,144.88,44,5,100,0.127964,0.146146,-0.9845,0,,mesure_experimentale
iodp_remanence_395_15054674,395,U1602,B,CUBE12531581,0.228829,25.0,317.9,149.97,63,5,100,0.063545,0.277696,-0.8299,9,0.7667,mesure_experimentale
iodp_remanence_395_15054674,395,U1602,B,CUBE12531591,0.257967,-66.1,342.0,155.69,33,5,100,0.046723,0.18112,-0.9582,0,,mesure_experimentale
iodp_remanence_395_15054674,395,U1602,B,CUBE12531751,0.312506,0.7,352.3,157.84,63,5,100,0.090965,0.291082,-0.8994,9,0.9167,mesure_experimentale
iodp_remanence_395_15054674,395,U1602,B,CUBE12531761,0.56798,17.8,10.8,164.02,33,5,100,0.120313,0.211826,-0.9763,0,,mesure_experimentale
iodp_remanence_395_15054674,395,U1602,B,CUBE12531811,0.141356,-55.8,352.6,168.86,33,5,100,0.012918,0.0913863,-0.9582,0,,mesure_experimentale
iodp_remanence_395_15054674,395,U1602,B,CUBE12531821,0.207989,-25.3,2.0,169.69,33,5,100,0.010206,0.0490699,-0.9853,0,,mesure_experimentale
iodp_remanence_395_15054674,395,U1602,B,CUBE12531831,0.233431,-4.5,346.8,170.89,33,5,100,0.030178,0.12928,-0.9763,0,,mesure_experimentale
iodp_remanence_395_15054674,395,U1602,B,CUBE12531841,0.152787,64.1,26.9,173.05,63,5,100,0.033317,0.218062,-0.8618,9,0.0167,mesure_experimentale
iodp_remanence_395_15054674,395,U1602,B,CUBE12532131,0.439048,-7.4,0.6,177.04,33,5,100,0.043973,0.100155,-0.9779,0,,mesure_experimentale
iodp_remanence_395_15054674,395,U1602,B,CUBE12532141,0.063244,0.9,347.8,182.61,44,5,100,0.01379,0.218044,-0.9755,0,,mesure_experimentale
iodp_remanence_395_15054674,395,U1602,B,CUBE12532711,0.398555,7.8,170.3,187.53,63,5,100,0.03062,0.0768275,-0.8657,9,0.9167,mesure_experimentale
iodp_remanence_395_15054674,395,U1602,B,CUBE12533241,0.969926,-16.1,195.1,195.5,33,5,100,0.109015,0.112395,-0.9853,0,,mesure_experimentale
iodp_remanence_395_15054674,395,U1602,B,CUBE12533251,0.353666,-1.5,177.7,200.33,33,5,100,0.017642,0.0498832,-0.9853,0,,mesure_experimentale
iodp_remanence_395_15054674,395,U1602,B,CUBE12534171,0.260323,-9.2,182.8,204.8,33,5,100,0.009407,0.0361359,-0.9853,0,,mesure_experimentale
iodp_remanence_395_15054674,395,U1602,B,CUBE12534181,0.103686,73.8,236.3,212.08,40,5,100,0.03306,0.318847,-0.9343,0,,mesure_experimentale
iodp_remanence_395_15054674,395,U1602,B,CUBE12534481,0.400565,-10.9,322.7,213.61,33,5,100,0.019985,0.049892,-0.9763,0,,mesure_experimentale
iodp_remanence_395_15054674,395,U1602,B,CUBE12534491,0.069923,-37.7,307.5,220.37,44,5,100,0.018055,0.258213,-0.9684,0,,mesure_experimentale
iodp_remanence_395_15054674,395,U1602,B,CUBE12535091,0.337151,26.6,347.6,225.15,44,5,100,0.051592,0.153023,-0.9755,0,,mesure_experimentale
iodp_remanence_395_15054674,395,U1602,B,CUBE12535101,0.387315,28.5,339.6,231.68,33,5,100,0.055251,0.142651,-0.9853,0,,mesure_experimentale
iodp_remanence_395_15054674,395,U1602,B,CUBE12535441,0.225934,26.9,32.5,234.52,30,5,100,0.047191,0.208871,-0.9822,0,,mesure_experimentale
iodp_remanence_395_15054674,395,U1602,B,CUBE12535451,0.100279,17.2,309.8,240.54,44,5,100,0.03131,0.312229,-0.9707,0,,mesure_experimentale
iodp_remanence_395_15054674,395,U1602,B,CUBE12536071,0.306351,6.4,15.2,243.81,44,5,100,0.042896,0.140022,-0.9755,0,,mesure_experimentale
iodp_remanence_395_15054674,395,U1602,B,CUBE12536081,0.13159,-79.3,26.1,250.22,33,5,100,0.018632,0.141591,-0.9763,0,,mesure_experimentale
iodp_remanence_395_15054674,395,U1602,C,CUBE12543731,0.181712,8.7,211.6,243.93,33,5,100,0.013778,0.0758233,-0.9853,0,,mesure_experimentale
iodp_remanence_395_15054674,395,U1602,C,CUBE12543741,0.118685,34.5,120.4,248.4,33,5,100,0.016833,0.141829,-0.9763,0,,mesure_experimentale
iodp_remanence_395_15054674,395,U1602,C,CUBE12544831,0.125658,64.6,36.8,252.73,33,5,100,0.020676,0.164542,-0.9763,0,,mesure_experimentale
iodp_remanence_395_15054674,395,U1602,C,CUBE12544841,0.286892,21.8,165.8,257.27,33,5,100,0.011372,0.0396386,-0.9853,0,,mesure_experimentale
iodp_remanence_395_15054674,395,U1602,C,CUBE12545311,0.542869,-10.1,323.0,263.96,33,5,100,0.045248,0.0833498,-0.9853,0,,mesure_experimentale
iodp_remanence_395_15054674,395,U1602,C,CUBE12545321,0.130811,17.9,124.5,267.45,33,5,100,0.014815,0.113255,-0.9582,0,,mesure_experimentale
iodp_remanence_395_15054674,395,U1602,D,CUBE12555051,0.152283,11.1,299.2,258.06,30,5,80,0.055586,0.365018,-0.9702,0,,mesure_experimentale
iodp_remanence_395_15054674,395,U1602,D,CUBE12555291,0.706554,-17.1,29.4,266.54,33,5,100,0.078992,0.111799,-0.9763,0,,mesure_experimentale
iodp_remanence_395_15054674,395,U1602,D,CUBE12555921,0.157067,28.2,61.0,271.67,33,5,100,0.018286,0.116422,-0.9311,0,,mesure_experimentale
iodp_remanence_395_15054674,395,U1602,D,CUBE12555941,0.168665,25.5,356.8,274.66,33,5,100,0.025855,0.153292,-0.9582,0,,mesure_experimentale
iodp_remanence_395_15054674,395,U1602,D,CUBE12556031,0.268821,-12.5,167.4,279.58,36,5,100,0.021721,0.080801,-0.9820,0,,mesure_experimentale
iodp_remanence_395_15054674,395,U1602,D,CUBE12556041,0.455504,-22.8,72.2,282.46,33,5,100,0.025944,0.0569567,-0.9853,0,,mesure_experimentale
iodp_remanence_395_15054674,395,U1602,D,CUBE12556601,0.468632,-5.1,168.6,292.64,33,5,100,0.02814,0.0600471,-0.9853,0,,mesure_experimentale
iodp_remanence_395_15054674,395,U1602,D,CUBE12556611,0.396343,-18.6,185.4,293.58,33,5,100,0.026075,0.065789,-0.9853,0,,mesure_experimentale
iodp_remanence_395_15054674,395,U1602,D,CUBE12557101,0.570949,21.6,177.3,300.46,33,5,100,0.058372,0.102237,-0.9853,0,,mesure_experimentale
iodp_remanence_395_15054674,395,U1602,D,CUBE12557111,0.394833,1.6,165.4,304.23,33,5,100,0.021146,0.0535568,-0.9853,0,,mesure_experimentale
iodp_remanence_395_15054674,395,U1602,D,CUBE12557941,0.353325,8.8,160.2,308.97,30,5,80,0.020648,0.0584391,-0.9822,0,,mesure_experimentale
iodp_remanence_395_15054674,395,U1602,D,CUBE12557961,0.409503,-1.1,181.2,314.3,30,5,80,0.025553,0.0624,-0.9822,0,,mesure_experimentale
iodp_remanence_395_15054674,395,U1602,D,CUBE12558591,0.651279,22.3,170.1,332.78,30,5,80,0.030019,0.0460924,-0.9822,0,,mesure_experimentale
iodp_remanence_395_15054674,395,U1602,D,CUBE12558921,0.259441,-33.8,157.9,340.49,27,5,60,0.019622,0.0756318,-0.9780,0,,mesure_experimentale
iodp_remanence_395_15054674,395,U1602,D,CUBE12559381,0.282773,0.2,191.7,350.72,30,5,80,0.007286,0.0257663,-0.9822,0,,mesure_experimentale
iodp_remanence_395_15054674,395,U1602,D,CUBE12559471,0.712257,-4.4,187.4,366.88,30,5,80,0.015814,0.0222027,-0.9822,0,,mesure_experimentale
iodp_remanence_395_15054674,395,U1602,D,CUBE12560151,0.147122,-67.5,58.9,385.61,33,5,100,0.012152,0.0825981,-0.9311,0,,mesure_experimentale
iodp_remanence_395_15054674,395,U1602,D,CUBE12560521,0.219185,-59.6,289.4,401.26,30,5,80,0.020935,0.0955129,-0.9462,0,,mesure_experimentale
iodp_remanence_395_15054674,395,U1602,D,CUBE12560531,0.170875,-86.8,99.3,395.44,33,5,100,0.017337,0.10146,-0.8860,0,,mesure_experimentale
iodp_remanence_395_15054674,395,U1602,D,CUBE12561041,0.336925,-24.2,191.0,414.73,30,5,80,0.014928,0.0443066,-0.9702,0,,mesure_experimentale
iodp_remanence_395_15054674,395,U1602,D,CUBE12561281,0.16108,-10.2,156.9,443.85,30,5,80,0.006157,0.0382232,-0.9101,0,,mesure_experimentale
iodp_remanence_395_15054674,395,U1602,D,CUBE12561461,0.712223,-18.0,168.9,469.95,30,5,80,0.012781,0.0179452,-0.9822,0,,mesure_experimentale
iodp_remanence_395_15054674,395,U1602,D,CUBE12561521,0.183621,-8.9,175.2,472.91,30,5,80,0.008748,0.0476416,-0.9221,0,,mesure_experimentale
iodp_remanence_395_15054674,395,U1602,D,CUBE12561581,0.152936,-7.4,177.8,487.9,30,5,80,0.00304,0.0198776,-0.8501,0,,mesure_experimentale
iodp_remanence_395_15054674,395,U1602,D,CUBE12563011,0.259809,-14.2,176.7,503.43,30,5,80,0.003421,0.0131674,-0.9822,0,,mesure_experimentale
iodp_remanence_395_15054674,395,U1602,E,CUBE12565221,0.194207,21.6,153.5,533.62,11,5,100,0.011676,0.0601214,-0.9909,0,,mesure_experimentale
iodp_remanence_395_15054674,395,U1602,E,CUBE12565231,0.088688,9.5,170.1,535.58,11,5,100,0.004505,0.050796,-0.9909,0,,mesure_experimentale
iodp_remanence_395_15054674,395,U1602,E,CUBE12565261,0.168888,-0.9,138.9,541.63,11,5,100,0.005917,0.0350351,-1.0000,0,,mesure_experimentale
iodp_remanence_395_15054674,395,U1602,E,CUBE12565271,0.10782,-8.9,169.3,544.85,11,5,100,0.000975,0.00904285,-0.9909,0,,mesure_experimentale
iodp_remanence_395_15054674,395,U1602,E,CUBE12565681,0.104236,-20.3,166.1,549.97,11,5,100,0.005465,0.0524291,-1.0000,0,,mesure_experimentale
iodp_remanence_395_15054674,395,U1602,E,CUBE12566711,0.301385,-14.2,213.4,558.91,11,5,100,0.019843,0.0658394,-1.0000,0,,mesure_experimentale
iodp_remanence_395_15054674,395,U1602,E,CUBE12566721,0.28328,3.1,175.7,563.84,11,5,100,0.005367,0.0189459,-1.0000,0,,mesure_experimentale
iodp_remanence_395_15054674,395,U1602,E,CUBE12567281,0.041245,24.7,192.9,573.81,11,5,100,0.001656,0.0401503,-0.8455,0,,mesure_experimentale
iodp_remanence_395_15054674,395,U1602,E,CUBE12567291,0.258917,-10.5,189.2,570.39,11,5,100,0.006998,0.027028,-1.0000,0,,mesure_experimentale
iodp_remanence_395_15054674,395,U1602,E,CUBE12567661,0.174911,3.5,10.7,578.09,11,5,100,0.004895,0.0279857,-0.9909,0,,mesure_experimentale
iodp_remanence_395_15054674,395,U1602,E,CUBE12567671,0.115483,32.5,217.9,583.85,11,5,100,0.002115,0.0183144,-0.9455,0,,mesure_experimentale
iodp_remanence_395_15054674,395,U1602,E,CUBE12568021,0.064525,6.8,172.1,588.73,8,5,50,0.005328,0.0825726,-0.4286,0,,mesure_experimentale
iodp_remanence_395_15054674,395,U1602,E,CUBE12568591,0.187639,3.9,265.7,597.58,10,5,80,0.008918,0.0475274,-1.0000,0,,mesure_experimentale
iodp_remanence_395_15054674,395,U1602,E,CUBE12568601,0.120569,-14.6,184.0,600.61,8,5,50,0.007264,0.0602477,-0.8810,0,,mesure_experimentale
iodp_remanence_395_15054674,395,U1602,E,CUBE12568681,0.070334,-45.8,187.9,607.64,10,5,80,0.006199,0.0881366,-0.9273,0,,mesure_experimentale
iodp_remanence_395_15054674,395,U1602,E,CUBE12568691,0.036471,78.7,105.6,612.34,11,5,80,0.005612,0.153876,-0.9364,0,,mesure_experimentale
iodp_remanence_395_15054674,395,U1602,E,CUBE12569251,0.026178,19.8,191.6,617.56,11,5,100,0.00266,0.101612,-0.8636,0,,mesure_experimentale
iodp_remanence_395_15054674,395,U1602,E,CUBE12569261,0.173604,-22.5,207.7,621.65,9,5,80,0.008938,0.051485,-0.8333,0,,mesure_experimentale
iodp_remanence_395_15054674,395,U1602,E,CUBE12569691,0.320591,7.2,144.7,629.46,11,5,100,0.008337,0.0260051,-0.9364,0,,mesure_experimentale
iodp_remanence_395_15054674,395,U1602,E,CUBE12569701,0.323115,31.9,353.2,634.51,11,5,100,0.007632,0.0236201,-1.0000,0,,mesure_experimentale
iodp_remanence_395_15054674,395,U1602,E,CUBE12570031,0.354255,30.1,330.7,636.74,11,5,100,0.005707,0.0161099,-1.0000,0,,mesure_experimentale
iodp_remanence_395_15054674,395,U1602,E,CUBE12570041,0.305558,-24.9,26.1,640.38,11,5,100,0.008019,0.0262438,-0.9727,0,,mesure_experimentale
iodp_remanence_395_15054674,395,U1602,E,CUBE12570441,0.229527,-35.2,89.9,647.72,5,5,25,0.007441,0.0324188,-0.7000,0,,mesure_experimentale
iodp_remanence_395_15054674,395,U1602,E,CUBE12570451,0.105843,-35.0,89.2,650.41,10,5,80,0.002448,0.0231286,-0.6848,0,,mesure_experimentale
iodp_remanence_395_15054674,395,U1602,E,CUBE12570871,0.047556,-34.3,89.7,657.14,11,5,100,0.003324,0.0698965,-0.8818,0,,mesure_experimentale
iodp_remanence_395_15054674,395,U1602,E,CUBE12570881,0.289348,-31.6,27.3,661.18,9,5,60,0.01097,0.0379128,0.0000,0,,mesure_experimentale
iodp_remanence_395_15054674,395,U1602,E,CUBE12571311,0.001904,-22.6,93.7,669.12,11,5,100,0.00099,0.519958,-0.9455,0,,mesure_experimentale
iodp_remanence_395_15054674,395,U1602,E,CUBE12571601,0.075925,-35.2,89.8,675.13,8,5,50,0.009603,0.12648,-0.0476,0,,mesure_experimentale
iodp_remanence_395_15054674,395,U1602,E,CUBE12571611,0.09049,-37.7,91.0,679.12,10,5,80,0.002056,0.0227207,-0.9879,0,,mesure_experimentale
iodp_remanence_395_15054674,395,U1602,E,CUBE12571761,0.182388,35.4,270.1,684.6,11,5,100,0.018364,0.100686,-1.0000,0,,mesure_experimentale
iodp_remanence_395_15054674,395,U1602,E,CUBE12571771,0.254996,35.5,269.9,688.47,9,5,60,0.019028,0.0746208,-1.0000,0,,mesure_experimentale
iodp_remanence_395_15054674,395,U1602,E,CUBE12572471,0.0726,-36.1,89.9,697.74,6,5,30,0.006537,0.0900413,-1.0000,0,,mesure_experimentale
iodp_remanence_395_15054674,395,U1602,E,CUBE12572481,0.52631,-35.3,90.0,695.3,10,5,80,0.005571,0.010585,-1.0000,0,,mesure_experimentale
iodp_remanence_395_15054674,395,U1602,E,CUBE12572781,0.263784,-35.5,89.8,704.54,9,5,60,0.009591,0.0363593,-1.0000,0,,mesure_experimentale
iodp_remanence_395_15054674,395,U1602,E,CUBE12572791,0.482504,-35.5,90.0,706.35,10,5,80,0.003214,0.00666108,-1.0000,0,,mesure_experimentale
iodp_remanence_395_15054674,395,U1602,E,CUBE12573091,0.365046,-35.3,90.0,715.4,8,5,50,0.023423,0.0641645,-1.0000,0,,mesure_experimentale
iodp_remanence_395_15054674,395,U1602,E,CUBE12573101,0.03311,-34.1,90.4,719.65,7,5,40,0.005982,0.18067,-0.7857,0,,mesure_experimentale
iodp_remanence_395_15054674,395,U1602,E,CUBE12573511,0.045154,-35.3,90.0,723.6,10,5,80,0.002016,0.0446472,-0.6485,0,,mesure_experimentale
iodp_remanence_395_15054674,395,U1602,E,CUBE12573531,0.093543,-35.0,90.0,726.73,6,5,30,0.005885,0.0629122,-1.0000,0,,mesure_experimentale
iodp_remanence_395_15054674,395,U1602,E,CUBE12574171,0.068765,-35.0,90.1,733.7,8,5,50,0.004627,0.0672871,-0.0952,0,,mesure_experimentale
iodp_remanence_395_15054674,395,U1602,E,CUBE12574181,0.089586,-35.3,90.2,737.28,11,5,100,0.004489,0.0501083,-0.3455,0,,mesure_experimentale
iodp_remanence_395_15054674,395,U1602,E,CUBE12574461,0.329671,-35.1,90.2,744.93,6,5,30,0.026747,0.0811324,-1.0000,0,,mesure_experimentale
iodp_remanence_395_15054674,395,U1602,E,CUBE12574471,0.39221,-35.0,90.1,749.1,10,5,80,0.016535,0.0421585,-1.0000,0,,mesure_experimentale
iodp_remanence_395_15054674,395,U1602,E,CUBE12575051,0.565735,-35.1,90.0,753.23,9,5,60,0.045163,0.0798307,-1.0000,0,,mesure_experimentale
iodp_remanence_395_15054674,395,U1602,E,CUBE12575061,0.568477,-36.6,89.4,757.27,9,5,60,0.042827,0.0753364,-1.0000,0,,mesure_experimentale
iodp_remanence_395_15054674,395,U1602,E,CUBE12575461,0.107645,-35.0,90.0,763.49,7,5,40,0.00526,0.0488643,-1.0000,0,,mesure_experimentale
iodp_remanence_395_15054674,395,U1602,E,CUBE12575921,0.349117,-35.3,90.0,774.15,8,5,50,0.020092,0.0575509,-1.0000,0,,mesure_experimentale
iodp_remanence_395_15054674,395,U1602,E,CUBE12575931,0.046184,-34.8,90.9,778.43,8,5,50,0.009351,0.202473,-0.9048,0,,mesure_experimentale
iodp_remanence_395_15054674,395,U1602,E,CUBE12576311,0.805098,41.3,149.6,781.85,10,5,80,0.03719,0.0461931,-1.0000,0,,mesure_experimentale
iodp_remanence_395_15054674,395,U1602,E,CUBE12576321,0.179515,-35.1,90.1,788.49,11,5,100,0.017351,0.0966549,-0.7818,0,,mesure_experimentale
iodp_remanence_395_15054674,395,U1602,E,CUBE12576421,0.101733,-34.9,90.0,791.36,8,5,50,0.007457,0.0732997,0.1429,0,,mesure_experimentale
iodp_remanence_395_15054674,395,U1602,E,CUBE12576431,0.83252,-35.5,89.7,797.96,7,5,40,0.060815,0.0730493,-0.7143,0,,mesure_experimentale
iodp_remanence_395_15054674,395,U1602,E,CUBE12576911,0.016983,-34.7,90.2,801.16,10,5,80,0.000599,0.0352706,-0.8061,0,,mesure_experimentale
iodp_remanence_395_15054674,395,U1602,E,CUBE12576921,0.455348,-5.7,288.4,805.79,10,5,80,0.020254,0.0444803,-0.9879,0,,mesure_experimentale
iodp_remanence_395_15054674,395,U1602,E,CUBE12577591,0.370647,20.2,40.9,810.75,10,10,100,0.025079,0.0676628,-1.0000,0,,mesure_experimentale
iodp_remanence_395_15054674,395,U1602,E,CUBE12577601,0.259687,-16.2,245.3,814.44,10,10,100,0.032804,0.126321,-1.0000,0,,mesure_experimentale
iodp_remanence_395_15054674,395,U1602,E,CUBE12578231,0.405749,-86.6,5.7,822.53,8,5,50,0.024228,0.0597118,-1.0000,0,,mesure_experimentale
iodp_remanence_395_15054674,395,U1602,E,CUBE12578241,0.248445,-32.9,40.9,824.92,10,5,80,0.01515,0.0609793,-1.0000,0,,mesure_experimentale
iodp_remanence_395_15054674,395,U1602,E,CUBE12578351,0.282106,-48.8,180.1,831.81,8,5,50,0.013191,0.046759,-1.0000,0,,mesure_experimentale
iodp_remanence_395_15054674,395,U1602,E,CUBE12578361,1.05888,-34.6,163.6,839.89,10,5,80,0.039743,0.0375329,-1.0000,0,,mesure_experimentale
iodp_remanence_395_15054674,395,U1602,E,CUBE12578941,0.174242,-20.9,158.6,850.33,7,10,50,0.011268,0.0646687,-1.0000,0,,mesure_experimentale
iodp_remanence_395_15054674,395,U1602,E,CUBE12578951,0.211396,-87.2,12.6,854.44,9,10,80,0.008795,0.0416044,-0.9833,0,,mesure_experimentale
iodp_remanence_395_15054674,395,U1602,E,CUBE12579311,0.046087,-34.6,106.3,863.24,10,5,80,0.004039,0.0876386,-0.8667,0,,mesure_experimentale
iodp_remanence_395_15054674,395,U1602,E,CUBE12579681,0.648723,4.2,167.7,870.48,7,10,50,0.042326,0.0652451,-1.0000,0,,mesure_experimentale
iodp_remanence_395_15054674,395,U1602,E,CUBE12579711,0.245071,-61.4,163.2,874.45,5,5,25,0.018723,0.0763983,-1.0000,0,,mesure_experimentale
iodp_remanence_395_15054674,395,U1602,E,CUBE12580091,0.639028,20.4,156.2,879.96,9,5,60,0.026643,0.041693,-1.0000,0,,mesure_experimentale
iodp_remanence_395_15054674,395,U1602,E,CUBE12580101,0.399674,-6.2,187.2,884.58,9,5,60,0.038076,0.0952676,-1.0000,0,,mesure_experimentale
iodp_remanence_395_15054674,395,U1602,E,CUBE12580881,0.928886,-25.5,174.6,888.44,8,5,50,0.066963,0.0720896,-1.0000,0,,mesure_experimentale
iodp_remanence_395_15054674,395,U1602,E,CUBE12580891,0.12609,18.6,180.4,894.68,9,5,60,0.009854,0.0781505,-1.0000,0,,mesure_experimentale
iodp_remanence_395_15054674,395,U1602,E,CUBE12580941,0.35786,-44.0,183.5,900.18,8,5,50,0.016935,0.047323,-1.0000,0,,mesure_experimentale
iodp_remanence_395_15054674,395,U1602,E,CUBE12580951,0.851553,-41.5,102.6,904.36,5,5,25,0.026686,0.031338,-1.0000,0,,mesure_experimentale
iodp_remanence_395_15054674,395,U1602,E,CUBE12581601,0.103011,-34.7,90.1,910.87,8,5,50,0.008874,0.0861461,-0.1429,0,,mesure_experimentale
iodp_remanence_395_15054674,395,U1602,E,CUBE12581611,0.221531,26.8,95.2,912.91,9,5,60,0.016056,0.0724774,-1.0000,0,,mesure_experimentale
iodp_remanence_395_15054674,395,U1602,E,CUBE12581621,0.061916,-35.1,90.5,913.38,5,5,25,0.003488,0.0563344,-0.7000,0,,mesure_experimentale
iodp_remanence_395_15054674,395,U1602,E,CUBE12581991,0.007091,37.3,271.2,921.08,11,5,100,0.023746,3.34875,-0.9455,0,,mesure_experimentale
iodp_remanence_395_15054674,395,U1602,E,CUBE12582001,0.147028,-35.0,90.1,922.64,5,5,25,0.004731,0.0321775,-0.7000,0,,mesure_experimentale
iodp_remanence_395_15054674,395,U1602,E,CUBE12582281,0.424715,35.5,269.8,927.57,11,5,100,0.009016,0.0212284,-0.9909,0,,mesure_experimentale
iodp_remanence_395_15054674,395,U1602,E,CUBE12582291,0.009122,36.0,269.9,930.78,11,5,100,0.001721,0.188665,-0.9091,0,,mesure_experimentale
iodp_remanence_395_15054674,395,U1602,E,CUBE12582311,0.063644,-35.1,90.2,936.86,8,5,50,0.003613,0.0567689,-0.5476,0,,mesure_experimentale
iodp_remanence_395_15054674,395,U1602,E,CUBE12582781,0.335593,35.5,269.8,948.43,10,5,80,0.025942,0.077302,-1.0000,0,,mesure_experimentale
iodp_remanence_395_15054674,395,U1602,E,CUBE12582791,0.255804,-79.3,185.9,950.73,9,5,60,0.017032,0.0665822,-1.0000,0,,mesure_experimentale
iodp_remanence_395_15054674,395,U1602,E,CUBE12583141,0.070676,-35.2,89.9,956.87,5,5,25,0.00103,0.0145735,-1.0000,0,,mesure_experimentale
iodp_remanence_395_15054674,395,U1602,E,CUBE12583181,0.23256,-35.2,90.1,959.42,6,5,30,0.021059,0.090553,-0.3714,0,,mesure_experimentale
iodp_remanence_395_15054674,395,U1602,E,CUBE12583651,0.195017,-35.2,89.9,966.51,10,5,80,0.008309,0.0426065,-1.0000,0,,mesure_experimentale
iodp_remanence_395_15054674,395,U1602,E,CUBE12583661,0.068482,-35.3,89.8,970.34,5,5,25,0.002324,0.0339359,-1.0000,0,,mesure_experimentale
iodp_remanence_395_15054674,395,U1602,E,CUBE12583671,0.119071,-35.2,89.9,973.55,5,5,25,0.006512,0.0546901,-1.0000,0,,mesure_experimentale
iodp_remanence_395_15054674,395,U1602,E,CUBE12583971,0.334867,-35.2,90.0,977.11,10,5,80,0.010342,0.0308839,-1.0000,0,,mesure_experimentale
iodp_remanence_395_15054674,395,U1602,E,CUBE12583981,0.212173,-35.3,90.1,981.81,5,5,25,0.00536,0.0252624,-1.0000,0,,mesure_experimentale
iodp_remanence_395_15054674,395,U1602,E,CUBE12584221,0.027272,-35.0,90.5,989.77,8,5,50,0.003133,0.11488,-0.6667,0,,mesure_experimentale
iodp_remanence_395_15054674,395,U1602,E,CUBE12584231,0.114236,-35.1,89.9,992.74,8,5,50,0.005841,0.051131,-1.0000,0,,mesure_experimentale
iodp_remanence_395_15054674,395,U1602,E,CUBE12584641,0.4676,-49.8,160.5,995.99,8,5,50,0.027375,0.0585436,-1.0000,0,,mesure_experimentale
iodp_remanence_395_15054674,395,U1602,E,CUBE12584651,0.206413,-35.2,90.0,998.25,9,5,60,0.009449,0.0457772,-1.0000,0,,mesure_experimentale
iodp_remanence_395_15054674,395,U1602,E,CUBE12584951,0.10816,-3.1,174.2,1005.93,5,5,25,0.007951,0.0735115,-1.0000,0,,mesure_experimentale
iodp_remanence_395_15054674,395,U1602,E,CUBE12585141,0.118951,10.6,178.8,1016.26,5,5,25,0.008135,0.0683895,-1.0000,0,,mesure_experimentale
iodp_remanence_395_15054674,395,U1602,E,CUBE12585151,0.220143,5.6,146.6,1019.77,10,5,80,0.022434,0.101906,-0.9879,0,,mesure_experimentale
iodp_remanence_395_15054674,395,U1602,E,CUBE12585861,0.378353,-40.0,204.2,1025.34,8,5,50,0.026306,0.0695277,-1.0000,0,,mesure_experimentale
iodp_remanence_395_15054674,395,U1602,E,CUBE12585871,0.079621,-11.4,182.2,1027.35,8,5,50,0.005861,0.0736112,-1.0000,0,,mesure_experimentale
iodp_remanence_395_15054674,395,U1602,E,CUBE12585991,0.124691,-35.4,90.0,1039.59,11,5,100,0.006053,0.048544,-0.9636,0,,mesure_experimentale
iodp_remanence_395_15054674,395,U1602,E,CUBE12586001,0.105337,-35.4,90.1,1035.3,11,5,100,0.004354,0.041334,-1.0000,0,,mesure_experimentale
iodp_remanence_395_15054674,395,U1602,E,CUBE12586361,0.070976,-35.3,90.1,1043.68,11,5,100,0.007785,0.109685,-0.8727,0,,mesure_experimentale
iodp_remanence_395_15054674,395,U1602,E,CUBE12586371,0.08222,-36.0,90.0,1049.3,12,5,100,0.007737,0.0941012,-0.6364,0,,mesure_experimentale
iodp_remanence_395_15054674,395,U1602,E,CUBE12586421,0.197572,-35.1,90.1,1055.1,11,5,100,0.00679,0.0343672,-0.9636,0,,mesure_experimentale
iodp_remanence_395_15054674,395,U1602,E,CUBE12586441,0.048631,-35.1,90.0,1058.17,4,5,20,0.003458,0.0711069,-0.4000,0,,mesure_experimentale
iodp_remanence_395_15054674,395,U1602,E,CUBE12587121,0.397045,-46.8,230.9,1073.33,5,5,25,0.037805,0.0952159,-0.9000,0,,mesure_experimentale
iodp_remanence_395_15054674,395,U1602,E,CUBE12587561,0.650098,17.4,182.0,1082.9,8,5,50,0.042054,0.0646887,-1.0000,0,,mesure_experimentale
iodp_remanence_395_15054674,395,U1602,E,CUBE12587571,0.398922,16.5,180.8,1084.29,3,5,15,0.00574,0.0143888,-1.0000,0,,mesure_experimentale
iodp_remanence_395_15054674,395,U1602,E,CUBE12587921,0.025292,-10.3,164.5,1113.42,10,5,80,0.001883,0.0744504,-1.0000,0,,mesure_experimentale
iodp_remanence_395_15054674,395,U1602,E,CUBE12588211,0.059182,14.9,141.3,1101.93,9,5,60,0.003615,0.0610828,-1.0000,0,,mesure_experimentale
iodp_remanence_395_15054674,395,U1602,E,CUBE12588411,0.158065,-38.7,201.8,1121.37,11,5,100,0.006466,0.0409072,-0.9909,0,,mesure_experimentale
iodp_remanence_395_15054674,395,U1602,E,CUBE12589061,0.154199,41.2,124.0,1142.19,4,10,25,0.004392,0.0284827,-1.0000,0,,mesure_experimentale
iodp_remanence_395_15054674,395,U1602,E,CUBE12589211,0.312522,18.9,181.5,1151.62,3,5,15,0.014286,0.045712,-0.5000,0,,mesure_experimentale
iodp_remanence_395_15054674,395,U1602,E,CUBE12589221,1.19382,-2.5,180.8,1152.08,3,5,15,0.08137,0.0681591,-1.0000,0,,mesure_experimentale
iodp_remanence_395_15054674,395,U1602,E,CUBE12589781,0.793627,-19.3,110.9,1161.1,3,5,15,0.028644,0.0360925,-1.0000,0,,mesure_experimentale
iodp_remanence_395_15054674,395,U1602,E,CUBE12589791,0.357677,-39.6,188.9,1162.09,4,5,20,0.032778,0.0916413,-1.0000,0,,mesure_experimentale
iodp_remanence_395_15054674,395,U1602,E,CUBE12589841,0.201544,18.0,184.9,1170.25,3,5,15,0.022211,0.110204,-1.0000,0,,mesure_experimentale
iodp_remanence_395_15054674,395,U1602,E,CUBE12590201,1.55676,-1.5,260.0,1181.79,3,5,15,0.055446,0.0356164,-1.0000,0,,mesure_experimentale
iodp_remanence_395_15054674,395,U1602,E,CUBE12590231,0.325953,-46.3,241.0,1184.52,3,5,15,0.008612,0.026421,-1.0000,0,,mesure_experimentale
iodp_remanence_395_15054674,395,U1602,E,CUBE12590611,1.4923,13.2,154.7,1189.29,3,5,15,0.04516,0.030262,-1.0000,0,,mesure_experimentale
iodp_remanence_395_15054674,395,U1602,E,CUBE12590691,0.065638,-15.9,115.0,1200.93,10,5,80,0.00433,0.0659679,-1.0000,0,,mesure_experimentale
iodp_remanence_395_15054674,395,U1602,E,CUBE12590881,0.371577,-20.0,187.8,1208.83,6,5,30,0.026459,0.0712073,-1.0000,0,,mesure_experimentale
iodp_remanence_395_15054674,395,U1602,E,CUBE12590891,0.767408,-70.3,191.3,1211.47,3,5,15,0.050841,0.0662503,-1.0000,0,,mesure_experimentale
iodp_remanence_395_15054674,395,U1602,E,CUBE12591441,0.468066,7.7,161.5,866.01,10,5,80,0.042562,0.0909316,-1.0000,0,,mesure_experimentale
iodp_remanence_395_15054674,395,U1602,E,CUBE12591701,0.332096,3.5,177.8,1228.44,3,5,15,0.024535,0.0738792,-1.0000,0,,mesure_experimentale
iodp_remanence_395_15054674,395,U1602,E,CUBE12591711,0.31063,22.9,182.0,1231.08,3,5,15,0.020277,0.065277,-1.0000,0,,mesure_experimentale
iodp_remanence_395_15054674,395,U1602,E,CUBE12592821,0.242997,-33.5,159.5,1257.63,7,5,40,0.020577,0.0846801,-1.0000,0,,mesure_experimentale
iodp_remanence_395_15054674,395,U1602,E,CUBE12593271,0.262565,-25.3,181.5,1268.84,9,5,60,0.023544,0.0896692,-1.0000,0,,mesure_experimentale
iodp_remanence_395_15054674,395,U1602,E,CUBE12593601,0.522162,-0.1,118.0,1277.32,7,5,40,0.03573,0.068427,-1.0000,0,,mesure_experimentale
iodp_remanence_395_15054674,395,U1602,E,CUBE12593611,0.067441,19.2,215.8,1286.25,11,5,100,0.014581,0.216204,-0.9727,0,,mesure_experimentale
iodp_remanence_395_15054674,395,U1602,E,CUBE12594421,0.561677,-2.1,170.6,1296.28,4,5,20,0.03622,0.0644855,-1.0000,0,,mesure_experimentale
iodp_remanence_395_15054674,395,U1602,E,CUBE12594431,0.348554,-13.9,158.9,1306.06,7,5,40,0.030224,0.0867125,-1.0000,0,,mesure_experimentale
iodp_remanence_395_15054674,395,U1602,E,CUBE12594691,0.199663,-32.8,176.3,1316.5,8,5,50,0.011421,0.0572014,-1.0000,0,,mesure_experimentale
iodp_remanence_395_15054674,395,U1602,E,CUBE12594701,0.573262,-36.9,128.2,1320.42,5,5,25,0.013307,0.0232128,-1.0000,0,,mesure_experimentale
iodp_remanence_395_15054674,395,U1602,E,CUBE12594951,0.089507,2.4,167.0,1325.33,11,5,100,0.022146,0.247422,-0.4909,0,,mesure_experimentale
iodp_remanence_395_15054674,395,U1602,E,CUBE12595331,0.136782,-19.8,179.3,1331.78,8,5,50,0.011253,0.0822696,-1.0000,0,,mesure_experimentale
iodp_remanence_395_15054674,395,U1602,E,CUBE12595591,0.085053,-36.8,238.7,1337.51,10,5,80,0.006029,0.0708852,-1.0000,0,,mesure_experimentale
iodp_remanence_395_15054674,395,U1602,E,CUBE12595611,0.1157,-12.8,171.2,1340.76,8,5,50,0.00713,0.0616249,-0.9286,0,,mesure_experimentale
iodp_remanence_395_15054674,395,U1602,E,CUBE12595781,0.127618,-13.2,172.1,1357.31,5,5,25,0.00883,0.0691909,-1.0000,0,,mesure_experimentale
iodp_remanence_395_15054674,395,U1602,E,CUBE12595931,1.07186,-44.6,259.2,1250.35,3,5,15,0.064952,0.0605975,-1.0000,0,,mesure_experimentale
iodp_remanence_395_15054674,395,U1564,D,CUBE12601591,0.053383,-10.3,187.9,465.43,44,5,100,0.00226,0.0423356,-0.9845,0,,mesure_experimentale
iodp_remanence_395_15054674,395,U1564,D,CUBE12601601,0.031536,1.2,178.4,466.19,44,5,100,0.00075,0.0237823,-0.9665,0,,mesure_experimentale
iodp_remanence_395_15054674,395,U1564,D,CUBE12601621,0.043577,-3.3,171.5,466.49,40,5,80,0.000364,0.00835303,-0.9812,0,,mesure_experimentale
iodp_remanence_395_15054674,395,U1564,D,CUBE12601631,0.029136,-39.5,197.8,466.63,44,5,100,0.001693,0.0581068,-0.8221,0,,mesure_experimentale
iodp_remanence_395_15054674,395,U1564,D,CUBE12601641,0.01667,-35.2,159.8,466.94,44,5,100,0.002424,0.145411,-0.8221,0,,mesure_experimentale
iodp_remanence_395_15054674,395,U1564,F,CUBE12604031,0.086324,-6.0,170.4,629.31,14,5,40,0.006661,0.0771628,-0.9692,0,,mesure_experimentale
iodp_remanence_395_15054674,395,U1564,F,CUBE12604041,0.232929,-15.8,165.6,632.15,20,5,80,0.008721,0.0374406,-0.9850,0,,mesure_experimentale
iodp_remanence_395_15054674,395,U1564,F,CUBE12604931,0.140472,44.9,28.4,638.19,22,5,100,0.014413,0.102604,-0.9605,0,,mesure_experimentale
iodp_remanence_395_15054674,395,U1564,F,CUBE12605091,0.01273,37.5,121.6,640.03,22,5,100,0.001687,0.132522,-0.8159,0,,mesure_experimentale
iodp_remanence_395_15054674,395,U1564,F,CUBE12605361,0.022433,-13.3,180.5,648.2,16,5,50,0.001854,0.0826461,-0.9765,0,,mesure_experimentale
iodp_remanence_395_15054674,395,U1564,F,CUBE12605371,0.004565,3.4,176.8,652.74,22,5,100,0.001869,0.409419,-0.8250,0,,mesure_experimentale
iodp_remanence_395_15054674,395,U1564,F,CUBE12605951,0.060854,13.3,197.1,657.97,20,5,80,0.001774,0.0291517,-0.9850,0,,mesure_experimentale
iodp_remanence_395_15054674,395,U1564,F,CUBE12605961,0.044107,22.2,187.8,661.69,23,5,100,0.001474,0.0334187,-0.9684,0,,mesure_experimentale
iodp_remanence_395_15054674,395,U1564,F,CUBE12606491,0.067686,6.9,187.3,668.88,18,5,60,0.00517,0.0763821,-0.9814,0,,mesure_experimentale
iodp_remanence_395_15054674,395,U1564,F,CUBE12606501,0.010248,31.8,145.1,673.56,22,5,100,0.000687,0.0670375,-0.8430,0,,mesure_experimentale
iodp_remanence_395_15054674,395,U1564,F,CUBE12606941,0.020653,15.6,135.1,678.39,22,5,100,0.001642,0.0795042,-0.6172,0,,mesure_experimentale
iodp_remanence_395_15054674,395,U1564,F,CUBE12606971,0.030803,-21.3,10.4,682.38,21,5,100,0.008106,0.263156,-0.9558,0,,mesure_experimentale
iodp_remanence_395_15054674,395,U1564,F,CUBE12607401,0.029551,-9.9,154.3,686.72,20,5,80,0.001983,0.0671043,-0.9008,0,,mesure_experimentale
iodp_remanence_395_15054674,395,U1564,F,CUBE12607411,0.008245,16.6,124.8,690.48,22,5,100,0.001229,0.14906,-0.8250,0,,mesure_experimentale
iodp_remanence_395_15054674,395,U1564,F,CUBE12607811,0.004233,31.8,308.7,696.23,20,5,80,0.000671,0.158516,-0.7203,0,,mesure_experimentale
iodp_remanence_395_15054674,395,U1564,F,CUBE12608381,0.00265,45.2,127.7,704.96,20,5,80,0.000457,0.172453,-0.7083,0,,mesure_experimentale
iodp_remanence_395_15054674,395,U1564,F,CUBE12608391,0.032977,-20.5,11.2,710.5,20,5,80,0.001219,0.0369652,-0.9008,0,,mesure_experimentale
iodp_remanence_395_15054674,395,U1564,F,CUBE12608981,0.006919,5.3,172.5,715.61,22,5,100,0.000331,0.0478393,-0.8340,0,,mesure_experimentale
iodp_remanence_395_15054674,395,U1564,F,CUBE12608991,0.009708,-12.9,203.7,721.85,22,5,100,0.001252,0.128966,-0.7165,0,,mesure_experimentale
iodp_remanence_395_15054674,395,U1564,F,CUBE12609481,0.024714,-29.1,194.0,725.44,22,5,100,0.004567,0.184794,-0.8250,0,,mesure_experimentale
iodp_remanence_395_15054674,395,U1564,F,CUBE12609491,0.006757,-36.2,44.7,730.84,22,5,100,0.000981,0.145183,-0.7888,0,,mesure_experimentale
iodp_remanence_395_15054674,395,U1564,F,CUBE12609911,0.04833,-17.9,166.2,735.58,20,5,80,0.002447,0.0506311,-0.9850,0,,mesure_experimentale
iodp_remanence_395_15054674,395,U1564,F,CUBE12609921,0.007842,-0.5,200.0,742.57,18,5,60,0.000718,0.0915583,-0.3209,0,,mesure_experimentale
iodp_remanence_395_15054674,395,U1564,F,CUBE12610761,0.004007,13.8,138.1,743.77,22,5,100,0.001104,0.275518,-0.7527,0,,mesure_experimentale
iodp_remanence_395_15054674,395,U1564,F,CUBE12610771,0.008923,7.6,175.9,748.01,16,5,50,0.000394,0.0441556,-0.5294,0,,mesure_experimentale
iodp_remanence_395_15054674,395,U1564,F,CUBE12611281,0.009806,-6.4,168.0,753.68,20,5,80,0.000785,0.080053,-0.9850,0,,mesure_experimentale
iodp_remanence_395_15054674,395,U1564,F,CUBE12611291,0.003097,-11.7,323.3,759.62,23,5,100,0.000352,0.113658,-0.6433,0,,mesure_experimentale
iodp_remanence_395_15054674,395,U1564,F,CUBE12612001,0.003778,-6.3,183.5,763.15,22,5,100,0.000296,0.0783483,-0.8250,0,,mesure_experimentale
iodp_remanence_395_15054674,395,U1564,F,CUBE12612011,0.001404,-48.8,218.0,765.25,22,5,100,0.00022,0.156695,-0.8159,0,,mesure_experimentale
iodp_remanence_395_15054674,395,U1564,F,CUBE12612021,0.008862,-5.2,177.1,774.13,22,5,100,0.000516,0.0582261,-0.9695,0,,mesure_experimentale
iodp_remanence_395_15054674,395,U1564,F,CUBE12612031,0.018346,3.1,168.4,777.58,22,5,100,0.001019,0.0555434,-0.9876,0,,mesure_experimentale
iodp_remanence_395_15054674,395,U1564,F,CUBE12612181,0.012777,-5.7,185.9,783.45,22,5,100,0.000423,0.0331064,-0.9876,0,,mesure_experimentale
iodp_remanence_395_15054674,395,U1564,F,CUBE12612191,0.009443,-4.0,180.8,788.76,22,5,100,0.000445,0.0471249,-0.9243,0,,mesure_experimentale
iodp_remanence_395_15054674,395,U1564,F,CUBE12613091,0.008835,29.1,155.8,795.33,16,5,50,0.000909,0.102886,-0.8118,0,,mesure_experimentale
iodp_remanence_395_15054674,395,U1564,F,CUBE12613101,0.017759,-13.5,177.2,799.09,19,5,80,0.001343,0.0756236,-0.9842,0,,mesure_experimentale
iodp_remanence_395_15054674,395,U1564,F,CUBE12613371,0.004742,14.0,164.7,803.47,18,5,60,0.000418,0.0881485,-0.7998,0,,mesure_experimentale
iodp_remanence_395_15054674,395,U1564,F,CUBE12613381,0.004455,-19.9,196.5,811.17,24,5,100,0.000346,0.0776655,-0.7235,0,,mesure_experimentale
iodp_remanence_395_15054674,395,U1564,F,CUBE12613451,0.002319,-24.0,184.8,814.54,24,5,100,0.000324,0.139715,-0.6591,0,,mesure_experimentale
iodp_remanence_395_15054674,395,U1564,F,CUBE12613461,0.005673,-9.2,179.7,817.91,20,5,100,0.000525,0.0925436,-0.8286,0,,mesure_experimentale
iodp_remanence_395_15054674,395,U1564,F,CUBE12613921,0.003811,-20.0,176.1,821.64,20,5,100,0.000565,0.148255,-0.9850,0,,mesure_experimentale
iodp_remanence_395_15054674,395,U1564,F,CUBE12613931,0.010278,6.3,181.3,824.26,22,5,100,0.001051,0.102257,-0.8430,0,,mesure_experimentale
iodp_remanence_395_15054674,395,U1564,F,CUBE12614351,0.002814,-5.7,187.7,832.84,22,5,100,0.000339,0.120469,-0.9876,0,,mesure_experimentale
iodp_remanence_395_15054674,395,U1564,F,CUBE12614361,0.00318,-8.4,172.2,839.06,22,5,100,0.000335,0.105346,-0.9785,0,,mesure_experimentale
iodp_remanence_395_15054674,395,U1564,F,CUBE12614771,0.008975,-3.2,172.0,841.12,22,5,100,0.000926,0.103175,-0.9876,0,,mesure_experimentale
iodp_remanence_395_15054674,395,U1564,F,CUBE12614781,0.007371,-18.4,179.1,843.47,20,5,80,0.000505,0.0685117,-0.9850,0,,mesure_experimentale
iodp_remanence_395_15054674,395,U1564,F,CUBE12614801,0.003218,-13.0,181.4,847.57,16,5,40,0.000169,0.0525171,-0.9088,0,,mesure_experimentale
iodp_remanence_395_15054674,395,U1564,F,CUBE12615511,0.007309,3.4,181.7,853.78,22,5,100,0.000466,0.063757,-0.9876,0,,mesure_experimentale
iodp_remanence_395_15054674,395,U1564,F,CUBE12615521,0.00922,4.8,188.3,854.76,20,10,100,0.000718,0.0778742,-0.9850,0,,mesure_experimentale
iodp_remanence_395_15054674,395,U1564,F,CUBE12615531,0.005687,3.1,173.1,857.19,20,5,100,0.000653,0.114823,-0.6481,0,,mesure_experimentale
iodp_remanence_395_15054674,395,U1564,F,CUBE12616241,0.007223,-9.1,183.2,860.54,18,5,60,0.000587,0.0812682,-0.9814,0,,mesure_experimentale
iodp_remanence_395_15054674,395,U1564,F,CUBE12616251,0.007618,-16.5,187.2,863.02,22,5,100,0.000569,0.0746915,-0.9876,0,,mesure_experimentale
iodp_remanence_395_15054674,395,U1564,F,CUBE12616271,0.009015,5.2,195.4,865.7,22,5,100,0.000788,0.0874099,-0.9785,0,,mesure_experimentale
iodp_remanence_395_15054674,395,U1564,F,CUBE12616901,0.006084,7.2,180.7,880.46,18,5,50,0.000968,0.159106,-0.8720,0,,mesure_experimentale
iodp_remanence_395_15054674,395,U1564,F,CUBE12616911,0.008211,4.9,169.6,882.57,14,5,50,0.001131,0.137742,-0.9692,0,,mesure_experimentale
iodp_remanence_395_15054674,395,U1564,F,CUBE12616921,0.005899,2.1,187.6,885.16,16,5,50,0.000882,0.149517,-0.8824,0,,mesure_experimentale
iodp_remanence_395_15054674,395,U1564,F,CUBE12617341,0.007215,-7.3,179.8,889.41,23,5,100,0.000368,0.0510049,-0.7480,0,,mesure_experimentale
iodp_remanence_395_15054674,395,U1564,F,CUBE12617351,0.007664,2.7,173.0,892.45,19,5,100,0.000499,0.0651096,-0.9789,0,,mesure_experimentale
iodp_remanence_395_15054674,395,U1564,F,CUBE12617361,0.00561,-7.4,176.2,895.96,20,5,100,0.000681,0.12139,-0.9850,0,,mesure_experimentale
iodp_remanence_395_15054674,395,U1564,F,CUBE12617781,0.009747,-1.9,191.8,906.95,22,5,100,0.001645,0.16877,-0.9876,0,,mesure_experimentale
iodp_remanence_395_15054674,395,U1564,F,CUBE12617791,0.005254,2.4,192.0,899.45,18,5,60,0.001097,0.208793,-0.9649,0,,mesure_experimentale
iodp_remanence_395_15054674,395,U1564,F,CUBE12618171,0.003179,9.6,181.2,911.57,18,5,60,0.000567,0.178358,-0.9814,0,,mesure_experimentale
iodp_remanence_395_15054674,395,U1564,F,CUBE12618191,0.011689,0.0,173.5,917.68,14,5,40,0.001187,0.101548,-0.9692,0,,mesure_experimentale
iodp_remanence_395_15054674,395,U1564,F,CUBE12618321,0.040198,8.8,185.7,921.92,13,5,100,0.003289,0.08182,-0.9890,0,,mesure_experimentale
iodp_remanence_395_15054674,395,U1564,F,CUBE12618331,0.036383,-6.7,166.1,923.82,13,5,100,0.004306,0.118352,-0.9835,0,,mesure_experimentale
iodp_remanence_395_15054674,395,U1564,F,CUBE12618641,0.029164,-0.8,176.1,930.53,18,5,60,0.002342,0.0803045,-0.9814,0,,mesure_experimentale
iodp_remanence_395_15054674,395,U1564,F,CUBE12618651,0.017889,-14.6,179.7,932.27,14,5,100,0.001373,0.0767511,-0.9912,0,,mesure_experimentale
iodp_remanence_395_15054674,395,U1564,F,CUBE12618961,0.019236,23.6,168.2,939.19,14,5,100,0.00106,0.055105,-0.9824,0,,mesure_experimentale
iodp_remanence_395_15054674,395,U1564,F,CUBE12618971,0.02879,1.9,181.4,943.87,13,5,100,0.001991,0.069156,-0.9835,0,,mesure_experimentale
iodp_remanence_395_15054674,395,U1564,F,CUBE12619271,0.029605,-5.9,169.7,949.81,14,5,100,0.001213,0.0409728,-0.9648,0,,mesure_experimentale
iodp_remanence_395_15054674,395,U1564,F,CUBE12619281,0.007672,7.8,171.2,953.37,22,5,100,0.00104,0.135558,-0.9876,0,,mesure_experimentale
iodp_remanence_395_15054674,395,U1564,F,CUBE12619301,0.0066,2.8,190.6,955.52,22,5,100,0.000971,0.147121,-0.9605,0,,mesure_experimentale
iodp_remanence_395_15054674,395,U1564,F,CUBE12619911,0.026065,8.4,193.6,957.57,22,5,100,0.001799,0.0690198,-0.9876,0,,mesure_experimentale
iodp_remanence_395_15054674,395,U1564,F,CUBE12619921,0.04471,6.3,173.1,959.27,22,5,100,0.019632,0.439096,-0.1293,0,,mesure_experimentale
iodp_remanence_395_15054674,395,U1564,F,CUBE12619931,0.07995,2.7,190.7,961.56,16,5,50,0.006566,0.0821263,-0.9765,0,,mesure_experimentale
iodp_remanence_395_15054674,395,U1564,F,CUBE12619991,0.016724,-6.4,165.6,963.3,18,5,60,0.001378,0.0823966,-0.9814,0,,mesure_experimentale
iodp_remanence_395_15054674,395,U1564,F,CUBE12620011,0.013679,-3.1,177.2,969.8,18,5,60,0.00078,0.0570217,-0.4530,0,,mesure_experimentale
iodp_remanence_395_15054674,395,U1564,F,CUBE12620031,0.002724,7.2,183.1,972.01,14,5,40,0.000192,0.0704846,-0.9692,0,,mesure_experimentale
iodp_remanence_395_15054674,395,U1564,F,CUBE12620351,0.000981,-2.4,173.5,976.86,10,5,25,7.4e-05,0.0754332,-0.9394,0,,mesure_experimentale
iodp_remanence_395_15054674,395,U1564,F,CUBE12621011,0.003622,20.4,168.3,987.47,22,5,100,0.001353,0.373551,-0.9695,0,,mesure_experimentale
iodp_remanence_395_15054674,395,U1564,F,CUBE12623031,9.28597,19.1,181.1,1007.19,7,5,50,0.537978,0.0579345,-0.9643,0,,mesure_experimentale
iodp_remanence_395_15054674,395,U1564,F,CUBE12623041,3.20364,-11.6,160.1,1010.52,6,5,40,0.09434,0.0294478,-0.9429,0,,mesure_experimentale
iodp_remanence_395_15054674,395,U1564,F,CUBE12623611,1.33819,-25.7,208.5,999.49,6,5,40,0.02882,0.0215365,-1.0000,0,,mesure_experimentale
iodp_remanence_395_15054674,395,U1564,F,CUBE12623631,4.51546,-1.1,168.6,1003.08,14,50,600,0.055992,0.0124001,-0.8286,0,,mesure_experimentale
iodp_remanence_395_15054674,395,U1564,F,CUBE12624041,4.26032,12.8,179.9,1018.28,3,5,15,0.108782,0.0255337,-1.0000,0,,mesure_experimentale
iodp_remanence_395_15054674,395,U1564,F,CUBE12624051,9.72209,6.8,189.2,1021.95,3,5,15,0.171028,0.0175917,-1.0000,0,,mesure_experimentale
iodp_remanence_395_15054674,395,U1564,F,CUBE12624111,3.59489,-9.5,183.7,1028.89,4,5,20,0.597103,0.166098,0.6000,0,,mesure_experimentale
iodp_remanence_395_15054674,395,U1564,F,CUBE12624151,1.82122,-16.6,159.9,1039.545,14,50,600,0.042379,0.0232696,-1.0000,0,,mesure_experimentale
iodp_remanence_395_15054674,395,U1564,F,CUBE12625821,0.009697,19.3,182.1,1050.54,14,50,600,0.000394,0.0406311,-0.9956,0,,mesure_experimentale
iodp_remanence_395_15054674,395,U1564,F,CUBE12627541,1.4728,-15.3,268.8,1056.35,15,50,600,0.10559,0.0716935,-0.4786,0,,mesure_experimentale
iodp_remanence_395_15054674,395,U1564,F,CUBE12627551,1.01453,1.1,315.3,1040.01,14,50,600,0.14561,0.143524,-0.6747,0,,mesure_experimentale
iodp_remanence_395_15054674,395,U1564,F,CUBE12627561,0.549502,12.6,114.9,1047.61,14,50,600,0.084763,0.154254,-0.4198,0,,mesure_experimentale
iodp_remanence_395_15054674,395,U1564,F,CUBE12629931,2.6161,-1.2,180.6,1061.63,4,5,20,0.077017,0.0294396,-1.0000,0,,mesure_experimentale
iodp_remanence_395_15054674,395,U1564,F,CUBE12629961,4.43865,0.5,152.0,1064.23,4,5,20,0.120126,0.0270636,-1.0000,0,,mesure_experimentale
iodp_remanence_395_15054674,395,U1564,F,CUBE12629971,1.81067,26.3,154.5,1066.68,4,5,20,0.137959,0.0761922,-1.0000,0,,mesure_experimentale
iodp_remanence_395_15054674,395,U1564,F,CUBE12629991,2.35744,10.8,172.9,1077.02,15,50,600,0.043512,0.0184573,-0.9607,0,,mesure_experimentale
iodp_remanence_395_15054674,395,U1564,F,CUBE12630021,3.01676,42.5,161.7,1079.79,14,50,600,0.069774,0.0231288,-0.8286,0,,mesure_experimentale
iodp_remanence_395_15054674,395,U1564,F,CUBE12630031,2.84649,12.9,180.1,1086.08,4,5,20,0.227998,0.080098,-0.8000,0,,mesure_experimentale
iodp_remanence_395_15054674,395,U1564,F,CUBE12630071,1.12664,20.6,207.2,1089.77,4,5,20,0.060062,0.0533109,-1.0000,0,,mesure_experimentale
iodp_remanence_395_15054674,395,U1564,F,CUBE12630101,6.35795,10.4,189.5,1095.64,4,5,20,0.091027,0.014317,-1.0000,0,,mesure_experimentale
iodp_remanence_395_15054674,395,U1564,F,CUBE12632521,2.69612,-36.4,194.6,1108.31,14,50,600,0.027045,0.0100311,-0.9121,0,,mesure_experimentale
iodp_remanence_395_15054674,395,U1564,F,CUBE12632531,5.37407,17.6,184.8,1113.32,4,5,20,0.230219,0.0428389,-1.0000,0,,mesure_experimentale
iodp_remanence_395_15054674,395,U1564,F,CUBE12632581,9.07866,-19.2,174.6,1122.93,4,5,20,0.470963,0.0518758,-1.0000,0,,mesure_experimentale
iodp_remanence_395_15054674,395,U1564,F,CUBE12632591,3.62259,65.3,195.5,1130.21,6,5,30,0.195196,0.053883,-1.0000,0,,mesure_experimentale
iodp_remanence_395_15054674,395,U1564,F,CUBE12632601,7.45469,2.7,195.6,1135.18,5,5,20,0.149342,0.0200333,-0.9000,0,,mesure_experimentale
iodp_remanence_395_15054674,395,U1564,F,CUBE12632651,7.55611,15.4,54.7,1140.39,9,5,50,0.508004,0.0672309,-0.9833,0,,mesure_experimentale
iodp_remanence_395_15054674,395,U1564,F,CUBE12636341,4.64455,30.6,104.6,1142.02,7,5,40,0.140791,0.0303132,-1.0000,0,,mesure_experimentale
iodp_remanence_395_15054674,395,U1564,F,CUBE12636361,4.34753,65.0,348.2,1149.27,7,5,40,0.198207,0.0455908,-1.0000,0,,mesure_experimentale
iodp_remanence_395_15054674,395,U1602,E,WDGE12579291,0.648168,15.0,157.3,861.0,9,5,60,0.030689,0.0473473,-1.0000,0,,mesure_experimentale
iodp_remanence_397_10210975,397T,U1584,A,CUBE11708461,0.056058,3.1,215.5,151.24,9,5,50,0.001627,0.0290235,-1.0000,0,,mesure_experimentale
iodp_remanence_397_10210975,397T,U1584,A,CUBE11708471,0.045543,-22.0,309.2,152.72,10,10,80,0.001895,0.041609,-0.9879,14,0.9912,mesure_experimentale
iodp_remanence_397_10210975,397T,U1584,A,CUBE11709011,0.15631,-11.2,165.3,161.66,13,5,100,0.011417,0.0730408,-0.8626,0,,mesure_experimentale
iodp_remanence_397_10210975,397T,U1584,A,CUBE11709021,0.071703,-30.6,176.7,162.88,10,5,80,0.009329,0.130106,-0.7455,0,,mesure_experimentale
iodp_remanence_397_10210975,397T,U1584,A,CUBE11709031,0.043948,-30.9,165.4,163.89,11,5,80,0.009009,0.204992,-0.2545,0,,mesure_experimentale
iodp_remanence_397_10210975,397T,U1584,A,CUBE11709051,0.066458,-42.6,334.2,164.7,12,5,100,0.00916,0.137831,-0.9930,14,0.9956,mesure_experimentale
iodp_remanence_397_10210975,397T,U1585,A,CUBE11710851,0.025991,-21.6,160.3,144.81,12,5,100,0.001474,0.0567119,-0.9930,0,,mesure_experimentale
iodp_remanence_397_10210975,397T,U1585,A,CUBE11710861,0.017556,27.8,200.7,154.41,11,5,100,0.001398,0.0796309,-1.0000,6,1.0000,mesure_experimentale
iodp_remanence_397_10210975,397T,U1585,A,CUBE11710871,0.025202,-38.6,162.2,155.58,13,100,625,0.000723,0.0286882,-0.9945,0,,mesure_experimentale
iodp_remanence_397_10210975,397T,U1585,A,CUBE11710881,0.027075,32.6,185.3,156.27,11,5,100,0.001573,0.0580979,-0.9909,20,0.8977,mesure_experimentale
iodp_remanence_397_10210975,397T,U1585,A,CUBE11713961,0.021017,-9.0,316.9,204.31,11,5,100,0.001689,0.0803635,-0.9909,0,,mesure_experimentale
iodp_remanence_397_10210975,397T,U1585,A,CUBE11713971,0.04636,18.2,325.8,211.84,13,100,625,0.001532,0.0330457,-1.0000,0,,mesure_experimentale
iodp_remanence_397_10210975,397T,U1585,A,CUBE11713981,0.036589,-38.2,359.5,212.22,11,5,100,0.002738,0.0748312,-1.0000,0,,mesure_experimentale
iodp_remanence_397_10210975,397T,U1585,A,CUBE11713991,0.020761,37.3,338.7,214.41,11,5,100,0.001234,0.0594384,-1.0000,21,0.9831,mesure_experimentale
iodp_remanence_397_10210975,397T,U1585,A,CUBE11714001,0.050441,37.5,343.3,223.77,14,100,650,0.001568,0.0310858,-1.0000,0,,mesure_experimentale
iodp_remanence_397_10210975,397T,U1585,A,CUBE11714011,0.084291,-39.2,180.1,232.78,13,5,100,0.006951,0.0824643,-1.0000,21,0.9896,mesure_experimentale
iodp_remanence_397_10210975,397T,U1585,A,CUBE11714021,0.095954,33.5,201.8,240.17,12,5,100,0.006097,0.0635409,-0.9860,0,,mesure_experimentale
iodp_remanence_397_10210975,397T,U1585,A,CUBE11714031,0.042354,23.7,192.0,241.22,12,100,600,0.002196,0.0518487,-0.9930,0,,mesure_experimentale
iodp_remanence_397_10210975,397T,U1585,A,CUBE11716631,0.092501,35.0,202.2,259.52,12,5,100,0.003825,0.0413509,-1.0000,0,,mesure_experimentale
iodp_remanence_397_10210975,397T,U1585,A,CUBE11716641,0.07332,2.5,26.8,261.0,12,5,100,0.005625,0.0767185,-0.9930,0,,mesure_experimentale
iodp_remanence_397_10210975,397T,U1585,A,CUBE11716651,0.058671,21.6,12.9,262.72,13,100,625,0.003309,0.0563992,-1.0000,0,,mesure_experimentale
iodp_remanence_397_10210975,397T,U1585,A,CUBE11716661,0.076792,8.4,323.8,263.94,12,5,100,0.007204,0.0938119,-1.0000,20,0.9383,mesure_experimentale
iodp_remanence_397_10210975,397T,U1585,A,CUBE11716831,0.067099,-1.5,326.3,268.89,12,5,100,0.006233,0.0928926,-0.9930,0,,mesure_experimentale
iodp_remanence_397_10210975,397T,U1585,A,CUBE11716841,0.125014,16.6,23.7,270.1,13,5,150,0.0058,0.0463948,-0.9945,0,,mesure_experimentale
iodp_remanence_397_10210975,397T,U1585,A,CUBE11716851,0.027835,-12.7,209.7,271.75,11,100,575,0.006319,0.227016,-0.9727,0,,mesure_experimentale
iodp_remanence_397_10210975,397T,U1585,A,CUBE11716861,0.031022,-36.0,356.8,278.31,13,5,150,0.00219,0.0705951,-1.0000,0,,mesure_experimentale
iodp_remanence_397_10210975,397T,U1585,A,CUBE11716871,0.018398,36.9,348.1,279.5,13,5,150,0.001618,0.0879443,-1.0000,0,,mesure_experimentale
iodp_remanence_397_10210975,397T,U1585,A,CUBE11716881,0.016746,-34.5,20.6,280.78,14,100,650,0.000725,0.0432939,-0.9912,0,,mesure_experimentale
iodp_remanence_397_10210975,397T,U1585,A,CUBE11717921,0.052184,35.8,13.8,287.74,13,100,625,0.003481,0.0667063,-0.9945,0,,mesure_experimentale
iodp_remanence_397_10210975,397T,U1585,A,CUBE11717931,0.045901,-38.2,142.2,288.6,14,5,200,0.002093,0.0455981,-0.9956,0,,mesure_experimentale
iodp_remanence_397_10210975,397T,U1585,A,CUBE11717941,0.003682,-43.6,154.6,290.26,13,5,575,0.000927,0.251765,-0.9670,21,0.8481,mesure_experimentale
iodp_remanence_397_10210975,397T,U1585,A,CUBE11717951,0.243834,16.3,147.7,292.08,12,100,600,0.004974,0.0203991,-1.0000,0,,mesure_experimentale
iodp_remanence_397_10210975,397T,U1585,A,CUBE11717961,0.056139,10.1,173.2,293.22,12,5,200,0.001298,0.0231212,-0.9930,0,,mesure_experimentale
iodp_remanence_397_10210975,397T,U1585,A,CUBE11717971,0.07313,21.4,198.6,299.27,13,5,150,0.003411,0.046643,-1.0000,0,,mesure_experimentale
iodp_remanence_397_10210975,397T,U1585,A,CUBE11717981,0.149975,34.0,179.3,300.28,11,100,575,0.002134,0.014229,-1.0000,0,,mesure_experimentale
iodp_remanence_397_10210975,397T,U1585,A,CUBE11718441,0.007672,18.9,172.4,307.4,13,5,650,0.00079,0.102972,-0.9505,0,,mesure_experimentale
iodp_remanence_397_10210975,397T,U1585,A,CUBE11718451,0.009637,-5.5,139.7,308.43,12,5,200,0.003355,0.348137,-1.0000,23,0.6838,mesure_experimentale
iodp_remanence_397_10210975,397T,U1585,A,CUBE11718461,0.017503,-30.8,159.0,310.96,13,100,625,0.001137,0.0649603,-0.9615,0,,mesure_experimentale
iodp_remanence_397_10210975,397T,U1585,A,CUBE11718471,0.004876,-49.8,170.9,311.42,12,5,200,0.00099,0.203035,-0.9790,0,,mesure_experimentale
iodp_remanence_397_10210975,397T,U1585,A,CUBE11718481,0.022906,-20.5,154.5,312.89,14,5,200,0.014783,0.645377,0.0593,21,0.9494,mesure_experimentale
iodp_remanence_397_10210975,397T,U1585,A,CUBE11718841,0.008831,-42.8,191.0,317.18,14,100,650,0.000408,0.0462009,-0.7275,0,,mesure_experimentale
iodp_remanence_397_10210975,397T,U1585,A,CUBE11718851,0.007736,-4.2,153.6,318.07,12,5,200,0.000773,0.0999224,-1.0000,0,,mesure_experimentale
iodp_remanence_397_10210975,397T,U1585,A,CUBE11718861,0.009089,22.6,178.5,319.5,12,5,200,0.000446,0.0490703,-1.0000,0,,mesure_experimentale
iodp_remanence_397_10210975,397T,U1585,A,CUBE11718871,0.009292,-52.8,315.4,321.78,16,100,675,0.002976,0.320276,-0.7559,0,,mesure_experimentale
iodp_remanence_397_10210975,397T,U1585,A,CUBE11718881,0.019238,-33.8,204.5,322.17,12,5,200,0.005977,0.310687,-0.9790,0,,mesure_experimentale
iodp_remanence_397_10210975,397T,U1585,A,CUBE11718891,0.050467,-17.0,212.9,323.83,12,5,200,0.014963,0.296491,-0.9930,0,,mesure_experimentale
iodp_remanence_397_10210975,397T,U1585,A,CUBE11718901,0.055689,32.8,178.0,326.3,12,5,200,0.009019,0.161953,-1.0000,21,0.9701,mesure_experimentale
iodp_remanence_397_10210975,397T,U1585,A,CUBE11718911,0.011032,20.4,158.1,331.12,10,100,550,0.000528,0.0478608,-0.9152,0,,mesure_experimentale
iodp_remanence_397_10210975,397T,U1585,A,CUBE11720521,0.201938,-36.5,156.3,336.86,12,5,200,0.018306,0.0906516,-0.9860,0,,mesure_experimentale
iodp_remanence_397_10210975,397T,U1585,A,CUBE11720531,0.133083,-26.6,155.4,337.61,11,5,100,0.006809,0.0511636,-1.0000,20,0.9669,mesure_experimentale
iodp_remanence_397_10210975,397T,U1585,A,CUBE11720541,0.137341,-28.1,174.1,338.77,13,100,625,0.003151,0.0229429,-1.0000,0,,mesure_experimentale
iodp_remanence_397_10210975,397T,U1585,A,CUBE11720551,0.273446,7.9,210.8,340.07,12,5,200,0.040542,0.148263,-0.9790,0,,mesure_experimentale
iodp_remanence_397_10210975,397T,U1585,A,CUBE11720561,0.300574,-15.0,145.4,342.19,11,5,100,0.004658,0.015497,-1.0000,21,0.9792,mesure_experimentale
iodp_remanence_397_10210975,397T,U1585,A,CUBE11720571,0.356021,-0.7,201.2,345.04,12,100,600,0.008683,0.024389,-1.0000,0,,mesure_experimentale
iodp_remanence_397_10210975,397T,U1585,A,CUBE11720581,0.391302,-31.6,199.8,345.38,13,5,200,0.027993,0.0715381,-1.0000,0,,mesure_experimentale
iodp_remanence_397_10210975,397T,U1585,A,CUBE11720591,0.320475,14.7,158.0,211.32,13,5,200,0.020057,0.0625852,-0.9725,0,,mesure_experimentale
iodp_remanence_397_10210975,397T,U1585,A,CUBE11720601,0.444887,1.3,208.9,348.32,11,100,575,0.013774,0.0309607,-1.0000,0,,mesure_experimentale
iodp_remanence_397_10210975,397T,U1585,A,CUBE11720911,0.499581,-4.7,146.0,355.9,13,5,200,0.020417,0.0408682,-1.0000,21,0.9286,mesure_experimentale
iodp_remanence_397_10210975,397T,U1585,A,CUBE11720921,0.160265,18.3,196.9,364.62,13,5,200,0.019983,0.124687,-1.0000,21,0.9364,mesure_experimentale
iodp_remanence_397_10210975,397T,U1585,A,CUBE11720931,0.556888,-6.2,213.1,366.65,11,100,575,0.011928,0.021419,-1.0000,0,,mesure_experimentale
iodp_remanence_397_10210975,397T,U1585,A,CUBE11720941,0.185786,-3.2,209.5,374.17,13,5,200,0.022828,0.122873,-1.0000,0,,mesure_experimentale
iodp_remanence_397_10210975,397T,U1585,A,CUBE11720951,0.035772,-35.0,159.7,375.5,11,5,100,0.001491,0.0416806,-1.0000,0,,mesure_experimentale
iodp_remanence_397_10210975,397T,U1585,A,CUBE11720961,0.039712,11.5,143.3,377.68,11,100,575,0.000821,0.0206739,-1.0000,0,,mesure_experimentale
iodp_remanence_397_10210975,397T,U1585,A,CUBE11720971,0.028002,-2.9,142.6,378.38,11,5,100,0.000981,0.0350332,-1.0000,0,,mesure_experimentale
iodp_remanence_397_10210975,397T,U1585,A,CUBE11720981,0.185938,-28.8,203.3,380.96,11,5,100,0.002369,0.0127408,-1.0000,0,,mesure_experimentale
iodp_remanence_397_10210975,397T,U1585,A,CUBE11721321,0.012519,-35.7,177.4,384.37,12,100,575,0.000451,0.0360252,-1.0000,0,,mesure_experimentale
iodp_remanence_397_10210975,397T,U1585,A,CUBE11721331,0.171549,13.0,211.0,386.14,13,5,200,0.013909,0.0810789,-1.0000,21,0.9688,mesure_experimentale
iodp_remanence_397_10210975,397T,U1585,A,CUBE11721341,0.158025,18.8,208.1,387.19,13,5,200,0.00837,0.0529663,-1.0000,0,,mesure_experimentale
iodp_remanence_397_10210975,397T,U1585,A,CUBE11721351,0.049719,-30.0,144.4,394.82,13,5,200,0.005532,0.111265,-0.9945,20,0.7263,mesure_experimentale
iodp_remanence_397_10210975,397T,U1585,A,CUBE11721361,0.059987,38.0,196.7,397.15,12,100,600,0.001744,0.029073,-0.9930,0,,mesure_experimentale
iodp_remanence_397_10210975,397T,U1585,A,CUBE11722661,2.81371,-19.9,157.2,418.175,11,5,80,0.024009,0.00853287,-1.0000,0,,mesure_experimentale
iodp_remanence_397_10210975,397T,U1585,A,CUBE11722671,3.47251,-15.9,190.0,423.66,9,5,50,0.080731,0.0232486,-1.0000,0,,mesure_experimentale
iodp_remanence_397_10210975,397T,U1585,A,CUBE11722681,1.07497,-20.0,157.1,426.07,12,100,550,0.187028,0.173984,-0.8252,0,,mesure_experimentale
iodp_remanence_397_10210975,397T,U1585,A,CUBE11722691,1.38833,-2.0,161.6,428.305,12,100,550,0.196234,0.141345,-0.7413,0,,mesure_experimentale
iodp_remanence_397_10210975,397T,U1585,A,CUBE11722701,2.68407,2.4,157.2,432.5,8,5,50,0.039227,0.0146148,-0.9762,0,,mesure_experimentale
iodp_remanence_397_10210975,397T,U1585,A,CUBE11722711,3.79552,-12.5,173.5,418.685,12,100,550,0.096378,0.0253925,-0.9930,0,,mesure_experimentale
iodp_remanence_397_10210975,397T,U1585,A,CUBE11722721,2.21971,10.8,201.9,420.22,11,5,80,0.043468,0.0195827,-1.0000,0,,mesure_experimentale
iodp_remanence_397_10210975,397T,U1585,A,CUBE11722731,8.39025,-14.9,150.8,422.13,13,100,575,0.214798,0.0256009,-0.8956,0,,mesure_experimentale
iodp_remanence_397_10210975,397T,U1585,A,CUBE11722741,4.78266,-22.2,191.4,424.45,12,100,550,0.171546,0.0358684,-1.0000,0,,mesure_experimentale
iodp_remanence_397_10210975,397T,U1585,A,CUBE11722751,3.66572,-16.7,187.8,425.19,8,5,40,0.09609,0.0262132,-1.0000,23,0.9852,mesure_experimentale
iodp_remanence_397_10210975,397T,U1585,A,CUBE11722761,2.3015,18.2,189.1,427.585,11,5,80,0.500881,0.217633,-0.7818,0,,mesure_experimentale
iodp_remanence_397_10210975,397T,U1585,A,CUBE11722771,4.16904,-3.3,156.0,430.22,9,5,60,0.086223,0.0206817,-1.0000,0,,mesure_experimentale
iodp_remanence_397_10210975,397T,U1585,A,CUBE11722781,11.3951,25.3,176.8,431.24,12,100,550,0.108785,0.00954661,-1.0000,0,,mesure_experimentale
iodp_remanence_397_10210975,397T,U1585,A,CUBE11722801,3.19815,-17.0,149.5,432.985,13,100,575,0.134807,0.0421515,-1.0000,0,,mesure_experimentale
iodp_remanence_397_10210975,397T,U1585,A,CUBE11722811,2.96556,-7.6,163.7,435.295,8,5,50,0.102938,0.0347112,-1.0000,0,,mesure_experimentale
iodp_remanence_397_10210975,397T,U1585,A,CUBE11722821,2.63472,-13.2,164.8,436.26,12,100,550,0.139365,0.0528956,-0.9860,0,,mesure_experimentale
iodp_remanence_397_10210975,397T,U1585,A,CUBE11722831,0.992518,24.8,169.6,437.645,6,5,30,0.090961,0.0916467,-0.8286,0,,mesure_experimentale
iodp_remanence_397_10210975,397T,U1585,A,CUBE11722841,2.80023,-8.5,194.2,438.735,11,100,500,0.129826,0.0463626,-0.9636,0,,mesure_experimentale
iodp_remanence_397_10210975,397T,U1585,A,CUBE11722851,2.98491,19.0,181.1,438.98,8,5,50,0.047222,0.0158202,-0.9762,0,,mesure_experimentale
iodp_remanence_397_10210975,397T,U1585,A,CUBE11723371,3.09658,-24.4,164.4,441.3,7,5,40,0.053813,0.0173782,-1.0000,0,,mesure_experimentale
iodp_remanence_397_10210975,397T,U1585,A,CUBE11723381,5.91469,4.9,148.0,451.29,13,100,575,0.066946,0.0113186,-1.0000,0,,mesure_experimentale
iodp_remanence_397_10210975,397T,U1585,A,CUBE11723391,4.13497,-2.8,177.0,452.56,5,5,25,0.062243,0.0150528,-1.0000,23,0.9980,mesure_experimentale
iodp_remanence_397_10210975,397T,U1585,A,CUBE11723401,5.05256,1.5,176.2,453.18,13,100,575,0.729811,0.144444,-0.9780,0,,mesure_experimentale
iodp_remanence_397_10210975,397T,U1585,A,CUBE11723411,2.40462,-24.1,351.2,455.12,10,5,80,0.165371,0.0687723,-0.9758,0,,mesure_experimentale
iodp_remanence_397_10210975,397T,U1585,A,CUBE11723421,2.45678,-4.0,0.6,456.0,13,100,575,0.72373,0.294585,-0.9670,0,,mesure_experimentale
iodp_remanence_397_10210975,397T,U1585,A,CUBE11723431,4.20908,4.9,199.3,457.06,10,5,80,0.072727,0.0172786,-0.9879,0,,mesure_experimentale
iodp_remanence_397_10210975,397T,U1585,A,CUBE11723441,2.31793,-30.9,191.5,457.95,10,100,450,0.641887,0.276922,-0.7091,0,,mesure_experimentale
iodp_remanence_397_10210975,397T,U1585,A,CUBE11723451,8.63271,-1.6,205.8,459.6,10,5,80,0.119799,0.0138773,-1.0000,0,,mesure_experimentale
iodp_remanence_397_10210975,397T,U1585,A,CUBE11723461,3.18964,-19.2,181.4,460.74,10,100,450,0.495014,0.155194,-0.8061,0,,mesure_experimentale
iodp_remanence_397_10210975,397T,U1585,A,CUBE11723621,1.65669,-40.6,187.7,460.57,6,5,30,0.188771,0.113944,-0.6000,0,,mesure_experimentale
iodp_remanence_397_10210975,397T,U1585,A,CUBE11723631,3.70811,-28.8,168.9,462.195,10,100,450,0.946691,0.255303,-0.6242,0,,mesure_experimentale
iodp_remanence_397_10210975,397T,U1585,A,CUBE11723641,4.06936,-27.3,177.4,462.305,6,5,30,0.147206,0.0361742,-1.0000,0,,mesure_experimentale
iodp_remanence_397_10210975,397T,U1585,A,CUBE11723651,3.45591,-13.5,356.1,463.565,13,100,575,0.741375,0.214524,-0.9286,0,,mesure_experimentale
iodp_remanence_397_10210975,397T,U1585,A,CUBE11723661,3.12996,-28.7,178.8,464.705,6,5,30,0.260611,0.0832635,-0.9429,0,,mesure_experimentale
iodp_remanence_397_10210975,397T,U1585,A,CUBE11723671,2.52224,-32.1,167.8,465.68,13,100,575,0.609251,0.241551,-0.8242,0,,mesure_experimentale
iodp_remanence_397_10210975,397T,U1585,A,CUBE11723681,1.77002,-31.3,175.9,466.86,6,5,30,0.373927,0.211256,-0.6000,0,,mesure_experimentale
iodp_remanence_397_10210975,397T,U1585,A,CUBE11723691,1.79776,-26.1,167.6,469.0,10,100,450,0.649287,0.361165,-0.1515,0,,mesure_experimentale
iodp_remanence_397_10210975,397T,U1585,A,CUBE11723701,1.96097,-14.8,167.7,470.94,6,5,30,0.202477,0.103254,-0.4857,0,,mesure_experimentale
iodp_remanence_397_10210975,397T,U1585,A,CUBE11723711,4.53145,15.2,168.8,471.305,13,100,575,0.411406,0.090789,-0.9945,0,,mesure_experimentale
iodp_remanence_397_10210975,397T,U1585,A,CUBE11723721,2.31663,-33.1,184.4,472.35,8,2,30,0.144988,0.0625857,-0.9762,0,,mesure_experimentale
iodp_remanence_397_10210975,397T,U1585,A,CUBE11723731,2.11133,-19.9,199.3,474.42,11,100,500,0.461362,0.218517,-0.7455,0,,mesure_experimentale
iodp_remanence_397_10210975,397T,U1585,A,CUBE11723741,2.20332,-8.5,187.5,475.65,5,2,15,0.144306,0.0654948,-0.9000,0,,mesure_experimentale
iodp_remanence_397_10210975,397T,U1585,A,CUBE11723751,1.55862,-21.8,188.7,476.805,10,100,450,0.52145,0.334559,-0.1515,0,,mesure_experimentale
iodp_remanence_397_10210975,397T,U1585,A,CUBE11723761,1.81167,-21.1,154.8,477.375,7,2,25,0.166331,0.0918106,-0.7500,0,,mesure_experimentale
iodp_remanence_397_10210975,397T,U1585,A,CUBE11723771,1.79495,-26.0,185.2,479.235,9,100,450,0.57054,0.317858,-0.1833,0,,mesure_experimentale
iodp_remanence_397_10210975,397T,U1585,A,CUBE11723781,1.91293,-20.2,174.6,480.055,7,2,25,0.247448,0.129355,-0.6429,0,,mesure_experimentale
iodp_remanence_397_10210975,397T,U1585,A,CUBE11723791,2.83005,-36.6,183.7,480.11,13,100,575,0.580809,0.205229,-0.9780,0,,mesure_experimentale
iodp_remanence_397_10210975,397T,U1585,A,CUBE11723801,5.13652,-29.3,175.9,480.95,12,2,80,0.136197,0.0265154,-1.0000,23,0.9249,mesure_experimentale
iodp_remanence_397_10210975,397T,U1585,A,CUBE11723811,4.76677,-25.7,181.6,482.21,14,100,575,0.393412,0.0825322,-0.9824,0,,mesure_experimentale
iodp_remanence_397_10210975,397T,U1585,A,CUBE11723821,3.76639,-26.0,184.3,483.54,9,2,40,0.171044,0.0454133,-1.0000,0,,mesure_experimentale
iodp_remanence_397_10210975,397T,U1585,A,CUBE11723831,5.59573,-29.9,178.2,484.91,13,100,575,0.327961,0.0586092,-1.0000,0,,mesure_experimentale
iodp_remanence_397_10210975,397T,U1585,A,CUBE11723841,4.01259,-30.9,176.6,485.11,9,2,40,0.228647,0.0569823,-0.9833,0,,mesure_experimentale
iodp_remanence_397_10210975,397T,U1585,A,CUBE11723851,2.9624,-29.5,179.7,485.78,13,100,575,0.565647,0.190942,-0.9505,0,,mesure_experimentale
iodp_remanence_397_10210975,397T,U1585,A,CUBE11723861,2.20451,-29.3,176.2,487.94,7,2,25,0.070014,0.0317595,-0.9643,0,,mesure_experimentale
iodp_remanence_397_10210975,397T,U1585,A,CUBE11723871,2.60791,-23.7,194.1,488.29,13,100,575,0.61998,0.237731,-0.8352,0,,mesure_experimentale
iodp_remanence_397_10210975,397T,U1585,A,CUBE11723881,3.99618,-21.7,170.2,489.74,8,2,30,0.117088,0.0293,-1.0000,0,,mesure_experimentale
iodp_remanence_397_10210975,397T,U1585,A,CUBE11723891,3.45693,-21.0,168.5,490.82,13,100,575,0.609135,0.176207,-0.8846,0,,mesure_experimentale
iodp_remanence_397_10210975,397T,U1585,A,CUBE11723901,4.81397,-16.9,178.0,492.19,8,2,30,0.118732,0.024664,-1.0000,0,,mesure_experimentale
iodp_remanence_397_10210975,397T,U1585,A,CUBE11723911,4.74821,-18.2,172.5,492.3,13,100,575,0.551453,0.116139,-0.9835,0,,mesure_experimentale
iodp_remanence_397_10210975,397T,U1585,A,CUBE11723921,5.10922,-23.2,170.5,494.1,11,2,60,0.127515,0.0249578,-1.0000,0,,mesure_experimentale
iodp_remanence_397_10210975,397T,U1585,A,CUBE11723931,4.0699,-17.6,175.1,494.63,13,100,575,0.526082,0.129262,-0.9615,0,,mesure_experimentale
iodp_remanence_397_12574614,397,U1586,A,CUBE11741991,0.023713,-14.5,196.1,0.84,48,5,80,0.000936,0.039472,-0.9870,0,,mesure_experimentale
iodp_remanence_397_12574614,397,U1586,A,CUBE11742001,0.020315,-13.1,184.8,2.25,48,5,80,0.000952,0.0468619,-0.9800,0,,mesure_experimentale
iodp_remanence_397_12574614,397,U1586,A,CUBE11742021,0.026547,-12.6,191.5,5.26,48,5,80,0.001398,0.0526613,-0.9870,0,,mesure_experimentale
iodp_remanence_397_12574614,397,U1586,A,CUBE11742291,0.050637,19.7,189.6,6.21,48,5,80,0.002661,0.0525505,-0.9870,0,,mesure_experimentale
iodp_remanence_397_12574614,397,U1586,A,CUBE11742471,0.018827,-18.7,186.7,3.75,48,5,80,0.000877,0.046582,-0.9800,0,,mesure_experimentale
iodp_remanence_397_12574614,397,U1586,A,CUBE11746161,0.034111,-30.6,190.6,35.99,21,10,80,0.001047,0.0306939,-0.9636,0,,mesure_experimentale
iodp_remanence_397_12574614,397,U1586,A,CUBE11746191,0.031833,-19.7,194.2,40.15,28,10,80,0.002067,0.0649326,-0.9617,0,,mesure_experimentale
iodp_remanence_397_12574614,397,U1586,A,CUBE11746201,0.032998,-23.6,212.5,41.66,28,10,80,0.001601,0.0485181,-0.9617,0,,mesure_experimentale
iodp_remanence_397_12574614,397,U1586,A,CUBE11746211,0.01827,-10.2,209.6,43.16,28,10,80,0.001802,0.0986316,-0.9617,0,,mesure_experimentale
iodp_remanence_397_12574614,397,U1586,A,CUBE11746221,0.011262,6.2,196.4,44.32,21,10,80,0.000688,0.0610904,-0.9286,0,,mesure_experimentale
iodp_remanence_397_12574614,397,U1586,A,CUBE11747041,0.012119,10.4,189.9,53.8,28,10,80,0.000546,0.0450532,-0.9617,0,,mesure_experimentale
iodp_remanence_397_12574614,397,U1586,A,CUBE11747971,0.02321,2.5,158.7,56.15,21,10,80,0.001065,0.0458854,-0.9286,0,,mesure_experimentale
iodp_remanence_397_12574614,397,U1586,A,CUBE11747981,0.011597,-2.2,167.0,59.16,21,10,80,0.000257,0.0221609,-0.9636,0,,mesure_experimentale
iodp_remanence_397_12574614,397,U1586,A,CUBE11747991,0.012494,11.2,187.9,62.18,28,10,80,0.00134,0.107251,-0.9267,0,,mesure_experimentale
iodp_remanence_397_12574614,397,U1586,A,CUBE11748871,0.009317,9.7,4.2,65.64,21,10,80,0.00175,0.187829,-0.6481,0,,mesure_experimentale
iodp_remanence_397_12574614,397,U1586,A,CUBE11751421,0.010623,15.5,205.3,106.65,28,10,80,0.001939,0.182528,-0.9267,0,,mesure_experimentale
iodp_remanence_397_12574614,397,U1586,A,CUBE11751431,0.011427,27.0,259.8,109.62,28,10,80,0.003075,0.2691,-0.9617,0,,mesure_experimentale
iodp_remanence_397_12574614,397,U1586,A,CUBE11752201,0.012308,52.5,105.4,113.11,21,10,80,0.005997,0.487244,-0.9286,0,,mesure_experimentale
iodp_remanence_397_12574614,397,U1586,A,CUBE11752211,0.014227,2.5,184.4,116.06,28,10,80,0.000692,0.0486399,-0.9617,0,,mesure_experimentale
iodp_remanence_397_12574614,397,U1586,A,CUBE11752221,0.020915,8.6,191.3,119.05,28,10,80,0.002286,0.1093,-0.6114,0,,mesure_experimentale
iodp_remanence_397_12574614,397,U1586,A,CUBE11754021,0.025353,-10.9,173.6,151.13,21,10,80,0.001233,0.0486333,-0.9636,0,,mesure_experimentale
iodp_remanence_397_12574614,397,U1586,A,CUBE11754031,0.015615,14.7,182.3,154.1,21,10,80,0.001326,0.0849183,-0.9286,0,,mesure_experimentale
iodp_remanence_397_12574614,397,U1586,A,CUBE11754041,0.024969,4.3,186.8,156.82,21,10,80,0.001449,0.058032,-0.9636,0,,mesure_experimentale
iodp_remanence_397_12574614,397,U1586,A,CUBE11754381,0.016896,6.2,174.7,159.11,21,10,80,0.001099,0.065045,-0.8234,0,,mesure_experimentale
iodp_remanence_397_12574614,397,U1586,A,CUBE11754391,0.01681,7.5,168.5,162.07,21,10,80,0.001745,0.103807,-0.8234,0,,mesure_experimentale
iodp_remanence_397_12574614,397,U1586,A,CUBE11758841,0.007256,23.6,218.9,208.51,21,10,80,0.001384,0.190739,-0.9636,0,,mesure_experimentale
iodp_remanence_397_12574614,397,U1586,A,CUBE11759501,0.015002,-10.3,198.2,215.99,21,10,80,0.001134,0.0755899,-0.9636,0,,mesure_experimentale
iodp_remanence_397_12574614,397,U1586,A,CUBE11760121,0.018181,-4.5,206.3,223.31,21,10,80,0.004896,0.269292,-0.7532,0,,mesure_experimentale
iodp_remanence_397_12574614,397,U1586,A,CUBE11760681,0.014616,-15.9,182.9,229.61,21,10,80,0.000892,0.061029,-0.9636,0,,mesure_experimentale
iodp_remanence_397_12574614,397,U1586,A,CUBE11761681,0.022473,-9.3,184.2,239.36,21,10,80,0.001904,0.0847239,-0.8584,0,,mesure_experimentale
iodp_remanence_397_12574614,397,U1586,A,CUBE11764271,0.011154,0.3,173.8,294.15,21,10,80,0.001888,0.169267,-0.9636,0,,mesure_experimentale
iodp_remanence_397_12574614,397,U1586,A,CUBE11764381,0.006301,-9.6,160.1,297.38,21,10,80,0.000771,0.122362,-0.9636,0,,mesure_experimentale
iodp_remanence_397_12574614,397,U1586,A,CUBE11764391,0.027982,-37.1,174.6,301.2,21,10,80,0.002967,0.106032,-0.7182,0,,mesure_experimentale
iodp_remanence_397_12574614,397,U1586,A,CUBE11764401,0.049016,19.8,195.6,303.49,21,10,80,0.018821,0.383977,0.1234,0,,mesure_experimentale
iodp_remanence_397_12574614,397,U1586,A,CUBE11764691,0.006979,15.5,189.7,307.16,28,10,80,0.001107,0.158619,-0.2611,0,,mesure_experimentale
iodp_remanence_397_12574614,397,U1587,B,CUBE11831291,0.022727,33.2,165.4,7.11,45,5,80,0.002147,0.0944691,-0.9885,0,,mesure_experimentale
iodp_remanence_397_12574614,397,U1587,B,CUBE11833581,0.001267,-20.7,184.2,71.27,60,5,80,0.000185,0.146014,-0.5578,0,,mesure_experimentale
iodp_remanence_397_12574614,397,U1587,B,CUBE11834221,0.000919,-2.8,180.0,97.04,45,5,80,0.000115,0.125136,-0.8036,0,,mesure_experimentale
iodp_remanence_397_12574614,397,U1587,B,CUBE11834261,0.000163,5.6,154.2,98.26,42,5,80,0.002432,14.9202,0.7550,0,,mesure_experimentale
iodp_remanence_397_12574614,397,U1587,B,CUBE11834271,0.000559,1.3,170.0,98.51,45,5,80,0.00014,0.250447,-0.3518,0,,mesure_experimentale
iodp_remanence_397_12574614,397,U1587,B,CUBE11835751,0.000192,-18.4,180.8,137.12,45,5,80,0.000107,0.557292,-0.0103,0,,mesure_experimentale
iodp_remanence_397_12574614,397,U1587,B,CUBE11836021,0.001169,37.6,334.2,148.32,45,5,80,0.002025,1.73225,0.7154,0,,mesure_experimentale
iodp_remanence_397_12574614,397,U1385,G,CUBE11888211,0.028316,-8.8,155.7,1.53,44,5,80,0.001348,0.0476056,-0.9845,0,,mesure_experimentale
iodp_remanence_397_12574614,397,U1385,G,CUBE11889641,0.021527,18.6,198.2,8.71,66,5,80,0.001976,0.0917917,-0.9569,0,,mesure_experimentale
iodp_remanence_397_12574614,397,U1385,G,CUBE11890691,0.050014,27.5,171.5,16.55,66,5,80,0.003388,0.067741,-0.9839,0,,mesure_experimentale
iodp_remanence_397_12574614,397,U1385,G,CUBE11891391,0.039831,23.3,185.3,25.93,66,5,80,0.001466,0.0368055,-0.9839,0,,mesure_experimentale
iodp_remanence_397_12574614,397,U1385,G,CUBE11891981,0.020663,21.3,177.4,35.4,66,5,80,0.001103,0.0533804,-0.9839,0,,mesure_experimentale
iodp_remanence_397_12574614,397,U1385,G,CUBE11900161,7.5e-05,6.1,175.3,169.74,66,5,80,0.00076,10.1333,0.6122,0,,mesure_experimentale
iodp_remanence_397_12574614,397,U1385,G,CUBE11900761,5.5e-05,16.3,166.0,179.43,66,5,80,0.00015,2.72727,0.6483,0,,mesure_experimentale
iodp_remanence_397_12574614,397,U1385,G,CUBE11900801,0.000183,25.0,200.3,181.19,66,5,80,0.000217,1.18579,0.5401,0,,mesure_experimentale
iodp_remanence_397_12574614,397,U1385,G,CUBE11900811,0.000153,11.3,211.6,181.59,66,5,80,0.000196,1.28105,0.6032,0,,mesure_experimentale
iodp_remanence_397_12574614,397,U1385,G,CUBE11901381,0.000436,32.3,187.6,187.53,66,5,80,0.000194,0.444954,0.0621,0,,mesure_experimentale
iodp_remanence_397_12574614,397,U1385,G,CUBE11902101,4.4e-05,5.9,182.6,198.92,66,5,80,0.000175,3.97727,0.8557,0,,mesure_experimentale
iodp_remanence_397_12574614,397,U1385,G,CUBE11905131,0.000139,-12.1,163.7,276.14,66,5,80,3.9e-05,0.280576,-0.0190,0,,mesure_experimentale
iodp_remanence_397_12574614,397,U1385,G,CUBE11905561,0.000112,7.9,213.5,283.62,66,5,80,3.5e-05,0.3125,-0.3527,0,,mesure_experimentale
iodp_remanence_397_12574614,397,U1385,G,CUBE11905901,0.000113,-21.4,179.7,294.72,66,5,80,0.00013,1.15044,0.8837,0,,mesure_experimentale
iodp_remanence_397_12574614,397,U1385,G,CUBE11906241,0.000119,16.4,212.9,304.12,66,5,80,4e-05,0.336134,-0.5003,0,,mesure_experimentale
iodp_remanence_397_12574614,397,U1385,G,CUBE11906401,0.000167,-16.6,341.7,316.665,66,5,80,3e-05,0.179641,0.2335,0,,mesure_experimentale
iodp_remanence_397_12574614,397,U1385,G,CUBE11906821,0.000118,-26.0,170.7,324.95,66,5,80,5.3e-05,0.449153,-0.0280,0,,mesure_experimentale
iodp_remanence_398_12812179,398,U1589,A,CUBE12009371,0.053753,9.3,170.5,3.84,18,20,50,0.031554,0.587018,-0.9505,0,,mesure_experimentale
iodp_remanence_398_12812179,398,U1589,A,CUBE12009381,0.146594,-12.2,149.1,9.06,28,20,50,0.113357,0.773272,-0.9343,0,,mesure_experimentale
iodp_remanence_398_12812179,398,U1589,A,CUBE12011161,0.027753,61.0,133.6,15.42,28,20,50,0.012989,0.468021,-0.9431,0,,mesure_experimentale
iodp_remanence_398_12812179,398,U1589,A,CUBE12011941,0.133085,-0.1,155.7,23.31,24,20,50,0.038022,0.285697,-0.9478,0,,mesure_experimentale
iodp_remanence_398_12812179,398,U1589,A,CUBE12011951,0.176697,15.3,131.0,25.08,24,20,50,0.114979,0.650713,-0.9478,0,,mesure_experimentale
iodp_remanence_398_12812179,398,U1589,A,CUBE12012211,0.019573,13.0,234.5,32.39,24,20,50,0.015461,0.789915,-0.9478,0,,mesure_experimentale
iodp_remanence_398_12812179,398,U1589,A,CUBE12012331,0.083741,38.8,16.4,47.08,21,20,50,0.016973,0.202684,-0.9351,0,,mesure_experimentale
iodp_remanence_398_12812179,398,U1589,A,CUBE12012441,0.069788,63.8,337.3,41.99,24,20,50,0.021749,0.311644,-0.9478,0,,mesure_experimentale
iodp_remanence_398_12812179,398,U1589,A,CUBE12013371,0.041497,1.2,196.7,52.51,18,20,50,0.021226,0.511507,-0.9505,0,,mesure_experimentale
iodp_remanence_398_12812179,398,U1589,A,CUBE12013381,0.029501,-0.2,204.2,53.62,24,20,50,0.022749,0.771126,-0.9496,0,,mesure_experimentale
iodp_remanence_398_12812179,398,U1589,A,CUBE12013971,0.065007,8.5,180.7,61.36,24,20,50,0.027812,0.427831,-0.9478,0,,mesure_experimentale
iodp_remanence_398_12812179,398,U1589,A,CUBE12013991,0.454618,21.5,159.8,65.61,18,20,50,0.292996,0.644488,-0.9505,0,,mesure_experimentale
iodp_remanence_398_12812179,398,U1589,A,CUBE12014931,0.433103,-9.0,164.1,72.94,18,20,50,0.217931,0.503185,-0.9505,0,,mesure_experimentale
iodp_remanence_398_12812179,398,U1589,A,CUBE12014941,0.005384,-10.9,159.4,75.65,18,20,50,0.002511,0.466382,-0.9505,0,,mesure_experimentale
iodp_remanence_398_12812179,398,U1589,A,CUBE12015681,0.809057,-9.1,159.4,79.04,21,20,50,0.337636,0.41732,-0.9351,0,,mesure_experimentale
iodp_remanence_398_12812179,398,U1589,A,CUBE12022981,0.015401,31.4,157.8,205.33,18,20,50,0.011797,0.765989,-0.7833,0,,mesure_experimentale
iodp_remanence_398_12812179,398,U1589,A,CUBE12023751,0.048648,19.7,173.7,212.46,8,20,25,0.03725,0.765705,-0.5238,0,,mesure_experimentale
iodp_remanence_398_12812179,398,U1589,A,CUBE12024211,0.00149,9.6,200.5,223.0,12,20,40,0.000724,0.485906,-0.8881,0,,mesure_experimentale
iodp_remanence_398_12812179,398,U1589,A,CUBE12027251,0.001921,-1.7,197.7,264.79,8,6,8,0.000905,0.471109,1.0000,0,,mesure_experimentale
iodp_remanence_398_12812179,398,U1589,A,CUBE12028691,0.000809,3.3,192.1,326.9,4,20,20,0.000539,0.666255,1.0000,0,,mesure_experimentale
iodp_remanence_398_12812179,398,U1589,A,CUBE12029591,0.002345,-10.2,198.7,264.72,68,15,300,0.000271,0.115565,-0.9935,0,,mesure_experimentale
iodp_remanence_398_12812179,398,U1589,A,CUBE12029601,0.002649,-5.8,196.9,264.75,84,15,450,0.000157,0.0592676,-0.9957,0,,mesure_experimentale
iodp_remanence_398_12812179,398,U1589,A,CUBE12029611,0.002595,6.3,199.4,264.77,76,15,400,0.000253,0.0974952,-0.9948,0,,mesure_experimentale
iodp_remanence_398_12812179,398,U1589,A,CUBE12029661,0.001919,-15.8,184.7,267.8,27,15,50,0.001023,0.53309,-0.9780,0,,mesure_experimentale
iodp_remanence_398_12812179,398,U1589,A,CUBE12029671,0.001814,-14.3,199.1,267.82,24,15,45,0.000896,0.493936,-0.9722,0,,mesure_experimentale
iodp_remanence_398_12812179,398,U1589,A,CUBE12029681,0.001469,-18.0,200.8,267.84,12,15,25,0.001087,0.739959,-0.8881,0,,mesure_experimentale
iodp_remanence_398_12812179,398,U1589,B,CUBE12035181,0.678282,8.1,195.1,78.41,100,5,175,0.185431,0.273383,-0.7128,0,,mesure_experimentale
iodp_remanence_398_12812179,398,U1589,B,CUBE12041321,0.060089,-46.2,184.2,165.22,51,6,175,0.037592,0.625605,-0.5725,0,,mesure_experimentale
iodp_remanence_398_12812179,398,U1589,B,CUBE12041571,0.004934,-11.7,197.4,166.59,40,6,50,0.000262,0.0531009,-0.8612,0,,mesure_experimentale
iodp_remanence_398_12812179,398,U1589,B,CUBE12042691,0.055187,-4.6,173.3,200.02,12,30,50,0.003358,0.0608477,-0.7902,0,,mesure_experimentale
iodp_remanence_398_12812179,398,U1589,B,CUBE12042711,0.003969,22.8,186.3,206.89,9,30,50,0.000498,0.125472,-0.8000,0,,mesure_experimentale
iodp_remanence_398_12812179,398,U1589,B,CUBE12042721,0.012876,11.2,184.8,207.71,9,30,50,0.000995,0.0772756,-0.8000,0,,mesure_experimentale
iodp_remanence_398_12812179,398,U1589,B,CUBE12043341,0.050068,6.2,171.3,210.7,12,30,50,0.006494,0.129704,-0.7902,0,,mesure_experimentale
iodp_remanence_398_12812179,398,U1589,B,CUBE12043351,0.038056,10.1,167.9,212.08,12,30,50,0.003381,0.0888428,-0.7902,0,,mesure_experimentale
iodp_remanence_398_12812179,398,U1589,B,CUBE12043361,0.050574,-4.2,192.8,214.23,12,30,50,0.004611,0.0911733,-0.7902,0,,mesure_experimentale
iodp_remanence_398_12812179,398,U1589,B,CUBE12043371,0.030624,-5.1,194.5,216.14,12,30,50,0.003122,0.101946,-0.7902,0,,mesure_experimentale
iodp_remanence_398_12812179,398,U1589,B,CUBE12043871,0.037229,-13.7,192.2,218.88,12,30,50,0.005433,0.145935,-0.7902,0,,mesure_experimentale
iodp_remanence_398_12812179,398,U1589,B,CUBE12043881,0.001124,-23.7,183.5,221.44,9,30,50,0.000318,0.282918,-0.8000,0,,mesure_experimentale
iodp_remanence_398_12812179,398,U1589,B,CUBE12043891,0.00364,3.9,168.5,223.29,12,30,50,0.000884,0.242857,-0.7902,0,,mesure_experimentale
iodp_remanence_398_12812179,398,U1589,B,CUBE12043901,0.107439,3.6,170.8,225.86,9,30,50,0.009832,0.0915124,-0.8000,0,,mesure_experimentale
iodp_remanence_398_12812179,398,U1589,B,CUBE12049751,0.002901,9.4,193.8,294.93,9,30,50,0.000303,0.104447,-0.8000,0,,mesure_experimentale
iodp_remanence_398_12812179,398,U1589,B,CUBE12049761,0.001743,-13.4,189.0,298.06,9,30,50,0.00031,0.177854,-0.3500,0,,mesure_experimentale
iodp_remanence_398_12812179,398,U1589,B,CUBE12049771,0.000591,-4.1,174.6,301.35,9,30,50,0.000209,0.353638,-0.8000,0,,mesure_experimentale
iodp_remanence_398_12812179,398,U1589,B,CUBE12049931,0.000573,-20.0,191.2,319.4,9,40,60,0.000199,0.347295,-0.8000,0,,mesure_experimentale
iodp_remanence_398_12812179,398,U1589,B,CUBE12049941,0.001039,12.5,190.8,322.16,9,60,100,7.5e-05,0.0721848,-0.8000,0,,mesure_experimentale
iodp_remanence_398_12812179,398,U1589,B,CUBE12050161,0.00336,7.1,187.4,326.93,6,60,80,7.2e-05,0.0214286,1.0000,0,,mesure_experimentale
iodp_remanence_398_12812179,398,U1589,B,CUBE12050171,0.000236,-1.2,191.9,329.63,6,60,80,6.4e-05,0.271186,1.0000,0,,mesure_experimentale
iodp_remanence_398_12812179,398,U1589,B,CUBE12050181,0.000346,-3.9,202.4,332.2,8,60,80,7.3e-05,0.210983,-0.5238,0,,mesure_experimentale
iodp_remanence_398_12812179,398,U1589,B,CUBE12050191,0.000779,-9.7,199.2,334.88,8,60,80,3.4e-05,0.0436457,-0.5238,0,,mesure_experimentale
iodp_remanence_398_12812179,398,U1589,B,CUBE12050511,0.002136,5.4,199.4,337.95,6,60,80,0.000137,0.0641386,1.0000,0,,mesure_experimentale
iodp_remanence_398_12812179,398,U1589,B,CUBE12050521,0.000619,6.0,185.3,341.8,8,60,80,8.6e-05,0.138934,1.0000,0,,mesure_experimentale
iodp_remanence_398_12812179,398,U1589,B,CUBE12050591,0.000603,34.2,193.3,339.44,6,60,80,0.000137,0.227197,1.0000,0,,mesure_experimentale
iodp_remanence_398_12812179,398,U1589,B,CUBE12050641,0.001797,4.8,191.5,350.33,6,60,80,6e-05,0.033389,-0.5429,0,,mesure_experimentale
iodp_remanence_398_12812179,398,U1589,B,CUBE12050651,0.00168,-17.6,189.4,352.91,8,60,80,0.00042,0.25,1.0000,0,,mesure_experimentale
iodp_remanence_398_12812179,398,U1589,B,CUBE12050691,0.001792,17.0,199.6,355.45,6,60,80,6.8e-05,0.0379464,-0.5429,0,,mesure_experimentale
iodp_remanence_398_12812179,398,U1589,B,CUBE12050701,0.000911,21.4,185.6,358.44,6,60,80,8.4e-05,0.0922064,1.0000,0,,mesure_experimentale
iodp_remanence_398_12812179,398,U1589,C,CUBE12052081,0.010092,2.2,207.8,421.08,8,60,80,0.000651,0.0645065,1.0000,0,,mesure_experimentale
iodp_remanence_398_12812179,398,U1589,C,CUBE12052091,0.028186,39.1,236.6,422.98,8,60,80,0.0005,0.0177393,1.0000,0,,mesure_experimentale
iodp_remanence_398_12812179,398,U1589,C,CUBE12052101,0.05391,8.8,217.5,430.02,8,60,80,0.00293,0.0543498,-0.5238,0,,mesure_experimentale
iodp_remanence_398_12812179,398,U1589,C,CUBE12052371,0.004533,50.7,31.6,439.12,6,60,80,0.000711,0.15685,-0.5429,0,,mesure_experimentale
iodp_remanence_398_12812179,398,U1589,B,CUBE12052381,0.011519,32.5,221.7,272.21,42,5,80,0.000351,0.0304714,-0.9865,0,,mesure_experimentale
iodp_remanence_398_12812179,398,U1589,B,CUBE12052401,0.002447,-17.6,298.0,271.1,36,5,60,0.00017,0.0694728,-0.5151,0,,mesure_experimentale
iodp_remanence_398_12812179,398,U1589,B,CUBE12052411,0.001474,9.4,200.9,266.42,66,5,180,0.000388,0.263229,-0.2862,0,,mesure_experimentale
iodp_remanence_398_12812179,398,U1589,B,CUBE12052431,0.002235,17.6,210.5,266.74,60,5,140,0.00043,0.192394,-0.2123,0,,mesure_experimentale
iodp_remanence_398_12812179,398,U1589,B,CUBE12052661,0.004388,33.4,222.2,267.44,60,5,140,0.000323,0.0736098,-0.8500,0,,mesure_experimentale
iodp_remanence_398_12812179,398,U1589,B,CUBE12055261,0.009267,-33.7,94.4,224.29,72,5,720,0.002046,0.220783,0.0455,4,1.0000,mesure_experimentale
iodp_remanence_398_12812179,398,U1590,A,CUBE12058751,0.035311,-15.3,193.7,25.14,24,5,100,0.001803,0.0510606,-0.8922,0,,mesure_experimentale
iodp_remanence_398_12812179,398,U1590,A,CUBE12058941,0.020177,37.6,166.9,50.36,24,5,100,0.001112,0.0551123,-0.8922,0,,mesure_experimentale
iodp_remanence_398_12812179,398,U1590,A,CUBE12058951,0.032006,58.8,140.0,50.87,24,5,100,0.002482,0.077548,-0.9478,0,,mesure_experimentale
iodp_remanence_398_12812179,398,U1590,A,CUBE12059111,0.052753,-12.7,203.8,53.05,24,5,100,0.0031,0.0587644,-0.9478,0,,mesure_experimentale
iodp_remanence_398_12812179,398,U1590,A,CUBE12059121,0.086131,-4.4,214.3,54.72,24,5,100,0.004662,0.0541269,-0.9478,0,,mesure_experimentale
iodp_remanence_398_12812179,398,U1590,A,CUBE12059131,0.006711,-28.3,4.9,58.11,24,5,100,0.004295,0.639994,-0.2243,0,,mesure_experimentale
iodp_remanence_398_12812179,398,U1590,A,CUBE12059201,0.060194,-25.7,180.6,73.02,24,5,100,0.022691,0.376964,0.1096,0,,mesure_experimentale
iodp_remanence_398_12812179,398,U1591,A,CUBE12063301,0.056409,-9.7,147.9,2.37,28,10,100,0.001771,0.0313957,-0.9617,0,,mesure_experimentale
iodp_remanence_398_12812179,398,U1591,A,CUBE12063311,0.057189,-13.7,151.2,3.32,21,10,100,0.003097,0.0541538,-0.9636,0,,mesure_experimentale
iodp_remanence_398_12812179,398,U1591,A,CUBE12063851,0.0364,6.4,152.7,6.18,21,10,100,0.001292,0.0354945,-0.9636,0,,mesure_experimentale
iodp_remanence_398_12812179,398,U1591,A,CUBE12063861,0.053521,1.4,145.8,9.03,28,10,100,0.002582,0.0482427,-0.9617,0,,mesure_experimentale
iodp_remanence_398_12812179,398,U1591,A,CUBE12064011,0.022883,-16.5,201.6,15.56,28,10,100,0.002468,0.107853,-0.9617,0,,mesure_experimentale
iodp_remanence_398_12812179,398,U1591,A,CUBE12064021,0.044194,-19.4,200.4,14.48,21,10,100,0.002589,0.0585826,-0.9636,0,,mesure_experimentale
iodp_remanence_398_12812179,398,U1591,A,CUBE12064241,0.048894,-22.5,212.8,34.79,24,10,100,0.002693,0.0550783,-0.5226,0,,mesure_experimentale
iodp_remanence_398_12812179,398,U1591,A,CUBE12064251,0.046209,-17.5,206.2,38.09,21,10,100,0.001965,0.0425242,-0.9636,0,,mesure_experimentale
iodp_remanence_398_12812179,398,U1591,A,CUBE12064361,0.066961,3.1,142.0,45.14,28,10,100,0.003813,0.0569436,-0.9617,0,,mesure_experimentale
iodp_remanence_398_12812179,398,U1591,A,CUBE12064371,0.001287,7.7,153.2,50.58,21,10,100,0.000206,0.160062,-0.9636,0,,mesure_experimentale
iodp_remanence_398_12812179,398,U1591,A,CUBE12065941,0.00317,-19.6,173.6,61.46,18,10,100,0.000197,0.0621451,-0.8947,0,,mesure_experimentale
iodp_remanence_398_12812179,398,U1591,A,CUBE12065951,0.016935,-29.3,172.7,62.8,28,10,100,0.000276,0.0162976,-0.9617,0,,mesure_experimentale
iodp_remanence_398_12812179,398,U1591,B,CUBE12066631,0.090999,30.6,168.3,2.74,21,10,100,0.002338,0.0256926,-0.9636,0,,mesure_experimentale
iodp_remanence_398_12812179,398,U1591,B,CUBE12066641,0.091124,22.2,174.5,5.93,28,10,100,0.00395,0.0433475,-0.9267,0,,mesure_experimentale
iodp_remanence_398_12812179,398,U1591,B,CUBE12066651,0.050772,29.2,170.0,7.25,28,10,100,0.001992,0.0392342,-0.9617,0,,mesure_experimentale
iodp_remanence_398_12812179,398,U1591,B,CUBE12066781,0.079415,-17.4,202.9,9.87,21,10,100,0.001056,0.0132972,-0.9636,0,,mesure_experimentale
iodp_remanence_398_12812179,398,U1591,B,CUBE12066791,0.011856,-17.7,193.6,12.54,28,10,100,0.001046,0.0882254,-0.9617,0,,mesure_experimentale
iodp_remanence_398_12812179,398,U1591,B,CUBE12066801,0.036607,-5.0,217.4,15.84,28,10,100,0.001275,0.0348294,-0.9617,0,,mesure_experimentale
iodp_remanence_398_12812179,398,U1591,B,CUBE12066991,0.029222,26.3,207.9,28.85,21,10,100,0.008067,0.276059,-0.7182,0,,mesure_experimentale
iodp_remanence_398_12812179,398,U1591,B,CUBE12067001,0.009671,18.0,200.6,30.86,21,10,100,0.008034,0.830731,0.0182,0,,mesure_experimentale
iodp_remanence_398_12812179,398,U1591,B,CUBE12067011,0.047725,36.9,201.9,34.6,28,10,100,0.007407,0.155202,-0.8216,0,,mesure_experimentale
iodp_remanence_398_12812179,398,U1591,B,CUBE12067231,0.050875,14.3,210.6,36.74,21,10,100,0.007334,0.144157,-0.9286,0,,mesure_experimentale
iodp_remanence_398_12812179,398,U1591,B,CUBE12067251,0.009268,5.6,200.8,42.07,28,10,100,0.008213,0.886167,0.1242,0,,mesure_experimentale
iodp_remanence_398_12812179,398,U1591,B,CUBE12069471,0.000363,-3.8,165.5,205.34,28,10,100,5.6e-05,0.15427,0.1593,0,,mesure_experimentale
iodp_remanence_398_12812179,398,U1591,B,CUBE12069481,0.00062,17.7,186.2,207.05,21,10,100,4.6e-05,0.0741935,-0.8935,0,,mesure_experimentale
iodp_remanence_398_12812179,398,U1591,B,CUBE12069861,0.000909,-3.0,176.3,224.2,28,10,100,3.6e-05,0.039604,-0.9267,0,,mesure_experimentale
iodp_remanence_398_12812179,398,U1591,B,CUBE12070581,0.003174,8.6,280.4,264.54,28,10,100,0.000168,0.0529301,-0.9617,0,,mesure_experimentale
iodp_remanence_398_12812179,398,U1591,B,CUBE12070841,0.000888,-1.9,190.7,274.83,28,10,100,6.6e-05,0.0743243,-0.2611,0,,mesure_experimentale
iodp_remanence_398_12812179,398,U1591,B,CUBE12070851,0.002088,-3.3,218.2,278.92,28,10,100,0.000145,0.0694444,-0.9267,0,,mesure_experimentale
iodp_remanence_398_12812179,398,U1591,B,CUBE12071111,0.011256,-13.8,211.3,282.61,28,10,100,0.001997,0.177416,-0.9617,0,,mesure_experimentale
iodp_remanence_398_12812179,398,U1591,B,CUBE12071161,0.004796,7.5,200.9,292.76,28,10,100,0.000359,0.074854,-0.9267,0,,mesure_experimentale
iodp_remanence_398_12812179,398,U1591,B,CUBE12071651,0.021572,-9.5,179.3,314.05,28,10,100,0.000776,0.0359726,-0.8566,0,,mesure_experimentale
iodp_remanence_398_12812179,398,U1591,B,CUBE12072861,0.006654,-0.7,189.1,333.27,28,10,100,0.000138,0.0207394,-0.9617,0,,mesure_experimentale
iodp_remanence_398_12812179,398,U1591,B,CUBE12072871,0.009181,-10.2,192.1,337.33,28,10,100,0.000329,0.0358349,-0.9617,0,,mesure_experimentale
iodp_remanence_398_12812179,398,U1591,B,CUBE12073041,0.002364,0.7,185.2,342.24,28,10,100,0.000151,0.0638748,-0.1210,0,,mesure_experimentale
iodp_remanence_398_12812179,398,U1591,B,CUBE12073051,0.141498,13.0,177.3,350.98,28,10,100,0.003052,0.0215692,-0.9267,0,,mesure_experimentale
iodp_remanence_398_12812179,398,U1591,B,CUBE12073231,0.099843,-7.2,188.5,360.57,28,10,100,0.000767,0.00768206,-0.9617,0,,mesure_experimentale
iodp_remanence_398_12812179,398,U1591,B,CUBE12073241,0.120732,-0.7,196.6,363.25,28,10,100,0.001295,0.0107262,-0.9617,0,,mesure_experimentale
iodp_remanence_398_12812179,398,U1591,B,CUBE12073251,0.044921,10.8,358.5,369.91,28,10,100,0.000708,0.015761,-0.9617,0,,mesure_experimentale
iodp_remanence_398_12812179,398,U1591,B,CUBE12073371,0.062327,-11.4,179.7,384.46,28,10,100,0.000887,0.0142314,-0.9267,0,,mesure_experimentale
iodp_remanence_398_12812179,398,U1591,C,CUBE12074891,0.014561,34.6,175.4,158.38,28,10,100,0.00061,0.0418927,-0.9617,0,,mesure_experimentale
iodp_remanence_398_12812179,398,U1591,C,CUBE12076101,0.000504,11.5,162.9,188.1,15,10,50,4e-05,0.0793651,-0.8321,0,,mesure_experimentale
iodp_remanence_398_12812179,398,U1591,C,CUBE12076361,0.000322,-19.2,150.2,198.22,18,10,75,3.7e-05,0.114907,-0.1703,0,,mesure_experimentale
iodp_remanence_398_12812179,398,U1591,C,CUBE12077091,0.102992,18.6,293.0,249.62,28,10,100,0.004092,0.0397312,-0.9617,0,,mesure_experimentale
iodp_remanence_398_12812179,398,U1591,C,CUBE12077101,0.084545,10.8,307.5,249.77,28,10,100,0.001365,0.0161452,-0.9617,0,,mesure_experimentale
iodp_remanence_398_12812179,398,U1591,C,CUBE12077161,0.011903,20.7,161.6,200.3,21,10,100,0.000314,0.0263799,-0.9636,0,,mesure_experimentale
iodp_remanence_398_12812179,398,U1591,C,CUBE12077171,0.006449,17.6,173.0,200.89,21,10,100,0.000235,0.0364398,-0.7532,0,,mesure_experimentale
iodp_remanence_398_12812179,398,U1591,C,CUBE12077181,0.024638,-18.1,277.0,197.87,21,10,100,0.000562,0.0228103,-0.9636,0,,mesure_experimentale
iodp_remanence_398_12812179,398,U1591,C,CUBE12077191,0.000477,-3.2,196.2,199.2,21,10,100,6.8e-05,0.142558,-0.3675,0,,mesure_experimentale
iodp_remanence_398_12812179,398,U1591,C,CUBE12077201,0.001777,-18.1,165.9,199.49,21,10,100,0.000226,0.127181,-0.7883,0,,mesure_experimentale
iodp_remanence_398_12812179,398,U1591,C,CUBE12077211,0.001863,-19.3,158.2,199.8,21,10,100,8.1e-05,0.0434783,-0.8234,0,,mesure_experimentale
iodp_remanence_398_12812179,398,U1591,C,CUBE12077871,0.003314,-37.4,4.4,389.33,28,10,100,0.000541,0.163247,-0.9267,0,,mesure_experimentale
iodp_remanence_398_12812179,398,U1591,C,CUBE12078271,0.005193,7.0,175.0,246.26,28,10,100,0.000212,0.0408242,-0.7515,0,,mesure_experimentale
iodp_remanence_398_12812179,398,U1591,C,CUBE12078281,0.001162,38.2,219.3,247.08,28,10,100,0.000265,0.228055,-0.8916,0,,mesure_experimentale
iodp_remanence_398_12812179,398,U1591,C,CUBE12079921,9.3e-05,-9.6,192.6,408.73,16,10,30,5.2e-05,0.55914,-0.6941,0,,mesure_experimentale
iodp_remanence_398_12812179,398,U1591,C,CUBE12079941,0.00191,7.7,177.1,412.23,16,10,30,0.000205,0.10733,-0.8824,0,,mesure_experimentale
iodp_remanence_398_12812179,398,U1591,C,CUBE12080551,0.020364,7.3,191.5,418.88,16,10,30,0.001882,0.092418,-0.8824,0,,mesure_experimentale
iodp_remanence_398_12812179,398,U1591,C,CUBE12081151,0.000478,24.4,172.1,433.12,16,10,30,0.000163,0.341004,-0.8824,0,,mesure_experimentale
iodp_remanence_398_12812179,398,U1591,C,CUBE12081431,0.00651,15.3,180.6,448.65,24,0,50,0.000312,0.0479263,-0.9478,0,,mesure_experimentale
iodp_remanence_398_12812179,398,U1591,C,CUBE12082081,0.001497,17.8,181.2,462.29,28,0,75,0.000211,0.140949,-0.9617,0,,mesure_experimentale
iodp_remanence_398_12812179,398,U1591,C,CUBE12082091,0.02776,6.0,185.0,468.28,24,0,50,0.000301,0.0108429,-0.9478,0,,mesure_experimentale
iodp_remanence_398_12812179,398,U1591,C,CUBE12082141,0.003431,4.9,175.1,451.36,24,0,50,0.000317,0.0923929,-0.9478,0,,mesure_experimentale
iodp_remanence_398_12812179,398,U1591,C,CUBE12082241,0.024464,-5.5,169.4,402.32,24,0,50,0.003632,0.148463,-0.3357,0,,mesure_experimentale
iodp_remanence_398_12812179,398,U1591,C,CUBE12082261,0.003771,-0.9,183.0,261.25,24,0,50,0.000711,0.188544,0.0539,0,,mesure_experimentale
iodp_remanence_398_12812179,398,U1591,C,CUBE12082511,0.003773,-45.8,175.4,389.27,36,0,200,0.000677,0.179433,-0.8121,0,,mesure_experimentale
iodp_remanence_398_12812179,398,U1591,C,CUBE12082991,0.033367,-5.6,150.9,477.37,24,0,50,0.003722,0.111547,-0.9478,0,,mesure_experimentale
iodp_remanence_398_12812179,398,U1591,C,CUBE12083001,0.007334,-15.3,137.2,486.72,24,0,50,0.000545,0.0743114,-0.9478,0,,mesure_experimentale
iodp_remanence_398_12812179,398,U1591,C,CUBE12083791,0.008737,-11.4,179.0,496.23,24,0,50,0.000771,0.0882454,-0.9478,0,,mesure_experimentale
iodp_remanence_398_12812179,398,U1591,C,CUBE12083891,0.00051,20.6,179.4,508.37,24,0.55,50,8.9e-05,0.17451,-0.7809,0,,mesure_experimentale
iodp_remanence_398_12812179,398,U1591,C,CUBE12084491,0.000571,16.0,191.1,521.38,24,0.55,50,9.6e-05,0.168126,-0.9478,0,,mesure_experimentale
iodp_remanence_398_12812179,398,U1591,C,CUBE12084631,0.000402,-20.6,168.2,526.14,20,0.55,30,1.4e-05,0.0348259,-0.9248,0,,mesure_experimentale
iodp_remanence_398_12812179,398,U1591,C,CUBE12084951,0.000449,6.8,191.9,536.58,24,0.55,50,3.6e-05,0.0801782,-0.9478,0,,mesure_experimentale
iodp_remanence_398_12812179,398,U1591,C,CUBE12085341,0.00031,12.9,176.4,544.8,24,0.55,50,3.3e-05,0.106452,-0.9478,0,,mesure_experimentale
iodp_remanence_398_12812179,398,U1591,C,CUBE12085801,0.004599,35.7,28.0,554.08,36,0.55,200,0.001997,0.434225,0.4564,0,,mesure_experimentale
iodp_remanence_398_12812179,398,U1591,C,CUBE12086221,0.002337,26.0,224.4,564.78,24,0.55,50,4e-05,0.017116,-0.8922,0,,mesure_experimentale
iodp_remanence_398_12812179,398,U1591,C,CUBE12086801,0.000296,-6.6,198.1,575.09,16,0.55,20,3e-05,0.101351,-0.8824,0,,mesure_experimentale
iodp_remanence_398_12812179,398,U1591,C,CUBE12086921,0.000676,-12.4,173.9,579.27,18,0.55,50,3.1e-05,0.045858,-0.9505,0,,mesure_experimentale
iodp_remanence_398_12812179,398,U1591,C,CUBE12087081,0.001198,-14.2,161.1,587.52,24,0.55,50,0.000138,0.115192,-0.9478,0,,mesure_experimentale
iodp_remanence_398_12812179,398,U1591,C,CUBE12087481,0.00054,-7.1,168.5,595.7,24,0.55,50,3.2e-05,0.0592593,-0.9478,0,,mesure_experimentale
iodp_remanence_398_12812179,398,U1591,C,CUBE12088051,0.000456,15.3,173.3,603.41,24,0.82,50,4.1e-05,0.0899123,-0.9478,0,,mesure_experimentale
iodp_remanence_398_12812179,398,U1591,C,CUBE12089351,0.000473,-5.7,166.5,642.88,20,0.82,30,4.5e-05,0.0951374,-0.6361,0,,mesure_experimentale
iodp_remanence_398_12812179,398,U1591,C,CUBE12089361,0.000321,-2.1,183.8,624.93,16,0.82,20,8.5e-05,0.264798,-0.1294,0,,mesure_experimentale
iodp_remanence_398_12812179,398,U1591,C,CUBE12089371,0.000348,-14.9,191.7,632.93,28,0.82,75,4.8e-05,0.137931,-0.4012,0,,mesure_experimentale
iodp_remanence_398_12812179,398,U1591,C,CUBE12089671,0.000783,-30.4,42.7,651.19,36,0.82,200,0.001027,1.31162,0.2916,0,,mesure_experimentale
iodp_remanence_398_12812179,398,U1591,C,CUBE12089681,0.002207,2.7,47.7,661.49,36,0.82,200,0.002264,1.02583,-0.0873,0,,mesure_experimentale
iodp_remanence_398_12812179,398,U1591,C,CUBE12089731,0.000412,16.8,189.8,674.64,16,0.82,20,3.3e-05,0.0800971,-0.6941,0,,mesure_experimentale
iodp_remanence_398_12812179,398,U1591,C,CUBE12089941,0.000993,14.6,198.3,680.81,24,0.82,50,3e-05,0.0302115,-0.9478,0,,mesure_experimentale
iodp_remanence_398_12812179,398,U1591,C,CUBE12090141,0.046597,32.8,158.5,690.6,36,0.82,200,0.000395,0.00847694,-0.9768,0,,mesure_experimentale
iodp_remanence_398_12812179,398,U1591,C,CUBE12090541,0.000306,33.5,141.1,701.92,24,0.82,50,2.6e-05,0.0849673,-0.9478,0,,mesure_experimentale
iodp_remanence_398_12812179,398,U1591,C,CUBE12090561,0.000583,24.7,153.9,703.33,24,0.82,50,4.7e-05,0.0806175,-0.9478,0,,mesure_experimentale
iodp_remanence_398_12812179,398,U1591,C,CUBE12090891,0.000603,13.5,175.4,710.7,32,0.82,100,5.1e-05,0.0845771,-0.9472,0,,mesure_experimentale
iodp_remanence_398_12812179,398,U1591,C,CUBE12090911,0.000446,-8.8,15.7,715.03,28,0.82,75,4.9e-05,0.109865,-0.9617,0,,mesure_experimentale
iodp_remanence_398_12812179,398,U1591,C,CUBE12092201,0.000543,-14.8,184.8,767.45,24,0.82,50,2.5e-05,0.0460405,-0.9478,0,,mesure_experimentale
iodp_remanence_398_12812179,398,U1591,C,CUBE12092361,0.000242,-2.9,176.2,777.73,28,0.82,75,4e-05,0.165289,0.0192,0,,mesure_experimentale
iodp_remanence_398_12812179,398,U1591,C,CUBE12092651,0.003659,-37.0,80.0,789.24,32,0.82,100,0.001273,0.347909,-0.9707,0,,mesure_experimentale
iodp_remanence_398_12812179,398,U1591,C,CUBE12092741,0.000557,8.2,167.1,816.16,24,0.82,50,4.9e-05,0.0879713,-0.9478,0,,mesure_experimentale
iodp_remanence_398_12812179,398,U1591,C,CUBE12093111,0.001105,36.5,116.1,797.94,32,0.82,100,0.000596,0.539367,-0.8299,0,,mesure_experimentale
iodp_remanence_398_12812179,398,U1591,C,CUBE12093361,0.003091,-8.0,174.7,809.6,32,0.82,100,0.000294,0.0951148,-0.9472,0,,mesure_experimentale
iodp_remanence_398_12812179,398,U1591,C,CUBE12093641,1.9e-05,-7.8,46.0,828.32,12,0.82,15,2.6e-05,1.36842,0.5524,0,,mesure_experimentale
iodp_remanence_398_12812179,398,U1591,C,CUBE12093681,0.000424,40.9,303.2,837.24,32,0.82,100,0.000499,1.17689,0.6246,0,,mesure_experimentale
iodp_remanence_398_12812179,398,U1591,C,CUBE12093941,0.006166,13.8,165.6,846.22,32,0.82,100,0.007047,1.14288,1.0000,0,,mesure_experimentale
iodp_remanence_398_12812179,398,U1591,C,CUBE12094171,0.025951,18.3,187.1,854.62,32,0.82,100,0.003889,0.149859,-0.8768,0,,mesure_experimentale
iodp_remanence_398_12812179,398,U1591,C,CUBE12094191,0.017526,-5.0,37.8,855.57,32,0.82,100,0.018443,1.05232,-0.5953,0,,mesure_experimentale
iodp_remanence_398_12812179,398,U1591,C,CUBE12094501,0.000693,-14.3,179.1,868.12,12,0.82,15,3e-05,0.04329,-0.7902,0,,mesure_experimentale
iodp_remanence_398_12812179,398,U1591,C,CUBE12094861,0.002822,56.3,240.1,876.33,32,0.82,100,0.000219,0.0776045,-0.6891,0,,mesure_experimentale
iodp_remanence_398_12812179,398,U1591,C,CUBE12095171,0.000116,-6.6,166.1,887.12,8,0.88,10,4e-05,0.344828,1.0000,0,,mesure_experimentale
iodp_remanence_398_12812179,398,U1591,C,CUBE12095301,0.000383,1.8,290.6,894.95,32,0.88,100,0.000258,0.673629,-0.8768,0,,mesure_experimentale
iodp_remanence_398_12812179,398,U1591,C,CUBE12095371,0.00799,-15.6,133.5,683.13,32,0.88,100,0.002015,0.25219,-0.5953,0,,mesure_experimentale
iodp_remanence_398_12812179,398,U1591,C,CUBE12095381,0.01561,-32.9,236.2,693.47,32,0.88,100,0.003581,0.229404,-0.7126,0,,mesure_experimentale
iodp_remanence_398_12812179,398,U1591,C,CUBE12095391,0.003107,23.0,56.2,705.08,32,0.88,100,0.000137,0.044094,-0.9707,0,,mesure_experimentale
iodp_remanence_398_12812179,398,U1591,C,CUBE12095441,0.000266,7.7,183.8,721.4,24,0.88,50,3.4e-05,0.12782,-0.9478,0,,mesure_experimentale
iodp_remanence_398_12812179,398,U1591,C,CUBE12095561,0.00066,0.9,153.2,731.68,32,0.88,100,0.000143,0.216667,-0.9472,0,,mesure_experimentale
iodp_remanence_398_12812179,398,U1591,C,CUBE12095631,0.060449,29.4,191.1,750.89,32,0.88,100,0.002852,0.0471803,-0.9707,0,,mesure_experimentale
iodp_remanence_398_12812179,398,U1591,C,CUBE12095701,0.000664,-6.6,154.2,762.12,12,0.88,15,3.5e-05,0.0527108,-0.7902,0,,mesure_experimentale
iodp_remanence_398_12812179,398,U1590,B,CUBE12097541,0.017642,-19.7,138.7,251.29,12,0.85,15,0.006982,0.39576,-0.7902,0,,mesure_experimentale
iodp_remanence_398_12812179,398,U1590,B,CUBE12098001,0.018212,-24.7,209.1,267.51,9,0.85,15,0.00837,0.459587,-0.8000,0,,mesure_experimentale
iodp_remanence_398_12812179,398,U1590,B,CUBE12098421,0.015737,-10.2,172.3,258.31,12,0.85,15,0.004414,0.280485,-0.7902,0,,mesure_experimentale
iodp_remanence_398_12812179,398,U1590,B,CUBE12098541,0.045544,-9.1,144.9,278.7,12,0.85,15,0.023897,0.524701,-0.7902,0,,mesure_experimentale
iodp_remanence_398_12812179,398,U1590,B,CUBE12098841,0.038978,-28.3,189.5,288.75,12,0.85,15,0.02257,0.579045,-0.7902,0,,mesure_experimentale
iodp_remanence_398_12812179,398,U1590,B,CUBE12099371,0.00335,6.3,219.6,301.14,12,0.85,15,0.002263,0.675522,-0.7902,0,,mesure_experimentale
iodp_remanence_398_12812179,398,U1590,B,CUBE12100121,0.079526,-2.1,149.2,306.28,9,0.85,15,0.041346,0.519905,-0.8000,0,,mesure_experimentale
iodp_remanence_398_12812179,398,U1590,B,CUBE12100131,0.07138,-0.9,141.4,316.07,12,0.85,15,0.03642,0.510227,-0.7902,0,,mesure_experimentale
iodp_remanence_398_12812179,398,U1590,B,CUBE12100621,0.003685,-28.5,213.8,330.35,12,0.85,15,0.001861,0.50502,-0.3427,0,,mesure_experimentale
iodp_remanence_398_12812179,398,U1590,B,CUBE12100921,0.116917,-2.5,146.4,338.11,12,0.85,15,0.06413,0.548509,-0.7902,0,,mesure_experimentale
iodp_remanence_398_12812179,398,U1590,B,CUBE12101091,0.00115,-1.0,203.7,356.74,12,0.85,15,0.000458,0.398261,-0.7902,0,,mesure_experimentale
iodp_remanence_398_12812179,398,U1590,B,CUBE12101311,0.000764,11.0,177.6,365.89,36,0.85,200,0.000276,0.361257,-0.7462,0,,mesure_experimentale
iodp_remanence_398_12812179,398,U1590,B,CUBE12101321,0.0005,29.1,198.8,368.55,36,0.85,200,0.000131,0.262,-0.5650,0,,mesure_experimentale
iodp_remanence_398_12812179,398,U1590,B,CUBE12101571,0.001849,-14.9,207.1,374.37,40,0.85,200,9.5e-05,0.0513791,-0.8612,0,,mesure_experimentale
iodp_remanence_398_12812179,398,U1590,B,CUBE12101581,0.000513,-35.3,211.6,383.68,36,0.85,200,5.4e-05,0.105263,-0.9274,0,,mesure_experimentale
iodp_remanence_398_12812179,398,U1590,B,CUBE12101601,0.000326,21.9,1.2,392.68,36,0.85,200,6.9e-05,0.211656,-0.7462,0,,mesure_experimentale
iodp_remanence_398_12812179,398,U1590,B,CUBE12101721,0.000466,19.1,176.0,393.32,36,0.85,200,4.3e-05,0.0922747,-0.5485,0,,mesure_experimentale
iodp_remanence_398_12812179,398,U1590,B,CUBE12101951,0.000584,-23.4,193.8,460.53,36,0.85,200,9.4e-05,0.160959,-0.6309,0,,mesure_experimentale
iodp_remanence_398_12812179,398,U1590,B,CUBE12101961,0.00039,-5.1,148.6,470.64,36,0.85,200,8.9e-05,0.228205,-0.8780,0,,mesure_experimentale
iodp_remanence_398_12812179,398,U1590,B,CUBE12102011,0.000388,-10.1,202.1,490.83,20,0.94,50,0.000113,0.291237,-0.6361,0,,mesure_experimentale
iodp_remanence_398_12812179,398,U1590,B,CUBE12102611,0.000401,-8.8,192.9,551.07,8,0.85,10,2.3e-05,0.0573566,-0.5238,0,,mesure_experimentale
iodp_remanence_398_12812179,398,U1590,B,CUBE12102621,0.000434,2.1,178.4,558.2,20,0.85,50,8.8e-05,0.202765,-0.8286,0,,mesure_experimentale
iodp_remanence_398_12812179,398,U1590,B,CUBE12103091,0.000278,5.2,142.9,616.48,8,0.85,10,4.8e-05,0.172662,-0.5238,0,,mesure_experimentale
iodp_remanence_398_12812179,398,U1590,B,CUBE12103291,0.067284,-11.9,112.5,625.56,24,0.85,50,0.02333,0.346739,-0.5583,0,,mesure_experimentale
iodp_remanence_398_12812179,398,U1592,A,CUBE12108031,0.03247,-15.7,208.1,18.34,24,0.85,50,0.005896,0.181583,-0.9478,0,,mesure_experimentale
iodp_remanence_398_12812179,398,U1592,A,CUBE12108631,0.034761,22.5,175.2,29.2,24,0.85,50,0.007142,0.20546,-0.9478,0,,mesure_experimentale
iodp_remanence_398_12812179,398,U1592,A,CUBE12109041,0.007533,-48.1,157.5,38.64,24,0.85,50,0.001159,0.153856,-0.9478,0,,mesure_experimentale
iodp_remanence_398_12812179,398,U1592,A,CUBE12109391,0.00707,-25.4,156.9,47.94,24,0.85,50,0.000648,0.0916549,-0.9478,0,,mesure_experimentale
iodp_remanence_398_12812179,398,U1592,A,CUBE12109631,0.007628,-25.3,222.9,57.8,24,0.85,50,0.001028,0.134767,-0.9478,0,,mesure_experimentale
iodp_remanence_398_12812179,398,U1592,A,CUBE12109821,0.009818,56.5,154.2,67.45,24,0.85,50,0.00146,0.148706,-0.9478,0,,mesure_experimentale
iodp_remanence_398_12812179,398,U1592,A,CUBE12110211,0.010651,16.3,138.7,73.87,24,0.85,50,0.001907,0.179044,-0.9478,0,,mesure_experimentale
iodp_remanence_398_12812179,398,U1592,A,CUBE12114921,0.001283,-28.6,189.2,270.19,24,10,75,0.000201,0.156664,-0.9478,0,,mesure_experimentale
iodp_remanence_398_12812179,398,U1592,A,CUBE12114931,0.046119,-10.4,186.0,275.46,24,10,75,0.002011,0.0436046,-0.9478,0,,mesure_experimentale
iodp_remanence_398_12812179,398,U1592,A,CUBE12115371,0.064919,9.2,174.0,278.63,24,10,75,0.002411,0.0371386,-0.9478,0,,mesure_experimentale
iodp_remanence_398_12812179,398,U1592,A,CUBE12115401,0.04427,-7.8,205.0,283.46,24,10,75,0.003199,0.0722611,-0.9478,0,,mesure_experimentale
iodp_remanence_398_12812179,398,U1592,A,CUBE12115411,0.000973,15.8,181.1,286.05,24,10,75,8.4e-05,0.0863309,-0.6139,4,1.0000,mesure_experimentale
iodp_remanence_398_12812179,398,U1592,A,CUBE12115611,0.05119,-13.4,182.8,289.76,20,10,50,0.006941,0.135593,-0.9248,0,,mesure_experimentale
iodp_remanence_398_12812179,398,U1592,A,CUBE12115641,0.054831,2.7,211.7,292.19,20,10,50,0.007419,0.135307,-0.9248,0,,mesure_experimentale
iodp_remanence_398_12812179,398,U1592,A,CUBE12115971,0.007616,-17.7,190.8,299.84,15,10,50,0.001257,0.165047,-0.9286,0,,mesure_experimentale
iodp_remanence_398_12812179,398,U1592,A,CUBE12116211,0.005928,13.2,173.9,303.75,20,10,50,0.000457,0.0770918,-0.9248,0,,mesure_experimentale
iodp_remanence_398_12812179,398,U1592,A,CUBE12116451,0.092193,-18.4,177.7,307.99,15,10,50,0.017201,0.186576,-0.9286,0,,mesure_experimentale
iodp_remanence_398_12812179,398,U1592,A,CUBE12116471,0.396955,-9.7,192.0,317.85,15,10,50,0.021946,0.0552859,-0.9286,0,,mesure_experimentale
iodp_remanence_398_12812179,398,U1592,A,CUBE12116541,0.031394,4.4,199.9,327.22,15,10,50,0.003235,0.103045,-0.9286,0,,mesure_experimentale
iodp_remanence_398_12812179,398,U1592,A,CUBE12116651,0.002379,-3.1,171.0,327.92,15,10,50,0.000126,0.0529634,-0.9286,0,,mesure_experimentale
iodp_remanence_398_12812179,398,U1592,A,CUBE12116661,0.000926,-6.1,196.1,331.35,15,10,50,7.1e-05,0.0766739,-0.9286,0,,mesure_experimentale
iodp_remanence_398_12812179,398,U1592,A,CUBE12116681,0.000506,9.3,181.5,336.31,87,10,330,0.000326,0.644269,0.3031,0,,mesure_experimentale
iodp_remanence_398_12812179,398,U1592,A,CUBE12116721,0.001139,8.1,164.2,337.8,15,10,50,8.2e-05,0.071993,-0.9286,0,,mesure_experimentale
iodp_remanence_398_12812179,398,U1592,B,CUBE12118041,0.071263,13.9,159.5,293.81,20,10,50,0.00806,0.113102,-0.9248,0,,mesure_experimentale
iodp_remanence_398_12812179,398,U1592,B,CUBE12118051,0.010252,39.1,170.3,298.33,20,10,50,0.000913,0.0890558,-0.9248,0,,mesure_experimentale
iodp_remanence_398_12812179,398,U1592,B,CUBE12118071,0.007315,-17.0,204.6,299.08,15,10,50,0.001242,0.169788,-0.9286,0,,mesure_experimentale
iodp_remanence_398_12812179,398,U1592,B,CUBE12118101,0.00602,-9.5,205.0,299.16,15,10,50,0.001388,0.230565,-0.9286,0,,mesure_experimentale
iodp_remanence_398_12812179,398,U1592,B,CUBE12118891,0.09668,-4.7,149.7,304.87,15,10,50,0.014069,0.145521,-0.9286,0,,mesure_experimentale
iodp_remanence_398_12812179,398,U1592,B,CUBE12118901,0.077186,-4.9,154.0,308.28,20,10,50,0.010804,0.139974,-0.9248,0,,mesure_experimentale
iodp_remanence_398_12812179,398,U1592,B,CUBE12119221,0.087751,-7.0,159.9,314.54,24,10,75,0.011883,0.135417,-0.9478,0,,mesure_experimentale
iodp_remanence_398_12812179,398,U1592,B,CUBE12119231,0.086699,-19.4,147.6,315.06,24,10,75,0.008299,0.095722,-0.9478,0,,mesure_experimentale
iodp_remanence_398_12812179,398,U1592,B,CUBE12119631,0.000718,24.7,197.0,327.07,24,10,75,4.2e-05,0.0584958,-0.9478,0,,mesure_experimentale
iodp_remanence_398_12812179,398,U1592,B,CUBE12119691,0.000566,6.5,166.3,334.17,24,10,75.3,9.9e-05,0.174912,-0.8078,0,,mesure_experimentale
iodp_remanence_398_12812179,398,U1592,B,CUBE12120121,0.000533,-29.2,198.3,345.75,24,10,75,0.000174,0.326454,-0.7809,0,,mesure_experimentale
iodp_remanence_398_12812179,398,U1592,B,CUBE12120951,0.001875,-22.3,352.9,404.45,24,10,75,0.001987,1.05973,-0.9478,0,,mesure_experimentale
iodp_remanence_398_12812179,398,U1592,B,CUBE12120971,0.004596,-2.4,196.1,414.34,24,10,75,0.000112,0.024369,-0.7809,0,,mesure_experimentale
iodp_remanence_398_12812179,398,U1592,B,CUBE12121001,0.000759,9.2,198.7,346.96,24,10,75,9.2e-05,0.121212,-0.9478,0,,mesure_experimentale
iodp_remanence_398_12812179,398,U1592,B,CUBE12121401,0.000741,6.0,199.1,322.48,20,10,50,0.000102,0.137652,-0.9248,0,,mesure_experimentale
iodp_remanence_398_12812179,398,U1592,B,CUBE12121421,0.000632,0.9,215.2,325.44,20,10,50,0.000107,0.169304,-0.9248,0,,mesure_experimentale
iodp_remanence_398_12812179,398,U1592,B,CUBE12121441,0.010628,7.7,193.5,403.57,20,10,75,0.00071,0.0668047,-0.8286,0,,mesure_experimentale
iodp_remanence_398_12812179,398,U1592,B,CUBE12121571,0.000721,-14.0,201.2,332.48,15,10,75,0.000157,0.217753,-0.6393,0,,mesure_experimentale
iodp_remanence_398_12812179,398,U1592,B,CUBE12121591,0.006796,1.4,176.0,413.82,20,10,75,0.000976,0.143614,-0.8286,0,,mesure_experimentale
iodp_remanence_398_12812179,398,U1592,B,CUBE12121611,0.000966,15.0,208.4,341.84,20,10,75,0.002047,2.11905,0.0376,0,,mesure_experimentale
iodp_remanence_398_12812179,398,U1592,B,CUBE12121631,0.000695,20.4,155.2,344.52,20,10,75,9.6e-05,0.138129,-0.8286,0,,mesure_experimentale
iodp_remanence_398_12812179,398,U1592,B,CUBE12121921,0.000515,-8.7,181.1,423.04,20,10,50,0.000211,0.409709,0.7113,0,,mesure_experimentale
iodp_remanence_398_12812179,398,U1592,B,CUBE12121931,0.003474,-21.3,180.0,426.03,8,10,15,5.8e-05,0.0166955,-0.5238,0,,mesure_experimentale
iodp_remanence_398_12812179,398,U1592,B,CUBE12122471,0.000392,-21.1,164.2,433.31,24,10,75,0.000225,0.57398,0.6104,0,,mesure_experimentale
iodp_remanence_398_12812179,398,U1592,B,CUBE12122481,0.000495,-20.3,173.8,435.58,24,10,75,0.000211,0.426263,-0.0574,0,,mesure_experimentale
iodp_remanence_398_12812179,398,U1592,B,CUBE12123181,0.002394,-27.9,75.0,442.47,20,10,50,0.002317,0.967836,-0.2511,0,,mesure_experimentale
iodp_remanence_398_12812179,398,U1592,B,CUBE12123191,0.001385,-12.0,181.0,447.37,24,10,75,0.000306,0.220939,-0.3913,0,,mesure_experimentale
iodp_remanence_398_12812179,398,U1592,B,CUBE12123921,0.000332,7.2,216.1,452.35,20,10,50,0.000272,0.819277,0.7113,0,,mesure_experimentale
iodp_remanence_398_12812179,398,U1592,B,CUBE12123931,0.005154,0.9,88.3,454.62,20,10,50,0.005018,0.973613,-0.9248,0,,mesure_experimentale
iodp_remanence_398_12812179,398,U1592,B,CUBE12124001,0.000447,-27.9,178.4,462.14,16,10,30,1.9e-05,0.0425056,-0.6941,0,,mesure_experimentale
iodp_remanence_398_12812179,398,U1592,B,CUBE12124011,0.000265,-13.1,200.9,464.93,16,10,30,2.1e-05,0.0792453,-0.8824,0,,mesure_experimentale
iodp_remanence_398_12812179,398,U1592,B,CUBE12124131,0.000431,18.3,200.5,346.67,20,10,50,0.003113,7.22274,0.0376,0,,mesure_experimentale
iodp_remanence_398_12812179,398,U1592,B,CUBE12124141,0.000725,-6.7,147.8,347.14,20,10,50,8.1e-05,0.111724,-0.9248,0,,mesure_experimentale
iodp_remanence_398_12812179,398,U1592,B,CUBE12124151,0.000591,-26.2,168.3,347.54,20,10,50,4.7e-05,0.0795262,-0.9248,0,,mesure_experimentale
iodp_remanence_398_12812179,398,U1592,B,CUBE12124161,0.000667,-30.2,180.6,347.62,20,10,50,0.000131,0.196402,-0.8286,0,,mesure_experimentale
iodp_remanence_398_12812179,398,U1592,B,CUBE12124221,0.000232,3.3,158.6,471.91,16,10,30,2.2e-05,0.0948276,-0.8824,0,,mesure_experimentale
iodp_remanence_398_12812179,398,U1592,B,CUBE12124451,0.001555,27.5,292.5,489.35,20,10,50,0.000373,0.239871,-0.3474,0,,mesure_experimentale
iodp_remanence_398_12812179,398,U1593,A,CUBE12127801,0.032523,-16.0,163.9,9.92,20,10,50,0.004323,0.132921,-0.9248,0,,mesure_experimentale
iodp_remanence_398_12812179,398,U1593,A,CUBE12128361,0.049524,20.2,197.3,24.38,20,10,50,0.007089,0.143143,-0.9248,0,,mesure_experimentale
iodp_remanence_398_12812179,398,U1593,A,CUBE12128981,0.004528,-15.3,205.0,35.37,20,10,50,0.000422,0.0931979,-0.9248,0,,mesure_experimentale
iodp_remanence_398_12812179,398,U1593,A,CUBE12129171,0.050589,15.6,212.0,60.97,20,10,50,0.007121,0.140762,-0.9248,0,,mesure_experimentale
iodp_remanence_398_12812179,398,U1593,A,CUBE12130001,0.036002,-14.1,208.2,84.24,20,10,50,0.004796,0.133215,-0.9248,0,,mesure_experimentale
iodp_remanence_398_12812179,398,U1593,A,CUBE12130281,0.114877,35.0,180.8,92.11,15,10,50,0.012617,0.109831,-0.9286,0,,mesure_experimentale
iodp_remanence_398_12812179,398,U1593,A,CUBE12130611,0.00061,38.7,168.0,103.62,20,10,50,8.1e-05,0.132787,-0.9248,0,,mesure_experimentale
iodp_remanence_398_12812179,398,U1593,A,CUBE12133831,0.002106,35.2,14.3,219.76,20,10,50,0.00079,0.375119,-0.9248,0,,mesure_experimentale
iodp_remanence_398_12812179,398,U1593,A,CUBE12133841,0.00194,9.7,200.2,221.28,20,10,50,0.000513,0.264433,-0.5398,0,,mesure_experimentale
iodp_remanence_398_12812179,398,U1593,A,CUBE12134391,0.000303,50.3,178.5,228.01,20,10,50,0.000173,0.570957,-0.3474,0,,mesure_experimentale
iodp_remanence_398_12812179,398,U1593,A,CUBE12134411,0.000953,15.5,178.5,231.91,15,10,50,0.000156,0.163694,-0.8321,0,,mesure_experimentale
iodp_remanence_398_12812179,398,U1593,A,CUBE12135321,0.000496,-27.5,216.2,240.85,20,10,50,0.000162,0.326613,-0.8286,0,,mesure_experimentale
iodp_remanence_398_12812179,398,U1593,A,CUBE12135371,0.000545,23.8,203.6,243.63,15,10,50,0.000162,0.297248,-0.9286,0,,mesure_experimentale
iodp_remanence_398_12812179,398,U1593,A,CUBE12138591,0.000402,-34.4,213.5,246.66,12,10,30,5e-06,0.0124378,-0.8881,0,,mesure_experimentale
iodp_remanence_398_12812179,398,U1593,B,CUBE12139391,0.051382,21.0,169.1,10.3,15,10,50,0.009084,0.176793,-0.9286,0,,mesure_experimentale
iodp_remanence_398_12812179,398,U1593,B,CUBE12139681,0.025446,14.1,161.5,19.73,20,10,50,0.003683,0.144738,-0.9248,0,,mesure_experimentale
iodp_remanence_398_12812179,398,U1593,B,CUBE12140651,0.070598,13.6,204.6,25.61,15,10,50,0.009849,0.139508,-0.9286,0,,mesure_experimentale
iodp_remanence_398_12812179,398,U1593,B,CUBE12140731,0.003177,9.4,214.6,46.23,20,10,50,0.000596,0.187598,-0.9248,0,,mesure_experimentale
iodp_remanence_398_12812179,398,U1593,B,CUBE12141821,0.254437,33.4,200.4,91.76,20,10,50,0.055526,0.218231,-0.9248,0,,mesure_experimentale
iodp_remanence_398_12812179,398,U1592,A,WDGE12116701,0.030762,-16.0,126.9,335.11,20,10,50,0.000791,0.0257135,-0.9248,0,,mesure_experimentale
iodp_remanence_399_15499317,399,U1601,A,CUBE12247901,0.000471,7.0,325.4,3.25,29,5,200,3.4e-05,0.0721868,-0.3877,0,,mesure_experimentale
iodp_remanence_399_15499317,399,U1601,A,CUBE12247911,0.000156,22.7,95.3,3.28,46,5,700,0.000819,5.25,0.4357,0,,mesure_experimentale
iodp_remanence_399_15499317,399,U1601,A,CUBE12247921,2.14528,52.8,308.1,22.72,20,5,200,0.046121,0.0214988,-0.8842,0,,mesure_experimentale
iodp_remanence_399_15499317,399,U1601,A,CUBE12247931,2.85388,10.2,320.1,22.74,32,50,700,0.317568,0.111276,-0.9692,0,,mesure_experimentale
iodp_remanence_399_15499317,399,U1601,A,CUBE12248361,0.004367,-26.9,8.5,27.01,16,5,200,0.000142,0.0325166,-0.9971,0,,mesure_experimentale
iodp_remanence_399_15499317,399,U1601,A,CUBE12248381,3.00957,46.2,39.9,31.68,44,5,700,0.042387,0.0140841,-0.7758,0,,mesure_experimentale
iodp_remanence_399_15499317,399,U1601,A,CUBE12248391,1.16627,-65.7,57.9,31.77,22,5,200,0.244598,0.209727,-0.7346,0,,mesure_experimentale
iodp_remanence_399_15499317,399,U1601,A,CUBE12248561,1.35052,-10.0,31.8,37.09,29,50,700,0.098298,0.0727851,-0.9813,0,,mesure_experimentale
iodp_remanence_399_15499317,399,U1601,A,CUBE12248601,1.54984,34.1,295.0,37.81,28,50,700,0.109123,0.0704094,-0.9070,0,,mesure_experimentale
iodp_remanence_399_15499317,399,U1601,A,CUBE12248611,0.842641,-18.3,344.6,39.08,49,5,700,0.050461,0.0598843,-0.3003,0,,mesure_experimentale
iodp_remanence_399_15499317,399,U1601,A,CUBE12248651,2.46647,24.8,313.0,42.14,27,50,700,0.033161,0.0134447,-0.9921,0,,mesure_experimentale
iodp_remanence_399_15499317,399,U1601,A,CUBE12248701,1.60565,55.1,23.4,47.58,51,5,700,0.032129,0.0200099,-0.7244,0,,mesure_experimentale
iodp_remanence_399_15499317,399,U1601,A,CUBE12248711,1.6034,58.7,18.6,47.6,51,5,700,0.024257,0.0151285,-0.6577,0,,mesure_experimentale
iodp_remanence_399_15499317,399,U1601,A,CUBE12248731,1.32114,-24.5,0.2,49.27,52,5,700,0.014889,0.0112698,-0.6619,0,,mesure_experimentale
iodp_remanence_399_15499317,399,U1601,A,CUBE12248761,2.66015,18.7,324.7,57.93,52,5,700,0.013115,0.00493017,-0.7756,0,,mesure_experimentale
iodp_remanence_399_15499317,399,U1601,A,CUBE12248771,2.9068,42.9,31.2,51.02,31,50,700,0.011056,0.00380349,-0.9952,0,,mesure_experimentale
iodp_remanence_399_15499317,399,U1309,D,CUBE12259461,1.30386,21.8,46.7,1416.95,16,5,200,0.094141,0.072202,-1.0000,40,0.7368,mesure_experimentale
iodp_remanence_399_15499317,399,U1309,D,CUBE12259471,1.36979,18.1,51.7,1416.97,22,2,700,0.00573,0.00418311,-0.9413,0,,mesure_experimentale
iodp_remanence_399_15499317,399,U1309,D,CUBE12259831,0.148877,10.3,304.2,1418.36,26,2,700,0.002314,0.015543,-0.8181,0,,mesure_experimentale
iodp_remanence_399_15499317,399,U1309,D,CUBE12259841,0.198211,6.9,297.2,1418.32,16,5,200,0.001345,0.0067857,-0.9912,39,0.7830,mesure_experimentale
iodp_remanence_399_15499317,399,U1309,D,CUBE12262961,1.17076,51.4,14.9,1423.13,20,2,700,0.006698,0.00572106,-0.9789,0,,mesure_experimentale
iodp_remanence_399_15499317,399,U1309,D,CUBE12262971,0.985644,53.3,24.8,1423.15,16,5,200,0.059919,0.0607917,-0.9794,0,,mesure_experimentale
iodp_remanence_399_15499317,399,U1309,D,CUBE12262981,1.76309,16.3,300.3,1423.86,16,5,200,0.105897,0.0600634,-0.9882,39,0.6719,mesure_experimentale
iodp_remanence_399_15499317,399,U1309,D,CUBE12263001,1.93673,-20.5,295.7,1425.49,20,2,700,0.011378,0.00587484,-0.8872,0,,mesure_experimentale
iodp_remanence_399_15499317,399,U1309,D,CUBE12263011,1.33667,-48.3,324.9,1426.69,16,5,200,0.058052,0.0434304,-1.0000,39,0.7267,mesure_experimentale
iodp_remanence_399_15499317,399,U1309,D,CUBE12263021,1.29652,-12.5,49.2,1426.87,25,2,700,0.008826,0.00680748,-0.9685,0,,mesure_experimentale
iodp_remanence_399_15499317,399,U1309,D,CUBE12263041,1.22397,21.2,49.4,1427.66,16,5,200,0.054992,0.0449294,-1.0000,0,,mesure_experimentale
iodp_remanence_399_15499317,399,U1309,D,CUBE12263061,3.57181,49.7,21.9,1431.82,26,2,700,0.032855,0.00919841,-0.9562,0,,mesure_experimentale
iodp_remanence_399_15499317,399,U1309,D,CUBE12263081,1.26152,42.8,21.6,1432.78,16,5,200,0.096372,0.0763936,-0.9882,38,0.6689,mesure_experimentale
iodp_remanence_399_15499317,399,U1309,D,CUBE12263101,0.749479,9.7,310.9,1434.58,16,5,200,0.027188,0.0362759,-0.9971,0,,mesure_experimentale
iodp_remanence_399_15499317,399,U1309,D,CUBE12263111,0.722372,-43.4,37.1,1434.8,27,2,700,0.006888,0.00953525,-0.9768,0,,mesure_experimentale
iodp_remanence_399_15499317,399,U1309,D,CUBE12263121,2.50284,-34.0,49.6,1435.43,16,5,200,0.174009,0.0695245,-1.0000,39,0.7698,mesure_experimentale
iodp_remanence_399_15499317,399,U1309,D,CUBE12263131,1.16876,-28.3,47.4,1436.29,27,2,700,0.03346,0.0286286,-0.9096,0,,mesure_experimentale
iodp_remanence_399_15499317,399,U1309,D,CUBE12263151,1.63747,49.1,342.8,1438.36,20,2,700,0.00842,0.00514208,-0.8827,0,,mesure_experimentale
iodp_remanence_399_15499317,399,U1309,D,CUBE12263161,2.01465,-45.0,28.0,1438.55,16,5,200,0.152703,0.0757963,-1.0000,0,,mesure_experimentale
iodp_remanence_399_15499317,399,U1309,D,CUBE12263171,1.29745,-30.2,39.1,1429.525,20,2,700,0.004378,0.00337432,-0.8556,0,,mesure_experimentale
iodp_remanence_399_15499317,399,U1309,D,CUBE12266331,0.683503,8.0,56.2,1441.25,16,5,200,0.019782,0.0289421,-0.9971,38,0.6967,mesure_experimentale
iodp_remanence_399_15499317,399,U1309,D,CUBE12266341,1.06861,14.3,55.6,1441.27,26,2,700,0.034579,0.0323588,-0.6315,0,,mesure_experimentale
iodp_remanence_399_15499317,399,U1309,D,CUBE12266351,0.747611,-6.7,51.1,1443.39,16,5,200,0.023548,0.0314977,-1.0000,41,0.7223,mesure_experimentale
iodp_remanence_399_15499317,399,U1309,D,CUBE12266361,0.881865,-13.9,296.8,1444.38,22,2,700,0.010532,0.0119429,-0.8950,0,,mesure_experimentale
iodp_remanence_399_15499317,399,U1309,D,CUBE12266371,0.887964,22.5,132.2,1444.8,20,5,200,0.036131,0.0406897,-0.9444,0,,mesure_experimentale
iodp_remanence_399_15499317,399,U1309,D,CUBE12266381,0.115703,-9.1,270.7,1451.55,21,2,700,0.000509,0.00439919,-0.9143,0,,mesure_experimentale
iodp_remanence_399_15499317,399,U1309,D,CUBE12266451,0.364565,-12.1,58.0,1449.83,20,2,700,0.008296,0.0227559,-0.8872,0,,mesure_experimentale
iodp_remanence_399_15499317,399,U1309,D,CUBE12266461,0.69739,10.2,308.7,1450.15,16,5,200,0.032303,0.0463198,-0.9971,39,0.6538,mesure_experimentale
iodp_remanence_399_15499317,399,U1309,D,CUBE12266511,0.321412,2.5,306.7,1450.59,16,5,200,0.017441,0.0542637,-0.9941,40,0.6784,mesure_experimentale
iodp_remanence_399_15499317,399,U1309,D,CUBE12266641,0.637814,53.4,34.5,1459.73,28,2,700,0.158098,0.247875,-0.6267,0,,mesure_experimentale
iodp_remanence_399_15499317,399,U1309,D,CUBE12266651,1.6662,-79.8,87.6,1460.22,21,2,700,0.01043,0.00625976,-0.9468,0,,mesure_experimentale
iodp_remanence_399_15499317,399,U1309,D,CUBE12266681,0.413776,-45.0,289.0,1460.59,17,5,200,0.012811,0.0309612,-0.9902,0,,mesure_experimentale
iodp_remanence_399_15499317,399,U1309,D,CUBE12266691,1.10946,-36.0,284.6,1460.11,17,5,200,0.044114,0.0397617,-1.0000,41,0.8580,mesure_experimentale
iodp_remanence_399_15499317,399,U1309,D,CUBE12267171,0.625983,66.0,304.5,1464.4,26,2,700,0.004218,0.0067382,-0.9487,0,,mesure_experimentale
iodp_remanence_399_15499317,399,U1309,D,CUBE12267181,0.537255,83.8,76.0,1465.6,16,5,200,0.009122,0.0169789,-0.9882,0,,mesure_experimentale
iodp_remanence_399_15499317,399,U1309,D,CUBE12267191,1.04046,27.6,307.2,1469.51,17,5,200,0.002285,0.00219613,-0.9975,0,,mesure_experimentale
iodp_remanence_399_15499317,399,U1309,D,CUBE12267201,1.21493,31.1,280.8,1469.48,19,2,700,0.037616,0.0309615,-0.8860,0,,mesure_experimentale
iodp_remanence_399_15499317,399,U1309,D,CUBE12267231,1.80626,4.7,53.7,1475.31,16,5,200,0.160743,0.0889924,-1.0000,0,,mesure_experimentale
iodp_remanence_399_15499317,399,U1309,D,CUBE12267251,0.677443,4.0,304.1,1474.08,27,2,700,0.010873,0.0160501,-0.9628,0,,mesure_experimentale
iodp_remanence_399_15499317,399,U1309,D,CUBE12267261,1.39353,-55.7,1.0,1476.29,21,2,700,0.008634,0.00619577,-0.8896,0,,mesure_experimentale
iodp_remanence_399_15499317,399,U1309,D,CUBE12267311,2.48255,6.0,298.5,1477.01,16,5,200,0.31043,0.125045,-0.9971,0,,mesure_experimentale
iodp_remanence_399_15499317,399,U1309,D,CUBE12267341,3.55252,-1.1,51.4,1479.72,16,5,200,0.077318,0.0217643,-1.0000,0,,mesure_experimentale
iodp_remanence_399_15499317,399,U1309,D,CUBE12267351,1.97832,58.3,357.6,1480.425,20,2,700,0.016686,0.00843442,-0.9474,0,,mesure_experimentale
iodp_remanence_399_15499317,399,U1309,D,CUBE12267361,1.25576,57.0,356.4,1480.455,16,5,200,0.072449,0.0576932,-1.0000,39,0.7338,mesure_experimentale
iodp_remanence_399_15499317,399,U1309,D,CUBE12267371,5.03398,-51.4,9.8,1483.69,26,2,700,0.014234,0.00282758,-0.9651,0,,mesure_experimentale
iodp_remanence_399_15499317,399,U1309,D,CUBE12267381,3.8294,-45.5,7.2,1483.72,16,5,200,0.243765,0.0636562,-1.0000,0,,mesure_experimentale
iodp_remanence_399_15499317,399,U1309,D,CUBE12267391,0.851632,-4.4,40.9,1484.83,16,5,200,0.014155,0.016621,-1.0000,40,0.7634,mesure_experimentale
iodp_remanence_399_15499317,399,U1309,D,CUBE12267411,0.97563,54.1,16.3,1489.55,16,5,200,0.030744,0.0315119,-1.0000,41,0.8197,mesure_experimentale
iodp_remanence_399_15499317,399,U1309,D,CUBE12267441,1.04538,30.4,48.5,1492.1,16,5,200,0.076213,0.0729044,-1.0000,0,,mesure_experimentale
iodp_remanence_399_15499317,399,U1309,D,CUBE12267451,1.26911,-51.6,332.2,1490.95,27,2,700,0.029568,0.0232982,-0.9060,0,,mesure_experimentale
iodp_remanence_399_15499317,399,U1309,D,CUBE12267461,0.953379,17.4,55.1,1488.36,22,2,700,0.01462,0.0153349,-0.9740,0,,mesure_experimentale
iodp_remanence_399_15499317,399,U1309,D,CUBE12267691,0.805523,-2.3,68.0,1494.28,18,5,200,0.026726,0.0331784,-0.9979,41,0.8312,mesure_experimentale
iodp_remanence_399_15499317,399,U1309,D,CUBE12267701,0.91024,19.2,72.5,1494.26,28,2,700,0.154168,0.169371,-0.4439,0,,mesure_experimentale
iodp_remanence_399_15499317,399,U1309,D,CUBE12267711,0.612417,-27.9,53.0,1494.89,22,2,700,0.006608,0.01079,-0.8950,0,,mesure_experimentale
iodp_remanence_399_15499317,399,U1309,D,CUBE12267721,1.63592,-39.9,59.0,1497.285,16,5,200,0.128345,0.0784545,-1.0000,0,,mesure_experimentale
iodp_remanence_399_15499317,399,U1601,C,CUBE12277671,0.491084,-32.5,105.1,23.545,32,5,200,0.009504,0.0193531,-0.9003,34,0.8191,mesure_experimentale
iodp_remanence_399_15499317,399,U1601,C,CUBE12277681,2.74589,45.3,1.2,24.52,25,30,700,0.039122,0.0142475,-0.9923,0,,mesure_experimentale
iodp_remanence_399_15499317,399,U1601,C,CUBE12277691,2.15293,2.1,280.2,28.35,32,5,200,0.054897,0.0254988,-0.7654,34,0.7467,mesure_experimentale
iodp_remanence_399_15499317,399,U1601,C,CUBE12277701,1.1489,-35.0,297.4,29.56,32,5,200,0.068926,0.0599932,-0.5220,34,0.7745,mesure_experimentale
iodp_remanence_399_15499317,399,U1601,C,CUBE12277711,1.58279,19.5,315.1,29.465,25,30,700,0.116233,0.0734357,-0.9900,0,,mesure_experimentale
iodp_remanence_399_15499317,399,U1601,C,CUBE12277721,1.06762,37.7,310.7,29.81,25,30,700,0.0393,0.036811,-0.9908,0,,mesure_experimentale
iodp_remanence_399_15499317,399,U1601,C,CUBE12277731,1.7645,-27.0,32.8,33.979,25,30,700,0.033103,0.0187606,-0.9931,0,,mesure_experimentale
iodp_remanence_399_15499317,399,U1601,C,CUBE12277741,0.604395,65.7,149.0,34.17,32,5,200,0.045925,0.0759851,-0.7947,34,0.7629,mesure_experimentale
iodp_remanence_399_15499317,399,U1601,C,CUBE12277751,2.21194,-48.4,325.6,35.19,24,30,700,0.178111,0.0805225,-0.9965,0,,mesure_experimentale
iodp_remanence_399_15499317,399,U1601,C,CUBE12277761,1.63929,-59.6,331.3,35.225,32,5,200,0.070286,0.042876,-0.9501,34,0.7170,mesure_experimentale
iodp_remanence_399_15499317,399,U1601,C,CUBE12277771,1.05247,31.0,33.3,42.51,32,5,200,0.047683,0.045306,-0.7595,33,0.7139,mesure_experimentale
iodp_remanence_399_15499317,399,U1601,C,CUBE12277781,3.29612,-37.2,340.0,43.99,32,5,200,0.087042,0.0264074,-0.9501,35,0.7487,mesure_experimentale
iodp_remanence_399_15499317,399,U1601,C,CUBE12277791,1.2052,-35.2,340.5,44.115,25,30,700,0.085278,0.0707584,-0.9585,0,,mesure_experimentale
iodp_remanence_399_15499317,399,U1601,C,CUBE12293421,0.188866,33.3,317.1,120.565,32,5,200,0.008365,0.0442907,-0.9912,39,0.7061,mesure_experimentale
iodp_remanence_399_15499317,399,U1601,C,CUBE12293441,0.538809,-5.0,49.1,121.74,25,30,700,0.013651,0.0253355,-0.9769,0,,mesure_experimentale
iodp_remanence_399_15499317,399,U1601,C,CUBE12293451,0.131258,17.4,315.5,135.22,34,5,200,0.004723,0.0359826,-0.9933,39,0.5960,mesure_experimentale
iodp_remanence_399_15499317,399,U1601,C,CUBE12293471,0.264968,8.9,48.4,136.58,25,30,700,0.002452,0.00925395,-0.9792,0,,mesure_experimentale
iodp_remanence_399_15499317,399,U1601,C,CUBE12293481,0.074083,-28.8,315.4,184.74,25,30,700,0.004373,0.0590284,-0.9531,0,,mesure_experimentale
iodp_remanence_399_15499317,399,U1601,C,CUBE12293501,0.166865,-49.4,31.6,186.05,32,5,200,0.094086,0.563845,0.0205,0,,mesure_experimentale
iodp_remanence_399_15499317,399,U1601,C,CUBE12293511,0.099296,-35.6,307.1,188.67,25,30,700,0.015947,0.160601,-0.9769,0,,mesure_experimentale
iodp_remanence_399_15499317,399,U1601,C,CUBE12293531,0.082774,-41.9,12.4,189.27,32,5,200,0.002899,0.0350231,-0.9883,39,0.7543,mesure_experimentale
iodp_remanence_399_15499317,399,U1601,C,CUBE12365241,0.010347,43.4,295.7,648.81,31,5,200,0.047014,4.54373,0.5492,0,,mesure_experimentale
iodp_remanence_399_15499317,399,U1601,C,CUBE12365501,0.029555,22.2,24.9,654.36,33,5,200,0.063476,2.14772,-0.2413,0,,mesure_experimentale
iodp_remanence_399_15499317,399,U1601,C,CUBE12365531,0.135025,17.6,260.1,653.82,25,30,700,0.005126,0.0379633,-0.7400,0,,mesure_experimentale
iodp_remanence_399_15499317,399,U1601,C,CUBE12365611,0.156962,35.2,270.0,658.96,32,5,200,0.02885,0.183802,-0.4307,0,,mesure_experimentale
iodp_remanence_399_15499317,399,U1601,C,CUBE12365631,0.00865,47.3,208.5,648.77,25,30,700,0.00505,0.583815,-0.9292,0,,mesure_experimentale
iodp_remanence_399_15499317,399,U1601,C,CUBE12365701,5.83612,-19.5,211.2,687.59,25,30,700,0.034386,0.00589193,-0.9908,0,,mesure_experimentale
iodp_remanence_399_15499317,399,U1601,C,CUBE12365911,0.185758,36.6,321.3,702.77,29,5,200,0.004897,0.0263623,-0.9916,0,,mesure_experimentale
iodp_remanence_399_15499317,399,U1601,C,CUBE12365921,6.82261,-14.9,14.7,715.33,2,30,40,6.21185,0.91048,nan,0,,mesure_experimentale
iodp_remanence_399_15499317,399,U1601,C,CUBE12370361,16.9371,18.0,120.4,734.92,2,30,40,9.1162,0.538239,nan,0,,mesure_experimentale
iodp_remanence_399_15499317,399,U1601,C,CUBE12370391,2.6883,-14.9,211.7,743.34,2,30,40,2.56493,0.954108,nan,0,,mesure_experimentale
iodp_remanence_399_15499317,399,U1601,C,CUBE12371791,0.109935,-56.3,109.3,810.3,25,30,700,0.001515,0.0137809,-0.4008,0,,mesure_experimentale
iodp_remanence_399_15499317,399,U1601,C,CUBE12371801,0.462682,3.0,190.6,810.33,33,5,200,0.033508,0.0724212,-0.6664,0,,mesure_experimentale
iodp_remanence_399_15499317,399,U1601,C,CUBE12372081,0.153023,-55.2,251.9,852.75,24,5,200,0.026505,0.173209,-0.9896,0,,mesure_experimentale
iodp_remanence_399_15499317,399,U1601,C,CUBE12372091,0.023623,-52.8,180.9,852.77,26,30,700,0.007169,0.303475,-0.3244,0,,mesure_experimentale
iodp_remanence_399_15499317,399,U1601,C,CUBE12372111,0.170569,17.2,79.9,843.23,25,30,700,0.035464,0.207916,-0.3531,0,,mesure_experimentale
iodp_remanence_399_15499317,399,U1601,C,CUBE12372141,0.13494,-24.6,44.7,883.25,26,5,200,0.002088,0.0154735,-0.9932,0,,mesure_experimentale
iodp_remanence_399_15499317,399,U1601,C,CUBE12372151,0.176559,-43.0,123.2,883.28,24,30,700,0.001482,0.00839379,-0.9061,0,,mesure_experimentale
iodp_remanence_399_15499317,399,U1601,C,CUBE12372271,3.37164,9.0,163.2,844.12,29,5,200,0.079161,0.0234785,-0.7438,0,,mesure_experimentale
iodp_remanence_399_15499317,399,U1601,C,CUBE12372331,0.296093,-24.6,318.4,868.24,26,5,200,0.022145,0.0747907,-0.9932,0,,mesure_experimentale
iodp_remanence_399_15499317,399,U1601,C,CUBE12375641,0.010719,-54.4,22.0,906.05,26,30,700,0.125295,11.6891,0.6684,0,,mesure_experimentale
iodp_remanence_399_15499317,399,U1601,C,CUBE12375681,0.06172,-37.9,227.2,930.31,25,30,700,0.006603,0.106983,-0.7877,0,,mesure_experimentale
iodp_remanence_399_15499317,399,U1601,C,CUBE12375701,5.6188,24.9,136.2,964.75,27,30,700,0.129326,0.0230167,-0.5763,0,,mesure_experimentale
iodp_remanence_399_15499317,399,U1601,C,CUBE12375721,4.44581,-40.0,173.4,727.64,2,30,40,4.75518,1.06959,nan,0,,mesure_experimentale
iodp_remanence_399_15499317,399,U1601,C,CUBE12375771,0.119226,-41.0,228.7,930.34,32,5,200,0.005989,0.0502323,-0.9721,0,,mesure_experimentale
iodp_remanence_399_15499317,399,U1601,C,CUBE12375811,0.127492,-35.3,89.9,959.31,31,5,200,0.019699,0.154512,-0.9883,0,,mesure_experimentale
iodp_remanence_399_15499317,399,U1601,C,CUBE12379311,0.257519,-9.3,184.0,1018.26,32,5,200,0.10677,0.41461,-0.6477,0,,mesure_experimentale
iodp_remanence_399_15499317,399,U1601,C,CUBE12379441,0.090753,-57.3,337.4,979.8,26,30,700,0.006347,0.0699371,-0.3504,0,,mesure_experimentale
iodp_remanence_399_15499317,399,U1601,C,CUBE12379521,0.228927,15.8,228.5,1018.18,26,30,700,0.035193,0.15373,-0.5084,0,,mesure_experimentale
iodp_remanence_399_15499317,399,U1601,C,CUBE12379541,0.219872,-35.2,276.5,995.86,32,5,200,0.041544,0.188946,-0.9857,0,,mesure_experimentale
iodp_remanence_399_15499317,399,U1601,C,CUBE12379561,0.050881,55.6,42.2,978.68,33,5,200,0.02639,0.518661,-0.3189,0,,mesure_experimentale
iodp_remanence_399_15499317,399,U1601,C,CUBE12382081,0.416644,-28.6,92.5,1051.96,32,5,200,0.081159,0.194792,-0.9597,0,,mesure_experimentale
iodp_remanence_399_15499317,399,U1601,C,CUBE12382101,0.033975,-35.1,89.6,1060.04,33,5,200,0.044971,1.32365,-0.3867,0,,mesure_experimentale
iodp_remanence_399_15499317,399,U1601,C,CUBE12382111,0.245036,-43.1,23.2,1060.07,25,30,700,0.006092,0.0248617,-0.4615,0,,mesure_experimentale
iodp_remanence_399_15499317,399,U1601,C,CUBE12382201,8.31858,-33.4,190.3,1038.16,40,30,700,0.059911,0.00720207,-0.7651,0,,mesure_experimentale
iodp_remanence_399_15499317,399,U1601,C,CUBE12383461,0.301492,-27.6,253.4,995.37,24,30,680,0.011268,0.0373741,-0.2365,0,,mesure_experimentale
iodp_remanence_400_15367200,400,U1603,A,CUBE12646111,0.17202,6.5,181.8,3.31,33,5,80,0.028606,0.166295,-0.9542,3,1.0000,mesure_experimentale
iodp_remanence_400_15367200,400,U1603,A,CUBE12646131,0.108475,41.3,203.1,4.4,33,5,80,0.008655,0.079788,-0.9602,3,1.0000,mesure_experimentale
iodp_remanence_400_15367200,400,U1603,A,CUBE12646671,0.368711,10.7,173.3,8.41,44,5,80,0.024523,0.0665101,-0.9600,4,1.0000,mesure_experimentale
iodp_remanence_400_15367200,400,U1603,A,CUBE12646901,0.443448,-28.1,187.8,17.41,44,5,80,0.038102,0.0859221,-0.9600,4,1.0000,mesure_experimentale
iodp_remanence_400_15367200,400,U1603,A,CUBE12646971,0.133891,5.8,176.8,22.69,33,5,80,0.005767,0.0430723,-0.8941,3,1.0000,mesure_experimentale
iodp_remanence_400_15367200,400,U1603,A,CUBE12647131,0.181281,-0.6,181.0,29.4,33,10,80,0.007611,0.0419845,-0.9469,6,0.7143,mesure_experimentale
iodp_remanence_400_15367200,400,U1603,A,CUBE12647341,0.216783,9.7,176.4,35.44,44,5,80,0.010989,0.0506912,-0.9600,4,1.0000,mesure_experimentale
iodp_remanence_400_15367200,400,U1603,A,CUBE12648141,0.454137,-3.4,155.6,47.9,33,5,80,0.022724,0.0500378,-0.9602,3,1.0000,mesure_experimentale
iodp_remanence_400_15367200,400,U1603,A,CUBE12648741,0.567088,-1.9,184.6,55.9,33,5,80,0.031065,0.0547799,-0.9602,3,1.0000,mesure_experimentale
iodp_remanence_400_15367200,400,U1603,A,CUBE12649941,0.424963,-20.9,166.6,70.99,33,5,80,0.029408,0.0692013,-0.9662,3,1.0000,mesure_experimentale
iodp_remanence_400_15367200,400,U1603,A,CUBE12650181,0.753629,8.5,183.5,77.86,44,5,80,0.051912,0.0688827,-0.9617,4,1.0000,mesure_experimentale
iodp_remanence_400_15367200,400,U1603,A,CUBE12651071,0.507193,13.5,175.7,84.46,44,5,80,0.032526,0.0641294,-0.9611,4,1.0000,mesure_experimentale
iodp_remanence_400_15367200,400,U1603,A,CUBE12651681,0.300021,-7.5,176.3,93.69,33,5,80,0.016398,0.0546562,-0.9693,3,1.0000,mesure_experimentale
iodp_remanence_400_15367200,400,U1603,A,CUBE12652931,0.412505,8.0,179.1,104.57,33,5,80,0.005549,0.013452,-0.9572,3,1.0000,mesure_experimentale
iodp_remanence_400_15367200,400,U1603,B,CUBE12653931,0.715648,-12.1,185.0,113.09,33,5,80,0.044789,0.0625852,-0.9602,3,1.0000,mesure_experimentale
iodp_remanence_400_15367200,400,U1603,B,CUBE12654861,0.655153,-6.4,181.9,134.98,33,5,80,0.029483,0.0450017,-0.9693,3,1.0000,mesure_experimentale
iodp_remanence_400_15367200,400,U1603,B,CUBE12655641,0.458961,-0.8,180.5,144.0,33,5,80,0.018102,0.0394413,-0.9662,3,1.0000,mesure_experimentale
iodp_remanence_400_15367200,400,U1603,B,CUBE12656791,0.445753,3.6,194.7,191.27,27,5,80,0.029107,0.0652985,-0.9780,3,1.0000,mesure_experimentale
iodp_remanence_400_15367200,400,U1603,B,CUBE12656901,0.441597,8.7,182.0,192.48,27,5,80,0.007556,0.0171106,-0.9780,3,1.0000,mesure_experimentale
iodp_remanence_400_15367200,400,U1603,B,CUBE12656921,0.165425,-5.5,181.4,193.61,27,5,80,0.001842,0.011135,-0.9780,3,1.0000,mesure_experimentale
iodp_remanence_400_15367200,400,U1603,B,CUBE12656941,0.147794,45.5,234.8,194.99,27,5,80,0.022079,0.14939,-0.9286,3,1.0000,mesure_experimentale
iodp_remanence_400_15367200,400,U1603,B,CUBE12656961,0.064259,-18.3,164.0,197.53,27,5,80,0.004983,0.0775456,-0.7967,3,1.0000,mesure_experimentale
iodp_remanence_400_15367200,400,U1603,B,CUBE12656981,0.124863,-10.5,180.2,198.72,30,5,80,0.001726,0.0138232,-0.9724,3,1.0000,mesure_experimentale
iodp_remanence_400_15367200,400,U1603,B,CUBE12657001,0.074463,1.5,132.9,199.93,27,5,80,0.022973,0.308516,-0.8791,3,1.0000,mesure_experimentale
iodp_remanence_400_15367200,400,U1603,B,CUBE12657061,0.084789,-20.4,194.4,201.36,27,5,80,0.013203,0.155716,-0.7967,3,1.0000,mesure_experimentale
iodp_remanence_400_15367200,400,U1603,B,CUBE12657081,0.079629,-40.3,243.1,204.22,27,5,80,0.017318,0.217484,-0.8791,3,1.0000,mesure_experimentale
iodp_remanence_400_15367200,400,U1603,B,CUBE12657141,0.200037,-7.7,14.3,207.31,27,5,80,0.03687,0.184316,-0.9286,3,1.0000,mesure_experimentale
iodp_remanence_400_15367200,400,U1603,B,CUBE12657181,0.258715,-23.7,297.6,209.16,27,5,80,0.040899,0.158085,-0.9615,3,1.0000,mesure_experimentale
iodp_remanence_400_15367200,400,U1603,B,CUBE12657411,0.055086,-77.6,144.5,211.76,27,5,80,0.028859,0.52389,-0.8791,3,1.0000,mesure_experimentale
iodp_remanence_400_15367200,400,U1603,B,CUBE12657521,0.328587,15.6,169.5,218.58,27,5,80,0.011166,0.0339819,-0.9780,3,1.0000,mesure_experimentale
iodp_remanence_400_15367200,400,U1603,B,CUBE12657671,0.075012,70.9,279.0,222.74,27,5,80,0.017671,0.235576,-0.9286,3,1.0000,mesure_experimentale
iodp_remanence_400_15367200,400,U1603,B,CUBE12657731,0.105137,-39.9,206.6,225.3,27,5,80,0.026037,0.247648,-0.8791,3,1.0000,mesure_experimentale
iodp_remanence_400_15367200,400,U1603,B,CUBE12657771,0.234983,-57.8,128.5,228.03,27,5,80,0.030195,0.128499,-0.9286,3,1.0000,mesure_experimentale
iodp_remanence_400_15367200,400,U1603,B,CUBE12658121,0.176414,4.7,189.6,233.85,27,5,80,0.008275,0.0469067,-0.8626,0,,mesure_experimentale
iodp_remanence_400_15367200,400,U1603,B,CUBE12658141,0.174423,-18.0,186.1,237.45,27,5,80,0.003267,0.0187303,-0.9780,3,1.0000,mesure_experimentale
iodp_remanence_400_15367200,400,U1603,D,CUBE12662191,0.068795,-4.8,120.7,269.56,48,10,80,0.005018,0.0729413,-0.9634,0,,mesure_experimentale
iodp_remanence_400_15367200,400,U1603,D,CUBE12663111,0.124298,-20.3,325.9,314.8,54,5,80,0.015625,0.125706,-0.9706,0,,mesure_experimentale
iodp_remanence_400_15367200,400,U1603,D,CUBE12663131,0.116993,16.5,247.1,317.32,51,5,80,0.01365,0.116674,-0.9700,0,,mesure_experimentale
iodp_remanence_400_15367200,400,U1603,D,CUBE12663211,0.096873,52.3,216.0,323.8,51,5,80,0.015097,0.155843,-0.9765,0,,mesure_experimentale
iodp_remanence_400_15367200,400,U1603,D,CUBE12663231,0.084156,61.0,146.8,324.93,48,10,80,0.010511,0.124899,-0.9488,0,,mesure_experimentale
iodp_remanence_400_15367200,400,U1603,D,CUBE12663251,0.087814,43.6,163.5,327.27,51,5,80,0.012725,0.144909,-0.9757,0,,mesure_experimentale
iodp_remanence_400_15367200,400,U1604,A,CUBE12675531,0.17141,6.7,169.1,0.86,39,5,100,0.025138,0.146654,-0.9779,3,1.0000,mesure_experimentale
iodp_remanence_400_15367200,400,U1604,A,CUBE12675551,0.098368,7.3,171.6,1.59,39,5,100,0.021255,0.216076,-0.9717,3,1.0000,mesure_experimentale
iodp_remanence_400_15367200,400,U1604,A,CUBE12677361,0.173956,-1.1,187.3,2.67,39,5,100,0.003679,0.021149,-0.9779,3,1.0000,mesure_experimentale
iodp_remanence_400_15367200,400,U1604,A,CUBE12678131,0.211829,-8.4,175.1,12.36,39,5,100,0.044697,0.211005,-0.9798,3,1.0000,mesure_experimentale
iodp_remanence_400_15367200,400,U1604,A,CUBE12678801,0.527708,0.5,179.3,21.91,39,5,100,0.01448,0.0274394,-0.9779,3,1.0000,mesure_experimentale
iodp_remanence_400_15367200,400,U1604,A,CUBE12678861,0.263495,8.9,182.7,26.3,39,5,100,0.00567,0.0215184,-0.9743,3,1.0000,mesure_experimentale
iodp_remanence_400_15367200,400,U1604,A,CUBE12680001,0.288354,0.3,186.8,31.26,39,5,100,0.010425,0.0361535,-0.9798,3,1.0000,mesure_experimentale
iodp_remanence_400_15367200,400,U1604,A,CUBE12680551,0.609886,6.7,181.0,40.79,42,5,100,0.018639,0.0305614,-0.9710,3,1.0000,mesure_experimentale
iodp_remanence_400_15367200,400,U1604,A,CUBE12681571,0.140482,18.4,176.5,50.27,39,5,60,0.005138,0.0365741,-0.9476,0,,mesure_experimentale
iodp_remanence_400_15367200,400,U1604,A,CUBE12681651,0.254904,23.6,185.6,56.27,36,5,60,0.008935,0.0350524,-0.9583,0,,mesure_experimentale
iodp_remanence_400_15367200,400,U1604,A,CUBE12682621,0.369394,17.7,195.4,60.03,48,5,100,0.008367,0.0226506,-0.9744,3,1.0000,mesure_experimentale
iodp_remanence_400_15367200,400,U1604,A,CUBE12683141,0.663483,-7.6,187.0,69.41,42,5,100,0.019713,0.0297114,-0.9724,3,1.0000,mesure_experimentale
iodp_remanence_400_15367200,400,U1604,A,CUBE12683811,0.429606,-0.6,183.1,78.67,45,5,100,0.009133,0.021259,-0.9723,3,1.0000,mesure_experimentale
iodp_remanence_400_15367200,400,U1604,A,CUBE12683871,0.477679,2.9,189.2,83.36,36,5,100,0.009906,0.0207378,-0.9753,3,1.0000,mesure_experimentale
iodp_remanence_400_15367200,400,U1604,A,CUBE12684391,0.225979,11.0,175.6,98.9,54,5,80,0.008322,0.0368264,-0.5117,0,,mesure_experimentale
iodp_remanence_400_15367200,400,U1604,A,CUBE12684481,0.259215,12.6,153.6,88.86,36,5,100,0.004344,0.0167583,-0.9730,3,1.0000,mesure_experimentale
iodp_remanence_400_15367200,400,U1604,A,CUBE12684591,0.443084,18.3,186.1,110.17,36,5,100,0.024872,0.0561338,-0.9730,3,1.0000,mesure_experimentale
iodp_remanence_400_15367200,400,U1604,A,CUBE12685111,0.431589,8.2,183.2,120.19,36,5,100,0.010852,0.0251443,-0.9683,3,1.0000,mesure_experimentale
iodp_remanence_400_15367200,400,U1604,A,CUBE12685641,0.618559,4.6,182.3,126.82,36,5,100,0.020402,0.0329831,-0.9660,3,1.0000,mesure_experimentale
iodp_remanence_400_15367200,400,U1604,A,CUBE12685761,0.479462,-9.9,186.2,133.06,36,5,100,0.012386,0.0258331,-0.9683,3,1.0000,mesure_experimentale
iodp_remanence_400_15367200,400,U1604,A,CUBE12685991,0.098186,9.0,207.1,138.22,36,5,100,0.007154,0.0728617,-0.8988,3,1.0000,mesure_experimentale
iodp_remanence_400_15367200,400,U1604,A,CUBE12686011,0.054128,43.1,197.2,140.07,36,5,100,0.010777,0.199102,-0.9035,3,1.0000,mesure_experimentale
iodp_remanence_400_15367200,400,U1604,A,CUBE12686031,0.173794,7.5,195.2,141.41,36,5,100,0.007868,0.045272,-0.9660,3,1.0000,mesure_experimentale
iodp_remanence_400_15367200,400,U1604,A,CUBE12686531,0.132056,14.9,159.1,147.63,36,5,100,0.001642,0.0124341,-0.9753,3,1.0000,mesure_experimentale
iodp_remanence_400_15367200,400,U1604,A,CUBE12686711,0.118313,4.0,221.5,157.05,36,5,100,0.015058,0.127273,-0.9243,3,1.0000,mesure_experimentale
iodp_remanence_400_15367200,400,U1604,A,CUBE12686881,0.203694,-1.6,184.9,165.67,51,5,80,0.003824,0.0187733,-0.6914,0,,mesure_experimentale
iodp_remanence_400_15367200,400,U1604,A,CUBE12687301,0.130034,20.7,112.6,175.15,36,5,100,0.010849,0.083432,-0.9243,3,1.0000,mesure_experimentale
iodp_remanence_400_15367200,400,U1604,A,CUBE12687521,0.064283,-31.6,346.5,185.59,36,5,100,0.017349,0.269885,-0.9521,3,1.0000,mesure_experimentale
iodp_remanence_400_15367200,400,U1604,A,CUBE12687971,0.185072,14.9,160.6,195.41,51,5,80,0.012729,0.0687786,-0.8950,0,,mesure_experimentale
iodp_remanence_400_15367200,400,U1604,A,CUBE12688341,0.188933,-8.6,191.6,204.08,54,5,80,0.00557,0.0294814,-0.9673,0,,mesure_experimentale
iodp_remanence_400_15367200,400,U1604,A,CUBE12688381,0.133808,30.6,173.4,206.48,33,5,100,0.013274,0.0992018,-0.9241,3,1.0000,mesure_experimentale
iodp_remanence_400_15367200,400,U1604,A,CUBE12688421,0.176024,2.7,178.4,209.21,48,5,80,0.004411,0.0250591,-0.8266,0,,mesure_experimentale
iodp_remanence_400_15367200,400,U1604,A,CUBE12688541,0.126758,55.3,237.2,213.24,33,5,100,0.016444,0.129728,-0.9602,3,1.0000,mesure_experimentale
iodp_remanence_400_15367200,400,U1604,A,CUBE12688721,0.102557,57.9,350.9,222.61,33,5,100,0.018708,0.182416,-0.9482,3,1.0000,mesure_experimentale
iodp_remanence_400_15367200,400,U1604,A,CUBE12689051,0.110189,-9.1,291.6,232.07,33,5,100,0.009286,0.0842734,-0.9482,3,1.0000,mesure_experimentale
iodp_remanence_400_15367200,400,U1604,A,CUBE12689111,0.28275,-41.7,41.9,236.47,33,5,100,0.011704,0.0413935,-0.9572,3,1.0000,mesure_experimentale
iodp_remanence_400_15367200,400,U1604,B,CUBE12699851,0.705071,-5.6,182.8,92.88,30,5,80,0.041948,0.0594947,-0.9488,0,,mesure_experimentale
iodp_remanence_400_15367200,400,U1604,B,CUBE12700231,0.230679,3.7,187.3,102.31,30,5,80,0.002576,0.011167,-0.9568,0,,mesure_experimentale
iodp_remanence_400_15367200,400,U1604,B,CUBE12700251,0.119194,7.2,191.1,104.45,30,5,80,0.011285,0.0946776,-0.9568,0,,mesure_experimentale
iodp_remanence_400_15367200,400,U1604,B,CUBE12700671,0.321222,-7.9,173.0,59.07,30,5,80,0.016217,0.0504853,-0.9448,0,,mesure_experimentale
iodp_remanence_400_15367200,400,U1604,B,CUBE12702581,0.099808,-11.9,223.3,242.94,30,5,80,0.00744,0.0745431,-0.9608,0,,mesure_experimentale
iodp_remanence_400_15367200,400,U1604,B,CUBE12703261,0.333243,10.5,210.4,250.94,30,5,80,0.025675,0.0770459,-0.9488,0,,mesure_experimentale
iodp_remanence_400_15367200,400,U1604,B,CUBE12703681,0.129967,1.1,208.5,270.04,30,5,80,0.010441,0.0803358,-0.9488,0,,mesure_experimentale
iodp_remanence_400_15367200,400,U1604,B,CUBE12703961,0.223293,37.7,163.6,259.0,30,5,80,0.019473,0.0872083,-0.9488,0,,mesure_experimentale
iodp_remanence_400_15367200,400,U1604,B,CUBE12704471,0.126002,-16.4,162.5,192.85,30,5,80,0.01691,0.134204,-0.8768,0,,mesure_experimentale
iodp_remanence_400_15367200,400,U1604,B,CUBE12705461,0.228858,23.5,158.6,202.38,24,5,50,0.018454,0.0806352,-0.9226,0,,mesure_experimentale
iodp_remanence_400_15367200,400,U1604,B,CUBE12706121,0.082726,-19.6,346.3,281.12,30,5,80,0.014385,0.173887,-0.9488,0,,mesure_experimentale
iodp_remanence_400_15367200,400,U1604,B,CUBE12706381,0.122475,16.0,107.9,289.42,27,5,80,0.019632,0.160294,-0.9432,0,,mesure_experimentale
iodp_remanence_400_15367200,400,U1604,B,CUBE12706751,0.114439,6.1,187.8,299.31,27,5,80,0.007752,0.0677391,-0.9267,0,,mesure_experimentale
iodp_remanence_400_15367200,400,U1604,B,CUBE12706931,0.202668,61.5,347.7,308.64,27,5,80,0.027862,0.137476,-0.9432,0,,mesure_experimentale
iodp_remanence_400_15367200,400,U1604,B,CUBE12707141,0.142846,-1.6,167.4,315.74,27,5,80,0.005194,0.0363608,-0.9322,0,,mesure_experimentale
iodp_remanence_400_15367200,400,U1604,B,CUBE12707231,0.063403,44.3,187.0,326.97,27,5,80,0.013179,0.207861,-0.9267,0,,mesure_experimentale
iodp_remanence_400_15367200,400,U1604,B,CUBE12707481,0.090858,-16.8,159.4,336.77,27,5,80,0.00371,0.0408329,-0.9432,0,,mesure_experimentale
iodp_remanence_400_15367200,400,U1604,B,CUBE12707851,0.041202,42.7,208.8,347.25,30,5,80,0.012667,0.307437,-0.9128,0,,mesure_experimentale
iodp_remanence_400_15367200,400,U1604,B,CUBE12708011,0.209169,-2.9,192.8,355.06,30,5,80,0.009617,0.0459772,-0.9488,0,,mesure_experimentale
iodp_remanence_400_15367200,400,U1604,B,CUBE12708071,0.046413,-6.9,202.0,364.38,30,5,80,0.007984,0.172021,-0.9208,0,,mesure_experimentale
iodp_remanence_400_15367200,400,U1604,B,CUBE12708211,0.131226,-39.0,246.2,372.91,30,5,80,0.017171,0.130851,-0.9448,0,,mesure_experimentale
iodp_remanence_400_15367200,400,U1604,B,CUBE12708251,0.092199,8.5,208.4,401.57,30,5,80,0.011052,0.119871,-0.9128,0,,mesure_experimentale
iodp_remanence_400_15367200,400,U1604,B,CUBE12708271,0.092615,15.0,8.4,410.69,30,5,80,0.010665,0.115154,-0.9168,0,,mesure_experimentale
iodp_remanence_400_15367200,400,U1604,B,CUBE12708291,0.105355,41.3,256.5,420.11,30,5,80,0.01853,0.175882,-0.9328,0,,mesure_experimentale
iodp_remanence_401_16459634,401,U1609,A,CUBE12822461,0.013736,6.8,154.0,0.99,28,5,35,0.006966,0.507135,-0.8566,0,,mesure_experimentale
iodp_remanence_401_16459634,401,U1609,A,CUBE12823321,0.01241,8.7,174.1,4.64,28,5,35,0.004885,0.393634,-0.1210,0,,mesure_experimentale
iodp_remanence_401_16459634,401,U1609,A,CUBE12823361,0.018497,20.3,186.5,10.68,28,5,35,0.006542,0.353679,-0.4012,0,,mesure_experimentale
iodp_remanence_401_16459634,401,U1609,A,CUBE12824651,0.000798,-4.3,232.8,14.09,28,5,35,0.000772,0.967419,-0.4362,0,,mesure_experimentale
iodp_remanence_401_16459634,401,U1609,A,CUBE12824691,0.001609,-9.9,159.1,19.96,28,5,35,0.000411,0.255438,-0.0859,0,,mesure_experimentale
iodp_remanence_401_16459634,401,U1609,A,CUBE12825531,0.000462,1.2,168.7,23.59,28,5,35,8.9e-05,0.192641,-0.6114,0,,mesure_experimentale
iodp_remanence_401_16459634,401,U1609,A,CUBE12825571,0.000821,3.0,162.8,29.46,28,5,35,0.000156,0.190012,-0.9617,0,,mesure_experimentale
iodp_remanence_401_16459634,401,U1609,A,CUBE12826591,0.001769,51.5,240.6,33.09,28,5,35,5e-05,0.0282646,-0.5063,0,,mesure_experimentale
iodp_remanence_401_16459634,401,U1609,A,CUBE12826631,0.000216,1.4,177.7,38.94,28,5,35,1.7e-05,0.0787037,-0.7865,0,,mesure_experimentale
iodp_remanence_401_16459634,401,U1609,A,CUBE12827301,0.000396,2.1,195.5,41.13,28,5,35,6.4e-05,0.161616,0.7898,0,,mesure_experimentale
iodp_remanence_401_16459634,401,U1609,A,CUBE12827341,0.000184,13.0,188.3,48.46,28,5,35,8.2e-05,0.445652,0.6847,0,,mesure_experimentale
iodp_remanence_401_16459634,401,U1609,A,CUBE12828361,0.000179,10.6,195.6,51.99,28,5,35,6.4e-05,0.357542,0.5796,0,,mesure_experimentale
iodp_remanence_401_16459634,401,U1609,A,CUBE12828401,0.000218,7.0,175.6,57.83,28,5,35,8.6e-05,0.394495,-0.0859,0,,mesure_experimentale
iodp_remanence_401_16459634,401,U1609,A,CUBE12829051,0.000211,9.5,185.7,60.2,28,5,35,4.4e-05,0.208531,0.0192,0,,mesure_experimentale
iodp_remanence_401_16459634,401,U1609,A,CUBE12829091,0.000216,12.0,180.2,66.01,28,5,35,5.4e-05,0.25,-0.0509,0,,mesure_experimentale
iodp_remanence_401_16459634,401,U1609,A,CUBE12829821,0.000402,12.9,189.6,69.7,28,5,35,8.1e-05,0.201493,-0.1560,0,,mesure_experimentale
iodp_remanence_401_16459634,401,U1609,A,CUBE12829861,0.000375,17.3,178.4,75.54,28,5,35,8.1e-05,0.216,-0.4362,0,,mesure_experimentale
iodp_remanence_401_16459634,401,U1609,A,CUBE12830531,0.00032,4.0,195.2,79.2,21,5,35,5.8e-05,0.18125,-0.0169,0,,mesure_experimentale
iodp_remanence_401_16459634,401,U1609,A,CUBE12830571,8.9e-05,-0.4,203.2,85.04,21,5,35,7.3e-05,0.820225,0.3688,0,,mesure_experimentale
iodp_remanence_401_16459634,401,U1609,A,CUBE12831241,0.000173,35.3,185.8,88.7,21,5,35,7.9e-05,0.456647,-0.4026,0,,mesure_experimentale
iodp_remanence_401_16459634,401,U1609,A,CUBE12831281,0.000181,7.3,178.1,94.55,28,5,35,4.3e-05,0.237569,0.4745,0,,mesure_experimentale
iodp_remanence_401_16459634,401,U1609,A,CUBE12832471,0.000218,11.6,189.2,98.2,28,5,35,5.9e-05,0.270642,0.6147,0,,mesure_experimentale
iodp_remanence_401_16459634,401,U1609,A,CUBE12832511,0.00032,14.7,192.9,104.08,28,5,35,4.2e-05,0.13125,-0.9267,0,,mesure_experimentale
iodp_remanence_401_16459634,401,U1609,A,CUBE12833081,0.000276,8.9,193.6,108.92,21,5,35,6.4e-05,0.231884,-0.1922,0,,mesure_experimentale
iodp_remanence_401_16459634,401,U1609,A,CUBE12833121,0.000207,7.8,206.2,114.78,28,5,35,7.6e-05,0.36715,-0.1910,0,,mesure_experimentale
iodp_remanence_401_16459634,401,U1609,A,CUBE12833241,0.000212,-2.9,194.4,117.13,21,5,35,5.7e-05,0.268868,-0.0519,0,,mesure_experimentale
iodp_remanence_401_16459634,401,U1609,A,CUBE12833281,2.4e-05,33.9,23.6,122.11,18,5,30,6.9e-05,2.875,0.6099,0,,mesure_experimentale
iodp_remanence_401_16459634,401,U1609,A,CUBE12833891,0.000171,7.7,178.2,128.09,21,5,35,3.8e-05,0.222222,0.1935,0,,mesure_experimentale
iodp_remanence_401_16459634,401,U1609,A,CUBE12833911,0.000234,-2.9,178.2,133.9,21,5,35,4.7e-05,0.200855,0.5091,0,,mesure_experimentale
iodp_remanence_401_16459634,401,U1609,A,CUBE12833951,0.000117,-1.5,185.4,136.6,21,5,35,8.6e-05,0.735043,0.4390,0,,mesure_experimentale
iodp_remanence_401_16459634,401,U1609,A,CUBE12833991,0.000187,6.5,171.7,140.54,21,5,35,6.8e-05,0.363636,-0.4377,0,,mesure_experimentale
iodp_remanence_401_16459634,401,U1609,A,CUBE12834501,0.000176,14.7,213.1,145.28,21,5,35,5.7e-05,0.323864,0.1234,0,,mesure_experimentale
iodp_remanence_401_16459634,401,U1609,A,CUBE12834521,0.000273,24.6,173.1,147.13,28,5,35,6.3e-05,0.230769,0.6147,0,,mesure_experimentale
iodp_remanence_401_16459634,401,U1609,A,CUBE12834671,0.000196,15.0,169.1,155.58,28,5,35,8.8e-05,0.44898,0.0892,0,,mesure_experimentale
iodp_remanence_401_16459634,401,U1609,A,CUBE12834711,0.000345,5.3,169.7,159.5,21,5,35,4.4e-05,0.127536,0.2286,0,,mesure_experimentale
iodp_remanence_401_16459634,401,U1609,A,CUBE12834821,0.000215,3.1,221.0,164.63,28,5,35,7.9e-05,0.367442,0.1242,0,,mesure_experimentale
iodp_remanence_401_16459634,401,U1609,A,CUBE12834861,0.00012,30.5,177.2,167.55,21,5,35,6e-05,0.5,0.2987,0,,mesure_experimentale
iodp_remanence_401_16459634,401,U1609,A,CUBE12835261,0.000189,-0.8,182.3,175.38,21,5,35,3.7e-05,0.195767,-0.5779,0,,mesure_experimentale
iodp_remanence_401_16459634,401,U1609,A,CUBE12835301,0.00021,-7.7,172.2,181.22,18,5,30,2.4e-05,0.114286,-0.7276,0,,mesure_experimentale
iodp_remanence_401_16459634,401,U1609,A,CUBE12835941,0.000147,10.5,187.2,183.7,18,5,30,2.6e-05,0.176871,-0.7833,0,,mesure_experimentale
iodp_remanence_401_16459634,401,U1609,A,CUBE12835961,0.000183,22.8,177.4,186.61,18,5,30,4.9e-05,0.26776,-0.7833,0,,mesure_experimentale
iodp_remanence_401_16459634,401,U1609,A,CUBE12836001,0.00017,38.2,190.2,194.67,18,5,30,0.000108,0.635294,0.2755,0,,mesure_experimentale
iodp_remanence_401_16459634,401,U1609,A,CUBE12836141,0.000117,25.8,184.1,202.7,18,5,30,3.4e-05,0.290598,-0.4489,0,,mesure_experimentale
iodp_remanence_401_16459634,401,U1609,A,CUBE12836161,0.000127,21.1,184.3,204.16,18,5,30,5.1e-05,0.401575,-0.0588,0,,mesure_experimentale
iodp_remanence_401_16459634,401,U1609,A,CUBE12836201,0.000229,26.5,169.2,213.66,18,5,30,3.8e-05,0.165939,-0.8947,0,,mesure_experimentale
iodp_remanence_401_16459634,401,U1609,A,CUBE12836761,0.000117,42.9,200.3,221.72,18,5,30,2.1e-05,0.179487,-0.7833,0,,mesure_experimentale
iodp_remanence_401_16459634,401,U1609,A,CUBE12837281,0.000174,13.3,183.6,225.9,18,5,30,0.000173,0.994253,0.7214,0,,mesure_experimentale
iodp_remanence_401_16459634,401,U1609,A,CUBE12837321,0.0002,1.3,179.7,228.44,15,5,30,5.9e-05,0.295,0.9036,0,,mesure_experimentale
iodp_remanence_401_16459634,401,U1609,A,CUBE12837361,0.000218,16.2,190.3,231.86,15,5,30,2.2e-05,0.100917,-0.2536,0,,mesure_experimentale
iodp_remanence_401_16459634,401,U1609,A,CUBE12838651,0.000282,35.5,189.4,235.05,24,5,25,0.001305,4.62766,0.5983,0,,mesure_experimentale
iodp_remanence_401_16459634,401,U1609,A,CUBE12838711,7.7e-05,3.1,175.4,238.05,15,5,25,6.7e-05,0.87013,0.9036,0,,mesure_experimentale
iodp_remanence_401_16459634,401,U1609,A,CUBE12839831,0.000222,16.4,198.5,239.63,15,5,25,5.5e-05,0.247748,-0.6393,0,,mesure_experimentale
iodp_remanence_401_16459634,401,U1609,A,CUBE12839871,0.000191,-0.7,200.1,242.62,15,5,25,5e-05,0.26178,0.6143,0,,mesure_experimentale
iodp_remanence_401_16459634,401,U1609,A,CUBE12839911,0.00021,-2.2,177.8,244.43,15,5,25,1.4e-05,0.0666667,-0.6393,0,,mesure_experimentale
iodp_remanence_401_16459634,401,U1609,A,CUBE12839951,0.000226,-1.0,185.9,247.41,15,5,25,2.8e-05,0.123894,-0.0607,0,,mesure_experimentale
iodp_remanence_401_16459634,401,U1609,A,CUBE12839971,0.000423,-10.5,184.6,248.12,51,1,70,0.000148,0.349882,-0.8961,0,,mesure_experimentale
iodp_remanence_401_16459634,401,U1609,A,CUBE12840761,0.000211,0.2,181.7,249.09,12,5,20,4.2e-05,0.199052,0.8112,0,,mesure_experimentale
iodp_remanence_401_16459634,401,U1609,A,CUBE12840801,2.9e-05,-37.0,334.6,252.07,12,5,20,3.7e-05,1.27586,-0.1329,0,,mesure_experimentale
iodp_remanence_401_16459634,401,U1609,A,CUBE12840821,0.00017,14.9,180.6,252.91,54,1,70,5.2e-05,0.305882,0.0099,0,,mesure_experimentale
iodp_remanence_401_16459634,401,U1609,A,CUBE12840881,0.00015,12.3,172.2,253.89,6,5,10,5.6e-05,0.373333,-0.5429,0,,mesure_experimentale
iodp_remanence_401_16459634,401,U1609,A,CUBE12840921,0.004006,-75.0,146.0,256.88,6,5,10,0.003995,0.997254,1.0000,0,,mesure_experimentale
iodp_remanence_401_16459634,401,U1609,A,CUBE12841731,0.000174,10.4,175.8,258.64,6,5,10,5.5e-05,0.316092,-0.5429,0,,mesure_experimentale
iodp_remanence_401_16459634,401,U1609,A,CUBE12841751,0.000245,3.9,168.7,260.13,6,5,10,5.3e-05,0.216327,-0.5429,0,,mesure_experimentale
iodp_remanence_401_16459634,401,U1609,A,CUBE12841771,0.000174,0.9,175.0,261.62,6,5,10,4.2e-05,0.241379,1.0000,0,,mesure_experimentale
iodp_remanence_401_16459634,401,U1609,A,CUBE12841791,0.000263,0.6,191.5,263.14,6,5,10,2.4e-05,0.0912548,-0.5429,0,,mesure_experimentale
iodp_remanence_401_16459634,401,U1609,A,CUBE12841811,0.000253,-1.2,170.7,264.3,6,5,10,2.5e-05,0.0988142,-0.5429,0,,mesure_experimentale
iodp_remanence_401_16459634,401,U1609,A,CUBE12841831,0.000167,11.3,194.1,265.79,6,5,10,5.2e-05,0.311377,-0.5429,0,,mesure_experimentale
iodp_remanence_401_16459634,401,U1609,A,CUBE12842731,0.000252,-35.7,158.1,266.6,6,5,10,4.1e-05,0.162698,-0.5429,0,,mesure_experimentale
iodp_remanence_401_16459634,401,U1609,A,CUBE12842771,0.003801,-54.9,265.2,269.43,6,5,10,3.2e-05,0.00841884,-0.5429,0,,mesure_experimentale
iodp_remanence_401_16459634,401,U1609,A,CUBE12843301,0.000116,0.4,162.9,270.9,6,5,10,6.8e-05,0.586207,-0.5429,0,,mesure_experimentale
iodp_remanence_401_16459634,401,U1609,A,CUBE12843341,0.000121,-5.9,160.1,274.59,6,5,10,5.9e-05,0.487603,-0.5429,0,,mesure_experimentale
iodp_remanence_401_16459634,401,U1609,A,CUBE12844261,0.000636,46.8,326.1,275.73,6,5,10,0.000153,0.240566,-0.5429,0,,mesure_experimentale
iodp_remanence_401_16459634,401,U1609,A,CUBE12844301,0.000197,-1.0,179.2,280.02,6,5,10,2.5e-05,0.126904,-0.5429,0,,mesure_experimentale
iodp_remanence_401_16459634,401,U1609,A,CUBE12845031,9.3e-05,-4.5,167.2,281.36,6,5,10,2.9e-05,0.311828,-0.5429,0,,mesure_experimentale
iodp_remanence_401_16459634,401,U1609,A,CUBE12845051,0.0001,7.2,172.3,284.21,6,5,10,4.3e-05,0.43,1.0000,0,,mesure_experimentale
iodp_remanence_401_16459634,401,U1609,A,CUBE12845091,7.4e-05,22.7,162.9,288.41,6,5,10,7.9e-05,1.06757,1.0000,0,,mesure_experimentale
iodp_remanence_401_16459634,401,U1609,A,CUBE12846041,0.000114,22.3,169.8,290.7,6,5,10,0.000108,0.947368,1.0000,0,,mesure_experimentale
iodp_remanence_401_16459634,401,U1609,A,CUBE12846081,0.000106,-9.2,173.5,294.72,9,5,10,9.1e-05,0.858491,0.7667,0,,mesure_experimentale
iodp_remanence_401_16459634,401,U1609,A,CUBE12846101,7.1e-05,-17.8,147.2,297.54,6,5,10,8.5e-05,1.19718,1.0000,0,,mesure_experimentale
iodp_remanence_401_16459634,401,U1609,A,CUBE12846931,5.1e-05,-3.1,160.2,300.71,12,5,10,7.5e-05,1.47059,0.8741,0,,mesure_experimentale
iodp_remanence_401_16459634,401,U1609,A,CUBE12846951,3.2e-05,-4.0,183.7,303.61,8,5,10,9.8e-05,3.0625,1.0000,0,,mesure_experimentale
iodp_remanence_401_16459634,401,U1609,A,CUBE12846991,7e-05,-13.6,153.6,306.63,8,5,10,0.00011,1.57143,1.0000,0,,mesure_experimentale
iodp_remanence_401_16459634,401,U1609,A,CUBE12847841,7.3e-05,35.3,148.2,310.07,8,5,10,9e-05,1.23288,-0.5238,0,,mesure_experimentale
iodp_remanence_401_16459634,401,U1609,A,CUBE12847881,0.00012,-11.2,157.3,314.9,16,2,10,9.2e-05,0.766667,0.6235,0,,mesure_experimentale
iodp_remanence_401_16459634,401,U1609,A,CUBE12847901,8.7e-05,13.0,146.9,317.67,15,2,10,0.000109,1.25287,0.6143,0,,mesure_experimentale
iodp_remanence_401_16459634,401,U1609,A,CUBE12848761,7.2e-05,45.7,126.0,319.9,15,2,10,8.8e-05,1.22222,0.7107,0,,mesure_experimentale
iodp_remanence_401_16459634,401,U1609,A,CUBE12848821,8.1e-05,24.3,152.4,326.51,20,2,10,8.8e-05,1.08642,0.4226,0,,mesure_experimentale
iodp_remanence_401_16459634,401,U1609,A,CUBE12850151,0.000112,-0.4,138.9,329.8,20,2,10,9.8e-05,0.875,0.6150,0,,mesure_experimentale
iodp_remanence_401_16459634,401,U1609,A,CUBE12850191,8.9e-05,-2.9,139.3,332.15,15,2,10,7.7e-05,0.865169,0.3250,0,,mesure_experimentale
iodp_remanence_401_16459634,401,U1609,A,CUBE12850231,0.000161,6.0,150.6,335.48,15,2,10,7.6e-05,0.47205,-0.1571,0,,mesure_experimentale
iodp_remanence_401_16459634,401,U1609,A,CUBE12850271,0.000288,0.1,178.1,337.93,15,2,10,8.1e-05,0.28125,-0.0607,0,,mesure_experimentale
iodp_remanence_401_16459634,401,U1609,A,CUBE12851011,0.000146,-12.5,177.2,338.76,15,2,10,5.2e-05,0.356164,-0.6393,0,,mesure_experimentale
iodp_remanence_401_16459634,401,U1609,A,CUBE12851051,0.000107,-1.4,164.3,341.74,16,2,10,5e-05,0.46729,0.0588,0,,mesure_experimentale
iodp_remanence_401_16459634,401,U1609,A,CUBE12851071,0.000137,29.9,162.0,343.13,20,2,10,0.000111,0.810219,0.9038,0,,mesure_experimentale
iodp_remanence_401_16459634,401,U1609,A,CUBE12851871,0.000231,21.2,189.2,349.17,15,2,10,0.000116,0.502165,-0.6393,0,,mesure_experimentale
iodp_remanence_401_16459634,401,U1609,A,CUBE12851911,0.000237,2.1,188.9,352.18,20,2,10,4.5e-05,0.189873,-0.9248,0,,mesure_experimentale
iodp_remanence_401_16459634,401,U1609,A,CUBE12851951,0.000183,-17.2,168.8,355.18,16,2,10,5.7e-05,0.311475,-0.6941,0,,mesure_experimentale
iodp_remanence_401_16459634,401,U1609,A,CUBE12851991,0.000181,-21.6,176.4,357.25,15,2,10,5.3e-05,0.292818,-0.8321,0,,mesure_experimentale
iodp_remanence_401_16459634,401,U1609,A,CUBE12852491,0.000306,16.0,197.3,358.66,24,2,25,6.6e-05,0.215686,-0.9722,0,,mesure_experimentale
iodp_remanence_401_16459634,401,U1609,A,CUBE12852531,0.000251,0.4,152.8,361.39,32,2,25,0.004585,18.2669,-0.3138,0,,mesure_experimentale
iodp_remanence_401_16459634,401,U1609,A,CUBE12852571,0.000121,-4.6,166.7,364.23,27,2,25,0.000585,4.83471,0.2497,0,,mesure_experimentale
iodp_remanence_401_16459634,401,U1609,A,CUBE12852611,0.000255,6.5,185.2,367.1,24,2,25,0.001086,4.25882,0.1548,0,,mesure_experimentale
iodp_remanence_401_16459634,401,U1609,A,CUBE12853241,0.000285,-1.8,69.7,368.18,32,2,25,9.3e-05,0.326316,-0.3842,0,,mesure_experimentale
iodp_remanence_401_16459634,401,U1609,A,CUBE12853281,0.00024,-2.4,155.2,370.86,32,2,25,0.000109,0.454167,-0.1730,0,,mesure_experimentale
iodp_remanence_401_16459634,401,U1609,A,CUBE12853321,0.000214,-6.7,206.1,373.87,32,2,25,6.1e-05,0.285047,-0.5953,0,,mesure_experimentale
iodp_remanence_401_16459634,401,U1609,A,CUBE12853361,0.000231,8.1,184.8,376.55,32,2,25,4.3e-05,0.186147,-0.5484,0,,mesure_experimentale
iodp_remanence_401_16459634,401,U1609,A,CUBE12854721,8.6e-05,-4.3,179.2,378.09,24,2,10,8.9e-05,1.03488,0.9878,0,,mesure_experimentale
iodp_remanence_401_16459634,401,U1609,A,CUBE12854761,0.000206,-1.9,170.5,380.73,20,2,10,6.1e-05,0.296117,-0.9248,0,,mesure_experimentale
iodp_remanence_401_16459634,401,U1609,A,CUBE12854801,0.000129,2.9,169.6,383.57,20,2,10,3.5e-05,0.271318,-0.8286,0,,mesure_experimentale
iodp_remanence_401_16459634,401,U1609,A,CUBE12854841,0.000256,17.8,177.4,386.14,20,2,10,0.000109,0.425781,-0.9248,0,,mesure_experimentale
iodp_remanence_401_16459634,401,U1609,A,CUBE12855691,0.000248,10.5,160.8,387.8,20,2,10,0.00017,0.685484,-0.0586,0,,mesure_experimentale
iodp_remanence_401_16459634,401,U1609,A,CUBE12855731,0.000344,3.3,166.9,390.87,20,2,10,7.1e-05,0.206395,-0.8286,0,,mesure_experimentale
iodp_remanence_401_16459634,401,U1609,A,CUBE12855771,0.000208,2.5,188.6,393.38,20,2,10,6.8e-05,0.326923,-0.6361,0,,mesure_experimentale
iodp_remanence_401_16459634,401,U1609,A,CUBE12855811,0.000275,2.8,167.7,395.67,18,2,10,8.2e-05,0.298182,-0.8493,0,,mesure_experimentale
iodp_remanence_401_16459634,401,U1609,A,CUBE12859181,0.000223,13.7,186.6,397.86,20,2,10,6.4e-05,0.286996,-0.9248,0,,mesure_experimentale
iodp_remanence_401_16459634,401,U1609,A,CUBE12859201,0.000198,29.9,181.6,399.19,20,2,10,2.6e-05,0.131313,-0.8286,0,,mesure_experimentale
iodp_remanence_401_16459634,401,U1609,A,CUBE12859241,0.000262,19.6,178.5,401.87,15,2,10,9.8e-05,0.374046,-0.9286,0,,mesure_experimentale
iodp_remanence_401_16459634,401,U1609,A,CUBE12859281,0.00021,3.6,182.8,405.21,15,2,10,3.3e-05,0.157143,-0.8321,0,,mesure_experimentale
iodp_remanence_401_16459634,401,U1609,A,CUBE12860741,0.00018,1.1,191.6,407.37,15,2,10,1.7e-05,0.0944444,-0.6393,0,,mesure_experimentale
iodp_remanence_401_16459634,401,U1609,A,CUBE12860781,0.000175,8.7,172.4,409.95,20,2,10,5e-05,0.285714,-0.9248,0,,mesure_experimentale
iodp_remanence_401_16459634,401,U1609,A,CUBE12860821,0.000129,16.1,185.6,412.79,20,2,10,5.4e-05,0.418605,-0.4436,0,,mesure_experimentale
iodp_remanence_401_16459634,401,U1609,A,CUBE12860861,0.000113,-0.3,186.6,415.42,20,2,10,5.7e-05,0.504425,0.4226,0,,mesure_experimentale
iodp_remanence_401_16459634,401,U1609,A,CUBE12861871,7e-05,15.9,148.7,416.77,15,2,10,0.00011,1.57143,1.0000,0,,mesure_experimentale
iodp_remanence_401_16459634,401,U1609,A,CUBE12861911,0.000191,-0.3,185.5,420.0,20,2,10,1.9e-05,0.0994764,-0.6361,0,,mesure_experimentale
iodp_remanence_401_16459634,401,U1609,A,CUBE12861951,9.9e-05,10.4,184.6,423.06,20,2,10,3.6e-05,0.363636,0.0376,0,,mesure_experimentale
iodp_remanence_401_16459634,401,U1609,A,CUBE12861991,0.000236,22.2,180.4,425.34,15,2,10,4.3e-05,0.182203,-0.9286,0,,mesure_experimentale
iodp_remanence_401_16459634,401,U1609,A,CUBE12862961,0.00013,28.6,185.8,426.57,21,2,20,4.9e-05,0.376923,-0.1922,0,,mesure_experimentale
iodp_remanence_401_16459634,401,U1609,A,CUBE12863001,7.5e-05,-28.5,162.9,429.22,28,2,20,5.2e-05,0.693333,-0.1560,0,,mesure_experimentale
iodp_remanence_401_16459634,401,U1609,A,CUBE12863041,0.000129,7.0,172.3,432.8,24,4,20,7.6e-05,0.589147,0.8887,0,,mesure_experimentale
iodp_remanence_401_16459634,401,U1609,A,CUBE12863081,0.000452,8.5,186.0,434.9,21,2,20,7.9e-05,0.174779,-0.9636,0,,mesure_experimentale
iodp_remanence_401_16459634,401,U1609,A,CUBE12864391,0.000156,18.3,160.2,436.39,15,2,10,0.004607,29.5321,0.7107,0,,mesure_experimentale
iodp_remanence_401_16459634,401,U1609,A,CUBE12864431,7.2e-05,8.0,165.5,439.35,20,2,10,5.8e-05,0.805556,-0.0586,0,,mesure_experimentale
iodp_remanence_401_16459634,401,U1609,A,CUBE12864471,0.000643,40.2,261.6,442.07,20,2,10,5.3e-05,0.0824261,-0.8286,0,,mesure_experimentale
iodp_remanence_401_16459634,401,U1609,A,CUBE12864511,0.000604,40.0,255.3,444.68,15,2,10,4.9e-05,0.0811258,-0.8321,0,,mesure_experimentale
iodp_remanence_401_16459634,401,U1609,A,CUBE12865041,0.000244,8.0,181.4,446.1,18,2,10,3.8e-05,0.155738,-0.5893,0,,mesure_experimentale
iodp_remanence_401_16459634,401,U1609,A,CUBE12865081,0.000261,-1.8,169.9,449.01,20,2,10,7.5e-05,0.287356,-0.8286,0,,mesure_experimentale
iodp_remanence_401_16459634,401,U1609,A,CUBE12865121,0.000194,-1.4,198.2,451.71,20,2,10,4.1e-05,0.21134,-0.1549,0,,mesure_experimentale
iodp_remanence_401_16459634,401,U1609,A,CUBE12865161,0.000303,6.3,167.7,453.8,20,2,10,0.000238,0.785479,0.6150,0,,mesure_experimentale
iodp_remanence_401_16459634,401,U1609,A,CUBE12865641,0.000162,-1.1,190.1,455.87,12,2,10,9.2e-05,0.567901,0.4336,0,,mesure_experimentale
iodp_remanence_401_16459634,401,U1609,A,CUBE12865681,0.000182,15.9,191.4,459.08,15,2,10,5.9e-05,0.324176,0.4214,0,,mesure_experimentale
iodp_remanence_401_16459634,401,U1609,A,CUBE12865701,0.000181,16.7,194.3,459.97,15,2,10,6.5e-05,0.359116,0.4214,0,,mesure_experimentale
iodp_remanence_401_16459634,401,U1609,A,CUBE12865741,0.00021,22.4,187.8,462.9,15,2,10,0.000104,0.495238,-0.6393,0,,mesure_experimentale
iodp_remanence_401_16459634,401,U1609,A,CUBE12866341,0.000343,-3.2,201.2,465.43,18,2,12,4.2e-05,0.122449,-0.8947,0,,mesure_experimentale
iodp_remanence_401_16459634,401,U1609,A,CUBE12866381,0.000616,11.0,198.9,467.92,36,2,30,8.8e-05,0.142857,-0.9807,0,,mesure_experimentale
iodp_remanence_401_16459634,401,U1609,A,CUBE12866421,0.000257,29.5,197.7,471.39,24,2,12,7.7e-05,0.299611,-0.8922,0,,mesure_experimentale
iodp_remanence_401_16459634,401,U1609,A,CUBE12866461,0.001668,3.4,189.6,473.85,44,2,30,0.000167,0.10012,-0.9845,0,,mesure_experimentale
iodp_remanence_401_16459634,401,U1609,A,CUBE12867271,0.000269,4.2,176.2,475.44,18,2,12,2.1e-05,0.0780669,-0.8947,0,,mesure_experimentale
iodp_remanence_401_16459634,401,U1609,A,CUBE12867311,0.00027,-0.7,179.9,478.2,18,2,12,5.7e-05,0.211111,-0.9505,0,,mesure_experimentale
iodp_remanence_401_16459634,401,U1609,A,CUBE12867351,0.000315,14.9,189.8,480.7,24,2,12,5.6e-05,0.177778,-0.8922,0,,mesure_experimentale
iodp_remanence_401_16459634,401,U1609,A,CUBE12867391,0.000154,42.3,176.7,483.29,18,2,12,0.000131,0.850649,0.4427,0,,mesure_experimentale
iodp_remanence_401_16459634,401,U1609,A,CUBE12868061,0.000239,36.2,186.0,484.78,15,2,10,0.000111,0.464435,-0.8321,0,,mesure_experimentale
iodp_remanence_401_16459634,401,U1609,A,CUBE12868101,0.000178,12.7,198.0,487.76,20,2,10,1.6e-05,0.0898876,-0.8286,0,,mesure_experimentale
iodp_remanence_401_16459634,401,U1609,A,CUBE12868141,0.000197,5.4,194.3,490.75,20,2,10,4.2e-05,0.213198,-0.5398,0,,mesure_experimentale
iodp_remanence_401_16459634,401,U1609,A,CUBE12868181,0.000231,5.7,183.5,493.11,15,2,10,3.6e-05,0.155844,-0.6393,0,,mesure_experimentale
iodp_remanence_401_16459634,401,U1609,A,CUBE12868461,0.000189,14.0,199.0,494.59,15,2,10,4.6e-05,0.243386,-0.5429,0,,mesure_experimentale
iodp_remanence_401_16459634,401,U1609,A,CUBE12868501,0.001852,-39.0,150.1,497.52,20,2,10,2.1e-05,0.0113391,-0.6361,0,,mesure_experimentale
iodp_remanence_401_16459634,401,U1609,A,CUBE12868541,0.000175,-1.3,195.3,499.9,20,2,10,3.6e-05,0.205714,-0.2511,0,,mesure_experimentale
iodp_remanence_401_16459634,401,U1609,A,CUBE12868721,0.000161,23.9,184.3,503.99,15,2,10,7e-05,0.434783,0.0357,0,,mesure_experimentale
iodp_remanence_401_16459634,401,U1609,A,CUBE12868761,0.00024,15.3,192.1,507.02,15,2,10,3.4e-05,0.141667,-0.8321,0,,mesure_experimentale
iodp_remanence_401_16459634,401,U1609,A,CUBE12868801,0.000193,9.9,187.6,509.93,20,2,10,3e-05,0.15544,-0.9248,0,,mesure_experimentale
iodp_remanence_401_16459634,401,U1609,A,CUBE12868841,0.00047,4.2,200.4,512.33,20,2,10,6.7e-05,0.142553,-0.9248,0,,mesure_experimentale
iodp_remanence_401_16459634,401,U1609,A,CUBE12868981,0.000207,36.7,193.5,513.23,24,2,10,9.5e-05,0.458937,-0.6435,0,,mesure_experimentale
iodp_remanence_401_16459634,401,U1609,A,CUBE12869021,0.000208,8.1,198.2,516.61,20,2,10,3e-05,0.144231,-0.9248,0,,mesure_experimentale
iodp_remanence_401_16459634,401,U1609,A,CUBE12869061,0.000154,2.1,186.6,519.56,20,2,10,2.7e-05,0.175325,-0.8286,0,,mesure_experimentale
iodp_remanence_401_16459634,401,U1609,A,CUBE12869101,0.000258,-16.9,209.3,522.23,20,2,10,3.5e-05,0.135659,-0.9248,0,,mesure_experimentale
iodp_remanence_401_16459634,401,U1609,A,CUBE12869261,9.5e-05,31.3,206.8,523.82,20,2,10,3.9e-05,0.410526,-0.7323,0,,mesure_experimentale
iodp_remanence_401_16459634,401,U1609,A,CUBE12869301,0.000128,15.4,187.3,526.76,20,2,10,3.1e-05,0.242188,-0.9248,0,,mesure_experimentale
iodp_remanence_401_16459634,401,U1609,A,CUBE12869341,0.000177,40.3,184.0,529.46,20,2,10,8.1e-05,0.457627,-0.9248,0,,mesure_experimentale
iodp_remanence_401_16459634,401,U1609,A,CUBE12869381,0.000104,42.9,162.5,532.06,20,2,10,5.6e-05,0.538462,-0.8286,0,,mesure_experimentale
iodp_remanence_401_16459634,401,U1609,A,CUBE12869561,0.000147,22.2,190.2,533.57,20,2,10,2.6e-05,0.176871,-0.4436,0,,mesure_experimentale
iodp_remanence_401_16459634,401,U1609,A,CUBE12869601,0.000138,23.1,181.4,535.69,20,2,10,2.6e-05,0.188406,-0.6361,0,,mesure_experimentale
iodp_remanence_401_16459634,401,U1609,A,CUBE12869641,0.000169,23.9,189.4,539.51,20,2,10,4.1e-05,0.242604,-0.8286,0,,mesure_experimentale
iodp_remanence_401_16459634,401,U1609,A,CUBE12869681,0.000171,15.2,183.4,541.5,20,2,10,2.1e-05,0.122807,-0.9248,0,,mesure_experimentale
iodp_remanence_401_16459634,401,U1609,A,CUBE12869781,0.000112,36.0,184.4,542.87,20,2,10,3.7e-05,0.330357,-0.4436,0,,mesure_experimentale
iodp_remanence_401_16459634,401,U1609,A,CUBE12869801,8.6e-05,36.8,193.5,544.55,20,2,10,4.1e-05,0.476744,-0.8286,0,,mesure_experimentale
iodp_remanence_401_16459634,401,U1609,A,CUBE12869841,0.000154,28.2,197.9,547.12,20,2,10,5.4e-05,0.350649,-0.9248,0,,mesure_experimentale
iodp_remanence_401_16459634,401,U1609,A,CUBE12869881,0.000127,27.4,154.8,550.33,20,2,10,6e-05,0.472441,-0.6361,0,,mesure_experimentale
iodp_remanence_401_16459634,401,U1609,A,CUBE12869981,0.000111,33.8,164.6,552.48,20,2,10,5.4e-05,0.486486,-0.9248,0,,mesure_experimentale
iodp_remanence_401_16459634,401,U1609,A,CUBE12870021,9.9e-05,3.5,169.3,555.88,20,2,10,4.5e-05,0.454545,-0.4436,0,,mesure_experimentale
iodp_remanence_401_16459634,401,U1609,A,CUBE12870061,0.000125,27.5,193.1,558.26,20,2,10,6.6e-05,0.528,-0.6361,0,,mesure_experimentale
iodp_remanence_401_16459634,401,U1609,A,CUBE12870371,0.000261,14.0,188.1,562.61,20,2,10,4.8e-05,0.183908,-0.9248,0,,mesure_experimentale
iodp_remanence_401_16459634,401,U1609,A,CUBE12870431,0.000258,15.0,179.8,565.28,20,2,10,5.2e-05,0.20155,-0.8286,0,,mesure_experimentale
iodp_remanence_401_16459634,401,U1609,A,CUBE12870491,0.00028,8.4,168.6,568.62,20,2,10,3.6e-05,0.128571,-0.9248,0,,mesure_experimentale
iodp_remanence_401_16459634,401,U1609,A,CUBE12870591,0.000212,12.8,186.2,571.71,20,2,10,4.5e-05,0.212264,-0.6361,0,,mesure_experimentale
iodp_remanence_401_16459634,401,U1609,A,CUBE12870651,0.000171,30.9,181.2,574.98,20,2,10,7.5e-05,0.438596,-0.8286,0,,mesure_experimentale
iodp_remanence_401_16459634,401,U1609,A,CUBE12870711,0.000162,16.9,158.8,578.28,20,2,10,5.3e-05,0.32716,-0.6361,0,,mesure_experimentale
iodp_remanence_401_16459634,401,U1609,A,CUBE12871751,0.000155,32.0,200.8,581.46,20,2,10,5.6e-05,0.36129,-0.8286,0,,mesure_experimentale
iodp_remanence_401_16459634,401,U1609,A,CUBE12871791,0.000164,6.1,197.6,584.88,20,2,10,6e-05,0.365854,-0.5398,0,,mesure_experimentale
iodp_remanence_401_16459634,401,U1609,A,CUBE12871831,0.000212,16.7,196.1,587.61,20,2,10,6.9e-05,0.325472,-0.9248,0,,mesure_experimentale
iodp_remanence_401_16459634,401,U1609,A,CUBE12871871,0.0002,16.2,191.4,589.88,20,2,10,8e-05,0.4,-0.9248,0,,mesure_experimentale
iodp_remanence_401_16459634,401,U1609,A,CUBE12872821,0.000182,37.9,193.1,591.19,20,2,10,5.8e-05,0.318681,-0.8286,0,,mesure_experimentale
iodp_remanence_401_16459634,401,U1609,A,CUBE12872861,0.000268,16.1,184.9,594.33,20,2,10,8.4e-05,0.313433,-0.8286,0,,mesure_experimentale
iodp_remanence_401_16459634,401,U1609,A,CUBE12872901,0.000105,35.2,190.7,596.79,20,2,10,1.2e-05,0.114286,-0.9248,0,,mesure_experimentale
iodp_remanence_401_16459634,401,U1609,A,CUBE12873501,0.000193,27.0,183.8,601.16,20,2,10,4.4e-05,0.227979,-0.9248,0,,mesure_experimentale
iodp_remanence_401_16459634,401,U1609,A,CUBE12873541,0.000137,25.7,143.4,604.27,20,2,10,5.9e-05,0.430657,-0.9248,0,,mesure_experimentale
iodp_remanence_401_16459634,401,U1609,A,CUBE12873581,0.000117,8.4,195.1,606.84,20,2,10,2.6e-05,0.222222,-0.8286,0,,mesure_experimentale
iodp_remanence_401_16459634,401,U1609,A,CUBE12874181,0.00012,40.1,235.7,609.22,15,2,10,6e-05,0.5,-0.9286,0,,mesure_experimentale
iodp_remanence_401_16459634,401,U1610,A,CUBE12886521,0.000657,18.7,198.1,506.39,6,2,20,0.000105,0.159817,-1.0000,0,,mesure_experimentale
iodp_remanence_401_16459634,401,U1610,A,CUBE12886561,0.000883,14.8,181.6,508.75,6,2,20,0.000245,0.277463,-1.0000,0,,mesure_experimentale
iodp_remanence_401_16459634,401,U1610,A,CUBE12887131,0.000494,1.4,181.9,515.7,6,2,20,0.000239,0.483806,-1.0000,0,,mesure_experimentale
iodp_remanence_401_16459634,401,U1610,A,CUBE12887151,0.000456,19.6,181.0,518.42,10,2,40,9.4e-05,0.20614,-1.0000,0,,mesure_experimentale
iodp_remanence_401_16459634,401,U1610,A,CUBE12887191,0.000644,15.6,192.4,523.71,6,2,20,0.00025,0.388199,-1.0000,0,,mesure_experimentale
iodp_remanence_401_16459634,401,U1610,A,CUBE12888011,0.000406,-1.8,178.6,527.07,4,5,20,0.000116,0.285714,-1.0000,0,,mesure_experimentale
iodp_remanence_401_16459634,401,U1610,A,CUBE12888051,0.000653,20.7,168.0,531.45,4,5,20,0.000279,0.427259,-1.0000,0,,mesure_experimentale
iodp_remanence_401_16459634,401,U1610,A,CUBE12888561,0.000209,35.1,190.7,535.26,4,5,20,4e-05,0.191388,-1.0000,0,,mesure_experimentale
iodp_remanence_401_16459634,401,U1610,A,CUBE12888601,0.000462,3.5,160.6,538.21,8,5,40,6.7e-05,0.145022,-1.0000,0,,mesure_experimentale
iodp_remanence_401_16459634,401,U1610,A,CUBE12889081,0.000112,-2.9,188.9,539.28,4,5,20,7.1e-05,0.633929,1.0000,0,,mesure_experimentale
iodp_remanence_401_16459634,401,U1610,A,CUBE12889121,0.000115,-16.0,324.1,542.12,8,5,40,0.000156,1.35652,-0.0952,0,,mesure_experimentale
iodp_remanence_401_16459634,401,U1610,A,CUBE12889271,0.000202,-2.7,188.3,544.57,4,5,20,3.6e-05,0.178218,-0.4000,0,,mesure_experimentale
iodp_remanence_401_16459634,401,U1610,A,CUBE12889741,0.000188,13.1,195.3,548.06,8,5,40,9.7e-05,0.515957,0.6190,0,,mesure_experimentale
iodp_remanence_401_16459634,401,U1610,A,CUBE12890271,0.000338,6.2,192.4,546.11,8,5,40,0.000177,0.523669,0.8333,0,,mesure_experimentale
iodp_remanence_401_16459634,401,U1610,A,CUBE12890741,0.000146,14.4,205.0,554.17,4,5,20,8.8e-05,0.60274,0.8000,0,,mesure_experimentale
iodp_remanence_401_16459634,401,U1610,A,CUBE12890781,0.000155,10.4,181.3,560.59,4,5,20,0.000196,1.26452,1.0000,0,,mesure_experimentale
iodp_remanence_401_16459634,401,U1610,A,CUBE12891461,0.000101,37.7,352.5,563.86,4,5,20,0.000184,1.82178,0.0000,0,,mesure_experimentale
iodp_remanence_401_16459634,401,U1610,A,CUBE12891501,0.000176,8.0,186.5,570.11,4,5,20,0.000106,0.602273,0.4000,0,,mesure_experimentale
iodp_remanence_401_16459634,401,U1610,A,CUBE12892041,0.000169,16.7,185.0,573.96,4,5,20,5.4e-05,0.319527,0.4000,0,,mesure_experimentale
iodp_remanence_401_16459634,401,U1610,A,CUBE12892081,0.000298,16.8,194.8,576.43,4,5,20,0.000185,0.620805,0.8000,0,,mesure_experimentale
iodp_remanence_401_16459634,401,U1610,A,CUBE12892661,0.000229,1.1,193.3,583.64,4,5,20,2.8e-05,0.122271,-0.4000,0,,mesure_experimentale
iodp_remanence_401_16459634,401,U1610,A,CUBE12892701,0.000115,4.0,191.3,589.65,4,5,20,0.00014,1.21739,1.0000,0,,mesure_experimentale
iodp_remanence_401_16459634,401,U1610,A,CUBE12893281,0.000221,-15.9,200.1,593.36,4,5,20,3.8e-05,0.171946,0.8000,0,,mesure_experimentale
iodp_remanence_401_16459634,401,U1610,A,CUBE12893321,0.000192,-8.7,173.2,599.41,4,5,20,0.000216,1.125,1.0000,0,,mesure_experimentale
iodp_remanence_401_16459634,401,U1610,A,CUBE12893871,2.7e-05,17.1,22.4,602.77,4,5,20,0.000305,11.2963,0.8000,0,,mesure_experimentale
iodp_remanence_401_16459634,401,U1610,A,CUBE12893911,0.000206,-15.4,179.8,609.31,4,5,20,0.000116,0.563107,1.0000,0,,mesure_experimentale
iodp_remanence_401_16459634,401,U1610,A,CUBE12894491,0.000285,14.7,179.7,612.93,4,5,20,0.000129,0.452632,1.0000,0,,mesure_experimentale
iodp_remanence_401_16459634,401,U1610,A,CUBE12894531,0.000216,20.7,195.7,617.07,4,5,20,6.8e-05,0.314815,0.4000,0,,mesure_experimentale
iodp_remanence_401_16459634,401,U1610,A,CUBE12895191,0.000177,13.1,194.7,623.63,4,5,20,3.5e-05,0.19774,-0.8000,0,,mesure_experimentale
iodp_remanence_401_16459634,401,U1610,A,CUBE12895231,0.000273,11.2,177.1,627.91,4,5,20,3.9e-05,0.142857,-1.0000,0,,mesure_experimentale
iodp_remanence_401_16459634,401,U1610,A,CUBE12895821,0.000288,7.6,180.0,632.23,4,5,20,5.5e-05,0.190972,-1.0000,0,,mesure_experimentale
iodp_remanence_401_16459634,401,U1610,A,CUBE12895861,0.000165,-2.0,184.6,637.59,4,5,20,3.3e-05,0.2,-0.4000,0,,mesure_experimentale
iodp_remanence_401_16459634,401,U1610,A,CUBE12896991,0.000186,27.4,191.9,641.68,4,5,20,4.7e-05,0.252688,-0.8000,0,,mesure_experimentale
iodp_remanence_401_16459634,401,U1610,A,CUBE12897031,0.000229,15.7,188.4,647.4,4,5,20,8.6e-05,0.375546,-0.2000,0,,mesure_experimentale
iodp_remanence_401_16459634,401,U1610,A,CUBE12898311,8.7e-05,-4.3,199.9,651.28,4,5,20,0.00012,1.37931,0.4000,0,,mesure_experimentale
iodp_remanence_401_16459634,401,U1610,A,CUBE12898351,0.000279,12.6,181.1,656.16,4,5,20,0.000109,0.390681,1.0000,0,,mesure_experimentale
iodp_remanence_401_16459634,401,U1610,A,CUBE12898421,0.002753,-16.1,189.2,661.49,4,5,20,0.00084,0.305122,-0.2000,0,,mesure_experimentale
iodp_remanence_401_16459634,401,U1610,A,CUBE12898461,5.8e-05,-21.9,210.1,665.85,4,5,20,0.000147,2.53448,0.4000,0,,mesure_experimentale
iodp_remanence_401_16459634,401,U1610,A,CUBE12899251,0.000159,17.7,191.6,671.4,4,5,20,8.4e-05,0.528302,0.8000,0,,mesure_experimentale
iodp_remanence_401_16459634,401,U1610,A,CUBE12899291,0.000212,23.1,193.8,675.2,4,5,20,6.7e-05,0.316038,-1.0000,0,,mesure_experimentale
iodp_remanence_401_16459634,401,U1610,A,CUBE12900581,0.000425,28.5,166.9,680.95,4,5,20,0.000317,0.745882,-1.0000,0,,mesure_experimentale
iodp_remanence_401_16459634,401,U1610,A,CUBE12900621,0.000603,12.3,242.5,686.05,4,5,20,0.000142,0.235489,-0.8000,0,,mesure_experimentale
iodp_remanence_401_16459634,401,U1610,A,CUBE12901121,9.9e-05,7.1,196.0,691.54,4,5,20,0.000194,1.9596,0.8000,0,,mesure_experimentale
iodp_remanence_401_16459634,401,U1610,A,CUBE12901161,0.0002,24.8,184.9,695.85,4,5,20,0.000168,0.84,0.8000,0,,mesure_experimentale
iodp_remanence_401_16459634,401,U1610,A,CUBE12902091,0.000145,-71.6,279.0,700.27,4,5,20,0.000338,2.33103,1.0000,0,,mesure_experimentale
iodp_remanence_401_16459634,401,U1610,A,CUBE12902131,0.000438,31.9,280.4,706.69,4,5,20,0.000631,1.44064,1.0000,0,,mesure_experimentale
iodp_remanence_401_16459634,401,U1610,A,CUBE12902211,0.000114,-7.4,213.4,710.2,4,5,20,0.000228,2,1.0000,0,,mesure_experimentale
iodp_remanence_401_16459634,401,U1610,A,CUBE12902251,0.000577,66.9,99.4,715.7,4,5,20,0.00022,0.381282,-1.0000,0,,mesure_experimentale
iodp_remanence_401_16459634,401,U1610,A,CUBE12903011,0.000155,32.2,165.8,719.74,4,5,20,0.000103,0.664516,0.8000,0,,mesure_experimentale
iodp_remanence_401_16459634,401,U1610,A,CUBE12903051,0.000533,-3.2,171.0,724.93,4,5,20,6.4e-05,0.120075,-0.8000,0,,mesure_experimentale
iodp_remanence_401_16459634,401,U1610,A,CUBE12903861,0.000303,-13.0,188.8,728.62,4,5,20,7.2e-05,0.237624,-1.0000,0,,mesure_experimentale
iodp_remanence_401_16459634,401,U1610,A,CUBE12903901,0.000284,20.3,194.3,734.31,4,5,20,8.9e-05,0.31338,-1.0000,0,,mesure_experimentale
iodp_remanence_401_16459634,401,U1610,A,CUBE12904601,0.00024,33.4,175.6,739.27,4,5,20,0.000122,0.508333,-1.0000,0,,mesure_experimentale
iodp_remanence_401_16459634,401,U1610,A,CUBE12904641,8.4e-05,14.8,167.5,744.14,4,5,20,0.000162,1.92857,0.8000,0,,mesure_experimentale
iodp_remanence_401_16459634,401,U1610,A,CUBE12905351,0.000177,55.8,180.4,748.61,4,5,20,0.00017,0.960452,1.0000,0,,mesure_experimentale
iodp_remanence_401_16459634,401,U1610,A,CUBE12905391,0.000246,11.6,166.1,754.5,4,5,20,0.000108,0.439024,0.6000,0,,mesure_experimentale
iodp_remanence_401_16459634,401,U1610,A,CUBE12905781,0.000181,41.0,135.8,758.35,4,5,20,9.7e-05,0.535912,-1.0000,0,,mesure_experimentale
iodp_remanence_401_16459634,401,U1610,A,CUBE12905821,0.000373,34.9,172.9,762.52,4,5,20,0.000158,0.423592,-1.0000,0,,mesure_experimentale
iodp_remanence_401_16459634,401,U1610,A,CUBE12906181,0.000384,-3.7,172.5,772.62,4,5,20,0.000126,0.328125,-0.4000,0,,mesure_experimentale
iodp_remanence_401_16459634,401,U1610,A,CUBE12906221,0.000392,11.0,194.9,767.69,4,5,20,0.000141,0.359694,-1.0000,0,,mesure_experimentale
iodp_remanence_401_16459634,401,U1610,A,CUBE12906741,0.000455,8.4,195.4,777.2,4,5,20,0.000182,0.4,-1.0000,0,,mesure_experimentale
iodp_remanence_401_16459634,401,U1610,A,CUBE12906781,0.000168,41.1,176.2,782.2,4,5,20,0.000144,0.857143,0.2000,0,,mesure_experimentale
iodp_remanence_401_16459634,401,U1610,A,CUBE12907491,0.000443,25.6,153.0,788.65,4,5,20,0.000219,0.494357,-0.8000,0,,mesure_experimentale
iodp_remanence_401_16459634,401,U1610,A,CUBE12907531,0.000265,24.6,202.5,792.88,4,5,20,0.000117,0.441509,-0.4000,0,,mesure_experimentale
iodp_remanence_401_16459634,401,U1610,A,CUBE12907891,0.000317,37.3,168.1,796.99,4,5,20,0.000178,0.561514,-0.8000,0,,mesure_experimentale
iodp_remanence_401_16459634,401,U1610,A,CUBE12907941,0.00032,-6.1,123.6,806.2,10,5,100,6.6e-05,0.20625,-0.7697,0,,mesure_experimentale
iodp_remanence_401_16459634,401,U1610,A,CUBE12907981,0.000118,8.2,173.9,809.82,10,5,100,9.5e-05,0.805085,-0.9515,0,,mesure_experimentale
iodp_remanence_401_16459634,401,U1610,A,CUBE12908221,0.000118,5.7,176.5,816.19,9,5,100,5.3e-05,0.449153,0.9000,0,,mesure_experimentale
iodp_remanence_401_16459634,401,U1610,A,CUBE12908261,0.000109,70.4,211.9,819.78,13,5,200,0.002197,20.156,0.5769,0,,mesure_experimentale
iodp_remanence_401_16459634,401,U1610,A,CUBE12908301,0.00017,69.6,297.9,823.31,13,5,200,0.000143,0.841176,-0.6978,0,,mesure_experimentale
iodp_remanence_401_16459634,401,U1610,A,CUBE12908851,8.5e-05,54.2,260.7,825.18,8,5,60,7.8e-05,0.917647,-0.1905,0,,mesure_experimentale
iodp_remanence_401_16459634,401,U1610,A,CUBE12909231,0.00033,15.1,199.2,828.62,8,5,60,5.6e-05,0.169697,-0.9524,0,,mesure_experimentale
iodp_remanence_401_16459634,401,U1610,A,CUBE12909271,0.001468,45.7,42.8,831.12,8,5,60,0.00144,0.980926,-0.3095,0,,mesure_experimentale
iodp_remanence_401_16459634,401,U1610,A,CUBE12910171,0.000219,34.4,198.5,837.88,7,5,60,3.7e-05,0.16895,0.1786,0,,mesure_experimentale
iodp_remanence_401_16459634,401,U1610,A,CUBE12910211,8.8e-05,16.6,68.5,843.88,7,5,60,0.000185,2.10227,0.2143,0,,mesure_experimentale
iodp_remanence_401_16459634,401,U1610,A,CUBE12910821,0.003594,-36.9,97.4,848.23,8,5,60,0.000127,0.0353367,-0.2619,0,,mesure_experimentale
iodp_remanence_401_16459634,401,U1610,A,CUBE12911041,0.003718,-36.0,102.5,857.97,8,5,60,0.000222,0.0597095,-0.7857,0,,mesure_experimentale
iodp_remanence_401_16459634,401,U1610,A,CUBE12911501,0.000109,18.8,189.6,869.1,8,5,60,7e-05,0.642202,0.3810,0,,mesure_experimentale
iodp_remanence_401_16459634,401,U1610,A,CUBE12911541,0.000181,23.5,226.4,871.72,8,5,60,0.000111,0.61326,0.3333,0,,mesure_experimentale
iodp_remanence_401_16459634,401,U1610,A,CUBE12912441,0.000301,20.9,206.0,878.72,8,5,60,4.9e-05,0.162791,-0.3333,0,,mesure_experimentale
iodp_remanence_401_16459634,401,U1610,A,CUBE12912481,0.000143,28.2,251.2,882.82,8,5,60,4.7e-05,0.328671,-0.3810,0,,mesure_experimentale
iodp_remanence_401_16459634,401,U1610,A,CUBE12912521,0.000394,24.4,227.7,885.89,8,5,60,0.000159,0.403553,0.0714,0,,mesure_experimentale
iodp_remanence_401_16459634,401,U1610,A,CUBE12913271,0.000409,-32.3,188.3,887.04,9,5,60,0.000178,0.435208,0.0000,0,,mesure_experimentale
iodp_remanence_401_16459634,401,U1610,A,CUBE12913311,0.00029,5.7,157.4,892.7,8,5,60,4.7e-05,0.162069,-0.6429,0,,mesure_experimentale
iodp_remanence_401_16459634,401,U1610,A,CUBE12914491,0.000182,-8.8,186.0,896.88,8,5,60,6.9e-05,0.379121,-0.5238,0,,mesure_experimentale
iodp_remanence_401_16459634,401,U1610,A,CUBE12914531,0.000156,-6.1,197.8,899.4,8,5,60,3.3e-05,0.211538,-0.0238,0,,mesure_experimentale
iodp_remanence_401_16459634,401,U1610,A,CUBE12914571,0.000362,-5.3,183.4,901.89,8,5,60,3.5e-05,0.0966851,-0.6667,0,,mesure_experimentale
iodp_remanence_401_16459634,401,U1610,A,CUBE12915491,0.000455,-8.0,213.8,906.25,8,5,60,7.8e-05,0.171429,-0.4762,0,,mesure_experimentale
iodp_remanence_401_16459634,401,U1610,A,CUBE12915531,0.000249,23.2,199.8,909.28,8,5,60,3.3e-05,0.13253,-0.4762,0,,mesure_experimentale
iodp_remanence_401_16459634,401,U1610,A,CUBE12915571,0.00046,-12.1,199.1,911.97,8,5,60,4.2e-05,0.0913043,-0.7619,0,,mesure_experimentale
iodp_remanence_401_16459634,401,U1610,A,CUBE12915981,0.000208,28.9,184.0,916.12,8,5,60,4.7e-05,0.225962,-0.4762,0,,mesure_experimentale
iodp_remanence_401_16459634,401,U1610,A,CUBE12916021,0.000396,9.6,181.0,918.28,8,5,60,2.4e-05,0.0606061,-0.9048,0,,mesure_experimentale
iodp_remanence_401_16459634,401,U1610,A,CUBE12916061,0.00106,-34.0,81.4,921.03,8,5,60,0.001179,1.11226,-0.3333,0,,mesure_experimentale
iodp_remanence_401_16459634,401,U1610,A,CUBE12916961,0.007468,11.2,320.5,925.76,8,5,60,0.004107,0.549946,-0.7619,0,,mesure_experimentale
iodp_remanence_401_16459634,401,U1610,A,CUBE12917001,0.000644,-34.9,310.4,928.75,8,5,60,0.000374,0.580745,-0.6905,0,,mesure_experimentale
iodp_remanence_401_16459634,401,U1610,A,CUBE12917041,0.000769,33.3,53.0,931.64,8,5,80,0.005013,6.51886,0.4762,0,,mesure_experimentale
iodp_remanence_401_16459634,401,U1610,A,CUBE12917081,0.00046,9.0,196.5,934.17,9,5,80,8.1e-05,0.176087,-0.7833,0,,mesure_experimentale
iodp_remanence_401_16459634,401,U1610,A,CUBE12917241,0.000569,7.9,187.2,935.55,8,5,80,3.2e-05,0.056239,-0.6190,0,,mesure_experimentale
iodp_remanence_401_16459634,401,U1610,A,CUBE12918131,0.000366,4.5,180.1,945.2,8,5,80,8.1e-05,0.221311,-0.2857,0,,mesure_experimentale
iodp_remanence_401_16459634,401,U1610,A,CUBE12918191,0.000601,9.4,176.3,950.07,8,5,80,4.7e-05,0.078203,-0.4524,0,,mesure_experimentale
iodp_remanence_401_16459634,401,U1610,A,CUBE12918811,0.00025,22.0,204.4,954.84,8,5,80,0.003753,15.012,0.8333,0,,mesure_experimentale
iodp_remanence_401_16459634,401,U1610,A,CUBE12918851,0.001232,-18.2,136.2,958.63,8,5,80,0.011393,9.24756,0.9048,0,,mesure_experimentale
iodp_remanence_401_16459634,401,U1610,A,CUBE12918891,0.006963,12.5,309.2,963.19,8,5,80,0.018694,2.68476,0.0714,0,,mesure_experimentale
iodp_remanence_401_16459634,401,U1610,A,CUBE12919751,0.001788,-5.7,50.6,964.64,8,5,80,0.006334,3.54251,0.4762,0,,mesure_experimentale
iodp_remanence_401_16459634,401,U1610,A,CUBE12919791,0.002607,36.0,47.3,970.69,8,5,80,0.004249,1.62984,0.3333,0,,mesure_experimentale
iodp_remanence_401_16459634,401,U1610,A,CUBE12920551,0.006004,46.7,355.4,973.78,6,5,70,0.003363,0.560127,-0.7714,0,,mesure_experimentale
iodp_remanence_401_16459634,401,U1610,A,CUBE12920591,0.016909,50.4,235.8,975.9,6,5,70,0.016178,0.956769,0.0286,0,,mesure_experimentale
iodp_remanence_401_16459634,401,U1610,A,CUBE12920631,0.032244,43.4,38.7,978.95,6,5,70,0.020544,0.637142,-0.7143,0,,mesure_experimentale
iodp_remanence_401_16459634,401,U1610,A,CUBE12920671,0.03515,39.9,27.4,981.18,6,5,70,0.016869,0.479915,-0.7143,0,,mesure_experimentale
iodp_remanence_401_16459634,401,U1610,A,CUBE12921601,0.013122,-21.7,304.0,985.75,7,5,80,0.007952,0.606005,-0.8214,0,,mesure_experimentale
iodp_remanence_401_16459634,401,U1610,A,CUBE12921641,0.010885,-67.8,48.0,989.66,7,5,80,0.011199,1.02885,-0.6429,0,,mesure_experimentale
iodp_remanence_401_16459634,401,U1610,A,CUBE12922671,0.013468,-77.1,351.5,993.98,7,5,80,0.012998,0.965102,-0.7500,0,,mesure_experimentale
iodp_remanence_401_16459634,401,U1610,A,CUBE12922711,0.012075,-70.2,32.8,996.99,7,5,80,0.008376,0.693665,-0.6429,0,,mesure_experimentale
iodp_remanence_401_16459634,401,U1610,A,CUBE12923361,0.016841,46.2,4.7,1006.16,11,5,80,0.012948,0.768838,-0.8636,0,,mesure_experimentale
iodp_remanence_401_16459634,401,U1610,A,CUBE12923401,0.000891,0.7,242.7,1009.24,9,5,70,0.003393,3.80808,0.7500,0,,mesure_experimentale
iodp_remanence_401_16459634,401,U1610,A,CUBE12923951,0.00034,51.9,242.7,1013.18,9,5,70,0.003818,11.2294,0.9500,0,,mesure_experimentale
iodp_remanence_401_16459634,401,U1610,A,CUBE12924011,0.000731,0.7,192.8,1018.39,10,5,80,7.1e-05,0.0971272,-0.5636,0,,mesure_experimentale
iodp_remanence_401_16459634,401,U1610,A,CUBE12924781,0.00131,-3.1,157.2,1023.4,9,5,70,0.001637,1.24962,-0.3000,0,,mesure_experimentale
iodp_remanence_401_16459634,401,U1610,A,CUBE12924821,0.004757,19.3,216.0,1027.26,9,5,70,0.005155,1.08367,-0.3000,0,,mesure_experimentale
iodp_remanence_401_16459634,401,U1610,A,CUBE12924861,0.00445,11.1,174.3,1029.66,9,5,70,0.004445,0.998876,-0.3000,0,,mesure_experimentale
iodp_remanence_401_16459634,401,U1610,A,CUBE12925171,0.007674,-1.2,191.2,1032.17,9,5,70,0.013305,1.73378,-0.3000,0,,mesure_experimentale
iodp_remanence_401_16459634,401,U1610,A,CUBE12925211,0.001083,26.9,191.4,1034.89,9,5,80,0.000194,0.179132,-0.8333,0,,mesure_experimentale
iodp_remanence_401_16459634,401,U1610,A,CUBE12925251,0.003763,12.6,159.1,1039.12,8,5,70,0.002417,0.642307,-0.7619,0,,mesure_experimentale
iodp_remanence_401_16459634,401,U1610,A,CUBE12925701,0.012141,17.5,172.6,1042.14,9,5,80,0.010091,0.831151,-0.4333,0,,mesure_experimentale
iodp_remanence_401_16459634,401,U1610,A,CUBE12925741,0.007291,-8.7,174.8,1045.87,9,5,80,0.005019,0.688383,-0.3667,0,,mesure_experimentale
iodp_remanence_401_16459634,401,U1610,A,CUBE12925781,0.001156,23.1,176.6,1049.61,5,5,40,0.000211,0.182526,-1.0000,0,,mesure_experimentale
iodp_remanence_401_16459634,401,U1610,A,CUBE12926661,0.001738,-7.8,205.9,1052.97,7,5,70,0.00017,0.0978136,-0.9643,0,,mesure_experimentale
iodp_remanence_401_16459634,401,U1610,A,CUBE12926701,0.000747,7.6,171.2,1056.96,7,5,70,0.000321,0.429719,-0.5357,0,,mesure_experimentale
iodp_remanence_401_16459634,401,U1610,A,CUBE12927861,0.004995,21.2,174.3,1061.44,7,5,70,0.002957,0.591992,-0.8929,0,,mesure_experimentale
iodp_remanence_401_16459634,401,U1610,A,CUBE12927901,0.003496,-14.5,158.2,1064.4,7,5,70,0.002271,0.6496,-0.8929,0,,mesure_experimentale
iodp_remanence_401_16459634,401,U1610,A,CUBE12928871,0.003391,15.4,236.0,1070.67,9,5,70,0.002043,0.602477,-0.9000,0,,mesure_experimentale
iodp_remanence_401_16459634,401,U1610,A,CUBE12928891,0.003438,14.1,181.3,1082.21,9,5,70,0.001441,0.419139,-0.7333,0,,mesure_experimentale
iodp_remanence_401_16459634,401,U1610,A,CUBE12929291,0.003079,2.4,167.7,1090.98,9,5,70,0.005767,1.87301,-0.1833,0,,mesure_experimentale
iodp_remanence_401_16459634,401,U1610,A,CUBE12929331,0.000575,-23.8,208.0,1092.99,9,5,70,0.000113,0.196522,-0.8833,0,,mesure_experimentale
iodp_remanence_401_16459634,401,U1610,A,CUBE12929911,0.001068,0.4,197.7,1100.2,9,5,70,7e-05,0.0655431,-1.0000,0,,mesure_experimentale
iodp_remanence_401_16459634,401,U1610,A,CUBE12929931,0.000989,2.5,196.9,1102.95,9,5,70,9e-05,0.091001,-0.9500,0,,mesure_experimentale
iodp_remanence_401_16459634,401,U1610,A,CUBE12930741,0.006182,-10.8,195.8,1110.27,9,5,70,0.003308,0.535102,-0.8833,0,,mesure_experimentale
iodp_remanence_401_16459634,401,U1610,A,CUBE12930781,0.000766,6.7,19.6,1114.4,9,5,70,4.4e-05,0.0574413,-1.0000,0,,mesure_experimentale
iodp_remanence_401_16459634,401,U1610,A,CUBE12931721,0.00012,-27.2,81.4,1120.01,7,5,50,7.1e-05,0.591667,-0.4643,0,,mesure_experimentale
iodp_remanence_401_16459634,401,U1610,A,CUBE12931761,3.3e-05,51.7,339.5,1124.27,8,5,50,4.9e-05,1.48485,-0.5238,0,,mesure_experimentale
iodp_remanence_401_16459634,401,U1610,A,CUBE12932681,0.000204,40.1,277.5,1129.19,7,5,50,0.000359,1.7598,-0.2500,0,,mesure_experimentale
iodp_remanence_401_16459634,401,U1610,A,CUBE12932721,0.000501,-33.4,87.3,1131.73,7,5,50,0.000545,1.08782,-0.7857,0,,mesure_experimentale
iodp_remanence_401_16459634,401,U1610,A,CUBE12935381,0.000645,-27.5,190.3,1167.82,5,5,30,2.2e-05,0.0341085,-1.0000,0,,mesure_experimentale
iodp_remanence_401_16459634,401,U1610,A,CUBE12935421,0.000479,-26.4,199.7,1173.0,5,5,30,2.9e-05,0.0605428,-1.0000,0,,mesure_experimentale
iodp_remanence_401_16459634,401,U1610,A,CUBE12935851,0.000891,-14.0,215.7,1177.85,5,5,30,0.000283,0.317621,-0.1000,0,,mesure_experimentale
iodp_remanence_401_16459634,401,U1610,A,CUBE12935891,0.000927,-36.3,194.2,1181.54,5,5,30,4.8e-05,0.0517799,-1.0000,0,,mesure_experimentale
iodp_remanence_401_16459634,401,U1610,A,CUBE12935911,0.000777,-28.5,209.0,1184.06,6,5,30,9.5e-05,0.122265,-0.8857,0,,mesure_experimentale
iodp_remanence_401_16459634,401,U1610,A,CUBE12936691,0.000595,-17.9,215.5,1190.38,7,5,30,9.3e-05,0.156303,-0.8571,0,,mesure_experimentale
iodp_remanence_401_16459634,401,U1610,A,CUBE12936731,0.000542,-24.2,222.1,1193.84,5,5,30,0.000268,0.494465,-0.3000,0,,mesure_experimentale
iodp_remanence_401_16459634,401,U1610,A,CUBE12936751,0.001413,-9.4,171.9,1196.04,5,5,30,0.001207,0.854211,0.6000,0,,mesure_experimentale
iodp_remanence_401_16459634,401,U1610,A,CUBE12938221,0.000346,26.6,175.9,1207.8,4,5,30,0.00011,0.317919,-1.0000,0,,mesure_experimentale
iodp_remanence_401_16459634,401,U1610,A,CUBE12939611,0.000773,16.1,191.1,1257.32,4,5,30,0.000138,0.178525,-1.0000,0,,mesure_experimentale
iodp_remanence_401_16459634,401,U1610,A,CUBE12939651,0.000596,13.0,194.2,1260.48,4,5,30,7.5e-05,0.125839,-1.0000,0,,mesure_experimentale
iodp_remanence_401_16459634,401,U1385,K,CUBE12943771,3.1e-05,34.8,150.5,412.81,33,5,100,6.9e-05,2.22581,0.0254,0,,mesure_experimentale
iodp_remanence_401_16459634,401,U1385,K,CUBE12943811,0.000146,17.2,185.3,414.56,24,5,60,2.4e-05,0.164384,-0.6904,0,,mesure_experimentale
iodp_remanence_401_16459634,401,U1385,K,CUBE12944461,9.8e-05,2.0,165.4,417.74,33,5,100,3.1e-05,0.316327,-0.7597,0,,mesure_experimentale
iodp_remanence_401_16459634,401,U1385,K,CUBE12944501,0.000264,-35.7,202.5,423.08,24,5,60,3.3e-05,0.125,-0.3852,0,,mesure_experimentale
iodp_remanence_401_16459634,401,U1385,K,CUBE12945091,8.5e-05,-64.7,236.0,427.32,33,5,100,5.9e-05,0.694118,0.9188,0,,mesure_experimentale
iodp_remanence_401_16459634,401,U1385,K,CUBE12945131,0.000212,11.0,191.7,429.32,24,5,60,5.4e-05,0.254717,-0.5261,0,,mesure_experimentale
iodp_remanence_401_16459634,401,U1385,K,CUBE12945651,0.000159,-0.2,185.9,436.44,21,5,60,3e-05,0.188679,-0.6831,0,,mesure_experimentale
iodp_remanence_401_16459634,401,U1385,K,CUBE12945691,0.000207,-2.8,176.7,440.99,33,5,100,3e-05,0.144928,-0.4709,0,,mesure_experimentale
iodp_remanence_401_16459634,401,U1385,K,CUBE12945731,0.000177,13.1,177.0,443.75,32,5,60,2.4e-05,0.135593,-0.9707,0,,mesure_experimentale
iodp_remanence_401_16459634,401,U1385,K,CUBE12946271,0.000263,-15.6,189.1,446.22,44,5,100,2.9e-05,0.110266,-0.8672,0,,mesure_experimentale
iodp_remanence_401_16459634,401,U1385,K,CUBE12946311,0.000215,24.7,183.4,449.5,24,5,40,3.6e-05,0.167442,-0.9478,0,,mesure_experimentale
iodp_remanence_401_16459634,401,U1385,K,CUBE12946371,0.000269,-2.9,154.5,453.73,36,5,80,4.1e-05,0.152416,-0.8286,0,,mesure_experimentale
iodp_remanence_401_16459634,401,U1385,K,CUBE12947321,0.000289,2.6,192.8,456.05,24,5,40,2.6e-05,0.0899654,-0.9478,0,,mesure_experimentale
iodp_remanence_401_16459634,401,U1385,K,CUBE12947361,0.011839,23.5,233.1,459.4,36,5,80,0.001385,0.116986,-0.9604,0,,mesure_experimentale
iodp_remanence_401_16459634,401,U1385,K,CUBE12947401,0.006238,22.7,204.7,462.15,24,5,40,0.001661,0.266271,-0.8922,0,,mesure_experimentale
iodp_remanence_401_16459634,401,U1385,K,CUBE12948141,0.00373,13.4,189.5,467.77,36,5,80,0.000361,0.0967828,-0.8615,0,,mesure_experimentale
iodp_remanence_401_16459634,401,U1385,K,CUBE12948181,0.026796,49.3,174.8,470.76,24,5,40,0.010432,0.389312,-0.9478,0,,mesure_experimentale
iodp_remanence_401_16459634,401,U1385,K,CUBE12948221,0.018264,0.1,136.4,473.64,36,5,80,0.001592,0.087166,-0.9768,0,,mesure_experimentale
iodp_remanence_401_16459634,401,U1385,K,CUBE12949171,0.017221,43.8,182.0,477.1,40,5,80,0.000619,0.0359445,-0.9812,0,,mesure_experimentale
iodp_remanence_401_16459634,401,U1385,K,CUBE12949191,0.013171,45.1,181.1,477.97,40,5,80,0.000992,0.075317,-0.9812,0,,mesure_experimentale
iodp_remanence_401_16459634,401,U1385,K,CUBE12949211,0.014488,43.0,190.5,479.85,40,5,80,0.000695,0.0479707,-0.9812,0,,mesure_experimentale
iodp_remanence_401_16459634,401,U1385,K,CUBE12949271,0.006845,-3.0,169.6,484.02,40,5,80,0.000333,0.0486486,-0.9812,0,,mesure_experimentale
iodp_remanence_401_16459634,401,U1385,K,CUBE12950671,0.005758,17.2,179.9,485.17,36,5,80,0.000264,0.0458493,-0.7627,0,,mesure_experimentale
iodp_remanence_401_16459634,401,U1385,K,CUBE12950691,0.00649,19.7,131.9,486.95,40,5,80,0.000636,0.0979969,-0.9452,0,,mesure_experimentale
iodp_remanence_401_16459634,401,U1385,K,CUBE12950751,0.010343,-14.0,171.3,491.1,40,5,80,0.00048,0.0464082,-0.8972,0,,mesure_experimentale
iodp_remanence_401_16459634,401,U1385,K,CUBE12950791,0.051429,12.8,177.4,493.99,40,5,80,0.001379,0.0268137,-0.9812,0,,mesure_experimentale
iodp_remanence_401_16459634,401,U1385,K,CUBE12951531,0.008256,0.8,229.0,494.71,36,5,80,0.000824,0.0998062,-0.8780,0,,mesure_experimentale
iodp_remanence_401_16459634,401,U1385,K,CUBE12951571,0.006304,42.0,223.7,498.23,36,5,80,0.000582,0.0923223,-0.9768,0,,mesure_experimentale
iodp_remanence_401_16459634,401,U1385,K,CUBE12951611,0.008231,46.7,207.5,501.04,36,5,80,0.001036,0.125866,-0.9604,0,,mesure_experimentale
iodp_remanence_401_16459634,401,U1385,K,CUBE12951741,0.010103,18.2,184.6,504.52,36,5,80,0.000393,0.0388993,-0.9768,0,,mesure_experimentale
iodp_remanence_401_16459634,401,U1385,K,CUBE12951781,0.000293,13.9,112.7,507.26,36,5,80,1.7e-05,0.0580205,-0.9604,0,,mesure_experimentale
iodp_remanence_401_16459634,401,U1385,K,CUBE12951821,0.010529,-13.8,147.6,510.18,36,5,80,0.001088,0.103334,-0.9274,0,,mesure_experimentale
iodp_remanence_401_16459634,401,U1385,K,CUBE12952081,0.0002,6.0,163.1,514.58,40,5,80,6.4e-05,0.32,-0.5178,0,,mesure_experimentale
iodp_remanence_401_16459634,401,U1385,K,CUBE12952121,0.021204,3.2,246.2,517.37,36,5,80,0.017232,0.812677,-0.6355,0,,mesure_experimentale
iodp_remanence_401_16459634,401,U1385,K,CUBE12952161,0.017828,-7.9,201.2,519.92,32,5,80,0.000599,0.0335988,-0.9472,0,,mesure_experimentale
iodp_remanence_401_16459634,401,U1385,K,CUBE12952301,0.0158,16.3,173.0,524.0,40,5,80,0.000692,0.0437975,-0.9092,0,,mesure_experimentale
iodp_remanence_401_16459634,401,U1385,K,CUBE12952341,0.021687,28.0,177.4,527.11,40,5,80,0.000858,0.0395629,-0.9812,0,,mesure_experimentale
iodp_remanence_401_16459634,401,U1385,K,CUBE12952381,0.012943,-4.7,172.7,530.04,40,5,80,0.000231,0.0178475,-0.9812,0,,mesure_experimentale
iodp_remanence_401_16459634,401,U1385,K,CUBE12952421,0.019136,29.2,148.4,532.0,40,5,80,0.001032,0.0539298,-0.9812,0,,mesure_experimentale
iodp_remanence_401_16459634,401,U1385,K,CUBE12952591,0.01154,-5.4,164.1,535.3,40,5,80,0.000409,0.0354419,-0.7771,0,,mesure_experimentale
iodp_remanence_401_16459634,401,U1385,K,CUBE12952631,0.000553,-9.4,164.6,538.73,44,5,80,0.000112,0.202532,-0.7677,0,,mesure_experimentale
iodp_remanence_401_16459634,401,U1385,K,CUBE12952651,0.000582,-10.8,174.5,539.96,40,5,80,3.7e-05,0.0635739,-0.8371,0,,mesure_experimentale
iodp_remanence_401_16459634,401,U1385,K,CUBE12952671,0.000429,-3.8,152.0,541.62,44,5,80,0.000127,0.296037,-0.8698,0,,mesure_experimentale
iodp_remanence_401_16459634,401,U1385,K,CUBE12953121,0.00033,-3.9,177.6,543.37,40,5,80,7e-05,0.212121,0.0754,0,,mesure_experimentale
iodp_remanence_401_16459634,401,U1385,K,CUBE12953161,0.000209,-3.6,172.7,546.91,40,5,80,9.1e-05,0.435407,0.5197,0,,mesure_experimentale
iodp_remanence_401_16459634,401,U1385,K,CUBE12953201,0.000661,-69.2,156.4,549.33,40,5,80,4.1e-05,0.0620272,-0.3568,0,,mesure_experimentale
iodp_remanence_401_16459634,401,U1385,K,CUBE12953221,0.000251,20.8,173.2,551.29,40,5,80,7.2e-05,0.286853,-0.4169,0,,mesure_experimentale
iodp_remanence_401_16459634,401,U1385,L,CUBE12954531,0.000141,36.1,207.8,376.82,24,5,40,4.2e-05,0.297872,-0.3357,0,,mesure_experimentale
iodp_remanence_401_16459634,401,U1385,L,CUBE12954571,0.00011,17.5,211.6,379.3,24,5,40,6e-05,0.545455,0.7217,0,,mesure_experimentale
iodp_remanence_401_16459634,401,U1385,L,CUBE12955001,0.000112,1.2,176.2,386.35,24,5,40,4.5e-05,0.401786,-0.6139,0,,mesure_experimentale
iodp_remanence_401_16459634,401,U1385,L,CUBE12955041,0.000162,-14.1,211.9,390.33,24,5,40,5.7e-05,0.351852,0.1096,0,,mesure_experimentale
iodp_remanence_401_16459634,401,U1385,L,CUBE12955511,9.1e-05,37.6,168.6,396.12,24,5,40,0.003239,35.5934,0.7217,0,,mesure_experimentale
iodp_remanence_401_16459634,401,U1385,L,CUBE12955551,0.00012,-16.2,212.4,397.74,24,5,40,2.1e-05,0.175,-0.8922,0,,mesure_experimentale
iodp_remanence_401_16459634,401,U1385,L,CUBE12955591,9.3e-05,-7.4,208.3,401.57,24,5,40,2.7e-05,0.290323,-0.1687,0,,mesure_experimentale
iodp_remanence_401_16459634,401,U1385,L,CUBE12955761,0.000107,29.3,220.6,405.67,24,5,40,6.6e-05,0.616822,0.1096,0,,mesure_experimentale
iodp_remanence_401_16459634,401,U1385,L,CUBE12955801,0.000115,45.8,182.1,410.28,24,5,40,6.9e-05,0.6,-0.0574,0,,mesure_experimentale
iodp_remanence_401_16459634,401,U1385,L,CUBE12955841,7.1e-05,30.0,176.4,413.28,24,5,40,2.7e-05,0.380282,0.1652,0,,mesure_experimentale
iodp_remanence_401_16459634,401,U1385,L,CUBE12956231,0.000101,6.8,183.5,425.68,24,5,40,5.7e-05,0.564356,0.2765,0,,mesure_experimentale
iodp_remanence_401_16459634,401,U1385,L,CUBE12956271,9.6e-05,38.5,209.5,431.12,24,5,40,8.2e-05,0.854167,0.5548,0,,mesure_experimentale
iodp_remanence_401_16459634,401,U1385,L,CUBE12956651,0.000124,23.2,196.7,434.82,24,5,40,6.2e-05,0.5,0.0539,0,,mesure_experimentale
iodp_remanence_401_16459634,401,U1385,L,CUBE12956691,0.000119,40.6,190.0,439.24,24,5,40,9.2e-05,0.773109,-0.1130,0,,mesure_experimentale
iodp_remanence_401_16459634,401,U1611,A,CUBE12961561,0.000667,-16.8,149.1,695.57,10,5,30,0.00011,0.164918,-0.5515,0,,mesure_experimentale
iodp_remanence_401_16459634,401,U1611,A,CUBE12961601,0.000538,5.7,171.4,701.61,16,5,60,8e-05,0.148699,-0.5529,0,,mesure_experimentale
iodp_remanence_401_16459634,401,U1611,A,CUBE12962321,0.000677,11.4,179.4,707.29,10,5,30,4.6e-05,0.0679468,-0.8424,0,,mesure_experimentale
iodp_remanence_401_16459634,401,U1611,A,CUBE12962361,0.000988,-2.6,181.4,712.97,10,5,30,9.6e-05,0.097166,-0.9394,0,,mesure_experimentale
iodp_remanence_401_16459634,401,U1611,A,CUBE12962381,0.000645,-4.7,163.0,715.13,17,5,60,0.000495,0.767442,0.5172,0,,mesure_experimentale
iodp_remanence_401_16459634,401,U1611,A,CUBE12963371,0.000564,-4.8,175.0,727.35,10,5,30,1.4e-05,0.0248227,-0.9394,0,,mesure_experimentale
iodp_remanence_401_16459634,401,U1611,A,CUBE12963411,0.000705,-2.2,192.5,733.09,10,5,30,4.3e-05,0.0609929,-0.9394,0,,mesure_experimentale
iodp_remanence_401_16459634,401,U1611,A,CUBE12964351,0.000561,-21.8,175.6,734.8,10,5,30,4.8e-05,0.0855615,-0.9394,0,,mesure_experimentale
iodp_remanence_401_16459634,401,U1611,A,CUBE12964391,0.00224,-15.4,155.3,740.44,16,5,60,7.8e-05,0.0348214,-0.9059,0,,mesure_experimentale
iodp_remanence_401_16459634,401,U1611,A,CUBE12965751,0.001598,1.4,180.1,744.39,10,5,30,0.000125,0.0782228,-0.9394,0,,mesure_experimentale
iodp_remanence_401_16459634,401,U1611,A,CUBE12965791,0.001366,-2.2,152.0,747.04,10,5,30,9.3e-05,0.068082,-0.8424,0,,mesure_experimentale
iodp_remanence_401_16459634,401,U1611,A,CUBE12966301,0.001925,0.3,185.2,755.15,16,5,60,9.4e-05,0.0488312,-0.9529,0,,mesure_experimentale
iodp_remanence_401_16459634,401,U1611,A,CUBE12966341,0.000651,-1.1,174.0,760.76,10,5,30,6.9e-05,0.105991,-0.9394,0,,mesure_experimentale
iodp_remanence_401_16459634,401,U1611,A,CUBE12967541,0.001373,-8.9,181.6,764.29,10,5,30,9.5e-05,0.0691916,-0.8424,0,,mesure_experimentale
iodp_remanence_401_16459634,401,U1611,A,CUBE12967581,0.000576,-11.0,179.7,768.3,10,5,30,5.6e-05,0.0972222,-0.9394,0,,mesure_experimentale
iodp_remanence_401_16459634,401,U1611,A,CUBE12967931,0.000526,-7.4,176.8,786.56,10,5,30,5.5e-05,0.104563,-0.8424,0,,mesure_experimentale
iodp_remanence_401_16459634,401,U1611,A,CUBE12967971,0.000786,-3.2,165.5,791.3,10,5,30,7.1e-05,0.0903308,-0.9394,0,,mesure_experimentale
iodp_remanence_401_16459634,401,U1611,A,CUBE12968431,0.000344,-15.3,173.5,792.8,10,5,30,6.5e-05,0.188953,-0.6485,0,,mesure_experimentale
iodp_remanence_401_16459634,401,U1611,A,CUBE12968471,0.000736,5.8,175.9,797.5,10,5,30,5.2e-05,0.0706522,-0.9394,0,,mesure_experimentale
iodp_remanence_401_16459634,401,U1611,A,CUBE12968511,0.001754,-9.0,164.0,802.31,10,5,30,7.6e-05,0.0433295,-0.9394,0,,mesure_experimentale
iodp_remanence_401_16459634,401,U1611,A,CUBE12969481,0.00072,3.3,189.9,812.41,12,5,40,3.7e-05,0.0513889,-0.2867,0,,mesure_experimentale
iodp_remanence_401_16459634,401,U1611,A,CUBE12969521,0.000722,2.5,188.5,818.24,12,5,40,4.3e-05,0.0595568,-0.9580,0,,mesure_experimentale
iodp_remanence_401_16459634,401,U1611,A,CUBE12971061,0.007223,-2.6,198.8,831.54,12,5,40,0.001117,0.154645,-0.9580,0,,mesure_experimentale
iodp_remanence_401_16459634,401,U1611,A,CUBE12971101,0.015871,-9.4,187.4,834.33,12,5,40,0.000742,0.0467519,-0.9580,0,,mesure_experimentale
iodp_remanence_401_16459634,401,U1611,A,CUBE12971821,0.004056,-0.6,192.2,841.32,12,5,40,0.000184,0.0453649,-0.9580,0,,mesure_experimentale
iodp_remanence_401_16459634,401,U1611,A,CUBE12971861,0.002416,17.0,169.3,843.96,12,5,40,0.000846,0.350166,-0.9021,0,,mesure_experimentale
iodp_remanence_401_16459634,401,U1611,A,CUBE12972741,0.000681,9.1,193.3,852.76,12,5,40,0.000287,0.421439,-0.2867,0,,mesure_experimentale
iodp_remanence_401_16459634,401,U1611,A,CUBE12972781,0.000533,24.7,189.3,858.74,12,5,40,6.7e-05,0.125704,-0.9580,0,,mesure_experimentale
iodp_remanence_401_16459634,401,U1611,A,CUBE12973291,0.000367,25.5,186.2,863.97,12,5,40,6.2e-05,0.168937,-0.5105,0,,mesure_experimentale
iodp_remanence_401_16459634,401,U1611,A,CUBE12973331,0.000465,9.4,197.7,868.27,12,5,40,4.8e-05,0.103226,-0.3427,0,,mesure_experimentale
iodp_remanence_401_16459634,401,U1611,A,CUBE12974081,0.000728,20.1,185.7,871.8,12,5,40,0.000134,0.184066,-0.5664,0,,mesure_experimentale
iodp_remanence_401_16459634,401,U1611,A,CUBE12974121,0.000948,-1.6,177.3,874.47,12,5,40,9.2e-05,0.0970464,-0.7902,0,,mesure_experimentale
iodp_remanence_401_16459634,401,U1611,A,CUBE12979701,0.001094,81.6,1.8,952.4,18,80,600,0.000564,0.515539,0.2260,0,,mesure_experimentale
iodp_remanence_401_16459634,401,U1611,A,CUBE12980651,0.00099,73.6,310.7,975.13,18,80,600,0.000504,0.509091,0.4881,0,,mesure_experimentale
iodp_remanence_401_16459634,401,U1611,A,CUBE12982211,0.001048,80.4,67.7,982.11,18,80,600,0.001363,1.30057,0.5232,0,,mesure_experimentale
iodp_remanence_401_16459634,401,U1611,A,CUBE12982231,0.000789,81.2,183.4,983.5,18,80,600,0.001824,2.31179,0.6718,0,,mesure_experimentale
iodp_remanence_401_16459634,401,U1611,A,CUBE12982271,0.00142,70.4,145.4,991.97,18,80,600,0.000406,0.285915,-0.3457,0,,mesure_experimentale
iodp_remanence_401_16459634,401,U1611,A,CUBE12983911,0.000157,66.2,233.7,1010.54,19,80,600,0.002224,14.1656,0.7895,0,,mesure_experimentale
iodp_remanence_401_16459634,401,U1611,A,CUBE12986131,0.000626,13.5,168.1,1041.47,12,5,100,4.8e-05,0.0766773,-0.7622,0,,mesure_experimentale
iodp_remanence_401_16459634,401,U1611,A,CUBE12986171,0.000836,9.2,178.3,1049.88,12,5,100,7.5e-05,0.0897129,-0.5664,0,,mesure_experimentale
iodp_remanence_401_16459634,401,U1611,A,CUBE12986831,0.00032,22.9,193.1,1059.41,12,5,100,7e-05,0.21875,-0.5594,0,,mesure_experimentale
iodp_remanence_401_16459634,401,U1611,A,CUBE12986871,0.000782,5.4,156.0,1065.15,12,5,100,4.9e-05,0.0626598,-0.9860,0,,mesure_experimentale
iodp_remanence_401_16459634,401,U1611,A,CUBE12987251,0.000247,61.5,184.7,1068.79,12,5,100,8.4e-05,0.340081,-0.3916,0,,mesure_experimentale
iodp_remanence_401_16459634,401,U1611,A,CUBE12987291,0.000756,13.9,198.0,1074.0,12,5,100,3.9e-05,0.0515873,-0.9580,0,,mesure_experimentale
iodp_remanence_401_16459634,401,U1611,A,CUBE12987571,0.000579,-5.6,176.0,1080.11,12,5,100,7.7e-05,0.132988,-0.6364,0,,mesure_experimentale
iodp_remanence_401_16459634,401,U1611,A,CUBE12987611,0.000506,32.3,183.0,1086.38,13,5,100,9.4e-05,0.185771,-0.6813,0,,mesure_experimentale
iodp_remanence_401_16459634,401,U1611,A,CUBE12988731,0.000297,-6.2,169.7,1108.38,12,5,100,0.000108,0.363636,-0.3217,0,,mesure_experimentale
iodp_remanence_401_16459634,401,U1611,A,CUBE12988751,0.000424,2.2,196.2,1110.31,12,5,100,5.9e-05,0.139151,-0.6993,0,,mesure_experimentale
iodp_remanence_401_16459634,401,U1611,A,CUBE12988771,0.000638,-18.6,170.7,1114.32,11,10,100,2.7e-05,0.0423197,-0.8545,0,,mesure_experimentale
iodp_remanence_401_16459634,401,U1611,A,CUBE12988791,0.000837,9.9,206.7,1115.79,12,5,100,7.1e-05,0.0848268,-0.7413,0,,mesure_experimentale
iodp_remanence_401_16459634,401,U1611,A,CUBE12989451,0.000545,7.1,202.2,1118.89,6,5,40,3.2e-05,0.0587156,-1.0000,0,,mesure_experimentale
iodp_remanence_401_16459634,401,U1611,A,CUBE12989851,0.000528,19.0,170.8,1129.3,6,5,40,7.5e-05,0.142045,-0.9429,0,,mesure_experimentale
iodp_remanence_401_16459634,401,U1611,A,CUBE12989891,0.000467,13.2,185.4,1133.56,6,5,40,8.5e-05,0.182013,-0.9429,0,,mesure_experimentale
iodp_remanence_401_16459634,401,U1611,A,CUBE12990141,0.000577,4.9,154.9,1138.74,6,5,40,7.7e-05,0.133449,-1.0000,0,,mesure_experimentale
iodp_remanence_401_16459634,401,U1611,A,CUBE12990181,0.000452,-8.7,199.2,1142.06,6,5,40,3.6e-05,0.079646,-0.9429,0,,mesure_experimentale
iodp_remanence_401_16459634,401,U1611,A,CUBE12990341,0.000297,18.4,210.8,1146.95,5,5,40,0.000123,0.414141,-0.4000,0,,mesure_experimentale
iodp_remanence_401_16459634,401,U1611,A,CUBE12990401,0.000383,18.0,191.6,1154.24,6,5,40,2.4e-05,0.0626632,-1.0000,0,,mesure_experimentale
iodp_remanence_401_16459634,401,U1611,A,CUBE12990581,0.00051,15.8,186.8,1159.28,6,5,40,6.2e-05,0.121569,-0.9429,0,,mesure_experimentale
iodp_remanence_401_16459634,401,U1611,A,CUBE12990601,0.00074,-10.6,195.3,1161.79,6,5,40,2.1e-05,0.0283784,-1.0000,0,,mesure_experimentale
iodp_remanence_401_16459634,401,U1611,A,CUBE12990781,0.00033,32.7,184.4,1169.04,6,5,40,8.5e-05,0.257576,-0.8857,0,,mesure_experimentale
iodp_remanence_401_16459634,401,U1611,A,CUBE12990801,0.000515,22.5,166.3,1170.86,6,5,40,1.3e-05,0.0252427,-1.0000,0,,mesure_experimentale
iodp_remanence_401_16459634,401,U1611,A,CUBE12991071,0.000611,4.9,201.1,1175.86,8,5,60,7e-05,0.114566,-0.9048,0,,mesure_experimentale
iodp_remanence_401_16459634,401,U1611,A,CUBE12991111,0.001004,-12.4,184.8,1180.88,8,5,60,8.3e-05,0.0826693,-1.0000,0,,mesure_experimentale
iodp_remanence_401_16459634,401,U1611,A,CUBE12991181,0.000475,-15.8,173.3,1187.42,8,5,60,7.7e-05,0.162105,-0.9048,0,,mesure_experimentale
iodp_remanence_401_16459634,401,U1611,A,CUBE12991221,0.000847,-10.3,195.4,1190.04,8,5,60,7.3e-05,0.0861865,-1.0000,0,,mesure_experimentale
iodp_remanence_401_16459634,401,U1611,A,CUBE12991381,0.000642,-21.6,176.2,1200.43,8,5,60,3.4e-05,0.0529595,-1.0000,0,,mesure_experimentale
iodp_remanence_401_16459634,401,U1611,A,CUBE12991571,0.000931,-15.1,188.8,1205.22,8,5,60,4.5e-05,0.0483351,-1.0000,0,,mesure_experimentale
iodp_remanence_401_16459634,401,U1611,A,CUBE12991791,0.000657,-13.0,173.2,1216.65,8,5,60,1.9e-05,0.0289193,-1.0000,0,,mesure_experimentale
iodp_remanence_401_16459634,401,U1611,A,CUBE12991831,0.000745,-14.4,200.2,1222.73,8,5,60,3e-05,0.0402685,-1.0000,0,,mesure_experimentale
iodp_remanence_401_16459634,401,U1611,A,CUBE12991891,0.000523,-4.3,183.6,1224.41,8,5,60,4e-05,0.0764818,-0.9762,0,,mesure_experimentale
iodp_remanence_401_16459634,401,U1611,A,CUBE12991931,0.000986,-0.3,192.0,1229.89,8,5,60,8.3e-05,0.0841785,-0.9762,0,,mesure_experimentale
iodp_remanence_401_16459634,401,U1611,A,CUBE12992151,0.000294,-24.0,191.0,1263.22,8,5,60,3.3e-05,0.112245,-0.6190,0,,mesure_experimentale
iodp_remanence_401_16459634,401,U1611,A,CUBE12992191,0.000408,-9.5,177.6,1268.27,8,5,60,3.9e-05,0.0955882,-0.9048,0,,mesure_experimentale
iodp_remanence_401_16459634,401,U1611,A,CUBE12992231,0.000582,-16.2,164.8,1272.4,8,5,60,6e-06,0.0103093,-0.9286,0,,mesure_experimentale
iodp_remanence_402_15238686,402,U1612,A,CUBE13016931,0.013295,35.4,270.0,18.6,12,5,100,0.002077,0.156224,-1.0000,0,,mesure_experimentale
iodp_remanence_402_15238686,402,U1612,A,CUBE13016941,0.021532,-29.7,330.2,21.74,12,5,100,0.004618,0.214471,-0.9301,0,,mesure_experimentale
iodp_remanence_402_15238686,402,U1612,A,CUBE13017301,0.020081,1.8,173.4,30.57,15,5,100,0.002996,0.149196,-0.5643,11,1.0000,mesure_experimentale
iodp_remanence_402_15238686,402,U1612,A,CUBE13017801,0.024019,-1.2,337.3,76.28,12,5,100,0.001881,0.078313,-0.9790,1,,mesure_experimentale
iodp_remanence_402_15238686,402,U1612,A,CUBE13018161,0.128725,0.6,201.1,77.43,9,5,100,0.007209,0.0560031,-0.9500,0,,mesure_experimentale
iodp_remanence_402_15238686,402,U1612,A,CUBE13018231,0.035857,-15.0,158.0,85.4,9,5,100,0.00232,0.0647015,-0.9833,1,,mesure_experimentale
iodp_remanence_402_15238686,402,U1612,A,CUBE13018241,0.040445,35.1,270.6,86.93,9,5,100,0.005734,0.141773,-0.5167,0,,mesure_experimentale
iodp_remanence_402_15238686,402,U1612,A,CUBE13018631,0.122296,-15.0,165.9,114.16,8,5,100,0.019043,0.155712,-0.9286,0,,mesure_experimentale
iodp_remanence_402_15238686,402,U1612,A,CUBE13019771,0.022995,25.4,186.3,142.16,9,5,100,0.00366,0.159165,-0.9500,0,,mesure_experimentale
iodp_remanence_402_15238686,402,U1612,A,CUBE13019781,0.001706,-32.7,90.2,143.44,9,5,100,0.000986,0.57796,-0.9167,1,,mesure_experimentale
iodp_remanence_402_15238686,402,U1612,A,CUBE13020591,0.0229,-37.0,175.0,180.14,8,5,100,0.0043,0.187773,-0.7857,0,,mesure_experimentale
iodp_remanence_402_15238686,402,U1612,A,CUBE13020601,0.0228,8.0,149.0,181.08,8,5,100,0.0135,0.592105,0.0000,0,,mesure_experimentale
iodp_remanence_402_15238686,402,U1612,A,CUBE13020821,0.038297,-5.6,217.2,198.75,9,5,100,0.000445,0.0116197,-1.0000,11,1.0000,mesure_experimentale
iodp_remanence_402_15238686,402,U1612,A,CUBE13020861,0.037358,10.1,176.2,201.65,9,5,100,0.007844,0.209968,-0.9167,0,,mesure_experimentale
iodp_remanence_402_15238686,402,U1612,A,CUBE13021531,0.0367,-12.0,175.0,209.71,8,5,100,0.00482,0.131335,-0.9524,0,,mesure_experimentale
iodp_remanence_402_15238686,402,U1612,A,CUBE13021561,0.029473,-3.8,148.6,217.85,9,5,100,0.00075,0.025447,-0.9833,1,,mesure_experimentale
iodp_remanence_402_15238686,402,U1612,A,CUBE13021911,0.007333,-44.6,171.3,227.82,9,5,100,0.006402,0.87304,0.5000,1,,mesure_experimentale
iodp_remanence_402_15238686,402,U1612,A,CUBE13023501,0.014132,11.0,159.6,284.91,9,5,100,0.000559,0.0395556,-0.8833,0,,mesure_experimentale
iodp_remanence_402_15238686,402,U1612,A,CUBE13023601,0.00936,-11.0,195.0,285.04,8,5,100,0.0016,0.17094,-0.8571,0,,mesure_experimentale
iodp_remanence_402_15238686,402,U1612,A,CUBE13024061,0.033906,-17.4,169.2,296.23,8,5,100,0.0134,0.39521,-0.1905,0,,mesure_experimentale
iodp_remanence_402_15238686,402,U1612,A,CUBE13024091,0.03231,49.4,229.8,299.25,11,5,100,0.011689,0.361777,-0.7909,0,,mesure_experimentale
iodp_remanence_402_15238686,402,U1612,A,CUBE13024311,0.005793,24.1,167.8,300.02,10,5,100,0.000163,0.0281374,-0.7212,0,,mesure_experimentale
iodp_remanence_402_15238686,402,U1612,A,CUBE13024501,0.034564,-16.3,190.4,307.17,8,5,100,0.000779,0.0225379,-1.0000,11,1.0000,mesure_experimentale
iodp_remanence_402_15238686,402,U1612,A,CUBE13024511,0.021355,12.1,156.2,310.7,8,5,100,0.000722,0.0338094,-0.7857,11,1.0000,mesure_experimentale
iodp_remanence_402_15238686,402,U1612,A,CUBE13024901,0.010695,-23.4,152.7,314.06,8,5,100,0.000533,0.0498364,-0.6905,1,,mesure_experimentale
iodp_remanence_402_15238686,402,U1612,A,CUBE13025381,0.01298,-7.3,185.4,321.13,8,5,100,0.000432,0.033282,-0.9524,0,,mesure_experimentale
iodp_remanence_402_15238686,402,U1612,A,CUBE13025391,0.005179,14.4,156.0,321.65,8,5,100,0.00235,0.453756,-0.9762,11,0.9909,mesure_experimentale
iodp_remanence_402_15238686,402,U1612,A,CUBE13025731,0.066305,-14.7,200.0,333.87,8,5,100,0.00274,0.0413242,-0.8333,0,,mesure_experimentale
iodp_remanence_402_15238686,402,U1612,A,CUBE13025741,0.004468,-5.3,170.7,334.37,9,5,100,0.000595,0.133169,-0.9333,0,,mesure_experimentale
iodp_remanence_402_15238686,402,U1612,A,CUBE13027051,0.000967,22.2,290.3,343.94,8,5,100,0.003404,3.52017,0.7619,0,,mesure_experimentale
iodp_remanence_402_15238686,402,U1613,A,CUBE13029691,0.069357,62.5,313.3,1.71,5,5,40,0.000594,0.00856438,-1.0000,1,,mesure_experimentale
iodp_remanence_402_15238686,402,U1613,A,CUBE13030161,0.006575,-78.0,297.2,4.56,9,5,120,0.002235,0.339924,-0.8667,1,,mesure_experimentale
iodp_remanence_402_15238686,402,U1613,A,CUBE13030681,0.025796,-12.8,152.2,28.0,8,5,100,0.002047,0.0793534,-0.9762,1,,mesure_experimentale
iodp_remanence_402_15238686,402,U1613,A,CUBE13031301,0.025531,-1.0,167.7,45.75,8,5,100,0.001533,0.0600447,-0.9762,1,,mesure_experimentale
iodp_remanence_402_15238686,402,U1613,A,CUBE13031661,0.007523,-7.6,194.1,48.25,9,5,100,0.000458,0.06088,-0.9667,1,,mesure_experimentale
iodp_remanence_402_15238686,402,U1613,A,CUBE13031671,0.015106,31.2,189.0,50.65,8,5,100,0.001974,0.130677,-1.0000,1,,mesure_experimentale
iodp_remanence_402_15238686,402,U1613,A,CUBE13032151,0.008921,-7.9,148.6,58.25,9,5,120,0.000786,0.0881067,-1.0000,0,,mesure_experimentale
iodp_remanence_402_15238686,402,U1613,A,CUBE13032161,0.015259,-26.1,212.0,61.54,10,5,120,0.001604,0.105118,-0.9879,0,,mesure_experimentale
iodp_remanence_402_15238686,402,U1613,A,CUBE13032491,0.014554,-37.1,167.2,71.34,11,5,120,0.001006,0.0691219,-0.9636,1,,mesure_experimentale
iodp_remanence_402_15238686,402,U1613,A,CUBE13032521,0.026571,-20.2,190.4,73.51,8,5,100,0.001694,0.0637537,-1.0000,1,,mesure_experimentale
iodp_remanence_402_15238686,402,U1613,A,CUBE13033141,0.00602,-14.7,183.4,77.92,8,5,80,0.000494,0.0820598,-1.0000,1,,mesure_experimentale
iodp_remanence_402_15238686,402,U1613,A,CUBE13033181,0.005973,27.5,182.2,81.92,9,5,120,0.002343,0.392265,-0.8000,0,,mesure_experimentale
iodp_remanence_402_15238686,402,U1613,A,CUBE13033561,0.023067,-0.9,159.0,98.13,7,5,80,0.001098,0.0476005,-1.0000,1,,mesure_experimentale
iodp_remanence_402_15238686,402,U1613,A,CUBE13033571,0.032515,-54.7,208.5,99.96,7,5,80,0.002255,0.0693526,-1.0000,1,,mesure_experimentale
iodp_remanence_402_15238686,402,U1613,A,CUBE13034171,0.000657,14.5,193.9,108.59,5,5,40,6.6e-05,0.100457,-0.7000,1,,mesure_experimentale
iodp_remanence_402_15238686,402,U1613,A,CUBE13034331,0.003859,76.6,117.9,111.8,11,5,120,0.000787,0.203939,-0.8091,0,,mesure_experimentale
iodp_remanence_402_15238686,402,U1613,A,CUBE13034411,0.006595,64.7,35.1,107.3,10,5,120,0.000663,0.100531,-0.9758,0,,mesure_experimentale
iodp_remanence_402_15238686,402,U1613,A,CUBE13034681,0.003957,44.7,176.9,118.29,10,5,120,0.000663,0.167551,-0.7212,0,,mesure_experimentale
iodp_remanence_402_15238686,402,U1613,A,CUBE13034761,0.006362,10.4,209.0,120.19,10,5,120,0.002143,0.336844,-0.9273,0,,mesure_experimentale
iodp_remanence_402_15238686,402,U1613,A,CUBE13035151,0.002641,69.4,274.2,131.41,8,5,80,0.007533,2.85233,0.4286,0,,mesure_experimentale
iodp_remanence_402_15238686,402,U1613,A,CUBE13035691,0.002217,-41.2,152.2,146.3,7,5,80,0.002199,0.991881,0.1429,0,,mesure_experimentale
iodp_remanence_402_15238686,402,U1613,A,CUBE13035731,0.005795,4.4,205.1,138.36,7,5,80,0.004875,0.841242,-0.5357,0,,mesure_experimentale
iodp_remanence_402_15238686,402,U1613,A,CUBE13036521,0.011759,28.1,197.7,80.74,11,5,100,0.000598,0.0508547,-0.9909,1,,mesure_experimentale
iodp_remanence_402_15238686,402,U1613,A,CUBE13036531,0.004105,37.0,42.4,111.76,12,5,120,0.000483,0.117661,-0.8252,0,,mesure_experimentale
iodp_remanence_402_15238686,402,U1613,A,CUBE13036541,0.003,63.4,245.9,112.78,13,5,120,0.00055,0.183333,-0.9505,0,,mesure_experimentale
iodp_remanence_402_15238686,402,U1613,A,CUBE13036551,0.003813,37.4,26.9,117.84,11,5,100,0.00028,0.073433,-0.9818,1,,mesure_experimentale
iodp_remanence_402_15238686,402,U1613,A,CUBE13036561,0.002765,59.5,217.1,119.96,12,5,120,0.00065,0.235081,-0.9091,0,,mesure_experimentale
iodp_remanence_402_15238686,402,U1614,A,CUBE13040391,0.033685,32.9,194.6,1.01,8,5,100,0.001442,0.0428084,-1.0000,13,0.9396,mesure_experimentale
iodp_remanence_402_15238686,402,U1614,A,CUBE13040701,0.070732,41.5,206.4,4.02,8,5,100,0.003349,0.0473477,-1.0000,2,,mesure_experimentale
iodp_remanence_402_15238686,402,U1614,A,CUBE13041141,0.065156,-23.8,176.4,6.87,8,5,100,0.005804,0.0890785,-1.0000,1,,mesure_experimentale
iodp_remanence_402_15238686,402,U1614,A,CUBE13041301,0.019635,-8.3,207.2,11.51,8,5,100,0.001365,0.0695187,-1.0000,2,,mesure_experimentale
iodp_remanence_402_15238686,402,U1614,A,CUBE13041811,0.019023,-6.6,207.1,20.21,8,5,100,0.003995,0.210009,-0.9286,1,,mesure_experimentale
iodp_remanence_402_15238686,402,U1614,A,CUBE13041851,0.022342,21.4,228.2,21.71,10,5,100,0.002119,0.0948438,-0.8424,5,0.4000,mesure_experimentale
iodp_remanence_402_15238686,402,U1614,A,CUBE13042691,0.021366,34.5,155.2,25.61,8,5,100,0.001272,0.0595338,-1.0000,1,,mesure_experimentale
iodp_remanence_402_15238686,402,U1614,A,CUBE13042701,0.018533,54.6,192.6,31.36,13,5,120,0.008131,0.438731,0.1978,14,0.9165,mesure_experimentale
iodp_remanence_402_15238686,402,U1614,A,CUBE13044241,0.024561,-18.9,155.7,51.8,7,5,80,0.000614,0.024999,-1.0000,4,0.8000,mesure_experimentale
iodp_remanence_402_15238686,402,U1614,A,CUBE13047201,0.02122,-13.4,221.9,69.54,11,5,100,0.000384,0.0180961,-1.0000,1,,mesure_experimentale
iodp_remanence_402_15238686,402,U1614,A,CUBE13047211,0.035605,-8.9,212.1,66.89,8,5,100,0.001595,0.0447971,-0.9762,1,,mesure_experimentale
iodp_remanence_402_15238686,402,U1614,A,CUBE13048221,0.045061,-29.5,196.6,79.01,11,5,100,0.001962,0.043541,-1.0000,16,0.8147,mesure_experimentale
iodp_remanence_402_15238686,402,U1614,A,CUBE13048231,0.096013,-25.6,203.4,79.05,11,5,100,0.004303,0.0448168,-1.0000,1,,mesure_experimentale
iodp_remanence_402_15238686,402,U1614,A,CUBE13049021,0.022839,33.3,146.7,78.84,12,5,100,0.000929,0.040676,-0.9790,1,,mesure_experimentale
iodp_remanence_402_15238686,402,U1614,A,CUBE13049031,0.125178,-4.1,182.7,83.38,11,5,100,0.006244,0.049881,-0.9909,5,0.4000,mesure_experimentale
iodp_remanence_402_15238686,402,U1614,A,CUBE13049881,0.060379,35.1,192.2,85.21,8,5,100,0.002908,0.0481624,-1.0000,2,,mesure_experimentale
iodp_remanence_402_15238686,402,U1614,A,CUBE13050131,0.047755,-4.7,183.8,98.68,8,5,100,0.000554,0.0116009,-1.0000,2,,mesure_experimentale
iodp_remanence_402_15238686,402,U1614,A,CUBE13050221,0.432121,-12.9,184.7,120.28,8,5,100,0.020329,0.0470447,-0.9762,1,,mesure_experimentale
iodp_remanence_402_15238686,402,U1614,A,CUBE13050291,0.037426,-32.3,167.0,137.11,7,5,80,0.000504,0.0134666,-1.0000,4,0.4000,mesure_experimentale
iodp_remanence_402_15238686,402,U1614,A,CUBE13050461,0.043789,-25.0,162.4,141.09,8,5,100,0.000507,0.0115783,-1.0000,2,,mesure_experimentale
iodp_remanence_402_15238686,402,U1614,A,CUBE13050861,0.032065,1.6,153.9,150.13,8,5,100,0.005933,0.18503,-0.8571,6,0.6000,mesure_experimentale
iodp_remanence_402_15238686,402,U1614,A,CUBE13050961,0.062867,-19.3,192.0,155.6,11,5,100,0.000383,0.00609223,-1.0000,2,,mesure_experimentale
iodp_remanence_402_15238686,402,U1614,A,CUBE13051021,0.04853,-6.3,205.1,175.09,10,5,100,0.000674,0.0138883,-1.0000,4,0.2000,mesure_experimentale
iodp_remanence_402_15238686,402,U1614,A,CUBE13051531,0.149613,12.0,166.6,187.52,10,5,100,0.002584,0.0172712,-1.0000,1,,mesure_experimentale
iodp_remanence_402_15238686,402,U1614,A,CUBE13051891,0.04805,18.2,177.5,195.22,10,5,100,0.001668,0.0347138,-0.9879,1,,mesure_experimentale
iodp_remanence_402_15238686,402,U1614,A,CUBE13051911,0.03379,-27.8,199.0,201.37,11,5,100,0.001658,0.0490678,-1.0000,1,,mesure_experimentale
iodp_remanence_402_15238686,402,U1614,A,CUBE13052051,0.01492,19.7,180.0,203.25,8,5,100,0.000532,0.0356568,-1.0000,1,,mesure_experimentale
iodp_remanence_402_15238686,402,U1614,A,CUBE13052291,0.058606,-16.9,175.2,210.78,8,5,100,0.000929,0.0158516,-1.0000,2,,mesure_experimentale
iodp_remanence_402_15238686,402,U1614,A,CUBE13052511,0.039784,2.2,192.3,212.62,8,5,100,0.001299,0.0326513,-1.0000,5,-0.7000,mesure_experimentale
iodp_remanence_402_15238686,402,U1614,A,CUBE13052571,0.041523,-9.5,180.9,224.3,10,5,100,0.000384,0.00924789,-1.0000,3,1.0000,mesure_experimentale
iodp_remanence_402_15238686,402,U1614,A,CUBE13052611,0.023285,-34.7,183.3,228.39,8,5,100,0.000562,0.0241357,-1.0000,3,1.0000,mesure_experimentale
iodp_remanence_402_15238686,402,U1614,A,CUBE13052761,0.026093,20.7,165.5,234.13,10,5,100,0.000239,0.00915954,-1.0000,3,0.5000,mesure_experimentale
iodp_remanence_402_15238686,402,U1614,A,CUBE13053081,0.026108,-4.2,168.7,239.08,9,5,80,0.000787,0.030144,-0.9833,2,,mesure_experimentale
iodp_remanence_402_15238686,402,U1614,A,CUBE13053131,0.00757,-17.2,199.3,251.7,10,5,80,0.000111,0.0146631,-0.9879,2,,mesure_experimentale
iodp_remanence_402_15238686,402,U1614,A,CUBE13053291,0.083284,-3.9,191.9,256.3,9,5,80,0.001154,0.0138562,-1.0000,1,,mesure_experimentale
iodp_remanence_402_15238686,402,U1614,A,CUBE13053511,0.098505,-13.6,171.3,260.84,8,5,100,0.005469,0.05552,-0.9524,15,0.7714,mesure_experimentale
iodp_remanence_402_15238686,402,U1614,A,CUBE13053541,0.014522,-15.6,151.3,264.1,8,5,100,0.000185,0.0127393,-0.9286,15,0.8643,mesure_experimentale
iodp_remanence_402_15238686,402,U1614,C,CUBE13059631,0.316268,-53.3,249.6,281.22,12,5,140,0.38056,1.20328,-0.1748,0,,mesure_experimentale
iodp_remanence_402_15238686,402,U1614,C,CUBE13059661,8.42528,-10.3,184.8,281.85,12,5,120,0.183967,0.0218351,-0.7063,0,,mesure_experimentale
iodp_remanence_402_15238686,402,U1614,C,CUBE13059831,0.251304,-27.4,208.5,288.57,14,5,180,0.058532,0.232913,-1.0000,22,0.9977,mesure_experimentale
iodp_remanence_402_15238686,402,U1614,C,CUBE13059841,0.833948,-29.4,194.5,290.07,11,5,120,0.075975,0.0911028,-0.9455,0,,mesure_experimentale
iodp_remanence_402_15238686,402,U1614,C,CUBE13059851,9.2641,-6.6,182.7,291.26,17,5,120,0.051818,0.00559342,-0.6961,0,,mesure_experimentale
iodp_remanence_402_15238686,402,U1614,C,CUBE13062071,1.08813,-36.2,199.3,332.56,10,5,120,0.099972,0.0918747,-0.8182,21,0.8818,mesure_experimentale
iodp_remanence_402_15238686,402,U1614,C,CUBE13062111,2.05022,-13.7,198.3,327.81,10,5,120,0.111836,0.0545483,-0.5394,0,,mesure_experimentale
iodp_remanence_402_15238686,402,U1614,C,CUBE13062141,0.66961,22.0,207.8,325.085,10,5,120,0.092066,0.137492,-0.7212,0,,mesure_experimentale
iodp_remanence_402_15238686,402,U1614,C,CUBE13062251,1.32788,-11.0,184.0,301.3,10,5,120,0.198484,0.149474,-0.8909,23,0.9763,mesure_experimentale
iodp_remanence_402_15238686,402,U1614,C,CUBE13062881,3.53989,-4.9,192.5,333.93,10,5,120,0.113998,0.0322038,-0.5273,0,,mesure_experimentale
iodp_remanence_402_15238686,402,U1614,C,CUBE13065251,1.09844,-9.7,188.6,353.61,9,5,120,0.083577,0.0760866,-0.7167,0,,mesure_experimentale
iodp_remanence_402_15238686,402,U1614,C,CUBE13065301,1.88339,30.7,170.2,361.71,9,5,120,0.066478,0.035297,-0.7333,0,,mesure_experimentale
iodp_remanence_402_15238686,402,U1614,C,CUBE13065571,0.696694,-74.5,285.6,377.02,10,5,120,0.18892,0.271166,-0.7818,22,0.9435,mesure_experimentale
iodp_remanence_402_15238686,402,U1614,C,CUBE13065641,4.41352,-7.5,188.0,387.8,9,5,100,0.023248,0.00526745,-0.9667,0,,mesure_experimentale
iodp_remanence_402_15238686,402,U1614,C,CUBE13065681,1.03476,-33.0,166.8,396.72,10,5,120,0.051828,0.0500869,-0.9758,22,0.9864,mesure_experimentale
iodp_remanence_402_15238686,402,U1614,C,CUBE13065701,1.70224,-25.7,181.8,402.83,9,5,100,0.038307,0.0225039,-0.8833,0,,mesure_experimentale
iodp_remanence_402_15238686,402,U1614,C,CUBE13065711,4.14051,-5.2,181.5,406.34,10,5,100,0.021871,0.0052822,-0.8909,0,,mesure_experimentale
iodp_remanence_402_15238686,402,U1614,C,CUBE13065741,2.09759,-14.0,186.8,408.5,9,5,100,0.011195,0.00533707,-1.0000,0,,mesure_experimentale
iodp_remanence_402_15238686,402,U1615,A,CUBE13069241,0.010709,-27.9,148.1,2.26,9,5,100,0.001038,0.0969278,-1.0000,0,,mesure_experimentale
iodp_remanence_402_15238686,402,U1615,A,CUBE13069251,0.036686,-46.9,167.6,6.37,9,5,100,0.00157,0.0427956,-1.0000,0,,mesure_experimentale
iodp_remanence_402_15238686,402,U1615,A,CUBE13070871,0.027897,12.6,214.0,14.14,9,5,100,0.00109,0.0390723,-0.9833,0,,mesure_experimentale
iodp_remanence_402_15238686,402,U1615,A,CUBE13071671,0.020219,-10.0,202.6,21.71,9,5,100,0.000879,0.043474,-1.0000,0,,mesure_experimentale
iodp_remanence_402_15238686,402,U1615,A,CUBE13071871,0.023627,37.7,174.9,27.37,9,5,100,0.004125,0.174588,-0.9500,0,,mesure_experimentale
iodp_remanence_402_15238686,402,U1615,A,CUBE13073791,0.033599,-39.3,177.9,59.97,12,5,120,0.001142,0.0339891,-1.0000,0,,mesure_experimentale
iodp_remanence_402_15238686,402,U1615,A,CUBE13074861,0.014217,4.3,216.1,64.58,12,5,120,0.000781,0.0549342,-0.9930,0,,mesure_experimentale
iodp_remanence_402_15238686,402,U1615,A,CUBE13074921,0.034685,-27.5,152.2,69.24,12,5,120,0.001673,0.0482341,-0.9720,0,,mesure_experimentale
iodp_remanence_402_15238686,402,U1615,A,CUBE13076101,0.062113,19.4,150.7,80.74,12,5,120,0.002483,0.0399755,-1.0000,0,,mesure_experimentale
iodp_remanence_402_15238686,402,U1615,A,CUBE13076121,0.043063,-24.0,159.4,88.02,12,5,120,0.002515,0.0584028,-0.9790,0,,mesure_experimentale
iodp_remanence_402_15238686,402,U1615,A,CUBE13076471,0.030894,-12.3,199.2,111.31,12,5,120,0.001043,0.0337606,-1.0000,0,,mesure_experimentale
iodp_remanence_402_15238686,402,U1615,A,CUBE13076801,0.074039,-18.4,173.7,167.51,12,5,120,0.000928,0.0125339,-1.0000,0,,mesure_experimentale
iodp_remanence_402_15238686,402,U1615,A,CUBE13077131,0.03571,-20.1,156.8,188.11,12,5,120,0.000449,0.0125735,-1.0000,0,,mesure_experimentale
iodp_remanence_402_15238686,402,U1615,A,CUBE13077401,0.067354,1.0,161.9,198.93,12,5,120,0.001241,0.018425,-1.0000,0,,mesure_experimentale
iodp_remanence_402_15238686,402,U1615,A,CUBE13077581,0.030134,-24.8,146.1,208.44,12,5,120,0.00074,0.024557,-1.0000,0,,mesure_experimentale
iodp_remanence_402_15238686,402,U1615,A,CUBE13078261,0.040893,16.8,181.9,244.06,12,5,120,0.004093,0.10009,-0.9720,0,,mesure_experimentale
iodp_remanence_402_15238686,402,U1615,A,CUBE13079371,0.012322,-2.1,187.3,281.43,12,5,120,0.000386,0.0313261,-0.9580,0,,mesure_experimentale
iodp_remanence_402_15238686,402,U1616,A,CUBE13081121,0.031579,-3.6,195.2,4.62,11,5,120,0.004857,0.153805,-0.9636,0,,mesure_experimentale
iodp_remanence_402_15238686,402,U1616,A,CUBE13082251,0.014363,-12.2,185.1,2.09,11,5,120,0.000778,0.054167,-1.0000,0,,mesure_experimentale
iodp_remanence_402_15238686,402,U1616,A,CUBE13082381,0.025534,20.6,159.5,15.39,11,5,120,0.001007,0.0394376,-1.0000,0,,mesure_experimentale
iodp_remanence_402_15238686,402,U1616,A,CUBE13082931,0.021289,-27.2,162.3,23.55,11,5,120,0.001197,0.0562262,-0.9909,0,,mesure_experimentale
iodp_remanence_402_15238686,402,U1616,B,CUBE13086441,0.016094,23.9,62.8,54.62,12,5,120,0.000643,0.0399528,-1.0000,0,,mesure_experimentale
iodp_remanence_402_15238686,402,U1616,B,CUBE13088541,0.023638,4.3,182.6,67.95,13,5,120,0.006235,0.26377,-0.9835,0,,mesure_experimentale
iodp_remanence_402_15238686,402,U1616,B,CUBE13089051,0.019837,-57.7,313.1,63.89,12,5,120,0.001964,0.0990069,-0.9720,0,,mesure_experimentale
iodp_remanence_402_15238686,402,U1616,B,CUBE13090821,0.036629,-13.0,179.5,119.45,11,5,120,0.000652,0.0178001,-0.9909,0,,mesure_experimentale
iodp_remanence_402_15238686,402,U1616,B,CUBE13091421,0.036953,-12.2,148.4,131.32,12,5,120,0.00486,0.131518,-0.9231,0,,mesure_experimentale
iodp_remanence_402_15238686,402,U1616,B,CUBE13091621,0.043073,-24.1,195.1,148.86,12,5,120,0.001164,0.0270239,-0.9930,0,,mesure_experimentale
iodp_remanence_402_15238686,402,U1616,B,CUBE13091981,0.027479,-7.1,207.9,160.58,12,5,120,0.000864,0.0314422,-1.0000,0,,mesure_experimentale
iodp_remanence_402_15238686,402,U1616,B,CUBE13092311,0.055671,-22.0,198.6,173.05,12,5,120,0.000964,0.017316,-1.0000,0,,mesure_experimentale
iodp_remanence_402_15238686,402,U1616,B,CUBE13092621,0.030829,-26.4,173.9,179.7,12,5,120,0.000835,0.0270849,-1.0000,0,,mesure_experimentale
iodp_remanence_402_15238686,402,U1616,B,CUBE13092861,2.27782,-6.5,195.7,187.11,12,5,120,0.02698,0.0118447,-1.0000,0,,mesure_experimentale
iodp_remanence_402_15238686,402,U1616,B,CUBE13093421,0.121563,0.8,170.7,197.66,12,5,120,0.002149,0.0176781,-0.9441,0,,mesure_experimentale
iodp_remanence_402_15238686,402,U1616,B,CUBE13093681,0.007749,-11.9,173.6,213.51,12,5,120,9.8e-05,0.0126468,-1.0000,0,,mesure_experimentale
iodp_remanence_402_15238686,402,U1616,B,CUBE13093791,0.028495,-4.7,166.5,218.0,12,5,120,0.000611,0.0214424,-1.0000,0,,mesure_experimentale
iodp_remanence_402_15238686,402,U1616,B,CUBE13094171,0.012085,4.2,170.6,230.78,12,5,120,0.00081,0.0670252,-0.9930,0,,mesure_experimentale
iodp_remanence_402_15238686,402,U1616,B,CUBE13094361,0.0044,-38.1,207.6,237.67,12,5,120,0.000116,0.0263636,-1.0000,0,,mesure_experimentale
iodp_remanence_402_15238686,402,U1616,B,CUBE13094651,0.01048,2.7,163.4,247.86,13,5,120,0.000636,0.060687,-0.9945,0,,mesure_experimentale
iodp_remanence_402_15238686,402,U1616,B,CUBE13094871,0.005806,-13.7,161.9,257.86,11,5,120,0.000664,0.114364,-0.9909,0,,mesure_experimentale
iodp_remanence_402_15238686,402,U1616,B,CUBE13095131,0.011535,30.0,195.3,270.45,12,5,120,0.000584,0.0506285,-0.9790,0,,mesure_experimentale
iodp_remanence_402_15238686,402,U1616,B,CUBE13095891,0.012374,6.6,188.5,276.12,12,5,120,0.00039,0.0315177,-0.9720,0,,mesure_experimentale
iodp_remanence_402_15238686,402,U1616,B,CUBE13096121,0.00973,-17.0,184.2,281.95,12,5,120,0.000655,0.0673176,-0.9580,0,,mesure_experimentale
iodp_remanence_402_15238686,402,U1617,A,CUBE13104841,0.052695,7.1,192.6,10.84,12,5,120,0.003675,0.069741,-1.0000,0,,mesure_experimentale
iodp_remanence_402_15238686,402,U1617,A,CUBE13106701,0.101832,-17.4,184.2,18.52,12,5,120,0.002991,0.0293719,-0.9930,11,0.9727,mesure_experimentale
iodp_remanence_402_15238686,402,U1617,A,CUBE13108121,0.031762,26.0,184.3,32.62,12,5,120,0.002361,0.0743341,-0.9650,0,,mesure_experimentale
iodp_remanence_402_15238686,402,U1617,A,CUBE13109081,0.03832,22.5,160.0,3.25,12,5,120,0.0018,0.0469729,-0.9930,0,,mesure_experimentale
iodp_remanence_402_15238686,402,U1617,A,CUBE13110071,0.01943,14.2,188.3,36.68,12,5,120,0.001323,0.0680906,-1.0000,0,,mesure_experimentale
iodp_remanence_402_15238686,402,U1617,A,CUBE13110881,0.030348,21.7,160.8,49.46,12,5,120,0.001386,0.0456702,-0.9930,0,,mesure_experimentale
iodp_remanence_402_15238686,402,U1617,A,CUBE13112031,0.018592,0.8,142.1,59.81,12,5,120,0.000595,0.032003,-1.0000,0,,mesure_experimentale
iodp_remanence_402_15238686,402,U1617,A,CUBE13113081,0.021714,-27.4,188.7,63.67,12,5,120,0.002332,0.107396,-0.8881,0,,mesure_experimentale
iodp_remanence_402_15238686,402,U1617,A,CUBE13114001,0.012196,19.3,147.2,73.74,12,5,120,0.000943,0.0773204,-0.5874,0,,mesure_experimentale
iodp_remanence_402_15238686,402,U1617,A,CUBE13115601,0.020945,-30.7,255.3,91.49,12,5,120,0.005066,0.241872,-0.8881,0,,mesure_experimentale
iodp_remanence_402_15238686,402,U1617,A,CUBE13116451,0.02061,-0.4,75.3,103.77,12,5,120,0.004387,0.212858,-0.9580,0,,mesure_experimentale
iodp_remanence_402_15238686,402,U1617,A,CUBE13117681,0.005991,28.4,192.8,112.27,12,5,120,0.000516,0.0861292,-0.9930,0,,mesure_experimentale
iodp_remanence_402_15238686,402,U1617,A,CUBE13118401,0.06117,-23.4,271.9,119.79,12,5,120,0.001612,0.0263528,-0.9580,0,,mesure_experimentale
iodp_remanence_402_15238686,402,U1617,A,CUBE13118611,0.013452,41.6,153.0,129.19,12,5,120,0.000977,0.0726286,-0.9930,0,,mesure_experimentale
iodp_remanence_402_15238686,402,U1617,A,CUBE13118931,0.012438,-40.8,71.5,88.5,12,5,120,0.000245,0.0196977,-0.9580,11,1.0000,mesure_experimentale
iodp_remanence_402_15238686,402,U1617,A,CUBE13119121,0.009199,1.7,190.6,135.88,12,5,120,0.000552,0.0600065,-1.0000,0,,mesure_experimentale
iodp_remanence_402_15238686,402,U1617,A,CUBE13119151,0.008644,-24.0,211.3,141.57,13,5,120,0.001589,0.183827,-0.7912,0,,mesure_experimentale
iodp_remanence_402_15238686,402,U1617,A,CUBE13119921,0.006552,23.7,232.6,150.16,12,5,120,0.001021,0.15583,-0.7832,0,,mesure_experimentale
iodp_remanence_402_15238686,402,U1617,A,CUBE13120271,0.005076,53.3,226.5,157.44,12,5,120,0.003081,0.606974,-0.6993,0,,mesure_experimentale
iodp_remanence_402_15238686,402,U1617,A,CUBE13120691,0.007882,-12.4,174.0,164.65,12,5,120,0.000634,0.0804364,-1.0000,0,,mesure_experimentale
iodp_remanence_402_15238686,402,U1617,A,CUBE13121121,0.012315,11.1,196.2,174.6,12,5,120,0.000725,0.0588713,-0.9930,0,,mesure_experimentale
iodp_remanence_402_15238686,402,U1617,A,CUBE13121151,0.008413,24.4,162.4,178.37,12,5,120,0.000542,0.0644241,-0.9930,0,,mesure_experimentale
iodp_remanence_402_15238686,402,U1617,A,CUBE13121491,0.017431,63.1,191.4,183.28,12,5,120,0.000492,0.0282256,-1.0000,0,,mesure_experimentale
iodp_remanence_402_15238686,402,U1617,A,CUBE13121741,0.016486,34.3,188.0,187.06,12,5,120,0.001008,0.0611428,-0.9720,0,,mesure_experimentale
iodp_remanence_402_15238686,402,U1617,A,CUBE13122251,0.007408,51.3,178.4,192.89,12,5,120,0.000628,0.0847732,-0.9441,0,,mesure_experimentale
iodp_remanence_402_15238686,402,U1617,A,CUBE13122711,0.018962,53.8,174.1,198.08,12,5,120,0.00065,0.0342791,-0.9930,11,0.9909,mesure_experimentale
iodp_remanence_402_15238686,402,U1617,A,CUBE13122981,0.007656,70.3,96.7,201.4,12,5,120,0.000327,0.0427116,-1.0000,0,,mesure_experimentale
iodp_remanence_402_15238686,402,U1617,A,CUBE13123441,0.044742,67.1,168.9,207.28,12,5,120,0.001067,0.0238478,-0.9930,0,,mesure_experimentale
iodp_remanence_402_15238686,402,U1617,A,CUBE13123941,0.017895,-7.0,161.0,213.77,12,5,120,0.000539,0.0301201,-1.0000,0,,mesure_experimentale
iodp_remanence_402_15238686,402,U1617,A,CUBE13124301,0.008613,-57.3,139.2,227.64,12,5,120,0.000455,0.0528271,-0.9930,0,,mesure_experimentale
iodp_remanence_402_15238686,402,U1617,A,CUBE13124331,0.010186,-1.4,184.7,228.08,12,5,120,0.000566,0.0555665,-0.9930,0,,mesure_experimentale
iodp_remanence_402_15238686,402,U1617,A,CUBE13125121,0.016426,-18.0,187.6,241.51,12,5,120,0.001293,0.0787167,-0.9790,0,,mesure_experimentale
iodp_remanence_402_15238686,402,U1617,A,CUBE13125651,0.010307,-12.9,193.4,250.82,12,5,120,0.000578,0.0560784,-0.9930,0,,mesure_experimentale
iodp_remanence_402_15238686,402,U1617,A,CUBE13126211,0.010403,27.3,220.7,262.13,13,5,140,0.000292,0.0280688,-0.9835,0,,mesure_experimentale
iodp_remanence_402_15238686,402,U1617,A,CUBE13126871,0.015174,-34.6,187.2,267.11,12,5,120,0.000521,0.034335,-0.9790,0,,mesure_experimentale
iodp_remanence_402_15238686,402,U1617,A,CUBE13126891,0.008914,-30.5,193.9,270.35,12,5,120,0.000238,0.0266996,-1.0000,0,,mesure_experimentale
iodp_remanence_402_15238686,402,U1617,A,CUBE13127341,0.004731,-37.7,203.9,276.98,13,5,120,0.000273,0.0577045,-0.9011,0,,mesure_experimentale
iodp_remanence_402_15238686,402,U1617,A,CUBE13127841,0.003332,33.3,167.1,284.41,12,5,120,0.000261,0.0783313,-0.8671,0,,mesure_experimentale
iodp_remanence_402_15238686,402,U1617,A,CUBE13128071,0.000327,25.6,128.4,290.0,16,5,120,2.5e-05,0.0764526,-0.7471,0,,mesure_experimentale
iodp_remanence_402_15238686,402,U1617,A,CUBE13128131,0.000132,21.8,180.4,295.21,13,5,120,9.1e-05,0.689394,-0.1099,11,0.9909,mesure_experimentale
iodp_remanence_402_15238686,402,U1617,A,CUBE13130301,0.000543,-24.5,179.9,300.87,12,5,120,0.000145,0.267035,0.0420,0,,mesure_experimentale
iodp_remanence_402_15238686,402,U1617,A,CUBE13132141,0.003116,-8.3,163.4,322.38,12,5,120,8.5e-05,0.0272786,-0.9650,0,,mesure_experimentale
iodp_remanence_402_15238686,402,U1616,E,CUBE13133591,0.006414,43.5,196.0,250.36,11,5,120,0.000464,0.0723418,-0.9909,0,,mesure_experimentale
iodp_remanence_402_15238686,402,U1616,E,CUBE13133681,0.00722,32.0,179.0,251.81,11,5,120,0.000842,0.11662,-0.9727,0,,mesure_experimentale
iodp_remanence_402_15238686,402,U1616,E,CUBE13133751,0.005698,15.8,188.7,260.18,11,5,120,0.000555,0.0974026,-0.9727,0,,mesure_experimentale
iodp_remanence_402_15238686,402,U1616,E,CUBE13133791,0.003633,54.0,207.0,261.56,11,5,120,0.000669,0.184145,-0.9909,0,,mesure_experimentale
iodp_remanence_402_15238686,402,U1616,E,CUBE13137021,2.5248,-17.3,148.6,328.75,11,5,120,0.147611,0.0584645,-1.0000,22,0.9989,mesure_experimentale
iodp_remanence_402_15238686,402,U1616,E,CUBE13137411,0.748498,-43.1,137.2,323.64,12,5,140,0.415006,0.554452,-0.8322,22,0.9989,mesure_experimentale
iodp_remanence_402_15238686,402,U1616,E,CUBE13137671,1.27012,35.3,270.2,310.75,12,5,140,0.379432,0.298736,-0.9021,22,0.9977,mesure_experimentale
iodp_remanence_402_15238686,402,U1616,E,CUBE13137841,2.02058,-47.2,185.0,305.36,12,5,140,0.36203,0.179171,-0.9301,0,,mesure_experimentale
iodp_remanence_402_15238686,402,U1616,E,CUBE13137881,4.36615,-35.6,90.2,284.54,12,5,140,0.109091,0.0249856,-0.9790,2,,mesure_experimentale
iodp_remanence_402_15238686,402,U1616,E,CUBE13137921,0.022408,34.3,270.6,270.4,12,5,140,0.006095,0.272001,-0.9301,0,,mesure_experimentale
iodp_remanence_402_15238686,402,U1616,E,CUBE13138421,1.15188,-10.1,107.1,339.13,11,5,120,0.428268,0.371798,-0.8727,22,0.9932,mesure_experimentale
iodp_remanence_402_15238686,402,U1616,E,CUBE13138531,0.228708,-62.4,191.3,350.29,11,5,120,0.09576,0.4187,-0.6818,22,0.9989,mesure_experimentale
iodp_remanence_402_15238686,402,U1616,E,CUBE13138591,0.708052,20.2,116.3,358.98,11,5,120,0.285917,0.403808,-0.9182,3,1.0000,mesure_experimentale
iodp_remanence_402_15238686,402,U1616,E,CUBE13138711,0.101896,-36.0,89.9,348.7,11,5,120,0.388867,3.81631,-0.9182,3,1.0000,mesure_experimentale
iodp_remanence_402_15238686,402,U1617,B,CUBE13140291,0.017981,50.1,160.8,252.11,11,5,120,0.003243,0.180357,-0.8273,0,,mesure_experimentale
iodp_remanence_402_15238686,402,U1617,B,CUBE13140411,0.029974,62.9,228.6,254.43,11,5,120,0.001473,0.0491426,-1.0000,0,,mesure_experimentale
iodp_remanence_402_15238686,402,U1617,B,CUBE13140741,0.006992,8.4,208.3,254.86,11,5,120,0.000943,0.134868,-0.9727,0,,mesure_experimentale
iodp_remanence_402_15238686,402,U1617,B,CUBE13140771,0.004728,3.3,122.0,258.87,12,5,120,0.000155,0.0327834,-0.9161,0,,mesure_experimentale
iodp_remanence_402_15238686,402,U1617,B,CUBE13141501,0.001172,13.2,174.8,267.74,11,5,120,0.00022,0.187713,-0.9636,0,,mesure_experimentale
iodp_remanence_402_15238686,402,U1617,B,CUBE13141521,0.001472,0.2,209.1,271.58,12,5,120,0.000142,0.0964674,-0.9091,0,,mesure_experimentale
iodp_remanence_402_15238686,402,U1617,B,CUBE13141701,0.002017,-12.4,179.5,278.61,11,5,120,0.00017,0.0842836,-0.8364,0,,mesure_experimentale
iodp_remanence_402_15238686,402,U1617,B,CUBE13142001,0.000287,-41.4,203.9,295.59,11,5,120,5.3e-05,0.184669,-0.9455,0,,mesure_experimentale
iodp_remanence_402_15238686,402,U1617,B,CUBE13145671,0.000129,-28.6,135.9,308.69,16,5,120,8.3e-05,0.643411,-0.1676,0,,mesure_experimentale
iodp_remanence_402_15238686,402,U1617,B,CUBE13145681,0.000262,54.8,187.7,310.19,12,5,120,9.9e-05,0.377863,-0.5315,0,,mesure_experimentale
iodp_remanence_402_15238686,402,U1617,B,CUBE13146531,3.2e-05,46.3,18.7,317.54,3,5,15,5e-05,1.5625,-0.5000,0,,mesure_experimentale
iodp_remanence_402_15238686,402,U1617,B,CUBE13146721,7.5e-05,-33.5,237.3,322.65,3,5,15,3.9e-05,0.52,0.5000,0,,mesure_experimentale
iodp_remanence_402_15238686,402,U1617,B,CUBE13148361,0.000115,45.9,263.2,346.16,2,5,10,9.7e-05,0.843478,nan,0,,mesure_experimentale
iodp_remanence_402_15238686,402,U1617,B,CUBE13148431,0.000265,-34.9,201.2,367.06,2,5,10,8.4e-05,0.316981,nan,0,,mesure_experimentale
iodp_remanence_402_15238686,402,U1614,A,OTHR13053621,2.20584,-21.5,217.0,282.0,10,5,100,0.245679,0.111377,-0.5758,26,0.8407,mesure_experimentale
iodp_remanence_402_15238686,402,U1614,A,WDGE13053591,6.535,6.1,325.4,265.41,8,5,100,0.053627,0.00820612,-1.0000,24,0.8757,mesure_experimentale
iodp_remanence_402_15238686,402,U1614,C,WDGE13065271,0.009559,30.7,271.1,360.03,9,5,120,0.008895,0.930537,-0.9333,0,,mesure_experimentale
