time_myr,obliquity_A_deg,eccentricity_A,obliquity_B_deg,eccentricity_B
-10.0,70.0,0.3,10.0,0.01
-9.98,70.0,0.3,10.0,0.01
-9.96,70.0,0.3,10.0,0.01
-9.940000000000001,70.0,0.3,10.0,0.01
-9.920000000000002,70.0,0.3,10.0,0.01
-9.900000000000002,70.0,0.3,10.0,0.01
-9.880000000000003,70.0,0.3,10.0,0.01
-9.860000000000003,70.0,0.3,10.0,0.01
-9.840000000000003,70.0,0.3,10.0,0.01
-9.820000000000004,70.0,0.3,10.0,0.01
-9.800000000000004,70.0,0.3,10.0,0.01
-9.780000000000005,70.0,0.3,10.0,0.01
-9.760000000000005,70.0,0.3,10.0,0.01
-9.740000000000006,70.0,0.3,10.0,0.01
-9.720000000000006,70.0,0.3,10.0,0.01
-9.700000000000006,70.0,0.3,10.0,0.01
-9.680000000000007,70.0,0.3,10.0,0.01
-9.660000000000007,70.0,0.3,10.0,0.01
-9.640000000000008,70.0,0.3,10.0,0.01
-9.620000000000008,70.0,0.3,10.0,0.01
-9.600000000000009,70.0,0.3,10.0,0.01
-9.580000000000009,70.0,0.3,10.0,0.01
-9.56000000000001,70.0,0.3,10.0,0.01
-9.54000000000001,70.0,0.3,10.0,0.01
-9.52000000000001,70.0,0.3,10.0,0.01
-9.50000000000001,70.0,0.3,10.0,0.01
-9.480000000000011,70.0,0.3,10.0,0.01
-9.460000000000012,70.0,0.3,10.0,0.01
-9.440000000000012,70.0,0.3,10.0,0.01
-9.420000000000012,70.0,0.3,10.0,0.01
-9.400000000000013,70.0,0.3,10.0,0.01
-9.380000000000013,70.0,0.3,10.0,0.01
-9.360000000000014,70.0,0.3,10.0,0.01
-9.340000000000014,70.0,0.3,10.0,0.01
-9.320000000000014,70.0,0.3,10.0,0.01
-9.300000000000015,70.0,0.3,10.0,0.01
-9.280000000000015,70.0,0.3,10.0,0.01
-9.260000000000016,70.0,0.3,10.0,0.01
-9.240000000000016,70.0,0.3,10.0,0.01
-9.220000000000017,70.0,0.3,10.0,0.01
-9.200000000000017,70.0,0.3,10.0,0.01
-9.180000000000017,70.0,0.3,10.0,0.01
-9.160000000000018,70.0,0.3,10.0,0.01
-9.140000000000018,70.0,0.3,10.0,0.01
-9.120000000000019,70.0,0.3,10.0,0.01
-9.10000000000002,70.0,0.3,10.0,0.01
-9.08000000000002,70.0,0.3,10.0,0.01
-9.06000000000002,70.0,0.3,10.0,0.01
-9.04000000000002,70.0,0.3,10.0,0.01
-9.020000000000021,70.0,0.3,10.0,0.01
-9.000000000000021,70.0,0.3,10.0,0.01
-8.980000000000022,70.0,0.3,10.0,0.01
-8.960000000000022,70.0,0.3,10.0,0.01
-8.940000000000023,70.0,0.3,10.0,0.01
-8.920000000000023,70.0,0.3,10.0,0.01
-8.900000000000023,70.0,0.3,10.0,0.01
-8.880000000000024,70.0,0.3,10.0,0.01
-8.860000000000024,70.0,0.3,10.0,0.01
-8.840000000000025,70.0,0.3,10.0,0.01
-8.820000000000025,70.0,0.3,10.0,0.01
-8.800000000000026,70.0,0.3,10.0,0.01
-8.780000000000026,70.0,0.3,10.0,0.01
-8.760000000000026,70.0,0.3,10.0,0.01
-8.740000000000027,70.0,0.3,10.0,0.01
-8.720000000000027,70.0,0.3,10.0,0.01
-8.700000000000028,70.0,0.3,10.0,0.01
-8.680000000000028,70.0,0.3,10.0,0.01
-8.660000000000029,70.0,0.3,10.0,0.01
-8.640000000000029,70.0,0.3,10.0,0.01
-8.62000000000003,70.0,0.3,10.0,0.01
-8.60000000000003,70.0,0.3,10.0,0.01
-8.58000000000003,70.0,0.3,10.0,0.01
-8.56000000000003,70.0,0.3,10.0,0.01
-8.540000000000031,70.0,0.3,10.0,0.01
-8.520000000000032,70.0,0.3,10.0,0.01
-8.500000000000032,70.0,0.3,10.0,0.01
-8.480000000000032,70.0,0.3,10.0,0.01
-8.460000000000033,70.0,0.3,10.0,0.01
-8.440000000000033,70.0,0.3,10.0,0.01
-8.420000000000034,70.0,0.3,10.0,0.01
-8.400000000000034,70.0,0.3,10.0,0.01
-8.380000000000035,70.0,0.3,10.0,0.01
-8.360000000000035,70.0,0.3,10.0,0.01
-8.340000000000035,70.0,0.3,10.0,0.01
-8.320000000000036,70.0,0.3,10.0,0.01
-8.300000000000036,70.0,0.3,10.0,0.01
-8.280000000000037,70.0,0.3,10.0,0.01
-8.260000000000037,70.0,0.3,10.0,0.01
-8.240000000000038,70.0,0.3,10.0,0.01
-8.220000000000038,70.0,0.3,10.0,0.01
-8.200000000000038,70.0,0.3,10.0,0.01
-8.180000000000039,70.0,0.3,10.0,0.01
-8.16000000000004,70.0,0.3,10.0,0.01
-8.14000000000004,70.0,0.3,10.0,0.01
-8.12000000000004,70.0,0.3,10.0,0.01
-8.10000000000004,70.0,0.3,10.0,0.01
-8.080000000000041,70.0,0.3,10.0,0.01
-8.060000000000041,70.0,0.3,10.0,0.01
-8.040000000000042,70.0,0.3,10.0,0.01
-8.020000000000042,70.0,0.3,10.0,0.01
-8.000000000000043,70.0,0.3,10.0,0.01
-7.980000000000043,70.0,0.3,10.0,0.01
-7.9600000000000435,70.0,0.3,10.0,0.01
-7.940000000000044,70.0,0.3,10.0,0.01
-7.920000000000044,70.0,0.3,10.0,0.01
-7.900000000000045,70.0,0.3,10.0,0.01
-7.880000000000045,70.0,0.3,10.0,0.01
-7.860000000000046,70.0,0.3,10.0,0.01
-7.840000000000046,70.0,0.3,10.0,0.01
-7.8200000000000465,70.0,0.3,10.0,0.01
-7.800000000000047,70.0,0.3,10.0,0.01
-7.780000000000047,70.0,0.3,10.0,0.01
-7.760000000000048,70.0,0.3,10.0,0.01
-7.740000000000048,70.0,0.3,10.0,0.01
-7.720000000000049,70.0,0.3,10.0,0.01
-7.700000000000049,70.0,0.3,10.0,0.01
-7.6800000000000495,70.0,0.3,10.0,0.01
-7.66000000000005,70.0,0.3,10.0,0.01
-7.64000000000005,70.0,0.3,10.0,0.01
-7.620000000000051,70.0,0.3,10.0,0.01
-7.600000000000051,70.0,0.3,10.0,0.01
-7.580000000000052,70.0,0.3,10.0,0.01
-7.560000000000052,70.0,0.3,10.0,0.01
-7.540000000000052,70.0,0.3,10.0,0.01
-7.520000000000053,70.0,0.3,10.0,0.01
-7.500000000000053,70.0,0.3,10.0,0.01
-7.480000000000054,70.0,0.3,10.0,0.01
-7.460000000000054,70.0,0.3,10.0,0.01
-7.440000000000055,70.0,0.3,10.0,0.01
-7.420000000000055,70.0,0.3,10.0,0.01
-7.400000000000055,70.0,0.3,10.0,0.01
-7.380000000000056,70.0,0.3,10.0,0.01
-7.360000000000056,70.0,0.3,10.0,0.01
-7.340000000000057,70.0,0.3,10.0,0.01
-7.320000000000057,70.0,0.3,10.0,0.01
-7.3000000000000576,70.0,0.3,10.0,0.01
-7.280000000000058,70.0,0.3,10.0,0.01
-7.260000000000058,70.0,0.3,10.0,0.01
-7.240000000000059,70.0,0.3,10.0,0.01
-7.220000000000059,70.0,0.3,10.0,0.01
-7.20000000000006,70.0,0.3,10.0,0.01
-7.18000000000006,70.0,0.3,10.0,0.01
-7.1600000000000605,70.0,0.3,10.0,0.01
-7.140000000000061,70.0,0.3,10.0,0.01
-7.120000000000061,70.0,0.3,10.0,0.01
-7.100000000000062,70.0,0.3,10.0,0.01
-7.080000000000062,70.0,0.3,10.0,0.01
-7.060000000000063,70.0,0.3,10.0,0.01
-7.040000000000063,70.0,0.3,10.0,0.01
-7.0200000000000635,70.0,0.3,10.0,0.01
-7.000000000000064,70.0,0.3,10.0,0.01
-6.980000000000064,70.0,0.3,10.0,0.01
-6.960000000000065,70.0,0.3,10.0,0.01
-6.940000000000065,70.0,0.3,10.0,0.01
-6.920000000000066,70.0,0.3,10.0,0.01
-6.900000000000066,70.0,0.3,10.0,0.01
-6.8800000000000665,70.0,0.3,10.0,0.01
-6.860000000000067,70.0,0.3,10.0,0.01
-6.840000000000067,70.0,0.3,10.0,0.01
-6.820000000000068,70.0,0.3,10.0,0.01
-6.800000000000068,70.0,0.3,10.0,0.01
-6.780000000000069,70.0,0.3,10.0,0.01
-6.760000000000069,70.0,0.3,10.0,0.01
-6.7400000000000695,70.0,0.3,10.0,0.01
-6.72000000000007,70.0,0.3,10.0,0.01
-6.70000000000007,70.0,0.3,10.0,0.01
-6.680000000000071,70.0,0.3,10.0,0.01
-6.660000000000071,70.0,0.3,10.0,0.01
-6.640000000000072,70.0,0.3,10.0,0.01
-6.620000000000072,70.0,0.3,10.0,0.01
-6.6000000000000725,70.0,0.3,10.0,0.01
-6.580000000000073,70.0,0.3,10.0,0.01
-6.560000000000073,70.0,0.3,10.0,0.01
-6.540000000000074,70.0,0.3,10.0,0.01
-6.520000000000074,70.0,0.3,10.0,0.01
-6.500000000000075,70.0,0.3,10.0,0.01
-6.480000000000075,70.0,0.3,10.0,0.01
-6.4600000000000755,70.0,0.3,10.0,0.01
-6.440000000000076,70.0,0.3,10.0,0.01
-6.420000000000076,70.0,0.3,10.0,0.01
-6.400000000000077,70.0,0.3,10.0,0.01
-6.380000000000077,70.0,0.3,10.0,0.01
-6.360000000000078,70.0,0.3,10.0,0.01
-6.340000000000078,70.0,0.3,10.0,0.01
-6.320000000000078,70.0,0.3,10.0,0.01
-6.300000000000079,70.0,0.3,10.0,0.01
-6.280000000000079,70.0,0.3,10.0,0.01
-6.26000000000008,70.0,0.3,10.0,0.01
-6.24000000000008,70.0,0.3,10.0,0.01
-6.220000000000081,70.0,0.3,10.0,0.01
-6.200000000000081,70.0,0.3,10.0,0.01
-6.180000000000081,70.0,0.3,10.0,0.01
-6.160000000000082,70.0,0.3,10.0,0.01
-6.140000000000082,70.0,0.3,10.0,0.01
-6.120000000000083,70.0,0.3,10.0,0.01
-6.100000000000083,70.0,0.3,10.0,0.01
-6.080000000000084,70.0,0.3,10.0,0.01
-6.060000000000084,70.0,0.3,10.0,0.01
-6.040000000000084,70.0,0.3,10.0,0.01
-6.020000000000085,70.0,0.3,10.0,0.01
-6.000000000000085,70.0,0.3,10.0,0.01
-5.980000000000086,70.0,0.3,10.0,0.01
-5.960000000000086,70.0,0.3,10.0,0.01
-5.9400000000000865,70.0,0.3,10.0,0.01
-5.920000000000087,70.0,0.3,10.0,0.01
-5.900000000000087,70.0,0.3,10.0,0.01
-5.880000000000088,70.0,0.3,10.0,0.01
-5.860000000000088,70.0,0.3,10.0,0.01
-5.840000000000089,70.0,0.3,10.0,0.01
-5.820000000000089,70.0,0.3,10.0,0.01
-5.8000000000000895,70.0,0.3,10.0,0.01
-5.78000000000009,70.0,0.3,10.0,0.01
-5.76000000000009,70.0,0.3,10.0,0.01
-5.740000000000091,70.0,0.3,10.0,0.01
-5.720000000000091,70.0,0.3,10.0,0.01
-5.700000000000092,70.0,0.3,10.0,0.01
-5.680000000000092,70.0,0.3,10.0,0.01
-5.6600000000000925,70.0,0.3,10.0,0.01
-5.640000000000093,70.0,0.3,10.0,0.01
-5.620000000000093,70.0,0.3,10.0,0.01
-5.600000000000094,70.0,0.3,10.0,0.01
-5.580000000000094,70.0,0.3,10.0,0.01
-5.560000000000095,70.0,0.3,10.0,0.01
-5.540000000000095,70.0,0.3,10.0,0.01
-5.5200000000000955,70.0,0.3,10.0,0.01
-5.500000000000096,70.0,0.3,10.0,0.01
-5.480000000000096,70.0,0.3,10.0,0.01
-5.460000000000097,70.0,0.3,10.0,0.01
-5.440000000000097,70.0,0.3,10.0,0.01
-5.420000000000098,70.0,0.3,10.0,0.01
-5.400000000000098,70.0,0.3,10.0,0.01
-5.3800000000000985,70.0,0.3,10.0,0.01
-5.360000000000099,70.0,0.3,10.0,0.01
-5.340000000000099,70.0,0.3,10.0,0.01
-5.3200000000001,70.0,0.3,10.0,0.01
-5.3000000000001,70.0,0.3,10.0,0.01
-5.280000000000101,70.0,0.3,10.0,0.01
-5.260000000000101,70.0,0.3,10.0,0.01
-5.2400000000001015,70.0,0.3,10.0,0.01
-5.220000000000102,70.0,0.3,10.0,0.01
-5.200000000000102,70.0,0.3,10.0,0.01
-5.180000000000103,70.0,0.3,10.0,0.01
-5.160000000000103,70.0,0.3,10.0,0.01
-5.140000000000104,70.0,0.3,10.0,0.01
-5.120000000000104,70.0,0.3,10.0,0.01
-5.1000000000001044,70.0,0.3,10.0,0.01
-5.080000000000105,70.0,0.3,10.0,0.01
-5.060000000000105,70.0,0.3,10.0,0.01
-5.040000000000106,70.0,0.3,10.0,0.01
-5.020000000000106,70.0,0.3,10.0,0.01
-5.000000000000107,70.0,0.3,10.0,0.01
-4.980000000000107,70.0,0.3,10.0,0.01
-4.960000000000107,70.0,0.3,10.0,0.01
-4.940000000000108,70.0,0.3,10.0,0.01
-4.920000000000108,70.0,0.3,10.0,0.01
-4.900000000000109,70.0,0.3,10.0,0.01
-4.880000000000109,70.0,0.3,10.0,0.01
-4.86000000000011,70.0,0.3,10.0,0.01
-4.84000000000011,70.0,0.3,10.0,0.01
-4.82000000000011,70.0,0.3,10.0,0.01
-4.800000000000111,70.0,0.3,10.0,0.01
-4.780000000000111,70.0,0.3,10.0,0.01
-4.760000000000112,70.0,0.3,10.0,0.01
-4.740000000000112,70.0,0.3,10.0,0.01
-4.7200000000001125,70.0,0.3,10.0,0.01
-4.700000000000113,70.0,0.3,10.0,0.01
-4.680000000000113,70.0,0.3,10.0,0.01
-4.660000000000114,70.0,0.3,10.0,0.01
-4.640000000000114,70.0,0.3,10.0,0.01
-4.620000000000115,70.0,0.3,10.0,0.01
-4.600000000000115,70.0,0.3,10.0,0.01
-4.5800000000001155,70.0,0.3,10.0,0.01
-4.560000000000116,70.0,0.3,10.0,0.01
-4.540000000000116,70.0,0.3,10.0,0.01
-4.520000000000117,70.0,0.3,10.0,0.01
-4.500000000000117,70.0,0.3,10.0,0.01
-4.480000000000118,70.0,0.3,10.0,0.01
-4.460000000000118,70.0,0.3,10.0,0.01
-4.4400000000001185,70.0,0.3,10.0,0.01
-4.420000000000119,70.0,0.3,10.0,0.01
-4.400000000000119,70.0,0.3,10.0,0.01
-4.38000000000012,70.0,0.3,10.0,0.01
-4.36000000000012,70.0,0.3,10.0,0.01
-4.340000000000121,70.0,0.3,10.0,0.01
-4.320000000000121,70.0,0.3,10.0,0.01
-4.3000000000001215,70.0,0.3,10.0,0.01
-4.280000000000122,70.0,0.3,10.0,0.01
-4.260000000000122,70.0,0.3,10.0,0.01
-4.240000000000123,70.0,0.3,10.0,0.01
-4.220000000000123,70.0,0.3,10.0,0.01
-4.200000000000124,70.0,0.3,10.0,0.01
-4.180000000000124,70.0,0.3,10.0,0.01
-4.1600000000001245,70.0,0.3,10.0,0.01
-4.140000000000125,70.0,0.3,10.0,0.01
-4.120000000000125,70.0,0.3,10.0,0.01
-4.100000000000126,70.0,0.3,10.0,0.01
-4.080000000000126,70.0,0.3,10.0,0.01
-4.060000000000127,70.0,0.3,10.0,0.01
-4.040000000000127,70.0,0.3,10.0,0.01
-4.0200000000001275,70.0,0.3,10.0,0.01
-4.000000000000128,70.0,0.3,10.0,0.01
-3.9800000000001283,70.0,0.3,10.0,0.01
-3.9600000000001288,70.0,0.3,10.0,0.01
-3.940000000000129,70.0,0.3,10.0,0.01
-3.9200000000001296,70.0,0.3,10.0,0.01
-3.90000000000013,70.0,0.3,10.0,0.01
-3.8800000000001305,70.0,0.3,10.0,0.01
-3.860000000000131,70.0,0.3,10.0,0.01
-3.8400000000001313,70.0,0.3,10.0,0.01
-3.8200000000001317,70.0,0.3,10.0,0.01
-3.800000000000132,70.0,0.3,10.0,0.01
-3.7800000000001326,70.0,0.3,10.0,0.01
-3.760000000000133,70.0,0.3,10.0,0.01
-3.7400000000001334,70.0,0.3,10.0,0.01
-3.720000000000134,70.0,0.3,10.0,0.01
-3.7000000000001343,70.0,0.3,10.0,0.01
-3.6800000000001347,70.0,0.3,10.0,0.01
-3.660000000000135,70.0,0.3,10.0,0.01
-3.6400000000001356,70.0,0.3,10.0,0.01
-3.620000000000136,70.0,0.3,10.0,0.01
-3.6000000000001364,70.0,0.3,10.0,0.01
-3.580000000000137,70.0,0.3,10.0,0.01
-3.5600000000001373,70.0,0.3,10.0,0.01
-3.5400000000001377,70.0,0.3,10.0,0.01
-3.520000000000138,70.0,0.3,10.0,0.01
-3.5000000000001386,70.0,0.3,10.0,0.01
-3.480000000000139,70.0,0.3,10.0,0.01
-3.4600000000001394,70.0,0.3,10.0,0.01
-3.44000000000014,70.0,0.3,10.0,0.01
-3.4200000000001403,70.0,0.3,10.0,0.01
-3.4000000000001407,70.0,0.3,10.0,0.01
-3.380000000000141,70.0,0.3,10.0,0.01
-3.3600000000001415,70.0,0.3,10.0,0.01
-3.340000000000142,70.0,0.3,10.0,0.01
-3.3200000000001424,70.0,0.3,10.0,0.01
-3.300000000000143,70.0,0.3,10.0,0.01
-3.2800000000001432,70.0,0.3,10.0,0.01
-3.2600000000001437,70.0,0.3,10.0,0.01
-3.240000000000144,70.0,0.3,10.0,0.01
-3.2200000000001445,70.0,0.3,10.0,0.01
-3.200000000000145,70.0,0.3,10.0,0.01
-3.1800000000001454,70.0,0.3,10.0,0.01
-3.160000000000146,70.0,0.3,10.0,0.01
-3.1400000000001462,70.0,0.3,10.0,0.01
-3.1200000000001467,70.0,0.3,10.0,0.01
-3.100000000000147,70.0,0.3,10.0,0.01
-3.0800000000001475,70.0,0.3,10.0,0.01
-3.060000000000148,70.0,0.3,10.0,0.01
-3.0400000000001484,70.0,0.3,10.0,0.01
-3.020000000000149,70.0,0.3,10.0,0.01
-3.000000000000149,70.0,0.3,10.0,0.01
-2.9800000000001496,70.0,0.3,10.0,0.01
-2.96000000000015,70.0,0.3,10.0,0.01
-2.9400000000001505,70.0,0.3,10.0,0.01
-2.920000000000151,70.0,0.3,10.0,0.01
-2.9000000000001513,70.0,0.3,10.0,0.01
-2.8800000000001518,70.0,0.3,10.0,0.01
-2.860000000000152,70.0,0.3,10.0,0.01
-2.8400000000001526,70.0,0.3,10.0,0.01
-2.820000000000153,70.0,0.3,10.0,0.01
-2.8000000000001535,70.0,0.3,10.0,0.01
-2.780000000000154,70.0,0.3,10.0,0.01
-2.7600000000001543,70.0,0.3,10.0,0.01
-2.7400000000001548,70.0,0.3,10.0,0.01
-2.720000000000155,70.0,0.3,10.0,0.01
-2.7000000000001556,70.0,0.3,10.0,0.01
-2.680000000000156,70.0,0.3,10.0,0.01
-2.6600000000001565,70.0,0.3,10.0,0.01
-2.640000000000157,70.0,0.3,10.0,0.01
-2.6200000000001573,70.0,0.3,10.0,0.01
-2.6000000000001577,70.0,0.3,10.0,0.01
-2.580000000000158,70.0,0.3,10.0,0.01
-2.5600000000001586,70.0,0.3,10.0,0.01
-2.540000000000159,70.0,0.3,10.0,0.01
-2.5200000000001594,70.0,0.3,10.0,0.01
-2.50000000000016,70.0,0.3,10.0,0.01
-2.4800000000001603,70.0,0.3,10.0,0.01
-2.4600000000001607,70.0,0.3,10.0,0.01
-2.440000000000161,70.0,0.3,10.0,0.01
-2.4200000000001616,70.0,0.3,10.0,0.01
-2.400000000000162,70.0,0.3,10.0,0.01
-2.3800000000001624,70.0,0.3,10.0,0.01
-2.360000000000163,70.0,0.3,10.0,0.01
-2.3400000000001633,70.0,0.3,10.0,0.01
-2.3200000000001637,70.0,0.3,10.0,0.01
-2.300000000000164,70.0,0.3,10.0,0.01
-2.2800000000001646,70.0,0.3,10.0,0.01
-2.260000000000165,70.0,0.3,10.0,0.01
-2.2400000000001654,70.0,0.3,10.0,0.01
-2.220000000000166,70.0,0.3,10.0,0.01
-2.2000000000001663,70.0,0.3,10.0,0.01
-2.1800000000001667,70.0,0.3,10.0,0.01
-2.160000000000167,70.0,0.3,10.0,0.01
-2.1400000000001675,70.0,0.3,10.0,0.01
-2.120000000000168,70.0,0.3,10.0,0.01
-2.1000000000001684,70.0,0.3,10.0,0.01
-2.080000000000169,70.0,0.3,10.0,0.01
-2.0600000000001693,70.0,0.3,10.0,0.01
-2.0400000000001697,70.0,0.3,10.0,0.01
-2.02000000000017,70.0,0.3,10.0,0.01
-2.0000000000001705,70.0,0.3,10.0,0.01
-1.980000000000171,70.0,0.3,10.0,0.01
-1.9600000000001714,70.0,0.3,10.0,0.01
-1.9400000000001718,70.0,0.3,10.0,0.01
-1.9200000000001722,70.0,0.3,10.0,0.01
-1.9000000000001727,70.0,0.3,10.0,0.01
-1.880000000000173,70.0,0.3,10.0,0.01
-1.8600000000001735,70.0,0.3,10.0,0.01
-1.840000000000174,70.0,0.3,10.0,0.01
-1.8200000000001744,70.0,0.3,10.0,0.01
-1.8000000000001748,70.0,0.3,10.0,0.01
-1.7800000000001752,70.0,0.3,10.0,0.01
-1.7600000000001756,70.0,0.3,10.0,0.01
-1.740000000000176,70.0,0.3,10.0,0.01
-1.7200000000001765,70.0,0.3,10.0,0.01
-1.700000000000177,70.0,0.3,10.0,0.01
-1.6800000000001774,70.0,0.3,10.0,0.01
-1.6600000000001778,70.0,0.3,10.0,0.01
-1.6400000000001782,70.0,0.3,10.0,0.01
-1.6200000000001786,70.0,0.3,10.0,0.01
-1.600000000000179,70.0,0.3,10.0,0.01
-1.5800000000001795,70.0,0.3,10.0,0.01
-1.56000000000018,70.0,0.3,10.0,0.01
-1.5400000000001803,70.0,0.3,10.0,0.01
-1.5200000000001808,70.0,0.3,10.0,0.01
-1.5000000000001812,70.0,0.3,10.0,0.01
-1.4800000000001816,70.0,0.3,10.0,0.01
-1.460000000000182,70.0,0.3,10.0,0.01
-1.4400000000001825,70.0,0.3,10.0,0.01
-1.420000000000183,70.0,0.3,10.0,0.01
-1.4000000000001833,70.0,0.3,10.0,0.01
-1.3800000000001837,70.0,0.3,10.0,0.01
-1.3600000000001842,70.0,0.3,10.0,0.01
-1.3400000000001846,70.0,0.3,10.0,0.01
-1.320000000000185,70.0,0.3,10.0,0.01
-1.3000000000001855,70.0,0.3,10.0,0.01
-1.2800000000001859,70.0,0.3,10.0,0.01
-1.2600000000001863,70.0,0.3,10.0,0.01
-1.2400000000001867,70.0,0.3,10.0,0.01
-1.2200000000001872,70.0,0.3,10.0,0.01
-1.2000000000001876,70.0,0.3,10.0,0.01
-1.180000000000188,70.0,0.3,10.0,0.01
-1.1600000000001884,70.0,0.3,10.0,0.01
-1.1400000000001889,70.0,0.3,10.0,0.01
-1.1200000000001893,70.0,0.3,10.0,0.01
-1.1000000000001897,70.0,0.3,10.0,0.01
-1.0800000000001901,70.0,0.3,10.0,0.01
-1.0600000000001906,70.0,0.3,10.0,0.01
-1.040000000000191,70.0,0.3,10.0,0.01
-1.0200000000001914,70.0,0.3,10.0,0.01
-1.0000000000001918,70.0,0.3,10.0,0.01
-0.9800000000001923,70.0,0.3,10.0,0.01
-0.9600000000001927,70.0,0.3,10.0,0.01
-0.9400000000001931,70.0,0.3,10.0,0.01
-0.9200000000001936,70.0,0.3,10.0,0.01
-0.900000000000194,70.0,0.3,10.0,0.01
-0.8800000000001944,70.0,0.3,10.0,0.01
-0.8600000000001948,70.0,0.3,10.0,0.01
-0.8400000000001953,70.0,0.3,10.0,0.01
-0.8200000000001957,70.0,0.3,10.0,0.01
-0.8000000000001961,70.0,0.3,10.0,0.01
-0.7800000000001965,70.0,0.3,10.0,0.01
-0.760000000000197,70.0,0.3,10.0,0.01
-0.7400000000001974,70.0,0.3,10.0,0.01
-0.7200000000001978,70.0,0.3,10.0,0.01
-0.7000000000001982,70.0,0.3,10.0,0.01
-0.6800000000001987,70.0,0.3,10.0,0.01
-0.6600000000001991,70.0,0.3,10.0,0.01
-0.6400000000001995,70.0,0.3,10.0,0.01
-0.6200000000002,70.0,0.3,10.0,0.01
-0.6000000000002004,70.0,0.3,10.0,0.01
-0.5800000000002008,70.0,0.3,10.0,0.01
-0.5600000000002012,70.0,0.3,10.0,0.01
-0.5400000000002017,70.0,0.3,10.0,0.01
-0.5200000000002021,70.0,0.3,10.0,0.01
-0.5000000000002025,70.0,0.3,10.0,0.01
-0.48000000000020293,70.0,0.3,10.0,0.01
-0.46000000000020336,70.0,0.3,10.0,0.01
-0.4400000000002038,70.0,0.3,10.0,0.01
-0.4200000000002042,70.0,0.3,10.0,0.01
-0.40000000000020464,70.0,0.3,10.0,0.01
-0.38000000000020506,70.0,0.3,10.0,0.01
-0.3600000000002055,70.0,0.3,10.0,0.01
-0.3400000000002059,70.0,0.3,10.0,0.01
-0.32000000000020634,70.0,0.3,10.0,0.01
-0.30000000000020677,70.0,0.3,10.0,0.01
-0.2800000000002072,70.0,0.3,10.0,0.01
-0.2600000000002076,70.0,0.3,10.0,0.01
-0.24000000000020805,70.0,0.3,10.0,0.01
-0.22000000000020847,70.0,0.3,10.0,0.01
-0.2000000000002089,70.0,0.3,10.0,0.01
-0.18000000000020933,70.0,0.3,10.0,0.01
-0.16000000000020975,70.0,0.3,10.0,0.01
-0.14000000000021018,70.0,0.3,10.0,0.01
-0.1200000000002106,70.0,0.3,10.0,0.01
-0.10000000000021103,70.0,0.3,10.0,0.01
-0.08000000000021146,70.0,0.3,10.0,0.01
-0.060000000000211884,70.0,0.3,10.0,0.01
-0.04000000000021231,70.0,0.3,10.0,0.01
-0.020000000000212736,70.0,0.3,10.0,0.01
-2.1316282072803006e-13,70.0,0.3,10.0,0.01
0.01999999999978641,69.99997768595199,0.299999880032,10.021197998271774,0.010111974394878804
0.039999999999785985,69.999910767616,0.299999520256,10.042391986175772,0.010223897559038804
0.05999999999978556,69.999799280704,0.299998920864,10.063581953343775,0.010335769461758805
0.07999999999978513,69.999643260928,0.299998082048,10.084767889407772,0.010447590072318802
0.0999999999997847,69.999442744,0.299997004,10.105949783999773,0.0105593593599988
0.11999999999978428,69.999197765632,0.299995686912,10.12712762675177,0.010671077294078799
0.13999999999978385,69.998908361536,0.29999413097600003,10.148301407295772,0.010782743843838798
0.15999999999978343,69.998574567424,0.299992336384,10.169471115263772,0.010894358978558796
0.179999999999783,69.998196419008,0.29999030332800003,10.190636740287772,0.011005922667518793
0.19999999999978257,69.997773952,0.299988032,10.21179827199977,0.01111743487999879
0.21999999999978215,69.99730720211201,0.299985522592,10.232955700031772,0.01122889558527879
0.23999999999978172,69.996796205056,0.29998277529600004,10.25410901401577,0.011340304752638787
0.2599999999997813,69.996240996544,0.299979790304,10.27525820358377,0.011451662351358787
0.27999999999978087,69.99564161228801,0.299976567808,10.29640325836777,0.011562968350718785
0.29999999999978044,69.994998088,0.29997310800000004,10.317544167999769,0.011674222719998783
0.31999999999978,69.99431045939201,0.29996941107200004,10.338680922111767,0.011785425428478775
0.3399999999997796,69.99357876217601,0.29996547721600003,10.359813510335766,0.011896576445438779
0.35999999999977916,69.99280303206402,0.29996130662400006,10.380941922303768,0.012007675740158779
0.37999999999977874,69.99198330476801,0.29995689948800003,10.402066147647767,0.012118723281918773
0.3999999999997783,69.991119616,0.29995225600000003,10.423186175999767,0.012229719039998773
0.4199999999997779,69.990212001472,0.2999473763520001,10.444301996991765,0.012340662983678771
0.43999999999977746,69.98926049689601,0.29994226073600005,10.465413600255765,0.012451555082238767
0.45999999999977703,69.988265137984,0.2999369093440001,10.486520975423764,0.012562395304958769
0.4799999999997766,69.987225960448,0.2999313223680001,10.507624112127765,0.012673183621118765
0.4999999999997762,69.98614300000001,0.29992550000000007,10.528722999999765,0.012783919999998759
0.5199999999997758,69.98501629235201,0.2999194424320001,10.549817628671764,0.012894604410878762
0.5399999999997753,69.98384587321601,0.2999131498560001,10.570907987775763,0.013005236823038757
0.5599999999997749,69.98263177830401,0.29990662246400007,10.591994066943762,0.013115817205758756
0.5799999999997745,69.98137404332802,0.2998998604480001,10.613075855807761,0.013226345528318756
0.599999999999774,69.98007270400001,0.2998928640000001,10.634153343999762,0.013336821759998752
0.6199999999997736,69.97872779603202,0.2998856333120001,10.65522652115176,0.01344724587007875
0.6399999999997732,69.97733935513602,0.2998781685760001,10.67629537689576,0.013557617827838746
0.6599999999997728,69.97590741702402,0.2998704699840001,10.697359900863761,0.013667937602558747
0.6799999999997723,69.97443201740802,0.2998625377280001,10.71842008268776,0.013778205163518747
0.6999999999997719,69.97291319200002,0.2998543720000001,10.73947591199976,0.01388842047999874
0.7199999999997715,69.97135097651201,0.2998459729920001,10.760527378431759,0.013998583521278746
0.7399999999997711,69.96974540665602,0.2998373408960001,10.781574471615759,0.01410869425663874
0.7599999999997706,69.96809651814402,0.2998284759040001,10.80261718118376,0.014218752655358744
0.7799999999997702,69.96640434668802,0.2998193782080001,10.82365549676776,0.014328758686718738
0.7999999999997698,69.96466892800002,0.2998100480000001,10.844689407999757,0.014438712319998735
0.8199999999997694,69.96289029779203,0.2998004854720001,10.865718904511757,0.014548613524478733
0.8399999999997689,69.96106849177602,0.2997906908160001,10.886743975935758,0.014658462269438736
0.8599999999997685,69.95920354566402,0.2997806642240001,10.907764611903756,0.014768258524158733
0.8799999999997681,69.95729549516801,0.29977040588800014,10.928780802047758,0.014878002257918733
0.8999999999997677,69.95534437600003,0.2997599160000001,10.949792535999757,0.01498769343999873
0.9199999999997672,69.95335022387204,0.2997491947520001,10.970799803391756,0.015097332039678725
0.9399999999997668,69.95131307449603,0.2997382423360001,10.991802593855756,0.015206918026238723
0.9599999999997664,69.94923296358402,0.29972705894400015,11.012800897023755,0.015316451368958723
0.979999999999766,69.94710992684801,0.2997156447680001,11.033794702527755,0.015425932037118726
0.9999999999997655,69.94494400000002,0.29970400000000014,11.054783999999753,0.015535359999998718
1.019999999999765,69.94273521875203,0.29969212483200014,11.075768779071753,0.015644735226878714
1.0399999999997647,69.94048361881603,0.29968001945600015,11.096749029375752,0.015754057687038713
1.0599999999997642,69.93818923590402,0.29966768406400013,11.117724740543753,0.01586332734975872
1.0799999999997638,69.93585210572803,0.29965511884800017,11.138695902207752,0.01597254418431871
1.0999999999997634,69.93347226400003,0.2996423240000002,11.159662503999751,0.01608170815999871
1.119999999999763,69.93104974643202,0.29962929971200014,11.180624535551752,0.016190819246078715
1.1399999999997625,69.92858458873603,0.2996160461760002,11.201581986495752,0.016299877411838706
1.159999999999762,69.92607682662403,0.29960256358400017,11.222534846463752,0.016408882626558707
1.1799999999997617,69.92352649580803,0.2995888521280002,11.24348310508775,0.016517834859518705
1.1999999999997613,69.92093363200004,0.2995749120000002,11.26442675199975,0.0166267340799987
1.2199999999997608,69.91829827091203,0.2995607433920002,11.28536577683175,0.016735580257278698
1.2399999999997604,69.91562044825604,0.2995463464960002,11.30630016921575,0.016844373360638702
1.25999999999976,69.91290019974403,0.2995317215040002,11.327229918783749,0.016953113359358698
1.2799999999997596,69.91013756108804,0.2995168686080002,11.348155015167748,0.0170618002227187
1.2999999999997591,69.90733256800004,0.2995017880000002,11.369075447999748,0.01717043391999869
1.3199999999997587,69.90448525619203,0.29948647987200017,11.389991206911748,0.017279014420478692
1.3399999999997583,69.90159566137604,0.2994709444160002,11.410902281535748,0.017387541693438695
1.3599999999997578,69.89866381926404,0.2994551818240002,11.431808661503746,0.017496015708158688
1.3799999999997574,69.89568976556804,0.2994391922880002,11.452710336447748,0.01760443643391869
1.399999999999757,69.89267353600003,0.2994229760000002,11.473607295999747,0.017712803839998688
1.4199999999997566,69.88961516627204,0.2994065331520002,11.494499529791746,0.01782111789567868
1.4399999999997561,69.88651469209604,0.2993898639360002,11.515387027455745,0.017929378570238685
1.4599999999997557,69.88337214918404,0.2993729685440002,11.536269778623744,0.018037585832958683
1.4799999999997553,69.88018757324804,0.29935584716800023,11.557147772927744,0.018145739653118678
1.4999999999997549,69.87696100000004,0.29933850000000023,11.578020999999744,0.018253839999998682
1.5199999999997544,69.87369246515203,0.2993209272320002,11.598889449471743,0.018361886842878677
1.539999999999754,69.87038200441604,0.2993031290560002,11.619753110975745,0.018469880151038672
1.5599999999997536,69.86702965350403,0.29928510566400024,11.640611974143743,0.018577819893758677
1.5799999999997532,69.86363544812804,0.29926685724800023,11.661466028607743,0.01868570604031867
1.5999999999997527,69.86019942400004,0.29924838400000026,11.682315263999742,0.018793538559998667
1.6199999999997523,69.85672161683203,0.29922968611200024,11.703159669951742,0.01890131742207867
1.6399999999997519,69.85320206233604,0.29921076377600025,11.723999236095741,0.019009042595838667
1.6599999999997515,69.84964079622404,0.2991916171840002,11.74483395206374,0.01911671405055866
1.679999999999751,69.84603785420805,0.29917224652800023,11.76566380748774,0.019224331755518666
1.6999999999997506,69.84239327200004,0.29915265200000024,11.78648879199974,0.019331895679998656
1.7199999999997502,69.83870708531205,0.29913283379200023,11.80730889523174,0.019439405793278665
1.7399999999997497,69.83497932985605,0.2991127920960003,11.82812410681574,0.019546862064638654
1.7599999999997493,69.83121004134405,0.29909252710400025,11.848934416383738,0.019654264463358655
1.779999999999749,69.82739925548805,0.2990720390080003,11.86973981356774,0.019761612958718654
1.7999999999997485,69.82354700800005,0.2990513280000003,11.890540287999738,0.019868907519998653
1.819999999999748,69.81965333459205,0.2990303942720003,11.911335829311739,0.019976148116478652
1.8399999999997476,69.81571827097605,0.29900923801600027,11.932126427135739,0.020083334717438645
1.8599999999997472,69.81174185286406,0.2989878594240003,11.952912071103736,0.020190467292158648
1.8799999999997468,69.80772411596806,0.29896625868800025,11.973692750847738,0.020297545809918653
1.8999999999997463,69.80366509600006,0.29894443600000026,11.994468455999737,0.020404570239998646
1.919999999999746,69.79956482867206,0.2989223915520003,12.015239176191736,0.020511540551678645
1.9399999999997455,69.79542334969605,0.29890012553600026,12.036004901055737,0.02061845671423864
1.959999999999745,69.79124069478405,0.2988776381440003,12.056765620223734,0.020725318696958636
1.9799999999997446,69.78701689964805,0.2988549295680003,12.077521323327733,0.020832126469118636
1.9999999999997442,69.78275200000006,0.2988320000000003,12.098271999999735,0.020938879999998636
2.019999999999744,69.77844603155205,0.2988088496320003,12.119017639871736,0.021045579258878643
2.0399999999997434,69.77409903001606,0.2987854786560003,12.139758232575733,0.021152224215038633
2.059999999999743,69.76971103110407,0.2987618872640003,12.160493767743732,0.02125881483775863
2.0799999999997425,69.76528207052806,0.2987380756480003,12.181224235007733,0.02136535109631863
2.099999999999742,69.76081218400006,0.2987140440000003,12.201949623999733,0.021471832959998632
2.1199999999997416,69.75630140723206,0.29868979251200034,12.222669924351731,0.021578260398078628
2.139999999999741,69.75174977593605,0.2986653213760003,12.243385125695733,0.021684633379838624
2.159999999999741,69.74715732582405,0.2986406307840003,12.264095217663732,0.02179095187455863
2.1799999999997404,69.74252409260805,0.2986157209280003,12.284800189887731,0.021897215851518628
2.19999999999974,69.73785011200006,0.2985905920000003,12.305500031999731,0.02200342527999862
2.2199999999997395,69.73313541971206,0.2985652441920003,12.32619473363173,0.022109580129278623
2.239999999999739,69.72838005145607,0.2985396776960003,12.346884284415731,0.02221568036863862
2.2599999999997387,69.72358404294405,0.29851389270400036,12.36756867398373,0.022321725967358617
2.2799999999997382,69.71874742988805,0.29848788940800036,12.38824789196773,0.022427716894718615
2.299999999999738,69.71387024800006,0.29846166800000035,12.408921927999728,0.022533653119998612
2.3199999999997374,69.70895253299207,0.29843522867200034,12.429590771711728,0.022639534612478612
2.339999999999737,69.70399432057607,0.2984085716160004,12.450254412735728,0.02274536134143861
2.3599999999997365,69.69899564646406,0.29838169702400036,12.470912840703729,0.022851133276158613
2.379999999999736,69.69395654636807,0.2983546050880004,12.491566045247726,0.022956850385918603
2.3999999999997357,69.68887705600007,0.29832729600000035,12.512214015999728,0.023062512639998603
2.4199999999997353,69.68375721107208,0.29829976995200036,12.532856742591726,0.023168120007678605
2.439999999999735,69.67859704729607,0.2982720271360004,12.553494214655727,0.023273672458238602
2.4599999999997344,69.67339660038407,0.29824406774400036,12.574126421823726,0.023379169960958603
2.479999999999734,69.66815590604807,0.29821589196800036,12.594753353727725,0.023484612485118607
2.4999999999997335,69.66287500000007,0.2981875000000004,12.615374999999727,0.023589999999998605
2.519999999999733,69.65755391795207,0.2981588920320004,12.635991350271723,0.023695332474878594
2.5399999999997327,69.65219269561607,0.2981300682560004,12.656602394175724,0.0238006098790386
2.5599999999997323,69.64679136870407,0.2981010288640004,12.677208121343723,0.023905832181758596
2.579999999999732,69.64134997292808,0.2980717740480004,12.697808521407724,0.024010999352318593
2.5999999999997314,69.63586854400008,0.2980423040000004,12.718403583999722,0.02411611135999859
2.619999999999731,69.63034711763208,0.2980126189120004,12.738993298751723,0.024221168174078593
2.6399999999997306,69.62478572953609,0.2979827189760004,12.759577655295722,0.024326169763838588
2.65999999999973,69.61918441542407,0.2979526043840004,12.780156643263723,0.024431116098558588
2.6799999999997297,69.61354321100808,0.2979222753280004,12.800730252287723,0.02453600714751859
2.6999999999997293,69.60786215200008,0.2978917320000004,12.821298471999722,0.024640842879998584
2.719999999999729,69.60214127411209,0.2978609745920004,12.841861292031721,0.024745623265278585
2.7399999999997284,69.59638061305608,0.2978300032960004,12.86241870201572,0.024850348272638583
2.759999999999728,69.59058020454407,0.2977988183040004,12.882970691583722,0.024955017871358582
2.7799999999997276,69.58474008428809,0.2977674198080004,12.90351725036772,0.02505963203071858
2.799999999999727,69.57886028800007,0.29773580800000043,12.924058367999718,0.02516419071999857
2.8199999999997267,69.57294085139208,0.2977039830720004,12.94459403411172,0.02526869390847858
2.8399999999997263,69.56698181017609,0.29767194521600043,12.965124238335719,0.025373141565438576
2.859999999999726,69.56098320006409,0.2976396946240005,12.985648970303718,0.02547753366015857
2.8799999999997254,69.55494505676808,0.29760723148800045,13.006168219647718,0.02558187016191857
2.899999999999725,69.54886741600009,0.29757455600000043,13.026681975999718,0.02568615103999857
2.9199999999997246,69.54275031347208,0.29754166835200047,13.047190228991717,0.02579037626367857
2.939999999999724,69.53659378489608,0.29750856873600046,13.067692968255717,0.025894545802238565
2.9599999999997237,69.53039786598409,0.2974752573440005,13.088190183423716,0.025998659624958564
2.9799999999997233,69.52416259244808,0.2974417343680005,13.108681864127716,0.026102717701118563
2.999999999999723,69.51788800000008,0.29740800000000045,13.129167999999716,0.026206719999998563
3.0199999999997225,69.51157412435208,0.2973740544320005,13.149648580671716,0.026310666490878563
3.039999999999722,69.50522100121609,0.29733989785600046,13.170123595775715,0.026414557143038565
3.0599999999997216,69.49882866630409,0.2973055304640005,13.190593034943715,0.02651839192575856
3.079999999999721,69.49239715532809,0.2972709524480005,13.211056887807715,0.026622170808318555
3.0999999999997208,69.48592650400009,0.29723616400000047,13.231515143999715,0.026725893759998554
3.1199999999997203,69.4794167480321,0.29720116531200047,13.251967793151714,0.026829560750078557
3.13999999999972,69.47286792313609,0.2971659565760005,13.272414824895714,0.026933171747838554
3.1599999999997195,69.4662800650241,0.2971305379840005,13.292856228863714,0.02703672672255855
3.179999999999719,69.45965320940809,0.2970949097280005,13.313291994687715,0.027140225643518555
3.1999999999997186,69.4529873920001,0.29705907200000053,13.333722111999712,0.027243668479998543
3.219999999999718,69.4462826485121,0.2970230249920005,13.354146570431713,0.027347055201278548
3.2399999999997178,69.4395390146561,0.2969867688960005,13.374565359615712,0.02745038577663855
3.2599999999997173,69.43275652614409,0.2969503039040005,13.39497846918371,0.027553660175358544
3.279999999999717,69.4259352186881,0.29691363020800055,13.415385888767712,0.027656878366718544
3.2999999999997165,69.4190751280001,0.2968767480000005,13.43578760799971,0.02776004031999854
3.319999999999716,69.4121762897921,0.29683965747200053,13.45618361651171,0.02786314600447854
3.3399999999997156,69.40523873977611,0.29680235881600053,13.476573903935709,0.027966195389438533
3.359999999999715,69.3982625136641,0.29676485222400056,13.49695845990371,0.028069188444158538
3.379999999999715,69.3912476471681,0.29672713788800054,13.517337274047708,0.028172125137918533
3.3999999999997144,69.38419417600011,0.29668921600000053,13.537710335999709,0.028275005439998533
3.419999999999714,69.3771021358721,0.2966510867520005,13.55807763539171,0.028377829319678537
3.4399999999997135,69.3699715624961,0.29661275033600054,13.578439161855709,0.028480596746238533
3.459999999999713,69.3628024915841,0.29657420694400055,13.59879490502371,0.028583307688958528
3.4799999999997127,69.35559495884812,0.2965354567680006,13.619144854527708,0.02868596211711853
3.4999999999997122,69.3483490000001,0.29649650000000055,13.639488999999708,0.02878855999999853
3.519999999999712,69.34106465075212,0.2964573368320006,13.659827331071707,0.028891101306878525
3.5399999999997114,69.3337419468161,0.2964179674560006,13.680159837375708,0.02899358600703853
3.559999999999711,69.32638092390411,0.2963783920640006,13.700486508543706,0.029096014069758522
3.5799999999997105,69.3189816177281,0.29633861084800056,13.720807334207706,0.02919838546431852
3.59999999999971,69.31154406400012,0.29629862400000057,13.741122303999706,0.029300700159998524
3.6199999999997097,69.30406829843211,0.2962584317120006,13.761431407551704,0.02940295812607852
3.6399999999997092,69.29655435673611,0.29621803417600057,13.781734634495706,0.02950515933183852
3.659999999999709,69.28900227462411,0.2961774315840006,13.802031974463706,0.029607303746558518
3.6799999999997084,69.28141208780812,0.2961366241280006,13.822323417087704,0.02970939133951852
3.699999999999708,69.2737838320001,0.2960956120000006,13.842608951999704,0.02981142207999851
3.7199999999997075,69.26611754291211,0.2960543953920006,13.862888568831703,0.02991339593727851
3.739999999999707,69.25841325625612,0.2960129744960006,13.883162257215705,0.03001531288063851
3.7599999999997067,69.25067100774412,0.2959713495040006,13.903430006783701,0.030117172879358504
3.7799999999997063,69.24289083308811,0.2959295206080006,13.923691807167703,0.03021897590271851
3.799999999999706,69.23507276800012,0.29588748800000064,13.943947647999703,0.03032072191999851
3.8199999999997054,69.22721684819211,0.2958452518720006,13.964197518911703,0.030422410900478505
3.839999999999705,69.21932310937612,0.29580281241600065,13.9844414095357,0.030524042813438505
3.8599999999997046,69.21139158726412,0.2957601698240006,14.004679309503704,0.030625617628158505
3.879999999999704,69.20342231756811,0.2957173242880006,14.024911208447701,0.030727135313918498
3.8999999999997037,69.19541533600011,0.2956742760000006,14.045137095999701,0.030828595839998498
3.9199999999997033,69.18737067827212,0.2956310251520006,14.065356961791702,0.030929999175678503
3.939999999999703,69.17928838009612,0.29558757193600066,14.0855707954557,0.031031345290238495
3.9599999999997024,69.17116847718412,0.29554391654400064,14.1057785866237,0.0311326341529585
3.979999999999702,69.16301100524812,0.29550005916800065,14.1259803249277,0.031233865733118493
3.9999999999997016,69.15481600000012,0.29545600000000066,14.146175999999699,0.031335039999998496
4.019999999999701,69.14658349715212,0.29541173923200065,14.166365601471698,0.03143615692287849
4.039999999999701,69.13831353241613,0.2953672770560007,14.186549118975698,0.03153721647103849
4.0599999999997,69.13000614150413,0.2953226136640007,14.206726542143697,0.03163821861375849
4.0799999999997,69.12166136012812,0.29527774924800065,14.226897860607696,0.031739163320318495
4.099999999999699,69.11327922400012,0.2952326840000007,14.247063063999697,0.03184005055999849
4.119999999999699,69.10485976883213,0.29518741811200067,14.267222141951695,0.03194088030207849
4.139999999999699,69.09640303033612,0.29514195177600067,14.287375084095697,0.03204165251583849
4.159999999999698,69.08790904422413,0.2950962851840007,14.307521880063696,0.03214236717055848
4.179999999999698,69.07937784620813,0.2950504185280007,14.327662519487696,0.03224302423551848
4.199999999999697,69.07080947200012,0.2950043520000007,14.347796991999694,0.03234362367999848
4.219999999999697,69.06220395731214,0.2949580857920007,14.367925287231694,0.03244416547327848
4.2399999999996965,69.05356133785614,0.2949116200960007,14.388047394815695,0.03254464958463847
4.259999999999696,69.04488164934413,0.29486495510400074,14.408163304383695,0.032645075983358474
4.279999999999696,69.03616492748813,0.2948180910080007,14.428273005567693,0.03274544463871848
4.299999999999695,69.02741120800013,0.2947710280000007,14.448376487999695,0.03284575551999848
4.319999999999695,69.01862052659213,0.2947237662720007,14.468473741311694,0.03294600859647848
4.339999999999694,69.00979291897613,0.29467630601600076,14.488564755135691,0.03304620383743847
4.359999999999694,69.00092842086414,0.29462864742400074,14.508649519103693,0.033146341212158474
4.3799999999996935,68.99202706796814,0.29458079068800075,14.528728022847693,0.03324642068991847
4.399999999999693,68.98308889600014,0.29453273600000074,14.54880025599969,0.03334644223999847
4.419999999999693,68.97411394067214,0.29448448355200074,14.56886620819169,0.03344640583167847
4.439999999999692,68.96510223769613,0.29443603353600073,14.588925869055693,0.03354631143423846
4.459999999999692,68.95605382278413,0.29438738614400073,14.608979228223692,0.03364615901695847
4.479999999999691,68.94696873164814,0.29433854156800077,14.62902627532769,0.033745948549118464
4.499999999999691,68.93784700000015,0.29428950000000076,14.64906699999969,0.03384567999999846
4.5199999999996905,68.92868866355215,0.2942402616320008,14.669101391871688,0.03394535333887846
4.53999999999969,68.91949375801615,0.29419082665600077,14.68912944057569,0.03404496853503845
4.55999999999969,68.91026231910413,0.2941411952640008,14.70915113574369,0.03414452555775846
4.579999999999689,68.90099438252814,0.29409136764800076,14.72916646700769,0.03424402437631846
4.599999999999689,68.89168998400015,0.29404134400000076,14.74917542399969,0.03434346495999847
4.619999999999688,68.88234915923215,0.29399112451200077,14.769177996351688,0.03444284727807845
4.639999999999688,68.87297194393615,0.2939407093760008,14.789174173695688,0.034542171299838456
4.6599999999996875,68.86355837382415,0.2938900987840008,14.809163945663688,0.03464143699455845
4.679999999999687,68.85410848460815,0.2938392929280008,14.829147301887687,0.03474064433151845
4.699999999999687,68.84462231200015,0.2937882920000008,14.849124231999689,0.03483979327999845
4.719999999999686,68.83509989171216,0.29373709619200083,14.869094725631687,0.03493888380927845
4.739999999999686,68.82554125945614,0.29368570569600083,14.889058772415687,0.03503791588863845
4.759999999999685,68.81594645094415,0.2936341207040008,14.909016361983687,0.03513688948735845
4.779999999999685,68.80631550188815,0.2935823414080008,14.928967483967687,0.03523580457471845
4.7999999999996845,68.79664844800016,0.2935303680000008,14.948912127999684,0.035334661119998445
4.819999999999684,68.78694532499216,0.2934782006720008,14.968850283711685,0.03543345909247845
4.839999999999684,68.77720616857616,0.2934258396160008,14.988781940735684,0.035532198461438444
4.859999999999683,68.76743101446415,0.29337328502400084,15.008707088703687,0.03563087919615844
4.879999999999683,68.75761989836815,0.2933205370880008,15.028625717247685,0.03572950126591844
4.899999999999682,68.74777285600015,0.29326759600000085,15.048537815999683,0.03582806463999844
4.919999999999682,68.73788992307216,0.29321446195200085,15.068443374591682,0.03592656928767844
4.9399999999996815,68.72797113529616,0.29316113513600084,15.088342382655682,0.03602501517823843
4.959999999999681,68.71801652838417,0.29310761574400085,15.108234829823683,0.036123402280958436
4.979999999999681,68.70802613804815,0.29305390396800085,15.128120705727682,0.03622173056511843
4.99999999999968,68.69800000000015,0.29300000000000087,15.147999999999683,0.03631999999999844
5.01999999999968,68.68793814995216,0.2929459040320009,15.167872702271682,0.03641821055487843
5.039999999999679,68.67784062361616,0.29289161625600085,15.187738802175684,0.036516362199038435
5.059999999999679,68.66770745670416,0.29283713686400087,15.207598289343682,0.03661445490175842
5.0799999999996786,68.65753868492817,0.2927824660480009,15.227451153407682,0.03671248863231842
5.099999999999678,68.64733434400017,0.29272760400000086,15.247297383999683,0.036810463359998435
5.119999999999678,68.63709446963216,0.2926725509120009,15.267136970751682,0.03690837905407843
5.139999999999677,68.62681909753616,0.2926173069760009,15.286969903295681,0.03700623568383842
5.159999999999677,68.61650826342417,0.2925618723840009,15.306796171263679,0.03710403321855842
5.179999999999676,68.60616200300817,0.2925062473280009,15.32661576428768,0.03720177162751842
5.199999999999676,68.59578035200016,0.2924504320000009,15.346428671999679,0.03729945087999842
5.219999999999676,68.58536334611216,0.29239442659200093,15.366234884031677,0.03739707094527842
5.239999999999675,68.57491102105617,0.2923382312960009,15.386034390015679,0.03749463179263843
5.259999999999675,68.56442341254417,0.29228184630400095,15.405827179583678,0.03759213339135842
5.279999999999674,68.55390055628817,0.2922252718080009,15.42561324236768,0.03768957571071842
5.299999999999674,68.54334248800018,0.29216850800000094,15.445392567999678,0.03778695871999842
5.319999999999673,68.53274924339217,0.29211155507200093,15.465165146111676,0.03788428238847842
5.339999999999673,68.52212085817618,0.29205441321600095,15.484930966335677,0.03798154668543842
5.359999999999673,68.51145736806417,0.2919970826240009,15.504690018303677,0.038078751580158415
5.379999999999672,68.50075880876818,0.29193956348800093,15.524442291647677,0.03817589704191841
5.399999999999672,68.49002521600018,0.29188185600000094,15.544187775999674,0.03827298303999841
5.419999999999671,68.47925662547217,0.291823960352001,15.563926460991674,0.03837000954367841
5.439999999999671,68.46845307289618,0.29176587673600096,15.583658336255676,0.03846697652223841
5.4599999999996705,68.45761459398418,0.291707605344001,15.603383391423677,0.03856388394495841
5.47999999999967,68.44674122444817,0.291649146368001,15.623101616127675,0.0386607317811184
5.49999999999967,68.43583300000017,0.291590500000001,15.642812999999673,0.03875751999999841
5.519999999999669,68.42488995635219,0.29153166643200096,15.662517532671673,0.0388542485708784
5.539999999999669,68.41391212921619,0.29147264585600097,15.682215203775673,0.0389509174630384
5.559999999999668,68.40289955430418,0.291413438464001,15.701906002943673,0.039047526645758404
5.579999999999668,68.39185226732818,0.291354044448001,15.721589919807673,0.039144076088318394
5.5999999999996675,68.38077030400018,0.291294464000001,15.741266943999673,0.0392405657599984
5.619999999999667,68.36965370003219,0.291234697312001,15.760937065151673,0.0393369956300784
5.639999999999667,68.35850249113619,0.291174744576001,15.780600272895672,0.039433365667838394
5.659999999999666,68.34731671302418,0.291114605984001,15.800256556863673,0.0395296758425584
5.679999999999666,68.33609640140818,0.291054281728001,15.819905906687673,0.039625926123518396
5.699999999999665,68.32484159200018,0.29099377200000104,15.839548311999671,0.03972211647999839
5.719999999999665,68.31355232051219,0.290933076992001,15.859183762431671,0.0398182468812784
5.7399999999996645,68.3022286226562,0.290872196896001,15.87881224761567,0.0399143172966384
5.759999999999664,68.29087053414419,0.29081113190400104,15.898433757183671,0.040010327695358394
5.779999999999664,68.2794780906882,0.290749882208001,15.91804828076767,0.04010627804671839
5.799999999999663,68.26805132800018,0.29068844800000104,15.937655807999672,0.04020216831999839
5.819999999999663,68.2565902817922,0.290626829472001,15.95725632851167,0.04029799848447839
5.839999999999662,68.2450949877762,0.29056502681600105,15.97684983193567,0.040393768509438384
5.859999999999662,68.23356548166419,0.29050304022400103,15.996436307903668,0.040489478364158386
5.8799999999996615,68.2220017991682,0.29044086988800105,16.016015746047668,0.04058512801791839
5.899999999999661,68.21040397600021,0.2903785160000011,16.035588135999667,0.04068071743999838
5.919999999999661,68.1987720478722,0.29031597875200105,16.05515346739167,0.040776246599678385
5.93999999999966,68.1871060504962,0.2902532583360011,16.074711729855668,0.040871715466238384
5.95999999999966,68.1754060195842,0.2901903549440011,16.09426291302367,0.04096712400895838
5.979999999999659,68.1636719908482,0.2901272687680011,16.113807006527665,0.04106247219711838
5.999999999999659,68.1519040000002,0.2900640000000011,16.133343999999667,0.04115775999999838
6.0199999999996585,68.14010208275221,0.2900005488320011,16.152873883071667,0.04125298738687838
6.039999999999658,68.12826627481621,0.2899369154560011,16.172396645375667,0.04134815432703838
6.059999999999658,68.11639661190421,0.2898731000640011,16.191912276543665,0.04144326078975838
6.079999999999657,68.10449312972821,0.2898091028480011,16.211420766207663,0.041538306744318375
6.099999999999657,68.0925558640002,0.2897449240000011,16.230922103999667,0.04163329215999838
6.119999999999656,68.08058485043222,0.2896805637120011,16.250416279551665,0.04172821700607837
6.139999999999656,68.0685801247362,0.28961602217600113,16.269903282495665,0.041823081251838375
6.1599999999996555,68.05654172262422,0.2895512995840011,16.289383102463663,0.04191788486655837
6.179999999999655,68.0444696798082,0.28948639612800114,16.308855729087664,0.042012627819518374
6.199999999999655,68.0323640320002,0.28942131200000115,16.32832115199966,0.042107310079998364
6.219999999999654,68.02022481491221,0.28935604739200116,16.347779360831662,0.042201931617278365
6.239999999999654,68.00805206425622,0.28929060249600114,16.367230345215663,0.04229649240063836
6.259999999999653,67.99584581574422,0.28922497750400117,16.386674094783665,0.04239099239935836
6.279999999999653,67.98360610508821,0.28915917260800117,16.40611059916766,0.042485431582718364
6.2999999999996525,67.97133296800021,0.28909318800000117,16.425539847999662,0.04257980991999837
6.319999999999652,67.95902644019222,0.28902702387200113,16.444961830911662,0.04267412738047836
6.339999999999652,67.94668655737621,0.28896068041600115,16.464376537535664,0.04276838393343836
6.359999999999651,67.93431335526421,0.2888941578240012,16.48378395750366,0.04286257954815836
6.379999999999651,67.92190686956822,0.28882745628800116,16.50318408044766,0.04295671419391836
6.39999999999965,67.90946713600022,0.28876057600000116,16.522576895999663,0.04305078783999836
6.41999999999965,67.89699419027221,0.2886935171520012,16.54196239379166,0.04314480045567836
6.43999999999965,67.88448806809623,0.2886262799360012,16.56134056345566,0.04323875201023836
6.459999999999649,67.87194880518422,0.2885588645440012,16.58071139462366,0.04333264247295836
6.479999999999649,67.85937643724822,0.2884912711680012,16.60007487692766,0.04342647181311836
6.499999999999648,67.84677100000022,0.2884235000000012,16.619430999999658,0.04352023999999835
6.519999999999648,67.83413252915221,0.2883555512320012,16.63877975347166,0.04361394700287836
6.539999999999647,67.82146106041623,0.2882874250560012,16.658121126975658,0.043707592791038356
6.559999999999647,67.80875662950422,0.2882191216640012,16.677455110143658,0.04380117733375835
6.579999999999647,67.79601927212822,0.2881506412480012,16.69678169260766,0.04389470060031836
6.599999999999646,67.78324902400023,0.28808198400000123,16.716100863999657,0.04398816255999835
6.619999999999646,67.77044592083223,0.28801315011200124,16.735412613951656,0.04408156318207834
6.639999999999645,67.75760999833622,0.28794413977600125,16.754716932095654,0.04417490243583835
6.659999999999645,67.74474129222423,0.28787495318400125,16.774013808063657,0.04426818029055835
6.6799999999996444,67.73183983820823,0.28780559052800125,16.793303231487656,0.04436139671551835
6.699999999999644,67.71890567200023,0.28773605200000124,16.812585191999656,0.044454551679998344
6.719999999999644,67.70593882931223,0.28766633779200124,16.831859679231655,0.044547645153278345
6.739999999999643,67.69293934585623,0.28759644809600127,16.851126682815657,0.04464067710463834
6.759999999999643,67.67990725734424,0.28752638310400125,16.870386192383656,0.04473364750335834
6.779999999999642,67.66684259948823,0.28745614300800126,16.889638197567656,0.04482655631871834
6.799999999999642,67.65374540800023,0.2873857280000013,16.908882687999657,0.04491940351999835
6.8199999999996415,67.64061571859224,0.2873151382720013,16.928119653311654,0.04501218907647834
6.839999999999641,67.62745356697624,0.2872443740160013,16.947349083135656,0.04510491295743834
6.859999999999641,67.61425898886424,0.28717343542400126,16.966570967103657,0.045197575132158344
6.87999999999964,67.60103201996824,0.2871023226880013,16.985785294847656,0.04529017556991834
6.89999999999964,67.58777269600023,0.2870310360000013,17.004992055999654,0.04538271423999834
6.919999999999639,67.57448105267224,0.2869595755520013,17.024191240191655,0.04547519111167834
6.939999999999639,67.56115712569624,0.2868879415360013,17.043382837055653,0.04556760615423834
6.9599999999996385,67.54780095078425,0.2868161341440013,17.062566836223652,0.045659959336958336
6.979999999999638,67.53441256364823,0.2867441535680013,17.081743227327653,0.045752250629118335
6.999999999999638,67.52099200000025,0.2866720000000013,17.100911999999653,0.04584447999999833
7.019999999999637,67.50753929555225,0.28659967363200134,17.120073143871654,0.04593664741887833
7.039999999999637,67.49405448601624,0.2865271746560013,17.139226648575654,0.04602875285503833
7.059999999999636,67.48053760710425,0.28645450326400135,17.15837250374365,0.04612079627775833
7.079999999999636,67.46698869452825,0.28638165964800133,17.17751069900765,0.046212777656318337
7.0999999999996355,67.45340778400025,0.28630864400000133,17.196641223999652,0.04630469695999833
7.119999999999635,67.43979491123224,0.28623545651200133,17.21576406835165,0.04639655415807833
7.139999999999635,67.42615011193625,0.28616209737600135,17.23487922169565,0.046488349219838326
7.159999999999634,67.41247342182425,0.28608856678400135,17.253986673663654,0.04658008211455834
7.179999999999634,67.39876487660825,0.2860148649280014,17.27308641388765,0.04667175281151833
7.199999999999633,67.38502451200026,0.28594099200000134,17.292178431999652,0.046763361279998326
7.219999999999633,67.37125236371224,0.28586694819200137,17.31126271763165,0.04685490748927832
7.2399999999996325,67.35744846745627,0.2857927336960014,17.33033926041565,0.04694639140863832
7.259999999999632,67.34361285894425,0.28571834870400137,17.34940804998365,0.04703781300735832
7.279999999999632,67.32974557388826,0.2856437934080014,17.36846907596765,0.04712917225471833
7.299999999999631,67.31584664800026,0.28556906800000137,17.38752232799965,0.047220469119998325
7.319999999999631,67.30191611699226,0.2854941726720014,17.40656779571165,0.04731170357247832
7.33999999999963,67.28795401657626,0.28541910761600137,17.425605468735647,0.04740287558143832
7.35999999999963,67.27396038246425,0.2853438730240014,17.444635336703648,0.04749398511615832
7.3799999999996295,67.25993525036826,0.2852684690880014,17.46365738924765,0.04758503214591832
7.399999999999629,67.24587865600026,0.2851928960000014,17.48267161599965,0.04767601663999832
7.419999999999629,67.23179063507226,0.28511715395200143,17.501678006591646,0.04776693856767832
7.439999999999628,67.21767122329626,0.28504124313600143,17.520676550655647,0.04785779789823832
7.459999999999628,67.20352045638427,0.28496516374400144,17.539667237823647,0.047948594600958315
7.479999999999627,67.18933837004826,0.2848889159680014,17.558650057727647,0.04803932864511832
7.499999999999627,67.17512500000026,0.2848125000000014,17.577624999999646,0.04812999999999831
7.5199999999996265,67.16088038195227,0.28473591603200143,17.596592054271646,0.04822060863487832
7.539999999999626,67.14660455161626,0.28465916425600146,17.615551210175646,0.048311154519038314
7.559999999999626,67.13229754470427,0.28458224486400147,17.634502457343643,0.04840163762175831
7.579999999999625,67.11795939692827,0.28450515804800147,17.653445785407644,0.04849205791231831
7.599999999999625,67.10359014400026,0.28442790400000145,17.672381183999644,0.04858241535999832
7.619999999999624,67.08918982163226,0.28435048291200143,17.691308642751643,0.04867270993407831
7.639999999999624,67.07475846553626,0.28427289497600144,17.710228151295645,0.0487629416038383
7.6599999999996236,67.06029611142426,0.28419514038400145,17.729139699263644,0.048853110338558305
7.679999999999623,67.04580279500827,0.2841172193280015,17.748043276287646,0.04894321610751832
7.699999999999623,67.03127855200027,0.28403913200000147,17.766938871999642,0.0490332588799983
7.719999999999622,67.01672341811228,0.2839608785920015,17.785826476031644,0.0491232386252783
7.739999999999622,67.00213742905628,0.2838824592960015,17.80470607801564,0.049213155312638306
7.759999999999621,66.98752062054427,0.2838038743040015,17.823577667583642,0.049303008911358304
7.779999999999621,66.97287302828829,0.2837251238080015,17.84244123436764,0.049392799390718306
7.799999999999621,66.95819468800028,0.2836462080000015,17.861296767999644,0.04948252671999831
7.81999999999962,66.94348563539228,0.2835671270720015,17.880144258111642,0.049572190868478305
7.83999999999962,66.92874590617629,0.2834878812160015,17.89898369433564,0.0496617918054383
7.859999999999619,66.91397553606429,0.28340847062400154,17.91781506630364,0.049751329500158294
7.879999999999619,66.89917456076827,0.2833288954880015,17.936638363647642,0.0498408039219183
7.899999999999618,66.88434301600029,0.2832491560000015,17.95545357599964,0.0499302150399983
7.919999999999618,66.86948093747228,0.2831692523520015,17.974260692991642,0.0500195628236783
7.939999999999618,66.85458836089629,0.28308918473600153,17.99305970425564,0.0501088472422383
7.959999999999617,66.83966532198428,0.28300895334400156,18.01185059942364,0.050198068264958304
7.979999999999617,66.82471185644829,0.28292855836800157,18.03063336812764,0.05028722586111829
7.999999999999616,66.80972800000029,0.28284800000000154,18.049407999999637,0.050376319999998295
8.019999999999616,66.79471378835228,0.28276727843200156,18.06817448467164,0.0504653506508783
8.039999999999615,66.77966925721628,0.2826863938560016,18.08693281177564,0.050554317783038295
8.059999999999615,66.76459444230429,0.28260534646400154,18.10568297094364,0.0506432213657583
8.079999999999615,66.7494893793283,0.28252413644800156,18.12442495180764,0.0507320613683183
8.099999999999614,66.73435410400029,0.28244276400000157,18.14315874399964,0.0508208377599983
8.119999999999614,66.7191886520323,0.2823612293120016,18.16188433715164,0.05090955051007829
8.139999999999613,66.7039930591363,0.2822795325760016,18.180601720895638,0.050998199587838286
8.159999999999613,66.6887673610243,0.2821976739840016,18.19931088486364,0.05108678496255829
8.179999999999612,66.67351159340829,0.28211565372800157,18.21801181868764,0.051175306603518295
8.199999999999612,66.6582257920003,0.2820334720000016,18.236704511999637,0.05126376447999829
8.219999999999612,66.6429099925123,0.2819511289920016,18.255388954431638,0.05135215856127828
8.239999999999611,66.6275642306563,0.2818686248960016,18.274065135615636,0.05144048881663829
8.25999999999961,66.61218854214431,0.2817859599040016,18.29273304518364,0.05152875521535828
8.27999999999961,66.59678296268831,0.28170313420800164,18.311392672767635,0.05161695772671828
8.29999999999961,66.5813475280003,0.2816201480000016,18.33004400799964,0.05170509631999829
8.31999999999961,66.56588227379231,0.2815370014720016,18.348687040511635,0.05179317096447829
8.339999999999609,66.5503872357763,0.28145369481600163,18.367321759935635,0.051881181629438285
8.359999999999609,66.5348624496643,0.28137022822400165,18.385948155903634,0.051969128284158284
8.379999999999608,66.51930795116832,0.28128660188800164,18.404566218047634,0.05205701089791828
8.399999999999608,66.5037237760003,0.28120281600000163,18.423175935999637,0.052144829439998285
8.419999999999607,66.4881099598723,0.28111887075200165,18.441777299391635,0.05223258387967829
8.439999999999607,66.4724665384963,0.28103476633600166,18.460370297855636,0.05232027418623829
8.459999999999607,66.45679354758431,0.28095050294400165,18.478954921023636,0.05240790032895828
8.479999999999606,66.44109102284831,0.2808660807680017,18.497531158527636,0.05249546227711828
8.499999999999606,66.42535900000031,0.2807815000000017,18.516098999999635,0.05258295999999828
8.519999999999605,66.4095975147523,0.2806967608320017,18.534658435071634,0.05267039346687828
8.539999999999605,66.39380660281631,0.2806118634560017,18.553209453375633,0.05275776264703828
8.559999999999604,66.37798629990431,0.2805268080640017,18.571752044543633,0.05284506750975828
8.579999999999604,66.36213664172831,0.2804415948480017,18.590286198207632,0.05293230802431828
8.599999999999604,66.34625766400032,0.2803562240000017,18.608811903999634,0.05301948415999828
8.619999999999603,66.33034940243232,0.2802706957120017,18.62732915155163,0.05310659588607827
8.639999999999603,66.31441189273632,0.2801850101760017,18.64583793049563,0.05319364317183827
8.659999999999602,66.29844517062432,0.2800991675840017,18.664338230463635,0.05328062598655828
8.679999999999602,66.28244927180832,0.2800131681280017,18.682830041087634,0.05336754429951828
8.699999999999601,66.26642423200032,0.2799270120000017,18.70131335199963,0.05345439807999827
8.719999999999601,66.25037008691231,0.27984069939200173,18.719788152831633,0.053541187297278275
8.7399999999996,66.23428687225632,0.27975423049600173,18.73825443321563,0.05362791192063827
8.7599999999996,66.21817462374432,0.2796676055040017,18.75671218278363,0.05371457191935827
8.7799999999996,66.20203337708833,0.27958082460800177,18.77516139116763,0.053801167262718275
8.7999999999996,66.18586316800032,0.27949388800000174,18.79360204799963,0.05388769791999828
8.819999999999599,66.16966403219232,0.27940679587200173,18.81203414291163,0.05397416386047828
8.839999999999598,66.15343600537634,0.27931954841600176,18.83045766553563,0.054060565053438266
8.859999999999598,66.13717912326433,0.27923214582400174,18.84887260550363,0.054146901468158266
8.879999999999598,66.12089342156833,0.27914458828800176,18.867278952447627,0.05423317307391827
8.899999999999597,66.10457893600034,0.2790568760000018,18.885676695999628,0.05431937983999827
8.919999999999597,66.08823570227233,0.2789690091520018,18.90406582579163,0.05440552173567827
8.939999999999596,66.07186375609633,0.2788809879360018,18.922446331455628,0.05449159873023827
8.959999999999596,66.05546313318433,0.2787928125440018,18.940818202623632,0.054577610792958274
8.979999999999595,66.03903386924833,0.2787044831680018,18.95918142892763,0.05466355789311827
8.999999999999595,66.02257600000033,0.2786160000000018,18.977535999999628,0.05474943999999826
9.019999999999595,66.00608956115234,0.2785273632320018,18.99588190547163,0.05483525708287827
9.039999999999594,65.98957458841633,0.2784385730560018,19.01421913497563,0.05492100911103827
9.059999999999594,65.97303111750433,0.2783496296640018,19.03254767814363,0.05500669605375827
9.079999999999593,65.95645918412833,0.2782605332480018,19.05086752460763,0.055092317880318264
9.099999999999593,65.93985882400034,0.2781712840000018,19.06917866399963,0.055177874559998265
9.119999999999592,65.92323007283234,0.2780818821120018,19.087481085951627,0.05526336606207826
9.139999999999592,65.90657296633634,0.27799232777600186,19.105774780095626,0.05534879235583826
9.159999999999592,65.88988754022435,0.27790262118400183,19.12405973606363,0.05543415341055827
9.179999999999591,65.87317383020834,0.27781276252800186,19.142335943487627,0.05551944919551827
9.19999999999959,65.85643187200034,0.27772275200000185,19.160603391999626,0.055604679679998256
9.21999999999959,65.83966170131234,0.27763258979200184,19.178862071231627,0.05568984483327826
9.23999999999959,65.82286335385635,0.27754227609600185,19.197111970815627,0.055774944624638265
9.25999999999959,65.80603686534434,0.27745181110400186,19.215353080383625,0.05585997902335826
9.279999999999589,65.78918227148836,0.2773611950080019,19.233585389567622,0.055944947998718256
9.299999999999589,65.77229960800034,0.27727042800000185,19.251808887999626,0.056029851519998265
9.319999999999588,65.75538891059234,0.2771795102720019,19.270023565311625,0.05611468955647826
9.339999999999588,65.73845021497635,0.27708844201600186,19.288229411135625,0.05619946207743826
9.359999999999587,65.72148355686434,0.2769972234240019,19.306426415103623,0.05628416905215826
9.379999999999587,65.70448897196835,0.2769058546880019,19.324614566847625,0.056368810449918254
9.399999999999586,65.68746649600035,0.2768143360000019,19.342793855999624,0.05645338623999826
9.419999999999586,65.67041616467236,0.2767226675520019,19.360964272191623,0.056537896391678256
9.439999999999586,65.65333801369636,0.2766308495360019,19.379125805055622,0.05662234087423826
9.459999999999585,65.63623207878436,0.2765388821440019,19.397278444223623,0.056706719656958254
9.479999999999585,65.61909839564836,0.2764467655680019,19.41542217932762,0.056791032709118255
9.499999999999584,65.60193700000036,0.27635450000000195,19.433556999999624,0.05687527999999825
9.519999999999584,65.58474792755236,0.27626208563200194,19.451682895871624,0.056959461498878254
9.539999999999583,65.56753121401636,0.2761695226560019,19.469799856575623,0.05704357717503826
9.559999999999583,65.55028689510436,0.2760768112640019,19.487907871743623,0.05712762699775826
9.579999999999583,65.53301500652836,0.27598395164800194,19.506006931007622,0.057211610936318255
9.599999999999582,65.51571558400036,0.27589094400000197,19.524097023999623,0.05729552895999826
9.619999999999582,65.49838866323236,0.27579778851200193,19.542178140351623,0.057379381038078256
9.639999999999581,65.48103427993637,0.27570448537600195,19.560250269695622,0.05746316713983825
9.659999999999581,65.46365246982437,0.27561103478400195,19.57831340166362,0.05754688723455825
9.67999999999958,65.44624326860836,0.27551743692800196,19.596367525887622,0.057630541291518254
9.69999999999958,65.42880671200037,0.275423692000002,19.61441263199962,0.05771412927999824
9.71999999999958,65.41134283571236,0.275329800192002,19.63244870963162,0.05779765116927826
9.73999999999958,65.39385167545638,0.275235761696002,19.65047574841562,0.057881106928638244
9.759999999999579,65.37633326694437,0.27514157670400197,19.66849373798362,0.05796449652735825
9.779999999999578,65.35878764588837,0.275047245408002,19.68650266796762,0.05804781993471825
9.799999999999578,65.34121484800036,0.274952768000002,19.704502527999622,0.05813107711999826
9.819999999999578,65.32361490899237,0.274858144672002,19.722493307711623,0.05821426805247825
9.839999999999577,65.30598786457637,0.274763375616002,19.74047499673562,0.058297392701438244
9.859999999999577,65.28833375046437,0.274668461024002,19.75844758470362,0.05838045103615825
9.879999999999576,65.27065260236837,0.274573401088002,19.77641106124762,0.05846344302591825
9.899999999999576,65.25294445600038,0.274478196000002,19.79436541599962,0.05854636863999825
9.919999999999575,65.23520934707238,0.274382845952002,19.81231063859162,0.058629227847678246
9.939999999999575,65.21744731129638,0.274287351136002,19.830246718655623,0.05871202061823825
9.959999999999575,65.19965838438438,0.27419171174400203,19.84817364582362,0.05879474692095825
9.979999999999574,65.18184260204838,0.27409592796800203,19.866091409727616,0.05887740672511825
9.999999999999574,65.16400000000039,0.2740000000000021,19.883999999999617,0.05895999999999824
10.019999999999573,65.14613061395238,0.27390392803200203,19.901899406271617,0.059042526714878245
10.039999999999573,65.12823447961638,0.27380771225600203,19.91978961817562,0.059124986839038246
10.059999999999572,65.1103116327044,0.27371135286400206,19.93767062534362,0.059207380341758244
10.079999999999572,65.09236210892838,0.27361485004800207,19.955542417407617,0.05928970719231824
10.099999999999572,65.0743859440004,0.2735182040000021,19.973404983999618,0.059371967359998244
10.119999999999571,65.05638317363238,0.27342141491200206,19.99125831475162,0.05945416081407824
10.13999999999957,65.03835383353638,0.2733244829760021,20.009102399295617,0.05953628752383824
10.15999999999957,65.0202979594244,0.2732274083840021,20.026937227263616,0.05961834745855824
10.17999999999957,65.0022155870084,0.2731301913280021,20.044762788287617,0.05970034058751824
10.19999999999957,64.9841067520004,0.2730328320000021,20.062579071999615,0.05978226687999824
10.219999999999569,64.9659714901124,0.2729353305920021,20.080386068031615,0.059864126305278244
10.239999999999569,64.9478098370564,0.2728376872960021,20.098183766015616,0.05994591883263824
10.259999999999568,64.92962182854438,0.27273990230400214,20.115972155583616,0.06002764443135824
10.279999999999568,64.91140750028839,0.27264197580800215,20.133751226367615,0.06010930307071824
10.299999999999567,64.8931668880004,0.2725439080000021,20.151520967999616,0.06019089471999824
10.319999999999567,64.87490002739239,0.2724456990720021,20.169281370111616,0.06027241934847824
10.339999999999566,64.8566069541764,0.2723473492160021,20.187032422335616,0.06035387692543825
10.359999999999566,64.8382877040644,0.27224885862400217,20.204774114303618,0.060435267420158235
10.379999999999566,64.8199423127684,0.27215022748800216,20.222506435647617,0.06051659080191824
10.399999999999565,64.8015708160004,0.27205145600000213,20.240229375999615,0.06059784703999824
10.419999999999565,64.7831732494724,0.27195254435200217,20.257942924991614,0.06067903610367824
10.439999999999564,64.76474964889641,0.2718534927360022,20.275647072255616,0.06076015796223824
10.459999999999564,64.7463000499844,0.27175430134400214,20.293341807423616,0.06084121258495824
10.479999999999563,64.7278244884484,0.2716549703680022,20.311027120127612,0.06092219994111824
10.499999999999563,64.70932300000041,0.27155550000000217,20.328702999999614,0.06100311999999823
10.519999999999563,64.6907956203524,0.2714558904320022,20.346369436671615,0.06108397273087825
10.539999999999562,64.6722423852164,0.2713561418560022,20.364026419775612,0.06116475810303824
10.559999999999562,64.6536633303044,0.2712562544640022,20.381673938943614,0.06124547608575824
10.579999999999561,64.63505849132841,0.2711562284480022,20.399311983807614,0.061326126648318234
10.59999999999956,64.6164279040004,0.2710560640000022,20.416940543999615,0.06140670975999824
10.61999999999956,64.5977716040324,0.2709557613120022,20.434559609151613,0.06148722539007823
10.63999999999956,64.57908962713641,0.2708553205760022,20.452169168895615,0.06156767350783824
10.65999999999956,64.56038200902441,0.27075474198400223,20.469769212863614,0.06164805408255824
10.67999999999956,64.54164878540841,0.27065402572800223,20.487359730687615,0.06172836708351824
10.699999999999559,64.52288999200042,0.27055317200000223,20.50494071199961,0.061808612479998234
10.719999999999558,64.50410566451242,0.27045218099200224,20.522512146431612,0.06188879024127824
10.739999999999558,64.48529583865641,0.27035105289600225,20.54007402361561,0.06196890033663823
10.759999999999557,64.46646055014442,0.2702497879040022,20.557626333183613,0.062048942735358235
10.779999999999557,64.44759983468842,0.27014838620800224,20.575169064767614,0.062128917406718234
10.799999999999557,64.42871372800042,0.2700468480000022,20.592702207999615,0.06220882431999824
10.819999999999556,64.40980226579242,0.26994517347200225,20.61022575251161,0.06228866344447823
10.839999999999556,64.39086548377642,0.2698433628160023,20.62773968793561,0.062368434749438234
10.859999999999555,64.37190341766443,0.2697414162240023,20.64524400390361,0.062448138204158225
10.879999999999555,64.35291610316843,0.26963933388800226,20.66273869004761,0.06252777377791824
10.899999999999554,64.33390357600042,0.2695371160000023,20.68022373599961,0.06260734143999823
10.919999999999554,64.31486587187243,0.2694347627520023,20.69769913139161,0.06268684115967824
10.939999999999554,64.29580302649643,0.26933227433600226,20.715164865855613,0.06276627290623824
10.959999999999553,64.27671507558443,0.2692296509440023,20.73262092902361,0.06284563664895823
10.979999999999553,64.25760205484843,0.2691268927680023,20.750067310527612,0.06292493235711824
10.999999999999552,64.23846400000042,0.2690240000000023,20.76750399999961,0.06300415999999823
11.019999999999552,64.21930094675244,0.26892097283200234,20.784930987071608,0.06308331954687824
11.039999999999552,64.20011293081643,0.2688178114560023,20.802348261375606,0.06316241096703823
11.059999999999551,64.18089998790444,0.2687145160640023,20.819755812543608,0.06324143422975823
11.07999999999955,64.16166215372843,0.26861108684800233,20.83715363020761,0.06332038930431824
11.09999999999955,64.14239946400043,0.26850752400000233,20.854541703999608,0.06339927615999824
11.11999999999955,64.12311195443243,0.26840382771200233,20.87192002355161,0.06347809476607823
11.13999999999955,64.10379966073643,0.26829999817600236,20.88928857849561,0.06355684509183823
11.159999999999549,64.08446261862443,0.26819603558400235,20.90664735846361,0.06363552710655823
11.179999999999549,64.06510086380844,0.26809194012800236,20.92399635308761,0.06371414077951823
11.199999999999548,64.04571443200044,0.2679877120000024,20.941335551999607,0.06379268607999823
11.219999999999548,64.02630335891244,0.26788335139200237,20.958664944831607,0.06387116297727823
11.239999999999547,64.00686768025645,0.26777885849600236,20.975984521215608,0.06394957144063823
11.259999999999547,63.987407431744444,0.2676742335040024,20.993294270783608,0.06402791143935822
11.279999999999546,63.96792264908844,0.2675694766080024,21.01059418316761,0.06410618294271823
11.299999999999546,63.948413368000445,0.2674645880000024,21.02788424799961,0.06418438591999825
11.319999999999546,63.92887962419245,0.2673595678720024,21.045164454911607,0.06426252034047823
11.339999999999545,63.90932145337645,0.2672544164160024,21.06243479353561,0.06434058617343824
11.359999999999545,63.88973889126445,0.2671491338240024,21.07969525350361,0.06441858338815823
11.379999999999544,63.87013197356845,0.2670437202880024,21.09694582444761,0.06449651195391823
11.399999999999544,63.85050073600045,0.2669381760000024,21.114186495999608,0.06457437183999823
11.419999999999543,63.83084521427245,0.2668325011520024,21.131417257791604,0.06465216301567824
11.439999999999543,63.811165444096446,0.2667266959360024,21.148638099455606,0.06472988545023822
11.459999999999543,63.79146146118445,0.2666207605440024,21.165849010623607,0.06480753911295822
11.479999999999542,63.77173330124845,0.2665146951680024,21.183049980927606,0.06488512397311823
11.499999999999542,63.751981000000455,0.26640850000000244,21.200240999999608,0.06496263999999823
11.519999999999541,63.73220459315245,0.26630217523200245,21.21742205747161,0.06504008716287824
11.53999999999954,63.71240411641645,0.2661957210560024,21.234593142975605,0.06511746543103825
11.55999999999954,63.692579605504456,0.26608913766400244,21.251754246143605,0.06519477477375824
11.57999999999954,63.67273109612846,0.2659824252480025,21.268905356607604,0.06527201516031823
11.59999999999954,63.65285862400046,0.26587558400000244,21.286046463999604,0.06534918655999823
11.61999999999954,63.63296222483246,0.2657686141120025,21.303177557951607,0.06542628894207822
11.639999999999539,63.613041934336465,0.2656615157760025,21.320298628095603,0.06550332227583823
11.659999999999538,63.59309778822446,0.2655542891840025,21.337409664063607,0.06558028653055822
11.679999999999538,63.573129822208465,0.2654469345280025,21.35451065548761,0.06565718167551823
11.699999999999537,63.553138072000465,0.2653394520000025,21.371601591999603,0.06573400767999824
11.719999999999537,63.53312257331247,0.2652318417920025,21.388682463231603,0.06581076451327823
11.739999999999537,63.51308336185647,0.2651241040960025,21.405753258815604,0.06588745214463823
11.759999999999536,63.493020473344465,0.2650162391040025,21.422813968383608,0.06596407054335823
11.779999999999536,63.47293394348847,0.26490824700800253,21.439864581567605,0.06604061967871823
11.799999999999535,63.45282380800047,0.2648001280000025,21.45690508799961,0.06611709951999824
11.819999999999535,63.43269010259247,0.2646918822720025,21.473935477311606,0.06619351003647823
11.839999999999534,63.41253286297647,0.2645835100160025,21.490955739135604,0.06626985119743822
11.859999999999534,63.39235212486447,0.26447501142400254,21.507965863103603,0.06634612297215822
11.879999999999534,63.37214792396847,0.26436638668800255,21.524965838847603,0.06642232532991824
11.899999999999533,63.35192029600047,0.2642576360000025,21.5419556559996,0.06649845823999823
11.919999999999533,63.33166927667247,0.26414875955200257,21.558935304191603,0.06657452167167822
11.939999999999532,63.311394901696474,0.26403975753600256,21.575904773055605,0.06665051559423824
11.959999999999532,63.29109720678447,0.26393063014400253,21.592864052223604,0.06672643997695824
11.979999999999531,63.270776227648476,0.26382137756800256,21.609813131327606,0.06680229478911823
11.999999999999531,63.25043200000048,0.26371200000000256,21.626751999999602,0.06687807999999823
12.01999999999953,63.230064559552474,0.26360249763200255,21.643680647871605,0.06695379557887823
12.03999999999953,63.20967394201648,0.2634928706560026,21.6605990645756,0.06702944149503823
12.05999999999953,63.18926018310448,0.2633831192640026,21.677507239743605,0.06710501771775823
12.07999999999953,63.16882331852848,0.2632732436480026,21.694405163007602,0.06718052421631823
12.099999999999529,63.14836338400048,0.26316324400000257,21.711292823999603,0.06725596095999824
12.119999999999528,63.12788041523248,0.2630531205120026,21.7281702123516,0.06733132791807822
12.139999999999528,63.10737444793648,0.2629428733760026,21.7450373176956,0.06740662505983823
12.159999999999528,63.086845517824486,0.2628325027840026,21.761894129663602,0.06748185235455822
12.179999999999527,63.06629366060849,0.2627220089280026,21.7787406378876,0.06755700977151824
12.199999999999527,63.04571891200049,0.2626113920000026,21.7955768319996,0.06763209727999822
12.219999999999526,63.02512130771249,0.26250065219200264,21.8124027016316,0.06770711484927822
12.239999999999526,63.004500883456494,0.26238978969600263,21.8292182364156,0.06778206244863823
12.259999999999525,62.98385767494449,0.2622788047040026,21.846023425983603,0.06785694004735823
12.279999999999525,62.96319171788849,0.26216769740800266,21.8628182599676,0.06793174761471824
12.299999999999525,62.94250304800049,0.26205646800000265,21.879602727999604,0.06800648511999824
12.319999999999524,62.92179170099249,0.26194511667200265,21.8963768197116,0.06808115253247823
12.339999999999524,62.901057712576495,0.26183364361600264,21.913140524735603,0.06815574982143824
12.359999999999523,62.880301118464494,0.26172204902400265,21.9298938327036,0.06823027695615824
12.379999999999523,62.859521954368496,0.2616103330880027,21.9466367332476,0.06830473390591824
12.399999999999523,62.8387202560005,0.2614984960000027,21.9633692159996,0.06837912063999824
12.419999999999522,62.8178960590725,0.2613865379520027,21.9800912705916,0.06845343712767823
12.439999999999522,62.7970493992965,0.26127445913600267,21.9968028866556,0.06852768333823823
12.459999999999521,62.7761803123845,0.2611622597440027,22.013504053823603,0.06860185924095824
12.47999999999952,62.7552888340485,0.2610499399680027,22.0301947617276,0.06867596480511823
12.49999999999952,62.734375000000504,0.2609375000000027,22.046874999999595,0.06874999999999822
12.51999999999952,62.7134388459525,0.2608249400320027,22.0635447582716,0.06882396479487823
12.53999999999952,62.6924804076165,0.2607122602560027,22.0802040261756,0.06889785915903823
12.559999999999519,62.6714997207045,0.2605994608640027,22.0968527933436,0.06897168306175824
12.579999999999519,62.6504968209285,0.2604865420480027,22.1134910494076,0.06904543647231824
12.599999999999518,62.62947174400051,0.26037350400000275,22.1301187839996,0.06911911935999823
12.619999999999518,62.60842452563251,0.2602603469120027,22.146735986751597,0.06919273169407823
12.639999999999517,62.58735520153651,0.26014707097600276,22.1633426472956,0.06926627344383823
12.659999999999517,62.56626380742451,0.26003367638400277,22.1799387552636,0.06933974457855824
12.679999999999517,62.545150379008504,0.2599201633280027,22.1965243002876,0.06941314506751825
12.699999999999516,62.524014952000506,0.25980653200000275,22.2130992719996,0.06948647487999823
12.719999999999516,62.50285756211251,0.25969278259200274,22.229663660031598,0.06955973398527823
12.739999999999515,62.481678245056514,0.25957891529600274,22.2462174540156,0.06963292235263824
12.759999999999515,62.46047703654451,0.25946493030400275,22.262760643583597,0.06970603995135824
12.779999999999514,62.43925397228851,0.2593508278080028,22.2792932183676,0.06977908675071823
12.799999999999514,62.41800908800052,0.25923660800000276,22.2958151679996,0.06985206271999825
12.819999999999514,62.39674241939252,0.2591222710720028,22.3123264821116,0.06992496782847823
12.839999999999513,62.375454002176525,0.2590078172160028,22.3288271503356,0.06999780204543823
12.859999999999513,62.35414387206452,0.2588932466240028,22.345317162303594,0.07007056534015824
12.879999999999512,62.332812064768525,0.2587785594880028,22.361796507647597,0.07014325768191823
12.899999999999512,62.31145861600052,0.2586637560000028,22.378265175999598,0.07021587903999824
12.919999999999511,62.29008356147252,0.2585488363520028,22.3947231569916,0.07028842938367824
12.939999999999511,62.26868693689652,0.2584338007360028,22.411170440255596,0.07036090868223824
12.95999999999951,62.24726877798452,0.25831864934400284,22.427607015423597,0.07043331690495823
12.97999999999951,62.22582912044852,0.25820338236800283,22.4440328721276,0.07050565402111825
12.99999999999951,62.20436800000053,0.2580880000000028,22.460447999999598,0.07057791999999823
13.01999999999951,62.18288545235252,0.2579725024320028,22.4768523886716,0.07065011481087824
13.039999999999509,62.161381513216526,0.25785688985600286,22.493246027775598,0.07072223842303824
13.059999999999508,62.13985621830453,0.25774116246400286,22.509628906943597,0.07079429080575825
13.079999999999508,62.118309603328534,0.25762532044800285,22.526001015807594,0.07086627192831824
13.099999999999508,62.09674170400053,0.25750936400000285,22.5423623439996,0.07093818175999823
13.119999999999507,62.075152556032535,0.2573932933120029,22.558712881151592,0.07101002027007823
13.139999999999507,62.05354219513653,0.25727710857600283,22.575052616895597,0.07108178742783824
13.159999999999506,62.03191065702453,0.25716080998400287,22.591381540863594,0.07115348320255824
13.179999999999506,62.010257977408536,0.25704439772800286,22.6076996426876,0.07122510756351824
13.199999999999505,61.98858419200054,0.2569278720000029,22.624006911999597,0.07129666047999825
13.219999999999505,61.96688933651254,0.25681123299200287,22.640303338431597,0.07136814192127824
13.239999999999505,61.94517344665654,0.2566944808960029,22.656588911615597,0.07143955185663824
13.259999999999504,61.92343655814454,0.2565776159040029,22.672863621183595,0.07151089025535824
13.279999999999504,61.901678706688536,0.2564606382080029,22.689127456767597,0.07158215708671824
13.299999999999503,61.87989992800054,0.2563435480000029,22.7053804079996,0.07165335231999825
13.319999999999503,61.85810025779254,0.2562263454720029,22.721622464511597,0.07172447592447824
13.339999999999502,61.83627973177654,0.25610903081600295,22.737853615935595,0.07179552786943824
13.359999999999502,61.814438385664545,0.2559916042240029,22.754073851903595,0.07186650812415823
13.379999999999502,61.79257625516855,0.25587406588800293,22.770283162047594,0.07193741665791824
13.399999999999501,61.770693376000544,0.25575641600000293,22.7864815359996,0.07200825343999825
13.4199999999995,61.748789783872546,0.2556386547520029,22.802668963391596,0.07207901843967825
13.4399999999995,61.72686551449655,0.25552078233600295,22.818845433855593,0.07214971162623823
13.4599999999995,61.70492060358455,0.255402798944003,22.835010937023597,0.07222033296895825
13.4799999999995,61.68295508684855,0.25528470476800297,22.851165462527597,0.07229088243711823
13.499999999999499,61.660969000000556,0.25516650000000296,22.867308999999594,0.07236135999999824
13.519999999999499,61.63896237875255,0.255048184832003,22.883441539071598,0.07243176562687825
13.539999999999498,61.616935258816554,0.254929759456003,22.899563069375596,0.07250209928703824
13.559999999999498,61.59488767590455,0.254811224064003,22.915673580543597,0.07257236094975825
13.579999999999497,61.57281966572855,0.254692578848003,22.931773062207597,0.07264255058431825
13.599999999999497,61.55073126400056,0.254573824000003,22.947861503999594,0.07271266815999823
13.619999999999497,61.52862250643256,0.254454959712003,22.963938895551593,0.07278271364607823
13.639999999999496,61.506493428736555,0.254335986176003,22.980005226495596,0.07285268701183825
13.659999999999496,61.48434406662456,0.254216903584003,22.996060486463595,0.07292258822655825
13.679999999999495,61.46217445580856,0.25409771212800303,23.012104665087598,0.07299241725951826
13.699999999999495,61.43998463200056,0.253978412000003,23.028137751999594,0.07306217407999825
13.719999999999494,61.41777463091256,0.253859003392003,23.044159736831595,0.07313185865727824
13.739999999999494,61.39554448825657,0.25373948649600303,23.060170609215593,0.07320147096063824
13.759999999999494,61.37329423974456,0.253619861504003,23.076170358783596,0.07327101095935826
13.779999999999493,61.35102392108857,0.25350012860800303,23.092158975167592,0.07334047862271824
13.799999999999493,61.328733568000565,0.25338028800000306,23.108136447999595,0.07340987391999826
13.819999999999492,61.30642321619256,0.253260339872003,23.124102766911598,0.07347919682047825
13.839999999999492,61.28409290137657,0.25314028441600306,23.140057921535593,0.07354844729343823
13.859999999999491,61.26174265926457,0.2530201218240031,23.156001901503593,0.07361762530815824
13.879999999999491,61.23937252556857,0.25289985228800305,23.171934696447593,0.07368673083391825
13.89999999999949,61.21698253600057,0.25277947600000306,23.187856295999595,0.07375576383999825
13.91999999999949,61.194572726272575,0.2526589931520031,23.203766689791593,0.07382472429567825
13.93999999999949,61.17214313209657,0.2525384039360031,23.219665867455596,0.07389361217023825
13.95999999999949,61.149693789184575,0.2524177085440031,23.235553818623593,0.07396242743295825
13.979999999999489,61.127224733248575,0.25229690716800307,23.251430532927593,0.07403117005311825
13.999999999999488,61.10473600000058,0.2521760000000031,23.267295999999593,0.07409983999999825
14.019999999999488,61.082227625152576,0.2520549872320031,23.283150209471593,0.07416843724287825
14.039999999999488,61.059699644416575,0.2519338690560031,23.298993150975594,0.07423696175103825
14.059999999999487,61.03715209350458,0.25181264566400313,23.314824814143595,0.07430541349375824
14.079999999999487,61.01458500812858,0.2516913172480031,23.330645188607598,0.07437379244031826
14.099999999999486,60.991998424000585,0.25156988400000313,23.34645426399959,0.07444209855999825
14.119999999999486,60.96939237683258,0.2514483461120031,23.36225202995159,0.07451033182207825
14.139999999999485,60.94676690233658,0.25132670377600314,23.378038476095597,0.07457849219583826
14.159999999999485,60.92412203622458,0.25120495718400315,23.393813592063594,0.07464657965055826
14.179999999999485,60.901457814208584,0.25108310652800314,23.409577367487593,0.07471459415551826
14.199999999999484,60.878774272000584,0.25096115200000313,23.425329791999594,0.07478253567999826
14.219999999999484,60.85607144531259,0.25083909379200314,23.441070855231594,0.07485040419327825
14.239999999999483,60.83334936985659,0.25071693209600315,23.456800546815593,0.07491819966463825
14.259999999999483,60.81060808134458,0.25059466710400313,23.472518856383594,0.07498592206335827
14.279999999999482,60.78784761548859,0.25047229900800316,23.488225773567592,0.07505357135871825
14.299999999999482,60.76506800800059,0.25034982800000316,23.503921287999596,0.07512114751999827
14.319999999999482,60.742269294592596,0.2502272542720032,23.519605389311593,0.07518865051647826
14.339999999999481,60.7194515109766,0.2501045780160032,23.535278067135593,0.07525608031743826
14.35999999999948,60.69661469286459,0.24998179942400317,23.550939311103594,0.07532343689215826
14.37999999999948,60.673758875968595,0.2498589186880032,23.56658911084759,0.07539072020991824
14.39999999999948,60.650884096000595,0.2497359360000032,23.582227455999593,0.07545793023999826
14.41999999999948,60.62799038867259,0.2496128515520032,23.597854336191595,0.07552506695167827
14.439999999999479,60.6050777896966,0.2494896655360032,23.613469741055596,0.07559213031423827
14.459999999999479,60.582146334784596,0.2493663781440032,23.629073660223597,0.07565912029695826
14.479999999999478,60.5591960596486,0.24924298956800323,23.644666083327593,0.07572603686911826
14.499999999999478,60.5362270000006,0.2491195000000032,23.660246999999593,0.07579287999999826
14.519999999999477,60.5132391915526,0.24899590963200324,23.675816399871593,0.07585964965887826
14.539999999999477,60.4902326700166,0.24887221865600323,23.691374272575594,0.07592634581503827
14.559999999999476,60.4672074711046,0.24874842726400326,23.70692060774359,0.07599296843775827
14.579999999999476,60.44416363052861,0.24862453564800324,23.722455395007593,0.07605951749631826
14.599999999999476,60.42110118400061,0.24850054400000327,23.737978623999588,0.07612599295999825
14.619999999999475,60.3980201672326,0.24837645251200324,23.753490284351592,0.07619239479807827
14.639999999999475,60.37492061593661,0.24825226137600326,23.768990365695593,0.07625872297983827
14.659999999999474,60.351802565824606,0.24812797078400328,23.784478857663593,0.07632497747455827
14.679999999999474,60.32866605260861,0.2480035809280033,23.799955749887594,0.07639115825151828
14.699999999999473,60.3055111120006,0.24787909200000324,23.815421031999595,0.07645726527999827
14.719999999999473,60.28233777971261,0.2477545041920033,23.830874693631593,0.07652329852927826
14.739999999999473,60.259146091456614,0.24762981769600328,23.84631672441559,0.07658925796863826
14.759999999999472,60.235936082944605,0.24750503270400326,23.861747113983593,0.07665514356735828
14.779999999999472,60.21270778988861,0.2473801494080033,23.877165851967593,0.07672095529471826
14.799999999999471,60.18946124800062,0.2472551680000033,23.892572927999595,0.07678669311999828
14.819999999999471,60.16619649299262,0.2471300886720033,23.907968331711594,0.07685235701247826
14.83999999999947,60.142913560576616,0.2470049116160033,23.923352052735595,0.07691794694143828
14.85999999999947,60.11961248646462,0.24687963702400334,23.938724080703594,0.07698346287615827
14.87999999999947,60.09629330636862,0.24675426508800336,23.954084405247592,0.07704890478591826
14.89999999999947,60.07295605600062,0.24662879600000331,23.96943301599959,0.07711427263999829
14.919999999999469,60.04960077107262,0.2465032299520033,23.984769902591594,0.07717956640767829
14.939999999999468,60.02622748729662,0.24637756713600334,24.000095054655596,0.07724478605823827
14.959999999999468,60.002836240384624,0.24625180774400335,24.015408461823593,0.07730993156095828
14.979999999999468,59.97942706604862,0.24612595196800335,24.030710113727594,0.07737500288511828
14.999999999999467,59.95600000000063,0.24600000000000338,24.04599999999959,0.07743999999999826
15.019999999999467,59.93255507795263,0.24587395203200335,24.061278110271594,0.07750492287487828
15.039999999999466,59.90909233561663,0.2457478082560034,24.07654443417559,0.07756977147903828
15.059999999999466,59.885611808704624,0.24562156886400338,24.091798961343592,0.07763454578175828
15.079999999999465,59.862113532928625,0.24549523404800339,24.107041681407594,0.07769924575231829
15.099999999999465,59.83859754400063,0.24536880400000338,24.12227258399959,0.07776387135999828
15.119999999999465,59.81506387763263,0.2452422789120034,24.13749165875159,0.07782842257407827
15.139999999999464,59.79151256953663,0.2451156589760034,24.152698895295593,0.07789289936383828
15.159999999999464,59.76794365542463,0.24498894438400343,24.167894283263593,0.07795730169855829
15.179999999999463,59.74435717100863,0.24486213532800338,24.183077812287593,0.07802162954751829
15.199999999999463,59.72075315200063,0.2447352320000034,24.198249471999596,0.07808588287999829
15.219999999999462,59.69713163411264,0.24460823459200343,24.213409252031592,0.07815006166527828
15.239999999999462,59.673492653056634,0.2444811432960034,24.22855714201559,0.07821416587263828
15.259999999999462,59.64983624454464,0.24435395830400342,24.24369313158359,0.0782781954713583
15.279999999999461,59.62616244428864,0.24422667980800344,24.258817210367592,0.07834215043071828
15.29999999999946,59.60247128800064,0.24409930800000346,24.273929367999592,0.07840603071999828
15.31999999999946,59.578762811392636,0.24397184307200342,24.289029594111593,0.07846983630847829
15.33999999999946,59.555037050176644,0.24384428521600343,24.304117878335596,0.07853356716543829
15.35999999999946,59.531294040064644,0.24371663462400345,24.319194210303593,0.07859722326015828
15.379999999999459,59.50753381676864,0.24358889148800345,24.33425857964759,0.07866080456191828
15.399999999999459,59.483756416000645,0.24346105600000345,24.349310975999593,0.07872431103999829
15.419999999999458,59.45996187347264,0.24333312835200344,24.364351388991594,0.0787877426636783
15.439999999999458,59.43615022489664,0.24320510873600348,24.379379808255592,0.07885109940223829
15.459999999999457,59.41232150598464,0.24307699734400345,24.39439622342359,0.0789143812249583
15.479999999999457,59.38847575244864,0.24294879436800348,24.409400624127592,0.0789775881011183
15.499999999999456,59.36461300000065,0.2428205000000035,24.42439299999959,0.07904071999999829
15.519999999999456,59.34073328435265,0.2426921144320035,24.439373340671594,0.0791037768908783
15.539999999999456,59.31683664121665,0.2425636378560035,24.45434163577559,0.0791667587430383
15.559999999999455,59.29292310630465,0.24243507046400348,24.469297874943592,0.0792296655257583
15.579999999999455,59.26899271532865,0.2423064124480035,24.48424204780759,0.0792924972083183
15.599999999999454,59.24504550400066,0.2421776640000035,24.49917414399959,0.0793552537599983
15.619999999999454,59.221081508032654,0.2420488253120035,24.514094153151593,0.07941793515007829
15.639999999999453,59.19710076313665,0.2419198965760035,24.529002064895593,0.0794805413478383
15.659999999999453,59.17310330502466,0.24179087798400356,24.54389786886359,0.07954307232255829
15.679999999999453,59.149089169408654,0.24166176972800352,24.55878155468759,0.07960552804351831
15.699999999999452,59.12505839200066,0.24153257200000355,24.573653111999594,0.0796679084799983
15.719999999999452,59.10101100851266,0.24140328499200353,24.588512530431593,0.0797302136012783
15.739999999999451,59.07694705465666,0.24127390889600353,24.603359799615593,0.0797924433766383
15.759999999999451,59.05286656614466,0.24114444390400352,24.618194909183593,0.0798545977753583
15.77999999999945,59.02876957868866,0.24101489020800354,24.633017848767594,0.07991667676671829
15.79999999999945,59.00465612800066,0.24088524800000355,24.647828607999593,0.07997868031999832
15.81999999999945,58.98052624979267,0.24075551747200358,24.66262717651159,0.0800406084044783
15.83999999999945,58.95637997977666,0.2406256988160036,24.677413543935593,0.0801024609894383
15.859999999999449,58.93221735366467,0.24049579222400358,24.69218769990359,0.0801642380441583
15.879999999999448,58.90803840716867,0.2403657978880036,24.70694963404759,0.0802259395379183
15.899999999999448,58.88384317600067,0.2402357160000036,24.721699335999595,0.0802875654399983
15.919999999999447,58.859631695872665,0.24010554675200357,24.736436795391597,0.08034911571967832
15.939999999999447,58.835404002496674,0.23997529033600362,24.751162001855597,0.08041059034623832
15.959999999999447,58.81116013158467,0.2398449469440036,24.765874945023594,0.08047198928895831
15.979999999999446,58.78690011884867,0.2397145167680036,24.780575614527592,0.0805333125171183
15.999999999999446,58.76262400000068,0.23958400000000363,24.79526399999959,0.0805945599999983
16.019999999999445,58.738331810752676,0.23945339683200362,24.809940091071596,0.08065573170687831
16.039999999999445,58.71402358681667,0.23932270745600365,24.824603877375594,0.08071682760703831
16.059999999999444,58.68969936390468,0.23919193206400363,24.839255348543595,0.08077784766975832
16.079999999999444,58.665359177728675,0.23906107084800365,24.853894494207594,0.0808387918643183
16.099999999999444,58.64100306400068,0.23893012400000363,24.868521303999593,0.08089966015999832
16.119999999999443,58.61663105843268,0.23879909171200364,24.883135767551593,0.08096045252607831
16.139999999999443,58.592243196736675,0.23866797417600366,24.897737874495594,0.08102116893183832
16.159999999999442,58.56783951462468,0.23853677158400366,24.912327614463592,0.08108180934655831
16.179999999999442,58.54342004780868,0.23840548412800366,24.926904977087595,0.08114237373951833
16.19999999999944,58.51898483200068,0.23827411200000365,24.941469951999593,0.08120286207999833
16.21999999999944,58.494533902912686,0.2381426553920037,24.956022528831596,0.08126327433727831
16.23999999999944,58.47006729625668,0.23801111449600365,24.97056269721559,0.08132361048063831
16.25999999999944,58.445585047744686,0.23787948950400367,24.985090446783595,0.08138387047935833
16.27999999999944,58.42108719308868,0.23774778060800367,24.999605767167594,0.08144405430271832
16.29999999999944,58.396573768000685,0.23761598800000366,25.014108647999596,0.08150416191999833
16.31999999999944,58.37204480819269,0.2374841118720037,25.028599078911594,0.08156419330047833
16.33999999999944,58.347500349376695,0.23735215241600371,25.04307704953559,0.08162414841343832
16.359999999999438,58.32294042726469,0.2372201098240037,25.057542549503594,0.08168402722815832
16.379999999999438,58.29836507756869,0.2370879842880037,25.07199556844759,0.08174382971391833
16.399999999999437,58.27377433600069,0.23695577600000373,25.08643609599959,0.08180355583999832
16.419999999999437,58.24916823827269,0.2368234851520037,25.100864121791595,0.08186320557567833
16.439999999999436,58.2245468200967,0.23669111193600373,25.115279635455593,0.08192277889023833
16.459999999999436,58.19991011718469,0.2365586565440037,25.129682626623595,0.08198227575295833
16.479999999999436,58.17525816524869,0.2364261191680037,25.144073084927594,0.08204169613311833
16.499999999999435,58.1505910000007,0.23629350000000376,25.15845099999959,0.08210103999999832
16.519999999999435,58.12590865715269,0.23616079923200373,25.172816361471597,0.08216030732287834
16.539999999999434,58.1012111724167,0.23602801705600374,25.187169158975593,0.08221949807103833
16.559999999999434,58.0764985815047,0.23589515366400376,25.201509382143595,0.08227861221375835
16.579999999999433,58.0517709201287,0.23576220924800378,25.215837020607594,0.08233764972031835
16.599999999999433,58.0270282240007,0.23562918400000377,25.230152063999594,0.08239661055999833
16.619999999999433,58.0022705288327,0.2354960781120038,25.244454501951594,0.08245549470207833
16.639999999999432,57.977497870336705,0.23536289177600378,25.258744324095595,0.08251430211583834
16.65999999999943,57.95271028422471,0.2352296251840038,25.273021520063594,0.08257303277055833
16.67999999999943,57.9279078062087,0.2350962785280038,25.287286079487597,0.08263168663551834
16.69999999999943,57.903090472000706,0.23496285200000377,25.301537991999595,0.08269026367999835
16.71999999999943,57.87825831731271,0.23482934579200382,25.315777247231594,0.08274876387327834
16.73999999999943,57.85341137785671,0.2346957600960038,25.330003834815592,0.08280718718463834
16.75999999999943,57.828549689344705,0.23456209510400378,25.3442177443836,0.08286553358335835
16.77999999999943,57.80367328748871,0.2344283510080038,25.358418965567594,0.08292380303871835
16.79999999999943,57.77878220800071,0.23429452800000383,25.372607487999595,0.08298199551999835
16.81999999999943,57.75387648659271,0.23416062627200385,25.386783301311596,0.08304011099647836
16.839999999999428,57.728956158976715,0.23402664601600381,25.4009463951356,0.08309814943743835
16.859999999999427,57.704021260864714,0.23389258742400382,25.415096759103594,0.08315611081215835
16.879999999999427,57.67907182796871,0.23375845068800383,25.429234382847596,0.08321399508991835
16.899999999999427,57.65410789600072,0.23362423600000387,25.443359255999596,0.08327180223999836
16.919999999999426,57.62912950067272,0.23348994355200386,25.457471368191598,0.08332953223167837
16.939999999999426,57.604136677696715,0.23335557353600384,25.471570709055598,0.08338718503423836
16.959999999999425,57.57912946278472,0.23322112614400387,25.485657268223594,0.08344476061695835
16.979999999999425,57.55410789164872,0.23308660156800387,25.499731035327596,0.08350225894911836
16.999999999999424,57.529072000000724,0.23295200000000388,25.513791999999594,0.08355967999999836
17.019999999999424,57.50402182355272,0.23281732163200386,25.527840151871594,0.08361702373887836
17.039999999999424,57.478957398016725,0.2326825666560039,25.541875480575595,0.08367429013503835
17.059999999999423,57.453878759104725,0.2325477352640039,25.555897975743598,0.08373147915775836
17.079999999999423,57.42878594252873,0.23241282764800392,25.569907627007595,0.08378859077631837
17.099999999999422,57.40367898400073,0.2322778440000039,25.5839044239996,0.08384562495999837
17.119999999999422,57.378557919232726,0.23214278451200387,25.597888356351596,0.08390258167807838
17.13999999999942,57.35342278393672,0.23200764937600388,25.611859413695598,0.08395946089983838
17.15999999999942,57.328273613824734,0.23187243878400393,25.625817585663594,0.08401626259455836
17.17999999999942,57.30311044460873,0.2317371529280039,25.639762861887597,0.08407298673151838
17.19999999999942,57.27793331200073,0.23160179200000391,25.6536952319996,0.08412963327999837
17.21999999999942,57.25274225171273,0.23146635619200395,25.667614685631595,0.08418620220927836
17.23999999999942,57.227537299456735,0.23133084569600393,25.681521212415596,0.08424269348863836
17.25999999999942,57.202318490944734,0.23119526070400392,25.695414801983596,0.08429910708735837
17.27999999999942,57.177085861888735,0.23105960140800397,25.709295443967598,0.08435544297471838
17.299999999999418,57.15183944800073,0.23092386800000392,25.723163127999598,0.08441170111999838
17.319999999999418,57.12657928499274,0.23078806067200397,25.737017843711598,0.08446788149247839
17.339999999999417,57.101305408576735,0.23065217961600398,25.750859580735593,0.08452398406143836
17.359999999999417,57.07601785446474,0.23051622502400398,25.764688328703595,0.08458000879615837
17.379999999999416,57.05071665836874,0.230380197088004,25.778504077247597,0.08463595566591836
17.399999999999416,57.025401856000734,0.23024409600000395,25.7923068159996,0.08469182463999839
17.419999999999416,57.00007348307274,0.23010792195200397,25.806096534591596,0.08474761568767838
17.439999999999415,56.974731575296744,0.22997167513600397,25.819873222655595,0.08480332877823837
17.459999999999415,56.949376168384745,0.229835355744004,25.833636869823597,0.08485896388095837
17.479999999999414,56.92400729804874,0.229698963968004,25.8473874657276,0.0849145209651184
17.499999999999414,56.89862500000075,0.229562500000004,25.861124999999596,0.08496999999999837
17.519999999999413,56.87322930995275,0.229425964032004,25.874849462271598,0.08502540095487839
17.539999999999413,56.84782026361675,0.229289356256004,25.888560842175597,0.08508072379903839
17.559999999999413,56.82239789670475,0.22915267686400403,25.902259129343598,0.08513596850175839
17.579999999999412,56.79696224492875,0.22901592604800403,25.915944313407596,0.08519113503231839
17.59999999999941,56.77151334400075,0.22887910400000405,25.929616383999598,0.08524622335999839
17.61999999999941,56.746051229632755,0.22874221091200403,25.943275330751597,0.08530123345407839
17.63999999999941,56.72057593753675,0.22860524697600404,25.956921143295595,0.0853561652838384
17.65999999999941,56.69508750342476,0.22846821238400405,25.9705538112636,0.08541101881855838
17.67999999999941,56.66958596300876,0.22833110732800405,25.9841733242876,0.08546579402751839
17.69999999999941,56.64407135200075,0.22819393200000404,25.9977796719996,0.08552049087999838
17.71999999999941,56.61854370611275,0.22805668659200407,26.011372844031598,0.0855751093452784
17.73999999999941,56.593003061056756,0.22791937129600404,26.0249528300156,0.0856296493926384
17.75999999999941,56.56744945254475,0.22778198630400404,26.038519619583603,0.0856841109913584
17.779999999999408,56.541882916288756,0.2276445318080041,26.0520732023676,0.0857384941107184
17.799999999999407,56.51630348800076,0.22750700800000406,26.065613567999602,0.08579279871999841
17.819999999999407,56.49071120339276,0.2273694150720041,26.079140706111602,0.08584702478847842
17.839999999999407,56.46510609817676,0.22723175321600408,26.0926546063356,0.0859011722854384
17.859999999999406,56.43948820806476,0.22709402262400408,26.1061552583036,0.0859552411801584
17.879999999999406,56.41385756876876,0.2269562234880041,26.119642651647595,0.0860092314419184
17.899999999999405,56.38821421600077,0.2268183560000041,26.1331167759996,0.0860631430399984
17.919999999999405,56.362558185472764,0.2266804203520041,26.1465776209916,0.08611697594367843
17.939999999999404,56.33688951289677,0.22654241673600412,26.1600251762556,0.0861707301222384
17.959999999999404,56.311208233984765,0.2264043453440041,26.173459431423602,0.0862244055449584
17.979999999999404,56.28551438444877,0.2262662063680041,26.1868803761276,0.0862780021811184
17.999999999999403,56.25980800000077,0.22612800000000416,26.2002879999996,0.08633151999999841
18.019999999999403,56.23408911635276,0.2259897264320041,26.2136822926716,0.08638495897087842
18.039999999999402,56.20835776921677,0.22585138585600412,26.2270632437756,0.08643831906303841
18.059999999999402,56.182613994304766,0.22571297846400412,26.240430842943603,0.08649160024575842
18.0799999999994,56.15685782732877,0.22557450444800414,26.2537850798076,0.08654480248831842
18.0999999999994,56.131089304000774,0.22543596400000415,26.267125943999602,0.08659792575999842
18.1199999999994,56.105308460032774,0.22529735731200418,26.2804534251516,0.08665097003007842
18.1399999999994,56.07951533113677,0.22515868457600413,26.293767512895602,0.08670393526783843
18.1599999999994,56.05370995302477,0.22501994598400415,26.3070681968636,0.08675682144255842
18.1799999999994,56.027892361408774,0.22488114172800416,26.3203554666876,0.08680962852351844
18.1999999999994,56.002062592000776,0.22474227200000418,26.3336293119996,0.08686235647999843
18.2199999999994,55.976220680512775,0.2246033369920042,26.3468897224316,0.08691500528127842
18.239999999999398,55.950366662656776,0.2244643368960042,26.3601366876156,0.08696757489663842
18.259999999999398,55.92450057414478,0.2243252719040042,26.373370197183604,0.08702006529535843
18.279999999999397,55.898622450688784,0.2241861422080042,26.3865902407676,0.08707247644671844
18.299999999999397,55.87273232800078,0.2240469480000042,26.399796807999603,0.08712480831999843
18.319999999999396,55.84683024179278,0.22390768947200418,26.412989888511603,0.08717706088447844
18.339999999999396,55.820916227776785,0.2237683668160042,26.4261694719356,0.08722923410943843
18.359999999999395,55.794990321664784,0.22362898022400424,26.439335547903603,0.08728132796415843
18.379999999999395,55.76905255916879,0.22348952988800425,26.4524881060476,0.08733334241791843
18.399999999999395,55.743102976000785,0.2233500160000042,26.465627135999604,0.08738527743999844
18.419999999999394,55.71714160787278,0.2232104387520042,26.478752627391607,0.08743713299967845
18.439999999999394,55.69116849049679,0.22307079833600424,26.491864569855604,0.08748890906623845
18.459999999999393,55.665183659584784,0.2229310949440042,26.504962953023607,0.08754060560895843
18.479999999999393,55.63918715084879,0.22279132876800423,26.5180477665276,0.08759222259711844
18.499999999999392,55.61317900000079,0.22265150000000428,26.5311189999996,0.08764375999999843
18.519999999999392,55.58715924275279,0.22251160883200427,26.5441766430716,0.08769521778687844
18.53999999999939,55.561127914816794,0.2223716554560043,26.557220685375604,0.08774659592703844
18.55999999999939,55.535085051904794,0.22223164006400425,26.570251116543602,0.08779789438975845
18.57999999999939,55.50903068972879,0.22209156284800424,26.583267926207604,0.08784911314431845
18.59999999999939,55.4829648640008,0.22195142400000428,26.596271103999605,0.08790025215999844
18.61999999999939,55.4568876104328,0.2218112237120043,26.6092606395516,0.08795131140607844
18.63999999999939,55.430798964736795,0.2216709621760043,26.622236522495605,0.08800229085183844
18.65999999999939,55.40469896262479,0.22153063958400426,26.635198742463608,0.08805319046655846
18.67999999999939,55.3785876398088,0.22139025612800428,26.648147289087607,0.08810401021951846
18.699999999999388,55.352465032000794,0.22124981200000426,26.661082151999604,0.08815475007999846
18.719999999999388,55.3263311749128,0.2211093073920043,26.674003320831606,0.08820541001727845
18.739999999999387,55.300186104256795,0.2209687424960043,26.686910785215602,0.08825599000063847
18.759999999999387,55.2740298557448,0.22082811750400427,26.699804534783606,0.08830648999935846
18.779999999999387,55.24786246508881,0.22068743260800433,26.712684559167606,0.08835690998271846
18.799999999999386,55.221683968000804,0.22054668800000432,26.725550847999607,0.08840724991999849
18.819999999999386,55.19549440019281,0.22040588387200433,26.738403390911603,0.08845750978047846
18.839999999999385,55.16929379737681,0.22026502041600432,26.751242177535605,0.08850768953343847
18.859999999999385,55.14308219526481,0.22012409782400433,26.764067197503607,0.08855778914815847
18.879999999999384,55.11685962956881,0.21998311628800438,26.776878440447604,0.08860780859391847
18.899999999999384,55.09062613600081,0.21984207600000433,26.789675895999608,0.08865774783999847
18.919999999999384,55.0643817502728,0.21970097715200432,26.802459553791607,0.08870760685567848
18.939999999999383,55.03812650809681,0.21955981993600437,26.815229403455607,0.08875738561023848
18.959999999999383,55.01186044518481,0.21941860454400436,26.827985434623606,0.08880708407295848
18.979999999999382,54.98558359724881,0.21927733116800435,26.840727636927607,0.08885670221311848
18.999999999999382,54.95929600000082,0.21913600000000438,26.853455999999603,0.08890623999999847
19.01999999999938,54.93299768915281,0.21899461123200437,26.86617051347161,0.08895569740287848
19.03999999999938,54.90668870041682,0.21885316505600438,26.878871166975607,0.08900507439103847
19.05999999999938,54.88036906950481,0.21871166166400435,26.891557950143607,0.0890543709337585
19.07999999999938,54.85403883212882,0.2185701012480044,26.904230852607608,0.08910358700031848
19.09999999999938,54.82769802400082,0.21842848400000442,26.916889863999607,0.08915272255999848
19.11999999999938,54.80134668083282,0.2182868101120044,26.929534973951604,0.08920177758207848
19.13999999999938,54.77498483833682,0.2181450797760044,26.94216617209561,0.08925075203583849
19.15999999999938,54.748612532224826,0.2180032931840044,26.95478344806361,0.08929964589055849
19.179999999999378,54.72222979820882,0.21786145052800443,26.96738679148761,0.0893484591155185
19.199999999999378,54.69583667200082,0.21771955200000442,26.97997619199961,0.08939719167999849
19.219999999999377,54.66943318931283,0.21757759779200442,26.992551639231607,0.08944584355327849
19.239999999999377,54.64301938585682,0.21743558809600444,27.005113122815608,0.0894944147046385
19.259999999999376,54.61659529734482,0.2172935231040044,27.01766063238361,0.0895429051033585
19.279999999999376,54.59016095948883,0.21715140300800445,27.030194157567607,0.0895913147187185
19.299999999999375,54.56371640800083,0.21700922800000444,27.04271368799961,0.08963964351999851
19.319999999999375,54.53726167859283,0.21686699827200445,27.05521921331161,0.0896878914764785
19.339999999999375,54.51079680697683,0.21672471401600446,27.067710723135608,0.08973605855743849
19.359999999999374,54.48432182886483,0.21658237542400444,27.08018820710361,0.08978414473215851
19.379999999999374,54.45783677996883,0.21643998268800446,27.092651654847607,0.08983214996991849
19.399999999999373,54.43134169600083,0.21629753600000445,27.10510105599961,0.0898800742399985
19.419999999999373,54.404836612672824,0.21615503555200444,27.11753640019161,0.08992791751167852
19.439999999999372,54.37832156569683,0.21601248153600444,27.129957677055614,0.08997567975423851
19.459999999999372,54.35179659078483,0.2158698741440045,27.14236487622361,0.09002336093695851
19.47999999999937,54.32526172364883,0.21572721356800445,27.154757987327613,0.09007096102911852
19.49999999999937,54.298717000000835,0.2155845000000045,27.16713699999961,0.09011847999999852
19.51999999999937,54.27216245555283,0.21544173363200447,27.17950190387161,0.09016591781887852
19.53999999999937,54.24559812601684,0.21529891465600448,27.19185268857561,0.09021327445503852
19.55999999999937,54.21902404710484,0.2151560432640045,27.20418934374361,0.09026054987775853
19.57999999999937,54.19244025452884,0.2150131196480045,27.21651185900761,0.09030774405631853
19.59999999999937,54.16584678400085,0.21487014400000454,27.228820223999612,0.09035485695999851
19.61999999999937,54.13924367123285,0.21472711651200455,27.241114428351608,0.09040188855807851
19.639999999999368,54.112630951936836,0.2145840373760045,27.253394461695613,0.09044883881983852
19.659999999999368,54.08600866182484,0.21444090678400451,27.265660313663613,0.09049570771455852
19.679999999999367,54.05937683660885,0.21429772492800453,27.277911973887612,0.09054249521151853
19.699999999999367,54.03273551200084,0.21415449200000453,27.290149431999616,0.09058920127999853
19.719999999999366,54.006084723712846,0.21401120819200453,27.302372677631613,0.09063582588927853
19.739999999999366,53.97942450745684,0.21386787369600452,27.314581700415612,0.09068236900863853
19.759999999999366,53.952754898944846,0.2137244887040045,27.326776489983615,0.09072883060735853
19.779999999999365,53.926075933888846,0.21358105340800454,27.338957035967614,0.09077521065471854
19.799999999999365,53.89938764800085,0.21343756800000457,27.351123327999616,0.09082150911999855
19.819999999999364,53.872690076992846,0.21329403267200453,27.363275355711615,0.09086772597247855
19.839999999999364,53.84598325657686,0.2131504476160046,27.375413108735614,0.09091386118143854
19.859999999999363,53.81926722246485,0.2130068130240046,27.387536576703614,0.09095991471615852
19.879999999999363,53.792542010368855,0.2128631290880046,27.39964574924761,0.09100588654591853
19.899999999999363,53.765807656000845,0.21271939600000456,27.411740615999616,0.09105177663999856
19.919999999999362,53.73906419507286,0.21257561395200458,27.423821166591615,0.09109758496767856
19.939999999999362,53.71231166329686,0.21243178313600458,27.435887390655616,0.09114331149823855
19.95999999999936,53.68555009638486,0.21228790374400458,27.447939277823615,0.09118895620095856
19.97999999999936,53.65877953004886,0.2121439759680046,27.459976817727615,0.09123451904511855
19.99999999999936,53.63200000000086,0.21200000000000463,27.47199999999961,0.09127999999999856
20.01999999999936,53.605211541952855,0.21185597603200462,27.48400881427162,0.09132539903487856
20.03999999999936,53.57841419161686,0.2117119042560046,27.49600325017562,0.09137071611903856
20.05999999999936,53.55160798470486,0.21156778486400463,27.50798329734362,0.09141595122175858
20.07999999999936,53.52479295692886,0.21142361804800464,27.519948945407616,0.09146110431231856
20.09999999999936,53.49796914400086,0.2112794040000046,27.531900183999618,0.09150617535999855
20.119999999999358,53.47113658163286,0.21113514291200464,27.543837002751616,0.09155116433407856
20.139999999999358,53.44429530553686,0.21099083497600463,27.555759391295616,0.09159607120383857
20.159999999999357,53.41744535142486,0.21084648038400466,27.567667339263615,0.09164089593855856
20.179999999999357,53.390586755008854,0.2107020793280046,27.57956083628762,0.09168563850751858
20.199999999999356,53.36371955200086,0.2105576320000046,27.59143987199962,0.09173029887999858
20.219999999999356,53.336843778112865,0.21041313859200467,27.60330443603162,0.09177487702527858
20.239999999999355,53.309959469056864,0.21026859929600467,27.61515451801562,0.09181937291263859
20.259999999999355,53.28306666054486,0.21012401430400462,27.62699010758362,0.09186378651135858
20.279999999999355,53.25616538828886,0.20997938380800468,27.63881119436762,0.09190811779071857
20.299999999999354,53.22925568800086,0.20983470800000464,27.65061776799962,0.0919523667199986
20.319999999999354,53.202337595392876,0.2096899870720047,27.66240981811162,0.09199653326847859
20.339999999999353,53.17541114617687,0.20954522121600472,27.67418733433562,0.09204061740543858
20.359999999999353,53.14847637606487,0.20940041062400466,27.685950306303617,0.09208461910015858
20.379999999999352,53.121533320768876,0.20925555548800467,27.69769872364762,0.09212853832191857
20.399999999999352,53.09458201600087,0.20911065600000467,27.70943257599962,0.09217237503999859
20.41999999999935,53.06762249747287,0.20896571235200467,27.721151852991625,0.0922161292236786
20.43999999999935,53.040654800896874,0.20882072473600471,27.732856544255622,0.09225980084223859
20.45999999999935,53.01367896198487,0.2086756933440047,27.74454663942362,0.09230338986495859
20.47999999999935,52.98669501644888,0.20853061836800468,27.756222128127618,0.0923468962611186
20.49999999999935,52.95970300000088,0.20838550000000472,27.76788299999962,0.0923903199999986
20.51999999999935,52.932702948352876,0.20824033843200473,27.77952924467162,0.09243366105087861
20.53999999999935,52.90569489721688,0.20809513385600475,27.791160851775622,0.09247691938303859
20.55999999999935,52.878678882304875,0.2079498864640047,27.802777810943624,0.09252009496575861
20.579999999999348,52.85165493932888,0.20780459644800475,27.814380111807623,0.09256318776831861
20.599999999999348,52.82462310400088,0.20765926400000473,27.82596774399962,0.0926061977599986
20.619999999999347,52.79758341203289,0.20751388931200476,27.83754069715162,0.0926491249100786
20.639999999999347,52.770535899136874,0.20736847257600471,27.849098960895624,0.09269196918783862
20.659999999999346,52.743480601024885,0.20722301398400478,27.86064252486362,0.09273473056255861
20.679999999999346,52.71641755340888,0.20707751372800476,27.872171378687625,0.09277740900351862
20.699999999999346,52.68934679200088,0.20693197200000474,27.883685511999623,0.09282000447999864
20.719999999999345,52.66226835251288,0.20678638899200474,27.895184914431624,0.09286251696127862
20.739999999999345,52.635182270656884,0.20664076489600475,27.906669575615624,0.09290494641663861
20.759999999999344,52.60808858214489,0.20649509990400478,27.918139485183623,0.09294729281535863
20.779999999999344,52.58098732268889,0.2063493942080048,27.929594632767625,0.09298955612671862
20.799999999999343,52.55387852800089,0.2062036480000048,27.941035007999627,0.09303173631999864
20.819999999999343,52.526762233792894,0.20605786147200478,27.95246060051163,0.09307383336447864
20.839999999999343,52.49963847577689,0.20591203481600479,27.963871399935627,0.09311584722943862
20.859999999999342,52.47250728966489,0.2057661682240048,27.975267395903625,0.09315777788415863
20.87999999999934,52.445368711168896,0.2056202618880048,27.98664857804762,0.09319962529791861
20.89999999999934,52.41822277600089,0.20547431600000482,27.998014935999624,0.09324138943999863
20.91999999999934,52.39106951987289,0.2053283307520048,28.00936645939163,0.09328307027967864
20.93999999999934,52.363908978496895,0.20518230633600482,28.020703137855627,0.09332466778623864
20.95999999999934,52.33674118758489,0.2050362429440048,28.032024961023627,0.09336618192895864
20.97999999999934,52.3095661828489,0.20489014076800482,28.043331918527628,0.09340761267711864
20.99999999999934,52.282384000000896,0.2047440000000048,28.054623999999627,0.09344895999999864
21.01999999999934,52.2551946747529,0.20459782083200484,28.06590119507163,0.09349022386687864
21.03999999999934,52.227998242816895,0.20445160345600483,28.07716349337563,0.09353140424703864
21.059999999999338,52.2007947399049,0.20430534806400485,28.08841088454363,0.09357250110975865
21.079999999999337,52.1735842017289,0.20415905484800484,28.09964335820763,0.09361351442431866
21.099999999999337,52.14636666400091,0.20401272400000486,28.11086090399963,0.09365444415999864
21.119999999999337,52.11914216243291,0.20386635571200484,28.122063511551627,0.09369529028607863
21.139999999999336,52.091910732736906,0.20371995017600486,28.133251170495626,0.09373605277183865
21.159999999999336,52.06467241062491,0.2035735075840049,28.144423870463626,0.09377673158655866
21.179999999999335,52.037427231808906,0.20342702812800484,28.155581601087633,0.09381732669951867
21.199999999999335,52.010175232000904,0.20328051200000485,28.16672435199963,0.09385783807999866
21.219999999999335,51.9829164469129,0.20313395939200485,28.17785211283163,0.09389826569727866
21.239999999999334,51.955650912256914,0.2029873704960049,28.18896487321563,0.09393860952063866
21.259999999999334,51.92837866374491,0.20284074550400488,28.20006262278363,0.09397886951935867
21.279999999999333,51.901099737088906,0.20269408460800487,28.21114535116763,0.09401904566271867
21.299999999999333,51.873814168000905,0.20254738800000488,28.22221304799963,0.09405913791999868
21.319999999999332,51.84652199219291,0.2024006558720049,28.23326570291163,0.09409914626047867
21.339999999999332,51.81922324537691,0.2022538884160049,28.24430330553563,0.09413907065343867
21.35999999999933,51.79191796326491,0.20210708582400488,28.255325845503634,0.09417891106815868
21.37999999999933,51.764606181568915,0.2019602482880049,28.26633331244763,0.09421866747391867
21.39999999999933,51.73728793600091,0.20181337600000493,28.277325695999632,0.09425833983999868
21.41999999999933,51.70996326227291,0.20166646915200492,28.288302985791635,0.0942979281356787
21.43999999999933,51.68263219609692,0.20151952793600492,28.299265171455634,0.09433743233023868
21.45999999999933,51.65529477318491,0.20137255254400493,28.310212242623635,0.0943768523929587
21.47999999999933,51.62795102924892,0.20122554316800495,28.321144188927633,0.09441618829311868
21.49999999999933,51.60060100000092,0.20107850000000493,28.332060999999634,0.09445543999999868
21.519999999999328,51.57324472115292,0.2009314232320049,28.342962665471635,0.09449460748287869
21.539999999999328,51.54588222841692,0.20078431305600497,28.353849174975633,0.09453369071103869
21.559999999999327,51.51851355750492,0.2006371696640049,28.364720518143635,0.0945726896537587
21.579999999999327,51.491138744128925,0.20048999324800498,28.375576684607637,0.0946116042803187
21.599999999999326,51.46375782400092,0.200342784000005,28.386417663999634,0.09465043455999869
21.619999999999326,51.43637083283292,0.20019554211200496,28.397243445951634,0.0946891804620787
21.639999999999326,51.40897780633692,0.20004826777600498,28.408054020095634,0.09472784195583872
21.659999999999325,51.38157878022493,0.19990096118400497,28.418849376063633,0.0947664190105587
21.679999999999325,51.354173790208925,0.199753622528005,28.42962950348764,0.09480491159551872
21.699999999999324,51.32676287200093,0.19960625200000498,28.44039439199964,0.09484331967999872
21.719999999999324,51.299346061312924,0.19945884979200496,28.45114403123164,0.09488164323327872
21.739999999999323,51.27192339385694,0.199311416096005,28.461878410815636,0.09491988222463871
21.759999999999323,51.24449490534493,0.19916395110400498,28.472597520383637,0.09495803662335872
21.779999999999323,51.217060631488934,0.19901645500800502,28.48330134956764,0.09499610639871872
21.799999999999322,51.189620608000936,0.198868928000005,28.49398988799964,0.09503409151999873
21.81999999999932,51.16217487059293,0.19872137027200498,28.504663125311637,0.09507199195647874
21.83999999999932,51.134723454976935,0.198573782016005,28.51532105113564,0.09510980767743873
21.85999999999932,51.10726639686493,0.198426163424005,28.525963655103638,0.09514753865215873
21.87999999999932,51.07980373196894,0.19827851468800506,28.536590926847637,0.09518518484991872
21.89999999999932,51.052335496000936,0.19813083600000503,28.547202855999636,0.09522274623999874
21.91999999999932,51.02486172467293,0.19798312755200503,28.557799432191644,0.09526022279167874
21.93999999999932,50.997382453696936,0.19783538953600505,28.56838064505564,0.09529761447423873
21.95999999999932,50.969897718784935,0.19768762214400504,28.57894648422364,0.09533492125695874
21.97999999999932,50.94240755564894,0.19753982556800503,28.58949693932764,0.09537214310911873
21.999999999999318,50.91491200000094,0.19739200000000506,28.600031999999636,0.09540927999999874
22.019999999999314,50.88741108755294,0.19724414563200504,28.61055165587164,0.09544633189887873
22.039999999999317,50.859904854016946,0.19709626265600505,28.62105589657564,0.09548329877503875
22.05999999999932,50.83239333510494,0.19694835126400506,28.631544711743643,0.09552018059775876
22.079999999999316,50.80487656652894,0.19680041164800505,28.642018091007643,0.09555697733631875
22.099999999999312,50.777354584000946,0.1966524440000051,28.65247602399964,0.09559368895999876
22.119999999999315,50.749827423232944,0.19650444851200505,28.66291850035164,0.09563031543807875
22.13999999999932,50.72229511993694,0.19635642537600506,28.673345509695643,0.09566685673983877
22.159999999999314,50.69475770982494,0.19620837478400505,28.683757041663643,0.09570331283455875
22.17999999999931,50.66721522860895,0.19606029692800508,28.694153085887642,0.09573968369151875
22.199999999999314,50.63966771200094,0.1959121920000051,28.704533631999645,0.09577596927999876
22.219999999999317,50.61211519571294,0.19576406019200504,28.714898669631648,0.09581216956927878
22.239999999999313,50.584557715456945,0.19561590169600507,28.72524818841564,0.09584828452863876
22.25999999999931,50.55699530694495,0.1954677167040051,28.735582177983645,0.09588431412735877
22.279999999999312,50.529428005888946,0.19531950540800508,28.745900627967647,0.09592025833471877
22.299999999999315,50.50185584800094,0.19517126800000512,28.756203527999645,0.09595611711999878
22.31999999999931,50.474278868992954,0.19502300467200512,28.766490867711646,0.09599189045247877
22.339999999999307,50.446697104576955,0.1948747156160051,28.776762636735647,0.09602757830143878
22.35999999999931,50.41911059046495,0.19472640102400512,28.787018824703644,0.09606318063615878
22.379999999999313,50.391519362368946,0.19457806108800507,28.797259421247652,0.09609869742591881
22.39999999999931,50.363923456000954,0.19442969600000515,28.807484415999646,0.09613412863999879
22.419999999999305,50.33632290707296,0.19428130595200516,28.817693798591645,0.09616947424767879
22.43999999999931,50.30871775129695,0.19413289113600513,28.827887558655647,0.0962047342182388
22.45999999999931,50.28110802438495,0.19398445174400508,28.83806568582365,0.09623990852095879
22.479999999999308,50.25349376204895,0.1938359879680051,28.848228169727648,0.09627499712511879
22.499999999999304,50.225875000000954,0.19368750000000517,28.858374999999647,0.09630999999999879
22.519999999999307,50.19825177395296,0.19353898803200514,28.86850616627165,0.0963449171148788
22.53999999999931,50.17062411961696,0.19339045225600515,28.87862165817565,0.0963797484390388
22.559999999999306,50.142992072704956,0.19324189286400517,28.88872146534365,0.09641449394175881
22.579999999999302,50.11535566892896,0.19309331004800517,28.89880557740765,0.0964491535923188
22.599999999999305,50.087714944000965,0.19294470400000518,28.908873983999648,0.0964837273599988
22.619999999999308,50.06006993363296,0.19279607491200512,28.918926674751653,0.09651821521407881
22.639999999999304,50.03242067353696,0.19264742297600518,28.928963639295652,0.09655261712383881
22.6599999999993,50.004767199424975,0.1924987483840052,28.93898486726365,0.0965869330585588
22.679999999999303,49.97710954700896,0.19235005132800514,28.948990348287655,0.09662116298751883
22.699999999999307,49.949447752000964,0.19220133200000517,28.95898007199965,0.09665530687999882
22.719999999999303,49.921781850112964,0.1920525905920052,28.968954028031654,0.09668936470527884
22.7399999999993,49.89411187705697,0.1919038272960052,28.97891220601565,0.09672333643263882
22.7599999999993,49.86643786854496,0.1917550423040052,28.988854595583653,0.09675722203135884
22.779999999999305,49.83875986028896,0.19160623580800518,28.998781186367655,0.09679102147071884
22.7999999999993,49.811077888000966,0.19145740800000516,29.008691967999656,0.09682473471999885
22.819999999999297,49.783391987392974,0.19130855907200522,29.018586930111653,0.09685836174847882
22.8399999999993,49.75570219417697,0.19115968921600524,29.028466062335653,0.09689190252543883
22.859999999999303,49.72800854406496,0.19101079862400516,29.038329354303656,0.09692535702015884
22.8799999999993,49.70031107276897,0.1908618874880052,29.048176795647656,0.09695872520191884
22.899999999999295,49.67260981600097,0.19071295600000526,29.058008375999655,0.09699200703999883
22.9199999999993,49.644904809472976,0.1905640043520052,29.067824084991656,0.09702520250367885
22.9399999999993,49.61719608889697,0.19041503273600519,29.077623912255657,0.09705831156223885
22.959999999999297,49.589483689984974,0.1902660413440052,29.08740784742366,0.09709133418495886
22.979999999999293,49.56176764844898,0.19011703036800526,29.097175880127658,0.09712427034111885
22.999999999999297,49.53404800000098,0.18996800000000524,29.106927999999655,0.09715711999999885
23.0199999999993,49.50632478035297,0.1898189504320052,29.11666419667166,0.09718988313087887
23.039999999999296,49.47859802521698,0.18966988185600525,29.126384459775657,0.09722255970303886
23.05999999999929,49.45086777030498,0.18952079446400527,29.136088778943655,0.09725514968575885
23.079999999999295,49.42313405132898,0.18937168844800528,29.145777143807656,0.09728765304831888
23.099999999999298,49.395396904000975,0.18922256400000526,29.155449543999662,0.09732006975999888
23.119999999999294,49.36765636403298,0.18907342131200527,29.165105969151657,0.09735239979007886
23.13999999999929,49.33991246713699,0.1889242605760053,29.174746408895658,0.09738464310783887
23.159999999999293,49.312165249024986,0.18877508198400528,29.18437085286366,0.09741679968255888
23.179999999999296,49.284414745408974,0.18862588572800526,29.193979290687665,0.09744886948351889
23.199999999999292,49.256660992000974,0.18847667200000523,29.203571711999665,0.09748085247999888
23.21999999999929,49.228904024512985,0.18832744099200527,29.21314810643166,0.09751274864127889
23.23999999999929,49.201143878656985,0.1881781928960053,29.22270846361566,0.09754455793663887
23.259999999999295,49.17338059014497,0.18802892790400527,29.232252773183664,0.0975762803353589
23.27999999999929,49.14561419468899,0.1878796462080053,29.24178102476766,0.09760791580671889
23.299999999999287,49.11784472800099,0.18773034800000532,29.251293207999662,0.09763946431999888
23.31999999999929,49.09007222579298,0.18758103347200528,29.26078931251167,0.09767092584447891
23.339999999999293,49.06229672377699,0.1874317028160053,29.27026932793566,0.09770230034943889
23.35999999999929,49.034518257664985,0.1872823562240053,29.279733243903664,0.09773358780415889
23.379999999999285,49.006736863168996,0.18713299388800536,29.28918105004766,0.0977647881779189
23.399999999999288,48.978952576000985,0.1869836160000053,29.29861273599967,0.0977959014399989
23.41999999999929,48.95116543187299,0.18683422275200529,29.308028291391665,0.09782692755967891
23.439999999999287,48.92337546649699,0.1866848143360053,29.317427705855664,0.09785786650623891
23.459999999999283,48.89558271558499,0.18653539094400534,29.326810969023665,0.09788871824895891
23.479999999999286,48.86778721484899,0.18638595276800535,29.336178070527666,0.0979194827571189
23.49999999999929,48.83998900000098,0.1862365000000053,29.34552899999967,0.09795015999999893
23.519999999999285,48.812188106753,0.18608703283200534,29.35486374707167,0.09798074994687891
23.53999999999928,48.784384570817004,0.18593755145600538,29.364182301375664,0.09801125256703891
23.559999999999285,48.756578427905,0.18578805606400534,29.37348465254367,0.09804166782975893
23.579999999999288,48.728769713728994,0.18563854684800535,29.38277079020767,0.09807199570431892
23.599999999999284,48.700958464001,0.1854890240000054,29.39204070399967,0.09810223615999893
23.61999999999928,48.673144714433,0.18533948771200537,29.401294383551665,0.09813238916607893
23.639999999999283,48.645328500736994,0.18518993817600538,29.41053181849567,0.09816245469183894
23.659999999999286,48.61750985862499,0.18504037558400532,29.41975299846367,0.09819243270655895
23.679999999999282,48.589688823809,0.18489080012800535,29.42895791308767,0.09822232317951896
23.699999999999278,48.561865432001,0.18474121200000537,29.438146551999672,0.09825212607999895
23.71999999999928,48.534039718913,0.18459161139200536,29.447318904831672,0.09828184137727894
23.739999999999284,48.506211720257,0.18444199849600534,29.456474961215676,0.09831146904063895
23.75999999999928,48.478381471744996,0.18429237350400535,29.465614710783672,0.09834100903935895
23.779999999999276,48.450549009089,0.1841427366080054,29.47473814316767,0.09837046134271893
23.79999999999928,48.422714368000996,0.18399308800000536,29.483845247999675,0.09839982591999896
23.819999999999283,48.394877584193,0.18384342787200536,29.492936014911674,0.09842910274047896
23.83999999999928,48.36703869337701,0.18369375641600544,29.502010433535673,0.09845829177343896
23.859999999999275,48.33919773126501,0.18354407382400545,29.51106849350367,0.09848739298815896
23.879999999999278,48.31135473356901,0.18339438028800542,29.52011018444767,0.09851640635391895
23.89999999999928,48.283509736001,0.18324467600000538,29.529135495999675,0.09854533183999897
23.919999999999277,48.255662774273006,0.1830949611520054,29.538144417791678,0.09857416941567898
23.939999999999273,48.22781388409701,0.18294523593600542,29.547136939455676,0.09860291905023896
23.959999999999276,48.199963101185006,0.1827955005440054,29.556113050623676,0.09863158071295898
23.97999999999928,48.172110461249005,0.1826457551680054,29.565072740927675,0.098660154373119
23.999999999999275,48.14425600000101,0.18249600000000543,29.574015999999673,0.09868863999999897
24.01999999999927,48.11639975315302,0.18234623523200544,29.58294281747167,0.09871703756287897
24.039999999999274,48.088541756417015,0.18219646105600545,29.591853182975676,0.09874534703103899
24.059999999999278,48.06068204550501,0.18204667766400545,29.600747086143677,0.09877356837375899
24.079999999999274,48.03282065612901,0.18189688524800546,29.609624516607674,0.09880170156031898
24.09999999999927,48.004957624001015,0.18174708400000544,29.618485463999683,0.09882974655999899
24.119999999999273,47.977092984833014,0.18159727411200544,29.627329917951677,0.09885770334207898
24.139999999999276,47.949226774337006,0.1814474557760054,29.636157868095683,0.09888557187583902
24.159999999999272,47.92135902822501,0.18129762918400544,29.64496930406368,0.098913352130559
24.179999999999268,47.893489782209016,0.18114779452800545,29.653764215487676,0.098941044075519
24.19999999999927,47.86561907200101,0.18099795200000546,29.66254259199968,0.09896864767999901
24.219999999999274,47.837746933313014,0.18084810179200544,29.671304423231682,0.098996162913279
24.23999999999927,47.80987340185702,0.1806982440960055,29.68004969881568,0.099023589744639
24.259999999999266,47.781998513345016,0.1805483791040055,29.68877840838368,0.099050928143359
24.27999999999927,47.75412230348902,0.18039850700800547,29.69749054156768,0.099078178078719
24.299999999999272,47.72624480800101,0.18024862800000546,29.706186087999683,0.09910533951999902
24.31999999999927,47.698366062593024,0.1800987422720055,29.714865037311682,0.09913241243647902
24.339999999999264,47.67048610297702,0.17994885001600552,29.72352737913568,0.09915939679743903
24.359999999999268,47.64260496486502,0.17979895142400548,29.732173103103683,0.09918629257215902
24.37999999999927,47.61472268396901,0.17964904668800546,29.74080219884769,0.09921309972991904
24.399999999999267,47.586839296001024,0.1794991360000055,29.749414655999683,0.09923981823999903
24.419999999999263,47.55895483667303,0.17934921955200556,29.758010464191678,0.09926644807167902
24.439999999999266,47.53106934169702,0.1791992975360055,29.766589613055686,0.09929298919423904
24.45999999999927,47.50318284678502,0.17904937014400552,29.775152092223685,0.09931944157695904
24.479999999999265,47.47529538764903,0.17889943756800553,29.783697891327687,0.09934580518911904
24.49999999999926,47.44740700000102,0.1787495000000055,29.792226999999688,0.09937207999999904
24.519999999999264,47.41951771955303,0.17859955763200552,29.80073940787169,0.09939826597887905
24.539999999999267,47.39162758201702,0.1784496106560055,29.809235104575688,0.09942436309503905
24.559999999999263,47.36373662310503,0.17829965926400554,29.817714079743688,0.09945037131775905
24.57999999999926,47.33584487852903,0.1781497036480056,29.826176323007687,0.09947629061631905
24.599999999999262,47.307952384001034,0.17799974400000557,29.83462182399969,0.09950212095999907
24.619999999999266,47.28005917523303,0.1778497805120055,29.84305057235169,0.09952786231807906
24.63999999999926,47.25216528793703,0.17769981337600554,29.85146255769569,0.09955351465983905
24.659999999999258,47.22427075782504,0.1775498427840056,29.859857769663684,0.09957907795455906
24.67999999999926,47.19637562060903,0.17739986892800552,29.868236197887693,0.09960455217151908
24.699999999999264,47.16847991200103,0.17724989200000552,29.876597831999693,0.09962993727999908
24.71999999999926,47.14058366771303,0.17709991219200555,29.88494266163169,0.09965523324927908
24.739999999999256,47.112686923457034,0.17694992969600554,29.893270676415696,0.09968044004863907
24.75999999999926,47.08478971494503,0.17679994470400556,29.901581865983694,0.09970555764735908
24.779999999999262,47.05689207788903,0.17664995740800554,29.909876219967696,0.0997305860147191
24.799999999999258,47.02899404800103,0.17649996800000556,29.918153727999695,0.09975552511999909
24.819999999999254,47.001095660993045,0.17634997667200558,29.92641437971169,0.09978037493247909
24.839999999999257,46.97319695257704,0.17619998361600558,29.934658164735694,0.09980513542143908
24.85999999999926,46.945297958465034,0.17604998902400554,29.942885072703696,0.0998298065561591
24.879999999999256,46.91739871436904,0.17589999308800558,29.95109509324769,0.09985438830591908
24.899999999999253,46.889499256001045,0.17574999600000563,29.959288215999692,0.09987888063999908
24.919999999999256,46.86159961907303,0.1755999979520056,29.967464430591697,0.0999032835276791
24.93999999999926,46.83369983929703,0.17544999913600556,29.975623726655698,0.09992759693823909
24.959999999999255,46.80579995238504,0.17529999974400556,29.983766093823697,0.0999518208409591
24.97999999999925,46.77789999404905,0.17514999996800562,29.9918915217277,0.09997595520511912
24.999999999999254,46.750000000001044,0.1750000000000056,29.999999999999694,0.09999999999999909
25.019999999999257,46.72210000595304,0.17485000003200557,30.008091518271698,0.10002395519487911
25.039999999999253,46.694200047617045,0.17470000025600563,30.0161660661757,0.10004782075903912
25.05999999999925,46.66630016070505,0.17455000086400563,30.0242236333437,0.10007159666175912
25.079999999999252,46.63840038092904,0.1744000020480056,30.0322642094077,0.10009528287231911
25.099999999999255,46.61050074400104,0.17425000400000556,30.040287783999702,0.10011887935999914
25.11999999999925,46.58260128563304,0.1741000069120056,30.048294346751703,0.10014238609407913
25.139999999999247,46.55470204153705,0.17395001097600565,30.0562838872957,0.10016580304383912
25.15999999999925,46.52680304742505,0.17380001638400566,30.0642563952637,0.10018913017855913
25.179999999999254,46.498904339009044,0.1736500233280056,30.0722118602877,0.10021236746751913
25.19999999999925,46.47100595200104,0.17350003200000563,30.080150271999702,0.10023551487999915
25.219999999999246,46.44310792211306,0.1733500425920057,30.0880716200317,0.10025857238527913
25.23999999999925,46.41521028505705,0.17320005529600563,30.0959758940157,0.10028153995263914
25.259999999999252,46.38731307654504,0.1730500703040056,30.103863083583708,0.10030441755135916
25.279999999999248,46.35941633228905,0.17290008780800564,30.111733178367704,0.10032720515071915
25.299999999999244,46.33152008800106,0.17275010800000568,30.119586167999703,0.10034990271999915
25.319999999999247,46.30362437939304,0.1726001310720056,30.127422042111707,0.10037251022847916
25.33999999999925,46.27572924217704,0.1724501572160056,30.135240790335708,0.10039502764543917
25.359999999999246,46.24783471206506,0.17230018662400565,30.143042402303706,0.10041745494015916
25.379999999999242,46.219940824769054,0.17215021948800568,30.15082686764771,0.10043979208191917
25.399999999999245,46.192047616001055,0.17200025600000568,30.158594175999706,0.10046203903999917
25.41999999999925,46.164155121473044,0.1718502963520056,30.16634431699171,0.10048419578367919
25.439999999999245,46.13626337689705,0.17170034073600565,30.17407728025571,0.10050626228223918
25.45999999999924,46.10837241798506,0.17155038934400568,30.18179305542371,0.10052823850495918
25.479999999999244,46.08048228044906,0.17140044236800567,30.18949163212771,0.10055012442111919
25.499999999999247,46.05259300000105,0.17125050000000563,30.19717299999971,0.10057191999999919
25.519999999999243,46.024704612353055,0.17110056243200567,30.204837148671707,0.10059362521087918
25.53999999999924,45.99681715321706,0.17095062985600568,30.212484067775712,0.10061524002303919
25.559999999999242,45.968930658305055,0.1708007024640057,30.22011374694371,0.1006367644057592
25.579999999999245,45.94104516332904,0.17065078044800563,30.227726175807717,0.10065819832831921
25.59999999999924,45.91316070400106,0.1705008640000057,30.235321343999708,0.1006795417599992
25.619999999999237,45.88527731603306,0.17035095331200573,30.24289924115171,0.10070079467007921
25.63999999999924,45.85739503513705,0.17020104857600565,30.250459856895716,0.1007219570278392
25.659999999999243,45.82951389702505,0.17005114998400567,30.258003180863717,0.10074302880255923
25.67999999999924,45.801633937409065,0.16990125772800574,30.26552920268771,0.10076400996351921
25.699999999999235,45.77375519200107,0.16975137200000573,30.273037911999715,0.1007849004799992
25.71999999999924,45.74587769651306,0.16960149299200572,30.280529298431713,0.10080570032127921
25.73999999999924,45.71800148665706,0.16945162089600568,30.288003351615714,0.10082640945663922
25.759999999999238,45.69012659814506,0.1693017559040057,30.295460061183718,0.10084702785535923
25.779999999999234,45.662253066689075,0.16915189820800575,30.302899416767715,0.10086755548671922
25.799999999999237,45.634380928001065,0.16900204800000573,30.310321407999716,0.10088799231999923
25.81999999999924,45.606510217793065,0.16885220547200575,30.317726024511717,0.10090833832447922
25.839999999999236,45.57864097177706,0.16870237081600575,30.32511325593572,0.10092859346943923
25.859999999999232,45.55077322566507,0.16855254422400573,30.33248309190372,0.10094875772415923
25.879999999999235,45.52290701516907,0.16840272588800576,30.33983552204772,0.10096883105791923
25.89999999999924,45.49504237600106,0.1682529160000057,30.347170535999723,0.10098881343999924
25.919999999999234,45.46717934387307,0.16810311475200573,30.35448812339172,0.10100870483967925
25.93999999999923,45.43931795449707,0.16795332233600574,30.36178827385572,0.10102850522623924
25.959999999999233,45.41145824358507,0.16780353894400574,30.36907097702372,0.10104821456895925
25.979999999999237,45.38360024684906,0.1676537647680057,30.376336222527723,0.10106783283711926
25.999999999999233,45.35574400000107,0.1675040000000057,30.383583999999722,0.10108735999999927
26.01999999999923,45.32788953875307,0.16735424483200578,30.39081429907172,0.10110679602687926
26.03999999999923,45.30003689881707,0.16720449945600574,30.39802710937572,0.10112614088703926
26.059999999999235,45.272186115905065,0.1670547640640057,30.405222420543726,0.10114539454975927
26.07999999999923,45.24433722572907,0.16690503884800573,30.41240022220773,0.10116455698431927
26.099999999999227,45.216490264001074,0.16675532400000576,30.419560503999726,0.10118362815999928
26.11999999999923,45.18864526643307,0.16660561971200577,30.426703255551725,0.10120260804607928
26.139999999999233,45.16080226873707,0.1664559261760058,30.433828466495726,0.10122149661183928
26.15999999999923,45.13296130662508,0.16630624358400575,30.440936126463725,0.10124029382655929
26.179999999999225,45.10512241580908,0.16615657212800578,30.448026225087723,0.10125899965951929
26.19999999999923,45.07728563200107,0.16600691200000578,30.455098751999728,0.1012776140799993
26.21999999999923,45.049450990913066,0.16585726339200574,30.46215369683173,0.10129613705727931
26.239999999999227,45.02161852825708,0.1657076264960058,30.469191049215727,0.10131456856063929
26.259999999999224,44.99378827974509,0.16555800150400585,30.476210798783725,0.1013329085593593
26.279999999999227,44.965960281089075,0.16540838860800577,30.483212935167728,0.10135115702271931
26.29999999999923,44.938134568001075,0.16525878800000576,30.490197447999726,0.10136931391999932
26.319999999999226,44.910311176193076,0.16510919987200579,30.49716432691173,0.10138737922047932
26.339999999999222,44.88249014137709,0.16495962441600587,30.50411356153573,0.1014053528934393
26.359999999999225,44.85467149926508,0.16481006182400582,30.511045141503732,0.10142323490815931
26.379999999999228,44.826855285569074,0.16466051228800577,30.517959056447733,0.10144102523391932
26.399999999999224,44.799041536001084,0.1645109760000058,30.524855295999732,0.10145872383999932
26.41999999999922,44.77123028627308,0.16436145315200584,30.531733849791735,0.10147633069567932
26.439999999999223,44.74342157209708,0.1642119439360058,30.538594707455736,0.10149384577023934
26.459999999999226,44.71561542918507,0.16406244854400576,30.545437858623735,0.10151126903295933
26.479999999999222,44.68781189324909,0.16391296716800585,30.552263292927734,0.10152860045311934
26.49999999999922,44.66001100000109,0.16376350000000583,30.559070999999733,0.10154583999999933
26.51999999999922,44.63221278515308,0.1636140472320058,30.565860969471736,0.10156298764287934
26.539999999999225,44.604417284417075,0.1634646090560058,30.57263319097574,0.10158004335103935
26.55999999999922,44.57662453350508,0.16331518566400582,30.579387654143737,0.10159700709375935
26.579999999999217,44.548834568129095,0.16316577724800585,30.586124348607733,0.10161387884031935
26.59999999999922,44.52104742400108,0.16301638400000584,30.59284326399974,0.10163065855999937
26.619999999999223,44.49326313683308,0.16286700611200583,30.599544389951742,0.10164734622207935
26.63999999999922,44.46548174233708,0.16271764377600584,30.606227716095738,0.10166394179583937
26.659999999999215,44.43770327622508,0.16256829718400584,30.61289323206374,0.10168044525055937
26.679999999999218,44.40992777420909,0.16241896652800586,30.61954092748774,0.10169685655551935
26.69999999999922,44.382155272001086,0.16226965200000582,30.62617079199974,0.10171317567999938
26.719999999999217,44.354385805313086,0.16212035379200584,30.63278281523174,0.10172940259327938
26.739999999999213,44.32661940985709,0.16197107209600586,30.63937698681574,0.10174553726463938
26.759999999999216,44.29885612134508,0.16182180710400584,30.645953296383745,0.10176157966335939
26.77999999999922,44.27109597548908,0.1616725590080058,30.652511733567742,0.10177752975871938
26.799999999999216,44.243339008001094,0.1615233280000059,30.659052287999742,0.10179338751999939
26.81999999999921,44.215585254593094,0.16137411427200588,30.665574949311743,0.10180915291647938
26.839999999999215,44.18783475097709,0.16122491801600586,30.672079707135744,0.1018248259174394
26.859999999999218,44.16008753286508,0.16107573942400583,30.67856655110375,0.10184040649215942
26.879999999999214,44.132343635969086,0.16092657868800586,30.68503547084775,0.10185589460991941
26.89999999999921,44.1046030960011,0.16077743600000594,30.691486455999744,0.1018712902399994
26.919999999999213,44.076865948673095,0.1606283115520059,30.697919496191744,0.1018865933516794
26.939999999999216,44.049132229697086,0.16047920553600586,30.70433458105575,0.1019018039142394
26.959999999999212,44.02140197478509,0.16033011814400588,30.710731700223747,0.10191692189695942
26.979999999999208,43.99367521964909,0.16018104956800588,30.71711084332775,0.10193194726911943
26.99999999999921,43.96595200000109,0.16003200000000584,30.72347199999975,0.10194687999999943
27.019999999999214,43.93823235155308,0.15988296963200582,30.729815159871755,0.10196172005887943
27.03999999999921,43.910516310017094,0.15973395865600587,30.736140312575753,0.10197646741503943
27.059999999999206,43.8828039111051,0.1595849672640059,30.74244744774375,0.10199112203775942
27.07999999999921,43.8550951905291,0.15943599564800592,30.748736555007753,0.10200568389631944
27.099999999999213,43.82739018400109,0.15928704400000587,30.755007623999752,0.10202015295999944
27.11999999999921,43.79968892723309,0.15913811251200588,30.76126064435175,0.10203452919807944
27.139999999999205,43.7719914559371,0.15898920137600592,30.767495605695753,0.10204881257983944
27.159999999999208,43.7442978058251,0.1588403107840059,30.77371249766375,0.10206300307455946
27.17999999999921,43.716608012609086,0.15869144092800586,30.77991130988776,0.10207710065151945
27.199999999999207,43.688922112001094,0.15854259200000592,30.786092031999758,0.10209110527999946
27.219999999999203,43.6612401397131,0.15839376419200596,30.79225465363175,0.10210501692927945
27.239999999999206,43.6335621314571,0.15824495769600594,30.798399164415756,0.10211883556863946
27.25999999999921,43.605888122945096,0.1580961727040059,30.80452555398376,0.10213256116735947
27.279999999999205,43.5782181498891,0.15794740940800595,30.810633811967758,0.10214619369471946
27.2999999999992,43.55055224800111,0.15779866800000597,30.816723927999757,0.10215973311999947
27.319999999999204,43.522890452993096,0.15764994867200588,30.82279589171176,0.10217317941247947
27.339999999999208,43.49523280057709,0.15750125161600587,30.82884969273576,0.10218653254143947
27.359999999999204,43.467579326465106,0.15735257702400596,30.83488532070376,0.10219979247615948
27.3799999999992,43.439930066369115,0.15720392508800596,30.84090276524776,0.1022129591859195
27.399999999999203,43.4122850560011,0.15705529600000595,30.84690201599976,0.10222603263999949
27.419999999999206,43.384644331073105,0.1569066899520059,30.85288306259176,0.1022390128076795
27.439999999999202,43.357007927297104,0.1567581071360059,30.858845894655765,0.1022518996582395
27.459999999999198,43.329375880385115,0.15660954774400598,30.864790501823762,0.10226469316095949
27.4799999999992,43.30174822604911,0.15646101196800594,30.870716873727766,0.10227739328511949
27.499999999999204,43.2741250000011,0.1563125000000059,30.876624999999766,0.10228999999999952
27.5199999999992,43.2465062379531,0.15616401203200592,30.882514870271766,0.10230251327487952
27.539999999999196,43.21889197561711,0.15601554825600594,30.888386474175768,0.10231493307903951
27.5599999999992,43.19128224870511,0.15586710886400595,30.894239801343765,0.10232725938175952
27.579999999999202,43.16367709292909,0.15571869404800587,30.90007484140777,0.10233949215231952
27.5999999999992,43.136076544001114,0.155570304000006,30.905891583999768,0.10235163135999953
27.619999999999195,43.10848063763311,0.15542193891200595,30.91169001875177,0.10236367697407953
27.639999999999198,43.08088940953711,0.15527359897600596,30.917470135295765,0.10237562896383953
27.6599999999992,43.053302895425105,0.1551252843840059,30.92323192326377,0.10238748729855954
27.679999999999197,43.02572113100911,0.15497699532800596,30.928975372287766,0.10239925194751955
27.699999999999193,42.99814415200112,0.15482873200000602,30.93470047199977,0.10241092287999953
27.719999999999196,42.97057199411311,0.15468049459200595,30.940407212031772,0.10242250006527955
27.7399999999992,42.943004693057105,0.15453228329600593,30.946095582015772,0.10243398347263954
27.759999999999195,42.91544228454511,0.15438409830400596,30.951765571583778,0.10244537307135956
27.77999999999919,42.887884804289115,0.15423593980800598,30.95741717036777,0.10245666883071956
27.799999999999194,42.86033228800111,0.154087808000006,30.963050367999774,0.10246787071999956
27.819999999999197,42.83278477139311,0.15393970307200594,30.968665154111775,0.10247897870847957
27.839999999999193,42.80524229017711,0.15379162521600598,30.974261518335773,0.10248999276543956
27.85999999999919,42.777704880065116,0.15364357462400602,30.979839450303775,0.10250091286015957
27.879999999999193,42.75017257676911,0.15349555148800598,30.985398939647776,0.10251173896191958
27.899999999999196,42.72264541600111,0.15334755600000594,30.99093997599978,0.10252247103999958
27.91999999999919,42.695123433473114,0.15319958835200598,30.99646254899178,0.10253310906367957
27.939999999999188,42.66760666489712,0.15305164873600602,31.001966648255774,0.10254365300223958
27.95999999999919,42.640095145985114,0.15290373734400597,31.007452263423776,0.10255410282495958
27.979999999999194,42.61258891244911,0.15275585436800598,31.01291938412778,0.10256445850111959
27.99999999999919,42.58508800000111,0.15260800000000596,31.018367999999782,0.10257471999999959
28.019999999999186,42.55759244435312,0.15246017443200605,31.023798100671776,0.1025848872908796
28.03999999999919,42.53010228121711,0.152312377856006,31.029209675775782,0.1025949603430396
28.059999999999192,42.50261754630511,0.15216461046400598,31.034602714943784,0.1026049391257596
28.07999999999919,42.475138275329115,0.152016872448006,31.039977207807784,0.10261482360831961
28.099999999999184,42.44766450400112,0.151869164000006,31.045333143999784,0.10262461375999961
28.119999999999187,42.42019626803311,0.15172148531200597,31.050670513151786,0.10263430955007963
28.13999999999919,42.39273360313712,0.15157383657600598,31.055989304895785,0.10264391094783963
28.159999999999187,42.365276545025125,0.15142621798400602,31.061289508863783,0.10265341792255962
28.179999999999183,42.337825129409126,0.15127862972800604,31.066571114687783,0.10266283044351962
28.199999999999186,42.31037939200111,0.15113107200000597,31.071834111999785,0.10267214847999963
28.21999999999919,42.28293936851311,0.15098354499200595,31.077078490431788,0.10268137200127964
28.239999999999185,42.255505094657124,0.15083604889600605,31.082304239615787,0.10269050097663963
28.25999999999918,42.22807660614512,0.15068858390400602,31.087511349183785,0.10269953537535964
28.279999999999184,42.20065393868912,0.150541150208006,31.092699808767783,0.10270847516671965
28.299999999999187,42.17323712800112,0.150393748000006,31.09786960799979,0.10271732031999964
28.319999999999183,42.145826209793114,0.15024637747200598,31.10302073651179,0.10272607080447965
28.33999999999918,42.11842121977713,0.15009903881600606,31.108153183935784,0.10273472658943965
28.359999999999182,42.091022193665125,0.14995173222400604,31.113266939903788,0.10274328764415966
28.379999999999185,42.06362916716911,0.149804457888006,31.118361994047795,0.10275175393791966
28.39999999999918,42.03624217600112,0.14965721600000603,31.123438335999793,0.10276012543999967
28.419999999999177,42.00886125587312,0.14951000675200604,31.128495955391795,0.10276840211967968
28.43999999999918,41.981486442497115,0.149362830336006,31.133534841855795,0.10277658394623967
28.459999999999184,41.95411777158512,0.149215686944006,31.1385549850238,0.10278467088895968
28.47999999999918,41.92675527884912,0.14906857676800606,31.143556374527797,0.10279266291711969
28.499999999999176,41.899399000001125,0.1489215000000061,31.148538999999793,0.1028005599999997
28.51999999999918,41.87204897075312,0.14877445683200602,31.1535028510718,0.10280836210687969
28.539999999999182,41.84470522681712,0.14862744745600603,31.1584479173758,0.1028160692070397
28.559999999999178,41.81736780390512,0.14848047206400605,31.163374188543795,0.1028236812697597
28.579999999999174,41.79003673772913,0.1483335308480061,31.168281654207796,0.10283119826431969
28.599999999999177,41.76271206400112,0.14818662400000604,31.1731703039998,0.10283862015999971
28.61999999999918,41.735393818433124,0.14803975171200606,31.178040127551796,0.1028459469260797
28.639999999999176,41.708082036737125,0.14789291417600603,31.1828911144958,0.10285317853183971
28.659999999999172,41.68077675462513,0.14774611158400608,31.187723254463798,0.10286031494655973
28.679999999999175,41.65347800780913,0.14759934412800607,31.1925365370878,0.10286735613951972
28.69999999999918,41.62618583200113,0.14745261200000603,31.197330951999803,0.10287430207999973
28.719999999999175,41.598900262913126,0.14730591539200605,31.202106488831802,0.10288115273727973
28.73999999999917,41.57162133625714,0.1471592544960061,31.2068631372158,0.10288790808063973
28.759999999999174,41.544349087745125,0.14701262950400606,31.211600886783806,0.10289456807935973
28.779999999999177,41.51708355308912,0.146866040608006,31.216319727167807,0.10290113270271975
28.799999999999173,41.48982476800113,0.14671948800000606,31.221019647999807,0.10290760191999974
28.81999999999917,41.462572768193134,0.14657297187200607,31.22570063891181,0.10291397570047975
28.839999999999172,41.435327589377124,0.14642649241600608,31.23036268953581,0.10292025401343974
28.859999999999175,41.408089267265126,0.14628004982400605,31.23500578950381,0.10292643682815975
28.87999999999917,41.380857837569124,0.14613364428800607,31.23962992844781,0.10293252411391976
28.899999999999167,41.35363333600114,0.1459872760000061,31.244235095999805,0.10293851583999977
28.91999999999917,41.32641579827313,0.14584094515200607,31.248821281791813,0.10294441197567977
28.939999999999173,41.299205260097125,0.14569465193600606,31.253388475455814,0.10295021249023976
28.95999999999917,41.27200175718513,0.1455483965440061,31.257936666623813,0.10295591735295978
28.979999999999166,41.24480532524913,0.14540217916800607,31.262465844927814,0.10296152653311978
28.99999999999917,41.21761600000113,0.14525600000000605,31.26697599999981,0.10296703999999979
29.019999999999172,41.19043381715312,0.14510985923200603,31.271467121471815,0.10297245772287979
29.039999999999168,41.16325881241713,0.14496375705600612,31.275939198975813,0.10297777967103977
29.059999999999164,41.13609102150514,0.1448176936640061,31.280392222143814,0.1029830058137598
29.079999999999167,41.10893048012913,0.14467166924800606,31.284826180607816,0.1029881361203198
29.09999999999917,41.08177722400113,0.14452568400000604,31.289241063999818,0.10299317055999979
29.119999999999166,41.05463128883313,0.14437973811200605,31.293636861951818,0.10299810910207981
29.139999999999162,41.027492710337135,0.14423383177600613,31.298013564095818,0.1030029517158398
29.159999999999165,41.00036152422514,0.14408796518400613,31.302371160063817,0.10300769837055981
29.17999999999917,40.973237766209124,0.14394213852800608,31.30670963948782,0.10301234903551983
29.199999999999164,40.94612147200113,0.14379635200000607,31.31102899199982,0.10301690367999983
29.21999999999916,40.91901267731315,0.14365060579200617,31.31532920723182,0.10302136227327982
29.239999999999164,40.89191141785714,0.14350490009600614,31.319610274815822,0.10302572478463982
29.259999999999167,40.86481772934513,0.14335923510400606,31.323872184383823,0.10302999118335984
29.279999999999163,40.837731647489136,0.14321361100800611,31.328114925567824,0.10303416143871985
29.29999999999916,40.810653208001135,0.14306802800000612,31.33233848799982,0.10303823551999984
29.319999999999162,40.78358244659313,0.1429224862720061,31.336542861311827,0.10304221339647984
29.339999999999165,40.75651939897713,0.14277698601600608,31.340728035135825,0.10304609503743985
29.35999999999916,40.72946410086513,0.1426315274240061,31.344893999103824,0.10304988041215986
29.379999999999157,40.70241658796914,0.14248611068800615,31.349040742847826,0.10305356948991987
29.39999999999916,40.67537689600114,0.14234073600000613,31.353168255999826,0.10305716223999986
29.419999999999163,40.64834506067314,0.1421954035520061,31.35727652819183,0.10306065863167987
29.43999999999916,40.621321117697136,0.1420501135360061,31.36136554905583,0.10306405863423987
29.459999999999155,40.59430510278514,0.14190486614400616,31.365435308223827,0.10306736221695986
29.47999999999916,40.56729705164914,0.14175966156800612,31.36948579532783,0.10307056934911987
29.49999999999916,40.54029700000113,0.14161450000000608,31.37351699999983,0.10307367999999989
29.519999999999158,40.51330498355314,0.14146938163200612,31.377528911871828,0.10307669413887988
29.539999999999154,40.48632103801714,0.14132430665600615,31.38152152057583,0.10307961173503988
29.559999999999157,40.45934519910513,0.1411792752640061,31.385494815743833,0.10308243275775988
29.57999999999916,40.43237750252913,0.14103428764800607,31.389448787007836,0.10308515717631989
29.599999999999156,40.40541798400115,0.14088934400000613,31.393383423999833,0.1030877849599999
29.619999999999152,40.37846667923314,0.14074444451200613,31.397298716351834,0.10309031607807989
29.639999999999155,40.35152362393714,0.14059958937600614,31.401194653695836,0.1030927504998399
29.659999999999158,40.324588853825134,0.14045477878400608,31.405071225663832,0.10309508819455991
29.679999999999154,40.29766240460914,0.14031001292800616,31.408928421887836,0.10309732913151992
29.69999999999915,40.27074431200115,0.14016529200000616,31.412766231999836,0.10309947327999992
29.719999999999153,40.24383461171314,0.14002061619200612,31.416584645631836,0.10310152060927993
29.739999999999156,40.216933339457135,0.13987598569600612,31.420383652415836,0.10310347108863993
29.759999999999152,40.19004053094513,0.13973140070400608,31.42416324198384,0.10310532468735993
29.77999999999915,40.16315622188915,0.1395868614080062,31.42792340396784,0.10310708137471994
29.79999999999915,40.136280448001145,0.13944236800000614,31.431664127999838,0.10310874111999994
29.819999999999155,40.109413244993135,0.13929792067200614,31.43538540371184,0.10311030389247994
29.83999999999915,40.082554648577144,0.13915351961600614,31.439087220735843,0.10311176966143995
29.859999999999147,40.05570469446514,0.13900916502400612,31.442769568703845,0.10311313839615996
29.87999999999915,40.02886341836914,0.1388648570880061,31.446432437247843,0.10311441006591995
29.899999999999153,40.002030856001134,0.13872059600000608,31.450075815999845,0.10311558463999995
29.91999999999915,39.97520704307314,0.13857638195200617,31.453699694591844,0.10311666208767996
29.939999999999145,39.948392015297145,0.13843221513600618,31.457304062655844,0.10311764237823998
29.959999999999148,39.921585808385146,0.13828809574400613,31.460888909823847,0.10311852548095997
29.97999999999915,39.894788458049135,0.13814402396800612,31.46445422572785,0.10311931136511998
29.999999999999147,39.86800000000113,0.13800000000000612,31.46799999999985,0.10311999999999998
30.019999999999143,39.84122046995315,0.1378560240320062,31.471526222271848,0.10312059135487998
30.039999999999146,39.814449903617145,0.13771209625600617,31.475032882175853,0.10312108539903998
30.05999999999915,39.78768833670514,0.1375682168640061,31.47851996934385,0.10312148210176
30.079999999999146,39.76093580492915,0.13742438604800616,31.48198747340785,0.10312178143232
30.09999999999914,39.734192344001144,0.13728060400000613,31.485435383999853,0.10312198336
30.119999999999145,39.70745798963314,0.1371368709120061,31.488863690751852,0.10312208785408
30.139999999999148,39.680732777537145,0.13699318697600615,31.492272383295855,0.10312209488384
30.159999999999144,39.654016743425146,0.13684955238400615,31.495661451263857,0.10312200441856001
30.17999999999914,39.62730992300914,0.13670596732800616,31.49903088428786,0.10312181642752002
30.199999999999143,39.600612352001136,0.13656243200000612,31.50238067199986,0.10312153088000003
30.219999999999146,39.573924066113136,0.13641894659200615,31.505710804031857,0.10312114774528003
30.239999999999142,39.54724510105714,0.13627551129600618,31.509021270015857,0.10312066699264003
30.25999999999914,39.52057549254515,0.13613212630400617,31.512312059583856,0.10312008859136004
30.27999999999914,39.493915276289144,0.13598879180800616,31.51558316236786,0.10311941251072004
30.299999999999145,39.467264488001135,0.1358455080000061,31.518834567999864,0.10311863872000004
30.31999999999914,39.44062316339314,0.13570227507200616,31.52206626611186,0.10311776718848005
30.339999999999137,39.413991338177155,0.13555909321600618,31.525278246335862,0.10311679788544006
30.35999999999914,39.387369048065146,0.13541596262400618,31.52847049830386,0.10311573078016005
30.379999999999143,39.36075632876914,0.13527288348800615,31.531643011647866,0.10311456584192007
30.39999999999914,39.33415321600115,0.13512985600000615,31.53479577599986,0.10311330304000006
30.419999999999135,39.30755974547315,0.13498688035200618,31.537928780991862,0.10311194234368007
30.439999999999138,39.280975952897144,0.13484395673600613,31.541042016255865,0.10311048372224008
30.45999999999914,39.25440187398514,0.1347010853440061,31.544135471423868,0.10310892714496007
30.479999999999137,39.227837544449145,0.13455826636800616,31.54720913612787,0.10310727258112008
30.499999999999133,39.201283000001155,0.13441550000000618,31.550262999999866,0.10310552000000009
30.519999999999136,39.174738276353146,0.13427278643200619,31.55329705267187,0.10310366937088009
30.53999999999914,39.14820340921714,0.13413012585600614,31.55631128377587,0.1031017206630401
30.559999999999135,39.121678434305146,0.13398751846400614,31.559305682943872,0.1030996738457601
30.57999999999913,39.09516338732915,0.1338449644480062,31.56228023980787,0.1030975288883201
30.599999999999135,39.06865830400115,0.13370246400000618,31.565234943999872,0.1030952857600001
30.619999999999138,39.042163220033146,0.13356001731200617,31.568169785151873,0.10309294443008012
30.639999999999134,39.01567817113715,0.13341762457600614,31.571084752895874,0.10309050486784012
30.65999999999913,38.98920319302515,0.13327528598400618,31.573979836863877,0.10308796704256012
30.679999999999133,38.96273832140915,0.13313300172800618,31.576855026687873,0.10308533092352012
30.699999999999136,38.936283592001146,0.13299077200000614,31.57971031199988,0.10308259648000014
30.719999999999132,38.90983904051315,0.13284859699200618,31.582545682431878,0.10307976368128013
30.739999999999128,38.88340470265715,0.13270647689600618,31.58536112761588,0.10307683249664014
30.75999999999913,38.856980614145144,0.13256441190400614,31.58815663718388,0.10307380289536014
30.779999999999134,38.83056681068914,0.13242240220800616,31.59093220076788,0.10307067484672014
30.79999999999913,38.804163328001145,0.13228044800000616,31.593687807999885,0.10306744832000014
30.819999999999126,38.77777020179315,0.1321385494720062,31.596423448511885,0.10306412328448017
30.83999999999913,38.75138746777715,0.13199670681600617,31.599139111935884,0.10306069970944015
30.859999999999133,38.72501516166514,0.13185492022400613,31.601834787903883,0.10305717756416016
30.87999999999913,38.698653319169146,0.13171318988800618,31.604510466047884,0.10305355681792017
30.899999999999125,38.67230197600115,0.13157151600000622,31.607166135999883,0.10304983744000018
30.919999999999128,38.64596116787315,0.13142989875200617,31.609801787391888,0.10304601939968018
30.93999999999913,38.619630930497145,0.13128833833600617,31.612417409855887,0.10304210266624017
30.959999999999127,38.59331129958515,0.1311468349440062,31.615012993023885,0.10303808720896018
30.979999999999123,38.567002310849155,0.13100538876800621,31.617588526527886,0.10303397299712018
30.999999999999126,38.54070400000114,0.13086400000000614,31.62014399999989,0.10302976000000019
31.01999999999913,38.51441640275314,0.13072266883200612,31.622679403071892,0.1030254481868802
31.039999999999125,38.48813955481715,0.13058139545600617,31.62519472537589,0.1030210375270402
31.05999999999912,38.46187349190515,0.1304401800640062,31.62768995654389,0.10301652798976021
31.079999999999124,38.43561824972915,0.1302990228480062,31.63016508620789,0.10301191954432021
31.099999999999127,38.40937386400115,0.13015792400000614,31.632620103999894,0.10300721216000022
31.119999999999123,38.383140370433146,0.13001688371200615,31.635054999551894,0.10300240580608022
31.13999999999912,38.35691780473715,0.1298759021760062,31.637469762495893,0.10299750045184022
31.159999999999123,38.33070620262515,0.1297349795840062,31.639864382463895,0.10299249606656022
31.179999999999126,38.30450559980915,0.12959411612800614,31.642238849087896,0.10298739261952022
31.19999999999912,38.27831603200114,0.12945331200000615,31.6445931519999,0.10298219008000023
31.219999999999118,38.25213753491316,0.12931256739200625,31.646927280831896,0.10297688841728024
31.23999999999912,38.225970144257154,0.1291718824960062,31.649241225215896,0.10297148760064025
31.259999999999124,38.19981389574515,0.12903125750400618,31.6515349747839,0.10296598759936024
31.27999999999912,38.17366882508915,0.12889069260800617,31.653808519167896,0.10296038838272026
31.299999999999116,38.14753496800115,0.1287501880000062,31.6560618479999,0.10295468992000026
31.31999999999912,38.12141236019315,0.1286097438720062,31.658294950911902,0.10294889218048027
31.339999999999122,38.09530103737714,0.12846936041600615,31.6605078175359,0.10294299513344027
31.35999999999912,38.06920103526515,0.12832903782400618,31.6627004375039,0.10293699874816029
31.379999999999114,38.04311238956916,0.12818877628800623,31.664872800447903,0.10293090299392028
31.399999999999118,38.017035136001155,0.1280485760000062,31.667024895999905,0.10292470784000028
31.41999999999912,37.990969310273144,0.12790843715200617,31.669156713791907,0.10291841325568028
31.439999999999117,37.964914948097146,0.12776835993600616,31.671268243455906,0.10291201921024029
31.459999999999113,37.93887208518515,0.12762834454400623,31.673359474623908,0.1029055256729603
31.479999999999116,37.91284075724916,0.1274883911680062,31.675430396927908,0.1028989326131203
31.49999999999912,37.88682100000115,0.1273485000000062,31.67748099999991,0.1028922400000003
31.519999999999115,37.86081284915315,0.1272086712320062,31.67951127347191,0.10288544780288031
31.53999999999911,37.83481634041715,0.1270689050560062,31.68152120697591,0.10287855599104032
31.559999999999114,37.80883150950515,0.12692920166400617,31.683510790143913,0.10287156453376031
31.579999999999117,37.78285839212914,0.12678956124800617,31.685480012607915,0.10286447340032032
31.599999999999113,37.75689702400115,0.1266499840000062,31.687428863999916,0.10285728256000033
31.61999999999911,37.730947440833155,0.12651047011200622,31.68935733395191,0.10284999198208034
31.639999999999112,37.70500967833715,0.12637101977600618,31.691265412095916,0.10284260163584034
31.659999999999116,37.67908377222515,0.12623163318400615,31.693153088063916,0.10283511149056035
31.67999999999911,37.65316975820915,0.12609231052800618,31.695020351487916,0.10282752151552035
31.699999999999108,37.62726767200116,0.12595305200000623,31.696867191999917,0.10281983168000035
31.71999999999911,37.601377549313156,0.1258138577920062,31.69869359923192,0.10281204195328035
31.739999999999114,37.575499425857146,0.12567472809600616,31.70049956281592,0.10280415230464035
31.75999999999911,37.54963333734515,0.12553566310400616,31.702285072383923,0.10279616270336037
31.779999999999106,37.52377931948916,0.12539666300800623,31.70405011756792,0.10278807311872037
31.79999999999911,37.49793740800116,0.12525772800000623,31.705794687999923,0.10277988352000038
31.819999999999112,37.47210763859315,0.1251188582720062,31.707518773311925,0.10277159387648038
31.839999999999108,37.446290046977154,0.12498005401600619,31.709222363135925,0.10276320415744039
31.859999999999104,37.42048466886516,0.12484131542400621,31.710905447103926,0.10275471433216038
31.879999999999107,37.39469153996915,0.1247026426880062,31.712568014847925,0.10274612436992038
31.89999999999911,37.36891069600114,0.12456403600000614,31.714210055999928,0.1027374342400004
31.919999999999106,37.343142172673154,0.1244254955520062,31.715831560191926,0.1027286439116804
31.939999999999102,37.31738600569716,0.12428702153600622,31.717432517055926,0.10271975335424041
31.959999999999106,37.29164223078515,0.1241486141440062,31.71901291622393,0.1027107625369604
31.97999999999911,37.26591088364914,0.12401027356800616,31.720572747327928,0.10270167142912041
31.999999999999105,37.240192000001144,0.12387200000000616,31.72211199999993,0.10269248000000042
32.0199999999991,37.21448561555316,0.12373379363200622,31.723630663871933,0.10268318821888042
32.039999999999104,37.188791766017154,0.1235956546560062,31.725128728575932,0.10267379605504043
32.05999999999911,37.16311048710514,0.12345758326400617,31.726606183743936,0.10266430347776043
32.0799999999991,37.13744181452915,0.12331957964800618,31.728063019007934,0.10265471045632044
32.0999999999991,37.11178578400115,0.12318164400000618,31.729499223999937,0.10264501696000045
32.1199999999991,37.08614243123314,0.12304377651200617,31.73091478835194,0.10263522295808045
32.139999999999105,37.06051179193715,0.12290597737600618,31.732309701695936,0.10262532841984046
32.1599999999991,37.03489390182516,0.1227682467840062,31.73368395366394,0.10261533331456046
32.1799999999991,37.009288796609155,0.12263058492800623,31.73503753388794,0.10260523761152046
32.1999999999991,36.98369651200115,0.1224929920000062,31.736370431999937,0.10259504128000047
32.219999999999104,36.95811708371315,0.12235546819200617,31.73768263763194,0.10258474428928047
32.2399999999991,36.932550547457154,0.1222180136960062,31.73897414041594,0.10257434660864048
32.259999999999096,36.906996938945156,0.12208062870400622,31.740244929983945,0.10256384820736048
32.2799999999991,36.88145629388915,0.1219433134080062,31.741494995967944,0.10255324905472049
32.2999999999991,36.85592864800115,0.12180606800000617,31.742724327999944,0.10254254912000049
32.3199999999991,36.83041403699315,0.12166889267200619,31.743932915711945,0.1025317483724805
32.339999999999094,36.80491249657716,0.12153178761600623,31.745120748735946,0.10252084678144051
32.3599999999991,36.779424062465154,0.1213947530240062,31.746287816703948,0.1025098443161605
32.3799999999991,36.75394877036915,0.12125778908800618,31.747434109247948,0.10249874094592051
32.399999999999096,36.72848665600115,0.12112089600000618,31.74855961599995,0.10248753664000051
32.41999999999909,36.70303775507315,0.12098407395200618,31.74966432659195,0.10247623136768053
32.439999999999095,36.67760210329715,0.12084732313600617,31.75074823065595,0.10246482509824052
32.4599999999991,36.65217973638514,0.12071064374400615,31.75181131782395,0.10245331780096052
32.479999999999094,36.62677069004915,0.12057403596800619,31.752853577727954,0.10244170944512054
32.49999999999909,36.601375000001156,0.1204375000000062,31.753874999999955,0.10243000000000055
32.519999999999094,36.575992701953155,0.12030103603200619,31.754875574271956,0.10241818943488054
32.5399999999991,36.550623831617145,0.12016464425600616,31.755855290175955,0.10240627771904054
32.55999999999909,36.525268424705146,0.12002832486400618,31.75681413734396,0.10239426482176055
32.57999999999909,36.49992651692915,0.11989207804800621,31.75775210540796,0.10238215071232057
32.59999999999909,36.47459814400115,0.1197559040000062,31.75866918399996,0.10236993536000057
32.619999999999095,36.44928334163314,0.11961980291200615,31.75956536275196,0.10235761873408057
32.63999999999909,36.423982145537146,0.11948377497600617,31.76044063129596,0.10234520080384057
32.65999999999909,36.398694591425155,0.1193478203840062,31.761294979263965,0.10233268153856058
32.67999999999909,36.37342071500915,0.11921193932800621,31.762128396287963,0.10232006090752059
32.69999999999909,36.34816055200115,0.11907613200000618,31.762940871999962,0.10230733888000058
32.71999999999909,36.32291413811315,0.11894039859200618,31.763732396031966,0.1022945154252806
32.739999999999085,36.297681509057156,0.1188047392960062,31.76450295801596,0.1022815905126406
32.75999999999909,36.27246270054515,0.11866915430400617,31.76525254758397,0.10226856411136061
32.77999999999909,36.247257748289144,0.11853364380800614,31.765981154367967,0.10225543619072061
32.79999999999909,36.22206668800115,0.11839820800000618,31.76668876799997,0.10224220672000062
32.819999999999084,36.196889555393156,0.1182628470720062,31.76737537811197,0.10222887566848063
32.83999999999909,36.17172638617715,0.11812756121600619,31.76804097433597,0.10221544300544062
32.85999999999909,36.14657721606515,0.11799235062400616,31.76868554630397,0.10220190870016062
32.879999999999086,36.12144208076914,0.11785721548800616,31.769309083647972,0.10218827272192063
32.89999999999908,36.096321016001156,0.1177221560000062,31.769911575999977,0.10217453504000065
32.919999999999085,36.07121405747315,0.11758717235200618,31.770493012991974,0.10216069562368066
32.93999999999909,36.04612124089714,0.11745226473600616,31.771053384255975,0.10214675444224064
32.959999999999084,36.02104260198515,0.1173174333440062,31.771592679423975,0.10213271146496064
32.97999999999908,35.99597817644915,0.11718267836800618,31.772110888127976,0.10211856666112065
32.99999999999908,35.970928000001145,0.11704800000000616,31.772607999999977,0.10210432000000065
33.01999999999909,35.945892108353135,0.11691339843200611,31.77308400467198,0.10208997145088067
33.03999999999908,35.92087053721715,0.11677887385600617,31.773538891775978,0.10207552098304067
33.05999999999908,35.895863322305146,0.11664442646400618,31.773972650943982,0.10206096856576068
33.07999999999908,35.87087049932915,0.11651005644800617,31.77438527180798,0.10204631416832068
33.099999999999085,35.84589210400114,0.11637576400000614,31.774776743999983,0.1020315577600007
33.11999999999908,35.82092817203315,0.11624154931200616,31.775147057151983,0.10201669931008069
33.13999999999908,35.795978739137155,0.1161074125760062,31.775496200895986,0.10200173878784072
33.15999999999908,35.77104384102515,0.11597335398400617,31.775824164863984,0.10198667616256071
33.17999999999908,35.746123513409145,0.11583937372800614,31.776130938687984,0.1019715114035207
33.19999999999908,35.72121779200114,0.11570547200000615,31.776416511999987,0.10195624448000071
33.219999999999075,35.696326712513155,0.11557164899200621,31.77668087443199,0.10194087536128071
33.23999999999908,35.67145031065715,0.11543790489600618,31.77692401561599,0.10192540401664071
33.25999999999908,35.64658862214514,0.11530423990400614,31.77714592518399,0.10190983041536072
33.27999999999908,35.62174168268915,0.11517065420800617,31.777346592767994,0.10189415452672074
33.29999999999907,35.59690952800115,0.11503714800000618,31.77752600799999,0.10187837632000074
33.31999999999908,35.57209219379315,0.11490372147200616,31.777684160511996,0.10186249576448075
33.33999999999908,35.54728971577714,0.11477037481600612,31.777821039935993,0.10184651282944074
33.359999999999076,35.52250212966515,0.11463710822400618,31.777936635903995,0.10183042748416077
33.37999999999907,35.497729471169144,0.11450392188800616,31.778030938047998,0.10181423969792076
33.399999999999075,35.47297177600114,0.11437081600000613,31.778103936,0.10179794944000076
33.41999999999908,35.44822907987314,0.11423779075200612,31.778155619392003,0.10178155667968077
33.439999999999074,35.42350141849714,0.11410484633600614,31.778185977856,0.10176506138624078
33.45999999999907,35.39878882758515,0.11397198294400619,31.778195001024,0.10174846352896078
33.47999999999907,35.37409134284915,0.11383920076800617,31.778182678528,0.10173176307712078
33.499999999999076,35.34940900000114,0.11370650000000614,31.778149000000003,0.10171496000000078
33.51999999999907,35.32474183475314,0.11357388083200613,31.778093955072002,0.1016980542668808
33.53999999999907,35.30008988281715,0.11344134345600616,31.778017533376005,0.1016810458470408
33.55999999999907,35.27545317990514,0.11330888806400614,31.777919724544002,0.1016639347097608
33.579999999999075,35.25083176172913,0.1131765148480061,31.777800518208007,0.1016467208243208
33.59999999999907,35.22622566400114,0.11304422400000615,31.777659904000007,0.10162940416000082
33.61999999999907,35.20163492243314,0.11291201571200617,31.777497871552008,0.10161198468608082
33.63999999999907,35.17705957273714,0.11277989017600613,31.777314410496007,0.10159446237184083
33.65999999999907,35.15249965062514,0.11264784758400613,31.77710951046401,0.10157683718656083
33.67999999999907,35.12795519180915,0.11251588812800618,31.77688316108801,0.10155910909952084
33.699999999999065,35.10342623200115,0.11238401200000618,31.776635352000014,0.10154127808000085
33.71999999999907,35.078912806913145,0.11225221939200615,31.776366072832012,0.10152334409728084
33.73999999999907,35.05441495225713,0.11212051049600612,31.776075313216012,0.10150530712064085
33.75999999999907,35.02993270374514,0.11198888550400614,31.775763062784016,0.10148716711936084
33.77999999999906,35.00546609708914,0.11185734460800616,31.77542931116802,0.10146892406272087
33.799999999999066,34.98101516800115,0.11172588800000617,31.775074048000015,0.10145057792000087
33.81999999999907,34.95657995219314,0.11159451587200613,31.774697262912017,0.10143212866048087
33.839999999999065,34.93216048537714,0.11146322841600613,31.774298945536017,0.10141357625344088
33.85999999999906,34.907756803265144,0.11133202582400616,31.77387908550402,0.10139492066816089
33.879999999999065,34.88336894156914,0.11120090828800612,31.77343767244802,0.10137616187392089
33.89999999999907,34.858996936001134,0.1110698760000061,31.77297469600002,0.10135729984000089
33.919999999999064,34.834640822273144,0.11093892915200616,31.77249014579202,0.10133833453568089
33.93999999999906,34.81030063609714,0.11080806793600613,31.771984011456027,0.1013192659302409
33.95999999999906,34.78597641318514,0.11067729254400611,31.771456282624026,0.10130009399296092
33.979999999999066,34.761668189249136,0.11054660316800609,31.770906948928026,0.10128081869312092
33.99999999999906,34.737376000001134,0.1104160000000061,31.77033600000003,0.10126144000000092
34.01999999999906,34.71309988115314,0.11028548323200614,31.76974342547203,0.10124195788288093
34.03999999999906,34.68883986841714,0.11015505305600613,31.769129214976033,0.10122237231104093
34.059999999999064,34.66459599750514,0.11002470966400611,31.76849335814403,0.10120268325376092
34.07999999999906,34.64036830412914,0.10989445324800613,31.76783584460803,0.10118289068032094
34.099999999999056,34.61615682400114,0.10976428400000611,31.767156664000034,0.10116299456000094
34.11999999999906,34.59196159283313,0.1096342021120061,31.766455805952035,0.10114299486208095
34.13999999999906,34.567782646337136,0.1095042077760061,31.765733260096034,0.10112289155584095
34.15999999999906,34.54362002022514,0.10937430118400614,31.764989016064035,0.10110268461056096
34.179999999999055,34.51947375020914,0.10924448252800613,31.76422306348804,0.10108237399552097
34.19999999999906,34.495343872001136,0.1091147520000061,31.763435392000037,0.10106195968000097
34.21999999999906,34.47123042131313,0.10898510979200608,31.762625991232035,0.10104144163328098
34.23999999999906,34.44713343385714,0.10885555609600613,31.761794850816038,0.10102081982464099
34.25999999999905,34.42305294534514,0.10872609110400615,31.760941960384038,0.10100009422336098
34.279999999999056,34.398988991489134,0.10859671500800612,31.760067309568043,0.10097926479872099
34.29999999999906,34.37494160800113,0.10846742800000607,31.759170888000043,0.100958331520001
34.319999999999055,34.350910830593136,0.1083382302720061,31.75825268531204,0.100937294356481
34.33999999999905,34.32689669497714,0.10820912201600612,31.757312691136047,0.10091615327744102
34.359999999999054,34.302899236865144,0.10808010342400613,31.756350895104045,0.100894908252161
34.37999999999906,34.27891849196914,0.1079511746880061,31.75536728684805,0.10087355924992103
34.399999999999054,34.25495449600113,0.10782233600000611,31.754361856000045,0.10085210624000102
34.41999999999905,34.23100728467313,0.1076935875520061,31.753334592192047,0.10083054919168104
34.43999999999905,34.207076893697135,0.10756492953600609,31.75228548505605,0.10080888807424104
34.459999999999056,34.18316335878512,0.10743636214400605,31.751214524224054,0.10078712285696104
34.47999999999905,34.15926671564913,0.10730788556800609,31.750121699328055,0.10076525350912105
34.49999999999905,34.13538700000114,0.10717950000000613,31.74900700000005,0.10074328000000105
34.51999999999905,34.111524247553135,0.10705120563200608,31.747870415872054,0.10072120229888104
34.539999999999054,34.087678494017126,0.10692300265600606,31.746711936576055,0.10069902037504105
34.55999999999905,34.063849775105126,0.10679489126400606,31.745531551744058,0.10067673419776108
34.579999999999046,34.04003812652913,0.1066668716480061,31.744329251008057,0.10065434373632108
34.59999999999905,34.01624358400113,0.10653894400000609,31.74310502400006,0.10063184896000107
34.61999999999905,33.99246618323313,0.10641110851200607,31.74185886035206,0.10060924983808109
34.63999999999905,33.968705959937125,0.10628336537600606,31.74059074969606,0.1005865463398411
34.659999999999044,33.94496294982513,0.10615571478400608,31.739300681664062,0.1005637384345611
34.67999999999905,33.92123718860913,0.10602815692800609,31.737988645888063,0.10054082609152111
34.69999999999905,33.897528712001126,0.10590069200000606,31.736654632000064,0.1005178092800011
34.71999999999905,33.87383755571314,0.1057733201920061,31.735298629632062,0.10049468796928111
34.73999999999904,33.85016375545713,0.1056460416960061,31.733920628416065,0.10047146212864111
34.759999999999046,33.82650734694513,0.10551885670400606,31.732520617984065,0.10044813172736111
34.77999999999905,33.802868365889125,0.10539176540800603,31.73109858796807,0.10042469673472113
34.799999999999045,33.77924684800113,0.10526476800000607,31.72965452800007,0.10040115712000114
34.81999999999904,33.75564282899313,0.1051378646720061,31.72818842771207,0.10037751285248114
34.839999999999044,33.732056344577124,0.10501105561600606,31.72670027673607,0.10035376390144114
34.85999999999905,33.70848743046512,0.10488434102400603,31.725190064704073,0.10032991023616115
34.87999999999904,33.68493612236912,0.10475772108800606,31.723657781248072,0.10030595182592116
34.89999999999904,33.661402456001134,0.1046311960000061,31.722103416000074,0.10028188864000116
34.91999999999904,33.63788646707313,0.10450476595200607,31.720526958592075,0.10025772064768117
34.939999999999046,33.61438819129712,0.10437843113600602,31.718928398656082,0.10023344781824117
34.95999999999904,33.59090766438512,0.10425219174400603,31.717307725824078,0.10020907012096118
34.97999999999904,33.56744492204913,0.10412604796800605,31.715664929728078,0.10018458752512119
34.99999999999904,33.54400000000112,0.10400000000000605,31.714000000000077,0.10016000000000119
35.019999999999044,33.52057293395312,0.10387404803200602,31.712312926272077,0.10013530751488119
35.03999999999904,33.49716375961712,0.10374819225600605,31.710603698176083,0.1001105100390412
35.059999999999036,33.473772512705125,0.10362243286400606,31.708872305344087,0.10008560754176121
35.07999999999904,33.450399228929115,0.10349677004800602,31.707118737408088,0.10006059999232123
35.09999999999904,33.42704394400111,0.103371204000006,31.705342984000087,0.10003548736000122
35.11999999999904,33.40370669363312,0.10324573491200602,31.703545034752082,0.10001026961408122
35.139999999999034,33.38038751353713,0.10312036297600606,31.70172487929609,0.09998494672384124
35.15999999999904,33.357086439425125,0.10299508838400605,31.699882507264086,0.09995951865856123
35.17999999999904,33.33380350700912,0.10286991132800603,31.698017908288087,0.09993398538752124
35.19999999999904,33.31053875200112,0.10274483200000602,31.696131072000092,0.09990834688000125
35.21999999999903,33.28729221011313,0.10261985059200608,31.69422198803209,0.09988260310528124
35.239999999999036,33.26406391705712,0.10249496729600603,31.692290646016094,0.09985675403264127
35.25999999999904,33.24085390854512,0.102370182304006,31.690337035584097,0.09983079963136125
35.279999999999035,33.21766222028912,0.10224549580800603,31.688361146368095,0.09980473987072128
35.29999999999903,33.19448888800112,0.10212090800000602,31.686362968000097,0.09977857472000128
35.319999999999034,33.171333947393116,0.101996419072006,31.684342490112098,0.09975230414848128
35.33999999999904,33.14819743417711,0.10187202921600598,31.682299702336103,0.09972592812544129
35.35999999999903,33.12507938406512,0.10174773862400603,31.680234594304103,0.09969944662016128
35.37999999999903,33.10197983276912,0.10162354748800602,31.6781471556481,0.09967285960192131
35.39999999999903,33.078898816001114,0.101499456000006,31.676037376000103,0.09964616704000132
35.419999999999035,33.05583636947311,0.10137546435200596,31.673905244992106,0.09961936890368131
35.43999999999903,33.03279252889712,0.101251572736006,31.671750752256102,0.0995924651622413
35.45999999999903,33.009767329985124,0.10112778134400606,31.669573887424107,0.09956545578496132
35.47999999999903,32.98676080844911,0.10100409036800599,31.66737464012811,0.09953834074112133
35.499999999999034,32.96377300000111,0.10088050000000597,31.66515300000011,0.09951112000000134
35.51999999999903,32.94080394035312,0.10075701043200601,31.662908956672112,0.09948379353088133
35.539999999999026,32.91785366521711,0.10063362185600598,31.66064249977611,0.09945636130304134
35.55999999999903,32.89492221030511,0.100510334464006,31.658353618944112,0.09942882328576134
35.57999999999903,32.872009611329105,0.10038714844800596,31.65604230380811,0.09940117944832133
35.59999999999903,32.84911590400111,0.10026406400000597,31.653708544000118,0.09937342976000138
35.619999999999024,32.82624112403312,0.10014108131200601,31.651352329152115,0.09934557419008137
35.63999999999903,32.803385307137106,0.10001820057600595,31.648973648896117,0.09931761270784137
35.65999999999903,32.7805484890251,0.09989542198400593,31.646572492864117,0.09928954528256137
35.679999999999026,32.75773070540912,0.099772745728006,31.64414885068812,0.09926137188352138
35.69999999999902,32.734931992001115,0.09965017200000599,31.641702712000125,0.0992330924800014
35.719999999999025,32.712152384513104,0.09952770099200596,31.639234066432124,0.0992047070412814
35.73999999999903,32.6893919186571,0.09940533289600594,31.636742903616124,0.09917621553664141
35.759999999999025,32.66665063014511,0.09928306790400594,31.634229213184128,0.0991476179353614
35.77999999999902,32.64392855468912,0.09916090620800601,31.631692984768122,0.09911891420672142
35.799999999999024,32.62122572800111,0.09903884800000597,31.629134208000128,0.09909010432000143
35.81999999999903,32.5985421857931,0.09891689347200593,31.62655287251213,0.09906118824448143
35.83999999999902,32.5758779637771,0.09879504281600594,31.623948967936126,0.09903216594944142
35.85999999999902,32.55323309766511,0.09867329622400596,31.62132248390413,0.09900303740416144
35.87999999999902,32.530607623169104,0.09855165388800595,31.61867341004813,0.09897380257792143
35.899999999999025,32.50800157600111,0.09843011600000594,31.61600173600013,0.09894446144000144
35.91999999999902,32.485414991873114,0.09830868275200598,31.61330745139213,0.09891501395968146
35.93999999999902,32.46284790649711,0.09818735433600596,31.610590545856134,0.09888546010624147
35.95999999999902,32.44030035558511,0.09806613094400594,31.607851009024138,0.09885579984896146
35.97999999999902,32.4177723748491,0.09794501276800592,31.605088830528132,0.09882603315712146
35.99999999999902,32.395264000001106,0.09782400000000595,31.60230400000013,0.09879616000000147
36.019999999999015,32.37277526675311,0.09770309283200597,31.599496507072136,0.09876618034688148
36.03999999999902,32.3503062108171,0.09758229145600593,31.596666341376142,0.09873609416704149
36.05999999999902,32.3278568679051,0.09746159606400591,31.59381349254414,0.09870590142976149
36.07999999999902,32.3054272737291,0.09734100684800594,31.59093795020814,0.0986756021043215
36.099999999999014,32.283017464001105,0.09722052400000593,31.588039704000142,0.0986451961600015
36.11999999999902,32.2606274744331,0.09710014771200591,31.585118743552144,0.0986146835660815
36.13999999999902,32.2382573407371,0.09697987817600591,31.582175058496144,0.09858406429184152
36.159999999999016,32.215907098625095,0.0968597155840059,31.57920863846415,0.09855333830656152
36.17999999999901,32.1935767838091,0.0967396601280059,31.57621947308815,0.09852250557952154
36.199999999999015,32.1712664320011,0.0966197120000059,31.57320755200015,0.09849156608000154
36.21999999999902,32.148976078913094,0.09649987139200587,31.570172864832152,0.09846051977728154
36.239999999999014,32.1267057602571,0.09638013849600592,31.567115401216153,0.09842936664064154
36.25999999999901,32.1044555117451,0.09626051350400593,31.56403515078415,0.09839810663936155
36.27999999999901,32.0822253690891,0.09614099660800592,31.560932103168152,0.09836673974272156
36.29999999999902,32.06001536800109,0.09602158800000586,31.557806248000155,0.09833526592000157
36.31999999999901,32.0378255441931,0.0959022878720059,31.554657574912156,0.09830368514048157
36.33999999999901,32.015655933377104,0.09578309641600592,31.55148607353616,0.09827199737344158
36.35999999999901,31.993506571265094,0.0956640138240059,31.548291733504158,0.09824020258816157
36.379999999999015,31.971377493569086,0.09554504028800585,31.545074544448163,0.09820830075392159
36.39999999999901,31.949268736001095,0.0954261760000059,31.54183449600016,0.0981762918400016
36.41999999999901,31.92718033427309,0.09530742115200587,31.538571577792162,0.0981441758156816
36.43999999999901,31.905112324097086,0.09518877593600585,31.535285779456164,0.09811195265024161
36.45999999999901,31.883064741185084,0.09507024054400583,31.531977090624164,0.0980796223129616
36.47999999999901,31.86103762124909,0.09495181516800587,31.528645500928164,0.09804718477312163
36.499999999999005,31.839031000001093,0.09483350000000589,31.525291000000166,0.09801464000000162
36.51999999999901,31.81704491315309,0.09471529523200588,31.52191357747217,0.09798198796288163
36.53999999999901,31.795079396417087,0.09459720105600584,31.518513222976168,0.09794922863104163
36.55999999999901,31.773134485505086,0.09447921766400584,31.51508992614417,0.09791636197376163
36.579999999999,31.75121021612909,0.09436134524800587,31.511643676608173,0.09788338796032166
36.59999999999901,31.72930662400109,0.09424358400000586,31.508174464000174,0.09785030656000165
36.61999999999901,31.707423744833086,0.09412593411200583,31.504682277952178,0.09781711774208166
36.639999999999006,31.685561614337082,0.09400839577600582,31.501167108096176,0.09778382147584166
36.659999999999,31.663720268225084,0.09389096918400584,31.497628944064175,0.09775041773056167
36.679999999999005,31.64189974220909,0.09377365452800586,31.49406777548818,0.09771690647552167
36.69999999999901,31.62010007200108,0.09365645200000582,31.49048359200018,0.09768328768000167
36.719999999999004,31.598321293313084,0.09353936179200582,31.48687638323218,0.0976495613132817
36.739999999999,31.57656344185709,0.09342238409600585,31.48324613881618,0.09761572734464169
36.759999999999,31.554826553345077,0.0933055191040058,31.479592848384186,0.09758178574336171
36.779999999999006,31.533110663489076,0.09318876700800578,31.475916501568186,0.0975477364787217
36.799999999999,31.51141580800109,0.09307212800000585,31.472217088000185,0.09751357952000173
36.819999999999,31.48974202259308,0.09295560227200582,31.468494597312187,0.09747931483648173
36.839999999999,31.468089342977084,0.09283919001600584,31.464749019136185,0.09744494239744173
36.859999999999005,31.446457804865076,0.09272289142400579,31.46098034310419,0.09741046217216173
36.879999999999,31.42484744396908,0.09260670668800582,31.457188558848188,0.09737587412992173
36.899999999999,31.403258296001077,0.0924906360000058,31.453373656000196,0.09734117824000177
36.919999999999,31.38169039667308,0.0923746795520058,31.449535624192194,0.09730637447168175
36.939999999999,31.360143781697076,0.09225883753600579,31.445674453056192,0.09727146279424176
36.959999999999,31.338618486785077,0.0921431101440058,31.44179013222419,0.09723644317696176
36.979999999998995,31.31711454764908,0.09202749756800581,31.437882651328195,0.09720131558912178
36.999999999999,31.29563200000107,0.09191200000000575,31.433952000000197,0.09716608000000176
37.019999999999,31.27417087955307,0.09179661763200574,31.4299981678722,0.09713073637888177
37.039999999999,31.25273122201707,0.09168135065600576,31.426021144576204,0.0970952846950418
37.05999999999899,31.23131306310508,0.09156619926400582,31.422020919744202,0.0970597249177618
37.079999999998996,31.209916438529074,0.09145116364800578,31.4179974830082,0.0970240570163218
37.099999999999,31.188541384001066,0.09133624400000574,31.413950824000203,0.09698828096000181
37.119999999998996,31.167187935233066,0.09122144051200574,31.40988093235221,0.09695239671808181
37.13999999999899,31.145856127937073,0.09110675337600578,31.405787797696206,0.09691640425984183
37.159999999998995,31.124545997825066,0.09099218278400574,31.40167140966421,0.09688030355456183
37.179999999999,31.103257580609068,0.09087772892800573,31.39753175788821,0.09684409457152182
37.199999999998994,31.08199091200107,0.09076339200000576,31.39336883200021,0.09680777728000184
37.21999999999899,31.060746027713073,0.09064917219200576,31.389182621632216,0.09677135164928186
37.23999999999899,31.039522963457067,0.09053506969600573,31.384973116416212,0.09673481764864186
37.259999999998996,31.018321754945067,0.09042108470400574,31.38074030598421,0.09669817524736185
37.27999999999899,30.997142437889067,0.09030721740800575,31.376484179968216,0.09666142441472186
37.29999999999899,30.97598504800107,0.09019346800000576,31.37220472800022,0.09662456512000187
37.31999999999899,30.954849620993066,0.09007983667200574,31.36790193971222,0.09658759733248187
37.339999999998994,30.933736192577058,0.08996632361600569,31.363575804736218,0.09655052102144188
37.35999999999899,30.912644798465067,0.08985292902400573,31.35922631270422,0.0965133361561619
37.37999999999899,30.891575474369066,0.08973965308800573,31.35485345324822,0.0964760427059219
37.39999999999899,30.87052825600106,0.0896264960000057,31.350457216000223,0.0964386406400019
37.41999999999899,30.84950317907306,0.0895134579520057,31.34603759059222,0.0964011299276819
37.43999999999899,30.82850027929706,0.0894005391360057,31.341594566656223,0.09636351053824191
37.459999999998985,30.807519592385066,0.08928773974400574,31.337128133824226,0.09632578244096193
37.47999999999899,30.786561154049064,0.08917505996800572,31.33263828172823,0.09628794560512192
37.49999999999899,30.76562500000106,0.08906250000000569,31.328125000000227,0.09625000000000193
37.51999999999899,30.744711165953056,0.08895006003200569,31.323588278272233,0.09621194559488194
37.53999999999898,30.72381968761706,0.0888377402560057,31.319028106176233,0.09617378235904195
37.559999999998986,30.702950600705055,0.08872554086400568,31.31444447334423,0.09613551026176195
37.57999999999899,30.682103940929046,0.08861346204800562,31.309837369408235,0.09609712927232195
37.599999999998985,30.661279744001057,0.08850150400000568,31.305206784000234,0.09605863936000196
37.61999999999898,30.640478045633056,0.08838966691200568,31.300552706752235,0.09602004049408197
37.639999999998984,30.619698881537055,0.08827795097600567,31.295875127296235,0.09598133264384197
37.65999999999899,30.59894228742505,0.08816635638400565,31.291174035264234,0.09594251577856197
37.679999999998984,30.57820829900906,0.08805488332800569,31.286449420288243,0.095903589867522
37.69999999999898,30.55749695200106,0.0879435320000057,31.28170127200024,0.095864554880002
37.71999999999898,30.53680828211305,0.08783230259200565,31.276929580032245,0.095825410785282
37.739999999998986,30.51614232505705,0.08772119529600565,31.272134334016243,0.095786157552642
37.75999999999898,30.49549911654505,0.08761021030400566,31.267315523584244,0.095746795151362
37.77999999999898,30.474878692289057,0.08749934780800568,31.26247313836825,0.09570732355072203
37.79999999999898,30.454281088001057,0.08738860800000568,31.25760716800025,0.09566774272000203
37.819999999998984,30.433706339393048,0.08727799107200564,31.25271760211225,0.09562805262848204
37.83999999999898,30.41315448217705,0.08716749721600565,31.247804430336252,0.09558825324544204
37.859999999998976,30.392625552065045,0.08705712662400562,31.242867642304255,0.09554834454016206
37.87999999999898,30.372119584769045,0.08694687948800563,31.237907227648254,0.09550832648192205
37.89999999999898,30.351636616001038,0.08683675600000558,31.232923176000256,0.09546819904000205
37.91999999999898,30.33117668147305,0.08672675635200565,31.22791547699226,0.09542796218368207
37.939999999998975,30.310739816897048,0.08661688073600564,31.222884120256257,0.09538761588224207
37.95999999999898,30.290326057985048,0.08650712934400563,31.217829095424257,0.09534716010496207
37.97999999999898,30.26993544044904,0.0863975023680056,31.212750392128257,0.09530659482112207
37.99999999999898,30.24956800000104,0.0862880000000056,31.207648000000262,0.09526592000000209
38.01999999999897,30.229223772353052,0.08617862243200565,31.20252190867226,0.0952251356108821
38.039999999998976,30.20890279321704,0.08606936985600559,31.197372107776268,0.09518424162304212
38.05999999999898,30.18860509830504,0.08596024246400559,31.192198586944265,0.0951432380057621
38.079999999998975,30.16833072332904,0.08585124044800559,31.187001335808265,0.09510212472832211
38.09999999999897,30.148079704001038,0.08574236400000558,31.18178034400027,0.09506090176000212
38.119999999998974,30.127852076033037,0.08563361331200557,31.176535601152267,0.09501956907008212
38.13999999999898,30.107647875137033,0.08552498857600556,31.171267096896273,0.09497812662784214
38.15999999999897,30.087467137025037,0.08541648998400557,31.16597482086427,0.09493657440256215
38.17999999999897,30.067309897409036,0.08530811772800558,31.16065876268828,0.09489491236352215
38.19999999999897,30.047176192001032,0.08519987200000555,31.155318912000276,0.09485314048000215
38.219999999998976,30.027066056513025,0.08509175299200551,31.149955258432275,0.09481125872128215
38.23999999999897,30.006979526657037,0.08498376089600558,31.144567791616275,0.09476926705664217
38.25999999999897,29.98691663814504,0.08487589590400559,31.139156501184278,0.09472716545536218
38.27999999999897,29.96687742668903,0.08476815820800555,31.133721376768282,0.09468495388672218
38.299999999998974,29.94686192800103,0.08466054800000554,31.128262408000282,0.09464263232000218
38.31999999999897,29.926870177793024,0.08455306547200551,31.122779584512287,0.09460020072448219
38.339999999998966,29.906902211777034,0.08444571081600556,31.11727289593629,0.09455765906944222
38.35999999999897,29.886958065665027,0.08433848422400551,31.11174233190429,0.09451500732416221
38.37999999999897,29.867037775169024,0.08423138588800551,31.106187882048285,0.09447224545792221
38.39999999999897,29.84714137600103,0.08412441600000554,31.100609536000285,0.09442937344000221
38.419999999998964,29.82726890387303,0.08401757475200554,31.09500728339229,0.09438639123968223
38.43999999999897,29.807420394497026,0.08391086233600552,31.08938111385629,0.09434329882624223
38.45999999999897,29.787595883585013,0.08380427894400545,31.083731017024295,0.09430009616896223
38.47999999999897,29.76779540684903,0.08369782476800554,31.07805698252829,0.09425678323712225
38.49999999999896,29.748019000001026,0.08359150000000552,31.072359000000297,0.09421336000000226
38.519999999998966,29.728266698753025,0.08348530483200552,31.066637059072296,0.09416982642688226
38.53999999999897,29.708538538817017,0.08337923945600546,31.060891149376296,0.09412618248704226
38.559999999998965,29.688834555905018,0.08327330406400547,31.055121260544297,0.09408242814976227
38.57999999999896,29.66915478572902,0.08316749884800549,31.049327382208304,0.09403856338432229
38.599999999998964,29.649499264001022,0.08306182400000549,31.0435095040003,0.09399458816000228
38.61999999999897,29.629868026433016,0.08295627971200546,31.0376676155523,0.09395050244608229
38.63999999999896,29.610261108737017,0.08285086617600547,31.031801706496303,0.0939063062118423
38.65999999999896,29.590678546625018,0.08274558358400548,31.025911766464304,0.09386199942656231
38.67999999999896,29.571120375809016,0.08264043212800547,31.019997785088307,0.09381758205952231
38.699999999998965,29.551586632001015,0.08253541200000546,31.014059752000307,0.09377305408000232
38.71999999999896,29.532077350913013,0.08243052339200545,31.008097656832312,0.09372841545728233
38.73999999999896,29.512592568257016,0.08232576649600547,31.00211148921631,0.09368366616064235
38.75999999999896,29.49313231974501,0.08222114150400543,30.996101238784313,0.09363880615936235
38.779999999998964,29.473696641089003,0.0821166486080054,30.99006689516831,0.09359383542272234
38.79999999999896,29.454285568001012,0.08201228800000544,30.984008448000314,0.09354875392000236
38.819999999998956,29.434899136193014,0.08190805987200546,30.977925886912317,0.09350356162048237
38.83999999999896,29.415537381377007,0.08180396441600542,30.97181920153632,0.09345825849344237
38.85999999999896,29.396200339265004,0.0817000018240054,30.96568838150432,0.09341284450816237
38.87999999999896,29.376888045569004,0.0815961722880054,30.959533416448316,0.09336731963392238
38.899999999998954,29.35760053600101,0.08149247600000543,30.953354296000324,0.0933216838400024
38.91999999999896,29.33833784627301,0.08138891315200543,30.94715100979232,0.0932759370956824
38.93999999999896,29.319100012097003,0.08128548393600539,30.940923547456322,0.09323007937024239
38.959999999998956,29.299887069184997,0.08118218854400537,30.934671898624323,0.0931841106329624
38.97999999999895,29.280699053249002,0.0810790271680054,30.928396052928328,0.09313803085312242
38.999999999998956,29.261536000000998,0.08097600000000536,30.922096000000327,0.09309184000000241
39.01999999999896,29.242397945152987,0.08087310723200532,30.915771729472333,0.09304553804288243
39.039999999998955,29.223284924416998,0.08077034905600537,30.90942323097633,0.09299912495104243
39.05999999999895,29.204196973505002,0.08066772566400539,30.903050494144335,0.09295260069376246
39.079999999998954,29.185134128128993,0.08056523724800534,30.896653508608335,0.09290596524032245
39.09999999999896,29.16609642400099,0.08046288400000533,30.89023226400034,0.09285921856000245
39.11999999999895,29.147083896832992,0.08036066611200533,30.883786749952336,0.09281236062208245
39.13999999999895,29.128096582336994,0.08025858377600535,30.877316956096344,0.09276539139584249
39.15999999999895,29.109134516224994,0.08015663718400536,30.870822872064338,0.09271831085056248
39.179999999998955,29.090197734208992,0.08005482652800534,30.86430448748834,0.09267111895552246
39.19999999999895,29.071286272000993,0.07995315200000534,30.857761792000343,0.09262381568000248
39.21999999999895,29.052400165313,0.07985161379200538,30.851194775232347,0.09257640099328251
39.23999999999895,29.03353944985699,0.07975021209600532,30.84460342681635,0.09252887486464251
39.25999999999895,29.014704161344987,0.07964894710400532,30.837987736384346,0.0924812372633625
39.27999999999895,28.99589433548899,0.07954781900800532,30.831347693568347,0.09243348815872252
39.299999999998946,28.977110008000988,0.07944682800000531,30.82468328800035,0.09238562752000254
39.31999999999895,28.958351214592987,0.0793459742720053,30.81799450931235,0.09233765531648253
39.33999999999895,28.939617990976977,0.07924525801600525,30.81128134713635,0.09228957151744253
39.35999999999895,28.920910372864988,0.07914467942400531,30.804543791104358,0.09224137609216254
39.379999999998944,28.902228395968983,0.0790442386880053,30.797781830848358,0.09219306900992257
39.39999999999895,28.883572096000975,0.07894393600000525,30.79099545600036,0.09214465024000257
39.41999999999895,28.864941508672974,0.07884377155200524,30.78418465619236,0.09209611975168255
39.439999999998946,28.846336669696978,0.07874374553600526,30.777349421056357,0.09204747751424258
39.45999999999894,28.827757614784986,0.0786438581440053,30.770489740224363,0.09199872349696259
39.479999999998945,28.80920437964898,0.07854410956800527,30.763605603328365,0.09194985766912259
39.49999999999895,28.790677000000976,0.07844450000000526,30.75669700000036,0.09190088000000259
39.519999999998944,28.77217551155297,0.07834502963200522,30.74976391987237,0.09185179045888262
39.53999999999894,28.753699950016973,0.07824569865600524,30.74280635257637,0.09180258901504262
39.559999999998944,28.735250351104977,0.07814650726400525,30.735824287744368,0.0917532756377626
39.57999999999895,28.716826750528966,0.0780474556480052,30.72881771500837,0.09170385029632261
39.59999999999894,28.698429184000968,0.07794854400000521,30.721786624000377,0.09165431296000263
39.61999999999894,28.680057687232974,0.07784977251200524,30.714731004352373,0.09160466359808264
39.63999999999894,28.661712295936972,0.07775114137600524,30.70765084569637,0.09155490217984263
39.659999999998945,28.643393045824965,0.0776526507840052,30.700546137664375,0.09150502867456263
39.67999999999894,28.625099972608968,0.07755430092800521,30.69341686988838,0.09145504305152266
39.69999999999894,28.60683311200097,0.07745609200000521,30.686263032000383,0.09140494528000268
39.71999999999894,28.588592499712966,0.0773580241920052,30.679084613632384,0.09135473532928268
39.73999999999894,28.570378171456966,0.07726009769600518,30.671881604416384,0.09130441316864267
39.75999999999894,28.55219016294496,0.07716231270400516,30.664653993984384,0.09125397876736269
39.779999999998935,28.534028509888973,0.07706466940800523,30.657401771968388,0.0912034320947227
39.79999999999894,28.515893248000967,0.0769671680000052,30.650124928000388,0.09115277312000271
39.81999999999894,28.497784412992964,0.07686980867200517,30.642823451712385,0.09110200181248271
39.83999999999894,28.479702040576964,0.07677259161600518,30.63549733273639,0.0910511181414427
39.859999999998934,28.461646166464956,0.07667551702400514,30.628146560704394,0.09100012207616273
39.87999999999894,28.443616826368952,0.07657858508800512,30.620771125248396,0.09094901358592272
39.89999999999894,28.425614056000956,0.07648179600000514,30.61337101600039,0.09089779264000272
39.919999999998936,28.40763789107296,0.07638514995200517,30.605946222592394,0.09084645920768274
39.93999999999893,28.38968836729695,0.07628864713600512,30.5984967346564,0.09079501325824277
39.959999999998935,28.37176552038495,0.07619228774400512,30.591022541824398,0.09074345476096277
39.97999999999894,28.35386938604895,0.0760960719680051,30.583523633728397,0.09069178368512275
39.999999999998934,28.336000000000954,0.07600000000000513,30.5760000000004,0.09064000000000276
40.01999999999893,28.31815739795295,0.07590407203200512,30.568451630272406,0.09058810367488279
40.03999999999893,28.30034161561695,0.07580828825600512,30.5608785141764,0.09053609467904278
40.05999999999894,28.282552688704946,0.0757126488640051,30.553280641344404,0.09048397298176278
40.07999999999893,28.264790652928944,0.07561715404800508,30.54565800140841,0.09043173855232281
40.09999999999893,28.247055544000947,0.07552180400000509,30.53801058400041,0.09037939136000281
40.11999999999893,28.22934739763294,0.07542659891200505,30.53033837875241,0.0903269313740828
40.139999999998935,28.211666249536943,0.07533153897600507,30.52264137529641,0.09027435856384282
40.15999999999893,28.19401213542494,0.07523662438400507,30.514919563264414,0.09022167289856284
40.17999999999893,28.176385091008946,0.07514185532800509,30.507172932288416,0.09016887434752284
40.19999999999893,28.158785152000945,0.07504723200000508,30.499401472000415,0.09011596288000284
40.21999999999893,28.141212354112938,0.07495275459200505,30.491605172032415,0.09006293846528282
40.23999999999893,28.123666733056936,0.07485842329600505,30.483784022016422,0.09000980107264286
40.259999999998925,28.106148324544943,0.07476423830400507,30.475938011584425,0.08995655067136288
40.27999999999893,28.088657164288936,0.07467019980800503,30.468067130368425,0.08990318723072287
40.29999999999893,28.071193288000934,0.07457630800000502,30.460171368000424,0.08984971072000286
40.31999999999893,28.05375673139293,0.074482563072005,30.452250714112424,0.08979612110848287
40.33999999999892,28.036347530176936,0.07438896521600503,30.44430515833643,0.0897424183654429
40.35999999999893,28.018965720064937,0.07429551462400504,30.436334690304427,0.0896886024601629
40.37999999999893,28.00161133676893,0.074202211488005,30.428339299648428,0.0896346733619229
40.399999999998926,27.984284416000932,0.07410905600000502,30.42031897600043,0.08958063104000291
40.41999999999892,27.966984993472927,0.074016048352005,30.412273708992437,0.08952647546368292
40.439999999998925,27.94971310489693,0.073923188736005,30.404203488256435,0.08947220660224292
40.45999999999893,27.93246878598492,0.07383047734400495,30.396108303424434,0.08941782442496292
40.479999999998924,27.91525207244893,0.07373791436800499,30.387988144128443,0.08936332890112295
40.49999999999892,27.898063000000928,0.07364550000000498,30.37984300000044,0.08930872000000295
40.51999999999892,27.88090160435293,0.073553234432005,30.37167286067244,0.08925399769088295
40.539999999998926,27.86376792121692,0.07346111785600494,30.36347771577644,0.08919916194304295
40.55999999999892,27.846661986304916,0.07336915046400493,30.355257554944444,0.08914421272576296
40.57999999999892,27.829583835328926,0.07327733244800498,30.347012367808446,0.08908915000832299
40.59999999999892,27.812533504000918,0.07318566400000494,30.33874214400045,0.089033973760003
40.619999999998925,27.79551102803292,0.07309414531200494,30.330446873152447,0.08897868395008299
40.63999999999892,27.77851644313692,0.07300277657600494,30.32212654489645,0.088923280547843
40.65999999999892,27.76154978502492,0.07291155798400493,30.31378114886445,0.08886776352256301
40.67999999999892,27.744611089408917,0.07282048972800494,30.305410674688453,0.08881213284352302
40.69999999999892,27.72770039200091,0.07272957200000489,30.297015112000455,0.08875638848000303
40.71999999999892,27.710817728512914,0.07263880499200491,30.288594450432456,0.08870053040128303
40.739999999998915,27.69396313465691,0.07254818889600491,30.28014867961646,0.08864455857664305
40.75999999999892,27.67713664614491,0.07245772390400489,30.27167778918446,0.08858847297536304
40.77999999999892,27.660338298688906,0.07236741020800487,30.263181768768458,0.08853227356672304
40.79999999999892,27.643568128000908,0.07227724800000489,30.254660608000464,0.08847596032000307
40.81999999999891,27.626826169792906,0.07218723747200488,30.246114296512467,0.08841953320448308
40.839999999998916,27.6101124597769,0.07209737881600485,30.23754282393647,0.08836299218944307
40.85999999999892,27.593427033664902,0.07200767222400485,30.22894617990446,0.08830633724416306
40.879999999998915,27.576769927168904,0.07191811788800485,30.22032435404847,0.08824956833792308
40.89999999999891,27.560141176000908,0.07182871600000489,30.211677336000474,0.08819268544000311
40.919999999998915,27.543540815872902,0.07173946675200486,30.20300511539247,0.0881356885196831
40.93999999999892,27.526968882496895,0.07165037033600481,30.194307681856472,0.08807857754624311
40.959999999998914,27.5104254115849,0.07156142694400484,30.185585025024473,0.08802135248896312
40.97999999999891,27.4939104388489,0.07147263676800485,30.176837134528476,0.08796401331712313
40.99999999999891,27.477424000000894,0.07138400000000482,30.168064000000477,0.08790656000000313
41.019999999998916,27.46096613075289,0.07129551683200479,30.159265611072477,0.08784899250688312
41.03999999999891,27.444536866816893,0.07120718745600481,30.150441957376483,0.08779131080704317
41.05999999999891,27.4281362439049,0.07111901206400482,30.141593028544484,0.08773351486976316
41.07999999999891,27.411764297728894,0.07103099084800481,30.13271881420848,0.08767560466432314
41.099999999998914,27.39542106400089,0.07094312400000478,30.123819304000484,0.08761758016000315
41.11999999999891,27.379106578432882,0.07085541171200475,30.114894487552487,0.08755944132608318
41.139999999998906,27.36282087673689,0.0707678541760048,30.105944354496486,0.0875011881318432
41.15999999999891,27.346563994624884,0.07068045158400475,30.09696889446449,0.0874428205465632
41.17999999999891,27.330335967808885,0.07059320412800475,30.08796809708849,0.08738433853952318
41.19999999999891,27.31413683200088,0.07050611200000474,30.07894195200049,0.08732574208000321
41.219999999998905,27.29796662291288,0.07041917539200475,30.0698904488325,0.08726703113728324
41.23999999999891,27.281825376256883,0.07033239449600474,30.0608135772165,0.08720820568064323
41.25999999999891,27.265713127744878,0.07024576950400473,30.0517113267845,0.08714926567936322
41.27999999999891,27.249629913088878,0.07015930060800472,30.0425836871685,0.08709021110272323
41.2999999999989,27.23357576800088,0.07007298800000474,30.0334306480005,0.08703104192000324
41.319999999998906,27.21755072819288,0.06998683187200473,30.0242521989125,0.08697175810048324
41.33999999999891,27.20155482937687,0.06990083241600469,30.0150483295365,0.08691235961344324
41.359999999998905,27.18558810726487,0.06981498982400468,30.00581902950451,0.08685284642816328
41.3799999999989,27.169650597568875,0.06972930428800471,29.996564288448507,0.08679321851392328
41.399999999998904,27.153742336000875,0.0696437760000047,29.987284096000508,0.08673347584000327
41.41999999999891,27.137863358272874,0.06955840515200469,29.97797844179251,0.08667361837568327
41.4399999999989,27.12201370009687,0.06947319193600467,29.968647315456515,0.0866136460902433
41.4599999999989,27.10619339718487,0.06938813654400468,29.959290706624515,0.08655355895296332
41.4799999999989,27.090402485248863,0.06930323916800464,29.949908604928517,0.08649335693312332
41.499999999998906,27.074641000000863,0.06921850000000464,29.940501000000516,0.08643304000000332
41.5199999999989,27.05890897715286,0.06913391923200464,29.93106788147252,0.08637260812288333
41.5399999999989,27.043206452416864,0.06904949705600465,29.921609238976522,0.08631206127104334
41.5599999999989,27.027533461504856,0.0689652336640046,29.912125062144522,0.08625139941376334
41.579999999998904,27.011890040128854,0.06888112924800459,29.90261534060852,0.08619062252032333
41.5999999999989,26.996276224000862,0.06879718400000463,29.89308006400052,0.08612973056000336
41.619999999998896,26.98069204883286,0.06871339811200462,29.883519221952525,0.08606872350208337
41.6399999999989,26.965137550336852,0.06862977177600459,29.87393280409653,0.08600760131584337
41.6599999999989,26.949612764224852,0.06854630518400458,29.864320800064526,0.08594636397056336
41.6799999999989,26.93411772620886,0.06846299852800462,29.85468319948853,0.08588501143552339
41.699999999998894,26.91865247200085,0.06837985200000458,29.845019992000537,0.08582354368000342
41.7199999999989,26.90321703731285,0.06829686579200457,29.835331167232535,0.0857619606732834
41.7399999999989,26.88781145785685,0.06821404009600456,29.825616714816537,0.0857002623846434
41.7599999999989,26.872435769344847,0.06813137510400456,29.815876624384536,0.08563844878336341
41.77999999999889,26.857090007488853,0.0680488710080046,29.806110885568543,0.08557651983872344
41.799999999998896,26.84177420800085,0.06796652800000456,29.79631948800054,0.08551447552000344
41.8199999999989,26.826488406592848,0.06788434627200456,29.78650242131254,0.08545231579648344
41.839999999998895,26.81123263897684,0.06780232601600451,29.776659675136546,0.08539004063744346
41.85999999999889,26.796006940864846,0.06772046742400455,29.76679123910455,0.08532765001216346
41.879999999998894,26.78081134796884,0.06763877068800452,29.756897102848548,0.08526514388992346
41.8999999999989,26.765645896000834,0.06755723600000448,29.746977256000548,0.08520252224000346
41.91999999999889,26.75051062067284,0.06747586355200454,29.737031688192552,0.08513978503168348
41.93999999999889,26.735405557696843,0.06739465353600453,29.727060389056554,0.08507693223424351
41.95999999999889,26.720330742784835,0.06731360614400449,29.717063348224556,0.0850139638169635
41.979999999998896,26.70528621164883,0.06723272156800446,29.707040555328554,0.08495087974912349
41.99999999999889,26.69027200000083,0.06715200000000447,29.696992000000556,0.08488768000000349
42.01999999999889,26.675288143552837,0.0670714416320045,29.68691767187256,0.08482436453888353
42.03999999999889,26.660334678016834,0.06699104665600449,29.67681756057656,0.08476093333504353
42.059999999998894,26.64541163910482,0.06691081526400443,29.66669165574456,0.08469738635776353
42.07999999999889,26.63051906252883,0.06683074764800447,29.65653994700856,0.08463372357632354
42.099999999998886,26.61565698400083,0.06675084400000446,29.646362424000564,0.08456994496000356
42.11999999999889,26.600825439232818,0.0666711045120044,29.636159076352566,0.08450605047808356
42.13999999999889,26.586024463936816,0.06659152937600439,29.625929893696572,0.08444204009984357
42.15999999999889,26.57125409382482,0.06651211878400441,29.615674865664573,0.08437791379456358
42.179999999998884,26.55651436460882,0.06643287292800441,29.605393981888575,0.0843136715315236
42.19999999999889,26.541805312000818,0.0663537920000044,29.595087232000573,0.08424931328000358
42.21999999999889,26.527126971712814,0.06627487619200438,29.584754605632572,0.08418483900928359
42.239999999998886,26.512479379456817,0.0661961256960044,29.574396092416578,0.08412024868864362
42.25999999999888,26.497862570944818,0.0661175407040044,29.56401168198458,0.08405554228736362
42.279999999998886,26.483276581888813,0.06603912140800437,29.553601363968582,0.08399071977472361
42.29999999999889,26.468721448000807,0.06596086800000435,29.54316512800058,0.08392578112000362
42.319999999998885,26.454197204992806,0.06588278067200433,29.532702963712584,0.08386072629248363
42.33999999999888,26.439703888576812,0.06580485961600437,29.52221486073659,0.08379555526144367
42.359999999998884,26.425241534464813,0.06572710502400438,29.51170080870459,0.08373026799616365
42.37999999999889,26.410810178368806,0.06564951708800433,29.501160797248588,0.08366486446592367
42.39999999999888,26.3964098560008,0.06557209600000431,29.49059481600059,0.08359934464000367
42.41999999999888,26.382040603072802,0.06549484195200432,29.480002854592595,0.08353370848768368
42.43999999999888,26.3677024552968,0.0654177551360043,29.469384902656593,0.08346795597824368
42.459999999998885,26.353395448384795,0.06534083574400427,29.458740949824595,0.08340208708096367
42.47999999999888,26.339119618048795,0.06526408396800427,29.4480709857286,0.08333610176512371
42.49999999999888,26.324875000000798,0.0651875000000043,29.4373750000006,0.08327000000000372
42.51999999999888,26.310661629952797,0.06511108403200429,29.4266529822726,0.08320378175488372
42.539999999998884,26.296479543616794,0.06503483625600427,29.415904922176598,0.08313744699904371
42.55999999999888,26.28232877670479,0.06495875686400425,29.4051308093446,0.08307099570176373
42.579999999998876,26.268209364928794,0.06488284604800428,29.394330633408607,0.08300442783232376
42.59999999999888,26.254121344000787,0.06480710400000424,29.38350438400061,0.08293774336000376
42.61999999999888,26.240064749632783,0.06473153091200422,29.372652050752606,0.08287094225408376
42.63999999999888,26.226039617536784,0.06465612697600422,29.36177362329661,0.08280402448384376
42.659999999998874,26.212045983424787,0.06458089238400423,29.350869091264613,0.08273699001856377
42.67999999999888,26.19808388300878,0.06450582732800421,29.339938444288617,0.0826698388275238
42.69999999999888,26.18415335200078,0.0644309320000042,29.328981672000616,0.08260257088000378
42.719999999998876,26.170254426112784,0.06435620659200421,29.31799876403262,0.0825351861452838
42.73999999999887,26.156387141056783,0.0642816512960042,29.30698971001662,0.08246768459264381
42.759999999998875,26.14255153254478,0.06420726630400418,29.29595449958462,0.08240006619136381
42.77999999999888,26.128747636288775,0.06413305180800417,29.284893122368622,0.0823323309107238
42.799999999998875,26.114975488000773,0.06405900800000415,29.273805568000625,0.08226447872000384
42.81999999999887,26.10123512339278,0.06398513507200419,29.26269182611263,0.08219650958848385
42.839999999998874,26.087526578176774,0.06391143321600416,29.251551886336628,0.08212842348544384
42.85999999999888,26.07384988806477,0.06383790262400414,29.240385738304628,0.08206022038016383
42.87999999999887,26.060205088768768,0.06376454348800413,29.229193371648627,0.08199190024192385
42.89999999999887,26.04659221600077,0.06369135600000415,29.217974776000638,0.08192346304000389
42.91999999999887,26.03301130547277,0.06361834035200413,29.206729940992638,0.08185490874368388
42.939999999998875,26.01946239289676,0.06354549673600408,29.195458856256636,0.08178623732224388
42.95999999999887,26.005945513984763,0.0634728253440041,29.184161511424637,0.0817174487449639
42.97999999999887,25.992460704448767,0.06340032636800412,29.17283789612864,0.0816485429811239
42.99999999999887,25.97900800000076,0.06332800000000409,29.161488000000638,0.0815795200000039
43.01999999999887,25.96558743635275,0.06325584643200403,29.15011181267264,0.0815103797708839
43.03999999999887,25.95219904921676,0.06318386585600409,29.138709323776645,0.08144112226304392
43.059999999998865,25.938842874304758,0.06311205846400407,29.127280522944652,0.08137174744576395
43.07999999999887,25.925518947328754,0.06304042444800405,29.11582539980865,0.08130225528832394
43.09999999999887,25.912227304000744,0.062968964000004,29.10434394400065,0.08123264576000394
43.11999999999887,25.898967980032744,0.062897677312004,29.092836145152653,0.08116291883008395
43.139999999998864,25.88574101113675,0.06282656457600404,29.081301992896655,0.08109307446784399
43.15999999999887,25.872546433024745,0.06275562598400401,29.069741476864657,0.08102311264256398
43.17999999999887,25.85938428140874,0.06268486172800398,29.058154586688655,0.08095303332352398
43.199999999998866,25.84625459200074,0.06261427200000398,29.04654131200066,0.080882836480004
43.21999999999886,25.83315740051275,0.06254385699200403,29.034901642432665,0.08081252208128402
43.239999999998865,25.82009274265674,0.06247361689600399,29.023235567616666,0.08074209009664401
43.25999999999887,25.80706065414474,0.06240355190400397,29.011543077184665,0.08067154049536401
43.279999999998864,25.79406117068874,0.06233366220800397,28.999824160768664,0.08060087324672402
43.29999999999886,25.781094328000737,0.06226394800000397,28.98807880800067,0.08053008832000404
43.31999999999886,25.768160161792736,0.062194409472003956,28.97630700851267,0.08045918568448403
43.33999999999887,25.755258707776733,0.062125046816003934,28.96450875193667,0.08038816530944404
43.35999999999886,25.74239000166473,0.06205586022400393,28.952684027904674,0.08031702716416406
43.37999999999886,25.729554079168732,0.061986849888003945,28.940832826048677,0.08024577121792409
43.39999999999886,25.71675097600073,0.06191801600000392,28.928955136000674,0.08017439744000407
43.419999999998865,25.70398072787272,0.06184935875200388,28.917050947392678,0.08010290579968407
43.43999999999886,25.69124337049672,0.06178087833600389,28.90512024985668,0.08003129626624408
43.45999999999886,25.678538939584726,0.06171257494400391,28.893163033024685,0.07995956880896411
43.47999999999886,25.665867470848724,0.06164444876800389,28.881179286528685,0.0798877233971241
43.49999999999886,25.65322900000072,0.06157650000000388,28.86916900000068,0.0798157600000041
43.51999999999886,25.640623562752715,0.06150872883200385,28.857132163072688,0.07974367858688411
43.539999999998855,25.62805119481672,0.06144113545600387,28.845068765376688,0.07967147912704414
43.55999999999886,25.615511931904713,0.06137372006400384,28.83297879654469,0.07959916158976413
43.57999999999886,25.60300580972871,0.061306482848003815,28.82086224620869,0.07952672594432413
43.59999999999886,25.59053286400071,0.06123942400000383,28.808719104000698,0.07945417216000417
43.61999999999885,25.578093130432716,0.061172543712003855,28.796549359552696,0.07938150020608417
43.63999999999886,25.565686644736708,0.0611058421760038,28.784353002496697,0.07930871005184417
43.65999999999886,25.553313442624702,0.061039319584003784,28.772130022464697,0.07923580166656416
43.679999999998856,25.540973559808705,0.0609729761280038,28.759880409088705,0.07916277501952419
43.69999999999885,25.528667032000705,0.06090681200000379,28.747604152000704,0.07908963008000422
43.719999999998855,25.5163938949127,0.06084082739200376,28.735301240832705,0.0790163668172842
43.73999999999886,25.504154184256695,0.060775022496003736,28.722971665216708,0.0789429852006442
43.759999999998854,25.491947935744694,0.06070939750400374,28.71061541478471,0.07886948519936421
43.77999999999885,25.4797751850887,0.06064395260800377,28.698232479168716,0.07879586678272424
43.79999999999885,25.467635968000696,0.06057868800000375,28.68582284800071,0.07872212992000424
43.819999999998856,25.455530320192693,0.06051360387200373,28.673386510912714,0.07864827458048423
43.83999999999885,25.44345827737669,0.06044870041600371,28.660923457536718,0.07857430073344425
43.85999999999885,25.43141987526469,0.06038397782400372,28.64843367750472,0.07850020834816426
43.87999999999885,25.419415149568685,0.060319436288003694,28.635917160448717,0.07842599739392427
43.899999999998855,25.407444136000688,0.060255076000003696,28.623373896000714,0.07835166784000426
43.91999999999885,25.395506870272687,0.060190897152003695,28.610803873792726,0.0782772196556843
43.93999999999885,25.383603388096684,0.06012689993600369,28.598207083456728,0.07820265281024431
43.95999999999885,25.37173372518468,0.06006308454400365,28.585583514624727,0.07812796727296431
43.97999999999885,25.359897917248674,0.059999451168003634,28.572933156928727,0.0780531630131243
43.99999999999885,25.348096000000677,0.05993600000000364,28.560256000000727,0.07797824000000432
44.019999999998845,25.336328009152677,0.05987273123200364,28.547552033472734,0.07790319820288436
44.03999999999885,25.324593980416672,0.05980964505600363,28.534821246976733,0.07782803759104434
44.05999999999885,25.31289394950467,0.05974674166400361,28.522063630144732,0.07775275813376434
44.07999999999885,25.30122795212867,0.05968402124800361,28.509279172608736,0.07767735980032435
44.09999999999884,25.28959602400067,0.0596214840000036,28.496467864000742,0.07760184256000437
44.119999999998846,25.277998200832663,0.059559130112003575,28.483629693952743,0.07752620638208436
44.13999999999885,25.26643451833667,0.0594969597760036,28.47076465209674,0.07745045123584438
44.159999999998846,25.254905012224665,0.05943497318400358,28.457872728064743,0.07737457709056439
44.17999999999884,25.243409718208664,0.059373170528003574,28.44495391148875,0.07729858391552441
44.199999999998845,25.231948672000662,0.059311552000003556,28.43200819200075,0.0772224716800044
44.21999999999885,25.220521909312655,0.05925011779200352,28.419035559232746,0.0771462403532844
44.239999999998844,25.209129465856662,0.05918886809600356,28.406036002816755,0.07706988990464443
44.25999999999884,25.197771377344655,0.05912780310400352,28.393009512384758,0.07699342030336445
44.27999999999884,25.186447679488655,0.05906692300800352,28.379956077568757,0.07691683151872444
44.299999999998846,25.17515840800065,0.059006228000003505,28.366875688000754,0.07684012352000444
44.31999999999884,25.16390359859265,0.0589457182720035,28.353768333312757,0.07676329627648446
44.33999999999884,25.15268328697665,0.0588853940160035,28.340634003136763,0.0766863497574445
44.35999999999884,25.141497508864646,0.05882525542400348,28.327472687104766,0.07660928393216448
44.379999999998844,25.13034629996865,0.05876530268800349,28.314284374848764,0.07653209876992448
44.39999999999884,25.119229696000644,0.05870553600000346,28.30106905600077,0.0764547942400045
44.419999999998836,25.10814773267264,0.058645955552003456,28.287826720192772,0.07637737031168451
44.43999999999884,25.097100445696636,0.05858656153600343,28.274557357056768,0.0762998269542445
44.45999999999884,25.086087870784635,0.05852735414400341,28.26126095622477,0.07622216413696449
44.47999999999884,25.075110043648642,0.05846833356800345,28.247937507328775,0.07614438182912453
44.499999999998835,25.064167000000637,0.05840950000000343,28.23458700000078,0.07606648000000454
44.51999999999884,25.053258775552635,0.058350853632003416,28.22120942387278,0.07598845861888454
44.53999999999884,25.04238540601663,0.0582923946560034,28.207804768576775,0.07591031765504454
44.55999999999884,25.031546927104625,0.05823412326400336,28.19437302374478,0.07583205707776455
44.57999999999883,25.02074337452863,0.0581760396480034,28.180914179008788,0.07575367685632459
44.599999999998836,25.00997478400063,0.05811814400000338,28.167428224000787,0.07567517696000459
44.61999999999884,24.999241191232624,0.05806043651200336,28.153915148352784,0.07559655735808457
44.639999999998835,24.98854263193662,0.05800291737600334,28.140374941696788,0.07551781801984458
44.65999999999883,24.977879141824623,0.05794558678400334,28.126807593664793,0.0754389589145646
44.679999999998834,24.96725075660862,0.05788844492800334,28.113213093888795,0.07535998001152462
44.69999999999884,24.956657512000618,0.05783149200000333,28.099591432000793,0.07528088128000462
44.719999999998834,24.946099443712615,0.05777472819200331,28.085942597632798,0.07520166268928463
44.73999999999883,24.935576587456616,0.05771815369600332,28.072266580416798,0.07512232420864465
44.75999999999883,24.925088978944608,0.05766176870400326,28.058563369984803,0.07504286580736465
44.779999999998836,24.914636653888603,0.05760557340800325,28.044832955968797,0.07496328745472464
44.79999999999883,24.90421964800061,0.057549568000003284,28.031075328000803,0.07488358912000467
44.81999999999883,24.893837996992605,0.057493752672003254,28.01729047571281,0.07480377077248469
44.83999999999883,24.88349173657661,0.05743812761600327,28.00347838873681,0.07472383238144469
44.859999999998834,24.873180902464604,0.05738269302400324,27.989639056704807,0.07464377391616467
44.87999999999883,24.8629055303686,0.05732744908800323,27.97577246924881,0.07456359534592469
44.899999999998826,24.852665656000603,0.05727239600000324,27.961878616000817,0.07448329664000472
44.91999999999883,24.8424613150726,0.05721753395200323,27.947957486592813,0.07440287776768473
44.93999999999883,24.832292543296596,0.0571628631360032,27.934009070656817,0.07432233869824471
44.95999999999883,24.822159376384594,0.05710838374400319,27.92003335782482,0.07424167940096474
44.979999999998824,24.812061850048593,0.05705409596800319,27.906030337728822,0.07416089984512475
44.99999999999883,24.80200000000059,0.05700000000000317,27.89200000000082,0.07408000000000474
45.01999999999883,24.791973861952584,0.05694609603200314,27.877942334272824,0.07399897983488474
45.03999999999883,24.781983471616588,0.05689238425600317,27.863857330176828,0.07391783931904478
45.05999999999882,24.772028864704584,0.05683886486400315,27.84974497734483,0.07383657842176479
45.079999999998826,24.76211007692858,0.05678553804800311,27.83560526540883,0.07375519711232478
45.09999999999883,24.752227144000578,0.05673240400000311,27.821438184000833,0.07367369536000477
45.119999999998825,24.742380101632573,0.056679462912003084,27.807243722752833,0.0735920731340848
45.13999999999882,24.73256898553658,0.05662671497600312,27.79302187129684,0.07351033040384483
45.159999999998824,24.72279383142458,0.056574160384003105,27.77877261926484,0.07342846713856482
45.17999999999883,24.71305467500857,0.05652179932800307,27.764495956288837,0.07334648330752482
45.19999999999882,24.70335155200057,0.05646963200000306,27.750191872000844,0.07326437888000484
45.21999999999882,24.69368449811257,0.05641765859200308,27.735860356032852,0.07318215382528487
45.23999999999882,24.684053549056568,0.05636587929600305,27.721501398016848,0.07309980811264487
45.259999999998826,24.674458740544562,0.05631429430400302,27.70711498758485,0.07301734171136487
45.27999999999882,24.66490010828856,0.056262903808003015,27.69270111436885,0.07293475459072488
45.29999999999882,24.655377688000563,0.05621170800000304,27.67825976800085,0.07285204672000489
45.31999999999882,24.64589151539256,0.056160707072003005,27.663790938112854,0.07276921806848488
45.339999999998824,24.636441626176552,0.05610990121600297,27.649294614336853,0.07268626860544489
45.35999999999882,24.627028056064553,0.056059290624002986,27.63477078630486,0.07260319830016491
45.379999999998816,24.61765084076855,0.05600887548800297,27.620219443648864,0.07252000712192494
45.39999999999882,24.608310016000548,0.05595865600000295,27.60564057600086,0.07243669504000494
45.41999999999882,24.59900561747255,0.055908632352002954,27.591034172992863,0.07235326202368492
45.43999999999882,24.589737680896544,0.05585880473600292,27.576400224256865,0.07226970804224495
45.459999999998814,24.580506241984548,0.05580917334400294,27.561738719424874,0.07218603306496497
45.47999999999882,24.57131133644854,0.05575973836800292,27.54704964812887,0.07210223706112497
45.49999999999882,24.562153000000542,0.055710500000002924,27.532333000000868,0.07201832000000497
45.51999999999882,24.553031268352537,0.05566145843200289,27.517588764672876,0.07193428185088498
45.53999999999881,24.54394617721654,0.0556126138560029,27.502816931776877,0.07185012258304499
45.559999999998816,24.53489776230453,0.05556396646400287,27.488017490944877,0.071765842165765
45.57999999999882,24.52588605932853,0.05551551644800286,27.473190431808874,0.07168144056832498
45.599999999998815,24.51691110400053,0.05546726400000286,27.45833574400088,0.07159691776000501
45.61999999999881,24.50797293203253,0.05541920931200285,27.443453417152888,0.07151227371008503
45.639999999998814,24.499071579136526,0.05537135257600283,27.428543440896885,0.07142750838784503
45.65999999999882,24.490207081024522,0.05532369398400282,27.413605804864883,0.07134262176256502
45.67999999999881,24.481379473408523,0.05527623372800282,27.39864049868889,0.07125761380352506
45.69999999999881,24.472588792000526,0.05522897200000283,27.383647512000895,0.07117248448000507
45.71999999999881,24.463835072512516,0.05518190899200277,27.368626834432895,0.07108723376128508
45.739999999998815,24.455118350656516,0.05513504489600278,27.35357845561689,0.07100186161664507
45.75999999999881,24.446438662144516,0.05508837990400277,27.338502365184894,0.07091636801536509
45.77999999999881,24.437796042688515,0.055041914208002765,27.323398552768904,0.07083075292672512
45.79999999999881,24.42919052800051,0.05499564800000274,27.308267008000904,0.07074501632000511
45.819999999998814,24.42062215379251,0.054949581472002754,27.2931077205129,0.0706591581644851
45.83999999999881,24.412090955776506,0.054903714816002716,27.277920679936905,0.07057317842944513
45.859999999998806,24.403596969664505,0.05485804822400271,27.262705875904906,0.07048707708416514
45.87999999999881,24.395140231168497,0.054812581888002684,27.247463298048906,0.07040085409792514
45.89999999999881,24.386720776000498,0.05476731600000269,27.232192936000907,0.07031450944000513
45.91999999999881,24.378338639872503,0.054722250752002696,27.216894779392913,0.07022804307968517
45.939999999998804,24.369993858496503,0.054677386336002706,27.201568817856916,0.07014145498624519
45.95999999999881,24.361686467584494,0.05463272294400266,27.186215041024916,0.07005474512896517
45.97999999999881,24.353416502848493,0.05458826076800265,27.170833438528916,0.06996791347712517
45.999999999998806,24.34518400000049,0.05454400000000263,27.15542400000092,0.06988096000000518
46.0199999999988,24.336988994752492,0.054499940832002644,27.139986715072926,0.06979388466688523
46.039999999998805,24.328831522816483,0.0544560834560026,27.124521573376924,0.06970668744704522
46.05999999999881,24.32071161990448,0.05441242806400258,27.109028564544925,0.06961936830976521
46.079999999998805,24.31262932172848,0.054368974848002585,27.09350767820893,0.06953192722432523
46.0999999999988,24.30458466400048,0.05432572400000259,27.077958904000933,0.06944436416000524
46.119999999998804,24.29657768243248,0.054282675712002584,27.062382231552927,0.06935667908608524
46.13999999999881,24.288608412736473,0.05423983017600255,27.046777650496935,0.06926887197184525
46.1599999999988,24.28067689062447,0.054197187584002535,27.031145150464937,0.06918094278656528
46.1799999999988,24.272783151808472,0.05415474812800254,27.015484721088942,0.0690928914995253
46.1999999999988,24.264927232000467,0.05411251200000251,26.999796352000942,0.06900471808000529
46.219999999998805,24.257109166912464,0.054070479392002505,26.98408003283294,0.06891642249728527
46.2399999999988,24.249328992256466,0.054028650496002514,26.968335753216945,0.06882800472064532
46.2599999999988,24.241586743744467,0.053987025504002514,26.952563502784948,0.06873946471936533
46.2799999999988,24.233882457088466,0.053945604608002504,26.936763271168946,0.06865080246272533
46.2999999999988,24.226216168000455,0.053904388000002454,26.92093504800095,0.06856201792000532
46.3199999999988,24.218587912192454,0.05386337587200245,26.90507882291295,0.06847311106048534
46.339999999998795,24.210997725376455,0.053822568416002456,26.88919458553696,0.06838408185344538
46.3599999999988,24.203445643264455,0.05378196582400245,26.873282325504956,0.06829493026816537
46.3799999999988,24.19593170156845,0.05374156828800243,26.857342032448955,0.06820565627392536
46.3999999999988,24.18845593600045,0.053701376000002424,26.84137369600096,0.06811625984000538
46.419999999998794,24.181018382272445,0.0536613891520024,26.825377305792966,0.06802674093568539
46.4399999999988,24.173619076096443,0.05362160793600239,26.80935285145696,0.06793709953024539
46.4599999999988,24.166258053184443,0.053582032544002386,26.793300322624958,0.06784733559296538
46.479999999998796,24.158935349248438,0.053542663168002366,26.777219708928968,0.06775744909312542
46.49999999999879,24.15165100000044,0.05350350000000238,26.761111000000973,0.06766744000000544
46.519999999998795,24.144405041152435,0.05346454323200235,26.74497418547297,0.06757730828288544
46.5399999999988,24.13719750841643,0.05342579305600233,26.728809254976973,0.06748705391104542
46.559999999998794,24.13002843750443,0.05338724966400231,26.71261619814498,0.06739667685376544
46.57999999999879,24.122897864128433,0.053348913248002325,26.69639500460898,0.06730617708032549
46.59999999999879,24.115805824000425,0.05331078400000229,26.680145664000985,0.06721555456000548
46.6199999999988,24.10875235283242,0.05327286211200226,26.663868165952984,0.06712480926208547
46.63999999999879,24.101737486336418,0.05323514777600226,26.64756250009699,0.06703394115584549
46.65999999999879,24.09476126022442,0.05319764118400226,26.631228656064987,0.06694295021056551
46.67999999999879,24.087823710208415,0.05316034252800224,26.614866623488993,0.06685183639552553
46.699999999998795,24.080924872000416,0.053123252000002244,26.59847639200099,0.06676059968000551
46.71999999999879,24.074064781312412,0.05308636979200222,26.582057951232994,0.06666924003328553
46.73999999999879,24.067243473856408,0.0530496960960022,26.565611290817,0.06657775742464556
46.75999999999879,24.06046098534441,0.053013231104002204,26.549136400384995,0.06648615182336555
46.77999999999879,24.053717351488405,0.05297697500800218,26.532633269568997,0.06639442319872554
46.79999999999879,24.047012608000404,0.05294092800000218,26.516101888001003,0.06630257152000558
46.819999999998785,24.0403467905924,0.05290509027200217,26.499542245313005,0.0662105967564856
46.83999999999879,24.033719934976403,0.052869462016002164,26.482954331137005,0.06611849887744559
46.85999999999879,24.0271320768644,0.05283404342400215,26.466338135105,0.06602627785216558
46.87999999999879,24.02058325196839,0.0527988346880021,26.44969364684901,0.0659339336499256
46.89999999999878,24.014073496000393,0.052763836000002104,26.43302085600102,0.06584146624000564
46.91999999999879,24.00760284467239,0.0527290475520021,26.41631975219302,0.06574887559168563
46.93999999999879,24.001171333696387,0.052694469536002084,26.399590325057016,0.06565616167424562
46.959999999998786,23.994778998784387,0.05266010214400209,26.38283256422502,0.06556332445696564
46.97999999999878,23.988425875648385,0.05262594556800208,26.36604645932902,0.06547036390912565
46.999999999998785,23.982112000000377,0.05259200000000204,26.34923200000102,0.06537728000000566
47.01999999999879,23.97583740755238,0.05255826563200204,26.33238917587302,0.06528407269888564
47.039999999998784,23.969602134016384,0.05252474265600206,26.315517976577027,0.06519074197504568
47.05999999999878,23.963406215104374,0.052491431264002006,26.29861839174503,0.0650972877977657
47.07999999999878,23.95724968652837,0.052458331648001996,26.28169041100903,0.06500371013632569
47.099999999998786,23.951132584000373,0.052425444000002,26.26473402400103,0.06491000896000569
47.11999999999878,23.945054943232364,0.05239276851200196,26.247749220353032,0.0648161842380857
47.13999999999878,23.93901679993637,0.05236030537600199,26.23073598969704,0.06472223593984575
47.15999999999878,23.933018189824363,0.052328054784001946,26.21369432166504,0.06462816403456574
47.179999999998785,23.92705914860836,0.05229601692800194,26.19662420588904,0.06453396849152573
47.19999999999878,23.92113971200036,0.052264192000001944,26.17952563200104,0.06443964928000576
47.21999999999878,23.915259915712358,0.05223258019200193,26.162398589633053,0.0643452063692858
47.23999999999878,23.90941979545636,0.05220118169600192,26.145243068417052,0.06425063972864578
47.25999999999878,23.903619386944357,0.05216999670400192,26.128059057985045,0.06415594932736578
47.27999999999878,23.89785872588835,0.0521390254080019,26.110846547969054,0.0640611351347258
47.299999999998775,23.892137848000345,0.05210826800000186,26.093605528001056,0.06396619712000581
47.31999999999878,23.886456788992348,0.05207772467200188,26.07633598771305,0.0638711352524858
47.33999999999878,23.880815584576343,0.05204739561600184,26.059037916737054,0.0637759495014458
47.35999999999878,23.87521427046434,0.05201728102400184,26.041711304705064,0.06368063983616584
47.37999999999877,23.869652882368335,0.05198738108800181,26.02435614124907,0.06358520622592587
47.399999999998776,23.864131456000333,0.05195769600000179,26.006972416001062,0.06348964864000586
47.41999999999878,23.858650027072333,0.05192822595200179,25.98956011859306,0.06339396704768585
47.439999999998776,23.85320863129633,0.05189897113600177,25.97211923865707,0.06329816141824586
47.45999999999877,23.847807304384332,0.0518699317440018,25.954649765825074,0.06320223172096591
47.479999999998775,23.84244608204833,0.05184110796800177,25.937151689729077,0.0631061779251259
47.49999999999878,23.83712500000032,0.05181250000000172,25.919625000001073,0.0630100000000059
47.519999999998774,23.83184409395232,0.051784108032001716,25.902069686273077,0.06291369791488591
47.53999999999877,23.826603399616324,0.05175593225600174,25.88448573817708,0.06281727163904594
47.55999999999877,23.821402952704315,0.0517279728640017,25.86687314534508,0.06272072114176591
47.579999999998776,23.816242788928317,0.051700230048001714,25.849231897409076,0.06262404639232591
47.59999999999877,23.811122944000314,0.05167270400000169,25.831561984001087,0.06252724736000595
47.61999999999877,23.80604345363231,0.051645394912001666,25.813863394753092,0.06243032401408598
47.63999999999877,23.801004353536307,0.05161830297600166,25.79613611929709,0.06233327632384597
47.659999999998774,23.7960056794243,0.05159142838400162,25.77838014726509,0.06223610425856596
47.67999999999877,23.7910474670083,0.05156477132800162,25.760595468289097,0.062138807787526
47.69999999999877,23.786129752000306,0.051538332000001644,25.7427820720011,0.062041386880006016
47.71999999999877,23.7812525701123,0.05151211059200163,25.724939948033096,0.061943841505286014
47.73999999999877,23.776415957056297,0.0514861072960016,25.707069086017096,0.061846171632645996
47.75999999999877,23.771619948544295,0.05146032230400159,25.6891694755851,0.06174837723136602
47.779999999998765,23.766864580288292,0.05143475580800157,25.67124110636911,0.061650458270726065
47.79999999999877,23.762149888000287,0.05140940800000156,25.65328396800111,0.06155241472000606
47.81999999999877,23.757475907392283,0.051384279072001535,25.635298050113107,0.06145424654848605
47.83999999999877,23.752842674176282,0.051359369216001524,25.617283342337114,0.06135595372544607
47.85999999999876,23.748250224064282,0.051334678624001526,25.599239834305116,0.06125753622016608
47.879999999998766,23.74369859276828,0.05131020748800151,25.581167515649113,0.06115899400192608
47.89999999999877,23.739187816000275,0.05128595600000148,25.56306637600111,0.06106032704000607
47.919999999998765,23.734717929472275,0.051261924352001484,25.544936404993123,0.060961535303686115
47.93999999999876,23.73028896889627,0.05123811273600147,25.526777592257126,0.060862618762246135
47.959999999998765,23.725900969984274,0.051214521344001465,25.508589927425124,0.06076357738496612
47.97999999999877,23.721553968448266,0.05119115036800144,25.490373400129123,0.06066441114112612
47.999999999998764,23.717248000000268,0.05116800000000145,25.472128000001128,0.060565120000006134
48.01999999999876,23.712983100352268,0.051145070432001435,25.453853716673134,0.060465703930886176
48.03999999999876,23.708759305216258,0.0511223618560014,25.435550539777132,0.060366162903046174
48.059999999998766,23.704576650304254,0.05109987446400137,25.417218458945136,0.060266496885766165
48.07999999999876,23.700435171328255,0.05107760844800137,25.398857463809136,0.06016670584832618
48.09999999999876,23.696334904000256,0.05105556400000137,25.38046754400114,0.0600667897600062
48.11999999999876,23.69227588403225,0.05103374131200135,25.362048689153138,0.05996674859008619
48.139999999998764,23.688258147136253,0.051012140576001355,25.343600888897143,0.05986658230784621
48.15999999999876,23.684281729024242,0.05099076198400131,25.32512413286515,0.05976629088256623
48.179999999998756,23.680346665408244,0.05096960572800131,25.30661841068915,0.059665874283526245
48.19999999999876,23.676452992000243,0.05094867200000132,25.288083712001146,0.059565332480006235
48.21999999999876,23.67260074451224,0.050927960992001295,25.269520026433145,0.05946466544128623
48.23999999999876,23.668789958656234,0.05090747289600127,25.25092734361716,0.059363873136646275
48.259999999998755,23.665020670144234,0.050887207904001266,25.23230565318516,0.0592629555353663
48.27999999999876,23.66129291468823,0.05086716620800123,25.21365494476916,0.059161912606726284
48.29999999999876,23.65760672800023,0.05084734800000122,25.194975208001157,0.05906074432000628
48.31999999999876,23.653962145792228,0.05082775347200123,25.176266432513163,0.058959450644486294
48.33999999999875,23.65035920377622,0.05080838281600118,25.157528607937174,0.05885803154944635
48.359999999998756,23.646797937664225,0.05078923622400121,25.13876172390517,0.05875648700416633
48.37999999999876,23.643278383168216,0.05077031388800117,25.11996577004917,0.05865481697792632
48.399999999998755,23.639800576000212,0.05075161600000115,25.10114073600117,0.05855302144000635
48.41999999999875,23.636364551872212,0.05073314275200115,25.082286611393176,0.05845110035968636
48.439999999998754,23.63297034649621,0.05071489433600114,25.063403385857175,0.05834905370624635
48.45999999999876,23.62961799558421,0.05069687094400112,25.044491049025172,0.058246881448966344
48.47999999999875,23.626307534848205,0.05067907276800111,25.025549590529184,0.058144583557126386
48.49999999999875,23.623039000000205,0.050661500000001095,25.006579000001185,0.05804216000000641
48.51999999999875,23.6198124267522,0.05064415283200109,24.987579267073183,0.0579396107468864
48.539999999998756,23.6166278508162,0.05062703145600107,24.968550381377185,0.05783693576704639
48.55999999999875,23.6134853079042,0.05061013606400107,24.949492332545187,0.05773413502976641
48.57999999999875,23.61038483372819,0.05059346684800102,24.9304051102092,0.057631208504326466
48.59999999999875,23.607326464000188,0.05057702400000101,24.911288704001194,0.057528156160006456
48.619999999998754,23.604310234432187,0.05056080771200101,24.89214310355319,0.057424977966086435
48.63999999999875,23.601336180736183,0.050544818176001,24.8729682984972,0.05732167389184646
48.659999999998746,23.598404338624185,0.05052905558400099,24.853764278465203,0.05721824390656648
48.67999999999875,23.595514743808177,0.05051352012800096,24.834531033089206,0.0571146879795265
48.69999999999875,23.592667432000177,0.050498212000000944,24.815268552001204,0.05701100608000649
48.71999999999875,23.589862438912174,0.05048313139200093,24.79597682483321,0.05690719817728651
48.739999999998744,23.587099800256173,0.050468278496000926,24.776655841217213,0.05680326424064653
48.75999999999875,23.58437955174417,0.050453653504000925,24.75730559078521,0.056699204239366516
48.77999999999875,23.581701729088163,0.050439256608000874,24.73792606316921,0.056595018142726515
48.79999999999875,23.579066368000163,0.05042508800000088,24.71851724800122,0.05649070592000655
48.81999999999874,23.576473504192165,0.05041114787200089,24.69907913491322,0.056386267540486576
48.839999999998746,23.573923173376162,0.050397436416000876,24.67961171353722,0.05628170297344656
48.85999999999875,23.571415411264155,0.050383953824000835,24.660114973505223,0.05617701218816656
48.879999999998745,23.568950253568154,0.05037070028800082,24.640588904449224,0.05607219515392658
48.89999999999874,23.56652773600015,0.05035767600000081,24.621033496001235,0.05596725184000662
48.919999999998744,23.564147894272146,0.050344881152000795,24.601448737793234,0.05586218221568662
48.93999999999875,23.56181076409615,0.05033231593600081,24.58183461945723,0.055756986250246596
48.95999999999874,23.559516381184142,0.05031998054400076,24.562191130625234,0.05565166391296663
48.97999999999874,23.557264781248143,0.05030787516800077,24.542518260929242,0.05554621517312664
48.99999999999874,23.55505600000014,0.05029600000000074,24.52281600000124,0.05544064000000663
49.019999999998745,23.55289007315214,0.05028435523200074,24.503084337473236,0.055334938362886624
49.03999999999874,23.550767036416136,0.05027294105600073,24.483323262977244,0.055229110231046666
49.05999999999874,23.548686925504132,0.05026175766400072,24.463532766145246,0.05512315557376669
49.07999999999874,23.54664977612813,0.0502508052480007,24.443712836609247,0.055017074360326684
49.099999999998744,23.544655624000125,0.05024008400000067,24.423863464001244,0.054910866560006676
49.11999999999874,23.542704504832116,0.05022959411200063,24.403984637953254,0.05480453214208669
49.139999999998736,23.540796454336117,0.05021933577600064,24.38407634809726,0.054698071075846746
49.15999999999874,23.538931508224113,0.050209309184000614,24.36413858406526,0.05459148333056674
49.17999999999874,23.537109702208113,0.0501995145280006,24.344171335489257,0.05448476887552672
49.19999999999874,23.535331072000112,0.05018995200000061,24.32417459200126,0.05437792768000674
49.219999999998734,23.533595653312105,0.05018062179200057,24.304148343233273,0.05427095971328679
49.23999999999874,23.53190348185611,0.05017152409600058,24.28409257881727,0.054163864944646783
49.25999999999874,23.530254593344104,0.05016265910400057,24.26400728838527,0.05405664334336677
49.279999999998736,23.528649023488097,0.05015402700800052,24.243892461569274,0.053949294878726795
49.29999999999873,23.527086808000096,0.05014562800000051,24.22374808800128,0.053841819520006814
49.319999999998736,23.525567982592094,0.05013746227200051,24.203574157313273,0.0537342172364868
49.33999999999874,23.524092582976092,0.0501295300160005,24.18337065913727,0.05362648799744679
49.359999999998735,23.522660644864086,0.050121831424000465,24.163137583105286,0.05351863177216685
49.37999999999873,23.52127220396809,0.05011436668800047,24.142874918849287,0.053410648529926864
49.399999999998734,23.519927296000084,0.050107136000000455,24.122582656001285,0.05330253824000685
49.41999999999874,23.518625956672082,0.05010013955200045,24.102260784193284,0.05319430087168684
49.43999999999873,23.517368221696078,0.05009337753600042,24.081909293057286,0.05308593639424686
49.45999999999873,23.516154126784073,0.0500868501440004,24.061528172225298,0.05297744477696691
49.47999999999873,23.51498370764807,0.05008055756800038,24.041117411329296,0.05286882598912691
49.499999999998735,23.51385700000007,0.05007450000000037,24.020677000001292,0.05276008000000689
49.51999999999873,23.512774039552067,0.05006867763200036,24.000206927873297,0.05265120677888691
49.53999999999873,23.511734862016066,0.050063090656000356,23.979707184577304,0.05254220629504693
49.55999999999873,23.51073950310406,0.050057739264000325,23.9591777597453,0.05243307851776692
49.57999999999873,23.50978799852806,0.050052623648000324,23.9386186430093,0.05232382341632691
49.59999999999873,23.508880384000054,0.0500477440000003,23.918029824001312,0.052214440960006964
49.619999999998726,23.508016695232055,0.050043100512000296,23.897411292353315,0.05210493111808698
49.63999999999873,23.50719696793605,0.05003869337600027,23.876763037697312,0.05199529385984697
49.65999999999873,23.50642123782405,0.050034522784000265,23.85608504966531,0.05188552915456696
49.67999999999873,23.50568954060805,0.05003058892800026,23.835377317889318,0.05177563697152701
49.699999999998724,23.505001912000047,0.05002689200000025,23.814639832001323,0.05166561728000703
49.71999999999873,23.50435838771204,0.050023432192000214,23.793872581633323,0.051555470049287025
49.73999999999873,23.503759003456036,0.0500202096960002,23.77307555641732,0.05144519524864701
49.759999999998726,23.50320379494404,0.050017224704000204,23.752248745985327,0.05133479284736703
49.77999999999872,23.50269279788803,0.05001447740800018,23.731392139969333,0.051224262814727084
49.799999999998725,23.502226048000026,0.05001196800000014,23.710505728001333,0.05111360512000707
49.81999999999873,23.50180358099203,0.050009696672000156,23.689589499713332,0.05100281973248706
49.839999999998724,23.501425432576024,0.050007663616000134,23.668643444737338,0.05089190662144708
49.85999999999872,23.501091638464025,0.05000586902400013,23.647667552705343,0.0507808657561671
49.879999999998724,23.50080223436802,0.050004313088000116,23.62666181324934,0.050669697105927086
49.89999999999873,23.50055725600001,0.05000299600000006,23.60562621600134,0.050558400640007085
49.91999999999872,23.50035673907201,0.050001917952000055,23.584560750593347,0.05044697632768714
49.93999999999872,23.50020071929601,0.05000107913600006,23.563465406657354,0.05033542413824715
49.95999999999872,23.50008923238401,0.050000479744000056,23.542340173825348,0.05022374404096714
49.979999999998725,23.500022314048,0.05000011996800001,23.52118504172935,0.05011193600512714
49.99999999999872,23.5,0.05,23.500000000001354,0.05000000000000715
50.01999999999872,23.5,0.05,23.5,0.05
50.03999999999872,23.5,0.05,23.5,0.05
50.05999999999872,23.5,0.05,23.5,0.05
50.07999999999872,23.5,0.05,23.5,0.05
50.099999999998715,23.5,0.05,23.5,0.05
50.11999999999872,23.5,0.05,23.5,0.05
50.13999999999872,23.5,0.05,23.5,0.05
50.15999999999872,23.5,0.05,23.5,0.05
50.179999999998714,23.5,0.05,23.5,0.05
50.19999999999872,23.5,0.05,23.5,0.05
50.21999999999872,23.5,0.05,23.5,0.05
50.239999999998716,23.5,0.05,23.5,0.05
50.25999999999871,23.5,0.05,23.5,0.05
50.279999999998715,23.5,0.05,23.5,0.05
50.29999999999872,23.5,0.05,23.5,0.05
50.319999999998714,23.5,0.05,23.5,0.05
50.33999999999871,23.5,0.05,23.5,0.05
50.35999999999871,23.5,0.05,23.5,0.05
50.37999999999872,23.5,0.05,23.5,0.05
50.39999999999871,23.5,0.05,23.5,0.05
50.41999999999871,23.5,0.05,23.5,0.05
50.43999999999871,23.5,0.05,23.5,0.05
50.459999999998715,23.5,0.05,23.5,0.05
50.47999999999871,23.5,0.05,23.5,0.05
50.49999999999871,23.5,0.05,23.5,0.05
50.51999999999871,23.5,0.05,23.5,0.05
50.53999999999871,23.5,0.05,23.5,0.05
50.55999999999871,23.5,0.05,23.5,0.05
50.579999999998705,23.5,0.05,23.5,0.05
50.59999999999871,23.5,0.05,23.5,0.05
50.61999999999871,23.5,0.05,23.5,0.05
50.63999999999871,23.5,0.05,23.5,0.05
50.6599999999987,23.5,0.05,23.5,0.05
50.67999999999871,23.5,0.05,23.5,0.05
50.69999999999871,23.5,0.05,23.5,0.05
50.719999999998706,23.5,0.05,23.5,0.05
50.7399999999987,23.5,0.05,23.5,0.05
50.759999999998705,23.5,0.05,23.5,0.05
50.77999999999871,23.5,0.05,23.5,0.05
50.799999999998704,23.5,0.05,23.5,0.05
50.8199999999987,23.5,0.05,23.5,0.05
50.8399999999987,23.5,0.05,23.5,0.05
50.859999999998706,23.5,0.05,23.5,0.05
50.8799999999987,23.5,0.05,23.5,0.05
50.8999999999987,23.5,0.05,23.5,0.05
50.9199999999987,23.5,0.05,23.5,0.05
50.939999999998705,23.5,0.05,23.5,0.05
50.9599999999987,23.5,0.05,23.5,0.05
50.9799999999987,23.5,0.05,23.5,0.05
50.9999999999987,23.5,0.05,23.5,0.05
51.0199999999987,23.5,0.05,23.5,0.05
51.0399999999987,23.5,0.05,23.5,0.05
51.059999999998695,23.5,0.05,23.5,0.05
51.0799999999987,23.5,0.05,23.5,0.05
51.0999999999987,23.5,0.05,23.5,0.05
51.1199999999987,23.5,0.05,23.5,0.05
51.13999999999869,23.5,0.05,23.5,0.05
51.159999999998696,23.5,0.05,23.5,0.05
51.1799999999987,23.5,0.05,23.5,0.05
51.199999999998695,23.5,0.05,23.5,0.05
51.21999999999869,23.5,0.05,23.5,0.05
51.239999999998695,23.5,0.05,23.5,0.05
51.2599999999987,23.5,0.05,23.5,0.05
51.279999999998694,23.5,0.05,23.5,0.05
51.29999999999869,23.5,0.05,23.5,0.05
51.31999999999869,23.5,0.05,23.5,0.05
51.339999999998696,23.5,0.05,23.5,0.05
51.35999999999869,23.5,0.05,23.5,0.05
51.37999999999869,23.5,0.05,23.5,0.05
51.39999999999869,23.5,0.05,23.5,0.05
51.419999999998694,23.5,0.05,23.5,0.05
51.43999999999869,23.5,0.05,23.5,0.05
51.459999999998686,23.5,0.05,23.5,0.05
51.47999999999869,23.5,0.05,23.5,0.05
51.49999999999869,23.5,0.05,23.5,0.05
51.51999999999869,23.5,0.05,23.5,0.05
51.539999999998685,23.5,0.05,23.5,0.05
51.55999999999869,23.5,0.05,23.5,0.05
51.57999999999869,23.5,0.05,23.5,0.05
51.59999999999869,23.5,0.05,23.5,0.05
51.61999999999868,23.5,0.05,23.5,0.05
51.639999999998686,23.5,0.05,23.5,0.05
51.65999999999869,23.5,0.05,23.5,0.05
51.679999999998685,23.5,0.05,23.5,0.05
51.69999999999868,23.5,0.05,23.5,0.05
51.719999999998684,23.5,0.05,23.5,0.05
51.73999999999869,23.5,0.05,23.5,0.05
51.75999999999868,23.5,0.05,23.5,0.05
51.77999999999868,23.5,0.05,23.5,0.05
51.79999999999868,23.5,0.05,23.5,0.05
51.819999999998686,23.5,0.05,23.5,0.05
51.83999999999868,23.5,0.05,23.5,0.05
51.85999999999868,23.5,0.05,23.5,0.05
51.87999999999868,23.5,0.05,23.5,0.05
51.899999999998684,23.5,0.05,23.5,0.05
51.91999999999868,23.5,0.05,23.5,0.05
51.939999999998676,23.5,0.05,23.5,0.05
51.95999999999868,23.5,0.05,23.5,0.05
51.97999999999868,23.5,0.05,23.5,0.05
51.99999999999868,23.5,0.05,23.5,0.05
52.019999999998674,23.5,0.05,23.5,0.05
52.03999999999868,23.5,0.05,23.5,0.05
52.05999999999868,23.5,0.05,23.5,0.05
52.07999999999868,23.5,0.05,23.5,0.05
52.09999999999867,23.5,0.05,23.5,0.05
52.119999999998676,23.5,0.05,23.5,0.05
52.13999999999868,23.5,0.05,23.5,0.05
52.159999999998675,23.5,0.05,23.5,0.05
52.17999999999867,23.5,0.05,23.5,0.05
52.199999999998674,23.5,0.05,23.5,0.05
52.21999999999868,23.5,0.05,23.5,0.05
52.23999999999867,23.5,0.05,23.5,0.05
52.25999999999867,23.5,0.05,23.5,0.05
52.27999999999867,23.5,0.05,23.5,0.05
52.299999999998676,23.5,0.05,23.5,0.05
52.31999999999867,23.5,0.05,23.5,0.05
52.33999999999867,23.5,0.05,23.5,0.05
52.35999999999867,23.5,0.05,23.5,0.05
52.379999999998674,23.5,0.05,23.5,0.05
52.39999999999867,23.5,0.05,23.5,0.05
52.419999999998666,23.5,0.05,23.5,0.05
52.43999999999867,23.5,0.05,23.5,0.05
52.45999999999867,23.5,0.05,23.5,0.05
52.47999999999867,23.5,0.05,23.5,0.05
52.499999999998664,23.5,0.05,23.5,0.05
52.51999999999867,23.5,0.05,23.5,0.05
52.53999999999867,23.5,0.05,23.5,0.05
52.55999999999867,23.5,0.05,23.5,0.05
52.57999999999866,23.5,0.05,23.5,0.05
52.599999999998666,23.5,0.05,23.5,0.05
52.61999999999867,23.5,0.05,23.5,0.05
52.639999999998665,23.5,0.05,23.5,0.05
52.65999999999866,23.5,0.05,23.5,0.05
52.679999999998664,23.5,0.05,23.5,0.05
52.69999999999867,23.5,0.05,23.5,0.05
52.71999999999866,23.5,0.05,23.5,0.05
52.73999999999866,23.5,0.05,23.5,0.05
52.75999999999866,23.5,0.05,23.5,0.05
52.779999999998665,23.5,0.05,23.5,0.05
52.79999999999866,23.5,0.05,23.5,0.05
52.81999999999866,23.5,0.05,23.5,0.05
52.83999999999866,23.5,0.05,23.5,0.05
52.859999999998664,23.5,0.05,23.5,0.05
52.87999999999866,23.5,0.05,23.5,0.05
52.899999999998656,23.5,0.05,23.5,0.05
52.91999999999866,23.5,0.05,23.5,0.05
52.93999999999866,23.5,0.05,23.5,0.05
52.95999999999866,23.5,0.05,23.5,0.05
52.979999999998654,23.5,0.05,23.5,0.05
52.99999999999866,23.5,0.05,23.5,0.05
53.01999999999866,23.5,0.05,23.5,0.05
53.039999999998656,23.5,0.05,23.5,0.05
53.05999999999865,23.5,0.05,23.5,0.05
53.079999999998655,23.5,0.05,23.5,0.05
53.09999999999866,23.5,0.05,23.5,0.05
53.119999999998655,23.5,0.05,23.5,0.05
53.13999999999865,23.5,0.05,23.5,0.05
53.159999999998654,23.5,0.05,23.5,0.05
53.17999999999866,23.5,0.05,23.5,0.05
53.19999999999865,23.5,0.05,23.5,0.05
53.21999999999865,23.5,0.05,23.5,0.05
53.23999999999865,23.5,0.05,23.5,0.05
53.259999999998655,23.5,0.05,23.5,0.05
53.27999999999865,23.5,0.05,23.5,0.05
53.29999999999865,23.5,0.05,23.5,0.05
53.31999999999865,23.5,0.05,23.5,0.05
53.33999999999865,23.5,0.05,23.5,0.05
53.35999999999865,23.5,0.05,23.5,0.05
53.379999999998645,23.5,0.05,23.5,0.05
53.39999999999865,23.5,0.05,23.5,0.05
53.41999999999865,23.5,0.05,23.5,0.05
53.43999999999865,23.5,0.05,23.5,0.05
53.459999999998644,23.5,0.05,23.5,0.05
53.47999999999865,23.5,0.05,23.5,0.05
53.49999999999865,23.5,0.05,23.5,0.05
53.519999999998646,23.5,0.05,23.5,0.05
53.53999999999864,23.5,0.05,23.5,0.05
53.559999999998645,23.5,0.05,23.5,0.05
53.57999999999865,23.5,0.05,23.5,0.05
53.599999999998644,23.5,0.05,23.5,0.05
53.61999999999864,23.5,0.05,23.5,0.05
53.63999999999864,23.5,0.05,23.5,0.05
53.65999999999865,23.5,0.05,23.5,0.05
53.67999999999864,23.5,0.05,23.5,0.05
53.69999999999864,23.5,0.05,23.5,0.05
53.71999999999864,23.5,0.05,23.5,0.05
53.739999999998645,23.5,0.05,23.5,0.05
53.75999999999864,23.5,0.05,23.5,0.05
53.77999999999864,23.5,0.05,23.5,0.05
53.79999999999864,23.5,0.05,23.5,0.05
53.81999999999864,23.5,0.05,23.5,0.05
53.83999999999864,23.5,0.05,23.5,0.05
53.859999999998635,23.5,0.05,23.5,0.05
53.87999999999864,23.5,0.05,23.5,0.05
53.89999999999864,23.5,0.05,23.5,0.05
53.91999999999864,23.5,0.05,23.5,0.05
53.93999999999863,23.5,0.05,23.5,0.05
53.95999999999864,23.5,0.05,23.5,0.05
53.97999999999864,23.5,0.05,23.5,0.05
53.999999999998636,23.5,0.05,23.5,0.05
54.01999999999863,23.5,0.05,23.5,0.05
54.03999999999863,23.5,0.05,23.5,0.05
54.05999999999864,23.5,0.05,23.5,0.05
54.079999999998634,23.5,0.05,23.5,0.05
54.09999999999863,23.5,0.05,23.5,0.05
54.11999999999864,23.5,0.05,23.5,0.05
54.139999999998636,23.5,0.05,23.5,0.05
54.15999999999863,23.5,0.05,23.5,0.05
54.17999999999863,23.5,0.05,23.5,0.05
54.199999999998624,23.5,0.05,23.5,0.05
54.219999999998635,23.5,0.05,23.5,0.05
54.23999999999863,23.5,0.05,23.5,0.05
54.25999999999863,23.5,0.05,23.5,0.05
54.27999999999864,23.5,0.05,23.5,0.05
54.29999999999863,23.5,0.05,23.5,0.05
54.31999999999863,23.5,0.05,23.5,0.05
54.339999999998625,23.5,0.05,23.5,0.05
54.35999999999862,23.5,0.05,23.5,0.05
54.37999999999863,23.5,0.05,23.5,0.05
54.39999999999863,23.5,0.05,23.5,0.05
54.41999999999862,23.5,0.05,23.5,0.05
54.43999999999863,23.5,0.05,23.5,0.05
54.45999999999863,23.5,0.05,23.5,0.05
54.479999999998626,23.5,0.05,23.5,0.05
54.49999999999862,23.5,0.05,23.5,0.05
54.51999999999862,23.5,0.05,23.5,0.05
54.53999999999863,23.5,0.05,23.5,0.05
54.559999999998624,23.5,0.05,23.5,0.05
54.57999999999862,23.5,0.05,23.5,0.05
54.59999999999863,23.5,0.05,23.5,0.05
54.619999999998626,23.5,0.05,23.5,0.05
54.63999999999862,23.5,0.05,23.5,0.05
54.65999999999862,23.5,0.05,23.5,0.05
54.679999999998614,23.5,0.05,23.5,0.05
54.699999999998624,23.5,0.05,23.5,0.05
54.71999999999862,23.5,0.05,23.5,0.05
54.739999999998616,23.5,0.05,23.5,0.05
54.75999999999863,23.5,0.05,23.5,0.05
54.77999999999862,23.5,0.05,23.5,0.05
54.79999999999862,23.5,0.05,23.5,0.05
54.819999999998615,23.5,0.05,23.5,0.05
54.83999999999861,23.5,0.05,23.5,0.05
54.85999999999862,23.5,0.05,23.5,0.05
54.87999999999862,23.5,0.05,23.5,0.05
54.89999999999861,23.5,0.05,23.5,0.05
54.91999999999862,23.5,0.05,23.5,0.05
54.93999999999862,23.5,0.05,23.5,0.05
54.959999999998615,23.5,0.05,23.5,0.05
54.97999999999861,23.5,0.05,23.5,0.05
54.99999999999861,23.5,0.05,23.5,0.05
55.01999999999862,23.5,0.05,23.5,0.05
55.039999999998614,23.5,0.05,23.5,0.05
55.05999999999861,23.5,0.05,23.5,0.05
55.07999999999862,23.5,0.05,23.5,0.05
55.099999999998616,23.5,0.05,23.5,0.05
55.11999999999861,23.5,0.05,23.5,0.05
55.13999999999861,23.5,0.05,23.5,0.05
55.159999999998604,23.5,0.05,23.5,0.05
55.179999999998614,23.5,0.05,23.5,0.05
55.19999999999861,23.5,0.05,23.5,0.05
55.219999999998606,23.5,0.05,23.5,0.05
55.239999999998616,23.5,0.05,23.5,0.05
55.25999999999861,23.5,0.05,23.5,0.05
55.27999999999861,23.5,0.05,23.5,0.05
55.299999999998604,23.5,0.05,23.5,0.05
55.3199999999986,23.5,0.05,23.5,0.05
55.33999999999861,23.5,0.05,23.5,0.05
55.35999999999861,23.5,0.05,23.5,0.05
55.3799999999986,23.5,0.05,23.5,0.05
55.39999999999861,23.5,0.05,23.5,0.05
55.41999999999861,23.5,0.05,23.5,0.05
55.439999999998605,23.5,0.05,23.5,0.05
55.4599999999986,23.5,0.05,23.5,0.05
55.4799999999986,23.5,0.05,23.5,0.05
55.49999999999861,23.5,0.05,23.5,0.05
55.5199999999986,23.5,0.05,23.5,0.05
55.5399999999986,23.5,0.05,23.5,0.05
55.55999999999861,23.5,0.05,23.5,0.05
55.579999999998606,23.5,0.05,23.5,0.05
55.5999999999986,23.5,0.05,23.5,0.05
55.6199999999986,23.5,0.05,23.5,0.05
55.639999999998594,23.5,0.05,23.5,0.05
55.659999999998604,23.5,0.05,23.5,0.05
55.6799999999986,23.5,0.05,23.5,0.05
55.699999999998596,23.5,0.05,23.5,0.05
55.719999999998606,23.5,0.05,23.5,0.05
55.7399999999986,23.5,0.05,23.5,0.05
55.7599999999986,23.5,0.05,23.5,0.05
55.779999999998594,23.5,0.05,23.5,0.05
55.79999999999859,23.5,0.05,23.5,0.05
55.8199999999986,23.5,0.05,23.5,0.05
55.8399999999986,23.5,0.05,23.5,0.05
55.85999999999859,23.5,0.05,23.5,0.05
55.8799999999986,23.5,0.05,23.5,0.05
55.8999999999986,23.5,0.05,23.5,0.05
55.919999999998595,23.5,0.05,23.5,0.05
55.93999999999859,23.5,0.05,23.5,0.05
55.95999999999859,23.5,0.05,23.5,0.05
55.9799999999986,23.5,0.05,23.5,0.05
55.99999999999859,23.5,0.05,23.5,0.05
56.01999999999859,23.5,0.05,23.5,0.05
56.0399999999986,23.5,0.05,23.5,0.05
56.059999999998595,23.5,0.05,23.5,0.05
56.07999999999859,23.5,0.05,23.5,0.05
56.09999999999859,23.5,0.05,23.5,0.05
56.11999999999858,23.5,0.05,23.5,0.05
56.139999999998594,23.5,0.05,23.5,0.05
56.15999999999859,23.5,0.05,23.5,0.05
56.179999999998586,23.5,0.05,23.5,0.05
56.199999999998596,23.5,0.05,23.5,0.05
56.21999999999859,23.5,0.05,23.5,0.05
56.23999999999859,23.5,0.05,23.5,0.05
56.259999999998584,23.5,0.05,23.5,0.05
56.27999999999858,23.5,0.05,23.5,0.05
56.29999999999859,23.5,0.05,23.5,0.05
56.319999999998586,23.5,0.05,23.5,0.05
56.33999999999858,23.5,0.05,23.5,0.05
56.35999999999859,23.5,0.05,23.5,0.05
56.37999999999859,23.5,0.05,23.5,0.05
56.399999999998585,23.5,0.05,23.5,0.05
56.41999999999858,23.5,0.05,23.5,0.05
56.43999999999858,23.5,0.05,23.5,0.05
56.45999999999859,23.5,0.05,23.5,0.05
56.47999999999858,23.5,0.05,23.5,0.05
56.49999999999858,23.5,0.05,23.5,0.05
56.51999999999859,23.5,0.05,23.5,0.05
56.539999999998585,23.5,0.05,23.5,0.05
56.55999999999858,23.5,0.05,23.5,0.05
56.57999999999858,23.5,0.05,23.5,0.05
56.59999999999857,23.5,0.05,23.5,0.05
56.61999999999858,23.5,0.05,23.5,0.05
56.63999999999858,23.5,0.05,23.5,0.05
56.659999999998576,23.5,0.05,23.5,0.05
56.679999999998586,23.5,0.05,23.5,0.05
56.69999999999858,23.5,0.05,23.5,0.05
56.71999999999858,23.5,0.05,23.5,0.05
56.739999999998574,23.5,0.05,23.5,0.05
56.75999999999857,23.5,0.05,23.5,0.05
56.77999999999858,23.5,0.05,23.5,0.05
56.799999999998576,23.5,0.05,23.5,0.05
56.81999999999857,23.5,0.05,23.5,0.05
56.83999999999858,23.5,0.05,23.5,0.05
56.85999999999858,23.5,0.05,23.5,0.05
56.879999999998574,23.5,0.05,23.5,0.05
56.89999999999857,23.5,0.05,23.5,0.05
56.919999999998566,23.5,0.05,23.5,0.05
56.93999999999858,23.5,0.05,23.5,0.05
56.95999999999857,23.5,0.05,23.5,0.05
56.97999999999857,23.5,0.05,23.5,0.05
56.99999999999858,23.5,0.05,23.5,0.05
57.019999999998575,23.5,0.05,23.5,0.05
57.03999999999857,23.5,0.05,23.5,0.05
57.05999999999857,23.5,0.05,23.5,0.05
57.07999999999856,23.5,0.05,23.5,0.05
57.09999999999857,23.5,0.05,23.5,0.05
57.11999999999857,23.5,0.05,23.5,0.05
57.139999999998565,23.5,0.05,23.5,0.05
57.159999999998576,23.5,0.05,23.5,0.05
57.17999999999857,23.5,0.05,23.5,0.05
57.19999999999857,23.5,0.05,23.5,0.05
57.219999999998564,23.5,0.05,23.5,0.05
57.23999999999856,23.5,0.05,23.5,0.05
57.25999999999857,23.5,0.05,23.5,0.05
57.279999999998566,23.5,0.05,23.5,0.05
57.29999999999856,23.5,0.05,23.5,0.05
57.31999999999857,23.5,0.05,23.5,0.05
57.33999999999857,23.5,0.05,23.5,0.05
57.359999999998564,23.5,0.05,23.5,0.05
57.37999999999856,23.5,0.05,23.5,0.05
57.399999999998556,23.5,0.05,23.5,0.05
57.419999999998566,23.5,0.05,23.5,0.05
57.43999999999856,23.5,0.05,23.5,0.05
57.45999999999856,23.5,0.05,23.5,0.05
57.47999999999857,23.5,0.05,23.5,0.05
57.499999999998565,23.5,0.05,23.5,0.05
57.51999999999856,23.5,0.05,23.5,0.05
57.53999999999856,23.5,0.05,23.5,0.05
57.55999999999855,23.5,0.05,23.5,0.05
57.57999999999856,23.5,0.05,23.5,0.05
57.59999999999856,23.5,0.05,23.5,0.05
57.619999999998555,23.5,0.05,23.5,0.05
57.639999999998565,23.5,0.05,23.5,0.05
57.65999999999856,23.5,0.05,23.5,0.05
57.67999999999856,23.5,0.05,23.5,0.05
57.69999999999855,23.5,0.05,23.5,0.05
57.71999999999855,23.5,0.05,23.5,0.05
57.73999999999856,23.5,0.05,23.5,0.05
57.759999999998556,23.5,0.05,23.5,0.05
57.77999999999855,23.5,0.05,23.5,0.05
57.79999999999856,23.5,0.05,23.5,0.05
57.81999999999856,23.5,0.05,23.5,0.05
57.839999999998554,23.5,0.05,23.5,0.05
57.85999999999855,23.5,0.05,23.5,0.05
57.879999999998546,23.5,0.05,23.5,0.05
57.899999999998556,23.5,0.05,23.5,0.05
57.91999999999855,23.5,0.05,23.5,0.05
57.93999999999855,23.5,0.05,23.5,0.05
57.95999999999856,23.5,0.05,23.5,0.05
57.979999999998554,23.5,0.05,23.5,0.05
57.99999999999855,23.5,0.05,23.5,0.05
58.01999999999855,23.5,0.05,23.5,0.05
58.03999999999854,23.5,0.05,23.5,0.05
58.05999999999855,23.5,0.05,23.5,0.05
58.07999999999855,23.5,0.05,23.5,0.05
58.099999999998545,23.5,0.05,23.5,0.05
58.119999999998555,23.5,0.05,23.5,0.05
58.13999999999855,23.5,0.05,23.5,0.05
58.15999999999855,23.5,0.05,23.5,0.05
58.17999999999854,23.5,0.05,23.5,0.05
58.19999999999854,23.5,0.05,23.5,0.05
58.21999999999855,23.5,0.05,23.5,0.05
58.239999999998545,23.5,0.05,23.5,0.05
58.25999999999854,23.5,0.05,23.5,0.05
58.27999999999855,23.5,0.05,23.5,0.05
58.29999999999855,23.5,0.05,23.5,0.05
58.319999999998544,23.5,0.05,23.5,0.05
58.33999999999854,23.5,0.05,23.5,0.05
58.359999999998536,23.5,0.05,23.5,0.05
58.379999999998546,23.5,0.05,23.5,0.05
58.39999999999854,23.5,0.05,23.5,0.05
58.41999999999854,23.5,0.05,23.5,0.05
58.43999999999855,23.5,0.05,23.5,0.05
58.459999999998544,23.5,0.05,23.5,0.05
58.47999999999854,23.5,0.05,23.5,0.05
58.499999999998536,23.5,0.05,23.5,0.05
58.51999999999853,23.5,0.05,23.5,0.05
58.53999999999854,23.5,0.05,23.5,0.05
58.55999999999854,23.5,0.05,23.5,0.05
58.579999999998535,23.5,0.05,23.5,0.05
58.599999999998545,23.5,0.05,23.5,0.05
58.61999999999854,23.5,0.05,23.5,0.05
58.63999999999854,23.5,0.05,23.5,0.05
58.65999999999853,23.5,0.05,23.5,0.05
58.67999999999853,23.5,0.05,23.5,0.05
58.69999999999854,23.5,0.05,23.5,0.05
58.719999999998535,23.5,0.05,23.5,0.05
58.73999999999853,23.5,0.05,23.5,0.05
58.75999999999854,23.5,0.05,23.5,0.05
58.77999999999854,23.5,0.05,23.5,0.05
58.79999999999853,23.5,0.05,23.5,0.05
58.81999999999853,23.5,0.05,23.5,0.05
58.839999999998525,23.5,0.05,23.5,0.05
58.859999999998536,23.5,0.05,23.5,0.05
58.87999999999853,23.5,0.05,23.5,0.05
58.89999999999853,23.5,0.05,23.5,0.05
58.91999999999854,23.5,0.05,23.5,0.05
58.939999999998534,23.5,0.05,23.5,0.05
58.95999999999853,23.5,0.05,23.5,0.05
58.979999999998526,23.5,0.05,23.5,0.05
58.99999999999852,23.5,0.05,23.5,0.05
59.01999999999853,23.5,0.05,23.5,0.05
59.03999999999853,23.5,0.05,23.5,0.05
59.059999999998524,23.5,0.05,23.5,0.05
59.079999999998535,23.5,0.05,23.5,0.05
59.09999999999853,23.5,0.05,23.5,0.05
59.11999999999853,23.5,0.05,23.5,0.05
59.13999999999852,23.5,0.05,23.5,0.05
59.15999999999852,23.5,0.05,23.5,0.05
59.17999999999853,23.5,0.05,23.5,0.05
59.199999999998525,23.5,0.05,23.5,0.05
59.21999999999852,23.5,0.05,23.5,0.05
59.23999999999853,23.5,0.05,23.5,0.05
59.25999999999853,23.5,0.05,23.5,0.05
59.27999999999852,23.5,0.05,23.5,0.05
59.29999999999852,23.5,0.05,23.5,0.05
59.319999999998515,23.5,0.05,23.5,0.05
59.339999999998525,23.5,0.05,23.5,0.05
59.35999999999852,23.5,0.05,23.5,0.05
59.37999999999852,23.5,0.05,23.5,0.05
59.39999999999853,23.5,0.05,23.5,0.05
59.419999999998524,23.5,0.05,23.5,0.05
59.43999999999852,23.5,0.05,23.5,0.05
59.459999999998516,23.5,0.05,23.5,0.05
59.47999999999851,23.5,0.05,23.5,0.05
59.49999999999852,23.5,0.05,23.5,0.05
59.51999999999852,23.5,0.05,23.5,0.05
59.539999999998514,23.5,0.05,23.5,0.05
59.559999999998524,23.5,0.05,23.5,0.05
59.57999999999852,23.5,0.05,23.5,0.05
59.599999999998516,23.5,0.05,23.5,0.05
59.61999999999851,23.5,0.05,23.5,0.05
59.63999999999851,23.5,0.05,23.5,0.05
59.65999999999852,23.5,0.05,23.5,0.05
59.679999999998515,23.5,0.05,23.5,0.05
59.69999999999851,23.5,0.05,23.5,0.05
59.71999999999852,23.5,0.05,23.5,0.05
59.73999999999852,23.5,0.05,23.5,0.05
59.75999999999851,23.5,0.05,23.5,0.05
59.77999999999851,23.5,0.05,23.5,0.05
59.799999999998505,23.5,0.05,23.5,0.05
59.819999999998515,23.5,0.05,23.5,0.05
59.83999999999851,23.5,0.05,23.5,0.05
59.85999999999851,23.5,0.05,23.5,0.05
59.87999999999852,23.5,0.05,23.5,0.05
59.89999999999851,23.5,0.05,23.5,0.05
59.91999999999851,23.5,0.05,23.5,0.05
59.939999999998506,23.5,0.05,23.5,0.05
59.9599999999985,23.5,0.05,23.5,0.05
59.97999999999851,23.5,0.05,23.5,0.05
59.99999999999851,23.5,0.05,23.5,0.05
