/* DATA DESCRIPTION:
Citation:	Lambert, Fabrice; Delmonte, Barbara; Petit, Jean Robert; Bigler, Matthias; Kaufmann, Patrik R; Hutterli, Manuel A; Stocker, Thomas F; Ruth, Urs; Steffensen, Jørgen Peder; Maggi, Valter (2008): Dust concentration measured with a laser particle counter of ice core EDC [dataset]. PANGAEA, https://doi.org/10.1594/PANGAEA.695985, 
	In supplement to: Lambert, F et al. (2008): Dust-climate couplings over the past 800,000 years from the EPICA Dome C ice core. Nature, 452, 616-619, https://doi.org/10.1038/nature06763
Project(s):	European Project for Ice Coring in Antarctica (EPICA) (URI: https://en.wikipedia.org/wiki/European_Project_for_Ice_Coring_in_Antarctica)
Funding:	Fifth Framework Programme (FP5), grant/award no. EVK2-CT-2000-00077: European Project for Ice Coring in Antarctica (URI: https://cordis.europa.eu/project/id/EVK2-CT-2000-00077)
	Fourth Framework Programme (FP4), grant/award no. ENV4980702: European Project for Ice Coring in Antarctica (URI: https://cordis.europa.eu/project/id/ENV4980702)
Coverage:	LATITUDE: -75.100000 * LONGITUDE: 123.350000
	DATE/TIME START: 1993-01-01T00:00:00 * DATE/TIME END: 2004-12-31T00:00:00
	MINIMUM DEPTH, ice/snow: 24.20 m * MAXIMUM DEPTH, ice/snow: 3188.90 m
Event(s):	EDC (EPICA Dome C) (URI: https://en.wikipedia.org/wiki/Dome_C) * LATITUDE: -75.100000 * LONGITUDE: 123.350000 * DATE/TIME START: 1993-01-01T00:00:00 * DATE/TIME END: 2004-12-31T00:00:00 * ELEVATION: 3233.0 m * RECOVERY: 3300 m * LOCATION: Dome C, Antarctica * CAMPAIGN: Dome_C * METHOD/DEVICE: Ice drill (ICEDRILL) * COMMENT: Drill site is 56 km from the site of a previous Dome C core that provided records extending into the last glacial period, and 560 km from the site of the Vostok cores. The completion of the Dome C core was delayed when the first drilling became stuck at 788 m in 1999 (EDC96).
Parameter(s):	DEPTH, ice/snow [m] (Depth ice/snow) * GEOCODE
	Age model [ka] (Age model) * PI: Parrenin, Frédéric (https://orcid.org/0000-0002-9489-3991, frederic.parrenin@univ-grenoble-alpes.fr) * METHOD/DEVICE: Age model, ice flow model * COMMENT: EDC3 time scale
	Dust concentration [µg/kg] (Dust conc) * PI: Stocker, Thomas F (https://orcid.org/0000-0003-1245-2728, thomas.stocker@climate.unibe.ch) * METHOD/DEVICE: Laser particle counter, KLOTZ
License:	Creative Commons Attribution 3.0 Unported (CC-BY-3.0) (URI: https://creativecommons.org/licenses/by/3.0/)
Size:	10326 data points
*/
Depth ice/snow [m]	Age model [ka]	Dust conc [µg/kg]
24.20	0.371	22.50
24.75	0.383	57.20
27.50	0.442	28.00
28.05	0.454	36.90
28.60	0.466	43.70
29.15	0.478	17.00
29.70	0.490	27.00
30.25	0.503	13.40
30.80	0.516	15.90
31.35	0.529	25.90
31.90	0.542	9.27
32.45	0.555	25.60
33.00	0.568	5.85
33.55	0.581	14.70
34.10	0.594	7.25
34.65	0.606	21.20
35.20	0.619	9.36
35.75	0.632	30.70
37.40	0.672	41.30
38.50	0.701	6.93
39.05	0.715	21.40
39.60	0.729	11.50
40.15	0.744	18.70
40.70	0.759	30.10
41.25	0.772	41.20
41.80	0.786	8.46
42.35	0.799	20.30
43.45	0.825	23.70
44.00	0.837	56.60
45.10	0.862	29.50
45.65	0.875	47.90
46.20	0.889	24.90
46.75	0.903	45.40
47.30	0.917	8.28
47.85	0.932	35.50
48.40	0.947	10.20
48.95	0.961	45.00
49.50	0.976	10.50
50.05	0.990	14.00
50.60	1.005	14.00
51.15	1.019	50.20
51.70	1.032	26.00
52.25	1.047	10.60
52.80	1.061	9.90
53.35	1.075	22.70
53.90	1.089	19.20
54.45	1.104	19.20
55.00	1.118	12.80
55.55	1.133	25.70
56.10	1.147	8.19
56.65	1.161	28.00
57.20	1.174	6.93
57.75	1.188	19.70
58.30	1.201	9.45
58.85	1.215	35.60
59.40	1.229	12.60
59.95	1.244	20.70
60.50	1.258	13.10
61.05	1.273	19.60
61.60	1.287	17.10
62.15	1.302	26.10
62.70	1.316	16.80
63.25	1.330	46.80
63.80	1.345	63.40
64.35	1.359	45.40
64.90	1.373	10.30
65.45	1.387	12.00
66.00	1.401	12.00
66.55	1.416	10.10
67.10	1.432	40.60
67.65	1.448	39.60
68.20	1.463	10.40
68.75	1.479	8.64
69.30	1.494	5.40
69.85	1.510	8.46
70.40	1.525	12.80
70.95	1.541	8.01
71.50	1.556	10.90
72.05	1.572	20.00
72.60	1.588	10.40
73.15	1.604	15.60
73.70	1.621	6.57
74.25	1.637	16.70
74.80	1.654	9.27
75.35	1.670	14.90
75.90	1.686	9.18
76.45	1.702	24.30
77.55	1.737	18.60
78.10	1.754	12.80
78.65	1.771	24.50
79.20	1.787	11.90
79.75	1.804	26.50
80.30	1.822	32.00
80.85	1.839	22.00
81.40	1.856	6.66
81.95	1.873	18.10
82.50	1.889	24.20
83.05	1.905	27.80
83.60	1.922	12.90
84.15	1.938	30.20
84.70	1.956	8.46
85.25	1.973	15.60
85.80	1.990	13.60
86.35	2.007	25.20
86.90	2.025	8.96
87.45	2.044	30.70
88.00	2.061	4.86
88.55	2.078	21.50
89.10	2.095	8.10
89.65	2.113	23.40
90.20	2.130	9.27
90.75	2.147	23.30
91.30	2.165	12.00
91.85	2.184	21.00
92.40	2.202	6.03
92.95	2.219	14.00
93.50	2.237	7.65
94.05	2.253	21.30
94.60	2.271	29.10
95.15	2.289	38.90
95.70	2.306	10.90
96.25	2.327	22.20
96.80	2.347	19.40
97.35	2.367	18.20
98.45	2.405	23.90
99.00	2.424	56.30
358.60	11.554	25.10
359.15	11.573	45.60
361.35	11.649	30.20
361.90	11.667	32.90
362.45	11.686	10.70
363.00	11.704	7.50
363.55	11.723	6.12
364.10	11.742	12.00
364.65	11.760	23.30
365.20	11.779	18.90
365.75	11.798	26.10
366.30	11.820	5.67
366.85	11.841	11.30
367.40	11.863	14.60
367.95	11.884	9.09
368.50	11.905	25.60
369.05	11.927	15.60
369.60	11.949	15.80
370.15	11.972	20.10
370.70	11.993	11.80
371.25	12.014	13.20
371.80	12.037	11.20
372.35	12.059	20.70
372.90	12.082	14.10
373.45	12.106	15.10
374.00	12.131	13.50
374.55	12.156	12.20
375.10	12.181	17.90
375.65	12.205	25.60
376.20	12.227	12.80
376.75	12.250	14.70
377.30	12.273	15.80
377.85	12.297	14.10
378.40	12.324	17.10
378.95	12.350	25.00
379.50	12.376	19.30
380.05	12.402	17.40
380.60	12.427	10.80
381.15	12.452	24.00
381.70	12.477	13.40
382.25	12.503	34.40
382.80	12.530	20.30
383.35	12.559	21.50
383.90	12.588	19.40
384.45	12.617	22.90
385.00	12.646	30.70
385.55	12.673	23.50
386.10	12.700	29.10
386.65	12.727	29.70
387.20	12.754	33.50
387.75	12.784	29.10
388.30	12.813	18.30
388.85	12.841	31.80
389.40	12.867	22.20
389.95	12.894	27.40
390.50	12.922	24.50
391.05	12.950	47.70
392.70	13.032	32.90
393.25	13.059	43.30
393.80	13.087	28.70
394.35	13.115	38.90
394.90	13.143	24.80
395.45	13.170	34.80
396.00	13.196	31.10
396.55	13.222	24.70
397.10	13.249	26.80
397.65	13.275	37.80
398.20	13.300	37.90
398.75	13.327	40.00
399.30	13.354	36.20
399.85	13.383	41.50
400.40	13.412	45.40
400.95	13.440	39.60
401.50	13.468	39.10
402.05	13.495	38.30
402.60	13.520	40.10
403.15	13.546	90.30
403.70	13.572	34.80
404.25	13.600	41.10
404.80	13.629	35.10
405.35	13.658	37.10
405.90	13.687	35.60
406.45	13.715	49.30
407.00	13.742	68.90
407.55	13.770	54.70
408.10	13.796	41.30
408.65	13.822	36.10
409.20	13.848	27.40
409.75	13.875	29.20
410.30	13.903	25.00
410.85	13.930	24.60
411.40	13.956	26.80
411.95	13.979	34.00
412.50	14.002	25.30
413.05	14.028	21.10
413.60	14.053	90.70
414.15	14.080	24.30
414.70	14.106	22.10
415.25	14.131	24.60
415.80	14.156	29.60
416.35	14.180	24.40
416.90	14.205	45.50
417.45	14.230	25.50
418.00	14.252	22.90
418.55	14.273	38.70
419.10	14.295	27.60
419.65	14.318	49.20
420.20	14.341	31.00
420.75	14.364	35.00
421.30	14.390	24.10
421.85	14.417	34.70
422.40	14.442	29.30
422.95	14.467	35.60
423.50	14.493	29.20
424.05	14.520	43.90
424.60	14.547	32.80
425.15	14.574	75.70
425.70	14.601	58.70
426.25	14.631	50.90
426.80	14.660	39.80
427.35	14.688	36.40
427.90	14.716	107.00
428.45	14.744	38.30
429.00	14.770	91.50
429.55	14.796	44.60
430.10	14.823	33.00
430.65	14.850	52.60
431.20	14.876	31.60
431.75	14.904	33.90
432.30	14.933	29.20
432.85	14.959	32.20
433.40	14.984	46.80
433.95	15.014	78.60
434.50	15.042	71.60
435.05	15.070	85.40
435.60	15.097	48.80
436.15	15.125	48.00
436.70	15.153	39.00
437.25	15.182	87.20
437.80	15.211	39.50
438.35	15.242	46.90
438.90	15.273	53.90
439.45	15.304	41.50
440.00	15.335	63.50
440.55	15.366	41.40
441.10	15.397	44.70
441.65	15.427	63.90
442.20	15.457	62.70
442.75	15.487	49.10
443.30	15.518	51.60
443.85	15.549	64.70
444.40	15.581	61.70
444.95	15.612	73.30
445.50	15.642	66.70
446.05	15.672	49.80
446.60	15.703	47.00
447.15	15.734	64.20
447.70	15.765	68.10
448.25	15.797	67.30
448.80	15.830	66.20
449.35	15.862	87.10
449.90	15.894	73.90
450.45	15.927	90.00
451.00	15.960	82.10
451.55	15.994	92.50
452.10	16.029	67.60
452.65	16.063	85.20
453.20	16.096	110.00
453.75	16.129	129.00
454.30	16.162	92.60
454.85	16.196	110.00
455.40	16.231	94.60
455.95	16.266	128.00
456.50	16.299	111.00
457.05	16.334	96.20
457.60	16.369	129.00
458.15	16.404	147.00
458.70	16.440	117.00
459.25	16.478	122.00
459.80	16.516	138.00
460.35	16.553	110.00
460.90	16.589	142.00
461.45	16.626	163.00
462.00	16.665	144.00
462.55	16.705	171.00
463.10	16.744	143.00
463.65	16.784	153.00
464.20	16.825	150.00
464.75	16.867	148.00
465.30	16.907	162.00
465.85	16.947	172.00
466.40	16.986	177.00
466.95	17.025	220.00
467.50	17.066	224.00
468.05	17.105	225.00
468.60	17.148	193.00
469.15	17.190	257.00
469.70	17.233	238.00
470.25	17.275	221.00
470.80	17.318	238.00
471.35	17.361	301.00
471.90	17.407	259.00
472.45	17.453	263.00
473.00	17.499	291.00
473.55	17.545	311.00
474.10	17.586	344.00
474.65	17.630	332.00
475.20	17.676	257.00
475.75	17.720	250.00
476.30	17.764	269.00
476.85	17.810	259.00
477.40	17.857	279.00
477.95	17.903	326.00
478.50	17.949	301.00
479.05	17.993	248.00
479.60	18.037	288.00
480.15	18.082	306.00
480.70	18.128	360.00
481.25	18.174	423.00
481.80	18.219	332.00
482.35	18.266	323.00
482.90	18.312	425.00
483.45	18.361	402.00
484.00	18.405	331.00
484.55	18.449	398.00
485.10	18.493	343.00
485.65	18.540	390.00
486.20	18.586	361.00
486.75	18.632	399.00
487.30	18.678	472.00
488.40	18.769	437.00
488.95	18.815	363.00
489.50	18.862	586.00
490.05	18.908	365.00
490.60	18.953	375.00
491.15	19.001	330.00
491.70	19.049	334.00
492.25	19.093	354.00
492.80	19.139	434.00
493.35	19.185	402.00
493.90	19.226	371.00
494.45	19.272	431.00
495.00	19.317	392.00
495.55	19.365	357.00
496.10	19.411	370.00
496.65	19.458	355.00
497.20	19.506	396.00
497.75	19.555	427.00
498.30	19.603	451.00
498.85	19.652	499.00
499.40	19.700	494.00
499.95	19.746	490.00
500.50	19.790	555.00
501.05	19.834	459.00
501.60	19.881	563.00
502.15	19.931	500.00
502.70	19.979	400.00
503.25	20.026	470.00
503.80	20.072	445.00
504.35	20.118	391.00
504.90	20.163	431.00
505.45	20.210	533.00
506.00	20.257	576.00
506.55	20.304	527.00
507.10	20.352	445.00
507.65	20.401	479.00
508.20	20.450	414.00
508.75	20.496	417.00
509.30	20.541	477.00
509.85	20.587	496.00
510.40	20.635	417.00
510.95	20.683	568.00
511.50	20.731	601.00
512.05	20.776	540.00
512.60	20.823	493.00
513.15	20.870	432.00
513.70	20.918	486.00
514.25	20.965	422.00
514.80	21.015	587.00
515.35	21.062	566.00
515.90	21.109	691.00
516.45	21.155	531.00
517.00	21.201	488.00
517.55	21.250	488.00
518.10	21.300	598.00
518.65	21.346	646.00
519.20	21.390	552.00
519.75	21.435	748.00
520.30	21.482	618.00
520.85	21.531	725.00
521.40	21.578	830.00
521.95	21.626	695.00
522.50	21.676	695.00
523.05	21.724	729.00
523.60	21.770	701.00
524.15	21.815	772.00
524.70	21.859	729.00
525.25	21.907	678.00
525.80	21.953	681.00
526.35	22.002	715.00
526.90	22.050	680.00
527.45	22.099	695.00
528.00	22.150	966.00
528.55	22.199	989.00
529.10	22.244	983.00
529.65	22.295	996.00
530.20	22.345	952.00
530.75	22.389	925.00
531.30	22.436	890.00
531.85	22.483	893.00
532.40	22.529	938.00
532.95	22.577	1010.00
533.50	22.626	864.00
534.05	22.674	936.00
534.60	22.723	721.00
535.15	22.772	716.00
535.70	22.821	643.00
536.25	22.869	734.00
536.80	22.918	614.00
537.35	22.967	615.00
537.90	23.014	568.00
538.45	23.059	583.00
539.00	23.104	564.00
539.55	23.149	623.00
540.10	23.195	692.00
540.65	23.242	655.00
541.20	23.289	766.00
541.75	23.340	638.00
542.30	23.388	680.00
542.85	23.435	689.00
543.40	23.483	600.00
543.95	23.529	615.00
544.50	23.575	658.00
545.05	23.622	624.00
545.60	23.668	623.00
546.15	23.715	690.00
546.70	23.763	776.00
547.25	23.812	896.00
547.80	23.864	781.00
548.35	23.916	714.00
548.90	23.965	694.00
549.45	24.015	680.00
550.00	24.069	764.00
550.55	24.119	781.00
551.10	24.168	742.00
551.65	24.216	819.00
552.20	24.263	770.00
552.75	24.314	806.00
553.30	24.363	768.00
553.85	24.415	715.00
554.40	24.467	739.00
554.95	24.511	764.00
555.50	24.558	730.00
556.05	24.609	776.00
556.60	24.662	1240.00
557.15	24.714	1210.00
557.70	24.766	885.00
558.25	24.818	907.00
558.80	24.868	927.00
559.35	24.919	948.00
559.90	24.969	1040.00
560.45	25.020	871.00
561.00	25.072	928.00
561.55	25.123	997.00
562.10	25.173	864.00
562.65	25.223	970.00
563.20	25.276	952.00
563.75	25.330	1060.00
564.30	25.384	1020.00
564.85	25.435	961.00
565.40	25.487	1050.00
565.95	25.538	1190.00
566.50	25.589	977.00
567.05	25.640	1170.00
567.60	25.690	1160.00
568.15	25.743	1140.00
568.70	25.795	1160.00
569.25	25.847	1090.00
569.80	25.900	1090.00
570.35	25.950	1130.00
570.90	26.000	1100.00
571.45	26.053	1060.00
572.00	26.103	1060.00
572.55	26.154	1060.00
573.10	26.207	1370.00
573.65	26.257	1350.00
574.20	26.311	817.00
574.75	26.364	1260.00
575.30	26.413	1270.00
575.85	26.465	1340.00
577.50	26.620	312.00
578.05	26.674	369.00
578.60	26.727	401.00
579.15	26.777	323.00
579.70	26.828	380.00
580.25	26.880	369.00
580.80	26.933	318.00
581.35	26.985	364.00
581.90	27.037	378.00
582.45	27.090	335.00
583.00	27.142	274.00
583.55	27.192	209.00
584.10	27.240	201.00
584.65	27.287	213.00
594.00	28.119	686.00
594.55	28.170	541.00
595.10	28.224	513.00
595.65	28.275	401.00
596.20	28.324	386.00
596.75	28.373	384.00
597.30	28.419	399.00
597.85	28.465	439.00
598.40	28.512	439.00
598.95	28.560	493.00
599.50	28.608	357.00
600.05	28.658	374.00
600.60	28.709	384.00
601.15	28.759	548.00
601.70	28.809	344.00
602.25	28.859	396.00
602.80	28.908	389.00
603.35	28.956	400.00
603.90	29.004	369.00
604.45	29.052	410.00
605.00	29.099	359.00
605.55	29.145	428.00
606.10	29.192	431.00
606.65	29.236	435.00
607.20	29.283	401.00
607.75	29.328	450.00
608.30	29.375	547.00
608.85	29.425	522.00
609.40	29.474	422.00
609.95	29.523	454.00
610.50	29.570	508.00
611.05	29.618	495.00
611.60	29.665	462.00
612.15	29.711	520.00
612.70	29.758	582.00
613.25	29.808	613.00
613.80	29.862	608.00
614.35	29.915	581.00
614.90	29.967	729.00
615.45	30.020	593.00
616.00	30.071	662.00
616.55	30.124	660.00
617.10	30.177	647.00
617.65	30.227	636.00
618.20	30.277	537.00
618.75	30.330	579.00
619.30	30.380	491.00
619.85	30.431	420.00
620.40	30.483	458.00
620.95	30.534	459.00
624.25	30.837	388.00
624.80	30.884	366.00
625.35	30.933	476.00
625.90	30.983	473.00
626.45	31.032	475.00
627.00	31.085	568.00
627.55	31.141	489.00
628.10	31.194	475.00
628.65	31.247	531.00
629.20	31.303	503.00
629.75	31.356	488.00
630.30	31.408	434.00
630.85	31.459	424.00
631.40	31.511	468.00
631.95	31.564	516.00
632.50	31.618	597.00
633.05	31.673	300.00
633.60	31.725	308.00
634.15	31.773	319.00
634.70	31.821	325.00
635.25	31.871	311.00
635.80	31.919	309.00
636.35	31.965	488.00
636.90	32.012	320.00
637.45	32.055	385.00
638.00	32.104	303.00
638.55	32.154	341.00
639.10	32.203	371.00
639.65	32.253	290.00
640.20	32.302	279.00
640.75	32.350	362.00
641.30	32.399	331.00
641.85	32.448	356.00
642.40	32.496	411.00
642.95	32.545	351.00
643.50	32.598	491.00
644.05	32.652	466.00
644.60	32.707	476.00
645.15	32.761	435.00
645.70	32.816	379.00
646.25	32.869	408.00
646.80	32.921	354.00
647.35	32.973	342.00
647.90	33.024	321.00
648.45	33.073	344.00
649.00	33.121	312.00
649.55	33.168	305.00
650.10	33.215	381.00
650.65	33.262	339.00
651.20	33.309	272.00
651.75	33.355	263.00
652.30	33.404	264.00
652.85	33.453	273.00
653.40	33.502	287.00
653.95	33.551	282.00
654.50	33.599	305.00
655.05	33.648	339.00
655.60	33.699	290.00
656.15	33.750	271.00
659.45	34.077	386.00
660.00	34.130	315.00
660.55	34.181	379.00
661.10	34.234	294.00
661.65	34.287	314.00
662.20	34.342	278.00
662.75	34.395	314.00
663.30	34.445	301.00
663.85	34.494	279.00
664.40	34.545	256.00
664.95	34.591	248.00
665.50	34.640	203.00
666.05	34.688	200.00
666.60	34.736	205.00
667.15	34.785	201.00
667.70	34.832	203.00
668.25	34.879	209.00
668.80	34.928	196.00
669.35	34.977	192.00
669.90	35.024	256.00
670.45	35.069	186.00
671.00	35.117	211.00
671.55	35.167	210.00
672.10	35.214	279.00
672.65	35.260	216.00
673.20	35.307	207.00
673.75	35.356	209.00
674.30	35.406	208.00
674.85	35.454	207.00
675.40	35.501	226.00
675.95	35.551	215.00
676.50	35.602	208.00
677.05	35.650	213.00
677.60	35.698	230.00
678.15	35.746	275.00
678.70	35.798	227.00
679.25	35.848	289.00
679.80	35.903	238.00
680.35	35.952	270.00
680.90	36.001	244.00
681.45	36.051	281.00
682.00	36.101	216.00
682.55	36.154	179.00
683.10	36.206	234.00
683.65	36.258	248.00
684.20	36.308	190.00
684.75	36.357	196.00
685.30	36.406	246.00
685.85	36.456	242.00
686.40	36.506	231.00
686.95	36.555	204.00
687.50	36.604	218.00
688.05	36.655	230.00
688.60	36.705	170.00
689.15	36.755	205.00
689.70	36.807	248.00
690.25	36.859	179.00
690.80	36.911	178.00
691.35	36.961	170.00
691.90	37.007	150.00
692.45	37.051	226.00
693.00	37.100	187.00
693.55	37.149	172.00
694.10	37.198	177.00
694.65	37.244	147.00
695.20	37.290	156.00
695.75	37.337	183.00
696.30	37.384	145.00
696.85	37.431	155.00
697.40	37.480	155.00
697.95	37.525	156.00
698.50	37.571	222.00
699.05	37.613	259.00
699.60	37.656	157.00
700.15	37.697	163.00
700.70	37.737	154.00
701.25	37.779	146.00
701.80	37.819	176.00
702.35	37.858	152.00
702.90	37.899	161.00
703.45	37.945	167.00
704.00	37.992	181.00
704.55	38.039	145.00
705.10	38.082	157.00
705.65	38.124	176.00
706.20	38.169	146.00
706.75	38.215	148.00
707.30	38.263	144.00
707.85	38.306	137.00
708.40	38.351	136.00
708.95	38.395	142.00
709.50	38.439	155.00
710.05	38.484	142.00
710.60	38.529	137.00
711.15	38.572	188.00
711.70	38.616	153.00
712.25	38.660	169.00
712.80	38.704	146.00
713.35	38.751	184.00
713.90	38.798	169.00
714.45	38.842	170.00
715.00	38.886	151.00
715.55	38.931	151.00
716.10	38.976	147.00
716.65	39.023	154.00
717.20	39.069	178.00
717.75	39.111	197.00
718.30	39.161	224.00
718.85	39.211	216.00
719.40	39.261	207.00
719.95	39.312	235.00
720.50	39.362	290.00
721.05	39.413	312.00
721.60	39.463	272.00
722.15	39.515	338.00
722.70	39.569	269.00
723.25	39.625	300.00
723.80	39.680	285.00
724.35	39.732	258.00
724.90	39.787	274.00
725.45	39.838	353.00
726.00	39.890	266.00
726.55	39.940	337.00
727.10	39.990	322.00
727.65	40.039	328.00
728.20	40.089	285.00
728.75	40.138	302.00
729.30	40.188	354.00
729.85	40.241	310.00
730.40	40.293	297.00
730.95	40.345	322.00
731.50	40.394	305.00
732.05	40.441	262.00
732.60	40.490	291.00
733.15	40.543	331.00
733.70	40.597	293.00
734.25	40.651	330.00
734.80	40.705	290.00
735.35	40.759	345.00
735.90	40.812	306.00
736.45	40.865	274.00
737.00	40.920	289.00
737.55	40.972	303.00
738.10	41.023	320.00
738.65	41.073	334.00
739.20	41.123	280.00
739.75	41.174	255.00
740.30	41.223	249.00
740.85	41.269	234.00
741.40	41.317	226.00
741.95	41.366	315.00
742.50	41.416	292.00
743.05	41.469	304.00
743.60	41.516	263.00
744.15	41.569	240.00
744.70	41.620	241.00
745.25	41.674	313.00
745.80	41.725	286.00
746.35	41.777	312.00
746.90	41.832	311.00
747.45	41.885	303.00
748.00	41.940	282.00
748.55	41.995	356.00
749.10	42.050	365.00
749.65	42.106	336.00
750.20	42.161	354.00
750.75	42.215	274.00
751.30	42.268	259.00
751.85	42.319	347.00
752.40	42.371	352.00
752.95	42.423	315.00
753.50	42.473	305.00
754.05	42.522	279.00
754.60	42.573	275.00
755.15	42.625	249.00
755.70	42.674	283.00
756.25	42.726	253.00
756.80	42.777	232.00
757.35	42.827	209.00
757.90	42.876	249.00
758.45	42.922	222.00
759.00	42.969	210.00
759.55	43.017	217.00
760.10	43.064	201.00
760.65	43.110	179.00
761.20	43.157	183.00
761.75	43.205	202.00
762.30	43.252	228.00
762.85	43.303	214.00
763.40	43.354	235.00
763.95	43.400	237.00
764.50	43.447	221.00
765.05	43.495	278.00
765.60	43.546	218.00
766.15	43.597	224.00
766.70	43.647	238.00
767.25	43.696	235.00
767.80	43.746	219.00
768.35	43.796	229.00
768.90	43.849	239.00
769.45	43.902	323.34
770.00	43.954	259.38
770.55	44.005	294.48
771.10	44.058	301.98
771.65	44.112	230.10
772.20	44.166	315.54
772.75	44.221	244.13
773.30	44.276	268.84
773.85	44.330	229.46
774.40	44.382	191.73
774.95	44.431	225.58
775.50	44.482	213.11
776.05	44.535	203.03
776.60	44.588	254.43
777.15	44.641	243.84
777.70	44.692	205.09
778.25	44.743	160.08
778.80	44.794	131.76
779.35	44.845	114.37
779.90	44.896	165.31
780.45	44.946	106.10
781.00	44.996	90.26
781.55	45.046	116.54
782.10	45.095	156.66
782.65	45.143	120.13
783.20	45.189	128.19
783.75	45.237	102.00
784.30	45.284	115.68
784.85	45.331	88.46
785.40	45.377	72.18
785.95	45.424	112.97
786.50	45.470	144.91
787.05	45.517	166.69
787.60	45.562	89.06
788.15	45.606	88.61
788.70	45.652	92.46
789.25	45.697	75.46
789.80	45.742	75.14
790.35	45.785	38.14
790.90	45.827	73.88
791.45	45.870	69.32
792.00	45.912	94.27
792.55	45.951	92.91
793.10	45.992	55.37
793.65	46.036	96.80
794.20	46.080	66.37
794.75	46.124	52.78
795.30	46.165	52.58
795.85	46.210	55.23
796.40	46.254	44.55
796.95	46.298	58.47
797.50	46.341	41.83
798.05	46.384	78.96
798.60	46.427	54.22
799.15	46.466	36.50
799.70	46.504	59.34
800.25	46.542	53.87
801.35	46.624	65.12
801.90	46.666	54.20
802.45	46.707	106.75
803.00	46.748	64.37
803.55	46.794	58.80
804.10	46.840	113.73
804.65	46.885	87.20
805.20	46.930	84.42
805.75	46.975	86.86
806.30	47.020	99.80
806.85	47.065	129.81
807.40	47.111	102.18
807.95	47.158	114.05
808.50	47.203	86.61
809.05	47.246	80.68
809.60	47.289	104.72
810.15	47.334	78.15
810.70	47.380	84.57
811.25	47.428	91.90
811.80	47.474	90.63
812.35	47.522	75.14
812.90	47.569	93.40
813.45	47.616	85.49
814.00	47.664	121.85
814.55	47.710	116.26
815.10	47.755	130.28
815.65	47.803	156.11
816.20	47.852	136.75
816.75	47.900	284.82
817.30	47.950	300.83
817.85	48.005	228.44
818.40	48.058	275.05
818.95	48.111	294.84
819.50	48.165	237.04
820.05	48.217	307.79
820.60	48.268	327.76
821.15	48.318	330.82
821.70	48.367	436.27
822.25	48.414	211.05
822.80	48.461	225.48
823.35	48.510	224.35
825.55	48.712	315.66
826.10	48.766	242.39
826.65	48.819	199.62
827.20	48.867	255.69
827.75	48.915	203.44
828.30	48.962	216.70
828.85	49.012	252.76
829.40	49.063	334.22
829.95	49.115	258.43
830.50	49.167	232.37
831.05	49.218	346.33
832.70	49.375	195.35
833.25	49.426	178.70
833.80	49.477	233.78
834.35	49.526	288.79
834.90	49.575	211.29
835.45	49.624	252.08
836.00	49.673	212.62
838.20	49.869	341.13
838.75	49.918	289.51
839.30	49.970	223.06
839.85	50.022	198.03
840.40	50.071	278.73
840.95	50.118	238.68
841.50	50.166	208.80
842.05	50.212	270.64
844.25	50.411	167.50
844.80	50.458	102.99
848.65	50.798	88.28
849.20	50.846	80.67
849.75	50.896	100.79
850.30	50.945	104.30
850.85	50.993	98.11
851.40	51.041	100.04
851.95	51.092	86.14
852.50	51.143	116.33
853.05	51.193	145.79
853.60	51.242	97.62
854.15	51.291	97.09
854.70	51.339	92.19
855.25	51.387	123.74
855.80	51.436	146.29
856.35	51.483	107.87
856.90	51.528	110.18
857.45	51.575	122.78
858.00	51.622	114.35
858.55	51.671	118.85
859.10	51.719	105.69
859.65	51.765	155.03
860.20	51.811	144.17
860.75	51.854	116.47
861.30	51.901	85.50
861.85	51.947	89.27
862.40	51.990	65.67
862.95	52.032	111.00
863.50	52.075	111.53
864.05	52.117	48.74
864.60	52.163	78.25
865.15	52.212	53.26
865.70	52.258	60.22
866.25	52.305	113.25
866.80	52.352	174.54
867.35	52.398	51.76
869.00	52.535	48.03
869.55	52.580	60.21
870.65	52.668	73.49
871.20	52.713	48.70
871.75	52.757	67.95
872.30	52.799	42.59
872.85	52.843	46.18
873.40	52.888	85.83
873.95	52.935	153.15
874.50	52.982	88.99
875.05	53.026	63.20
875.60	53.067	75.86
876.15	53.110	74.01
876.70	53.153	51.98
877.25	53.195	41.32
877.80	53.237	52.86
878.35	53.278	40.78
878.90	53.318	62.13
879.45	53.359	43.33
880.00	53.399	29.82
880.55	53.440	30.36
881.10	53.482	47.62
881.65	53.526	59.69
882.20	53.571	36.23
882.75	53.617	44.62
883.30	53.666	62.59
883.85	53.714	49.40
884.40	53.761	65.53
884.95	53.804	63.22
885.50	53.848	66.47
886.05	53.893	83.18
886.60	53.938	66.87
887.15	53.984	67.97
887.70	54.031	106.94
888.25	54.078	95.51
888.80	54.125	89.16
889.35	54.169	83.86
889.90	54.213	118.30
890.45	54.256	119.93
891.00	54.301	138.15
891.55	54.347	99.09
892.10	54.396	105.16
892.65	54.445	168.03
893.20	54.495	172.15
893.75	54.544	150.34
894.30	54.594	179.66
894.85	54.645	129.06
895.40	54.697	165.47
895.95	54.748	122.12
896.50	54.797	145.16
897.05	54.843	116.84
897.60	54.890	130.92
898.15	54.937	112.42
898.70	54.982	109.30
899.25	55.027	151.13
899.80	55.074	226.85
900.35	55.122	220.76
900.90	55.168	174.75
901.45	55.216	192.56
902.00	55.264	157.93
902.55	55.310	170.26
903.10	55.358	169.25
903.65	55.409	260.69
904.20	55.458	165.82
904.75	55.505	187.81
905.30	55.554	208.02
905.85	55.603	280.64
906.40	55.654	216.14
906.95	55.707	210.36
907.50	55.761	190.29
908.05	55.813	245.66
908.60	55.864	253.63
909.15	55.918	230.79
909.70	55.971	207.58
910.25	56.023	308.45
910.80	56.076	229.47
912.45	56.226	197.81
913.00	56.275	254.09
913.55	56.326	231.14
914.10	56.376	237.10
914.65	56.424	172.69
915.20	56.474	224.82
915.75	56.523	202.95
916.30	56.571	187.61
916.85	56.618	198.63
917.40	56.669	150.43
917.95	56.716	164.88
918.50	56.766	141.51
919.05	56.812	160.38
919.60	56.858	98.99
920.15	56.903	103.72
920.70	56.948	146.71
921.25	56.994	106.78
921.80	57.041	79.93
922.35	57.086	65.92
922.90	57.130	77.79
923.45	57.172	202.28
924.00	57.216	120.97
924.55	57.258	85.87
925.10	57.300	64.26
925.65	57.346	142.01
926.20	57.395	93.28
926.75	57.443	95.44
927.30	57.488	66.55
927.85	57.532	82.74
928.40	57.578	87.42
928.95	57.625	74.61
929.50	57.669	74.95
930.05	57.713	76.75
930.60	57.760	76.87
931.15	57.809	129.02
931.70	57.857	89.61
932.25	57.904	64.81
932.80	57.949	71.26
933.35	57.994	54.98
933.90	58.039	68.72
934.45	58.081	57.25
935.00	58.127	52.00
935.55	58.170	43.97
936.10	58.212	34.44
936.65	58.254	40.89
937.20	58.297	55.40
937.75	58.338	54.98
938.30	58.379	47.37
938.85	58.422	54.06
939.40	58.467	240.47
939.95	58.511	36.39
940.50	58.552	45.08
941.05	58.592	37.81
941.60	58.633	40.44
942.15	58.676	52.35
942.70	58.718	37.91
943.25	58.760	45.87
943.80	58.803	46.30
944.35	58.847	43.00
944.90	58.892	51.57
945.45	58.936	40.96
946.00	58.980	42.77
946.55	59.024	52.60
947.10	59.067	65.81
947.65	59.110	69.47
948.20	59.153	53.82
948.75	59.201	44.44
949.30	59.242	42.28
949.85	59.286	82.47
950.40	59.333	83.71
950.95	59.381	65.83
951.50	59.426	40.92
952.05	59.469	65.27
952.60	59.514	70.49
953.15	59.560	73.03
953.70	59.606	94.38
954.25	59.651	68.86
954.80	59.700	67.97
955.35	59.747	73.28
955.90	59.791	72.82
956.45	59.835	96.28
957.00	59.879	123.21
957.55	59.925	135.07
958.10	59.972	147.65
958.65	60.020	187.70
959.20	60.068	151.45
959.75	60.116	182.86
960.30	60.166	239.33
960.85	60.216	194.94
961.40	60.265	231.99
961.95	60.313	210.04
962.50	60.364	433.20
963.05	60.414	476.84
963.60	60.460	244.32
964.15	60.510	139.33
964.70	60.558	108.27
965.25	60.603	153.42
965.80	60.649	146.34
966.35	60.697	150.31
966.90	60.747	152.33
967.45	60.797	147.05
968.00	60.847	167.92
968.55	60.896	165.31
969.10	60.944	184.56
969.65	60.994	228.54
970.20	61.045	184.10
970.75	61.094	190.61
971.30	61.142	164.32
971.85	61.192	172.05
972.40	61.242	262.34
972.95	61.292	165.03
973.50	61.343	231.87
974.05	61.394	186.60
974.60	61.447	284.33
975.15	61.499	266.08
975.70	61.550	293.50
976.25	61.601	304.58
976.80	61.654	284.81
977.35	61.706	269.05
977.90	61.757	271.25
978.45	61.809	234.90
979.00	61.863	277.36
979.55	61.919	282.33
980.10	61.974	299.61
980.65	62.033	335.29
981.20	62.089	413.63
981.75	62.144	345.91
982.30	62.198	390.39
982.85	62.254	448.93
983.40	62.312	480.77
983.95	62.371	548.86
984.50	62.428	630.31
985.05	62.480	703.11
985.60	62.539	786.92
986.15	62.598	686.18
986.70	62.657	534.26
987.25	62.715	602.47
987.80	62.771	607.63
988.35	62.832	658.88
988.90	62.894	727.48
989.45	62.953	535.88
990.00	63.012	517.00
990.55	63.079	536.95
991.10	63.141	622.56
991.65	63.203	563.80
992.20	63.265	579.16
992.75	63.326	599.96
993.30	63.388	326.19
993.85	63.448	324.75
994.40	63.508	264.46
994.95	63.564	277.69
995.50	63.615	339.40
996.05	63.666	329.63
996.60	63.720	281.38
997.15	63.771	578.60
997.70	63.829	867.98
998.25	63.884	365.03
998.80	63.938	277.69
999.35	63.989	364.86
999.90	64.042	477.52
1000.45	64.100	322.00
1001.00	64.160	389.06
1001.55	64.218	470.42
1002.10	64.278	599.89
1002.65	64.340	716.77
1003.20	64.399	736.57
1003.75	64.457	769.86
1004.30	64.516	657.92
1004.85	64.577	616.98
1005.40	64.635	643.41
1005.95	64.697	720.15
1006.50	64.756	445.27
1007.05	64.817	376.01
1007.60	64.879	430.11
1008.15	64.939	586.75
1008.70	64.998	535.73
1009.25	65.054	608.99
1009.80	65.111	553.93
1010.35	65.173	604.72
1010.90	65.232	627.92
1011.45	65.293	645.70
1012.00	65.353	679.77
1012.55	65.415	1000.10
1013.10	65.479	1140.69
1013.65	65.539	1284.70
1014.20	65.603	1066.63
1014.75	65.663	947.61
1015.30	65.724	614.52
1015.85	65.788	664.20
1016.40	65.852	629.52
1016.95	65.914	554.04
1017.50	65.977	642.40
1018.05	66.042	629.66
1018.60	66.106	556.19
1019.15	66.170	336.34
1019.70	66.236	392.86
1020.25	66.299	509.13
1020.80	66.362	772.84
1021.35	66.423	788.67
1021.90	66.485	490.37
1022.45	66.541	526.60
1023.00	66.606	512.11
1023.55	66.667	612.42
1024.10	66.727	657.85
1024.65	66.790	764.09
1025.20	66.853	1019.25
1025.75	66.913	962.42
1026.30	66.976	1015.05
1026.85	67.041	881.76
1027.40	67.103	936.05
1027.95	67.167	951.84
1028.50	67.231	1019.63
1029.05	67.296	1026.90
1029.60	67.358	786.53
1030.15	67.421	647.24
1030.70	67.485	779.62
1031.25	67.546	797.01
1031.80	67.604	861.07
1032.35	67.666	740.38
1032.90	67.729	822.45
1033.45	67.793	625.70
1034.00	67.848	740.12
1034.55	67.908	783.06
1035.10	67.969	603.91
1035.65	68.029	689.64
1036.20	68.091	656.40
1036.75	68.158	791.86
1037.30	68.224	698.73
1037.85	68.289	538.58
1038.40	68.346	441.46
1038.95	68.403	303.46
1039.50	68.460	446.38
1040.05	68.517	421.59
1040.60	68.574	388.64
1041.15	68.631	407.53
1041.70	68.692	458.15
1042.25	68.751	437.48
1042.80	68.816	764.00
1043.35	68.879	489.96
1043.90	68.943	611.45
1044.45	69.009	429.69
1045.00	69.074	506.47
1045.55	69.141	416.69
1046.10	69.204	421.72
1046.65	69.268	373.95
1047.20	69.332	341.09
1047.75	69.394	214.39
1048.30	69.450	283.75
1048.85	69.511	326.37
1049.40	69.573	334.51
1049.95	69.632	342.10
1050.50	69.686	246.07
1051.05	69.741	218.59
1051.60	69.796	231.48
1052.15	69.854	155.57
1052.70	69.913	130.50
1053.25	69.969	111.69
1053.80	70.025	102.15
1054.35	70.081	88.09
1054.90	70.137	69.49
1055.45	70.190	92.18
1056.00	70.241	63.23
1056.55	70.296	80.86
1057.10	70.347	43.73
1057.65	70.399	38.72
1058.20	70.450	64.36
1058.75	70.500	33.11
1059.30	70.546	43.96
1059.85	70.594	45.22
1060.40	70.641	56.16
1060.95	70.688	47.89
1061.50	70.733	38.50
1062.05	70.779	30.86
1062.60	70.826	39.23
1063.15	70.873	57.49
1063.70	70.922	80.99
1064.25	70.976	84.51
1064.80	71.030	32.77
1065.35	71.078	58.69
1065.90	71.130	43.15
1066.45	71.182	57.24
1067.00	71.231	55.76
1067.55	71.280	42.68
1068.10	71.330	74.43
1068.65	71.383	98.07
1069.20	71.438	63.94
1069.75	71.491	52.86
1070.30	71.544	56.65
1070.85	71.592	115.79
1071.40	71.645	48.65
1071.95	71.697	42.69
1072.50	71.750	53.44
1073.05	71.804	65.67
1073.60	71.857	57.10
1074.15	71.910	58.78
1074.70	71.964	74.98
1075.25	72.019	83.46
1075.80	72.074	107.13
1076.35	72.132	140.99
1076.90	72.187	138.67
1077.45	72.244	189.92
1078.00	72.301	243.10
1078.55	72.363	227.24
1079.10	72.426	165.89
1079.65	72.486	136.37
1080.20	72.547	121.64
1080.75	72.608	126.22
1081.30	72.669	145.33
1081.85	72.727	103.99
1082.40	72.785	100.11
1082.95	72.843	199.75
1083.50	72.899	93.36
1084.05	72.956	88.03
1084.60	73.012	93.40
1085.15	73.066	75.89
1085.70	73.119	79.64
1086.25	73.172	67.24
1086.80	73.225	88.18
1087.35	73.281	80.03
1087.90	73.333	54.78
1088.45	73.387	52.67
1089.00	73.440	90.56
1089.55	73.495	87.14
1090.10	73.545	46.09
1090.65	73.598	55.66
1091.20	73.650	135.36
1091.75	73.701	39.69
1092.30	73.752	65.46
1092.85	73.804	52.73
1093.40	73.854	60.58
1093.95	73.903	65.16
1094.50	73.947	56.26
1095.05	73.994	52.35
1095.60	74.042	57.67
1096.15	74.090	61.67
1096.70	74.135	43.97
1097.25	74.183	42.38
1097.80	74.228	45.31
1098.35	74.274	53.84
1098.90	74.322	47.46
1099.45	74.368	42.17
1100.00	74.414	34.74
1100.55	74.459	35.30
1101.10	74.503	46.70
1101.65	74.543	33.00
1102.20	74.587	27.00
1102.75	74.630	36.57
1103.30	74.674	38.39
1103.85	74.721	44.44
1104.40	74.768	45.00
1104.95	74.816	53.45
1105.50	74.864	42.32
1106.05	74.913	47.38
1106.60	74.962	53.84
1107.15	75.011	65.65
1107.70	75.063	76.93
1108.25	75.114	90.59
1108.80	75.165	114.98
1109.35	75.215	81.92
1109.90	75.265	77.29
1110.45	75.316	107.62
1111.00	75.368	98.76
1111.55	75.421	128.99
1112.10	75.474	108.46
1112.65	75.527	131.59
1113.20	75.582	156.07
1113.75	75.636	133.56
1114.30	75.693	190.40
1114.85	75.749	246.91
1115.40	75.808	236.14
1115.95	75.868	251.45
1116.50	75.926	227.27
1117.05	75.982	214.79
1117.60	76.038	150.57
1118.15	76.091	137.53
1118.70	76.144	199.94
1119.25	76.202	145.19
1119.80	76.258	155.28
1120.35	76.312	150.57
1120.90	76.365	151.32
1121.45	76.419	174.81
1122.00	76.478	186.14
1122.55	76.531	205.34
1123.10	76.587	207.02
1123.65	76.639	227.91
1124.20	76.692	227.45
1124.75	76.749	176.76
1125.30	76.806	171.39
1125.85	76.861	142.87
1126.40	76.916	185.38
1126.95	76.969	134.40
1127.50	77.021	135.85
1128.05	77.073	130.35
1128.60	77.125	116.35
1129.15	77.179	123.94
1129.70	77.229	122.99
1130.25	77.281	126.01
1130.80	77.332	142.83
1131.35	77.382	151.45
1131.90	77.435	175.56
1132.45	77.492	153.94
1133.00	77.546	157.46
1133.55	77.601	169.36
1134.10	77.658	164.91
1134.65	77.715	125.47
1135.20	77.771	144.98
1135.75	77.825	111.04
1136.30	77.880	133.21
1136.85	77.935	143.93
1137.40	77.989	161.45
1137.95	78.041	159.98
1138.50	78.094	143.25
1139.05	78.149	109.20
1139.60	78.200	107.93
1140.15	78.252	169.67
1140.70	78.310	119.35
1141.25	78.364	124.94
1141.80	78.415	120.58
1142.35	78.465	139.05
1142.90	78.518	149.04
1143.45	78.570	119.75
1144.00	78.620	177.17
1144.55	78.670	128.61
1145.10	78.719	109.29
1145.65	78.767	112.92
1146.20	78.817	122.66
1146.75	78.868	131.01
1147.30	78.919	110.68
1147.85	78.969	111.60
1148.40	79.022	128.26
1148.95	79.076	106.16
1149.50	79.127	105.04
1150.05	79.178	88.61
1150.60	79.228	105.39
1151.15	79.280	75.86
1151.70	79.327	80.85
1152.25	79.374	68.50
1152.80	79.421	86.94
1153.35	79.470	74.90
1153.90	79.520	100.31
1154.45	79.571	85.03
1155.00	79.621	72.91
1155.55	79.670	89.01
1156.10	79.716	99.23
1156.65	79.762	97.17
1157.20	79.810	117.56
1157.75	79.860	73.65
1158.30	79.910	89.38
1158.85	79.961	85.03
1159.40	80.011	81.22
1159.95	80.059	75.96
1160.50	80.107	76.28
1161.05	80.153	70.01
1161.60	80.198	75.13
1162.15	80.249	79.30
1162.70	80.297	68.88
1163.25	80.346	73.07
1163.80	80.392	68.15
1164.35	80.440	93.60
1164.90	80.489	77.06
1165.45	80.537	63.92
1166.00	80.586	60.77
1166.55	80.633	54.48
1167.10	80.679	61.92
1167.65	80.726	80.03
1168.20	80.774	65.16
1168.75	80.821	131.20
1169.30	80.869	88.23
1169.85	80.918	56.00
1170.40	80.966	50.58
1170.95	81.016	62.46
1171.50	81.065	56.94
1172.05	81.114	80.52
1172.60	81.164	52.28
1173.15	81.215	65.96
1173.70	81.264	57.09
1174.25	81.310	122.18
1174.80	81.355	77.26
1175.35	81.401	75.19
1175.90	81.450	56.51
1176.45	81.499	64.77
1177.00	81.545	68.46
1177.55	81.591	57.30
1178.10	81.637	72.41
1178.65	81.683	44.94
1179.20	81.725	45.33
1179.75	81.767	60.44
1180.30	81.810	70.67
1180.85	81.855	51.71
1181.40	81.899	58.96
1181.95	81.943	56.33
1182.50	81.992	45.83
1183.05	82.037	61.32
1183.60	82.084	52.16
1184.15	82.128	49.61
1184.70	82.174	32.84
1185.25	82.218	38.81
1185.80	82.261	43.89
1186.35	82.303	53.92
1186.90	82.343	46.03
1187.45	82.386	57.91
1188.00	82.427	84.19
1188.55	82.469	57.12
1189.10	82.512	43.20
1189.65	82.554	46.89
1190.20	82.599	53.53
1190.75	82.642	50.80
1191.30	82.680	50.92
1191.85	82.721	55.25
1192.40	82.763	53.05
1192.95	82.804	46.19
1193.50	82.846	55.49
1194.05	82.889	38.71
1194.60	82.932	38.48
1195.15	82.974	46.78
1195.70	83.016	27.97
1196.25	83.057	47.12
1196.80	83.098	23.03
1197.35	83.137	52.35
1197.90	83.176	36.61
1198.45	83.216	42.64
1199.00	83.255	53.11
1199.55	83.294	42.01
1200.10	83.333	37.59
1200.65	83.375	51.78
1201.20	83.417	35.55
1201.75	83.460	33.84
1202.30	83.503	32.20
1202.85	83.545	46.61
1203.40	83.589	36.59
1203.95	83.632	49.52
1204.50	83.675	40.36
1205.05	83.716	46.99
1205.60	83.756	43.87
1206.15	83.796	49.81
1206.70	83.843	42.92
1207.25	83.885	46.45
1207.80	83.929	50.32
1208.35	83.970	77.67
1208.90	84.012	70.93
1209.45	84.054	140.12
1210.00	84.097	107.27
1210.55	84.142	49.72
1211.10	84.184	45.92
1211.65	84.231	32.92
1212.20	84.276	26.76
1212.75	84.322	39.10
1213.30	84.367	34.88
1213.85	84.411	35.26
1214.40	84.455	44.49
1214.95	84.500	44.24
1215.50	84.544	32.23
1216.05	84.589	35.60
1216.60	84.632	26.40
1217.15	84.674	33.91
1217.70	84.719	30.37
1218.25	84.765	42.80
1218.80	84.813	26.83
1219.35	84.858	62.84
1219.90	84.903	20.94
1220.45	84.951	40.20
1221.00	84.999	44.92
1221.55	85.046	42.68
1222.10	85.093	51.32
1222.65	85.142	44.70
1223.20	85.188	41.13
1223.75	85.229	35.61
1224.30	85.276	38.61
1224.85	85.324	57.03
1225.40	85.371	50.95
1225.95	85.419	48.13
1226.50	85.468	58.70
1227.05	85.515	68.93
1227.60	85.564	70.49
1228.15	85.613	65.82
1228.70	85.662	52.08
1229.25	85.710	93.38
1229.80	85.759	77.03
1230.35	85.810	45.20
1230.90	85.861	69.55
1231.45	85.911	48.33
1232.00	85.962	78.14
1232.55	86.010	63.14
1233.10	86.059	66.96
1233.65	86.108	49.62
1234.20	86.157	66.12
1234.75	86.208	88.82
1235.30	86.260	113.95
1235.85	86.311	97.17
1236.40	86.362	84.09
1236.95	86.413	102.49
1237.50	86.466	126.75
1238.05	86.519	107.55
1238.60	86.574	82.37
1239.15	86.630	88.35
1239.70	86.686	137.55
1240.25	86.735	97.42
1240.80	86.790	101.48
1241.35	86.844	118.23
1241.90	86.899	113.95
1242.45	86.952	118.02
1243.00	87.008	136.84
1243.55	87.063	141.98
1244.10	87.121	198.40
1244.65	87.182	253.63
1245.20	87.246	234.37
1245.75	87.310	277.91
1246.30	87.368	189.26
1246.85	87.423	228.63
1247.40	87.481	229.78
1247.95	87.541	228.04
1248.50	87.599	226.90
1249.05	87.658	203.54
1249.60	87.714	210.62
1250.15	87.774	191.38
1250.70	87.831	185.61
1251.25	87.891	204.63
1251.80	87.949	264.40
1252.35	88.004	207.22
1252.90	88.059	153.94
1253.45	88.114	135.15
1254.00	88.172	150.81
1254.55	88.230	123.83
1255.10	88.286	119.82
1255.65	88.346	128.37
1256.20	88.401	113.39
1256.75	88.459	113.55
1257.30	88.518	125.55
1257.85	88.574	119.94
1258.40	88.631	166.64
1258.95	88.688	108.62
1259.50	88.742	80.74
1260.05	88.794	102.77
1260.60	88.847	128.21
1261.15	88.899	130.24
1261.70	88.952	131.15
1262.25	89.005	111.05
1262.80	89.062	84.37
1263.35	89.119	106.81
1263.90	89.174	83.09
1264.45	89.230	170.49
1265.00	89.286	165.67
1265.55	89.336	109.20
1266.10	89.387	93.88
1266.65	89.438	101.77
1267.20	89.489	74.66
1267.75	89.540	83.83
1268.30	89.592	129.41
1268.85	89.650	105.12
1269.40	89.705	119.72
1269.95	89.757	143.31
1270.50	89.808	353.87
1271.05	89.861	157.40
1271.60	89.913	71.22
1272.15	89.963	64.00
1272.70	90.012	81.23
1273.25	90.062	68.16
1273.80	90.115	63.18
1274.35	90.168	110.56
1274.90	90.222	56.95
1275.45	90.274	89.29
1276.00	90.324	88.31
1276.55	90.380	78.35
1277.10	90.436	68.69
1277.65	90.489	118.07
1278.20	90.540	168.68
1278.75	90.600	90.96
1279.30	90.660	58.80
1279.85	90.719	70.59
1280.40	90.777	56.05
1280.95	90.833	64.69
1281.50	90.888	73.09
1282.05	90.939	70.26
1282.60	90.991	93.34
1283.15	91.046	63.93
1283.70	91.101	53.99
1284.25	91.156	56.65
1284.80	91.213	52.84
1285.35	91.270	54.80
1285.90	91.328	104.95
1286.45	91.385	50.56
1287.00	91.441	85.19
1287.55	91.500	59.61
1288.10	91.550	52.09
1288.65	91.602	46.83
1289.20	91.657	49.19
1289.75	91.714	76.86
1290.30	91.771	64.93
1290.85	91.825	63.50
1291.40	91.880	65.80
1291.95	91.935	59.54
1292.50	91.987	49.32
1293.05	92.040	66.61
1293.60	92.094	55.90
1294.15	92.148	65.34
1294.70	92.204	44.04
1295.25	92.260	54.30
1295.80	92.315	58.89
1296.35	92.368	54.63
1296.90	92.418	45.89
1297.45	92.471	79.84
1298.00	92.525	80.84
1298.55	92.577	55.34
1299.10	92.629	50.15
1299.65	92.679	59.71
1300.20	92.734	50.11
1300.75	92.786	42.47
1301.30	92.838	42.39
1301.85	92.889	39.18
1302.40	92.941	43.59
1302.95	92.995	49.96
1303.50	93.051	46.90
1304.05	93.104	69.11
1304.60	93.157	63.00
1305.15	93.211	41.17
1305.70	93.264	30.69
1306.25	93.315	52.62
1306.80	93.364	50.58
1307.35	93.414	86.41
1307.90	93.465	37.88
1308.45	93.517	58.38
1309.00	93.572	49.75
1309.55	93.626	56.25
1310.10	93.676	40.30
1310.65	93.725	68.94
1311.20	93.778	64.91
1311.75	93.830	60.88
1312.30	93.880	47.45
1312.85	93.931	43.70
1313.40	93.983	46.74
1313.95	94.034	83.84
1314.50	94.084	34.11
1315.05	94.133	37.72
1315.60	94.182	33.68
1316.15	94.232	42.88
1316.70	94.286	38.14
1317.25	94.335	42.95
1317.80	94.386	35.68
1318.35	94.440	41.07
1318.90	94.490	31.77
1319.45	94.542	33.79
1320.00	94.595	27.93
1320.55	94.649	38.21
1321.10	94.705	33.17
1321.65	94.757	34.04
1322.20	94.805	21.51
1322.75	94.849	40.85
1323.30	94.893	32.11
1323.85	94.941	39.45
1324.40	94.987	30.57
1324.95	95.034	46.89
1325.50	95.083	48.50
1326.05	95.132	35.53
1326.60	95.182	33.33
1327.15	95.234	50.40
1327.70	95.288	39.22
1328.25	95.341	43.59
1328.80	95.394	29.83
1329.35	95.449	36.30
1329.90	95.502	19.37
1330.45	95.555	30.24
1331.00	95.609	29.97
1331.55	95.661	25.63
1332.10	95.714	23.08
1332.65	95.767	62.96
1333.20	95.819	52.90
1333.75	95.871	38.39
1334.30	95.924	50.12
1334.85	95.972	41.64
1335.40	96.024	38.47
1335.95	96.079	39.59
1336.50	96.130	35.64
1337.05	96.182	64.21
1337.60	96.232	27.64
1338.15	96.280	47.16
1338.70	96.331	48.65
1339.25	96.385	46.14
1339.80	96.438	27.56
1340.35	96.486	28.03
1340.90	96.543	48.16
1341.45	96.597	52.87
1342.00	96.649	39.73
1342.55	96.699	45.58
1343.10	96.752	33.21
1343.65	96.804	35.67
1344.20	96.855	54.07
1344.75	96.906	48.04
1345.30	96.958	72.12
1345.85	97.011	60.20
1346.40	97.065	40.59
1346.95	97.116	54.02
1347.50	97.167	48.27
1348.05	97.218	55.00
1348.60	97.268	37.27
1349.15	97.319	43.53
1349.70	97.369	42.77
1350.25	97.420	62.02
1350.80	97.472	63.35
1351.35	97.525	44.98
1351.90	97.575	47.29
1352.45	97.629	61.95
1353.00	97.682	89.68
1353.55	97.735	55.27
1354.10	97.783	49.89
1354.65	97.832	48.41
1355.20	97.885	41.84
1355.75	97.940	43.61
1356.30	97.994	53.90
1356.85	98.046	87.13
1357.40	98.095	67.30
1357.95	98.146	74.25
1358.50	98.197	47.76
1359.05	98.251	92.28
1359.60	98.302	124.48
1360.15	98.355	192.30
1360.70	98.408	93.00
1361.25	98.459	69.54
1361.80	98.509	64.23
1362.35	98.560	76.07
1362.90	98.610	73.36
1363.45	98.662	81.06
1364.00	98.717	64.66
1364.55	98.772	93.27
1365.10	98.825	75.22
1365.65	98.880	128.97
1366.20	98.933	88.98
1366.75	98.990	113.67
1367.30	99.041	70.84
1367.85	99.094	74.41
1368.40	99.147	66.49
1368.95	99.205	109.84
1369.50	99.263	59.39
1370.05	99.318	92.22
1370.60	99.372	72.60
1371.15	99.427	87.40
1371.70	99.482	85.47
1372.25	99.535	101.59
1372.80	99.586	118.53
1373.35	99.641	84.48
1373.90	99.692	74.22
1374.45	99.743	107.89
1375.00	99.795	81.20
1375.55	99.848	83.64
1376.10	99.904	78.07
1376.65	99.957	92.12
1377.20	100.010	90.04
1377.75	100.062	82.76
1378.30	100.114	87.64
1378.85	100.166	107.67
1379.40	100.218	70.96
1379.95	100.269	114.29
1380.50	100.321	96.48
1381.05	100.374	88.53
1381.60	100.426	73.17
1382.15	100.477	99.02
1382.70	100.529	71.26
1383.25	100.580	86.60
1383.80	100.634	87.76
1384.35	100.687	85.05
1384.90	100.739	71.63
1385.45	100.791	119.10
1386.00	100.842	76.76
1386.55	100.893	163.18
1387.10	100.948	79.73
1387.65	101.003	91.77
1388.20	101.058	67.01
1388.75	101.113	80.00
1389.30	101.165	74.34
1389.85	101.216	65.52
1390.40	101.266	65.24
1390.95	101.315	74.73
1391.50	101.363	116.04
1392.05	101.410	82.24
1392.60	101.458	61.53
1393.15	101.509	64.82
1393.70	101.561	97.30
1394.25	101.614	88.68
1394.80	101.667	70.49
1395.35	101.720	93.03
1395.90	101.772	118.20
1396.45	101.825	72.12
1397.00	101.878	55.51
1397.55	101.930	63.47
1398.10	101.982	65.41
1398.65	102.038	83.64
1399.20	102.091	49.16
1399.75	102.144	66.52
1400.30	102.196	62.82
1400.85	102.252	60.26
1401.40	102.312	58.75
1401.95	102.368	70.95
1402.50	102.423	83.38
1403.05	102.479	137.18
1403.60	102.535	96.04
1404.15	102.590	62.91
1404.70	102.647	71.62
1405.25	102.702	78.39
1405.80	102.760	97.90
1406.35	102.819	137.55
1406.90	102.878	115.66
1407.45	102.935	98.72
1408.00	102.991	100.23
1408.55	103.052	119.70
1409.10	103.113	129.24
1409.65	103.175	137.96
1410.20	103.234	167.60
1410.75	103.302	209.78
1411.30	103.368	192.31
1411.85	103.433	194.34
1412.40	103.503	126.25
1412.95	103.571	148.55
1413.50	103.637	153.51
1414.05	103.705	124.33
1414.60	103.770	123.25
1415.15	103.836	131.01
1415.70	103.898	146.36
1416.25	103.961	122.20
1416.80	104.022	113.50
1417.35	104.083	151.15
1417.90	104.150	104.45
1418.45	104.212	95.62
1419.00	104.270	80.64
1419.55	104.330	84.10
1420.10	104.392	89.50
1420.65	104.453	95.33
1421.20	104.512	64.15
1421.75	104.572	98.21
1422.30	104.633	63.19
1422.85	104.692	81.49
1423.40	104.748	77.03
1423.95	104.804	78.27
1424.50	104.861	72.39
1425.05	104.918	87.16
1425.60	104.975	76.89
1426.15	105.033	80.93
1426.70	105.086	90.45
1427.25	105.143	60.55
1427.80	105.204	60.11
1428.35	105.264	62.97
1428.90	105.322	60.83
1429.45	105.379	62.74
1430.00	105.438	65.35
1430.55	105.495	58.18
1431.10	105.552	53.68
1431.65	105.608	57.03
1432.20	105.666	44.84
1432.75	105.725	51.60
1433.30	105.785	48.12
1433.85	105.844	52.02
1434.40	105.902	45.52
1434.95	105.956	65.05
1435.50	106.011	96.26
1436.05	106.067	63.34
1436.60	106.122	52.55
1437.15	106.178	52.83
1437.70	106.234	54.55
1438.25	106.287	55.24
1438.80	106.340	76.63
1439.35	106.394	91.68
1439.90	106.447	43.91
1440.45	106.499	49.31
1441.00	106.550	28.83
1441.55	106.601	54.15
1442.10	106.651	54.11
1442.65	106.704	60.00
1443.20	106.759	86.17
1443.75	106.818	46.97
1444.30	106.876	37.88
1444.85	106.933	44.98
1445.40	106.988	39.16
1445.95	107.046	88.46
1446.50	107.103	60.91
1447.05	107.162	61.12
1447.60	107.223	79.34
1448.15	107.283	56.70
1448.70	107.343	55.04
1449.25	107.406	76.75
1449.80	107.468	53.50
1450.35	107.530	86.88
1450.90	107.590	70.78
1451.45	107.653	80.67
1452.00	107.717	74.38
1452.55	107.781	90.98
1453.10	107.849	91.79
1453.65	107.917	85.68
1454.20	107.986	92.86
1454.75	108.056	114.62
1455.30	108.125	157.87
1455.85	108.195	172.13
1456.40	108.267	182.48
1456.95	108.340	156.99
1457.50	108.416	177.40
1458.05	108.487	117.22
1458.60	108.561	128.76
1459.15	108.632	121.61
1459.70	108.705	117.77
1460.25	108.776	119.48
1460.80	108.851	96.14
1461.35	108.922	125.09
1461.90	108.994	127.58
1462.45	109.072	107.02
1463.00	109.143	79.04
1463.55	109.211	111.31
1464.10	109.280	89.30
1464.65	109.349	97.56
1465.20	109.416	82.23
1465.75	109.490	126.49
1466.30	109.557	94.77
1466.85	109.624	61.22
1467.40	109.690	78.39
1467.95	109.756	106.22
1468.50	109.822	88.05
1469.05	109.885	114.26
1469.60	109.957	84.45
1470.15	110.025	118.57
1470.70	110.085	94.07
1471.25	110.151	120.00
1471.80	110.222	106.38
1472.35	110.290	133.68
1472.90	110.356	99.74
1473.45	110.419	153.61
1474.00	110.482	105.39
1474.55	110.548	117.20
1475.10	110.614	61.67
1475.65	110.681	78.00
1476.20	110.747	71.55
1476.75	110.811	126.67
1477.30	110.877	73.66
1477.85	110.940	75.70
1478.40	111.005	88.63
1478.95	111.071	62.66
1479.50	111.136	64.35
1480.05	111.200	80.61
1480.60	111.263	85.01
1481.15	111.330	58.51
1481.70	111.400	43.76
1482.25	111.465	82.77
1482.80	111.532	81.50
1483.35	111.598	66.70
1483.90	111.662	89.07
1484.45	111.729	195.28
1485.00	111.797	51.48
1485.55	111.865	55.56
1486.10	111.932	46.94
1486.65	111.997	39.13
1487.20	112.066	41.95
1487.75	112.135	34.20
1488.30	112.199	43.42
1488.85	112.263	40.82
1489.40	112.330	40.21
1489.95	112.400	59.66
1490.50	112.464	35.60
1491.05	112.527	38.04
1491.60	112.592	21.75
1492.15	112.654	31.28
1492.70	112.714	25.66
1493.25	112.777	50.47
1493.80	112.843	97.14
1494.35	112.907	36.39
1494.90	112.971	17.25
1495.45	113.034	26.75
1496.00	113.097	31.29
1496.55	113.162	28.75
1497.10	113.222	49.89
1497.65	113.281	34.04
1498.20	113.342	23.20
1498.75	113.403	33.00
1499.30	113.466	36.42
1499.85	113.531	34.21
1500.40	113.592	23.91
1500.95	113.652	76.65
1501.50	113.716	41.11
1502.05	113.776	73.79
1502.60	113.833	46.29
1503.15	113.889	71.08
1503.70	113.947	41.12
1504.25	114.004	51.81
1504.80	114.060	17.49
1505.35	114.116	27.78
1505.90	114.170	25.76
1506.45	114.227	36.08
1507.00	114.284	23.69
1507.55	114.342	27.66
1508.10	114.398	20.73
1508.65	114.452	26.68
1509.20	114.509	29.33
1509.75	114.569	30.46
1510.30	114.627	23.07
1510.85	114.684	30.07
1511.40	114.740	48.35
1511.95	114.792	17.82
1512.50	114.844	11.94
1513.05	114.899	17.93
1513.60	114.956	18.19
1514.15	115.010	16.59
1514.70	115.064	14.65
1515.80	115.169	26.19
1516.35	115.223	16.30
1517.45	115.327	12.84
1518.00	115.382	18.27
1518.55	115.436	21.49
1519.10	115.492	13.07
1519.65	115.546	16.30
1520.20	115.599	16.68
1520.75	115.652	19.92
1521.30	115.707	18.31
1521.85	115.762	17.95
1522.40	115.815	31.08
1522.95	115.868	30.16
1523.50	115.922	29.03
1524.05	115.976	15.26
1524.60	116.029	27.88
1525.15	116.085	16.65
1525.70	116.136	17.35
1526.25	116.189	23.16
1526.80	116.248	24.58
1527.35	116.300	30.72
1527.90	116.350	21.09
1528.45	116.400	14.12
1529.00	116.450	14.84
1529.55	116.500	15.74
1530.10	116.550	16.49
1530.65	116.602	18.59
1531.20	116.654	20.43
1531.75	116.704	19.96
1532.30	116.754	14.09
1532.85	116.805	22.62
1533.40	116.856	28.08
1533.95	116.905	20.36
1534.50	116.953	17.63
1535.05	117.001	28.37
1535.60	117.051	41.73
1536.15	117.102	41.88
1536.70	117.149	32.70
1537.25	117.197	43.99
1537.80	117.245	40.18
1538.35	117.293	45.08
1538.90	117.340	37.48
1539.45	117.385	36.15
1540.00	117.433	50.01
1540.55	117.482	63.86
1541.10	117.530	38.87
1541.65	117.577	49.68
1542.20	117.624	56.64
1542.75	117.670	39.57
1543.30	117.717	38.09
1543.85	117.765	52.50
1544.40	117.811	31.37
1544.95	117.857	18.35
1545.50	117.905	19.39
1546.05	117.954	19.37
1546.60	118.001	13.92
1547.15	118.044	20.36
1547.70	118.087	15.44
1548.25	118.129	16.85
1548.80	118.175	20.89
1549.35	118.224	19.46
1549.90	118.271	21.42
1550.45	118.319	17.65
1551.00	118.366	15.12
1551.55	118.412	17.32
1552.10	118.456	19.04
1552.65	118.501	19.00
1553.20	118.549	29.17
1553.75	118.595	25.98
1554.30	118.643	23.25
1554.85	118.691	46.56
1555.40	118.738	41.49
1555.95	118.782	27.72
1556.50	118.829	27.43
1557.05	118.874	21.21
1557.60	118.918	15.83
1558.15	118.962	23.81
1558.70	119.005	13.31
1559.25	119.048	23.26
1559.80	119.092	34.19
1560.35	119.136	49.49
1560.90	119.182	30.36
1561.45	119.227	50.59
1562.00	119.272	45.32
1562.55	119.317	88.35
1563.10	119.363	46.42
1563.65	119.408	43.78
1564.20	119.455	39.40
1564.75	119.501	44.32
1565.30	119.544	46.15
1565.85	119.588	42.82
1566.40	119.630	42.78
1566.95	119.675	48.90
1567.50	119.719	35.29
1568.05	119.760	40.87
1568.60	119.801	32.38
1569.15	119.844	89.62
1569.70	119.888	35.50
1570.25	119.931	55.03
1570.80	119.977	55.08
1571.35	120.023	65.63
1571.90	120.067	53.11
1572.45	120.110	51.69
1573.00	120.153	50.54
1573.55	120.195	82.11
1574.10	120.239	78.64
1574.65	120.279	24.49
1575.20	120.320	30.15
1575.75	120.362	30.09
1576.30	120.404	45.70
1576.85	120.448	43.22
1577.40	120.491	32.00
1577.95	120.533	37.19
1578.50	120.576	39.91
1579.05	120.620	25.60
1579.60	120.664	17.40
1580.15	120.707	23.42
1580.70	120.750	60.64
1581.25	120.793	14.28
1581.80	120.833	13.23
1582.35	120.875	25.95
1582.90	120.917	16.62
1583.45	120.958	13.23
1584.00	120.999	11.04
1584.55	121.040	16.18
1585.10	121.078	14.92
1585.65	121.121	16.53
1586.20	121.162	10.25
1586.75	121.203	15.37
1587.30	121.244	12.12
1587.85	121.286	35.80
1588.40	121.328	13.36
1588.95	121.370	11.91
1589.50	121.412	13.10
1590.05	121.453	15.81
1590.60	121.492	14.22
1591.15	121.532	15.14
1591.70	121.570	11.68
1592.25	121.611	14.37
1592.80	121.653	12.61
1593.35	121.693	17.45
1593.90	121.732	25.53
1594.45	121.773	14.39
1595.00	121.814	13.16
1595.55	121.855	14.62
1596.10	121.895	14.78
1596.65	121.937	22.31
1597.20	121.982	16.45
1597.75	122.025	16.73
1598.30	122.068	18.09
1598.85	122.110	13.28
1599.40	122.152	13.25
1599.95	122.195	25.97
1600.50	122.237	19.28
1601.05	122.277	17.91
1601.60	122.316	20.40
1602.15	122.356	13.69
1602.70	122.395	14.09
1603.25	122.435	11.77
1603.80	122.478	13.23
1604.35	122.519	10.45
1604.90	122.560	10.28
1605.45	122.601	9.22
1606.00	122.641	11.31
1606.55	122.681	9.95
1607.10	122.721	17.31
1607.65	122.761	15.51
1608.20	122.801	15.14
1608.75	122.840	17.88
1609.30	122.878	16.88
1609.85	122.918	13.88
1610.40	122.958	16.65
1610.95	122.999	13.58
1611.50	123.038	11.19
1612.05	123.078	15.83
1612.60	123.118	16.69
1613.15	123.160	15.74
1613.70	123.202	11.43
1614.25	123.242	22.97
1614.80	123.281	13.20
1615.35	123.323	23.41
1615.90	123.364	16.77
1616.45	123.405	32.52
1617.00	123.446	11.53
1617.55	123.486	15.50
1618.10	123.527	17.08
1618.65	123.566	16.81
1619.20	123.607	16.54
1619.75	123.649	16.63
1620.30	123.688	14.51
1620.85	123.726	16.64
1621.40	123.765	12.60
1621.95	123.805	20.41
1622.50	123.845	12.36
1623.05	123.882	19.93
1623.60	123.921	11.54
1624.15	123.961	17.71
1624.70	124.000	25.77
1625.25	124.041	27.99
1625.80	124.086	17.61
1626.35	124.124	10.14
1626.90	124.163	14.87
1627.45	124.200	23.85
1628.00	124.235	15.79
1628.55	124.273	15.97
1629.10	124.309	14.01
1629.65	124.345	14.16
1630.20	124.385	16.82
1630.75	124.424	20.15
1631.30	124.462	17.52
1631.85	124.501	23.61
1632.40	124.542	24.11
1632.95	124.585	22.44
1633.50	124.628	14.00
1634.05	124.670	8.93
1634.60	124.711	11.75
1635.15	124.754	15.15
1635.70	124.799	24.79
1636.25	124.841	15.08
1636.80	124.881	15.53
1637.35	124.920	22.36
1637.90	124.960	14.77
1638.45	125.001	18.17
1639.00	125.043	12.28
1639.55	125.088	18.77
1640.10	125.129	28.08
1640.65	125.172	25.61
1641.20	125.215	22.20
1641.75	125.256	16.76
1642.30	125.297	17.41
1642.85	125.339	23.20
1643.40	125.383	43.44
1643.95	125.424	19.26
1644.50	125.465	28.07
1645.05	125.506	18.97
1645.60	125.546	17.02
1646.15	125.589	14.80
1646.70	125.632	25.58
1647.25	125.674	22.21
1647.80	125.717	34.49
1648.35	125.760	15.74
1648.90	125.803	17.60
1649.45	125.848	21.98
1650.00	125.894	21.58
1650.55	125.935	33.09
1651.10	125.978	20.12
1651.65	126.022	23.90
1652.20	126.064	25.64
1652.75	126.106	16.87
1653.30	126.148	18.35
1653.85	126.189	16.34
1654.40	126.233	14.35
1654.95	126.277	25.44
1655.50	126.318	12.76
1656.05	126.359	14.87
1656.60	126.403	22.29
1657.15	126.448	20.01
1657.70	126.494	18.02
1658.25	126.541	13.46
1658.80	126.583	16.97
1659.35	126.626	17.18
1659.90	126.668	16.09
1660.45	126.708	22.46
1661.00	126.749	16.32
1661.55	126.789	11.55
1662.10	126.827	10.65
1662.65	126.866	14.36
1663.20	126.904	10.82
1663.75	126.940	7.72
1664.30	126.978	11.57
1664.85	127.015	6.50
1665.40	127.053	11.12
1665.95	127.090	13.96
1666.50	127.126	14.62
1667.05	127.164	14.89
1667.60	127.203	7.57
1668.15	127.243	12.96
1668.70	127.281	11.78
1669.25	127.319	17.27
1669.80	127.357	11.80
1670.35	127.397	9.45
1670.90	127.437	14.26
1671.45	127.476	15.94
1672.00	127.512	12.13
1672.55	127.548	13.76
1673.10	127.586	8.93
1673.65	127.622	7.89
1674.20	127.660	11.31
1674.75	127.698	11.71
1675.30	127.735	12.28
1675.85	127.773	18.09
1676.40	127.810	5.19
1676.95	127.846	9.44
1677.50	127.879	6.19
1678.05	127.913	9.62
1678.60	127.947	13.35
1679.15	127.979	6.02
1679.70	128.013	11.38
1680.25	128.047	8.45
1680.80	128.079	7.86
1681.35	128.113	7.59
1681.90	128.147	17.90
1682.45	128.182	13.41
1683.00	128.215	8.46
1683.55	128.249	24.95
1684.10	128.284	13.69
1684.65	128.317	14.58
1685.20	128.349	15.70
1685.75	128.380	9.43
1686.30	128.412	9.81
1686.85	128.443	13.49
1687.40	128.474	13.99
1687.95	128.506	8.24
1688.50	128.537	8.43
1689.05	128.567	8.16
1689.60	128.598	7.67
1690.15	128.631	10.31
1690.70	128.662	9.79
1691.25	128.694	8.97
1691.80	128.726	9.39
1692.35	128.759	6.42
1692.90	128.791	4.60
1693.45	128.822	6.40
1694.00	128.855	5.03
1694.55	128.889	4.36
1695.10	128.922	5.55
1695.65	128.956	5.42
1696.20	128.991	5.52
1696.75	129.024	4.47
1697.30	129.058	4.07
1697.85	129.090	7.58
1698.40	129.125	3.98
1698.95	129.158	10.47
1699.50	129.191	4.60
1700.05	129.224	6.51
1700.60	129.256	4.84
1701.15	129.287	5.01
1701.70	129.323	8.23
1702.25	129.358	19.19
1702.80	129.393	4.27
1703.35	129.425	4.36
1703.90	129.459	9.07
1704.45	129.493	19.94
1705.00	129.526	3.83
1705.55	129.560	6.46
1706.10	129.594	4.16
1706.65	129.627	4.60
1707.20	129.661	10.37
1707.75	129.696	3.14
1708.30	129.734	16.91
1708.85	129.770	3.55
1709.40	129.804	3.71
1709.95	129.838	3.60
1710.50	129.873	2.86
1711.05	129.907	4.07
1711.60	129.941	3.33
1712.15	129.977	4.58
1712.70	130.013	5.84
1713.25	130.049	5.00
1713.80	130.083	4.24
1714.35	130.122	2.94
1714.90	130.158	8.18
1715.45	130.194	7.29
1716.00	130.231	3.43
1716.55	130.268	14.74
1717.10	130.305	2.78
1717.65	130.341	3.30
1718.20	130.380	3.48
1718.75	130.417	5.36
1719.30	130.456	3.58
1719.85	130.496	5.16
1720.40	130.537	14.40
1720.95	130.575	3.33
1721.50	130.614	3.12
1722.05	130.655	7.59
1722.60	130.697	7.09
1723.15	130.738	4.19
1723.70	130.780	4.49
1724.25	130.822	4.35
1724.80	130.865	3.70
1725.35	130.910	10.31
1725.90	130.954	4.52
1726.45	130.998	7.27
1727.00	131.041	15.72
1727.55	131.085	5.05
1728.10	131.128	3.54
1728.65	131.173	3.62
1729.20	131.219	3.43
1729.75	131.264	7.41
1730.30	131.308	4.34
1730.85	131.353	7.35
1731.40	131.396	4.22
1731.95	131.442	12.32
1732.50	131.488	10.80
1733.05	131.541	6.97
1733.60	131.592	13.31
1734.15	131.641	12.46
1734.70	131.692	4.72
1735.25	131.742	11.52
1735.80	131.795	8.67
1736.35	131.848	7.86
1736.90	131.901	8.43
1737.45	131.955	15.33
1738.00	132.008	10.08
1738.55	132.066	15.21
1739.10	132.123	13.08
1739.65	132.177	6.64
1740.20	132.230	6.73
1740.75	132.282	11.66
1741.30	132.337	5.37
1741.85	132.393	11.10
1742.40	132.450	7.03
1742.95	132.507	13.37
1743.50	132.564	17.95
1744.05	132.624	16.71
1744.60	132.687	17.85
1745.15	132.746	16.41
1745.70	132.809	19.54
1746.25	132.871	21.30
1746.80	132.935	13.35
1747.35	133.000	25.02
1747.90	133.067	20.81
1748.45	133.134	27.13
1749.00	133.195	32.09
1749.55	133.258	36.47
1750.10	133.327	35.23
1750.65	133.397	30.91
1751.20	133.461	35.61
1751.75	133.524	41.18
1752.30	133.588	45.48
1752.85	133.658	59.38
1753.40	133.729	76.37
1753.95	133.803	79.54
1754.50	133.870	85.92
1755.05	133.941	61.04
1755.60	134.014	43.00
1756.15	134.087	69.91
1756.70	134.164	60.51
1757.25	134.236	60.94
1757.80	134.313	47.33
1758.35	134.389	56.42
1758.90	134.466	46.54
1759.45	134.545	101.76
1760.00	134.624	97.05
1760.55	134.703	90.46
1761.10	134.785	95.86
1761.65	134.866	144.15
1762.20	134.949	133.21
1762.75	135.036	148.57
1763.30	135.124	195.20
1763.85	135.213	170.10
1764.40	135.307	211.28
1764.95	135.402	123.58
1765.50	135.497	179.45
1766.05	135.593	175.57
1766.60	135.691	176.13
1767.15	135.779	173.78
1767.70	135.876	162.50
1768.25	135.968	163.75
1768.80	136.055	193.18
1769.35	136.147	183.25
1769.90	136.248	188.19
1770.45	136.345	259.20
1771.00	136.447	340.34
1771.55	136.552	214.99
1772.10	136.656	141.46
1772.65	136.752	157.33
1773.20	136.853	183.16
1773.75	136.953	187.94
1774.30	137.056	185.98
1774.85	137.159	181.25
1775.40	137.253	216.44
1775.95	137.347	306.10
1776.50	137.448	249.09
1777.05	137.547	216.79
1777.60	137.647	197.24
1778.15	137.743	228.37
1778.70	137.847	190.88
1779.25	137.947	164.18
1779.80	138.046	131.69
1780.35	138.147	119.95
1780.90	138.247	165.13
1781.45	138.351	171.65
1782.00	138.454	187.00
1782.55	138.554	342.73
1783.10	138.659	321.98
1783.65	138.763	459.00
1784.20	138.870	550.88
1784.75	138.983	440.57
1785.30	139.093	415.63
1785.85	139.201	344.87
1786.40	139.310	409.07
1786.95	139.417	263.86
1787.50	139.522	393.75
1788.05	139.627	444.16
1788.60	139.735	343.86
1789.15	139.846	423.52
1789.70	139.951	349.92
1790.25	140.060	324.71
1790.80	140.163	329.66
1791.35	140.273	356.32
1791.90	140.384	325.37
1792.45	140.488	370.08
1793.00	140.591	381.92
1793.55	140.701	319.72
1794.10	140.809	262.29
1794.65	140.919	407.77
1795.20	141.030	312.69
1795.75	141.142	327.12
1796.30	141.250	349.97
1796.85	141.359	382.67
1797.40	141.464	470.80
1797.95	141.573	443.23
1798.50	141.686	399.55
1799.05	141.787	325.67
1799.60	141.888	332.76
1800.15	141.993	338.58
1800.70	142.093	533.76
1801.25	142.198	484.95
1801.80	142.307	419.27
1802.35	142.420	509.81
1802.90	142.528	450.30
1803.45	142.636	486.36
1804.00	142.739	386.34
1804.55	142.843	398.27
1805.10	142.941	606.87
1805.65	143.045	784.07
1806.20	143.156	614.30
1806.75	143.266	404.18
1807.30	143.377	321.12
1807.85	143.479	370.13
1808.40	143.578	361.72
1808.95	143.684	511.13
1809.50	143.796	559.05
1810.05	143.903	811.79
1810.60	144.015	430.49
1811.15	144.125	254.15
1811.70	144.229	305.92
1812.25	144.328	290.52
1812.80	144.433	369.41
1813.35	144.538	734.34
1813.90	144.645	492.45
1814.45	144.748	594.22
1815.00	144.854	425.49
1815.55	144.959	436.40
1816.10	145.063	602.04
1816.65	145.173	597.13
1817.20	145.279	552.60
1817.75	145.382	562.77
1818.30	145.485	706.99
1818.85	145.597	727.51
1819.40	145.705	951.59
1819.95	145.816	725.26
1820.50	145.932	463.71
1821.05	146.043	369.82
1821.60	146.141	387.29
1822.15	146.245	493.54
1822.70	146.353	606.33
1823.25	146.459	360.23
1823.80	146.563	391.68
1824.35	146.665	501.41
1824.90	146.753	384.09
1825.45	146.857	331.89
1826.00	146.958	374.70
1826.55	147.060	314.56
1827.10	147.161	352.95
1827.65	147.267	349.82
1828.20	147.376	407.44
1828.75	147.488	534.56
1829.30	147.600	486.19
1829.85	147.710	474.68
1830.40	147.821	440.45
1830.95	147.926	446.03
1831.50	148.024	451.89
1832.05	148.123	114.12
1832.60	148.228	123.56
1833.15	148.327	226.01
1833.70	148.424	207.81
1834.25	148.527	289.89
1834.80	148.633	195.66
1835.35	148.741	219.30
1835.90	148.849	163.17
1836.45	148.951	179.38
1837.00	149.057	164.53
1837.55	149.164	208.41
1838.10	149.270	249.08
1838.65	149.379	249.62
1839.20	149.483	184.51
1839.75	149.586	195.74
1840.30	149.682	241.86
1840.85	149.784	245.33
1841.40	149.880	259.92
1841.95	149.976	232.40
1842.50	150.072	234.59
1843.05	150.167	251.28
1843.60	150.263	286.32
1844.15	150.360	504.79
1844.70	150.456	692.49
1845.25	150.557	864.96
1845.80	150.658	603.56
1846.35	150.757	246.37
1846.90	150.857	170.37
1847.45	150.958	301.46
1848.00	151.060	275.96
1848.55	151.163	273.27
1849.10	151.263	262.48
1849.65	151.362	290.48
1850.20	151.467	260.39
1850.75	151.565	326.58
1851.30	151.667	329.61
1851.85	151.770	391.75
1852.40	151.872	409.50
1852.95	151.976	491.79
1853.50	152.081	444.09
1854.05	152.186	382.78
1854.60	152.289	445.01
1855.15	152.389	493.83
1855.70	152.493	484.70
1856.25	152.593	703.76
1856.80	152.689	637.02
1857.35	152.791	662.50
1857.90	152.898	761.32
1859.00	153.096	747.44
1859.55	153.202	735.89
1860.10	153.310	780.98
1860.65	153.423	811.24
1861.20	153.530	666.03
1861.75	153.636	720.25
1862.30	153.741	927.50
1862.85	153.848	870.26
1863.40	153.960	721.49
1863.95	154.078	861.57
1864.50	154.196	570.05
1865.05	154.305	623.07
1865.60	154.415	839.21
1866.15	154.527	1104.87
1866.70	154.641	806.51
1867.25	154.762	822.61
1867.80	154.882	1586.86
1868.35	154.998	1001.21
1868.90	155.117	1225.50
1869.45	155.235	873.79
1870.00	155.349	819.47
1870.55	155.464	681.05
1871.10	155.584	828.27
1871.65	155.697	649.69
1872.20	155.810	688.87
1872.75	155.925	650.92
1873.30	156.044	618.56
1873.85	156.174	689.86
1874.40	156.306	693.80
1874.95	156.436	416.42
1875.50	156.554	842.82
1876.05	156.674	711.48
1876.60	156.799	502.66
1877.15	156.915	768.18
1877.70	157.032	613.15
1878.25	157.149	639.01
1878.80	157.267	649.77
1879.35	157.392	519.46
1879.90	157.513	366.74
1880.45	157.627	275.43
1881.00	157.742	261.71
1881.55	157.856	602.04
1882.10	157.972	419.28
1882.65	158.092	363.72
1883.20	158.193	250.38
1883.75	158.293	297.15
1884.30	158.397	247.47
1884.85	158.497	172.42
1885.40	158.607	120.85
1885.95	158.713	192.81
1886.50	158.813	145.50
1887.05	158.911	94.60
1887.60	159.010	50.30
1888.15	159.105	68.97
1888.70	159.200	99.61
1889.25	159.298	81.35
1889.80	159.387	106.60
1890.35	159.490	102.77
1890.90	159.588	132.29
1891.45	159.692	137.16
1892.00	159.796	144.45
1892.55	159.897	119.68
1893.10	160.002	140.37
1893.65	160.106	123.56
1894.20	160.209	163.88
1894.75	160.323	186.42
1895.30	160.432	188.38
1895.85	160.539	267.26
1896.40	160.644	266.05
1896.95	160.756	276.76
1897.50	160.868	341.93
1898.05	160.981	311.85
1898.60	161.097	430.22
1899.15	161.210	598.14
1899.70	161.330	734.99
1900.80	161.558	543.39
1901.35	161.663	519.25
1901.90	161.764	527.07
1902.45	161.877	381.00
1903.00	161.974	210.29
1903.55	162.077	231.70
1904.10	162.178	285.84
1904.65	162.278	240.12
1905.20	162.375	277.08
1905.75	162.476	261.32
1906.30	162.570	214.48
1906.85	162.672	159.13
1907.40	162.775	109.55
1907.95	162.877	145.21
1908.50	162.979	158.27
1909.05	163.080	136.23
1909.60	163.182	224.42
1910.15	163.289	166.69
1910.70	163.393	275.80
1912.35	163.731	281.11
1912.90	163.835	285.24
1913.45	163.953	298.80
1914.00	164.074	469.81
1914.55	164.198	501.28
1915.10	164.328	420.55
1915.65	164.453	568.90
1916.20	164.572	554.97
1916.75	164.692	515.16
1917.30	164.814	326.73
1917.85	164.934	435.79
1918.40	165.051	406.90
1918.95	165.177	378.48
1919.50	165.297	281.57
1920.05	165.417	339.69
1920.60	165.530	318.84
1921.15	165.646	271.78
1921.70	165.768	248.03
1922.25	165.887	267.45
1922.80	166.003	285.74
1923.35	166.119	327.02
1923.90	166.245	285.49
1924.45	166.358	219.57
1925.00	166.474	202.32
1925.55	166.585	206.59
1926.10	166.706	193.12
1926.65	166.824	195.51
1927.20	166.941	134.95
1927.75	167.050	125.41
1928.30	167.161	115.07
1928.85	167.271	165.24
1929.40	167.380	187.83
1929.95	167.482	119.46
1930.50	167.586	149.42
1931.05	167.700	95.06
1931.60	167.809	75.78
1932.15	167.915	74.18
1932.70	168.015	78.97
1933.25	168.117	78.71
1933.80	168.213	55.68
1934.35	168.309	79.33
1934.90	168.413	98.63
1935.45	168.516	89.76
1936.00	168.616	83.74
1936.55	168.719	96.99
1937.10	168.830	98.73
1937.65	168.937	114.87
1938.20	169.038	106.73
1938.75	169.139	108.29
1939.30	169.239	140.88
1939.85	169.343	204.64
1940.40	169.453	174.16
1940.95	169.565	119.86
1941.50	169.675	105.99
1942.05	169.778	115.97
1942.60	169.881	243.32
1943.15	169.996	212.99
1943.70	170.109	205.83
1944.25	170.226	217.91
1944.80	170.343	252.79
1945.35	170.457	234.67
1945.90	170.569	177.46
1947.55	170.916	210.29
1948.10	171.036	174.11
1948.65	171.157	154.67
1949.20	171.275	114.86
1949.75	171.395	115.93
1950.30	171.505	106.57
1950.85	171.610	93.05
1951.40	171.712	104.09
1951.95	171.810	112.35
1952.50	171.912	103.17
1953.05	172.009	89.63
1953.60	172.106	83.01
1954.15	172.208	108.94
1954.70	172.308	100.49
1955.25	172.415	125.47
1955.80	172.520	128.42
1956.35	172.632	199.30
1956.90	172.749	228.96
1957.45	172.861	212.91
1958.00	172.976	266.25
1958.55	173.097	219.74
1959.10	173.210	211.00
1959.65	173.329	224.52
1960.20	173.443	213.08
1960.75	173.565	248.12
1961.30	173.685	304.71
1961.85	173.811	363.24
1962.40	173.933	413.41
1962.95	174.053	357.03
1963.50	174.171	341.40
1964.05	174.291	337.40
1964.60	174.410	348.28
1965.15	174.528	233.19
1965.70	174.643	225.73
1966.25	174.761	274.96
1966.80	174.874	269.89
1967.35	174.991	235.35
1967.90	175.113	274.48
1968.45	175.228	209.16
1969.00	175.343	207.81
1969.55	175.461	327.19
1970.10	175.582	442.15
1970.65	175.712	433.59
1971.20	175.842	431.84
1971.75	175.976	307.08
1972.30	176.103	320.46
1972.85	176.229	309.68
1973.40	176.357	274.72
1973.95	176.487	210.55
1974.50	176.610	187.42
1975.05	176.728	244.54
1975.60	176.848	165.53
1976.15	176.958	97.73
1976.70	177.065	64.32
1977.25	177.165	85.78
1977.80	177.268	87.81
1978.35	177.375	88.91
1978.90	177.478	81.87
1979.45	177.584	100.38
1980.00	177.701	78.43
1980.55	177.801	82.32
1981.10	177.899	53.82
1981.65	177.994	120.37
1982.20	178.095	168.92
1982.75	178.195	154.86
1983.30	178.298	176.75
1983.85	178.404	188.85
1984.40	178.511	224.08
1984.95	178.613	314.73
1985.50	178.722	244.84
1986.05	178.832	330.76
1986.60	178.944	399.06
1987.15	179.060	484.11
1987.70	179.182	446.12
1988.25	179.308	479.29
1988.80	179.432	534.08
1989.35	179.562	535.34
1989.90	179.694	442.93
1990.45	179.819	544.03
1991.00	179.934	693.29
1991.55	180.063	704.60
1992.10	180.191	531.63
1992.65	180.309	635.97
1993.20	180.435	669.93
1993.75	180.566	471.27
1994.30	180.698	507.03
1994.85	180.829	463.12
1995.40	180.956	677.20
1995.95	181.086	592.23
1996.50	181.215	434.64
1997.05	181.351	447.98
1997.60	181.484	434.67
1998.15	181.603	456.91
1998.70	181.729	525.67
1999.25	181.868	440.17
1999.80	182.001	400.78
2000.35	182.133	482.75
2000.90	182.269	482.35
2001.45	182.408	521.07
2002.00	182.534	407.12
2002.55	182.663	398.46
2003.10	182.798	431.75
2003.65	182.929	442.92
2004.20	183.062	424.26
2004.75	183.195	376.13
2005.30	183.332	275.35
2005.85	183.461	423.35
2006.40	183.598	387.75
2006.95	183.740	224.18
2007.50	183.877	196.84
2008.05	184.009	191.07
2008.60	184.143	179.74
2009.15	184.276	285.33
2009.70	184.416	268.98
2010.25	184.554	186.53
2010.80	184.688	268.83
2011.35	184.831	284.68
2011.90	184.968	193.50
2012.45	185.101	134.64
2013.00	185.229	206.88
2013.55	185.353	297.68
2014.10	185.487	224.50
2014.65	185.622	140.51
2015.20	185.755	153.68
2015.75	185.888	102.69
2016.30	186.017	103.32
2016.85	186.145	135.39
2017.40	186.273	81.85
2017.95	186.398	71.38
2018.50	186.512	105.45
2019.05	186.634	64.71
2019.60	186.748	61.06
2020.15	186.867	42.04
2020.70	186.984	32.55
2021.25	187.099	51.64
2021.80	187.214	48.16
2022.35	187.320	45.42
2022.90	187.425	50.47
2023.45	187.532	33.44
2024.00	187.633	34.83
2024.55	187.733	41.13
2025.10	187.826	32.24
2025.65	187.916	39.78
2026.20	188.009	21.30
2026.75	188.102	60.82
2027.30	188.207	30.73
2027.85	188.314	39.54
2028.40	188.422	35.21
2028.95	188.528	39.93
2029.50	188.644	45.52
2030.05	188.757	54.68
2030.60	188.872	60.70
2031.15	188.989	65.28
2031.70	189.095	76.05
2032.25	189.207	84.81
2032.80	189.320	64.22
2033.35	189.439	70.09
2033.90	189.558	82.40
2034.45	189.674	83.45
2035.00	189.791	137.05
2035.55	189.911	81.17
2036.10	190.039	78.95
2036.65	190.155	105.38
2037.20	190.276	206.97
2037.75	190.400	249.31
2038.30	190.536	223.62
2038.85	190.672	203.88
2039.40	190.799	165.72
2039.95	190.936	145.44
2040.50	191.061	110.64
2041.05	191.188	109.34
2041.60	191.317	78.91
2042.15	191.440	112.92
2042.70	191.564	126.54
2043.25	191.682	90.04
2043.80	191.806	73.93
2044.35	191.917	71.96
2044.90	192.026	73.99
2045.45	192.127	52.90
2046.00	192.231	42.40
2046.55	192.332	54.51
2047.10	192.435	72.58
2047.65	192.556	64.24
2048.20	192.672	73.16
2048.75	192.795	81.96
2049.30	192.913	123.88
2049.85	193.029	157.43
2050.40	193.140	197.83
2050.95	193.264	231.61
2051.50	193.396	215.68
2052.05	193.521	230.67
2052.60	193.646	222.87
2053.15	193.770	189.69
2053.70	193.897	188.05
2054.25	194.019	232.00
2054.80	194.149	199.63
2055.35	194.269	267.89
2055.90	194.395	197.97
2056.45	194.515	165.42
2057.00	194.636	167.13
2057.55	194.754	149.74
2058.10	194.870	165.17
2058.65	194.994	135.57
2059.20	195.105	154.50
2059.75	195.213	129.47
2060.30	195.324	85.32
2060.85	195.434	111.88
2061.40	195.545	106.77
2061.95	195.642	87.85
2062.50	195.743	88.49
2063.05	195.853	86.02
2063.60	195.961	71.90
2064.15	196.068	105.37
2064.70	196.168	58.24
2065.25	196.275	66.03
2065.80	196.378	66.62
2066.35	196.483	57.41
2066.90	196.579	85.50
2067.45	196.686	55.66
2068.00	196.792	63.55
2068.55	196.893	44.68
2069.10	196.993	75.33
2069.65	197.092	55.80
2070.20	197.189	50.28
2070.75	197.282	31.06
2071.30	197.377	44.10
2071.85	197.474	43.49
2072.40	197.569	32.21
2072.95	197.656	38.60
2073.50	197.745	36.37
2074.05	197.838	37.26
2074.60	197.929	38.09
2075.15	198.019	37.04
2075.70	198.108	33.06
2076.25	198.193	24.75
2076.80	198.282	35.64
2077.35	198.376	25.06
2077.90	198.465	27.28
2078.45	198.554	18.63
2079.00	198.637	28.70
2079.55	198.715	28.79
2080.10	198.800	20.68
2080.65	198.891	17.41
2081.20	198.979	28.30
2081.75	199.065	18.17
2082.30	199.151	20.44
2082.85	199.238	23.86
2083.40	199.323	16.33
2083.95	199.410	16.60
2084.50	199.497	16.76
2085.05	199.583	8.25
2085.60	199.673	15.49
2086.15	199.762	28.87
2086.70	199.843	9.96
2087.25	199.926	15.96
2087.80	200.010	14.03
2088.35	200.096	13.62
2088.90	200.179	16.80
2089.45	200.268	8.86
2090.00	200.358	11.49
2090.55	200.448	14.06
2091.10	200.537	22.08
2091.65	200.624	19.10
2092.20	200.708	15.92
2092.75	200.795	11.42
2093.30	200.881	9.26
2093.85	200.969	12.35
2094.40	201.056	18.57
2094.95	201.138	10.67
2095.50	201.233	16.98
2096.05	201.324	24.48
2096.60	201.409	23.94
2097.15	201.493	10.25
2097.70	201.577	8.47
2098.25	201.667	17.61
2098.80	201.760	11.30
2099.35	201.854	18.22
2099.90	201.950	27.94
2100.45	202.045	12.45
2101.00	202.147	17.27
2101.55	202.249	15.57
2102.10	202.350	16.53
2102.65	202.447	11.37
2103.20	202.549	19.68
2103.75	202.656	18.63
2104.30	202.762	17.98
2104.85	202.864	36.92
2105.40	202.975	24.03
2105.95	203.089	38.40
2106.50	203.201	39.99
2107.05	203.310	30.77
2107.60	203.426	35.09
2108.15	203.534	46.39
2108.70	203.647	22.11
2109.25	203.761	27.34
2109.80	203.871	43.33
2110.35	203.980	22.06
2110.90	204.097	20.36
2111.45	204.211	32.45
2112.00	204.319	23.70
2112.55	204.428	19.20
2113.10	204.537	26.09
2113.65	204.637	17.81
2114.20	204.743	17.33
2114.75	204.854	24.97
2115.30	204.961	22.39
2115.85	205.061	17.37
2116.40	205.164	26.71
2116.95	205.264	19.27
2117.50	205.365	13.56
2118.05	205.465	13.85
2118.60	205.562	17.09
2119.15	205.665	11.87
2119.70	205.764	13.77
2120.25	205.862	18.85
2120.80	205.963	14.76
2121.35	206.065	25.59
2121.90	206.166	11.96
2122.45	206.266	13.74
2123.00	206.364	13.52
2123.55	206.458	23.75
2124.10	206.552	15.62
2124.65	206.649	11.33
2125.20	206.749	17.05
2125.75	206.845	22.10
2126.30	206.949	18.61
2126.85	207.048	22.65
2127.40	207.145	29.77
2127.95	207.242	16.87
2128.50	207.341	29.58
2129.05	207.441	33.28
2129.60	207.537	15.46
2130.15	207.634	17.77
2130.70	207.724	12.64
2131.25	207.815	13.14
2131.80	207.908	14.41
2132.35	208.004	17.06
2132.90	208.097	18.91
2133.45	208.190	13.87
2134.00	208.281	27.87
2134.55	208.376	11.47
2135.10	208.471	13.78
2135.65	208.566	12.14
2136.20	208.655	21.94
2136.75	208.743	12.35
2137.30	208.834	18.00
2137.85	208.926	11.38
2138.40	209.013	13.20
2138.95	209.100	14.28
2139.50	209.192	12.66
2140.05	209.280	16.47
2140.60	209.374	13.61
2141.15	209.464	10.26
2141.70	209.550	37.74
2142.25	209.642	11.97
2142.80	209.728	14.56
2143.35	209.818	14.23
2143.90	209.904	19.21
2144.45	209.991	10.93
2145.00	210.076	12.63
2145.55	210.157	13.42
2146.10	210.234	15.23
2146.65	210.319	20.59
2147.20	210.404	27.08
2147.75	210.488	22.44
2148.30	210.572	15.19
2148.85	210.658	19.02
2149.40	210.746	19.69
2149.95	210.838	19.35
2150.50	210.927	20.91
2151.05	211.010	17.86
2151.60	211.092	15.78
2152.15	211.180	21.29
2152.70	211.270	20.58
2153.25	211.354	13.75
2153.80	211.438	26.33
2154.35	211.527	21.51
2154.90	211.616	28.26
2155.45	211.701	17.35
2156.00	211.786	30.28
2156.55	211.878	26.14
2157.10	211.967	23.78
2157.65	212.055	24.03
2158.20	212.143	39.09
2158.75	212.229	24.03
2159.30	212.324	34.22
2159.85	212.415	33.07
2160.40	212.509	29.18
2160.95	212.603	26.77
2161.50	212.692	35.13
2162.05	212.779	31.70
2162.60	212.868	21.34
2163.15	212.957	41.56
2163.70	213.048	45.39
2164.25	213.136	38.45
2164.80	213.223	30.72
2166.45	213.491	40.64
2167.00	213.583	19.14
2167.55	213.678	30.55
2168.10	213.775	30.36
2168.65	213.864	55.54
2169.75	214.036	34.09
2170.30	214.127	16.77
2170.85	214.219	20.51
2171.40	214.308	13.35
2171.95	214.401	21.15
2172.50	214.491	14.27
2173.05	214.580	14.72
2173.60	214.667	14.94
2174.15	214.756	12.61
2174.70	214.843	14.91
2175.25	214.924	15.37
2175.80	215.011	50.21
2176.35	215.093	13.84
2176.90	215.176	23.03
2177.45	215.258	50.70
2178.00	215.342	24.30
2178.55	215.428	10.59
2180.75	215.776	18.61
2181.30	215.866	9.78
2181.85	215.956	23.82
2182.40	216.049	33.52
2182.95	216.142	17.50
2183.50	216.238	54.19
2184.05	216.338	90.18
2184.60	216.434	28.67
2185.15	216.531	47.91
2185.70	216.627	30.02
2186.25	216.725	26.29
2186.80	216.828	33.36
2187.35	216.930	27.95
2187.90	217.038	32.86
2188.45	217.147	26.21
2189.00	217.255	29.40
2189.55	217.367	27.05
2190.10	217.475	36.81
2190.65	217.580	57.85
2191.20	217.696	51.07
2191.75	217.812	36.46
2192.30	217.927	36.63
2192.85	218.039	50.95
2193.40	218.163	43.94
2193.95	218.292	57.96
2194.50	218.412	39.23
2195.05	218.534	45.48
2195.60	218.660	44.83
2196.15	218.782	67.34
2196.70	218.904	57.68
2197.25	219.022	77.44
2197.80	219.140	103.10
2198.35	219.270	68.28
2198.90	219.394	95.99
2199.45	219.515	69.35
2200.00	219.637	79.11
2200.55	219.771	119.28
2201.10	219.904	97.65
2201.65	220.040	83.18
2202.20	220.170	107.70
2202.75	220.306	148.34
2203.30	220.444	123.86
2203.85	220.589	192.02
2204.40	220.730	212.36
2204.95	220.875	138.83
2205.50	221.019	133.24
2206.05	221.166	156.94
2206.60	221.319	176.47
2207.15	221.469	266.66
2207.70	221.639	266.84
2208.25	221.809	155.97
2208.80	221.963	175.51
2209.35	222.113	155.90
2209.90	222.276	194.23
2210.45	222.441	179.75
2211.00	222.609	184.83
2211.55	222.777	307.85
2212.10	222.947	332.73
2212.65	223.119	363.55
2213.20	223.287	377.19
2213.75	223.460	382.57
2214.30	223.627	309.98
2214.85	223.804	362.91
2215.40	223.977	319.45
2215.95	224.155	269.57
2216.50	224.325	246.30
2217.05	224.501	183.08
2217.60	224.669	166.87
2218.15	224.838	122.92
2218.70	225.003	85.92
2219.25	225.165	90.17
2219.80	225.331	73.59
2220.35	225.499	72.35
2220.90	225.649	32.87
2221.45	225.799	47.44
2222.00	225.944	22.72
2222.55	226.085	31.26
2223.10	226.215	28.14
2223.65	226.342	22.14
2224.20	226.489	19.96
2224.75	226.628	44.79
2225.30	226.774	63.33
2225.85	226.918	55.18
2226.40	227.060	63.24
2226.95	227.211	83.45
2227.50	227.363	69.37
2228.05	227.526	81.33
2228.60	227.692	101.84
2229.15	227.862	187.30
2229.70	228.026	173.26
2230.25	228.199	218.00
2230.80	228.380	125.05
2231.35	228.560	126.65
2231.90	228.743	107.37
2232.45	228.923	145.59
2233.00	229.102	110.39
2233.55	229.272	81.84
2234.10	229.438	56.11
2234.65	229.585	45.01
2235.20	229.736	34.97
2235.75	229.872	58.57
2236.30	230.032	60.37
2236.85	230.189	75.33
2237.40	230.347	119.29
2237.95	230.522	164.65
2238.50	230.698	124.80
2239.05	230.872	115.34
2239.60	231.047	133.06
2240.15	231.220	109.60
2240.70	231.388	109.04
2241.25	231.552	109.62
2241.80	231.714	88.35
2242.35	231.874	69.79
2242.90	232.026	76.12
2243.45	232.182	62.84
2244.00	232.328	65.12
2244.55	232.483	61.68
2245.10	232.636	73.37
2245.65	232.791	79.53
2246.20	232.945	70.05
2246.75	233.097	66.01
2247.30	233.251	112.04
2247.85	233.401	74.63
2248.40	233.551	68.42
2248.95	233.691	63.28
2249.50	233.831	57.83
2250.05	233.971	63.93
2250.60	234.109	61.87
2251.15	234.247	49.91
2251.70	234.388	63.10
2252.25	234.528	62.09
2252.80	234.668	48.00
2253.35	234.805	40.04
2253.90	234.942	44.13
2254.45	235.065	39.54
2255.00	235.193	32.55
2255.55	235.316	38.04
2256.10	235.439	49.21
2256.65	235.563	34.72
2257.20	235.685	36.45
2257.75	235.814	34.01
2258.30	235.940	30.57
2258.85	236.061	44.41
2259.40	236.178	42.14
2259.95	236.290	37.13
2260.50	236.409	40.23
2261.05	236.525	36.48
2261.60	236.642	57.62
2262.15	236.752	48.32
2262.70	236.868	49.80
2263.25	236.981	44.90
2263.80	237.098	45.92
2264.35	237.217	41.83
2264.90	237.332	45.37
2265.45	237.445	53.15
2266.00	237.556	43.76
2266.55	237.673	52.31
2267.10	237.790	50.24
2267.65	237.904	41.44
2268.20	238.013	44.56
2268.75	238.122	46.22
2269.30	238.235	46.82
2269.85	238.352	46.41
2270.40	238.463	42.36
2270.95	238.574	35.55
2271.50	238.685	41.11
2272.05	238.789	39.50
2272.60	238.896	58.28
2273.15	239.000	71.47
2273.70	239.111	57.51
2274.25	239.225	71.07
2274.80	239.328	40.77
2275.35	239.439	46.72
2275.90	239.553	54.24
2276.45	239.663	55.48
2277.00	239.769	45.80
2277.55	239.866	59.40
2278.10	239.961	79.26
2278.65	240.061	41.89
2279.20	240.163	84.76
2279.75	240.262	19.51
2280.30	240.360	26.65
2280.85	240.457	32.19
2281.40	240.555	55.71
2281.95	240.655	25.84
2282.50	240.752	27.26
2283.05	240.844	38.50
2283.60	240.937	30.52
2284.15	241.031	31.73
2284.70	241.120	43.55
2285.25	241.207	36.83
2285.80	241.293	28.00
2286.35	241.379	25.80
2286.90	241.461	28.05
2287.45	241.547	21.39
2288.00	241.628	48.16
2288.55	241.711	26.58
2289.10	241.787	29.92
2289.65	241.858	37.84
2290.20	241.928	42.81
2290.75	241.999	52.22
2291.30	242.072	26.68
2291.85	242.141	30.13
2292.40	242.214	15.17
2292.95	242.286	8.19
2293.50	242.355	11.48
2294.05	242.425	9.19
2294.60	242.496	9.08
2295.15	242.568	9.58
2295.70	242.642	7.46
2296.25	242.715	8.66
2296.80	242.789	8.72
2297.35	242.867	10.94
2297.90	242.940	8.56
2298.45	243.014	8.29
2299.00	243.090	12.19
2299.55	243.169	9.90
2300.10	243.250	11.16
2300.65	243.333	50.88
2301.20	243.414	7.61
2301.75	243.495	9.44
2302.30	243.574	5.85
2302.85	243.653	6.78
2303.40	243.735	13.86
2303.95	243.821	25.11
2304.50	243.909	36.15
2305.05	243.999	40.02
2305.60	244.089	25.18
2306.15	244.187	13.60
2306.70	244.289	14.55
2308.35	244.609	14.27
2308.90	244.718	13.05
2309.45	244.828	11.59
2310.00	244.944	14.30
2310.55	245.059	23.58
2311.10	245.177	25.38
2311.65	245.298	23.46
2312.20	245.420	26.57
2312.75	245.552	27.93
2313.30	245.677	50.27
2313.85	245.808	42.45
2314.40	245.948	35.95
2314.95	246.082	33.85
2315.50	246.225	62.18
2316.05	246.375	58.19
2316.60	246.528	78.47
2317.15	246.688	82.64
2317.70	246.862	111.92
2318.25	247.031	99.61
2318.80	247.198	69.47
2319.35	247.366	64.70
2319.90	247.522	64.08
2320.45	247.677	57.17
2321.00	247.832	57.93
2321.55	247.992	53.47
2322.10	248.142	52.18
2322.65	248.293	43.03
2323.20	248.443	52.17
2323.75	248.602	48.74
2324.30	248.755	52.14
2324.85	248.911	60.82
2325.40	249.075	71.88
2325.95	249.235	72.34
2326.50	249.396	86.88
2327.05	249.566	72.83
2327.60	249.736	107.33
2328.15	249.915	130.36
2328.70	250.092	160.23
2329.25	250.279	146.06
2329.80	250.456	161.03
2330.35	250.637	136.39
2330.90	250.822	186.60
2331.45	251.002	112.34
2332.00	251.182	134.89
2332.55	251.358	139.80
2333.10	251.534	187.22
2333.65	251.719	373.82
2334.20	251.915	313.34
2334.75	252.115	303.71
2335.30	252.310	347.04
2335.85	252.503	354.76
2336.40	252.699	238.51
2336.95	252.883	226.23
2337.50	253.079	222.11
2338.05	253.269	323.44
2338.60	253.468	398.13
2339.15	253.665	243.32
2339.70	253.852	181.78
2340.25	254.035	186.17
2340.80	254.217	127.33
2341.35	254.395	169.97
2341.90	254.586	203.96
2342.45	254.781	141.02
2343.00	254.969	167.26
2343.55	255.152	202.81
2344.10	255.341	184.13
2345.20	255.719	230.93
2345.75	255.917	155.27
2346.30	256.110	154.40
2346.85	256.298	265.85
2347.40	256.480	123.24
2347.95	256.658	101.30
2348.50	256.833	122.77
2349.05	257.020	146.65
2349.60	257.199	104.12
2350.15	257.375	118.87
2350.70	257.568	93.60
2351.25	257.750	78.70
2351.80	257.926	131.92
2352.35	258.105	66.37
2352.90	258.278	99.86
2353.45	258.448	83.55
2354.00	258.610	74.42
2354.55	258.781	70.73
2355.10	258.965	65.72
2355.65	259.145	113.75
2356.20	259.331	119.44
2356.75	259.532	212.56
2357.30	259.716	255.48
2357.85	259.898	125.59
2358.40	260.085	262.45
2358.95	260.281	206.30
2359.50	260.483	160.95
2360.05	260.679	202.08
2360.60	260.874	113.20
2361.15	261.049	159.79
2361.70	261.231	150.19
2362.25	261.411	150.84
2362.80	261.597	173.21
2363.35	261.792	199.73
2363.90	261.995	206.14
2364.45	262.190	146.83
2365.00	262.376	155.55
2365.55	262.565	259.37
2366.10	262.758	145.89
2366.65	262.939	147.05
2367.20	263.134	107.93
2367.75	263.315	125.29
2368.30	263.483	206.95
2368.85	263.649	213.61
2369.40	263.817	191.01
2369.95	263.994	182.50
2370.50	264.168	135.46
2371.05	264.345	156.23
2371.60	264.531	191.29
2372.15	264.712	192.55
2372.70	264.889	202.08
2373.25	265.077	279.77
2373.80	265.266	358.90
2374.35	265.457	393.81
2374.90	265.643	382.41
2375.45	265.834	452.69
2376.00	266.036	428.34
2376.55	266.240	567.31
2377.10	266.459	685.83
2377.65	266.675	651.16
2378.20	266.880	756.38
2378.75	267.077	938.69
2379.30	267.285	1085.65
2379.85	267.500	1148.84
2380.40	267.718	1210.84
2380.95	267.939	1067.87
2381.50	268.147	1058.27
2382.05	268.359	1111.68
2382.60	268.571	906.98
2383.15	268.785	1010.22
2383.70	269.000	831.87
2384.25	269.222	1001.00
2384.80	269.439	952.54
2385.35	269.663	1043.29
2385.90	269.891	901.61
2386.45	270.107	876.92
2387.00	270.337	1137.39
2387.55	270.553	1462.61
2388.10	270.768	1489.59
2388.65	270.994	1364.63
2391.40	272.164	954.96
2391.95	272.397	1091.10
2392.50	272.635	1097.04
2393.05	272.866	983.92
2393.60	273.102	1086.75
2394.15	273.338	1287.73
2394.70	273.569	964.41
2395.25	273.803	932.66
2395.80	274.035	1019.13
2396.35	274.268	1182.44
2396.90	274.501	874.02
2397.45	274.724	848.56
2398.00	274.955	737.13
2398.55	275.179	895.19
2399.10	275.410	726.43
2399.65	275.644	467.86
2400.20	275.861	493.91
2400.75	276.073	436.78
2401.30	276.289	518.92
2401.85	276.514	404.48
2402.40	276.748	449.00
2402.95	276.971	511.43
2403.50	277.205	591.91
2404.05	277.448	248.58
2404.60	277.668	275.27
2405.15	277.879	236.90
2405.70	278.089	259.60
2406.25	278.310	479.12
2406.80	278.535	547.80
2407.35	278.778	290.32
2407.90	278.993	307.91
2408.45	279.212	259.54
2409.00	279.440	191.66
2409.55	279.660	90.44
2410.10	279.878	74.51
2410.65	280.083	286.23
2411.20	280.278	55.79
2411.75	280.467	28.57
2412.30	280.639	40.80
2412.85	280.831	76.34
2413.40	281.032	73.24
2413.95	281.222	93.72
2414.50	281.419	197.42
2415.05	281.633	140.50
2415.60	281.841	130.57
2416.15	282.033	102.70
2416.70	282.228	101.27
2417.25	282.423	76.21
2417.80	282.612	79.94
2418.35	282.804	82.13
2418.90	282.990	89.52
2419.45	283.178	73.83
2420.00	283.360	69.98
2420.55	283.543	80.59
2421.10	283.723	48.17
2421.65	283.902	99.98
2422.20	284.088	111.93
2422.75	284.271	70.44
2423.30	284.450	51.17
2423.85	284.628	73.01
2424.40	284.809	61.37
2424.95	284.989	60.75
2425.50	285.168	65.42
2426.05	285.361	82.29
2426.60	285.535	73.19
2427.15	285.713	61.20
2427.70	285.890	56.51
2428.25	286.070	53.76
2428.80	286.241	59.78
2429.35	286.413	58.43
2429.90	286.580	63.72
2430.45	286.750	56.36
2431.00	286.927	53.14
2431.55	287.094	63.19
2432.10	287.268	71.53
2432.65	287.444	70.39
2433.20	287.613	62.88
2433.75	287.781	54.62
2434.30	287.948	53.20
2434.85	288.111	59.08
2435.40	288.267	44.76
2435.95	288.426	48.59
2436.50	288.596	46.06
2438.15	289.102	49.54
2438.70	289.264	52.78
2439.25	289.432	53.61
2439.80	289.599	44.42
2440.35	289.762	53.36
2440.90	289.918	47.91
2441.45	290.067	41.21
2442.00	290.220	40.91
2442.55	290.374	46.01
2443.10	290.534	31.40
2443.65	290.698	32.74
2444.20	290.857	42.16
2444.75	291.018	50.15
2445.30	291.181	51.57
2445.85	291.358	86.92
2446.40	291.541	83.51
2446.95	291.727	71.58
2447.50	291.906	78.10
2449.15	292.485	80.00
2449.70	292.680	105.79
2450.25	292.879	104.68
2450.80	293.073	172.96
2451.35	293.281	123.16
2451.90	293.486	195.22
2452.45	293.711	146.85
2453.00	293.933	116.64
2453.55	294.146	105.98
2454.10	294.346	123.06
2455.75	295.018	171.87
2456.30	295.243	110.51
2456.85	295.454	111.13
2457.40	295.670	80.12
2457.95	295.876	53.23
2458.50	296.072	50.24
2459.05	296.249	84.12
2459.60	296.436	68.73
2460.15	296.630	57.32
2460.70	296.831	73.43
2461.25	297.040	114.08
2461.80	297.258	166.80
2462.35	297.480	210.50
2462.90	297.695	134.58
2463.45	297.896	171.55
2464.00	298.128	191.13
2464.55	298.356	123.09
2465.10	298.576	127.74
2465.65	298.790	87.99
2466.20	299.001	95.61
2466.75	299.209	65.65
2467.30	299.415	68.19
2467.85	299.626	57.85
2468.40	299.836	60.32
2468.95	300.035	56.26
2469.50	300.232	31.06
2470.05	300.424	27.58
2470.60	300.609	36.38
2471.15	300.808	46.05
2471.70	301.015	46.10
2472.25	301.227	92.34
2472.80	301.451	116.72
2473.35	301.668	117.73
2473.90	301.891	117.55
2474.45	302.116	81.88
2475.00	302.339	109.36
2475.55	302.542	77.48
2476.10	302.751	59.27
2476.65	302.963	64.12
2477.20	303.170	46.64
2477.75	303.369	36.10
2478.30	303.562	35.99
2478.85	303.763	36.90
2479.40	303.954	36.82
2479.95	304.148	36.24
2480.50	304.329	32.79
2481.05	304.524	32.07
2481.60	304.716	49.09
2482.15	304.906	59.83
2482.70	305.100	57.81
2483.25	305.284	31.16
2483.80	305.456	31.55
2484.35	305.633	34.40
2484.90	305.817	38.17
2485.45	306.014	40.06
2486.00	306.211	61.09
2486.55	306.410	73.26
2487.10	306.604	87.78
2487.65	306.807	150.87
2488.20	307.031	192.00
2489.85	307.720	96.86
2490.40	307.945	78.63
2490.95	308.167	89.46
2491.50	308.382	94.12
2492.05	308.588	75.09
2492.60	308.805	71.32
2493.15	309.017	93.57
2493.70	309.223	109.30
2494.25	309.434	146.04
2494.80	309.649	111.72
2495.35	309.873	94.26
2495.90	310.082	72.96
2496.45	310.297	72.79
2497.00	310.506	77.46
2497.55	310.725	73.82
2498.10	310.931	68.29
2498.65	311.133	80.57
2499.20	311.337	87.98
2499.75	311.542	71.39
2500.30	311.755	75.77
2500.85	311.954	74.48
2501.40	312.160	74.40
2501.95	312.356	62.28
2502.50	312.558	72.51
2503.05	312.765	47.81
2503.60	312.956	56.38
2504.15	313.146	36.32
2504.70	313.343	47.79
2505.25	313.523	34.54
2505.80	313.710	23.69
2506.35	313.883	31.32
2506.90	314.070	39.20
2507.45	314.252	36.37
2508.00	314.430	37.33
2508.55	314.616	24.39
2509.10	314.796	17.86
2511.30	315.512	39.15
2511.85	315.679	19.43
2512.40	315.849	14.54
2512.95	316.011	15.42
2513.50	316.166	21.81
2514.05	316.317	17.90
2514.60	316.488	21.64
2515.15	316.666	36.06
2515.70	316.844	13.25
2516.25	317.025	16.86
2516.80	317.209	20.03
2517.35	317.398	21.68
2517.90	317.586	22.29
2518.45	317.777	32.95
2519.00	317.964	28.12
2519.55	318.156	50.94
2520.10	318.359	56.10
2520.65	318.568	72.59
2521.20	318.794	49.03
2521.75	319.006	52.81
2522.30	319.216	42.42
2522.85	319.426	54.65
2523.40	319.637	59.19
2523.95	319.848	44.38
2524.50	320.053	52.51
2525.05	320.254	34.83
2525.60	320.462	21.79
2526.15	320.657	24.66
2526.70	320.846	24.88
2527.25	321.033	20.23
2527.80	321.222	31.09
2528.35	321.396	22.46
2528.90	321.581	24.08
2529.45	321.760	25.29
2530.00	321.939	18.89
2530.55	322.115	30.72
2531.10	322.287	33.03
2531.65	322.458	17.87
2532.20	322.621	20.29
2532.75	322.787	26.27
2533.30	322.958	29.56
2533.85	323.119	14.89
2534.40	323.279	18.98
2534.95	323.437	20.14
2535.50	323.592	14.30
2536.05	323.755	16.89
2536.60	323.907	18.82
2537.15	324.063	24.77
2537.70	324.212	16.91
2538.25	324.356	15.35
2538.80	324.500	14.54
2539.35	324.648	13.45
2539.90	324.800	27.03
2540.45	324.948	14.22
2541.00	325.096	25.46
2541.55	325.242	21.38
2542.10	325.385	13.78
2542.65	325.529	16.18
2543.20	325.668	22.86
2543.75	325.802	12.16
2544.30	325.938	20.39
2544.85	326.067	15.29
2545.40	326.203	18.07
2545.95	326.341	20.44
2546.50	326.480	29.09
2547.05	326.617	12.96
2547.60	326.750	18.68
2548.15	326.887	14.19
2548.70	327.025	16.91
2549.25	327.161	20.49
2549.80	327.298	19.61
2550.35	327.432	18.43
2550.90	327.560	27.45
2551.45	327.685	19.22
2552.00	327.818	24.16
2552.55	327.949	23.46
2553.10	328.083	21.97
2553.65	328.217	31.63
2554.20	328.351	23.30
2554.75	328.477	28.66
2555.30	328.604	17.72
2555.85	328.733	28.50
2556.40	328.864	16.22
2556.95	329.001	20.98
2557.50	329.141	22.20
2558.05	329.275	20.73
2558.60	329.415	24.91
2559.15	329.551	21.26
2559.70	329.684	24.76
2560.25	329.820	22.75
2560.80	329.952	28.10
2561.35	330.083	24.27
2561.90	330.213	54.84
2562.45	330.343	25.23
2563.00	330.482	24.96
2563.55	330.616	24.69
2564.10	330.753	30.00
2564.65	330.890	22.25
2565.20	331.036	31.16
2565.75	331.179	27.46
2566.30	331.322	27.40
2566.85	331.461	24.36
2567.40	331.599	27.92
2567.95	331.725	20.76
2568.50	331.849	15.15
2569.05	331.979	17.62
2569.60	332.097	14.81
2570.15	332.217	25.92
2570.70	332.330	23.64
2571.25	332.442	28.76
2571.80	332.549	30.11
2572.35	332.653	41.08
2572.90	332.762	33.71
2573.45	332.872	12.86
2574.00	332.976	14.35
2574.55	333.079	20.48
2575.10	333.179	20.49
2575.65	333.277	18.50
2576.20	333.379	8.34
2576.75	333.485	6.33
2577.30	333.590	7.64
2577.85	333.697	5.24
2578.40	333.803	5.12
2578.95	333.902	5.31
2579.50	334.000	5.40
2580.05	334.103	4.44
2580.60	334.207	8.35
2581.15	334.316	11.88
2581.70	334.422	4.61
2582.25	334.528	6.07
2582.80	334.642	5.30
2583.35	334.763	8.27
2583.90	334.880	6.11
2584.45	335.000	5.27
2585.00	335.120	6.31
2585.55	335.250	5.44
2586.10	335.376	7.56
2586.65	335.514	11.94
2587.20	335.655	20.32
2587.75	335.798	8.24
2588.30	335.947	12.62
2588.85	336.098	8.13
2589.40	336.260	10.60
2589.95	336.426	10.74
2590.50	336.591	10.84
2591.05	336.762	10.71
2591.60	336.937	14.79
2592.15	337.117	24.92
2592.70	337.296	20.79
2593.25	337.478	18.14
2593.80	337.667	24.28
2594.35	337.864	24.69
2594.90	338.064	40.14
2595.45	338.274	61.64
2597.10	338.953	159.33
2597.65	339.190	63.15
2598.20	339.435	102.30
2598.75	339.690	64.14
2599.30	339.949	133.08
2599.85	340.220	218.29
2600.40	340.500	245.86
2600.95	340.798	549.63
2601.50	341.121	949.18
2602.05	341.454	884.87
2602.60	341.774	816.15
2603.15	342.103	1009.10
2603.70	342.448	619.04
2604.25	342.761	762.97
2604.80	343.098	880.98
2605.35	343.404	394.38
2605.90	343.728	483.37
2606.45	344.041	446.65
2607.00	344.368	403.35
2607.55	344.688	371.63
2608.10	345.001	403.71
2608.65	345.317	296.31
2609.20	345.623	332.02
2609.75	345.934	384.05
2610.30	346.257	259.45
2610.85	346.557	279.78
2611.40	346.868	427.94
2611.95	347.181	357.52
2612.50	347.466	215.59
2613.05	347.769	226.80
2613.60	348.090	322.02
2614.15	348.408	242.07
2614.70	348.707	172.79
2616.35	349.540	135.09
2616.90	349.821	196.41
2617.45	350.106	160.40
2618.00	350.410	221.28
2618.55	350.702	181.02
2619.10	351.000	187.42
2619.65	351.300	196.59
2620.20	351.600	223.27
2620.75	351.895	270.20
2621.30	352.195	245.34
2621.85	352.494	250.34
2622.40	352.794	227.83
2624.05	353.670	436.30
2624.60	353.958	383.28
2625.15	354.272	910.61
2625.70	354.600	835.75
2626.25	354.935	979.89
2626.80	355.274	779.94
2627.35	355.609	1220.92
2627.90	355.944	1143.79
2628.45	356.268	1003.62
2629.00	356.594	935.46
2629.55	356.927	1049.54
2630.10	357.259	1233.50
2630.65	357.598	789.44
2631.20	357.935	956.91
2631.75	358.282	708.23
2632.30	358.614	479.08
2632.85	358.947	388.07
2633.40	359.281	372.71
2633.95	359.599	250.23
2634.50	359.931	348.27
2635.05	360.248	372.12
2635.60	360.585	399.82
2636.15	360.892	244.15
2636.70	361.223	314.03
2637.25	361.534	170.42
2637.80	361.835	205.70
2638.35	362.150	193.63
2638.90	362.473	242.66
2639.45	362.766	162.70
2640.00	363.060	115.95
2640.55	363.354	152.01
2641.10	363.660	214.85
2641.65	363.958	203.74
2642.20	364.264	305.37
2642.75	364.592	394.79
2643.30	364.919	281.87
2643.85	365.224	208.62
2644.40	365.526	171.38
2644.95	365.836	286.68
2645.50	366.147	473.58
2646.05	366.456	227.66
2646.60	366.774	287.92
2647.15	367.085	186.67
2647.70	367.388	138.12
2648.25	367.688	119.00
2648.80	367.993	141.32
2649.35	368.303	233.09
2649.90	368.640	299.89
2650.45	368.963	265.62
2651.00	369.275	200.42
2651.55	369.586	141.73
2652.10	369.881	101.37
2652.65	370.184	100.76
2653.20	370.488	106.82
2653.75	370.768	76.28
2654.30	371.057	67.47
2654.85	371.345	67.51
2655.40	371.633	84.26
2655.95	371.921	69.98
2656.50	372.202	60.10
2657.05	372.472	52.99
2657.60	372.725	79.98
2658.15	372.989	35.85
2658.70	373.266	43.05
2660.35	374.151	169.03
2660.90	374.489	252.81
2661.45	374.825	235.54
2662.00	375.158	194.84
2662.55	375.486	234.42
2663.10	375.809	149.77
2663.65	376.132	160.55
2664.20	376.450	140.98
2664.75	376.753	109.30
2665.30	377.062	110.97
2665.85	377.364	98.84
2666.40	377.670	98.87
2666.95	377.965	73.95
2667.50	378.283	95.52
2668.05	378.588	113.17
2668.60	378.883	83.70
2669.15	379.174	83.63
2669.70	379.465	70.29
2670.25	379.748	67.65
2670.80	380.019	56.03
2671.35	380.291	55.44
2671.90	380.571	76.46
2672.45	380.846	53.25
2673.00	381.118	61.34
2673.55	381.380	36.12
2674.10	381.644	79.77
2674.65	381.912	28.38
2675.20	382.178	24.76
2675.75	382.468	34.98
2676.30	382.754	45.48
2676.85	383.036	61.63
2677.40	383.342	62.77
2677.95	383.645	110.99
2678.50	383.956	102.64
2679.05	384.256	132.73
2679.60	384.549	87.58
2680.15	384.839	74.43
2680.70	385.107	52.68
2681.25	385.389	43.52
2681.80	385.673	35.31
2682.35	385.943	27.99
2682.90	386.207	27.08
2683.45	386.469	18.33
2684.00	386.716	17.29
2684.55	386.977	22.92
2685.10	387.253	29.22
2685.65	387.537	31.92
2686.20	387.839	46.30
2686.75	388.144	51.47
2687.30	388.467	63.22
2687.85	388.788	73.72
2688.40	389.137	177.11
2688.95	389.481	163.59
2689.50	389.805	126.37
2690.05	390.135	120.50
2690.60	390.448	61.55
2691.15	390.743	68.00
2691.70	391.040	64.62
2692.25	391.345	57.26
2692.80	391.644	61.07
2693.35	391.942	48.51
2693.90	392.231	38.36
2694.45	392.515	26.49
2695.00	392.790	29.24
2695.55	393.057	47.65
2696.10	393.325	48.58
2696.65	393.580	31.62
2697.20	393.832	23.29
2697.75	394.079	22.46
2698.30	394.328	14.87
2698.85	394.568	34.32
2699.40	394.815	15.83
2699.95	395.057	18.26
2700.50	395.281	20.68
2701.05	395.501	18.92
2701.60	395.737	22.84
2702.15	395.965	14.11
2702.70	396.192	24.81
2703.25	396.413	21.59
2703.80	396.635	9.84
2704.35	396.846	13.66
2704.90	397.058	39.03
2705.45	397.267	16.20
2706.00	397.477	15.75
2706.55	397.677	11.96
2707.10	397.885	14.00
2707.65	398.095	12.99
2708.20	398.319	13.65
2708.75	398.537	16.28
2709.30	398.735	17.73
2709.85	398.935	16.29
2710.40	399.131	13.70
2710.95	399.340	31.42
2711.50	399.543	14.76
2712.05	399.746	27.97
2712.60	399.946	27.07
2713.15	400.143	20.52
2713.70	400.332	20.44
2714.25	400.514	19.09
2714.80	400.704	25.92
2715.35	400.901	28.90
2715.90	401.094	19.20
2716.45	401.276	15.60
2717.00	401.460	17.46
2717.55	401.644	14.76
2718.10	401.830	14.59
2718.65	402.015	13.64
2719.20	402.192	12.40
2719.75	402.380	31.58
2720.30	402.563	20.55
2720.85	402.741	17.57
2721.40	402.917	14.00
2721.95	403.088	21.32
2722.50	403.267	12.74
2723.05	403.444	11.94
2723.60	403.624	13.95
2724.15	403.803	12.17
2724.70	403.984	10.56
2725.25	404.171	18.17
2725.80	404.348	10.53
2726.35	404.529	12.74
2726.90	404.714	13.28
2727.45	404.900	18.62
2728.00	405.080	11.92
2728.55	405.264	12.42
2729.10	405.441	12.32
2729.65	405.617	16.29
2730.20	405.790	9.25
2730.75	405.962	9.38
2731.30	406.142	17.28
2731.85	406.330	13.93
2732.40	406.508	12.39
2732.95	406.690	10.35
2733.50	406.860	8.07
2734.05	407.031	10.40
2734.60	407.215	10.58
2735.15	407.384	15.11
2735.70	407.567	11.82
2736.25	407.746	20.09
2736.80	407.922	8.95
2737.35	408.105	11.66
2737.90	408.292	11.26
2738.45	408.483	17.48
2739.00	408.669	12.28
2739.55	408.849	11.08
2740.10	409.028	13.41
2740.65	409.217	19.60
2741.20	409.402	8.29
2741.75	409.588	7.32
2742.30	409.781	12.08
2742.85	409.980	8.86
2743.40	410.174	8.63
2743.95	410.374	9.26
2744.50	410.577	10.22
2745.05	410.778	21.32
2745.60	410.986	17.28
2746.15	411.194	9.55
2746.70	411.402	12.40
2747.25	411.605	8.44
2747.80	411.817	10.08
2748.35	412.046	25.05
2748.90	412.277	10.15
2749.45	412.507	11.83
2750.00	412.739	18.01
2750.55	412.977	9.30
2751.10	413.198	12.19
2751.65	413.432	12.99
2752.20	413.669	12.07
2752.75	413.902	6.86
2753.30	414.139	7.13
2753.85	414.392	15.94
2754.40	414.639	7.77
2754.95	414.882	8.62
2755.50	415.132	9.47
2756.05	415.384	11.18
2756.60	415.626	11.66
2757.15	415.875	15.49
2757.70	416.125	6.44
2758.25	416.380	15.15
2758.80	416.624	9.29
2759.35	416.874	8.50
2759.90	417.118	15.88
2760.45	417.358	12.32
2761.00	417.608	11.40
2761.55	417.860	9.81
2762.10	418.106	8.39
2762.65	418.364	15.44
2763.20	418.624	9.81
2763.75	418.889	16.31
2764.30	419.133	28.11
2764.85	419.398	14.05
2765.40	419.666	9.77
2765.95	419.929	18.38
2766.50	420.203	13.12
2767.05	420.474	11.98
2767.60	420.741	17.24
2768.15	421.013	15.13
2768.70	421.290	18.18
2769.25	421.582	22.55
2769.80	421.871	24.52
2770.35	422.171	17.82
2770.90	422.475	29.01
2771.45	422.768	21.32
2772.00	423.056	21.38
2772.55	423.359	37.52
2773.10	423.669	46.03
2773.65	423.963	19.54
2774.20	424.263	20.36
2774.75	424.536	19.02
2775.30	424.784	7.50
2775.85	425.027	23.39
2776.40	425.277	17.79
2776.95	425.537	21.29
2777.50	425.813	28.45
2778.05	426.090	23.02
2778.60	426.390	32.96
2779.15	426.715	37.54
2779.70	427.020	46.25
2780.25	427.343	71.38
2780.80	427.684	83.12
2781.35	428.065	114.42
2781.90	428.444	153.64
2782.45	428.868	352.18
2783.00	429.259	327.16
2783.55	429.718	454.90
2784.10	430.187	718.20
2784.65	430.693	966.55
2785.20	431.226	1038.47
2785.75	431.767	996.98
2786.30	432.326	1201.66
2786.85	432.870	1129.72
2787.40	433.425	1112.85
2787.95	433.969	968.43
2788.50	434.472	986.39
2789.05	435.023	1545.41
2789.60	435.592	1128.17
2790.15	436.141	1303.31
2790.70	436.726	1532.26
2791.25	437.267	1387.81
2791.80	437.827	1310.55
2792.35	438.423	1149.49
2792.90	439.039	1186.75
2793.45	439.625	1151.52
2794.00	440.206	906.17
2794.55	440.798	969.09
2795.10	441.388	897.45
2795.65	441.954	761.42
2796.20	442.535	497.14
2796.75	443.120	279.84
2797.30	443.682	221.63
2797.85	444.216	358.58
2798.40	444.785	554.93
2798.95	445.342	560.44
2799.50	445.900	433.94
2800.05	446.471	319.47
2800.60	447.034	127.71
2801.15	447.536	195.25
2801.70	448.047	310.28
2802.25	448.573	379.76
2802.80	449.151	467.59
2803.35	449.719	858.69
2803.90	450.288	760.84
2804.45	450.881	567.88
2805.00	451.492	425.28
2805.55	452.042	293.17
2806.10	452.613	453.00
2806.65	453.229	481.84
2807.20	453.816	123.72
2807.75	454.400	166.67
2808.30	454.969	207.25
2808.85	455.550	428.11
2809.40	456.156	674.21
2809.95	456.813	706.50
2810.50	457.519	667.79
2811.05	458.216	688.66
2811.60	458.942	640.42
2812.15	459.652	593.57
2812.70	460.344	454.51
2813.25	461.031	366.54
2813.80	461.713	154.17
2814.35	462.350	106.40
2814.90	462.970	136.15
2815.45	463.620	273.47
2816.00	464.257	359.08
2816.55	464.951	703.83
2817.10	465.657	788.89
2817.65	466.367	524.78
2818.20	467.058	420.40
2818.75	467.740	466.76
2819.30	468.461	254.93
2819.85	469.115	140.35
2820.40	469.706	196.66
2820.95	470.337	70.19
2821.50	470.916	36.29
2822.05	471.435	43.88
2822.60	471.934	32.85
2823.15	472.392	40.33
2823.70	472.880	45.75
2824.25	473.409	64.91
2824.80	473.970	144.31
2825.35	474.576	189.79
2825.90	475.160	103.61
2826.45	475.696	93.83
2827.00	476.200	95.55
2827.55	476.679	61.10
2828.10	477.138	51.78
2828.65	477.586	49.37
2829.20	478.062	71.80
2829.75	478.562	127.11
2830.30	479.099	146.58
2830.85	479.623	108.42
2831.40	480.119	108.40
2831.95	480.605	93.94
2832.50	481.081	239.70
2833.05	481.571	85.48
2833.60	482.035	66.65
2834.15	482.489	63.52
2834.70	482.928	56.92
2835.25	483.371	50.19
2835.80	483.798	55.22
2836.35	484.225	47.42
2836.90	484.635	36.99
2837.45	485.051	36.45
2838.00	485.462	44.97
2838.55	485.870	48.78
2839.10	486.279	20.30
2839.65	486.679	22.50
2840.20	487.062	38.31
2840.75	487.444	15.32
2841.30	487.817	13.49
2841.85	488.185	24.19
2842.40	488.555	16.35
2842.95	488.889	11.36
2843.50	489.256	13.57
2844.05	489.620	16.63
2844.60	489.978	17.87
2845.15	490.338	25.46
2845.70	490.701	15.23
2846.80	491.456	32.48
2847.35	491.845	16.57
2847.90	492.234	17.61
2848.45	492.628	26.99
2849.00	493.022	25.29
2849.55	493.416	24.18
2850.10	493.802	39.48
2850.65	494.208	28.26
2851.20	494.600	27.10
2851.75	495.001	32.33
2852.30	495.401	33.35
2852.85	495.800	34.06
2853.40	496.190	25.65
2853.95	496.584	43.51
2854.50	496.978	23.56
2855.05	497.376	28.11
2856.15	498.157	34.13
2856.70	498.545	36.73
2857.25	498.934	39.59
2857.80	499.316	37.49
2858.35	499.694	38.85
2858.90	500.090	45.39
2859.45	500.482	49.93
2860.00	500.875	47.43
2860.55	501.269	55.61
2861.10	501.663	48.33
2861.65	502.067	48.06
2862.20	502.446	51.41
2862.75	502.832	63.39
2863.30	503.217	60.48
2863.85	503.596	67.97
2864.40	503.968	53.38
2864.95	504.346	46.70
2865.50	504.708	46.72
2866.05	505.080	43.48
2866.60	505.474	72.26
2867.15	505.875	73.45
2867.70	506.271	65.35
2868.25	506.654	46.80
2868.80	507.027	41.43
2869.35	507.396	43.47
2869.90	507.758	37.67
2870.45	508.120	38.49
2871.00	508.493	50.84
2871.55	508.902	71.31
2872.10	509.308	61.42
2872.65	509.704	79.78
2873.20	510.100	61.65
2873.75	510.487	48.32
2874.30	510.876	42.14
2874.85	511.267	42.47
2875.40	511.658	41.84
2875.95	512.049	65.45
2876.50	512.432	46.38
2877.05	512.809	54.50
2877.60	513.185	54.31
2878.15	513.563	57.99
2878.70	513.933	45.79
2879.25	514.282	40.97
2879.80	514.633	38.73
2880.35	514.989	54.74
2880.90	515.343	33.12
2881.45	515.681	39.58
2882.00	516.006	40.63
2882.55	516.329	43.21
2883.10	516.666	68.59
2883.65	516.998	57.86
2884.20	517.329	50.77
2884.75	517.637	45.07
2885.30	517.960	43.47
2885.85	518.267	49.26
2886.40	518.578	39.41
2886.95	518.885	43.10
2887.50	519.193	32.21
2888.05	519.495	45.82
2888.60	519.804	29.58
2889.15	520.111	34.26
2889.70	520.416	32.01
2890.25	520.726	35.63
2890.80	521.027	45.62
2891.35	521.353	56.44
2891.90	521.664	61.01
2892.45	521.978	31.68
2893.00	522.290	38.09
2893.55	522.610	42.82
2894.10	522.969	50.96
2894.65	523.321	51.07
2895.20	523.675	59.32
2895.75	524.022	57.31
2896.30	524.375	44.32
2896.85	524.728	58.56
2897.40	525.099	56.22
2897.95	525.452	67.37
2898.50	525.808	56.55
2899.05	526.184	53.46
2899.60	526.559	57.72
2900.15	526.935	54.22
2900.70	527.299	68.48
2901.25	527.683	44.98
2901.80	528.056	65.13
2902.35	528.422	45.15
2902.90	528.783	41.82
2903.45	529.157	50.04
2904.00	529.534	66.61
2904.55	529.939	81.99
2905.10	530.357	96.06
2905.65	530.804	270.35
2906.20	531.284	350.62
2906.75	531.795	374.01
2907.30	532.302	393.65
2907.85	532.841	331.50
2908.40	533.375	308.48
2908.95	533.926	265.00
2909.50	534.459	262.30
2910.05	534.994	157.23
2910.60	535.508	321.10
2911.15	536.044	348.70
2911.70	536.575	351.89
2912.25	537.113	244.11
2912.80	537.652	289.05
2913.35	538.194	507.72
2913.90	538.784	599.36
2914.45	539.391	703.58
2915.00	539.991	530.18
2915.55	540.589	478.16
2916.10	541.188	535.49
2916.65	541.788	381.90
2917.20	542.381	276.35
2917.75	542.964	276.03
2918.30	543.554	302.98
2918.85	544.149	299.32
2919.40	544.758	353.74
2919.95	545.367	348.58
2920.50	545.985	318.35
2921.05	546.604	272.67
2921.60	547.202	158.90
2922.15	547.746	133.85
2922.70	548.280	177.17
2923.25	548.818	183.33
2923.80	549.348	157.76
2924.35	549.855	104.88
2924.90	550.322	57.56
2925.45	550.761	87.88
2926.00	551.208	111.11
2926.55	551.673	167.69
2927.10	552.129	196.41
2927.65	552.607	182.66
2928.20	553.047	127.26
2928.75	553.481	94.13
2929.30	553.874	72.31
2929.85	554.250	59.48
2930.40	554.604	67.45
2930.95	554.948	39.29
2931.50	555.265	27.74
2932.05	555.563	27.91
2932.60	555.844	15.18
2933.15	556.126	29.70
2933.70	556.411	20.85
2934.25	556.719	43.41
2934.80	557.013	39.04
2935.35	557.308	57.95
2935.90	557.616	72.33
2936.45	557.911	55.81
2937.00	558.214	40.55
2937.55	558.514	57.97
2938.10	558.823	123.90
2938.65	559.133	148.13
2939.20	559.461	104.50
2939.75	559.778	59.28
2940.30	560.077	53.93
2940.85	560.352	62.02
2941.40	560.625	48.66
2941.95	560.890	52.18
2942.50	561.149	46.80
2943.05	561.404	38.64
2943.60	561.649	27.65
2944.15	561.889	30.25
2944.70	562.130	23.36
2945.25	562.357	17.14
2945.80	562.582	25.48
2946.35	562.799	16.64
2946.90	563.015	17.58
2947.45	563.225	17.48
2948.00	563.433	25.94
2948.55	563.636	42.04
2949.10	563.841	15.48
2949.65	564.039	19.53
2950.20	564.238	14.99
2950.75	564.432	19.01
2951.30	564.627	18.51
2951.85	564.815	36.64
2952.40	564.994	14.27
2952.95	565.179	17.97
2953.50	565.365	16.06
2954.05	565.554	18.03
2954.60	565.745	16.08
2955.15	565.933	25.68
2955.70	566.114	16.76
2956.25	566.298	23.72
2956.80	566.484	21.35
2957.35	566.671	23.74
2957.90	566.857	20.47
2958.45	567.047	27.02
2959.00	567.231	28.41
2959.55	567.420	23.99
2960.10	567.602	18.92
2960.65	567.781	28.19
2961.20	567.969	13.03
2961.75	568.161	14.64
2962.30	568.346	24.16
2962.85	568.532	23.33
2963.40	568.716	26.57
2963.95	568.905	18.21
2964.50	569.093	16.74
2965.05	569.285	18.78
2965.60	569.474	14.26
2966.15	569.656	19.94
2966.70	569.845	22.30
2967.25	570.034	20.80
2967.80	570.228	22.12
2968.35	570.419	26.81
2968.90	570.612	25.38
2969.45	570.807	25.76
2970.00	571.001	22.31
2970.55	571.194	28.88
2971.10	571.390	29.05
2971.65	571.585	76.58
2972.20	571.780	22.08
2972.75	571.977	39.79
2973.30	572.178	58.60
2973.85	572.378	27.05
2974.40	572.583	26.35
2974.95	572.790	42.86
2975.50	572.991	30.94
2976.05	573.193	22.30
2976.60	573.392	65.36
2977.15	573.608	26.14
2977.70	573.814	26.28
2978.25	574.016	32.81
2978.80	574.217	25.96
2980.45	574.837	31.11
2981.00	575.040	36.73
2981.55	575.244	36.43
2982.10	575.452	60.41
2982.65	575.654	33.37
2983.20	575.861	30.14
2983.75	576.076	31.41
2984.30	576.297	28.76
2984.85	576.523	26.62
2985.40	576.749	26.47
2985.95	576.981	27.11
2986.50	577.214	38.91
2987.05	577.447	33.20
2987.60	577.684	22.66
2988.15	577.932	37.93
2988.70	578.166	55.60
2989.25	578.402	30.71
2989.80	578.645	25.30
2990.35	578.883	30.48
2990.90	579.114	33.82
2991.45	579.352	27.05
2992.00	579.592	19.01
2992.55	579.836	16.19
2993.10	580.084	19.61
2993.65	580.335	22.76
2994.20	580.598	22.62
2994.75	580.878	34.95
2995.30	581.193	46.25
2995.85	581.507	80.10
2996.40	581.846	50.52
2996.95	582.213	68.76
2997.50	582.592	68.76
2998.05	582.999	117.50
2998.60	583.449	180.28
2999.15	583.928	151.19
2999.70	584.446	75.87
3000.25	584.984	56.90
3000.80	585.485	82.96
3001.35	585.990	63.35
3001.90	586.521	91.73
3002.45	587.034	116.55
3003.00	587.620	65.42
3003.55	588.205	22.73
3004.10	588.778	22.90
3004.65	589.314	13.74
3005.20	589.830	11.57
3005.75	590.337	18.48
3006.30	590.816	25.76
3006.85	591.301	73.03
3007.40	591.862	91.38
3007.95	592.474	90.84
3008.50	593.083	113.35
3009.05	593.666	75.70
3009.60	594.256	87.45
3010.15	594.821	47.52
3010.70	595.401	65.91
3011.25	595.959	103.79
3011.80	596.546	168.06
3012.35	597.190	207.60
3012.90	597.892	136.62
3013.45	598.667	93.57
3014.00	599.400	77.32
3014.55	600.096	72.00
3015.10	600.791	64.74
3015.65	601.487	53.36
3016.20	602.124	51.70
3016.75	602.788	35.70
3017.30	603.474	32.15
3017.85	604.150	50.81
3018.40	604.834	20.87
3018.95	605.507	25.19
3019.50	606.161	19.30
3020.05	606.819	18.98
3020.60	607.474	9.57
3021.15	608.079	14.09
3021.70	608.674	11.97
3022.25	609.269	27.22
3022.80	609.854	11.03
3023.35	610.425	18.39
3023.90	610.985	22.99
3024.45	611.541	26.84
3025.00	612.130	13.04
3025.55	612.717	15.14
3026.10	613.310	17.19
3026.65	613.878	36.10
3027.20	614.466	22.24
3027.75	615.060	25.11
3028.30	615.672	24.19
3028.85	616.273	25.70
3029.40	616.895	32.58
3029.95	617.533	39.29
3030.50	618.205	47.86
3031.05	618.904	32.08
3031.60	619.576	33.26
3032.15	620.278	30.34
3032.70	620.950	26.70
3033.25	621.644	32.37
3033.80	622.342	27.30
3034.35	623.054	40.96
3034.90	623.796	42.73
3035.45	624.562	53.27
3036.55	626.073	49.46
3037.10	626.800	87.65
3037.65	627.597	100.34
3038.20	628.490	143.36
3038.75	629.486	318.95
3039.30	630.645	513.27
3039.85	631.964	439.11
3040.40	633.312	391.48
3040.95	634.676	860.63
3041.50	635.956	801.39
3042.05	637.310	557.72
3042.60	638.664	626.94
3043.15	639.948	796.97
3043.70	641.262	770.55
3044.25	642.589	597.16
3044.80	643.907	177.63
3045.35	645.119	186.99
3045.90	646.222	217.61
3046.45	647.328	283.10
3047.00	648.431	228.42
3047.55	649.522	140.62
3048.10	650.556	215.28
3048.65	651.553	103.03
3049.20	652.589	229.50
3049.75	653.588	139.98
3050.30	654.607	120.98
3050.85	655.611	89.77
3051.40	656.550	109.98
3051.95	657.420	113.37
3052.50	658.255	163.14
3053.05	659.093	327.79
3053.60	659.970	222.37
3054.15	660.865	365.13
3054.70	661.743	201.83
3055.25	662.653	130.00
3055.80	663.513	199.58
3056.35	664.289	524.32
3056.90	665.075	715.17
3057.45	665.887	803.74
3058.00	666.722	718.65
3058.55	667.546	618.00
3059.10	668.348	457.56
3059.65	669.129	142.54
3060.20	669.852	104.88
3060.75	670.509	117.59
3061.30	671.102	153.04
3061.85	671.706	128.74
3062.40	672.290	238.83
3062.95	672.908	241.15
3063.50	673.520	157.86
3064.05	674.132	104.18
3064.60	674.722	101.70
3065.15	675.293	93.00
3065.70	675.849	58.26
3066.25	676.364	55.13
3066.80	676.871	68.89
3067.35	677.330	113.38
3067.90	677.788	141.82
3068.45	678.267	63.25
3069.00	678.780	139.54
3069.55	679.269	80.27
3070.10	679.721	36.88
3070.65	680.122	46.52
3071.20	680.542	82.85
3071.75	680.987	151.76
3072.30	681.449	126.33
3072.85	681.935	82.80
3073.40	682.433	71.05
3073.95	682.912	48.92
3074.50	683.371	67.25
3075.05	683.792	70.97
3075.60	684.198	77.69
3076.15	684.610	86.86
3076.70	685.025	74.53
3077.25	685.431	64.91
3077.80	685.823	62.76
3078.35	686.211	65.92
3078.90	686.589	61.73
3079.45	686.965	67.48
3080.00	687.342	52.22
3080.55	687.708	75.85
3081.10	688.070	70.27
3081.65	688.435	39.62
3082.20	688.786	44.89
3082.75	689.136	46.86
3083.30	689.486	43.16
3083.85	689.836	41.87
3084.40	690.193	44.93
3084.95	690.540	39.31
3085.50	690.880	23.65
3086.05	691.219	28.80
3086.60	691.562	31.97
3087.15	691.888	35.79
3087.70	692.210	20.60
3088.25	692.539	31.91
3088.80	692.871	37.83
3089.35	693.188	15.40
3089.90	693.514	14.22
3090.45	693.830	20.38
3091.00	694.129	12.72
3091.55	694.439	19.19
3092.10	694.761	27.47
3092.65	695.072	19.62
3093.20	695.392	12.13
3093.75	695.713	19.49
3094.30	696.030	11.30
3094.85	696.351	16.30
3095.40	696.673	13.69
3095.95	696.992	13.82
3096.50	697.310	14.25
3097.05	697.637	16.36
3097.60	697.970	18.12
3098.15	698.299	28.50
3098.70	698.634	17.91
3099.25	698.974	21.76
3099.80	699.317	27.63
3100.35	699.665	26.11
3100.90	700.027	32.54
3101.45	700.404	18.00
3102.00	700.784	14.19
3102.55	701.177	19.72
3103.10	701.564	12.53
3103.65	701.952	32.38
3104.20	702.339	20.17
3104.75	702.719	19.35
3105.30	703.114	17.42
3105.85	703.529	22.39
3106.40	703.956	16.50
3106.95	704.384	25.96
3107.50	704.825	25.78
3108.05	705.287	25.33
3108.60	705.770	31.74
3109.15	706.270	45.42
3109.70	706.780	104.18
3110.25	707.312	147.79
3110.80	707.870	17.50
3111.35	708.436	51.19
3111.90	709.011	33.39
3112.45	709.591	31.05
3113.00	710.178	40.11
3113.55	710.806	56.09
3114.10	711.436	34.90
3114.65	712.087	196.57
3115.20	712.743	134.20
3115.75	713.410	31.48
3116.30	714.092	37.48
3116.85	714.808	94.19
3117.40	715.479	38.66
3117.95	716.162	359.34
3118.50	716.860	379.79
3119.05	717.625	326.45
3119.60	718.378	205.46
3120.15	719.147	119.83
3120.70	720.001	164.14
3121.25	720.764	355.28
3121.80	721.643	645.34
3122.35	722.534	435.87
3122.90	723.478	374.19
3123.45	724.233	56.53
3124.00	724.982	153.95
3125.10	726.535	261.80
3125.65	727.213	91.53
3126.20	727.948	69.99
3126.75	728.662	74.47
3127.30	729.369	55.42
3127.85	730.050	79.20
3128.40	730.709	65.49
3128.95	731.331	84.74
3131.15	733.803	115.91
3131.70	734.327	52.31
3132.25	734.843	103.45
3132.80	735.336	55.95
3133.35	735.855	45.28
3133.90	736.355	43.51
3134.45	736.837	45.75
3135.00	737.354	52.14
3135.55	737.809	65.58
3136.10	738.294	146.02
3136.65	738.799	127.52
3137.20	739.277	144.54
3137.75	739.778	204.70
3138.30	740.294	269.48
3138.85	740.867	948.73
3139.40	741.465	924.28
3139.95	742.086	843.83
3140.50	742.707	911.00
3141.05	743.325	831.40
3141.60	743.934	593.19
3142.15	744.545	566.77
3142.70	745.171	325.02
3143.25	745.782	509.31
3143.80	746.375	254.14
3144.35	746.947	324.70
3144.90	747.520	298.95
3145.45	748.091	345.68
3146.00	748.642	170.00
3146.55	749.203	136.74
3147.10	749.766	91.13
3147.65	750.322	149.79
3148.20	750.878	122.68
3148.75	751.428	118.02
3149.30	751.990	114.23
3149.85	752.561	138.83
3150.40	753.139	95.95
3150.95	753.716	76.91
3151.50	754.300	79.22
3152.05	754.886	74.26
3152.60	755.475	48.65
3153.15	756.060	34.20
3153.70	756.643	37.29
3154.25	757.220	44.86
3154.80	757.758	40.99
3155.90	758.757	54.34
3156.45	759.282	42.78
3157.00	759.838	38.19
3157.55	760.417	79.20
3158.10	761.022	83.62
3158.65	761.692	58.56
3159.20	762.387	48.87
3159.75	763.083	51.71
3160.30	763.761	32.08
3160.85	764.399	23.80
3161.95	765.628	124.24
3162.50	766.238	125.45
3163.05	766.880	172.32
3163.60	767.558	116.07
3164.15	768.299	81.39
3164.70	769.072	59.55
3165.25	769.831	16.14
3165.80	770.559	19.34
3166.35	771.249	13.14
3166.90	771.907	10.88
3167.45	772.553	114.39
3168.00	773.239	104.46
3168.55	773.957	47.88
3169.10	774.703	36.31
3169.65	775.442	24.23
3170.20	776.159	14.52
3170.75	776.861	36.21
3171.30	777.536	48.33
3171.85	778.201	42.26
3172.40	778.873	26.64
3172.95	779.549	15.39
3173.50	780.209	12.80
3174.05	780.863	15.70
3174.60	781.519	19.61
3176.25	783.528	112.38
3176.80	784.173	131.82
3177.35	784.830	60.39
3177.90	785.470	108.90
3178.45	786.105	60.88
3179.00	786.706	37.79
3179.55	787.298	47.27
3180.10	787.885	119.39
3180.65	788.442	103.91
3181.20	789.019	124.49
3181.75	789.635	85.70
3182.30	790.282	88.53
3182.85	790.937	45.93
3183.40	791.618	77.31
3183.95	792.331	197.93
3184.50	793.079	204.95
3185.05	793.876	227.63
3185.60	794.708	239.27
3186.15	795.556	384.18
3186.70	796.449	523.01
3187.25	797.408	634.73
3187.80	798.443	801.36
3188.35	799.501	1058.40
3188.90	800.589	663.79
