ID;Niveau principal;Sous-niveau;Entité;Symbole ou formule;Type d'entrée;Statut;Composition ou description;Architecture ou état;Réservoirs typiques;Stabilité ou durée;Accessibilité;Mobilisabilité;Source URL;type_registre
MAT-00001;Constituants fondamentaux;Fermion, quark;up;u;Entité;Confirmé;Charge +2/3, spin 1/2, antiparticule anti-u;Charge de couleur: Oui;Constituant des protons et neutrons;Instable à l'état libre, confiné;Accès indirect par détection ou production;Non quantifié;https://home.cern/science/physics/standard-model/;ENT
MAT-00002;Constituants fondamentaux;Fermion, quark;down;d;Entité;Confirmé;Charge -1/3, spin 1/2, antiparticule anti-d;Charge de couleur: Oui;Constituant des protons et neutrons;Instable à l'état libre, confiné;Accès indirect par détection ou production;Non quantifié;https://home.cern/science/physics/standard-model/;ENT
MAT-00003;Constituants fondamentaux;Fermion, quark;charm;c;Entité;Confirmé;Charge +2/3, spin 1/2, antiparticule anti-c;Charge de couleur: Oui;Hadrons charmés;Très instable;Accès indirect par détection ou production;Non quantifié;https://home.cern/science/physics/standard-model/;ENT
MAT-00004;Constituants fondamentaux;Fermion, quark;strange;s;Entité;Confirmé;Charge -1/3, spin 1/2, antiparticule anti-s;Charge de couleur: Oui;Hadrons étranges;Instable;Accès indirect par détection ou production;Non quantifié;https://home.cern/science/physics/standard-model/;ENT
MAT-00005;Constituants fondamentaux;Fermion, quark;top;t;Entité;Confirmé;Charge +2/3, spin 1/2, antiparticule anti-t;Charge de couleur: Oui;Quark le plus massif connu;Extrêmement instable, pas d'hadronisation ordinaire;Accès indirect par détection ou production;Non quantifié;https://home.cern/science/physics/standard-model/;ENT
MAT-00006;Constituants fondamentaux;Fermion, quark;bottom;b;Entité;Confirmé;Charge -1/3, spin 1/2, antiparticule anti-b;Charge de couleur: Oui;Hadrons beaux;Très instable;Accès indirect par détection ou production;Non quantifié;https://home.cern/science/physics/standard-model/;ENT
MAT-00007;Constituants fondamentaux;Fermion, lepton;électron;e-;Entité;Confirmé;Charge −1, spin 1/2, antiparticule positron e+;Charge de couleur: Non;Atomes, courants électriques, chimie;Stable dans les limites observées;Accès indirect par détection ou production;Non quantifié;https://home.cern/science/physics/standard-model/;ENT
MAT-00008;Constituants fondamentaux;Fermion, lepton;neutrino électronique;νe;Entité;Confirmé;Charge 0, spin 1/2, antiparticule anti-νe ou identité Majorana non résolue;Charge de couleur: Non;Interactions faibles, oscillations;Stable ou extrêmement long vécu;Accès indirect par détection ou production;Non quantifié;https://home.cern/science/physics/standard-model/;ENT
MAT-00009;Constituants fondamentaux;Fermion, lepton;muon;μ-;Entité;Confirmé;Charge −1, spin 1/2, antiparticule anti-muon μ+;Charge de couleur: Non;Lepton lourd;Instable;Accès indirect par détection ou production;Non quantifié;https://home.cern/science/physics/standard-model/;ENT
MAT-00010;Constituants fondamentaux;Fermion, lepton;neutrino muonique;νμ;Entité;Confirmé;Charge 0, spin 1/2, antiparticule anti-νμ ou identité Majorana non résolue;Charge de couleur: Non;Interactions faibles, oscillations;Stable ou extrêmement long vécu;Accès indirect par détection ou production;Non quantifié;https://home.cern/science/physics/standard-model/;ENT
MAT-00011;Constituants fondamentaux;Fermion, lepton;tau;τ-;Entité;Confirmé;Charge −1, spin 1/2, antiparticule anti-tau τ+;Charge de couleur: Non;Lepton lourd;Très instable;Accès indirect par détection ou production;Non quantifié;https://home.cern/science/physics/standard-model/;ENT
MAT-00012;Constituants fondamentaux;Fermion, lepton;neutrino tauique;ντ;Entité;Confirmé;Charge 0, spin 1/2, antiparticule anti-ντ ou identité Majorana non résolue;Charge de couleur: Non;Interactions faibles, oscillations;Stable ou extrêmement long vécu;Accès indirect par détection ou production;Non quantifié;https://home.cern/science/physics/standard-model/;ENT
MAT-00013;Constituants fondamentaux;Boson de jauge;photon;γ;Entité;Confirmé;Charge 0, spin 1, antiparticule Lui-même;Charge de couleur: Non;Interaction électromagnétique;Stable;Accès indirect par détection ou production;Non quantifié;https://home.cern/science/physics/standard-model/;ENT
MAT-00014;Constituants fondamentaux;Boson de jauge;gluon;g;Entité;Confirmé;Charge 0, spin 1, antiparticule Lui-même au niveau des états de couleur;Charge de couleur: Oui, charge de couleur;Interaction forte;Confiné;Accès indirect par détection ou production;Non quantifié;https://home.cern/science/physics/standard-model/;ENT
MAT-00015;Constituants fondamentaux;Boson de jauge;boson W positif;W+;Entité;Confirmé;Charge +1, spin 1, antiparticule W-;Charge de couleur: Non;Interaction faible chargée;Très instable;Accès indirect par détection ou production;Non quantifié;https://home.cern/science/physics/standard-model/;ENT
MAT-00016;Constituants fondamentaux;Boson de jauge;boson W négatif;W-;Entité;Confirmé;Charge −1, spin 1, antiparticule W+;Charge de couleur: Non;Interaction faible chargée;Très instable;Accès indirect par détection ou production;Non quantifié;https://home.cern/science/physics/standard-model/;ENT
MAT-00017;Constituants fondamentaux;Boson de jauge;boson Z;Z0;Entité;Confirmé;Charge 0, spin 1, antiparticule Lui-même;Charge de couleur: Non;Interaction faible neutre;Très instable;Accès indirect par détection ou production;Non quantifié;https://home.cern/science/physics/standard-model/;ENT
MAT-00018;Constituants fondamentaux;Boson scalaire;boson de Higgs;H0;Entité;Confirmé;Charge 0, spin 0, antiparticule Lui-même dans le Modèle standard;Charge de couleur: Non;Excitation du champ de Higgs;Très instable;Accès indirect par détection ou production;Non quantifié;https://home.cern/science/physics/standard-model/;ENT
MAT-00019;Particules composites;Baryon, nucléon;proton;p;Entité ou famille;Confirmé;uud;Baryon le plus léger;Noyaux atomiques, rayons cosmiques;Stable dans les limites observées;Accès expérimental ou astrophysique variable;Non quantifié;https://pdg.lbl.gov/;ENT
MAT-00020;Particules composites;Baryon, nucléon;neutron;n;Entité ou famille;Confirmé;udd;Baryon neutre essentiel;Noyaux atomiques, étoiles à neutrons;Stable dans certains noyaux, libre environ 15 minutes;Accès expérimental ou astrophysique variable;Non quantifié;https://pdg.lbl.gov/;ENT
MAT-00021;Particules composites;Baryon léger;Delta;Δ++, Δ+, Δ0, Δ−;Entité ou famille;Confirmé;uuu, uud, udd, ddd;Résonances du nucléon;Collisions hadroniques;Très instable;Accès expérimental ou astrophysique variable;Non quantifié;https://pdg.lbl.gov/;ENT
MAT-00022;Particules composites;Baryon étrange;Lambda;Λ0;Entité ou famille;Confirmé;uds;Hyperon étrange;Rayons cosmiques, collisions;Instable;Accès expérimental ou astrophysique variable;Non quantifié;https://pdg.lbl.gov/;ENT
MAT-00023;Particules composites;Baryon étrange;Sigma;Σ+, Σ0, Σ−;Entité ou famille;Confirmé;uus, uds, dds;Famille d'hyperons;Collisions hadroniques;Instable;Accès expérimental ou astrophysique variable;Non quantifié;https://pdg.lbl.gov/;ENT
MAT-00024;Particules composites;Baryon étrange;Xi;Ξ0, Ξ−;Entité ou famille;Confirmé;uss, dss;Hyperons doublement étranges;Collisions hadroniques;Instable;Accès expérimental ou astrophysique variable;Non quantifié;https://pdg.lbl.gov/;ENT
MAT-00025;Particules composites;Baryon étrange;Omega moins;Ω−;Entité ou famille;Confirmé;sss;Baryon triplement étrange;Collisions hadroniques;Instable;Accès expérimental ou astrophysique variable;Non quantifié;https://pdg.lbl.gov/;ENT
MAT-00026;Particules composites;Baryon charmé;Lambda charmé;Λc+;Entité ou famille;Confirmé;udc;Baryon contenant un quark charm;Collisions haute énergie;Instable;Accès expérimental ou astrophysique variable;Non quantifié;https://pdg.lbl.gov/;ENT
MAT-00027;Particules composites;Baryon charmé;Sigma charmé;Σc++, Σc+, Σc0;Entité ou famille;Confirmé;uuc, udc, ddc;Famille charmée;Collisions haute énergie;Instable;Accès expérimental ou astrophysique variable;Non quantifié;https://pdg.lbl.gov/;ENT
MAT-00028;Particules composites;Baryon charmé;Xi charmé;Ξc+, Ξc0;Entité ou famille;Confirmé;usc, dsc;Baryon charmé et étrange;Collisions haute énergie;Instable;Accès expérimental ou astrophysique variable;Non quantifié;https://pdg.lbl.gov/;ENT
MAT-00029;Particules composites;Baryon charmé;Omega charmé;Ωc0;Entité ou famille;Confirmé;ssc;Baryon doublement étrange;Collisions haute énergie;Instable;Accès expérimental ou astrophysique variable;Non quantifié;https://pdg.lbl.gov/;ENT
MAT-00030;Particules composites;Baryon bottom;Lambda bottom;Λb0;Entité ou famille;Confirmé;udb;Baryon contenant un quark bottom;Collisions haute énergie;Instable;Accès expérimental ou astrophysique variable;Non quantifié;https://pdg.lbl.gov/;ENT
MAT-00031;Particules composites;Baryon bottom;Xi bottom;Ξb0, Ξb−;Entité ou famille;Confirmé;usb, dsb;Famille bottom étrange;Collisions haute énergie;Instable;Accès expérimental ou astrophysique variable;Non quantifié;https://pdg.lbl.gov/;ENT
MAT-00032;Particules composites;Baryon bottom;Omega bottom;Ωb−;Entité ou famille;Confirmé;ssb;Baryon bottom doublement étrange;Collisions haute énergie;Instable;Accès expérimental ou astrophysique variable;Non quantifié;https://pdg.lbl.gov/;ENT
MAT-00033;Particules composites;Méson léger;pion positif;π+;Entité ou famille;Confirmé;u anti-d;Méson pseudoscalaire;Interaction nucléaire résiduelle;Instable;Accès expérimental ou astrophysique variable;Non quantifié;https://pdg.lbl.gov/;ENT
MAT-00034;Particules composites;Méson léger;pion neutre;π0;Entité ou famille;Confirmé;superposition u anti-u et d anti-d;Méson pseudoscalaire;Collisions, désintégrations;Très instable;Accès expérimental ou astrophysique variable;Non quantifié;https://pdg.lbl.gov/;ENT
MAT-00035;Particules composites;Méson léger;pion négatif;π−;Entité ou famille;Confirmé;d anti-u;Antiparticule du pion positif;Interaction nucléaire résiduelle;Instable;Accès expérimental ou astrophysique variable;Non quantifié;https://pdg.lbl.gov/;ENT
MAT-00036;Particules composites;Méson léger;eta;η;Entité ou famille;Confirmé;mélange de paires quark-antiquark;Méson pseudoscalaire;Collisions hadroniques;Très instable;Accès expérimental ou astrophysique variable;Non quantifié;https://pdg.lbl.gov/;ENT
MAT-00037;Particules composites;Méson léger;eta prime;η′;Entité ou famille;Confirmé;mélange de paires quark-antiquark;Méson pseudoscalaire;Collisions hadroniques;Très instable;Accès expérimental ou astrophysique variable;Non quantifié;https://pdg.lbl.gov/;ENT
MAT-00038;Particules composites;Méson vectoriel;rho;ρ+, ρ0, ρ−;Entité ou famille;Confirmé;u et d avec antiquarks;Méson vectoriel;Collisions hadroniques;Très instable;Accès expérimental ou astrophysique variable;Non quantifié;https://pdg.lbl.gov/;ENT
MAT-00039;Particules composites;Méson vectoriel;omega;ω;Entité ou famille;Confirmé;mélange u anti-u et d anti-d;Méson vectoriel léger;Collisions hadroniques;Très instable;Accès expérimental ou astrophysique variable;Non quantifié;https://pdg.lbl.gov/;ENT
MAT-00040;Particules composites;Méson vectoriel;phi;φ;Entité ou famille;Confirmé;principalement s anti-s;Méson vectoriel étrange;Collisions hadroniques;Très instable;Accès expérimental ou astrophysique variable;Non quantifié;https://pdg.lbl.gov/;ENT
MAT-00041;Particules composites;Méson étrange;kaon positif;K+;Entité ou famille;Confirmé;u anti-s;Méson étrange;Rayons cosmiques, collisions;Instable;Accès expérimental ou astrophysique variable;Non quantifié;https://pdg.lbl.gov/;ENT
MAT-00042;Particules composites;Méson étrange;kaon négatif;K−;Entité ou famille;Confirmé;s anti-u;Antiparticule du kaon positif;Rayons cosmiques, collisions;Instable;Accès expérimental ou astrophysique variable;Non quantifié;https://pdg.lbl.gov/;ENT
MAT-00043;Particules composites;Méson étrange;kaon neutre;K0;Entité ou famille;Confirmé;d anti-s;État de saveur;Collisions, physique CP;Instable, oscillations;Accès expérimental ou astrophysique variable;Non quantifié;https://pdg.lbl.gov/;ENT
MAT-00044;Particules composites;Méson étrange;antikaon neutre;anti-K0;Entité ou famille;Confirmé;s anti-d;État de saveur;Collisions, physique CP;Instable, oscillations;Accès expérimental ou astrophysique variable;Non quantifié;https://pdg.lbl.gov/;ENT
MAT-00045;Particules composites;Méson étrange;kaon court;KS0;Entité ou famille;Confirmé;superposition K0 et anti-K0;État propre approximatif;Désintégrations faibles;Très instable;Accès expérimental ou astrophysique variable;Non quantifié;https://pdg.lbl.gov/;ENT
MAT-00046;Particules composites;Méson étrange;kaon long;KL0;Entité ou famille;Confirmé;superposition K0 et anti-K0;État propre approximatif;Désintégrations faibles;Instable, plus long vécu;Accès expérimental ou astrophysique variable;Non quantifié;https://pdg.lbl.gov/;ENT
MAT-00047;Particules composites;Méson charmé;D zéro;D0;Entité ou famille;Confirmé;c anti-u;Méson ouvertement charmé;Collisions haute énergie;Instable;Accès expérimental ou astrophysique variable;Non quantifié;https://pdg.lbl.gov/;ENT
MAT-00048;Particules composites;Méson charmé;anti-D zéro;anti-D0;Entité ou famille;Confirmé;u anti-c;Antiparticule du D0;Collisions haute énergie;Instable;Accès expérimental ou astrophysique variable;Non quantifié;https://pdg.lbl.gov/;ENT
MAT-00049;Particules composites;Méson charmé;D positif;D+;Entité ou famille;Confirmé;c anti-d;Méson charmé;Collisions haute énergie;Instable;Accès expérimental ou astrophysique variable;Non quantifié;https://pdg.lbl.gov/;ENT
MAT-00050;Particules composites;Méson charmé;D étrange;Ds+;Entité ou famille;Confirmé;c anti-s;Méson charmé et étrange;Collisions haute énergie;Instable;Accès expérimental ou astrophysique variable;Non quantifié;https://pdg.lbl.gov/;ENT
MAT-00051;Particules composites;Charmonium;J/psi;J/ψ;Entité ou famille;Confirmé;c anti-c;État lié charm-anticharm;Collisions, plasma quarks-gluons;Très instable;Accès expérimental ou astrophysique variable;Non quantifié;https://pdg.lbl.gov/;ENT
MAT-00052;Particules composites;Charmonium;eta charm;ηc;Entité ou famille;Confirmé;c anti-c;Charmonium pseudoscalaire;Collisions haute énergie;Très instable;Accès expérimental ou astrophysique variable;Non quantifié;https://pdg.lbl.gov/;ENT
MAT-00053;Particules composites;Charmonium;psi deux S;ψ(2S);Entité ou famille;Confirmé;c anti-c excité;État excité du charmonium;Collisions haute énergie;Très instable;Accès expérimental ou astrophysique variable;Non quantifié;https://pdg.lbl.gov/;ENT
MAT-00054;Particules composites;Méson bottom;B positif;B+;Entité ou famille;Confirmé;u anti-b;Méson ouvertement bottom;Collisions haute énergie;Instable;Accès expérimental ou astrophysique variable;Non quantifié;https://pdg.lbl.gov/;ENT
MAT-00055;Particules composites;Méson bottom;B zéro;B0;Entité ou famille;Confirmé;d anti-b;Méson bottom neutre;Physique CP;Instable, oscillations;Accès expérimental ou astrophysique variable;Non quantifié;https://pdg.lbl.gov/;ENT
MAT-00056;Particules composites;Méson bottom;Bs zéro;Bs0;Entité ou famille;Confirmé;s anti-b;Méson bottom étrange;Physique CP;Instable, oscillations;Accès expérimental ou astrophysique variable;Non quantifié;https://pdg.lbl.gov/;ENT
MAT-00057;Particules composites;Méson double lourd;Bc positif;Bc+;Entité ou famille;Confirmé;c anti-b;Contient charm et bottom;Collisions haute énergie;Instable;Accès expérimental ou astrophysique variable;Non quantifié;https://pdg.lbl.gov/;ENT
MAT-00058;Particules composites;Bottomonium;Upsilon;Υ;Entité ou famille;Confirmé;b anti-b;État lié bottom-antibottom;Collisions haute énergie;Très instable;Accès expérimental ou astrophysique variable;Non quantifié;https://pdg.lbl.gov/;ENT
MAT-00059;Particules composites;Bottomonium;eta bottom;ηb;Entité ou famille;Confirmé;b anti-b;Bottomonium pseudoscalaire;Collisions haute énergie;Très instable;Accès expérimental ou astrophysique variable;Non quantifié;https://pdg.lbl.gov/;ENT
MAT-00060;Particules composites;État exotique;X 3872;X(3872);Entité ou famille;Résonance confirmée, structure ouverte;structure interne discutée, tétraquark ou molécule hadronique;État exotique majeur;Collisions haute énergie;Très instable;Accès expérimental ou astrophysique variable;Non quantifié;https://pdg.lbl.gov/;ENT
MAT-00061;Particules composites;État exotique;Zc 3900;Zc(3900);Entité ou famille;Résonance observée;au moins quatre quarks;Candidat tétraquark;Collisions haute énergie;Très instable;Accès expérimental ou astrophysique variable;Non quantifié;https://pdg.lbl.gov/;ENT
MAT-00062;Particules composites;État exotique;Tcc positif;Tcc+;Entité ou famille;État exotique observé;cc anti-u anti-d probable;Candidat tétraquark doublement charmé;Collisions haute énergie;Très instable;Accès expérimental ou astrophysique variable;Non quantifié;https://pdg.lbl.gov/;ENT
MAT-00063;Particules composites;État exotique;pentaquarks Pc;Pc+;Entité ou famille;Résonances observées;c anti-c et trois quarks légers;Structure interne discutée;Désintégrations de baryons bottom;Très instables;Accès expérimental ou astrophysique variable;Non quantifié;https://pdg.lbl.gov/;ENT
MAT-00064;Particules composites;État exotique;molécule hadronique;divers;Entité ou famille;Classe avec candidats confirmés;état lié ou quasi-lié de hadrons;Architecture composite possible;Seuils hadroniques;Instable;Accès expérimental ou astrophysique variable;Non quantifié;https://pdg.lbl.gov/;ENT
MAT-00065;Particules composites;État exotique;glueball;divers;Entité ou famille;Prédit, candidats non conclusifs;gluons liés;Aucune identification définitive;Collisions, QCD;Instable;Accès expérimental ou astrophysique variable;Non quantifié;https://pdg.lbl.gov/;ENT
MAT-00066;Particules composites;État exotique;méson hybride;divers;Entité ou famille;Prédit, plusieurs candidats;quark, antiquark et excitation gluonique;Structure gluonique excitée;Collisions haute énergie;Instable;Accès expérimental ou astrophysique variable;Non quantifié;https://pdg.lbl.gov/;ENT
MAT-00067;Particules composites;Atome exotique;positronium;Ps;Entité ou famille;Confirmé;électron et positron;Atome purement leptonique;Laboratoire, astrophysique possible;Très court à court selon état;Accès expérimental ou astrophysique variable;Non quantifié;https://pdg.lbl.gov/;ENT
MAT-00068;Particules composites;Atome exotique;muonium;Mu;Entité ou famille;Confirmé;muon positif et électron;Système hydrogénoïde leptonique;Laboratoire;Durée limitée par le muon;Accès expérimental ou astrophysique variable;Non quantifié;https://pdg.lbl.gov/;ENT
MAT-00069;Particules composites;Atome exotique;pionium;A2π;Entité ou famille;Confirmé;π+ et π−;Atome mésonique;Collisions;Très instable;Accès expérimental ou astrophysique variable;Non quantifié;https://pdg.lbl.gov/;ENT
MAT-00070;Particules composites;Atome exotique;hélium antiprotonique;anti-p He+;Entité ou famille;Confirmé;noyau d'hélium, antiproton, électron;Atome exotique à trois corps;Laboratoire;Métastable à l'échelle atomique;Accès expérimental ou astrophysique variable;Non quantifié;https://pdg.lbl.gov/;ENT
MAT-00071;Particules composites;Antimatière composite;antiproton;anti-p;Entité ou famille;Confirmé;anti-u anti-u anti-d;Antibaryon du proton;Rayons cosmiques, accélérateurs;Stable dans les limites observées;Accès expérimental ou astrophysique variable;Non quantifié;https://pdg.lbl.gov/;ENT
MAT-00072;Particules composites;Antimatière composite;antineutron;anti-n;Entité ou famille;Confirmé;anti-u anti-d anti-d;Antibaryon du neutron;Accélérateurs;Instable libre;Accès expérimental ou astrophysique variable;Non quantifié;https://pdg.lbl.gov/;ENT
MAT-00073;Particules composites;Antinoyau;antideutéron;anti-d;Entité ou famille;Confirmé;antiproton et antineutron;Antinoyau léger;Accélérateurs;Stable contre désintégration forte;Accès expérimental ou astrophysique variable;Non quantifié;https://pdg.lbl.gov/;ENT
MAT-00074;Particules composites;Antinoyau;antihélium 4;anti-4He;Entité ou famille;Confirmé en laboratoire;deux antiprotons et deux antineutrons;Antinoyau le plus lourd clairement produit en laboratoire;Collisions d'ions lourds;Stable contre désintégration forte;Accès expérimental ou astrophysique variable;Non quantifié;https://pdg.lbl.gov/;ENT
MAT-00075;Noyaux et nuclides;Catalogue NUBASE2020;5 843 états nucléaires détaillés;A-Z;Catalogue complet importé;Observé ou estimé selon ligne;Protons, neutrons, états fondamentaux, isomères et résonances;Voir feuille 04_Nuclides_NUBASE;Laboratoires, étoiles, réacteurs, nature;Stable, radioactif ou résonant;Variable selon nuclide;Non quantifié;https://www-nds.iaea.org/amdc/ame2020/nubase_4.mas20.txt;NUC
MAT-00076;Atomes et éléments;Non-métal;Hydrogen;H;Entité;Confirmé officiellement;Numéro atomique 1, masse atomique indicative 1.008;Période 1, groupe 1, état de référence Gaz;Naturel, stable, primordial ou trace;Dépend des isotopes;Variable selon réservoir et forme chimique;Non quantifié;https://iupac.org/what-we-do/periodic-table-of-elements/;ENT
MAT-00077;Atomes et éléments;Gaz noble;Helium;He;Entité;Confirmé officiellement;Numéro atomique 2, masse atomique indicative 4.003;Période 1, groupe 18, état de référence Gaz;Naturel, stable, primordial ou trace;Dépend des isotopes;Variable selon réservoir et forme chimique;Non quantifié;https://iupac.org/what-we-do/periodic-table-of-elements/;ENT
MAT-00078;Atomes et éléments;Métal alcalin;Lithium;Li;Entité;Confirmé officiellement;Numéro atomique 3, masse atomique indicative 6.941;Période 2, groupe 1, état de référence Solide;Naturel, stable, primordial ou trace;Dépend des isotopes;Variable selon réservoir et forme chimique;Non quantifié;https://iupac.org/what-we-do/periodic-table-of-elements/;ENT
MAT-00079;Atomes et éléments;Métal alcalino-terreux;Beryllium;Be;Entité;Confirmé officiellement;Numéro atomique 4, masse atomique indicative 9.012;Période 2, groupe 2, état de référence Solide;Naturel, stable, primordial ou trace;Dépend des isotopes;Variable selon réservoir et forme chimique;Non quantifié;https://iupac.org/what-we-do/periodic-table-of-elements/;ENT
MAT-00080;Atomes et éléments;Métalloïde;Boron;B;Entité;Confirmé officiellement;Numéro atomique 5, masse atomique indicative 10.812;Période 2, groupe 13, état de référence Solide;Naturel, stable, primordial ou trace;Dépend des isotopes;Variable selon réservoir et forme chimique;Non quantifié;https://iupac.org/what-we-do/periodic-table-of-elements/;ENT
MAT-00081;Atomes et éléments;Non-métal;Carbon;C;Entité;Confirmé officiellement;Numéro atomique 6, masse atomique indicative 12.011;Période 2, groupe 14, état de référence Solide;Naturel, stable, primordial ou trace;Dépend des isotopes;Variable selon réservoir et forme chimique;Non quantifié;https://iupac.org/what-we-do/periodic-table-of-elements/;ENT
MAT-00082;Atomes et éléments;Non-métal;Nitrogen;N;Entité;Confirmé officiellement;Numéro atomique 7, masse atomique indicative 14.007;Période 2, groupe 15, état de référence Gaz;Naturel, stable, primordial ou trace;Dépend des isotopes;Variable selon réservoir et forme chimique;Non quantifié;https://iupac.org/what-we-do/periodic-table-of-elements/;ENT
MAT-00083;Atomes et éléments;Non-métal;Oxygen;O;Entité;Confirmé officiellement;Numéro atomique 8, masse atomique indicative 15.999;Période 2, groupe 16, état de référence Gaz;Naturel, stable, primordial ou trace;Dépend des isotopes;Variable selon réservoir et forme chimique;Non quantifié;https://iupac.org/what-we-do/periodic-table-of-elements/;ENT
MAT-00084;Atomes et éléments;Halogène;Fluorine;F;Entité;Confirmé officiellement;Numéro atomique 9, masse atomique indicative 18.998;Période 2, groupe 17, état de référence Gaz;Naturel, stable, primordial ou trace;Dépend des isotopes;Variable selon réservoir et forme chimique;Non quantifié;https://iupac.org/what-we-do/periodic-table-of-elements/;ENT
MAT-00085;Atomes et éléments;Gaz noble;Neon;Ne;Entité;Confirmé officiellement;Numéro atomique 10, masse atomique indicative 20.18;Période 2, groupe 18, état de référence Gaz;Naturel, stable, primordial ou trace;Dépend des isotopes;Variable selon réservoir et forme chimique;Non quantifié;https://iupac.org/what-we-do/periodic-table-of-elements/;ENT
MAT-00086;Atomes et éléments;Métal alcalin;Sodium;Na;Entité;Confirmé officiellement;Numéro atomique 11, masse atomique indicative 22.99;Période 3, groupe 1, état de référence Solide;Naturel, stable, primordial ou trace;Dépend des isotopes;Variable selon réservoir et forme chimique;Non quantifié;https://iupac.org/what-we-do/periodic-table-of-elements/;ENT
MAT-00087;Atomes et éléments;Métal alcalino-terreux;Magnesium;Mg;Entité;Confirmé officiellement;Numéro atomique 12, masse atomique indicative 24.305;Période 3, groupe 2, état de référence Solide;Naturel, stable, primordial ou trace;Dépend des isotopes;Variable selon réservoir et forme chimique;Non quantifié;https://iupac.org/what-we-do/periodic-table-of-elements/;ENT
MAT-00088;Atomes et éléments;Métal post-transition;Aluminium;Al;Entité;Confirmé officiellement;Numéro atomique 13, masse atomique indicative 26.982;Période 3, groupe 13, état de référence Solide;Naturel, stable, primordial ou trace;Dépend des isotopes;Variable selon réservoir et forme chimique;Non quantifié;https://iupac.org/what-we-do/periodic-table-of-elements/;ENT
MAT-00089;Atomes et éléments;Métalloïde;Silicon;Si;Entité;Confirmé officiellement;Numéro atomique 14, masse atomique indicative 28.086;Période 3, groupe 14, état de référence Solide;Naturel, stable, primordial ou trace;Dépend des isotopes;Variable selon réservoir et forme chimique;Non quantifié;https://iupac.org/what-we-do/periodic-table-of-elements/;ENT
MAT-00090;Atomes et éléments;Non-métal;Phosphorus;P;Entité;Confirmé officiellement;Numéro atomique 15, masse atomique indicative 30.974;Période 3, groupe 15, état de référence Solide;Naturel, stable, primordial ou trace;Dépend des isotopes;Variable selon réservoir et forme chimique;Non quantifié;https://iupac.org/what-we-do/periodic-table-of-elements/;ENT
MAT-00091;Atomes et éléments;Non-métal;Sulfur;S;Entité;Confirmé officiellement;Numéro atomique 16, masse atomique indicative 32.067;Période 3, groupe 16, état de référence Solide;Naturel, stable, primordial ou trace;Dépend des isotopes;Variable selon réservoir et forme chimique;Non quantifié;https://iupac.org/what-we-do/periodic-table-of-elements/;ENT
MAT-00092;Atomes et éléments;Halogène;Chlorine;Cl;Entité;Confirmé officiellement;Numéro atomique 17, masse atomique indicative 35.453;Période 3, groupe 17, état de référence Gaz;Naturel, stable, primordial ou trace;Dépend des isotopes;Variable selon réservoir et forme chimique;Non quantifié;https://iupac.org/what-we-do/periodic-table-of-elements/;ENT
MAT-00093;Atomes et éléments;Gaz noble;Argon;Ar;Entité;Confirmé officiellement;Numéro atomique 18, masse atomique indicative 39.948;Période 3, groupe 18, état de référence Gaz;Naturel, stable, primordial ou trace;Dépend des isotopes;Variable selon réservoir et forme chimique;Non quantifié;https://iupac.org/what-we-do/periodic-table-of-elements/;ENT
MAT-00094;Atomes et éléments;Métal alcalin;Potassium;K;Entité;Confirmé officiellement;Numéro atomique 19, masse atomique indicative 39.098;Période 4, groupe 1, état de référence Solide;Naturel, stable, primordial ou trace;Dépend des isotopes;Variable selon réservoir et forme chimique;Non quantifié;https://iupac.org/what-we-do/periodic-table-of-elements/;ENT
MAT-00095;Atomes et éléments;Métal alcalino-terreux;Calcium;Ca;Entité;Confirmé officiellement;Numéro atomique 20, masse atomique indicative 40.078;Période 4, groupe 2, état de référence Solide;Naturel, stable, primordial ou trace;Dépend des isotopes;Variable selon réservoir et forme chimique;Non quantifié;https://iupac.org/what-we-do/periodic-table-of-elements/;ENT
MAT-00096;Atomes et éléments;Métal de transition;Scandium;Sc;Entité;Confirmé officiellement;Numéro atomique 21, masse atomique indicative 44.956;Période 4, groupe 3, état de référence Solide;Naturel, stable, primordial ou trace;Dépend des isotopes;Variable selon réservoir et forme chimique;Non quantifié;https://iupac.org/what-we-do/periodic-table-of-elements/;ENT
MAT-00097;Atomes et éléments;Métal de transition;Titanium;Ti;Entité;Confirmé officiellement;Numéro atomique 22, masse atomique indicative 47.867;Période 4, groupe 4, état de référence Solide;Naturel, stable, primordial ou trace;Dépend des isotopes;Variable selon réservoir et forme chimique;Non quantifié;https://iupac.org/what-we-do/periodic-table-of-elements/;ENT
MAT-00098;Atomes et éléments;Métal de transition;Vanadium;V;Entité;Confirmé officiellement;Numéro atomique 23, masse atomique indicative 50.944;Période 4, groupe 5, état de référence Solide;Naturel, stable, primordial ou trace;Dépend des isotopes;Variable selon réservoir et forme chimique;Non quantifié;https://iupac.org/what-we-do/periodic-table-of-elements/;ENT
MAT-00099;Atomes et éléments;Métal de transition;Chromium;Cr;Entité;Confirmé officiellement;Numéro atomique 24, masse atomique indicative 51.996;Période 4, groupe 6, état de référence Solide;Naturel, stable, primordial ou trace;Dépend des isotopes;Variable selon réservoir et forme chimique;Non quantifié;https://iupac.org/what-we-do/periodic-table-of-elements/;ENT
MAT-00100;Atomes et éléments;Métal de transition;Manganese;Mn;Entité;Confirmé officiellement;Numéro atomique 25, masse atomique indicative 54.938;Période 4, groupe 7, état de référence Solide;Naturel, stable, primordial ou trace;Dépend des isotopes;Variable selon réservoir et forme chimique;Non quantifié;https://iupac.org/what-we-do/periodic-table-of-elements/;ENT
MAT-00101;Atomes et éléments;Métal de transition;Iron;Fe;Entité;Confirmé officiellement;Numéro atomique 26, masse atomique indicative 55.845;Période 4, groupe 8, état de référence Solide;Naturel, stable, primordial ou trace;Dépend des isotopes;Variable selon réservoir et forme chimique;Non quantifié;https://iupac.org/what-we-do/periodic-table-of-elements/;ENT
MAT-00102;Atomes et éléments;Métal de transition;Cobalt;Co;Entité;Confirmé officiellement;Numéro atomique 27, masse atomique indicative 58.933;Période 4, groupe 9, état de référence Solide;Naturel, stable, primordial ou trace;Dépend des isotopes;Variable selon réservoir et forme chimique;Non quantifié;https://iupac.org/what-we-do/periodic-table-of-elements/;ENT
MAT-00103;Atomes et éléments;Métal de transition;Nickel;Ni;Entité;Confirmé officiellement;Numéro atomique 28, masse atomique indicative 58.693;Période 4, groupe 10, état de référence Solide;Naturel, stable, primordial ou trace;Dépend des isotopes;Variable selon réservoir et forme chimique;Non quantifié;https://iupac.org/what-we-do/periodic-table-of-elements/;ENT
MAT-00104;Atomes et éléments;Métal de transition;Copper;Cu;Entité;Confirmé officiellement;Numéro atomique 29, masse atomique indicative 63.546;Période 4, groupe 11, état de référence Solide;Naturel, stable, primordial ou trace;Dépend des isotopes;Variable selon réservoir et forme chimique;Non quantifié;https://iupac.org/what-we-do/periodic-table-of-elements/;ENT
MAT-00105;Atomes et éléments;Métal de transition;Zinc;Zn;Entité;Confirmé officiellement;Numéro atomique 30, masse atomique indicative 65.39;Période 4, groupe 12, état de référence Solide;Naturel, stable, primordial ou trace;Dépend des isotopes;Variable selon réservoir et forme chimique;Non quantifié;https://iupac.org/what-we-do/periodic-table-of-elements/;ENT
MAT-00106;Atomes et éléments;Métal post-transition;Gallium;Ga;Entité;Confirmé officiellement;Numéro atomique 31, masse atomique indicative 69.723;Période 4, groupe 13, état de référence Solide;Naturel, stable, primordial ou trace;Dépend des isotopes;Variable selon réservoir et forme chimique;Non quantifié;https://iupac.org/what-we-do/periodic-table-of-elements/;ENT
MAT-00107;Atomes et éléments;Métalloïde;Germanium;Ge;Entité;Confirmé officiellement;Numéro atomique 32, masse atomique indicative 72.61;Période 4, groupe 14, état de référence Solide;Naturel, stable, primordial ou trace;Dépend des isotopes;Variable selon réservoir et forme chimique;Non quantifié;https://iupac.org/what-we-do/periodic-table-of-elements/;ENT
MAT-00108;Atomes et éléments;Métalloïde;Arsenic;As;Entité;Confirmé officiellement;Numéro atomique 33, masse atomique indicative 74.922;Période 4, groupe 15, état de référence Solide;Naturel, stable, primordial ou trace;Dépend des isotopes;Variable selon réservoir et forme chimique;Non quantifié;https://iupac.org/what-we-do/periodic-table-of-elements/;ENT
MAT-00109;Atomes et éléments;Non-métal;Selenium;Se;Entité;Confirmé officiellement;Numéro atomique 34, masse atomique indicative 78.96;Période 4, groupe 16, état de référence Solide;Naturel, stable, primordial ou trace;Dépend des isotopes;Variable selon réservoir et forme chimique;Non quantifié;https://iupac.org/what-we-do/periodic-table-of-elements/;ENT
MAT-00110;Atomes et éléments;Halogène;Bromine;Br;Entité;Confirmé officiellement;Numéro atomique 35, masse atomique indicative 79.904;Période 4, groupe 17, état de référence Liquide;Naturel, stable, primordial ou trace;Dépend des isotopes;Variable selon réservoir et forme chimique;Non quantifié;https://iupac.org/what-we-do/periodic-table-of-elements/;ENT
MAT-00111;Atomes et éléments;Gaz noble;Krypton;Kr;Entité;Confirmé officiellement;Numéro atomique 36, masse atomique indicative 83.8;Période 4, groupe 18, état de référence Gaz;Naturel, stable, primordial ou trace;Dépend des isotopes;Variable selon réservoir et forme chimique;Non quantifié;https://iupac.org/what-we-do/periodic-table-of-elements/;ENT
MAT-00112;Atomes et éléments;Métal alcalin;Rubidium;Rb;Entité;Confirmé officiellement;Numéro atomique 37, masse atomique indicative 85.468;Période 5, groupe 1, état de référence Solide;Naturel, stable, primordial ou trace;Dépend des isotopes;Variable selon réservoir et forme chimique;Non quantifié;https://iupac.org/what-we-do/periodic-table-of-elements/;ENT
MAT-00113;Atomes et éléments;Métal alcalino-terreux;Strontium;Sr;Entité;Confirmé officiellement;Numéro atomique 38, masse atomique indicative 87.62;Période 5, groupe 2, état de référence Solide;Naturel, stable, primordial ou trace;Dépend des isotopes;Variable selon réservoir et forme chimique;Non quantifié;https://iupac.org/what-we-do/periodic-table-of-elements/;ENT
MAT-00114;Atomes et éléments;Métal de transition;Yttrium;Y;Entité;Confirmé officiellement;Numéro atomique 39, masse atomique indicative 88.906;Période 5, groupe 3, état de référence Solide;Naturel, stable, primordial ou trace;Dépend des isotopes;Variable selon réservoir et forme chimique;Non quantifié;https://iupac.org/what-we-do/periodic-table-of-elements/;ENT
MAT-00115;Atomes et éléments;Métal de transition;Zirconium;Zr;Entité;Confirmé officiellement;Numéro atomique 40, masse atomique indicative 91.224;Période 5, groupe 4, état de référence Solide;Naturel, stable, primordial ou trace;Dépend des isotopes;Variable selon réservoir et forme chimique;Non quantifié;https://iupac.org/what-we-do/periodic-table-of-elements/;ENT
MAT-00116;Atomes et éléments;Métal de transition;Niobium;Nb;Entité;Confirmé officiellement;Numéro atomique 41, masse atomique indicative 92.906;Période 5, groupe 5, état de référence Solide;Naturel, stable, primordial ou trace;Dépend des isotopes;Variable selon réservoir et forme chimique;Non quantifié;https://iupac.org/what-we-do/periodic-table-of-elements/;ENT
MAT-00117;Atomes et éléments;Métal de transition;Molybdenum;Mo;Entité;Confirmé officiellement;Numéro atomique 42, masse atomique indicative 95.94;Période 5, groupe 6, état de référence Solide;Naturel, stable, primordial ou trace;Dépend des isotopes;Variable selon réservoir et forme chimique;Non quantifié;https://iupac.org/what-we-do/periodic-table-of-elements/;ENT
MAT-00118;Atomes et éléments;Métal de transition;Technetium;Tc;Entité;Confirmé officiellement;Numéro atomique 43, masse atomique indicative 98.0;Période 5, groupe 7, état de référence Solide;Naturel en traces et synthétique;Dépend des isotopes;Variable selon réservoir et forme chimique;Non quantifié;https://iupac.org/what-we-do/periodic-table-of-elements/;ENT
MAT-00119;Atomes et éléments;Métal de transition;Ruthenium;Ru;Entité;Confirmé officiellement;Numéro atomique 44, masse atomique indicative 101.07;Période 5, groupe 8, état de référence Solide;Naturel, stable, primordial ou trace;Dépend des isotopes;Variable selon réservoir et forme chimique;Non quantifié;https://iupac.org/what-we-do/periodic-table-of-elements/;ENT
MAT-00120;Atomes et éléments;Métal de transition;Rhodium;Rh;Entité;Confirmé officiellement;Numéro atomique 45, masse atomique indicative 102.906;Période 5, groupe 9, état de référence Solide;Naturel, stable, primordial ou trace;Dépend des isotopes;Variable selon réservoir et forme chimique;Non quantifié;https://iupac.org/what-we-do/periodic-table-of-elements/;ENT
MAT-00121;Atomes et éléments;Métal de transition;Palladium;Pd;Entité;Confirmé officiellement;Numéro atomique 46, masse atomique indicative 106.42;Période 5, groupe 10, état de référence Solide;Naturel, stable, primordial ou trace;Dépend des isotopes;Variable selon réservoir et forme chimique;Non quantifié;https://iupac.org/what-we-do/periodic-table-of-elements/;ENT
MAT-00122;Atomes et éléments;Métal de transition;Silver;Ag;Entité;Confirmé officiellement;Numéro atomique 47, masse atomique indicative 107.868;Période 5, groupe 11, état de référence Solide;Naturel, stable, primordial ou trace;Dépend des isotopes;Variable selon réservoir et forme chimique;Non quantifié;https://iupac.org/what-we-do/periodic-table-of-elements/;ENT
MAT-00123;Atomes et éléments;Métal de transition;Cadmium;Cd;Entité;Confirmé officiellement;Numéro atomique 48, masse atomique indicative 112.412;Période 5, groupe 12, état de référence Solide;Naturel, stable, primordial ou trace;Dépend des isotopes;Variable selon réservoir et forme chimique;Non quantifié;https://iupac.org/what-we-do/periodic-table-of-elements/;ENT
MAT-00124;Atomes et éléments;Métal post-transition;Indium;In;Entité;Confirmé officiellement;Numéro atomique 49, masse atomique indicative 114.818;Période 5, groupe 13, état de référence Solide;Naturel, stable, primordial ou trace;Dépend des isotopes;Variable selon réservoir et forme chimique;Non quantifié;https://iupac.org/what-we-do/periodic-table-of-elements/;ENT
MAT-00125;Atomes et éléments;Métal post-transition;Tin;Sn;Entité;Confirmé officiellement;Numéro atomique 50, masse atomique indicative 118.711;Période 5, groupe 14, état de référence Solide;Naturel, stable, primordial ou trace;Dépend des isotopes;Variable selon réservoir et forme chimique;Non quantifié;https://iupac.org/what-we-do/periodic-table-of-elements/;ENT
MAT-00126;Atomes et éléments;Métalloïde;Antimony;Sb;Entité;Confirmé officiellement;Numéro atomique 51, masse atomique indicative 121.76;Période 5, groupe 15, état de référence Solide;Naturel, stable, primordial ou trace;Dépend des isotopes;Variable selon réservoir et forme chimique;Non quantifié;https://iupac.org/what-we-do/periodic-table-of-elements/;ENT
MAT-00127;Atomes et éléments;Métalloïde;Tellurium;Te;Entité;Confirmé officiellement;Numéro atomique 52, masse atomique indicative 127.6;Période 5, groupe 16, état de référence Solide;Naturel, stable, primordial ou trace;Dépend des isotopes;Variable selon réservoir et forme chimique;Non quantifié;https://iupac.org/what-we-do/periodic-table-of-elements/;ENT
MAT-00128;Atomes et éléments;Halogène;Iodine;I;Entité;Confirmé officiellement;Numéro atomique 53, masse atomique indicative 126.904;Période 5, groupe 17, état de référence Solide;Naturel, stable, primordial ou trace;Dépend des isotopes;Variable selon réservoir et forme chimique;Non quantifié;https://iupac.org/what-we-do/periodic-table-of-elements/;ENT
MAT-00129;Atomes et éléments;Gaz noble;Xenon;Xe;Entité;Confirmé officiellement;Numéro atomique 54, masse atomique indicative 131.29;Période 5, groupe 18, état de référence Gaz;Naturel, stable, primordial ou trace;Dépend des isotopes;Variable selon réservoir et forme chimique;Non quantifié;https://iupac.org/what-we-do/periodic-table-of-elements/;ENT
MAT-00130;Atomes et éléments;Métal alcalin;Caesium;Cs;Entité;Confirmé officiellement;Numéro atomique 55, masse atomique indicative 132.905;Période 6, groupe 1, état de référence Solide;Naturel, stable, primordial ou trace;Dépend des isotopes;Variable selon réservoir et forme chimique;Non quantifié;https://iupac.org/what-we-do/periodic-table-of-elements/;ENT
MAT-00131;Atomes et éléments;Métal alcalino-terreux;Barium;Ba;Entité;Confirmé officiellement;Numéro atomique 56, masse atomique indicative 137.328;Période 6, groupe 2, état de référence Solide;Naturel, stable, primordial ou trace;Dépend des isotopes;Variable selon réservoir et forme chimique;Non quantifié;https://iupac.org/what-we-do/periodic-table-of-elements/;ENT
MAT-00132;Atomes et éléments;Lanthanide;Lanthanum;La;Entité;Confirmé officiellement;Numéro atomique 57, masse atomique indicative 138.906;Période 6, groupe 3, état de référence Solide;Naturel, stable, primordial ou trace;Dépend des isotopes;Variable selon réservoir et forme chimique;Non quantifié;https://iupac.org/what-we-do/periodic-table-of-elements/;ENT
MAT-00133;Atomes et éléments;Lanthanide;Cerium;Ce;Entité;Confirmé officiellement;Numéro atomique 58, masse atomique indicative 140.116;Période 6, groupe Bloc f, état de référence Solide;Naturel, stable, primordial ou trace;Dépend des isotopes;Variable selon réservoir et forme chimique;Non quantifié;https://iupac.org/what-we-do/periodic-table-of-elements/;ENT
MAT-00134;Atomes et éléments;Lanthanide;Praseodymium;Pr;Entité;Confirmé officiellement;Numéro atomique 59, masse atomique indicative 140.908;Période 6, groupe Bloc f, état de référence Solide;Naturel, stable, primordial ou trace;Dépend des isotopes;Variable selon réservoir et forme chimique;Non quantifié;https://iupac.org/what-we-do/periodic-table-of-elements/;ENT
MAT-00135;Atomes et éléments;Lanthanide;Neodymium;Nd;Entité;Confirmé officiellement;Numéro atomique 60, masse atomique indicative 144.24;Période 6, groupe Bloc f, état de référence Solide;Naturel, stable, primordial ou trace;Dépend des isotopes;Variable selon réservoir et forme chimique;Non quantifié;https://iupac.org/what-we-do/periodic-table-of-elements/;ENT
MAT-00136;Atomes et éléments;Lanthanide;Promethium;Pm;Entité;Confirmé officiellement;Numéro atomique 61, masse atomique indicative 145.0;Période 6, groupe Bloc f, état de référence Solide;Naturel en traces et synthétique;Dépend des isotopes;Variable selon réservoir et forme chimique;Non quantifié;https://iupac.org/what-we-do/periodic-table-of-elements/;ENT
MAT-00137;Atomes et éléments;Lanthanide;Samarium;Sm;Entité;Confirmé officiellement;Numéro atomique 62, masse atomique indicative 150.36;Période 6, groupe Bloc f, état de référence Solide;Naturel, stable, primordial ou trace;Dépend des isotopes;Variable selon réservoir et forme chimique;Non quantifié;https://iupac.org/what-we-do/periodic-table-of-elements/;ENT
MAT-00138;Atomes et éléments;Lanthanide;Europium;Eu;Entité;Confirmé officiellement;Numéro atomique 63, masse atomique indicative 151.964;Période 6, groupe Bloc f, état de référence Solide;Naturel, stable, primordial ou trace;Dépend des isotopes;Variable selon réservoir et forme chimique;Non quantifié;https://iupac.org/what-we-do/periodic-table-of-elements/;ENT
MAT-00139;Atomes et éléments;Lanthanide;Gadolinium;Gd;Entité;Confirmé officiellement;Numéro atomique 64, masse atomique indicative 157.25;Période 6, groupe Bloc f, état de référence Solide;Naturel, stable, primordial ou trace;Dépend des isotopes;Variable selon réservoir et forme chimique;Non quantifié;https://iupac.org/what-we-do/periodic-table-of-elements/;ENT
MAT-00140;Atomes et éléments;Lanthanide;Terbium;Tb;Entité;Confirmé officiellement;Numéro atomique 65, masse atomique indicative 158.925;Période 6, groupe Bloc f, état de référence Solide;Naturel, stable, primordial ou trace;Dépend des isotopes;Variable selon réservoir et forme chimique;Non quantifié;https://iupac.org/what-we-do/periodic-table-of-elements/;ENT
MAT-00141;Atomes et éléments;Lanthanide;Dysprosium;Dy;Entité;Confirmé officiellement;Numéro atomique 66, masse atomique indicative 162.5;Période 6, groupe Bloc f, état de référence Solide;Naturel, stable, primordial ou trace;Dépend des isotopes;Variable selon réservoir et forme chimique;Non quantifié;https://iupac.org/what-we-do/periodic-table-of-elements/;ENT
MAT-00142;Atomes et éléments;Lanthanide;Holmium;Ho;Entité;Confirmé officiellement;Numéro atomique 67, masse atomique indicative 164.93;Période 6, groupe Bloc f, état de référence Solide;Naturel, stable, primordial ou trace;Dépend des isotopes;Variable selon réservoir et forme chimique;Non quantifié;https://iupac.org/what-we-do/periodic-table-of-elements/;ENT
MAT-00143;Atomes et éléments;Lanthanide;Erbium;Er;Entité;Confirmé officiellement;Numéro atomique 68, masse atomique indicative 167.26;Période 6, groupe Bloc f, état de référence Solide;Naturel, stable, primordial ou trace;Dépend des isotopes;Variable selon réservoir et forme chimique;Non quantifié;https://iupac.org/what-we-do/periodic-table-of-elements/;ENT
MAT-00144;Atomes et éléments;Lanthanide;Thulium;Tm;Entité;Confirmé officiellement;Numéro atomique 69, masse atomique indicative 168.934;Période 6, groupe Bloc f, état de référence Solide;Naturel, stable, primordial ou trace;Dépend des isotopes;Variable selon réservoir et forme chimique;Non quantifié;https://iupac.org/what-we-do/periodic-table-of-elements/;ENT
MAT-00145;Atomes et éléments;Lanthanide;Ytterbium;Yb;Entité;Confirmé officiellement;Numéro atomique 70, masse atomique indicative 173.04;Période 6, groupe Bloc f, état de référence Solide;Naturel, stable, primordial ou trace;Dépend des isotopes;Variable selon réservoir et forme chimique;Non quantifié;https://iupac.org/what-we-do/periodic-table-of-elements/;ENT
MAT-00146;Atomes et éléments;Lanthanide;Lutetium;Lu;Entité;Confirmé officiellement;Numéro atomique 71, masse atomique indicative 174.967;Période 6, groupe Bloc f, état de référence Solide;Naturel, stable, primordial ou trace;Dépend des isotopes;Variable selon réservoir et forme chimique;Non quantifié;https://iupac.org/what-we-do/periodic-table-of-elements/;ENT
MAT-00147;Atomes et éléments;Métal de transition;Hafnium;Hf;Entité;Confirmé officiellement;Numéro atomique 72, masse atomique indicative 178.49;Période 6, groupe 4, état de référence Solide;Naturel, stable, primordial ou trace;Dépend des isotopes;Variable selon réservoir et forme chimique;Non quantifié;https://iupac.org/what-we-do/periodic-table-of-elements/;ENT
MAT-00148;Atomes et éléments;Métal de transition;Tantalum;Ta;Entité;Confirmé officiellement;Numéro atomique 73, masse atomique indicative 180.948;Période 6, groupe 5, état de référence Solide;Naturel, stable, primordial ou trace;Dépend des isotopes;Variable selon réservoir et forme chimique;Non quantifié;https://iupac.org/what-we-do/periodic-table-of-elements/;ENT
MAT-00149;Atomes et éléments;Métal de transition;Tungsten;W;Entité;Confirmé officiellement;Numéro atomique 74, masse atomique indicative 183.84;Période 6, groupe 6, état de référence Solide;Naturel, stable, primordial ou trace;Dépend des isotopes;Variable selon réservoir et forme chimique;Non quantifié;https://iupac.org/what-we-do/periodic-table-of-elements/;ENT
MAT-00150;Atomes et éléments;Métal de transition;Rhenium;Re;Entité;Confirmé officiellement;Numéro atomique 75, masse atomique indicative 186.207;Période 6, groupe 7, état de référence Solide;Naturel, stable, primordial ou trace;Dépend des isotopes;Variable selon réservoir et forme chimique;Non quantifié;https://iupac.org/what-we-do/periodic-table-of-elements/;ENT
MAT-00151;Atomes et éléments;Métal de transition;Osmium;Os;Entité;Confirmé officiellement;Numéro atomique 76, masse atomique indicative 190.23;Période 6, groupe 8, état de référence Solide;Naturel, stable, primordial ou trace;Dépend des isotopes;Variable selon réservoir et forme chimique;Non quantifié;https://iupac.org/what-we-do/periodic-table-of-elements/;ENT
MAT-00152;Atomes et éléments;Métal de transition;Iridium;Ir;Entité;Confirmé officiellement;Numéro atomique 77, masse atomique indicative 192.217;Période 6, groupe 9, état de référence Solide;Naturel, stable, primordial ou trace;Dépend des isotopes;Variable selon réservoir et forme chimique;Non quantifié;https://iupac.org/what-we-do/periodic-table-of-elements/;ENT
MAT-00153;Atomes et éléments;Métal de transition;Platinum;Pt;Entité;Confirmé officiellement;Numéro atomique 78, masse atomique indicative 195.078;Période 6, groupe 10, état de référence Solide;Naturel, stable, primordial ou trace;Dépend des isotopes;Variable selon réservoir et forme chimique;Non quantifié;https://iupac.org/what-we-do/periodic-table-of-elements/;ENT
MAT-00154;Atomes et éléments;Métal de transition;Gold;Au;Entité;Confirmé officiellement;Numéro atomique 79, masse atomique indicative 196.967;Période 6, groupe 11, état de référence Solide;Naturel, stable, primordial ou trace;Dépend des isotopes;Variable selon réservoir et forme chimique;Non quantifié;https://iupac.org/what-we-do/periodic-table-of-elements/;ENT
MAT-00155;Atomes et éléments;Métal de transition;Mercury;Hg;Entité;Confirmé officiellement;Numéro atomique 80, masse atomique indicative 200.59;Période 6, groupe 12, état de référence Liquide;Naturel, stable, primordial ou trace;Dépend des isotopes;Variable selon réservoir et forme chimique;Non quantifié;https://iupac.org/what-we-do/periodic-table-of-elements/;ENT
MAT-00156;Atomes et éléments;Métal post-transition;Thallium;Tl;Entité;Confirmé officiellement;Numéro atomique 81, masse atomique indicative 204.383;Période 6, groupe 13, état de référence Solide;Naturel, stable, primordial ou trace;Dépend des isotopes;Variable selon réservoir et forme chimique;Non quantifié;https://iupac.org/what-we-do/periodic-table-of-elements/;ENT
MAT-00157;Atomes et éléments;Métal post-transition;Lead;Pb;Entité;Confirmé officiellement;Numéro atomique 82, masse atomique indicative 207.2;Période 6, groupe 14, état de référence Solide;Naturel, stable, primordial ou trace;Dépend des isotopes;Variable selon réservoir et forme chimique;Non quantifié;https://iupac.org/what-we-do/periodic-table-of-elements/;ENT
MAT-00158;Atomes et éléments;Métal post-transition;Bismuth;Bi;Entité;Confirmé officiellement;Numéro atomique 83, masse atomique indicative 208.98;Période 6, groupe 15, état de référence Solide;Naturel, stable, primordial ou trace;Dépend des isotopes;Variable selon réservoir et forme chimique;Non quantifié;https://iupac.org/what-we-do/periodic-table-of-elements/;ENT
MAT-00159;Atomes et éléments;Métal post-transition;Polonium;Po;Entité;Confirmé officiellement;Numéro atomique 84, masse atomique indicative 209.0;Période 6, groupe 16, état de référence Solide;Naturel, stable, primordial ou trace;Dépend des isotopes;Variable selon réservoir et forme chimique;Non quantifié;https://iupac.org/what-we-do/periodic-table-of-elements/;ENT
MAT-00160;Atomes et éléments;Halogène;Astatine;At;Entité;Confirmé officiellement;Numéro atomique 85, masse atomique indicative 210.0;Période 6, groupe 17, état de référence Solide;Naturel, stable, primordial ou trace;Dépend des isotopes;Variable selon réservoir et forme chimique;Non quantifié;https://iupac.org/what-we-do/periodic-table-of-elements/;ENT
MAT-00161;Atomes et éléments;Gaz noble;Radon;Rn;Entité;Confirmé officiellement;Numéro atomique 86, masse atomique indicative 222.0;Période 6, groupe 18, état de référence Gaz;Naturel, stable, primordial ou trace;Dépend des isotopes;Variable selon réservoir et forme chimique;Non quantifié;https://iupac.org/what-we-do/periodic-table-of-elements/;ENT
MAT-00162;Atomes et éléments;Métal alcalin;Francium;Fr;Entité;Confirmé officiellement;Numéro atomique 87, masse atomique indicative 223.0;Période 7, groupe 1, état de référence Solide;Naturel, stable, primordial ou trace;Dépend des isotopes;Variable selon réservoir et forme chimique;Non quantifié;https://iupac.org/what-we-do/periodic-table-of-elements/;ENT
MAT-00163;Atomes et éléments;Métal alcalino-terreux;Radium;Ra;Entité;Confirmé officiellement;Numéro atomique 88, masse atomique indicative 226.0;Période 7, groupe 2, état de référence Solide;Naturel, stable, primordial ou trace;Dépend des isotopes;Variable selon réservoir et forme chimique;Non quantifié;https://iupac.org/what-we-do/periodic-table-of-elements/;ENT
MAT-00164;Atomes et éléments;Actinide;Actinium;Ac;Entité;Confirmé officiellement;Numéro atomique 89, masse atomique indicative 227.0;Période 7, groupe 3, état de référence Solide;Naturel, stable, primordial ou trace;Dépend des isotopes;Variable selon réservoir et forme chimique;Non quantifié;https://iupac.org/what-we-do/periodic-table-of-elements/;ENT
MAT-00165;Atomes et éléments;Actinide;Thorium;Th;Entité;Confirmé officiellement;Numéro atomique 90, masse atomique indicative 232.038;Période 7, groupe Bloc f, état de référence Solide;Naturel, stable, primordial ou trace;Dépend des isotopes;Variable selon réservoir et forme chimique;Non quantifié;https://iupac.org/what-we-do/periodic-table-of-elements/;ENT
MAT-00166;Atomes et éléments;Actinide;Protactinium;Pa;Entité;Confirmé officiellement;Numéro atomique 91, masse atomique indicative 231.036;Période 7, groupe Bloc f, état de référence Solide;Naturel, stable, primordial ou trace;Dépend des isotopes;Variable selon réservoir et forme chimique;Non quantifié;https://iupac.org/what-we-do/periodic-table-of-elements/;ENT
MAT-00167;Atomes et éléments;Actinide;Uranium;U;Entité;Confirmé officiellement;Numéro atomique 92, masse atomique indicative 238.029;Période 7, groupe Bloc f, état de référence Solide;Naturel, stable, primordial ou trace;Dépend des isotopes;Variable selon réservoir et forme chimique;Non quantifié;https://iupac.org/what-we-do/periodic-table-of-elements/;ENT
MAT-00168;Atomes et éléments;Actinide;Neptunium;Np;Entité;Confirmé officiellement;Numéro atomique 93, masse atomique indicative 237.0;Période 7, groupe Bloc f, état de référence Non établi macroscopiquement;Naturel en traces, surtout synthétique;Dépend des isotopes;Variable selon réservoir et forme chimique;Non quantifié;https://iupac.org/what-we-do/periodic-table-of-elements/;ENT
MAT-00169;Atomes et éléments;Actinide;Plutonium;Pu;Entité;Confirmé officiellement;Numéro atomique 94, masse atomique indicative 244.0;Période 7, groupe Bloc f, état de référence Non établi macroscopiquement;Naturel en traces, surtout synthétique;Dépend des isotopes;Variable selon réservoir et forme chimique;Non quantifié;https://iupac.org/what-we-do/periodic-table-of-elements/;ENT
MAT-00170;Atomes et éléments;Actinide;Americium;Am;Entité;Confirmé officiellement;Numéro atomique 95, masse atomique indicative 243.0;Période 7, groupe Bloc f, état de référence Non établi macroscopiquement;Synthétique;Dépend des isotopes;Variable selon réservoir et forme chimique;Non quantifié;https://iupac.org/what-we-do/periodic-table-of-elements/;ENT
MAT-00171;Atomes et éléments;Actinide;Curium;Cm;Entité;Confirmé officiellement;Numéro atomique 96, masse atomique indicative 247.0;Période 7, groupe Bloc f, état de référence Non établi macroscopiquement;Synthétique;Dépend des isotopes;Variable selon réservoir et forme chimique;Non quantifié;https://iupac.org/what-we-do/periodic-table-of-elements/;ENT
MAT-00172;Atomes et éléments;Actinide;Berkelium;Bk;Entité;Confirmé officiellement;Numéro atomique 97, masse atomique indicative 247.0;Période 7, groupe Bloc f, état de référence Non établi macroscopiquement;Synthétique;Dépend des isotopes;Variable selon réservoir et forme chimique;Non quantifié;https://iupac.org/what-we-do/periodic-table-of-elements/;ENT
MAT-00173;Atomes et éléments;Actinide;Californium;Cf;Entité;Confirmé officiellement;Numéro atomique 98, masse atomique indicative 251.0;Période 7, groupe Bloc f, état de référence Non établi macroscopiquement;Synthétique;Dépend des isotopes;Variable selon réservoir et forme chimique;Non quantifié;https://iupac.org/what-we-do/periodic-table-of-elements/;ENT
MAT-00174;Atomes et éléments;Actinide;Einsteinium;Es;Entité;Confirmé officiellement;Numéro atomique 99, masse atomique indicative 252.0;Période 7, groupe Bloc f, état de référence Non établi macroscopiquement;Synthétique;Dépend des isotopes;Variable selon réservoir et forme chimique;Non quantifié;https://iupac.org/what-we-do/periodic-table-of-elements/;ENT
MAT-00175;Atomes et éléments;Actinide;Fermium;Fm;Entité;Confirmé officiellement;Numéro atomique 100, masse atomique indicative 257.0;Période 7, groupe Bloc f, état de référence Non établi macroscopiquement;Synthétique;Dépend des isotopes;Variable selon réservoir et forme chimique;Non quantifié;https://iupac.org/what-we-do/periodic-table-of-elements/;ENT
MAT-00176;Atomes et éléments;Actinide;Mendelevium;Md;Entité;Confirmé officiellement;Numéro atomique 101, masse atomique indicative 258.0;Période 7, groupe Bloc f, état de référence Non établi macroscopiquement;Synthétique;Dépend des isotopes;Variable selon réservoir et forme chimique;Non quantifié;https://iupac.org/what-we-do/periodic-table-of-elements/;ENT
MAT-00177;Atomes et éléments;Actinide;Nobelium;No;Entité;Confirmé officiellement;Numéro atomique 102, masse atomique indicative 259.0;Période 7, groupe Bloc f, état de référence Non établi macroscopiquement;Synthétique;Dépend des isotopes;Variable selon réservoir et forme chimique;Non quantifié;https://iupac.org/what-we-do/periodic-table-of-elements/;ENT
MAT-00178;Atomes et éléments;Actinide;Lawrencium;Lr;Entité;Confirmé officiellement;Numéro atomique 103, masse atomique indicative 262.0;Période 7, groupe Bloc f, état de référence Non établi macroscopiquement;Synthétique;Dépend des isotopes;Variable selon réservoir et forme chimique;Non quantifié;https://iupac.org/what-we-do/periodic-table-of-elements/;ENT
MAT-00179;Atomes et éléments;Métal de transition;Rutherfordium;Rf;Entité;Confirmé officiellement;Numéro atomique 104, masse atomique indicative 267.0;Période 7, groupe 4, état de référence Non établi macroscopiquement;Synthétique;Dépend des isotopes;Variable selon réservoir et forme chimique;Non quantifié;https://iupac.org/what-we-do/periodic-table-of-elements/;ENT
MAT-00180;Atomes et éléments;Métal de transition;Dubnium;Db;Entité;Confirmé officiellement;Numéro atomique 105, masse atomique indicative 268.0;Période 7, groupe 5, état de référence Non établi macroscopiquement;Synthétique;Dépend des isotopes;Variable selon réservoir et forme chimique;Non quantifié;https://iupac.org/what-we-do/periodic-table-of-elements/;ENT
MAT-00181;Atomes et éléments;Métal de transition;Seaborgium;Sg;Entité;Confirmé officiellement;Numéro atomique 106, masse atomique indicative 269.0;Période 7, groupe 6, état de référence Non établi macroscopiquement;Synthétique;Dépend des isotopes;Variable selon réservoir et forme chimique;Non quantifié;https://iupac.org/what-we-do/periodic-table-of-elements/;ENT
MAT-00182;Atomes et éléments;Métal de transition;Bohrium;Bh;Entité;Confirmé officiellement;Numéro atomique 107, masse atomique indicative 270.0;Période 7, groupe 7, état de référence Non établi macroscopiquement;Synthétique;Dépend des isotopes;Variable selon réservoir et forme chimique;Non quantifié;https://iupac.org/what-we-do/periodic-table-of-elements/;ENT
MAT-00183;Atomes et éléments;Métal de transition;Hassium;Hs;Entité;Confirmé officiellement;Numéro atomique 108, masse atomique indicative 269.0;Période 7, groupe 8, état de référence Non établi macroscopiquement;Synthétique;Dépend des isotopes;Variable selon réservoir et forme chimique;Non quantifié;https://iupac.org/what-we-do/periodic-table-of-elements/;ENT
MAT-00184;Atomes et éléments;Métal de transition;Meitnerium;Mt;Entité;Confirmé officiellement;Numéro atomique 109, masse atomique indicative 278.0;Période 7, groupe 9, état de référence Non établi macroscopiquement;Synthétique;Dépend des isotopes;Variable selon réservoir et forme chimique;Non quantifié;https://iupac.org/what-we-do/periodic-table-of-elements/;ENT
MAT-00185;Atomes et éléments;Métal de transition;Darmstadtium;Ds;Entité;Confirmé officiellement;Numéro atomique 110, masse atomique indicative 281.0;Période 7, groupe 10, état de référence Non établi macroscopiquement;Synthétique;Dépend des isotopes;Variable selon réservoir et forme chimique;Non quantifié;https://iupac.org/what-we-do/periodic-table-of-elements/;ENT
MAT-00186;Atomes et éléments;Métal de transition;Roentgenium;Rg;Entité;Confirmé officiellement;Numéro atomique 111, masse atomique indicative 281.0;Période 7, groupe 11, état de référence Non établi macroscopiquement;Synthétique;Dépend des isotopes;Variable selon réservoir et forme chimique;Non quantifié;https://iupac.org/what-we-do/periodic-table-of-elements/;ENT
MAT-00187;Atomes et éléments;Métal de transition;Copernicium;Cn;Entité;Confirmé officiellement;Numéro atomique 112, masse atomique indicative 285.0;Période 7, groupe 12, état de référence Non établi macroscopiquement;Synthétique;Dépend des isotopes;Variable selon réservoir et forme chimique;Non quantifié;https://iupac.org/what-we-do/periodic-table-of-elements/;ENT
MAT-00188;Atomes et éléments;Métal post-transition;Nihonium;Nh;Entité;Confirmé officiellement;Numéro atomique 113, masse atomique indicative 284.0;Période 7, groupe 13, état de référence Non établi macroscopiquement;Synthétique;Dépend des isotopes;Variable selon réservoir et forme chimique;Non quantifié;https://iupac.org/what-we-do/periodic-table-of-elements/;ENT
MAT-00189;Atomes et éléments;Métal post-transition;Flerovium;Fl;Entité;Confirmé officiellement;Numéro atomique 114, masse atomique indicative 289.0;Période 7, groupe 14, état de référence Non établi macroscopiquement;Synthétique;Dépend des isotopes;Variable selon réservoir et forme chimique;Non quantifié;https://iupac.org/what-we-do/periodic-table-of-elements/;ENT
MAT-00190;Atomes et éléments;Métal post-transition;Moscovium;Mc;Entité;Confirmé officiellement;Numéro atomique 115, masse atomique indicative 288.0;Période 7, groupe 15, état de référence Non établi macroscopiquement;Synthétique;Dépend des isotopes;Variable selon réservoir et forme chimique;Non quantifié;https://iupac.org/what-we-do/periodic-table-of-elements/;ENT
MAT-00191;Atomes et éléments;Métal post-transition;Livermorium;Lv;Entité;Confirmé officiellement;Numéro atomique 116, masse atomique indicative 293.0;Période 7, groupe 16, état de référence Non établi macroscopiquement;Synthétique;Dépend des isotopes;Variable selon réservoir et forme chimique;Non quantifié;https://iupac.org/what-we-do/periodic-table-of-elements/;ENT
MAT-00192;Atomes et éléments;Halogène;Tennessine;Ts;Entité;Confirmé officiellement;Numéro atomique 117, masse atomique indicative 292.0;Période 7, groupe 17, état de référence Non établi macroscopiquement;Synthétique;Dépend des isotopes;Variable selon réservoir et forme chimique;Non quantifié;https://iupac.org/what-we-do/periodic-table-of-elements/;ENT
MAT-00193;Atomes et éléments;Gaz noble;Oganesson;Og;Entité;Confirmé officiellement;Numéro atomique 118, masse atomique indicative 294.0;Période 7, groupe 18, état de référence Non établi macroscopiquement;Synthétique;Dépend des isotopes;Variable selon réservoir et forme chimique;Non quantifié;https://iupac.org/what-we-do/periodic-table-of-elements/;ENT
MAT-00194;Molécules et assemblages chimiques;Molécule simple;Hydrogène moléculaire;H2;Entité ou catalogue;Confirmé;Nombre d'atomes ou taille: 2;Gaz moléculaire;Milieu interstellaire, étoiles froides, planètes géantes;Molécule la plus abondante de la matière moléculaire cosmique;Variable selon milieu et concentration;Non quantifié;https://molecules-in.space/;ENT
MAT-00195;Molécules et assemblages chimiques;Molécule simple;Monoxyde de carbone;CO;Entité ou catalogue;Confirmé;Nombre d'atomes ou taille: 2;Gaz;Nuages moléculaires, atmosphères, comètes;Traceur majeur du gaz moléculaire;Variable selon milieu et concentration;Non quantifié;https://molecules-in.space/;ENT
MAT-00196;Molécules et assemblages chimiques;Molécule simple;Azote moléculaire;N2;Entité ou catalogue;Confirmé;Nombre d'atomes ou taille: 2;Gaz;Atmosphères planétaires, glaces, comètes;Molécule homonucléaire;Variable selon milieu et concentration;Non quantifié;https://pubchem.ncbi.nlm.nih.gov/docs/compounds;ENT
MAT-00197;Molécules et assemblages chimiques;Molécule simple;Oxygène moléculaire;O2;Entité ou catalogue;Confirmé;Nombre d'atomes ou taille: 2;Gaz;Atmosphères, biosphères, quelques milieux interstellaires;Oxydant biologique et géochimique;Variable selon milieu et concentration;Non quantifié;https://molecules-in.space/;ENT
MAT-00198;Molécules et assemblages chimiques;Hydrure;Eau;H2O;Entité ou catalogue;Confirmé;Nombre d'atomes ou taille: 3;Gaz, liquide, glaces multiples;Nuages, comètes, planètes, organismes;Molécule structurante de nombreux systèmes;Variable selon milieu et concentration;Non quantifié;https://molecules-in.space/;ENT
MAT-00199;Molécules et assemblages chimiques;Hydrure;Ammoniac;NH3;Entité ou catalogue;Confirmé;Nombre d'atomes ou taille: 4;Gaz, liquide, glace;Nuages, planètes géantes, glaces, biologie;Base et réservoir d'azote;Variable selon milieu et concentration;Non quantifié;https://molecules-in.space/;ENT
MAT-00200;Molécules et assemblages chimiques;Hydrure;Méthane;CH4;Entité ou catalogue;Confirmé;Nombre d'atomes ou taille: 5;Gaz, liquide, glace;Atmosphères, lacs de Titan, nuages, organismes;Hydrocarbure simple;Variable selon milieu et concentration;Non quantifié;https://molecules-in.space/;ENT
MAT-00201;Molécules et assemblages chimiques;Oxyde;Dioxyde de carbone;CO2;Entité ou catalogue;Confirmé;Nombre d'atomes ou taille: 3;Gaz, liquide supercritique, glace;Atmosphères, glaces, volcans, biologie;Réservoir de carbone oxydé;Variable selon milieu et concentration;Non quantifié;https://pubchem.ncbi.nlm.nih.gov/docs/compounds;ENT
MAT-00202;Molécules et assemblages chimiques;Oxyde;Monoxyde de silicium;SiO;Entité ou catalogue;Confirmé;Nombre d'atomes ou taille: 2;Gaz;Enveloppes stellaires, chocs, poussières en formation;Traceur de chocs astrophysiques;Variable selon milieu et concentration;Non quantifié;https://pubchem.ncbi.nlm.nih.gov/docs/compounds;ENT
MAT-00203;Molécules et assemblages chimiques;Oxyde;Dioxyde de soufre;SO2;Entité ou catalogue;Confirmé;Nombre d'atomes ou taille: 3;Gaz, liquide, glace;Volcanisme, atmosphères, milieu interstellaire;Molécule soufrée oxydée;Variable selon milieu et concentration;Non quantifié;https://molecules-in.space/;ENT
MAT-00204;Molécules et assemblages chimiques;Radical;Hydroxyle;OH;Entité ou catalogue;Confirmé;Nombre d'atomes ou taille: 2;Radical;Milieu interstellaire, atmosphères, combustion;Radical très réactif;Variable selon milieu et concentration;Non quantifié;https://molecules-in.space/;ENT
MAT-00205;Molécules et assemblages chimiques;Radical;Méthylidyne;CH;Entité ou catalogue;Confirmé;Nombre d'atomes ou taille: 2;Radical;Milieu interstellaire diffus;Parmi les premières molécules détectées dans l'espace;Variable selon milieu et concentration;Non quantifié;https://molecules-in.space/;ENT
MAT-00206;Molécules et assemblages chimiques;Ion moléculaire;Hydrogène moléculaire ionisé;H2+;Entité ou catalogue;Confirmé;Nombre d'atomes ou taille: 2;Ion;Plasmas, chimie interstellaire;Précurseur de H3+;Variable selon milieu et concentration;Non quantifié;https://molecules-in.space/;ENT
MAT-00207;Molécules et assemblages chimiques;Ion moléculaire;Trihydrogène cation;H3+;Entité ou catalogue;Confirmé;Nombre d'atomes ou taille: 3;Ion;Nuages interstellaires, atmosphères géantes;Ion central de l'astrochimie;Variable selon milieu et concentration;Non quantifié;https://molecules-in.space/;ENT
MAT-00208;Molécules et assemblages chimiques;Ion moléculaire;Formyle cation;HCO+;Entité ou catalogue;Confirmé;Nombre d'atomes ou taille: 3;Ion;Nuages moléculaires;Traceur dense du gaz;Variable selon milieu et concentration;Non quantifié;https://molecules-in.space/;ENT
MAT-00209;Molécules et assemblages chimiques;Nitrile;Cyanure d'hydrogène;HCN;Entité ou catalogue;Confirmé;Nombre d'atomes ou taille: 3;Gaz, liquide;Nuages, comètes, atmosphères, chimie prébiotique;Nitrile simple;Variable selon milieu et concentration;Non quantifié;https://molecules-in.space/;ENT
MAT-00210;Molécules et assemblages chimiques;Isomère;Isocyanure d'hydrogène;HNC;Entité ou catalogue;Confirmé;Nombre d'atomes ou taille: 3;Gaz;Nuages froids;Isomère de HCN;Variable selon milieu et concentration;Non quantifié;https://molecules-in.space/;ENT
MAT-00211;Molécules et assemblages chimiques;Carbonyle;Formaldéhyde;H2CO;Entité ou catalogue;Confirmé;Nombre d'atomes ou taille: 4;Gaz, solution, polymères;Nuages, comètes, biologie, industrie;Intermédiaire chimique important;Variable selon milieu et concentration;Non quantifié;https://molecules-in.space/;ENT
MAT-00212;Molécules et assemblages chimiques;Alcool;Méthanol;CH3OH;Entité ou catalogue;Confirmé;Nombre d'atomes ou taille: 6;Liquide, glace, gaz;Nuages, glaces, comètes, industrie;Molécule organique interstellaire abondante;Variable selon milieu et concentration;Non quantifié;https://molecules-in.space/;ENT
MAT-00213;Molécules et assemblages chimiques;Alcool;Éthanol;C2H5OH;Entité ou catalogue;Confirmé;Nombre d'atomes ou taille: 9;Liquide, gaz;Milieu interstellaire, fermentation, industrie;Alcool biologique et industriel;Variable selon milieu et concentration;Non quantifié;https://molecules-in.space/;ENT
MAT-00214;Molécules et assemblages chimiques;Aldéhyde;Acétaldéhyde;CH3CHO;Entité ou catalogue;Confirmé;Nombre d'atomes ou taille: 7;Liquide, gaz;Nuages, biologie, industrie;Aldéhyde organique;Variable selon milieu et concentration;Non quantifié;https://molecules-in.space/;ENT
MAT-00215;Molécules et assemblages chimiques;Aldéhyde;Lactaldéhyde;C3H6O2;Entité ou catalogue;Détection rapportée en 2026;Nombre d'atomes ou taille: 11;Molécule organique;Milieu interstellaire;Aldéhyde hydroxylé;Variable selon milieu et concentration;Non quantifié;https://molecules-in.space/;ENT
MAT-00216;Molécules et assemblages chimiques;Cétose;Érythrulose;C4H8O4;Entité ou catalogue;Détection rapportée en juillet 2026;Nombre d'atomes ou taille: 16;Molécule organique;Milieu interstellaire;Sucre chiral à quatre carbones;Variable selon milieu et concentration;Non quantifié;https://molecules-in.space/;ENT
MAT-00217;Molécules et assemblages chimiques;Acide carboxylique;Acide formique;HCOOH;Entité ou catalogue;Confirmé;Nombre d'atomes ou taille: 5;Liquide, gaz, glace;Nuages, comètes, biologie;Acide organique simple;Variable selon milieu et concentration;Non quantifié;https://molecules-in.space/;ENT
MAT-00218;Molécules et assemblages chimiques;Acide carboxylique;Acide acétique;CH3COOH;Entité ou catalogue;Confirmé;Nombre d'atomes ou taille: 8;Liquide, gaz;Milieu interstellaire, biologie, industrie;Acide carboxylique;Variable selon milieu et concentration;Non quantifié;https://molecules-in.space/;ENT
MAT-00219;Molécules et assemblages chimiques;Amide;Formamide;NH2CHO;Entité ou catalogue;Confirmé;Nombre d'atomes ou taille: 6;Liquide, gaz;Nuages, comètes, chimie prébiotique;Molécule prébiotique importante;Variable selon milieu et concentration;Non quantifié;https://molecules-in.space/;ENT
MAT-00220;Molécules et assemblages chimiques;Amide;Urée;CO(NH2)2;Entité ou catalogue;Confirmé;Nombre d'atomes ou taille: 8;Solide;Milieu interstellaire, organismes, industrie;Amide biologique;Variable selon milieu et concentration;Non quantifié;https://molecules-in.space/;ENT
MAT-00221;Molécules et assemblages chimiques;Éther;Diméthyléther;CH3OCH3;Entité ou catalogue;Confirmé;Nombre d'atomes ou taille: 9;Gaz, liquide;Nuages moléculaires, industrie;Éther interstellaire abondant;Variable selon milieu et concentration;Non quantifié;https://molecules-in.space/;ENT
MAT-00222;Molécules et assemblages chimiques;Ester;Formiate de méthyle;HCOOCH3;Entité ou catalogue;Confirmé;Nombre d'atomes ou taille: 8;Liquide, gaz;Nuages chauds, industrie;Ester organique;Variable selon milieu et concentration;Non quantifié;https://molecules-in.space/;ENT
MAT-00223;Molécules et assemblages chimiques;Nitrile;Acétonitrile;CH3CN;Entité ou catalogue;Confirmé;Nombre d'atomes ou taille: 6;Liquide, gaz;Nuages, laboratoires, industrie;Nitrile organique;Variable selon milieu et concentration;Non quantifié;https://molecules-in.space/;ENT
MAT-00224;Molécules et assemblages chimiques;Nitrile;Benzonitrile;C6H5CN;Entité ou catalogue;Confirmé;Nombre d'atomes ou taille: 13;Liquide, gaz;Nuages froids, industrie;Molécule aromatique détectée dans l'espace;Variable selon milieu et concentration;Non quantifié;https://molecules-in.space/;ENT
MAT-00225;Molécules et assemblages chimiques;Hydrocarbure;Acétylène;C2H2;Entité ou catalogue;Confirmé;Nombre d'atomes ou taille: 4;Gaz;Atmosphères, enveloppes stellaires, combustion;Hydrocarbure insaturé;Variable selon milieu et concentration;Non quantifié;https://pubchem.ncbi.nlm.nih.gov/docs/compounds;ENT
MAT-00226;Molécules et assemblages chimiques;Hydrocarbure;Éthylène;C2H4;Entité ou catalogue;Confirmé;Nombre d'atomes ou taille: 6;Gaz;Atmosphères, biologie végétale, industrie;Alcène simple;Variable selon milieu et concentration;Non quantifié;https://pubchem.ncbi.nlm.nih.gov/docs/compounds;ENT
MAT-00227;Molécules et assemblages chimiques;Hydrocarbure;Éthane;C2H6;Entité ou catalogue;Confirmé;Nombre d'atomes ou taille: 8;Gaz, liquide;Atmosphères, glaces, industrie;Alcane simple;Variable selon milieu et concentration;Non quantifié;https://pubchem.ncbi.nlm.nih.gov/docs/compounds;ENT
MAT-00228;Molécules et assemblages chimiques;Hydrocarbure aromatique;Benzène;C6H6;Entité ou catalogue;Confirmé;Nombre d'atomes ou taille: 12;Liquide, gaz;Milieu interstellaire, atmosphères, industrie;Cycle aromatique;Variable selon milieu et concentration;Non quantifié;https://molecules-in.space/;ENT
MAT-00229;Molécules et assemblages chimiques;Hydrocarbure aromatique polycyclique;Indène;C9H8;Entité ou catalogue;Confirmé dans le milieu interstellaire;Nombre d'atomes ou taille: 17;Molécule aromatique;Nuages froids, combustion;PAH bicyclique;Variable selon milieu et concentration;Non quantifié;https://molecules-in.space/;ENT
MAT-00230;Molécules et assemblages chimiques;Hydrocarbure aromatique polycyclique;Phénalène;C13H10;Entité ou catalogue;Confirmé en 2025;Nombre d'atomes ou taille: 23;Molécule aromatique;Milieu interstellaire;PAH à trois cycles;Variable selon milieu et concentration;Non quantifié;https://molecules-in.space/;ENT
MAT-00231;Molécules et assemblages chimiques;Hydrocarbure aromatique polycyclique;Cyanocoronène;C24H11CN;Entité ou catalogue;Confirmé en 2025;Nombre d'atomes ou taille: 36;Molécule aromatique;Milieu interstellaire;Grand PAH nitrilé;Variable selon milieu et concentration;Non quantifié;https://molecules-in.space/;ENT
MAT-00232;Molécules et assemblages chimiques;Fullerène;Buckminsterfullerène;C60;Entité ou catalogue;Confirmé;Nombre d'atomes ou taille: 60;Cage carbonée;Nébuleuses, solides carbonés, laboratoire;Allotrope moléculaire du carbone;Variable selon milieu et concentration;Non quantifié;https://pubchem.ncbi.nlm.nih.gov/docs/compounds;ENT
MAT-00233;Molécules et assemblages chimiques;Fullerène;Fullerène C70;C70;Entité ou catalogue;Confirmé;Nombre d'atomes ou taille: 70;Cage carbonée;Nébuleuses, laboratoire;Allotrope moléculaire du carbone;Variable selon milieu et concentration;Non quantifié;https://pubchem.ncbi.nlm.nih.gov/docs/compounds;ENT
MAT-00234;Molécules et assemblages chimiques;Cycle oxygéné;Oxyde de propylène;C3H6O;Entité ou catalogue;Confirmé;Nombre d'atomes ou taille: 10;Liquide, gaz;Milieu interstellaire, industrie;Première molécule chirale détectée dans l'espace;Variable selon milieu et concentration;Non quantifié;https://molecules-in.space/;ENT
MAT-00235;Molécules et assemblages chimiques;Sucre;Glycolaldéhyde;HOCH2CHO;Entité ou catalogue;Confirmé;Nombre d'atomes ou taille: 8;Solide ou liquide, gaz;Nuages, météorites, chimie prébiotique;Sucre simple;Variable selon milieu et concentration;Non quantifié;https://molecules-in.space/;ENT
MAT-00236;Molécules et assemblages chimiques;Polyol;Éthylène glycol;HOCH2CH2OH;Entité ou catalogue;Confirmé;Nombre d'atomes ou taille: 10;Liquide, glace, gaz;Nuages, comètes, industrie;Diol organique;Variable selon milieu et concentration;Non quantifié;https://molecules-in.space/;ENT
MAT-00237;Molécules et assemblages chimiques;Acide aminé;Glycine;NH2CH2COOH;Entité ou catalogue;Confirmé hors détection interstellaire incontestable;Nombre d'atomes ou taille: 10;Solide, solution;Météorites, organismes, laboratoire;Acide aminé le plus simple;Variable selon milieu et concentration;Non quantifié;https://pubchem.ncbi.nlm.nih.gov/docs/compounds;ENT
MAT-00238;Molécules et assemblages chimiques;Acide aminé;Alanine;C3H7NO2;Entité ou catalogue;Confirmé;Nombre d'atomes ou taille: 13;Solide, solution;Organismes, météorites, laboratoire;Acide aminé protéinogène;Variable selon milieu et concentration;Non quantifié;https://pubchem.ncbi.nlm.nih.gov/docs/compounds;ENT
MAT-00239;Molécules et assemblages chimiques;Base azotée;Adénine;C5H5N5;Entité ou catalogue;Confirmé;Nombre d'atomes ou taille: 15;Solide;Organismes, météorites, laboratoire;Base de l'ADN et de l'ARN;Variable selon milieu et concentration;Non quantifié;https://pubchem.ncbi.nlm.nih.gov/docs/compounds;ENT
MAT-00240;Molécules et assemblages chimiques;Base azotée;Guanine;C5H5N5O;Entité ou catalogue;Confirmé;Nombre d'atomes ou taille: 16;Solide;Organismes, météorites, laboratoire;Base de l'ADN et de l'ARN;Variable selon milieu et concentration;Non quantifié;https://pubchem.ncbi.nlm.nih.gov/docs/compounds;ENT
MAT-00241;Molécules et assemblages chimiques;Base azotée;Cytosine;C4H5N3O;Entité ou catalogue;Confirmé;Nombre d'atomes ou taille: 13;Solide;Organismes, laboratoire;Base de l'ADN et de l'ARN;Variable selon milieu et concentration;Non quantifié;https://pubchem.ncbi.nlm.nih.gov/docs/compounds;ENT
MAT-00242;Molécules et assemblages chimiques;Base azotée;Thymine;C5H6N2O2;Entité ou catalogue;Confirmé;Nombre d'atomes ou taille: 15;Solide;Organismes, laboratoire;Base de l'ADN;Variable selon milieu et concentration;Non quantifié;https://pubchem.ncbi.nlm.nih.gov/docs/compounds;ENT
MAT-00243;Molécules et assemblages chimiques;Base azotée;Uracile;C4H4N2O2;Entité ou catalogue;Confirmé;Nombre d'atomes ou taille: 12;Solide;Organismes, météorites, laboratoire;Base de l'ARN;Variable selon milieu et concentration;Non quantifié;https://pubchem.ncbi.nlm.nih.gov/docs/compounds;ENT
MAT-00244;Molécules et assemblages chimiques;Nucléoside;Ribose-adénosine;C10H13N5O4;Entité ou catalogue;Confirmé;Nombre d'atomes ou taille: 32;Molécule biologique;Cellules;Nucléoside de l'ARN;Variable selon milieu et concentration;Non quantifié;https://pubchem.ncbi.nlm.nih.gov/docs/compounds;ENT
MAT-00245;Molécules et assemblages chimiques;Nucléotide;ATP;C10H16N5O13P3;Entité ou catalogue;Confirmé;Nombre d'atomes ou taille: 47;Ion et complexe hydraté;Cellules;Vecteur énergétique biologique;Variable selon milieu et concentration;Non quantifié;https://pubchem.ncbi.nlm.nih.gov/docs/compounds;ENT
MAT-00246;Molécules et assemblages chimiques;Polymère biologique;ADN;polymère de désoxyribonucléotides;Entité ou catalogue;Confirmé;Nombre d'atomes ou taille: Variable;Double hélice et autres conformations;Cellules, virus, laboratoire;Support héréditaire;Variable selon milieu et concentration;Non quantifié;https://pubchem.ncbi.nlm.nih.gov/docs/compounds;ENT
MAT-00247;Molécules et assemblages chimiques;Polymère biologique;ARN;polymère de ribonucléotides;Entité ou catalogue;Confirmé;Nombre d'atomes ou taille: Variable;Chaînes repliées;Cellules, virus, laboratoire;Information, catalyse, régulation;Variable selon milieu et concentration;Non quantifié;https://pubchem.ncbi.nlm.nih.gov/docs/compounds;ENT
MAT-00248;Molécules et assemblages chimiques;Polymère biologique;Protéines;polymères d'acides aminés;Entité ou catalogue;Confirmé;Nombre d'atomes ou taille: Variable;Structures primaire à quaternaire;Cellules, tissus, virus;Machines et structures biologiques;Variable selon milieu et concentration;Non quantifié;https://pubchem.ncbi.nlm.nih.gov/docs/compounds;ENT
MAT-00249;Molécules et assemblages chimiques;Lipide;Phospholipides;divers;Entité ou catalogue;Confirmé;Nombre d'atomes ou taille: Variable;Bicouches, micelles;Membranes biologiques;Frontières compartimentaires;Variable selon milieu et concentration;Non quantifié;https://pubchem.ncbi.nlm.nih.gov/docs/compounds;ENT
MAT-00250;Molécules et assemblages chimiques;Glucide;Cellulose;(C6H10O5)n;Entité ou catalogue;Confirmé;Nombre d'atomes ou taille: Variable;Fibrilles cristallines et amorphes;Plantes, biomatériaux;Polymère biologique structural;Variable selon milieu et concentration;Non quantifié;https://pubchem.ncbi.nlm.nih.gov/docs/compounds;ENT
MAT-00251;Molécules et assemblages chimiques;Glucide;Chitine;(C8H13O5N)n;Entité ou catalogue;Confirmé;Nombre d'atomes ou taille: Variable;Fibrilles;Arthropodes, champignons;Polymère biologique structural;Variable selon milieu et concentration;Non quantifié;https://pubchem.ncbi.nlm.nih.gov/docs/compounds;ENT
MAT-00252;Molécules et assemblages chimiques;Pigment biologique;Chlorophylle a;C55H72MgN4O5;Entité ou catalogue;Confirmé;Nombre d'atomes ou taille: 137;Complexe organomagnésien;Organismes photosynthétiques;Capture de lumière;Variable selon milieu et concentration;Non quantifié;https://pubchem.ncbi.nlm.nih.gov/docs/compounds;ENT
MAT-00253;Molécules et assemblages chimiques;Cofacteur;Hème b;C34H32FeN4O4;Entité ou catalogue;Confirmé;Nombre d'atomes ou taille: 75;Complexe organométallique;Protéines, organismes;Transport d'électrons et d'oxygène;Variable selon milieu et concentration;Non quantifié;https://pubchem.ncbi.nlm.nih.gov/docs/compounds;ENT
MAT-00254;Molécules et assemblages chimiques;Polymère synthétique;Polyéthylène;(C2H4)n;Entité ou catalogue;Confirmé;Nombre d'atomes ou taille: Variable;Solide semi-cristallin;Technosphère;Polymère industriel;Variable selon milieu et concentration;Non quantifié;https://pubchem.ncbi.nlm.nih.gov/docs/compounds;ENT
MAT-00255;Molécules et assemblages chimiques;Polymère synthétique;Polypropylène;(C3H6)n;Entité ou catalogue;Confirmé;Nombre d'atomes ou taille: Variable;Solide semi-cristallin;Technosphère;Polymère industriel;Variable selon milieu et concentration;Non quantifié;https://pubchem.ncbi.nlm.nih.gov/docs/compounds;ENT
MAT-00256;Molécules et assemblages chimiques;Polymère synthétique;PVC;(C2H3Cl)n;Entité ou catalogue;Confirmé;Nombre d'atomes ou taille: Variable;Solide amorphe ou semi-cristallin;Technosphère;Polymère chloré;Variable selon milieu et concentration;Non quantifié;https://pubchem.ncbi.nlm.nih.gov/docs/compounds;ENT
MAT-00257;Molécules et assemblages chimiques;Polymère synthétique;PET;(C10H8O4)n;Entité ou catalogue;Confirmé;Nombre d'atomes ou taille: Variable;Solide semi-cristallin;Technosphère;Polyester industriel;Variable selon milieu et concentration;Non quantifié;https://pubchem.ncbi.nlm.nih.gov/docs/compounds;ENT
MAT-00258;Molécules et assemblages chimiques;Polymère synthétique;PTFE;(C2F4)n;Entité ou catalogue;Confirmé;Nombre d'atomes ou taille: Variable;Solide cristallin;Technosphère;Polymère fluoré;Variable selon milieu et concentration;Non quantifié;https://pubchem.ncbi.nlm.nih.gov/docs/compounds;ENT
MAT-00259;Molécules et assemblages chimiques;Réseau covalent;Diamant;C;Entité ou catalogue;Confirmé;Nombre d'atomes ou taille: Variable;Cristal covalent;Planètes, météorites, laboratoire;Allotrope du carbone;Variable selon milieu et concentration;Non quantifié;https://pubchem.ncbi.nlm.nih.gov/docs/compounds;ENT
MAT-00260;Molécules et assemblages chimiques;Réseau covalent;Graphite;C;Entité ou catalogue;Confirmé;Nombre d'atomes ou taille: Variable;Feuillets graphitiques;Planètes, poussières, laboratoire;Allotrope du carbone;Variable selon milieu et concentration;Non quantifié;https://pubchem.ncbi.nlm.nih.gov/docs/compounds;ENT
MAT-00261;Molécules et assemblages chimiques;Réseau covalent;Silice;SiO2;Entité ou catalogue;Confirmé;Nombre d'atomes ou taille: Variable;Quartz, verre, polymorphes;Roches, poussières, technosphère;Réseau minéral majeur;Variable selon milieu et concentration;Non quantifié;https://pubchem.ncbi.nlm.nih.gov/docs/compounds;ENT
MAT-00262;Molécules et assemblages chimiques;Catalogue dynamique;Molécules interstellaires observées;divers;Entité ou catalogue;352 espèces recensées au 16 juillet 2026;Nombre d'atomes ou taille: 2 à plus de 70 atomes;Gaz, glaces, grains;Milieu interstellaire et circumstellaire;Registre ouvert, statut de chaque détection à vérifier;Variable selon milieu et concentration;Non quantifié;https://molecules-in.space/;ENT
MAT-00263;Molécules et assemblages chimiques;Catalogue dynamique;Structures chimiques PubChem;divers;Entité ou catalogue;Catalogue ouvert;Nombre d'atomes ou taille: Variable;Toutes classes chimiques;Laboratoires, nature, industrie;Le nombre de structures dépasse toute liste fermée;Variable selon milieu et concentration;Non quantifié;https://pubchem.ncbi.nlm.nih.gov/docs/compounds;ENT
MAT-00264;États et phases;Phase classique;Solide cristallin;;Phase;Confirmé;Ordre périodique à longue portée;Température et pression compatibles avec le réseau;Minéraux, métaux, glaces;Dépend du domaine de stabilité;Accessible si les conditions sont réalisables;Non quantifié;https://pubchem.ncbi.nlm.nih.gov/docs/compounds;PHA
MAT-00265;États et phases;Phase classique;Solide amorphe;;Phase;Confirmé;Absence d'ordre périodique à longue portée;Refroidissement rapide ou frustration structurale;Verres, poussières, polymères;Dépend du domaine de stabilité;Accessible si les conditions sont réalisables;Non quantifié;https://pubchem.ncbi.nlm.nih.gov/docs/compounds;PHA
MAT-00266;États et phases;Phase classique;Verre;;Phase;Confirmé;Solide amorphe hors équilibre;Refroidissement sous la température de transition vitreuse;Silicates, polymères, glaces amorphes;Dépend du domaine de stabilité;Accessible si les conditions sont réalisables;Non quantifié;https://pubchem.ncbi.nlm.nih.gov/docs/compounds;PHA
MAT-00267;États et phases;Phase classique;Liquide;;Phase;Confirmé;Ordre local et écoulement;Entre fusion et vaporisation selon pression;Océans, magmas, fluides industriels;Dépend du domaine de stabilité;Accessible si les conditions sont réalisables;Non quantifié;https://pubchem.ncbi.nlm.nih.gov/docs/compounds;PHA
MAT-00268;États et phases;Phase classique;Gaz;;Phase;Confirmé;Particules faiblement liées;Faible densité ou haute température;Atmosphères, milieu interstellaire;Dépend du domaine de stabilité;Accessible si les conditions sont réalisables;Non quantifié;https://pubchem.ncbi.nlm.nih.gov/docs/compounds;PHA
MAT-00269;États et phases;Phase ionisée;Plasma thermique;;Phase;Confirmé;Ions et électrons quasi libres proches d'un équilibre thermique;Haute température;Étoiles, arcs, foudre;Dépend du domaine de stabilité;Accessible si les conditions sont réalisables;Non quantifié;https://pubchem.ncbi.nlm.nih.gov/docs/compounds;PHA
MAT-00270;États et phases;Phase ionisée;Plasma non thermique;;Phase;Confirmé;Électrons plus énergétiques que les espèces lourdes;Décharges, rayonnement, faibles densités;Ionosphères, laboratoires;Dépend du domaine de stabilité;Accessible si les conditions sont réalisables;Non quantifié;https://pubchem.ncbi.nlm.nih.gov/docs/compounds;PHA
MAT-00271;États et phases;Phase supercritique;Fluide supercritique;;Phase;Confirmé;Continuité entre liquide et gaz au-delà du point critique;Température et pression supérieures au point critique;Intérieurs planétaires, procédés industriels;Dépend du domaine de stabilité;Accessible si les conditions sont réalisables;Non quantifié;https://pubchem.ncbi.nlm.nih.gov/docs/compounds;PHA
MAT-00272;États et phases;Mesophase;Cristal liquide nématique;;Phase;Confirmé;Orientation collective sans ordre positionnel complet;Fenêtre de température et composition;Matériaux organiques, écrans;Dépend du domaine de stabilité;Accessible si les conditions sont réalisables;Non quantifié;https://pubchem.ncbi.nlm.nih.gov/docs/compounds;PHA
MAT-00273;États et phases;Mesophase;Cristal liquide smectique;;Phase;Confirmé;Couches avec ordre orienté;Fenêtre thermodynamique;Matériaux organiques;Dépend du domaine de stabilité;Accessible si les conditions sont réalisables;Non quantifié;https://pubchem.ncbi.nlm.nih.gov/docs/compounds;PHA
MAT-00274;États et phases;Mesophase;Phase cholestérique;;Phase;Confirmé;Ordre nématique hélicoïdal;Molécules chirales;Biomatériaux, écrans;Dépend du domaine de stabilité;Accessible si les conditions sont réalisables;Non quantifié;https://pubchem.ncbi.nlm.nih.gov/docs/compounds;PHA
MAT-00275;États et phases;Mesophase;Cristal plastique;;Phase;Confirmé;Ordre positionnel avec rotations moléculaires;Température intermédiaire;Solides moléculaires;Dépend du domaine de stabilité;Accessible si les conditions sont réalisables;Non quantifié;https://pubchem.ncbi.nlm.nih.gov/docs/compounds;PHA
MAT-00276;États et phases;Phase granulaire;Matière granulaire dense;;Phase;Confirmé;Grains en contacts dissipatifs;Confinement et contrainte;Sables, régolithes, poudres;Dépend du domaine de stabilité;Accessible si les conditions sont réalisables;Non quantifié;https://pubchem.ncbi.nlm.nih.gov/docs/compounds;PHA
MAT-00277;États et phases;Phase granulaire;État bloqué ou jammé;;Phase;Confirmé;Réseau de contacts porteur de contrainte;Densité ou charge suffisante;Poudres, mousses, suspensions;Dépend du domaine de stabilité;Accessible si les conditions sont réalisables;Non quantifié;https://pubchem.ncbi.nlm.nih.gov/docs/compounds;PHA
MAT-00278;États et phases;Phase dispersée;Colloïde;;Phase;Confirmé;Particules mésoscopiques dispersées;Solvant, interactions de surface;Aérosols, sols, cellules;Dépend du domaine de stabilité;Accessible si les conditions sont réalisables;Non quantifié;https://pubchem.ncbi.nlm.nih.gov/docs/compounds;PHA
MAT-00279;États et phases;Phase dispersée;Gel;;Phase;Confirmé;Réseau percolant emprisonnant un fluide;Réticulation physique ou chimique;Biologie, aliments, matériaux;Dépend du domaine de stabilité;Accessible si les conditions sont réalisables;Non quantifié;https://pubchem.ncbi.nlm.nih.gov/docs/compounds;PHA
MAT-00280;États et phases;Phase dispersée;Mousse;;Phase;Confirmé;Bulles séparées par des films;Gaz dispersé dans liquide ou solide;Océans, volcans, matériaux;Dépend du domaine de stabilité;Accessible si les conditions sont réalisables;Non quantifié;https://pubchem.ncbi.nlm.nih.gov/docs/compounds;PHA
MAT-00281;États et phases;Phase dispersée;Émulsion;;Phase;Confirmé;Liquide dispersé dans un autre liquide;Tensioactifs ou agitation;Biologie, aliments, industrie;Dépend du domaine de stabilité;Accessible si les conditions sont réalisables;Non quantifié;https://pubchem.ncbi.nlm.nih.gov/docs/compounds;PHA
MAT-00282;États et phases;Phase magnétique;Ferromagnétique;;Phase;Confirmé;Aimantation spontanée parallèle;Sous température de Curie;Fer, cobalt, nickel, alliages;Dépend du domaine de stabilité;Accessible si les conditions sont réalisables;Non quantifié;https://pubchem.ncbi.nlm.nih.gov/docs/compounds;PHA
MAT-00283;États et phases;Phase magnétique;Antiferromagnétique;;Phase;Confirmé;Moments opposés compensés;Sous température de Néel;Oxydes et solides corrélés;Dépend du domaine de stabilité;Accessible si les conditions sont réalisables;Non quantifié;https://pubchem.ncbi.nlm.nih.gov/docs/compounds;PHA
MAT-00284;États et phases;Phase magnétique;Ferrimagnétique;;Phase;Confirmé;Moments opposés non compensés;Sous température critique;Magnétite, ferrites;Dépend du domaine de stabilité;Accessible si les conditions sont réalisables;Non quantifié;https://pubchem.ncbi.nlm.nih.gov/docs/compounds;PHA
MAT-00285;États et phases;Phase magnétique;Verre de spin;;Phase;Confirmé;Moments gelés désordonnés;Frustration et basse température;Alliages désordonnés;Dépend du domaine de stabilité;Accessible si les conditions sont réalisables;Non quantifié;https://pubchem.ncbi.nlm.nih.gov/docs/compounds;PHA
MAT-00286;États et phases;Phase électronique;Métal conducteur;;Phase;Confirmé;États électroniques délocalisés;Bande partiellement remplie;Métaux, plasmas denses;Dépend du domaine de stabilité;Accessible si les conditions sont réalisables;Non quantifié;https://pubchem.ncbi.nlm.nih.gov/docs/compounds;PHA
MAT-00287;États et phases;Phase électronique;Semi-conducteur;;Phase;Confirmé;Petit gap électronique;Composition et dopage;Silicium, GaAs, oxydes;Dépend du domaine de stabilité;Accessible si les conditions sont réalisables;Non quantifié;https://pubchem.ncbi.nlm.nih.gov/docs/compounds;PHA
MAT-00288;États et phases;Phase électronique;Isolant de bande;;Phase;Confirmé;Bande de valence pleine et gap élevé;Structure électronique;Cristaux ioniques et covalents;Dépend du domaine de stabilité;Accessible si les conditions sont réalisables;Non quantifié;https://pubchem.ncbi.nlm.nih.gov/docs/compounds;PHA
MAT-00289;États et phases;Phase électronique;Isolant de Mott;;Phase;Confirmé;Localisation due aux corrélations;Interaction électronique forte;Oxydes de métaux de transition;Dépend du domaine de stabilité;Accessible si les conditions sont réalisables;Non quantifié;https://pubchem.ncbi.nlm.nih.gov/docs/compounds;PHA
MAT-00290;États et phases;Phase quantique;Supraconducteur type I;;Phase;Confirmé;Résistance nulle et expulsion du champ;Sous température critique;Métaux purs;Dépend du domaine de stabilité;Accessible si les conditions sont réalisables;Non quantifié;https://pubchem.ncbi.nlm.nih.gov/docs/compounds;PHA
MAT-00291;États et phases;Phase quantique;Supraconducteur type II;;Phase;Confirmé;Vortex quantifiés entre deux champs critiques;Basse température ou haute pression;Alliages, cuprates, hydrures;Dépend du domaine de stabilité;Accessible si les conditions sont réalisables;Non quantifié;https://pubchem.ncbi.nlm.nih.gov/docs/compounds;PHA
MAT-00292;États et phases;Phase quantique;Superfluide hélium 4;;Phase;Confirmé;Écoulement sans viscosité classique;Sous le point lambda;Hélium liquide;Dépend du domaine de stabilité;Accessible si les conditions sont réalisables;Non quantifié;https://pubchem.ncbi.nlm.nih.gov/docs/compounds;PHA
MAT-00293;États et phases;Phase quantique;Superfluide hélium 3;;Phase;Confirmé;Appariement fermionique;Très basse température;Hélium 3 liquide;Dépend du domaine de stabilité;Accessible si les conditions sont réalisables;Non quantifié;https://pubchem.ncbi.nlm.nih.gov/docs/compounds;PHA
MAT-00294;États et phases;Phase quantique;Condensat de Bose-Einstein;;Phase;Confirmé;Occupation macroscopique d'un état quantique;Gaz bosonique ultrafroid;Laboratoires;Dépend du domaine de stabilité;Accessible si les conditions sont réalisables;Non quantifié;https://pubchem.ncbi.nlm.nih.gov/docs/compounds;PHA
MAT-00295;États et phases;Phase quantique;Condensat fermionique;;Phase;Confirmé;Paires de fermions condensées;Gaz ultrafroid;Laboratoires;Dépend du domaine de stabilité;Accessible si les conditions sont réalisables;Non quantifié;https://pubchem.ncbi.nlm.nih.gov/docs/compounds;PHA
MAT-00296;États et phases;Phase quantique;Supersolide;;Phase;Confirmé dans certains systèmes artificiels;Ordre cristallin avec cohérence superfluide;Systèmes ultrafroids ou candidats solides;Laboratoires;Dépend du domaine de stabilité;Accessible si les conditions sont réalisables;Non quantifié;https://pubchem.ncbi.nlm.nih.gov/docs/compounds;PHA
MAT-00297;États et phases;Phase quantique;Liquide de spin quantique;;Phase;Fortement soutenu, identification dépend du matériau;Ordre magnétique absent avec intrication durable;Frustration quantique;Matériaux candidats;Dépend du domaine de stabilité;Accessible si les conditions sont réalisables;Non quantifié;https://pubchem.ncbi.nlm.nih.gov/docs/compounds;PHA
MAT-00298;États et phases;Phase topologique;Isolant topologique;;Phase;Confirmé;Intérieur isolant, états de bord conducteurs;Inversion de bandes et symétrie;Cristaux et couches minces;Dépend du domaine de stabilité;Accessible si les conditions sont réalisables;Non quantifié;https://pubchem.ncbi.nlm.nih.gov/docs/compounds;PHA
MAT-00299;États et phases;Phase topologique;Semi-métal de Weyl;;Phase;Confirmé;Nœuds de Weyl dans la structure de bandes;Symétries adaptées;Cristaux quantiques;Dépend du domaine de stabilité;Accessible si les conditions sont réalisables;Non quantifié;https://pubchem.ncbi.nlm.nih.gov/docs/compounds;PHA
MAT-00300;États et phases;Phase topologique;État Hall quantique entier;;Phase;Confirmé;Conductance transverse quantifiée;Deux dimensions, champ magnétique, basse température;Hétérostructures;Dépend du domaine de stabilité;Accessible si les conditions sont réalisables;Non quantifié;https://pubchem.ncbi.nlm.nih.gov/docs/compounds;PHA
MAT-00301;États et phases;Phase topologique;État Hall quantique fractionnaire;;Phase;Confirmé;Excitations fractionnaires et ordre topologique;Deux dimensions, champ élevé;Hétérostructures;Dépend du domaine de stabilité;Accessible si les conditions sont réalisables;Non quantifié;https://pubchem.ncbi.nlm.nih.gov/docs/compounds;PHA
MAT-00302;États et phases;Phase hors équilibre;Cristal temporel discret;;Phase;Confirmé expérimentalement;Réponse périodique plus lente que l'excitation;Système périodiquement forcé et isolé ou préthermalisé;Systèmes quantiques contrôlés;Dépend du domaine de stabilité;Accessible si les conditions sont réalisables;Non quantifié;https://pubchem.ncbi.nlm.nih.gov/docs/compounds;PHA
MAT-00303;États et phases;Phase hors équilibre;État actif;;Phase;Confirmé;Constituants consommant de l'énergie pour se mouvoir;Flux d'énergie continu;Cellules, colonies, matière active synthétique;Dépend du domaine de stabilité;Accessible si les conditions sont réalisables;Non quantifié;https://pubchem.ncbi.nlm.nih.gov/docs/compounds;PHA
MAT-00304;États et phases;Phase nucléaire;Matière nucléaire saturée;;Phase;Confirmé;Nucléons liés à densité nucléaire;Noyaux atomiques;Noyaux;Dépend du domaine de stabilité;Accessible si les conditions sont réalisables;Non quantifié;https://pdg.lbl.gov/;PHA
MAT-00305;États et phases;Phase nucléaire;Matière dégénérée électronique;;Phase;Inféré astrophysiquement et fondé théoriquement;Pression de Fermi des électrons dominante;Très haute densité;Naines blanches, cœurs stellaires;Dépend du domaine de stabilité;Accessible si les conditions sont réalisables;Non quantifié;https://pdg.lbl.gov/;PHA
MAT-00306;États et phases;Phase nucléaire;Matière neutronique dégénérée;;Phase;Inféré astrophysiquement;Neutrons dominants à densité extrême;Après effondrement stellaire;Étoiles à neutrons;Dépend du domaine de stabilité;Accessible si les conditions sont réalisables;Non quantifié;https://pdg.lbl.gov/;PHA
MAT-00307;États et phases;Phase nucléaire;Pâtes nucléaires;;Phase;Prédit fortement, indices indirects;Structures nucléaires en feuilles, tubes ou amas;Densité sous-nucléaire élevée;Croûtes d'étoiles à neutrons;Dépend du domaine de stabilité;Accessible si les conditions sont réalisables;Non quantifié;https://pdg.lbl.gov/;PHA
MAT-00308;États et phases;Phase haute énergie;Plasma quarks-gluons;;Phase;Confirmé expérimentalement comme état collectif;Quarks et gluons déconfinés collectivement;Température ou densité extrême;Univers primordial, collisions d'ions lourds;Dépend du domaine de stabilité;Accessible si les conditions sont réalisables;Non quantifié;https://pdg.lbl.gov/;PHA
MAT-00309;États et phases;Phase haute énergie;Condensat de verre de couleur;;Phase;Cadre effectif soutenu, statut de phase discuté;Régime dense de gluons à petit x;Très haute énergie;Noyaux relativistes;Dépend du domaine de stabilité;Accessible si les conditions sont réalisables;Non quantifié;https://pdg.lbl.gov/;PHA
MAT-00310;États et phases;Phase hypothétique;Matière de quarks étranges;;Phase;Hypothétique;Quarks u, d, s déconfinés et stables ou métastables;Très haute densité;Cœurs d'étoiles compactes possibles;Dépend du domaine de stabilité;Accessible si les conditions sont réalisables;Non quantifié;https://pubchem.ncbi.nlm.nih.gov/docs/compounds;PHA
MAT-00311;États et phases;Phase hypothétique;Supraconductivité de couleur;;Phase;Hypothétique;Paires de quarks;Très haute densité et basse température relative;Cœurs d'étoiles compactes possibles;Dépend du domaine de stabilité;Accessible si les conditions sont réalisables;Non quantifié;https://pubchem.ncbi.nlm.nih.gov/docs/compounds;PHA
MAT-00312;États et phases;Phase haute pression;Glace VII;;Phase;Confirmé;Réseau cubique de glace dense;Pressions gigapascals;Intérieurs planétaires, inclusions profondes;Dépend du domaine de stabilité;Accessible si les conditions sont réalisables;Non quantifié;https://pubchem.ncbi.nlm.nih.gov/docs/compounds;PHA
MAT-00313;États et phases;Phase haute pression;Glace X;;Phase;Confirmé en laboratoire;Glace symétrisée par liaisons hydrogène;Très haute pression;Intérieurs planétaires;Dépend du domaine de stabilité;Accessible si les conditions sont réalisables;Non quantifié;https://pubchem.ncbi.nlm.nih.gov/docs/compounds;PHA
MAT-00314;États et phases;Phase haute pression;Eau superionique;;Phase;Confirmé en laboratoire, inféré planétairement;Oxygènes en réseau, protons mobiles;Haute pression et température;Intérieurs de géantes glacées;Dépend du domaine de stabilité;Accessible si les conditions sont réalisables;Non quantifié;https://pubchem.ncbi.nlm.nih.gov/docs/compounds;PHA
MAT-00315;États et phases;Phase haute pression;Hydrogène métallique;;Phase;Fortement inféré, production statique controversée;Hydrogène conducteur métallique;Pression extrême;Intérieurs de Jupiter et Saturne;Dépend du domaine de stabilité;Accessible si les conditions sont réalisables;Non quantifié;https://pubchem.ncbi.nlm.nih.gov/docs/compounds;PHA
MAT-00316;États et phases;Phase haute pression;Hélium métallique;;Phase;Prédit et partiellement contraint;Hélium ionisé ou conducteur sous conditions extrêmes;Pression et température extrêmes;Intérieurs stellaires ou planétaires;Dépend du domaine de stabilité;Accessible si les conditions sont réalisables;Non quantifié;https://pubchem.ncbi.nlm.nih.gov/docs/compounds;PHA
MAT-00317;Matériaux et minéraux;Minéral, élément natif;Or;Au;Entité ou catalogue;Confirmé;Au;Cristal métallique;Veines hydrothermales, placers, météorites;Métal natif dense et noble;Variable selon gisement, pureté et localisation;Non quantifié;https://www.rruff.net/ima-mineral-list/;MAT
MAT-00318;Matériaux et minéraux;Minéral, élément natif;Cuivre natif;Cu;Entité ou catalogue;Confirmé;Cu;Cristal métallique;Gisements hydrothermaux, basaltes;Métal natif conducteur;Variable selon gisement, pureté et localisation;Non quantifié;https://www.rruff.net/ima-mineral-list/;MAT
MAT-00319;Matériaux et minéraux;Minéral, élément natif;Fer natif;Fe;Entité ou catalogue;Confirmé;Fe;Cristal métallique;Rare sur Terre, météorites;Souvent allié au nickel;Variable selon gisement, pureté et localisation;Non quantifié;https://www.rruff.net/ima-mineral-list/;MAT
MAT-00320;Matériaux et minéraux;Minéral, élément natif;Soufre natif;S;Entité ou catalogue;Confirmé;S;Cristal moléculaire;Volcans, évaporites;Élément natif non métallique;Variable selon gisement, pureté et localisation;Non quantifié;https://www.rruff.net/ima-mineral-list/;MAT
MAT-00321;Matériaux et minéraux;Minéral, carbone;Diamant;C;Entité ou catalogue;Confirmé;C;Réseau cubique covalent;Manteau, météorites, laboratoire;Très haute dureté;Variable selon gisement, pureté et localisation;Non quantifié;https://www.rruff.net/ima-mineral-list/;MAT
MAT-00322;Matériaux et minéraux;Minéral, carbone;Graphite;C;Entité ou catalogue;Confirmé;C;Feuillets hexagonaux;Roches métamorphiques, météorites;Conducteur anisotrope;Variable selon gisement, pureté et localisation;Non quantifié;https://www.rruff.net/ima-mineral-list/;MAT
MAT-00323;Matériaux et minéraux;Sulfure;Pyrite;FeS2;Entité ou catalogue;Confirmé;FeS2;Cristal cubique;Roches, veines, sédiments;Sulfure de fer fréquent;Variable selon gisement, pureté et localisation;Non quantifié;https://www.rruff.net/ima-mineral-list/;MAT
MAT-00324;Matériaux et minéraux;Sulfure;Galène;PbS;Entité ou catalogue;Confirmé;PbS;Cristal cubique;Gisements hydrothermaux;Minerai principal du plomb;Variable selon gisement, pureté et localisation;Non quantifié;https://www.rruff.net/ima-mineral-list/;MAT
MAT-00325;Matériaux et minéraux;Sulfure;Sphalérite;ZnS;Entité ou catalogue;Confirmé;ZnS;Cristal cubique;Gisements hydrothermaux;Minerai principal du zinc;Variable selon gisement, pureté et localisation;Non quantifié;https://www.rruff.net/ima-mineral-list/;MAT
MAT-00326;Matériaux et minéraux;Sulfure;Chalcopyrite;CuFeS2;Entité ou catalogue;Confirmé;CuFeS2;Cristal tétragonal;Gisements magmatiques et hydrothermaux;Minerai majeur du cuivre;Variable selon gisement, pureté et localisation;Non quantifié;https://www.rruff.net/ima-mineral-list/;MAT
MAT-00327;Matériaux et minéraux;Sulfure;Pentlandite;(Fe,Ni)9S8;Entité ou catalogue;Confirmé;(Fe,Ni)9S8;Cristal;Gisements magmatiques;Minerai majeur du nickel;Variable selon gisement, pureté et localisation;Non quantifié;https://www.rruff.net/ima-mineral-list/;MAT
MAT-00328;Matériaux et minéraux;Halogénure;Halite;NaCl;Entité ou catalogue;Confirmé;NaCl;Cristal cubique ionique;Évaporites, océans, glaces;Sel gemme;Variable selon gisement, pureté et localisation;Non quantifié;https://www.rruff.net/ima-mineral-list/;MAT
MAT-00329;Matériaux et minéraux;Halogénure;Sylvite;KCl;Entité ou catalogue;Confirmé;KCl;Cristal cubique ionique;Évaporites;Minerai de potassium;Variable selon gisement, pureté et localisation;Non quantifié;https://www.rruff.net/ima-mineral-list/;MAT
MAT-00330;Matériaux et minéraux;Halogénure;Fluorite;CaF2;Entité ou catalogue;Confirmé;CaF2;Cristal cubique;Veines hydrothermales;Fluorure minéral;Variable selon gisement, pureté et localisation;Non quantifié;https://www.rruff.net/ima-mineral-list/;MAT
MAT-00331;Matériaux et minéraux;Oxyde;Quartz;SiO2;Entité ou catalogue;Confirmé;SiO2;Réseau tétraédrique;Croûtes planétaires, poussières;Minéral très abondant;Variable selon gisement, pureté et localisation;Non quantifié;https://www.rruff.net/ima-mineral-list/;MAT
MAT-00332;Matériaux et minéraux;Oxyde;Corindon;Al2O3;Entité ou catalogue;Confirmé;Al2O3;Cristal trigonal;Roches métamorphiques et magmatiques;Rubis et saphir sont des variétés;Variable selon gisement, pureté et localisation;Non quantifié;https://www.rruff.net/ima-mineral-list/;MAT
MAT-00333;Matériaux et minéraux;Oxyde;Hématite;Fe2O3;Entité ou catalogue;Confirmé;Fe2O3;Cristal trigonal;Roches, sols, Mars;Oxyde ferrique;Variable selon gisement, pureté et localisation;Non quantifié;https://www.rruff.net/ima-mineral-list/;MAT
MAT-00334;Matériaux et minéraux;Oxyde;Magnétite;Fe3O4;Entité ou catalogue;Confirmé;Fe3O4;Spinelle inverse;Roches, organismes magnétotactiques;Ferrimagnétique;Variable selon gisement, pureté et localisation;Non quantifié;https://www.rruff.net/ima-mineral-list/;MAT
MAT-00335;Matériaux et minéraux;Oxyde;Rutile;TiO2;Entité ou catalogue;Confirmé;TiO2;Cristal tétragonal;Roches, sables lourds;Polymorphe majeur de TiO2;Variable selon gisement, pureté et localisation;Non quantifié;https://www.rruff.net/ima-mineral-list/;MAT
MAT-00336;Matériaux et minéraux;Hydroxyde;Goethite;FeO(OH);Entité ou catalogue;Confirmé;FeO(OH);Cristal orthorhombique;Sols, altération;Oxyhydroxyde de fer;Variable selon gisement, pureté et localisation;Non quantifié;https://www.rruff.net/ima-mineral-list/;MAT
MAT-00337;Matériaux et minéraux;Carbonate;Calcite;CaCO3;Entité ou catalogue;Confirmé;CaCO3;Cristal trigonal;Roches sédimentaires, organismes;Carbonate majeur;Variable selon gisement, pureté et localisation;Non quantifié;https://www.rruff.net/ima-mineral-list/;MAT
MAT-00338;Matériaux et minéraux;Carbonate;Aragonite;CaCO3;Entité ou catalogue;Confirmé;CaCO3;Cristal orthorhombique;Coquilles, hautes pressions;Polymorphe de la calcite;Variable selon gisement, pureté et localisation;Non quantifié;https://www.rruff.net/ima-mineral-list/;MAT
MAT-00339;Matériaux et minéraux;Carbonate;Dolomite;CaMg(CO3)2;Entité ou catalogue;Confirmé;CaMg(CO3)2;Cristal trigonal;Roches carbonatées;Carbonate double;Variable selon gisement, pureté et localisation;Non quantifié;https://www.rruff.net/ima-mineral-list/;MAT
MAT-00340;Matériaux et minéraux;Carbonate;Magnésite;MgCO3;Entité ou catalogue;Confirmé;MgCO3;Cristal trigonal;Roches ultramafiques, altération;Réservoir de carbone et magnésium;Variable selon gisement, pureté et localisation;Non quantifié;https://www.rruff.net/ima-mineral-list/;MAT
MAT-00341;Matériaux et minéraux;Carbonate;Sidérite;FeCO3;Entité ou catalogue;Confirmé;FeCO3;Cristal trigonal;Sédiments, veines;Carbonate de fer;Variable selon gisement, pureté et localisation;Non quantifié;https://www.rruff.net/ima-mineral-list/;MAT
MAT-00342;Matériaux et minéraux;Sulfate;Gypse;CaSO4·2H2O;Entité ou catalogue;Confirmé;CaSO4·2H2O;Cristal monoclinique;Évaporites, Mars;Sulfate hydraté;Variable selon gisement, pureté et localisation;Non quantifié;https://www.rruff.net/ima-mineral-list/;MAT
MAT-00343;Matériaux et minéraux;Sulfate;Anhydrite;CaSO4;Entité ou catalogue;Confirmé;CaSO4;Cristal orthorhombique;Évaporites, profondeur;Sulfate anhydre;Variable selon gisement, pureté et localisation;Non quantifié;https://www.rruff.net/ima-mineral-list/;MAT
MAT-00344;Matériaux et minéraux;Sulfate;Barytine;BaSO4;Entité ou catalogue;Confirmé;BaSO4;Cristal orthorhombique;Veines hydrothermales;Sulfate dense;Variable selon gisement, pureté et localisation;Non quantifié;https://www.rruff.net/ima-mineral-list/;MAT
MAT-00345;Matériaux et minéraux;Phosphate;Apatite;Ca5(PO4)3(F,Cl,OH);Entité ou catalogue;Confirmé;Ca5(PO4)3(F,Cl,OH);Cristal hexagonal;Roches, os, dents;Réservoir majeur de phosphore;Variable selon gisement, pureté et localisation;Non quantifié;https://www.rruff.net/ima-mineral-list/;MAT
MAT-00346;Matériaux et minéraux;Phosphate;Monazite;(Ce,La,Nd,Th)PO4;Entité ou catalogue;Confirmé;(Ce,La,Nd,Th)PO4;Cristal monoclinique;Granites, sables lourds;Porteur de terres rares;Variable selon gisement, pureté et localisation;Non quantifié;https://www.rruff.net/ima-mineral-list/;MAT
MAT-00347;Matériaux et minéraux;Silicate, nésosilicate;Olivine;(Mg,Fe)2SiO4;Entité ou catalogue;Confirmé;(Mg,Fe)2SiO4;Tétraèdres isolés;Manteaux planétaires, météorites;Solution forstérite-fayalite;Variable selon gisement, pureté et localisation;Non quantifié;https://www.rruff.net/ima-mineral-list/;MAT
MAT-00348;Matériaux et minéraux;Silicate, pyroxène;Enstatite;MgSiO3;Entité ou catalogue;Confirmé;MgSiO3;Chaînes simples;Manteaux, météorites;Pyroxène magnésien;Variable selon gisement, pureté et localisation;Non quantifié;https://www.rruff.net/ima-mineral-list/;MAT
MAT-00349;Matériaux et minéraux;Silicate, pyroxène;Diopside;CaMgSi2O6;Entité ou catalogue;Confirmé;CaMgSi2O6;Chaînes simples;Roches magmatiques et métamorphiques;Clinopyroxène;Variable selon gisement, pureté et localisation;Non quantifié;https://www.rruff.net/ima-mineral-list/;MAT
MAT-00350;Matériaux et minéraux;Silicate, amphibole;Trémolite;Ca2Mg5Si8O22(OH)2;Entité ou catalogue;Confirmé;Ca2Mg5Si8O22(OH)2;Chaînes doubles;Roches métamorphiques;Amphibole;Variable selon gisement, pureté et localisation;Non quantifié;https://www.rruff.net/ima-mineral-list/;MAT
MAT-00351;Matériaux et minéraux;Silicate, mica;Muscovite;KAl2(AlSi3O10)(OH)2;Entité ou catalogue;Confirmé;KAl2(AlSi3O10)(OH)2;Feuillets;Granites, métamorphites;Mica blanc;Variable selon gisement, pureté et localisation;Non quantifié;https://www.rruff.net/ima-mineral-list/;MAT
MAT-00352;Matériaux et minéraux;Silicate, mica;Biotite;K(Mg,Fe)3AlSi3O10(F,OH)2;Entité ou catalogue;Confirmé;K(Mg,Fe)3AlSi3O10(F,OH)2;Feuillets;Roches magmatiques et métamorphiques;Mica sombre;Variable selon gisement, pureté et localisation;Non quantifié;https://www.rruff.net/ima-mineral-list/;MAT
MAT-00353;Matériaux et minéraux;Silicate, feldspath;Orthose;KAlSi3O8;Entité ou catalogue;Confirmé;KAlSi3O8;Réseau tridimensionnel;Granites, roches continentales;Feldspath potassique;Variable selon gisement, pureté et localisation;Non quantifié;https://www.rruff.net/ima-mineral-list/;MAT
MAT-00354;Matériaux et minéraux;Silicate, feldspath;Albite;NaAlSi3O8;Entité ou catalogue;Confirmé;NaAlSi3O8;Réseau tridimensionnel;Roches magmatiques et métamorphiques;Pôle sodique des plagioclases;Variable selon gisement, pureté et localisation;Non quantifié;https://www.rruff.net/ima-mineral-list/;MAT
MAT-00355;Matériaux et minéraux;Silicate, feldspath;Anorthite;CaAl2Si2O8;Entité ou catalogue;Confirmé;CaAl2Si2O8;Réseau tridimensionnel;Basaltes, anorthosites;Pôle calcique des plagioclases;Variable selon gisement, pureté et localisation;Non quantifié;https://www.rruff.net/ima-mineral-list/;MAT
MAT-00356;Matériaux et minéraux;Silicate, argile;Kaolinite;Al2Si2O5(OH)4;Entité ou catalogue;Confirmé;Al2Si2O5(OH)4;Feuillets;Sols, altération;Argile 1:1;Variable selon gisement, pureté et localisation;Non quantifié;https://www.rruff.net/ima-mineral-list/;MAT
MAT-00357;Matériaux et minéraux;Silicate, argile;Montmorillonite;(Na,Ca)0.33(Al,Mg)2Si4O10(OH)2·nH2O;Entité ou catalogue;Confirmé;(Na,Ca)0.33(Al,Mg)2Si4O10(OH)2·nH2O;Feuillets gonflants;Sols, sédiments;Smectite réactive;Variable selon gisement, pureté et localisation;Non quantifié;https://www.rruff.net/ima-mineral-list/;MAT
MAT-00358;Matériaux et minéraux;Silicate, zéolite;Clinoptilolite;(Na,K,Ca)2-3Al3(Al,Si)2Si13O36·12H2O;Entité ou catalogue;Confirmé;(Na,K,Ca)2-3Al3(Al,Si)2Si13O36·12H2O;Réseau poreux;Roches volcaniques altérées;Zéolite naturelle;Variable selon gisement, pureté et localisation;Non quantifié;https://www.rruff.net/ima-mineral-list/;MAT
MAT-00359;Matériaux et minéraux;Silicate, grenat;Pyrope;Mg3Al2Si3O12;Entité ou catalogue;Confirmé;Mg3Al2Si3O12;Réseau de grenat;Manteau, métamorphites;Grenat magnésien;Variable selon gisement, pureté et localisation;Non quantifié;https://www.rruff.net/ima-mineral-list/;MAT
MAT-00360;Matériaux et minéraux;Silicate haute pression;Ringwoodite;Mg2SiO4;Entité ou catalogue;Confirmé;Mg2SiO4;Spinelle;Zone de transition du manteau, météorites;Porteur potentiel d'eau;Variable selon gisement, pureté et localisation;Non quantifié;https://www.rruff.net/ima-mineral-list/;MAT
MAT-00361;Matériaux et minéraux;Silicate haute pression;Bridgmanite;(Mg,Fe)SiO3;Entité ou catalogue;Confirmé indirectement et en laboratoire;(Mg,Fe)SiO3;Structure pérovskite;Manteau inférieur terrestre;Probablement le minéral le plus abondant de la Terre;Variable selon gisement, pureté et localisation;Non quantifié;https://www.rruff.net/ima-mineral-list/;MAT
MAT-00362;Matériaux et minéraux;Oxyde haute pression;Ferropericlase;(Mg,Fe)O;Entité ou catalogue;Confirmé;(Mg,Fe)O;Structure halite;Manteau inférieur;Phase majeure du manteau profond;Variable selon gisement, pureté et localisation;Non quantifié;https://www.rruff.net/ima-mineral-list/;MAT
MAT-00363;Matériaux et minéraux;Silicate haute pression;Post-pérovskite;MgSiO3;Entité ou catalogue;Confirmé en laboratoire, inféré dans la Terre;MgSiO3;Structure lamellaire dense;Couche D'' du manteau;Phase de très haute pression;Variable selon gisement, pureté et localisation;Non quantifié;https://www.rruff.net/ima-mineral-list/;MAT
MAT-00364;Matériaux et minéraux;Glace minérale;Glace Ih;H2O;Entité ou catalogue;Confirmé;H2O;Réseau hexagonal;Terre, lunes, comètes;Glace ordinaire;Variable selon gisement, pureté et localisation;Non quantifié;https://www.rruff.net/ima-mineral-list/;MAT
MAT-00365;Matériaux et minéraux;Glace minérale;Glace amorphe;H2O;Entité ou catalogue;Confirmé;H2O;Réseau désordonné;Nuages, comètes, laboratoires;Plusieurs densités amorphes;Variable selon gisement, pureté et localisation;Non quantifié;https://www.rruff.net/ima-mineral-list/;MAT
MAT-00366;Matériaux et minéraux;Glace planétaire;Glace de CO2;CO2;Entité ou catalogue;Confirmé;CO2;Cristal moléculaire;Mars, comètes;Glace sèche;Variable selon gisement, pureté et localisation;Non quantifié;https://www.rruff.net/ima-mineral-list/;MAT
MAT-00367;Matériaux et minéraux;Glace planétaire;Glace de méthane;CH4;Entité ou catalogue;Confirmé;CH4;Cristal moléculaire;Titan, Pluton, objets transneptuniens;Glace volatile;Variable selon gisement, pureté et localisation;Non quantifié;https://www.rruff.net/ima-mineral-list/;MAT
MAT-00368;Matériaux et minéraux;Glace planétaire;Glace d'azote;N2;Entité ou catalogue;Confirmé;N2;Cristal moléculaire;Pluton, Triton;Glace très volatile;Variable selon gisement, pureté et localisation;Non quantifié;https://www.rruff.net/ima-mineral-list/;MAT
MAT-00369;Matériaux et minéraux;Poussière cosmique;Silicates amorphes;Mg-Fe-Si-O;Entité ou catalogue;Confirmé spectroscopiquement;Mg-Fe-Si-O;Grains amorphes;Milieu interstellaire, disques;Poussières dominantes;Variable selon gisement, pureté et localisation;Non quantifié;https://www.rruff.net/ima-mineral-list/;MAT
MAT-00370;Matériaux et minéraux;Poussière cosmique;Grains carbonés;C et H variables;Entité ou catalogue;Confirmé ou inféré;C et H variables;Graphitique, amorphe, PAH;Milieu interstellaire, enveloppes stellaires;Réservoir de carbone solide;Variable selon gisement, pureté et localisation;Non quantifié;https://www.rruff.net/ima-mineral-list/;MAT
MAT-00371;Matériaux et minéraux;Météoritique;Chondrules;silicates et métal;Entité ou catalogue;Confirmé;silicates et métal;Gouttelettes fondues solidifiées;Chondrites;Archives du disque protoplanétaire;Variable selon gisement, pureté et localisation;Non quantifié;https://www.rruff.net/ima-mineral-list/;MAT
MAT-00372;Matériaux et minéraux;Météoritique;Inclusions riches en calcium et aluminium;oxydes et silicates réfractaires;Entité ou catalogue;Confirmé;oxydes et silicates réfractaires;Agrégats réfractaires;Chondrites carbonées;Parmi les premiers solides du Système solaire;Variable selon gisement, pureté et localisation;Non quantifié;https://www.rruff.net/ima-mineral-list/;MAT
MAT-00373;Matériaux et minéraux;Météoritique;Matrice chondritique;silicates fins, organiques, sulfures;Entité ou catalogue;Confirmé;silicates fins, organiques, sulfures;Agrégat fin;Chondrites;Mélange primordial;Variable selon gisement, pureté et localisation;Non quantifié;https://www.rruff.net/ima-mineral-list/;MAT
MAT-00374;Matériaux et minéraux;Matière organique complexe;Tholins;polymères organiques azotés;Entité ou catalogue;Confirmé comme analogue et inféré planétairement;polymères organiques azotés;Solide amorphe;Titan, Pluton, laboratoires;Produit photochimique;Variable selon gisement, pureté et localisation;Non quantifié;https://www.rruff.net/ima-mineral-list/;MAT
MAT-00375;Matériaux et minéraux;Métal et alliage;Fer-nickel météoritique;Fe-Ni;Entité ou catalogue;Confirmé;Fe-Ni;Phases kamacite et taénite;Météorites, noyaux planétaires;Alliage cosmique;Variable selon gisement, pureté et localisation;Non quantifié;https://www.rruff.net/ima-mineral-list/;MAT
MAT-00376;Matériaux et minéraux;Métal et alliage;Acier;Fe-C et alliants;Entité ou catalogue;Confirmé;Fe-C et alliants;Cristaux et phases multiples;Technosphère;Famille d'alliages;Variable selon gisement, pureté et localisation;Non quantifié;https://www.rruff.net/ima-mineral-list/;MAT
MAT-00377;Matériaux et minéraux;Métal et alliage;Bronze;Cu-Sn;Entité ou catalogue;Confirmé;Cu-Sn;Solution et phases intermétalliques;Technosphère;Alliage historique;Variable selon gisement, pureté et localisation;Non quantifié;https://www.rruff.net/ima-mineral-list/;MAT
MAT-00378;Matériaux et minéraux;Métal et alliage;Laiton;Cu-Zn;Entité ou catalogue;Confirmé;Cu-Zn;Solution solide;Technosphère;Alliage cuivre-zinc;Variable selon gisement, pureté et localisation;Non quantifié;https://www.rruff.net/ima-mineral-list/;MAT
MAT-00379;Matériaux et minéraux;Métal et alliage;Superalliage base nickel;Ni, Cr, Co, Al, Ti et autres;Entité ou catalogue;Confirmé;Ni, Cr, Co, Al, Ti et autres;Matrice et précipités;Turbines, technosphère;Résistance à haute température;Variable selon gisement, pureté et localisation;Non quantifié;https://www.rruff.net/ima-mineral-list/;MAT
MAT-00380;Matériaux et minéraux;Céramique;Verre silicaté;SiO2 et modificateurs;Entité ou catalogue;Confirmé;SiO2 et modificateurs;Solide amorphe;Technosphère, volcanisme;Famille de verres;Variable selon gisement, pureté et localisation;Non quantifié;https://www.rruff.net/ima-mineral-list/;MAT
MAT-00381;Matériaux et minéraux;Céramique;Porcelaine;silicates, mullite, verre;Entité ou catalogue;Confirmé;silicates, mullite, verre;Composite céramique;Technosphère;Céramique cuite;Variable selon gisement, pureté et localisation;Non quantifié;https://www.rruff.net/ima-mineral-list/;MAT
MAT-00382;Matériaux et minéraux;Céramique;Carbure de silicium;SiC;Entité ou catalogue;Confirmé;SiC;Réseau covalent;Poussières stellaires, abrasifs, électronique;Matériau réfractaire;Variable selon gisement, pureté et localisation;Non quantifié;https://www.rruff.net/ima-mineral-list/;MAT
MAT-00383;Matériaux et minéraux;Céramique;Nitrure de silicium;Si3N4;Entité ou catalogue;Confirmé;Si3N4;Réseau covalent;Technosphère;Céramique technique;Variable selon gisement, pureté et localisation;Non quantifié;https://www.rruff.net/ima-mineral-list/;MAT
MAT-00384;Matériaux et minéraux;Semi-conducteur;Silicium cristallin;Si;Entité ou catalogue;Confirmé;Si;Diamant cubique;Croûte, électronique, photovoltaïque;Semi-conducteur majeur;Variable selon gisement, pureté et localisation;Non quantifié;https://www.rruff.net/ima-mineral-list/;MAT
MAT-00385;Matériaux et minéraux;Semi-conducteur;Arséniure de gallium;GaAs;Entité ou catalogue;Confirmé;GaAs;Zincblende;Technosphère;Optoélectronique;Variable selon gisement, pureté et localisation;Non quantifié;https://www.rruff.net/ima-mineral-list/;MAT
MAT-00386;Matériaux et minéraux;Semi-conducteur;Nitrure de gallium;GaN;Entité ou catalogue;Confirmé;GaN;Wurtzite ou zincblende;Technosphère;Électronique de puissance et LED;Variable selon gisement, pureté et localisation;Non quantifié;https://www.rruff.net/ima-mineral-list/;MAT
MAT-00387;Matériaux et minéraux;Composite;Béton;ciment, granulats, eau, pores;Entité ou catalogue;Confirmé;ciment, granulats, eau, pores;Composite minéral;Technosphère;Matériau de construction;Variable selon gisement, pureté et localisation;Non quantifié;https://www.rruff.net/ima-mineral-list/;MAT
MAT-00388;Matériaux et minéraux;Composite;Béton armé;béton et acier;Entité ou catalogue;Confirmé;béton et acier;Composite hiérarchique;Technosphère;Compression et traction combinées;Variable selon gisement, pureté et localisation;Non quantifié;https://www.rruff.net/ima-mineral-list/;MAT
MAT-00389;Matériaux et minéraux;Composite;Composite carbone-époxy;fibres de carbone et matrice polymère;Entité ou catalogue;Confirmé;fibres de carbone et matrice polymère;Composite anisotrope;Aéronautique, sport;Fort rapport résistance-masse;Variable selon gisement, pureté et localisation;Non quantifié;https://www.rruff.net/ima-mineral-list/;MAT
MAT-00390;Matériaux et minéraux;Biomatériau;Bois;cellulose, hémicellulose, lignine, eau;Entité ou catalogue;Confirmé;cellulose, hémicellulose, lignine, eau;Composite cellulaire;Plantes, technosphère;Architecture hiérarchique;Variable selon gisement, pureté et localisation;Non quantifié;https://www.rruff.net/ima-mineral-list/;MAT
MAT-00391;Matériaux et minéraux;Biomatériau;Os;collagène et hydroxyapatite;Entité ou catalogue;Confirmé;collagène et hydroxyapatite;Composite hiérarchique;Vertébrés;Structure vivante minéralisée;Variable selon gisement, pureté et localisation;Non quantifié;https://www.rruff.net/ima-mineral-list/;MAT
MAT-00392;Matériaux et minéraux;Biomatériau;Coquille;carbonate de calcium et matrice organique;Entité ou catalogue;Confirmé;carbonate de calcium et matrice organique;Composite stratifié;Mollusques, organismes;Biominéralisation;Variable selon gisement, pureté et localisation;Non quantifié;https://www.rruff.net/ima-mineral-list/;MAT
MAT-00393;Matériaux et minéraux;Catalogue dynamique;Espèces minérales IMA;divers;Entité ou catalogue;Registre officiel ouvert;divers;Structures cristallines reconnues;Terre, météorites, laboratoires;Plusieurs milliers d'espèces, nouvelles approbations régulières;Variable selon gisement, pureté et localisation;Non quantifié;https://www.rruff.net/ima-mineral-list/;MAT
MAT-00394;Réservoirs astronomiques;Échelle cosmologique;Vide intergalactique;;Réservoir;Confirmé;Gaz extrêmement raréfié, photons, neutrinos, matière noire;Très faible densité;Univers entre les structures;Matière ordinaire très diffuse;Dépend de la distance et des interfaces;Non quantifié;https://science.nasa.gov/universe/overview/building-blocks/;RES
MAT-00395;Réservoirs astronomiques;Échelle cosmologique;Filaments du réseau cosmique;;Réservoir;Confirmé;Gaz chaud et tiède, galaxies, matière noire;Densité supérieure aux vides;Réseau cosmique;Réservoir majeur de matière diffuse;Dépend de la distance et des interfaces;Non quantifié;https://science.nasa.gov/universe/overview/building-blocks/;RES
MAT-00396;Réservoirs astronomiques;Échelle cosmologique;Milieu intergalactique chaud-tiède;;Réservoir;Confirmé;Plasma ionisé;10^5 à 10^7 K typiquement;Filaments et périphéries d'amas;Partie des baryons difficiles à détecter;Dépend de la distance et des interfaces;Non quantifié;https://science.nasa.gov/universe/overview/building-blocks/;RES
MAT-00397;Réservoirs astronomiques;Amas de galaxies;Milieu intra-amas;;Réservoir;Confirmé;Plasma chaud, métaux, matière noire dominante gravitationnellement;Millions de kelvins;Amas de galaxies;Émet en rayons X;Dépend de la distance et des interfaces;Non quantifié;https://science.nasa.gov/universe/overview/building-blocks/;RES
MAT-00398;Réservoirs astronomiques;Galaxie;Halo de matière noire;;Réservoir;Inféré gravitationnellement;Nature microscopique inconnue;Distribution étendue;Autour des galaxies et amas;Non inventoriable par composition;Dépend de la distance et des interfaces;Non quantifié;https://science.nasa.gov/universe/overview/building-blocks/;RES
MAT-00399;Réservoirs astronomiques;Galaxie;Milieu circumgalactique;;Réservoir;Confirmé;Gaz ionisé, neutre, métaux, poussières;Large gamme de températures;Halos galactiques;Interface entre galaxie et milieu intergalactique;Dépend de la distance et des interfaces;Non quantifié;https://science.nasa.gov/universe/overview/building-blocks/;RES
MAT-00400;Réservoirs astronomiques;Galaxie;Milieu interstellaire ionisé chaud;;Réservoir;Confirmé;Plasma chaud;Environ 10^6 K;Bulles, superbulles;Chauffé par supernovas;Dépend de la distance et des interfaces;Non quantifié;https://science.nasa.gov/universe/overview/building-blocks/;RES
MAT-00401;Réservoirs astronomiques;Galaxie;Milieu ionisé chaud;;Réservoir;Confirmé;Hydrogène ionisé, électrons;Environ 10^4 K;Régions H II;Autour des étoiles chaudes;Dépend de la distance et des interfaces;Non quantifié;https://science.nasa.gov/universe/overview/building-blocks/;RES
MAT-00402;Réservoirs astronomiques;Galaxie;Milieu neutre chaud;;Réservoir;Confirmé;Hydrogène atomique;Environ 10^4 K;Disques galactiques;Phase diffuse;Dépend de la distance et des interfaces;Non quantifié;https://science.nasa.gov/universe/overview/building-blocks/;RES
MAT-00403;Réservoirs astronomiques;Galaxie;Milieu neutre froid;;Réservoir;Confirmé;Hydrogène atomique et molécules simples;Dizaines à centaines de kelvins;Nuages diffus;Précurseur des nuages moléculaires;Dépend de la distance et des interfaces;Non quantifié;https://science.nasa.gov/universe/overview/building-blocks/;RES
MAT-00404;Réservoirs astronomiques;Galaxie;Nuage moléculaire;;Réservoir;Confirmé;H2, CO, poussières, molécules complexes;Environ 10 à 100 K;Bras galactiques, zones de formation stellaire;Réservoir de formation des étoiles;Dépend de la distance et des interfaces;Non quantifié;https://science.nasa.gov/universe/overview/building-blocks/;RES
MAT-00405;Réservoirs astronomiques;Galaxie;Cœur moléculaire dense;;Réservoir;Confirmé;Gaz moléculaire dense, glaces sur grains;Basse température et forte densité;Nuages moléculaires;Formation protostellaire;Dépend de la distance et des interfaces;Non quantifié;https://science.nasa.gov/universe/overview/building-blocks/;RES
MAT-00406;Réservoirs astronomiques;Galaxie;Poussière interstellaire;;Réservoir;Confirmé;Silicates, carbone, glaces, métaux;Grains solides;Milieu interstellaire;Catalyse chimique et extinction;Dépend de la distance et des interfaces;Non quantifié;https://science.nasa.gov/universe/overview/building-blocks/;RES
MAT-00407;Réservoirs astronomiques;Étoile;Cœur stellaire;;Réservoir;Confirmé par modèles et observations;Plasma, noyaux en fusion, photons, neutrinos;Très haute température et pression;Étoiles actives;Site de nucléosynthèse;Dépend de la distance et des interfaces;Non quantifié;https://science.nasa.gov/universe/overview/building-blocks/;RES
MAT-00408;Réservoirs astronomiques;Étoile;Zone radiative;;Réservoir;Inféré et modélisé;Plasma transportant l'énergie par rayonnement;Haute température;Intérieur stellaire;Transport radiatif;Dépend de la distance et des interfaces;Non quantifié;https://science.nasa.gov/universe/overview/building-blocks/;RES
MAT-00409;Réservoirs astronomiques;Étoile;Zone convective;;Réservoir;Inféré et observé indirectement;Plasma en mouvement collectif;Gradient instable;Intérieur et enveloppe stellaire;Mélange de matière;Dépend de la distance et des interfaces;Non quantifié;https://science.nasa.gov/universe/overview/building-blocks/;RES
MAT-00410;Réservoirs astronomiques;Étoile;Photosphère;;Réservoir;Confirmé;Plasma partiellement ionisé et atomes;Température de surface stellaire;Surface visible des étoiles;Source des spectres stellaires;Dépend de la distance et des interfaces;Non quantifié;https://science.nasa.gov/universe/overview/building-blocks/;RES
MAT-00411;Réservoirs astronomiques;Étoile;Chromosphère et couronne;;Réservoir;Confirmé;Plasma magnétisé;Températures élevées;Atmosphères stellaires;Vents et éruptions;Dépend de la distance et des interfaces;Non quantifié;https://science.nasa.gov/universe/overview/building-blocks/;RES
MAT-00412;Réservoirs astronomiques;Résidu stellaire;Naine blanche;;Réservoir;Confirmé;Matière dégénérée électronique, noyaux de C, O, Ne ou autres;Très haute densité;Résidus stellaires;Refroidissement lent;Dépend de la distance et des interfaces;Non quantifié;https://science.nasa.gov/universe/overview/building-blocks/;RES
MAT-00413;Réservoirs astronomiques;Résidu stellaire;Étoile à neutrons, croûte;;Réservoir;Inféré;Noyaux riches en neutrons, électrons, neutrons libres;Densité extrême;Étoiles à neutrons;Cristal nucléaire et pâtes nucléaires possibles;Dépend de la distance et des interfaces;Non quantifié;https://science.nasa.gov/universe/overview/building-blocks/;RES
MAT-00414;Réservoirs astronomiques;Résidu stellaire;Étoile à neutrons, cœur;;Réservoir;Inféré;Neutrons, protons, leptons, phases possibles;Densité supra-nucléaire;Étoiles à neutrons;Composition exacte inconnue;Dépend de la distance et des interfaces;Non quantifié;https://science.nasa.gov/universe/overview/building-blocks/;RES
MAT-00415;Réservoirs astronomiques;Objet compact;Disque d'accrétion;;Réservoir;Confirmé;Plasma, gaz, poussières selon régime;Température et densité variables;Autour d'étoiles, naines blanches, trous noirs;Transport de masse et moment angulaire;Dépend de la distance et des interfaces;Non quantifié;https://science.nasa.gov/universe/overview/building-blocks/;RES
MAT-00416;Réservoirs astronomiques;Objet compact;Jet relativiste;;Réservoir;Confirmé;Plasma de leptons et baryons, champs magnétiques;Vitesses relativistes;Noyaux actifs, microquasars;Composition parfois incertaine;Dépend de la distance et des interfaces;Non quantifié;https://science.nasa.gov/universe/overview/building-blocks/;RES
MAT-00417;Réservoirs astronomiques;Système planétaire;Disque protoplanétaire;;Réservoir;Confirmé;Gaz, poussières, glaces, molécules;Gradient radial de température;Autour de jeunes étoiles;Formation de planètes;Dépend de la distance et des interfaces;Non quantifié;https://science.nasa.gov/universe/overview/building-blocks/;RES
MAT-00418;Réservoirs astronomiques;Système planétaire;Planétésimaux;;Réservoir;Inféré et observé indirectement;Roches, métaux, glaces, organiques;Solides agrégés;Disques jeunes;Briques de formation planétaire;Dépend de la distance et des interfaces;Non quantifié;https://science.nasa.gov/universe/overview/building-blocks/;RES
MAT-00419;Réservoirs astronomiques;Petit corps;Astéroïde rocheux;;Réservoir;Confirmé;Silicates, métaux, sulfures;Solide poreux ou compact;Systèmes planétaires;Archives de formation;Dépend de la distance et des interfaces;Non quantifié;https://science.nasa.gov/universe/overview/building-blocks/;RES
MAT-00420;Réservoirs astronomiques;Petit corps;Astéroïde métallique;;Réservoir;Confirmé;Fer-nickel, sulfures;Solide métallique;Systèmes planétaires;Fragments de noyaux différenciés possibles;Dépend de la distance et des interfaces;Non quantifié;https://science.nasa.gov/universe/overview/building-blocks/;RES
MAT-00421;Réservoirs astronomiques;Petit corps;Comète;;Réservoir;Confirmé;Glaces, poussières, organiques, sels;Noyau poreux;Systèmes planétaires;Réservoir volatil;Dépend de la distance et des interfaces;Non quantifié;https://science.nasa.gov/universe/overview/building-blocks/;RES
MAT-00422;Réservoirs astronomiques;Petit corps;Objet transneptunien;;Réservoir;Confirmé;Glaces de N2, CH4, H2O, roches, organiques;Solides froids;Régions externes des systèmes;Réservoir primordial;Dépend de la distance et des interfaces;Non quantifié;https://science.nasa.gov/universe/overview/building-blocks/;RES
MAT-00423;Réservoirs astronomiques;Planète;Atmosphère tellurique;;Réservoir;Confirmé;Gaz, aérosols, nuages;Enveloppe fluide;Planètes rocheuses;Composition très variable;Dépend de la distance et des interfaces;Non quantifié;https://science.nasa.gov/universe/overview/building-blocks/;RES
MAT-00424;Réservoirs astronomiques;Planète;Hydrosphère;;Réservoir;Confirmé sur Terre, recherché ailleurs;Eau liquide et solutés;Océans, lacs, nappes;Planètes ou lunes;Réservoir mobile;Dépend de la distance et des interfaces;Non quantifié;https://science.nasa.gov/universe/overview/building-blocks/;RES
MAT-00425;Réservoirs astronomiques;Planète;Cryosphère;;Réservoir;Confirmé;Glaces d'eau et autres volatils;Calottes, glaciers, sous-sols;Planètes et lunes;Mémoire climatique;Dépend de la distance et des interfaces;Non quantifié;https://science.nasa.gov/universe/overview/building-blocks/;RES
MAT-00426;Réservoirs astronomiques;Planète;Croûte silicatée;;Réservoir;Confirmé sur Terre et inféré ailleurs;Silicates, oxydes, métaux, fluides;Solide fracturé;Planètes rocheuses;Interface réactive;Dépend de la distance et des interfaces;Non quantifié;https://science.nasa.gov/universe/overview/building-blocks/;RES
MAT-00427;Réservoirs astronomiques;Planète;Manteau silicaté;;Réservoir;Confirmé indirectement;Olivines, pyroxènes, phases haute pression;Solide convectif;Planètes rocheuses;Réservoir majeur de masse;Dépend de la distance et des interfaces;Non quantifié;https://science.nasa.gov/universe/overview/building-blocks/;RES
MAT-00428;Réservoirs astronomiques;Planète;Noyau métallique;;Réservoir;Inféré et contraint;Fer, nickel, éléments légers;Liquide et solide selon profondeur;Planètes différenciées;Source possible de champ magnétique;Dépend de la distance et des interfaces;Non quantifié;https://science.nasa.gov/universe/overview/building-blocks/;RES
MAT-00429;Réservoirs astronomiques;Planète géante;Enveloppe hydrogène-hélium;;Réservoir;Inféré et modélisé;H2, He, hydrogène métallique en profondeur;Fluide comprimé;Géantes gazeuses;Masse dominante;Dépend de la distance et des interfaces;Non quantifié;https://science.nasa.gov/universe/overview/building-blocks/;RES
MAT-00430;Réservoirs astronomiques;Planète géante;Manteau riche en glaces;;Réservoir;Inféré;H2O, NH3, CH4 sous formes ioniques ou superioniques;Fluide dense;Géantes glacées;Composition et stratification ouvertes;Dépend de la distance et des interfaces;Non quantifié;https://science.nasa.gov/universe/overview/building-blocks/;RES
MAT-00431;Réservoirs astronomiques;Lune glacée;Coque de glace;;Réservoir;Confirmé ou inféré;Glace H2O, sels, clathrates;Solide stratifié;Europe, Ganymède, Encelade et autres;Barrière et réservoir;Dépend de la distance et des interfaces;Non quantifié;https://science.nasa.gov/universe/overview/building-blocks/;RES
MAT-00432;Réservoirs astronomiques;Lune glacée;Océan sous-glaciaire;;Réservoir;Fortement inféré pour plusieurs objets;Eau, sels, gaz dissous, organiques possibles;Liquide sous pression;Lunes glacées;Réservoir potentiellement habitable;Dépend de la distance et des interfaces;Non quantifié;https://science.nasa.gov/universe/overview/building-blocks/;RES
MAT-00433;Réservoirs astronomiques;Terre;Sol;;Réservoir;Confirmé;Minéraux, matière organique, eau, air, organismes;Milieu poreux organisé;Continents;Interface biogéochimique;Dépend de la distance et des interfaces;Non quantifié;https://science.nasa.gov/universe/overview/building-blocks/;RES
MAT-00434;Réservoirs astronomiques;Terre;Sédiments;;Réservoir;Confirmé;Particules minérales, organiques, fluides;Couches déposées;Fonds marins, bassins;Archive historique;Dépend de la distance et des interfaces;Non quantifié;https://science.nasa.gov/universe/overview/building-blocks/;RES
MAT-00435;Réservoirs astronomiques;Terre;Biosphère;;Réservoir;Confirmé;Organismes, biomasse, eau, minéraux biologiques;Organisation vivante;Surface et sous-sol;Matière opératrice de sa continuité;Dépend de la distance et des interfaces;Non quantifié;https://science.nasa.gov/universe/overview/building-blocks/;RES
MAT-00436;Réservoirs astronomiques;Terre;Nécromasse et détritus;;Réservoir;Confirmé;Matière organique morte, minéraux;Agrégats en décomposition;Sols, océans, sédiments;Réservoir et flux nutritif;Dépend de la distance et des interfaces;Non quantifié;https://science.nasa.gov/universe/overview/building-blocks/;RES
MAT-00437;Réservoirs astronomiques;Technosphère;Bâtiments et infrastructures;;Réservoir;Confirmé;Béton, acier, verre, polymères, composites;Architectures artificielles;Zones humaines;Stock de matière transformée;Dépend de la distance et des interfaces;Non quantifié;https://science.nasa.gov/universe/overview/building-blocks/;RES
MAT-00438;Réservoirs astronomiques;Technosphère;Machines et électronique;;Réservoir;Confirmé;Métaux, semi-conducteurs, céramiques, polymères;Assemblages fonctionnels;Zones humaines et satellites;Matière fortement organisée;Dépend de la distance et des interfaces;Non quantifié;https://science.nasa.gov/universe/overview/building-blocks/;RES
MAT-00439;Réservoirs astronomiques;Technosphère;Déchets et stocks dispersés;;Réservoir;Confirmé;Métaux, plastiques, organiques, radionucléides;Mélanges variables;Décharges, océans, sols, orbites;Accessibilité et mobilisation variables;Dépend de la distance et des interfaces;Non quantifié;https://science.nasa.gov/universe/overview/building-blocks/;RES
MAT-00440;Matière biologique;Système prébiotique;Vésicule lipidique;;Architecture;Confirmé expérimentalement;Lipides amphiphiles, eau, solutés;Compartiment auto-assemblé;Laboratoire, milieux prébiotiques possibles;Frontière sans métabolisme autonome;Variable selon environnement et interaction;Non quantifié;https://pubchem.ncbi.nlm.nih.gov/docs/compounds;BIO
MAT-00441;Matière biologique;Entité acellulaire;Prion;;Architecture;Confirmé;Protéine repliée transmissible;Conformation autocatalytique;Organismes;Propagation par conversion de conformation;Variable selon environnement et interaction;Non quantifié;https://pubchem.ncbi.nlm.nih.gov/docs/compounds;BIO
MAT-00442;Matière biologique;Entité acellulaire;Virus à ARN;;Architecture;Confirmé;ARN, protéines, parfois lipides;Capside ou enveloppe;Cellules hôtes, milieux biologiques;Dépendance obligatoire à l'hôte;Variable selon environnement et interaction;Non quantifié;https://pubchem.ncbi.nlm.nih.gov/docs/compounds;BIO
MAT-00443;Matière biologique;Entité acellulaire;Virus à ADN;;Architecture;Confirmé;ADN, protéines, parfois lipides;Capside ou enveloppe;Cellules hôtes, milieux biologiques;Dépendance obligatoire à l'hôte;Variable selon environnement et interaction;Non quantifié;https://pubchem.ncbi.nlm.nih.gov/docs/compounds;BIO
MAT-00444;Matière biologique;Entité acellulaire;Viroïde;;Architecture;Confirmé;Petit ARN circulaire;ARN nu ou associé;Plantes;Réplication dépendante de l'hôte;Variable selon environnement et interaction;Non quantifié;https://pubchem.ncbi.nlm.nih.gov/docs/compounds;BIO
MAT-00445;Matière biologique;Cellule;Archée;;Architecture;Confirmé;Membrane éther, protéines, ADN, ARN, métabolites;Cellule procaryote;Milieux variés, parfois extrêmes;Domaine du vivant;Variable selon environnement et interaction;Non quantifié;https://pubchem.ncbi.nlm.nih.gov/docs/compounds;BIO
MAT-00446;Matière biologique;Cellule;Bactérie;;Architecture;Confirmé;Membrane, peptidoglycane variable, protéines, ADN, ARN;Cellule procaryote;Tous milieux terrestres;Domaine du vivant;Variable selon environnement et interaction;Non quantifié;https://pubchem.ncbi.nlm.nih.gov/docs/compounds;BIO
MAT-00447;Matière biologique;Cellule;Protiste;;Architecture;Confirmé;Biomolécules, organites, membranes;Cellule eucaryote;Eaux, sols, hôtes;Grande diversité fonctionnelle;Variable selon environnement et interaction;Non quantifié;https://pubchem.ncbi.nlm.nih.gov/docs/compounds;BIO
MAT-00448;Matière biologique;Cellule;Cellule fongique;;Architecture;Confirmé;Chitine, glucanes, protéines, organites;Cellule eucaryote à paroi;Sols, organismes, milieux aquatiques;Décomposition et symbioses;Variable selon environnement et interaction;Non quantifié;https://pubchem.ncbi.nlm.nih.gov/docs/compounds;BIO
MAT-00449;Matière biologique;Cellule;Cellule végétale;;Architecture;Confirmé;Cellulose, membranes, chloroplastes, vacuole;Cellule eucaryote à paroi;Plantes et algues;Photosynthèse pour de nombreux groupes;Variable selon environnement et interaction;Non quantifié;https://pubchem.ncbi.nlm.nih.gov/docs/compounds;BIO
MAT-00450;Matière biologique;Cellule;Cellule animale;;Architecture;Confirmé;Membranes, protéines, organites, matrice associée;Cellule eucaryote sans paroi rigide;Animaux;Spécialisation tissulaire;Variable selon environnement et interaction;Non quantifié;https://pubchem.ncbi.nlm.nih.gov/docs/compounds;BIO
MAT-00451;Matière biologique;Structure cellulaire;Membrane plasmique;;Architecture;Confirmé;Phospholipides, protéines, stérols, glucides;Bicouche dynamique;Cellules;Frontière sélective;Variable selon environnement et interaction;Non quantifié;https://pubchem.ncbi.nlm.nih.gov/docs/compounds;BIO
MAT-00452;Matière biologique;Structure cellulaire;Cytosol;;Architecture;Confirmé;Eau, ions, protéines, métabolites, ARN;Solution macromoléculaire encombrée;Cellules;Milieu réactionnel;Variable selon environnement et interaction;Non quantifié;https://pubchem.ncbi.nlm.nih.gov/docs/compounds;BIO
MAT-00453;Matière biologique;Structure cellulaire;Noyau eucaryote;;Architecture;Confirmé;ADN, histones, ARN, protéines, membrane;Compartiment chromatinien;Cellules eucaryotes;Gestion de l'information génétique;Variable selon environnement et interaction;Non quantifié;https://pubchem.ncbi.nlm.nih.gov/docs/compounds;BIO
MAT-00454;Matière biologique;Structure cellulaire;Mitochondrie;;Architecture;Confirmé;Membranes, protéines, ADN, métabolites;Organite à double membrane;Cellules eucaryotes;Conversion énergétique;Variable selon environnement et interaction;Non quantifié;https://pubchem.ncbi.nlm.nih.gov/docs/compounds;BIO
MAT-00455;Matière biologique;Structure cellulaire;Chloroplaste;;Architecture;Confirmé;Membranes, pigments, protéines, ADN;Organite photosynthétique;Plantes et algues;Capture et conversion de lumière;Variable selon environnement et interaction;Non quantifié;https://pubchem.ncbi.nlm.nih.gov/docs/compounds;BIO
MAT-00456;Matière biologique;Structure cellulaire;Ribosome;;Architecture;Confirmé;ARN ribosomiques et protéines;Complexe ribonucléoprotéique;Toutes cellules;Synthèse des protéines;Variable selon environnement et interaction;Non quantifié;https://pubchem.ncbi.nlm.nih.gov/docs/compounds;BIO
MAT-00457;Matière biologique;Structure cellulaire;Cytosquelette;;Architecture;Confirmé;Actine, tubuline, filaments intermédiaires et moteurs;Réseau dynamique;Cellules eucaryotes et analogues procaryotes;Forme, transport, division;Variable selon environnement et interaction;Non quantifié;https://pubchem.ncbi.nlm.nih.gov/docs/compounds;BIO
MAT-00458;Matière biologique;Organisation multicellulaire;Biofilm;;Architecture;Confirmé;Cellules, matrice polymérique, eau, minéraux;Communauté adhérente;Surfaces naturelles et artificielles;Architecture collective;Variable selon environnement et interaction;Non quantifié;https://pubchem.ncbi.nlm.nih.gov/docs/compounds;BIO
MAT-00459;Matière biologique;Organisation multicellulaire;Colonie microbienne;;Architecture;Confirmé;Cellules apparentées ou coopérantes;Agrégat organisé;Milieux biologiques;Coordination locale;Variable selon environnement et interaction;Non quantifié;https://pubchem.ncbi.nlm.nih.gov/docs/compounds;BIO
MAT-00460;Matière biologique;Tissu végétal;Xylème;;Architecture;Confirmé;Cellules lignifiées, eau, ions;Réseau vasculaire;Plantes;Transport d'eau et soutien;Variable selon environnement et interaction;Non quantifié;https://pubchem.ncbi.nlm.nih.gov/docs/compounds;BIO
MAT-00461;Matière biologique;Tissu végétal;Phloème;;Architecture;Confirmé;Cellules vivantes, sucres, eau, ions;Réseau vasculaire;Plantes;Transport de matière organique;Variable selon environnement et interaction;Non quantifié;https://pubchem.ncbi.nlm.nih.gov/docs/compounds;BIO
MAT-00462;Matière biologique;Tissu animal;Épithélium;;Architecture;Confirmé;Cellules, jonctions, lame basale;Feuillet polarisé;Animaux;Frontière et échange;Variable selon environnement et interaction;Non quantifié;https://pubchem.ncbi.nlm.nih.gov/docs/compounds;BIO
MAT-00463;Matière biologique;Tissu animal;Muscle;;Architecture;Confirmé;Fibres, actine, myosine, mitochondries;Architecture contractile;Animaux;Conversion chimio-mécanique;Variable selon environnement et interaction;Non quantifié;https://pubchem.ncbi.nlm.nih.gov/docs/compounds;BIO
MAT-00464;Matière biologique;Tissu animal;Tissu nerveux;;Architecture;Confirmé;Neurones, glie, lipides, protéines, ions;Réseau excitable;Animaux;Transmission et intégration;Variable selon environnement et interaction;Non quantifié;https://pubchem.ncbi.nlm.nih.gov/docs/compounds;BIO
MAT-00465;Matière biologique;Tissu animal;Sang;;Architecture;Confirmé;Plasma, cellules, protéines, ions;Suspension fluide;Vertébrés et analogues;Transport systémique;Variable selon environnement et interaction;Non quantifié;https://pubchem.ncbi.nlm.nih.gov/docs/compounds;BIO
MAT-00466;Matière biologique;Tissu minéralisé;Os;;Architecture;Confirmé;Collagène, hydroxyapatite, cellules, eau;Composite vivant hiérarchique;Vertébrés;Soutien, réserve, remodelage;Variable selon environnement et interaction;Non quantifié;https://pubchem.ncbi.nlm.nih.gov/docs/compounds;BIO
MAT-00467;Matière biologique;Tissu minéralisé;Dent;;Architecture;Confirmé;Hydroxyapatite, protéines, cellules selon région;Composite stratifié;Vertébrés;Fonction mécanique;Variable selon environnement et interaction;Non quantifié;https://pubchem.ncbi.nlm.nih.gov/docs/compounds;BIO
MAT-00468;Matière biologique;Organe;Feuille;;Architecture;Confirmé;Tissus végétaux, eau, pigments, gaz;Architecture photosynthétique;Plantes;Capture de lumière et échanges;Variable selon environnement et interaction;Non quantifié;https://pubchem.ncbi.nlm.nih.gov/docs/compounds;BIO
MAT-00469;Matière biologique;Organe;Racine;;Architecture;Confirmé;Tissus, eau, minéraux, microbiote;Architecture ramifiée;Plantes et sols;Ancrage et acquisition;Variable selon environnement et interaction;Non quantifié;https://pubchem.ncbi.nlm.nih.gov/docs/compounds;BIO
MAT-00470;Matière biologique;Organe;Cœur;;Architecture;Confirmé;Muscle, tissu conjonctif, nerfs, vaisseaux;Pompe vivante;Animaux;Circulation;Variable selon environnement et interaction;Non quantifié;https://pubchem.ncbi.nlm.nih.gov/docs/compounds;BIO
MAT-00471;Matière biologique;Organe;Poumon;;Architecture;Confirmé;Épithélium, matrice, sang, air;Interface ramifiée;Animaux;Échange gazeux;Variable selon environnement et interaction;Non quantifié;https://pubchem.ncbi.nlm.nih.gov/docs/compounds;BIO
MAT-00472;Matière biologique;Organisme;Organisme unicellulaire;;Architecture;Confirmé;Une cellule autonome dans son milieu;Unité vivante;Tous milieux terrestres;Métabolisme, reproduction, évolution;Variable selon environnement et interaction;Non quantifié;https://pubchem.ncbi.nlm.nih.gov/docs/compounds;BIO
MAT-00473;Matière biologique;Organisme;Organisme multicellulaire;;Architecture;Confirmé;Cellules différenciées, tissus, organes;Architecture intégrée;Tous milieux terrestres;Coordination à plusieurs échelles;Variable selon environnement et interaction;Non quantifié;https://pubchem.ncbi.nlm.nih.gov/docs/compounds;BIO
MAT-00474;Matière biologique;Superorganisme;Colonie eusociale;;Architecture;Confirmé comme niveau fonctionnel;Organismes, structures, ressources, signaux;Organisation collective;Insectes sociaux et autres;Persistance distribuée;Variable selon environnement et interaction;Non quantifié;https://pubchem.ncbi.nlm.nih.gov/docs/compounds;BIO
MAT-00475;Matière biologique;Système écologique;Microbiome;;Architecture;Confirmé;Communautés microbiennes, métabolites, hôte ou milieu;Réseau d'interactions;Organismes, sols, océans;Fonctions émergentes;Variable selon environnement et interaction;Non quantifié;https://pubchem.ncbi.nlm.nih.gov/docs/compounds;BIO
MAT-00476;Matière biologique;Système écologique;Écosystème;;Architecture;Confirmé;Organismes, eau, air, minéraux, matière morte, flux;Réseau biotique et abiotique;Biosphère;Transformations couplées de matière et d'énergie;Variable selon environnement et interaction;Non quantifié;https://pubchem.ncbi.nlm.nih.gov/docs/compounds;BIO
MAT-00477;Matière biologique;Système planétaire vivant;Biosphère terrestre;;Architecture;Confirmé;Ensemble du vivant et milieux couplés;Architecture planétaire historique;Terre;Influence majeure sur cycles géochimiques;Variable selon environnement et interaction;Non quantifié;https://pubchem.ncbi.nlm.nih.gov/docs/compounds;BIO
MAT-00478;Matière biologique;Matière biologique morte;Nécromasse;;Architecture;Confirmé;Cellules mortes, polymères, minéraux;Matière en décomposition;Sols, eaux, sédiments;Réservoir de carbone et nutriments;Variable selon environnement et interaction;Non quantifié;https://pubchem.ncbi.nlm.nih.gov/docs/compounds;BIO
MAT-00479;Matière biologique;Matière biologique transformée;Humus;;Architecture;Confirmé;Composés organiques complexes, minéraux, eau;Assemblage organo-minéral;Sols;Stabilisation et échanges;Variable selon environnement et interaction;Non quantifié;https://pubchem.ncbi.nlm.nih.gov/docs/compounds;BIO
MAT-00480;Matière biologique;Matière biologique fossilisée;Kérogène;;Architecture;Confirmé;Macromolécules organiques géologiques;Solide amorphe complexe;Roches sédimentaires;Précurseur de combustibles fossiles;Variable selon environnement et interaction;Non quantifié;https://pubchem.ncbi.nlm.nih.gov/docs/compounds;BIO
MAT-00481;Matière biologique;Matière biologique fossilisée;Charbon;;Architecture;Confirmé;Carbone, organiques, minéraux, eau;Solide stratifié;Bassins sédimentaires;Produit de transformation de biomasse;Variable selon environnement et interaction;Non quantifié;https://pubchem.ncbi.nlm.nih.gov/docs/compounds;BIO
MAT-00482;Matière biologique;Matière biologique fossilisée;Pétrole;;Architecture;Confirmé;Hydrocarbures et hétérocomposés;Liquide complexe;Bassins sédimentaires;Produit de maturation organique;Variable selon environnement et interaction;Non quantifié;https://pubchem.ncbi.nlm.nih.gov/docs/compounds;BIO
MAT-00483;Inconnus et hypothèses;Composante cosmologique;Matière noire;;Composante ou candidat;Inférée avec forte confiance;Nature microscopique inconnue;Effets gravitationnels à l'échelle des galaxies, amas et cosmologie;Cosmologie, objets compacts ou laboratoire;Environ 27 % du contenu masse-énergie dans le modèle cosmologique standard. Ne pas confondre avec matière baryonique sombre;Non déterminé;Non déterminé;https://science.nasa.gov/universe/overview/building-blocks/;UNK
MAT-00484;Inconnus et hypothèses;Candidat matière noire;Axion;;Composante ou candidat;Non détecté;Particule légère hypothétique;Couplages très faibles, motivation par le problème CP fort;Cosmologie, objets compacts ou laboratoire;Candidat non baryonique. Recherches en laboratoire et astrophysique;Non déterminé;Non déterminé;https://science.nasa.gov/universe/overview/building-blocks/;UNK
MAT-00485;Inconnus et hypothèses;Candidat matière noire;Particule de type WIMP;;Composante ou candidat;Non détectée;Particule massive à interaction faible;Production thermique possible;Cosmologie, objets compacts ou laboratoire;Famille de candidats. Contraintes expérimentales croissantes;Non déterminé;Non déterminé;https://science.nasa.gov/universe/overview/building-blocks/;UNK
MAT-00486;Inconnus et hypothèses;Candidat matière noire;Neutrino stérile;;Composante ou candidat;Non détecté comme matière noire;Fermion neutre hors Modèle standard minimal;Mélange possible avec neutrinos actifs;Cosmologie, objets compacts ou laboratoire;Candidat chaud ou tiède selon masse. Contraint par cosmologie et rayons X;Non déterminé;Non déterminé;https://science.nasa.gov/universe/overview/building-blocks/;UNK
MAT-00487;Inconnus et hypothèses;Candidat matière noire;Matière noire ultralégère;;Composante ou candidat;Non détectée;Champ bosonique de très faible masse;Comportement ondulatoire à grande échelle;Cosmologie, objets compacts ou laboratoire;Inclut modèles dits fuzzy. Contraintes structurelles et astrophysiques;Non déterminé;Non déterminé;https://science.nasa.gov/universe/overview/building-blocks/;UNK
MAT-00488;Inconnus et hypothèses;Candidat matière noire;Matière noire asymétrique;;Composante ou candidat;Hypothétique;Secteur sombre avec asymétrie matière-antimatière;Densité reliée potentiellement à la matière baryonique;Cosmologie, objets compacts ou laboratoire;Famille de modèles. Composition ouverte;Non déterminé;Non déterminé;https://science.nasa.gov/universe/overview/building-blocks/;UNK
MAT-00489;Inconnus et hypothèses;Candidat matière noire;Trou noir primordial;;Composante ou candidat;Non confirmé comme population dominante;Trou noir formé dans l'Univers primordial;Objet compact baryonique au sens large, origine non stellaire;Cosmologie, objets compacts ou laboratoire;Fenêtres de masse encore étudiées. Contraintes par lentillage et dynamique;Non déterminé;Non déterminé;https://science.nasa.gov/universe/overview/building-blocks/;UNK
MAT-00490;Inconnus et hypothèses;Candidat matière noire;MACHO stellaire;;Composante ou candidat;Population réelle mais contribution limitée;Naines faibles, trous noirs stellaires, objets compacts;Matière baryonique sombre;Cosmologie, objets compacts ou laboratoire;Ne peut expliquer seule toute la matière noire. Contraintes par microlentillage et nucléosynthèse;Non déterminé;Non déterminé;https://science.nasa.gov/universe/overview/building-blocks/;UNK
MAT-00491;Inconnus et hypothèses;Secteur sombre;Photon sombre;;Composante ou candidat;Non détecté;Boson hypothétique médiateur;Mélange cinétique possible avec photon;Cosmologie, objets compacts ou laboratoire;Pas nécessairement matière noire elle-même. Peut relier secteur sombre et matière ordinaire;Non déterminé;Non déterminé;https://science.nasa.gov/universe/overview/building-blocks/;UNK
MAT-00492;Inconnus et hypothèses;Secteur sombre;Matière noire auto-interagissante;;Composante ou candidat;Hypothétique;Particules sombres avec interactions internes;Peut modifier les cœurs de halos;Cosmologie, objets compacts ou laboratoire;Famille de modèles. Contraintes par amas et galaxies;Non déterminé;Non déterminé;https://science.nasa.gov/universe/overview/building-blocks/;UNK
MAT-00493;Inconnus et hypothèses;Matière compacte inconnue;Phase du cœur des étoiles à neutrons;;Composante ou candidat;Non résolue;Hyperons, condensats, quarks ou phases mixtes possibles;Densité supra-nucléaire;Cosmologie, objets compacts ou laboratoire;Inférée par équation d'état et observations. Plusieurs architectures restent compatibles;Non déterminé;Non déterminé;https://science.nasa.gov/universe/overview/building-blocks/;UNK
MAT-00494;Inconnus et hypothèses;Matière exotique hypothétique;Strangelet;;Composante ou candidat;Non détecté;Petit fragment de matière étrange;Quarks u, d, s;Cosmologie, objets compacts ou laboratoire;Hypothétique. Recherches dans rayons cosmiques et collisions;Non déterminé;Non déterminé;https://science.nasa.gov/universe/overview/building-blocks/;UNK
MAT-00495;Inconnus et hypothèses;Matière exotique hypothétique;Monopôle magnétique;;Composante ou candidat;Non détecté;Objet portant une charge magnétique isolée;Prédit par plusieurs théories;Cosmologie, objets compacts ou laboratoire;Hypothétique. Ne fait pas partie du Modèle standard confirmé;Non déterminé;Non déterminé;https://science.nasa.gov/universe/overview/building-blocks/;UNK
MAT-00496;Inconnus et hypothèses;Matière exotique hypothétique;Q-ball;;Composante ou candidat;Non détecté;Soliton non topologique de champs scalaires;Charge conservée collective;Cosmologie, objets compacts ou laboratoire;Hypothétique. Candidat possible dans certains modèles;Non déterminé;Non déterminé;https://science.nasa.gov/universe/overview/building-blocks/;UNK
MAT-00497;Inconnus et hypothèses;Composante non matérielle;Énergie noire;;Composante ou candidat;Inférée cosmologiquement;Origine de l'accélération cosmique;Pression effective négative dans les modèles;Cosmologie, objets compacts ou laboratoire;Environ 68 % du contenu masse-énergie standard. Hors inventaire de matière au sens strict;Non déterminé;Non déterminé;https://science.nasa.gov/universe/overview/building-blocks/;UNK
MAT-00498;Inconnus et hypothèses;Composante cosmologique;Matière baryonique ordinaire;;Composante ou candidat;Confirmée;Atomes, ions, plasmas, étoiles, gaz, poussières, organismes;Constituants du Modèle standard;Cosmologie, objets compacts ou laboratoire;Environ 5 % du contenu masse-énergie standard. Partie directement inventoriable par composition;Non déterminé;Non déterminé;https://science.nasa.gov/universe/overview/building-blocks/;UNK
MAT-00499;Transformations;Échelle particulaire;Création de paire;;Processus;Confirmé;Photon ou champ énergétique vers particule et antiparticule;Énergie suffisante et conservation des nombres quantiques;Particules et antiparticules;Inverse de l'annihilation;Dépend des conditions et des flux;Processus lui-même;https://pubchem.ncbi.nlm.nih.gov/docs/compounds;TRF
MAT-00500;Transformations;Échelle particulaire;Annihilation matière-antimatière;;Processus;Confirmé;Particule et antiparticule vers photons ou autres particules;Rencontre et canaux autorisés;Rayonnement et particules secondaires;Conversion de masse au repos;Dépend des conditions et des flux;Processus lui-même;https://pubchem.ncbi.nlm.nih.gov/docs/compounds;TRF
MAT-00501;Transformations;Échelle particulaire;Désintégration faible;;Processus;Confirmé;Particule instable vers états plus légers;Interaction faible;Leptons, hadrons, neutrinos;Change parfois la saveur;Dépend des conditions et des flux;Processus lui-même;https://pubchem.ncbi.nlm.nih.gov/docs/compounds;TRF
MAT-00502;Transformations;Échelle particulaire;Interaction forte;;Processus;Confirmé;Quarks et gluons réorganisés;Énergies hadroniques;Hadrons et jets;Confinement et hadronisation;Dépend des conditions et des flux;Processus lui-même;https://pubchem.ncbi.nlm.nih.gov/docs/compounds;TRF
MAT-00503;Transformations;Échelle particulaire;Hadronisation;;Processus;Confirmé;Quarks et gluons vers hadrons;Refroidissement ou éloignement;Mésons et baryons;Transition non perturbative;Dépend des conditions et des flux;Processus lui-même;https://pubchem.ncbi.nlm.nih.gov/docs/compounds;TRF
MAT-00504;Transformations;Échelle particulaire;Diffusion électromagnétique;;Processus;Confirmé;Particules chargées et photons échangent énergie et impulsion;Champ électromagnétique;Trajectoires et états modifiés;Inclut diffusion Compton;Dépend des conditions et des flux;Processus lui-même;https://pubchem.ncbi.nlm.nih.gov/docs/compounds;TRF
MAT-00505;Transformations;Échelle nucléaire;Fusion nucléaire;;Processus;Confirmé;Noyaux légers vers noyaux plus lourds;Température, densité ou confinement suffisants;Noyaux, énergie, neutrinos;Nucléosynthèse stellaire et laboratoire;Dépend des conditions et des flux;Processus lui-même;https://www-nds.iaea.org/amdc/ame2020/nubase_4.mas20.txt;TRF
MAT-00506;Transformations;Échelle nucléaire;Fission nucléaire;;Processus;Confirmé;Noyau lourd vers fragments;Excitation ou instabilité;Fragments, neutrons, énergie;Spontanée ou induite;Dépend des conditions et des flux;Processus lui-même;https://www-nds.iaea.org/amdc/ame2020/nubase_4.mas20.txt;TRF
MAT-00507;Transformations;Échelle nucléaire;Capture neutronique;;Processus;Confirmé;Noyau plus neutron vers isotope plus lourd;Flux de neutrons;Nucléide excité puis stabilisé;Processus s et r;Dépend des conditions et des flux;Processus lui-même;https://www-nds.iaea.org/amdc/ame2020/nubase_4.mas20.txt;TRF
MAT-00508;Transformations;Échelle nucléaire;Capture protonique;;Processus;Confirmé;Noyau plus proton;Énergie suffisante;Noyau plus lourd;Nucléosynthèse explosive ou stellaire;Dépend des conditions et des flux;Processus lui-même;https://www-nds.iaea.org/amdc/ame2020/nubase_4.mas20.txt;TRF
MAT-00509;Transformations;Échelle nucléaire;Capture alpha;;Processus;Confirmé;Noyau plus hélium 4;Énergie suffisante;Noyau plus lourd;Nucléosynthèse;Dépend des conditions et des flux;Processus lui-même;https://www-nds.iaea.org/amdc/ame2020/nubase_4.mas20.txt;TRF
MAT-00510;Transformations;Échelle nucléaire;Désintégration alpha;;Processus;Confirmé;Noyau lourd vers noyau fils et hélium 4;Instabilité nucléaire;Élément transformé;Réduit Z de 2 et A de 4;Dépend des conditions et des flux;Processus lui-même;https://www-nds.iaea.org/amdc/ame2020/nubase_4.mas20.txt;TRF
MAT-00511;Transformations;Échelle nucléaire;Désintégration bêta moins;;Processus;Confirmé;Neutron vers proton, électron et antineutrino;Instabilité neutronique;Isobare avec Z augmenté;Interaction faible;Dépend des conditions et des flux;Processus lui-même;https://www-nds.iaea.org/amdc/ame2020/nubase_4.mas20.txt;TRF
MAT-00512;Transformations;Échelle nucléaire;Désintégration bêta plus;;Processus;Confirmé;Proton vers neutron, positron et neutrino;Énergie disponible;Isobare avec Z diminué;Interaction faible;Dépend des conditions et des flux;Processus lui-même;https://www-nds.iaea.org/amdc/ame2020/nubase_4.mas20.txt;TRF
MAT-00513;Transformations;Échelle nucléaire;Capture électronique;;Processus;Confirmé;Noyau capture un électron;Énergie et état électronique adaptés;Neutrino et noyau fils;Change proton en neutron;Dépend des conditions et des flux;Processus lui-même;https://www-nds.iaea.org/amdc/ame2020/nubase_4.mas20.txt;TRF
MAT-00514;Transformations;Échelle nucléaire;Transition isomérique;;Processus;Confirmé;État nucléaire excité vers état inférieur;Émission gamma ou conversion interne;Même nuclide à énergie moindre;Conserve A et Z;Dépend des conditions et des flux;Processus lui-même;https://www-nds.iaea.org/amdc/ame2020/nubase_4.mas20.txt;TRF
MAT-00515;Transformations;Échelle atomique;Ionisation;;Processus;Confirmé;Atome ou molécule perd un ou plusieurs électrons;Rayonnement, collision, champ;Ion positif et électrons;Modifie réactivité et spectre;Dépend des conditions et des flux;Processus lui-même;https://pubchem.ncbi.nlm.nih.gov/docs/compounds;TRF
MAT-00516;Transformations;Échelle atomique;Attachement électronique;;Processus;Confirmé;Atome ou molécule gagne un électron;Affinité électronique et collision;Ion négatif;Fréquent dans plasmas et chimie;Dépend des conditions et des flux;Processus lui-même;https://pubchem.ncbi.nlm.nih.gov/docs/compounds;TRF
MAT-00517;Transformations;Échelle atomique;Recombinaison;;Processus;Confirmé;Ion positif et électron se lient;Refroidissement et collision;Atome ou ion moins chargé;Émet souvent un photon;Dépend des conditions et des flux;Processus lui-même;https://pubchem.ncbi.nlm.nih.gov/docs/compounds;TRF
MAT-00518;Transformations;Échelle atomique;Excitation électronique;;Processus;Confirmé;Électron passe à un niveau supérieur;Absorption ou collision;État excité;Retour radiatif ou non radiatif;Dépend des conditions et des flux;Processus lui-même;https://pubchem.ncbi.nlm.nih.gov/docs/compounds;TRF
MAT-00519;Transformations;Échelle chimique;Formation de liaison covalente;;Processus;Confirmé;Atomes partagent des électrons;Chemin réactionnel accessible;Molécule ou réseau;Dépend de la géométrie et de l'énergie;Dépend des conditions et des flux;Processus lui-même;https://pubchem.ncbi.nlm.nih.gov/docs/compounds;TRF
MAT-00520;Transformations;Échelle chimique;Formation de liaison ionique;;Processus;Confirmé;Transfert de charge et attraction électrostatique;Potentiels chimiques adaptés;Sel, cristal, complexe;Souvent en solides ou solutions;Dépend des conditions et des flux;Processus lui-même;https://pubchem.ncbi.nlm.nih.gov/docs/compounds;TRF
MAT-00521;Transformations;Échelle chimique;Oxydoréduction;;Processus;Confirmé;Transfert d'électrons;Donneur et accepteur couplés;États d'oxydation modifiés;Central en géologie et biologie;Dépend des conditions et des flux;Processus lui-même;https://pubchem.ncbi.nlm.nih.gov/docs/compounds;TRF
MAT-00522;Transformations;Échelle chimique;Acide-base;;Processus;Confirmé;Transfert de proton ou paire électronique;Milieu et pH adaptés;Espèces protonées ou déprotonées;Régule spéciation;Dépend des conditions et des flux;Processus lui-même;https://pubchem.ncbi.nlm.nih.gov/docs/compounds;TRF
MAT-00523;Transformations;Échelle chimique;Polymérisation;;Processus;Confirmé;Monomères vers chaîne ou réseau;Catalyse, énergie, concentrations;Polymère;Peut être réversible ou irréversible;Dépend des conditions et des flux;Processus lui-même;https://pubchem.ncbi.nlm.nih.gov/docs/compounds;TRF
MAT-00524;Transformations;Échelle chimique;Hydrolyse;;Processus;Confirmé;Liaison rompue par l'eau;Eau et catalyse éventuelle;Fragments hydroxylés ou protonés;Biologie et altération;Dépend des conditions et des flux;Processus lui-même;https://pubchem.ncbi.nlm.nih.gov/docs/compounds;TRF
MAT-00525;Transformations;Échelle chimique;Photolyse;;Processus;Confirmé;Molécule transformée par photon;Longueur d'onde absorbée;Radicaux, ions, produits;Atmosphères et astroglaces;Dépend des conditions et des flux;Processus lui-même;https://pubchem.ncbi.nlm.nih.gov/docs/compounds;TRF
MAT-00526;Transformations;Échelle chimique;Catalyse de surface;;Processus;Confirmé;Réactions accélérées sur interface;Surface active;Produits chimiques;Grains interstellaires, minéraux, enzymes;Dépend des conditions et des flux;Processus lui-même;https://pubchem.ncbi.nlm.nih.gov/docs/compounds;TRF
MAT-00527;Transformations;Échelle de phase;Fusion;;Processus;Confirmé;Solide vers liquide;Dépassement de la courbe de fusion;Liquide;Peut être partielle;Dépend des conditions et des flux;Processus lui-même;https://pubchem.ncbi.nlm.nih.gov/docs/compounds;TRF
MAT-00528;Transformations;Échelle de phase;Cristallisation;;Processus;Confirmé;Liquide, gaz ou amorphe vers cristal;Sursaturation ou refroidissement;Solide ordonné;Dépend de la nucléation;Dépend des conditions et des flux;Processus lui-même;https://pubchem.ncbi.nlm.nih.gov/docs/compounds;TRF
MAT-00529;Transformations;Échelle de phase;Vaporisation;;Processus;Confirmé;Liquide vers gaz;Apport d'énergie ou baisse de pression;Gaz;Ébullition ou évaporation;Dépend des conditions et des flux;Processus lui-même;https://pubchem.ncbi.nlm.nih.gov/docs/compounds;TRF
MAT-00530;Transformations;Échelle de phase;Condensation;;Processus;Confirmé;Gaz vers liquide ou solide;Refroidissement ou compression;Gouttelettes ou grains;Formation de nuages et poussières;Dépend des conditions et des flux;Processus lui-même;https://pubchem.ncbi.nlm.nih.gov/docs/compounds;TRF
MAT-00531;Transformations;Échelle de phase;Sublimation;;Processus;Confirmé;Solide vers gaz;Pression et température adaptées;Gaz;Comètes et glaces;Dépend des conditions et des flux;Processus lui-même;https://pubchem.ncbi.nlm.nih.gov/docs/compounds;TRF
MAT-00532;Transformations;Échelle de phase;Dépôt;;Processus;Confirmé;Gaz vers solide;Sursaturation;Cristal ou solide amorphe;Givre et grains;Dépend des conditions et des flux;Processus lui-même;https://pubchem.ncbi.nlm.nih.gov/docs/compounds;TRF
MAT-00533;Transformations;Échelle de phase;Transition vitreuse;;Processus;Confirmé;Liquide surfondu vers verre;Refroidissement plus rapide que relaxation;Solide amorphe;Histoire dépendante;Dépend des conditions et des flux;Processus lui-même;https://pubchem.ncbi.nlm.nih.gov/docs/compounds;TRF
MAT-00534;Transformations;Échelle géologique;Altération chimique;;Processus;Confirmé;Roches plus eau, gaz et organismes;Surface ou circulation de fluides;Argiles, ions, sols;Rend des éléments accessibles;Dépend des conditions et des flux;Processus lui-même;https://pubchem.ncbi.nlm.nih.gov/docs/compounds;TRF
MAT-00535;Transformations;Échelle géologique;Métamorphisme;;Processus;Confirmé;Roche transformée sans fusion complète;Pression, température, fluides;Nouveaux minéraux et textures;Mémoire de trajectoire;Dépend des conditions et des flux;Processus lui-même;https://pubchem.ncbi.nlm.nih.gov/docs/compounds;TRF
MAT-00536;Transformations;Échelle géologique;Fusion partielle;;Processus;Confirmé;Fraction d'une roche fond;Température, volatils, pression;Magma et résidu;Trie les éléments;Dépend des conditions et des flux;Processus lui-même;https://pubchem.ncbi.nlm.nih.gov/docs/compounds;TRF
MAT-00537;Transformations;Échelle géologique;Différenciation planétaire;;Processus;Confirmé par inférence et échantillons;Séparation par densité et affinités chimiques;Fusion, gravité, convection;Noyau, manteau, croûte;Crée des réservoirs;Dépend des conditions et des flux;Processus lui-même;https://pubchem.ncbi.nlm.nih.gov/docs/compounds;TRF
MAT-00538;Transformations;Échelle biologique;Assimilation;;Processus;Confirmé;Matière externe intégrée dans la biomasse;Transport et métabolisme;Molécules et structures biologiques;Transforme accessible en opératoire;Dépend des conditions et des flux;Processus lui-même;https://pubchem.ncbi.nlm.nih.gov/docs/compounds;TRF
MAT-00539;Transformations;Échelle biologique;Respiration cellulaire;;Processus;Confirmé;Substrats réduits et oxydants vers ATP, CO2, eau ou autres produits;Chaînes redox et membranes;Énergie utilisable et déchets;Conversion couplée;Dépend des conditions et des flux;Processus lui-même;https://pubchem.ncbi.nlm.nih.gov/docs/compounds;TRF
MAT-00540;Transformations;Échelle biologique;Photosynthèse;;Processus;Confirmé;Lumière, donneur d'électrons et carbone vers matière organique;Pigments, membranes, enzymes;Biomasse et oxydants réduits ou O2;Stocke une fraction de l'énergie lumineuse;Dépend des conditions et des flux;Processus lui-même;https://pubchem.ncbi.nlm.nih.gov/docs/compounds;TRF
MAT-00541;Transformations;Échelle biologique;Décomposition;;Processus;Confirmé;Matière biologique complexe vers molécules simples et minéraux;Décomposeurs et conditions adaptées;Nutriments, gaz, humus;Remobilise la matière;Dépend des conditions et des flux;Processus lui-même;https://pubchem.ncbi.nlm.nih.gov/docs/compounds;TRF
MAT-00542;Transformations;Échelle biologique;Biominéralisation;;Processus;Confirmé;Organisme contrôle la précipitation minérale;Matrice organique et ions;Os, coquilles, magnétite et autres;Architecture organo-minérale;Dépend des conditions et des flux;Processus lui-même;https://pubchem.ncbi.nlm.nih.gov/docs/compounds;TRF
MAT-00543;Transformations;Échelle astrophysique;Accrétion;;Processus;Confirmé;Matière tombe et s'organise autour d'un potentiel gravitationnel;Dissipation de moment angulaire;Disque, étoile, planète, objet compact;Convertit énergie gravitationnelle;Dépend des conditions et des flux;Processus lui-même;https://pubchem.ncbi.nlm.nih.gov/docs/compounds;TRF
MAT-00544;Transformations;Échelle astrophysique;Éjection et vent;;Processus;Confirmé;Matière expulsée d'un objet;Pression, rayonnement, magnétisme ou explosion;Milieu enrichi;Redistribue éléments et poussières;Dépend des conditions et des flux;Processus lui-même;https://pubchem.ncbi.nlm.nih.gov/docs/compounds;TRF
MAT-00545;Transformations;Échelle astrophysique;Explosion de supernova;;Processus;Confirmé;Étoile ou naine blanche libère matière et énergie;Effondrement ou emballement thermonucléaire;Éjecta, noyaux, poussières;Nucléosynthèse et dispersion;Dépend des conditions et des flux;Processus lui-même;https://pubchem.ncbi.nlm.nih.gov/docs/compounds;TRF
MAT-00546;Transformations;Échelle astrophysique;Formation de poussières;;Processus;Confirmé;Gaz refroidi vers grains solides;Sursaturation et nucléation;Silicates, carbone, oxydes;Enveloppes stellaires et supernovas;Dépend des conditions et des flux;Processus lui-même;https://pubchem.ncbi.nlm.nih.gov/docs/compounds;TRF
MAT-00547;Transformations;Échelle ORI-C;Accessibilisation;;Processus;Concept opératoire;Réservoir isolé devient atteignable par un flux ou une interface;Ouverture de voie, gradient ou transport;Matière accessible;Ne garantit pas la mobilisation;Dépend des conditions et des flux;Processus lui-même;https://pubchem.ncbi.nlm.nih.gov/docs/compounds;TRF
MAT-00548;Transformations;Échelle ORI-C;Mobilisation;;Processus;Concept opératoire;Matière accessible est déplacée, dissoute, transportée ou transformée;Énergie, mécanisme et cinétique suffisants;Flux effectif de matière;Doit être quantifiée;Dépend des conditions et des flux;Processus lui-même;https://pubchem.ncbi.nlm.nih.gov/docs/compounds;TRF
MAT-00549;Transformations;Échelle ORI-C;Incorporation opératoire;;Processus;Concept opératoire;Matière mobilisée entre dans une architecture qui contribue à sa persistance;Compatibilité structurelle et régulation;Composant fonctionnel;Distingue présence et fonction;Dépend des conditions et des flux;Processus lui-même;https://pubchem.ncbi.nlm.nih.gov/docs/compounds;TRF
MAT-00550;Transformations;Échelle ORI-C;Séquestration;;Processus;Concept opératoire;Matière devient moins accessible ou isolée;Enfouissement, précipitation, compartimentation;Réservoir protégé;Réduit la fraction mobilisable;Dépend des conditions et des flux;Processus lui-même;https://pubchem.ncbi.nlm.nih.gov/docs/compounds;TRF
